joint_number,joint_length,wall_thickness,dist_upstream_weld,dist_downstream_weld,log_distance,event_type,orientation,depth_percent,depth_inches,od_reduction_pct,od_reduction_in,length,width,clock_position,comments,Anomalies per Joint,Tool Velocity [ft/s],elevation,Seam Position (TFI),Tool   (TFI),Seam Anomaly  (TFI),mop,smys,Seam Type,pdesign,B31G Psafe [PSI],B31G Pburst [PSI],safe_pressure_psi,burst_pressure_psi,Effective Area Psafe [PSI],Effective Area Pburst [PSI],erf,rpr,inspection_year,feature_id,is_anomaly,distance_ft_original,distance_ft_aligned,event_type_normalized,is_reference,clock_decimal,original_index,corrected_distance
2640.0,,0.344,-28.19,12.46,9452.13,Metal Loss,External,16.0,0.055,,,2.09,1.89,9:26,,,0.7,15.59,,MFL-A/XT,,1160.0,65000.0,,1342.0,1448.26,2010.88,,,,,,,2015,Metal Loss_9452.1,True,9452.13,9452.13,METAL_LOSS,False,9.433333333333334,299,9442.497682086614
2640.0,,0.344,-28.91,11.74,9452.84,Metal Loss,External,13.0,0.045,,,1.1,1.58,1:38,,,0.7,15.77,,MFL-A/XT,,1160.0,65000.0,,1342.0,1468.63,2039.16,,,,,,,2015,Metal Loss_9452.8,True,9452.84,9452.84,METAL_LOSS,False,1.6333333333333333,300,9443.197549212598
2640.0,,0.344,-29.11,11.54,9453.04,Metal Loss,External,13.0,0.045,,,1.34,1.73,2:58,,,0.7,15.82,,MFL-A/XT,,1160.0,65000.0,,1342.0,1465.59,2034.94,,,,,,,2015,Metal Loss_9453.0,True,9453.04,9453.04,METAL_LOSS,False,2.966666666666667,301,9443.39469488189
2640.0,,0.344,-34.26,6.39,9458.19,Metal Loss,External,17.0,0.058,,,1.22,1.81,8:07,,,0.7,16.95,,MFL-A/XT,,1160.0,65000.0,,1342.0,1463.94,2032.64,,,,,,,2015,Metal Loss_9458.2,True,9458.19,9458.19,METAL_LOSS,False,8.116666666666667,302,9448.471195866143
2640.0,,0.344,-34.84,5.8,9458.78,Metal Loss,External,30.0,0.103,,,0.63,1.34,8:05,,,0.7,17.07,,MFL-A/XT,,1160.0,65000.0,,1342.0,1469.21,2039.96,1540.59,2139.08,1541.47,2140.29,0.75,1.84,2015,Metal Loss_9458.8,True,9458.78,9458.78,METAL_LOSS,False,8.083333333333334,303,9449.052775590551
2640.0,,0.344,-35.57,5.08,9459.51,Metal Loss,External,23.0,0.079,,,0.94,1.69,7:54,,,0.7,17.21,,MFL-A/XT,,1160.0,65000.0,,1342.0,1465.35,2034.6,1536.39,2133.24,1537.3,2134.51,0.76,1.84,2015,Metal Loss_9459.5,True,9459.51,9459.51,METAL_LOSS,False,7.9,304,9449.772357283466
2640.0,,0.344,-35.94,4.71,9459.88,Metal Loss,External,35.0,0.12,,,0.94,1.42,5:14,,,0.7,17.28,,MFL-A/XT,,1160.0,65000.0,,1342.0,1458.05,2024.47,1527.5,2120.9,1530.17,2124.6,0.76,1.83,2015,Metal Loss_9459.9,True,9459.88,9459.88,METAL_LOSS,False,5.233333333333333,305,9450.137076771653
2640.0,,0.344,-36.07,4.57,9460.01,Metal Loss,External,39.0,0.134,,,1.42,1.81,6:02,,,0.7,17.3,,MFL-A/XT,,1160.0,65000.0,,1342.0,1433.42,1990.26,1497.73,2079.56,1504.65,2089.16,0.77,1.79,2015,Metal Loss_9460.0,True,9460.01,9460.01,METAL_LOSS,False,6.033333333333333,306,9450.265221456693
2830.0,,0.344,-39.34,1.05,10119.99,Cluster,External,20.0,0.069,,,0.96,4.86,6:21,,,0.7,180.49,,,,1160.0,65000.0,,1342.0,1467.03,2036.93,1538.35,2135.95,1538.61,2136.33,0.75,1.84,2015,Cluster_10120.0,True,10119.99,10119.99,CLUSTER,False,6.35,332,10109.433899480067
2960.0,,0.344,-28.61,11.59,10584.75,Metal Loss,External,13.0,0.045,,,0.79,1.18,7:08,,,0.7,153.42,,MFL-A/XT,,1160.0,65000.0,,1342.0,1472.14,2044.03,,,,,,,2015,Metal Loss_10584.8,True,10584.75,10584.75,METAL_LOSS,False,7.133333333333334,351,10572.894744961433
2960.0,,0.344,-30.43,9.77,10586.57,Cluster,External,33.0,0.114,,,1.8,3.5,4:20,,,0.7,153.41,,,,1160.0,65000.0,,1342.0,1424.42,1977.77,1487.55,2065.43,1490.25,2069.18,0.78,1.78,2015,Cluster_10586.6,True,10586.57,10586.57,CLUSTER,False,4.333333333333333,352,10574.706140831053
2960.0,,0.344,-30.84,9.36,10586.97,Metal Loss,External,12.0,0.041,,,1.3,2.09,4:26,,,0.7,153.41,,MFL-A/XT,,1160.0,65000.0,,1342.0,,,,,,,,,2015,Metal Loss_10587.0,True,10586.97,10586.97,METAL_LOSS,False,4.433333333333334,353,10575.104249813387
2960.0,,0.344,-31.02,9.18,10587.15,Metal Loss,External,12.0,0.041,,,0.59,1.42,6:02,,,0.7,153.41,,MFL-A/XT,,1160.0,65000.0,,1342.0,,,,,,,,,2015,Metal Loss_10587.1,True,10587.15,10587.15,METAL_LOSS,False,6.033333333333333,354,10575.283398855436
2960.0,,0.344,-31.2,8.99,10587.34,Metal Loss,External,20.0,0.069,,,0.47,1.26,4:23,,,0.7,153.41,,MFL-A/XT,,1160.0,65000.0,,1342.0,1473.71,2046.21,1545.78,2146.28,1545.92,2146.48,0.75,1.85,2015,Metal Loss_10587.3,True,10587.34,10587.34,METAL_LOSS,False,4.383333333333334,355,10575.472500622045
2960.0,,0.344,-31.42,8.78,10587.56,Metal Loss,External,13.0,0.045,,,0.55,0.98,4:35,,,0.7,153.41,,MFL-A/XT,,1160.0,65000.0,,1342.0,1474.18,2046.86,,,,,,,2015,Metal Loss_10587.6,True,10587.56,10587.56,METAL_LOSS,False,4.583333333333333,356,10575.691460562328
2960.0,,0.344,-31.61,8.59,10587.75,Metal Loss,External,10.0,0.034,,,1.18,1.1,4:17,,,0.7,153.41,,MFL-A/XT,,1160.0,65000.0,,1342.0,,,,,,,,,2015,Metal Loss_10587.8,True,10587.75,10587.75,METAL_LOSS,False,4.283333333333333,357,10575.880562328937
2960.0,,0.344,-31.78,8.41,10587.92,Metal Loss,External,13.0,0.045,,,0.43,1.22,4:21,,,0.7,153.41,,MFL-A/XT,,1160.0,65000.0,,1342.0,1474.95,2047.93,,,,,,,2015,Metal Loss_10587.9,True,10587.92,10587.92,METAL_LOSS,False,4.35,358,10576.04975864643
2960.0,,0.344,-32.06,8.13,10588.2,Metal Loss,External,13.0,0.045,,,0.94,1.69,4:06,,,0.7,153.41,,MFL-A/XT,,1160.0,65000.0,,1342.0,1470.49,2041.74,,,,,,,2015,Metal Loss_10588.2,True,10588.2,10588.2,METAL_LOSS,False,4.1,360,10576.328434934065
2960.0,,0.344,-32.33,7.87,10588.47,Cluster,External,45.0,0.155,,,1.85,2.37,4:14,,,0.7,153.4,,,,1160.0,65000.0,,1342.0,1396.33,1938.77,1450.57,2014.08,1450.79,2014.39,0.8,1.74,2015,Cluster_10588.5,True,10588.47,10588.47,CLUSTER,False,4.233333333333333,361,10576.597158497138
2960.0,,0.344,-32.61,7.58,10588.75,Metal Loss,External,16.0,0.055,,,0.51,1.97,4:25,,,0.7,153.4,,MFL-A/XT,,1160.0,65000.0,,1342.0,1474.07,2046.71,,,,,,,2015,Metal Loss_10588.8,True,10588.75,10588.75,METAL_LOSS,False,4.416666666666667,362,10576.875834784772
2960.0,,0.344,-32.76,7.44,10588.9,Metal Loss,External,19.0,0.065,,,0.47,0.91,4:30,,,0.7,153.4,,MFL-A/XT,,1160.0,65000.0,,1342.0,1473.97,2046.57,,,,,,,2015,Metal Loss_10588.9,True,10588.9,10588.9,METAL_LOSS,False,4.5,363,10577.025125653148
2960.0,,0.344,-32.89,7.3,10589.03,Metal Loss,External,20.0,0.069,,,1.18,2.4,4:37,,,0.7,153.4,,MFL-A/XT,,1160.0,65000.0,,1342.0,1462.49,2030.63,1533.22,2128.84,1534.02,2129.95,0.76,1.84,2015,Metal Loss_10589.0,True,10589.03,10589.03,METAL_LOSS,False,4.616666666666667,364,10577.154511072407
2960.0,,0.344,-39.2,0.99,10595.34,Metal Loss,External,13.0,0.045,,,0.47,1.02,6:32,Recoat,,0.7,153.39,,MFL-A/XT,,1160.0,65000.0,,1342.0,1474.74,2047.64,,,,,,,2015,Metal Loss_10595.3,True,10595.34,10595.34,METAL_LOSS,False,6.533333333333333,367,10583.434680268723
2960.0,,0.344,-39.34,0.86,10595.48,Metal Loss,External,35.0,0.12,,,1.02,2.6,6:25,Recoat,,0.7,153.39,,MFL-A/XT,,1160.0,65000.0,,1342.0,1455.43,2020.83,1524.43,2116.63,1527.47,2120.86,0.76,1.82,2015,Metal Loss_10595.5,True,10595.48,10595.48,METAL_LOSS,False,6.416666666666667,368,10583.57401841254
2960.0,,0.344,-39.35,0.85,10595.49,Metal Loss,External,50.0,0.172,,,0.67,2.17,3:47,Recoat,,0.7,153.39,,MFL-A/XT,,1160.0,65000.0,,1342.0,1460.73,2028.18,1529.6,2123.82,1532.8,2128.26,0.76,1.83,2015,Metal Loss_10595.5,True,10595.49,10595.49,METAL_LOSS,False,3.783333333333333,369,10583.583971137099
2970.0,,0.344,-0.8,39.25,10597.14,Metal Loss,External,11.0,0.038,,,0.55,1.89,5:16,Recoat,,0.7,153.39,,MFL-A/XT,,1160.0,65000.0,,1342.0,,,,,,,,,2015,Metal Loss_10597.1,True,10597.14,10597.14,METAL_LOSS,False,5.266666666666667,371,10585.228584623064
3010.0,,0.344,-1.01,18.79,10756.35,Metal Loss,External,10.0,0.034,,,0.75,1.46,3:58,,,0.7,153.17,,MFL-A/XT,,1160.0,65000.0,,1342.0,,,,,,,,,2015,Metal Loss_10756.4,True,10756.35,10756.35,METAL_LOSS,False,3.966666666666667,380,10743.986939393939
3220.0,,0.344,-39.28,0.13,11615.85,Metal Loss,External,10.0,0.034,,,0.51,1.42,9:59,near girth weld,,1.0,220.81,,MFL-A/XT,,1160.0,65000.0,,1342.0,,,,,,,,,2015,Metal Loss_11615.9,True,11615.85,11615.85,METAL_LOSS,False,9.983333333333333,403,11601.110304491247
3430.0,,0.344,-17.57,22.34,12427.16,Metal Loss Manufacturing,,16.0,0.055,,,2.17,1.73,7:54,,,1.0,285.55,,MFL-A/XT,,1160.0,65000.0,,1342.0,,,,,,,,,2015,Metal Loss Manufacturing_12427.2,True,12427.16,12427.16,METAL_LOSS_MFG,False,7.9,426,12411.285598697394
3680.0,,0.344,-39.2,0.96,13394.44,Metal Loss,External,10.0,0.034,,,0.63,1.22,6:05,,,0.7,164.89,,MFL-A/XT,,1160.0,65000.0,,1342.0,,,,,,,,,2015,Metal Loss_13394.4,True,13394.44,13394.44,METAL_LOSS,False,6.083333333333333,456,13377.044780876495
3680.0,,0.344,-39.2,0.96,13394.44,Metal Loss,External,25.0,0.086,,,0.71,3.23,1:43,,,0.7,164.89,,MFL-A/XT,,1160.0,65000.0,,1342.0,1469.31,2040.1,1540.82,2139.39,1541.49,2140.32,0.75,1.84,2015,Metal Loss_13394.4,True,13394.44,13394.44,METAL_LOSS,False,1.7166666666666668,457,13377.044780876495
3750.0,,0.344,-35.12,2.34,13645.56,Metal Loss,External,11.0,0.038,,,0.71,1.46,3:40,,,0.7,243.92,,MFL-A/XT,,1160.0,65000.0,,1342.0,,,,,,,,,2015,Metal Loss_13645.6,True,13645.56,13645.56,METAL_LOSS,False,3.6666666666666665,467,13628.334982652788
3750.0,,0.344,-35.3,2.16,13645.75,Metal Loss,External,16.0,0.055,,,0.55,1.02,5:19,,,0.7,243.92,,MFL-A/XT,,1160.0,65000.0,,1342.0,1473.66,2046.14,,,,,,,2015,Metal Loss_13645.8,True,13645.75,13645.75,METAL_LOSS,False,5.316666666666666,468,13628.525388310649
3810.0,,0.344,-22.48,17.63,13853.79,Metal Loss,External,14.0,0.048,,,1.26,0.79,1:28,,,0.7,214.54,,MFL-A/XT,,1160.0,65000.0,,1342.0,1465.78,2035.2,,,,,,,2015,Metal Loss_13853.8,True,13853.79,13853.79,METAL_LOSS,False,1.4666666666666668,476,13836.077158524427
3810.0,,0.344,-22.62,17.49,13853.93,Metal Loss,External,14.0,0.048,,,0.47,0.94,10:36,,,0.7,214.51,,MFL-A/XT,,1160.0,65000.0,,1342.0,1474.53,2047.35,,,,,,,2015,Metal Loss_13853.9,True,13853.93,13853.93,METAL_LOSS,False,10.6,477,13836.216704885344
3850.0,,0.344,-39.07,1.01,14002.02,Metal Loss,External,12.0,0.041,,,0.51,1.26,6:45,,,1.0,197.37,,MFL-A/XT,,1160.0,65000.0,,1342.0,,,,,,,,,2015,Metal Loss_14002.0,True,14002.02,14002.02,METAL_LOSS,False,6.75,482,13983.755291916168
4040.0,,0.344,-14.65,25.45,14630.88,Dent,,,,1.2,0.288,27.54,8.38,6:27,,,0.7,74.11,,MFL-A/XT,,1160.0,65000.0,,1342.0,,,,,,,,,2015,Dent_14630.9,True,14630.88,14630.88,DENT,False,6.45,504,14611.617133948615
4080.0,,0.344,-10.57,19.06,14751.62,Metal Loss,External,29.0,0.1,,,0.71,1.18,9:41,,,0.7,41.44,,MFL-A/XT,,1160.0,65000.0,,1342.0,1467.95,2038.22,1539.19,2137.13,1540.18,2138.5,0.75,1.84,2015,Metal Loss_14751.6,True,14751.62,14751.62,METAL_LOSS,False,9.683333333333334,509,14732.374979743417
4080.0,,0.344,-10.79,18.83,14751.84,Metal Loss,External,29.0,0.1,,,0.83,1.38,9:40,,,0.7,41.41,,MFL-A/XT,,1160.0,65000.0,,1342.0,1465.09,2034.24,1535.92,2132.59,1537.26,2134.44,0.76,1.84,2015,Metal Loss_14751.8,True,14751.84,14751.84,METAL_LOSS,False,9.666666666666666,510,14732.595499662391
4080.0,,0.344,-12.05,17.57,14753.1,Metal Loss,External,19.0,0.065,,,0.67,1.1,2:35,,,0.7,41.27,,MFL-A/XT,,1160.0,65000.0,,1342.0,1471.68,2043.39,,,,,,,2015,Metal Loss_14753.1,True,14753.1,14753.1,METAL_LOSS,False,2.5833333333333335,511,14733.858477380149
4080.0,,0.344,-12.31,17.32,14753.35,Cluster,External,16.0,0.055,,,1.64,1.17,2:37,,,0.7,41.25,,,,1160.0,65000.0,,1342.0,1456.91,2022.89,,,,,,,2015,Cluster_14753.4,True,14753.35,14753.35,CLUSTER,False,2.6166666666666667,512,14734.109068197165
4080.0,,0.344,-12.6,17.02,14753.65,Metal Loss,External,22.0,0.076,,,0.98,1.38,2:36,,,0.7,41.22,,MFL-A/XT,,1160.0,65000.0,,1342.0,1465.16,2034.33,1536.2,2132.97,1537.04,2134.14,0.76,1.84,2015,Metal Loss_14753.6,True,14753.65,14753.65,METAL_LOSS,False,2.6,513,14734.409777177583
4080.0,,0.344,-12.86,16.76,14753.91,Metal Loss,External,12.0,0.041,,,0.47,0.94,2:19,,,0.7,41.2,,MFL-A/XT,,1160.0,65000.0,,1342.0,,,,,,,,,2015,Metal Loss_14753.9,True,14753.91,14753.91,METAL_LOSS,False,2.3166666666666664,514,14734.67039162728
4080.0,,0.344,-13.93,15.69,14754.98,Metal Loss,External,12.0,0.041,,,2.21,1.18,9:48,,,0.7,41.09,,MFL-A/XT,,1160.0,65000.0,,1342.0,,,,,,,,,2015,Metal Loss_14755.0,True,14754.98,14754.98,METAL_LOSS,False,9.8,515,14735.742920324104
4080.0,,0.344,-16.52,13.1,14757.57,Metal Loss,External,11.0,0.038,,,0.94,2.01,9:29,,,0.7,40.9,,MFL-A/XT,,1160.0,65000.0,,1342.0,,,,,,,,,2015,Metal Loss_14757.6,True,14757.57,14757.57,METAL_LOSS,False,9.483333333333333,516,14738.339041188387
4140.0,,0.344,-7.02,12.17,14909.43,Metal Loss,External,11.0,0.038,,,0.67,1.18,2:22,,,1.0,40.26,,MFL-A/XT,,1160.0,65000.0,,1342.0,,,,,,,,,2015,Metal Loss_14909.4,True,14909.43,14909.43,METAL_LOSS,False,2.3666666666666667,523,14890.136338541668
4150.0,,0.344,-10.59,25.78,14932.19,Metal Loss,External,27.0,0.093,,,0.55,1.3,1:18,,,0.7,41.6,,MFL-A/XT,,1160.0,65000.0,,1342.0,1471.53,2043.19,1543.28,2142.81,1543.8,2143.52,0.75,1.85,2015,Metal Loss_14932.2,True,14932.19,14932.19,METAL_LOSS,False,1.3,525,14913.909109155898
4150.0,,0.344,-13.1,23.28,14934.69,Metal Loss,External,14.0,0.048,,,1.89,2.17,12:47,,,0.7,41.8,,MFL-A/XT,,1160.0,65000.0,,1342.0,1455.61,2021.08,,,,,,,2015,Metal Loss_14934.7,True,14934.69,14934.69,METAL_LOSS,False,12.783333333333333,526,14916.64969205389
4160.01,,0.5,-5.57,1.86,14966.41,Metal Loss,External,19.0,0.095,,,0.71,0.83,5:40,,,0.7,42.56,,MFL-A/XT,,1160.0,60000.0,,1800.0,1975.33,2743.51,,,,,,,2015,Metal Loss_14966.4,True,14966.41,14966.41,METAL_LOSS,False,5.666666666666667,540,14948.462615166549
4160.01,,0.5,-5.71,1.72,14966.55,Metal Loss,External,13.0,0.065,,,0.59,0.71,5:47,,,0.7,42.56,,MFL-A/XT,,1160.0,60000.0,,1800.0,1977.87,2747.05,,,,,,,2015,Metal Loss_14966.5,True,14966.55,14966.55,METAL_LOSS,False,5.783333333333333,541,14948.56699503898
4160.01,,0.5,-6.65,0.78,14967.49,Metal Loss,External,19.0,0.095,,,1.69,1.5,5:01,,,0.7,42.56,,MFL-A/XT,,1160.0,60000.0,,1800.0,1956.27,2717.04,,,,,,,2015,Metal Loss_14967.5,True,14967.49,14967.49,METAL_LOSS,False,5.016666666666667,544,14949.267831325302
4160.01,,0.5,-6.67,0.76,14967.51,Metal Loss,External,14.0,0.07,,,2.24,0.71,5:45,,,0.7,42.56,,MFL-A/XT,,1160.0,60000.0,,1800.0,1952.91,2712.38,,,,,,,2015,Metal Loss_14967.5,True,14967.51,14967.51,METAL_LOSS,False,5.75,545,14949.28274273565
4160.01,,0.5,-7.09,0.35,14967.92,Cluster,External,24.0,0.12,,,2.7,3.1,5:49,near girth weld,,0.7,42.56,,,,1160.0,60000.0,,1800.0,1913.9,2658.2,2022.25,2808.69,2031.08,2820.94,0.57,2.42,2015,Cluster_14967.9,True,14967.92,14967.92,CLUSTER,False,5.816666666666666,546,14949.588426647768
4160.01,,0.5,-7.22,0.21,14968.06,Metal Loss,External,10.0,0.05,,,0.79,1.53,7:36,near girth weld,,0.7,42.56,,MFL-A/XT,,1160.0,60000.0,,1800.0,,,,,,,,,2015,Metal Loss_14968.1,True,14968.06,14968.06,METAL_LOSS,False,7.6,547,14949.6928065202
4160.02,,0.5,-0.04,3.77,14968.31,Metal Loss,External,15.0,0.075,,,0.87,1.38,4:12,affecting girth weld,,0.7,42.57,,MFL-A/XT,,1160.0,60000.0,,1800.0,1974.74,2742.69,,,,,,,2015,Metal Loss_14968.3,True,14968.31,14968.31,METAL_LOSS,False,4.2,549,14949.87919914954
4160.02,,0.5,-0.21,3.6,14968.48,Metal Loss,External,12.0,0.06,,,1.69,1.34,6:58,,,0.7,42.57,,MFL-A/XT,,1160.0,60000.0,,1800.0,,,,,,,,,2015,Metal Loss_14968.5,True,14968.48,14968.48,METAL_LOSS,False,6.966666666666667,550,14950.005946137491
4160.02,,0.5,-0.26,3.55,14968.53,Metal Loss,External,19.0,0.095,,,1.34,1.42,7:30,,,0.7,42.57,,MFL-A/XT,,1160.0,60000.0,,1800.0,1964.25,2728.13,,,,,,,2015,Metal Loss_14968.5,True,14968.53,14968.53,METAL_LOSS,False,7.5,551,14950.04322466336
4160.02,,0.5,-0.31,3.5,14968.58,Metal Loss,External,15.0,0.075,,,1.5,1.38,6:03,,,0.7,42.57,,MFL-A/XT,,1160.0,60000.0,,1800.0,1965.26,2729.53,,,,,,,2015,Metal Loss_14968.6,True,14968.58,14968.58,METAL_LOSS,False,6.05,552,14950.080503189229
4160.02,,0.5,-0.56,3.25,14968.83,Metal Loss,External,10.0,0.05,,,1.61,1.65,4:13,,,0.7,42.57,,MFL-A/XT,,1160.0,60000.0,,1800.0,,,,,,,,,2015,Metal Loss_14968.8,True,14968.83,14968.83,METAL_LOSS,False,4.216666666666667,553,14950.26689581857
4160.02,,0.5,-1.14,2.67,14969.41,Metal Loss,External,11.0,0.055,,,0.63,0.59,6:58,,,0.7,42.57,,MFL-A/XT,,1160.0,60000.0,,1800.0,,,,,,,,,2015,Metal Loss_14969.4,True,14969.41,14969.41,METAL_LOSS,False,6.966666666666667,554,14950.699326718639
4160.02,,0.5,-1.36,2.46,14969.63,Metal Loss,External,11.0,0.055,,,0.87,1.22,5:25,,,0.7,42.57,,MFL-A/XT,,1160.0,60000.0,,1800.0,,,,,,,,,2015,Metal Loss_14969.6,True,14969.63,14969.63,METAL_LOSS,False,5.416666666666667,555,14950.86335223246
4160.02,,0.5,-1.54,2.27,14969.81,Cluster,External,26.0,0.13,,,1.93,8.36,4:11,,,0.7,42.57,,,,1160.0,60000.0,,1800.0,1937.39,2690.82,2050.66,2848.14,2050.82,2848.37,0.57,2.46,2015,Cluster_14969.8,True,14969.81,14969.81,CLUSTER,False,4.183333333333334,556,14950.997554925585
4160.02,,0.5,-1.74,2.07,14970.01,Metal Loss,External,15.0,0.075,,,1.02,0.94,6:47,,,0.7,42.57,,MFL-A/XT,,1160.0,60000.0,,1800.0,1972.77,2739.96,,,,,,,2015,Metal Loss_14970.0,True,14970.01,14970.01,METAL_LOSS,False,6.783333333333333,557,14951.146669029058
4160.02,,0.5,-1.85,1.96,14970.12,Metal Loss,External,11.0,0.055,,,1.46,2.99,4:03,,,0.7,42.57,,MFL-A/XT,,1160.0,60000.0,,1800.0,,,,,,,,,2015,Metal Loss_14970.1,True,14970.12,14970.12,METAL_LOSS,False,4.05,558,14951.22868178597
4160.02,,0.5,-1.9,1.91,14970.17,Metal Loss,External,14.0,0.07,,,1.58,1.18,4:46,,,0.7,42.57,,MFL-A/XT,,1160.0,60000.0,,1800.0,1965.15,2729.37,,,,,,,2015,Metal Loss_14970.2,True,14970.17,14970.17,METAL_LOSS,False,4.766666666666667,559,14951.265960311835
4160.02,,0.5,-2.3,1.51,14970.57,Metal Loss,External,10.0,0.05,,,1.3,2.87,4:51,,,0.7,42.58,,MFL-A/XT,,1160.0,60000.0,,1800.0,,,,,,,,,2015,Metal Loss_14970.6,True,14970.57,14970.57,METAL_LOSS,False,4.85,560,14951.564188518782
4160.02,,0.5,-2.31,1.5,14970.58,Metal Loss,External,22.0,0.11,,,1.14,1.34,4:09,,,0.7,42.58,,MFL-A/XT,,1160.0,60000.0,,1800.0,1966.25,2730.9,2084.58,2895.25,2085.64,2896.73,0.56,2.5,2015,Metal Loss_14970.6,True,14970.58,14970.58,METAL_LOSS,False,4.15,561,14951.571644223955
4160.02,,0.5,-3.55,0.26,14971.82,Metal Loss,External,13.0,0.065,,,1.02,1.06,3:52,near girth weld,,0.7,42.57,,MFL-A/XT,,1160.0,60000.0,,1800.0,1973.82,2741.42,,,,,,,2015,Metal Loss_14971.8,True,14971.82,14971.82,METAL_LOSS,False,3.8666666666666667,562,14952.496151665486
4160.02,,0.5,-3.58,0.23,14971.85,Metal Loss,External,13.0,0.065,,,1.14,2.09,2:38,near girth weld,,0.7,42.57,,MFL-A/XT,,1160.0,60000.0,,1800.0,1972.38,2739.42,,,,,,,2015,Metal Loss_14971.9,True,14971.85,14971.85,METAL_LOSS,False,2.6333333333333333,563,14952.518518781008
4190.0,,0.344,-0.09,13.13,14972.17,Metal Loss,External,40.0,0.138,,,0.99,3.03,5:43,near girth weld Recoat,,1.0,42.57,,MFL-A/XT,,1160.0,65000.0,,1342.0,1453.03,2017.5,1521.2,2112.14,1525.05,2117.49,0.76,1.82,2015,Metal Loss_14972.2,True,14972.17,14972.17,METAL_LOSS,False,5.716666666666667,565,14952.779795763994
4190.0,,0.344,-0.26,12.96,14972.34,Metal Loss,External,14.0,0.048,,,0.79,0.59,3:37,Recoat,,1.0,42.57,,MFL-A/XT,,1160.0,65000.0,,1342.0,1471.8,2043.55,,,,,,,2015,Metal Loss_14972.3,True,14972.34,14972.34,METAL_LOSS,False,3.6166666666666667,566,14952.949409984873
4190.0,,0.344,-0.27,12.95,14972.35,Metal Loss,External,11.0,0.038,,,0.94,2.36,3:01,Recoat,,1.0,42.57,,MFL-A/XT,,1160.0,65000.0,,1342.0,,,,,,,,,2015,Metal Loss_14972.4,True,14972.35,14972.35,METAL_LOSS,False,3.0166666666666666,567,14952.959387291983
4190.0,,0.344,-1.62,11.6,14973.7,Cluster,External,27.0,0.093,,,2.17,3.77,4:51,Recoat,,1.0,42.57,,,,1160.0,65000.0,,1342.0,1422.86,1975.6,1486.1,2063.41,1490.78,2069.91,0.78,1.78,2015,Cluster_14973.7,True,14973.7,14973.7,CLUSTER,False,4.85,568,14954.306323751893
4190.0,,0.344,-2.08,11.14,14974.16,Metal Loss,External,21.0,0.072,,,0.67,1.38,2:58,Recoat,,1.0,42.57,,MFL-A/XT,,1160.0,65000.0,,1342.0,1471.13,2042.62,1542.91,2142.29,1543.25,2142.76,0.75,1.85,2015,Metal Loss_14974.2,True,14974.16,14974.16,METAL_LOSS,False,2.966666666666667,569,14954.765279878971
4190.0,,0.344,-2.18,11.04,14974.26,Metal Loss,External,10.0,0.034,,,1.93,2.32,3:47,Recoat,,1.0,42.57,,MFL-A/XT,,1160.0,65000.0,,1342.0,,,,,,,,,2015,Metal Loss_14974.3,True,14974.26,14974.26,METAL_LOSS,False,3.783333333333333,570,14954.865052950076
4200.0,,0.344,-30.52,9.52,15015.82,Metal Loss,External,15.0,0.052,,,0.59,1.02,1:55,,,1.0,41.43,,MFL-A/XT,,1160.0,65000.0,,1342.0,1473.52,2045.95,,,,,,,2015,Metal Loss_15015.8,True,15015.82,15015.82,METAL_LOSS,False,1.9166666666666665,573,14996.308554307116
4200.0,,0.344,-39.17,0.87,15024.47,Metal Loss,External,11.0,0.038,,,0.87,0.59,5:19,,,1.0,41.34,,MFL-A/XT,,1160.0,65000.0,,1342.0,,,,,,,,,2015,Metal Loss_15024.5,True,15024.47,15024.47,METAL_LOSS,False,5.316666666666666,574,15004.932636704118
4200.0,,0.344,-39.18,0.86,15024.48,Metal Loss,External,10.0,0.034,,,0.59,2.48,3:02,,,1.0,41.34,,MFL-A/XT,,1160.0,65000.0,,1342.0,,,,,,,,,2015,Metal Loss_15024.5,True,15024.48,15024.48,METAL_LOSS,False,3.033333333333333,575,15004.942606741572
4200.0,,0.344,-39.18,0.86,15024.49,Metal Loss,External,10.0,0.034,,,0.75,1.81,7:56,,,1.0,41.34,,MFL-A/XT,,1160.0,65000.0,,1342.0,,,,,,,,,2015,Metal Loss_15024.5,True,15024.49,15024.49,METAL_LOSS,False,7.933333333333334,576,15004.952576779026
4210.0,,0.344,-0.81,39.23,15026.16,Metal Loss,External,11.0,0.038,,,0.83,1.42,12:59,,,0.7,41.32,,MFL-A/XT,,1160.0,65000.0,,1342.0,,,,,,,,,2015,Metal Loss_15026.2,True,15026.16,15026.16,METAL_LOSS,False,12.983333333333333,578,15006.61817886585
4210.0,,0.344,-28.02,12.01,15053.37,Metal Loss,External,17.0,0.058,,,0.79,1.02,8:49,,,0.7,40.66,,MFL-A/XT,,1160.0,65000.0,,1342.0,1470.73,2042.08,,,,,,,2015,Metal Loss_15053.4,True,15053.37,15053.37,METAL_LOSS,False,8.816666666666666,581,15033.767002248314
4210.0,,0.344,-28.54,11.5,15053.89,Metal Loss,External,13.0,0.045,,,0.43,0.94,8:50,,,0.7,40.64,,MFL-A/XT,,1160.0,65000.0,,1342.0,1474.95,2047.93,,,,,,,2015,Metal Loss_15053.9,True,15053.89,15053.89,METAL_LOSS,False,8.833333333333334,582,15034.285833125155
4210.0,,0.344,-29.57,10.47,15054.91,Metal Loss,External,12.0,0.041,,,0.83,1.26,8:51,,,0.7,40.61,,MFL-A/XT,,1160.0,65000.0,,1342.0,,,,,,,,,2015,Metal Loss_15054.9,True,15054.91,15054.91,METAL_LOSS,False,8.85,583,15035.303539845116
4210.0,,0.344,-29.61,10.43,15054.95,Metal Loss,External,18.0,0.062,,,0.67,1.06,8:14,,,0.7,40.61,,MFL-A/XT,,1160.0,65000.0,,1342.0,1472.09,2043.96,,,,,,,2015,Metal Loss_15055.0,True,15054.95,15054.95,METAL_LOSS,False,8.233333333333333,584,15035.343449912567
4210.0,,0.344,-29.82,10.22,15055.17,Cluster,External,30.0,0.103,,,2.22,2.95,8:34,,,0.7,40.6,,,,1160.0,65000.0,,1342.0,1414.16,1963.52,1475.24,2048.34,1498.29,2080.33,0.79,1.77,2015,Cluster_15055.2,True,15055.17,15055.17,CLUSTER,False,8.566666666666666,585,15035.562955283538
4210.0,,0.344,-30.32,9.71,15055.67,Metal Loss,External,23.0,0.079,,,1.58,1.77,8:05,,,0.7,40.58,,MFL-A/XT,,1160.0,65000.0,,1342.0,1449.14,2012.1,1517.74,2107.34,1520.03,2110.53,0.76,1.82,2015,Metal Loss_15055.7,True,15055.67,15055.67,METAL_LOSS,False,8.083333333333334,586,15036.061831126655
4210.0,,0.344,-30.35,9.68,15055.7,Metal Loss,External,46.0,0.158,,,1.18,1.61,8:47,,,0.7,40.58,,MFL-A/XT,,1160.0,65000.0,,1342.0,1437.45,1995.87,1501.56,2084.88,1508.87,2095.03,0.77,1.8,2015,Metal Loss_15055.7,True,15055.7,15055.7,METAL_LOSS,False,8.783333333333333,587,15036.091763677243
4210.0,,0.344,-30.7,9.34,15056.04,Metal Loss,External,13.0,0.045,,,1.85,1.1,8:52,,,0.7,40.57,,MFL-A/XT,,1160.0,65000.0,,1342.0,1457.78,2024.09,,,,,,,2015,Metal Loss_15056.0,True,15056.04,15056.04,METAL_LOSS,False,8.866666666666667,588,15036.430999250564
4210.0,,0.344,-30.81,9.23,15056.15,Cluster,External,21.0,0.072,,,2.09,3.21,8:04,,,0.7,40.57,,,,1160.0,65000.0,,1342.0,1438.41,1997.2,1505.06,2089.74,1506.25,2091.39,0.77,1.8,2015,Cluster_15056.1,True,15056.15,15056.15,CLUSTER,False,8.066666666666666,589,15036.540751936049
4210.0,,0.344,-34.14,5.9,15059.49,Metal Loss,External,17.0,0.058,,,1.89,1.38,09:00,,,0.7,40.46,,MFL-A/XT,,1160.0,65000.0,,1342.0,1450.47,2013.94,,,,,,,2015,Metal Loss_15059.5,True,15059.49,15059.49,METAL_LOSS,False,9.0,590,15039.873242568074
4210.0,,0.344,-36.09,3.95,15061.44,Metal Loss,External,15.0,0.052,,,0.83,1.22,9:54,,,0.7,40.4,,MFL-A/XT,,1160.0,65000.0,,1342.0,1471.03,2042.48,,,,,,,2015,Metal Loss_15061.4,True,15061.44,15061.44,METAL_LOSS,False,9.9,591,15041.818858356233
4220.0,,0.344,-4.09,36.02,15069.47,Metal Loss,External,23.0,0.079,,,1.61,2.91,3:53,,,0.7,40.15,,MFL-A/XT,,1160.0,65000.0,,1342.0,1448.11,2010.66,1516.53,2105.66,1518.91,2108.97,0.76,1.82,2015,Metal Loss_15069.5,True,15069.47,15069.47,METAL_LOSS,False,3.8833333333333333,593,15049.81960608327
4220.0,,0.344,-4.35,35.75,15069.74,Metal Loss,External,10.0,0.034,,,0.75,1.61,3:53,,,0.7,40.14,,MFL-A/XT,,1160.0,65000.0,,1342.0,,,,,,,,,2015,Metal Loss_15069.7,True,15069.74,15069.74,METAL_LOSS,False,3.8833333333333333,594,15050.08825978559
4220.0,,0.344,-8.46,31.64,15073.85,Metal Loss,External,19.0,0.065,,,0.75,1.5,5:12,,,0.7,40.02,,MFL-A/XT,,1160.0,65000.0,,1342.0,1470.7,2042.03,,,,,,,2015,Metal Loss_15073.9,True,15073.85,15073.85,METAL_LOSS,False,5.2,596,15054.177766143108
4220.0,,0.344,-8.64,31.47,15074.02,Metal Loss,External,20.0,0.069,,,0.71,1.3,5:33,,,0.7,40.02,,MFL-A/XT,,1160.0,65000.0,,1342.0,1470.9,2042.3,1542.66,2141.95,1542.97,2142.38,0.75,1.85,2015,Metal Loss_15074.0,True,15074.02,15074.02,METAL_LOSS,False,5.55,597,15054.346918474197
4220.0,,0.344,-8.8,31.31,15074.18,Metal Loss,External,26.0,0.089,,,0.59,0.94,5:40,,,0.7,40.01,,MFL-A/XT,,1160.0,65000.0,,1342.0,1471.16,2042.67,1542.88,2142.24,1543.4,2142.97,0.75,1.85,2015,Metal Loss_15074.2,True,15074.18,15074.18,METAL_LOSS,False,5.666666666666667,598,15054.506120668164
4220.0,,0.344,-10.73,29.37,15076.11,Metal Loss,External,10.0,0.034,,,0.35,0.67,12:42,,,0.7,39.96,,MFL-A/XT,,1160.0,65000.0,,1342.0,,,,,,,,,2015,Metal Loss_15076.1,True,15076.11,15076.11,METAL_LOSS,False,12.7,599,15056.426497132887
4220.0,,0.344,-10.9,29.2,15076.28,Metal Loss,External,20.0,0.069,,,0.75,2.01,12:17,,,0.7,39.96,,MFL-A/XT,,1160.0,65000.0,,1342.0,1470.37,2041.57,1542.08,2141.13,1542.41,2141.6,0.75,1.85,2015,Metal Loss_15076.3,True,15076.28,15076.28,METAL_LOSS,False,12.283333333333333,600,15056.595649463976
4220.0,,0.344,-20.84,19.27,15086.22,Metal Loss,External,22.0,0.076,,,0.67,1.02,3:07,,,0.7,39.72,,MFL-A/XT,,1160.0,65000.0,,1342.0,1470.84,2042.23,1542.58,2141.83,1542.99,2142.4,0.75,1.85,2015,Metal Loss_15086.2,True,15086.22,15086.22,METAL_LOSS,False,3.1166666666666667,602,15066.486085764149
4220.0,,0.344,-21.09,19.02,15086.47,Metal Loss,External,10.0,0.034,,,0.55,0.94,5:07,,,0.7,39.71,,MFL-A/XT,,1160.0,65000.0,,1342.0,,,,,,,,,2015,Metal Loss_15086.5,True,15086.47,15086.47,METAL_LOSS,False,5.116666666666666,603,15066.73483919222
4220.0,,0.344,-21.22,18.88,15086.61,Metal Loss,External,10.0,0.034,,,0.67,0.79,5:06,,,0.7,39.71,,MFL-A/XT,,1160.0,65000.0,,1342.0,,,,,,,,,2015,Metal Loss_15086.6,True,15086.61,15086.61,METAL_LOSS,False,5.1,604,15066.874141111943
4220.0,,0.344,-29.48,10.63,15094.86,Metal Loss,External,19.0,0.065,,,0.67,1.61,1:08,,,0.7,39.53,,MFL-A/XT,,1160.0,65000.0,,1342.0,1471.68,2043.39,,,,,,,2015,Metal Loss_15094.9,True,15094.86,15094.86,METAL_LOSS,False,1.1333333333333333,610,15075.083004238346
4220.0,,0.344,-29.69,10.42,15095.07,Metal Loss,External,49.0,0.169,,,1.02,1.89,9:09,,,0.7,39.53,,MFL-A/XT,,1160.0,65000.0,,1342.0,1443.37,2004.08,1508.34,2094.29,1514.94,2103.46,0.77,1.81,2015,Metal Loss_15095.1,True,15095.07,15095.07,METAL_LOSS,False,9.15,612,15075.291957117926
4220.0,,0.344,-29.91,10.2,15095.29,Cluster,External,43.0,0.148,,,1.38,1.78,9:22,,,0.7,39.52,,,,1160.0,65000.0,,1342.0,1429.68,1985.07,1492.54,2072.35,1522.17,2113.5,0.78,1.79,2015,Cluster_15095.3,True,15095.29,15095.29,CLUSTER,False,9.366666666666667,613,15075.510860134631
4220.0,,0.344,-30.25,9.85,15095.63,Metal Loss,External,29.0,0.1,,,0.51,1.02,9:30,,,0.7,39.52,,MFL-A/XT,,1160.0,65000.0,,1342.0,1471.74,2043.47,1543.48,2143.09,1544.02,2143.83,0.75,1.85,2015,Metal Loss_15095.6,True,15095.63,15095.63,METAL_LOSS,False,9.5,614,15075.849164796808
4220.0,,0.344,-30.56,9.54,15095.94,Metal Loss,External,14.0,0.048,,,1.93,2.05,6:10,,,0.7,39.51,,MFL-A/XT,,1160.0,65000.0,,1342.0,1454.99,2020.21,,,,,,,2015,Metal Loss_15095.9,True,15095.94,15095.94,METAL_LOSS,False,6.166666666666667,615,15076.157619047619
4220.0,,0.344,-30.92,9.18,15096.31,Metal Loss,External,10.0,0.034,,,0.59,1.02,12:14,,,0.7,39.5,,MFL-A/XT,,1160.0,65000.0,,1342.0,,,,,,,,,2015,Metal Loss_15096.3,True,15096.31,15096.31,METAL_LOSS,False,12.233333333333333,616,15076.525774121166
4220.0,,0.344,-31.5,8.6,15096.88,Metal Loss,External,40.0,0.138,,,0.75,1.36,9:05,,,0.7,39.49,,MFL-A/XT,,1160.0,65000.0,,1342.0,1462.49,2030.63,1532.42,2127.73,1534.7,2130.9,0.76,1.83,2015,Metal Loss_15096.9,True,15096.88,15096.88,METAL_LOSS,False,9.083333333333334,617,15077.092931937172
4220.0,,0.344,-31.7,8.4,15097.09,Metal Loss,External,30.0,0.103,,,1.65,1.97,8:59,,,0.7,39.49,,MFL-A/XT,,1160.0,65000.0,,1342.0,1436.29,1994.25,1502.15,2085.7,1507.15,2092.64,0.77,1.8,2015,Metal Loss_15097.1,True,15097.09,15097.09,METAL_LOSS,False,8.983333333333333,618,15077.301884816754
4220.0,,0.344,-32.99,7.11,15098.37,Cluster,External,38.0,0.131,,,3.24,1.38,9:10,,,0.7,39.47,,,,1160.0,65000.0,,1342.0,1342.04,1863.39,1382.38,1919.41,1464.57,2033.52,0.84,1.65,2015,Cluster_15098.4,True,15098.37,15098.37,CLUSTER,False,9.166666666666666,619,15078.575502368487
4220.0,,0.344,-33.48,6.63,15098.86,Metal Loss,External,13.0,0.045,,,0.55,0.94,8:57,,,0.7,39.46,,MFL-A/XT,,1160.0,65000.0,,1342.0,1474.18,2046.86,,,,,,,2015,Metal Loss_15098.9,True,15098.86,15098.86,METAL_LOSS,False,8.95,620,15079.06305908751
4240.0,,0.344,-39.04,0.89,15184.5,Metal Loss,External,11.0,0.038,,,1.02,2.01,2:21,,,0.7,38.01,,MFL-A/XT,,1160.0,65000.0,,1342.0,,,,,,,,,2015,Metal Loss_15184.5,True,15184.5,15184.5,METAL_LOSS,False,2.35,625,15164.560891560232
4240.0,,0.344,-39.05,0.88,15184.5,Metal Loss,External,10.0,0.034,,,0.79,2.24,4:16,,,0.7,38.01,,MFL-A/XT,,1160.0,65000.0,,1342.0,,,,,,,,,2015,Metal Loss_15184.5,True,15184.5,15184.5,METAL_LOSS,False,4.266666666666667,626,15164.560891560232
4240.0,,0.344,-39.09,0.84,15184.54,Metal Loss,External,24.0,0.083,,,0.71,2.05,5:08,,,0.7,38.01,,MFL-A/XT,,1160.0,65000.0,,1342.0,1469.64,2040.56,1541.2,2139.92,1541.8,2140.75,0.75,1.84,2015,Metal Loss_15184.5,True,15184.54,15184.54,METAL_LOSS,False,5.133333333333334,627,15164.60085149011
4250.0,,0.344,-0.81,39.13,15186.2,Metal Loss,External,10.0,0.034,,,1.1,2.44,3:10,,,0.7,38.0,,MFL-A/XT,,1160.0,65000.0,,1342.0,,,,,,,,,2015,Metal Loss_15186.2,True,15186.2,15186.2,METAL_LOSS,False,3.1666666666666665,629,15166.257769153732
4260.0,,0.344,-38.46,0.88,15263.79,Metal Loss,External,14.0,0.048,,,0.98,5.08,7:45,,,0.7,37.7,,MFL-A/XT,,1160.0,65000.0,,1342.0,1469.57,2040.46,,,,,,,2015,Metal Loss_15263.8,True,15263.79,15263.79,METAL_LOSS,False,7.75,631,15243.6911184545
4270.0,,0.344,-10.76,0.14,15275.43,Metal Loss,External,12.0,0.041,,,0.55,1.1,2:41,near girth weld,,0.7,37.77,,MFL-A/XT,,1160.0,65000.0,,1342.0,,,,,,,,,2015,Metal Loss_15275.4,True,15275.43,15275.43,METAL_LOSS,False,2.6833333333333336,633,15255.320119375576
4270.0,,0.344,-10.76,0.13,15275.43,Metal Loss,External,10.0,0.034,,,1.22,1.81,9:07,affecting girth weld,,0.7,37.77,,MFL-A/XT,,1160.0,65000.0,,1342.0,,,,,,,,,2015,Metal Loss_15275.4,True,15275.43,15275.43,METAL_LOSS,False,9.116666666666667,634,15255.320119375576
4270.0,,0.344,-10.78,0.12,15275.44,Metal Loss,External,18.0,0.062,,,1.5,5.2,3:17,affecting girth weld,,0.7,37.77,,MFL-A/XT,,1160.0,65000.0,,1342.0,1457.79,2024.1,,,,,,,2015,Metal Loss_15275.4,True,15275.44,15275.44,METAL_LOSS,False,3.283333333333333,635,15255.33011019284
4270.0,,0.344,-10.78,0.11,15275.45,Metal Loss,External,17.0,0.058,,,1.1,2.79,8:01,affecting girth weld,,0.7,37.77,,MFL-A/XT,,1160.0,65000.0,,1342.0,1466.03,2035.54,,,,,,,2015,Metal Loss_15275.5,True,15275.45,15275.45,METAL_LOSS,False,8.016666666666667,636,15255.340101010102
4340.0,,0.344,-13.3,0.23,15366.08,Metal Loss,External,15.0,0.052,,,0.91,7.36,4:05,near girth weld,,1.0,33.58,,MFL-A/XT,,1160.0,65000.0,,1342.0,1469.99,2041.05,,,,,,,2015,Metal Loss_15366.1,True,15366.08,15366.08,METAL_LOSS,False,4.083333333333333,649,15345.679179600887
4360.0,,0.344,-2.49,9.98,15377.59,Metal Loss,External,19.0,0.065,,,0.67,1.14,5:01,,,0.7,37.63,,MFL-A/XT,,1160.0,65000.0,,1342.0,1471.68,2043.39,,,,,,,2015,Metal Loss_15377.6,True,15377.59,15377.59,METAL_LOSS,False,5.016666666666667,654,15357.335749799518
4410.0,,0.344,-0.78,39.29,15505.12,Metal Loss,External,13.0,0.045,,,0.71,1.69,2:54,,,0.7,72.99,,MFL-A/XT,,1160.0,65000.0,,1342.0,1472.92,2045.12,,,,,,,2015,Metal Loss_15505.1,True,15505.12,15505.12,METAL_LOSS,False,2.9,662,15484.261557663505
4620.0,,0.344,-38.29,1.62,16377.71,Metal Loss,External,11.0,0.038,,,0.67,1.42,4:44,,,0.7,252.82,,MFL-A/XT,,1160.0,65000.0,,1342.0,,,,,,,,,2015,Metal Loss_16377.7,True,16377.71,16377.71,METAL_LOSS,False,4.733333333333333,687,16355.409594086696
4650.0,,0.344,-1.16,38.82,16460.62,Metal Loss,External,36.0,0.124,,,0.75,1.93,6:57,,,0.7,250.35,,MFL-A/XT,,1160.0,65000.0,,1342.0,1464.28,2033.11,1534.72,2130.92,1536.52,2133.42,0.76,1.84,2015,Metal Loss_16460.6,True,16460.62,16460.62,METAL_LOSS,False,6.95,692,16438.10590397599
4660.0,,0.344,-39.21,0.88,16538.65,Metal Loss,External,12.0,0.041,,,1.18,1.61,4:02,,,1.0,248.22,,MFL-A/XT,,1160.0,65000.0,,1342.0,,,,,,,,,2015,Metal Loss_16538.7,True,16538.65,16538.65,METAL_LOSS,False,4.033333333333333,697,16515.85332917706
4660.0,,0.344,-39.21,0.88,16538.65,Cluster,External,29.0,0.1,,,1.67,5.24,8:25,,,1.0,248.22,,,,1160.0,65000.0,,1342.0,1437.99,1996.61,1504.25,2088.62,1510.82,2097.74,0.77,1.8,2015,Cluster_16538.7,True,16538.65,16538.65,CLUSTER,False,8.416666666666666,698,16515.85332917706
4660.0,,0.344,-39.23,0.87,16538.67,Metal Loss,External,35.0,0.12,,,0.67,2.01,10:03,,,1.0,248.22,,MFL-A/XT,,1160.0,65000.0,,1342.0,1467.07,2036.98,1538.0,2135.47,1539.34,2137.33,0.75,1.84,2015,Metal Loss_16538.7,True,16538.67,16538.67,METAL_LOSS,False,10.05,699,16515.873254364087
4690.0,,0.344,-0.82,39.31,16620.54,Metal Loss,External,10.0,0.034,,,2.05,2.21,6:56,,,0.7,249.3,,MFL-A/XT,,1160.0,65000.0,,1342.0,,,,,,,,,2015,Metal Loss_16620.5,True,16620.54,16620.54,METAL_LOSS,False,6.933333333333334,706,16597.547779162516
4690.0,,0.344,-0.84,39.28,16620.57,Metal Loss,External,16.0,0.055,,,0.71,1.73,6:22,,,0.7,249.3,,MFL-A/XT,,1160.0,65000.0,,1342.0,1472.08,2043.95,,,,,,,2015,Metal Loss_16620.6,True,16620.57,16620.57,METAL_LOSS,False,6.366666666666666,707,16597.577696909273
4690.0,,0.344,-0.93,39.2,16620.66,Metal Loss,External,10.0,0.034,,,0.55,0.59,6:32,,,0.7,249.3,,MFL-A/XT,,1160.0,65000.0,,1342.0,,,,,,,,,2015,Metal Loss_16620.7,True,16620.66,16620.66,METAL_LOSS,False,6.533333333333333,708,16597.667450149554
4700.0,,0.344,-39.23,0.87,16699.09,Metal Loss,External,13.0,0.045,,,0.94,3.11,8:13,Recoat,,1.0,249.37,,MFL-A/XT,,1160.0,65000.0,,1342.0,1470.49,2041.74,,,,,,,2015,Metal Loss_16699.1,True,16699.09,16699.09,METAL_LOSS,False,8.216666666666667,711,16675.813904263276
4700.0,,0.344,-39.24,0.87,16699.09,Metal Loss,External,13.0,0.045,,,0.71,2.52,5:56,Recoat,,1.0,249.37,,MFL-A/XT,,1160.0,65000.0,,1342.0,1472.92,2045.12,,,,,,,2015,Metal Loss_16699.1,True,16699.09,16699.09,METAL_LOSS,False,5.933333333333334,712,16675.813904263276
4700.0,,0.344,-39.26,0.84,16699.12,Metal Loss,External,16.0,0.055,,,0.59,1.02,9:01,Recoat,,1.0,249.37,,MFL-A/XT,,1160.0,65000.0,,1342.0,1473.33,2045.68,,,,,,,2015,Metal Loss_16699.1,True,16699.12,16699.12,METAL_LOSS,False,9.016666666666667,714,16675.84376963351
4710.0,,0.344,-0.75,39.37,16700.71,Metal Loss,External,13.0,0.045,,,0.91,2.48,6:04,Repaired?,,0.7,249.36,,MFL-A/XT,,1160.0,65000.0,,1342.0,1470.89,2042.3,,,,,,,2015,Metal Loss_16700.7,True,16700.71,16700.71,METAL_LOSS,False,6.066666666666666,717,16677.427569790627
4710.0,,0.344,-0.82,39.3,16700.78,Metal Loss,External,22.0,0.076,,,1.3,4.84,3:33,Repaired?,,0.7,249.36,,MFL-A/XT,,1160.0,65000.0,,1342.0,1457.7,2023.98,1527.7,2121.17,1529.12,2123.15,0.76,1.83,2015,Metal Loss_16700.8,True,16700.78,16700.78,METAL_LOSS,False,3.55,718,16677.497342971088
4710.0,,0.344,-0.84,39.28,16700.8,Metal Loss,External,45.0,0.155,,,0.87,3.98,4:54,Repaired?,,0.7,249.36,,MFL-A/XT,,1160.0,65000.0,,1342.0,1454.8,2019.96,1522.85,2114.44,1526.83,2119.96,0.76,1.82,2015,Metal Loss_16700.8,True,16700.8,16700.8,METAL_LOSS,False,4.9,719,16677.517278165506
4710.0,,0.344,-0.84,39.28,16700.8,Cluster,External,22.0,0.076,,,2.4,4.61,6:08,Repaired?,,0.7,249.36,,,,1160.0,65000.0,,1342.0,1427.36,1981.86,1491.66,2071.13,1489.98,2068.8,0.78,1.79,2015,Cluster_16700.8,True,16700.8,16700.8,CLUSTER,False,6.133333333333334,720,16677.517278165506
4710.0,,0.344,-0.85,39.27,16700.81,Metal Loss,External,12.0,0.041,,,0.98,4.61,2:17,Repaired?,,0.7,249.36,,MFL-A/XT,,1160.0,65000.0,,1342.0,,,,,,,,,2015,Metal Loss_16700.8,True,16700.81,16700.81,METAL_LOSS,False,2.283333333333333,721,16677.527245762714
4710.0,,0.344,-0.87,39.25,16700.83,Metal Loss,External,13.0,0.045,,,0.91,1.77,7:02,Repaired?,,0.7,249.36,,MFL-A/XT,,1160.0,65000.0,,1342.0,1471.02,2042.48,,,,,,,2015,Metal Loss_16700.8,True,16700.83,16700.83,METAL_LOSS,False,7.033333333333333,722,16677.54718095713
4730.0,,0.344,-0.58,39.52,16780.77,Metal Loss,External,13.0,0.045,,,0.51,1.34,3:40,,,0.7,249.93,,MFL-A/XT,,1160.0,65000.0,,1342.0,1474.51,2047.32,,,,,,,2015,Metal Loss_16780.8,True,16780.77,16780.77,METAL_LOSS,False,3.6666666666666665,728,16757.23840897756
4900.0,,0.344,-39.15,0.87,17473.17,Metal Loss,External,10.0,0.034,,,0.98,3.78,6:11,Recoat,,0.7,402.21,,MFL-A/XT,,1160.0,65000.0,,1342.0,,,,,,,,,2015,Metal Loss_17473.2,True,17473.17,17473.17,METAL_LOSS,False,6.183333333333334,747,17447.590659670164
5120.0,,0.344,-0.81,39.17,18213.58,Metal Loss,External,31.0,0.107,,,0.83,2.48,6:05,,,0.7,370.82,,MFL-A/XT,,1160.0,65000.0,,1342.0,1464.13,2032.91,1534.75,2130.96,1536.32,2133.14,0.76,1.84,2015,Metal Loss_18213.6,True,18213.58,18213.58,METAL_LOSS,False,6.083333333333333,775,18185.990810405205
5180.0,,0.344,-0.87,39.04,18453.36,Metal Loss,External,23.0,0.079,,,0.55,1.1,6:36,,,0.7,396.38,,MFL-A/XT,,1160.0,65000.0,,1342.0,1472.35,2044.32,1544.24,2144.15,1544.57,2144.59,0.75,1.85,2015,Metal Loss_18453.4,True,18453.36,18453.36,METAL_LOSS,False,6.6,782,18425.993269857176
5270.0,,0.344,-35.05,0.27,18841.88,Cluster,External,54.0,0.186,,,2.53,18.14,6:17,affecting girth weld Recoat,,0.7,589.97,,,,1160.0,65000.0,,1342.0,1318.15,1830.22,1345.19,1867.76,1421.64,1973.91,0.86,1.61,2015,Cluster_18841.9,True,18841.88,18841.88,CLUSTER,False,6.283333333333333,794,18814.501472670632
5270.0,,0.344,-35.19,0.13,18842.02,Metal Loss,External,12.0,0.041,,,0.63,5.35,12:03,near girth weld Recoat,,0.7,590.03,,MFL-A/XT,,1160.0,65000.0,,1342.0,,,,,,,,,2015,Metal Loss_18842.0,True,18842.02,18842.02,METAL_LOSS,False,12.05,795,18814.640679694137
5270.0,,0.344,-35.2,0.12,18842.02,Metal Loss,External,18.0,0.062,,,0.47,1.22,11:38,near girth weld Recoat,,0.7,590.03,,MFL-A/XT,,1160.0,65000.0,,1342.0,1473.99,2046.6,,,,,,,2015,Metal Loss_18842.0,True,18842.02,18842.02,METAL_LOSS,False,11.633333333333333,796,18814.640679694137
5400.0,,0.344,-39.79,0.14,19324.23,Metal Loss,External,11.0,0.038,,,0.47,0.91,7:42,near girth weld,,0.7,545.29,,MFL-A/XT,,1160.0,65000.0,,1342.0,,,,,,,,,2015,Metal Loss_19324.2,True,19324.23,19324.23,METAL_LOSS,False,7.7,814,19296.129789631857
5620.0,,0.344,-39.29,0.86,20203.62,Metal Loss,External,10.0,0.034,,,0.43,1.34,5:48,,,0.7,367.68,,MFL-A/XT,,1160.0,65000.0,,1342.0,,,,,,,,,2015,Metal Loss_20203.6,True,20203.62,20203.62,METAL_LOSS,False,5.8,837,20175.342784557906
5870.0,,0.344,-39.16,0.85,21150.01,Metal Loss,External,11.0,0.038,,,0.47,0.98,6:32,,,0.7,144.88,,MFL-A/XT,,1160.0,65000.0,,1342.0,,,,,,,,,2015,Metal Loss_21150.0,True,21150.01,21150.01,METAL_LOSS,False,6.533333333333333,868,21121.001274681326
5920.0,,0.344,-0.73,39.27,21311.84,Metal Loss,External,24.0,0.083,,,0.94,1.89,9:04,Recoat,,0.7,140.72,,MFL-A/XT,,1160.0,65000.0,,1342.0,1464.79,2033.83,1535.73,2132.33,1536.78,2133.77,0.76,1.84,2015,Metal Loss_21311.8,True,21311.84,21311.84,METAL_LOSS,False,9.066666666666666,880,21282.598905
5920.0,,0.344,-0.75,39.25,21311.86,Metal Loss,External,17.0,0.058,,,0.87,3.03,3:37,Recoat,,0.7,140.72,,MFL-A/XT,,1160.0,65000.0,,1342.0,1469.75,2040.72,,,,,,,2015,Metal Loss_21311.9,True,21311.86,21311.86,METAL_LOSS,False,3.6166666666666667,881,21282.618875
5920.0,,0.344,-0.75,39.25,21311.86,Metal Loss,External,14.0,0.048,,,0.35,0.59,4:30,Recoat,,0.7,140.72,,MFL-A/XT,,1160.0,65000.0,,1342.0,1475.26,2048.36,,,,,,,2015,Metal Loss_21311.9,True,21311.86,21311.86,METAL_LOSS,False,4.5,882,21282.618875
5920.0,,0.344,-0.81,39.19,21311.92,Metal Loss,External,26.0,0.089,,,0.59,1.5,5:21,Recoat,,0.7,140.72,,MFL-A/XT,,1160.0,65000.0,,1342.0,1470.96,2042.39,1542.65,2141.93,1543.19,2142.69,0.75,1.85,2015,Metal Loss_21311.9,True,21311.92,21311.92,METAL_LOSS,False,5.35,883,21282.678784999996
5920.0,,0.344,-0.83,39.18,21311.94,Metal Loss,External,31.0,0.107,,,0.55,2.44,4:37,Recoat,,0.7,140.72,,MFL-A/XT,,1160.0,65000.0,,1342.0,1470.67,2041.98,1542.24,2141.36,1542.95,2142.35,0.75,1.85,2015,Metal Loss_21311.9,True,21311.94,21311.94,METAL_LOSS,False,4.616666666666667,884,21282.698754999998
5920.0,,0.344,-0.99,39.01,21312.1,Metal Loss,External,17.0,0.058,,,0.47,0.98,4:24,Recoat,,0.7,140.71,,MFL-A/XT,,1160.0,65000.0,,1342.0,1474.23,2046.93,,,,,,,2015,Metal Loss_21312.1,True,21312.1,21312.1,METAL_LOSS,False,4.4,885,21282.858514999996
5920.0,,0.344,-26.1,13.91,21337.2,Cluster,External,35.0,0.12,,,1.92,4.23,6:16,Repaired?,,0.7,140.15,,,,1160.0,65000.0,,1342.0,1414.76,1964.35,1475.49,2048.68,1482.5,2058.41,0.79,1.77,2015,Cluster_21337.2,True,21337.2,21337.2,CLUSTER,False,6.266666666666667,890,21307.920865
5930.0,,0.344,-16.56,23.51,21367.67,Metal Loss,External,15.0,0.052,,,1.93,2.6,6:04,,,0.7,139.44,,MFL-A/XT,,1160.0,65000.0,,1342.0,1453.11,2017.6,,,,,,,2015,Metal Loss_21367.7,True,21367.67,21367.67,METAL_LOSS,False,6.066666666666666,895,21338.341070626404
5930.0,,0.344,-17.32,22.75,21368.43,Metal Loss,External,10.0,0.034,,,1.93,1.93,7:03,,,0.7,139.42,,MFL-A/XT,,1160.0,65000.0,,1342.0,,,,,,,,,2015,Metal Loss_21368.4,True,21368.43,21368.43,METAL_LOSS,False,7.05,896,21339.09974294984
5930.0,,0.344,-17.77,22.29,21368.88,Metal Loss,External,11.0,0.038,,,1.14,2.09,6:54,,,0.7,139.41,,MFL-A/XT,,1160.0,65000.0,,1342.0,,,,,,,,,2015,Metal Loss_21368.9,True,21368.88,21368.88,METAL_LOSS,False,6.9,897,21339.548956825558
5930.0,,0.344,-18.15,21.91,21369.26,Metal Loss,External,14.0,0.048,,,1.14,0.67,6:34,,,0.7,139.4,,MFL-A/XT,,1160.0,65000.0,,1342.0,1467.5,2037.59,,,,,,,2015,Metal Loss_21369.3,True,21369.26,21369.26,METAL_LOSS,False,6.566666666666666,898,21339.92829298727
5930.0,,0.344,-18.21,21.86,21369.32,Metal Loss,External,19.0,0.065,,,1.73,1.81,4:57,,,0.7,139.4,,MFL-A/XT,,1160.0,65000.0,,1342.0,1451.09,2014.8,,,,,,,2015,Metal Loss_21369.3,True,21369.32,21369.32,METAL_LOSS,False,4.95,899,21339.9881881707
5930.0,,0.344,-18.38,21.68,21369.49,Metal Loss,External,13.0,0.045,,,1.06,1.97,5:46,,,0.7,139.4,,MFL-A/XT,,1160.0,65000.0,,1342.0,1469.08,2039.78,,,,,,,2015,Metal Loss_21369.5,True,21369.49,21369.49,METAL_LOSS,False,5.766666666666667,900,21340.157891190418
5930.0,,0.344,-18.45,21.62,21369.56,Cluster,External,28.0,0.096,,,3.19,9.3,5:50,,,0.7,139.4,,,,1160.0,65000.0,,1342.0,1383.99,1921.63,1437.24,1995.57,1470.31,2041.49,0.81,1.72,2015,Cluster_21369.6,True,21369.56,21369.56,CLUSTER,False,5.833333333333333,901,21340.22776890442
5930.0,,0.344,-18.46,21.61,21369.57,Metal Loss,External,10.0,0.034,,,0.39,0.59,6:24,,,0.7,139.4,,MFL-A/XT,,1160.0,65000.0,,1342.0,,,,,,,,,2015,Metal Loss_21369.6,True,21369.57,21369.57,METAL_LOSS,False,6.4,902,21340.23775143499
5930.0,,0.344,-18.88,21.19,21369.99,Metal Loss,External,14.0,0.048,,,0.59,1.69,6:18,,,0.7,139.39,,MFL-A/XT,,1160.0,65000.0,,1342.0,1473.62,2046.09,,,,,,,2015,Metal Loss_21370.0,True,21369.99,21369.99,METAL_LOSS,False,6.3,903,21340.657017718993
5930.0,,0.344,-19.02,21.05,21370.13,Cluster,External,18.0,0.062,,,0.82,3.19,6:32,,,0.7,139.38,,,,1160.0,65000.0,,1342.0,1469.87,2040.88,,,,,,,2015,Cluster_21370.1,True,21370.13,21370.13,CLUSTER,False,6.533333333333333,904,21340.796773146994
5930.0,,0.344,-19.27,20.8,21370.38,Metal Loss,External,10.0,0.034,,,1.18,5.04,5:02,,,0.7,139.38,,MFL-A/XT,,1160.0,65000.0,,1342.0,,,,,,,,,2015,Metal Loss_21370.4,True,21370.38,21370.38,METAL_LOSS,False,5.033333333333333,905,21341.046336411284
5930.0,,0.344,-19.37,20.7,21370.48,Metal Loss,External,20.0,0.069,,,1.89,2.21,6:18,,,0.7,139.37,,MFL-A/XT,,1160.0,65000.0,,1342.0,1445.34,2006.81,1513.32,2101.21,1515.14,2103.73,0.77,1.81,2015,Metal Loss_21370.5,True,21370.48,21370.48,METAL_LOSS,False,6.3,906,21341.146161716995
5930.0,,0.344,-20.1,19.96,21371.21,Metal Loss,External,14.0,0.048,,,1.97,3.58,5:38,,,0.7,139.36,,MFL-A/XT,,1160.0,65000.0,,1342.0,1454.15,2019.05,,,,,,,2015,Metal Loss_21371.2,True,21371.21,21371.21,METAL_LOSS,False,5.633333333333333,907,21341.874886448713
5930.0,,0.344,-32.76,7.3,21383.87,Metal Loss,External,12.0,0.041,,,1.81,1.85,4:38,,,0.7,139.17,,MFL-A/XT,,1160.0,65000.0,,1342.0,,,,,,,,,2015,Metal Loss_21383.9,True,21383.87,21383.87,METAL_LOSS,False,4.633333333333333,910,21354.512770152232
5930.0,,0.344,-33.06,7.01,21384.17,Metal Loss,External,13.0,0.045,,,0.55,1.02,4:19,,,0.7,139.17,,MFL-A/XT,,1160.0,65000.0,,1342.0,1474.18,2046.86,,,,,,,2015,Metal Loss_21384.2,True,21384.17,21384.17,METAL_LOSS,False,4.316666666666666,911,21354.812246069378
5930.0,,0.344,-33.27,6.8,21384.38,Cluster,External,23.0,0.079,,,3.0,3.44,4:43,,,0.7,139.17,,,,1160.0,65000.0,,1342.0,1407.81,1954.71,1467.33,2037.35,1485.78,2062.96,0.79,1.76,2015,Cluster_21384.4,True,21384.38,21384.38,CLUSTER,False,4.716666666666667,912,21355.02187921138
5930.0,,0.344,-33.27,6.79,21384.38,Metal Loss,External,47.0,0.162,,,1.1,1.22,3:57,,,0.7,139.17,,MFL-A/XT,,1160.0,65000.0,,1342.0,1440.52,2000.12,1505.16,2089.88,1512.04,2099.43,0.77,1.8,2015,Metal Loss_21384.4,True,21384.38,21384.38,METAL_LOSS,False,3.95,913,21355.02187921138
5930.0,,0.344,-33.28,6.78,21384.39,Metal Loss,External,12.0,0.041,,,0.63,1.89,4:34,,,0.7,139.17,,MFL-A/XT,,1160.0,65000.0,,1342.0,,,,,,,,,2015,Metal Loss_21384.4,True,21384.39,21384.39,METAL_LOSS,False,4.566666666666666,914,21355.03186174195
5930.0,,0.344,-33.43,6.63,21384.54,Metal Loss,External,10.0,0.034,,,0.51,0.98,4:25,,,0.7,139.17,,MFL-A/XT,,1160.0,65000.0,,1342.0,,,,,,,,,2015,Metal Loss_21384.5,True,21384.54,21384.54,METAL_LOSS,False,4.416666666666667,915,21355.181599700525
5930.0,,0.344,-33.47,6.59,21384.58,Cluster,External,47.0,0.162,,,5.38,5.45,4:05,,,0.7,139.17,,,,1160.0,65000.0,,1342.0,1207.22,1676.19,1198.93,1664.69,1370.96,1903.54,0.97,1.44,2015,Cluster_21384.6,True,21384.58,21384.58,CLUSTER,False,4.083333333333333,916,21355.22152982281
5930.0,,0.344,-33.52,6.54,21384.63,Metal Loss,External,11.0,0.038,,,0.32,0.75,4:24,,,0.7,139.17,,MFL-A/XT,,1160.0,65000.0,,1342.0,,,,,,,,,2015,Metal Loss_21384.6,True,21384.63,21384.63,METAL_LOSS,False,4.4,917,21355.27144247567
5930.0,,0.344,-34.58,5.49,21385.69,Metal Loss,External,14.0,0.048,,,1.5,1.97,4:39,,,0.7,139.17,,MFL-A/XT,,1160.0,65000.0,,1342.0,1462.07,2030.04,,,,,,,2015,Metal Loss_21385.7,True,21385.69,21385.69,METAL_LOSS,False,4.65,919,21356.329590716246
5940.0,,0.344,-0.78,39.31,21391.96,Metal Loss,External,19.0,0.065,,,0.83,1.38,10:43,Recoat,,0.7,139.16,,MFL-A/XT,,1160.0,65000.0,,1342.0,1469.45,2040.3,,,,,,,2015,Metal Loss_21392.0,True,21391.96,21391.96,METAL_LOSS,False,10.716666666666667,929,21362.588638064357
5950.0,,0.344,-37.08,2.99,21468.35,Metal Loss,External,12.0,0.041,,,0.59,0.98,5:40,Recoat,,0.7,139.35,,MFL-A/XT,,1160.0,65000.0,,1342.0,,,,,,,,,2015,Metal Loss_21468.3,True,21468.35,21468.35,METAL_LOSS,False,5.666666666666667,934,21438.8637309708
5950.0,,0.344,-37.15,2.92,21468.42,Metal Loss,External,11.0,0.038,,,0.71,0.59,5:53,Recoat,,0.7,139.35,,MFL-A/XT,,1160.0,65000.0,,1342.0,,,,,,,,,2015,Metal Loss_21468.4,True,21468.42,21468.42,METAL_LOSS,False,5.883333333333333,935,21438.933643623655
5950.0,,0.344,-37.16,2.9,21468.43,Metal Loss,External,13.0,0.045,,,0.51,0.63,5:39,Recoat,,0.7,139.35,,MFL-A/XT,,1160.0,65000.0,,1342.0,1474.51,2047.32,,,,,,,2015,Metal Loss_21468.4,True,21468.43,21468.43,METAL_LOSS,False,5.65,936,21438.943631145496
5950.0,,0.344,-37.31,2.75,21468.58,Metal Loss,External,13.0,0.045,,,1.61,1.85,5:46,Recoat,,0.7,139.35,,MFL-A/XT,,1160.0,65000.0,,1342.0,1461.53,2029.3,,,,,,,2015,Metal Loss_21468.6,True,21468.58,21468.58,METAL_LOSS,False,5.766666666666667,937,21439.093443973048
5950.0,,0.344,-37.32,2.75,21468.59,Metal Loss,External,12.0,0.041,,,0.43,0.59,06:00,Recoat,,0.7,139.35,,MFL-A/XT,,1160.0,65000.0,,1342.0,,,,,,,,,2015,Metal Loss_21468.6,True,21468.59,21468.59,METAL_LOSS,False,6.0,938,21439.10343149488
5950.0,,0.344,-37.41,2.66,21468.68,Metal Loss,External,38.0,0.131,,,1.3,0.79,6:28,Recoat,,0.7,139.35,,MFL-A/XT,,1160.0,65000.0,,1342.0,1440.7,2000.38,1506.65,2091.94,1512.26,2099.74,0.77,1.8,2015,Metal Loss_21468.7,True,21468.68,21468.68,METAL_LOSS,False,6.466666666666667,939,21439.193319191414
5950.0,,0.344,-37.42,2.65,21468.69,Metal Loss,External,32.0,0.11,,,1.89,5.35,7:07,Recoat,,0.7,139.35,,MFL-A/XT,,1160.0,65000.0,,1342.0,1422.65,1975.31,1485.5,2062.57,1492.68,2072.54,0.78,1.78,2015,Metal Loss_21468.7,True,21468.69,21468.69,METAL_LOSS,False,7.116666666666666,940,21439.20330671325
5980.0,,0.344,-0.86,39.17,21552.33,Metal Loss,External,11.0,0.038,,,0.59,0.67,5:29,,,0.7,139.9,,MFL-A/XT,,1160.0,65000.0,,1342.0,,,,,,,,,2015,Metal Loss_21552.3,True,21552.33,21552.33,METAL_LOSS,False,5.483333333333333,945,21522.698495752124
6070.0,,0.344,-0.81,39.29,21875.21,Metal Loss,External,18.0,0.062,,,0.79,5.75,7:34,,,0.7,108.09,,MFL-A/XT,,1160.0,65000.0,,1342.0,1470.54,2041.81,,,,,,,2015,Metal Loss_21875.2,True,21875.21,21875.21,METAL_LOSS,False,7.566666666666666,959,21845.258403591917
6070.0,,0.344,-0.82,39.27,21875.23,Metal Loss,External,12.0,0.041,,,1.34,0.98,3:44,,,0.7,108.09,,MFL-A/XT,,1160.0,65000.0,,1342.0,,,,,,,,,2015,Metal Loss_21875.2,True,21875.23,21875.23,METAL_LOSS,False,3.7333333333333334,960,21845.278363681715
6070.0,,0.344,-0.85,39.24,21875.26,Metal Loss,External,19.0,0.065,,,0.91,4.17,4:24,,,0.7,108.1,,MFL-A/XT,,1160.0,65000.0,,1342.0,1468.11,2038.43,,,,,,,2015,Metal Loss_21875.3,True,21875.26,21875.26,METAL_LOSS,False,4.4,961,21845.30830381641
6090.0,,0.344,-0.75,39.34,21955.27,Metal Loss,External,11.0,0.038,,,1.22,2.72,5:01,,,0.7,116.72,,MFL-A/XT,,1160.0,65000.0,,1342.0,,,,,,,,,2015,Metal Loss_21955.3,True,21955.27,21955.27,METAL_LOSS,False,5.016666666666667,964,21925.13907684631
6100.0,,0.344,-39.16,0.91,22033.77,Cluster,External,51.0,0.175,,,3.56,12.51,5:10,,,0.7,116.08,,,,1160.0,65000.0,,1342.0,1260.37,1750.0,1269.62,1762.84,1420.52,1972.35,0.91,1.52,2015,Cluster_22033.8,True,22033.77,22033.77,CLUSTER,False,5.166666666666667,966,22003.502043923134
6100.0,,0.344,-39.17,0.89,22033.79,Metal Loss,External,21.0,0.072,,,1.42,3.78,8:51,,,0.7,116.08,,MFL-A/XT,,1160.0,65000.0,,1342.0,1456.06,2021.71,1525.84,2118.59,1527.21,2120.5,0.76,1.83,2015,Metal Loss_22033.8,True,22033.79,22033.79,METAL_LOSS,False,8.85,967,22003.521999001747
6100.0,,0.344,-39.42,0.65,22034.04,Metal Loss,External,14.0,0.048,,,0.91,0.59,5:29,,,0.7,116.08,,MFL-A/XT,,1160.0,65000.0,,1342.0,1470.45,2041.68,,,,,,,2015,Metal Loss_22034.0,True,22034.04,22034.04,METAL_LOSS,False,5.483333333333333,968,22003.771437484404
6100.0,,0.344,-39.44,0.63,22034.05,Metal Loss,External,13.0,0.045,,,0.43,0.67,6:33,,,0.7,116.08,,MFL-A/XT,,1160.0,65000.0,,1342.0,1474.95,2047.93,,,,,,,2015,Metal Loss_22034.0,True,22034.05,22034.05,METAL_LOSS,False,6.55,969,22003.781415023706
6110.0,,0.344,-0.73,39.35,22035.41,Metal Loss,External,27.0,0.093,,,2.21,0.63,7:17,,,0.7,116.08,,MFL-A/XT,,1160.0,65000.0,,1342.0,1421.75,1974.07,1484.74,2061.53,1490.77,2069.89,0.78,1.78,2015,Metal Loss_22035.4,True,22035.41,22035.41,METAL_LOSS,False,7.283333333333333,971,22005.139089321357
6110.0,,0.344,-0.78,39.3,22035.46,Metal Loss,External,14.0,0.048,,,1.89,2.01,6:46,,,0.7,116.08,,MFL-A/XT,,1160.0,65000.0,,1342.0,1455.4,2020.79,,,,,,,2015,Metal Loss_22035.5,True,22035.46,22035.46,METAL_LOSS,False,6.766666666666667,972,22005.189026946107
6120.0,,0.344,-39.2,0.88,22113.96,Metal Loss,External,47.0,0.162,,,0.98,2.32,6:05,Recoat,,1.0,116.14,,MFL-A/XT,,1160.0,65000.0,,1342.0,1446.59,2008.56,1512.62,2100.23,1518.34,2108.17,0.77,1.81,2015,Metal Loss_22114.0,True,22113.96,22113.96,METAL_LOSS,False,6.083333333333333,977,22083.561756487023
6120.0,,0.344,-39.2,0.88,22113.96,Metal Loss,External,54.0,0.186,,,1.02,4.33,4:42,Recoat,,1.0,116.14,,MFL-A/XT,,1160.0,65000.0,,1342.0,1437.45,1995.87,1499.97,2082.67,1508.59,2094.63,0.77,1.8,2015,Metal Loss_22114.0,True,22113.96,22113.96,METAL_LOSS,False,4.7,978,22083.561756487023
6180.0,,0.344,-39.19,0.87,22354.2,Metal Loss,External,10.0,0.034,,,0.63,2.79,6:18,,,0.7,113.72,,MFL-A/XT,,1160.0,65000.0,,1342.0,,,,,,,,,2015,Metal Loss_22354.2,True,22354.2,22354.2,METAL_LOSS,False,6.3,986,22323.43214677983
6180.0,,0.344,-39.19,0.87,22354.2,Metal Loss,External,15.0,0.052,,,0.75,2.84,4:45,,,0.7,113.72,,MFL-A/XT,,1160.0,65000.0,,1342.0,1471.98,2043.81,,,,,,,2015,Metal Loss_22354.2,True,22354.2,22354.2,METAL_LOSS,False,4.75,987,22323.43214677983
6270.0,,0.344,-30.9,9.09,22682.99,Metal Loss Manufacturing,,14.0,0.048,,,0.35,0.67,5:59,,,0.7,99.57,,MFL-A/XT,,1160.0,65000.0,,1342.0,,,,,,,,,2015,Metal Loss Manufacturing_22683.0,True,22682.99,22682.99,METAL_LOSS_MFG,False,5.983333333333333,998,22652.0940925
6350.0,,0.344,-34.62,5.44,23006.72,Metal Loss,External,12.0,0.041,,,0.59,1.22,6:49,,,0.7,78.06,,MFL-A/XT,,1160.0,65000.0,,1342.0,,,,,,,,,2015,Metal Loss_23006.7,True,23006.72,23006.72,METAL_LOSS,False,6.816666666666666,1008,22975.535926110835
6350.0,,0.344,-34.9,5.16,23007.0,Metal Loss,External,13.0,0.045,,,0.59,0.67,6:33,,,0.7,78.03,,MFL-A/XT,,1160.0,65000.0,,1342.0,1473.91,2046.49,,,,,,,2015,Metal Loss_23007.0,True,23007.0,23007.0,METAL_LOSS,False,6.55,1009,22975.816135796307
6350.0,,0.344,-34.95,5.11,23007.05,Metal Loss,External,19.0,0.065,,,0.47,0.79,6:54,,,0.7,78.03,,MFL-A/XT,,1160.0,65000.0,,1342.0,1473.85,2046.41,,,,,,,2015,Metal Loss_23007.0,True,23007.05,23007.05,METAL_LOSS,False,6.9,1010,22975.866173240138
6350.0,,0.344,-35.39,4.67,23007.49,Cluster,External,32.0,0.11,,,1.42,1.55,6:20,,,0.7,77.98,,,,1160.0,65000.0,,1342.0,1442.91,2003.44,1509.87,2096.42,1525.19,2117.69,0.77,1.81,2015,Cluster_23007.5,True,23007.49,23007.49,CLUSTER,False,6.333333333333333,1011,22976.306502745883
6350.0,,0.344,-35.61,4.45,23007.71,Metal Loss,External,15.0,0.052,,,0.47,0.94,6:41,,,0.7,77.96,,MFL-A/XT,,1160.0,65000.0,,1342.0,1474.49,2047.29,,,,,,,2015,Metal Loss_23007.7,True,23007.71,23007.71,METAL_LOSS,False,6.683333333333334,1012,22976.52666749875
6350.0,,0.344,-36.44,3.62,23008.54,Metal Loss,External,16.0,0.055,,,0.55,1.1,6:19,,,0.7,77.88,,MFL-A/XT,,1160.0,65000.0,,1342.0,1473.66,2046.14,,,,,,,2015,Metal Loss_23008.5,True,23008.54,23008.54,METAL_LOSS,False,6.316666666666666,1013,22977.3572890664
6360.0,,0.344,-6.43,33.73,23018.59,Metal Loss,External,11.0,0.038,,,0.59,1.06,4:42,,,0.7,76.99,,MFL-A/XT,,1160.0,65000.0,,1342.0,,,,,,,,,2015,Metal Loss_23018.6,True,23018.59,23018.59,METAL_LOSS,False,4.7,1015,22987.41800747198
6360.0,,0.344,-6.79,33.36,23018.95,Metal Loss,External,16.0,0.055,,,1.5,1.46,4:33,,,0.7,76.96,,MFL-A/XT,,1160.0,65000.0,,1342.0,1460.05,2027.25,,,,,,,2015,Metal Loss_23019.0,True,23018.95,23018.95,METAL_LOSS,False,4.55,1016,22987.778455790783
6360.0,,0.344,-7.06,33.09,23019.23,Metal Loss,External,12.0,0.041,,,1.5,1.81,4:28,,,0.7,76.95,,MFL-A/XT,,1160.0,65000.0,,1342.0,,,,,,,,,2015,Metal Loss_23019.2,True,23019.23,23019.23,METAL_LOSS,False,4.466666666666667,1017,22988.058804483186
6360.0,,0.344,-7.44,32.71,23019.6,Metal Loss,External,14.0,0.048,,,1.73,1.26,4:04,,,0.7,76.92,,MFL-A/XT,,1160.0,65000.0,,1342.0,1458.29,2024.8,,,,,,,2015,Metal Loss_23019.6,True,23019.6,23019.6,METAL_LOSS,False,4.066666666666666,1018,22988.42926525529
6360.0,,0.344,-8.67,31.49,23020.83,Metal Loss,External,14.0,0.048,,,0.91,1.3,4:08,,,0.7,76.86,,MFL-A/XT,,1160.0,65000.0,,1342.0,1470.45,2041.68,,,,,,,2015,Metal Loss_23020.8,True,23020.83,23020.83,METAL_LOSS,False,4.133333333333334,1019,22989.66079701121
6360.0,,0.344,-9.14,31.01,23021.31,Metal Loss,External,10.0,0.034,,,0.59,1.18,4:20,,,0.7,76.84,,MFL-A/XT,,1160.0,65000.0,,1342.0,,,,,,,,,2015,Metal Loss_23021.3,True,23021.31,23021.31,METAL_LOSS,False,4.333333333333333,1020,22990.141394769616
6360.0,,0.344,-9.62,30.53,23021.79,Metal Loss,External,24.0,0.083,,,1.22,1.89,3:57,,,0.7,76.82,,MFL-A/XT,,1160.0,65000.0,,1342.0,1458.0,2024.4,1527.98,2121.56,1529.65,2123.88,0.76,1.83,2015,Metal Loss_23021.8,True,23021.79,23021.79,METAL_LOSS,False,3.95,1021,22990.62199252802
6360.0,,0.344,-10.69,29.47,23022.85,Metal Loss,External,21.0,0.072,,,0.71,1.38,7:37,,,0.7,76.79,,MFL-A/XT,,1160.0,65000.0,,1342.0,1470.59,2041.88,1542.31,2141.46,1542.69,2141.99,0.75,1.85,2015,Metal Loss_23022.8,True,23022.85,23022.85,METAL_LOSS,False,7.616666666666667,1022,22991.683312577832
6360.0,,0.344,-10.72,29.43,23022.89,Metal Loss,External,13.0,0.045,,,0.75,1.26,4:10,,,0.7,76.79,,MFL-A/XT,,1160.0,65000.0,,1342.0,1472.48,2044.51,,,,,,,2015,Metal Loss_23022.9,True,23022.89,23022.89,METAL_LOSS,False,4.166666666666667,1023,22991.723362391032
6360.0,,0.344,-10.83,29.32,23023.0,Metal Loss,External,11.0,0.038,,,0.63,1.18,4:11,,,0.7,76.78,,MFL-A/XT,,1160.0,65000.0,,1342.0,,,,,,,,,2015,Metal Loss_23023.0,True,23023.0,23023.0,METAL_LOSS,False,4.183333333333334,1024,22991.833499377335
6360.0,,0.344,-11.13,29.02,23023.3,Metal Loss,External,14.0,0.048,,,0.79,1.22,4:18,,,0.7,76.78,,MFL-A/XT,,1160.0,65000.0,,1342.0,1471.92,2043.73,,,,,,,2015,Metal Loss_23023.3,True,23023.3,23023.3,METAL_LOSS,False,4.3,1025,22992.133872976337
6360.0,,0.344,-11.54,28.62,23023.7,Metal Loss,External,10.0,0.034,,,0.63,0.94,7:30,,,0.7,76.77,,MFL-A/XT,,1160.0,65000.0,,1342.0,,,,,,,,,2015,Metal Loss_23023.7,True,23023.7,23023.7,METAL_LOSS,False,7.5,1026,22992.534371108344
6360.0,,0.344,-11.64,28.51,23023.8,Metal Loss,External,11.0,0.038,,,1.34,1.34,7:29,,,0.7,76.76,,MFL-A/XT,,1160.0,65000.0,,1342.0,,,,,,,,,2015,Metal Loss_23023.8,True,23023.8,23023.8,METAL_LOSS,False,7.483333333333333,1027,22992.634495641345
6360.0,,0.344,-12.23,27.93,23024.39,Metal Loss,External,17.0,0.058,,,0.91,1.73,7:19,,,0.7,76.76,,MFL-A/XT,,1160.0,65000.0,,1342.0,1469.24,2040.0,,,,,,,2015,Metal Loss_23024.4,True,23024.39,23024.39,METAL_LOSS,False,7.316666666666666,1028,22993.22523038605
6360.0,,0.344,-12.66,27.49,23024.82,Metal Loss,External,13.0,0.045,,,1.53,1.73,4:17,,,0.7,76.75,,MFL-A/XT,,1160.0,65000.0,,1342.0,1462.62,2030.82,,,,,,,2015,Metal Loss_23024.8,True,23024.82,23024.82,METAL_LOSS,False,4.283333333333333,1029,22993.655765877957
6360.0,,0.344,-12.71,27.44,23024.88,Metal Loss,External,49.0,0.169,,,0.87,2.03,7:47,,,0.7,76.75,,MFL-A/XT,,1160.0,65000.0,,1342.0,1452.03,2016.1,1519.02,2109.12,1523.9,2115.89,0.76,1.82,2015,Metal Loss_23024.9,True,23024.88,23024.88,METAL_LOSS,False,7.783333333333333,1030,22993.71584059776
6360.0,,0.344,-16.21,23.94,23028.38,Metal Loss,External,10.0,0.034,,,0.63,1.1,4:22,,,0.7,76.79,,MFL-A/XT,,1160.0,65000.0,,1342.0,,,,,,,,,2015,Metal Loss_23028.4,True,23028.38,23028.38,METAL_LOSS,False,4.366666666666666,1031,22997.220199252803
6360.0,,0.344,-16.49,23.66,23028.66,Cluster,External,29.0,0.1,,,1.38,3.65,3:52,,,0.7,76.8,,,,1160.0,65000.0,,1342.0,1448.1,2010.64,1516.22,2105.23,1522.21,2113.56,0.77,1.81,2015,Cluster_23028.7,True,23028.66,23028.66,CLUSTER,False,3.8666666666666667,1032,22997.500547945205
6360.0,,0.344,-16.7,23.46,23028.86,Metal Loss,External,12.0,0.041,,,1.1,1.5,4:20,,,0.7,76.81,,MFL-A/XT,,1160.0,65000.0,,1342.0,,,,,,,,,2015,Metal Loss_23028.9,True,23028.86,23028.86,METAL_LOSS,False,4.333333333333333,1033,22997.700797011206
6360.0,,0.344,-17.6,22.55,23029.76,Metal Loss,External,16.0,0.055,,,0.83,1.26,4:08,,,0.7,76.84,,MFL-A/XT,,1160.0,65000.0,,1342.0,1470.64,2041.95,,,,,,,2015,Metal Loss_23029.8,True,23029.76,23029.76,METAL_LOSS,False,4.133333333333334,1034,22998.601917808217
6360.0,,0.344,-17.98,22.18,23030.14,Metal Loss,External,12.0,0.041,,,0.79,2.05,7:47,,,0.7,76.86,,MFL-A/XT,,1160.0,65000.0,,1342.0,,,,,,,,,2015,Metal Loss_23030.1,True,23030.14,23030.14,METAL_LOSS,False,7.783333333333333,1035,22998.982391033624
6360.0,,0.344,-18.24,21.91,23030.41,Metal Loss,External,11.0,0.038,,,0.98,1.38,4:21,,,0.7,76.88,,MFL-A/XT,,1160.0,65000.0,,1342.0,,,,,,,,,2015,Metal Loss_23030.4,True,23030.41,23030.41,METAL_LOSS,False,4.35,1036,22999.252727272727
6360.0,,0.344,-19.59,20.56,23031.76,Metal Loss,External,23.0,0.079,,,1.26,1.53,4:02,,,0.7,76.95,,MFL-A/XT,,1160.0,65000.0,,1342.0,1457.97,2024.35,1527.98,2121.56,1529.52,2123.7,0.76,1.83,2015,Metal Loss_23031.8,True,23031.76,23031.76,METAL_LOSS,False,4.033333333333333,1037,23000.604408468243
6360.0,,0.344,-20.27,19.88,23032.43,Metal Loss,External,11.0,0.038,,,0.79,1.42,4:20,,,0.7,77.0,,MFL-A/XT,,1160.0,65000.0,,1342.0,,,,,,,,,2015,Metal Loss_23032.4,True,23032.43,23032.43,METAL_LOSS,False,4.333333333333333,1038,23001.27524283935
6360.0,,0.344,-28.08,12.07,23040.25,Metal Loss,External,22.0,0.076,,,0.51,1.3,4:45,,,0.7,77.89,,MFL-A/XT,,1160.0,65000.0,,1342.0,1473.0,2045.22,1544.97,2145.16,1545.22,2145.5,0.75,1.85,2015,Metal Loss_23040.2,True,23040.25,23040.25,METAL_LOSS,False,4.75,1039,23009.104981320048
6360.0,,0.344,-28.41,11.74,23040.57,Metal Loss,External,20.0,0.069,,,1.85,2.4,4:37,,,0.7,77.94,,MFL-A/XT,,1160.0,65000.0,,1342.0,1446.56,2008.51,1514.77,2103.22,1516.51,2105.64,0.77,1.81,2015,Metal Loss_23040.6,True,23040.57,23040.57,METAL_LOSS,False,4.616666666666667,1040,23009.425379825654
6370.0,,0.344,-22.29,17.69,23074.6,Metal Loss,External,10.0,0.034,,,0.39,0.63,3:39,,,0.7,83.9,,MFL-A/XT,,1160.0,65000.0,,1342.0,,,,,,,,,2015,Metal Loss_23074.6,True,23074.6,23074.6,METAL_LOSS,False,3.65,1045,23043.525752876434
6520.0,,0.344,-28.22,11.75,23667.31,Cluster,External,31.0,0.107,,,3.48,8.23,12:24,,,0.7,91.34,,,,1160.0,65000.0,,1342.0,1362.59,1891.92,1409.57,1957.16,1441.16,2001.01,0.82,1.69,2015,Cluster_23667.3,True,23667.31,23667.31,CLUSTER,False,12.4,1064,23635.858819114335
6520.0,,0.344,-28.41,11.55,23667.5,Metal Loss,External,12.0,0.041,,,0.51,0.59,1:18,,,0.7,91.33,,MFL-A/XT,,1160.0,65000.0,,1342.0,,,,,,,,,2015,Metal Loss_23667.5,True,23667.5,23667.5,METAL_LOSS,False,1.3,1065,23636.04867650738
6520.0,,0.344,-29.08,10.89,23668.17,Metal Loss,External,10.0,0.034,,,0.39,0.83,1:39,,,0.7,91.32,,MFL-A/XT,,1160.0,65000.0,,1342.0,,,,,,,,,2015,Metal Loss_23668.2,True,23668.17,23668.17,METAL_LOSS,False,1.65,1066,23636.71817363022
6520.0,,0.344,-29.6,10.36,23668.7,Metal Loss,External,10.0,0.034,,,1.26,2.48,1:27,,,0.7,91.31,,MFL-A/XT,,1160.0,65000.0,,1342.0,,,,,,,,,2015,Metal Loss_23668.7,True,23668.7,23668.7,METAL_LOSS,False,1.45,1067,23637.24777583187
6520.0,,0.344,-29.91,10.05,23669.0,Metal Loss,External,20.0,0.069,,,0.79,2.4,10:29,,,0.7,91.31,,MFL-A/XT,,1160.0,65000.0,,1342.0,1469.63,2040.54,1541.25,2139.99,1541.63,2140.52,0.75,1.84,2015,Metal Loss_23669.0,True,23669.0,23669.0,METAL_LOSS,False,10.483333333333333,1068,23637.547550662995
6520.0,,0.344,-30.0,9.97,23669.09,Metal Loss,External,18.0,0.062,,,0.75,2.05,12:36,,,0.7,91.31,,MFL-A/XT,,1160.0,65000.0,,1342.0,1471.03,2042.48,,,,,,,2015,Metal Loss_23669.1,True,23669.09,23669.09,METAL_LOSS,False,12.6,1069,23637.637483112332
6530.0,,0.344,-26.78,0.88,23705.83,Metal Loss,External,23.0,0.079,,,1.1,6.26,9:05,Repaired?,,0.7,90.94,,MFL-A/XT,,1160.0,65000.0,,1342.0,1461.83,2029.71,1532.39,2127.69,1533.61,2129.37,0.76,1.83,2015,Metal Loss_23705.8,True,23705.83,23705.83,METAL_LOSS,False,9.083333333333334,1077,23674.350643528564
6540.0,,0.344,-0.77,39.23,23707.49,Metal Loss,External,70.0,0.241,,,0.55,1.14,5:10,Recoat,,0.7,90.91,,MFL-A/XT,,1160.0,65000.0,,1342.0,1457.78,2024.09,1523.05,2114.72,1529.01,2122.99,0.76,1.82,2015,Metal Loss_23707.5,True,23707.49,23707.49,METAL_LOSS,False,5.166666666666667,1080,23676.00884471118
6580.0,,0.344,-0.88,39.13,23867.6,Metal Loss,External,22.0,0.076,,,0.71,1.38,5:38,,,0.7,90.1,,MFL-A/XT,,1160.0,65000.0,,1342.0,1470.28,2041.44,1541.95,2140.96,1542.4,2141.58,0.75,1.85,2015,Metal Loss_23867.6,True,23867.6,23867.6,METAL_LOSS,False,5.633333333333333,1087,23835.93824043989
6590.0,,0.344,-38.95,1.09,23945.68,Metal Loss,External,19.0,0.065,,,0.47,0.94,4:57,,,0.7,90.8,,MFL-A/XT,,1160.0,65000.0,,1342.0,1473.97,2046.57,,,,,,,2015,Metal Loss_23945.7,True,23945.68,23945.68,METAL_LOSS,False,4.95,1089,23913.852450049948
6600.0,,0.344,-0.85,39.2,23947.62,Metal Loss,External,16.0,0.055,,,0.75,2.01,4:24,,,0.7,90.91,,MFL-A/XT,,1160.0,65000.0,,1342.0,1471.53,2043.18,,,,,,,2015,Metal Loss_23947.6,True,23947.62,23947.62,METAL_LOSS,False,4.4,1091,23915.787664835163
6990.0,,0.344,-1.29,38.89,25487.18,Metal Loss,External,15.0,0.052,,,0.59,1.26,3:46,,,0.7,51.01,,MFL-A/XT,,1160.0,65000.0,,1342.0,1473.52,2045.95,,,,,,,2015,Metal Loss_25487.2,True,25487.18,25487.18,METAL_LOSS,False,3.7666666666666666,1133,25451.623578894974
6990.0,,0.344,-39.16,1.01,25525.05,Metal Loss,External,10.0,0.034,,,0.75,1.26,6:30,,,0.7,39.48,,MFL-A/XT,,1160.0,65000.0,,1342.0,,,,,,,,,2015,Metal Loss_25525.0,True,25525.05,25525.05,METAL_LOSS,False,6.5,1134,25489.30507715281
7010.0,,0.344,-23.97,16.3,25570.01,Metal Loss,External,12.0,0.041,,,1.26,1.77,4:17,,,0.7,24.56,,MFL-A/XT,,1160.0,65000.0,,1342.0,,,,,,,,,2015,Metal Loss_25570.0,True,25570.01,25570.01,METAL_LOSS,False,4.283333333333333,1137,25533.987382666994
7120.0,,0.344,-1.1,39.18,25875.13,Metal Loss,External,14.0,0.048,,,1.3,2.91,2:10,,,1.0,22.89,,MFL-A/XT,,1160.0,65000.0,,1342.0,1465.25,2034.46,,,,,,,2015,Metal Loss_25875.1,True,25875.13,25875.13,METAL_LOSS,False,2.1666666666666665,1150,25838.4412611718
7160.0,,0.344,-0.83,39.23,26035.21,Metal Loss,External,12.0,0.041,,,0.98,1.58,6:35,,,0.7,94.4,,MFL-A/XT,,1160.0,65000.0,,1342.0,,,,,,,,,2015,Metal Loss_26035.2,True,26035.21,26035.21,METAL_LOSS,False,6.583333333333333,1156,25997.848549675484
7260.0,,0.344,-29.23,10.83,26444.25,Metal Loss Manufacturing,,15.0,0.052,,,0.43,0.71,9:27,,,0.7,163.83,,MFL-A/XT,,1160.0,65000.0,,1342.0,,,,,,,,,2015,Metal Loss Manufacturing_26444.2,True,26444.25,26444.25,METAL_LOSS_MFG,False,9.45,1168,26406.12081377933
7380.0,,0.344,-39.35,0.86,26907.14,Metal Loss,External,55.0,0.189,,,0.87,4.84,4:39,Recoat,,1.0,155.09,,MFL-A/XT,,1160.0,65000.0,,1342.0,1447.44,2009.74,1512.4,2099.92,1518.95,2109.03,0.77,1.81,2015,Metal Loss_26907.1,True,26907.14,26907.14,METAL_LOSS,False,4.65,1187,26867.958552958728
7380.0,,0.344,-39.58,0.64,26907.36,Cluster,External,62.0,0.213,,,1.98,2.87,5:57,Recoat,,1.0,154.99,,,,1160.0,65000.0,,1342.0,1337.36,1856.9,1364.77,1894.96,1486.01,2063.29,0.85,1.63,2015,Cluster_26907.4,True,26907.36,26907.36,CLUSTER,False,5.95,1188,26868.17636499254
7400.0,,0.344,-39.17,1.0,26970.0,Metal Loss,External,10.0,0.034,,,0.94,2.05,3:36,,,0.7,124.79,,MFL-A/XT,,1160.0,65000.0,,1342.0,,,,,,,,,2015,Metal Loss_26970.0,True,26970.0,26970.0,METAL_LOSS,False,3.6,1193,26930.623236245952
7400.0,,0.344,-39.9,0.27,26970.73,Metal Loss,External,12.0,0.041,,,0.55,0.91,1:53,near girth weld,,0.7,124.43,,MFL-A/XT,,1160.0,65000.0,,1342.0,,,,,,,,,2015,Metal Loss_26970.7,True,26970.73,26970.73,METAL_LOSS,False,1.8833333333333333,1194,26931.350873786407
7400.0,,0.344,-39.91,0.26,26970.74,Metal Loss,External,24.0,0.083,,,0.51,1.02,2:48,near girth weld,,0.7,124.43,,MFL-A/XT,,1160.0,65000.0,,1342.0,1472.65,2044.74,1544.57,2144.6,1544.89,2145.05,0.75,1.85,2015,Metal Loss_26970.7,True,26970.74,26970.74,METAL_LOSS,False,2.8,1195,26931.36084142395
7400.0,,0.344,-40.01,0.16,26970.84,Metal Loss,External,12.0,0.041,,,0.98,7.17,2:13,near girth weld,,0.7,124.38,,MFL-A/XT,,1160.0,65000.0,,1342.0,,,,,,,,,2015,Metal Loss_26970.8,True,26970.84,26970.84,METAL_LOSS,False,2.216666666666667,1196,26931.46051779935
7420.0,,0.344,-0.9,29.28,26985.11,Metal Loss,External,11.0,0.038,,,0.55,1.18,5:22,,,0.7,123.84,,MFL-A/XT,,1160.0,65000.0,,1342.0,,,,,,,,,2015,Metal Loss_26985.1,True,26985.11,26985.11,METAL_LOSS,False,5.366666666666666,1201,26946.43986083499
7420.0,,0.344,-0.92,29.26,26985.13,Metal Loss,External,11.0,0.038,,,0.75,1.58,2:11,,,0.7,123.84,,MFL-A/XT,,1160.0,65000.0,,1342.0,,,,,,,,,2015,Metal Loss_26985.1,True,26985.13,26985.13,METAL_LOSS,False,2.183333333333333,1202,26946.459635520212
7420.0,,0.344,-1.1,29.08,26985.31,Metal Loss,External,29.0,0.1,,,0.91,2.24,3:46,,,0.7,123.91,,MFL-A/XT,,1160.0,65000.0,,1342.0,1462.87,2031.16,1533.38,2129.06,1534.98,2131.29,0.76,1.84,2015,Metal Loss_26985.3,True,26985.31,26985.31,METAL_LOSS,False,3.7666666666666666,1203,26946.63760768721
7420.0,,0.344,-1.21,28.97,26985.43,Metal Loss,External,20.0,0.069,,,1.06,2.91,10:43,,,0.7,123.96,,MFL-A/XT,,1160.0,65000.0,,1342.0,1464.69,2033.69,1535.72,2132.3,1536.39,2133.23,0.76,1.84,2015,Metal Loss_26985.4,True,26985.43,26985.43,METAL_LOSS,False,10.716666666666667,1204,26946.756255798544
7490.0,,0.344,-38.3,1.65,27284.67,Metal Loss,External,13.0,0.045,,,1.22,2.13,5:53,,,0.7,187.04,,MFL-A/XT,,1160.0,65000.0,,1342.0,1467.24,2037.22,,,,,,,2015,Metal Loss_27284.7,True,27284.67,27284.67,METAL_LOSS,False,5.883333333333333,1212,27244.818347934917
7490.0,,0.344,-38.69,1.26,27285.06,Metal Loss,External,17.0,0.058,,,0.67,1.42,6:07,,,0.7,187.05,,MFL-A/XT,,1160.0,65000.0,,1342.0,1472.35,2044.32,,,,,,,2015,Metal Loss_27285.1,True,27285.06,27285.06,METAL_LOSS,False,6.116666666666666,1213,27245.208738423033
7550.0,,0.344,-39.47,0.53,27515.06,Metal Loss,External,12.0,0.041,,,0.63,1.1,7:25,,,0.7,188.14,,MFL-A/XT,,1160.0,65000.0,,1342.0,,,,,,,,,2015,Metal Loss_27515.1,True,27515.06,27515.06,METAL_LOSS,False,7.416666666666667,1221,27475.1998675
7550.0,,0.344,-39.69,0.31,27515.29,Cluster,External,19.0,0.065,,,1.08,4.23,7:58,near girth weld,,0.7,188.14,,,,1160.0,65000.0,,1342.0,1465.44,2034.73,,,,,,,2015,Cluster_27515.3,True,27515.29,27515.29,CLUSTER,False,7.966666666666667,1222,27475.429925
7670.0,,0.344,-31.33,8.62,27987.82,Cluster,External,23.0,0.079,,,1.74,2.45,7:49,,,0.7,172.37,,,,1160.0,65000.0,,1342.0,1444.85,2006.14,1512.69,2100.33,1520.1,2110.63,0.77,1.81,2015,Cluster_27987.8,True,27987.82,27987.82,CLUSTER,False,7.816666666666666,1236,27947.00531163955
7670.0,,0.344,-35.55,4.4,27992.04,Metal Loss,External,24.0,0.083,,,0.71,1.26,1:54,,,0.7,170.53,,MFL-A/XT,,1160.0,65000.0,,1342.0,1469.64,2040.56,1541.2,2139.92,1541.8,2140.75,0.75,1.84,2015,Metal Loss_27992.0,True,27992.04,27992.04,METAL_LOSS,False,1.9,1237,27951.203128911144
7670.0,,0.344,-35.84,4.11,27992.33,Metal Loss,External,11.0,0.038,,,0.63,1.26,1:56,,,0.7,170.4,,MFL-A/XT,,1160.0,65000.0,,1342.0,,,,,,,,,2015,Metal Loss_27992.3,True,27992.33,27992.33,METAL_LOSS,False,1.9333333333333333,1238,27951.491604505638
7760.0,,0.344,-39.63,0.49,28302.37,Metal Loss,External,12.0,0.041,,,1.85,0.71,4:35,,,0.7,159.61,,MFL-A/XT,,1160.0,65000.0,,1342.0,,,,,,,,,2015,Metal Loss_28302.4,True,28302.37,28302.37,METAL_LOSS,False,4.583333333333333,1249,28261.280488534394
7860.0,,0.344,-17.97,22.08,28674.28,Metal Loss,External,12.0,0.041,,,0.67,1.06,7:17,,,0.7,129.85,,MFL-A/XT,,1160.0,65000.0,,1342.0,,,,,,,,,2015,Metal Loss_28674.3,True,28674.28,28674.28,METAL_LOSS,False,7.283333333333333,1260,28632.229605591612
7860.0,,0.344,-18.12,21.93,28674.43,Metal Loss,External,12.0,0.041,,,1.06,2.13,7:08,,,0.7,129.85,,MFL-A/XT,,1160.0,65000.0,,1342.0,,,,,,,,,2015,Metal Loss_28674.4,True,28674.43,28674.43,METAL_LOSS,False,7.133333333333334,1261,28632.379268597106
7910.0,,0.344,-0.74,39.36,28857.2,Metal Loss,External,31.0,0.107,,,1.69,6.58,4:26,Recoat,,0.7,132.35,,MFL-A/XT,,1160.0,65000.0,,1342.0,1433.18,1989.94,1498.34,2080.41,1503.93,2088.16,0.77,1.79,2015,Metal Loss_28857.2,True,28857.2,28857.2,METAL_LOSS,False,4.433333333333334,1270,28814.798339152123
7910.0,,0.344,-0.76,39.34,28857.22,Metal Loss,External,57.0,0.196,,,1.06,2.56,5:56,Recoat,,0.7,132.34,,MFL-A/XT,,1160.0,65000.0,,1342.0,1431.4,1987.46,1491.48,2070.88,1502.05,2085.56,0.78,1.79,2015,Metal Loss_28857.2,True,28857.22,28857.22,METAL_LOSS,False,5.933333333333334,1271,28814.818294264343
7990.0,,0.344,-0.7,39.37,29171.21,Cluster,External,55.0,0.189,,,1.74,6.91,4:05,,,0.7,127.0,,,,1160.0,65000.0,,1342.0,1380.44,1916.71,1426.46,1980.61,1442.46,2002.82,0.81,1.71,2015,Cluster_29171.2,True,29171.21,29171.21,CLUSTER,False,4.083333333333333,1286,29128.19860279441
8060.0,,0.344,-3.36,36.7,29454.61,Metal Loss,External,44.0,0.151,,,0.75,0.93,5:42,,,1.0,110.44,,MFL-A/XT,,1160.0,65000.0,,1342.0,1460.57,2027.96,1529.88,2124.2,1532.73,2128.15,0.76,1.83,2015,Metal Loss_29454.6,True,29454.61,29454.61,METAL_LOSS,False,5.7,1303,29411.04335496755
8060.0,,0.344,-4.11,35.95,29455.36,Metal Loss,External,13.0,0.045,,,1.89,1.1,6:32,,,1.0,110.35,,MFL-A/XT,,1160.0,65000.0,,1342.0,1457.01,2023.02,,,,,,,2015,Metal Loss_29455.4,True,29455.36,29455.36,METAL_LOSS,False,6.533333333333333,1304,29411.794103844233
8060.0,,0.344,-4.11,35.95,29455.36,Metal Loss,External,15.0,0.052,,,0.35,1.26,6:13,,,1.0,110.35,,MFL-A/XT,,1160.0,65000.0,,1342.0,1475.18,2048.25,,,,,,,2015,Metal Loss_29455.4,True,29455.36,29455.36,METAL_LOSS,False,6.216666666666667,1305,29411.794103844233
8060.0,,0.344,-4.65,35.4,29455.91,Metal Loss,External,14.0,0.048,,,2.05,1.53,6:04,,,1.0,110.29,,MFL-A/XT,,1160.0,65000.0,,1342.0,1452.68,2017.02,,,,,,,2015,Metal Loss_29455.9,True,29455.91,29455.91,METAL_LOSS,False,6.066666666666666,1306,29412.344653020467
8060.0,,0.344,-13.08,26.98,29464.33,Metal Loss,External,13.0,0.045,,,2.21,2.09,5:28,,,1.0,109.34,,MFL-A/XT,,1160.0,65000.0,,1342.0,1451.97,2016.02,,,,,,,2015,Metal Loss_29464.3,True,29464.33,29464.33,METAL_LOSS,False,5.466666666666667,1309,29420.77306040939
8060.0,,0.344,-13.71,26.35,29464.97,Metal Loss,External,12.0,0.041,,,1.65,2.17,4:59,,,1.0,109.27,,MFL-A/XT,,1160.0,65000.0,,1342.0,,,,,,,,,2015,Metal Loss_29465.0,True,29464.97,29464.97,METAL_LOSS,False,4.983333333333333,1310,29421.413699450823
8060.0,,0.344,-14.25,25.81,29465.5,Metal Loss,External,29.0,0.1,,,1.61,1.61,7:29,,,1.0,109.21,,MFL-A/XT,,1160.0,65000.0,,1342.0,1439.25,1998.37,1505.76,2090.71,1510.21,2096.89,0.77,1.8,2015,Metal Loss_29465.5,True,29465.5,29465.5,METAL_LOSS,False,7.483333333333333,1311,29421.944228657012
8060.0,,0.344,-14.39,25.67,29465.64,Metal Loss,External,13.0,0.045,,,0.43,0.87,5:19,,,1.0,109.2,,MFL-A/XT,,1160.0,65000.0,,1342.0,1474.95,2047.93,,,,,,,2015,Metal Loss_29465.6,True,29465.64,29465.64,METAL_LOSS,False,5.316666666666666,1312,29422.08436844733
8060.0,,0.344,-15.5,24.56,29466.75,Metal Loss,External,33.0,0.114,,,1.89,1.14,4:29,,,1.0,109.08,,MFL-A/XT,,1160.0,65000.0,,1342.0,1420.58,1972.44,1482.87,2058.93,1490.56,2069.61,0.78,1.77,2015,Metal Loss_29466.8,True,29466.75,29466.75,METAL_LOSS,False,4.483333333333333,1313,29423.195476784822
8060.0,,0.344,-15.52,24.54,29466.77,Metal Loss,External,11.0,0.038,,,1.42,1.18,5:05,,,1.0,109.08,,MFL-A/XT,,1160.0,65000.0,,1342.0,,,,,,,,,2015,Metal Loss_29466.8,True,29466.77,29466.77,METAL_LOSS,False,5.083333333333333,1314,29423.215496754867
8060.0,,0.344,-16.71,23.34,29467.97,Metal Loss,External,22.0,0.076,,,0.75,1.3,7:25,,,1.0,108.95,,MFL-A/XT,,1160.0,65000.0,,1342.0,1469.48,2040.34,1541.06,2139.72,1541.57,2140.44,0.75,1.84,2015,Metal Loss_29468.0,True,29467.97,29467.97,METAL_LOSS,False,7.416666666666667,1315,29424.416694957563
8060.0,,0.344,-17.81,22.25,29469.06,Metal Loss,External,67.0,0.23,,,0.83,0.6,7:43,,,1.0,108.84,,MFL-A/XT,,1160.0,65000.0,,1342.0,1439.43,1998.61,1498.81,2081.06,1509.72,2096.2,0.77,1.79,2015,Metal Loss_29469.1,True,29469.06,29469.06,METAL_LOSS,False,7.716666666666667,1316,29425.507783325014
8060.0,,0.344,-19.7,20.35,29470.96,Metal Loss,External,14.0,0.048,,,0.63,0.98,5:11,,,1.0,108.65,,MFL-A/XT,,1160.0,65000.0,,1342.0,1473.42,2045.8,,,,,,,2015,Metal Loss_29471.0,True,29470.96,29470.96,METAL_LOSS,False,5.183333333333334,1317,29427.40968047928
8060.0,,0.344,-19.76,20.3,29471.01,Metal Loss,External,21.0,0.072,,,0.71,1.06,7:37,,,1.0,108.65,,MFL-A/XT,,1160.0,65000.0,,1342.0,1470.59,2041.88,1542.31,2141.46,1542.69,2141.99,0.75,1.85,2015,Metal Loss_29471.0,True,29471.01,29471.01,METAL_LOSS,False,7.616666666666667,1318,29427.45973040439
8060.0,,0.344,-34.09,5.97,29485.34,Metal Loss,External,13.0,0.045,,,1.02,0.63,8:18,,,1.0,107.94,,MFL-A/XT,,1160.0,65000.0,,1342.0,1469.66,2040.59,,,,,,,2015,Metal Loss_29485.3,True,29485.34,29485.34,METAL_LOSS,False,8.3,1320,29441.804038941587
8060.0,,0.344,-34.37,5.68,29485.63,Metal Loss,External,13.0,0.045,,,0.67,1.1,8:04,,,1.0,107.94,,MFL-A/XT,,1160.0,65000.0,,1342.0,1473.24,2045.55,,,,,,,2015,Metal Loss_29485.6,True,29485.63,29485.63,METAL_LOSS,False,8.066666666666666,1321,29442.09432850724
8060.0,,0.344,-34.89,5.17,29486.15,Metal Loss,External,22.0,0.076,,,0.79,1.65,08:00,,,1.0,107.94,,MFL-A/XT,,1160.0,65000.0,,1342.0,1469.07,2039.77,1540.6,2139.08,1541.14,2139.84,0.75,1.84,2015,Metal Loss_29486.2,True,29486.15,29486.15,METAL_LOSS,False,8.0,1322,29442.614847728408
8060.0,,0.344,-39.19,0.87,29490.45,Metal Loss,External,66.0,0.227,,,0.75,1.58,4:56,Recoat,,1.0,107.97,,MFL-A/XT,,1160.0,65000.0,,1342.0,1445.99,2007.72,1507.99,2093.81,1516.77,2106.0,0.77,1.81,2015,Metal Loss_29490.5,True,29490.45,29490.45,METAL_LOSS,False,4.933333333333334,1325,29446.919141288065
8140.0,,0.344,-0.71,39.94,29742.02,Metal Loss,External,47.0,0.162,,,0.67,2.01,10:29,,,0.7,97.3,,MFL-A/XT,,1160.0,65000.0,,1342.0,1462.07,2030.04,1531.47,2126.41,1534.22,2130.22,0.76,1.83,2015,Metal Loss_29742.0,True,29742.02,29742.02,METAL_LOSS,False,10.483333333333333,1337,29698.45056594488
8280.0,,0.344,-31.87,8.12,30308.63,Metal Loss,External,10.0,0.034,,,0.79,1.42,4:26,,,0.7,117.76,,MFL-A/XT,,1160.0,65000.0,,1342.0,,,,,,,,,2015,Metal Loss_30308.6,True,30308.63,30308.63,METAL_LOSS,False,4.433333333333334,1354,30263.724213553392
8280.0,,0.344,-32.15,7.84,30308.91,Metal Loss,External,16.0,0.055,,,0.75,1.46,4:45,,,0.7,117.74,,MFL-A/XT,,1160.0,65000.0,,1342.0,1471.67,2043.38,,,,,,,2015,Metal Loss_30308.9,True,30308.91,30308.91,METAL_LOSS,False,4.75,1355,30264.00372343086
8280.0,,0.344,-32.46,7.53,30309.22,Metal Loss,External,23.0,0.079,,,0.63,1.18,4:27,,,0.7,117.72,,MFL-A/XT,,1160.0,65000.0,,1342.0,1471.31,2042.88,1543.09,2142.54,1543.5,2143.11,0.75,1.85,2015,Metal Loss_30309.2,True,30309.22,30309.22,METAL_LOSS,False,4.45,1356,30264.3131807952
8280.0,,0.344,-32.69,7.31,30309.45,Metal Loss,External,10.0,0.034,,,0.51,0.79,4:29,,,0.7,117.7,,MFL-A/XT,,1160.0,65000.0,,1342.0,,,,,,,,,2015,Metal Loss_30309.5,True,30309.45,30309.45,METAL_LOSS,False,4.483333333333333,1357,30264.54277819455
8290.0,,0.344,-16.37,23.56,30333.12,Metal Loss,External,19.0,0.065,,,0.59,1.06,4:11,,,0.7,116.26,,MFL-A/XT,,1160.0,65000.0,,1342.0,1472.71,2044.82,,,,,,,2015,Metal Loss_30333.1,True,30333.12,30333.12,METAL_LOSS,False,4.183333333333334,1359,30288.138504883547
8300.0,,0.344,-0.8,39.23,30357.49,Metal Loss,External,10.0,0.034,,,0.59,2.05,5:20,,,0.7,115.68,,MFL-A/XT,,1160.0,65000.0,,1342.0,,,,,,,,,2015,Metal Loss_30357.5,True,30357.49,30357.49,METAL_LOSS,False,5.333333333333333,1361,30312.416965534467
8300.0,,0.344,-39.27,0.76,30395.95,Metal Loss,External,11.0,0.038,,,1.5,2.05,6:01,,,0.7,115.05,,MFL-A/XT,,1160.0,65000.0,,1342.0,,,,,,,,,2015,Metal Loss_30396.0,True,30395.95,30395.95,METAL_LOSS,False,6.016666666666667,1362,30350.732884615383
8300.0,,0.344,-39.64,0.39,30396.32,Metal Loss,External,12.0,0.041,,,0.75,1.14,5:37,,,0.7,115.04,,MFL-A/XT,,1160.0,65000.0,,1342.0,,,,,,,,,2015,Metal Loss_30396.3,True,30396.32,30396.32,METAL_LOSS,False,5.616666666666667,1363,30351.101498501495
8460.0,,0.344,-39.99,0.19,30970.79,Metal Loss,External,14.0,0.048,,,0.75,1.5,5:51,near girth weld,,0.7,124.44,,MFL-A/XT,,1160.0,65000.0,,1342.0,1472.29,2044.24,,,,,,,2015,Metal Loss_30970.8,True,30970.79,30970.79,METAL_LOSS,False,5.85,1384,30924.170898456945
8460.0,,0.344,-40.09,0.1,30970.88,Metal Loss,External,18.0,0.062,,,0.47,6.97,5:44,affecting girth weld,,0.7,124.44,,MFL-A/XT,,1160.0,65000.0,,1342.0,1474.1,2046.75,,,,,,,2015,Metal Loss_30970.9,True,30970.88,30970.88,METAL_LOSS,False,5.733333333333333,1385,30924.260472872076
8520.0,,0.344,-17.7,22.5,31153.53,Metal Loss,External,12.0,0.041,,,1.69,2.36,4:17,,,0.7,123.07,,MFL-A/XT,,1160.0,65000.0,,1342.0,,,,,,,,,2015,Metal Loss_31153.5,True,31153.53,31153.53,METAL_LOSS,False,4.283333333333333,1394,31105.910746268655
8520.0,,0.344,-18.03,22.17,31153.86,Metal Loss,External,18.0,0.062,,,1.14,1.77,7:05,,,0.7,123.09,,MFL-A/XT,,1160.0,65000.0,,1342.0,1464.48,2033.39,,,,,,,2015,Metal Loss_31153.9,True,31153.86,31153.86,METAL_LOSS,False,7.083333333333333,1395,31106.23926865672
8520.0,,0.344,-18.47,21.73,31154.3,Metal Loss,External,19.0,0.065,,,1.97,1.42,6:59,,,0.7,123.1,,MFL-A/XT,,1160.0,65000.0,,1342.0,1445.32,2006.8,,,,,,,2015,Metal Loss_31154.3,True,31154.3,31154.3,METAL_LOSS,False,6.983333333333333,1396,31106.677298507464
8520.0,,0.344,-19.14,21.05,31154.98,Metal Loss,External,13.0,0.045,,,0.98,2.01,7:04,,,0.7,123.13,,MFL-A/XT,,1160.0,65000.0,,1342.0,1470.08,2041.17,,,,,,,2015,Metal Loss_31155.0,True,31154.98,31154.98,METAL_LOSS,False,7.066666666666666,1397,31107.354253731344
8590.0,,0.344,-39.12,0.95,31450.88,Metal Loss,External,13.0,0.045,,,1.85,0.91,5:10,,,0.7,138.94,,MFL-A/XT,,1160.0,65000.0,,1342.0,1457.78,2024.09,,,,,,,2015,Metal Loss_31450.9,True,31450.88,31450.88,METAL_LOSS,False,5.166666666666667,1405,31402.29213376591
8590.0,,0.344,-39.2,0.87,31450.96,Metal Loss,External,19.0,0.065,,,0.79,1.61,8:03,,,0.7,138.93,,MFL-A/XT,,1160.0,65000.0,,1342.0,1470.0,2041.06,,,,,,,2015,Metal Loss_31451.0,True,31450.96,31450.96,METAL_LOSS,False,8.05,1406,31402.371954080358
8640.0,,0.344,-4.62,1.84,31555.39,Metal Loss,External,67.0,0.23,,,1.02,0.7,11:56,,,0.7,140.6,,MFL-A/XT,,1160.0,65000.0,,1342.0,1421.22,1973.33,1474.13,2046.79,1490.23,2069.15,0.79,1.76,2015,Metal Loss_31555.4,True,31555.39,31555.39,METAL_LOSS,False,11.933333333333334,1413,31506.671640866873
8640.0,,0.344,-4.93,1.53,31555.71,Metal Loss,External,14.0,0.048,,,0.75,1.06,1:57,,,0.7,140.57,,MFL-A/XT,,1160.0,65000.0,,1342.0,1472.29,2044.24,,,,,,,2015,Metal Loss_31555.7,True,31555.71,31555.71,METAL_LOSS,False,1.95,1415,31506.975789473683
8650.0,,0.344,-0.83,39.22,31558.06,Metal Loss,External,16.0,0.055,,,0.67,0.63,5:26,,,0.7,140.37,,MFL-A/XT,,1160.0,65000.0,,1342.0,1472.48,2044.49,,,,,,,2015,Metal Loss_31558.1,True,31558.06,31558.06,METAL_LOSS,False,5.433333333333334,1418,31509.250614385615
8650.0,,0.344,-0.87,39.18,31558.11,Metal Loss,External,10.0,0.034,,,0.98,5.28,10:10,,,0.7,140.37,,MFL-A/XT,,1160.0,65000.0,,1342.0,,,,,,,,,2015,Metal Loss_31558.1,True,31558.11,31558.11,METAL_LOSS,False,10.166666666666666,1419,31509.300651848152
8660.0,,0.344,-0.85,15.23,31598.14,Metal Loss,External,14.0,0.048,,,0.79,1.1,5:18,,,0.7,136.77,,MFL-A/XT,,1160.0,65000.0,,1342.0,1471.8,2043.55,,,,,,,2015,Metal Loss_31598.1,True,31598.14,31598.14,METAL_LOSS,False,5.3,1423,31549.350379117466
8660.0,,0.344,-0.89,15.2,31598.17,Metal Loss,External,12.0,0.041,,,2.13,1.1,4:55,,,0.7,136.77,,MFL-A/XT,,1160.0,65000.0,,1342.0,,,,,,,,,2015,Metal Loss_31598.2,True,31598.17,31598.17,METAL_LOSS,False,4.916666666666667,1424,31549.380043505284
8660.0,,0.344,-0.89,15.19,31598.18,Cluster,External,21.0,0.072,,,1.62,3.98,5:55,,,0.7,136.77,,,,1160.0,65000.0,,1342.0,1451.05,2014.75,1520.03,2110.52,1519.09,2109.21,0.76,1.82,2015,Cluster_31598.2,True,31598.18,31598.18,CLUSTER,False,5.916666666666667,1425,31549.389931634556
8660.0,,0.344,-0.93,15.16,31598.21,Metal Loss,External,30.0,0.103,,,0.91,2.09,7:11,,,0.7,136.76,,MFL-A/XT,,1160.0,65000.0,,1342.0,1462.3,2030.37,1532.69,2128.1,1534.43,2130.51,0.76,1.83,2015,Metal Loss_31598.2,True,31598.21,31598.21,METAL_LOSS,False,7.183333333333334,1426,31549.419596022373
8660.0,,0.344,-1.0,15.09,31598.28,Metal Loss,External,23.0,0.079,,,0.71,1.22,3:33,,,0.7,136.76,,MFL-A/XT,,1160.0,65000.0,,1342.0,1469.96,2041.0,1541.58,2140.44,1542.1,2141.17,0.75,1.85,2015,Metal Loss_31598.3,True,31598.28,31598.28,METAL_LOSS,False,3.55,1427,31549.488812927284
8660.0,,0.344,-2.95,13.13,31600.23,Metal Loss,External,10.0,0.034,,,0.75,0.79,11:27,,,0.7,136.57,,MFL-A/XT,,1160.0,65000.0,,1342.0,,,,,,,,,2015,Metal Loss_31600.2,True,31600.23,31600.23,METAL_LOSS,False,11.45,1429,31551.41699813549
8660.0,,0.344,-15.49,0.6,31612.77,Metal Loss,External,13.0,0.045,,,0.63,1.02,2:28,,,0.7,135.34,,MFL-A/XT,,1160.0,65000.0,,1342.0,1473.54,2045.97,,,,,,,2015,Metal Loss_31612.8,True,31612.77,31612.77,METAL_LOSS,False,2.466666666666667,1431,31563.81671224363
8680.0,,0.344,-9.63,1.53,31632.34,Metal Loss,External,22.0,0.076,,,0.79,1.42,6:21,,,1.0,135.98,,MFL-A/XT,,1160.0,65000.0,,1342.0,1468.86,2039.48,1540.36,2138.76,1540.92,2139.53,0.75,1.84,2015,Metal Loss_31632.3,True,31632.34,31632.34,METAL_LOSS,False,6.35,1441,31583.547016129036
8690.0,,0.344,-0.37,20.81,31634.25,Metal Loss,External,12.0,0.041,,,0.75,1.14,8:35,,,1.0,136.14,,MFL-A/XT,,1160.0,65000.0,,1342.0,,,,,,,,,2015,Metal Loss_31634.2,True,31634.25,31634.25,METAL_LOSS,False,8.583333333333334,1443,31585.419461756377
8690.0,,0.344,-1.53,19.65,31635.4,Metal Loss,External,23.0,0.079,,,0.91,2.64,5:54,,,1.0,136.24,,MFL-A/XT,,1160.0,65000.0,,1342.0,1466.35,2036.0,1537.52,2134.81,1538.35,2135.97,0.75,1.84,2015,Metal Loss_31635.4,True,31635.4,31635.4,METAL_LOSS,False,5.9,1444,31586.567832861194
8700.0,,0.344,-1.36,38.66,31656.41,Metal Loss,External,13.0,0.045,,,0.63,1.14,6:06,,,0.7,137.88,,MFL-A/XT,,1160.0,65000.0,,1342.0,1473.63,2046.1,,,,,,,2015,Metal Loss_31656.4,True,31656.41,31656.41,METAL_LOSS,False,6.1,1446,31607.54796101949
8700.0,,0.344,-40.02,0.0,31695.07,Metal Loss,External,15.0,0.052,,,1.73,2.36,5:19,affecting girth weld,,0.7,140.84,,MFL-A/XT,,1160.0,65000.0,,1342.0,1456.88,2022.85,,,,,,,2015,Metal Loss_31695.1,True,31695.07,31695.07,METAL_LOSS,False,5.316666666666666,1447,31646.15
8910.0,,0.344,-39.03,0.86,32268.11,Metal Loss,External,14.0,0.048,,,0.67,2.52,6:55,,,0.7,54.7,,MFL-A/XT,,1160.0,65000.0,,1342.0,1473.1,2045.36,,,,,,,2015,Metal Loss_32268.1,True,32268.11,32268.11,METAL_LOSS,False,6.916666666666667,1469,32218.114687891702
8910.0,,0.344,-39.15,0.74,32268.22,Metal Loss,External,11.0,0.038,,,1.3,3.19,5:57,,,0.7,54.66,,MFL-A/XT,,1160.0,65000.0,,1342.0,,,,,,,,,2015,Metal Loss_32268.2,True,32268.22,32268.22,METAL_LOSS,False,5.95,1470,32218.224081223365
8960.0,,0.344,-34.16,0.1,32400.7,Metal Loss,External,15.0,0.052,,,0.55,5.87,6:17,affecting girth weld,,1.0,31.1,,MFL-A/XT,,1160.0,65000.0,,1342.0,1473.83,2046.38,,,,,,,2015,Metal Loss_32400.7,True,32400.7,32400.7,METAL_LOSS,False,6.283333333333333,1477,32350.83140105079
8980.0,,0.344,-0.09,10.75,32410.99,Cluster,External,21.0,0.072,,,2.17,12.07,8:46,near girth weld,,1.0,33.11,,,,1160.0,65000.0,,1342.0,1436.27,1994.22,1502.48,2086.15,1508.44,2094.43,0.77,1.8,2015,Cluster_32411.0,True,32410.99,32410.99,CLUSTER,False,8.766666666666667,1481,32361.576761992623
9030.0,,0.344,-29.3,0.15,32564.03,Metal Loss,External,12.0,0.041,,,1.3,2.01,1:04,affecting girth weld,,0.7,97.43,,MFL-A/XT,,1160.0,65000.0,,1342.0,,,,,,,,,2015,Metal Loss_32564.0,True,32564.03,32564.03,METAL_LOSS,False,1.0666666666666667,1489,32514.290560081463
9040.0,,0.344,-0.62,39.22,32564.8,Metal Loss,External,11.0,0.038,,,1.18,0.94,11:59,,,0.7,97.86,,MFL-A/XT,,1160.0,65000.0,,1342.0,,,,,,,,,2015,Metal Loss_32564.8,True,32564.8,32564.8,METAL_LOSS,False,11.983333333333333,1491,32515.05828815261
9040.0,,0.344,-0.68,39.16,32564.85,Metal Loss,External,11.0,0.038,,,1.69,1.02,1:22,,,0.7,97.89,,MFL-A/XT,,1160.0,65000.0,,1342.0,,,,,,,,,2015,Metal Loss_32564.8,True,32564.85,32564.85,METAL_LOSS,False,1.3666666666666667,1492,32515.108150100397
9160.0,,0.344,-13.31,26.57,32975.48,Cluster,External,42.0,0.144,,,1.06,9.15,7:41,,,0.7,142.76,,,,1160.0,65000.0,,1342.0,1447.7,2010.09,1514.6,2102.98,1520.48,2111.15,0.77,1.81,2015,Cluster_32975.5,True,32975.48,32975.48,CLUSTER,False,7.683333333333334,1517,32958.69999249061
9160.0,,0.344,-13.58,26.3,32975.75,Metal Loss,External,20.0,0.069,,,1.61,3.54,7:55,,,0.7,142.76,,MFL-A/XT,,1160.0,65000.0,,1342.0,1452.27,2016.44,1521.47,2112.52,1522.87,2114.46,0.76,1.82,2015,Metal Loss_32975.8,True,32975.75,32975.75,METAL_LOSS,False,7.916666666666667,1518,32958.835296620775
9160.0,,0.344,-13.59,26.29,32975.76,Cluster,External,41.0,0.141,,,2.2,2.26,8:49,,,0.7,142.76,,,,1160.0,65000.0,,1342.0,1384.79,1922.74,1436.98,1995.21,1441.05,2000.86,0.81,1.72,2015,Cluster_32975.8,True,32975.76,32975.76,CLUSTER,False,8.816666666666666,1519,32958.84030788486
9160.0,,0.344,-13.88,26.0,32976.05,Metal Loss,External,10.0,0.034,,,1.73,0.91,6:37,,,0.7,142.75,,MFL-A/XT,,1160.0,65000.0,,1342.0,,,,,,,,,2015,Metal Loss_32976.1,True,32976.05,32976.05,METAL_LOSS,False,6.616666666666667,1520,32958.98563454318
9160.0,,0.344,-13.89,25.99,32976.06,Metal Loss,External,10.0,0.034,,,0.43,0.63,8:40,,,0.7,142.75,,MFL-A/XT,,1160.0,65000.0,,1342.0,,,,,,,,,2015,Metal Loss_32976.1,True,32976.06,32976.06,METAL_LOSS,False,8.666666666666666,1521,32958.99064580726
9160.0,,0.344,-13.89,25.99,32976.06,Metal Loss,External,14.0,0.048,,,0.67,0.63,7:52,,,0.7,142.75,,MFL-A/XT,,1160.0,65000.0,,1342.0,1472.99,2045.21,,,,,,,2015,Metal Loss_32976.1,True,32976.06,32976.06,METAL_LOSS,False,7.866666666666667,1522,32958.99064580726
9160.0,,0.344,-13.89,25.99,32976.06,Metal Loss,External,26.0,0.089,,,0.59,1.42,8:16,,,0.7,142.75,,MFL-A/XT,,1160.0,65000.0,,1342.0,1470.96,2042.39,1542.65,2141.93,1543.19,2142.69,0.75,1.85,2015,Metal Loss_32976.1,True,32976.06,32976.06,METAL_LOSS,False,8.266666666666667,1523,32958.99064580726
9160.0,,0.344,-13.9,25.98,32976.07,Metal Loss,External,12.0,0.041,,,1.89,1.69,6:11,,,0.7,142.75,,MFL-A/XT,,1160.0,65000.0,,1342.0,,,,,,,,,2015,Metal Loss_32976.1,True,32976.07,32976.07,METAL_LOSS,False,6.183333333333334,1524,32958.99565707134
9160.0,,0.344,-14.03,25.85,32976.19,Metal Loss,External,10.0,0.034,,,0.55,2.13,7:55,,,0.7,142.75,,MFL-A/XT,,1160.0,65000.0,,1342.0,,,,,,,,,2015,Metal Loss_32976.2,True,32976.19,32976.19,METAL_LOSS,False,7.916666666666667,1525,32959.0557922403
9160.0,,0.344,-14.07,25.81,32976.23,Metal Loss,External,17.0,0.058,,,0.59,1.53,8:46,,,0.7,142.75,,MFL-A/XT,,1160.0,65000.0,,1342.0,1473.12,2045.39,,,,,,,2015,Metal Loss_32976.2,True,32976.23,32976.23,METAL_LOSS,False,8.766666666666667,1526,32959.07583729662
9160.0,,0.344,-14.53,25.35,32976.69,Cluster,External,32.0,0.11,,,3.37,8.32,7:39,,,0.7,142.75,,,,1160.0,65000.0,,1342.0,1361.14,1889.91,1407.71,1954.57,1457.93,2024.3,0.82,1.68,2015,Cluster_32976.7,True,32976.69,32976.69,CLUSTER,False,7.65,1527,32959.30635544431
9160.0,,0.344,-14.96,24.91,32977.13,Metal Loss,External,18.0,0.062,,,0.63,1.34,6:45,,,0.7,142.74,,MFL-A/XT,,1160.0,65000.0,,1342.0,1472.38,2044.36,,,,,,,2015,Metal Loss_32977.1,True,32977.13,32977.13,METAL_LOSS,False,6.75,1528,32959.52685106383
9160.0,,0.344,-14.97,24.91,32977.14,Metal Loss,External,13.0,0.045,,,1.46,0.83,7:16,,,0.7,142.74,,MFL-A/XT,,1160.0,65000.0,,1342.0,1463.87,2032.55,,,,,,,2015,Metal Loss_32977.1,True,32977.14,32977.14,METAL_LOSS,False,7.266666666666667,1529,32959.53186232791
9160.0,,0.344,-16.18,23.7,32978.35,Metal Loss,External,11.0,0.038,,,1.38,1.97,7:18,,,0.7,142.73,,MFL-A/XT,,1160.0,65000.0,,1342.0,,,,,,,,,2015,Metal Loss_32978.3,True,32978.35,32978.35,METAL_LOSS,False,7.3,1530,32960.138225281604
9210.0,,0.344,-0.82,39.22,33162.93,Metal Loss,External,19.0,0.065,,,1.42,0.87,3:44,,,0.7,141.68,,MFL-A/XT,,1160.0,65000.0,,1342.0,1458.23,2024.72,,,,,,,2015,Metal Loss_33162.9,True,33162.93,33162.93,METAL_LOSS,False,3.7333333333333334,1540,33113.75897602398
9220.0,,0.344,-38.77,1.27,33240.91,Metal Loss,External,11.0,0.038,,,1.42,1.1,8:15,,,0.7,139.67,,MFL-A/XT,,1160.0,65000.0,,1342.0,,,,,,,,,2015,Metal Loss_33240.9,True,33240.91,33240.91,METAL_LOSS,False,8.25,1542,33211.53484378906
9220.0,,0.344,-39.19,0.85,33241.33,Metal Loss,External,17.0,0.058,,,0.79,0.98,4:29,,,0.7,139.66,,MFL-A/XT,,1160.0,65000.0,,1342.0,1470.73,2042.08,,,,,,,2015,Metal Loss_33241.3,True,33241.33,33241.33,METAL_LOSS,False,4.483333333333333,1543,33211.74489627593
9220.0,,0.344,-39.38,0.65,33241.53,Metal Loss,External,18.0,0.062,,,0.91,1.93,7:11,,,0.7,139.66,,MFL-A/XT,,1160.0,65000.0,,1342.0,1468.59,2039.1,,,,,,,2015,Metal Loss_33241.5,True,33241.53,33241.53,METAL_LOSS,False,7.183333333333334,1544,33211.84492126968
9220.0,,0.344,-39.44,0.6,33241.58,Metal Loss,External,18.0,0.062,,,1.02,1.38,8:23,,,0.7,139.66,,MFL-A/XT,,1160.0,65000.0,,1342.0,1466.62,2036.36,,,,,,,2015,Metal Loss_33241.6,True,33241.58,33241.58,METAL_LOSS,False,8.383333333333333,1545,33211.86992751812
9230.0,,0.344,-0.02,39.97,33242.21,Metal Loss,External,17.0,0.058,,,0.55,1.73,7:05,affecting girth weld,,0.7,139.66,,MFL-A/XT,,1160.0,65000.0,,1342.0,1473.48,2045.89,,,,,,,2015,Metal Loss_33242.2,True,33242.21,33242.21,METAL_LOSS,False,7.083333333333333,1547,33212.18500624844
9250.0,,0.344,-0.78,39.27,33322.96,Metal Loss,External,16.0,0.055,,,0.87,3.07,7:49,,,0.7,139.46,,MFL-A/XT,,1160.0,65000.0,,1342.0,1470.02,2041.08,,,,,,,2015,Metal Loss_33323.0,True,33322.96,33322.96,METAL_LOSS,False,7.816666666666666,1550,33273.7263670412
9250.0,,0.344,-32.41,7.63,33354.59,Metal Loss,External,41.0,0.141,,,2.28,2.17,12:03,,,0.7,139.55,,MFL-A/XT,,1160.0,65000.0,,1342.0,1380.39,1916.64,1431.4,1987.46,1447.37,2009.64,0.81,1.71,2015,Metal Loss_33354.6,True,33354.59,33354.59,METAL_LOSS,False,12.05,1551,33336.43353308363
9250.0,,0.344,-32.96,7.08,33355.15,Metal Loss,External,33.0,0.114,,,0.79,1.38,11:34,,,0.7,139.54,,MFL-A/XT,,1160.0,65000.0,,1342.0,1464.54,2033.47,1535.15,2131.51,1536.76,2133.75,0.76,1.84,2015,Metal Loss_33355.2,True,33355.15,33355.15,METAL_LOSS,False,11.566666666666666,1552,33337.54374531835
9250.0,,0.344,-34.61,5.44,33356.79,Metal Loss,External,15.0,0.052,,,2.05,2.09,12:41,,,0.7,139.54,,MFL-A/XT,,1160.0,65000.0,,1342.0,1450.85,2014.47,,,,,,,2015,Metal Loss_33356.8,True,33356.79,33356.79,METAL_LOSS,False,12.683333333333334,1553,33340.795081148564
9250.0,,0.344,-34.62,5.43,33356.8,Metal Loss,External,12.0,0.041,,,1.89,0.67,1:16,,,0.7,139.54,,MFL-A/XT,,1160.0,65000.0,,1342.0,,,,,,,,,2015,Metal Loss_33356.8,True,33356.8,33356.8,METAL_LOSS,False,1.2666666666666666,1554,33340.81490636704
9250.0,,0.344,-37.24,2.8,33359.42,Metal Loss,External,23.0,0.079,,,1.93,1.58,1:09,,,0.7,139.53,,MFL-A/XT,,1160.0,65000.0,,1342.0,1438.93,1997.91,1505.65,2090.56,1508.82,2094.96,0.77,1.8,2015,Metal Loss_33359.4,True,33359.42,33359.42,METAL_LOSS,False,1.15,1555,33346.00911360798
9250.0,,0.344,-38.29,1.76,33360.47,Metal Loss,External,10.0,0.034,,,0.55,1.58,12:47,,,0.7,139.53,,MFL-A/XT,,1160.0,65000.0,,1342.0,,,,,,,,,2015,Metal Loss_33360.5,True,33360.47,33360.47,METAL_LOSS,False,12.783333333333333,1556,33348.09076154806
9250.0,,0.344,-38.63,1.41,33360.82,Cluster,External,18.0,0.062,,,2.53,7.63,12:40,,,0.7,139.53,,,,1160.0,65000.0,,1342.0,1434.5,1991.77,,,,,,,2015,Cluster_33360.8,True,33360.82,33360.82,CLUSTER,False,12.666666666666666,1557,33348.784644194755
9250.0,,0.344,-38.81,1.23,33361.0,Metal Loss,External,14.0,0.048,,,0.35,0.59,1:25,,,0.7,139.53,,MFL-A/XT,,1160.0,65000.0,,1342.0,1475.32,2048.44,,,,,,,2015,Metal Loss_33361.0,True,33361.0,33361.0,METAL_LOSS,False,1.4166666666666667,1558,33349.141498127334
9260.0,,0.344,-9.45,29.98,33371.68,Metal Loss,External,12.0,0.041,,,0.39,0.87,6:46,,,0.7,139.36,,MFL-A/XT,,1160.0,65000.0,,1342.0,,,,,,,,,2015,Metal Loss_33371.7,True,33371.68,33371.68,METAL_LOSS,False,6.766666666666667,1560,33361.16660918082
9260.0,,0.344,-9.57,29.87,33371.79,Metal Loss,External,28.0,0.096,,,0.75,1.38,6:52,,,0.7,139.36,,MFL-A/XT,,1160.0,65000.0,,1342.0,1467.52,2037.61,1538.72,2136.47,1539.72,2137.86,0.75,1.84,2015,Metal Loss_33371.8,True,33371.79,33371.79,METAL_LOSS,False,6.866666666666667,1561,33361.2781993406
9260.0,,0.344,-9.6,29.83,33371.83,Metal Loss,External,10.0,0.034,,,0.98,0.87,6:18,,,0.7,139.36,,MFL-A/XT,,1160.0,65000.0,,1342.0,,,,,,,,,2015,Metal Loss_33371.8,True,33371.83,33371.83,METAL_LOSS,False,6.3,1562,33361.31877758052
9260.0,,0.344,-9.91,29.52,33372.14,Metal Loss,External,12.0,0.041,,,0.83,1.58,6:26,,,0.7,139.34,,MFL-A/XT,,1160.0,65000.0,,1342.0,,,,,,,,,2015,Metal Loss_33372.1,True,33372.14,33372.14,METAL_LOSS,False,6.433333333333334,1563,33361.63325893989
9270.0,,0.344,-1.03,38.98,33402.69,Metal Loss,External,31.0,0.107,,,0.59,0.94,6:40,,,0.7,137.85,,MFL-A/XT,,1160.0,65000.0,,1342.0,1469.94,2040.98,1541.41,2140.21,1542.22,2141.34,0.75,1.85,2015,Metal Loss_33402.7,True,33402.69,33402.69,METAL_LOSS,False,6.666666666666667,1566,33392.61102974256
9270.0,,0.344,-23.56,16.45,33425.22,Metal Loss,External,23.0,0.079,,,0.63,1.1,5:32,,,0.7,136.93,,MFL-A/XT,,1160.0,65000.0,,1342.0,1471.13,2042.62,1542.88,2142.25,1543.31,2142.85,0.75,1.85,2015,Metal Loss_33425.2,True,33425.22,33425.22,METAL_LOSS,False,5.533333333333333,1567,33415.163554111474
9270.0,,0.344,-29.87,10.14,33431.52,Metal Loss,External,46.0,0.158,,,0.67,0.87,5:34,,,0.7,136.75,,MFL-A/XT,,1160.0,65000.0,,1342.0,1462.96,2031.29,1532.62,2128.01,1535.14,2131.5,0.76,1.83,2015,Metal Loss_33431.5,True,33431.52,33431.52,METAL_LOSS,False,5.566666666666666,1568,33421.46985253686
9270.0,,0.344,-34.59,5.42,33436.25,Cluster,External,21.0,0.072,,,2.18,1.3,5:56,,,0.7,136.62,,,,1160.0,65000.0,,1342.0,1436.27,1994.22,1502.48,2086.15,1512.53,2100.11,0.77,1.8,2015,Cluster_33436.2,True,33436.25,33436.25,CLUSTER,False,5.933333333333334,1569,33426.20458135466
9270.0,,0.344,-38.96,1.05,33440.62,Cluster,External,62.0,0.213,,,3.29,3.96,5:29,,,0.7,136.52,,,,1160.0,65000.0,,1342.0,1216.34,1688.86,1200.87,1667.37,1361.58,1890.52,0.97,1.44,2015,Cluster_33440.6,True,33440.62,33440.62,CLUSTER,False,5.483333333333333,1571,33430.57895026244
9270.0,,0.344,-39.45,0.55,33441.11,Metal Loss,External,22.0,0.076,,,1.14,1.61,5:32,,,0.7,136.51,,MFL-A/XT,,1160.0,65000.0,,1342.0,1461.73,2029.58,1532.31,2127.58,1533.42,2129.12,0.76,1.83,2015,Metal Loss_33441.1,True,33441.11,33441.11,METAL_LOSS,False,5.533333333333333,1572,33431.06944013997
9270.0,,0.344,-39.59,0.42,33441.24,Metal Loss,External,11.0,0.038,,,0.79,1.42,5:32,,,0.7,136.51,,MFL-A/XT,,1160.0,65000.0,,1342.0,,,,,,,,,2015,Metal Loss_33441.2,True,33441.24,33441.24,METAL_LOSS,False,5.533333333333333,1573,33431.19957010747
9270.0,,0.344,-39.94,0.07,33441.59,Metal Loss,External,23.0,0.079,,,0.79,0.63,5:44,affecting girth weld,,0.7,136.5,,MFL-A/XT,,1160.0,65000.0,,1342.0,1468.69,2039.24,1540.15,2138.47,1540.79,2139.34,0.75,1.84,2015,Metal Loss_33441.6,True,33441.59,33441.59,METAL_LOSS,False,5.733333333333333,1574,33431.54992001999
9270.0,,0.344,-39.94,0.07,33441.6,Metal Loss,External,33.0,0.114,,,0.79,0.59,6:13,affecting girth weld,,0.7,136.5,,MFL-A/XT,,1160.0,65000.0,,1342.0,1464.19,2033.0,1534.75,2130.96,1536.41,2133.27,0.76,1.84,2015,Metal Loss_33441.6,True,33441.6,33441.6,METAL_LOSS,False,6.216666666666667,1575,33431.559930017494
9270.0,,0.344,-40.0,0.01,33441.66,Metal Loss,External,35.0,0.12,,,1.15,2.21,5:55,affecting girth weld,,0.7,136.5,,MFL-A/XT,,1160.0,65000.0,,1342.0,1450.29,2013.7,1518.37,2108.22,1522.17,2113.5,0.76,1.82,2015,Metal Loss_33441.7,True,33441.66,33441.66,METAL_LOSS,False,5.916666666666667,1576,33431.6199900025
9280.0,,0.344,-2.29,37.78,33443.96,Metal Loss,External,17.0,0.058,,,0.98,1.5,6:25,,,1.0,136.45,,MFL-A/XT,,1160.0,65000.0,,1342.0,1467.97,2038.24,,,,,,,2015,Metal Loss_33444.0,True,33443.96,33443.96,METAL_LOSS,False,6.416666666666667,1578,33433.91771342985
9280.0,,0.344,-10.83,29.24,33452.49,Metal Loss,External,14.0,0.048,,,0.47,0.94,5:01,,,1.0,136.25,,MFL-A/XT,,1160.0,65000.0,,1342.0,1474.61,2047.47,,,,,,,2015,Metal Loss_33452.5,True,33452.49,33452.49,METAL_LOSS,False,5.016666666666667,1579,33442.43919620569
9280.0,,0.344,-11.71,28.35,33453.38,Metal Loss,External,17.0,0.058,,,1.38,1.89,4:41,,,1.0,136.23,,MFL-A/XT,,1160.0,65000.0,,1342.0,1461.04,2028.61,,,,,,,2015,Metal Loss_33453.4,True,33453.38,33453.38,METAL_LOSS,False,4.683333333333334,1580,33443.328307538686
9280.0,,0.344,-12.38,27.69,33454.04,Metal Loss,External,15.0,0.052,,,0.91,1.38,4:26,,,1.0,136.21,,MFL-A/XT,,1160.0,65000.0,,1342.0,1470.14,2041.26,,,,,,,2015,Metal Loss_33454.0,True,33454.04,33454.04,METAL_LOSS,False,4.433333333333334,1581,33443.98764852721
9280.0,,0.344,-12.62,27.45,33454.28,Metal Loss,External,15.0,0.052,,,0.55,1.1,4:32,,,1.0,136.21,,MFL-A/XT,,1160.0,65000.0,,1342.0,1473.83,2046.38,,,,,,,2015,Metal Loss_33454.3,True,33454.28,33454.28,METAL_LOSS,False,4.533333333333333,1582,33444.22740888667
9280.0,,0.344,-14.11,25.96,33455.77,Metal Loss,External,13.0,0.045,,,0.67,1.73,4:27,,,1.0,136.17,,MFL-A/XT,,1160.0,65000.0,,1342.0,1473.24,2045.55,,,,,,,2015,Metal Loss_33455.8,True,33455.77,33455.77,METAL_LOSS,False,4.45,1583,33445.71592111832
9280.0,,0.344,-14.33,25.73,33456.0,Metal Loss,External,24.0,0.083,,,1.02,1.69,4:19,,,1.0,136.17,,MFL-A/XT,,1160.0,65000.0,,1342.0,1462.85,2031.13,1533.52,2129.26,1534.75,2130.96,0.76,1.84,2015,Metal Loss_33456.0,True,33456.0,33456.0,METAL_LOSS,False,4.316666666666666,1584,33445.9456914628
9280.0,,0.344,-14.59,25.48,33456.25,Metal Loss,External,12.0,0.041,,,0.71,1.1,4:33,,,1.0,136.16,,MFL-A/XT,,1160.0,65000.0,,1342.0,,,,,,,,,2015,Metal Loss_33456.2,True,33456.25,33456.25,METAL_LOSS,False,4.55,1585,33446.19544183724
9280.0,,0.344,-16.11,23.95,33457.78,Metal Loss,External,10.0,0.034,,,0.43,0.87,7:35,,,1.0,136.12,,MFL-A/XT,,1160.0,65000.0,,1342.0,,,,,,,,,2015,Metal Loss_33457.8,True,33457.78,33457.78,METAL_LOSS,False,7.583333333333333,1586,33447.7239141288
9280.0,,0.344,-17.02,23.05,33458.68,Metal Loss,External,13.0,0.045,,,0.91,1.5,7:34,,,1.0,136.09,,MFL-A/XT,,1160.0,65000.0,,1342.0,1471.02,2042.48,,,,,,,2015,Metal Loss_33458.7,True,33458.68,33458.68,METAL_LOSS,False,7.566666666666666,1587,33448.62301547678
9280.0,,0.344,-17.04,23.03,33458.7,Metal Loss,External,26.0,0.089,,,0.98,1.77,4:11,,,1.0,136.09,,MFL-A/XT,,1160.0,65000.0,,1342.0,1462.75,2030.99,1533.35,2129.02,1534.75,2130.96,0.76,1.84,2015,Metal Loss_33458.7,True,33458.7,33458.7,METAL_LOSS,False,4.183333333333334,1588,33448.642995506736
9280.0,,0.344,-17.61,22.46,33459.28,Metal Loss,External,17.0,0.058,,,0.47,1.1,7:34,,,1.0,136.07,,MFL-A/XT,,1160.0,65000.0,,1342.0,1474.23,2046.93,,,,,,,2015,Metal Loss_33459.3,True,33459.28,33459.28,METAL_LOSS,False,7.566666666666666,1589,33449.222416375436
9280.0,,0.344,-18.41,21.66,33460.07,Metal Loss,External,17.0,0.058,,,1.3,1.61,7:42,,,1.0,136.05,,MFL-A/XT,,1160.0,65000.0,,1342.0,1462.4,2030.51,,,,,,,2015,Metal Loss_33460.1,True,33460.07,33460.07,METAL_LOSS,False,7.7,1590,33450.01162755866
9280.0,,0.344,-19.08,20.99,33460.75,Metal Loss,External,10.0,0.034,,,0.63,1.34,4:02,,,1.0,136.02,,MFL-A/XT,,1160.0,65000.0,,1342.0,,,,,,,,,2015,Metal Loss_33460.8,True,33460.75,33460.75,METAL_LOSS,False,4.033333333333333,1591,33450.69094857713
9280.0,,0.344,-27.86,12.21,33469.53,Metal Loss,External,14.0,0.048,,,0.63,1.02,4:32,,,1.0,135.88,,MFL-A/XT,,1160.0,65000.0,,1342.0,1473.42,2045.8,,,,,,,2015,Metal Loss_33469.5,True,33469.53,33469.53,METAL_LOSS,False,4.533333333333333,1592,33459.46218172741
9280.0,,0.344,-28.01,12.06,33469.68,Metal Loss,External,14.0,0.048,,,0.59,1.69,4:24,,,1.0,135.88,,MFL-A/XT,,1160.0,65000.0,,1342.0,1473.62,2046.09,,,,,,,2015,Metal Loss_33469.7,True,33469.68,33469.68,METAL_LOSS,False,4.4,1593,33459.61203195207
9280.0,,0.344,-28.2,11.87,33469.86,Metal Loss,External,16.0,0.055,,,0.79,0.63,4:59,,,1.0,135.88,,MFL-A/XT,,1160.0,65000.0,,1342.0,1471.09,2042.58,,,,,,,2015,Metal Loss_33469.9,True,33469.86,33469.86,METAL_LOSS,False,4.983333333333333,1594,33459.791852221664
9280.0,,0.344,-28.76,11.3,33470.43,Metal Loss,External,12.0,0.041,,,1.18,1.42,4:23,,,1.0,135.89,,MFL-A/XT,,1160.0,65000.0,,1342.0,,,,,,,,,2015,Metal Loss_33470.4,True,33470.43,33470.43,METAL_LOSS,False,4.383333333333334,1595,33460.361283075385
9280.0,,0.344,-28.95,11.12,33470.61,Metal Loss,External,10.0,0.034,,,0.47,0.75,4:25,,,1.0,135.89,,MFL-A/XT,,1160.0,65000.0,,1342.0,,,,,,,,,2015,Metal Loss_33470.6,True,33470.61,33470.61,METAL_LOSS,False,4.416666666666667,1596,33460.54110334498
9280.0,,0.344,-30.63,9.44,33472.3,Metal Loss,External,10.0,0.034,,,0.98,2.21,3:55,,,1.0,135.94,,MFL-A/XT,,1160.0,65000.0,,1342.0,,,,,,,,,2015,Metal Loss_33472.3,True,33472.3,33472.3,METAL_LOSS,False,3.9166666666666665,1597,33462.22941587619
9280.0,,0.344,-30.74,9.33,33472.4,Metal Loss,External,12.0,0.041,,,0.87,1.14,4:20,,,1.0,135.95,,MFL-A/XT,,1160.0,65000.0,,1342.0,,,,,,,,,2015,Metal Loss_33472.4,True,33472.4,33472.4,METAL_LOSS,False,4.333333333333333,1598,33462.32931602596
9280.0,,0.344,-31.8,8.26,33473.47,Metal Loss,External,23.0,0.079,,,1.26,2.17,3:48,,,1.0,135.99,,MFL-A/XT,,1160.0,65000.0,,1342.0,1457.97,2024.35,1527.98,2121.56,1529.52,2123.7,0.76,1.83,2015,Metal Loss_33473.5,True,33473.47,33473.47,METAL_LOSS,False,3.8,1599,33463.39824762856
9280.0,,0.344,-32.27,7.79,33473.94,Metal Loss,External,18.0,0.062,,,0.63,1.97,4:04,,,1.0,136.02,,MFL-A/XT,,1160.0,65000.0,,1342.0,1472.38,2044.36,,,,,,,2015,Metal Loss_33473.9,True,33473.94,33473.94,METAL_LOSS,False,4.066666666666666,1600,33463.867778332504
9280.0,,0.344,-32.41,7.66,33474.08,Metal Loss,External,18.0,0.062,,,0.55,1.38,3:56,,,1.0,136.02,,MFL-A/XT,,1160.0,65000.0,,1342.0,1473.42,2045.81,,,,,,,2015,Metal Loss_33474.1,True,33474.08,33474.08,METAL_LOSS,False,3.9333333333333336,1601,33464.007638542185
9280.0,,0.344,-32.73,7.33,33474.4,Metal Loss,External,14.0,0.048,,,1.73,1.65,4:20,,,1.0,136.04,,MFL-A/XT,,1160.0,65000.0,,1342.0,1458.08,2024.51,,,,,,,2015,Metal Loss_33474.4,True,33474.4,33474.4,METAL_LOSS,False,4.333333333333333,1602,33464.32731902147
9280.0,,0.344,-32.73,7.33,33474.4,Metal Loss,External,13.0,0.045,,,0.79,1.1,3:50,,,1.0,136.04,,MFL-A/XT,,1160.0,65000.0,,1342.0,1472.14,2044.03,,,,,,,2015,Metal Loss_33474.4,True,33474.4,33474.4,METAL_LOSS,False,3.8333333333333335,1603,33464.32731902147
9280.0,,0.344,-32.79,7.27,33474.46,Metal Loss,External,12.0,0.041,,,1.85,0.75,7:13,,,1.0,136.04,,MFL-A/XT,,1160.0,65000.0,,1342.0,,,,,,,,,2015,Metal Loss_33474.5,True,33474.46,33474.46,METAL_LOSS,False,7.216666666666667,1604,33464.38725911133
9280.0,,0.344,-32.82,7.25,33474.48,Metal Loss,External,31.0,0.107,,,1.77,1.77,7:56,,,1.0,136.04,,MFL-A/XT,,1160.0,65000.0,,1342.0,1430.2,1985.8,1494.75,2075.43,1500.72,2083.72,0.78,1.79,2015,Metal Loss_33474.5,True,33474.48,33474.48,METAL_LOSS,False,7.933333333333334,1605,33464.40723914129
9280.0,,0.344,-32.82,7.25,33474.49,Metal Loss,External,14.0,0.048,,,1.34,0.94,7:27,,,1.0,136.04,,MFL-A/XT,,1160.0,65000.0,,1342.0,1464.7,2033.7,,,,,,,2015,Metal Loss_33474.5,True,33474.49,33474.49,METAL_LOSS,False,7.45,1606,33464.417229156265
9280.0,,0.344,-32.89,7.18,33474.55,Metal Loss,External,10.0,0.034,,,2.17,1.3,5:04,,,1.0,136.04,,MFL-A/XT,,1160.0,65000.0,,1342.0,,,,,,,,,2015,Metal Loss_33474.6,True,33474.55,33474.55,METAL_LOSS,False,5.066666666666666,1607,33464.47716924613
9280.0,,0.344,-32.95,7.12,33474.61,Metal Loss,External,22.0,0.076,,,0.79,1.34,4:26,,,1.0,136.05,,MFL-A/XT,,1160.0,65000.0,,1342.0,1468.86,2039.48,1540.36,2138.76,1540.92,2139.53,0.75,1.84,2015,Metal Loss_33474.6,True,33474.61,33474.61,METAL_LOSS,False,4.433333333333334,1608,33464.53710933599
9280.0,,0.344,-33.18,6.89,33474.85,Metal Loss,External,23.0,0.079,,,0.67,1.14,4:05,,,1.0,136.06,,MFL-A/XT,,1160.0,65000.0,,1342.0,1470.75,2042.1,1542.46,2141.67,1542.92,2142.31,0.75,1.85,2015,Metal Loss_33474.8,True,33474.85,33474.85,METAL_LOSS,False,4.083333333333333,1609,33464.77686969545
9280.0,,0.344,-33.27,6.8,33474.94,Metal Loss,External,10.0,0.034,,,0.35,0.59,4:55,,,1.0,136.06,,MFL-A/XT,,1160.0,65000.0,,1342.0,,,,,,,,,2015,Metal Loss_33474.9,True,33474.94,33474.94,METAL_LOSS,False,4.916666666666667,1610,33464.866779830256
9280.0,,0.344,-33.3,6.77,33474.96,Metal Loss,External,15.0,0.052,,,0.75,1.61,7:59,,,1.0,136.07,,MFL-A/XT,,1160.0,65000.0,,1342.0,1471.98,2043.81,,,,,,,2015,Metal Loss_33475.0,True,33474.96,33474.96,METAL_LOSS,False,7.983333333333333,1611,33464.88675986021
9280.0,,0.344,-33.52,6.55,33475.18,Metal Loss,External,12.0,0.041,,,0.43,0.79,7:58,,,1.0,136.08,,MFL-A/XT,,1160.0,65000.0,,1342.0,,,,,,,,,2015,Metal Loss_33475.2,True,33475.18,33475.18,METAL_LOSS,False,7.966666666666667,1612,33465.106540189714
9280.0,,0.344,-33.74,6.32,33475.41,Metal Loss,External,19.0,0.065,,,0.71,1.61,5:09,,,1.0,136.09,,MFL-A/XT,,1160.0,65000.0,,1342.0,1471.2,2042.72,,,,,,,2015,Metal Loss_33475.4,True,33475.41,33475.41,METAL_LOSS,False,5.15,1613,33465.3363105342
9280.0,,0.344,-33.77,6.3,33475.43,Metal Loss,External,10.0,0.034,,,0.67,1.02,5:44,,,1.0,136.09,,MFL-A/XT,,1160.0,65000.0,,1342.0,,,,,,,,,2015,Metal Loss_33475.4,True,33475.43,33475.43,METAL_LOSS,False,5.733333333333333,1614,33465.35629056415
9280.0,,0.344,-33.94,6.13,33475.6,Metal Loss,External,28.0,0.096,,,0.79,1.18,7:57,,,1.0,136.1,,MFL-A/XT,,1160.0,65000.0,,1342.0,1466.42,2036.08,1537.47,2134.73,1538.59,2136.3,0.75,1.84,2015,Metal Loss_33475.6,True,33475.6,33475.6,METAL_LOSS,False,7.95,1615,33465.526120818766
9280.0,,0.344,-34.35,5.71,33476.02,Metal Loss,External,12.0,0.041,,,0.59,1.1,3:48,,,1.0,136.12,,MFL-A/XT,,1160.0,65000.0,,1342.0,,,,,,,,,2015,Metal Loss_33476.0,True,33476.02,33476.02,METAL_LOSS,False,3.8,1616,33465.945701447825
9280.0,,0.344,-34.41,5.66,33476.08,Metal Loss,External,21.0,0.072,,,0.71,1.18,7:54,,,1.0,136.12,,MFL-A/XT,,1160.0,65000.0,,1342.0,1470.59,2041.88,1542.31,2141.46,1542.69,2141.99,0.75,1.85,2015,Metal Loss_33476.1,True,33476.08,33476.08,METAL_LOSS,False,7.9,1617,33466.0056415377
9280.0,,0.344,-34.59,5.48,33476.26,Cluster,External,23.0,0.079,,,2.75,1.78,5:06,,,1.0,136.13,,,,1160.0,65000.0,,1342.0,1414.46,1963.94,1475.71,2048.98,1489.62,2068.3,0.79,1.77,2015,Cluster_33476.3,True,33476.26,33476.26,CLUSTER,False,5.1,1618,33466.18546180729
9280.0,,0.344,-34.66,5.41,33476.32,Metal Loss,External,48.0,0.165,,,0.75,1.46,4:11,,,1.0,136.14,,MFL-A/XT,,1160.0,65000.0,,1342.0,1457.96,2024.34,1526.39,2119.36,1530.0,2124.37,0.76,1.83,2015,Metal Loss_33476.3,True,33476.32,33476.32,METAL_LOSS,False,4.183333333333334,1619,33466.245401897155
9280.0,,0.344,-34.9,5.17,33476.57,Metal Loss,External,17.0,0.058,,,0.51,1.22,4:20,,,1.0,136.15,,MFL-A/XT,,1160.0,65000.0,,1342.0,1473.82,2046.36,,,,,,,2015,Metal Loss_33476.6,True,33476.57,33476.57,METAL_LOSS,False,4.333333333333333,1620,33466.49515227159
9280.0,,0.344,-35.08,4.99,33476.75,Cluster,External,26.0,0.089,,,1.54,4.44,7:28,,,1.0,136.16,,,,1160.0,65000.0,,1342.0,1446.55,2008.5,1514.57,2102.94,1523.02,2114.67,0.77,1.81,2015,Cluster_33476.8,True,33476.75,33476.75,CLUSTER,False,7.466666666666667,1621,33466.67497254119
9280.0,,0.344,-35.24,4.83,33476.9,Metal Loss,External,15.0,0.052,,,0.59,1.14,3:45,,,1.0,136.17,,MFL-A/XT,,1160.0,65000.0,,1342.0,1473.52,2045.95,,,,,,,2015,Metal Loss_33476.9,True,33476.9,33476.9,METAL_LOSS,False,3.75,1622,33466.82482276585
9280.0,,0.344,-35.49,4.58,33477.16,Metal Loss,External,12.0,0.041,,,0.51,1.06,8:03,,,1.0,136.18,,MFL-A/XT,,1160.0,65000.0,,1342.0,,,,,,,,,2015,Metal Loss_33477.2,True,33477.16,33477.16,METAL_LOSS,False,8.05,1623,33467.084563155266
9280.0,,0.344,-35.7,4.37,33477.36,Metal Loss,External,11.0,0.038,,,0.87,0.63,4:13,,,1.0,136.19,,MFL-A/XT,,1160.0,65000.0,,1342.0,,,,,,,,,2015,Metal Loss_33477.4,True,33477.36,33477.36,METAL_LOSS,False,4.216666666666667,1624,33467.28436345482
9280.0,,0.344,-35.71,4.36,33477.37,Metal Loss,External,12.0,0.041,,,1.97,3.03,4:18,,,1.0,136.19,,MFL-A/XT,,1160.0,65000.0,,1342.0,,,,,,,,,2015,Metal Loss_33477.4,True,33477.37,33477.37,METAL_LOSS,False,4.3,1625,33467.2943534698
9280.0,,0.344,-35.83,4.24,33477.5,Metal Loss,External,14.0,0.048,,,0.83,1.26,7:10,,,1.0,136.2,,MFL-A/XT,,1160.0,65000.0,,1342.0,1471.41,2043.01,,,,,,,2015,Metal Loss_33477.5,True,33477.5,33477.5,METAL_LOSS,False,7.166666666666667,1626,33467.4242236645
9280.0,,0.344,-35.83,4.24,33477.5,Metal Loss,External,11.0,0.038,,,0.55,1.14,7:52,,,1.0,136.2,,MFL-A/XT,,1160.0,65000.0,,1342.0,,,,,,,,,2015,Metal Loss_33477.5,True,33477.5,33477.5,METAL_LOSS,False,7.866666666666667,1627,33467.4242236645
9280.0,,0.344,-35.89,4.18,33477.56,Metal Loss,External,12.0,0.041,,,0.43,0.98,4:19,,,1.0,136.2,,MFL-A/XT,,1160.0,65000.0,,1342.0,,,,,,,,,2015,Metal Loss_33477.6,True,33477.56,33477.56,METAL_LOSS,False,4.316666666666666,1628,33467.484163754365
9280.0,,0.344,-36.0,4.07,33477.66,Metal Loss,External,14.0,0.048,,,0.43,0.98,7:49,,,1.0,136.2,,MFL-A/XT,,1160.0,65000.0,,1342.0,1474.85,2047.79,,,,,,,2015,Metal Loss_33477.7,True,33477.66,33477.66,METAL_LOSS,False,7.816666666666666,1629,33467.58406390415
9280.0,,0.344,-36.08,3.98,33477.75,Metal Loss,External,18.0,0.062,,,0.43,0.87,3:58,,,1.0,136.21,,MFL-A/XT,,1160.0,65000.0,,1342.0,1474.41,2047.18,,,,,,,2015,Metal Loss_33477.8,True,33477.75,33477.75,METAL_LOSS,False,3.966666666666667,1630,33467.67397403894
9280.0,,0.344,-36.36,3.71,33478.02,Metal Loss,External,11.0,0.038,,,0.63,1.42,4:20,,,1.0,136.22,,MFL-A/XT,,1160.0,65000.0,,1342.0,,,,,,,,,2015,Metal Loss_33478.0,True,33478.02,33478.02,METAL_LOSS,False,4.333333333333333,1631,33467.94370444333
9280.0,,0.344,-36.7,3.36,33478.37,Metal Loss,External,12.0,0.041,,,0.47,1.02,7:57,,,1.0,136.24,,MFL-A/XT,,1160.0,65000.0,,1342.0,,,,,,,,,2015,Metal Loss_33478.4,True,33478.37,33478.37,METAL_LOSS,False,7.95,1632,33468.29335496755
9280.0,,0.344,-38.19,1.88,33479.85,Metal Loss,External,11.0,0.038,,,0.35,0.59,4:25,,,1.0,136.32,,MFL-A/XT,,1160.0,65000.0,,1342.0,,,,,,,,,2015,Metal Loss_33479.8,True,33479.85,33479.85,METAL_LOSS,False,4.416666666666667,1633,33469.77187718422
9290.0,,0.344,-0.69,39.33,33482.42,Metal Loss,External,13.0,0.045,,,0.83,4.37,8:16,,,0.7,136.46,,MFL-A/XT,,1160.0,65000.0,,1342.0,1471.78,2043.53,,,,,,,2015,Metal Loss_33482.4,True,33482.42,33482.42,METAL_LOSS,False,8.266666666666667,1639,33472.33965517241
9300.0,,0.344,-5.94,34.15,33527.69,Metal Loss,External,19.0,0.065,,,0.59,1.1,12:40,,,1.0,139.49,,MFL-A/XT,,1160.0,65000.0,,1342.0,1472.71,2044.82,,,,,,,2015,Metal Loss_33527.7,True,33527.69,33527.69,METAL_LOSS,False,12.666666666666666,1641,33517.573701671245
9300.0,,0.344,-6.23,33.85,33527.99,Metal Loss,External,17.0,0.058,,,0.67,1.18,12:37,,,1.0,139.51,,MFL-A/XT,,1160.0,65000.0,,1342.0,1472.21,2044.13,,,,,,,2015,Metal Loss_33528.0,True,33527.99,33527.99,METAL_LOSS,False,12.616666666666667,1642,33517.872878523325
9300.0,,0.344,-7.0,33.08,33528.75,Metal Loss,External,12.0,0.041,,,1.58,1.06,11:31,,,1.0,139.57,,MFL-A/XT,,1160.0,65000.0,,1342.0,,,,,,,,,2015,Metal Loss_33528.8,True,33528.75,33528.75,METAL_LOSS,False,11.516666666666667,1643,33518.63079321527
9300.0,,0.344,-7.08,33.01,33528.83,Metal Loss,External,14.0,0.048,,,0.87,1.22,12:01,,,1.0,139.58,,MFL-A/XT,,1160.0,65000.0,,1342.0,1471.0,2042.45,,,,,,,2015,Metal Loss_33528.8,True,33528.83,33528.83,METAL_LOSS,False,12.016666666666667,1644,33518.710573709155
9300.0,,0.344,-7.43,32.66,33529.18,Metal Loss,External,10.0,0.034,,,0.71,1.69,11:45,,,1.0,139.61,,MFL-A/XT,,1160.0,65000.0,,1342.0,,,,,,,,,2015,Metal Loss_33529.2,True,33529.18,33529.18,METAL_LOSS,False,11.75,1645,33519.05961336992
9300.0,,0.344,-7.75,32.34,33529.5,Metal Loss,External,11.0,0.038,,,2.05,1.22,12:32,,,1.0,139.63,,MFL-A/XT,,1160.0,65000.0,,1342.0,,,,,,,,,2015,Metal Loss_33529.5,True,33529.5,33529.5,METAL_LOSS,False,12.533333333333333,1646,33519.378735345475
9300.0,,0.344,-7.76,32.33,33529.51,Metal Loss,External,14.0,0.048,,,1.02,1.93,1:03,,,1.0,139.63,,MFL-A/XT,,1160.0,65000.0,,1342.0,1469.11,2039.82,,,,,,,2015,Metal Loss_33529.5,True,33529.51,33529.51,METAL_LOSS,False,1.05,1647,33519.388707907216
9300.0,,0.344,-8.21,31.88,33529.96,Metal Loss,External,15.0,0.052,,,0.43,0.71,11:30,,,1.0,139.67,,MFL-A/XT,,1160.0,65000.0,,1342.0,1474.74,2047.64,,,,,,,2015,Metal Loss_33530.0,True,33529.96,33529.96,METAL_LOSS,False,11.5,1648,33519.83747318533
9300.0,,0.344,-8.64,31.44,33530.39,Cluster,External,35.0,0.12,,,2.69,3.56,12:25,,,1.0,139.7,,,,1160.0,65000.0,,1342.0,1378.92,1914.6,1430.53,1986.26,1477.06,2050.86,0.81,1.71,2015,Cluster_33530.4,True,33530.39,33530.39,CLUSTER,False,12.416666666666666,1649,33520.266293339984
9300.0,,0.344,-8.72,31.37,33530.47,Metal Loss,External,10.0,0.034,,,0.35,0.59,11:18,,,1.0,139.71,,MFL-A/XT,,1160.0,65000.0,,1342.0,,,,,,,,,2015,Metal Loss_33530.5,True,33530.47,33530.47,METAL_LOSS,False,11.3,1650,33520.346073833876
9300.0,,0.344,-8.81,31.27,33530.56,Cluster,External,23.0,0.079,,,1.96,1.3,11:21,,,1.0,139.72,,,,1160.0,65000.0,,1342.0,1437.83,1996.39,1504.34,2088.74,1515.19,2103.8,0.77,1.8,2015,Cluster_33530.6,True,33530.56,33530.56,CLUSTER,False,11.35,1651,33520.4358268895
9300.0,,0.344,-9.24,30.85,33530.99,Metal Loss,External,12.0,0.041,,,0.79,1.73,12:00,,,1.0,139.75,,MFL-A/XT,,1160.0,65000.0,,1342.0,,,,,,,,,2015,Metal Loss_33531.0,True,33530.99,33530.99,METAL_LOSS,False,12.0,1652,33520.86464704415
9300.0,,0.344,-9.27,30.81,33531.02,Cluster,External,19.0,0.065,,,1.61,1.03,12:43,,,1.0,139.75,,,,1160.0,65000.0,,1342.0,1453.75,2018.5,,,,,,,2015,Cluster_33531.0,True,33531.02,33531.02,CLUSTER,False,12.716666666666667,1653,33520.89456472936
9300.0,,0.344,-9.29,30.79,33531.04,Metal Loss,External,14.0,0.048,,,0.83,1.02,11:29,,,1.0,139.76,,MFL-A/XT,,1160.0,65000.0,,1342.0,1471.41,2043.01,,,,,,,2015,Metal Loss_33531.0,True,33531.04,33531.04,METAL_LOSS,False,11.483333333333333,1654,33520.91450985283
9300.0,,0.344,-9.44,30.65,33531.19,Metal Loss,External,22.0,0.076,,,0.55,1.1,11:34,,,1.0,139.77,,MFL-A/XT,,1160.0,65000.0,,1342.0,1472.54,2044.59,1544.47,2144.46,1544.75,2144.85,0.75,1.85,2015,Metal Loss_33531.2,True,33531.19,33531.19,METAL_LOSS,False,11.566666666666666,1655,33521.064098278875
9310.0,,0.344,-0.72,39.37,33562.56,Cluster,External,35.0,0.12,,,3.82,9.49,5:10,,,0.7,141.45,,,,1160.0,65000.0,,1342.0,1331.79,1849.16,1369.02,1900.86,1417.99,1968.85,0.85,1.64,2015,Cluster_33562.6,True,33562.56,33562.56,CLUSTER,False,5.166666666666667,1657,33552.34694686954
9310.0,,0.344,-0.78,39.31,33562.61,Metal Loss,External,17.0,0.058,,,1.14,8.74,7:14,,,0.7,141.45,,MFL-A/XT,,1160.0,65000.0,,1342.0,1465.41,2034.69,,,,,,,2015,Metal Loss_33562.6,True,33562.61,33562.61,METAL_LOSS,False,7.233333333333333,1658,33552.396734846596
9310.0,,0.344,-0.96,39.13,33562.8,Metal Loss,External,12.0,0.041,,,0.71,1.34,4:32,,,0.7,141.46,,MFL-A/XT,,1160.0,65000.0,,1342.0,,,,,,,,,2015,Metal Loss_33562.8,True,33562.8,33562.8,METAL_LOSS,False,4.533333333333333,1659,33552.585929159395
9360.0,,0.344,-3.12,36.95,33764.89,Metal Loss,External,15.0,0.052,,,1.46,2.09,7:10,,,1.0,132.59,,MFL-A/XT,,1160.0,65000.0,,1342.0,1461.78,2029.65,,,,,,,2015,Metal Loss_33764.9,True,33764.89,33764.89,METAL_LOSS,False,7.166666666666667,1667,33753.46939855254
9360.0,,0.344,-3.42,36.64,33765.2,Metal Loss,External,12.0,0.041,,,0.91,2.01,6:56,,,1.0,132.55,,MFL-A/XT,,1160.0,65000.0,,1342.0,,,,,,,,,2015,Metal Loss_33765.2,True,33765.2,33765.2,METAL_LOSS,False,6.933333333333334,1668,33753.66072123784
9360.0,,0.344,-4.56,35.51,33766.34,Metal Loss,External,18.0,0.062,,,0.67,1.22,7:14,,,1.0,132.4,,MFL-A/XT,,1160.0,65000.0,,1342.0,1472.09,2043.96,,,,,,,2015,Metal Loss_33766.3,True,33766.34,33766.34,METAL_LOSS,False,7.233333333333333,1669,33754.36429498378
9360.0,,0.344,-4.84,35.22,33766.62,Metal Loss,External,15.0,0.052,,,0.98,1.81,7:12,,,1.0,132.36,,MFL-A/XT,,1160.0,65000.0,,1342.0,1469.04,2039.73,,,,,,,2015,Metal Loss_33766.6,True,33766.62,33766.62,METAL_LOSS,False,7.2,1670,33754.53710257051
9360.0,,0.344,-5.11,34.96,33766.89,Metal Loss,External,10.0,0.034,,,1.22,1.73,7:20,,,1.0,132.33,,MFL-A/XT,,1160.0,65000.0,,1342.0,,,,,,,,,2015,Metal Loss_33766.9,True,33766.89,33766.89,METAL_LOSS,False,7.333333333333333,1671,33754.703738457705
9360.0,,0.344,-26.87,13.2,33788.65,Metal Loss,External,11.0,0.038,,,0.79,1.42,7:51,,,1.0,130.81,,MFL-A/XT,,1160.0,65000.0,,1342.0,,,,,,,,,2015,Metal Loss_33788.7,True,33788.65,33788.65,METAL_LOSS,False,7.85,1672,33768.133356625905
9360.0,,0.344,-27.7,12.37,33789.47,Metal Loss,External,11.0,0.038,,,0.55,0.59,7:47,,,1.0,130.82,,MFL-A/XT,,1160.0,65000.0,,1342.0,,,,,,,,,2015,Metal Loss_33789.5,True,33789.47,33789.47,METAL_LOSS,False,7.783333333333333,1673,33768.639435987025
9360.0,,0.344,-27.77,12.3,33789.54,Metal Loss,External,11.0,0.038,,,0.47,0.79,7:49,,,1.0,130.82,,MFL-A/XT,,1160.0,65000.0,,1342.0,,,,,,,,,2015,Metal Loss_33789.5,True,33789.54,33789.54,METAL_LOSS,False,7.816666666666666,1674,33768.68263788371
9360.0,,0.344,-27.93,12.14,33789.71,Metal Loss,External,17.0,0.058,,,0.98,1.73,7:52,,,1.0,130.82,,MFL-A/XT,,1160.0,65000.0,,1342.0,1467.97,2038.24,,,,,,,2015,Metal Loss_33789.7,True,33789.71,33789.71,METAL_LOSS,False,7.866666666666667,1675,33768.78755677564
9360.0,,0.344,-39.19,0.87,33800.97,Metal Loss,External,25.0,0.086,,,0.51,2.6,8:07,Repaired?,,1.0,131.36,,MFL-A/XT,,1160.0,65000.0,,1342.0,1472.64,2044.72,1544.55,2144.57,1544.9,2145.05,0.75,1.85,2015,Metal Loss_33801.0,True,33800.97,33800.97,METAL_LOSS,False,8.116666666666667,1678,33775.73689044173
9360.0,,0.344,-39.2,0.86,33800.98,Metal Loss,External,10.0,0.034,,,0.63,1.42,2:11,Repaired?,,1.0,131.36,,MFL-A/XT,,1160.0,65000.0,,1342.0,,,,,,,,,2015,Metal Loss_33801.0,True,33800.98,33800.98,METAL_LOSS,False,2.183333333333333,1679,33775.74306214126
9370.0,,0.344,-1.89,22.91,33803.74,Metal Loss,External,23.0,0.079,,,0.67,1.81,10:51,Recoat,,0.7,131.54,,MFL-A/XT,,1160.0,65000.0,,1342.0,1470.56,2041.83,1542.25,2141.37,1542.72,2142.03,0.75,1.85,2015,Metal Loss_33803.7,True,33803.74,33803.74,METAL_LOSS,False,10.85,1682,33779.33219758064
9370.0,,0.344,-1.94,22.86,33803.79,Metal Loss,External,11.0,0.038,,,0.47,1.14,1:10,Recoat,,0.7,131.54,,MFL-A/XT,,1160.0,65000.0,,1342.0,,,,,,,,,2015,Metal Loss_33803.8,True,33803.79,33803.79,METAL_LOSS,False,1.1666666666666667,1683,33779.41294354839
9370.0,,0.344,-1.98,22.83,33803.82,Metal Loss,External,15.0,0.052,,,0.63,1.06,12:23,Recoat,,0.7,131.54,,MFL-A/XT,,1160.0,65000.0,,1342.0,1473.2,2045.5,,,,,,,2015,Metal Loss_33803.8,True,33803.82,33803.82,METAL_LOSS,False,12.383333333333333,1684,33779.461391129036
9370.0,,0.344,-1.99,22.81,33803.84,Metal Loss,External,15.0,0.052,,,0.67,1.3,4:18,Recoat,,0.7,131.54,,MFL-A/XT,,1160.0,65000.0,,1342.0,1472.73,2044.85,,,,,,,2015,Metal Loss_33803.8,True,33803.84,33803.84,METAL_LOSS,False,4.3,1685,33779.49368951612
9370.0,,0.344,-1.99,22.81,33803.84,Metal Loss,External,11.0,0.038,,,2.17,1.22,3:54,Recoat,,0.7,131.54,,MFL-A/XT,,1160.0,65000.0,,1342.0,,,,,,,,,2015,Metal Loss_33803.8,True,33803.84,33803.84,METAL_LOSS,False,3.9,1686,33779.49368951612
9390.0,,0.344,-36.58,3.53,33903.3,Metal Loss,External,13.0,0.045,,,0.39,1.1,11:59,,,0.7,131.45,,MFL-A/XT,,1160.0,65000.0,,1342.0,1475.21,2048.29,,,,,,,2015,Metal Loss_33903.3,True,33903.3,33903.3,METAL_LOSS,False,11.983333333333333,1696,33892.77235294118
9390.0,,0.344,-36.64,3.47,33903.37,Metal Loss,External,14.0,0.048,,,0.47,1.38,11:49,,,0.7,131.45,,MFL-A/XT,,1160.0,65000.0,,1342.0,1474.61,2047.47,,,,,,,2015,Metal Loss_33903.4,True,33903.37,33903.37,METAL_LOSS,False,11.816666666666666,1697,33892.84210867398
9390.0,,0.344,-36.88,3.23,33903.6,Metal Loss,External,39.0,0.134,,,0.55,1.1,11:55,,,0.7,131.45,,MFL-A/XT,,1160.0,65000.0,,1342.0,1468.75,2039.32,1539.83,2138.01,1541.04,2139.69,0.75,1.84,2015,Metal Loss_33903.6,True,33903.6,33903.6,METAL_LOSS,False,11.916666666666666,1698,33893.07130608176
9390.0,,0.344,-37.18,2.93,33903.9,Metal Loss,External,10.0,0.034,,,0.47,1.02,11:59,,,0.7,131.44,,MFL-A/XT,,1160.0,65000.0,,1342.0,,,,,,,,,2015,Metal Loss_33903.9,True,33903.9,33903.9,METAL_LOSS,False,11.983333333333333,1699,33893.37025922234
9390.0,,0.344,-37.36,2.75,33904.08,Metal Loss,External,10.0,0.034,,,2.09,1.02,12:50,,,0.7,131.44,,MFL-A/XT,,1160.0,65000.0,,1342.0,,,,,,,,,2015,Metal Loss_33904.1,True,33904.08,33904.08,METAL_LOSS,False,12.833333333333334,1700,33893.54963110669
9400.0,,0.344,-39.22,0.88,33946.06,Metal Loss,External,19.0,0.065,,,0.51,1.5,10:56,,,0.7,129.92,,MFL-A/XT,,1160.0,65000.0,,1342.0,1473.5,2045.91,,,,,,,2015,Metal Loss_33946.1,True,33946.06,33946.06,METAL_LOSS,False,10.933333333333334,1703,33935.44173609379
9400.0,,0.344,-39.25,0.85,33946.08,Metal Loss,External,36.0,0.124,,,0.47,1.89,1:04,,,0.7,129.92,,MFL-A/XT,,1160.0,65000.0,,1342.0,1471.35,2042.93,1542.92,2142.31,1543.66,2143.33,0.75,1.85,2015,Metal Loss_33946.1,True,33946.08,33946.08,METAL_LOSS,False,1.0666666666666667,1704,33935.461696183585
9420.0,,0.344,-11.95,28.19,33999.0,Metal Loss,External,14.0,0.048,,,1.89,0.67,3:56,,,0.7,127.48,,MFL-A/XT,,1160.0,65000.0,,1342.0,1455.4,2020.79,,,,,,,2015,Metal Loss_33999.0,True,33999.0,33999.0,METAL_LOSS,False,3.9333333333333336,1712,33988.270229197806
9420.0,,0.344,-12.02,28.12,33999.07,Metal Loss,External,17.0,0.058,,,1.69,1.69,4:15,,,0.7,127.48,,MFL-A/XT,,1160.0,65000.0,,1342.0,1454.77,2019.92,,,,,,,2015,Metal Loss_33999.1,True,33999.07,33999.07,METAL_LOSS,False,4.25,1713,33988.34005480817
9420.0,,0.344,-12.27,27.87,33999.32,Cluster,External,22.0,0.076,,,1.96,1.49,4:13,,,0.7,127.48,,,,1160.0,65000.0,,1342.0,1439.74,1999.04,1506.64,2091.93,1513.42,2101.35,0.77,1.8,2015,Cluster_33999.3,True,33999.32,33999.32,CLUSTER,False,4.216666666666667,1714,33988.58943198804
9420.0,,0.344,-12.55,27.59,33999.59,Metal Loss,External,17.0,0.058,,,1.06,2.17,4:04,,,0.7,127.47,,MFL-A/XT,,1160.0,65000.0,,1342.0,1466.63,2036.37,,,,,,,2015,Metal Loss_33999.6,True,33999.59,33999.59,METAL_LOSS,False,4.066666666666666,1715,33988.85875934229
9420.0,,0.344,-12.69,27.46,33999.73,Metal Loss,External,11.0,0.038,,,0.79,1.85,7:15,,,0.7,127.47,,MFL-A/XT,,1160.0,65000.0,,1342.0,,,,,,,,,2015,Metal Loss_33999.7,True,33999.73,33999.73,METAL_LOSS,False,7.25,1716,33988.99841056303
9420.0,,0.344,-12.81,27.33,33999.86,Metal Loss,External,56.0,0.193,,,1.14,1.53,4:05,,,0.7,127.47,,MFL-A/XT,,1160.0,65000.0,,1342.0,1427.24,1981.69,1486.44,2063.89,1497.74,2079.57,0.78,1.78,2015,Metal Loss_33999.9,True,33999.86,33999.86,METAL_LOSS,False,4.083333333333333,1717,33989.12808669656
9420.0,,0.344,-13.13,27.01,34000.18,Metal Loss,External,23.0,0.079,,,0.63,1.18,4:20,,,0.7,127.47,,MFL-A/XT,,1160.0,65000.0,,1342.0,1471.31,2042.88,1543.09,2142.54,1543.5,2143.11,0.75,1.85,2015,Metal Loss_34000.2,True,34000.18,34000.18,METAL_LOSS,False,4.333333333333333,1718,33989.447289486794
9420.0,,0.344,-13.35,26.79,34000.4,Metal Loss,External,19.0,0.065,,,1.26,1.73,4:06,,,0.7,127.47,,MFL-A/XT,,1160.0,65000.0,,1342.0,1461.56,2029.34,,,,,,,2015,Metal Loss_34000.4,True,34000.4,34000.4,METAL_LOSS,False,4.1,1719,33989.66674140508
9420.0,,0.344,-13.54,26.61,34000.58,Metal Loss,External,11.0,0.038,,,0.59,1.18,4:18,,,0.7,127.47,,MFL-A/XT,,1160.0,65000.0,,1342.0,,,,,,,,,2015,Metal Loss_34000.6,True,34000.58,34000.58,METAL_LOSS,False,4.3,1720,33989.84629297459
9420.0,,0.344,-39.17,0.97,34026.21,Metal Loss,External,13.0,0.045,,,1.61,4.65,8:26,,,0.7,127.03,,MFL-A/XT,,1160.0,65000.0,,1342.0,1461.35,2029.04,,,,,,,2015,Metal Loss_34026.2,True,34026.21,34026.21,METAL_LOSS,False,8.433333333333334,1721,34015.4124414549
9420.0,,0.344,-39.18,0.97,34026.22,Metal Loss,External,33.0,0.114,,,1.81,1.53,9:37,,,0.7,127.03,,MFL-A/XT,,1160.0,65000.0,,1342.0,1424.37,1977.71,1487.5,2065.35,1494.66,2075.3,0.78,1.78,2015,Metal Loss_34026.2,True,34026.22,34026.22,METAL_LOSS,False,9.616666666666667,1722,34015.422416542104
9420.0,,0.344,-39.18,0.96,34026.22,Metal Loss,External,34.0,0.117,,,1.53,0.59,8:10,,,0.7,127.03,,MFL-A/XT,,1160.0,65000.0,,1342.0,1435.05,1992.54,1500.31,2083.14,1506.17,2091.28,0.77,1.8,2015,Metal Loss_34026.2,True,34026.22,34026.22,METAL_LOSS,False,8.166666666666666,1723,34015.422416542104
9420.0,,0.344,-39.19,0.95,34026.24,Metal Loss,External,12.0,0.041,,,1.14,2.91,7:26,,,0.7,127.03,,MFL-A/XT,,1160.0,65000.0,,1342.0,,,,,,,,,2015,Metal Loss_34026.2,True,34026.24,34026.24,METAL_LOSS,False,7.433333333333334,1724,34015.44236671649
9420.0,,0.344,-39.24,0.9,34026.28,Metal Loss,External,37.0,0.127,,,0.87,3.23,10:18,,,0.7,127.03,,MFL-A/XT,,1160.0,65000.0,,1342.0,1459.8,2026.89,1529.43,2123.57,1531.96,2127.09,0.76,1.83,2015,Metal Loss_34026.3,True,34026.28,34026.28,METAL_LOSS,False,10.3,1725,34015.482267065265
9430.0,,0.344,-31.81,8.3,34059.0,Metal Loss,External,31.0,0.107,,,0.71,1.22,06:00,,,0.7,126.2,,MFL-A/XT,,1160.0,65000.0,,1342.0,1467.24,2037.23,1538.32,2135.93,1539.49,2137.54,0.75,1.84,2015,Metal Loss_34059.0,True,34059.0,34059.0,METAL_LOSS,False,6.0,1727,34048.16034654699
9430.0,,0.344,-36.43,3.68,34063.61,Metal Loss,External,43.0,0.148,,,0.51,1.1,6:24,,,0.7,126.09,,MFL-A/XT,,1160.0,65000.0,,1342.0,1468.73,2039.29,1539.68,2137.8,1541.01,2139.65,0.75,1.84,2015,Metal Loss_34063.6,True,34063.61,34063.61,METAL_LOSS,False,6.4,1728,34052.76459985041
9430.0,,0.344,-36.58,3.54,34063.76,Metal Loss,External,21.0,0.072,,,0.59,1.06,6:19,,,0.7,126.09,,MFL-A/XT,,1160.0,65000.0,,1342.0,1472.28,2044.23,1544.19,2144.07,1544.46,2144.44,0.75,1.85,2015,Metal Loss_34063.8,True,34063.76,34063.76,METAL_LOSS,False,6.316666666666666,1729,34052.91441286462
9430.0,,0.344,-36.74,3.37,34063.93,Metal Loss,External,15.0,0.052,,,0.59,1.02,6:19,,,0.7,126.08,,MFL-A/XT,,1160.0,65000.0,,1342.0,1473.52,2045.95,,,,,,,2015,Metal Loss_34063.9,True,34063.93,34063.93,METAL_LOSS,False,6.316666666666666,1730,34053.08420094739
9440.0,,0.344,-7.95,32.18,34075.25,Metal Loss,External,22.0,0.076,,,1.34,1.53,6:47,Recoat,,1.0,125.87,,MFL-A/XT,,1160.0,65000.0,,1342.0,1456.8,2022.73,1526.66,2119.73,1528.15,2121.8,0.76,1.83,2015,Metal Loss_34075.2,True,34075.25,34075.25,METAL_LOSS,False,6.783333333333333,1733,34064.36632195365
9440.0,,0.344,-7.99,32.14,34075.29,Metal Loss,External,14.0,0.048,,,0.91,1.26,6:22,Recoat,,1.0,125.87,,MFL-A/XT,,1160.0,65000.0,,1342.0,1470.45,2041.68,,,,,,,2015,Metal Loss_34075.3,True,34075.29,34075.29,METAL_LOSS,False,6.366666666666666,1734,34064.40615250436
9440.0,,0.344,-8.18,31.95,34075.48,Metal Loss,External,27.0,0.093,,,0.91,1.5,6:37,Recoat,,1.0,125.86,,MFL-A/XT,,1160.0,65000.0,,1342.0,1463.98,2032.7,1534.72,2130.93,1536.07,2132.79,0.76,1.84,2015,Metal Loss_34075.5,True,34075.48,34075.48,METAL_LOSS,False,6.616666666666667,1735,34064.595347620234
9440.0,,0.344,-8.28,31.85,34075.58,Metal Loss,External,13.0,0.045,,,0.51,1.02,5:57,Recoat,,1.0,125.86,,MFL-A/XT,,1160.0,65000.0,,1342.0,1474.51,2047.32,,,,,,,2015,Metal Loss_34075.6,True,34075.58,34075.58,METAL_LOSS,False,5.95,1736,34064.694923997005
9440.0,,0.344,-8.44,31.69,34075.74,Metal Loss,External,12.0,0.041,,,0.47,0.87,6:16,Recoat,,1.0,125.86,,MFL-A/XT,,1160.0,65000.0,,1342.0,,,,,,,,,2015,Metal Loss_34075.7,True,34075.74,34075.74,METAL_LOSS,False,6.266666666666667,1737,34064.854246199844
9440.0,,0.344,-8.61,31.53,34075.9,Metal Loss,External,29.0,0.1,,,0.59,0.94,6:20,Recoat,,1.0,125.86,,MFL-A/XT,,1160.0,65000.0,,1342.0,1470.21,2041.35,1541.75,2140.69,1542.47,2141.69,0.75,1.85,2015,Metal Loss_34075.9,True,34075.9,34075.9,METAL_LOSS,False,6.333333333333333,1738,34065.01356840269
9440.0,,0.344,-39.25,0.89,34106.55,Metal Loss,External,45.0,0.155,,,0.98,4.49,10:27,Repaired?,,1.0,125.92,,MFL-A/XT,,1160.0,65000.0,,1342.0,1448.97,2011.86,1515.78,2104.63,1520.83,2111.63,0.77,1.81,2015,Metal Loss_34106.6,True,34106.55,34106.55,METAL_LOSS,False,10.45,1743,34095.53372788438
9440.0,,0.344,-40.02,0.11,34107.32,Metal Loss,External,14.0,0.048,,,0.94,1.58,11:45,affecting girth weld; Recoat,,1.0,125.93,,MFL-A/XT,,1160.0,65000.0,,1342.0,1470.01,2041.08,,,,,,,2015,Metal Loss_34107.3,True,34107.32,34107.32,METAL_LOSS,False,11.75,1745,34096.30046598555
9450.0,,0.344,-0.8,39.28,34108.23,Metal Loss,External,11.0,0.038,,,0.51,1.1,10:37,Recoat,,0.7,125.93,,MFL-A/XT,,1160.0,65000.0,,1342.0,,,,,,,,,2015,Metal Loss_34108.2,True,34108.23,34108.23,METAL_LOSS,False,10.616666666666667,1747,34097.20820359282
9450.0,,0.344,-32.49,7.59,34139.92,Metal Loss,External,11.0,0.038,,,0.79,1.65,4:58,,,0.7,125.92,,MFL-A/XT,,1160.0,65000.0,,1342.0,,,,,,,,,2015,Metal Loss_34139.9,True,34139.92,34139.92,METAL_LOSS,False,4.966666666666667,1749,34128.82704341317
9450.0,,0.344,-33.31,6.78,34140.74,Metal Loss,External,41.0,0.141,,,0.94,1.46,5:39,,,0.7,125.92,,MFL-A/XT,,1160.0,65000.0,,1342.0,1454.36,2019.34,1522.69,2114.22,1526.41,2119.38,0.76,1.82,2015,Metal Loss_34140.7,True,34140.74,34140.74,METAL_LOSS,False,5.65,1750,34129.64520209581
9460.0,,0.344,-9.07,31.07,34156.58,Metal Loss,External,19.0,0.065,,,1.97,1.73,4:07,,,1.0,125.85,,MFL-A/XT,,1160.0,65000.0,,1342.0,1445.32,2006.8,,,,,,,2015,Metal Loss_34156.6,True,34156.58,34156.58,METAL_LOSS,False,4.116666666666666,1752,34145.43610612855
9460.0,,0.344,-9.98,30.16,34157.5,Metal Loss,External,31.0,0.107,,,1.85,2.32,5:04,,,1.0,125.85,,MFL-A/XT,,1160.0,65000.0,,1342.0,1426.2,1980.24,1489.9,2068.69,1496.39,2077.7,0.78,1.78,2015,Metal Loss_34157.5,True,34157.5,34157.5,METAL_LOSS,False,5.066666666666666,1753,34146.35266816143
9460.0,,0.344,-10.72,29.42,34158.24,Metal Loss,External,12.0,0.041,,,0.59,1.81,5:38,,,1.0,125.84,,MFL-A/XT,,1160.0,65000.0,,1342.0,,,,,,,,,2015,Metal Loss_34158.2,True,34158.24,34158.24,METAL_LOSS,False,5.633333333333333,1754,34147.08990284006
9470.0,,0.344,-0.76,39.34,34188.41,Metal Loss,External,34.0,0.117,,,1.65,5.08,5:10,Recoat,,0.7,126.3,,MFL-A/XT,,1160.0,65000.0,,1342.0,1430.17,1985.76,1494.42,2074.97,1500.98,2084.07,0.78,1.79,2015,Metal Loss_34188.4,True,34188.41,34188.41,METAL_LOSS,False,5.166666666666667,1757,34177.148672985786
9470.0,,0.344,-0.78,39.31,34188.43,Metal Loss,External,31.0,0.107,,,1.81,2.05,2:47,Recoat,,0.7,126.3,,MFL-A/XT,,1160.0,65000.0,,1342.0,1428.2,1983.03,1492.34,2072.07,1498.57,2080.72,0.78,1.79,2015,Metal Loss_34188.4,True,34188.43,34188.43,METAL_LOSS,False,2.783333333333333,1758,34177.16863806435
9470.0,,0.344,-0.78,39.31,34188.44,Metal Loss,External,21.0,0.072,,,1.38,4.17,7:17,Recoat,,0.7,126.3,,MFL-A/XT,,1160.0,65000.0,,1342.0,1456.94,2022.93,1526.86,2120.0,1528.17,2121.82,0.76,1.83,2015,Metal Loss_34188.4,True,34188.44,34188.44,METAL_LOSS,False,7.283333333333333,1759,34177.17862060364
9470.0,,0.344,-0.79,39.3,34188.44,Metal Loss,External,29.0,0.1,,,1.22,4.57,3:53,Recoat,,0.7,126.3,,MFL-A/XT,,1160.0,65000.0,,1342.0,1453.37,2017.97,1522.4,2113.81,1525.14,2117.62,0.76,1.82,2015,Metal Loss_34188.4,True,34188.44,34188.44,METAL_LOSS,False,3.8833333333333333,1760,34177.17862060364
9470.0,,0.344,-0.79,39.3,34188.45,Metal Loss,External,29.0,0.1,,,1.14,1.81,6:34,Recoat,,0.7,126.3,,MFL-A/XT,,1160.0,65000.0,,1342.0,1456.11,2021.77,1525.57,2118.22,1527.99,2121.58,0.76,1.83,2015,Metal Loss_34188.4,True,34188.45,34188.45,METAL_LOSS,False,6.566666666666666,1761,34177.188603142924
9590.0,,0.344,-19.91,20.33,34670.26,Metal Loss,External,13.0,0.045,,,0.87,1.18,7:24,,,0.7,115.5,,MFL-A/XT,,1160.0,65000.0,,1342.0,1471.41,2043.01,,,,,,,2015,Metal Loss_34670.3,True,34670.26,34670.26,METAL_LOSS,False,7.4,1775,34658.14567842943
9650.0,,0.344,-21.29,18.74,34912.23,Metal Loss Manufacturing,,21.0,0.072,,,0.39,0.75,6:59,,,0.7,99.51,,MFL-A/XT,,1160.0,65000.0,,1342.0,,,,,,,,,2015,Metal Loss Manufacturing_34912.2,True,34912.23,34912.23,METAL_LOSS_MFG,False,6.983333333333333,1782,34899.7668398701
9650.0,,0.344,-22.8,17.23,34913.75,Metal Loss Manufacturing,,18.0,0.062,,,0.43,0.67,10:50,,,0.7,99.22,,MFL-A/XT,,1160.0,65000.0,,1342.0,,,,,,,,,2015,Metal Loss Manufacturing_34913.8,True,34913.75,34913.75,METAL_LOSS_MFG,False,10.833333333333334,1783,34901.283042717965
9660.0,,0.344,-31.51,8.6,34962.49,Metal Loss,External,10.0,0.034,,,0.79,1.38,2:16,,,0.7,89.93,,MFL-A/XT,,1160.0,65000.0,,1342.0,,,,,,,,,2015,Metal Loss_34962.5,True,34962.49,34962.49,METAL_LOSS,False,2.2666666666666666,1785,34949.81502617801
9670.0,,0.344,-0.8,39.33,34971.89,Metal Loss,External,14.0,0.048,,,0.43,1.18,11:39,,,0.7,88.63,,MFL-A/XT,,1160.0,65000.0,,1342.0,1474.85,2047.79,,,,,,,2015,Metal Loss_34971.9,True,34971.89,34971.89,METAL_LOSS,False,11.65,1787,34959.16561425368
9690.0,,0.344,-0.03,27.43,35051.46,Metal Loss,External,11.0,0.038,,,0.39,1.14,2:07,affecting girth weld,,1.0,89.6,,MFL-A/XT,,1160.0,65000.0,,1342.0,,,,,,,,,2015,Metal Loss_35051.5,True,35051.46,35051.46,METAL_LOSS,False,2.1166666666666667,1790,35025.639165755914
9860.0,,0.344,-0.86,39.17,35635.85,Metal Loss,External,35.0,0.12,,,0.51,1.22,5:55,,,0.7,124.48,,MFL-A/XT,,1160.0,65000.0,,1342.0,1470.54,2041.8,1542.01,2141.04,1542.84,2142.19,0.75,1.85,2015,Metal Loss_35635.8,True,35635.85,35635.85,METAL_LOSS,False,5.916666666666667,1808,35621.20677741693
9890.0,,0.344,-39.16,0.9,35794.29,Metal Loss,External,27.0,0.093,,,0.79,2.28,7:01,,,1.0,131.7,,MFL-A/XT,,1160.0,65000.0,,1342.0,1467.11,2037.04,1538.28,2135.86,1539.28,2137.25,0.75,1.84,2015,Metal Loss_35794.3,True,35794.29,35794.29,METAL_LOSS,False,7.016666666666667,1812,35779.29247129306
9890.0,,0.344,-39.19,0.87,35794.32,Metal Loss,External,14.0,0.048,,,0.87,0.63,6:05,,,1.0,131.7,,MFL-A/XT,,1160.0,65000.0,,1342.0,1471.0,2042.45,,,,,,,2015,Metal Loss_35794.3,True,35794.32,35794.32,METAL_LOSS,False,6.083333333333333,1813,35779.322388916626
9910.0,,0.344,-18.27,21.77,35853.48,Metal Loss Manufacturing,,15.0,0.052,,,0.32,0.79,6:12,,,1.0,133.48,,MFL-A/XT,,1160.0,65000.0,,1342.0,,,,,,,,,2015,Metal Loss Manufacturing_35853.5,True,35853.48,35853.48,METAL_LOSS_MFG,False,6.2,1816,35838.43262237763
9910.0,,0.344,-18.35,21.69,35853.56,Metal Loss Manufacturing,,10.0,0.034,,,0.32,0.63,06:00,,,1.0,133.48,,MFL-A/XT,,1160.0,65000.0,,1342.0,,,,,,,,,2015,Metal Loss Manufacturing_35853.6,True,35853.56,35853.56,METAL_LOSS_MFG,False,6.0,1817,35838.5125024975
9920.0,,0.344,-0.7,39.33,35875.95,Metal Loss,External,26.0,0.089,,,1.22,6.46,4:46,,,1.0,133.97,,MFL-A/XT,,1160.0,65000.0,,1342.0,1456.19,2021.88,1525.81,2118.55,1527.9,2121.45,0.76,1.83,2015,Metal Loss_35875.9,True,35875.95,35875.95,METAL_LOSS,False,4.766666666666667,1819,35860.868775918054
9920.0,,0.344,-0.71,39.32,35875.96,Metal Loss,External,14.0,0.048,,,0.91,1.93,6:34,,,1.0,133.97,,MFL-A/XT,,1160.0,65000.0,,1342.0,1470.59,2041.87,,,,,,,2015,Metal Loss_35876.0,True,35875.96,35875.96,METAL_LOSS,False,6.566666666666666,1820,35860.87875843117
9920.0,,0.344,-0.73,39.3,35875.98,Metal Loss,External,16.0,0.055,,,1.26,2.28,3:52,,,1.0,133.97,,MFL-A/XT,,1160.0,65000.0,,1342.0,1464.13,2032.91,,,,,,,2015,Metal Loss_35876.0,True,35875.98,35875.98,METAL_LOSS,False,3.8666666666666667,1821,35860.89872345741
9920.0,,0.344,-0.73,39.3,35875.98,Cluster,External,22.0,0.076,,,1.18,4.73,7:39,,,1.0,133.97,,,,1160.0,65000.0,,1342.0,1460.78,2028.25,1531.22,2126.06,1531.89,2127.0,0.76,1.83,2015,Cluster_35876.0,True,35875.98,35875.98,CLUSTER,False,7.65,1822,35860.89872345741
9920.0,,0.344,-0.75,39.28,35876.0,Metal Loss,External,25.0,0.086,,,0.79,3.46,8:55,,,1.0,133.97,,MFL-A/XT,,1160.0,65000.0,,1342.0,1467.67,2037.82,1538.96,2136.81,1539.8,2137.97,0.75,1.84,2015,Metal Loss_35876.0,True,35876.0,35876.0,METAL_LOSS,False,8.916666666666666,1823,35860.91868848364
9920.0,,0.344,-0.77,39.26,35876.02,Metal Loss,External,19.0,0.065,,,0.63,2.95,10:42,,,1.0,133.97,,MFL-A/XT,,1160.0,65000.0,,1342.0,1472.28,2044.23,,,,,,,2015,Metal Loss_35876.0,True,35876.02,35876.02,METAL_LOSS,False,10.7,1824,35860.93865350986
9920.0,,0.344,-0.77,39.26,35876.02,Metal Loss,External,11.0,0.038,,,0.83,2.52,1:29,,,1.0,133.97,,MFL-A/XT,,1160.0,65000.0,,1342.0,,,,,,,,,2015,Metal Loss_35876.0,True,35876.02,35876.02,METAL_LOSS,False,1.4833333333333334,1825,35860.93865350986
10070.0,,0.344,-21.26,18.92,36496.68,Metal Loss,External,10.0,0.034,,,0.51,0.98,5:03,,,0.7,143.81,,MFL-A/XT,,1160.0,65000.0,,1342.0,,,,,,,,,2015,Metal Loss_36496.7,True,36496.68,36496.68,METAL_LOSS,False,5.05,1845,36480.58417620707
10510.0,,0.344,-22.91,17.1,37951.31,Metal Loss Manufacturing,,10.0,0.034,,,0.32,0.59,9:58,,,0.7,216.56,,MFL-A/XT,,1160.0,65000.0,,1342.0,,,,,,,,,2015,Metal Loss Manufacturing_37951.3,True,37951.31,37951.31,METAL_LOSS_MFG,False,9.966666666666667,1895,37930.509225193695
10540.0,,0.344,-0.5,39.54,38046.71,Metal Loss,External,18.0,0.062,,,1.26,2.48,2:05,,,0.7,226.75,,MFL-A/XT,,1160.0,65000.0,,1342.0,1462.43,2030.55,,,,,,,2015,Metal Loss_38046.7,True,38046.71,38046.71,METAL_LOSS,False,2.0833333333333335,1899,38026.81912587413
10620.0,,0.344,-28.67,11.45,38363.7,Metal Loss,External,11.0,0.038,,,2.09,0.59,1:08,,,0.7,242.12,,MFL-A/XT,,1160.0,65000.0,,1342.0,,,,,,,,,2015,Metal Loss_38363.7,True,38363.7,38363.7,METAL_LOSS,False,1.1333333333333333,1908,38378.43852156569
10640.0,,0.344,-34.19,5.88,38444.41,Metal Loss,External,18.0,0.062,,,2.17,1.5,9:40,,,0.7,245.83,,MFL-A/XT,,1160.0,65000.0,,1342.0,1442.73,2003.19,,,,,,,2015,Metal Loss_38444.4,True,38444.41,38444.41,METAL_LOSS,False,9.666666666666666,1911,38463.956137724555
10640.0,,0.344,-34.21,5.86,38444.42,Metal Loss,External,11.0,0.038,,,2.01,0.83,9:11,,,0.7,245.83,,MFL-A/XT,,1160.0,65000.0,,1342.0,,,,,,,,,2015,Metal Loss_38444.4,True,38444.42,38444.42,METAL_LOSS,False,9.183333333333334,1912,38463.96611027944
10640.0,,0.344,-34.22,5.86,38444.43,Metal Loss,External,13.0,0.045,,,1.73,0.83,10:06,,,0.7,245.83,,MFL-A/XT,,1160.0,65000.0,,1342.0,1459.67,2026.72,,,,,,,2015,Metal Loss_38444.4,True,38444.43,38444.43,METAL_LOSS,False,10.1,1913,38463.97608283433
10830.0,,0.344,-22.35,17.6,39159.96,Metal Loss,External,10.0,0.034,,,0.91,1.73,8:28,,,0.7,27.07,,MFL-A/XT,,1160.0,65000.0,,1342.0,,,,,,,,,2015,Metal Loss_39160.0,True,39159.96,39159.96,METAL_LOSS,False,8.466666666666667,1934,39167.56203453453
10830.0,,0.344,-38.96,0.99,39176.57,Metal Loss,External,10.0,0.034,,,0.67,1.3,4:43,,,0.7,26.74,,MFL-A/XT,,1160.0,65000.0,,1342.0,,,,,,,,,2015,Metal Loss_39176.6,True,39176.57,39176.57,METAL_LOSS,False,4.716666666666667,1935,39184.15125125125
10830.0,,0.344,-38.96,0.99,39176.57,Metal Loss,External,19.0,0.065,,,0.67,1.1,5:40,,,0.7,26.74,,MFL-A/XT,,1160.0,65000.0,,1342.0,1471.68,2043.39,,,,,,,2015,Metal Loss_39176.6,True,39176.57,39176.57,METAL_LOSS,False,5.666666666666667,1936,39184.15125125125
10830.0,,0.344,-39.05,0.91,39176.66,Metal Loss,External,13.0,0.045,,,0.83,1.69,6:29,,,0.7,26.74,,MFL-A/XT,,1160.0,65000.0,,1342.0,1471.78,2043.53,,,,,,,2015,Metal Loss_39176.7,True,39176.66,39176.66,METAL_LOSS,False,6.483333333333333,1937,39184.241138638645
10840.0,,0.344,-28.09,0.54,39205.66,Metal Loss,External,12.0,0.041,,,0.63,1.22,6:25,,,0.7,26.21,,MFL-A/XT,,1160.0,65000.0,,1342.0,,,,,,,,,2015,Metal Loss_39205.7,True,39205.66,39205.66,METAL_LOSS,False,6.416666666666667,1939,39224.36611246945
10920.0,,0.344,-1.69,21.71,39375.25,Metal Loss,External,14.0,0.048,,,1.85,2.48,6:22,,,1.0,25.17,,MFL-A/XT,,1160.0,65000.0,,1342.0,1456.23,2021.94,,,,,,,2015,Metal Loss_39375.2,True,39375.25,39375.25,METAL_LOSS,False,6.366666666666666,1950,39367.79452991453
10920.0,,0.344,-1.76,21.64,39375.31,Metal Loss,External,10.0,0.034,,,1.97,1.14,5:57,,,1.0,25.17,,MFL-A/XT,,1160.0,65000.0,,1342.0,,,,,,,,,2015,Metal Loss_39375.3,True,39375.31,39375.31,METAL_LOSS,False,5.95,1951,39367.897042735036
10930.0,,0.344,-28.12,1.06,39425.07,Metal Loss,External,15.0,0.052,,,1.46,3.07,3:54,,,1.0,24.01,,MFL-A/XT,,1160.0,65000.0,,1342.0,1461.58,2029.36,,,,,,,2015,Metal Loss_39425.1,True,39425.07,39425.07,METAL_LOSS,False,3.9,1954,39443.42658670322
10950.0,,0.344,-0.93,39.12,39467.04,Metal Loss,External,13.0,0.045,,,0.83,7.4,8:56,,,0.7,23.57,,MFL-A/XT,,1160.0,65000.0,,1342.0,1471.78,2043.53,,,,,,,2015,Metal Loss_39467.0,True,39467.04,39467.04,METAL_LOSS,False,8.933333333333334,1958,39481.010134831464
10950.0,,0.344,-0.95,39.1,39467.06,Metal Loss,External,28.0,0.096,,,1.34,0.59,4:07,,,0.7,23.57,,MFL-A/XT,,1160.0,65000.0,,1342.0,1450.81,2014.41,1519.46,2109.73,1522.39,2113.8,0.76,1.82,2015,Metal Loss_39467.1,True,39467.06,39467.06,METAL_LOSS,False,4.116666666666666,1959,39481.01486891386
10950.0,,0.344,-0.98,39.08,39467.08,Metal Loss,External,13.0,0.045,,,1.22,2.64,4:20,,,0.7,23.57,,MFL-A/XT,,1160.0,65000.0,,1342.0,1467.08,2037.0,,,,,,,2015,Metal Loss_39467.1,True,39467.08,39467.08,METAL_LOSS,False,4.333333333333333,1960,39481.01960299625
10950.0,,0.344,-0.99,39.07,39467.09,Metal Loss,External,18.0,0.062,,,1.14,3.54,3:10,,,0.7,23.57,,MFL-A/XT,,1160.0,65000.0,,1342.0,1464.7,2033.7,,,,,,,2015,Metal Loss_39467.1,True,39467.09,39467.09,METAL_LOSS,False,3.1666666666666665,1961,39481.02197003745
10950.0,,0.344,-1.12,38.93,39467.23,Metal Loss,External,15.0,0.052,,,0.91,1.3,8:30,,,0.7,23.57,,MFL-A/XT,,1160.0,65000.0,,1342.0,1469.99,2041.05,,,,,,,2015,Metal Loss_39467.2,True,39467.23,39467.23,METAL_LOSS,False,8.5,1962,39481.05510861424
10950.0,,0.344,-4.82,35.23,39470.93,Metal Loss,External,34.0,0.117,,,0.79,1.14,3:44,,,0.7,23.53,,MFL-A/XT,,1160.0,65000.0,,1342.0,1463.73,2032.35,1534.17,2130.15,1535.95,2132.62,0.76,1.84,2015,Metal Loss_39470.9,True,39470.93,39470.93,METAL_LOSS,False,3.7333333333333334,1963,39481.93091385768
10950.0,,0.344,-5.45,34.6,39471.56,Metal Loss,External,11.0,0.038,,,2.01,1.22,4:04,,,0.7,23.52,,MFL-A/XT,,1160.0,65000.0,,1342.0,,,,,,,,,2015,Metal Loss_39471.6,True,39471.56,39471.56,METAL_LOSS,False,4.066666666666666,1964,39482.08003745318
10950.0,,0.344,-19.41,20.65,39485.51,Metal Loss,External,24.0,0.083,,,1.06,1.3,03:00,,,0.7,23.37,,MFL-A/XT,,1160.0,65000.0,,1342.0,1462.27,2030.33,1532.87,2128.35,1534.14,2130.12,0.76,1.83,2015,Metal Loss_39485.5,True,39485.51,39485.51,METAL_LOSS,False,3.0,1965,39485.38205992509
10950.0,,0.344,-26.6,13.45,39492.71,Metal Loss,External,10.0,0.034,,,1.02,1.46,6:49,,,0.7,23.36,,MFL-A/XT,,1160.0,65000.0,,1342.0,,,,,,,,,2015,Metal Loss_39492.7,True,39492.71,39492.71,METAL_LOSS,False,6.816666666666666,1966,39487.08632958801
10950.0,,0.344,-26.92,13.13,39493.03,Metal Loss,External,12.0,0.041,,,1.26,1.5,6:39,,,0.7,23.36,,MFL-A/XT,,1160.0,65000.0,,1342.0,,,,,,,,,2015,Metal Loss_39493.0,True,39493.03,39493.03,METAL_LOSS,False,6.65,1967,39487.162074906366
10960.0,,0.344,-0.76,35.36,39506.92,Metal Loss,External,10.0,0.034,,,1.5,0.71,12:50,,,0.7,23.46,,MFL-A/XT,,1160.0,65000.0,,1342.0,,,,,,,,,2015,Metal Loss_39506.9,True,39506.92,39506.92,METAL_LOSS,False,12.833333333333334,1969,39491.11332225913
10960.0,,0.344,-35.18,0.94,39541.34,Metal Loss,External,21.0,0.072,,,0.71,0.98,8:09,,,0.7,23.35,,MFL-A/XT,,1160.0,65000.0,,1342.0,1470.59,2041.88,1542.31,2141.46,1542.69,2141.99,0.75,1.85,2015,Metal Loss_39541.3,True,39541.34,39541.34,METAL_LOSS,False,8.15,1971,39529.30694352159
10960.0,,0.344,-35.41,0.7,39541.57,Metal Loss,External,11.0,0.038,,,1.42,1.46,11:01,,,0.7,23.35,,MFL-A/XT,,1160.0,65000.0,,1342.0,,,,,,,,,2015,Metal Loss_39541.6,True,39541.57,39541.57,METAL_LOSS,False,11.016666666666667,1972,39529.562159468434
10980.0,,0.344,-0.07,40.65,39551.41,Metal Loss,External,16.0,0.055,,,0.51,7.21,12:28,affecting girth weld,,0.7,25.31,,MFL-A/XT,,1160.0,65000.0,,1342.0,1474.07,2046.71,,,,,,,2015,Metal Loss_39551.4,True,39551.41,39551.41,METAL_LOSS,False,12.466666666666667,1976,39552.75860756386
10980.0,,0.344,-0.64,40.08,39551.98,Metal Loss,External,10.0,0.034,,,0.63,1.58,9:33,,,0.7,25.55,,MFL-A/XT,,1160.0,65000.0,,1342.0,,,,,,,,,2015,Metal Loss_39552.0,True,39551.98,39551.98,METAL_LOSS,False,9.55,1977,39553.31726915522
11000.0,,0.344,-0.25,39.96,39614.68,Metal Loss,External,11.0,0.038,,,1.14,1.1,3:56,,,0.7,60.56,,MFL-A/XT,,1160.0,65000.0,,1342.0,,,,,,,,,2015,Metal Loss_39614.7,True,39614.68,39614.68,METAL_LOSS,False,3.9333333333333336,1983,39629.72229793584
11000.0,,0.344,-0.74,39.47,39615.17,Metal Loss,External,17.0,0.058,,,1.93,1.38,5:28,,,0.7,60.86,,MFL-A/XT,,1160.0,65000.0,,1342.0,1449.69,2012.87,,,,,,,2015,Metal Loss_39615.2,True,39615.17,39615.17,METAL_LOSS,False,5.466666666666667,1984,39629.84440189008
11000.0,,0.344,-0.8,39.41,39615.22,Metal Loss,External,15.0,0.052,,,1.5,2.76,4:41,,,0.7,60.89,,MFL-A/XT,,1160.0,65000.0,,1342.0,1461.16,2028.79,,,,,,,2015,Metal Loss_39615.2,True,39615.22,39615.22,METAL_LOSS,False,4.683333333333334,1985,39629.856861477245
11000.0,,0.344,-0.93,39.28,39615.36,Metal Loss,External,11.0,0.038,,,1.1,0.94,6:50,,,0.7,60.98,,MFL-A/XT,,1160.0,65000.0,,1342.0,,,,,,,,,2015,Metal Loss_39615.4,True,39615.36,39615.36,METAL_LOSS,False,6.833333333333333,1986,39629.891748321315
11000.0,,0.344,-0.94,39.27,39615.36,Metal Loss,External,10.0,0.034,,,1.3,2.05,6:06,,,0.7,60.98,,MFL-A/XT,,1160.0,65000.0,,1342.0,,,,,,,,,2015,Metal Loss_39615.4,True,39615.36,39615.36,METAL_LOSS,False,6.1,1987,39629.891748321315
11000.0,,0.344,-1.04,39.17,39615.47,Metal Loss,External,14.0,0.048,,,0.51,1.06,6:35,,,0.7,61.04,,MFL-A/XT,,1160.0,65000.0,,1342.0,1474.37,2047.12,,,,,,,2015,Metal Loss_39615.5,True,39615.47,39615.47,METAL_LOSS,False,6.583333333333333,1988,39629.91915941308
11010.0,,0.344,-0.01,37.25,39654.65,Metal Loss,External,10.0,0.034,,,0.32,0.98,3:38,affecting girth weld Repaired?,,0.7,79.24,,MFL-A/XT,,1160.0,65000.0,,1342.0,,,,,,,,,2015,Metal Loss_39654.7,True,39654.65,39654.65,METAL_LOSS,False,3.6333333333333333,1993,39639.68855340848
11010.0,,0.344,-0.01,37.25,39654.65,Metal Loss,External,16.0,0.055,,,0.32,0.75,3:48,affecting girth weld Repaired?,,0.7,79.24,,MFL-A/XT,,1160.0,65000.0,,1342.0,1475.37,2048.52,,,,,,,2015,Metal Loss_39654.7,True,39654.65,39654.65,METAL_LOSS,False,3.8,1994,39639.68855340848
11010.0,,0.344,-0.03,37.24,39654.67,Metal Loss,External,10.0,0.034,,,0.32,2.79,4:37,affecting girth weld Repaired?,,0.7,79.24,,MFL-A/XT,,1160.0,65000.0,,1342.0,,,,,,,,,2015,Metal Loss_39654.7,True,39654.67,39654.67,METAL_LOSS,False,4.616666666666667,1995,39639.705660225445
11010.0,,0.344,-0.08,37.19,39654.72,Metal Loss,External,10.0,0.034,,,0.32,1.77,2:01,affecting girth weld Repaired?,,0.7,79.26,,MFL-A/XT,,1160.0,65000.0,,1342.0,,,,,,,,,2015,Metal Loss_39654.7,True,39654.72,39654.72,METAL_LOSS,False,2.0166666666666666,1996,39639.74842726785
11010.0,,0.344,-0.31,36.96,39654.94,Cluster,External,31.0,0.107,,,2.45,5.51,2:52,Repaired?,,0.7,79.34,,,,1160.0,65000.0,,1342.0,1401.79,1946.35,1459.8,2026.9,1488.04,2066.11,0.79,1.75,2015,Cluster_39654.9,True,39654.94,39654.94,CLUSTER,False,2.8666666666666667,1998,39639.936602254435
11010.0,,0.344,-0.7,36.57,39655.34,Metal Loss,External,12.0,0.041,,,0.94,1.42,8:20,Repaired?,,0.7,79.48,,MFL-A/XT,,1160.0,65000.0,,1342.0,,,,,,,,,2015,Metal Loss_39655.3,True,39655.34,39655.34,METAL_LOSS,False,8.333333333333334,1999,39640.27873859366
11030.0,,0.344,-1.42,30.92,39703.12,Metal Loss,External,14.0,0.048,,,1.53,3.35,2:22,,,1.0,93.08,,MFL-A/XT,,1160.0,65000.0,,1342.0,1461.48,2029.23,,,,,,,2015,Metal Loss_39703.1,True,39703.12,39703.12,METAL_LOSS,False,2.3666666666666667,2005,39707.21649659864
11030.0,,0.344,-1.67,30.67,39703.36,Metal Loss,External,12.0,0.041,,,0.63,1.26,1:26,,,1.0,93.23,,MFL-A/XT,,1160.0,65000.0,,1342.0,,,,,,,,,2015,Metal Loss_39703.4,True,39703.36,39703.36,METAL_LOSS,False,1.4333333333333333,2006,39707.512971552256
11030.0,,0.344,-1.75,30.59,39703.44,Metal Loss,External,10.0,0.034,,,0.75,1.26,8:57,,,1.0,93.28,,MFL-A/XT,,1160.0,65000.0,,1342.0,,,,,,,,,2015,Metal Loss_39703.4,True,39703.44,39703.44,METAL_LOSS,False,8.95,2007,39707.611796536796
11050.0,,0.344,-0.18,39.89,39768.19,Metal Loss,External,13.0,0.045,,,0.51,0.67,7:27,near girth weld,,0.7,132.11,,MFL-A/XT,,1160.0,65000.0,,1342.0,1474.51,2047.32,,,,,,,2015,Metal Loss_39768.2,True,39768.19,39768.19,METAL_LOSS,False,7.45,2010,39762.80917144996
11060.0,,0.344,-2.24,15.35,39810.31,Metal Loss,External,47.0,0.162,,,0.67,1.06,4:08,,,0.7,153.73,,MFL-A/XT,,1160.0,65000.0,,1342.0,1462.07,2030.04,1531.47,2126.41,1534.22,2130.22,0.76,1.83,2015,Metal Loss_39810.3,True,39810.31,39810.31,METAL_LOSS,False,4.133333333333334,2012,39772.255730528705
11310.0,,0.344,-38.96,1.09,40732.53,Metal Loss,External,27.0,0.093,,,0.75,1.18,8:03,,,0.7,115.74,,MFL-A/XT,,1160.0,65000.0,,1342.0,1467.89,2038.13,1539.17,2137.1,1540.08,2138.36,0.75,1.84,2015,Metal Loss_40732.5,True,40732.53,40732.53,METAL_LOSS,False,8.05,2040,40688.186493506495
11310.0,,0.344,-39.06,0.98,40732.63,Metal Loss,External,10.0,0.034,,,0.67,1.58,12:17,,,0.7,115.69,,MFL-A/XT,,1160.0,65000.0,,1342.0,,,,,,,,,2015,Metal Loss_40732.6,True,40732.63,40732.63,METAL_LOSS,False,12.283333333333333,2041,40688.211818181815
11310.0,,0.344,-39.08,0.97,40732.64,Metal Loss,External,14.0,0.048,,,0.59,0.87,3:13,,,0.7,115.68,,MFL-A/XT,,1160.0,65000.0,,1342.0,1473.72,2046.22,,,,,,,2015,Metal Loss_40732.6,True,40732.64,40732.64,METAL_LOSS,False,3.216666666666667,2042,40688.21435064935
11330.0,,0.344,-10.37,0.37,40751.99,Metal Loss,External,10.0,0.034,,,1.53,0.59,10:19,,,0.7,111.78,,MFL-A/XT,,1160.0,65000.0,,1342.0,,,,,,,,,2015,Metal Loss_40752.0,True,40751.99,40751.99,METAL_LOSS,False,10.316666666666666,2046,40737.78162942271
11330.0,,0.344,-10.44,0.31,40752.06,Metal Loss,External,16.0,0.055,,,0.43,0.59,10:03,,,0.7,111.78,,MFL-A/XT,,1160.0,65000.0,,1342.0,1474.63,2047.49,,,,,,,2015,Metal Loss_40752.1,True,40752.06,40752.06,METAL_LOSS,False,10.05,2047,40738.04240223463
11330.0,,0.344,-10.51,0.24,40752.13,Metal Loss,External,18.0,0.062,,,0.87,3.07,10:41,near girth weld,,0.7,111.77,,MFL-A/XT,,1160.0,65000.0,,1342.0,1469.14,2039.87,,,,,,,2015,Metal Loss_40752.1,True,40752.13,40752.13,METAL_LOSS,False,10.683333333333334,2048,40738.303175046545
11330.0,,0.344,-10.51,0.23,40752.13,Metal Loss,External,10.0,0.034,,,1.14,2.84,10:05,near girth weld,,0.7,111.77,,MFL-A/XT,,1160.0,65000.0,,1342.0,,,,,,,,,2015,Metal Loss_40752.1,True,40752.13,40752.13,METAL_LOSS,False,10.083333333333334,2049,40738.303175046545
11410.0,,0.344,-17.49,22.59,40991.66,Metal Loss,External,12.0,0.041,,,1.61,2.79,5:45,,,0.7,137.74,,MFL-A/XT,,1160.0,65000.0,,1342.0,,,,,,,,,2015,Metal Loss_40991.7,True,40991.66,40991.66,METAL_LOSS,False,5.75,2059,41007.61581586827
11410.0,,0.344,-17.5,22.58,40991.67,Metal Loss,External,15.0,0.052,,,1.14,0.59,5:25,,,0.7,137.74,,MFL-A/XT,,1160.0,65000.0,,1342.0,1466.82,2036.64,,,,,,,2015,Metal Loss_40991.7,True,40991.67,40991.67,METAL_LOSS,False,5.416666666666667,2060,41007.62577345309
11410.0,,0.344,-18.07,22.0,40992.25,Metal Loss,External,18.0,0.062,,,0.59,0.94,4:44,,,0.7,137.74,,MFL-A/XT,,1160.0,65000.0,,1342.0,1472.92,2045.11,,,,,,,2015,Metal Loss_40992.2,True,40992.25,40992.25,METAL_LOSS,False,4.733333333333333,2061,41008.203313373255
11410.0,,0.344,-19.42,20.65,40993.59,Cluster,External,32.0,0.11,,,1.73,3.56,4:23,,,0.7,137.74,,,,1160.0,65000.0,,1342.0,1429.74,1985.16,1494.11,2074.53,1498.41,2080.5,0.78,1.79,2015,Cluster_40993.6,True,40993.59,40993.59,CLUSTER,False,4.383333333333334,2063,41009.53762974052
11410.0,,0.344,-25.13,14.94,40999.3,Metal Loss,External,13.0,0.045,,,0.91,1.46,6:05,,,0.7,137.76,,MFL-A/XT,,1160.0,65000.0,,1342.0,1471.02,2042.48,,,,,,,2015,Metal Loss_40999.3,True,40999.3,40999.3,METAL_LOSS,False,6.083333333333333,2064,41015.22341067865
11410.0,,0.344,-25.37,14.71,40999.54,Metal Loss,External,14.0,0.048,,,0.71,1.34,5:48,,,0.7,137.76,,MFL-A/XT,,1160.0,65000.0,,1342.0,1472.65,2044.73,,,,,,,2015,Metal Loss_40999.5,True,40999.54,40999.54,METAL_LOSS,False,5.8,2065,41015.46239271457
11410.0,,0.344,-25.48,14.6,40999.65,Metal Loss,External,11.0,0.038,,,0.71,1.02,6:18,,,0.7,137.76,,MFL-A/XT,,1160.0,65000.0,,1342.0,,,,,,,,,2015,Metal Loss_40999.7,True,40999.65,40999.65,METAL_LOSS,False,6.3,2066,41015.571926147706
11410.0,,0.344,-25.51,14.56,40999.68,Metal Loss,External,13.0,0.045,,,1.02,1.58,5:32,,,0.7,137.76,,MFL-A/XT,,1160.0,65000.0,,1342.0,1469.66,2040.59,,,,,,,2015,Metal Loss_40999.7,True,40999.68,40999.68,METAL_LOSS,False,5.533333333333333,2067,41015.60179890219
11460.0,,0.344,-30.66,5.55,41205.18,Metal Loss,External,18.0,0.062,,,2.17,0.98,10:12,,,1.0,147.03,,MFL-A/XT,,1160.0,65000.0,,1342.0,1442.45,2002.81,,,,,,,2015,Metal Loss_41205.2,True,41205.18,41205.18,METAL_LOSS,False,10.2,2073,41220.03216238608
11470.0,,0.344,-19.6,20.45,41230.32,Metal Loss Manufacturing,,13.0,0.045,,,0.39,0.83,8:09,,,0.7,146.53,,MFL-A/XT,,1160.0,65000.0,,1342.0,,,,,,,,,2015,Metal Loss Manufacturing_41230.3,True,41230.32,41230.32,METAL_LOSS_MFG,False,8.15,2075,41245.72553696304
11470.0,,0.344,-24.16,15.88,41234.89,Metal Loss,External,12.0,0.041,,,2.32,1.77,1:42,,,0.7,146.43,,MFL-A/XT,,1160.0,65000.0,,1342.0,,,,,,,,,2015,Metal Loss_41234.9,True,41234.89,41234.89,METAL_LOSS,False,1.7,2076,41250.28983016983
11470.0,,0.344,-24.19,15.85,41234.92,Metal Loss,External,10.0,0.034,,,1.81,2.32,2:26,,,0.7,146.43,,MFL-A/XT,,1160.0,65000.0,,1342.0,,,,,,,,,2015,Metal Loss_41234.9,True,41234.92,41234.92,METAL_LOSS,False,2.4333333333333336,2077,41250.31979270729
11540.0,,0.344,-16.18,23.9,41506.78,Metal Loss,External,11.0,0.038,,,0.98,1.46,6:28,,,1.0,134.1,,MFL-A/XT,,1160.0,65000.0,,1342.0,,,,,,,,,2015,Metal Loss_41506.8,True,41506.78,41506.78,METAL_LOSS,False,6.466666666666667,2085,41521.51751996008
11540.0,,0.344,-17.23,22.86,41507.83,Metal Loss,External,20.0,0.069,,,0.79,1.22,6:31,,,1.0,133.95,,MFL-A/XT,,1160.0,65000.0,,1342.0,1469.63,2040.54,1541.25,2139.99,1541.63,2140.52,0.75,1.84,2015,Metal Loss_41507.8,True,41507.83,41507.83,METAL_LOSS,False,6.516666666666667,2086,41522.56411427146
11540.0,,0.344,-17.66,22.42,41508.26,Metal Loss,External,21.0,0.072,,,0.59,1.18,6:38,,,1.0,133.9,,MFL-A/XT,,1160.0,65000.0,,1342.0,1472.13,2044.01,1544.02,2143.83,1544.29,2144.21,0.75,1.85,2015,Metal Loss_41508.3,True,41508.26,41508.26,METAL_LOSS,False,6.633333333333333,2087,41522.992719560876
11540.0,,0.344,-18.23,21.86,41508.82,Metal Loss,External,16.0,0.055,,,0.71,1.42,6:42,,,1.0,133.82,,MFL-A/XT,,1160.0,65000.0,,1342.0,1472.08,2043.95,,,,,,,2015,Metal Loss_41508.8,True,41508.82,41508.82,METAL_LOSS,False,6.7,2088,41523.55090319361
11540.0,,0.344,-18.28,21.81,41508.88,Metal Loss,External,21.0,0.072,,,0.98,1.53,5:18,,,1.0,133.81,,MFL-A/XT,,1160.0,65000.0,,1342.0,1465.74,2035.14,1536.87,2133.91,1537.58,2134.89,0.75,1.84,2015,Metal Loss_41508.9,True,41508.88,41508.88,METAL_LOSS,False,5.3,2089,41523.61070858283
11540.0,,0.344,-18.46,21.63,41509.06,Metal Loss,External,15.0,0.052,,,1.89,2.21,6:27,,,1.0,133.79,,MFL-A/XT,,1160.0,65000.0,,1342.0,1453.78,2018.54,,,,,,,2015,Metal Loss_41509.1,True,41509.06,41509.06,METAL_LOSS,False,6.45,2090,41523.79012475049
11540.0,,0.344,-18.66,21.43,41509.26,Metal Loss,External,31.0,0.107,,,0.83,1.42,5:16,,,1.0,133.76,,MFL-A/XT,,1160.0,65000.0,,1342.0,1464.13,2032.91,1534.75,2130.96,1536.32,2133.14,0.76,1.84,2015,Metal Loss_41509.3,True,41509.26,41509.26,METAL_LOSS,False,5.266666666666667,2091,41523.98947604791
11540.0,,0.344,-19.06,21.02,41509.66,Metal Loss,External,16.0,0.055,,,1.06,1.26,6:48,,,1.0,133.7,,MFL-A/XT,,1160.0,65000.0,,1342.0,1467.25,2037.24,,,,,,,2015,Metal Loss_41509.7,True,41509.66,41509.66,METAL_LOSS,False,6.8,2092,41524.388178642716
11540.0,,0.344,-19.19,20.9,41509.79,Metal Loss,External,29.0,0.1,,,0.71,1.34,5:09,,,1.0,133.69,,MFL-A/XT,,1160.0,65000.0,,1342.0,1467.68,2037.84,1538.88,2136.7,1539.91,2138.12,0.75,1.84,2015,Metal Loss_41509.8,True,41509.79,41509.79,METAL_LOSS,False,5.15,2093,41524.517756986024
11540.0,,0.344,-19.33,20.76,41509.93,Metal Loss,External,15.0,0.052,,,0.75,1.42,6:42,,,1.0,133.67,,MFL-A/XT,,1160.0,65000.0,,1342.0,1471.85,2043.63,,,,,,,2015,Metal Loss_41509.9,True,41509.93,41509.93,METAL_LOSS,False,6.7,2094,41524.65730289421
11540.0,,0.344,-19.38,20.71,41509.97,Metal Loss,External,13.0,0.045,,,1.26,0.98,6:11,,,1.0,133.66,,MFL-A/XT,,1160.0,65000.0,,1342.0,1466.59,2036.32,,,,,,,2015,Metal Loss_41510.0,True,41509.97,41509.97,METAL_LOSS,False,6.183333333333334,2095,41524.69717315369
11540.0,,0.344,-19.42,20.67,41510.01,Metal Loss,External,11.0,0.038,,,0.59,0.91,7:20,,,1.0,133.65,,MFL-A/XT,,1160.0,65000.0,,1342.0,,,,,,,,,2015,Metal Loss_41510.0,True,41510.01,41510.01,METAL_LOSS,False,7.333333333333333,2096,41524.73704341317
11540.0,,0.344,-19.45,20.64,41510.05,Metal Loss,External,11.0,0.038,,,0.59,1.18,4:49,,,1.0,133.65,,MFL-A/XT,,1160.0,65000.0,,1342.0,,,,,,,,,2015,Metal Loss_41510.1,True,41510.05,41510.05,METAL_LOSS,False,4.816666666666666,2097,41524.77691367266
11540.0,,0.344,-19.58,20.51,41510.17,Metal Loss,External,21.0,0.072,,,0.63,1.1,7:16,,,1.0,133.63,,MFL-A/XT,,1160.0,65000.0,,1342.0,1471.64,2043.33,1543.48,2143.08,1543.79,2143.51,0.75,1.85,2015,Metal Loss_41510.2,True,41510.17,41510.17,METAL_LOSS,False,7.266666666666667,2098,41524.8965244511
11540.0,,0.344,-19.73,20.36,41510.32,Metal Loss,External,15.0,0.052,,,0.75,1.18,4:52,,,1.0,133.61,,MFL-A/XT,,1160.0,65000.0,,1342.0,1471.85,2043.63,,,,,,,2015,Metal Loss_41510.3,True,41510.32,41510.32,METAL_LOSS,False,4.866666666666667,2099,41525.04603792415
11540.0,,0.344,-19.87,20.21,41510.47,Metal Loss,External,16.0,0.055,,,0.51,0.98,4:52,,,1.0,133.59,,MFL-A/XT,,1160.0,65000.0,,1342.0,1473.97,2046.57,,,,,,,2015,Metal Loss_41510.5,True,41510.47,41510.47,METAL_LOSS,False,4.866666666666667,2100,41525.195551397206
11540.0,,0.344,-20.06,20.03,41510.65,Metal Loss,External,18.0,0.062,,,0.94,1.22,5:03,,,1.0,133.57,,MFL-A/XT,,1160.0,65000.0,,1342.0,1468.01,2038.3,,,,,,,2015,Metal Loss_41510.7,True,41510.65,41510.65,METAL_LOSS,False,5.05,2101,41525.37496756487
11540.0,,0.344,-20.25,19.83,41510.85,Metal Loss,External,35.0,0.12,,,1.1,1.18,5:03,,,1.0,133.54,,MFL-A/XT,,1160.0,65000.0,,1342.0,1452.21,2016.35,1520.63,2111.36,1524.15,2116.25,0.76,1.82,2015,Metal Loss_41510.8,True,41510.85,41510.85,METAL_LOSS,False,5.05,2102,41525.57431886227
11540.0,,0.344,-20.26,19.83,41510.86,Metal Loss,External,15.0,0.052,,,0.87,1.34,6:48,,,1.0,133.54,,MFL-A/XT,,1160.0,65000.0,,1342.0,1470.59,2041.88,,,,,,,2015,Metal Loss_41510.9,True,41510.86,41510.86,METAL_LOSS,False,6.8,2103,41525.58428642715
11540.0,,0.344,-20.58,19.51,41511.18,Metal Loss,External,11.0,0.038,,,0.47,0.71,7:24,,,1.0,133.49,,MFL-A/XT,,1160.0,65000.0,,1342.0,,,,,,,,,2015,Metal Loss_41511.2,True,41511.18,41511.18,METAL_LOSS,False,7.4,2104,41525.90324850299
11540.0,,0.344,-20.6,19.49,41511.19,Metal Loss,External,25.0,0.086,,,0.67,1.77,4:35,,,1.0,133.49,,MFL-A/XT,,1160.0,65000.0,,1342.0,1469.97,2041.02,1541.56,2140.41,1542.17,2141.26,0.75,1.85,2015,Metal Loss_41511.2,True,41511.19,41511.19,METAL_LOSS,False,4.583333333333333,2105,41525.913216067864
11540.0,,0.344,-20.68,19.4,41511.28,Metal Loss,External,15.0,0.052,,,0.55,0.94,7:21,,,1.0,133.48,,MFL-A/XT,,1160.0,65000.0,,1342.0,1473.83,2046.38,,,,,,,2015,Metal Loss_41511.3,True,41511.28,41511.28,METAL_LOSS,False,7.35,2106,41526.0029241517
11540.0,,0.344,-20.74,19.35,41511.33,Metal Loss,External,41.0,0.141,,,0.75,1.34,4:45,,,1.0,133.47,,MFL-A/XT,,1160.0,65000.0,,1342.0,1461.58,2029.37,1531.29,2126.16,1533.78,2129.61,0.76,1.83,2015,Metal Loss_41511.3,True,41511.33,41511.33,METAL_LOSS,False,4.75,2107,41526.05276197605
11540.0,,0.344,-20.8,19.28,41511.4,Metal Loss,External,13.0,0.045,,,0.55,0.87,7:21,,,1.0,133.46,,MFL-A/XT,,1160.0,65000.0,,1342.0,1474.18,2046.86,,,,,,,2015,Metal Loss_41511.4,True,41511.4,41511.4,METAL_LOSS,False,7.35,2108,41526.12253493014
11540.0,,0.344,-20.97,19.11,41511.57,Metal Loss,External,19.0,0.065,,,0.71,1.38,7:17,,,1.0,133.44,,MFL-A/XT,,1160.0,65000.0,,1342.0,1471.2,2042.72,,,,,,,2015,Metal Loss_41511.6,True,41511.57,41511.57,METAL_LOSS,False,7.283333333333333,2109,41526.29198353293
11540.0,,0.344,-21.0,19.09,41511.6,Metal Loss,External,14.0,0.048,,,1.18,1.22,4:56,,,1.0,133.44,,MFL-A/XT,,1160.0,65000.0,,1342.0,1466.83,2036.65,,,,,,,2015,Metal Loss_41511.6,True,41511.6,41511.6,METAL_LOSS,False,4.933333333333334,2110,41526.32188622754
11540.0,,0.344,-21.21,18.88,41511.81,Metal Loss,External,16.0,0.055,,,1.3,2.36,6:58,,,1.0,133.41,,MFL-A/XT,,1160.0,65000.0,,1342.0,1463.51,2032.05,,,,,,,2015,Metal Loss_41511.8,True,41511.81,41511.81,METAL_LOSS,False,6.966666666666667,2111,41526.531205089814
11540.0,,0.344,-21.47,18.62,41512.07,Metal Loss,External,32.0,0.11,,,0.98,1.38,7:12,,,1.0,133.37,,MFL-A/XT,,1160.0,65000.0,,1342.0,1458.85,2025.58,1528.6,2122.43,1530.93,2125.66,0.76,1.83,2015,Metal Loss_41512.1,True,41512.07,41512.07,METAL_LOSS,False,7.2,2112,41526.790361776446
11540.0,,0.344,-21.56,18.52,41512.16,Metal Loss,External,14.0,0.048,,,0.63,2.56,6:33,,,1.0,133.36,,MFL-A/XT,,1160.0,65000.0,,1342.0,1473.31,2045.66,,,,,,,2015,Metal Loss_41512.2,True,41512.16,41512.16,METAL_LOSS,False,6.55,2113,41526.88006986028
11540.0,,0.344,-21.64,18.44,41512.24,Metal Loss,External,27.0,0.093,,,0.75,0.71,7:14,,,1.0,133.35,,MFL-A/XT,,1160.0,65000.0,,1342.0,1467.63,2037.77,1538.88,2136.69,1539.82,2138.0,0.75,1.84,2015,Metal Loss_41512.2,True,41512.24,41512.24,METAL_LOSS,False,7.233333333333333,2114,41526.95981037924
11540.0,,0.344,-21.67,18.42,41512.26,Metal Loss,External,13.0,0.045,,,0.51,0.87,4:33,,,1.0,133.34,,MFL-A/XT,,1160.0,65000.0,,1342.0,1474.51,2047.32,,,,,,,2015,Metal Loss_41512.3,True,41512.26,41512.26,METAL_LOSS,False,4.55,2115,41526.97974550898
11540.0,,0.344,-21.78,18.31,41512.37,Metal Loss,External,11.0,0.038,,,1.14,1.26,5:22,,,1.0,133.33,,MFL-A/XT,,1160.0,65000.0,,1342.0,,,,,,,,,2015,Metal Loss_41512.4,True,41512.37,41512.37,METAL_LOSS,False,5.366666666666666,2116,41527.089388722554
11540.0,,0.344,-21.82,18.27,41512.42,Metal Loss,External,10.0,0.034,,,0.35,0.59,6:57,,,1.0,133.32,,MFL-A/XT,,1160.0,65000.0,,1342.0,,,,,,,,,2015,Metal Loss_41512.4,True,41512.42,41512.42,METAL_LOSS,False,6.95,2117,41527.139226546904
11540.0,,0.344,-21.84,18.24,41512.44,Metal Loss,External,26.0,0.089,,,0.67,0.94,4:57,,,1.0,133.32,,MFL-A/XT,,1160.0,65000.0,,1342.0,1469.89,2040.91,1541.45,2140.27,1542.11,2141.18,0.75,1.85,2015,Metal Loss_41512.4,True,41512.44,41512.44,METAL_LOSS,False,4.95,2118,41527.159161676645
11540.0,,0.344,-21.87,18.22,41512.46,Metal Loss,External,34.0,0.117,,,0.98,1.97,7:12,,,1.0,133.31,,MFL-A/XT,,1160.0,65000.0,,1342.0,1457.47,2023.66,1526.88,2120.03,1529.55,2123.74,0.76,1.83,2015,Metal Loss_41512.5,True,41512.46,41512.46,METAL_LOSS,False,7.2,2119,41527.17909680639
11540.0,,0.344,-21.9,18.18,41512.5,Cluster,External,22.0,0.076,,,2.68,2.33,6:44,,,1.0,133.31,,,,1160.0,65000.0,,1342.0,1419.64,1971.14,1482.12,2057.89,1484.6,2061.34,0.78,1.77,2015,Cluster_41512.5,True,41512.5,41512.5,CLUSTER,False,6.733333333333333,2120,41527.21896706587
11540.0,,0.344,-22.14,17.95,41512.74,Metal Loss,External,30.0,0.103,,,1.42,2.44,4:31,,,1.0,133.28,,MFL-A/XT,,1160.0,65000.0,,1342.0,1445.5,2007.04,1513.1,2100.9,1516.94,2106.24,0.77,1.81,2015,Metal Loss_41512.7,True,41512.74,41512.74,METAL_LOSS,False,4.516666666666667,2121,41527.45818862275
11540.0,,0.344,-22.41,17.68,41513.01,Metal Loss,External,11.0,0.038,,,1.14,2.24,4:46,,,1.0,133.24,,MFL-A/XT,,1160.0,65000.0,,1342.0,,,,,,,,,2015,Metal Loss_41513.0,True,41513.01,41513.01,METAL_LOSS,False,4.766666666666667,2122,41527.72731287425
11540.0,,0.344,-22.42,17.67,41513.01,Cluster,External,26.0,0.089,,,0.9,3.27,6:29,,,1.0,133.24,,,,1160.0,65000.0,,1342.0,1464.68,2033.67,1535.55,2132.07,1537.72,2135.09,0.76,1.84,2015,Cluster_41513.0,True,41513.01,41513.01,CLUSTER,False,6.483333333333333,2123,41527.72731287425
11540.0,,0.344,-22.44,17.65,41513.04,Metal Loss,External,11.0,0.038,,,0.67,0.75,5:41,,,1.0,133.23,,MFL-A/XT,,1160.0,65000.0,,1342.0,,,,,,,,,2015,Metal Loss_41513.0,True,41513.04,41513.04,METAL_LOSS,False,5.683333333333334,2124,41527.75721556886
11540.0,,0.344,-22.44,17.64,41513.04,Metal Loss,External,25.0,0.086,,,1.1,0.59,5:25,,,1.0,133.23,,MFL-A/XT,,1160.0,65000.0,,1342.0,1460.34,2027.65,1530.63,2125.24,1532.19,2127.41,0.76,1.83,2015,Metal Loss_41513.0,True,41513.04,41513.04,METAL_LOSS,False,5.416666666666667,2125,41527.75721556886
11540.0,,0.344,-22.5,17.59,41513.1,Metal Loss,External,11.0,0.038,,,0.35,0.67,5:41,,,1.0,133.23,,MFL-A/XT,,1160.0,65000.0,,1342.0,,,,,,,,,2015,Metal Loss_41513.1,True,41513.1,41513.1,METAL_LOSS,False,5.683333333333334,2126,41527.81702095808
11540.0,,0.344,-22.5,17.59,41513.1,Metal Loss,External,12.0,0.041,,,0.43,0.63,4:57,,,1.0,133.23,,MFL-A/XT,,1160.0,65000.0,,1342.0,,,,,,,,,2015,Metal Loss_41513.1,True,41513.1,41513.1,METAL_LOSS,False,4.95,2127,41527.81702095808
11550.0,,0.344,-0.84,39.24,41531.52,Metal Loss,External,12.0,0.041,,,0.59,2.84,1:21,,,0.7,130.79,,MFL-A/XT,,1160.0,65000.0,,1342.0,,,,,,,,,2015,Metal Loss_41531.5,True,41531.52,41531.52,METAL_LOSS,False,1.35,2132,41546.17706586826
11550.0,,0.344,-0.84,39.23,41531.53,Metal Loss,External,10.0,0.034,,,0.98,1.58,5:49,,,0.7,130.78,,MFL-A/XT,,1160.0,65000.0,,1342.0,,,,,,,,,2015,Metal Loss_41531.5,True,41531.53,41531.53,METAL_LOSS,False,5.816666666666666,2133,41546.18703093812
11550.0,,0.344,-0.85,39.23,41531.53,Metal Loss,External,11.0,0.038,,,0.59,1.18,3:12,,,0.7,130.78,,MFL-A/XT,,1160.0,65000.0,,1342.0,,,,,,,,,2015,Metal Loss_41531.5,True,41531.53,41531.53,METAL_LOSS,False,3.2,2134,41546.18703093812
11550.0,,0.344,-0.85,39.23,41531.53,Metal Loss,External,23.0,0.079,,,0.83,2.09,10:25,,,0.7,130.78,,MFL-A/XT,,1160.0,65000.0,,1342.0,1468.02,2038.3,1539.4,2137.42,1540.09,2138.37,0.75,1.84,2015,Metal Loss_41531.5,True,41531.53,41531.53,METAL_LOSS,False,10.416666666666666,2135,41546.18703093812
11550.0,,0.344,-0.85,39.22,41531.54,Metal Loss,External,13.0,0.045,,,1.06,2.4,4:56,,,0.7,130.78,,MFL-A/XT,,1160.0,65000.0,,1342.0,1469.08,2039.78,,,,,,,2015,Metal Loss_41531.5,True,41531.54,41531.54,METAL_LOSS,False,4.933333333333334,2136,41546.19699600798
11550.0,,0.344,-1.0,39.07,41531.69,Metal Loss,External,11.0,0.038,,,0.71,1.26,9:15,,,0.7,130.77,,MFL-A/XT,,1160.0,65000.0,,1342.0,,,,,,,,,2015,Metal Loss_41531.7,True,41531.69,41531.69,METAL_LOSS,False,9.25,2137,41546.346472055884
11550.0,,0.344,-1.03,39.05,41531.71,Metal Loss,External,17.0,0.058,,,1.1,0.63,5:34,,,0.7,130.76,,MFL-A/XT,,1160.0,65000.0,,1342.0,1466.03,2035.54,,,,,,,2015,Metal Loss_41531.7,True,41531.71,41531.71,METAL_LOSS,False,5.566666666666666,2138,41546.36640219561
11550.0,,0.344,-1.03,39.04,41531.71,Metal Loss,External,12.0,0.041,,,0.87,2.21,5:49,,,0.7,130.76,,MFL-A/XT,,1160.0,65000.0,,1342.0,,,,,,,,,2015,Metal Loss_41531.7,True,41531.71,41531.71,METAL_LOSS,False,5.816666666666666,2139,41546.36640219561
11550.0,,0.344,-7.96,32.11,41538.65,Metal Loss,External,21.0,0.072,,,0.63,1.02,7:17,,,0.7,129.93,,MFL-A/XT,,1160.0,65000.0,,1342.0,1471.64,2043.33,1543.48,2143.08,1543.79,2143.51,0.75,1.85,2015,Metal Loss_41538.7,True,41538.65,41538.65,METAL_LOSS,False,7.283333333333333,2140,41553.28216067864
11550.0,,0.344,-8.47,31.61,41539.15,Metal Loss,External,11.0,0.038,,,2.21,1.65,6:58,,,0.7,129.87,,MFL-A/XT,,1160.0,65000.0,,1342.0,,,,,,,,,2015,Metal Loss_41539.2,True,41539.15,41539.15,METAL_LOSS,False,6.966666666666667,2141,41553.780414171655
11550.0,,0.344,-20.25,19.83,41550.93,Metal Loss,External,15.0,0.052,,,0.47,0.94,9:52,,,0.7,128.53,,MFL-A/XT,,1160.0,65000.0,,1342.0,1474.4,2047.17,,,,,,,2015,Metal Loss_41550.9,True,41550.93,41550.93,METAL_LOSS,False,9.866666666666667,2142,41565.51926646706
11550.0,,0.344,-20.38,19.7,41551.06,Metal Loss,External,11.0,0.038,,,1.85,1.53,9:33,,,0.7,128.52,,MFL-A/XT,,1160.0,65000.0,,1342.0,,,,,,,,,2015,Metal Loss_41551.1,True,41551.06,41551.06,METAL_LOSS,False,9.55,2143,41565.64881237524
11550.0,,0.344,-20.58,19.5,41551.26,Metal Loss,External,14.0,0.048,,,0.63,1.02,10:14,,,0.7,128.5,,MFL-A/XT,,1160.0,65000.0,,1342.0,1473.31,2045.66,,,,,,,2015,Metal Loss_41551.3,True,41551.26,41551.26,METAL_LOSS,False,10.233333333333333,2144,41565.84811377245
11550.0,,0.344,-20.79,19.28,41551.48,Metal Loss,External,14.0,0.048,,,0.63,1.58,10:53,,,0.7,128.48,,MFL-A/XT,,1160.0,65000.0,,1342.0,1473.42,2045.8,,,,,,,2015,Metal Loss_41551.5,True,41551.48,41551.48,METAL_LOSS,False,10.883333333333333,2145,41566.067345309384
11550.0,,0.344,-20.91,19.16,41551.6,Metal Loss,External,13.0,0.045,,,0.75,1.3,10:08,,,0.7,128.47,,MFL-A/XT,,1160.0,65000.0,,1342.0,1472.48,2044.51,,,,,,,2015,Metal Loss_41551.6,True,41551.6,41551.6,METAL_LOSS,False,10.133333333333333,2146,41566.1869261477
11550.0,,0.344,-21.12,18.96,41551.8,Metal Loss,External,13.0,0.045,,,0.91,1.14,10:18,,,0.7,128.46,,MFL-A/XT,,1160.0,65000.0,,1342.0,1471.02,2042.48,,,,,,,2015,Metal Loss_41551.8,True,41551.8,41551.8,METAL_LOSS,False,10.3,2147,41566.38622754491
11550.0,,0.344,-21.27,18.81,41551.95,Metal Loss,External,16.0,0.055,,,2.17,2.87,12:57,,,0.7,128.44,,MFL-A/XT,,1160.0,65000.0,,1342.0,1446.81,2008.86,,,,,,,2015,Metal Loss_41551.9,True,41551.95,41551.95,METAL_LOSS,False,12.95,2148,41566.53570359281
11550.0,,0.344,-21.29,18.79,41551.97,Cluster,External,26.0,0.089,,,1.48,5.66,11:38,,,0.7,128.44,,,,1160.0,65000.0,,1342.0,1449.08,2012.01,1517.54,2107.07,1522.5,2113.96,0.76,1.82,2015,Cluster_41552.0,True,41551.97,41551.97,CLUSTER,False,11.633333333333333,2149,41566.55563373253
11550.0,,0.344,-21.29,18.79,41551.97,Metal Loss,External,11.0,0.038,,,1.1,0.83,10:13,,,0.7,128.44,,MFL-A/XT,,1160.0,65000.0,,1342.0,,,,,,,,,2015,Metal Loss_41552.0,True,41551.97,41551.97,METAL_LOSS,False,10.216666666666667,2150,41566.55563373253
11550.0,,0.344,-21.29,18.78,41551.98,Metal Loss,External,12.0,0.041,,,1.85,1.26,1:50,,,0.7,128.44,,MFL-A/XT,,1160.0,65000.0,,1342.0,,,,,,,,,2015,Metal Loss_41552.0,True,41551.98,41551.98,METAL_LOSS,False,1.8333333333333335,2151,41566.565598802394
11550.0,,0.344,-21.97,18.1,41552.66,Metal Loss,External,10.0,0.034,,,1.38,2.32,11:57,,,0.7,128.39,,MFL-A/XT,,1160.0,65000.0,,1342.0,,,,,,,,,2015,Metal Loss_41552.7,True,41552.66,41552.66,METAL_LOSS,False,11.95,2152,41567.2432235529
11550.0,,0.344,-22.04,18.03,41552.72,Metal Loss,External,12.0,0.041,,,1.34,3.19,12:54,,,0.7,128.38,,MFL-A/XT,,1160.0,65000.0,,1342.0,,,,,,,,,2015,Metal Loss_41552.7,True,41552.72,41552.72,METAL_LOSS,False,12.9,2153,41567.30301397205
11550.0,,0.344,-22.53,17.55,41553.21,Metal Loss,External,10.0,0.034,,,1.26,2.28,12:35,,,0.7,128.35,,MFL-A/XT,,1160.0,65000.0,,1342.0,,,,,,,,,2015,Metal Loss_41553.2,True,41553.21,41553.21,METAL_LOSS,False,12.583333333333334,2154,41567.791302395206
11550.0,,0.344,-22.56,17.51,41553.25,Metal Loss,External,14.0,0.048,,,0.91,2.72,1:22,,,0.7,128.34,,MFL-A/XT,,1160.0,65000.0,,1342.0,1470.45,2041.68,,,,,,,2015,Metal Loss_41553.2,True,41553.25,41553.25,METAL_LOSS,False,1.3666666666666667,2155,41567.83116267465
11550.0,,0.344,-31.75,8.33,41562.43,Metal Loss,External,10.0,0.034,,,1.93,0.91,2:26,,,0.7,127.68,,MFL-A/XT,,1160.0,65000.0,,1342.0,,,,,,,,,2015,Metal Loss_41562.4,True,41562.43,41562.43,METAL_LOSS,False,2.4333333333333336,2157,41576.97909680638
11550.0,,0.344,-31.75,8.32,41562.44,Metal Loss,External,11.0,0.038,,,0.67,1.34,2:02,,,0.7,127.68,,MFL-A/XT,,1160.0,65000.0,,1342.0,,,,,,,,,2015,Metal Loss_41562.4,True,41562.44,41562.44,METAL_LOSS,False,2.033333333333333,2158,41576.989061876244
11550.0,,0.344,-32.69,7.39,41563.37,Metal Loss,External,10.0,0.034,,,0.79,1.26,2:22,,,0.7,127.64,,MFL-A/XT,,1160.0,65000.0,,1342.0,,,,,,,,,2015,Metal Loss_41563.4,True,41563.37,41563.37,METAL_LOSS,False,2.3666666666666667,2159,41577.915813373256
11550.0,,0.344,-34.62,5.46,41565.3,Metal Loss,External,10.0,0.034,,,1.18,1.5,7:40,,,0.7,127.57,,MFL-A/XT,,1160.0,65000.0,,1342.0,,,,,,,,,2015,Metal Loss_41565.3,True,41565.3,41565.3,METAL_LOSS,False,7.666666666666667,2161,41579.83907185629
11550.0,,0.344,-34.94,5.14,41565.62,Metal Loss,External,14.0,0.048,,,1.18,1.53,7:20,,,0.7,127.56,,MFL-A/XT,,1160.0,65000.0,,1342.0,1467.0,2036.89,,,,,,,2015,Metal Loss_41565.6,True,41565.62,41565.62,METAL_LOSS,False,7.333333333333333,2162,41580.15795409182
11550.0,,0.344,-35.57,4.5,41566.26,Metal Loss,External,11.0,0.038,,,0.51,0.75,7:49,,,0.7,127.55,,MFL-A/XT,,1160.0,65000.0,,1342.0,,,,,,,,,2015,Metal Loss_41566.3,True,41566.26,41566.26,METAL_LOSS,False,7.816666666666666,2163,41580.79571856288
11550.0,,0.344,-35.66,4.42,41566.34,Cluster,External,17.0,0.058,,,1.68,2.12,7:51,,,0.7,127.54,,,,1160.0,65000.0,,1342.0,1454.76,2019.89,,,,,,,2015,Cluster_41566.3,True,41566.34,41566.34,CLUSTER,False,7.85,2164,41580.87543912175
11550.0,,0.344,-38.87,1.21,41569.55,Metal Loss,External,11.0,0.038,,,1.42,1.73,9:29,,,0.7,127.54,,MFL-A/XT,,1160.0,65000.0,,1342.0,,,,,,,,,2015,Metal Loss_41569.6,True,41569.55,41569.55,METAL_LOSS,False,9.483333333333333,2165,41584.07422654691
11550.0,,0.344,-38.94,1.14,41569.62,Metal Loss,External,10.0,0.034,,,0.79,1.73,11:03,,,0.7,127.54,,MFL-A/XT,,1160.0,65000.0,,1342.0,,,,,,,,,2015,Metal Loss_41569.6,True,41569.62,41569.62,METAL_LOSS,False,11.05,2166,41584.14398203593
11560.0,,0.344,-0.02,40.05,41570.78,Metal Loss,External,15.0,0.052,,,0.71,1.77,7:45,affecting girth weld,,1.0,127.56,,MFL-A/XT,,1160.0,65000.0,,1342.0,1472.37,2044.34,,,,,,,2015,Metal Loss_41570.8,True,41570.78,41570.78,METAL_LOSS,False,7.75,2168,41585.30000998253
11560.0,,0.344,-0.62,39.44,41571.38,Metal Loss,External,10.0,0.034,,,0.55,1.3,8:02,,,1.0,127.57,,MFL-A/XT,,1160.0,65000.0,,1342.0,,,,,,,,,2015,Metal Loss_41571.4,True,41571.38,41571.38,METAL_LOSS,False,8.033333333333333,2170,41585.90030945844
11560.0,,0.344,-0.92,39.15,41571.68,Metal Loss,External,29.0,0.1,,,0.83,1.1,8:06,,,1.0,127.57,,MFL-A/XT,,1160.0,65000.0,,1342.0,1465.09,2034.24,1535.92,2132.59,1537.26,2134.44,0.76,1.84,2015,Metal Loss_41571.7,True,41571.68,41571.68,METAL_LOSS,False,8.1,2171,41586.20045919641
11560.0,,0.344,-1.25,38.82,41572.01,Metal Loss,External,10.0,0.034,,,0.43,0.75,7:57,,,1.0,127.58,,MFL-A/XT,,1160.0,65000.0,,1342.0,,,,,,,,,2015,Metal Loss_41572.0,True,41572.01,41572.01,METAL_LOSS,False,7.95,2172,41586.53062390816
11560.0,,0.344,-39.09,0.97,41609.85,Metal Loss,External,53.0,0.182,,,0.55,1.38,7:48,Repaired?,,1.0,128.8,,MFL-A/XT,,1160.0,65000.0,,1342.0,1464.64,2033.62,1534.2,2130.2,1536.75,2133.74,0.76,1.84,2015,Metal Loss_41609.8,True,41609.85,41609.85,METAL_LOSS,False,7.8,2175,41624.389510856
11560.0,,0.344,-39.11,0.95,41609.87,Metal Loss,External,21.0,0.072,,,0.55,1.1,8:49,Repaired?,,1.0,128.8,,MFL-A/XT,,1160.0,65000.0,,1342.0,1472.74,2044.86,1544.7,2144.77,1544.93,2145.1,0.75,1.85,2015,Metal Loss_41609.9,True,41609.87,41609.87,METAL_LOSS,False,8.816666666666666,2176,41624.40952083853
11570.0,,0.344,-0.82,39.18,41611.64,Metal Loss,External,19.0,0.065,,,2.17,1.26,10:11,Recoat,,0.7,128.88,,MFL-A/XT,,1160.0,65000.0,,1342.0,1440.65,2000.3,,,,,,,2015,Metal Loss_41611.6,True,41611.64,41611.64,METAL_LOSS,False,10.183333333333334,2179,41626.18060765191
11570.0,,0.344,-0.86,39.14,41611.68,Cluster,External,30.0,0.103,,,1.92,3.27,9:15,Recoat,,0.7,128.88,,,,1160.0,65000.0,,1342.0,1425.35,1979.06,1488.96,2067.38,1503.52,2087.6,0.78,1.78,2015,Cluster_41611.7,True,41611.68,41611.68,CLUSTER,False,9.25,2180,41626.22063765942
11570.0,,0.344,-0.86,39.13,41611.69,Metal Loss,External,11.0,0.038,,,1.53,2.01,8:30,Recoat,,0.7,128.88,,MFL-A/XT,,1160.0,65000.0,,1342.0,,,,,,,,,2015,Metal Loss_41611.7,True,41611.69,41611.69,METAL_LOSS,False,8.5,2181,41626.2306451613
11570.0,,0.344,-0.87,39.12,41611.7,Metal Loss,External,13.0,0.045,,,1.93,1.38,7:57,Recoat,,0.7,128.89,,MFL-A/XT,,1160.0,65000.0,,1342.0,1456.62,2022.49,,,,,,,2015,Metal Loss_41611.7,True,41611.7,41611.7,METAL_LOSS,False,7.95,2182,41626.24065266316
11570.0,,0.344,-0.89,39.11,41611.71,Metal Loss,External,19.0,0.065,,,0.71,1.85,7:10,Recoat,,0.7,128.89,,MFL-A/XT,,1160.0,65000.0,,1342.0,1471.2,2042.72,,,,,,,2015,Metal Loss_41611.7,True,41611.71,41611.71,METAL_LOSS,False,7.166666666666667,2183,41626.25066016504
11570.0,,0.344,-0.89,39.1,41611.72,Metal Loss,External,11.0,0.038,,,1.65,2.79,6:19,Recoat,,0.7,128.89,,MFL-A/XT,,1160.0,65000.0,,1342.0,,,,,,,,,2015,Metal Loss_41611.7,True,41611.72,41611.72,METAL_LOSS,False,6.316666666666666,2184,41626.26066766692
11570.0,,0.344,-35.73,4.26,41646.56,Metal Loss,External,11.0,0.038,,,0.75,1.3,8:05,,,0.7,130.69,,MFL-A/XT,,1160.0,65000.0,,1342.0,,,,,,,,,2015,Metal Loss_41646.6,True,41646.56,41646.56,METAL_LOSS,False,8.083333333333334,2190,41661.12680420105
11580.0,,0.344,-2.37,37.73,41653.19,Metal Loss,External,10.0,0.034,,,1.89,0.91,1:32,Recoat,,1.0,130.9,,MFL-A/XT,,1160.0,65000.0,,1342.0,,,,,,,,,2015,Metal Loss_41653.2,True,41653.19,41653.19,METAL_LOSS,False,1.5333333333333332,2193,41666.168376558606
11580.0,,0.344,-2.94,37.16,41653.76,Cluster,External,28.0,0.096,,,1.81,4.4,7:14,Recoat,,1.0,130.92,,,,1160.0,65000.0,,1342.0,1433.79,1990.78,1499.29,2081.72,1501.99,2085.47,0.77,1.79,2015,Cluster_41653.8,True,41653.76,41653.76,CLUSTER,False,7.233333333333333,2194,41666.355581047384
11580.0,,0.344,-3.19,36.91,41654.01,Metal Loss,External,16.0,0.055,,,1.46,2.24,9:54,Recoat,,1.0,130.93,,MFL-A/XT,,1160.0,65000.0,,1342.0,1460.5,2027.87,,,,,,,2015,Metal Loss_41654.0,True,41654.01,41654.01,METAL_LOSS,False,9.9,2195,41666.4376882793
11580.0,,0.344,-3.21,36.89,41654.03,Cluster,External,17.0,0.058,,,1.93,4.32,8:41,Recoat,,1.0,130.93,,,,1160.0,65000.0,,1342.0,1449.76,2012.95,,,,,,,2015,Cluster_41654.0,True,41654.03,41654.03,CLUSTER,False,8.683333333333334,2196,41666.44425685785
11580.0,,0.344,-3.5,36.6,41654.32,Metal Loss,External,12.0,0.041,,,0.75,1.02,9:35,Recoat,,1.0,130.93,,MFL-A/XT,,1160.0,65000.0,,1342.0,,,,,,,,,2015,Metal Loss_41654.3,True,41654.32,41654.32,METAL_LOSS,False,9.583333333333334,2197,41666.53950124688
11580.0,,0.344,-3.66,36.44,41654.48,Metal Loss,External,12.0,0.041,,,1.69,1.81,8:27,Recoat,,1.0,130.94,,MFL-A/XT,,1160.0,65000.0,,1342.0,,,,,,,,,2015,Metal Loss_41654.5,True,41654.48,41654.48,METAL_LOSS,False,8.45,2198,41666.59204987531
11580.0,,0.344,-3.7,36.4,41654.52,Metal Loss,External,11.0,0.038,,,0.59,0.87,10:03,Recoat,,1.0,130.94,,MFL-A/XT,,1160.0,65000.0,,1342.0,,,,,,,,,2015,Metal Loss_41654.5,True,41654.52,41654.52,METAL_LOSS,False,10.05,2199,41666.605187032415
11580.0,,0.344,-4.51,35.58,41655.34,Metal Loss,External,10.0,0.034,,,1.65,1.22,9:35,Recoat,,1.0,130.96,,MFL-A/XT,,1160.0,65000.0,,1342.0,,,,,,,,,2015,Metal Loss_41655.3,True,41655.34,41655.34,METAL_LOSS,False,9.583333333333334,2200,41666.87449875312
11580.0,,0.344,-6.43,33.67,41657.25,Metal Loss,External,17.0,0.058,,,1.65,2.13,10:09,Recoat,,1.0,130.98,,MFL-A/XT,,1160.0,65000.0,,1342.0,1455.52,2020.96,,,,,,,2015,Metal Loss_41657.2,True,41657.25,41657.25,METAL_LOSS,False,10.15,2201,41667.50179800499
11580.0,,0.344,-8.01,32.09,41658.83,Metal Loss,External,11.0,0.038,,,1.14,1.42,6:57,Recoat,,1.0,131.0,,MFL-A/XT,,1160.0,65000.0,,1342.0,,,,,,,,,2015,Metal Loss_41658.8,True,41658.83,41658.83,METAL_LOSS,False,6.95,2202,41668.02071571072
11580.0,,0.344,-8.52,31.57,41659.35,Metal Loss,External,11.0,0.038,,,1.02,1.42,4:55,Recoat,,1.0,131.0,,MFL-A/XT,,1160.0,65000.0,,1342.0,,,,,,,,,2015,Metal Loss_41659.3,True,41659.35,41659.35,METAL_LOSS,False,4.916666666666667,2203,41668.19149875311
11580.0,,0.344,-9.5,30.6,41660.32,Metal Loss,External,11.0,0.038,,,2.01,0.63,12:57,Recoat,,1.0,131.01,,MFL-A/XT,,1160.0,65000.0,,1342.0,,,,,,,,,2015,Metal Loss_41660.3,True,41660.32,41660.32,METAL_LOSS,False,12.95,2204,41668.51007481297
11580.0,,0.344,-9.57,30.53,41660.39,Metal Loss,External,40.0,0.138,,,1.3,1.38,1:43,Recoat,,1.0,131.01,,MFL-A/XT,,1160.0,65000.0,,1342.0,1438.22,1996.93,1503.41,2087.44,1509.7,2096.18,0.77,1.8,2015,Metal Loss_41660.4,True,41660.39,41660.39,METAL_LOSS,False,1.7166666666666668,2205,41668.5330648379
11580.0,,0.344,-10.54,29.56,41661.36,Metal Loss,External,69.0,0.237,,,1.02,0.87,2:01,Repaired?,,1.0,131.02,,MFL-A/XT,,1160.0,65000.0,,1342.0,1418.3,1969.28,1469.03,2039.71,1486.8,2064.38,0.79,1.76,2015,Metal Loss_41661.4,True,41661.36,41661.36,METAL_LOSS,False,2.0166666666666666,2207,41668.85164089775
11580.0,,0.344,-11.71,28.39,41662.54,Cluster,External,21.0,0.072,,,1.97,1.3,8:08,Recoat,,1.0,131.02,,,,1160.0,65000.0,,1342.0,1441.62,2001.65,1508.9,2095.07,1515.34,2104.01,0.77,1.81,2015,Cluster_41662.5,True,41662.54,41662.54,CLUSTER,False,8.133333333333333,2209,41669.23918703242
11580.0,,0.344,-18.19,21.91,41669.01,Cluster,External,38.0,0.131,,,2.59,4.32,10:37,Repaired?,,1.0,130.92,,,,1160.0,65000.0,,1342.0,1372.58,1905.8,1422.01,1974.43,1481.6,2057.16,0.82,1.7,2015,Cluster_41669.0,True,41669.01,41669.01,CLUSTER,False,10.616666666666667,2212,41671.364122194514
11580.0,,0.344,-18.38,21.72,41669.2,Metal Loss,External,11.0,0.038,,,0.32,0.94,10:21,Repaired?,,1.0,130.92,,MFL-A/XT,,1160.0,65000.0,,1342.0,,,,,,,,,2015,Metal Loss_41669.2,True,41669.2,41669.2,METAL_LOSS,False,10.35,2213,41671.426523690774
11580.0,,0.344,-18.54,21.56,41669.36,Cluster,External,45.0,0.155,,,2.36,1.61,10:18,Repaired?,,1.0,130.91,,,,1160.0,65000.0,,1342.0,1362.69,1892.06,1407.63,1954.46,1474.84,2047.77,0.82,1.68,2015,Cluster_41669.4,True,41669.36,41669.36,CLUSTER,False,10.3,2214,41671.4790723192
11580.0,,0.344,-19.54,20.56,41670.36,Metal Loss,External,11.0,0.038,,,0.32,0.63,3:11,Repaired?,,1.0,130.87,,MFL-A/XT,,1160.0,65000.0,,1342.0,,,,,,,,,2015,Metal Loss_41670.4,True,41670.36,41670.36,METAL_LOSS,False,3.183333333333333,2215,41671.80750124688
11580.0,,0.344,-19.54,20.56,41670.36,Metal Loss,External,10.0,0.034,,,0.32,0.59,3:46,Repaired?,,1.0,130.87,,MFL-A/XT,,1160.0,65000.0,,1342.0,,,,,,,,,2015,Metal Loss_41670.4,True,41670.36,41670.36,METAL_LOSS,False,3.7666666666666666,2216,41671.80750124688
11580.0,,0.344,-19.96,20.14,41670.78,Metal Loss,External,15.0,0.052,,,1.93,0.91,1:31,Repaired?,,1.0,130.85,,MFL-A/XT,,1160.0,65000.0,,1342.0,1453.11,2017.6,,,,,,,2015,Metal Loss_41670.8,True,41670.78,41670.78,METAL_LOSS,False,1.5166666666666666,2217,41671.94544139651
11580.0,,0.344,-20.0,20.1,41670.82,Metal Loss,External,12.0,0.041,,,0.59,1.14,1:49,Repaired?,,1.0,130.85,,MFL-A/XT,,1160.0,65000.0,,1342.0,,,,,,,,,2015,Metal Loss_41670.8,True,41670.82,41670.82,METAL_LOSS,False,1.8166666666666667,2218,41671.95857855362
11580.0,,0.344,-20.1,19.99,41670.93,Metal Loss,External,11.0,0.038,,,0.63,1.18,1:57,Repaired?,,1.0,130.84,,MFL-A/XT,,1160.0,65000.0,,1342.0,,,,,,,,,2015,Metal Loss_41670.9,True,41670.93,41670.93,METAL_LOSS,False,1.95,2219,41671.99470573566
11580.0,,0.344,-20.15,19.94,41670.98,Cluster,External,20.0,0.069,,,1.57,3.96,3:14,Repaired?,,1.0,130.84,,,,1160.0,65000.0,,1342.0,1453.37,2017.97,1522.75,2114.3,1525.14,2117.62,0.76,1.82,2015,Cluster_41671.0,True,41670.98,41670.98,CLUSTER,False,3.2333333333333334,2220,41672.01112718204
11580.0,,0.344,-20.27,19.83,41671.09,Metal Loss,External,12.0,0.041,,,0.59,0.87,2:06,Repaired?,,1.0,130.83,,MFL-A/XT,,1160.0,65000.0,,1342.0,,,,,,,,,2015,Metal Loss_41671.1,True,41671.09,41671.09,METAL_LOSS,False,2.1,2221,41672.047254364086
11580.0,,0.344,-20.94,19.16,41671.76,Metal Loss,External,12.0,0.041,,,1.53,1.22,3:17,Repaired?,,1.0,130.8,,MFL-A/XT,,1160.0,65000.0,,1342.0,,,,,,,,,2015,Metal Loss_41671.8,True,41671.76,41671.76,METAL_LOSS,False,3.283333333333333,2222,41672.26730174563
11580.0,,0.344,-21.42,18.68,41672.24,Metal Loss,External,22.0,0.076,,,0.79,1.3,2:24,Repaired?,,1.0,130.77,,MFL-A/XT,,1160.0,65000.0,,1342.0,1468.86,2039.48,1540.36,2138.76,1540.92,2139.53,0.75,1.84,2015,Metal Loss_41672.2,True,41672.24,41672.24,METAL_LOSS,False,2.4,2223,41672.42494763092
11580.0,,0.344,-21.48,18.62,41672.3,Metal Loss,External,16.0,0.055,,,0.94,0.83,3:25,Repaired?,,1.0,130.77,,MFL-A/XT,,1160.0,65000.0,,1342.0,1469.03,2039.71,,,,,,,2015,Metal Loss_41672.3,True,41672.3,41672.3,METAL_LOSS,False,3.4166666666666665,2224,41672.44465336658
11580.0,,0.344,-21.72,18.38,41672.54,Metal Loss,External,14.0,0.048,,,0.47,0.59,3:29,Repaired?,,1.0,130.75,,MFL-A/XT,,1160.0,65000.0,,1342.0,1474.53,2047.35,,,,,,,2015,Metal Loss_41672.5,True,41672.54,41672.54,METAL_LOSS,False,3.4833333333333334,2225,41672.52347630922
11580.0,,0.344,-21.77,18.33,41672.59,Metal Loss,External,13.0,0.045,,,0.59,1.02,2:07,Repaired?,,1.0,130.75,,MFL-A/XT,,1160.0,65000.0,,1342.0,1473.91,2046.49,,,,,,,2015,Metal Loss_41672.6,True,41672.59,41672.59,METAL_LOSS,False,2.1166666666666667,2226,41672.53989775561
11580.0,,0.344,-21.86,18.23,41672.69,Metal Loss,External,13.0,0.045,,,0.59,1.1,2:10,Repaired?,,1.0,130.74,,MFL-A/XT,,1160.0,65000.0,,1342.0,1473.91,2046.49,,,,,,,2015,Metal Loss_41672.7,True,41672.69,41672.69,METAL_LOSS,False,2.1666666666666665,2227,41672.57274064838
11580.0,,0.344,-22.08,18.02,41672.9,Metal Loss,External,10.0,0.034,,,0.63,0.59,3:29,Repaired?,,1.0,130.72,,MFL-A/XT,,1160.0,65000.0,,1342.0,,,,,,,,,2015,Metal Loss_41672.9,True,41672.9,41672.9,METAL_LOSS,False,3.4833333333333334,2228,41672.64171072319
11580.0,,0.344,-22.2,17.9,41673.02,Cluster,External,40.0,0.138,,,0.83,2.58,3:28,Repaired?,,1.0,130.71,,,,1160.0,65000.0,,1342.0,1459.45,2026.41,1528.83,2122.74,1533.5,2129.23,0.76,1.83,2015,Cluster_41673.0,True,41673.02,41673.02,CLUSTER,False,3.466666666666667,2229,41672.68112219451
11580.0,,0.344,-22.27,17.83,41673.09,Metal Loss,External,11.0,0.038,,,0.51,0.87,2:28,Repaired?,,1.0,130.71,,MFL-A/XT,,1160.0,65000.0,,1342.0,,,,,,,,,2015,Metal Loss_41673.1,True,41673.09,41673.09,METAL_LOSS,False,2.466666666666667,2230,41672.70411221945
11580.0,,0.344,-22.35,17.75,41673.17,Metal Loss,External,11.0,0.038,,,0.55,0.87,2:32,Repaired?,,1.0,130.7,,MFL-A/XT,,1160.0,65000.0,,1342.0,,,,,,,,,2015,Metal Loss_41673.2,True,41673.17,41673.17,METAL_LOSS,False,2.533333333333333,2231,41672.730386533665
11580.0,,0.344,-22.4,17.7,41673.22,Metal Loss,External,15.0,0.052,,,0.43,0.59,3:31,Repaired?,,1.0,130.7,,MFL-A/XT,,1160.0,65000.0,,1342.0,1474.74,2047.64,,,,,,,2015,Metal Loss_41673.2,True,41673.22,41673.22,METAL_LOSS,False,3.5166666666666666,2232,41672.746807980046
11580.0,,0.344,-22.48,17.62,41673.3,Metal Loss,External,13.0,0.045,,,0.43,0.63,3:27,Repaired?,,1.0,130.69,,MFL-A/XT,,1160.0,65000.0,,1342.0,1474.95,2047.93,,,,,,,2015,Metal Loss_41673.3,True,41673.3,41673.3,METAL_LOSS,False,3.45,2233,41672.77308229426
11580.0,,0.344,-22.67,17.43,41673.49,Metal Loss,External,11.0,0.038,,,0.51,0.94,2:25,Repaired?,,1.0,130.68,,MFL-A/XT,,1160.0,65000.0,,1342.0,,,,,,,,,2015,Metal Loss_41673.5,True,41673.49,41673.49,METAL_LOSS,False,2.4166666666666665,2235,41672.83548379052
11580.0,,0.344,-22.72,17.38,41673.54,Metal Loss,External,14.0,0.048,,,0.71,0.98,10:11,Repaired?,,1.0,130.68,,MFL-A/XT,,1160.0,65000.0,,1342.0,1472.65,2044.73,,,,,,,2015,Metal Loss_41673.5,True,41673.54,41673.54,METAL_LOSS,False,10.183333333333334,2236,41672.85190523691
11580.0,,0.344,-22.87,17.23,41673.69,Cluster,External,21.0,0.072,,,1.14,3.06,3:29,Repaired?,,1.0,130.67,,,,1160.0,65000.0,,1342.0,1462.45,2030.58,1533.16,2128.75,1533.5,2129.23,0.76,1.84,2015,Cluster_41673.7,True,41673.69,41673.69,CLUSTER,False,3.4833333333333334,2237,41672.90116957606
11580.0,,0.344,-23.08,17.02,41673.9,Cluster,External,33.0,0.114,,,1.1,2.89,3:27,Repaired?,,1.0,130.65,,,,1160.0,65000.0,,1342.0,1454.0,2018.84,1522.88,2114.48,1526.3,2119.22,0.76,1.82,2015,Cluster_41673.9,True,41673.9,41673.9,CLUSTER,False,3.45,2238,41672.970139650875
11580.0,,0.344,-23.1,17.0,41673.92,Metal Loss,External,17.0,0.058,,,0.43,1.26,2:14,Repaired?,,1.0,130.65,,MFL-A/XT,,1160.0,65000.0,,1342.0,1474.52,2047.33,,,,,,,2015,Metal Loss_41673.9,True,41673.92,41673.92,METAL_LOSS,False,2.2333333333333334,2239,41672.97670822943
11580.0,,0.344,-23.25,16.85,41674.07,Metal Loss,External,23.0,0.079,,,0.63,1.02,10:12,Repaired?,,1.0,130.64,,MFL-A/XT,,1160.0,65000.0,,1342.0,1471.31,2042.88,1543.09,2142.54,1543.5,2143.11,0.75,1.85,2015,Metal Loss_41674.1,True,41674.07,41674.07,METAL_LOSS,False,10.2,2240,41673.025972568576
11580.0,,0.344,-23.26,16.84,41674.08,Metal Loss,External,18.0,0.062,,,0.79,1.06,2:18,Repaired?,,1.0,130.64,,MFL-A/XT,,1160.0,65000.0,,1342.0,1470.37,2041.57,,,,,,,2015,Metal Loss_41674.1,True,41674.08,41674.08,METAL_LOSS,False,2.3,2241,41673.02925685785
11580.0,,0.344,-23.31,16.79,41674.14,Metal Loss,External,10.0,0.034,,,0.67,0.67,3:28,Repaired?,,1.0,130.64,,MFL-A/XT,,1160.0,65000.0,,1342.0,,,,,,,,,2015,Metal Loss_41674.1,True,41674.14,41674.14,METAL_LOSS,False,3.466666666666667,2242,41673.048962593515
11580.0,,0.344,-23.47,16.63,41674.29,Metal Loss,External,22.0,0.076,,,0.75,2.4,3:29,Repaired?,,1.0,130.62,,MFL-A/XT,,1160.0,65000.0,,1342.0,1469.69,2040.62,1541.29,2140.04,1541.78,2140.73,0.75,1.84,2015,Metal Loss_41674.3,True,41674.29,41674.29,METAL_LOSS,False,3.4833333333333334,2243,41673.09822693267
11580.0,,0.344,-23.48,16.62,41674.3,Metal Loss,External,22.0,0.076,,,0.67,1.06,8:46,Repaired?,,1.0,130.62,,MFL-A/XT,,1160.0,65000.0,,1342.0,1470.84,2042.23,1542.58,2141.83,1542.99,2142.4,0.75,1.85,2015,Metal Loss_41674.3,True,41674.3,41674.3,METAL_LOSS,False,8.766666666666667,2244,41673.10151122195
11580.0,,0.344,-23.54,16.56,41674.36,Metal Loss,External,10.0,0.034,,,1.93,1.69,4:49,Repaired?,,1.0,130.62,,MFL-A/XT,,1160.0,65000.0,,1342.0,,,,,,,,,2015,Metal Loss_41674.4,True,41674.36,41674.36,METAL_LOSS,False,4.816666666666666,2245,41673.1212169576
11580.0,,0.344,-23.55,16.55,41674.37,Metal Loss,External,14.0,0.048,,,0.71,1.18,10:12,Repaired?,,1.0,130.62,,MFL-A/XT,,1160.0,65000.0,,1342.0,1472.65,2044.73,,,,,,,2015,Metal Loss_41674.4,True,41674.37,41674.37,METAL_LOSS,False,10.2,2246,41673.12450124688
11580.0,,0.344,-23.72,16.38,41674.54,Metal Loss,External,18.0,0.062,,,0.43,0.79,3:49,Repaired?,,1.0,130.6,,MFL-A/XT,,1160.0,65000.0,,1342.0,1474.41,2047.18,,,,,,,2015,Metal Loss_41674.5,True,41674.54,41674.54,METAL_LOSS,False,3.8166666666666664,2247,41673.18033416459
11580.0,,0.344,-23.8,16.29,41674.63,Metal Loss,External,14.0,0.048,,,0.43,0.59,3:48,Repaired?,,1.0,130.6,,MFL-A/XT,,1160.0,65000.0,,1342.0,1474.85,2047.79,,,,,,,2015,Metal Loss_41674.6,True,41674.63,41674.63,METAL_LOSS,False,3.8,2248,41673.20989276808
11580.0,,0.344,-23.81,16.29,41674.63,Metal Loss,External,39.0,0.134,,,0.79,1.18,2:26,Repaired?,,1.0,130.6,,MFL-A/XT,,1160.0,65000.0,,1342.0,1461.27,2028.94,1531.05,2125.82,1533.47,2129.19,0.76,1.83,2015,Metal Loss_41674.6,True,41674.63,41674.63,METAL_LOSS,False,2.4333333333333336,2249,41673.20989276808
11580.0,,0.344,-23.81,16.29,41674.63,Metal Loss,External,17.0,0.058,,,0.67,1.5,10:06,Repaired?,,1.0,130.6,,MFL-A/XT,,1160.0,65000.0,,1342.0,1472.35,2044.32,,,,,,,2015,Metal Loss_41674.6,True,41674.63,41674.63,METAL_LOSS,False,10.1,2250,41673.20989276808
11580.0,,0.344,-23.87,16.22,41674.7,Metal Loss,External,29.0,0.1,,,1.53,2.52,3:35,Repaired?,,1.0,130.59,,MFL-A/XT,,1160.0,65000.0,,1342.0,1442.38,2002.71,1509.48,2095.87,1513.55,2101.53,0.77,1.81,2015,Metal Loss_41674.7,True,41674.7,41674.7,METAL_LOSS,False,3.5833333333333335,2251,41673.23288279302
11580.0,,0.344,-24.01,16.09,41674.83,Metal Loss,External,14.0,0.048,,,0.83,1.22,10:11,Repaired?,,1.0,130.58,,MFL-A/XT,,1160.0,65000.0,,1342.0,1471.41,2043.01,,,,,,,2015,Metal Loss_41674.8,True,41674.83,41674.83,METAL_LOSS,False,10.183333333333334,2252,41673.275578553614
11580.0,,0.344,-24.05,16.05,41674.87,Metal Loss,External,16.0,0.055,,,1.06,0.83,3:06,Repaired?,,1.0,130.58,,MFL-A/XT,,1160.0,65000.0,,1342.0,1467.25,2037.24,,,,,,,2015,Metal Loss_41674.9,True,41674.87,41674.87,METAL_LOSS,False,3.1,2253,41673.288715710725
11580.0,,0.344,-24.07,16.03,41674.89,Cluster,External,18.0,0.062,,,2.8,2.85,9:23,Repaired?,,1.0,130.58,,,,1160.0,65000.0,,1342.0,1428.36,1983.24,,,,,,,2015,Cluster_41674.9,True,41674.89,41674.89,CLUSTER,False,9.383333333333333,2254,41673.29528428928
11580.0,,0.344,-24.37,15.73,41675.19,Metal Loss,External,10.0,0.034,,,0.47,0.94,10:04,Repaired?,,1.0,130.55,,MFL-A/XT,,1160.0,65000.0,,1342.0,,,,,,,,,2015,Metal Loss_41675.2,True,41675.19,41675.19,METAL_LOSS,False,10.066666666666666,2255,41673.39381296758
11580.0,,0.344,-24.4,15.7,41675.22,Cluster,External,50.0,0.172,,,0.97,4.88,1:52,Repaired?,,1.0,130.55,,,,1160.0,65000.0,,1342.0,1444.51,2005.67,1509.6,2096.04,1518.97,2109.05,0.77,1.81,2015,Cluster_41675.2,True,41675.22,41675.22,CLUSTER,False,1.8666666666666667,2256,41673.40366583541
11580.0,,0.344,-24.51,15.59,41675.33,Metal Loss,External,10.0,0.034,,,0.87,1.26,9:51,Repaired?,,1.0,130.54,,MFL-A/XT,,1160.0,65000.0,,1342.0,,,,,,,,,2015,Metal Loss_41675.3,True,41675.33,41675.33,METAL_LOSS,False,9.85,2257,41673.43979301745
11580.0,,0.344,-24.52,15.58,41675.34,Metal Loss,External,11.0,0.038,,,1.1,0.59,3:30,Repaired?,,1.0,130.54,,MFL-A/XT,,1160.0,65000.0,,1342.0,,,,,,,,,2015,Metal Loss_41675.3,True,41675.34,41675.34,METAL_LOSS,False,3.5,2258,41673.44307730673
11580.0,,0.344,-24.55,15.55,41675.37,Metal Loss,External,17.0,0.058,,,1.1,0.83,3:48,Repaired?,,1.0,130.54,,MFL-A/XT,,1160.0,65000.0,,1342.0,1466.03,2035.54,,,,,,,2015,Metal Loss_41675.4,True,41675.37,41675.37,METAL_LOSS,False,3.8,2259,41673.452930174564
11580.0,,0.344,-24.64,15.46,41675.46,Metal Loss,External,11.0,0.038,,,0.51,0.94,10:16,Repaired?,,1.0,130.53,,MFL-A/XT,,1160.0,65000.0,,1342.0,,,,,,,,,2015,Metal Loss_41675.5,True,41675.46,41675.46,METAL_LOSS,False,10.266666666666667,2260,41673.482488778056
11580.0,,0.344,-24.74,15.36,41675.56,Metal Loss,External,13.0,0.045,,,0.98,1.1,9:48,Repaired?,,1.0,130.52,,MFL-A/XT,,1160.0,65000.0,,1342.0,1470.08,2041.17,,,,,,,2015,Metal Loss_41675.6,True,41675.56,41675.56,METAL_LOSS,False,9.8,2261,41673.515331670824
11580.0,,0.344,-24.82,15.28,41675.64,Metal Loss,External,38.0,0.131,,,0.71,0.98,10:15,Repaired?,,1.0,130.52,,MFL-A/XT,,1160.0,65000.0,,1342.0,1464.55,2033.5,1534.96,2131.25,1536.8,2133.81,0.76,1.84,2015,Metal Loss_41675.6,True,41675.64,41675.64,METAL_LOSS,False,10.25,2262,41673.54160598504
11580.0,,0.344,-24.98,15.12,41675.8,Metal Loss,External,34.0,0.117,,,0.91,1.3,2:25,Repaired?,,1.0,130.5,,MFL-A/XT,,1160.0,65000.0,,1342.0,1460.33,2027.63,1530.22,2124.67,1532.48,2127.81,0.76,1.83,2015,Metal Loss_41675.8,True,41675.8,41675.8,METAL_LOSS,False,2.4166666666666665,2263,41673.59415461346
11580.0,,0.344,-25.35,14.75,41676.17,Metal Loss,External,17.0,0.058,,,1.93,3.07,9:43,Repaired?,,1.0,130.48,,MFL-A/XT,,1160.0,65000.0,,1342.0,1449.69,2012.87,,,,,,,2015,Metal Loss_41676.2,True,41676.17,41676.17,METAL_LOSS,False,9.716666666666667,2264,41673.71567331671
11580.0,,0.344,-25.49,14.61,41676.31,Metal Loss,External,36.0,0.124,,,0.75,1.34,8:30,Repaired?,,1.0,130.46,,MFL-A/XT,,1160.0,65000.0,,1342.0,1464.28,2033.11,1534.72,2130.92,1536.52,2133.42,0.76,1.84,2015,Metal Loss_41676.3,True,41676.31,41676.31,METAL_LOSS,False,8.5,2265,41673.76165336658
11580.0,,0.344,-25.64,14.46,41676.46,Metal Loss,External,39.0,0.134,,,0.63,1.39,8:35,Repaired?,,1.0,130.45,,MFL-A/XT,,1160.0,65000.0,,1342.0,1466.39,2036.05,1537.06,2134.18,1538.66,2136.39,0.75,1.84,2015,Metal Loss_41676.5,True,41676.46,41676.46,METAL_LOSS,False,8.583333333333334,2266,41673.810917705734
11580.0,,0.344,-25.96,14.14,41676.78,Metal Loss,External,17.0,0.058,,,0.79,1.34,8:37,Repaired?,,1.0,130.43,,MFL-A/XT,,1160.0,65000.0,,1342.0,1470.73,2042.08,,,,,,,2015,Metal Loss_41676.8,True,41676.78,41676.78,METAL_LOSS,False,8.616666666666667,2267,41673.91601496259
11580.0,,0.344,-26.38,13.72,41677.2,Metal Loss,External,19.0,0.065,,,0.63,1.06,10:17,Repaired?,,1.0,130.39,,MFL-A/XT,,1160.0,65000.0,,1342.0,1472.13,2044.02,,,,,,,2015,Metal Loss_41677.2,True,41677.2,41677.2,METAL_LOSS,False,10.283333333333333,2268,41674.05395511222
11580.0,,0.344,-26.6,13.5,41677.42,Metal Loss,External,20.0,0.069,,,1.5,1.77,9:42,Repaired?,,1.0,130.38,,MFL-A/XT,,1160.0,65000.0,,1342.0,1455.18,2020.48,1524.84,2117.2,1526.07,2118.91,0.76,1.83,2015,Metal Loss_41677.4,True,41677.42,41677.42,METAL_LOSS,False,9.7,2269,41674.12620947631
11580.0,,0.344,-26.99,13.11,41677.81,Metal Loss,External,12.0,0.041,,,1.81,1.73,10:06,Repaired?,,1.0,130.34,,MFL-A/XT,,1160.0,65000.0,,1342.0,,,,,,,,,2015,Metal Loss_41677.8,True,41677.81,41677.81,METAL_LOSS,False,10.1,2270,41674.2542967581
11580.0,,0.344,-27.83,12.27,41678.65,Metal Loss,External,10.0,0.034,,,1.85,2.87,10:07,,,1.0,130.28,,MFL-A/XT,,1160.0,65000.0,,1342.0,,,,,,,,,2015,Metal Loss_41678.7,True,41678.65,41678.65,METAL_LOSS,False,10.116666666666667,2273,41674.53017705736
11580.0,,0.344,-28.66,11.44,41679.48,Metal Loss,External,16.0,0.055,,,1.18,1.34,10:13,,,1.0,130.21,,MFL-A/XT,,1160.0,65000.0,,1342.0,1465.54,2034.86,,,,,,,2015,Metal Loss_41679.5,True,41679.48,41679.48,METAL_LOSS,False,10.216666666666667,2274,41674.802773067335
11580.0,,0.344,-39.03,1.07,41689.85,Metal Loss,External,13.0,0.045,,,0.83,3.39,2:50,,,1.0,129.37,,MFL-A/XT,,1160.0,65000.0,,1342.0,1471.78,2043.53,,,,,,,2015,Metal Loss_41689.8,True,41689.85,41689.85,METAL_LOSS,False,2.8333333333333335,2275,41678.20858104738
11580.0,,0.344,-39.86,0.24,41690.68,Metal Loss,External,13.0,0.045,,,0.83,1.02,3:29,near girth weld,,1.0,129.3,,MFL-A/XT,,1160.0,65000.0,,1342.0,1471.78,2043.53,,,,,,,2015,Metal Loss_41690.7,True,41690.68,41690.68,METAL_LOSS,False,3.4833333333333334,2276,41678.48117705736
11580.0,,0.344,-39.95,0.15,41690.77,Metal Loss,External,11.0,0.038,,,0.43,1.26,2:27,near girth weld,,1.0,129.29,,MFL-A/XT,,1160.0,65000.0,,1342.0,,,,,,,,,2015,Metal Loss_41690.8,True,41690.77,41690.77,METAL_LOSS,False,2.45,2277,41678.51073566084
11590.0,,0.344,-0.04,39.94,41690.96,Metal Loss,External,11.0,0.038,,,0.59,0.79,3:55,affecting girth weld,,0.7,129.27,,MFL-A/XT,,1160.0,65000.0,,1342.0,,,,,,,,,2015,Metal Loss_41691.0,True,41690.96,41690.96,METAL_LOSS,False,3.9166666666666665,2279,41678.58689344672
11590.0,,0.344,-0.23,39.75,41691.15,Metal Loss,External,15.0,0.052,,,0.79,1.34,4:09,,,0.7,129.26,,MFL-A/XT,,1160.0,65000.0,,1342.0,1471.45,2043.07,,,,,,,2015,Metal Loss_41691.2,True,41691.15,41691.15,METAL_LOSS,False,4.15,2280,41678.71463731866
11590.0,,0.344,-0.23,39.75,41691.15,Metal Loss,External,13.0,0.045,,,1.61,0.71,4:33,,,0.7,129.26,,MFL-A/XT,,1160.0,65000.0,,1342.0,1461.53,2029.3,,,,,,,2015,Metal Loss_41691.2,True,41691.15,41691.15,METAL_LOSS,False,4.55,2281,41678.71463731866
11590.0,,0.344,-0.83,39.15,41691.75,Metal Loss,External,13.0,0.045,,,1.61,3.62,1:19,,,0.7,129.21,,MFL-A/XT,,1160.0,65000.0,,1342.0,1461.35,2029.04,,,,,,,2015,Metal Loss_41691.8,True,41691.75,41691.75,METAL_LOSS,False,1.3166666666666667,2282,41679.11803901951
11590.0,,0.344,-0.91,39.07,41691.83,Metal Loss,External,11.0,0.038,,,1.06,3.03,2:29,,,0.7,129.2,,MFL-A/XT,,1160.0,65000.0,,1342.0,,,,,,,,,2015,Metal Loss_41691.8,True,41691.83,41691.83,METAL_LOSS,False,2.4833333333333334,2283,41679.171825912956
11590.0,,0.344,-0.94,39.04,41691.86,Cluster,External,23.0,0.079,,,1.73,2.49,3:36,,,0.7,129.2,,,,1160.0,65000.0,,1342.0,1444.85,2006.14,1512.69,2100.33,1518.3,2108.13,0.77,1.81,2015,Cluster_41691.9,True,41691.86,41691.86,CLUSTER,False,3.6,2284,41679.191995998
11590.0,,0.344,-9.51,30.47,41700.43,Metal Loss,External,14.0,0.048,,,0.59,1.14,10:01,,,0.7,128.56,,MFL-A/XT,,1160.0,65000.0,,1342.0,1473.62,2046.09,,,,,,,2015,Metal Loss_41700.4,True,41700.43,41700.43,METAL_LOSS,False,10.016666666666667,2285,41684.95391695848
11590.0,,0.344,-9.82,30.16,41700.74,Metal Loss,External,13.0,0.045,,,0.94,1.3,9:40,,,0.7,128.54,,MFL-A/XT,,1160.0,65000.0,,1342.0,1470.63,2041.93,,,,,,,2015,Metal Loss_41700.7,True,41700.74,41700.74,METAL_LOSS,False,9.666666666666666,2286,41685.16234117058
11590.0,,0.344,-10.06,29.92,41700.98,Metal Loss,External,11.0,0.038,,,0.83,1.26,1:45,,,0.7,128.53,,MFL-A/XT,,1160.0,65000.0,,1342.0,,,,,,,,,2015,Metal Loss_41701.0,True,41700.98,41700.98,METAL_LOSS,False,1.75,2287,41685.323701850924
11590.0,,0.344,-10.08,29.9,41701.0,Metal Loss,External,16.0,0.055,,,0.87,1.18,9:38,,,0.7,128.53,,MFL-A/XT,,1160.0,65000.0,,1342.0,1470.18,2041.3,,,,,,,2015,Metal Loss_41701.0,True,41701.0,41701.0,METAL_LOSS,False,9.633333333333333,2288,41685.33714857429
11590.0,,0.344,-10.43,29.55,41701.36,Metal Loss,External,12.0,0.041,,,1.5,1.3,2:29,,,0.7,128.51,,MFL-A/XT,,1160.0,65000.0,,1342.0,,,,,,,,,2015,Metal Loss_41701.4,True,41701.36,41701.36,METAL_LOSS,False,2.4833333333333334,2289,41685.5791895948
11590.0,,0.344,-10.49,29.49,41701.41,Metal Loss,External,16.0,0.055,,,0.47,0.94,2:02,,,0.7,128.51,,MFL-A/XT,,1160.0,65000.0,,1342.0,1474.36,2047.11,,,,,,,2015,Metal Loss_41701.4,True,41701.41,41701.41,METAL_LOSS,False,2.033333333333333,2290,41685.6128064032
11590.0,,0.344,-10.53,29.45,41701.45,Cluster,External,23.0,0.079,,,1.14,3.92,10:12,,,0.7,128.51,,,,1160.0,65000.0,,1342.0,1460.92,2028.46,1531.36,2126.25,1534.97,2131.26,0.76,1.83,2015,Cluster_41701.4,True,41701.45,41701.45,CLUSTER,False,10.2,2291,41685.639699849926
11590.0,,0.344,-10.58,29.4,41701.5,Metal Loss,External,13.0,0.045,,,0.32,0.59,9:42,,,0.7,128.51,,MFL-A/XT,,1160.0,65000.0,,1342.0,1475.54,2048.76,,,,,,,2015,Metal Loss_41701.5,True,41701.5,41701.5,METAL_LOSS,False,9.7,2292,41685.67331665833
11590.0,,0.344,-10.59,29.39,41701.51,Metal Loss,External,18.0,0.062,,,0.32,1.85,2:38,,,0.7,128.51,,MFL-A/XT,,1160.0,65000.0,,1342.0,1475.26,2048.36,,,,,,,2015,Metal Loss_41701.5,True,41701.51,41701.51,METAL_LOSS,False,2.6333333333333333,2293,41685.68004002001
11590.0,,0.344,-10.63,29.35,41701.56,Metal Loss,External,10.0,0.034,,,1.46,2.28,8:03,,,0.7,128.5,,MFL-A/XT,,1160.0,65000.0,,1342.0,,,,,,,,,2015,Metal Loss_41701.6,True,41701.56,41701.56,METAL_LOSS,False,8.05,2294,41685.71365682841
11590.0,,0.344,-10.81,29.17,41701.73,Cluster,External,25.0,0.086,,,3.32,2.54,8:32,,,0.7,128.5,,,,1160.0,65000.0,,1342.0,1391.79,1932.47,1447.06,2009.2,1466.93,2036.79,0.8,1.73,2015,Cluster_41701.7,True,41701.73,41701.73,CLUSTER,False,8.533333333333333,2295,41685.827953976994
11590.0,,0.344,-10.94,29.04,41701.86,Metal Loss,External,38.0,0.131,,,1.42,2.13,9:41,,,0.7,128.49,,MFL-A/XT,,1160.0,65000.0,,1342.0,1434.25,1991.42,1498.87,2081.14,1505.49,2090.34,0.77,1.79,2015,Metal Loss_41701.9,True,41701.86,41701.86,METAL_LOSS,False,9.683333333333334,2296,41685.91535767884
11590.0,,0.344,-11.0,28.98,41701.92,Metal Loss,External,12.0,0.041,,,0.55,0.59,8:32,,,0.7,128.49,,MFL-A/XT,,1160.0,65000.0,,1342.0,,,,,,,,,2015,Metal Loss_41701.9,True,41701.92,41701.92,METAL_LOSS,False,8.533333333333333,2297,41685.95569784892
11590.0,,0.344,-11.13,28.85,41702.05,Metal Loss,External,11.0,0.038,,,1.34,1.69,2:32,,,0.7,128.48,,MFL-A/XT,,1160.0,65000.0,,1342.0,,,,,,,,,2015,Metal Loss_41702.1,True,41702.05,41702.05,METAL_LOSS,False,2.533333333333333,2298,41686.04310155078
11590.0,,0.344,-11.2,28.78,41702.12,Metal Loss,External,12.0,0.041,,,1.65,0.59,8:34,,,0.7,128.48,,MFL-A/XT,,1160.0,65000.0,,1342.0,,,,,,,,,2015,Metal Loss_41702.1,True,41702.12,41702.12,METAL_LOSS,False,8.566666666666666,2299,41686.09016508254
11590.0,,0.344,-11.21,28.77,41702.13,Metal Loss,External,10.0,0.034,,,1.14,0.94,8:45,,,0.7,128.48,,MFL-A/XT,,1160.0,65000.0,,1342.0,,,,,,,,,2015,Metal Loss_41702.1,True,41702.13,41702.13,METAL_LOSS,False,8.75,2300,41686.09688844422
11590.0,,0.344,-11.45,28.53,41702.37,Metal Loss,External,10.0,0.034,,,1.58,1.69,8:06,,,0.7,128.47,,MFL-A/XT,,1160.0,65000.0,,1342.0,,,,,,,,,2015,Metal Loss_41702.4,True,41702.37,41702.37,METAL_LOSS,False,8.1,2301,41686.25824912456
11590.0,,0.344,-11.46,28.52,41702.39,Metal Loss,External,12.0,0.041,,,1.38,0.59,8:32,,,0.7,128.47,,MFL-A/XT,,1160.0,65000.0,,1342.0,,,,,,,,,2015,Metal Loss_41702.4,True,41702.39,41702.39,METAL_LOSS,False,8.533333333333333,2302,41686.27169584792
11590.0,,0.344,-11.53,28.45,41702.45,Metal Loss,External,12.0,0.041,,,1.46,0.67,7:32,,,0.7,128.47,,MFL-A/XT,,1160.0,65000.0,,1342.0,,,,,,,,,2015,Metal Loss_41702.4,True,41702.45,41702.45,METAL_LOSS,False,7.533333333333333,2303,41686.312036018004
11590.0,,0.344,-11.74,28.24,41702.66,Metal Loss,External,15.0,0.052,,,0.32,0.75,9:17,,,0.7,128.46,,MFL-A/XT,,1160.0,65000.0,,1342.0,1475.43,2048.6,,,,,,,2015,Metal Loss_41702.7,True,41702.66,41702.66,METAL_LOSS,False,9.283333333333333,2304,41686.45322661331
11590.0,,0.344,-11.78,28.2,41702.7,Metal Loss,External,11.0,0.038,,,0.32,1.26,9:50,,,0.7,128.46,,MFL-A/XT,,1160.0,65000.0,,1342.0,,,,,,,,,2015,Metal Loss_41702.7,True,41702.7,41702.7,METAL_LOSS,False,9.833333333333334,2305,41686.48012006003
11590.0,,0.344,-11.8,28.18,41702.72,Metal Loss,External,10.0,0.034,,,0.32,0.98,9:20,,,0.7,128.46,,MFL-A/XT,,1160.0,65000.0,,1342.0,,,,,,,,,2015,Metal Loss_41702.7,True,41702.72,41702.72,METAL_LOSS,False,9.333333333333334,2306,41686.49356678339
11590.0,,0.344,-11.82,28.16,41702.74,Metal Loss,External,14.0,0.048,,,0.43,1.89,8:48,,,0.7,128.46,,MFL-A/XT,,1160.0,65000.0,,1342.0,1474.85,2047.79,,,,,,,2015,Metal Loss_41702.7,True,41702.74,41702.74,METAL_LOSS,False,8.8,2307,41686.50701350675
11590.0,,0.344,-11.83,28.15,41702.75,Metal Loss,External,11.0,0.038,,,0.32,0.59,8:32,,,0.7,128.46,,MFL-A/XT,,1160.0,65000.0,,1342.0,,,,,,,,,2015,Metal Loss_41702.8,True,41702.75,41702.75,METAL_LOSS,False,8.533333333333333,2308,41686.51373686844
11590.0,,0.344,-11.84,28.14,41702.76,Metal Loss,External,13.0,0.045,,,0.55,1.73,9:47,,,0.7,128.46,,MFL-A/XT,,1160.0,65000.0,,1342.0,1474.26,2046.98,,,,,,,2015,Metal Loss_41702.8,True,41702.76,41702.76,METAL_LOSS,False,9.783333333333333,2309,41686.52046023012
11590.0,,0.344,-11.92,28.06,41702.85,Metal Loss,External,11.0,0.038,,,0.91,0.71,7:46,,,0.7,128.45,,MFL-A/XT,,1160.0,65000.0,,1342.0,,,,,,,,,2015,Metal Loss_41702.8,True,41702.85,41702.85,METAL_LOSS,False,7.766666666666667,2310,41686.58097048524
11590.0,,0.344,-11.97,28.01,41702.89,Metal Loss,External,18.0,0.062,,,0.94,1.1,8:51,,,0.7,128.45,,MFL-A/XT,,1160.0,65000.0,,1342.0,1468.21,2038.57,,,,,,,2015,Metal Loss_41702.9,True,41702.89,41702.89,METAL_LOSS,False,8.85,2311,41686.60786393197
11590.0,,0.344,-12.14,27.84,41703.06,Metal Loss,External,13.0,0.045,,,0.91,1.85,8:47,,,0.7,128.45,,MFL-A/XT,,1160.0,65000.0,,1342.0,1471.02,2042.48,,,,,,,2015,Metal Loss_41703.1,True,41703.06,41703.06,METAL_LOSS,False,8.783333333333333,2312,41686.722161080535
11590.0,,0.344,-12.14,27.84,41703.06,Metal Loss,External,16.0,0.055,,,0.98,0.63,8:32,,,0.7,128.45,,MFL-A/XT,,1160.0,65000.0,,1342.0,1468.51,2038.99,,,,,,,2015,Metal Loss_41703.1,True,41703.06,41703.06,METAL_LOSS,False,8.533333333333333,2313,41686.722161080535
11590.0,,0.344,-12.15,27.83,41703.07,Metal Loss,External,23.0,0.079,,,1.14,1.85,10:17,,,0.7,128.45,,MFL-A/XT,,1160.0,65000.0,,1342.0,1460.67,2028.11,1531.07,2125.86,1532.39,2127.68,0.76,1.83,2015,Metal Loss_41703.1,True,41703.07,41703.07,METAL_LOSS,False,10.283333333333333,2314,41686.72888444222
11590.0,,0.344,-12.41,27.57,41703.33,Metal Loss,External,10.0,0.034,,,1.73,1.73,2:30,,,0.7,128.44,,MFL-A/XT,,1160.0,65000.0,,1342.0,,,,,,,,,2015,Metal Loss_41703.3,True,41703.33,41703.33,METAL_LOSS,False,2.5,2315,41686.903691845924
11590.0,,0.344,-12.88,27.1,41703.8,Metal Loss,External,14.0,0.048,,,0.71,1.14,9:34,,,0.7,128.42,,MFL-A/XT,,1160.0,65000.0,,1342.0,1472.65,2044.73,,,,,,,2015,Metal Loss_41703.8,True,41703.8,41703.8,METAL_LOSS,False,9.566666666666666,2316,41687.219689844926
11590.0,,0.344,-16.35,23.63,41707.27,Metal Loss,External,11.0,0.038,,,1.81,1.18,9:47,,,0.7,128.39,,MFL-A/XT,,1160.0,65000.0,,1342.0,,,,,,,,,2015,Metal Loss_41707.3,True,41707.27,41707.27,METAL_LOSS,False,9.783333333333333,2317,41689.552696348175
11590.0,,0.344,-16.79,23.19,41707.71,Metal Loss,External,12.0,0.041,,,1.18,0.91,9:37,,,0.7,128.39,,MFL-A/XT,,1160.0,65000.0,,1342.0,,,,,,,,,2015,Metal Loss_41707.7,True,41707.71,41707.71,METAL_LOSS,False,9.616666666666667,2318,41689.84852426213
11590.0,,0.344,-16.8,23.18,41707.72,Metal Loss,External,20.0,0.069,,,0.87,0.98,10:00,,,0.7,128.39,,MFL-A/XT,,1160.0,65000.0,,1342.0,1468.24,2038.62,1539.71,2137.84,1540.17,2138.48,0.75,1.84,2015,Metal Loss_41707.7,True,41707.72,41707.72,METAL_LOSS,False,10.0,2319,41689.85524762381
11590.0,,0.344,-17.05,22.93,41707.97,Metal Loss,External,15.0,0.052,,,1.3,1.69,10:33,,,0.7,128.39,,MFL-A/XT,,1160.0,65000.0,,1342.0,1464.19,2032.99,,,,,,,2015,Metal Loss_41708.0,True,41707.97,41707.97,METAL_LOSS,False,10.55,2320,41690.023331665834
11590.0,,0.344,-17.12,22.86,41708.04,Metal Loss,External,15.0,0.052,,,0.67,0.59,9:59,,,0.7,128.39,,MFL-A/XT,,1160.0,65000.0,,1342.0,1472.85,2045.02,,,,,,,2015,Metal Loss_41708.0,True,41708.04,41708.04,METAL_LOSS,False,9.983333333333333,2321,41690.0703951976
11590.0,,0.344,-18.32,21.66,41709.24,Metal Loss,External,13.0,0.045,,,1.38,1.77,9:40,,,0.7,128.42,,MFL-A/XT,,1160.0,65000.0,,1342.0,1465.09,2034.23,,,,,,,2015,Metal Loss_41709.2,True,41709.24,41709.24,METAL_LOSS,False,9.666666666666666,2322,41690.8771985993
11590.0,,0.344,-19.04,20.94,41709.96,Metal Loss,External,15.0,0.052,,,0.55,0.87,10:01,,,0.7,128.44,,MFL-A/XT,,1160.0,65000.0,,1342.0,1473.83,2046.38,,,,,,,2015,Metal Loss_41710.0,True,41709.96,41709.96,METAL_LOSS,False,10.016666666666667,2323,41691.36128064032
11590.0,,0.344,-20.26,19.72,41711.18,Metal Loss,External,14.0,0.048,,,0.59,1.18,10:02,,,0.7,128.48,,MFL-A/XT,,1160.0,65000.0,,1342.0,1473.72,2046.22,,,,,,,2015,Metal Loss_41711.2,True,41711.18,41711.18,METAL_LOSS,False,10.033333333333333,2324,41692.18153076538
11590.0,,0.344,-20.94,19.04,41711.86,Metal Loss,External,14.0,0.048,,,0.67,1.77,9:55,,,0.7,128.51,,MFL-A/XT,,1160.0,65000.0,,1342.0,1472.99,2045.21,,,,,,,2015,Metal Loss_41711.9,True,41711.86,41711.86,METAL_LOSS,False,9.916666666666666,2325,41692.63871935968
11590.0,,0.344,-21.02,18.96,41711.94,Metal Loss,External,11.0,0.038,,,0.63,0.59,8:37,,,0.7,128.51,,MFL-A/XT,,1160.0,65000.0,,1342.0,,,,,,,,,2015,Metal Loss_41711.9,True,41711.94,41711.94,METAL_LOSS,False,8.616666666666667,2326,41692.69250625313
11590.0,,0.344,-21.02,18.96,41711.95,Metal Loss,External,14.0,0.048,,,0.59,0.59,8:45,,,0.7,128.51,,MFL-A/XT,,1160.0,65000.0,,1342.0,1473.62,2046.09,,,,,,,2015,Metal Loss_41711.9,True,41711.95,41711.95,METAL_LOSS,False,8.75,2327,41692.69922961481
11590.0,,0.344,-21.2,18.78,41712.12,Metal Loss,External,10.0,0.034,,,0.98,1.34,10:25,,,0.7,128.52,,MFL-A/XT,,1160.0,65000.0,,1342.0,,,,,,,,,2015,Metal Loss_41712.1,True,41712.12,41712.12,METAL_LOSS,False,10.416666666666666,2328,41692.813526763384
11590.0,,0.344,-21.27,18.71,41712.2,Metal Loss,External,17.0,0.058,,,1.46,1.69,9:14,,,0.7,128.52,,MFL-A/XT,,1160.0,65000.0,,1342.0,1459.4,2026.35,,,,,,,2015,Metal Loss_41712.2,True,41712.2,41712.2,METAL_LOSS,False,9.233333333333333,2329,41692.867313656825
11590.0,,0.344,-21.29,18.69,41712.21,Metal Loss,External,11.0,0.038,,,1.06,0.75,9:47,,,0.7,128.52,,MFL-A/XT,,1160.0,65000.0,,1342.0,,,,,,,,,2015,Metal Loss_41712.2,True,41712.21,41712.21,METAL_LOSS,False,9.783333333333333,2330,41692.87403701851
11590.0,,0.344,-21.62,18.36,41712.54,Metal Loss,External,12.0,0.041,,,1.65,0.75,7:54,,,0.7,128.54,,MFL-A/XT,,1160.0,65000.0,,1342.0,,,,,,,,,2015,Metal Loss_41712.5,True,41712.54,41712.54,METAL_LOSS,False,7.9,2331,41693.095907953975
11590.0,,0.344,-21.79,18.19,41712.71,Metal Loss,External,10.0,0.034,,,0.55,1.14,9:47,,,0.7,128.55,,MFL-A/XT,,1160.0,65000.0,,1342.0,,,,,,,,,2015,Metal Loss_41712.7,True,41712.71,41712.71,METAL_LOSS,False,9.783333333333333,2332,41693.21020510255
11590.0,,0.344,-21.88,18.1,41712.8,Metal Loss,External,11.0,0.038,,,0.47,0.87,10:13,,,0.7,128.56,,MFL-A/XT,,1160.0,65000.0,,1342.0,,,,,,,,,2015,Metal Loss_41712.8,True,41712.8,41712.8,METAL_LOSS,False,10.216666666666667,2333,41693.27071535768
11590.0,,0.344,-21.99,17.99,41712.91,Metal Loss,External,37.0,0.127,,,1.81,1.53,7:57,,,0.7,128.56,,MFL-A/XT,,1160.0,65000.0,,1342.0,1416.37,1966.6,1477.2,2051.06,1486.4,2063.83,0.79,1.77,2015,Metal Loss_41712.9,True,41712.91,41712.91,METAL_LOSS,False,7.95,2334,41693.34467233617
11590.0,,0.344,-22.17,17.81,41713.09,Metal Loss,External,11.0,0.038,,,0.63,1.02,9:45,,,0.7,128.57,,MFL-A/XT,,1160.0,65000.0,,1342.0,,,,,,,,,2015,Metal Loss_41713.1,True,41713.09,41713.09,METAL_LOSS,False,9.75,2335,41693.465692846425
11590.0,,0.344,-22.46,17.52,41713.38,Metal Loss,External,31.0,0.107,,,0.79,2.28,10:15,,,0.7,128.59,,MFL-A/XT,,1160.0,65000.0,,1342.0,1465.1,2034.26,1535.87,2132.52,1537.31,2134.52,0.76,1.84,2015,Metal Loss_41713.4,True,41713.38,41713.38,METAL_LOSS,False,10.25,2336,41693.660670335164
11590.0,,0.344,-22.73,17.25,41713.65,Metal Loss,External,15.0,0.052,,,0.94,2.05,10:07,,,0.7,128.61,,MFL-A/XT,,1160.0,65000.0,,1342.0,1469.68,2040.61,,,,,,,2015,Metal Loss_41713.7,True,41713.65,41713.65,METAL_LOSS,False,10.116666666666667,2337,41693.84220110055
11590.0,,0.344,-22.75,17.23,41713.67,Metal Loss,External,10.0,0.034,,,0.47,0.91,10:47,,,0.7,128.61,,MFL-A/XT,,1160.0,65000.0,,1342.0,,,,,,,,,2015,Metal Loss_41713.7,True,41713.67,41713.67,METAL_LOSS,False,10.783333333333333,2338,41693.85564782391
11590.0,,0.344,-22.77,17.21,41713.69,Metal Loss,External,33.0,0.114,,,0.71,1.02,9:35,,,0.7,128.61,,MFL-A/XT,,1160.0,65000.0,,1342.0,1466.51,2036.21,1537.42,2134.67,1538.76,2136.53,0.75,1.84,2015,Metal Loss_41713.7,True,41713.69,41713.69,METAL_LOSS,False,9.583333333333334,2339,41693.86909454728
11590.0,,0.344,-23.64,16.34,41714.57,Metal Loss,External,10.0,0.034,,,0.71,0.94,9:41,,,0.7,128.67,,MFL-A/XT,,1160.0,65000.0,,1342.0,,,,,,,,,2015,Metal Loss_41714.6,True,41714.57,41714.57,METAL_LOSS,False,9.683333333333334,2340,41694.46075037519
11590.0,,0.344,-23.79,16.19,41714.71,Metal Loss,External,18.0,0.062,,,0.83,1.22,7:43,,,0.7,128.68,,MFL-A/XT,,1160.0,65000.0,,1342.0,1469.86,2040.86,,,,,,,2015,Metal Loss_41714.7,True,41714.71,41714.71,METAL_LOSS,False,7.716666666666667,2341,41694.55487743872
11590.0,,0.344,-23.82,16.16,41714.75,Metal Loss,External,13.0,0.045,,,1.14,1.02,8:08,,,0.7,128.68,,MFL-A/XT,,1160.0,65000.0,,1342.0,1468.18,2038.53,,,,,,,2015,Metal Loss_41714.8,True,41714.75,41714.75,METAL_LOSS,False,8.133333333333333,2342,41694.581770885445
11590.0,,0.344,-23.83,16.15,41714.75,Metal Loss,External,10.0,0.034,,,1.61,0.63,10:05,,,0.7,128.69,,MFL-A/XT,,1160.0,65000.0,,1342.0,,,,,,,,,2015,Metal Loss_41714.8,True,41714.75,41714.75,METAL_LOSS,False,10.083333333333334,2343,41694.581770885445
11590.0,,0.344,-24.35,15.63,41715.27,Metal Loss,External,10.0,0.034,,,1.06,1.5,9:53,,,0.7,128.73,,MFL-A/XT,,1160.0,65000.0,,1342.0,,,,,,,,,2015,Metal Loss_41715.3,True,41715.27,41715.27,METAL_LOSS,False,9.883333333333333,2344,41694.93138569284
11590.0,,0.344,-24.53,15.45,41715.45,Metal Loss,External,11.0,0.038,,,1.14,1.46,7:58,,,0.7,128.74,,MFL-A/XT,,1160.0,65000.0,,1342.0,,,,,,,,,2015,Metal Loss_41715.4,True,41715.45,41715.45,METAL_LOSS,False,7.966666666666667,2345,41695.0524062031
11590.0,,0.344,-24.92,15.06,41715.84,Metal Loss,External,14.0,0.048,,,0.63,1.42,9:39,,,0.7,128.77,,MFL-A/XT,,1160.0,65000.0,,1342.0,1473.42,2045.8,,,,,,,2015,Metal Loss_41715.8,True,41715.84,41715.84,METAL_LOSS,False,9.65,2346,41695.31461730865
11590.0,,0.344,-24.92,15.06,41715.84,Metal Loss,External,11.0,0.038,,,0.51,1.18,8:52,,,0.7,128.77,,MFL-A/XT,,1160.0,65000.0,,1342.0,,,,,,,,,2015,Metal Loss_41715.8,True,41715.84,41715.84,METAL_LOSS,False,8.866666666666667,2347,41695.31461730865
11590.0,,0.344,-25.06,14.92,41715.98,Metal Loss,External,12.0,0.041,,,0.71,1.34,9:43,,,0.7,128.79,,MFL-A/XT,,1160.0,65000.0,,1342.0,,,,,,,,,2015,Metal Loss_41716.0,True,41715.98,41715.98,METAL_LOSS,False,9.716666666666667,2348,41695.40874437219
11590.0,,0.344,-25.25,14.73,41716.18,Cluster,External,31.0,0.107,,,1.13,1.61,8:38,,,0.7,128.8,,,,1160.0,65000.0,,1342.0,1454.32,2019.29,1523.39,2115.19,1527.2,2120.48,0.76,1.82,2015,Cluster_41716.2,True,41716.18,41716.18,CLUSTER,False,8.633333333333333,2349,41695.5432116058
11590.0,,0.344,-25.49,14.49,41716.41,Metal Loss,External,11.0,0.038,,,1.53,0.59,9:42,,,0.7,128.82,,MFL-A/XT,,1160.0,65000.0,,1342.0,,,,,,,,,2015,Metal Loss_41716.4,True,41716.41,41716.41,METAL_LOSS,False,9.7,2350,41695.697848924465
11590.0,,0.344,-25.57,14.41,41716.49,Metal Loss,External,12.0,0.041,,,1.06,1.69,8:15,,,0.7,128.83,,MFL-A/XT,,1160.0,65000.0,,1342.0,,,,,,,,,2015,Metal Loss_41716.5,True,41716.49,41716.49,METAL_LOSS,False,8.25,2351,41695.751635817905
11590.0,,0.344,-25.8,14.18,41716.72,Metal Loss,External,13.0,0.045,,,0.59,0.59,8:23,,,0.7,128.85,,MFL-A/XT,,1160.0,65000.0,,1342.0,1473.91,2046.49,,,,,,,2015,Metal Loss_41716.7,True,41716.72,41716.72,METAL_LOSS,False,8.383333333333333,2352,41695.90627313657
11590.0,,0.344,-26.02,13.96,41716.94,Metal Loss,External,11.0,0.038,,,0.71,1.1,9:40,,,0.7,128.88,,MFL-A/XT,,1160.0,65000.0,,1342.0,,,,,,,,,2015,Metal Loss_41716.9,True,41716.94,41716.94,METAL_LOSS,False,9.666666666666666,2353,41696.05418709355
11590.0,,0.344,-26.06,13.92,41716.98,Metal Loss,External,16.0,0.055,,,1.06,1.77,8:07,,,0.7,128.88,,MFL-A/XT,,1160.0,65000.0,,1342.0,1467.25,2037.24,,,,,,,2015,Metal Loss_41717.0,True,41716.98,41716.98,METAL_LOSS,False,8.116666666666667,2354,41696.08108054027
11590.0,,0.344,-26.14,13.84,41717.06,Metal Loss,External,14.0,0.048,,,1.5,0.79,9:38,,,0.7,128.89,,MFL-A/XT,,1160.0,65000.0,,1342.0,1462.07,2030.04,,,,,,,2015,Metal Loss_41717.1,True,41717.06,41717.06,METAL_LOSS,False,9.633333333333333,2355,41696.13486743371
11590.0,,0.344,-26.48,13.5,41717.4,Metal Loss,External,16.0,0.055,,,0.67,1.34,9:56,,,0.7,128.92,,MFL-A/XT,,1160.0,65000.0,,1342.0,1472.6,2044.67,,,,,,,2015,Metal Loss_41717.4,True,41717.4,41717.4,METAL_LOSS,False,9.933333333333334,2356,41696.36346173086
11590.0,,0.344,-26.69,13.29,41717.61,Metal Loss,External,15.0,0.052,,,0.67,1.02,8:19,,,0.7,128.94,,MFL-A/XT,,1160.0,65000.0,,1342.0,1472.73,2044.85,,,,,,,2015,Metal Loss_41717.6,True,41717.61,41717.61,METAL_LOSS,False,8.316666666666666,2357,41696.50465232616
11590.0,,0.344,-26.73,13.25,41717.65,Metal Loss,External,10.0,0.034,,,0.83,1.26,9:49,,,0.7,128.95,,MFL-A/XT,,1160.0,65000.0,,1342.0,,,,,,,,,2015,Metal Loss_41717.7,True,41717.65,41717.65,METAL_LOSS,False,9.816666666666666,2358,41696.53154577289
11590.0,,0.344,-26.81,13.17,41717.73,Metal Loss,External,14.0,0.048,,,0.98,1.22,8:25,,,0.7,128.96,,MFL-A/XT,,1160.0,65000.0,,1342.0,1469.57,2040.46,,,,,,,2015,Metal Loss_41717.7,True,41717.73,41717.73,METAL_LOSS,False,8.416666666666666,2359,41696.585332666335
11590.0,,0.344,-26.84,13.14,41717.76,Metal Loss,External,11.0,0.038,,,1.58,0.79,9:04,,,0.7,128.96,,MFL-A/XT,,1160.0,65000.0,,1342.0,,,,,,,,,2015,Metal Loss_41717.8,True,41717.76,41717.76,METAL_LOSS,False,9.066666666666666,2360,41696.60550275138
11590.0,,0.344,-26.98,13.0,41717.9,Metal Loss,External,21.0,0.072,,,0.79,1.38,8:18,,,0.7,128.97,,MFL-A/XT,,1160.0,65000.0,,1342.0,1469.45,2040.29,1541.03,2139.69,1541.49,2140.32,0.75,1.84,2015,Metal Loss_41717.9,True,41717.9,41717.9,METAL_LOSS,False,8.3,2361,41696.69962981491
11590.0,,0.344,-27.02,12.96,41717.95,Metal Loss,External,12.0,0.041,,,1.34,0.98,7:45,,,0.7,128.98,,MFL-A/XT,,1160.0,65000.0,,1342.0,,,,,,,,,2015,Metal Loss_41717.9,True,41717.95,41717.95,METAL_LOSS,False,7.75,2362,41696.73324662331
11590.0,,0.344,-27.09,12.89,41718.01,Metal Loss,External,10.0,0.034,,,2.17,1.42,09:00,,,0.7,128.98,,MFL-A/XT,,1160.0,65000.0,,1342.0,,,,,,,,,2015,Metal Loss_41718.0,True,41718.01,41718.01,METAL_LOSS,False,9.0,2363,41696.773586793395
11590.0,,0.344,-27.79,12.19,41718.71,Cluster,External,31.0,0.107,,,1.5,3.81,9:33,,,0.7,129.06,,,,1160.0,65000.0,,1342.0,1441.11,2000.94,1507.81,2093.56,1511.35,2098.48,0.77,1.8,2015,Cluster_41718.7,True,41718.71,41718.71,CLUSTER,False,9.55,2364,41697.244222111054
11590.0,,0.344,-28.34,11.64,41719.26,Metal Loss,External,19.0,0.065,,,1.1,1.26,8:04,,,0.7,129.12,,MFL-A/XT,,1160.0,65000.0,,1342.0,1464.67,2033.65,,,,,,,2015,Metal Loss_41719.3,True,41719.26,41719.26,METAL_LOSS,False,8.066666666666666,2365,41697.6140070035
11590.0,,0.344,-28.54,11.44,41719.46,Metal Loss,External,10.0,0.034,,,0.94,1.18,2:01,,,0.7,129.15,,MFL-A/XT,,1160.0,65000.0,,1342.0,,,,,,,,,2015,Metal Loss_41719.5,True,41719.46,41719.46,METAL_LOSS,False,2.0166666666666666,2366,41697.748474237116
11590.0,,0.344,-28.97,11.01,41719.89,Metal Loss,External,15.0,0.052,,,0.32,1.06,10:10,,,0.7,129.2,,MFL-A/XT,,1160.0,65000.0,,1342.0,1475.43,2048.6,,,,,,,2015,Metal Loss_41719.9,True,41719.89,41719.89,METAL_LOSS,False,10.166666666666666,2367,41698.03757878939
11590.0,,0.344,-29.05,10.93,41719.97,Metal Loss,External,13.0,0.045,,,1.58,1.81,9:40,,,0.7,129.21,,MFL-A/XT,,1160.0,65000.0,,1342.0,1461.9,2029.81,,,,,,,2015,Metal Loss_41720.0,True,41719.97,41719.97,METAL_LOSS,False,9.666666666666666,2368,41698.09136568284
11590.0,,0.344,-29.13,10.85,41720.06,Metal Loss,External,10.0,0.034,,,0.75,0.63,10:16,,,0.7,129.22,,MFL-A/XT,,1160.0,65000.0,,1342.0,,,,,,,,,2015,Metal Loss_41720.1,True,41720.06,41720.06,METAL_LOSS,False,10.266666666666667,2369,41698.15187593797
11590.0,,0.344,-29.43,10.55,41720.35,Metal Loss,External,12.0,0.041,,,1.3,0.59,8:39,,,0.7,129.25,,MFL-A/XT,,1160.0,65000.0,,1342.0,,,,,,,,,2015,Metal Loss_41720.3,True,41720.35,41720.35,METAL_LOSS,False,8.65,2370,41698.346853426716
11590.0,,0.344,-29.6,10.38,41720.52,Metal Loss,External,10.0,0.034,,,2.05,1.69,9:55,,,0.7,129.28,,MFL-A/XT,,1160.0,65000.0,,1342.0,,,,,,,,,2015,Metal Loss_41720.5,True,41720.52,41720.52,METAL_LOSS,False,9.916666666666666,2371,41698.461150575284
11590.0,,0.344,-29.71,10.27,41720.63,Metal Loss,External,23.0,0.079,,,0.71,1.26,2:34,,,0.7,129.29,,MFL-A/XT,,1160.0,65000.0,,1342.0,1469.96,2041.0,1541.58,2140.44,1542.1,2141.17,0.75,1.85,2015,Metal Loss_41720.6,True,41720.63,41720.63,METAL_LOSS,False,2.5666666666666664,2372,41698.53510755378
11590.0,,0.344,-29.8,10.18,41720.72,Metal Loss,External,12.0,0.041,,,0.59,0.63,8:49,,,0.7,129.3,,MFL-A/XT,,1160.0,65000.0,,1342.0,,,,,,,,,2015,Metal Loss_41720.7,True,41720.72,41720.72,METAL_LOSS,False,8.816666666666666,2373,41698.5956178089
11590.0,,0.344,-30.26,9.72,41721.18,Metal Loss,External,10.0,0.034,,,0.51,0.98,9:47,,,0.7,129.37,,MFL-A/XT,,1160.0,65000.0,,1342.0,,,,,,,,,2015,Metal Loss_41721.2,True,41721.18,41721.18,METAL_LOSS,False,9.783333333333333,2374,41698.904892446226
11590.0,,0.344,-30.43,9.55,41721.35,Metal Loss,External,11.0,0.038,,,0.87,1.53,4:02,,,0.7,129.39,,MFL-A/XT,,1160.0,65000.0,,1342.0,,,,,,,,,2015,Metal Loss_41721.3,True,41721.35,41721.35,METAL_LOSS,False,4.033333333333333,2375,41699.019189594794
11590.0,,0.344,-30.72,9.26,41721.64,Metal Loss,External,24.0,0.083,,,0.59,1.18,8:57,,,0.7,129.43,,MFL-A/XT,,1160.0,65000.0,,1342.0,1471.62,2043.31,1543.42,2143.0,1543.84,2143.58,0.75,1.85,2015,Metal Loss_41721.6,True,41721.64,41721.64,METAL_LOSS,False,8.95,2377,41699.21416708354
11590.0,,0.344,-30.76,9.22,41721.68,Metal Loss,External,12.0,0.041,,,0.71,0.67,3:52,,,0.7,129.43,,MFL-A/XT,,1160.0,65000.0,,1342.0,,,,,,,,,2015,Metal Loss_41721.7,True,41721.68,41721.68,METAL_LOSS,False,3.8666666666666667,2378,41699.241060530265
11590.0,,0.344,-30.78,9.2,41721.7,Metal Loss,External,19.0,0.065,,,0.63,1.02,4:06,,,0.7,129.44,,MFL-A/XT,,1160.0,65000.0,,1342.0,1472.28,2044.23,,,,,,,2015,Metal Loss_41721.7,True,41721.7,41721.7,METAL_LOSS,False,4.1,2379,41699.25450725362
11590.0,,0.344,-30.99,8.99,41721.91,Metal Loss,External,12.0,0.041,,,0.83,1.1,4:12,,,0.7,129.46,,MFL-A/XT,,1160.0,65000.0,,1342.0,,,,,,,,,2015,Metal Loss_41721.9,True,41721.91,41721.91,METAL_LOSS,False,4.2,2380,41699.39569784893
11590.0,,0.344,-31.03,8.95,41721.96,Metal Loss,External,10.0,0.034,,,0.43,0.59,8:55,,,0.7,129.47,,MFL-A/XT,,1160.0,65000.0,,1342.0,,,,,,,,,2015,Metal Loss_41722.0,True,41721.96,41721.96,METAL_LOSS,False,8.916666666666666,2381,41699.429314657325
11590.0,,0.344,-31.08,8.9,41722.0,Metal Loss,External,11.0,0.038,,,1.73,1.18,8:34,,,0.7,129.48,,MFL-A/XT,,1160.0,65000.0,,1342.0,,,,,,,,,2015,Metal Loss_41722.0,True,41722.0,41722.0,METAL_LOSS,False,8.566666666666666,2382,41699.45620810405
11590.0,,0.344,-31.14,8.84,41722.06,Metal Loss,External,10.0,0.034,,,0.43,0.71,3:53,,,0.7,129.48,,MFL-A/XT,,1160.0,65000.0,,1342.0,,,,,,,,,2015,Metal Loss_41722.1,True,41722.06,41722.06,METAL_LOSS,False,3.8833333333333333,2383,41699.49654827414
11590.0,,0.344,-31.18,8.8,41722.1,Metal Loss,External,10.0,0.034,,,0.71,1.65,8:53,,,0.7,129.49,,MFL-A/XT,,1160.0,65000.0,,1342.0,,,,,,,,,2015,Metal Loss_41722.1,True,41722.1,41722.1,METAL_LOSS,False,8.883333333333333,2384,41699.52344172086
11590.0,,0.344,-31.25,8.73,41722.17,Metal Loss,External,10.0,0.034,,,1.3,1.97,3:59,,,0.7,129.5,,MFL-A/XT,,1160.0,65000.0,,1342.0,,,,,,,,,2015,Metal Loss_41722.2,True,41722.17,41722.17,METAL_LOSS,False,3.9833333333333334,2385,41699.570505252625
11590.0,,0.344,-31.28,8.7,41722.2,Metal Loss,External,10.0,0.034,,,0.59,0.59,9:01,,,0.7,129.5,,MFL-A/XT,,1160.0,65000.0,,1342.0,,,,,,,,,2015,Metal Loss_41722.2,True,41722.2,41722.2,METAL_LOSS,False,9.016666666666667,2387,41699.59067533767
11590.0,,0.344,-31.84,8.14,41722.76,Metal Loss,External,12.0,0.041,,,1.53,1.18,9:16,,,0.7,129.59,,MFL-A/XT,,1160.0,65000.0,,1342.0,,,,,,,,,2015,Metal Loss_41722.8,True,41722.76,41722.76,METAL_LOSS,False,9.266666666666667,2391,41699.9671835918
11590.0,,0.344,-31.9,8.08,41722.82,Metal Loss,External,30.0,0.103,,,0.87,1.53,3:31,,,0.7,129.6,,MFL-A/XT,,1160.0,65000.0,,1342.0,1463.64,2032.23,1534.23,2130.24,1535.8,2132.42,0.76,1.84,2015,Metal Loss_41722.8,True,41722.82,41722.82,METAL_LOSS,False,3.5166666666666666,2392,41700.00752376188
11590.0,,0.344,-31.93,8.05,41722.86,Metal Loss,External,17.0,0.058,,,0.83,1.06,4:12,,,0.7,129.6,,MFL-A/XT,,1160.0,65000.0,,1342.0,1470.42,2041.63,,,,,,,2015,Metal Loss_41722.9,True,41722.86,41722.86,METAL_LOSS,False,4.2,2393,41700.034417208604
11590.0,,0.344,-32.33,7.65,41723.25,Metal Loss,External,15.0,0.052,,,0.83,1.02,2:48,,,0.7,129.66,,MFL-A/XT,,1160.0,65000.0,,1342.0,1471.03,2042.48,,,,,,,2015,Metal Loss_41723.2,True,41723.25,41723.25,METAL_LOSS,False,2.8,2394,41700.29662831416
11590.0,,0.344,-32.36,7.62,41723.28,Metal Loss,External,26.0,0.089,,,0.79,1.14,3:49,,,0.7,129.67,,MFL-A/XT,,1160.0,65000.0,,1342.0,1467.26,2037.25,1538.47,2136.13,1539.4,2137.42,0.75,1.84,2015,Metal Loss_41723.3,True,41723.28,41723.28,METAL_LOSS,False,3.8166666666666664,2395,41700.3167983992
11590.0,,0.344,-32.62,7.36,41723.54,Metal Loss,External,10.0,0.034,,,0.63,1.26,4:15,,,0.7,129.71,,MFL-A/XT,,1160.0,65000.0,,1342.0,,,,,,,,,2015,Metal Loss_41723.5,True,41723.54,41723.54,METAL_LOSS,False,4.25,2396,41700.491605802905
11590.0,,0.344,-32.7,7.28,41723.62,Metal Loss,External,12.0,0.041,,,0.43,0.79,2:34,,,0.7,129.72,,MFL-A/XT,,1160.0,65000.0,,1342.0,,,,,,,,,2015,Metal Loss_41723.6,True,41723.62,41723.62,METAL_LOSS,False,2.5666666666666664,2397,41700.54539269635
11590.0,,0.344,-32.97,7.01,41723.89,Metal Loss,External,12.0,0.041,,,0.63,1.18,4:06,,,0.7,129.76,,MFL-A/XT,,1160.0,65000.0,,1342.0,,,,,,,,,2015,Metal Loss_41723.9,True,41723.89,41723.89,METAL_LOSS,False,4.1,2398,41700.726923461734
11590.0,,0.344,-32.99,6.99,41723.91,Metal Loss,External,26.0,0.089,,,0.75,1.46,2:36,,,0.7,129.76,,MFL-A/XT,,1160.0,65000.0,,1342.0,1468.26,2038.64,1539.61,2137.71,1540.44,2138.86,0.75,1.84,2015,Metal Loss_41723.9,True,41723.91,41723.91,METAL_LOSS,False,2.6,2399,41700.74037018509
11590.0,,0.344,-33.16,6.82,41724.08,Metal Loss,External,11.0,0.038,,,0.59,0.94,4:07,,,0.7,129.79,,MFL-A/XT,,1160.0,65000.0,,1342.0,,,,,,,,,2015,Metal Loss_41724.1,True,41724.08,41724.08,METAL_LOSS,False,4.116666666666666,2400,41700.85466733367
11590.0,,0.344,-33.2,6.78,41724.12,Metal Loss,External,37.0,0.127,,,0.67,1.58,2:33,,,0.7,129.79,,MFL-A/XT,,1160.0,65000.0,,1342.0,1466.03,2035.55,1536.72,2133.7,1538.3,2135.89,0.75,1.84,2015,Metal Loss_41724.1,True,41724.12,41724.12,METAL_LOSS,False,2.55,2401,41700.88156078039
11590.0,,0.344,-33.56,6.42,41724.48,Metal Loss,External,14.0,0.048,,,0.63,0.75,4:16,,,0.7,129.85,,MFL-A/XT,,1160.0,65000.0,,1342.0,1473.31,2045.66,,,,,,,2015,Metal Loss_41724.5,True,41724.48,41724.48,METAL_LOSS,False,4.266666666666667,2402,41701.1236018009
11590.0,,0.344,-33.67,6.31,41724.59,Metal Loss,External,23.0,0.079,,,0.59,0.87,4:15,,,0.7,129.87,,MFL-A/XT,,1160.0,65000.0,,1342.0,1471.84,2043.62,1543.68,2143.36,1544.05,2143.87,0.75,1.85,2015,Metal Loss_41724.6,True,41724.59,41724.59,METAL_LOSS,False,4.25,2403,41701.197558779386
11590.0,,0.344,-33.83,6.15,41724.75,Metal Loss,External,25.0,0.086,,,0.55,1.46,4:07,,,0.7,129.9,,MFL-A/XT,,1160.0,65000.0,,1342.0,1471.95,2043.76,1543.77,2143.49,1544.19,2144.07,0.75,1.85,2015,Metal Loss_41724.8,True,41724.75,41724.75,METAL_LOSS,False,4.116666666666666,2404,41701.30513256628
11590.0,,0.344,-34.11,5.87,41725.03,Metal Loss,External,10.0,0.034,,,1.1,1.81,4:10,,,0.7,129.94,,MFL-A/XT,,1160.0,65000.0,,1342.0,,,,,,,,,2015,Metal Loss_41725.0,True,41725.03,41725.03,METAL_LOSS,False,4.166666666666667,2405,41701.49338669335
11590.0,,0.344,-34.45,5.53,41725.37,Metal Loss,External,18.0,0.062,,,0.51,0.87,4:16,,,0.7,130.0,,MFL-A/XT,,1160.0,65000.0,,1342.0,1473.66,2046.14,,,,,,,2015,Metal Loss_41725.4,True,41725.37,41725.37,METAL_LOSS,False,4.266666666666667,2406,41701.7219809905
11590.0,,0.344,-34.53,5.45,41725.46,Metal Loss,External,13.0,0.045,,,0.71,1.65,3:48,,,0.7,130.01,,MFL-A/XT,,1160.0,65000.0,,1342.0,1472.92,2045.12,,,,,,,2015,Metal Loss_41725.5,True,41725.46,41725.46,METAL_LOSS,False,3.8,2407,41701.78249124562
11590.0,,0.344,-35.06,4.92,41725.98,Metal Loss,External,14.0,0.048,,,0.98,1.34,3:58,,,0.7,130.09,,MFL-A/XT,,1160.0,65000.0,,1342.0,1469.57,2040.46,,,,,,,2015,Metal Loss_41726.0,True,41725.98,41725.98,METAL_LOSS,False,3.966666666666667,2408,41702.13210605303
11590.0,,0.344,-35.28,4.7,41726.2,Metal Loss,External,17.0,0.058,,,0.83,1.1,3:33,,,0.7,130.13,,MFL-A/XT,,1160.0,65000.0,,1342.0,1470.25,2041.41,,,,,,,2015,Metal Loss_41726.2,True,41726.2,41726.2,METAL_LOSS,False,3.55,2409,41702.28002001
11600.0,,0.344,-10.7,2.51,41741.6,Cluster,External,33.0,0.114,,,0.89,3.37,8:15,,,0.7,132.91,,,,1160.0,65000.0,,1342.0,1460.75,2028.21,1530.76,2125.41,1534.23,2130.24,0.76,1.83,2015,Cluster_41741.6,True,41741.6,41741.6,CLUSTER,False,8.25,2411,41737.83159727479
11600.0,,0.344,-10.87,2.34,41741.77,Cluster,External,17.0,0.058,,,2.12,2.18,8:12,,,0.7,132.94,,,,1160.0,65000.0,,1342.0,1445.51,2007.06,,,,,,,2015,Cluster_41741.8,True,41741.77,41741.77,CLUSTER,False,8.2,2412,41738.34623012868
11600.0,,0.344,-11.02,2.2,41741.92,Metal Loss,External,18.0,0.062,,,0.91,1.69,10:24,,,0.7,132.97,,MFL-A/XT,,1160.0,65000.0,,1342.0,1468.77,2039.36,,,,,,,2015,Metal Loss_41741.9,True,41741.92,41741.92,METAL_LOSS,False,10.4,2413,41738.80031794095
11600.0,,0.344,-11.11,2.1,41742.01,Metal Loss,External,26.0,0.089,,,2.05,1.42,11:46,,,0.7,132.99,,MFL-A/XT,,1160.0,65000.0,,1342.0,1429.49,1984.82,1494.21,2074.67,1499.11,2081.48,0.78,1.79,2015,Metal Loss_41742.0,True,41742.01,41742.01,METAL_LOSS,False,11.766666666666667,2414,41739.072770628314
11600.0,,0.344,-11.13,2.08,41742.03,Metal Loss,External,14.0,0.048,,,0.55,0.59,8:36,,,0.7,133.0,,MFL-A/XT,,1160.0,65000.0,,1342.0,1474.01,2046.62,,,,,,,2015,Metal Loss_41742.0,True,41742.03,41742.03,METAL_LOSS,False,8.6,2415,41739.13331566994
11600.0,,0.344,-11.17,2.04,41742.07,Metal Loss,External,15.0,0.052,,,0.59,1.1,2:50,,,0.7,133.01,,MFL-A/XT,,1160.0,65000.0,,1342.0,1473.52,2045.95,,,,,,,2015,Metal Loss_41742.1,True,41742.07,41742.07,METAL_LOSS,False,2.8333333333333335,2416,41739.254405753214
11600.0,,0.344,-11.19,2.02,41742.09,Metal Loss,External,16.0,0.055,,,0.71,0.87,8:53,,,0.7,133.01,,MFL-A/XT,,1160.0,65000.0,,1342.0,1472.08,2043.95,,,,,,,2015,Metal Loss_41742.1,True,41742.09,41742.09,METAL_LOSS,False,8.883333333333333,2417,41739.31495079484
11600.0,,0.344,-11.23,1.98,41742.13,Metal Loss,External,25.0,0.086,,,0.55,1.02,1:20,,,0.7,133.02,,MFL-A/XT,,1160.0,65000.0,,1342.0,1471.95,2043.76,1543.77,2143.49,1544.19,2144.07,0.75,1.85,2015,Metal Loss_41742.1,True,41742.13,41742.13,METAL_LOSS,False,1.3333333333333333,2419,41739.436040878114
11600.0,,0.344,-11.32,1.89,41742.22,Metal Loss,External,23.0,0.079,,,0.79,2.09,3:19,,,0.7,133.04,,MFL-A/XT,,1160.0,65000.0,,1342.0,1468.69,2039.24,1540.15,2138.47,1540.79,2139.34,0.75,1.84,2015,Metal Loss_41742.2,True,41742.22,41742.22,METAL_LOSS,False,3.3166666666666664,2420,41739.708493565486
11600.0,,0.344,-11.33,1.88,41742.23,Metal Loss,External,19.0,0.065,,,0.55,0.94,2:11,,,0.7,133.04,,MFL-A/XT,,1160.0,65000.0,,1342.0,1473.11,2045.38,,,,,,,2015,Metal Loss_41742.2,True,41742.23,41742.23,METAL_LOSS,False,2.183333333333333,2421,41739.73876608631
11610.0,,0.344,-2.56,24.26,41746.67,Metal Loss,External,17.0,0.058,,,0.63,0.94,10:37,,,0.7,133.94,,MFL-A/XT,,1160.0,65000.0,,1342.0,1472.75,2044.87,,,,,,,2015,Metal Loss_41746.7,True,41746.67,41746.67,METAL_LOSS,False,10.616666666666667,2424,41749.241364653244
11610.0,,0.344,-3.2,23.62,41747.31,Metal Loss,External,25.0,0.086,,,0.79,1.26,10:54,,,0.7,134.06,,MFL-A/XT,,1160.0,65000.0,,1342.0,1467.91,2038.16,1539.24,2137.19,1540.05,2138.32,0.75,1.84,2015,Metal Loss_41747.3,True,41747.31,41747.31,METAL_LOSS,False,10.9,2425,41750.19420581655
11610.0,,0.344,-3.67,23.15,41747.78,Metal Loss,External,10.0,0.034,,,0.59,1.26,10:46,,,0.7,134.15,,MFL-A/XT,,1160.0,65000.0,,1342.0,,,,,,,,,2015,Metal Loss_41747.8,True,41747.78,41747.78,METAL_LOSS,False,10.766666666666667,2426,41750.89394854586
11610.0,,0.344,-24.68,2.14,41768.79,Metal Loss,External,12.0,0.041,,,1.26,2.13,6:27,Repaired?,,0.7,136.29,,MFL-A/XT,,1160.0,65000.0,,1342.0,,,,,,,,,2015,Metal Loss_41768.8,True,41768.79,41768.79,METAL_LOSS,False,6.45,2429,41782.17393736018
11610.0,,0.344,-25.25,1.57,41769.36,Cluster,External,23.0,0.079,,,0.77,2.31,05:00,Repaired?,,0.7,136.32,,,,1160.0,65000.0,,1342.0,1468.55,2039.05,1540.0,2138.25,1540.61,2139.1,0.75,1.84,2015,Cluster_41769.4,True,41769.36,41769.36,CLUSTER,False,5.0,2433,41783.022561521255
11610.0,,0.344,-25.49,1.33,41769.6,Metal Loss,External,11.0,0.038,,,0.43,1.34,6:54,Repaired?,,0.7,136.33,,MFL-A/XT,,1160.0,65000.0,,1342.0,,,,,,,,,2015,Metal Loss_41769.6,True,41769.6,41769.6,METAL_LOSS,False,6.9,2434,41783.37987695749
11610.0,,0.344,-25.61,1.21,41769.72,Metal Loss,External,36.0,0.124,,,0.71,1.54,6:45,Repaired?,,0.7,136.33,,MFL-A/XT,,1160.0,65000.0,,1342.0,1465.36,2034.61,1535.98,2132.66,1537.61,2134.93,0.76,1.84,2015,Metal Loss_41769.7,True,41769.72,41769.72,METAL_LOSS,False,6.75,2435,41783.55853467562
11610.0,,0.344,-25.75,1.07,41769.86,Metal Loss,External,13.0,0.045,,,0.35,0.94,6:45,Repaired?,,0.7,136.34,,MFL-A/XT,,1160.0,65000.0,,1342.0,1475.33,2048.46,,,,,,,2015,Metal Loss_41769.9,True,41769.86,41769.86,METAL_LOSS,False,6.75,2436,41783.76696868009
11610.0,,0.344,-25.79,1.03,41769.91,Metal Loss,External,12.0,0.041,,,0.51,1.26,8:22,Repaired?,,0.7,136.34,,MFL-A/XT,,1160.0,65000.0,,1342.0,,,,,,,,,2015,Metal Loss_41769.9,True,41769.91,41769.91,METAL_LOSS,False,8.366666666666667,2437,41783.84140939598
11610.0,,0.344,-25.94,0.88,41770.06,Metal Loss,External,10.0,0.034,,,0.59,0.98,4:10,Repaired?,,0.7,136.35,,MFL-A/XT,,1160.0,65000.0,,1342.0,,,,,,,,,2015,Metal Loss_41770.1,True,41770.06,41770.06,METAL_LOSS,False,4.166666666666667,2438,41784.06473154362
11610.0,,0.344,-26.05,0.77,41770.17,Metal Loss,External,24.0,0.083,,,0.94,1.46,5:17,Repaired?,,0.7,136.35,,MFL-A/XT,,1160.0,65000.0,,1342.0,1464.79,2033.83,1535.73,2132.33,1536.78,2133.77,0.76,1.84,2015,Metal Loss_41770.2,True,41770.17,41770.17,METAL_LOSS,False,5.283333333333333,2439,41784.22850111857
11620.0,,0.344,-0.68,39.45,41771.61,Metal Loss,External,10.0,0.034,,,1.38,4.41,8:53,Recoat,,0.7,136.4,,MFL-A/XT,,1160.0,65000.0,,1342.0,,,,,,,,,2015,Metal Loss_41771.6,True,41771.61,41771.61,METAL_LOSS,False,8.883333333333333,2442,41786.03305257912
11620.0,,0.344,-0.92,39.21,41771.85,Metal Loss,External,42.0,0.144,,,0.83,1.68,2:54,Recoat,,0.7,136.41,,MFL-A/XT,,1160.0,65000.0,,1342.0,1458.25,2024.75,1527.26,2120.56,1530.38,2124.9,0.76,1.83,2015,Metal Loss_41771.8,True,41771.85,41771.85,METAL_LOSS,False,2.9,2443,41786.27060054822
11620.0,,0.344,-0.93,39.2,41771.86,Metal Loss,External,16.0,0.055,,,1.42,1.53,3:39,Recoat,,0.7,136.41,,MFL-A/XT,,1160.0,65000.0,,1342.0,1461.38,2029.09,,,,,,,2015,Metal Loss_41771.9,True,41771.86,41771.86,METAL_LOSS,False,3.65,2444,41786.28049838026
11620.0,,0.344,-33.25,6.88,41804.18,Metal Loss,External,19.0,0.065,,,1.42,1.65,7:58,,,0.7,136.91,,MFL-A/XT,,1160.0,65000.0,,1342.0,1458.23,2024.72,,,,,,,2015,Metal Loss_41804.2,True,41804.18,41804.18,METAL_LOSS,False,7.966666666666667,2446,41818.27029155246
11620.0,,0.344,-33.5,6.62,41804.44,Metal Loss,External,11.0,0.038,,,0.59,1.06,8:02,,,0.7,136.91,,MFL-A/XT,,1160.0,65000.0,,1342.0,,,,,,,,,2015,Metal Loss_41804.4,True,41804.44,41804.44,METAL_LOSS,False,8.033333333333333,2447,41818.52763518565
11620.0,,0.344,-34.14,5.99,41805.07,Metal Loss,External,11.0,0.038,,,0.63,1.02,9:10,,,0.7,136.91,,MFL-A/XT,,1160.0,65000.0,,1342.0,,,,,,,,,2015,Metal Loss_41805.1,True,41805.07,41805.07,METAL_LOSS,False,9.166666666666666,2448,41819.15119860454
11630.0,,0.344,-1.01,39.14,41812.07,Metal Loss,External,10.0,0.034,,,0.79,1.14,9:53,,,0.7,136.91,,MFL-A/XT,,1160.0,65000.0,,1342.0,,,,,,,,,2015,Metal Loss_41812.1,True,41812.07,41812.07,METAL_LOSS,False,9.883333333333333,2450,41826.085221613546
11630.0,,0.344,-1.87,38.29,41812.93,Metal Loss,External,18.0,0.062,,,0.71,1.5,9:29,,,0.7,136.91,,MFL-A/XT,,1160.0,65000.0,,1342.0,1471.5,2043.14,,,,,,,2015,Metal Loss_41812.9,True,41812.93,41812.93,METAL_LOSS,False,9.483333333333333,2451,41826.94115288845
11630.0,,0.344,-2.14,38.01,41813.21,Metal Loss,External,11.0,0.038,,,2.05,1.73,9:51,,,0.7,136.91,,MFL-A/XT,,1160.0,65000.0,,1342.0,,,,,,,,,2015,Metal Loss_41813.2,True,41813.21,41813.21,METAL_LOSS,False,9.85,2452,41827.219828187255
11630.0,,0.344,-28.76,11.4,41839.82,Metal Loss,External,16.0,0.055,,,0.91,1.26,10:44,,,0.7,136.91,,MFL-A/XT,,1160.0,65000.0,,1342.0,1469.69,2040.63,,,,,,,2015,Metal Loss_41839.8,True,41839.82,41839.82,METAL_LOSS,False,10.733333333333333,2453,41853.70393426295
11630.0,,0.344,-28.79,11.37,41839.85,Metal Loss,External,14.0,0.048,,,0.94,0.67,10:25,,,0.7,136.91,,MFL-A/XT,,1160.0,65000.0,,1342.0,1470.01,2041.08,,,,,,,2015,Metal Loss_41839.8,True,41839.85,41839.85,METAL_LOSS,False,10.416666666666666,2454,41853.73379233068
11640.0,,0.344,-0.85,38.98,41852.07,Metal Loss,External,14.0,0.048,,,0.91,2.17,5:08,,,0.7,136.89,,MFL-A/XT,,1160.0,65000.0,,1342.0,1470.45,2041.68,,,,,,,2015,Metal Loss_41852.1,True,41852.07,41852.07,METAL_LOSS,False,5.133333333333334,2457,41865.903414511675
11640.0,,0.344,-1.11,38.72,41852.33,Metal Loss,External,10.0,0.034,,,0.51,1.22,4:29,,,0.7,136.89,,MFL-A/XT,,1160.0,65000.0,,1342.0,,,,,,,,,2015,Metal Loss_41852.3,True,41852.33,41852.33,METAL_LOSS,False,4.483333333333333,2458,41866.164458950545
11650.0,,0.344,-39.15,0.87,41930.2,Metal Loss,External,27.0,0.093,,,0.75,1.46,9:48,,,0.7,137.62,,MFL-A/XT,,1160.0,65000.0,,1342.0,1467.63,2037.77,1538.88,2136.69,1539.82,2138.0,0.75,1.84,2015,Metal Loss_41930.2,True,41930.2,41930.2,METAL_LOSS,False,9.8,2460,41944.08239130434
11660.0,,0.344,-0.78,39.31,41931.85,Metal Loss,External,26.0,0.089,,,0.83,3.66,9:07,,,0.7,137.63,,MFL-A/XT,,1160.0,65000.0,,1342.0,1466.47,2036.16,1537.58,2134.89,1538.59,2136.3,0.75,1.84,2015,Metal Loss_41931.8,True,41931.85,41931.85,METAL_LOSS,False,9.116666666666667,2462,41945.727470690945
11660.0,,0.344,-0.79,39.29,41931.86,Metal Loss,External,23.0,0.079,,,0.55,1.73,8:22,,,0.7,137.64,,MFL-A/XT,,1160.0,65000.0,,1342.0,1472.35,2044.32,1544.24,2144.15,1544.57,2144.59,0.75,1.85,2015,Metal Loss_41931.9,True,41931.86,41931.86,METAL_LOSS,False,8.366666666666667,2463,41945.7374382639
11660.0,,0.344,-0.81,39.27,41931.89,Metal Loss,External,10.0,0.034,,,0.59,2.72,6:35,,,0.7,137.64,,MFL-A/XT,,1160.0,65000.0,,1342.0,,,,,,,,,2015,Metal Loss_41931.9,True,41931.89,41931.89,METAL_LOSS,False,6.583333333333333,2464,41945.767340982784
11660.0,,0.344,-0.81,39.27,41931.89,Metal Loss,External,11.0,0.038,,,0.47,1.18,3:27,,,0.7,137.64,,MFL-A/XT,,1160.0,65000.0,,1342.0,,,,,,,,,2015,Metal Loss_41931.9,True,41931.89,41931.89,METAL_LOSS,False,3.45,2465,41945.767340982784
11670.0,,0.344,-14.23,25.82,41985.39,Metal Loss,External,14.0,0.048,,,1.85,2.05,5:15,,,0.7,137.09,,MFL-A/XT,,1160.0,65000.0,,1342.0,1456.23,2021.94,,,,,,,2015,Metal Loss_41985.4,True,41985.39,41985.39,METAL_LOSS,False,5.25,2467,41999.0902695956
11670.0,,0.344,-14.24,25.82,41985.4,Metal Loss,External,12.0,0.041,,,1.22,1.97,4:26,,,0.7,137.09,,MFL-A/XT,,1160.0,65000.0,,1342.0,,,,,,,,,2015,Metal Loss_41985.4,True,41985.4,41985.4,METAL_LOSS,False,4.433333333333334,2468,41999.10023464803
11670.0,,0.344,-39.19,0.87,42010.35,Metal Loss,External,23.0,0.079,,,0.79,1.97,1:51,,,0.7,136.55,,MFL-A/XT,,1160.0,65000.0,,1342.0,1468.47,2038.93,1539.91,2138.12,1540.56,2139.02,0.75,1.84,2015,Metal Loss_42010.3,True,42010.35,42010.35,METAL_LOSS,False,1.85,2469,42023.96304043934
11930.0,,0.344,-17.33,22.71,42952.49,Metal Loss,External,16.0,0.055,,,0.91,1.93,6:50,,,0.7,104.17,,MFL-A/XT,,1160.0,65000.0,,1342.0,1469.69,2040.63,,,,,,,2015,Metal Loss_42952.5,True,42952.49,42952.49,METAL_LOSS,False,6.833333333333333,2500,42943.878876123876
11990.0,,0.344,-28.54,0.84,43171.61,Metal Loss,External,25.0,0.086,,,0.79,1.38,8:23,,,0.7,72.83,,MFL-A/XT,,1160.0,65000.0,,1342.0,1467.67,2037.82,1538.96,2136.81,1539.8,2137.97,0.75,1.84,2015,Metal Loss_43171.6,True,43171.61,43171.61,METAL_LOSS,False,8.383333333333333,2507,43150.00129043241
12120.0,,0.344,-19.74,0.87,43585.01,Metal Loss,External,15.0,0.052,,,0.55,0.94,6:41,,,0.7,139.54,,MFL-A/XT,,1160.0,65000.0,,1342.0,1473.83,2046.38,,,,,,,2015,Metal Loss_43585.0,True,43585.01,43585.01,METAL_LOSS,False,6.683333333333334,2522,43595.432765647754
12130.0,,0.344,-22.31,17.83,43608.19,Metal Loss,External,11.0,0.038,,,1.22,1.38,04:00,,,0.7,138.82,,MFL-A/XT,,1160.0,65000.0,,1342.0,,,,,,,,,2015,Metal Loss_43608.2,True,43608.19,43608.19,METAL_LOSS,False,4.0,2524,43619.05214694895
12130.0,,0.344,-22.55,17.59,43608.43,Metal Loss,External,17.0,0.058,,,0.63,1.1,4:04,,,0.7,138.81,,MFL-A/XT,,1160.0,65000.0,,1342.0,1472.62,2044.69,,,,,,,2015,Metal Loss_43608.4,True,43608.43,43608.43,METAL_LOSS,False,4.066666666666666,2525,43619.28808219178
12150.0,,0.344,-0.89,38.65,43667.03,Metal Loss,External,29.0,0.1,,,0.83,0.98,4:37,,,0.7,136.73,,MFL-A/XT,,1160.0,65000.0,,1342.0,1465.09,2034.24,1535.92,2132.59,1537.26,2134.44,0.76,1.84,2015,Metal Loss_43667.0,True,43667.03,43667.03,METAL_LOSS,False,4.616666666666667,2530,43677.59092288243
12160.0,,0.344,-11.26,28.94,43716.94,Metal Loss,External,39.0,0.134,,,0.91,1.77,08:00,,,0.7,134.71,,MFL-A/XT,,1160.0,65000.0,,1342.0,1456.74,2022.65,1525.69,2118.38,1528.85,2122.77,0.76,1.83,2015,Metal Loss_43716.9,True,43716.94,43716.94,METAL_LOSS,False,8.0,2532,43724.53317910448
12160.0,,0.344,-28.79,11.41,43734.47,Metal Loss,External,10.0,0.034,,,0.32,0.67,9:07,,,0.7,134.38,,MFL-A/XT,,1160.0,65000.0,,1342.0,,,,,,,,,2015,Metal Loss_43734.5,True,43734.47,43734.47,METAL_LOSS,False,9.116666666666667,2533,43736.712604477616
12160.0,,0.344,-30.14,10.07,43735.82,Metal Loss,External,11.0,0.038,,,0.79,1.14,8:13,,,0.7,134.44,,MFL-A/XT,,1160.0,65000.0,,1342.0,,,,,,,,,2015,Metal Loss_43735.8,True,43735.82,43735.82,METAL_LOSS,False,8.216666666666667,2534,43737.6505522388
12160.0,,0.344,-30.88,9.32,43736.56,Metal Loss,External,29.0,0.1,,,0.91,1.5,8:30,,,0.7,134.47,,MFL-A/XT,,1160.0,65000.0,,1342.0,1463.2,2031.61,1533.76,2129.58,1535.32,2131.75,0.76,1.84,2015,Metal Loss_43736.6,True,43736.56,43736.56,METAL_LOSS,False,8.5,2535,43738.164686567165
12160.0,,0.344,-30.93,9.28,43736.61,Metal Loss,External,11.0,0.038,,,0.94,1.81,4:23,,,0.7,134.47,,MFL-A/XT,,1160.0,65000.0,,1342.0,,,,,,,,,2015,Metal Loss_43736.6,True,43736.61,43736.61,METAL_LOSS,False,4.383333333333334,2536,43738.19942537313
12160.0,,0.344,-31.08,9.12,43736.76,Metal Loss,External,12.0,0.041,,,0.67,1.02,8:29,,,0.7,134.48,,MFL-A/XT,,1160.0,65000.0,,1342.0,,,,,,,,,2015,Metal Loss_43736.8,True,43736.76,43736.76,METAL_LOSS,False,8.483333333333333,2537,43738.30364179105
12160.0,,0.344,-31.22,8.99,43736.9,Metal Loss,External,17.0,0.058,,,0.94,1.22,4:30,,,0.7,134.49,,MFL-A/XT,,1160.0,65000.0,,1342.0,1468.71,2039.26,,,,,,,2015,Metal Loss_43736.9,True,43736.9,43736.9,METAL_LOSS,False,4.5,2538,43738.40091044777
12160.0,,0.344,-39.33,0.88,43745.01,Metal Loss,External,21.0,0.072,,,0.67,2.05,4:09,,,0.7,135.05,,MFL-A/XT,,1160.0,65000.0,,1342.0,1471.3,2042.86,1543.1,2142.56,1543.43,2143.02,0.75,1.85,2015,Metal Loss_43745.0,True,43745.01,43745.01,METAL_LOSS,False,4.15,2539,43744.035544776125
12160.0,,0.344,-39.36,0.85,43745.04,Cluster,External,38.0,0.131,,,1.92,4.0,5:56,,,0.7,135.05,,,,1160.0,65000.0,,1342.0,1408.03,1955.01,1466.73,2036.52,1501.8,2085.22,0.79,1.76,2015,Cluster_43745.0,True,43745.04,43745.04,CLUSTER,False,5.933333333333334,2540,43744.056388059704
12160.0,,0.344,-39.47,0.74,43745.15,Metal Loss,External,13.0,0.045,,,0.71,1.02,5:35,,,0.7,135.06,,MFL-A/XT,,1160.0,65000.0,,1342.0,1472.92,2045.12,,,,,,,2015,Metal Loss_43745.2,True,43745.15,43745.15,METAL_LOSS,False,5.583333333333333,2541,43744.132813432836
12170.0,,0.344,-0.77,39.33,43746.65,Metal Loss,External,12.0,0.041,,,0.75,0.63,4:55,,,0.7,135.17,,MFL-A/XT,,1160.0,65000.0,,1342.0,,,,,,,,,2015,Metal Loss_43746.7,True,43746.65,43746.65,METAL_LOSS,False,4.916666666666667,2543,43745.40865586035
12170.0,,0.344,-0.84,39.26,43746.72,Metal Loss,External,14.0,0.048,,,1.77,1.1,6:16,,,0.7,135.17,,MFL-A/XT,,1160.0,65000.0,,1342.0,1457.68,2023.95,,,,,,,2015,Metal Loss_43746.7,True,43746.72,43746.72,METAL_LOSS,False,6.266666666666667,2544,43745.47853366584
12170.0,,0.344,-0.85,39.24,43746.74,Metal Loss,External,34.0,0.117,,,1.14,2.36,5:14,,,0.7,135.17,,MFL-A/XT,,1160.0,65000.0,,1342.0,1451.7,2015.65,1520.11,2110.64,1523.6,2115.49,0.76,1.82,2015,Metal Loss_43746.7,True,43746.74,43746.74,METAL_LOSS,False,5.233333333333333,2545,43745.49849875312
12170.0,,0.344,-2.14,37.96,43748.02,Metal Loss,External,25.0,0.086,,,0.83,1.14,6:26,,,0.7,135.27,,MFL-A/XT,,1160.0,65000.0,,1342.0,1466.92,2036.77,1538.11,2135.63,1539.02,2136.89,0.75,1.84,2015,Metal Loss_43748.0,True,43748.02,43748.02,METAL_LOSS,False,6.433333333333334,2546,43746.77626433915
12170.0,,0.344,-3.96,36.14,43749.84,Metal Loss,External,13.0,0.045,,,1.1,1.42,8:03,,,0.7,135.4,,MFL-A/XT,,1160.0,65000.0,,1342.0,1468.63,2039.16,,,,,,,2015,Metal Loss_43749.8,True,43749.84,43749.84,METAL_LOSS,False,8.05,2547,43748.59308728179
12170.0,,0.344,-4.43,35.67,43750.32,Metal Loss,External,10.0,0.034,,,1.1,1.34,7:30,,,0.7,135.44,,MFL-A/XT,,1160.0,65000.0,,1342.0,,,,,,,,,2015,Metal Loss_43750.3,True,43750.32,43750.32,METAL_LOSS,False,7.5,2548,43749.07224937656
12170.0,,0.344,-4.81,35.29,43750.69,Metal Loss,External,16.0,0.055,,,1.06,1.46,8:02,,,0.7,135.47,,MFL-A/XT,,1160.0,65000.0,,1342.0,1467.44,2037.5,,,,,,,2015,Metal Loss_43750.7,True,43750.69,43750.69,METAL_LOSS,False,8.033333333333333,2549,43749.44160349127
12170.0,,0.344,-5.33,34.77,43751.21,Metal Loss,External,17.0,0.058,,,1.14,1.3,7:22,,,0.7,135.51,,MFL-A/XT,,1160.0,65000.0,,1342.0,1465.41,2034.69,,,,,,,2015,Metal Loss_43751.2,True,43751.21,43751.21,METAL_LOSS,False,7.366666666666666,2550,43749.9606957606
12170.0,,0.344,-6.18,33.92,43752.06,Metal Loss,External,11.0,0.038,,,1.18,1.53,08:00,,,0.7,135.57,,MFL-A/XT,,1160.0,65000.0,,1342.0,,,,,,,,,2015,Metal Loss_43752.1,True,43752.06,43752.06,METAL_LOSS,False,8.0,2551,43750.809211970074
12170.0,,0.344,-6.59,33.51,43752.48,Metal Loss,External,14.0,0.048,,,1.38,1.89,7:25,,,0.7,135.6,,MFL-A/XT,,1160.0,65000.0,,1342.0,1463.96,2032.68,,,,,,,2015,Metal Loss_43752.5,True,43752.48,43752.48,METAL_LOSS,False,7.416666666666667,2552,43751.228478802994
12170.0,,0.344,-10.95,29.15,43756.83,Metal Loss,External,12.0,0.041,,,1.61,1.81,5:04,,,0.7,135.94,,MFL-A/XT,,1160.0,65000.0,,1342.0,,,,,,,,,2015,Metal Loss_43756.8,True,43756.83,43756.83,METAL_LOSS,False,5.066666666666666,2553,43755.57088528678
12190.0,,0.344,-0.12,39.98,43814.13,Metal Loss,External,15.0,0.052,,,2.09,1.89,8:48,near girth weld,,1.0,140.8,,MFL-A/XT,,1160.0,65000.0,,1342.0,1450.17,2013.53,,,,,,,2015,Metal Loss_43814.1,True,43814.13,43814.13,METAL_LOSS,False,8.8,2556,43824.80941660434
12230.0,,0.344,-16.18,23.71,43990.4,Metal Loss,External,43.0,0.148,,,1.73,1.5,4:44,Recoat,,0.7,138.47,,MFL-A/XT,,1160.0,65000.0,,1342.0,1407.91,1954.85,1465.6,2034.96,1477.59,2051.59,0.79,1.75,2015,Metal Loss_43990.4,True,43990.4,43990.4,METAL_LOSS,False,4.733333333333333,2562,44000.804645274504
12230.0,,0.344,-16.37,23.51,43990.59,Metal Loss,External,16.0,0.055,,,0.87,1.61,7:13,Recoat,,0.7,138.43,,MFL-A/XT,,1160.0,65000.0,,1342.0,1470.18,2041.3,,,,,,,2015,Metal Loss_43990.6,True,43990.59,43990.59,METAL_LOSS,False,7.216666666666667,2563,44000.99516921534
12230.0,,0.344,-16.69,23.2,43990.9,Metal Loss,External,21.0,0.072,,,0.32,1.58,4:34,Recoat,,0.7,138.37,,MFL-A/XT,,1160.0,65000.0,,1342.0,1474.99,2047.98,1547.18,2148.22,1547.26,2148.34,0.75,1.85,2015,Metal Loss_43990.9,True,43990.9,43990.9,METAL_LOSS,False,4.566666666666666,2564,44001.30602406619
12230.0,,0.344,-16.71,23.17,43990.93,Metal Loss,External,12.0,0.041,,,0.91,1.42,7:20,Recoat,,0.7,138.36,,MFL-A/XT,,1160.0,65000.0,,1342.0,,,,,,,,,2015,Metal Loss_43990.9,True,43990.93,43990.93,METAL_LOSS,False,7.333333333333333,2565,44001.336106793686
12230.0,,0.344,-16.95,22.94,43991.17,Metal Loss,External,23.0,0.079,,,0.79,1.14,7:15,Recoat,,0.7,138.32,,MFL-A/XT,,1160.0,65000.0,,1342.0,1468.69,2039.24,1540.15,2138.47,1540.79,2139.34,0.75,1.84,2015,Metal Loss_43991.2,True,43991.17,43991.17,METAL_LOSS,False,7.25,2566,44001.57676861369
12230.0,,0.344,-17.24,22.64,43991.46,Metal Loss,External,40.0,0.138,,,1.18,1.81,4:39,Recoat,,0.7,138.26,,MFL-A/XT,,1160.0,65000.0,,1342.0,1443.61,2004.42,1509.91,2096.47,1515.32,2103.98,0.77,1.81,2015,Metal Loss_43991.5,True,43991.46,43991.46,METAL_LOSS,False,4.65,2567,44001.86756831286
12230.0,,0.344,-17.31,22.58,43991.53,Metal Loss,External,16.0,0.055,,,0.59,1.06,7:16,Recoat,,0.7,138.24,,MFL-A/XT,,1160.0,65000.0,,1342.0,1473.21,2045.51,,,,,,,2015,Metal Loss_43991.5,True,43991.53,43991.53,METAL_LOSS,False,7.266666666666667,2568,44001.937761343695
12230.0,,0.344,-17.72,22.17,43991.93,Metal Loss,External,35.0,0.12,,,0.63,1.3,4:26,Recoat,,0.7,138.16,,MFL-A/XT,,1160.0,65000.0,,1342.0,1468.0,2038.28,1539.08,2136.98,1540.28,2138.65,0.75,1.84,2015,Metal Loss_43991.9,True,43991.93,43991.93,METAL_LOSS,False,4.433333333333334,2569,44002.33886437704
12230.0,,0.344,-18.14,21.75,43992.35,Metal Loss,External,22.0,0.076,,,1.5,1.85,4:39,Recoat,,0.7,138.07,,MFL-A/XT,,1160.0,65000.0,,1342.0,1453.07,2017.55,1522.35,2113.74,1524.13,2116.21,0.76,1.82,2015,Metal Loss_43992.3,True,43992.35,43992.35,METAL_LOSS,False,4.65,2570,44002.76002256205
12230.0,,0.344,-18.17,21.72,43992.39,Metal Loss,External,38.0,0.131,,,1.89,1.46,7:08,Recoat,,0.7,138.07,,MFL-A/XT,,1160.0,65000.0,,1342.0,1409.81,1957.48,1468.94,2039.58,1479.38,2054.08,0.79,1.76,2015,Metal Loss_43992.4,True,43992.39,43992.39,METAL_LOSS,False,7.133333333333334,2571,44002.80013286538
12230.0,,0.344,-18.67,21.22,43992.88,Metal Loss,External,15.0,0.052,,,1.18,1.5,4:26,Recoat,,0.7,137.97,,MFL-A/XT,,1160.0,65000.0,,1342.0,1466.27,2035.88,,,,,,,2015,Metal Loss_43992.9,True,43992.88,43992.88,METAL_LOSS,False,4.433333333333334,2572,44003.29148408122
12230.0,,0.344,-18.9,20.99,43993.12,Cluster,External,19.0,0.065,,,1.43,2.39,7:06,Recoat,,0.7,137.92,,,,1160.0,65000.0,,1342.0,1458.2,2024.68,,,,,,,2015,Cluster_43993.1,True,43993.12,43993.12,CLUSTER,False,7.1,2573,44003.532145901234
12230.0,,0.344,-19.29,20.6,43993.5,Metal Loss,External,16.0,0.055,,,1.1,1.53,4:18,Recoat,,0.7,137.84,,MFL-A/XT,,1160.0,65000.0,,1342.0,1466.88,2036.73,,,,,,,2015,Metal Loss_43993.5,True,43993.5,43993.5,METAL_LOSS,False,4.3,2574,44003.9131937829
12230.0,,0.344,-19.49,20.4,43993.7,Metal Loss,External,16.0,0.055,,,0.83,1.14,6:39,Recoat,,0.7,137.8,,MFL-A/XT,,1160.0,65000.0,,1342.0,1470.64,2041.95,,,,,,,2015,Metal Loss_43993.7,True,43993.7,43993.7,METAL_LOSS,False,6.65,2575,44004.113745299575
12230.0,,0.344,-19.58,20.31,43993.79,Metal Loss,External,24.0,0.083,,,1.38,1.58,7:21,Recoat,,0.7,137.78,,MFL-A/XT,,1160.0,65000.0,,1342.0,1453.72,2018.45,1523.03,2114.69,1525.1,2117.56,0.76,1.82,2015,Metal Loss_43993.8,True,43993.79,43993.79,METAL_LOSS,False,7.35,2576,44004.20399348208
12230.0,,0.344,-21.09,18.79,43995.31,Metal Loss,External,12.0,0.041,,,1.06,1.73,7:49,Recoat,,0.7,137.49,,MFL-A/XT,,1160.0,65000.0,,1342.0,,,,,,,,,2015,Metal Loss_43995.3,True,43995.31,43995.31,METAL_LOSS,False,7.816666666666666,2577,44005.728185008775
12230.0,,0.344,-21.74,18.14,43995.96,Metal Loss,External,32.0,0.11,,,1.02,1.34,7:48,Recoat,,0.7,137.37,,MFL-A/XT,,1160.0,65000.0,,1342.0,1457.66,2023.93,1527.22,2120.51,1529.71,2123.96,0.76,1.83,2015,Metal Loss_43996.0,True,43995.96,43995.96,METAL_LOSS,False,7.8,2578,44006.37997743795
12230.0,,0.344,-22.31,17.58,43996.52,Metal Loss,External,16.0,0.055,,,1.46,1.73,9:18,Recoat,,0.7,137.27,,MFL-A/XT,,1160.0,65000.0,,1342.0,1460.5,2027.87,,,,,,,2015,Metal Loss_43996.5,True,43996.52,43996.52,METAL_LOSS,False,9.3,2579,44006.94152168463
12230.0,,0.344,-22.32,17.56,43996.54,Metal Loss,External,44.0,0.151,,,0.75,1.02,7:50,Recoat,,0.7,137.27,,MFL-A/XT,,1160.0,65000.0,,1342.0,1460.57,2027.96,1529.88,2124.2,1532.73,2128.15,0.76,1.83,2015,Metal Loss_43996.5,True,43996.54,43996.54,METAL_LOSS,False,7.833333333333333,2580,44006.9615768363
12230.0,,0.344,-22.69,17.2,43996.91,Metal Loss,External,27.0,0.093,,,1.89,1.3,9:19,Recoat,,0.7,137.2,,MFL-A/XT,,1160.0,65000.0,,1342.0,1432.55,1989.06,1497.86,2079.74,1502.68,2086.43,0.77,1.79,2015,Metal Loss_43996.9,True,43996.91,43996.91,METAL_LOSS,False,9.316666666666666,2581,44007.332597142144
12230.0,,0.344,-23.24,16.65,43997.46,Metal Loss,External,14.0,0.048,,,1.3,1.65,9:18,Recoat,,0.7,137.11,,MFL-A/XT,,1160.0,65000.0,,1342.0,1465.25,2034.46,,,,,,,2015,Metal Loss_43997.5,True,43997.46,43997.46,METAL_LOSS,False,9.3,2582,44007.88411381299
12230.0,,0.344,-23.73,16.15,43997.95,Metal Loss,External,13.0,0.045,,,2.36,1.42,9:15,Recoat,,0.7,137.03,,MFL-A/XT,,1160.0,65000.0,,1342.0,1449.63,2012.78,,,,,,,2015,Metal Loss_43997.9,True,43997.95,43997.95,METAL_LOSS,False,9.25,2584,44008.375465028825
12230.0,,0.344,-24.67,15.22,43998.88,Metal Loss,External,18.0,0.062,,,1.81,2.05,09:00,Recoat,,0.7,136.88,,MFL-A/XT,,1160.0,65000.0,,1342.0,1450.68,2014.23,,,,,,,2015,Metal Loss_43998.9,True,43998.88,43998.88,METAL_LOSS,False,9.0,2585,44009.30802958135
12230.0,,0.344,-25.14,14.75,43999.35,Metal Loss,External,26.0,0.089,,,2.21,1.53,9:18,Recoat,,0.7,136.81,,MFL-A/XT,,1160.0,65000.0,,1342.0,1423.69,1976.76,1487.15,2064.87,1492.67,2072.53,0.78,1.78,2015,Metal Loss_43999.3,True,43999.35,43999.35,METAL_LOSS,False,9.3,2586,44009.779325645526
12230.0,,0.344,-25.82,14.07,44000.04,Metal Loss,External,16.0,0.055,,,2.01,1.34,9:21,Recoat,,0.7,136.71,,MFL-A/XT,,1160.0,65000.0,,1342.0,1449.96,2013.24,,,,,,,2015,Metal Loss_44000.0,True,44000.04,44000.04,METAL_LOSS,False,9.35,2587,44010.47122837804
12230.0,,0.344,-25.94,13.95,44000.15,Metal Loss,External,10.0,0.034,,,0.63,1.02,9:47,Recoat,,0.7,136.69,,MFL-A/XT,,1160.0,65000.0,,1342.0,,,,,,,,,2015,Metal Loss_44000.2,True,44000.15,44000.15,METAL_LOSS,False,9.783333333333333,2588,44010.58153171221
12230.0,,0.344,-26.23,13.66,44000.45,Metal Loss,External,23.0,0.079,,,1.85,1.65,9:19,Recoat,,0.7,136.65,,MFL-A/XT,,1160.0,65000.0,,1342.0,1441.07,2000.9,1508.21,2094.12,1511.2,2098.27,0.77,1.81,2015,Metal Loss_44000.4,True,44000.45,44000.45,METAL_LOSS,False,9.316666666666666,2589,44010.88235898721
12230.0,,0.344,-26.23,13.66,44000.45,Metal Loss,External,17.0,0.058,,,0.87,1.38,2:15,Recoat,,0.7,136.65,,MFL-A/XT,,1160.0,65000.0,,1342.0,1469.75,2040.72,,,,,,,2015,Metal Loss_44000.4,True,44000.45,44000.45,METAL_LOSS,False,2.25,2590,44010.88235898721
12230.0,,0.344,-26.51,13.38,44000.72,Metal Loss,External,16.0,0.055,,,0.87,1.26,3:31,Recoat,,0.7,136.61,,MFL-A/XT,,1160.0,65000.0,,1342.0,1470.18,2041.3,,,,,,,2015,Metal Loss_44000.7,True,44000.72,44000.72,METAL_LOSS,False,3.5166666666666666,2591,44011.15310353472
12230.0,,0.344,-26.63,13.26,44000.85,Metal Loss,External,16.0,0.055,,,0.79,1.42,2:15,Recoat,,0.7,136.59,,MFL-A/XT,,1160.0,65000.0,,1342.0,1471.24,2042.78,,,,,,,2015,Metal Loss_44000.8,True,44000.85,44000.85,METAL_LOSS,False,2.25,2592,44011.283462020554
12230.0,,0.344,-27.29,12.6,44001.51,Metal Loss,External,11.0,0.038,,,0.94,1.46,9:20,Recoat,,0.7,136.51,,MFL-A/XT,,1160.0,65000.0,,1342.0,,,,,,,,,2015,Metal Loss_44001.5,True,44001.51,44001.51,METAL_LOSS,False,9.333333333333334,2593,44011.945282025576
12230.0,,0.344,-27.68,12.21,44001.89,Metal Loss,External,14.0,0.048,,,1.42,1.77,3:17,Recoat,,0.7,136.46,,MFL-A/XT,,1160.0,65000.0,,1342.0,1463.21,2031.64,,,,,,,2015,Metal Loss_44001.9,True,44001.89,44001.89,METAL_LOSS,False,3.283333333333333,2594,44012.32632990724
12230.0,,0.344,-28.57,11.31,44002.79,Metal Loss,External,13.0,0.045,,,1.81,2.05,2:18,Recoat,,0.7,136.34,,MFL-A/XT,,1160.0,65000.0,,1342.0,1458.35,2024.88,,,,,,,2015,Metal Loss_44002.8,True,44002.79,44002.79,METAL_LOSS,False,2.3,2595,44013.22881173227
12230.0,,0.344,-28.57,11.31,44002.79,Metal Loss,External,14.0,0.048,,,1.73,0.59,2:50,Recoat,,0.7,136.34,,MFL-A/XT,,1160.0,65000.0,,1342.0,1458.08,2024.51,,,,,,,2015,Metal Loss_44002.8,True,44002.79,44002.79,METAL_LOSS,False,2.8333333333333335,2596,44013.22881173227
12230.0,,0.344,-28.6,11.29,44002.82,Metal Loss,External,14.0,0.048,,,0.71,1.18,9:44,Recoat,,0.7,136.34,,MFL-A/XT,,1160.0,65000.0,,1342.0,1472.65,2044.73,,,,,,,2015,Metal Loss_44002.8,True,44002.82,44002.82,METAL_LOSS,False,9.733333333333333,2597,44013.25889445977
12230.0,,0.344,-28.61,11.28,44002.82,Metal Loss,External,12.0,0.041,,,0.94,1.61,3:06,Recoat,,0.7,136.34,,MFL-A/XT,,1160.0,65000.0,,1342.0,,,,,,,,,2015,Metal Loss_44002.8,True,44002.82,44002.82,METAL_LOSS,False,3.1,2598,44013.25889445977
12230.0,,0.344,-28.81,11.08,44003.03,Metal Loss,External,15.0,0.052,,,0.87,1.34,9:27,Recoat,,0.7,136.32,,MFL-A/XT,,1160.0,65000.0,,1342.0,1470.59,2041.88,,,,,,,2015,Metal Loss_44003.0,True,44003.03,44003.03,METAL_LOSS,False,9.45,2599,44013.46947355227
12230.0,,0.344,-28.94,10.95,44003.16,Metal Loss,External,14.0,0.048,,,0.83,1.42,3:13,Recoat,,0.7,136.3,,MFL-A/XT,,1160.0,65000.0,,1342.0,1471.41,2043.01,,,,,,,2015,Metal Loss_44003.2,True,44003.16,44003.16,METAL_LOSS,False,3.216666666666667,2600,44013.59983203811
12230.0,,0.344,-28.97,10.92,44003.19,Metal Loss,External,11.0,0.038,,,0.79,1.34,2:28,Recoat,,0.7,136.3,,MFL-A/XT,,1160.0,65000.0,,1342.0,,,,,,,,,2015,Metal Loss_44003.2,True,44003.19,44003.19,METAL_LOSS,False,2.466666666666667,2601,44013.62991476561
12230.0,,0.344,-29.1,10.79,44003.31,Metal Loss,External,11.0,0.038,,,0.63,1.06,2:17,Recoat,,0.7,136.28,,MFL-A/XT,,1160.0,65000.0,,1342.0,,,,,,,,,2015,Metal Loss_44003.3,True,44003.31,44003.31,METAL_LOSS,False,2.283333333333333,2602,44013.750245675605
12230.0,,0.344,-29.27,10.62,44003.49,Metal Loss,External,11.0,0.038,,,1.42,1.73,9:28,Recoat,,0.7,136.26,,MFL-A/XT,,1160.0,65000.0,,1342.0,,,,,,,,,2015,Metal Loss_44003.5,True,44003.49,44003.49,METAL_LOSS,False,9.466666666666667,2603,44013.93074204061
12230.0,,0.344,-29.44,10.45,44003.65,Metal Loss,External,23.0,0.079,,,1.58,2.05,2:19,Recoat,,0.7,136.25,,MFL-A/XT,,1160.0,65000.0,,1342.0,1449.48,2012.57,1518.14,2107.89,1520.4,2111.04,0.76,1.82,2015,Metal Loss_44003.7,True,44003.65,44003.65,METAL_LOSS,False,2.3166666666666664,2604,44014.09118325395
12230.0,,0.344,-29.64,10.25,44003.86,Metal Loss,External,23.0,0.079,,,0.83,1.18,3:29,Recoat,,0.7,136.22,,MFL-A/XT,,1160.0,65000.0,,1342.0,1467.79,2037.99,1539.14,2137.06,1539.85,2138.04,0.75,1.84,2015,Metal Loss_44003.9,True,44003.86,44003.86,METAL_LOSS,False,3.4833333333333334,2605,44014.301762346455
12230.0,,0.344,-30.04,9.85,44004.25,Metal Loss,External,26.0,0.089,,,0.32,1.14,3:33,Recoat,,0.7,136.18,,MFL-A/XT,,1160.0,65000.0,,1342.0,1474.64,2047.5,1546.78,2147.66,1546.94,2147.88,0.75,1.85,2015,Metal Loss_44004.2,True,44004.25,44004.25,METAL_LOSS,False,3.55,2606,44014.69283780396
12230.0,,0.344,-30.14,9.75,44004.35,Metal Loss,External,10.0,0.034,,,1.42,1.53,9:19,Recoat,,0.7,136.17,,MFL-A/XT,,1160.0,65000.0,,1342.0,,,,,,,,,2015,Metal Loss_44004.3,True,44004.35,44004.35,METAL_LOSS,False,9.316666666666666,2607,44014.79311356229
12230.0,,0.344,-30.34,9.55,44004.55,Metal Loss,External,15.0,0.052,,,1.58,1.81,2:30,Recoat,,0.7,136.14,,MFL-A/XT,,1160.0,65000.0,,1342.0,1459.69,2026.75,,,,,,,2015,Metal Loss_44004.6,True,44004.55,44004.55,METAL_LOSS,False,2.5,2608,44014.99366507897
12230.0,,0.344,-30.54,9.35,44004.75,Metal Loss,External,37.0,0.127,,,0.63,1.06,3:33,Recoat,,0.7,136.13,,MFL-A/XT,,1160.0,65000.0,,1342.0,1467.38,2037.43,1538.3,2135.89,1539.67,2137.79,0.75,1.84,2015,Metal Loss_44004.8,True,44004.75,44004.75,METAL_LOSS,False,3.55,2609,44015.19421659564
12230.0,,0.344,-30.99,8.9,44005.2,Metal Loss,External,29.0,0.1,,,0.55,1.06,3:40,Recoat,,0.7,136.08,,MFL-A/XT,,1160.0,65000.0,,1342.0,1471.11,2042.6,1542.77,2142.1,1543.38,2142.95,0.75,1.85,2015,Metal Loss_44005.2,True,44005.2,44005.2,METAL_LOSS,False,3.6666666666666665,2610,44015.645457508144
12230.0,,0.344,-31.18,8.71,44005.39,Metal Loss,External,22.0,0.076,,,0.67,1.18,2:34,Recoat,,0.7,136.06,,MFL-A/XT,,1160.0,65000.0,,1342.0,1470.84,2042.23,1542.58,2141.83,1542.99,2142.4,0.75,1.85,2015,Metal Loss_44005.4,True,44005.39,44005.39,METAL_LOSS,False,2.5666666666666664,2611,44015.83598144899
12230.0,,0.344,-31.18,8.71,44005.39,Metal Loss,External,11.0,0.038,,,1.81,0.59,3:05,Recoat,,0.7,136.06,,MFL-A/XT,,1160.0,65000.0,,1342.0,,,,,,,,,2015,Metal Loss_44005.4,True,44005.39,44005.39,METAL_LOSS,False,3.0833333333333335,2612,44015.83598144899
12230.0,,0.344,-31.23,8.66,44005.44,Metal Loss,External,25.0,0.086,,,0.94,1.18,3:30,Recoat,,0.7,136.06,,MFL-A/XT,,1160.0,65000.0,,1342.0,1464.51,2033.43,1535.38,2131.84,1536.53,2133.43,0.76,1.84,2015,Metal Loss_44005.4,True,44005.44,44005.44,METAL_LOSS,False,3.5,2613,44015.886119328155
12230.0,,0.344,-31.58,8.3,44005.8,Metal Loss,External,22.0,0.076,,,1.06,1.42,2:31,Recoat,,0.7,136.03,,MFL-A/XT,,1160.0,65000.0,,1342.0,1463.62,2032.2,1534.46,2130.55,1535.42,2131.89,0.76,1.84,2015,Metal Loss_44005.8,True,44005.8,44005.8,METAL_LOSS,False,2.5166666666666666,2614,44016.24711205816
12230.0,,0.344,-31.99,7.9,44006.21,Metal Loss,External,13.0,0.045,,,0.83,1.3,5:47,Recoat,,0.7,135.99,,MFL-A/XT,,1160.0,65000.0,,1342.0,1471.78,2043.53,,,,,,,2015,Metal Loss_44006.2,True,44006.21,44006.21,METAL_LOSS,False,5.783333333333333,2615,44016.658242667334
12230.0,,0.344,-32.01,7.88,44006.22,Metal Loss,External,30.0,0.103,,,1.22,1.42,2:34,Recoat,,0.7,135.99,,MFL-A/XT,,1160.0,65000.0,,1342.0,1452.41,2016.63,1521.21,2112.16,1524.19,2116.3,0.76,1.82,2015,Metal Loss_44006.2,True,44006.22,44006.22,METAL_LOSS,False,2.5666666666666664,2616,44016.66827024317
12230.0,,0.344,-32.29,7.6,44006.51,Metal Loss,External,25.0,0.086,,,1.06,1.46,2:41,Recoat,,0.7,135.96,,MFL-A/XT,,1160.0,65000.0,,1342.0,1461.28,2028.94,1531.7,2126.72,1533.16,2128.76,0.76,1.83,2015,Metal Loss_44006.5,True,44006.51,44006.51,METAL_LOSS,False,2.6833333333333336,2618,44016.95906994234
12230.0,,0.344,-33.41,6.48,44007.63,Cluster,External,36.0,0.124,,,1.81,4.15,2:18,Recoat,,0.7,135.88,,,,1160.0,65000.0,,1342.0,1418.47,1969.5,1479.92,2054.83,1510.79,2097.69,0.78,1.77,2015,Cluster_44007.6,True,44007.63,44007.63,CLUSTER,False,2.3,2619,44018.082158435696
12230.0,,0.344,-33.7,6.19,44007.92,Metal Loss,External,17.0,0.058,,,0.63,0.91,9:25,Recoat,,0.7,135.86,,MFL-A/XT,,1160.0,65000.0,,1342.0,1472.75,2044.87,,,,,,,2015,Metal Loss_44007.9,True,44007.92,44007.92,METAL_LOSS,False,9.416666666666666,2620,44018.37295813487
12230.0,,0.344,-34.0,5.88,44008.22,Metal Loss,External,21.0,0.072,,,0.87,1.34,2:33,Recoat,,0.7,135.83,,MFL-A/XT,,1160.0,65000.0,,1342.0,1468.0,2038.28,1539.42,2137.44,1539.97,2138.21,0.75,1.84,2015,Metal Loss_44008.2,True,44008.22,44008.22,METAL_LOSS,False,2.55,2621,44018.67378540988
12230.0,,0.344,-34.28,5.61,44008.49,Metal Loss,External,15.0,0.052,,,0.98,1.46,2:37,Recoat,,0.7,135.82,,MFL-A/XT,,1160.0,65000.0,,1342.0,1469.04,2039.73,,,,,,,2015,Metal Loss_44008.5,True,44008.49,44008.49,METAL_LOSS,False,2.6166666666666667,2622,44018.944529957385
12230.0,,0.344,-34.49,5.4,44008.7,Metal Loss,External,17.0,0.058,,,0.71,1.14,1:54,Recoat,,0.7,135.8,,MFL-A/XT,,1160.0,65000.0,,1342.0,1471.79,2043.55,,,,,,,2015,Metal Loss_44008.7,True,44008.7,44008.7,METAL_LOSS,False,1.9,2623,44019.15510904988
12230.0,,0.344,-34.59,5.3,44008.81,Metal Loss,External,28.0,0.096,,,0.63,1.02,3:10,Recoat,,0.7,135.8,,MFL-A/XT,,1160.0,65000.0,,1342.0,1469.78,2040.75,1541.28,2140.03,1542.02,2141.06,0.75,1.84,2015,Metal Loss_44008.8,True,44008.81,44008.81,METAL_LOSS,False,3.1666666666666665,2624,44019.265412384055
12230.0,,0.344,-34.78,5.11,44008.99,Metal Loss,External,53.0,0.182,,,0.59,1.06,2:11,Recoat,,0.7,135.79,,MFL-A/XT,,1160.0,65000.0,,1342.0,1463.14,2031.53,1532.33,2127.6,1535.21,2131.6,0.76,1.83,2015,Metal Loss_44009.0,True,44008.99,44008.99,METAL_LOSS,False,2.183333333333333,2625,44019.44590874906
12230.0,,0.344,-34.94,4.95,44009.15,Metal Loss,External,38.0,0.131,,,0.67,1.18,3:16,Recoat,,0.7,135.78,,MFL-A/XT,,1160.0,65000.0,,1342.0,1466.02,2035.54,1536.68,2133.63,1538.29,2135.88,0.75,1.84,2015,Metal Loss_44009.2,True,44009.15,44009.15,METAL_LOSS,False,3.2666666666666666,2626,44019.6063499624
12230.0,,0.344,-34.97,4.92,44009.18,Metal Loss,External,13.0,0.045,,,0.67,0.98,2:38,Recoat,,0.7,135.77,,MFL-A/XT,,1160.0,65000.0,,1342.0,1473.24,2045.55,,,,,,,2015,Metal Loss_44009.2,True,44009.18,44009.18,METAL_LOSS,False,2.6333333333333333,2627,44019.6364326899
12230.0,,0.344,-35.07,4.82,44009.28,Cluster,External,22.0,0.076,,,2.32,1.59,2:32,Recoat,,0.7,135.77,,,,1160.0,65000.0,,1342.0,1429.6,1984.97,1494.4,2074.93,1506.0,2091.05,0.78,1.79,2015,Cluster_44009.3,True,44009.28,44009.28,CLUSTER,False,2.533333333333333,2628,44019.73670844823
12230.0,,0.344,-35.51,4.38,44009.72,Metal Loss,External,24.0,0.083,,,0.75,1.1,3:25,Recoat,,0.7,135.74,,MFL-A/XT,,1160.0,65000.0,,1342.0,1468.76,2039.34,1540.21,2138.55,1540.89,2139.49,0.75,1.84,2015,Metal Loss_44009.7,True,44009.72,44009.72,METAL_LOSS,False,3.4166666666666665,2629,44020.17792178491
12230.0,,0.344,-37.71,2.18,44011.93,Metal Loss,External,15.0,0.052,,,1.06,1.61,9:10,,,0.7,135.61,,MFL-A/XT,,1160.0,65000.0,,1342.0,1468.04,2038.34,,,,,,,2015,Metal Loss_44011.9,True,44011.93,44011.93,METAL_LOSS,False,9.166666666666666,2631,44022.39401604412
12230.0,,0.344,-38.17,1.72,44012.39,Metal Loss,External,17.0,0.058,,,1.38,1.53,3:29,,,0.7,135.59,,MFL-A/XT,,1160.0,65000.0,,1342.0,1461.04,2028.61,,,,,,,2015,Metal Loss_44012.4,True,44012.39,44012.39,METAL_LOSS,False,3.4833333333333334,2632,44022.85528453247
12230.0,,0.344,-39.29,0.6,44013.5,Metal Loss,External,12.0,0.041,,,1.1,1.89,3:22,,,0.7,135.52,,MFL-A/XT,,1160.0,65000.0,,1342.0,,,,,,,,,2015,Metal Loss_44013.5,True,44013.5,44013.5,METAL_LOSS,False,3.3666666666666667,2633,44023.96834544999
12240.0,,0.344,-4.49,35.79,44018.59,Cluster,External,43.0,0.148,,,2.18,2.98,2:15,,,0.7,135.27,,,,1160.0,65000.0,,1342.0,1381.39,1918.03,1432.18,1988.54,1489.58,2068.25,0.81,1.71,2015,Cluster_44018.6,True,44018.59,44018.59,CLUSTER,False,2.25,2635,44028.03893743793
12240.0,,0.344,-5.54,34.74,44019.64,Metal Loss,External,29.0,0.1,,,0.79,1.26,2:29,,,0.7,135.23,,MFL-A/XT,,1160.0,65000.0,,1342.0,1465.99,2035.48,1536.95,2134.01,1538.17,2135.72,0.75,1.84,2015,Metal Loss_44019.6,True,44019.64,44019.64,METAL_LOSS,False,2.4833333333333334,2636,44028.850158887784
12240.0,,0.344,-5.73,34.55,44019.83,Metal Loss,External,11.0,0.038,,,1.22,1.34,9:27,,,0.7,135.23,,MFL-A/XT,,1160.0,65000.0,,1342.0,,,,,,,,,2015,Metal Loss_44019.8,True,44019.83,44019.83,METAL_LOSS,False,9.45,2637,44028.99695134062
12240.0,,0.344,-6.02,34.26,44020.12,Metal Loss,External,23.0,0.079,,,0.79,1.53,2:31,,,0.7,135.22,,MFL-A/XT,,1160.0,65000.0,,1342.0,1468.47,2038.93,1539.91,2138.12,1540.56,2139.02,0.75,1.84,2015,Metal Loss_44020.1,True,44020.12,44020.12,METAL_LOSS,False,2.5166666666666666,2638,44029.221002979146
12240.0,,0.344,-6.81,33.47,44020.91,Metal Loss,External,13.0,0.045,,,0.71,1.18,2:36,,,0.7,135.2,,MFL-A/XT,,1160.0,65000.0,,1342.0,1472.92,2045.12,,,,,,,2015,Metal Loss_44020.9,True,44020.91,44020.91,METAL_LOSS,False,2.6,2639,44029.83135054618
12240.0,,0.344,-6.93,33.35,44021.03,Metal Loss,External,13.0,0.045,,,0.94,1.61,9:34,,,0.7,135.2,,MFL-A/XT,,1160.0,65000.0,,1342.0,1470.49,2041.74,,,,,,,2015,Metal Loss_44021.0,True,44021.03,44021.03,METAL_LOSS,False,9.566666666666666,2640,44029.924061569014
12240.0,,0.344,-7.24,33.04,44021.34,Metal Loss,External,24.0,0.083,,,0.43,0.98,2:34,,,0.7,135.2,,MFL-A/XT,,1160.0,65000.0,,1342.0,1473.7,2046.19,1545.74,2146.22,1545.96,2146.53,0.75,1.85,2015,Metal Loss_44021.3,True,44021.34,44021.34,METAL_LOSS,False,2.5666666666666664,2641,44030.163565044684
12240.0,,0.344,-7.7,32.58,44021.8,Metal Loss,External,16.0,0.055,,,0.98,1.81,2:18,,,0.7,135.19,,MFL-A/XT,,1160.0,65000.0,,1342.0,1468.51,2038.99,,,,,,,2015,Metal Loss_44021.8,True,44021.8,44021.8,METAL_LOSS,False,2.3,2642,44030.51895729891
12240.0,,0.344,-9.5,30.78,44023.6,Metal Loss,External,12.0,0.041,,,0.32,0.71,8:03,,,0.7,135.18,,MFL-A/XT,,1160.0,65000.0,,1342.0,,,,,,,,,2015,Metal Loss_44023.6,True,44023.6,44023.6,METAL_LOSS,False,8.05,2643,44031.90962264151
12240.0,,0.344,-9.5,30.78,44023.61,Metal Loss,External,11.0,0.038,,,0.32,0.59,7:51,,,0.7,135.18,,MFL-A/XT,,1160.0,65000.0,,1342.0,,,,,,,,,2015,Metal Loss_44023.6,True,44023.61,44023.61,METAL_LOSS,False,7.85,2644,44031.917348560084
12240.0,,0.344,-9.56,30.72,44023.67,Metal Loss,External,11.0,0.038,,,1.3,1.34,9:29,,,0.7,135.18,,MFL-A/XT,,1160.0,65000.0,,1342.0,,,,,,,,,2015,Metal Loss_44023.7,True,44023.67,44023.67,METAL_LOSS,False,9.483333333333333,2645,44031.9637040715
12240.0,,0.344,-9.92,30.36,44024.02,Metal Loss,External,15.0,0.052,,,0.71,1.02,9:28,,,0.7,135.18,,MFL-A/XT,,1160.0,65000.0,,1342.0,1472.37,2044.34,,,,,,,2015,Metal Loss_44024.0,True,44024.02,44024.02,METAL_LOSS,False,9.466666666666667,2646,44032.23411122145
12240.0,,0.344,-10.52,29.76,44024.62,Metal Loss,External,15.0,0.052,,,1.14,1.5,9:15,,,0.7,135.18,,MFL-A/XT,,1160.0,65000.0,,1342.0,1466.82,2036.64,,,,,,,2015,Metal Loss_44024.6,True,44024.62,44024.62,METAL_LOSS,False,9.25,2647,44032.697666335655
12240.0,,0.344,-10.53,29.75,44024.63,Metal Loss,External,11.0,0.038,,,2.01,0.75,9:42,,,0.7,135.18,,MFL-A/XT,,1160.0,65000.0,,1342.0,,,,,,,,,2015,Metal Loss_44024.6,True,44024.63,44024.63,METAL_LOSS,False,9.7,2648,44032.70539225422
12240.0,,0.344,-12.61,27.67,44026.71,Metal Loss,External,14.0,0.048,,,1.65,1.69,2:19,,,0.7,135.23,,MFL-A/XT,,1160.0,65000.0,,1342.0,1459.5,2026.48,,,,,,,2015,Metal Loss_44026.7,True,44026.71,44026.71,METAL_LOSS,False,2.3166666666666664,2649,44034.312383316785
12240.0,,0.344,-12.67,27.61,44026.77,Metal Loss,External,17.0,0.058,,,0.67,1.02,1:45,,,0.7,135.23,,MFL-A/XT,,1160.0,65000.0,,1342.0,1472.21,2044.13,,,,,,,2015,Metal Loss_44026.8,True,44026.77,44026.77,METAL_LOSS,False,1.75,2650,44034.3587388282
12240.0,,0.344,-13.18,27.1,44027.28,Metal Loss,External,19.0,0.065,,,1.53,1.46,2:22,,,0.7,135.25,,MFL-A/XT,,1160.0,65000.0,,1342.0,1455.55,2020.99,,,,,,,2015,Metal Loss_44027.3,True,44027.28,44027.28,METAL_LOSS,False,2.3666666666666667,2651,44034.75276067528
12240.0,,0.344,-14.0,26.28,44028.1,Metal Loss,External,10.0,0.034,,,1.02,1.14,2:25,,,0.7,135.28,,MFL-A/XT,,1160.0,65000.0,,1342.0,,,,,,,,,2015,Metal Loss_44028.1,True,44028.1,44028.1,METAL_LOSS,False,2.4166666666666665,2652,44035.386285998015
12240.0,,0.344,-15.79,24.49,44029.89,Metal Loss,External,10.0,0.034,,,2.13,1.06,9:25,,,0.7,135.37,,MFL-A/XT,,1160.0,65000.0,,1342.0,,,,,,,,,2015,Metal Loss_44029.9,True,44029.89,44029.89,METAL_LOSS,False,9.416666666666666,2653,44036.769225422046
12240.0,,0.344,-17.51,22.77,44031.61,Metal Loss,External,10.0,0.034,,,1.02,1.46,2:17,,,0.7,135.48,,MFL-A/XT,,1160.0,65000.0,,1342.0,,,,,,,,,2015,Metal Loss_44031.6,True,44031.61,44031.61,METAL_LOSS,False,2.283333333333333,2654,44038.09808341609
12240.0,,0.344,-18.42,21.86,44032.53,Metal Loss,External,15.0,0.052,,,1.46,1.38,2:21,,,0.7,135.54,,MFL-A/XT,,1160.0,65000.0,,1342.0,1461.58,2029.36,,,,,,,2015,Metal Loss_44032.5,True,44032.53,44032.53,METAL_LOSS,False,2.35,2655,44038.80886792453
12240.0,,0.344,-19.07,21.21,44033.17,Metal Loss,External,15.0,0.052,,,1.77,1.73,9:21,,,0.7,135.6,,MFL-A/XT,,1160.0,65000.0,,1342.0,1456.22,2021.93,,,,,,,2015,Metal Loss_44033.2,True,44033.17,44033.17,METAL_LOSS,False,9.35,2656,44039.30332671301
12240.0,,0.344,-19.29,20.99,44033.39,Metal Loss,External,10.0,0.034,,,0.98,1.3,2:17,,,0.7,135.62,,MFL-A/XT,,1160.0,65000.0,,1342.0,,,,,,,,,2015,Metal Loss_44033.4,True,44033.39,44033.39,METAL_LOSS,False,2.283333333333333,2657,44039.473296921555
12240.0,,0.344,-19.71,20.57,44033.82,Metal Loss,External,11.0,0.038,,,0.51,0.67,2:21,,,0.7,135.65,,MFL-A/XT,,1160.0,65000.0,,1342.0,,,,,,,,,2015,Metal Loss_44033.8,True,44033.82,44033.82,METAL_LOSS,False,2.35,2658,44039.80551142006
12240.0,,0.344,-19.87,20.41,44033.97,Metal Loss,External,12.0,0.041,,,0.47,0.67,2:20,,,0.7,135.67,,MFL-A/XT,,1160.0,65000.0,,1342.0,,,,,,,,,2015,Metal Loss_44034.0,True,44033.97,44033.97,METAL_LOSS,False,2.3333333333333335,2659,44039.92140019861
12240.0,,0.344,-21.59,18.69,44035.69,Metal Loss,External,14.0,0.048,,,1.02,1.34,2:11,,,0.7,135.83,,MFL-A/XT,,1160.0,65000.0,,1342.0,1469.11,2039.82,,,,,,,2015,Metal Loss_44035.7,True,44035.69,44035.69,METAL_LOSS,False,2.183333333333333,2660,44041.25025819265
12240.0,,0.344,-23.05,17.23,44037.15,Metal Loss,External,11.0,0.038,,,0.63,0.91,3:33,,,0.7,135.98,,MFL-A/XT,,1160.0,65000.0,,1342.0,,,,,,,,,2015,Metal Loss_44037.2,True,44037.15,44037.15,METAL_LOSS,False,3.55,2661,44042.37824230388
12240.0,,0.344,-24.09,16.19,44038.19,Metal Loss,External,13.0,0.045,,,1.02,1.69,3:50,,,0.7,136.09,,MFL-A/XT,,1160.0,65000.0,,1342.0,1469.66,2040.59,,,,,,,2015,Metal Loss_44038.2,True,44038.19,44038.19,METAL_LOSS,False,3.8333333333333335,2662,44043.181737835155
12240.0,,0.344,-26.96,13.32,44041.06,Metal Loss,External,17.0,0.058,,,0.43,1.58,10:07,,,0.7,136.39,,MFL-A/XT,,1160.0,65000.0,,1342.0,1474.52,2047.33,,,,,,,2015,Metal Loss_44041.1,True,44041.06,44041.06,METAL_LOSS,False,10.116666666666667,2663,44045.399076464746
12240.0,,0.344,-34.0,6.28,44048.1,Metal Loss,External,24.0,0.083,,,0.32,1.18,7:51,,,0.7,137.36,,MFL-A/XT,,1160.0,65000.0,,1342.0,1474.88,2047.84,1547.06,2148.05,1547.18,2148.22,0.75,1.85,2015,Metal Loss_44048.1,True,44048.1,44048.1,METAL_LOSS,False,7.85,2666,44050.83812313803
12240.0,,0.344,-34.48,5.8,44048.58,Metal Loss,External,15.0,0.052,,,0.71,1.14,7:51,,,0.7,137.43,,MFL-A/XT,,1160.0,65000.0,,1342.0,1472.37,2044.34,,,,,,,2015,Metal Loss_44048.6,True,44048.58,44048.58,METAL_LOSS,False,7.85,2667,44051.2089672294
12240.0,,0.344,-35.02,5.25,44049.13,Metal Loss,External,10.0,0.034,,,0.87,1.18,7:51,,,0.7,137.51,,MFL-A/XT,,1160.0,65000.0,,1342.0,,,,,,,,,2015,Metal Loss_44049.1,True,44049.13,44049.13,METAL_LOSS,False,7.85,2668,44051.633892750746
12240.0,,0.344,-35.28,5.0,44049.38,Metal Loss,External,11.0,0.038,,,0.67,1.18,7:21,,,0.7,137.54,,MFL-A/XT,,1160.0,65000.0,,1342.0,,,,,,,,,2015,Metal Loss_44049.4,True,44049.38,44049.38,METAL_LOSS,False,7.35,2669,44051.827040715
12240.0,,0.344,-37.19,3.09,44051.3,Metal Loss,External,17.0,0.058,,,0.63,1.14,5:15,,,0.7,137.82,,MFL-A/XT,,1160.0,65000.0,,1342.0,1472.75,2044.87,,,,,,,2015,Metal Loss_44051.3,True,44051.3,44051.3,METAL_LOSS,False,5.25,2670,44053.31041708044
12240.0,,0.344,-39.23,1.05,44053.34,Metal Loss,External,10.0,0.034,,,1.73,0.59,11:21,,,0.7,138.12,,MFL-A/XT,,1160.0,65000.0,,1342.0,,,,,,,,,2015,Metal Loss_44053.3,True,44053.34,44053.34,METAL_LOSS,False,11.35,2671,44054.88650446872
12240.0,,0.344,-39.25,1.03,44053.35,Cluster,External,28.0,0.096,,,1.46,4.09,10:17,,,0.7,138.12,,,,1160.0,65000.0,,1342.0,1446.57,2008.52,1514.48,2102.82,1518.66,2108.62,0.77,1.81,2015,Cluster_44053.3,True,44053.35,44053.35,CLUSTER,False,10.283333333333333,2672,44054.89423038729
12240.0,,0.344,-39.26,1.02,44053.36,Cluster,External,28.0,0.096,,,1.54,4.17,8:57,,,0.7,138.12,,,,1160.0,65000.0,,1342.0,1443.81,2004.69,1511.23,2098.3,1514.32,2102.59,0.77,1.81,2015,Cluster_44053.4,True,44053.36,44053.36,CLUSTER,False,8.95,2673,44054.90195630586
12240.0,,0.344,-39.28,1.0,44053.38,Metal Loss,External,11.0,0.038,,,0.83,2.01,9:48,,,0.7,138.13,,MFL-A/XT,,1160.0,65000.0,,1342.0,,,,,,,,,2015,Metal Loss_44053.4,True,44053.38,44053.38,METAL_LOSS,False,9.8,2674,44054.917408143
12240.0,,0.344,-39.28,1.0,44053.38,Metal Loss,External,10.0,0.034,,,1.14,0.71,5:07,,,0.7,138.13,,MFL-A/XT,,1160.0,65000.0,,1342.0,,,,,,,,,2015,Metal Loss_44053.4,True,44053.38,44053.38,METAL_LOSS,False,5.116666666666666,2675,44054.917408143
12240.0,,0.344,-39.29,0.99,44053.4,Metal Loss,External,14.0,0.048,,,0.75,1.65,5:29,,,0.7,138.13,,MFL-A/XT,,1160.0,65000.0,,1342.0,1472.17,2044.07,,,,,,,2015,Metal Loss_44053.4,True,44053.4,44053.4,METAL_LOSS,False,5.483333333333333,2676,44054.932859980145
12240.0,,0.344,-39.32,0.96,44053.43,Metal Loss,External,11.0,0.038,,,0.63,0.94,3:14,,,0.7,138.13,,MFL-A/XT,,1160.0,65000.0,,1342.0,,,,,,,,,2015,Metal Loss_44053.4,True,44053.43,44053.43,METAL_LOSS,False,3.2333333333333334,2677,44054.95603773585
12250.0,,0.344,-0.78,39.3,44055.16,Metal Loss,External,13.0,0.045,,,1.46,0.59,7:38,,,0.7,138.38,,MFL-A/XT,,1160.0,65000.0,,1342.0,1463.69,2032.3,,,,,,,2015,Metal Loss_44055.2,True,44055.16,44055.16,METAL_LOSS,False,7.633333333333333,2679,44056.46805340655
12250.0,,0.344,-0.78,39.29,44055.17,Metal Loss,External,19.0,0.065,,,0.79,2.21,10:37,,,0.7,138.38,,MFL-A/XT,,1160.0,65000.0,,1342.0,1470.18,2041.31,,,,,,,2015,Metal Loss_44055.2,True,44055.17,44055.17,METAL_LOSS,False,10.616666666666667,2680,44056.47802845021
12250.0,,0.344,-0.79,39.28,44055.17,Metal Loss,External,26.0,0.089,,,1.53,1.22,11:38,,,0.7,138.38,,MFL-A/XT,,1160.0,65000.0,,1342.0,1446.53,2008.47,1514.55,2102.91,1517.65,2107.22,0.77,1.81,2015,Metal Loss_44055.2,True,44055.17,44055.17,METAL_LOSS,False,11.633333333333333,2681,44056.47802845021
12250.0,,0.344,-0.8,39.28,44055.18,Metal Loss,External,11.0,0.038,,,1.06,2.05,8:07,,,0.7,138.39,,MFL-A/XT,,1160.0,65000.0,,1342.0,,,,,,,,,2015,Metal Loss_44055.2,True,44055.18,44055.18,METAL_LOSS,False,8.116666666666667,2682,44056.48800349389
12250.0,,0.344,-0.81,39.26,44055.2,Metal Loss,External,14.0,0.048,,,0.63,1.69,7:10,,,0.7,138.39,,MFL-A/XT,,1160.0,65000.0,,1342.0,1473.31,2045.66,,,,,,,2015,Metal Loss_44055.2,True,44055.2,44055.2,METAL_LOSS,False,7.166666666666667,2683,44056.50795358123
12270.0,,0.344,-0.79,39.23,44126.41,Metal Loss,External,41.0,0.141,,,0.83,3.9,6:10,,,0.7,145.3,,MFL-A/XT,,1160.0,65000.0,,1342.0,1458.83,2025.55,1528.03,2121.63,1530.98,2125.73,0.76,1.83,2015,Metal Loss_44126.4,True,44126.41,44126.41,METAL_LOSS,False,6.166666666666667,2687,44136.329415146225
12280.0,,0.344,-4.84,35.12,44170.48,Metal Loss,External,11.0,0.038,,,0.91,1.3,5:39,,,0.7,147.5,,MFL-A/XT,,1160.0,65000.0,,1342.0,,,,,,,,,2015,Metal Loss_44170.5,True,44170.48,44170.48,METAL_LOSS,False,5.65,2689,44180.37605605606
12280.0,,0.344,-5.43,34.53,44171.07,Metal Loss,External,11.0,0.038,,,1.61,4.33,6:52,,,0.7,147.52,,MFL-A/XT,,1160.0,65000.0,,1342.0,,,,,,,,,2015,Metal Loss_44171.1,True,44171.07,44171.07,METAL_LOSS,False,6.866666666666667,2690,44180.96679429429
12280.0,,0.344,-5.55,34.41,44171.18,Cluster,External,24.0,0.083,,,2.84,4.11,5:53,,,0.7,147.53,,,,1160.0,65000.0,,1342.0,1409.06,1956.44,1468.97,2039.63,1489.56,2068.21,0.79,1.76,2015,Cluster_44171.2,True,44171.18,44171.18,CLUSTER,False,5.883333333333333,2691,44181.07693193193
12280.0,,0.344,-5.65,34.31,44171.29,Metal Loss,External,13.0,0.045,,,1.5,1.58,5:38,,,0.7,147.53,,MFL-A/XT,,1160.0,65000.0,,1342.0,1463.16,2031.56,,,,,,,2015,Metal Loss_44171.3,True,44171.29,44171.29,METAL_LOSS,False,5.633333333333333,2692,44181.18706956957
12280.0,,0.344,-7.54,32.42,44173.18,Metal Loss,External,13.0,0.045,,,0.79,1.38,5:24,,,0.7,147.59,,MFL-A/XT,,1160.0,65000.0,,1342.0,1472.26,2044.19,,,,,,,2015,Metal Loss_44173.2,True,44173.18,44173.18,METAL_LOSS,False,5.4,2693,44183.07943443443
12280.0,,0.344,-39.11,0.85,44204.75,Metal Loss,External,28.0,0.096,,,0.67,2.72,4:59,,,0.7,148.27,,MFL-A/XT,,1160.0,65000.0,,1342.0,1469.06,2039.75,1540.47,2138.9,1541.29,2140.04,0.75,1.84,2015,Metal Loss_44204.8,True,44204.75,44204.75,METAL_LOSS,False,4.983333333333333,2695,44214.68893643644
12310.0,,0.344,-0.98,39.07,44286.72,Metal Loss,External,11.0,0.038,,,0.91,1.1,4:57,,,0.7,149.04,,MFL-A/XT,,1160.0,65000.0,,1342.0,,,,,,,,,2015,Metal Loss_44286.7,True,44286.72,44286.72,METAL_LOSS,False,4.95,2699,44296.55827009486
12410.0,,0.344,-38.57,1.51,44708.24,Metal Loss,External,49.0,0.169,,,1.02,1.39,6:22,,,0.7,140.02,,MFL-A/XT,,1160.0,65000.0,,1342.0,1443.37,2004.08,1508.34,2094.29,1514.94,2103.46,0.77,1.81,2015,Metal Loss_44708.2,True,44708.24,44708.24,METAL_LOSS,False,6.366666666666666,2710,44716.66513473054
12410.0,,0.344,-38.9,1.18,44708.56,Metal Loss,External,31.0,0.107,,,0.75,1.3,5:53,,,0.7,140.01,,MFL-A/XT,,1160.0,65000.0,,1342.0,1466.35,2035.99,1537.3,2134.51,1538.58,2136.28,0.75,1.84,2015,Metal Loss_44708.6,True,44708.56,44708.56,METAL_LOSS,False,5.883333333333333,2711,44716.98617265469
12410.0,,0.344,-38.98,1.1,44708.64,Metal Loss,External,11.0,0.038,,,0.51,0.59,5:23,,,0.7,140.0,,MFL-A/XT,,1160.0,65000.0,,1342.0,,,,,,,,,2015,Metal Loss_44708.6,True,44708.64,44708.64,METAL_LOSS,False,5.383333333333334,2712,44717.066432135725
12410.0,,0.344,-39.33,0.75,44708.99,Metal Loss,External,28.0,0.096,,,0.63,1.06,4:48,,,0.7,139.99,,MFL-A/XT,,1160.0,65000.0,,1342.0,1470.01,2041.07,1541.55,2140.4,1542.26,2141.39,0.75,1.85,2015,Metal Loss_44709.0,True,44708.99,44708.99,METAL_LOSS,False,4.8,2713,44717.417567365264
12410.0,,0.344,-39.7,0.38,44709.36,Metal Loss,External,13.0,0.045,,,1.02,1.14,5:21,,,0.7,139.97,,MFL-A/XT,,1160.0,65000.0,,1342.0,1469.52,2040.39,,,,,,,2015,Metal Loss_44709.4,True,44709.36,44709.36,METAL_LOSS,False,5.35,2714,44717.78876746507
12410.0,,0.344,-39.73,0.35,44709.39,Metal Loss,External,23.0,0.079,,,0.71,1.26,4:50,,,0.7,139.97,,MFL-A/XT,,1160.0,65000.0,,1342.0,1469.96,2041.0,1541.58,2140.44,1542.1,2141.17,0.75,1.85,2015,Metal Loss_44709.4,True,44709.39,44709.39,METAL_LOSS,False,4.833333333333333,2715,44717.81886477046
12420.0,,0.344,-0.02,38.99,44709.76,Metal Loss,External,10.0,0.034,,,0.32,0.67,4:49,affecting girth weld,,0.7,139.95,,MFL-A/XT,,1160.0,65000.0,,1342.0,,,,,,,,,2015,Metal Loss_44709.8,True,44709.76,44709.76,METAL_LOSS,False,4.816666666666666,2717,44718.190476800824
12420.0,,0.344,-0.26,38.76,44710.0,Metal Loss,External,29.0,0.1,,,0.63,1.02,6:24,,,0.7,139.94,,MFL-A/XT,,1160.0,65000.0,,1342.0,1469.49,2040.36,1540.94,2139.56,1541.75,2140.68,0.75,1.84,2015,Metal Loss_44710.0,True,44710.0,44710.0,METAL_LOSS,False,6.4,2718,44718.436198410665
12420.0,,0.344,-0.91,38.1,44710.66,Metal Loss,External,26.0,0.089,,,0.63,1.06,4:58,,,0.7,139.91,,MFL-A/XT,,1160.0,65000.0,,1342.0,1470.54,2041.81,1542.18,2141.28,1542.77,2142.1,0.75,1.85,2015,Metal Loss_44710.7,True,44710.66,44710.66,METAL_LOSS,False,4.966666666666667,2719,44719.11193283774
12420.0,,0.344,-1.19,37.83,44710.93,Metal Loss,External,16.0,0.055,,,0.55,0.79,6:35,,,0.7,139.89,,MFL-A/XT,,1160.0,65000.0,,1342.0,1473.66,2046.14,,,,,,,2015,Metal Loss_44710.9,True,44710.93,44710.93,METAL_LOSS,False,6.583333333333333,2720,44719.38836964881
12420.0,,0.344,-1.19,37.82,44710.94,Metal Loss,External,14.0,0.048,,,0.55,0.91,4:53,,,0.7,139.89,,MFL-A/XT,,1160.0,65000.0,,1342.0,1474.01,2046.62,,,,,,,2015,Metal Loss_44710.9,True,44710.94,44710.94,METAL_LOSS,False,4.883333333333333,2721,44719.39860804922
12420.0,,0.344,-1.54,37.47,44711.28,Metal Loss,External,17.0,0.058,,,0.75,1.3,4:51,,,0.7,139.88,,MFL-A/XT,,1160.0,65000.0,,1342.0,1471.2,2042.72,,,,,,,2015,Metal Loss_44711.3,True,44711.28,44711.28,METAL_LOSS,False,4.85,2722,44719.74671366316
12420.0,,0.344,-2.42,36.59,44712.17,Metal Loss,External,13.0,0.045,,,0.55,1.06,4:49,,,0.7,139.83,,MFL-A/XT,,1160.0,65000.0,,1342.0,1474.18,2046.86,,,,,,,2015,Metal Loss_44712.2,True,44712.17,44712.17,METAL_LOSS,False,4.816666666666666,2723,44720.65793129966
12420.0,,0.344,-2.58,36.43,44712.32,Metal Loss,External,11.0,0.038,,,0.43,0.94,5:25,,,0.7,139.83,,MFL-A/XT,,1160.0,65000.0,,1342.0,,,,,,,,,2015,Metal Loss_44712.3,True,44712.32,44712.32,METAL_LOSS,False,5.416666666666667,2724,44720.81150730582
12420.0,,0.344,-2.69,36.32,44712.44,Metal Loss,External,12.0,0.041,,,0.47,0.79,6:35,,,0.7,139.82,,MFL-A/XT,,1160.0,65000.0,,1342.0,,,,,,,,,2015,Metal Loss_44712.4,True,44712.44,44712.44,METAL_LOSS,False,6.583333333333333,2725,44720.93436811074
12420.0,,0.344,-2.99,36.03,44712.73,Metal Loss,External,10.0,0.034,,,1.61,0.67,5:26,,,0.7,139.81,,MFL-A/XT,,1160.0,65000.0,,1342.0,,,,,,,,,2015,Metal Loss_44712.7,True,44712.73,44712.73,METAL_LOSS,False,5.433333333333334,2726,44721.23128172264
12420.0,,0.344,-3.04,35.97,44712.78,Metal Loss,External,35.0,0.12,,,0.63,1.1,4:49,,,0.7,139.8,,MFL-A/XT,,1160.0,65000.0,,1342.0,1467.7,2037.86,1538.73,2136.48,1539.97,2138.22,0.75,1.84,2015,Metal Loss_44712.8,True,44712.78,44712.78,METAL_LOSS,False,4.816666666666666,2727,44721.282473724685
12420.0,,0.344,-3.56,35.45,44713.31,Metal Loss,External,15.0,0.052,,,0.67,1.26,4:41,,,0.7,139.78,,MFL-A/XT,,1160.0,65000.0,,1342.0,1472.73,2044.85,,,,,,,2015,Metal Loss_44713.3,True,44713.31,44713.31,METAL_LOSS,False,4.683333333333334,2728,44721.825108946425
12420.0,,0.344,-8.28,30.73,44718.03,Metal Loss,External,13.0,0.045,,,0.55,1.06,7:09,,,0.7,139.48,,MFL-A/XT,,1160.0,65000.0,,1342.0,1474.18,2046.86,,,,,,,2015,Metal Loss_44718.0,True,44718.03,44718.03,METAL_LOSS,False,7.15,2729,44726.65763394001
12420.0,,0.344,-8.38,30.63,44718.12,Metal Loss,External,19.0,0.065,,,0.87,1.22,7:08,,,0.7,139.48,,MFL-A/XT,,1160.0,65000.0,,1342.0,1468.7,2039.25,,,,,,,2015,Metal Loss_44718.1,True,44718.12,44718.12,METAL_LOSS,False,7.133333333333334,2730,44726.74977954371
12420.0,,0.344,-8.59,30.42,44718.33,Metal Loss,External,16.0,0.055,,,0.91,1.42,6:59,,,0.7,139.46,,MFL-A/XT,,1160.0,65000.0,,1342.0,1469.69,2040.63,,,,,,,2015,Metal Loss_44718.3,True,44718.33,44718.33,METAL_LOSS,False,6.983333333333333,2731,44726.964785952325
12420.0,,0.344,-9.08,29.93,44718.82,Metal Loss,External,23.0,0.079,,,1.42,1.69,6:43,,,0.7,139.42,,MFL-A/XT,,1160.0,65000.0,,1342.0,1453.83,2018.61,1523.2,2114.93,1525.1,2117.56,0.76,1.82,2015,Metal Loss_44718.8,True,44718.82,44718.82,METAL_LOSS,False,6.716666666666667,2732,44727.46646757242
12420.0,,0.344,-9.09,29.93,44718.83,Metal Loss,External,12.0,0.041,,,1.18,1.5,4:42,,,0.7,139.42,,MFL-A/XT,,1160.0,65000.0,,1342.0,,,,,,,,,2015,Metal Loss_44718.8,True,44718.83,44718.83,METAL_LOSS,False,4.7,2733,44727.47670597283
12420.0,,0.344,-9.3,29.71,44719.04,Metal Loss,External,30.0,0.103,,,0.98,1.38,4:50,,,0.7,139.41,,MFL-A/XT,,1160.0,65000.0,,1342.0,1460.19,2027.44,1530.26,2124.72,1532.26,2127.5,0.76,1.83,2015,Metal Loss_44719.0,True,44719.04,44719.04,METAL_LOSS,False,4.833333333333333,2734,44727.69171238144
12420.0,,0.344,-9.44,29.57,44719.18,Metal Loss,External,35.0,0.12,,,0.83,1.22,6:39,,,0.7,139.4,,MFL-A/XT,,1160.0,65000.0,,1342.0,1462.12,2030.11,1532.25,2127.49,1534.32,2130.36,0.76,1.83,2015,Metal Loss_44719.2,True,44719.18,44719.18,METAL_LOSS,False,6.65,2735,44727.83504998718
12420.0,,0.344,-9.53,29.48,44719.27,Metal Loss,External,33.0,0.114,,,0.83,1.53,5:02,,,0.7,139.39,,MFL-A/XT,,1160.0,65000.0,,1342.0,1463.14,2031.53,1533.53,2129.27,1535.34,2131.78,0.76,1.84,2015,Metal Loss_44719.3,True,44719.27,44719.27,METAL_LOSS,False,5.033333333333333,2736,44727.92719559087
12420.0,,0.344,-10.05,28.96,44719.8,Metal Loss,External,72.0,0.248,,,0.87,0.83,6:37,,,0.7,139.35,,MFL-A/XT,,1160.0,65000.0,,1342.0,1430.87,1986.73,1484.8,2061.61,1499.94,2082.63,0.78,1.78,2015,Metal Loss_44719.8,True,44719.8,44719.8,METAL_LOSS,False,6.616666666666667,2737,44728.46983081262
12420.0,,0.344,-10.08,28.93,44719.83,Metal Loss,External,34.0,0.117,,,1.1,1.58,05:00,,,0.7,139.35,,MFL-A/XT,,1160.0,65000.0,,1342.0,1453.08,2017.56,1521.73,2112.89,1525.03,2117.47,0.76,1.82,2015,Metal Loss_44719.8,True,44719.83,44719.83,METAL_LOSS,False,5.0,2738,44728.50054601384
12420.0,,0.344,-10.24,28.78,44719.98,Metal Loss,External,12.0,0.041,,,0.35,0.75,5:08,,,0.7,139.34,,MFL-A/XT,,1160.0,65000.0,,1342.0,,,,,,,,,2015,Metal Loss_44720.0,True,44719.98,44719.98,METAL_LOSS,False,5.133333333333334,2739,44728.65412202
12420.0,,0.344,-10.38,28.63,44720.12,Metal Loss,External,28.0,0.096,,,0.63,1.02,5:01,,,0.7,139.33,,MFL-A/XT,,1160.0,65000.0,,1342.0,1470.01,2041.07,1541.55,2140.4,1542.26,2141.39,0.75,1.85,2015,Metal Loss_44720.1,True,44720.12,44720.12,METAL_LOSS,False,5.016666666666667,2740,44728.79745962574
12420.0,,0.344,-10.5,28.51,44720.24,Metal Loss,External,24.0,0.083,,,0.79,1.22,6:39,,,0.7,139.32,,MFL-A/XT,,1160.0,65000.0,,1342.0,1468.3,2038.7,1539.7,2137.83,1540.42,2138.84,0.75,1.84,2015,Metal Loss_44720.2,True,44720.24,44720.24,METAL_LOSS,False,6.65,2741,44728.920320430654
12420.0,,0.344,-10.71,28.3,44720.45,Metal Loss,External,16.0,0.055,,,0.51,0.94,5:02,,,0.7,139.31,,MFL-A/XT,,1160.0,65000.0,,1342.0,1473.97,2046.57,,,,,,,2015,Metal Loss_44720.4,True,44720.45,44720.45,METAL_LOSS,False,5.033333333333333,2742,44729.13532683927
12420.0,,0.344,-10.83,28.18,44720.57,Metal Loss,External,11.0,0.038,,,0.75,1.38,5:04,,,0.7,139.3,,MFL-A/XT,,1160.0,65000.0,,1342.0,,,,,,,,,2015,Metal Loss_44720.6,True,44720.57,44720.57,METAL_LOSS,False,5.066666666666666,2743,44729.25818764419
12420.0,,0.344,-11.12,27.9,44720.86,Metal Loss,External,19.0,0.065,,,0.87,1.5,5:02,,,0.7,139.28,,MFL-A/XT,,1160.0,65000.0,,1342.0,1468.89,2039.52,,,,,,,2015,Metal Loss_44720.9,True,44720.86,44720.86,METAL_LOSS,False,5.033333333333333,2744,44729.55510125609
12420.0,,0.344,-11.46,27.55,44721.2,Metal Loss,External,13.0,0.045,,,0.79,1.26,05:00,,,0.7,139.25,,MFL-A/XT,,1160.0,65000.0,,1342.0,1472.26,2044.19,,,,,,,2015,Metal Loss_44721.2,True,44721.2,44721.2,METAL_LOSS,False,5.0,2745,44729.90320687003
12420.0,,0.344,-11.67,27.34,44721.42,Metal Loss,External,17.0,0.058,,,0.47,1.06,4:36,,,0.7,139.24,,MFL-A/XT,,1160.0,65000.0,,1342.0,1474.23,2046.93,,,,,,,2015,Metal Loss_44721.4,True,44721.42,44721.42,METAL_LOSS,False,4.6,2746,44730.128451679055
12420.0,,0.344,-16.0,23.01,44725.74,Metal Loss,External,33.0,0.114,,,2.05,1.14,4:15,,,0.7,138.93,,MFL-A/XT,,1160.0,65000.0,,1342.0,1414.05,1963.37,1474.86,2047.8,1483.44,2059.72,0.79,1.77,2015,Metal Loss_44725.7,True,44725.74,44725.74,METAL_LOSS,False,4.25,2747,44734.55144065624
12420.0,,0.344,-35.91,3.1,44745.65,Metal Loss,External,18.0,0.062,,,0.63,1.34,8:07,,,0.7,137.97,,MFL-A/XT,,1160.0,65000.0,,1342.0,1472.52,2044.55,,,,,,,2015,Metal Loss_44745.7,True,44745.65,44745.65,METAL_LOSS,False,8.116666666666667,2749,44754.93609587286
12420.0,,0.344,-36.1,2.91,44745.84,Metal Loss,External,28.0,0.096,,,0.87,1.34,3:41,,,0.7,137.96,,MFL-A/XT,,1160.0,65000.0,,1342.0,1464.66,2033.65,1535.47,2131.96,1536.8,2133.8,0.76,1.84,2015,Metal Loss_44745.8,True,44745.84,44745.84,METAL_LOSS,False,3.6833333333333336,2750,44755.13062548064
12420.0,,0.344,-37.77,1.24,44747.51,Metal Loss,External,10.0,0.034,,,0.55,0.87,3:05,,,0.7,137.94,,MFL-A/XT,,1160.0,65000.0,,1342.0,,,,,,,,,2015,Metal Loss_44747.5,True,44747.51,44747.51,METAL_LOSS,False,3.0833333333333335,2751,44756.84043834914
12420.0,,0.344,-37.78,1.23,44747.53,Metal Loss,External,10.0,0.034,,,1.22,1.73,4:14,,,0.7,137.94,,MFL-A/XT,,1160.0,65000.0,,1342.0,,,,,,,,,2015,Metal Loss_44747.5,True,44747.53,44747.53,METAL_LOSS,False,4.233333333333333,2752,44756.86091514996
12420.0,,0.344,-37.85,1.16,44747.59,Metal Loss,External,14.0,0.048,,,1.38,1.06,7:34,,,0.7,137.94,,MFL-A/XT,,1160.0,65000.0,,1342.0,1463.96,2032.68,,,,,,,2015,Metal Loss_44747.6,True,44747.59,44747.59,METAL_LOSS,False,7.566666666666666,2753,44756.92234555242
12420.0,,0.344,-38.0,1.01,44747.74,Metal Loss,External,27.0,0.093,,,1.65,1.06,11:02,,,0.7,137.94,,MFL-A/XT,,1160.0,65000.0,,1342.0,1441.04,2000.85,1508.01,2093.83,1511.89,2099.22,0.77,1.81,2015,Metal Loss_44747.7,True,44747.74,44747.74,METAL_LOSS,False,11.033333333333333,2754,44757.07592155857
12420.0,,0.344,-38.03,0.98,44747.78,Metal Loss,External,11.0,0.038,,,1.73,0.59,1:23,,,0.7,137.94,,MFL-A/XT,,1160.0,65000.0,,1342.0,,,,,,,,,2015,Metal Loss_44747.8,True,44747.78,44747.78,METAL_LOSS,False,1.3833333333333333,2755,44757.116875160216
12420.0,,0.344,-38.05,0.96,44747.8,Cluster,External,32.0,0.11,,,1.33,8.15,11:37,,,0.7,137.94,,,,1160.0,65000.0,,1342.0,1446.03,2007.78,1513.58,2101.57,1516.69,2105.89,0.77,1.81,2015,Cluster_44747.8,True,44747.8,44747.8,CLUSTER,False,11.616666666666667,2756,44757.13735196104
12420.0,,0.344,-38.05,0.96,44747.8,Metal Loss,External,29.0,0.1,,,1.18,1.26,3:50,,,0.7,137.94,,MFL-A/XT,,1160.0,65000.0,,1342.0,1454.56,2019.62,1523.78,2115.72,1526.38,2119.34,0.76,1.82,2015,Metal Loss_44747.8,True,44747.8,44747.8,METAL_LOSS,False,3.8333333333333335,2757,44757.13735196104
12420.0,,0.344,-38.08,0.93,44747.82,Metal Loss,External,31.0,0.107,,,0.91,5.28,2:32,,,0.7,137.94,,MFL-A/XT,,1160.0,65000.0,,1342.0,1462.08,2030.06,1532.39,2127.68,1534.22,2130.23,0.76,1.83,2015,Metal Loss_44747.8,True,44747.82,44747.82,METAL_LOSS,False,2.533333333333333,2758,44757.157828761854
12420.0,,0.344,-38.81,0.2,44748.55,Metal Loss,External,10.0,0.034,,,0.59,0.87,9:39,near girth weld,,0.7,137.93,,MFL-A/XT,,1160.0,65000.0,,1342.0,,,,,,,,,2015,Metal Loss_44748.6,True,44748.55,44748.55,METAL_LOSS,False,9.65,2759,44757.9052319918
12430.0,,0.344,-0.02,40.04,44748.78,Metal Loss,External,11.0,0.038,,,0.47,1.34,9:43,affecting girth weld,,0.7,137.92,,MFL-A/XT,,1160.0,65000.0,,1342.0,,,,,,,,,2015,Metal Loss_44748.8,True,44748.78,44748.78,METAL_LOSS,False,9.716666666666667,2761,44758.13996256551
12430.0,,0.344,-0.21,39.86,44748.96,Metal Loss,External,14.0,0.048,,,1.53,1.46,9:37,near girth weld,,0.7,137.92,,MFL-A/XT,,1160.0,65000.0,,1342.0,1461.48,2029.23,,,,,,,2015,Metal Loss_44749.0,True,44748.96,44748.96,METAL_LOSS,False,9.616666666666667,2762,44758.31973795857
12430.0,,0.344,-0.28,39.78,44749.04,Metal Loss,External,14.0,0.048,,,1.22,1.97,10:07,,,0.7,137.92,,MFL-A/XT,,1160.0,65000.0,,1342.0,1466.31,2035.93,,,,,,,2015,Metal Loss_44749.0,True,44749.04,44749.04,METAL_LOSS,False,10.116666666666667,2763,44758.39963813327
12430.0,,0.344,-0.87,39.19,44749.62,Metal Loss,External,12.0,0.041,,,0.71,1.02,8:37,,,0.7,137.92,,MFL-A/XT,,1160.0,65000.0,,1342.0,,,,,,,,,2015,Metal Loss_44749.6,True,44749.62,44749.62,METAL_LOSS,False,8.616666666666667,2764,44758.978914399806
12430.0,,0.344,-0.97,39.09,44749.72,Metal Loss,External,10.0,0.034,,,0.35,0.59,8:45,,,0.7,137.91,,MFL-A/XT,,1160.0,65000.0,,1342.0,,,,,,,,,2015,Metal Loss_44749.7,True,44749.72,44749.72,METAL_LOSS,False,8.75,2765,44759.07878961817
12430.0,,0.344,-1.42,38.64,44750.18,Metal Loss,External,18.0,0.062,,,0.83,2.09,8:28,,,0.7,137.91,,MFL-A/XT,,1160.0,65000.0,,1342.0,1469.86,2040.86,,,,,,,2015,Metal Loss_44750.2,True,44750.18,44750.18,METAL_LOSS,False,8.466666666666667,2766,44759.53821562266
12430.0,,0.344,-1.56,38.51,44750.31,Metal Loss,External,14.0,0.048,,,0.63,0.94,9:13,,,0.7,137.91,,MFL-A/XT,,1160.0,65000.0,,1342.0,1473.42,2045.8,,,,,,,2015,Metal Loss_44750.3,True,44750.31,44750.31,METAL_LOSS,False,9.216666666666667,2767,44759.66805340654
12430.0,,0.344,-1.69,38.37,44750.45,Metal Loss,External,10.0,0.034,,,0.55,1.1,8:35,,,0.7,137.91,,MFL-A/XT,,1160.0,65000.0,,1342.0,,,,,,,,,2015,Metal Loss_44750.4,True,44750.45,44750.45,METAL_LOSS,False,8.583333333333334,2768,44759.80787871225
12430.0,,0.344,-1.88,38.19,44750.63,Metal Loss,External,10.0,0.034,,,0.47,0.79,8:53,,,0.7,137.9,,MFL-A/XT,,1160.0,65000.0,,1342.0,,,,,,,,,2015,Metal Loss_44750.6,True,44750.63,44750.63,METAL_LOSS,False,8.883333333333333,2769,44759.987654105316
12430.0,,0.344,-4.56,35.5,44753.31,Metal Loss,External,16.0,0.055,,,0.94,1.42,7:46,,,0.7,137.88,,MFL-A/XT,,1160.0,65000.0,,1342.0,1469.03,2039.71,,,,,,,2015,Metal Loss_44753.3,True,44753.31,44753.31,METAL_LOSS,False,7.766666666666667,2770,44762.664309957574
12430.0,,0.344,-5.02,35.05,44753.77,Metal Loss,External,11.0,0.038,,,1.58,1.53,7:37,,,0.7,137.87,,MFL-A/XT,,1160.0,65000.0,,1342.0,,,,,,,,,2015,Metal Loss_44753.8,True,44753.77,44753.77,METAL_LOSS,False,7.616666666666667,2771,44763.123735962065
12430.0,,0.344,-16.93,23.14,44765.68,Metal Loss,External,14.0,0.048,,,0.79,1.22,7:52,,,0.7,138.01,,MFL-A/XT,,1160.0,65000.0,,1342.0,1471.8,2043.55,,,,,,,2015,Metal Loss_44765.7,True,44765.68,44765.68,METAL_LOSS,False,7.866666666666667,2772,44775.01887446968
12430.0,,0.344,-17.48,22.58,44766.23,Metal Loss,External,15.0,0.052,,,0.75,1.34,7:58,,,0.7,138.04,,MFL-A/XT,,1160.0,65000.0,,1342.0,1471.85,2043.63,,,,,,,2015,Metal Loss_44766.2,True,44766.23,44766.23,METAL_LOSS,False,7.966666666666667,2773,44775.568188170706
12430.0,,0.344,-17.94,22.12,44766.7,Metal Loss,External,12.0,0.041,,,0.59,0.98,7:58,,,0.7,138.07,,MFL-A/XT,,1160.0,65000.0,,1342.0,,,,,,,,,2015,Metal Loss_44766.7,True,44766.7,44766.7,METAL_LOSS,False,7.966666666666667,2774,44776.037601697026
12430.0,,0.344,-18.06,22.0,44766.82,Metal Loss,External,15.0,0.052,,,0.79,1.26,7:57,,,0.7,138.08,,MFL-A/XT,,1160.0,65000.0,,1342.0,1471.58,2043.26,,,,,,,2015,Metal Loss_44766.8,True,44766.82,44766.82,METAL_LOSS,False,7.95,2775,44776.15745195907
12430.0,,0.344,-18.27,21.79,44767.03,Metal Loss,External,10.0,0.034,,,1.22,1.58,7:08,,,0.7,138.09,,MFL-A/XT,,1160.0,65000.0,,1342.0,,,,,,,,,2015,Metal Loss_44767.0,True,44767.03,44767.03,METAL_LOSS,False,7.133333333333334,2776,44776.36718991764
12430.0,,0.344,-18.59,21.48,44767.34,Metal Loss,External,14.0,0.048,,,0.67,1.34,7:14,,,0.7,138.11,,MFL-A/XT,,1160.0,65000.0,,1342.0,1472.99,2045.21,,,,,,,2015,Metal Loss_44767.3,True,44767.34,44767.34,METAL_LOSS,False,7.233333333333333,2777,44776.67680309458
12430.0,,0.344,-19.29,20.77,44768.04,Metal Loss,External,35.0,0.12,,,1.14,1.53,7:41,,,0.7,138.16,,MFL-A/XT,,1160.0,65000.0,,1342.0,1450.78,2014.37,1518.94,2109.02,1522.67,2114.19,0.76,1.82,2015,Metal Loss_44768.0,True,44768.04,44768.04,METAL_LOSS,False,7.683333333333334,2778,44777.37592962316
12430.0,,0.344,-19.71,20.35,44768.47,Metal Loss,External,27.0,0.093,,,1.14,1.53,7:41,,,0.7,138.19,,MFL-A/XT,,1160.0,65000.0,,1342.0,1457.77,2024.08,1527.6,2121.03,1529.62,2123.85,0.76,1.83,2015,Metal Loss_44768.5,True,44768.47,44768.47,METAL_LOSS,False,7.683333333333334,2779,44777.80539306214
12430.0,,0.344,-20.04,20.03,44768.79,Metal Loss,External,18.0,0.062,,,0.79,1.22,4:16,,,0.7,138.22,,MFL-A/XT,,1160.0,65000.0,,1342.0,1470.54,2041.81,,,,,,,2015,Metal Loss_44768.8,True,44768.79,44768.79,METAL_LOSS,False,4.266666666666667,2780,44778.12499376092
12430.0,,0.344,-20.66,19.4,44769.42,Metal Loss,External,11.0,0.038,,,0.67,1.18,4:33,,,0.7,138.27,,MFL-A/XT,,1160.0,65000.0,,1342.0,,,,,,,,,2015,Metal Loss_44769.4,True,44769.42,44769.42,METAL_LOSS,False,4.55,2781,44778.75420763663
12430.0,,0.344,-21.16,18.9,44769.92,Metal Loss,External,47.0,0.162,,,1.77,1.42,7:50,,,0.7,138.32,,MFL-A/XT,,1160.0,65000.0,,1342.0,1396.64,1939.2,1450.39,2013.82,1465.47,2034.77,0.8,1.74,2015,Metal Loss_44769.9,True,44769.92,44769.92,METAL_LOSS,False,7.833333333333333,2782,44779.253583728474
12430.0,,0.344,-22.2,17.87,44770.95,Metal Loss,External,15.0,0.052,,,0.79,1.3,4:43,,,0.7,138.42,,MFL-A/XT,,1160.0,65000.0,,1342.0,1471.45,2043.07,,,,,,,2015,Metal Loss_44770.9,True,44770.95,44770.95,METAL_LOSS,False,4.716666666666667,2783,44780.28229847766
12430.0,,0.344,-22.23,17.83,44770.99,Metal Loss,External,35.0,0.12,,,1.22,1.42,7:48,,,0.7,138.42,,MFL-A/XT,,1160.0,65000.0,,1342.0,1447.33,2009.59,1514.87,2103.36,1519.1,2109.24,0.77,1.81,2015,Metal Loss_44771.0,True,44770.99,44770.99,METAL_LOSS,False,7.8,2784,44780.32224856501
12430.0,,0.344,-22.87,17.2,44771.62,Metal Loss,External,15.0,0.052,,,0.83,1.26,7:51,,,0.7,138.49,,MFL-A/XT,,1160.0,65000.0,,1342.0,1471.03,2042.48,,,,,,,2015,Metal Loss_44771.6,True,44771.62,44771.62,METAL_LOSS,False,7.85,2785,44780.95146244073
12430.0,,0.344,-25.74,14.32,44774.5,Metal Loss,External,14.0,0.048,,,0.35,0.71,3:53,,,0.7,138.81,,MFL-A/XT,,1160.0,65000.0,,1342.0,1475.26,2048.36,,,,,,,2015,Metal Loss_44774.5,True,44774.5,44774.5,METAL_LOSS,False,3.8833333333333333,2786,44783.82786872972
12430.0,,0.344,-35.27,4.79,44784.03,Metal Loss,External,14.0,0.048,,,0.59,1.18,1:09,,,0.7,139.92,,MFL-A/XT,,1160.0,65000.0,,1342.0,1473.72,2046.22,,,,,,,2015,Metal Loss_44784.0,True,44784.03,44784.03,METAL_LOSS,False,1.15,2787,44793.345977040175
12430.0,,0.344,-35.62,4.44,44784.38,Cluster,External,21.0,0.072,,,1.73,2.49,12:30,,,0.7,139.96,,,,1160.0,65000.0,,1342.0,1447.96,2010.45,1516.4,2105.49,1523.74,2115.68,0.76,1.82,2015,Cluster_44784.4,True,44784.38,44784.38,CLUSTER,False,12.5,2788,44793.69554030446
12430.0,,0.344,-35.93,4.14,44784.68,Metal Loss,External,10.0,0.034,,,0.67,1.06,12:38,,,0.7,140.0,,MFL-A/XT,,1160.0,65000.0,,1342.0,,,,,,,,,2015,Metal Loss_44784.7,True,44784.68,44784.68,METAL_LOSS,False,12.633333333333333,2789,44793.99516595957
12430.0,,0.344,-39.54,0.52,44788.3,Metal Loss,External,14.0,0.048,,,0.51,0.94,2:01,,,0.7,140.45,,MFL-A/XT,,1160.0,65000.0,,1342.0,1474.37,2047.12,,,,,,,2015,Metal Loss_44788.3,True,44788.3,44788.3,METAL_LOSS,False,2.0166666666666666,2790,44797.61064886449
12430.0,,0.344,-39.69,0.38,44788.44,Metal Loss,External,18.0,0.062,,,0.94,1.18,11:07,,,0.7,140.46,,MFL-A/XT,,1160.0,65000.0,,1342.0,1468.01,2038.3,,,,,,,2015,Metal Loss_44788.4,True,44788.44,44788.44,METAL_LOSS,False,11.116666666666667,2791,44797.7504741702
12430.0,,0.344,-39.91,0.15,44788.67,Metal Loss,External,12.0,0.041,,,0.63,1.97,1:48,near girth weld,,0.7,140.49,,MFL-A/XT,,1160.0,65000.0,,1342.0,,,,,,,,,2015,Metal Loss_44788.7,True,44788.67,44788.67,METAL_LOSS,False,1.8,2792,44797.98018717244
12440.0,,0.344,-39.06,1.01,44827.88,Metal Loss,External,14.0,0.048,,,1.73,2.28,6:15,Recoat,,1.0,143.23,,MFL-A/XT,,1160.0,65000.0,,1342.0,1458.08,2024.51,,,,,,,2015,Metal Loss_44827.9,True,44827.88,44827.88,METAL_LOSS,False,6.25,2795,44837.209495882205
12440.0,,0.344,-39.17,0.9,44827.99,Metal Loss,External,44.0,0.151,,,0.59,1.22,3:41,Recoat,,1.0,143.23,,MFL-A/XT,,1160.0,65000.0,,1342.0,1466.25,2035.86,1536.69,2133.65,1538.5,2136.17,0.75,1.84,2015,Metal Loss_44828.0,True,44827.99,44827.99,METAL_LOSS,False,3.6833333333333336,2796,44837.319550786124
12440.0,,0.344,-39.17,0.9,44827.99,Metal Loss,External,34.0,0.117,,,0.55,1.06,4:16,Recoat,,1.0,143.23,,MFL-A/XT,,1160.0,65000.0,,1342.0,1469.98,2041.03,1541.39,2140.17,1542.27,2141.41,0.75,1.84,2015,Metal Loss_44828.0,True,44827.99,44827.99,METAL_LOSS,False,4.266666666666667,2797,44837.319550786124
12460.0,,0.344,-0.82,39.25,44869.77,Metal Loss,External,19.0,0.065,,,1.42,1.73,6:48,,,0.7,144.91,,MFL-A/XT,,1160.0,65000.0,,1342.0,1458.23,2024.72,,,,,,,2015,Metal Loss_44869.8,True,44869.77,44869.77,METAL_LOSS,False,6.8,2801,44878.9073396556
12460.0,,0.344,-5.11,34.97,44874.06,Metal Loss,External,20.0,0.069,,,0.83,1.26,5:18,,,0.7,145.06,,MFL-A/XT,,1160.0,65000.0,,1342.0,1469.05,2039.74,1540.61,2139.09,1541.02,2139.67,0.75,1.84,2015,Metal Loss_44874.1,True,44874.06,44874.06,METAL_LOSS,False,5.3,2802,44883.18342151235
12460.0,,0.344,-5.48,34.59,44874.43,Cluster,External,53.0,0.182,,,1.98,3.37,4:39,,,0.7,145.08,,,,1160.0,65000.0,,1342.0,1366.21,1896.94,1408.94,1956.28,1437.81,1996.36,0.82,1.69,2015,Cluster_44874.4,True,44874.43,44874.43,CLUSTER,False,4.65,2803,44883.55222111305
12460.0,,0.344,-5.99,34.08,44874.94,Metal Loss,External,21.0,0.072,,,0.67,0.98,4:51,,,0.7,145.1,,MFL-A/XT,,1160.0,65000.0,,1342.0,1471.3,2042.86,1543.1,2142.56,1543.43,2143.02,0.75,1.85,2015,Metal Loss_44874.9,True,44874.94,44874.94,METAL_LOSS,False,4.85,2804,44884.06056650861
12460.0,,0.344,-6.2,33.87,44875.15,Metal Loss,External,29.0,0.1,,,0.98,1.5,5:20,,,0.7,145.1,,MFL-A/XT,,1160.0,65000.0,,1342.0,1460.85,2028.35,1531.05,2125.83,1532.9,2128.39,0.76,1.83,2015,Metal Loss_44875.2,True,44875.15,44875.15,METAL_LOSS,False,5.333333333333333,2805,44884.2698852009
12460.0,,0.344,-6.27,33.8,44875.22,Metal Loss,External,11.0,0.038,,,1.18,1.46,6:55,,,0.7,145.11,,MFL-A/XT,,1160.0,65000.0,,1342.0,,,,,,,,,2015,Metal Loss_44875.2,True,44875.22,44875.22,METAL_LOSS,False,6.916666666666667,2806,44884.33965809833
12460.0,,0.344,-6.53,33.54,44875.48,Metal Loss,External,15.0,0.052,,,1.73,4.05,4:59,,,0.7,145.11,,MFL-A/XT,,1160.0,65000.0,,1342.0,1456.66,2022.54,,,,,,,2015,Metal Loss_44875.5,True,44875.48,44875.48,METAL_LOSS,False,4.983333333333333,2807,44884.5988145745
12460.0,,0.344,-8.58,31.5,44877.52,Metal Loss,External,83.0,0.286,,,0.98,0.59,6:44,,,0.7,145.19,,MFL-A/XT,,1160.0,65000.0,,1342.0,,,,,,,,,2015,Metal Loss_44877.5,True,44877.52,44877.52,METAL_LOSS,False,6.733333333333333,2808,44886.63219615672
12460.0,,0.344,-8.99,31.08,44877.94,Cluster,External,32.0,0.11,,,1.97,4.0,6:28,,,0.7,145.2,,,,1160.0,65000.0,,1342.0,1419.48,1970.91,1481.62,2057.2,1487.39,2065.2,0.78,1.77,2015,Cluster_44877.9,True,44877.94,44877.94,CLUSTER,False,6.466666666666667,2809,44887.0508335413
12460.0,,0.344,-9.23,30.84,44878.18,Metal Loss,External,11.0,0.038,,,0.75,1.58,6:43,,,0.7,145.21,,MFL-A/XT,,1160.0,65000.0,,1342.0,,,,,,,,,2015,Metal Loss_44878.2,True,44878.18,44878.18,METAL_LOSS,False,6.716666666666667,2810,44887.29005490392
12470.0,,0.344,-0.8,39.07,44909.82,Metal Loss,External,20.0,0.069,,,0.63,1.14,5:16,,,0.7,146.78,,MFL-A/XT,,1160.0,65000.0,,1342.0,1471.89,2043.68,1543.77,2143.48,1544.01,2143.83,0.75,1.85,2015,Metal Loss_44909.8,True,44909.82,44909.82,METAL_LOSS,False,5.266666666666667,2813,44918.83361173815
12490.0,,0.344,-0.75,39.33,44989.6,Metal Loss,External,43.0,0.148,,,0.79,8.15,9:23,,,0.7,151.51,,MFL-A/XT,,1160.0,65000.0,,1342.0,1459.64,2026.67,1528.84,2122.76,1531.79,2126.85,0.76,1.83,2015,Metal Loss_44989.6,True,44989.6,44989.6,METAL_LOSS,False,9.383333333333333,2817,44998.9709478673
12490.0,,0.344,-0.76,39.33,44989.6,Metal Loss,External,15.0,0.052,,,0.55,1.02,7:56,,,0.7,151.51,,MFL-A/XT,,1160.0,65000.0,,1342.0,1473.83,2046.38,,,,,,,2015,Metal Loss_44989.6,True,44989.6,44989.6,METAL_LOSS,False,7.933333333333334,2818,44998.9709478673
12490.0,,0.344,-0.84,39.24,44989.68,Metal Loss,External,10.0,0.034,,,1.18,2.95,7:30,,,0.7,151.51,,MFL-A/XT,,1160.0,65000.0,,1342.0,,,,,,,,,2015,Metal Loss_44989.7,True,44989.68,44989.68,METAL_LOSS,False,7.5,2819,44999.05104764281
12490.0,,0.344,-22.08,18.01,45010.92,Metal Loss,External,19.0,0.065,,,1.22,1.97,8:16,,,0.7,152.72,,MFL-A/XT,,1160.0,65000.0,,1342.0,1462.3,2030.37,,,,,,,2015,Metal Loss_45010.9,True,45010.92,45010.92,METAL_LOSS,False,8.266666666666667,2820,45020.31753803941
12500.0,,0.344,-5.28,34.88,45034.21,Metal Loss,External,16.0,0.055,,,0.75,1.18,09:00,,,0.7,154.13,,MFL-A/XT,,1160.0,65000.0,,1342.0,1471.53,2043.18,,,,,,,2015,Metal Loss_45034.2,True,45034.21,45034.21,METAL_LOSS,False,9.0,2822,45043.60633466135
12500.0,,0.344,-10.85,29.31,45039.78,Metal Loss,External,12.0,0.041,,,1.89,1.81,7:41,,,0.7,154.5,,MFL-A/XT,,1160.0,65000.0,,1342.0,,,,,,,,,2015,Metal Loss_45039.8,True,45039.78,45039.78,METAL_LOSS,False,7.683333333333334,2823,45049.15136952191
12500.0,,0.344,-15.56,24.6,45044.49,Metal Loss,External,10.0,0.034,,,0.43,0.75,6:40,,,0.7,154.83,,MFL-A/XT,,1160.0,65000.0,,1342.0,,,,,,,,,2015,Metal Loss_45044.5,True,45044.49,45044.49,METAL_LOSS,False,6.666666666666667,2824,45053.84025896414
12500.0,,0.344,-15.61,24.55,45044.54,Metal Loss,External,13.0,0.045,,,0.43,0.71,6:47,,,0.7,154.83,,MFL-A/XT,,1160.0,65000.0,,1342.0,1474.95,2047.93,,,,,,,2015,Metal Loss_45044.5,True,45044.54,45044.54,METAL_LOSS,False,6.783333333333333,2825,45053.89003486056
12500.0,,0.344,-39.08,1.09,45068.0,Metal Loss,External,12.0,0.041,,,0.39,0.79,6:36,,,0.7,156.78,,MFL-A/XT,,1160.0,65000.0,,1342.0,,,,,,,,,2015,Metal Loss_45068.0,True,45068.0,45068.0,METAL_LOSS,False,6.6,2826,45077.244885458174
12500.0,,0.344,-39.18,0.98,45068.11,Metal Loss,External,11.0,0.038,,,1.65,1.81,5:58,,,0.7,156.79,,MFL-A/XT,,1160.0,65000.0,,1342.0,,,,,,,,,2015,Metal Loss_45068.1,True,45068.11,45068.11,METAL_LOSS,False,5.966666666666667,2827,45077.35439243029
12510.0,,0.344,-0.92,39.23,45070.0,Metal Loss,External,19.0,0.065,,,0.98,1.46,6:12,,,0.7,156.97,,MFL-A/XT,,1160.0,65000.0,,1342.0,1466.87,2036.71,,,,,,,2015,Metal Loss_45070.0,True,45070.0,45070.0,METAL_LOSS,False,6.2,2829,45079.07926507225
12510.0,,0.344,-0.95,39.19,45070.04,Metal Loss,External,18.0,0.062,,,0.94,1.53,7:07,,,0.7,156.97,,MFL-A/XT,,1160.0,65000.0,,1342.0,1468.21,2038.57,,,,,,,2015,Metal Loss_45070.0,True,45070.04,45070.04,METAL_LOSS,False,7.116666666666666,2830,45079.1121998007
12510.0,,0.344,-3.8,36.34,45072.89,Metal Loss,External,44.0,0.151,,,0.59,1.02,7:34,,,0.7,157.24,,MFL-A/XT,,1160.0,65000.0,,1342.0,1465.86,2035.31,1536.21,2132.99,1538.1,2135.61,0.76,1.84,2015,Metal Loss_45072.9,True,45072.89,45072.89,METAL_LOSS,False,7.566666666666666,2831,45081.458799202795
12510.0,,0.344,-4.06,36.09,45073.14,Metal Loss,External,23.0,0.079,,,0.63,1.06,7:43,,,0.7,157.26,,MFL-A/XT,,1160.0,65000.0,,1342.0,1471.31,2042.88,1543.09,2142.54,1543.5,2143.11,0.75,1.85,2015,Metal Loss_45073.1,True,45073.14,45073.14,METAL_LOSS,False,7.716666666666667,2832,45081.66464125561
12510.0,,0.344,-5.09,35.05,45074.18,Metal Loss,External,29.0,0.1,,,0.91,1.5,7:38,,,0.7,157.36,,MFL-A/XT,,1160.0,65000.0,,1342.0,1463.2,2031.61,1533.76,2129.58,1535.32,2131.75,0.76,1.84,2015,Metal Loss_45074.2,True,45074.18,45074.18,METAL_LOSS,False,7.633333333333333,2833,45082.52094419532
12510.0,,0.344,-5.36,34.78,45074.45,Metal Loss,External,25.0,0.086,,,1.02,1.46,7:08,,,0.7,157.38,,MFL-A/XT,,1160.0,65000.0,,1342.0,1462.19,2030.21,1532.74,2128.17,1534.11,2130.08,0.76,1.83,2015,Metal Loss_45074.4,True,45074.45,45074.45,METAL_LOSS,False,7.133333333333334,2834,45082.74325361236
12510.0,,0.344,-6.2,33.94,45075.29,Metal Loss,External,28.0,0.096,,,0.83,1.18,7:34,,,0.7,157.46,,MFL-A/XT,,1160.0,65000.0,,1342.0,1465.56,2034.89,1536.49,2133.37,1537.71,2135.07,0.75,1.84,2015,Metal Loss_45075.3,True,45075.29,45075.29,METAL_LOSS,False,7.566666666666666,2835,45083.434882909816
12510.0,,0.344,-7.44,32.7,45076.53,Metal Loss,External,22.0,0.076,,,0.75,1.26,7:19,,,0.7,157.58,,MFL-A/XT,,1160.0,65000.0,,1342.0,1469.69,2040.62,1541.29,2140.04,1541.78,2140.73,0.75,1.84,2015,Metal Loss_45076.5,True,45076.53,45076.53,METAL_LOSS,False,7.316666666666666,2836,45084.45585949178
12510.0,,0.344,-8.41,31.73,45077.5,Metal Loss,External,14.0,0.048,,,0.55,0.98,7:26,,,0.7,157.67,,MFL-A/XT,,1160.0,65000.0,,1342.0,1474.01,2046.62,,,,,,,2015,Metal Loss_45077.5,True,45077.5,45077.5,METAL_LOSS,False,7.433333333333334,2837,45085.2545266567
12510.0,,0.344,-14.07,26.07,45083.16,Metal Loss,External,17.0,0.058,,,1.34,2.91,5:49,,,0.7,158.2,,MFL-A/XT,,1160.0,65000.0,,1342.0,1461.95,2029.88,,,,,,,2015,Metal Loss_45083.2,True,45083.16,45083.16,METAL_LOSS,False,5.816666666666666,2838,45089.914790732444
12510.0,,0.344,-14.2,25.94,45083.29,Metal Loss,External,14.0,0.048,,,0.79,0.98,6:28,,,0.7,158.21,,MFL-A/XT,,1160.0,65000.0,,1342.0,1471.8,2043.55,,,,,,,2015,Metal Loss_45083.3,True,45083.29,45083.29,METAL_LOSS,False,6.466666666666667,2839,45090.0218285999
12510.0,,0.344,-14.6,25.54,45083.69,Metal Loss,External,30.0,0.103,,,1.02,1.46,6:32,,,0.7,158.25,,MFL-A/XT,,1160.0,65000.0,,1342.0,1459.1,2025.92,1528.99,2122.96,1531.13,2125.93,0.76,1.83,2015,Metal Loss_45083.7,True,45083.69,45083.69,METAL_LOSS,False,6.533333333333333,2840,45090.35117588441
12510.0,,0.344,-14.94,25.21,45084.03,Metal Loss,External,21.0,0.072,,,0.71,1.26,6:25,,,0.7,158.28,,MFL-A/XT,,1160.0,65000.0,,1342.0,1470.59,2041.88,1542.31,2141.46,1542.69,2141.99,0.75,1.85,2015,Metal Loss_45084.0,True,45084.03,45084.03,METAL_LOSS,False,6.416666666666667,2841,45090.631121076236
12510.0,,0.344,-15.11,25.03,45084.2,Metal Loss,External,11.0,0.038,,,1.02,2.44,5:42,,,0.7,158.3,,MFL-A/XT,,1160.0,65000.0,,1342.0,,,,,,,,,2015,Metal Loss_45084.2,True,45084.2,45084.2,METAL_LOSS,False,5.7,2842,45090.77109367215
12510.0,,0.344,-15.4,24.74,45084.49,Metal Loss,External,11.0,0.038,,,0.71,1.18,7:34,,,0.7,158.32,,MFL-A/XT,,1160.0,65000.0,,1342.0,,,,,,,,,2015,Metal Loss_45084.5,True,45084.49,45084.49,METAL_LOSS,False,7.566666666666666,2843,45091.00987045341
12510.0,,0.344,-16.67,23.47,45085.76,Metal Loss,External,14.0,0.048,,,0.87,1.38,8:53,,,0.7,158.44,,MFL-A/XT,,1160.0,65000.0,,1342.0,1471.0,2042.45,,,,,,,2015,Metal Loss_45085.8,True,45085.76,45085.76,METAL_LOSS,False,8.883333333333333,2844,45092.05554808171
12510.0,,0.344,-17.65,22.49,45086.74,Metal Loss,External,10.0,0.034,,,1.22,1.97,7:44,,,0.7,158.54,,MFL-A/XT,,1160.0,65000.0,,1342.0,,,,,,,,,2015,Metal Loss_45086.7,True,45086.74,45086.74,METAL_LOSS,False,7.733333333333333,2845,45092.86244892875
12510.0,,0.344,-19.11,21.03,45088.2,Metal Loss,External,10.0,0.034,,,0.67,1.02,7:47,,,0.7,158.67,,MFL-A/XT,,1160.0,65000.0,,1342.0,,,,,,,,,2015,Metal Loss_45088.2,True,45088.2,45088.2,METAL_LOSS,False,7.783333333333333,2846,45094.06456651719
12510.0,,0.344,-19.68,20.46,45088.77,Metal Loss,External,20.0,0.069,,,0.67,1.34,7:44,,,0.7,158.72,,MFL-A/XT,,1160.0,65000.0,,1342.0,1471.4,2043.01,1543.23,2142.73,1543.51,2143.12,0.75,1.85,2015,Metal Loss_45088.8,True,45088.77,45088.77,METAL_LOSS,False,7.733333333333333,2847,45094.53388639761
12510.0,,0.344,-20.02,20.12,45089.11,Metal Loss,External,20.0,0.069,,,0.75,1.1,7:09,,,0.7,158.76,,MFL-A/XT,,1160.0,65000.0,,1342.0,1470.37,2041.57,1542.08,2141.13,1542.41,2141.6,0.75,1.85,2015,Metal Loss_45089.1,True,45089.11,45089.11,METAL_LOSS,False,7.15,2848,45094.81383158944
12510.0,,0.344,-20.7,19.44,45089.79,Metal Loss,External,23.0,0.079,,,0.55,1.06,07:00,,,0.7,158.82,,MFL-A/XT,,1160.0,65000.0,,1342.0,1472.35,2044.32,1544.24,2144.15,1544.57,2144.59,0.75,1.85,2015,Metal Loss_45089.8,True,45089.79,45089.79,METAL_LOSS,False,7.0,2849,45095.3737219731
12510.0,,0.344,-21.02,19.12,45090.11,Metal Loss,External,20.0,0.069,,,0.67,1.14,6:50,,,0.7,158.85,,MFL-A/XT,,1160.0,65000.0,,1342.0,1471.4,2043.01,1543.23,2142.73,1543.51,2143.12,0.75,1.85,2015,Metal Loss_45090.1,True,45090.11,45090.11,METAL_LOSS,False,6.833333333333333,2850,45095.637199800694
12510.0,,0.344,-21.2,18.94,45090.29,Metal Loss,External,15.0,0.052,,,0.71,2.21,6:46,,,0.7,158.87,,MFL-A/XT,,1160.0,65000.0,,1342.0,1472.37,2044.34,,,,,,,2015,Metal Loss_45090.3,True,45090.29,45090.29,METAL_LOSS,False,6.766666666666667,2851,45095.78540607872
12510.0,,0.344,-21.34,18.8,45090.43,Metal Loss,External,11.0,0.038,,,0.51,0.94,7:10,,,0.7,158.88,,MFL-A/XT,,1160.0,65000.0,,1342.0,,,,,,,,,2015,Metal Loss_45090.4,True,45090.43,45090.43,METAL_LOSS,False,7.166666666666667,2852,45095.9006776283
12510.0,,0.344,-21.45,18.7,45090.54,Metal Loss,External,24.0,0.083,,,0.55,0.98,6:59,,,0.7,158.89,,MFL-A/XT,,1160.0,65000.0,,1342.0,1472.15,2044.04,1544.01,2143.82,1544.38,2144.33,0.75,1.85,2015,Metal Loss_45090.5,True,45090.54,45090.54,METAL_LOSS,False,6.983333333333333,2853,45095.99124813154
12530.0,,0.344,-0.8,32.27,45150.07,Metal Loss,External,10.0,0.034,,,0.55,1.73,1:51,,,0.7,163.4,,MFL-A/XT,,1160.0,65000.0,,1342.0,,,,,,,,,2015,Metal Loss_45150.1,True,45150.07,45150.07,METAL_LOSS,False,1.85,2857,45134.53861203508
12530.0,,0.344,-29.2,3.87,45178.47,Metal Loss,External,11.0,0.038,,,0.51,0.79,2:47,,,0.7,165.16,,MFL-A/XT,,1160.0,65000.0,,1342.0,,,,,,,,,2015,Metal Loss_45178.5,True,45178.47,45178.47,METAL_LOSS,False,2.783333333333333,2859,45168.92433928032
12530.0,,0.344,-30.79,2.29,45180.05,Metal Loss,External,16.0,0.055,,,0.55,1.06,2:45,Recoat,,0.7,165.25,,MFL-A/XT,,1160.0,65000.0,,1342.0,1473.66,2046.14,,,,,,,2015,Metal Loss_45180.1,True,45180.05,45180.05,METAL_LOSS,False,2.75,2861,45170.8373480496
12530.0,,0.344,-31.14,1.93,45180.41,Metal Loss,External,20.0,0.069,,,1.06,1.58,2:54,Recoat,,0.7,165.28,,MFL-A/XT,,1160.0,65000.0,,1342.0,1464.93,2034.02,1535.98,2132.67,1536.64,2133.58,0.76,1.84,2015,Metal Loss_45180.4,True,45180.41,45180.41,METAL_LOSS,False,2.9,2862,45171.27322346539
12540.0,,0.344,-0.76,21.45,45183.1,Cluster,External,53.0,0.182,,,1.36,5.07,11:46,Repaired?,,0.7,165.44,,,,1160.0,65000.0,,1342.0,1416.65,1966.99,1473.87,2046.43,1505.34,2090.13,0.79,1.76,2015,Cluster_45183.1,True,45183.1,45183.1,CLUSTER,False,11.766666666666667,2867,45173.838239531746
12540.0,,0.344,-0.8,21.41,45183.14,Metal Loss,External,14.0,0.048,,,1.26,2.21,1:43,Repaired?,,0.7,165.44,,MFL-A/XT,,1160.0,65000.0,,1342.0,1465.78,2035.2,,,,,,,2015,Metal Loss_45183.1,True,45183.14,45183.14,METAL_LOSS,False,1.7166666666666668,2868,45173.850252138676
12540.0,,0.344,-14.84,7.37,45197.18,Metal Loss,External,39.0,0.134,,,0.79,1.38,3:05,,,0.7,166.24,,MFL-A/XT,,1160.0,65000.0,,1342.0,1461.27,2028.94,1531.05,2125.82,1533.47,2129.19,0.76,1.83,2015,Metal Loss_45197.2,True,45197.18,45197.18,METAL_LOSS,False,3.0833333333333335,2871,45178.06667717244
12540.0,,0.344,-15.28,6.93,45197.62,Metal Loss,External,14.0,0.048,,,1.81,0.59,3:36,,,0.7,166.26,,MFL-A/XT,,1160.0,65000.0,,1342.0,1456.85,2022.8,,,,,,,2015,Metal Loss_45197.6,True,45197.62,45197.62,METAL_LOSS,False,3.6,2872,45178.198815848715
12540.0,,0.344,-17.71,4.5,45200.05,Metal Loss,External,14.0,0.048,,,0.67,1.06,1:58,,,0.7,166.39,,MFL-A/XT,,1160.0,65000.0,,1342.0,1473.1,2045.36,,,,,,,2015,Metal Loss_45200.1,True,45200.05,45200.05,METAL_LOSS,False,1.9666666666666668,2873,45178.92858171995
12540.0,,0.344,-18.23,3.98,45200.57,Metal Loss,External,10.0,0.034,,,0.51,1.06,02:00,,,0.7,166.41,,MFL-A/XT,,1160.0,65000.0,,1342.0,,,,,,,,,2015,Metal Loss_45200.6,True,45200.57,45200.57,METAL_LOSS,False,2.0,2874,45179.08474561008
12540.0,,0.344,-21.75,0.46,45204.09,Metal Loss,External,10.0,0.034,,,0.51,1.14,1:40,,,0.7,166.59,,MFL-A/XT,,1160.0,65000.0,,1342.0,,,,,,,,,2015,Metal Loss_45204.1,True,45204.09,45204.09,METAL_LOSS,False,1.6666666666666665,2875,45180.14185502026
12540.0,,0.344,-22.06,0.15,45204.4,Metal Loss,External,24.0,0.083,,,0.87,1.38,1:18,near girth weld,,0.7,166.61,,MFL-A/XT,,1160.0,65000.0,,1342.0,1466.36,2036.01,1537.51,2134.79,1538.41,2136.04,0.75,1.84,2015,Metal Loss_45204.4,True,45204.4,45204.4,METAL_LOSS,False,1.3,2876,45180.23495272399
12550.0,,0.344,-0.46,39.72,45205.01,Metal Loss,External,11.0,0.038,,,1.81,2.09,1:44,,,0.7,166.64,,MFL-A/XT,,1160.0,65000.0,,1342.0,,,,,,,,,2015,Metal Loss_45205.0,True,45205.01,45205.01,METAL_LOSS,False,1.7333333333333334,2878,45180.7369089099
12550.0,,0.344,-0.51,39.67,45205.06,Metal Loss,External,15.0,0.052,,,2.24,0.83,2:13,,,0.7,166.64,,MFL-A/XT,,1160.0,65000.0,,1342.0,1447.22,2009.43,,,,,,,2015,Metal Loss_45205.1,True,45205.06,45205.06,METAL_LOSS,False,2.216666666666667,2879,45180.78657292185
12550.0,,0.344,-0.93,39.25,45205.47,Metal Loss,External,14.0,0.048,,,1.42,1.58,4:21,,,0.7,166.66,,MFL-A/XT,,1160.0,65000.0,,1342.0,1463.4,2031.9,,,,,,,2015,Metal Loss_45205.5,True,45205.47,45205.47,METAL_LOSS,False,4.35,2880,45181.19381781981
12550.0,,0.344,-1.28,38.91,45205.82,Metal Loss,External,18.0,0.062,,,0.67,0.87,4:26,,,0.7,166.68,,MFL-A/XT,,1160.0,65000.0,,1342.0,1471.95,2043.76,,,,,,,2015,Metal Loss_45205.8,True,45205.82,45205.82,METAL_LOSS,False,4.433333333333334,2881,45181.54146590343
12550.0,,0.344,-1.66,38.52,45206.21,Metal Loss,External,11.0,0.038,,,0.63,1.22,2:50,,,0.7,166.7,,MFL-A/XT,,1160.0,65000.0,,1342.0,,,,,,,,,2015,Metal Loss_45206.2,True,45206.21,45206.21,METAL_LOSS,False,2.8333333333333335,2882,45181.92884519661
12550.0,,0.344,-2.14,38.04,45206.69,Metal Loss,External,26.0,0.089,,,0.87,1.22,4:23,,,0.7,166.72,,MFL-A/XT,,1160.0,65000.0,,1342.0,1465.65,2035.02,1536.66,2133.61,1537.75,2135.13,0.75,1.84,2015,Metal Loss_45206.7,True,45206.69,45206.69,METAL_LOSS,False,4.383333333333334,2883,45182.405619711295
12550.0,,0.344,-4.94,35.24,45209.49,Metal Loss,External,21.0,0.072,,,0.63,1.1,3:51,Recoat,,0.7,166.86,,MFL-A/XT,,1160.0,65000.0,,1342.0,1471.8,2043.56,1543.66,2143.33,1543.96,2143.75,0.75,1.85,2015,Metal Loss_45209.5,True,45209.49,45209.49,METAL_LOSS,False,3.85,2885,45185.18680438028
12550.0,,0.344,-5.74,34.44,45210.29,Metal Loss,External,17.0,0.058,,,1.85,3.94,3:41,Recoat,,0.7,166.9,,MFL-A/XT,,1160.0,65000.0,,1342.0,1451.23,2015.0,,,,,,,2015,Metal Loss_45210.3,True,45210.29,45210.29,METAL_LOSS,False,3.6833333333333336,2886,45185.981428571424
12550.0,,0.344,-17.94,22.25,45222.48,Metal Loss,External,22.0,0.076,,,0.83,1.18,4:17,,,0.7,167.39,,MFL-A/XT,,1160.0,65000.0,,1342.0,1468.43,2038.88,1539.88,2138.09,1540.48,2138.91,0.75,1.84,2015,Metal Loss_45222.5,True,45222.48,45222.48,METAL_LOSS,False,4.283333333333333,2888,45198.089514683925
12550.0,,0.344,-34.39,5.79,45238.94,Metal Loss,External,10.0,0.034,,,0.35,0.59,5:51,,,0.7,167.78,,MFL-A/XT,,1160.0,65000.0,,1342.0,,,,,,,,,2015,Metal Loss_45238.9,True,45238.94,45238.94,METAL_LOSS,False,5.85,2889,45214.438907416625
12560.0,,0.344,-1.54,5.16,45246.27,Metal Loss,External,22.0,0.076,,,0.63,1.61,5:29,Recoat,,0.7,167.84,,MFL-A/XT,,1160.0,65000.0,,1342.0,1471.38,2042.98,1543.18,2142.67,1543.55,2143.18,0.75,1.85,2015,Metal Loss_45246.3,True,45246.27,45246.27,METAL_LOSS,False,5.483333333333333,2892,45229.35644776116
12560.0,,0.344,-1.77,4.93,45246.5,Metal Loss,External,34.0,0.117,,,0.75,2.17,4:52,Recoat,,0.7,167.84,,MFL-A/XT,,1160.0,65000.0,,1342.0,1465.13,2034.29,1535.79,2132.4,1537.37,2134.6,0.76,1.84,2015,Metal Loss_45246.5,True,45246.5,45246.5,METAL_LOSS,False,4.866666666666667,2893,45230.725462686554
12590.0,,0.344,-38.58,1.5,45370.38,Metal Loss,External,13.0,0.045,,,0.55,0.91,5:56,,,0.7,138.75,,MFL-A/XT,,1160.0,65000.0,,1342.0,1474.18,2046.86,,,,,,,2015,Metal Loss_45370.4,True,45370.38,45370.38,METAL_LOSS,False,5.933333333333334,2898,45378.56261976048
12590.0,,0.344,-38.66,1.42,45370.46,Metal Loss,External,12.0,0.041,,,0.63,1.22,5:59,,,0.7,138.72,,MFL-A/XT,,1160.0,65000.0,,1342.0,,,,,,,,,2015,Metal Loss_45370.5,True,45370.46,45370.46,METAL_LOSS,False,5.983333333333333,2899,45378.64248003992
12590.0,,0.344,-38.82,1.26,45370.62,Metal Loss,External,24.0,0.083,,,1.22,1.38,6:19,,,0.7,138.66,,MFL-A/XT,,1160.0,65000.0,,1342.0,1458.0,2024.4,1527.98,2121.56,1529.65,2123.88,0.76,1.83,2015,Metal Loss_45370.6,True,45370.62,45370.62,METAL_LOSS,False,6.316666666666666,2900,45378.8022005988
12590.0,,0.344,-39.22,0.86,45371.02,Metal Loss,External,12.0,0.041,,,0.55,1.73,4:17,,,0.7,138.51,,MFL-A/XT,,1160.0,65000.0,,1342.0,,,,,,,,,2015,Metal Loss_45371.0,True,45371.02,45371.02,METAL_LOSS,False,4.283333333333333,2901,45379.201501996
12710.0,,0.344,-0.54,39.49,45748.34,Cluster,External,28.0,0.096,,,1.33,4.8,4:52,,,0.7,84.49,,,,1160.0,65000.0,,1342.0,1450.59,2014.11,1519.2,2109.37,1522.53,2113.99,0.76,1.82,2015,Cluster_45748.3,True,45748.34,45748.34,CLUSTER,False,4.866666666666667,2915,45741.42959530352
12710.0,,0.344,-0.56,39.47,45748.36,Metal Loss,External,19.0,0.065,,,1.73,2.99,04:00,,,0.7,84.5,,MFL-A/XT,,1160.0,65000.0,,1342.0,1451.09,2014.8,,,,,,,2015,Metal Loss_45748.4,True,45748.36,45748.36,METAL_LOSS,False,4.0,2916,45741.44958031476
12710.0,,0.344,-0.57,39.46,45748.38,Metal Loss,External,15.0,0.052,,,2.01,4.33,6:17,,,0.7,84.5,,MFL-A/XT,,1160.0,65000.0,,1342.0,1451.75,2015.72,,,,,,,2015,Metal Loss_45748.4,True,45748.38,45748.38,METAL_LOSS,False,6.283333333333333,2917,45741.469565326
12710.0,,0.344,-0.62,39.41,45748.42,Metal Loss,External,11.0,0.038,,,0.94,1.3,3:22,,,0.7,84.52,,MFL-A/XT,,1160.0,65000.0,,1342.0,,,,,,,,,2015,Metal Loss_45748.4,True,45748.42,45748.42,METAL_LOSS,False,3.3666666666666667,2918,45741.50953534849
12710.0,,0.344,-0.64,39.39,45748.44,Metal Loss,External,20.0,0.069,,,0.75,1.34,3:01,,,0.7,84.52,,MFL-A/XT,,1160.0,65000.0,,1342.0,1470.37,2041.57,1542.08,2141.13,1542.41,2141.6,0.75,1.85,2015,Metal Loss_45748.4,True,45748.44,45748.44,METAL_LOSS,False,3.0166666666666666,2919,45741.52952035973
12720.0,,0.344,-25.03,0.19,45812.87,Metal Loss,External,10.0,0.034,,,0.59,1.02,4:55,near girth weld,,0.7,104.21,,MFL-A/XT,,1160.0,65000.0,,1342.0,,,,,,,,,2015,Metal Loss_45812.9,True,45812.87,45812.87,METAL_LOSS,False,4.916666666666667,2921,45820.52922314706
12730.0,,0.344,-1.15,38.87,45814.21,Metal Loss,External,13.0,0.045,,,1.5,0.59,3:16,,,1.0,104.65,,MFL-A/XT,,1160.0,65000.0,,1342.0,1463.16,2031.56,,,,,,,2015,Metal Loss_45814.2,True,45814.21,45814.21,METAL_LOSS,False,3.2666666666666666,2923,45821.3601724138
12780.0,,0.344,-39.01,1.1,46022.48,Metal Loss,External,27.0,0.093,,,1.61,2.36,7:36,,,0.7,162.54,,MFL-A/XT,,1160.0,65000.0,,1342.0,1442.29,2002.58,1509.49,2095.89,1513.23,2101.08,0.77,1.81,2015,Metal Loss_46022.5,True,46022.48,46022.48,METAL_LOSS,False,7.6,2929,46029.60850162054
12790.0,,0.344,-0.71,39.46,46024.29,Metal Loss,External,14.0,0.048,,,0.32,1.14,7:36,,,0.7,162.89,,MFL-A/XT,,1160.0,65000.0,,1342.0,1475.43,2048.6,,,,,,,2015,Metal Loss_46024.3,True,46024.29,46024.29,METAL_LOSS,False,7.6,2931,46031.4075261324
12790.0,,0.344,-20.6,19.58,46044.18,Metal Loss,External,17.0,0.058,,,1.22,1.46,5:23,,,0.7,165.91,,MFL-A/XT,,1160.0,65000.0,,1342.0,1464.15,2032.94,,,,,,,2015,Metal Loss_46044.2,True,46044.18,46044.18,METAL_LOSS,False,5.383333333333334,2932,46051.22822299651
12800.0,,0.344,-18.61,21.63,46082.37,Metal Loss,External,23.0,0.079,,,1.26,1.77,5:34,,,0.7,166.66,,MFL-A/XT,,1160.0,65000.0,,1342.0,1457.97,2024.35,1527.98,2121.56,1529.52,2123.7,0.76,1.83,2015,Metal Loss_46082.4,True,46082.37,46082.37,METAL_LOSS,False,5.566666666666666,2934,46089.24360427542
12800.0,,0.344,-18.96,21.27,46082.72,Metal Loss,External,20.0,0.069,,,0.71,1.14,5:23,,,0.7,166.64,,MFL-A/XT,,1160.0,65000.0,,1342.0,1470.9,2042.3,1542.66,2141.95,1542.97,2142.38,0.75,1.85,2015,Metal Loss_46082.7,True,46082.72,46082.72,METAL_LOSS,False,5.383333333333334,2935,46089.59160328113
12800.0,,0.344,-19.08,21.16,46082.84,Metal Loss,External,11.0,0.038,,,0.83,1.02,4:28,,,0.7,166.64,,MFL-A/XT,,1160.0,65000.0,,1342.0,,,,,,,,,2015,Metal Loss_46082.8,True,46082.84,46082.84,METAL_LOSS,False,4.466666666666667,2936,46089.710917225944
12800.0,,0.344,-19.31,20.93,46083.07,Metal Loss,External,34.0,0.117,,,1.02,1.58,5:14,,,0.7,166.62,,MFL-A/XT,,1160.0,65000.0,,1342.0,1456.19,2021.88,1525.38,2117.95,1528.23,2121.91,0.76,1.83,2015,Metal Loss_46083.1,True,46083.07,46083.07,METAL_LOSS,False,5.233333333333333,2937,46089.939602286846
12800.0,,0.344,-19.81,20.43,46083.56,Metal Loss,External,10.0,0.034,,,1.77,2.09,5:34,,,0.7,166.6,,MFL-A/XT,,1160.0,65000.0,,1342.0,,,,,,,,,2015,Metal Loss_46083.6,True,46083.56,46083.56,METAL_LOSS,False,5.566666666666666,2938,46090.42680089485
12800.0,,0.344,-19.81,20.42,46083.57,Metal Loss,External,13.0,0.045,,,1.81,0.59,5:19,,,0.7,166.6,,MFL-A/XT,,1160.0,65000.0,,1342.0,1458.35,2024.88,,,,,,,2015,Metal Loss_46083.6,True,46083.57,46083.57,METAL_LOSS,False,5.316666666666666,2939,46090.436743723585
12800.0,,0.344,-19.88,20.36,46083.64,Metal Loss,External,17.0,0.058,,,0.94,0.59,5:30,,,0.7,166.6,,MFL-A/XT,,1160.0,65000.0,,1342.0,1468.52,2039.01,,,,,,,2015,Metal Loss_46083.6,True,46083.64,46083.64,METAL_LOSS,False,5.5,2940,46090.50634352473
12800.0,,0.344,-20.13,20.11,46083.89,Metal Loss,External,15.0,0.052,,,0.83,1.06,4:28,,,0.7,166.59,,MFL-A/XT,,1160.0,65000.0,,1342.0,1471.03,2042.48,,,,,,,2015,Metal Loss_46083.9,True,46083.89,46083.89,METAL_LOSS,False,4.466666666666667,2941,46090.7549142431
12800.0,,0.344,-20.66,19.57,46084.42,Metal Loss,External,17.0,0.058,,,2.24,1.14,5:20,,,0.7,166.56,,MFL-A/XT,,1160.0,65000.0,,1342.0,1442.96,2003.52,,,,,,,2015,Metal Loss_46084.4,True,46084.42,46084.42,METAL_LOSS,False,5.333333333333333,2942,46091.28188416604
12800.0,,0.344,-20.71,19.52,46084.47,Metal Loss,External,14.0,0.048,,,0.79,1.06,4:27,,,0.7,166.56,,MFL-A/XT,,1160.0,65000.0,,1342.0,1471.92,2043.73,,,,,,,2015,Metal Loss_46084.5,True,46084.47,46084.47,METAL_LOSS,False,4.45,2943,46091.33159830972
12800.0,,0.344,-21.08,19.15,46084.84,Metal Loss,External,24.0,0.083,,,0.75,0.98,4:28,,,0.7,166.54,,MFL-A/XT,,1160.0,65000.0,,1342.0,1468.76,2039.34,1540.21,2138.55,1540.89,2139.49,0.75,1.84,2015,Metal Loss_46084.8,True,46084.84,46084.84,METAL_LOSS,False,4.466666666666667,2944,46091.6994829729
12800.0,,0.344,-21.24,19.0,46085.0,Metal Loss,External,12.0,0.041,,,1.93,1.38,5:23,,,0.7,166.53,,MFL-A/XT,,1160.0,65000.0,,1342.0,,,,,,,,,2015,Metal Loss_46085.0,True,46085.0,46085.0,METAL_LOSS,False,5.383333333333334,2945,46091.85856823266
12800.0,,0.344,-21.66,18.57,46085.42,Metal Loss,External,11.0,0.038,,,1.1,1.5,5:28,,,0.7,166.51,,MFL-A/XT,,1160.0,65000.0,,1342.0,,,,,,,,,2015,Metal Loss_46085.4,True,46085.42,46085.42,METAL_LOSS,False,5.466666666666667,2946,46092.27616703952
12800.0,,0.344,-21.87,18.36,46085.63,Metal Loss,External,15.0,0.052,,,1.69,1.73,4:26,,,0.7,166.5,,MFL-A/XT,,1160.0,65000.0,,1342.0,1457.54,2023.76,,,,,,,2015,Metal Loss_46085.6,True,46085.63,46085.63,METAL_LOSS,False,4.433333333333334,2947,46092.48496644295
12800.0,,0.344,-21.97,18.27,46085.72,Metal Loss,External,10.0,0.034,,,0.71,1.02,5:29,,,0.7,166.5,,MFL-A/XT,,1160.0,65000.0,,1342.0,,,,,,,,,2015,Metal Loss_46085.7,True,46085.72,46085.72,METAL_LOSS,False,5.483333333333333,2948,46092.574451901564
12800.0,,0.344,-22.22,18.02,46085.98,Metal Loss,External,11.0,0.038,,,2.13,1.02,4:29,,,0.7,166.48,,MFL-A/XT,,1160.0,65000.0,,1342.0,,,,,,,,,2015,Metal Loss_46086.0,True,46085.98,46085.98,METAL_LOSS,False,4.483333333333333,2949,46092.83296544867
12800.0,,0.344,-22.86,17.38,46086.62,Cluster,External,28.0,0.096,,,1.57,3.42,5:29,,,0.7,166.45,,,,1160.0,65000.0,,1342.0,1442.41,2002.74,1509.57,2096.0,1518.52,2108.42,0.77,1.81,2015,Cluster_46086.6,True,46086.62,46086.62,CLUSTER,False,5.483333333333333,2950,46093.4693064877
12800.0,,0.344,-22.88,17.36,46086.64,Metal Loss,External,10.0,0.034,,,1.58,1.65,5:05,,,0.7,166.45,,MFL-A/XT,,1160.0,65000.0,,1342.0,,,,,,,,,2015,Metal Loss_46086.6,True,46086.64,46086.64,METAL_LOSS,False,5.083333333333333,2951,46093.48919214516
12800.0,,0.344,-23.52,16.72,46087.28,Metal Loss,External,31.0,0.107,,,0.94,1.26,4:26,,,0.7,166.41,,MFL-A/XT,,1160.0,65000.0,,1342.0,1460.64,2028.06,1530.73,2125.38,1532.75,2128.18,0.76,1.83,2015,Metal Loss_46087.3,True,46087.28,46087.28,METAL_LOSS,False,4.433333333333334,2952,46094.12553318419
12800.0,,0.344,-23.56,16.67,46087.32,Metal Loss,External,20.0,0.069,,,0.87,1.14,5:25,,,0.7,166.41,,MFL-A/XT,,1160.0,65000.0,,1342.0,1468.45,2038.9,1539.94,2138.16,1540.38,2138.79,0.75,1.84,2015,Metal Loss_46087.3,True,46087.32,46087.32,METAL_LOSS,False,5.416666666666667,2953,46094.165304499125
12800.0,,0.344,-23.86,16.38,46087.61,Metal Loss,External,19.0,0.065,,,0.71,1.18,5:24,,,0.7,166.39,,MFL-A/XT,,1160.0,65000.0,,1342.0,1471.2,2042.72,,,,,,,2015,Metal Loss_46087.6,True,46087.61,46087.61,METAL_LOSS,False,5.4,2954,46094.453646532435
12800.0,,0.344,-23.97,16.26,46087.73,Metal Loss,External,10.0,0.034,,,0.94,1.18,4:26,,,0.7,166.38,,MFL-A/XT,,1160.0,65000.0,,1342.0,,,,,,,,,2015,Metal Loss_46087.7,True,46087.73,46087.73,METAL_LOSS,False,4.433333333333334,2955,46094.57296047726
12800.0,,0.344,-24.21,16.02,46087.97,Metal Loss,External,13.0,0.045,,,0.83,1.06,4:29,,,0.7,166.37,,MFL-A/XT,,1160.0,65000.0,,1342.0,1471.78,2043.53,,,,,,,2015,Metal Loss_46088.0,True,46087.97,46087.97,METAL_LOSS,False,4.483333333333333,2956,46094.81158836689
12800.0,,0.344,-24.57,15.67,46088.33,Metal Loss,External,14.0,0.048,,,0.79,1.14,5:18,,,0.7,166.35,,MFL-A/XT,,1160.0,65000.0,,1342.0,1471.92,2043.73,,,,,,,2015,Metal Loss_46088.3,True,46088.33,46088.33,METAL_LOSS,False,5.3,2957,46095.16953020134
12800.0,,0.344,-24.76,15.47,46088.52,Metal Loss,External,16.0,0.055,,,0.71,1.22,5:18,,,0.7,166.34,,MFL-A/XT,,1160.0,65000.0,,1342.0,1472.08,2043.95,,,,,,,2015,Metal Loss_46088.5,True,46088.52,46088.52,METAL_LOSS,False,5.3,2958,46095.3584439473
12800.0,,0.344,-24.79,15.45,46088.55,Metal Loss,External,10.0,0.034,,,0.75,1.02,4:30,,,0.7,166.33,,MFL-A/XT,,1160.0,65000.0,,1342.0,,,,,,,,,2015,Metal Loss_46088.6,True,46088.55,46088.55,METAL_LOSS,False,4.5,2959,46095.388272433505
12800.0,,0.344,-25.16,15.08,46088.91,Metal Loss,External,13.0,0.045,,,1.38,1.5,5:23,,,0.7,166.31,,MFL-A/XT,,1160.0,65000.0,,1342.0,1464.91,2034.0,,,,,,,2015,Metal Loss_46088.9,True,46088.91,46088.91,METAL_LOSS,False,5.383333333333334,2960,46095.74621426796
12800.0,,0.344,-25.41,14.82,46089.17,Metal Loss,External,11.0,0.038,,,0.51,1.14,5:20,,,0.7,166.29,,MFL-A/XT,,1160.0,65000.0,,1342.0,,,,,,,,,2015,Metal Loss_46089.2,True,46089.17,46089.17,METAL_LOSS,False,5.333333333333333,2961,46096.00472781506
12800.0,,0.344,-25.69,14.54,46089.45,Metal Loss,External,17.0,0.058,,,0.98,1.18,4:30,,,0.7,166.28,,MFL-A/XT,,1160.0,65000.0,,1342.0,1467.97,2038.24,,,,,,,2015,Metal Loss_46089.4,True,46089.45,46089.45,METAL_LOSS,False,4.5,2962,46096.28312701963
12800.0,,0.344,-25.75,14.48,46089.51,Metal Loss,External,12.0,0.041,,,0.91,1.46,5:18,,,0.7,166.27,,MFL-A/XT,,1160.0,65000.0,,1342.0,,,,,,,,,2015,Metal Loss_46089.5,True,46089.51,46089.51,METAL_LOSS,False,5.3,2963,46096.34278399205
12800.0,,0.344,-26.07,14.17,46089.83,Metal Loss,External,13.0,0.045,,,0.79,1.3,5:24,,,0.7,166.25,,MFL-A/XT,,1160.0,65000.0,,1342.0,1472.26,2044.19,,,,,,,2015,Metal Loss_46089.8,True,46089.83,46089.83,METAL_LOSS,False,5.4,2964,46096.66095451156
12800.0,,0.344,-26.28,13.96,46090.03,Metal Loss,External,16.0,0.055,,,0.83,1.18,4:28,,,0.7,166.24,,MFL-A/XT,,1160.0,65000.0,,1342.0,1470.64,2041.95,,,,,,,2015,Metal Loss_46090.0,True,46090.03,46090.03,METAL_LOSS,False,4.466666666666667,2965,46096.85981108625
12800.0,,0.344,-26.44,13.8,46090.2,Metal Loss,External,19.0,0.065,,,0.71,1.34,5:19,,,0.7,166.23,,MFL-A/XT,,1160.0,65000.0,,1342.0,1471.2,2042.72,,,,,,,2015,Metal Loss_46090.2,True,46090.2,46090.2,METAL_LOSS,False,5.316666666666666,2966,46097.02883917474
12800.0,,0.344,-27.62,12.61,46091.38,Metal Loss,External,14.0,0.048,,,0.94,1.1,4:39,,,0.7,166.14,,MFL-A/XT,,1160.0,65000.0,,1342.0,1470.01,2041.08,,,,,,,2015,Metal Loss_46091.4,True,46091.38,46091.38,METAL_LOSS,False,4.65,2967,46098.202092965446
12800.0,,0.344,-28.17,12.06,46091.93,Metal Loss,External,14.0,0.048,,,1.18,1.53,4:30,,,0.7,166.1,,MFL-A/XT,,1160.0,65000.0,,1342.0,1466.83,2036.65,,,,,,,2015,Metal Loss_46091.9,True,46091.93,46091.93,METAL_LOSS,False,4.5,2968,46098.74894854586
12800.0,,0.344,-28.88,11.35,46092.64,Metal Loss,External,10.0,0.034,,,0.32,1.5,4:30,,,0.7,166.05,,MFL-A/XT,,1160.0,65000.0,,1342.0,,,,,,,,,2015,Metal Loss_46092.6,True,46092.64,46092.64,METAL_LOSS,False,4.5,2969,46099.45488938603
12800.0,,0.344,-29.01,11.23,46092.77,Metal Loss,External,11.0,0.038,,,2.13,1.58,5:24,,,0.7,166.04,,MFL-A/XT,,1160.0,65000.0,,1342.0,,,,,,,,,2015,Metal Loss_46092.8,True,46092.77,46092.77,METAL_LOSS,False,5.4,2970,46099.58414615958
12800.0,,0.344,-29.35,10.88,46093.11,Metal Loss,External,13.0,0.045,,,0.87,1.14,5:27,,,0.7,166.01,,MFL-A/XT,,1160.0,65000.0,,1342.0,1471.41,2043.01,,,,,,,2015,Metal Loss_46093.1,True,46093.11,46093.11,METAL_LOSS,False,5.45,2971,46099.922202336566
12800.0,,0.344,-29.8,10.43,46093.56,Metal Loss,External,11.0,0.038,,,1.97,0.59,4:26,,,0.7,165.98,,MFL-A/XT,,1160.0,65000.0,,1342.0,,,,,,,,,2015,Metal Loss_46093.6,True,46093.56,46093.56,METAL_LOSS,False,4.433333333333334,2972,46100.369629629626
12800.0,,0.344,-29.87,10.36,46093.63,Metal Loss,External,17.0,0.058,,,1.42,4.41,4:57,,,0.7,165.97,,MFL-A/XT,,1160.0,65000.0,,1342.0,1460.34,2027.65,,,,,,,2015,Metal Loss_46093.6,True,46093.63,46093.63,METAL_LOSS,False,4.95,2973,46100.43922943077
12800.0,,0.344,-30.12,10.11,46093.88,Metal Loss,External,19.0,0.065,,,1.34,1.65,5:16,,,0.7,165.95,,MFL-A/XT,,1160.0,65000.0,,1342.0,1459.8,2026.89,,,,,,,2015,Metal Loss_46093.9,True,46093.88,46093.88,METAL_LOSS,False,5.266666666666667,2974,46100.68780014914
12800.0,,0.344,-30.28,9.95,46094.04,Metal Loss,External,16.0,0.055,,,1.22,1.34,4:29,,,0.7,165.94,,MFL-A/XT,,1160.0,65000.0,,1342.0,1464.94,2034.03,,,,,,,2015,Metal Loss_46094.0,True,46094.04,46094.04,METAL_LOSS,False,4.483333333333333,2975,46100.8468854089
12800.0,,0.344,-30.7,9.53,46094.46,Metal Loss,External,15.0,0.052,,,0.67,1.26,5:12,,,0.7,165.91,,MFL-A/XT,,1160.0,65000.0,,1342.0,1472.85,2045.02,,,,,,,2015,Metal Loss_46094.5,True,46094.46,46094.46,METAL_LOSS,False,5.2,2976,46101.26448421576
12800.0,,0.344,-30.88,9.36,46094.64,Metal Loss,External,11.0,0.038,,,0.83,1.26,5:15,,,0.7,165.89,,MFL-A/XT,,1160.0,65000.0,,1342.0,,,,,,,,,2015,Metal Loss_46094.6,True,46094.64,46094.64,METAL_LOSS,False,5.25,2977,46101.44345513298
12800.0,,0.344,-39.31,0.93,46103.07,Cluster,External,32.0,0.11,,,1.38,3.5,5:06,,,0.7,165.15,,,,1160.0,65000.0,,1342.0,1444.48,2005.62,1511.74,2099.01,1523.54,2115.4,0.77,1.81,2015,Cluster_46103.1,True,46103.07,46103.07,CLUSTER,False,5.1,2980,46109.8252597564
12820.0,,0.344,-39.29,0.83,46183.42,Metal Loss,External,15.0,0.052,,,1.61,1.38,06:00,,,1.0,156.17,,MFL-A/XT,,1160.0,65000.0,,1342.0,1459.05,2025.86,,,,,,,2015,Metal Loss_46183.4,True,46183.42,46183.42,METAL_LOSS,False,6.0,2988,46190.288344965105
12830.0,,0.344,-20.6,19.55,46204.85,Metal Loss,External,16.0,0.055,,,1.1,1.81,5:42,,,0.7,154.04,,MFL-A/XT,,1160.0,65000.0,,1342.0,1466.69,2036.47,,,,,,,2015,Metal Loss_46204.8,True,46204.85,46204.85,METAL_LOSS,False,5.7,2990,46211.735392278955
12830.0,,0.344,-20.7,19.45,46204.95,Metal Loss,External,15.0,0.052,,,0.79,1.06,6:47,,,0.7,154.03,,MFL-A/XT,,1160.0,65000.0,,1342.0,1471.45,2043.07,,,,,,,2015,Metal Loss_46204.9,True,46204.95,46204.95,METAL_LOSS,False,6.783333333333333,2991,46211.83546699875
12830.0,,0.344,-21.18,18.98,46205.43,Metal Loss,External,10.0,0.034,,,0.63,1.14,6:47,,,0.7,153.99,,MFL-A/XT,,1160.0,65000.0,,1342.0,,,,,,,,,2015,Metal Loss_46205.4,True,46205.43,46205.43,METAL_LOSS,False,6.783333333333333,2992,46212.3158256538
12830.0,,0.344,-23.18,16.97,46207.43,Metal Loss,External,25.0,0.086,,,0.67,1.26,6:19,,,0.7,153.82,,MFL-A/XT,,1160.0,65000.0,,1342.0,1469.97,2041.02,1541.56,2140.41,1542.17,2141.26,0.75,1.85,2015,Metal Loss_46207.4,True,46207.43,46207.43,METAL_LOSS,False,6.316666666666666,2993,46214.31732004981
12830.0,,0.344,-23.19,16.97,46207.43,Metal Loss,External,15.0,0.052,,,0.79,0.75,6:52,,,0.7,153.82,,MFL-A/XT,,1160.0,65000.0,,1342.0,1471.45,2043.07,,,,,,,2015,Metal Loss_46207.4,True,46207.43,46207.43,METAL_LOSS,False,6.866666666666667,2994,46214.31732004981
12830.0,,0.344,-23.85,16.31,46208.09,Metal Loss,External,23.0,0.079,,,0.79,1.65,6:13,,,0.7,153.77,,MFL-A/XT,,1160.0,65000.0,,1342.0,1468.47,2038.93,1539.91,2138.12,1540.56,2139.02,0.75,1.84,2015,Metal Loss_46208.1,True,46208.09,46208.09,METAL_LOSS,False,6.216666666666667,2995,46214.977813200494
12830.0,,0.344,-24.25,15.91,46208.5,Metal Loss,External,20.0,0.069,,,0.83,1.34,6:30,,,0.7,153.74,,MFL-A/XT,,1160.0,65000.0,,1342.0,1469.24,2040.01,1540.82,2139.39,1541.23,2139.95,0.75,1.84,2015,Metal Loss_46208.5,True,46208.5,46208.5,METAL_LOSS,False,6.5,2996,46215.38811955168
12830.0,,0.344,-24.35,15.81,46208.59,Metal Loss,External,10.0,0.034,,,0.83,1.3,5:17,,,0.7,153.73,,MFL-A/XT,,1160.0,65000.0,,1342.0,,,,,,,,,2015,Metal Loss_46208.6,True,46208.59,46208.59,METAL_LOSS,False,5.283333333333333,2997,46215.4781867995
12840.0,,0.344,-2.21,37.95,46226.61,Metal Loss,External,12.0,0.041,,,1.34,2.32,5:54,,,0.7,152.55,,MFL-A/XT,,1160.0,65000.0,,1342.0,,,,,,,,,2015,Metal Loss_46226.6,True,46226.61,46226.61,METAL_LOSS,False,5.9,2999,46233.501197411
12840.0,,0.344,-13.55,26.61,46237.96,Metal Loss,External,12.0,0.041,,,0.91,2.01,6:10,,,0.7,151.84,,MFL-A/XT,,1160.0,65000.0,,1342.0,,,,,,,,,2015,Metal Loss_46238.0,True,46237.96,46237.96,METAL_LOSS,False,6.166666666666667,3000,46244.80598954444
12840.0,,0.344,-14.16,26.0,46238.56,Metal Loss,External,13.0,0.045,,,0.94,1.53,4:58,,,0.7,151.81,,MFL-A/XT,,1160.0,65000.0,,1342.0,1470.49,2041.74,,,,,,,2015,Metal Loss_46238.6,True,46238.56,46238.56,METAL_LOSS,False,4.966666666666667,3001,46245.40359970127
12840.0,,0.344,-14.59,25.57,46239.0,Cluster,External,19.0,0.065,,,2.17,1.93,5:26,,,0.7,151.79,,,,1160.0,65000.0,,1342.0,1440.52,2000.12,,,,,,,2015,Cluster_46239.0,True,46239.0,46239.0,CLUSTER,False,5.433333333333334,3002,46245.84184714961
12840.0,,0.344,-14.83,25.33,46239.23,Cluster,External,23.0,0.079,,,1.96,6.77,4:26,,,0.7,151.77,,,,1160.0,65000.0,,1342.0,1437.83,1996.39,1504.34,2088.74,1512.76,2100.43,0.77,1.8,2015,Cluster_46239.2,True,46239.23,46239.23,CLUSTER,False,4.433333333333334,3003,46246.07093104307
12840.0,,0.344,-14.87,25.29,46239.28,Metal Loss,External,15.0,0.052,,,0.47,0.87,5:59,,,0.7,151.77,,MFL-A/XT,,1160.0,65000.0,,1342.0,1474.49,2047.29,,,,,,,2015,Metal Loss_46239.3,True,46239.28,46239.28,METAL_LOSS,False,5.983333333333333,3004,46246.12073188947
12840.0,,0.344,-15.54,24.62,46239.95,Metal Loss,External,12.0,0.041,,,1.42,0.75,6:35,,,0.7,151.74,,MFL-A/XT,,1160.0,65000.0,,1342.0,,,,,,,,,2015,Metal Loss_46239.9,True,46239.95,46239.95,METAL_LOSS,False,6.583333333333333,3005,46246.788063231266
12840.0,,0.344,-15.59,24.58,46239.99,Metal Loss,External,18.0,0.062,,,0.75,1.34,6:05,,,0.7,151.73,,MFL-A/XT,,1160.0,65000.0,,1342.0,1471.03,2042.48,,,,,,,2015,Metal Loss_46240.0,True,46239.99,46239.99,METAL_LOSS,False,6.083333333333333,3006,46246.827903908386
12840.0,,0.344,-15.78,24.39,46240.18,Metal Loss,External,12.0,0.041,,,0.51,0.98,6:26,,,0.7,151.72,,MFL-A/XT,,1160.0,65000.0,,1342.0,,,,,,,,,2015,Metal Loss_46240.2,True,46240.18,46240.18,METAL_LOSS,False,6.433333333333334,3007,46247.01714712472
12840.0,,0.344,-16.43,23.73,46240.84,Metal Loss,External,15.0,0.052,,,0.47,0.83,5:27,,,0.7,151.69,,MFL-A/XT,,1160.0,65000.0,,1342.0,1474.4,2047.17,,,,,,,2015,Metal Loss_46240.8,True,46240.84,46240.84,METAL_LOSS,False,5.45,3008,46247.67451829723
12840.0,,0.344,-16.51,23.65,46240.92,Metal Loss,External,16.0,0.055,,,1.73,2.68,5:58,,,0.7,151.69,,MFL-A/XT,,1160.0,65000.0,,1342.0,1455.23,2020.55,,,,,,,2015,Metal Loss_46240.9,True,46240.92,46240.92,METAL_LOSS,False,5.966666666666667,3009,46247.75419965148
12840.0,,0.344,-16.7,23.47,46241.1,Metal Loss,External,13.0,0.045,,,0.47,0.63,6:19,,,0.7,151.68,,MFL-A/XT,,1160.0,65000.0,,1342.0,1474.66,2047.53,,,,,,,2015,Metal Loss_46241.1,True,46241.1,46241.1,METAL_LOSS,False,6.316666666666666,3010,46247.93348269853
12840.0,,0.344,-17.0,23.16,46241.41,Metal Loss,External,15.0,0.052,,,1.38,1.89,5:59,,,0.7,151.66,,MFL-A/XT,,1160.0,65000.0,,1342.0,1463.0,2031.34,,,,,,,2015,Metal Loss_46241.4,True,46241.41,46241.41,METAL_LOSS,False,5.983333333333333,3011,46248.24224794623
12840.0,,0.344,-25.83,14.34,46250.23,Metal Loss,External,15.0,0.052,,,0.67,1.18,9:46,,,0.7,151.3,,MFL-A/XT,,1160.0,65000.0,,1342.0,1472.73,2044.85,,,,,,,2015,Metal Loss_46250.2,True,46250.23,46250.23,METAL_LOSS,False,9.766666666666667,3012,46257.02711725168
12840.0,,0.344,-27.39,12.77,46251.8,Metal Loss,External,11.0,0.038,,,0.59,0.94,9:55,,,0.7,151.25,,MFL-A/XT,,1160.0,65000.0,,1342.0,,,,,,,,,2015,Metal Loss_46251.8,True,46251.8,46251.8,METAL_LOSS,False,9.916666666666666,3013,46258.59086382873
12840.0,,0.344,-27.57,12.6,46251.97,Metal Loss,External,18.0,0.062,,,0.71,1.22,9:53,,,0.7,151.24,,MFL-A/XT,,1160.0,65000.0,,1342.0,1471.5,2043.14,,,,,,,2015,Metal Loss_46252.0,True,46251.97,46251.97,METAL_LOSS,False,9.883333333333333,3014,46258.760186706495
12840.0,,0.344,-27.76,12.41,46252.16,Metal Loss,External,15.0,0.052,,,0.59,1.02,9:41,,,0.7,151.24,,MFL-A/XT,,1160.0,65000.0,,1342.0,1473.52,2045.95,,,,,,,2015,Metal Loss_46252.2,True,46252.16,46252.16,METAL_LOSS,False,9.683333333333334,3015,46258.94942992283
12840.0,,0.344,-27.93,12.23,46252.34,Metal Loss,External,12.0,0.041,,,0.87,1.42,9:46,,,0.7,151.23,,MFL-A/XT,,1160.0,65000.0,,1342.0,,,,,,,,,2015,Metal Loss_46252.3,True,46252.34,46252.34,METAL_LOSS,False,9.766666666666667,3016,46259.128712969876
12840.0,,0.344,-28.15,12.01,46252.56,Metal Loss,External,33.0,0.114,,,0.51,1.06,10:04,,,0.7,151.23,,MFL-A/XT,,1160.0,65000.0,,1342.0,1470.95,2042.38,1542.52,2141.75,1543.25,2142.76,0.75,1.85,2015,Metal Loss_46252.6,True,46252.56,46252.56,METAL_LOSS,False,10.066666666666666,3017,46259.34783669405
12840.0,,0.344,-28.29,11.88,46252.69,Metal Loss,External,24.0,0.083,,,0.51,1.26,9:51,,,0.7,151.22,,MFL-A/XT,,1160.0,65000.0,,1342.0,1472.65,2044.74,1544.57,2144.6,1544.89,2145.05,0.75,1.85,2015,Metal Loss_46252.7,True,46252.69,46252.69,METAL_LOSS,False,9.85,3018,46259.4773188947
12840.0,,0.344,-28.88,11.29,46253.28,Metal Loss,External,21.0,0.072,,,0.67,1.22,9:49,,,0.7,151.21,,MFL-A/XT,,1160.0,65000.0,,1342.0,1471.13,2042.62,1542.91,2142.29,1543.25,2142.76,0.75,1.85,2015,Metal Loss_46253.3,True,46253.28,46253.28,METAL_LOSS,False,9.816666666666666,3019,46260.064968882245
12840.0,,0.344,-29.06,11.1,46253.47,Metal Loss,External,14.0,0.048,,,0.71,1.14,9:40,,,0.7,151.2,,MFL-A/XT,,1160.0,65000.0,,1342.0,1472.65,2044.73,,,,,,,2015,Metal Loss_46253.5,True,46253.47,46253.47,METAL_LOSS,False,9.666666666666666,3020,46260.25421209858
12840.0,,0.344,-32.66,7.51,46257.06,Metal Loss,External,16.0,0.055,,,0.91,0.79,9:54,,,0.7,151.11,,MFL-A/XT,,1160.0,65000.0,,1342.0,1469.69,2040.63,,,,,,,2015,Metal Loss_46257.1,True,46257.06,46257.06,METAL_LOSS,False,9.9,3022,46263.8299128703
12840.0,,0.344,-39.14,1.02,46263.54,Metal Loss,External,32.0,0.11,,,1.14,6.5,5:51,Recoat,,0.7,150.93,,MFL-A/XT,,1160.0,65000.0,,1342.0,1453.5,2018.15,1522.37,2113.77,1525.41,2118.0,0.76,1.82,2015,Metal Loss_46263.5,True,46263.54,46263.54,METAL_LOSS,False,5.85,3024,46270.2841025641
12840.0,,0.344,-39.16,1.01,46263.56,Metal Loss,External,47.0,0.162,,,0.67,1.38,4:27,Recoat,,0.7,150.93,,MFL-A/XT,,1160.0,65000.0,,1342.0,1462.07,2030.04,1531.47,2126.41,1534.22,2130.22,0.76,1.83,2015,Metal Loss_46263.6,True,46263.56,46263.56,METAL_LOSS,False,4.45,3025,46270.30402290266
12840.0,,0.344,-39.18,0.98,46263.59,Metal Loss,External,20.0,0.069,,,1.65,1.22,7:36,Recoat,,0.7,150.93,,MFL-A/XT,,1160.0,65000.0,,1342.0,1451.38,2015.21,1520.43,2111.08,1521.89,2113.1,0.76,1.82,2015,Metal Loss_46263.6,True,46263.59,46263.59,METAL_LOSS,False,7.6,3026,46270.3339034105
12840.0,,0.344,-39.21,0.96,46263.61,Metal Loss,External,19.0,0.065,,,0.67,1.26,9:28,Recoat,,0.7,150.93,,MFL-A/XT,,1160.0,65000.0,,1342.0,1471.83,2043.6,,,,,,,2015,Metal Loss_46263.6,True,46263.61,46263.61,METAL_LOSS,False,9.466666666666667,3027,46270.353823749065
12840.0,,0.344,-39.23,0.93,46263.64,Metal Loss,External,18.0,0.062,,,0.71,1.34,8:48,Recoat,,0.7,150.93,,MFL-A/XT,,1160.0,65000.0,,1342.0,1471.5,2043.14,,,,,,,2015,Metal Loss_46263.6,True,46263.64,46263.64,METAL_LOSS,False,8.8,3028,46270.38370425691
12840.0,,0.344,-39.24,0.92,46263.64,Metal Loss,External,15.0,0.052,,,0.51,1.02,1:22,Recoat,,0.7,150.93,,MFL-A/XT,,1160.0,65000.0,,1342.0,1474.13,2046.79,,,,,,,2015,Metal Loss_46263.6,True,46263.64,46263.64,METAL_LOSS,False,1.3666666666666667,3029,46270.38370425691
12840.0,,0.344,-39.29,0.87,46263.7,Metal Loss,External,12.0,0.041,,,0.47,2.28,7:59,Recoat,,0.7,150.92,,MFL-A/XT,,1160.0,65000.0,,1342.0,,,,,,,,,2015,Metal Loss_46263.7,True,46263.7,46263.7,METAL_LOSS,False,7.983333333333333,3030,46270.44346527258
12850.0,,0.344,-0.79,39.35,46265.36,Cluster,External,29.0,0.1,,,0.72,6.89,6:27,Recoat,,0.7,150.87,,,,1160.0,65000.0,,1342.0,1467.94,2038.2,1539.18,2137.11,1540.97,2139.59,0.75,1.84,2015,Cluster_46265.4,True,46265.36,46265.36,CLUSTER,False,6.45,3032,46272.095276532134
12850.0,,0.344,-0.79,39.35,46265.36,Cluster,External,32.0,0.11,,,0.67,4.17,8:59,Recoat,,0.7,150.87,,,,1160.0,65000.0,,1342.0,1467.83,2038.05,1538.97,2136.82,1540.34,2138.72,0.75,1.84,2015,Cluster_46265.4,True,46265.36,46265.36,CLUSTER,False,8.983333333333333,3033,46272.095276532134
12850.0,,0.344,-0.8,39.34,46265.37,Metal Loss,External,13.0,0.045,,,0.83,1.97,2:32,Recoat,,0.7,150.87,,MFL-A/XT,,1160.0,65000.0,,1342.0,1471.78,2043.53,,,,,,,2015,Metal Loss_46265.4,True,46265.37,46265.37,METAL_LOSS,False,2.533333333333333,3034,46272.10521674141
12850.0,,0.344,-0.8,39.34,46265.37,Metal Loss,External,37.0,0.127,,,0.51,1.3,8:01,Recoat,,0.7,150.87,,MFL-A/XT,,1160.0,65000.0,,1342.0,1470.38,2041.59,1541.79,2140.73,1542.69,2141.98,0.75,1.85,2015,Metal Loss_46265.4,True,46265.37,46265.37,METAL_LOSS,False,8.016666666666667,3035,46272.10521674141
12850.0,,0.344,-0.81,39.33,46265.38,Metal Loss,External,26.0,0.089,,,0.55,1.93,3:42,Recoat,,0.7,150.87,,MFL-A/XT,,1160.0,65000.0,,1342.0,1471.74,2043.48,1543.53,2143.16,1544.0,2143.8,0.75,1.85,2015,Metal Loss_46265.4,True,46265.38,46265.38,METAL_LOSS,False,3.7,3036,46272.11515695067
12850.0,,0.344,-0.82,39.33,46265.38,Metal Loss,External,10.0,0.034,,,0.83,1.42,3:08,Recoat,,0.7,150.87,,MFL-A/XT,,1160.0,65000.0,,1342.0,,,,,,,,,2015,Metal Loss_46265.4,True,46265.38,46265.38,METAL_LOSS,False,3.1333333333333333,3037,46272.11515695067
12850.0,,0.344,-0.82,39.32,46265.39,Metal Loss,External,18.0,0.062,,,1.14,3.03,4:29,Recoat,,0.7,150.87,,MFL-A/XT,,1160.0,65000.0,,1342.0,1464.7,2033.7,,,,,,,2015,Metal Loss_46265.4,True,46265.39,46265.39,METAL_LOSS,False,4.483333333333333,3038,46272.12509715994
12850.0,,0.344,-0.85,39.29,46265.42,Metal Loss,External,17.0,0.058,,,0.51,0.91,10:01,Recoat,,0.7,150.86,,MFL-A/XT,,1160.0,65000.0,,1342.0,1473.82,2046.36,,,,,,,2015,Metal Loss_46265.4,True,46265.42,46265.42,METAL_LOSS,False,10.016666666666667,3039,46272.15491778774
12850.0,,0.344,-8.11,32.03,46272.68,Metal Loss,External,32.0,0.11,,,1.69,2.28,7:15,,,0.7,150.56,,MFL-A/XT,,1160.0,65000.0,,1342.0,1431.47,1987.56,1496.19,2077.43,1502.19,2085.76,0.78,1.79,2015,Metal Loss_46272.7,True,46272.68,46272.68,METAL_LOSS,False,7.25,3043,46279.371509715995
12850.0,,0.344,-8.18,31.96,46272.75,Metal Loss,External,21.0,0.072,,,1.06,1.65,7:58,,,0.7,150.56,,MFL-A/XT,,1160.0,65000.0,,1342.0,1464.03,2032.77,1534.94,2131.23,1535.77,2132.38,0.76,1.84,2015,Metal Loss_46272.8,True,46272.75,46272.75,METAL_LOSS,False,7.966666666666667,3044,46279.441091180866
12850.0,,0.344,-8.24,31.9,46272.81,Metal Loss,External,12.0,0.041,,,0.67,3.19,8:34,,,0.7,150.56,,MFL-A/XT,,1160.0,65000.0,,1342.0,,,,,,,,,2015,Metal Loss_46272.8,True,46272.81,46272.81,METAL_LOSS,False,8.566666666666666,3045,46279.50073243647
12850.0,,0.344,-8.63,31.51,46273.2,Metal Loss,External,15.0,0.052,,,1.14,1.42,6:49,,,0.7,150.54,,MFL-A/XT,,1160.0,65000.0,,1342.0,1466.82,2036.64,,,,,,,2015,Metal Loss_46273.2,True,46273.2,46273.2,METAL_LOSS,False,6.816666666666666,3046,46279.888400597905
12850.0,,0.344,-9.19,30.95,46273.76,Metal Loss,External,11.0,0.038,,,0.94,1.5,7:06,,,0.7,150.51,,MFL-A/XT,,1160.0,65000.0,,1342.0,,,,,,,,,2015,Metal Loss_46273.8,True,46273.76,46273.76,METAL_LOSS,False,7.1,3047,46280.44505231689
12850.0,,0.344,-9.63,30.51,46274.2,Metal Loss,External,20.0,0.069,,,0.75,1.22,6:53,,,0.7,150.49,,MFL-A/XT,,1160.0,65000.0,,1342.0,1470.37,2041.57,1542.08,2141.13,1542.41,2141.6,0.75,1.85,2015,Metal Loss_46274.2,True,46274.2,46274.2,METAL_LOSS,False,6.883333333333333,3048,46280.88242152466
12850.0,,0.344,-10.22,29.92,46274.79,Metal Loss,External,20.0,0.069,,,1.53,1.53,7:24,,,0.7,150.46,,MFL-A/XT,,1160.0,65000.0,,1342.0,1454.31,2019.28,1523.84,2115.82,1525.12,2117.59,0.76,1.82,2015,Metal Loss_46274.8,True,46274.79,46274.79,METAL_LOSS,False,7.4,3049,46281.468893871446
12850.0,,0.344,-20.01,20.13,46284.58,Metal Loss,External,12.0,0.041,,,0.47,0.79,6:07,,,0.7,149.92,,MFL-A/XT,,1160.0,65000.0,,1342.0,,,,,,,,,2015,Metal Loss_46284.6,True,46284.58,46284.58,METAL_LOSS,False,6.116666666666666,3050,46291.2003587444
12850.0,,0.344,-20.1,20.04,46284.67,Metal Loss,External,22.0,0.076,,,0.71,1.65,6:03,,,0.7,149.91,,MFL-A/XT,,1160.0,65000.0,,1342.0,1470.28,2041.44,1541.95,2140.96,1542.4,2141.58,0.75,1.85,2015,Metal Loss_46284.7,True,46284.67,46284.67,METAL_LOSS,False,6.05,3051,46291.2898206278
12850.0,,0.344,-20.84,19.3,46285.4,Cluster,External,25.0,0.086,,,0.79,4.21,7:19,,,0.7,149.87,,,,1160.0,65000.0,,1342.0,1467.76,2037.95,1539.07,2136.96,1540.16,2138.48,0.75,1.84,2015,Cluster_46285.4,True,46285.4,46285.4,CLUSTER,False,7.316666666666666,3052,46292.01545590434
12850.0,,0.344,-21.13,19.01,46285.7,Metal Loss,External,18.0,0.062,,,0.55,1.02,6:52,,,0.7,149.86,,MFL-A/XT,,1160.0,65000.0,,1342.0,1473.3,2045.64,,,,,,,2015,Metal Loss_46285.7,True,46285.7,46285.7,METAL_LOSS,False,6.866666666666667,3053,46292.31366218236
12850.0,,0.344,-21.55,18.59,46286.12,Metal Loss,External,13.0,0.045,,,1.73,2.17,5:33,,,0.7,149.84,,MFL-A/XT,,1160.0,65000.0,,1342.0,1459.67,2026.72,,,,,,,2015,Metal Loss_46286.1,True,46286.12,46286.12,METAL_LOSS,False,5.55,3054,46292.7311509716
12850.0,,0.344,-21.64,18.5,46286.21,Metal Loss,External,15.0,0.052,,,0.67,1.18,9:03,,,0.7,149.83,,MFL-A/XT,,1160.0,65000.0,,1342.0,1472.85,2045.02,,,,,,,2015,Metal Loss_46286.2,True,46286.21,46286.21,METAL_LOSS,False,9.05,3055,46292.82061285501
12850.0,,0.344,-22.19,17.95,46286.75,Metal Loss,External,13.0,0.045,,,0.43,0.67,9:16,,,0.7,149.8,,MFL-A/XT,,1160.0,65000.0,,1342.0,1474.95,2047.93,,,,,,,2015,Metal Loss_46286.8,True,46286.75,46286.75,METAL_LOSS,False,9.266666666666667,3056,46293.35738415545
12850.0,,0.344,-22.27,17.87,46286.84,Metal Loss,External,21.0,0.072,,,0.51,1.22,9:07,,,0.7,149.8,,MFL-A/XT,,1160.0,65000.0,,1342.0,1473.16,2045.45,1545.17,2145.43,1545.37,2145.71,0.75,1.85,2015,Metal Loss_46286.8,True,46286.84,46286.84,METAL_LOSS,False,9.116666666666667,3057,46293.44684603886
12850.0,,0.344,-22.61,17.53,46287.18,Metal Loss,External,10.0,0.034,,,0.75,1.46,6:23,,,0.7,149.78,,MFL-A/XT,,1160.0,65000.0,,1342.0,,,,,,,,,2015,Metal Loss_46287.2,True,46287.18,46287.18,METAL_LOSS,False,6.383333333333334,3058,46293.78481315396
12850.0,,0.344,-23.92,16.22,46288.49,Metal Loss,External,32.0,0.11,,,1.14,1.53,5:53,,,0.7,149.72,,MFL-A/XT,,1160.0,65000.0,,1342.0,1453.07,2017.55,1521.86,2113.07,1524.96,2117.38,0.76,1.82,2015,Metal Loss_46288.5,True,46288.49,46288.49,METAL_LOSS,False,5.883333333333333,3059,46295.08698056801
12850.0,,0.344,-29.32,10.82,46293.89,Metal Loss,External,11.0,0.038,,,0.83,1.53,6:13,,,0.7,149.49,,MFL-A/XT,,1160.0,65000.0,,1342.0,,,,,,,,,2015,Metal Loss_46293.9,True,46293.89,46293.89,METAL_LOSS,False,6.216666666666667,3060,46300.454693572494
12850.0,,0.344,-29.78,10.36,46294.35,Metal Loss,External,14.0,0.048,,,1.18,1.77,6:12,,,0.7,149.48,,MFL-A/XT,,1160.0,65000.0,,1342.0,1467.0,2036.89,,,,,,,2015,Metal Loss_46294.3,True,46294.35,46294.35,METAL_LOSS,False,6.2,3061,46300.9119431988
12850.0,,0.344,-31.3,8.84,46295.87,Metal Loss,External,10.0,0.034,,,1.18,1.69,5:46,,,0.7,149.42,,MFL-A/XT,,1160.0,65000.0,,1342.0,,,,,,,,,2015,Metal Loss_46295.9,True,46295.87,46295.87,METAL_LOSS,False,5.766666666666667,3062,46302.42285500748
12860.0,,0.344,-37.85,2.24,46342.56,Metal Loss,External,18.0,0.062,,,0.83,1.34,8:15,,,0.7,147.35,,MFL-A/XT,,1160.0,65000.0,,1342.0,1469.86,2040.86,,,,,,,2015,Metal Loss_46342.6,True,46342.56,46342.56,METAL_LOSS,False,8.25,3064,46349.022234971315
12860.0,,0.344,-38.0,2.09,46342.71,Metal Loss,External,12.0,0.041,,,0.59,0.98,08:00,,,0.7,147.34,,MFL-A/XT,,1160.0,65000.0,,1342.0,,,,,,,,,2015,Metal Loss_46342.7,True,46342.71,46342.71,METAL_LOSS,False,8.0,3065,46349.172085308055
12860.0,,0.344,-38.3,1.79,46343.01,Metal Loss,External,21.0,0.072,,,0.94,1.26,8:23,,,0.7,147.33,,MFL-A/XT,,1160.0,65000.0,,1342.0,1466.44,2036.11,1537.66,2135.01,1538.32,2135.93,0.75,1.84,2015,Metal Loss_46343.0,True,46343.01,46343.01,METAL_LOSS,False,8.383333333333333,3066,46349.47178598154
12860.0,,0.344,-39.2,0.89,46343.91,Metal Loss,External,10.0,0.034,,,0.83,2.32,8:11,,,0.7,147.28,,MFL-A/XT,,1160.0,65000.0,,1342.0,,,,,,,,,2015,Metal Loss_46343.9,True,46343.91,46343.91,METAL_LOSS,False,8.183333333333334,3068,46350.370888002
12870.0,,0.344,-0.78,39.14,46345.58,Metal Loss,External,11.0,0.038,,,0.79,1.53,3:41,,,0.7,147.2,,MFL-A/XT,,1160.0,65000.0,,1342.0,,,,,,,,,2015,Metal Loss_46345.6,True,46345.58,46345.58,METAL_LOSS,False,3.6833333333333336,3070,46352.042539444024
12870.0,,0.344,-0.79,39.13,46345.6,Metal Loss,External,16.0,0.055,,,0.55,2.44,3:02,,,0.7,147.2,,MFL-A/XT,,1160.0,65000.0,,1342.0,1473.66,2046.14,,,,,,,2015,Metal Loss_46345.6,True,46345.6,46345.6,METAL_LOSS,False,3.033333333333333,3071,46352.06260455798
12870.0,,0.344,-0.8,39.13,46345.6,Metal Loss,External,43.0,0.148,,,0.55,0.91,9:20,,,0.7,147.2,,MFL-A/XT,,1160.0,65000.0,,1342.0,1467.68,2037.84,1538.43,2136.07,1539.95,2138.18,0.75,1.84,2015,Metal Loss_46345.6,True,46345.6,46345.6,METAL_LOSS,False,9.333333333333334,3072,46352.06260455798
12870.0,,0.344,-0.8,39.12,46345.6,Metal Loss,External,31.0,0.107,,,0.63,2.52,7:09,,,0.7,147.2,,MFL-A/XT,,1160.0,65000.0,,1342.0,1469.18,2039.92,1540.54,2139.0,1541.45,2140.26,0.75,1.84,2015,Metal Loss_46345.6,True,46345.6,46345.6,METAL_LOSS,False,7.15,3073,46352.06260455798
12880.0,,0.344,-30.71,9.44,46415.43,Metal Loss,External,18.0,0.062,,,0.67,1.02,3:44,,,0.7,144.78,,MFL-A/XT,,1160.0,65000.0,,1342.0,1471.95,2043.76,,,,,,,2015,Metal Loss_46415.4,True,46415.43,46415.43,METAL_LOSS,False,3.7333333333333334,3075,46421.91295143213
12880.0,,0.344,-31.11,9.04,46415.83,Metal Loss,External,11.0,0.038,,,1.89,1.65,3:55,,,0.7,144.78,,MFL-A/XT,,1160.0,65000.0,,1342.0,,,,,,,,,2015,Metal Loss_46415.8,True,46415.83,46415.83,METAL_LOSS,False,3.9166666666666665,3076,46422.31155666252
12880.0,,0.344,-39.25,0.9,46423.98,Metal Loss,External,38.0,0.131,,,0.75,2.76,12:22,,,0.7,144.67,,MFL-A/XT,,1160.0,65000.0,,1342.0,1463.4,2031.89,1533.6,2129.36,1535.63,2132.18,0.76,1.84,2015,Metal Loss_46424.0,True,46423.98,46423.98,METAL_LOSS,False,12.366666666666667,3080,46430.43313823164
12880.0,,0.344,-39.25,0.9,46423.98,Metal Loss,External,20.0,0.069,,,0.75,3.23,8:09,,,0.7,144.67,,MFL-A/XT,,1160.0,65000.0,,1342.0,1470.37,2041.57,1542.08,2141.13,1542.41,2141.6,0.75,1.85,2015,Metal Loss_46424.0,True,46423.98,46423.98,METAL_LOSS,False,8.15,3081,46430.43313823164
12880.0,,0.344,-39.33,0.82,46424.06,Metal Loss,External,12.0,0.041,,,0.43,1.26,5:03,,,0.7,144.67,,MFL-A/XT,,1160.0,65000.0,,1342.0,,,,,,,,,2015,Metal Loss_46424.1,True,46424.06,46424.06,METAL_LOSS,False,5.05,3083,46430.51285927771
12880.0,,0.344,-39.33,0.82,46424.06,Metal Loss,External,52.0,0.179,,,0.71,1.42,3:37,,,0.7,144.67,,MFL-A/XT,,1160.0,65000.0,,1342.0,1457.48,2023.67,1525.4,2117.98,1529.43,2123.57,0.76,1.83,2015,Metal Loss_46424.1,True,46424.06,46424.06,METAL_LOSS,False,3.6166666666666667,3084,46430.51285927771
12880.0,,0.344,-39.55,0.6,46424.28,Metal Loss,External,11.0,0.038,,,0.79,4.53,3:51,,,0.7,144.67,,MFL-A/XT,,1160.0,65000.0,,1342.0,,,,,,,,,2015,Metal Loss_46424.3,True,46424.28,46424.28,METAL_LOSS,False,3.85,3085,46430.73209215442
12890.0,,0.344,-24.4,15.76,46449.27,Metal Loss,External,13.0,0.045,,,1.1,1.81,4:14,,,0.7,144.54,,MFL-A/XT,,1160.0,65000.0,,1342.0,1468.63,2039.16,,,,,,,2015,Metal Loss_46449.3,True,46449.27,46449.27,METAL_LOSS,False,4.233333333333333,3087,46444.40279701121
12890.0,,0.344,-24.66,15.49,46449.54,Metal Loss,External,11.0,0.038,,,0.63,1.22,4:11,,,0.7,144.55,,MFL-A/XT,,1160.0,65000.0,,1342.0,,,,,,,,,2015,Metal Loss_46449.5,True,46449.54,46449.54,METAL_LOSS,False,4.183333333333334,3088,46444.5475143213
12890.0,,0.344,-25.0,15.15,46449.88,Metal Loss,External,21.0,0.072,,,0.59,1.18,4:08,,,0.7,144.56,,MFL-A/XT,,1160.0,65000.0,,1342.0,1472.28,2044.23,1544.19,2144.07,1544.46,2144.44,0.75,1.85,2015,Metal Loss_46449.9,True,46449.88,46449.88,METAL_LOSS,False,4.133333333333334,3089,46444.729750934
12890.0,,0.344,-26.62,13.53,46451.5,Metal Loss,External,18.0,0.062,,,0.71,1.14,7:30,,,0.7,144.59,,MFL-A/XT,,1160.0,65000.0,,1342.0,1471.5,2043.14,,,,,,,2015,Metal Loss_46451.5,True,46451.5,46451.5,METAL_LOSS,False,7.5,3090,46445.59805479452
12900.0,,0.344,-39.2,0.87,46504.23,Metal Loss,External,29.0,0.1,,,0.71,4.61,7:14,,,0.7,146.05,,MFL-A/XT,,1160.0,65000.0,,1342.0,1467.95,2038.22,1539.19,2137.13,1540.18,2138.5,0.75,1.84,2015,Metal Loss_46504.2,True,46504.23,46504.23,METAL_LOSS,False,7.233333333333333,3092,46491.99130272024
12910.0,,0.344,-0.83,20.73,46505.92,Metal Loss,External,14.0,0.048,,,0.59,1.26,4:57,,,0.7,146.11,,MFL-A/XT,,1160.0,65000.0,,1342.0,1473.72,2046.22,,,,,,,2015,Metal Loss_46505.9,True,46505.92,46505.92,METAL_LOSS,False,4.95,3094,46493.97984222738
12910.0,,0.344,-6.04,15.51,46511.14,Metal Loss,External,14.0,0.048,,,0.35,0.71,7:11,,,0.7,146.29,,MFL-A/XT,,1160.0,65000.0,,1342.0,1475.26,2048.36,,,,,,,2015,Metal Loss_46511.1,True,46511.14,46511.14,METAL_LOSS,False,7.183333333333334,3095,46501.10859396752
12970.0,,0.344,-23.39,9.68,46721.34,Metal Loss,External,16.0,0.055,,,1.61,2.99,5:25,,,0.7,137.27,,MFL-A/XT,,1160.0,65000.0,,1342.0,1457.79,2024.1,,,,,,,2015,Metal Loss_46721.3,True,46721.34,46721.34,METAL_LOSS,False,5.416666666666667,3102,46704.184082249776
12980.0,,0.344,-4.89,35.27,46735.91,Metal Loss,External,13.0,0.045,,,1.22,1.58,1:26,,,0.7,133.95,,MFL-A/XT,,1160.0,65000.0,,1342.0,1467.08,2037.0,,,,,,,2015,Metal Loss_46735.9,True,46735.91,46735.91,METAL_LOSS,False,1.4333333333333333,3104,46712.116602739734
12980.0,,0.344,-7.91,32.24,46738.94,Metal Loss,External,31.0,0.107,,,1.38,1.02,4:49,,,0.7,133.31,,MFL-A/XT,,1160.0,65000.0,,1342.0,1445.62,2007.21,1513.17,2101.0,1517.14,2106.51,0.77,1.81,2015,Metal Loss_46738.9,True,46738.94,46738.94,METAL_LOSS,False,4.816666666666666,3105,46715.138301369865
13000.0,,0.344,-15.23,25.37,46796.38,Metal Loss,External,11.0,0.038,,,1.89,0.75,12:46,,,0.7,133.62,,MFL-A/XT,,1160.0,65000.0,,1342.0,,,,,,,,,2015,Metal Loss_46796.4,True,46796.38,46796.38,METAL_LOSS,False,12.766666666666667,3109,46778.507423645315
13000.0,,0.344,-15.28,25.32,46796.43,Metal Loss,External,12.0,0.041,,,1.89,0.59,12:34,,,0.7,133.64,,MFL-A/XT,,1160.0,65000.0,,1342.0,,,,,,,,,2015,Metal Loss_46796.4,True,46796.43,46796.43,METAL_LOSS,False,12.566666666666666,3110,46778.55666009852
13000.0,,0.344,-17.54,23.06,46798.69,Metal Loss,External,13.0,0.045,,,1.06,1.97,1:08,,,0.7,134.51,,MFL-A/XT,,1160.0,65000.0,,1342.0,1469.08,2039.78,,,,,,,2015,Metal Loss_46798.7,True,46798.69,46798.69,METAL_LOSS,False,1.1333333333333333,3111,46780.782147783255
13000.0,,0.344,-19.11,21.49,46800.26,Metal Loss,External,12.0,0.041,,,2.05,1.89,11:16,,,0.7,135.13,,MFL-A/XT,,1160.0,65000.0,,1342.0,,,,,,,,,2015,Metal Loss_46800.3,True,46800.26,46800.26,METAL_LOSS,False,11.266666666666667,3112,46782.32817241379
13000.0,,0.344,-25.32,15.28,46806.47,Metal Loss,External,10.0,0.034,,,0.55,1.58,8:18,,,0.7,137.49,,MFL-A/XT,,1160.0,65000.0,,1342.0,,,,,,,,,2015,Metal Loss_46806.5,True,46806.47,46806.47,METAL_LOSS,False,8.3,3113,46788.44333990148
13000.0,,0.344,-25.59,15.01,46806.74,Metal Loss,External,18.0,0.062,,,0.55,1.26,12:14,,,0.7,137.59,,MFL-A/XT,,1160.0,65000.0,,1342.0,1473.3,2045.64,,,,,,,2015,Metal Loss_46806.7,True,46806.74,46806.74,METAL_LOSS,False,12.233333333333333,3114,46788.709216748764
13000.0,,0.344,-25.61,14.99,46806.76,Metal Loss,External,30.0,0.103,,,0.71,1.18,11:30,,,0.7,137.59,,MFL-A/XT,,1160.0,65000.0,,1342.0,1467.6,2037.73,1538.76,2136.53,1539.84,2138.03,0.75,1.84,2015,Metal Loss_46806.8,True,46806.76,46806.76,METAL_LOSS,False,11.5,3115,46788.72891133005
13000.0,,0.344,-26.23,14.38,46807.38,Metal Loss,External,17.0,0.058,,,0.71,1.26,10:44,,,0.7,137.81,,MFL-A/XT,,1160.0,65000.0,,1342.0,1471.79,2043.55,,,,,,,2015,Metal Loss_46807.4,True,46807.38,46807.38,METAL_LOSS,False,10.733333333333333,3116,46789.33944334975
13000.0,,0.344,-26.44,14.16,46807.59,Metal Loss,External,12.0,0.041,,,0.39,0.98,8:27,,,0.7,137.89,,MFL-A/XT,,1160.0,65000.0,,1342.0,,,,,,,,,2015,Metal Loss_46807.6,True,46807.59,46807.59,METAL_LOSS,False,8.45,3117,46789.5462364532
13000.0,,0.344,-26.56,14.05,46807.71,Metal Loss,External,17.0,0.058,,,0.47,1.26,8:25,,,0.7,137.93,,MFL-A/XT,,1160.0,65000.0,,1342.0,1474.23,2046.93,,,,,,,2015,Metal Loss_46807.7,True,46807.71,46807.71,METAL_LOSS,False,8.416666666666666,3118,46789.664403940886
13010.0,,0.344,-16.04,0.21,46837.79,Metal Loss,External,18.0,0.062,,,1.81,0.67,9:33,near girth weld,,0.7,146.67,,MFL-A/XT,,1160.0,65000.0,,1342.0,1450.68,2014.23,,,,,,,2015,Metal Loss_46837.8,True,46837.79,46837.79,METAL_LOSS,False,9.55,3120,46843.081655384616
13010.0,,0.344,-16.06,0.19,46837.81,Metal Loss,External,16.0,0.055,,,2.01,3.66,8:25,near girth weld,,0.7,146.68,,MFL-A/XT,,1160.0,65000.0,,1342.0,1449.96,2013.24,,,,,,,2015,Metal Loss_46837.8,True,46837.81,46837.81,METAL_LOSS,False,8.416666666666666,3121,46843.13102153845
13020.0,,0.344,-0.68,39.32,46838.68,Metal Loss,External,15.0,0.052,,,2.21,1.02,4:10,,,0.7,146.92,,MFL-A/XT,,1160.0,65000.0,,1342.0,1447.9,2010.38,,,,,,,2015,Metal Loss_46838.7,True,46838.68,46838.68,METAL_LOSS,False,4.166666666666667,3123,46844.28136
13020.0,,0.344,-0.97,39.03,46838.97,Cluster,External,24.0,0.083,,,0.86,3.69,6:46,,,0.7,147.0,,,,1160.0,65000.0,,1342.0,1466.57,2036.29,1537.74,2135.12,1538.3,2135.89,0.75,1.84,2015,Cluster_46839.0,True,46838.97,46838.97,CLUSTER,False,6.766666666666667,3124,46844.57194
13040.0,,0.344,-26.26,13.78,46944.38,Metal Loss,External,16.0,0.055,,,1.93,2.21,11:39,,,0.7,164.04,,MFL-A/XT,,1160.0,65000.0,,1342.0,1451.41,2015.25,,,,,,,2015,Metal Loss_46944.4,True,46944.38,46944.38,METAL_LOSS,False,11.65,3127,46949.79376623376
13100.0,,0.344,-34.39,5.71,47192.06,Dent,,,,1.0,0.24,2.66,15.36,5:59,Possible wrinkle; Sleeved,,0.7,144.8,,MFL-A/XT,,1160.0,65000.0,,1342.0,,,,,,,,,2015,Dent_47192.1,True,47192.06,47192.06,DENT,False,5.983333333333333,3136,47159.55213270142
13110.0,,0.344,-5.77,28.19,47203.53,Metal Loss,External,12.0,0.041,,,0.91,1.97,7:10,,,0.7,140.51,,MFL-A/XT,,1160.0,65000.0,,1342.0,,,,,,,,,2015,Metal Loss_47203.5,True,47203.53,47203.53,METAL_LOSS,False,7.166666666666667,3140,47168.24042991755
13110.0,,0.344,-8.7,25.25,47206.47,Metal Loss,External,13.0,0.045,,,1.06,1.46,2:10,,,0.7,139.46,,MFL-A/XT,,1160.0,65000.0,,1342.0,1469.23,2039.99,,,,,,,2015,Metal Loss_47206.5,True,47206.47,47206.47,METAL_LOSS,False,2.1666666666666665,3141,47172.43919316843
13110.0,,0.344,-8.81,25.15,47206.57,Metal Loss,External,12.0,0.041,,,1.26,1.73,9:38,,,0.7,139.42,,MFL-A/XT,,1160.0,65000.0,,1342.0,,,,,,,,,2015,Metal Loss_47206.6,True,47206.57,47206.57,METAL_LOSS,False,9.633333333333333,3142,47172.58200824499
13110.0,,0.344,-9.15,24.8,47206.92,Metal Loss,External,12.0,0.041,,,0.83,1.22,9:24,,,0.7,139.3,,MFL-A/XT,,1160.0,65000.0,,1342.0,,,,,,,,,2015,Metal Loss_47206.9,True,47206.92,47206.92,METAL_LOSS,False,9.4,3143,47173.08186101295
13110.0,,0.344,-9.43,24.53,47207.19,Metal Loss,External,14.0,0.048,,,0.63,1.1,2:15,,,0.7,139.21,,MFL-A/XT,,1160.0,65000.0,,1342.0,1473.31,2045.66,,,,,,,2015,Metal Loss_47207.2,True,47207.19,47207.19,METAL_LOSS,False,2.25,3144,47173.46746171967
13140.0,,0.344,-29.75,10.74,47272.56,Metal Loss,External,18.0,0.062,,,1.46,1.61,7:34,,,1.0,140.79,,MFL-A/XT,,1160.0,65000.0,,1342.0,1458.55,2025.16,,,,,,,2015,Metal Loss_47272.6,True,47272.56,47272.56,METAL_LOSS,False,7.566666666666666,3153,47252.4539145468
13170.0,,0.344,-0.6,11.13,47319.31,Metal Loss,External,11.0,0.038,,,1.22,1.61,5:37,,,0.7,156.02,,MFL-A/XT,,1160.0,65000.0,,1342.0,,,,,,,,,2015,Metal Loss_47319.3,True,47319.31,47319.31,METAL_LOSS,False,5.616666666666667,3157,47288.526672354936
13170.0,,0.344,-10.67,1.06,47329.39,Metal Loss,External,17.0,0.058,,,0.87,1.46,5:18,,,0.7,159.4,,MFL-A/XT,,1160.0,65000.0,,1342.0,1469.75,2040.72,,,,,,,2015,Metal Loss_47329.4,True,47329.39,47329.39,METAL_LOSS,False,5.3,3158,47322.98100682593
13170.0,,0.344,-10.86,0.87,47329.58,Metal Loss,External,20.0,0.069,,,0.79,5.87,5:40,,,0.7,159.46,,MFL-A/XT,,1160.0,65000.0,,1342.0,1469.63,2040.54,1541.25,2139.99,1541.63,2140.52,0.75,1.84,2015,Metal Loss_47329.6,True,47329.58,47329.58,METAL_LOSS,False,5.666666666666667,3159,47323.63044368601
13190.0,,0.344,-0.63,20.41,47341.04,Metal Loss,External,12.0,0.041,,,0.59,1.1,12:50,Recoat,,0.7,163.24,,MFL-A/XT,,1160.0,65000.0,,1342.0,,,,,,,,,2015,Metal Loss_47341.0,True,47341.04,47341.04,METAL_LOSS,False,12.833333333333334,3166,47340.270354724285
13190.0,,0.344,-0.79,20.26,47341.19,Metal Loss,External,23.0,0.079,,,0.59,1.65,1:49,Recoat,,0.7,163.29,,MFL-A/XT,,1160.0,65000.0,,1342.0,1471.67,2043.38,1543.49,2143.09,1543.87,2143.62,0.75,1.85,2015,Metal Loss_47341.2,True,47341.19,47341.19,METAL_LOSS,False,1.8166666666666667,3167,47340.4642276685
13190.0,,0.344,-0.8,20.25,47341.2,Metal Loss,External,17.0,0.058,,,0.59,6.97,4:58,Recoat,,0.7,163.29,,MFL-A/XT,,1160.0,65000.0,,1342.0,1473.0,2045.22,,,,,,,2015,Metal Loss_47341.2,True,47341.2,47341.2,METAL_LOSS,False,4.966666666666667,3168,47340.477152531435
13190.0,,0.344,-0.83,20.22,47341.23,Metal Loss,External,62.0,0.213,,,0.98,1.85,3:44,Recoat,,0.7,163.3,,MFL-A/XT,,1160.0,65000.0,,1342.0,1431.96,1988.24,1490.62,2069.68,1502.25,2085.84,0.78,1.78,2015,Metal Loss_47341.2,True,47341.23,47341.23,METAL_LOSS,False,3.7333333333333334,3169,47340.51592712029
13200.0,,0.344,-12.02,28.09,47373.47,Metal Loss,External,14.0,0.048,,,0.43,1.02,12:11,,,0.7,172.9,,MFL-A/XT,,1160.0,65000.0,,1342.0,1474.85,2047.79,,,,,,,2015,Metal Loss_47373.5,True,47373.47,47373.47,METAL_LOSS,False,12.183333333333334,3172,47378.60705236908
13200.0,,0.344,-12.1,28.0,47373.55,Metal Loss,External,34.0,0.117,,,1.46,1.26,12:20,,,0.7,172.92,,MFL-A/XT,,1160.0,65000.0,,1342.0,1438.77,1997.7,1504.76,2089.33,1510.1,2096.73,0.77,1.8,2015,Metal Loss_47373.6,True,47373.55,47373.55,METAL_LOSS,False,12.333333333333334,3173,47378.686633416466
13200.0,,0.344,-12.52,27.59,47373.97,Metal Loss,External,43.0,0.148,,,0.94,1.85,12:04,,,0.7,173.04,,MFL-A/XT,,1160.0,65000.0,,1342.0,1452.89,2017.3,1520.74,2111.52,1524.89,2117.27,0.76,1.82,2015,Metal Loss_47374.0,True,47373.97,47373.97,METAL_LOSS,False,12.066666666666666,3174,47379.104433915214
13200.0,,0.344,-12.74,27.36,47374.19,Cluster,External,53.0,0.182,,,1.57,2.7,12:09,,,0.7,173.09,,,,1160.0,65000.0,,1342.0,1398.21,1941.38,1450.3,2013.7,1462.46,2030.59,0.8,1.74,2015,Cluster_47374.2,True,47374.19,47374.19,CLUSTER,False,12.15,3175,47379.323281795514
13200.0,,0.344,-38.92,1.19,47400.36,Cluster,External,41.0,0.141,,,3.26,4.21,5:09,,,0.7,178.84,,,,1160.0,65000.0,,1342.0,1326.98,1842.48,1362.09,1891.22,1442.57,2002.98,0.85,1.63,2015,Cluster_47400.4,True,47400.36,47400.36,CLUSTER,False,5.15,3176,47405.356231920196
13200.0,,0.344,-38.99,1.12,47400.44,Metal Loss,External,15.0,0.052,,,0.83,2.56,4:21,,,0.7,178.85,,MFL-A/XT,,1160.0,65000.0,,1342.0,1471.17,2042.68,,,,,,,2015,Metal Loss_47400.4,True,47400.44,47400.44,METAL_LOSS,False,4.35,3177,47405.43581296758
13200.0,,0.344,-39.02,1.09,47400.46,Metal Loss,External,12.0,0.041,,,0.32,0.59,5:21,,,0.7,178.85,,MFL-A/XT,,1160.0,65000.0,,1342.0,,,,,,,,,2015,Metal Loss_47400.5,True,47400.46,47400.46,METAL_LOSS,False,5.35,3178,47405.45570822943
13200.0,,0.344,-39.04,1.06,47400.49,Metal Loss,External,21.0,0.072,,,1.46,1.61,6:10,,,0.7,178.86,,MFL-A/XT,,1160.0,65000.0,,1342.0,1455.17,2020.47,1524.82,2117.17,1526.25,2119.16,0.76,1.83,2015,Metal Loss_47400.5,True,47400.49,47400.49,METAL_LOSS,False,6.166666666666667,3179,47405.48555112219
13200.0,,0.344,-39.07,1.04,47400.52,Metal Loss,External,17.0,0.058,,,1.89,2.01,2:49,,,0.7,178.86,,MFL-A/XT,,1160.0,65000.0,,1342.0,1450.47,2013.94,,,,,,,2015,Metal Loss_47400.5,True,47400.52,47400.52,METAL_LOSS,False,2.8166666666666664,3180,47405.515394014954
13200.0,,0.344,-39.14,0.96,47400.59,Metal Loss,External,18.0,0.062,,,0.47,1.26,4:34,,,0.7,178.87,,MFL-A/XT,,1160.0,65000.0,,1342.0,1474.1,2046.75,,,,,,,2015,Metal Loss_47400.6,True,47400.59,47400.59,METAL_LOSS,False,4.566666666666666,3181,47405.585027431414
13200.0,,0.344,-39.21,0.9,47400.66,Metal Loss,External,28.0,0.096,,,0.75,1.22,1:56,,,0.7,178.89,,MFL-A/XT,,1160.0,65000.0,,1342.0,1467.25,2037.23,1538.41,2136.04,1539.44,2137.48,0.75,1.84,2015,Metal Loss_47400.7,True,47400.66,47400.66,METAL_LOSS,False,1.9333333333333333,3182,47405.65466084788
13200.0,,0.344,-39.22,0.88,47400.67,Metal Loss,External,12.0,0.041,,,0.67,2.6,9:34,,,0.7,178.89,,MFL-A/XT,,1160.0,65000.0,,1342.0,,,,,,,,,2015,Metal Loss_47400.7,True,47400.67,47400.67,METAL_LOSS,False,9.566666666666666,3183,47405.6646084788
13200.0,,0.344,-39.25,0.86,47400.7,Metal Loss,External,12.0,0.041,,,0.94,1.14,7:12,,,0.7,178.89,,MFL-A/XT,,1160.0,65000.0,,1342.0,,,,,,,,,2015,Metal Loss_47400.7,True,47400.7,47400.7,METAL_LOSS,False,7.2,3184,47405.694451371564
13200.0,,0.344,-39.25,0.85,47400.7,Metal Loss,External,16.0,0.055,,,0.51,2.84,6:14,,,0.7,178.89,,MFL-A/XT,,1160.0,65000.0,,1342.0,1474.07,2046.71,,,,,,,2015,Metal Loss_47400.7,True,47400.7,47400.7,METAL_LOSS,False,6.233333333333333,3185,47405.694451371564
13200.0,,0.344,-39.26,0.85,47400.71,Metal Loss,External,10.0,0.034,,,0.51,1.85,3:47,,,0.7,178.89,,MFL-A/XT,,1160.0,65000.0,,1342.0,,,,,,,,,2015,Metal Loss_47400.7,True,47400.71,47400.71,METAL_LOSS,False,3.783333333333333,3186,47405.70439900249
13200.0,,0.344,-39.26,0.84,47400.71,Metal Loss,External,11.0,0.038,,,0.39,1.53,5:36,,,0.7,178.9,,MFL-A/XT,,1160.0,65000.0,,1342.0,,,,,,,,,2015,Metal Loss_47400.7,True,47400.71,47400.71,METAL_LOSS,False,5.6,3187,47405.70439900249
13200.0,,0.344,-39.27,0.84,47400.71,Metal Loss,External,14.0,0.048,,,0.32,0.59,5:54,,,0.7,178.9,,MFL-A/XT,,1160.0,65000.0,,1342.0,1475.43,2048.6,,,,,,,2015,Metal Loss_47400.7,True,47400.71,47400.71,METAL_LOSS,False,5.9,3188,47405.70439900249
13210.0,,0.344,-0.79,39.24,47402.35,Metal Loss,External,12.0,0.041,,,1.81,2.48,4:24,,,0.7,179.16,,MFL-A/XT,,1160.0,65000.0,,1342.0,,,,,,,,,2015,Metal Loss_47402.3,True,47402.35,47402.35,METAL_LOSS,False,4.4,3190,47407.338601398595
13210.0,,0.344,-0.81,39.23,47402.36,Metal Loss,External,12.0,0.041,,,0.59,1.97,6:57,,,0.7,179.16,,MFL-A/XT,,1160.0,65000.0,,1342.0,,,,,,,,,2015,Metal Loss_47402.4,True,47402.36,47402.36,METAL_LOSS,False,6.95,3191,47407.348583916086
13210.0,,0.344,-0.82,39.21,47402.38,Metal Loss,External,23.0,0.079,,,0.91,2.01,3:05,,,0.7,179.17,,MFL-A/XT,,1160.0,65000.0,,1342.0,1466.11,2035.65,1537.25,2134.43,1538.1,2135.61,0.75,1.84,2015,Metal Loss_47402.4,True,47402.38,47402.38,METAL_LOSS,False,3.0833333333333335,3192,47407.368548951046
13210.0,,0.344,-0.83,39.2,47402.39,Metal Loss,External,15.0,0.052,,,0.87,4.45,1:53,,,0.7,179.17,,MFL-A/XT,,1160.0,65000.0,,1342.0,1470.44,2041.68,,,,,,,2015,Metal Loss_47402.4,True,47402.39,47402.39,METAL_LOSS,False,1.8833333333333333,3193,47407.37853146853
13210.0,,0.344,-0.84,39.2,47402.39,Metal Loss,External,13.0,0.045,,,0.87,3.15,3:36,,,0.7,179.17,,MFL-A/XT,,1160.0,65000.0,,1342.0,1471.41,2043.01,,,,,,,2015,Metal Loss_47402.4,True,47402.39,47402.39,METAL_LOSS,False,3.6,3194,47407.37853146853
13210.0,,0.344,-0.99,39.05,47402.54,Metal Loss,External,14.0,0.048,,,0.71,1.14,9:39,,,0.7,179.19,,MFL-A/XT,,1160.0,65000.0,,1342.0,1472.65,2044.73,,,,,,,2015,Metal Loss_47402.5,True,47402.54,47402.54,METAL_LOSS,False,9.65,3195,47407.52826923077
13210.0,,0.344,-11.35,28.68,47412.91,Metal Loss,External,52.0,0.179,,,0.32,1.34,6:13,,,0.7,180.79,,MFL-A/XT,,1160.0,65000.0,,1342.0,1472.54,2044.59,1544.02,2143.83,1544.81,2144.93,0.75,1.85,2015,Metal Loss_47412.9,True,47412.91,47412.91,METAL_LOSS,False,6.216666666666667,3196,47417.88013986014
13210.0,,0.344,-11.84,28.19,47413.4,Metal Loss,External,19.0,0.065,,,0.47,1.06,6:37,,,0.7,180.86,,MFL-A/XT,,1160.0,65000.0,,1342.0,1473.85,2046.41,,,,,,,2015,Metal Loss_47413.4,True,47413.4,47413.4,METAL_LOSS,False,6.616666666666667,3197,47418.36928321679
13220.0,,0.344,-6.98,32.94,47448.57,Metal Loss,External,11.0,0.038,,,0.32,0.59,4:34,,,1.0,183.28,,MFL-A/XT,,1160.0,65000.0,,1342.0,,,,,,,,,2015,Metal Loss_47448.6,True,47448.57,47448.57,METAL_LOSS,False,4.566666666666666,3199,47453.50398797596
13220.0,,0.344,-39.02,0.91,47480.61,Metal Loss,External,15.0,0.052,,,0.67,3.03,4:44,,,1.0,183.15,,MFL-A/XT,,1160.0,65000.0,,1342.0,1472.73,2044.85,,,,,,,2015,Metal Loss_47480.6,True,47480.61,47480.61,METAL_LOSS,False,4.733333333333333,3200,47485.608196392786
13230.0,,0.344,-0.81,39.26,47482.33,Metal Loss,External,11.0,0.038,,,0.47,1.22,5:07,,,0.7,183.14,,MFL-A/XT,,1160.0,65000.0,,1342.0,,,,,,,,,2015,Metal Loss_47482.3,True,47482.33,47482.33,METAL_LOSS,False,5.116666666666666,3202,47486.97719740454
13260.0,,0.344,-39.0,1.08,47623.55,Cluster,External,26.0,0.089,,,1.91,4.84,6:01,,,0.7,181.69,,,,1160.0,65000.0,,1342.0,1434.66,1992.0,1500.45,2083.33,1514.57,2102.94,0.77,1.8,2015,Cluster_47623.6,True,47623.55,47623.55,CLUSTER,False,6.016666666666667,3206,47627.52047904192
13260.0,,0.344,-39.12,0.96,47623.67,Metal Loss,External,13.0,0.045,,,0.43,1.3,4:42,,,0.7,181.68,,MFL-A/XT,,1160.0,65000.0,,1342.0,1474.95,2047.93,,,,,,,2015,Metal Loss_47623.7,True,47623.67,47623.67,METAL_LOSS,False,4.7,3207,47627.63820359282
13260.0,,0.344,-39.12,0.96,47623.67,Metal Loss,External,19.0,0.065,,,1.34,3.46,5:06,,,0.7,181.68,,MFL-A/XT,,1160.0,65000.0,,1342.0,1459.8,2026.89,,,,,,,2015,Metal Loss_47623.7,True,47623.67,47623.67,METAL_LOSS,False,5.1,3208,47627.63820359282
13260.0,,0.344,-39.18,0.91,47623.72,Metal Loss,External,23.0,0.079,,,0.55,1.14,7:46,,,0.7,181.68,,MFL-A/XT,,1160.0,65000.0,,1342.0,1472.35,2044.32,1544.24,2144.15,1544.57,2144.59,0.75,1.85,2015,Metal Loss_47623.7,True,47623.72,47623.72,METAL_LOSS,False,7.766666666666667,3209,47627.68725548903
13260.0,,0.344,-39.18,0.9,47623.73,Metal Loss,External,18.0,0.062,,,0.59,1.42,4:04,,,0.7,181.68,,MFL-A/XT,,1160.0,65000.0,,1342.0,1472.79,2044.93,,,,,,,2015,Metal Loss_47623.7,True,47623.73,47623.73,METAL_LOSS,False,4.066666666666666,3210,47627.69706586827
13300.0,,0.344,0.0,36.17,47726.21,Dent,,,,1.2,0.288,2.89,11.17,6:05,near girth weld Sleeved,,0.7,177.41,,MFL-A/XT,,1160.0,65000.0,,1342.0,,,,,,,,,2015,Dent_47726.2,True,47726.21,47726.21,DENT,False,6.083333333333333,3217,47694.8
13320.0,,0.344,-10.06,0.12,47780.08,Metal Loss,External,10.0,0.034,,,0.75,1.81,1:06,affecting girth weld,,0.7,175.11,,MFL-A/XT,,1160.0,65000.0,,1342.0,,,,,,,,,2015,Metal Loss_47780.1,True,47780.08,47780.08,METAL_LOSS,False,1.1,3223,47784.55090909092
13570.0,,0.344,-7.02,0.85,48607.3,Metal Loss,External,12.0,0.041,,,1.42,1.77,7:55,,,0.7,102.54,,MFL-A/XT,,1160.0,65000.0,,1342.0,,,,,,,,,2015,Metal Loss_48607.3,True,48607.3,48607.3,METAL_LOSS,False,7.916666666666667,3251,48579.87818297331
13570.0,,0.344,-7.6,0.27,48607.89,Metal Loss,External,14.0,0.048,,,1.06,5.79,5:49,near girth weld,,0.7,102.18,,MFL-A/XT,,1160.0,65000.0,,1342.0,1468.64,2039.17,,,,,,,2015,Metal Loss_48607.9,True,48607.89,48607.89,METAL_LOSS,False,5.816666666666666,3252,48580.71932655654
13570.0,,0.344,-7.64,0.23,48607.92,Metal Loss,External,18.0,0.062,,,0.94,4.61,4:05,near girth weld,,0.7,102.16,,MFL-A/XT,,1160.0,65000.0,,1342.0,1468.01,2038.3,,,,,,,2015,Metal Loss_48607.9,True,48607.92,48607.92,METAL_LOSS,False,4.083333333333333,3253,48580.76209656924
13700.0,,0.344,-0.79,28.5,48882.16,Cluster,External,59.0,0.203,,,2.75,2.39,5:14,,,1.0,203.14,,,,1160.0,65000.0,,1342.0,1276.7,1772.66,1285.87,1785.4,1417.4,1968.03,0.9,1.54,2015,Cluster_48882.2,True,48882.16,48882.16,CLUSTER,False,5.233333333333333,3271,48874.198866507344
13700.0,,0.344,-0.8,28.49,48882.17,Metal Loss,External,12.0,0.041,,,0.43,0.67,6:05,,,1.0,203.14,,MFL-A/XT,,1160.0,65000.0,,1342.0,,,,,,,,,2015,Metal Loss_48882.2,True,48882.17,48882.17,METAL_LOSS,False,6.083333333333333,3272,48874.212523045404
13700.0,,0.344,-0.89,28.4,48882.26,Cluster,External,43.0,0.148,,,1.92,1.34,6:20,,,1.0,203.14,,,,1160.0,65000.0,,1342.0,1396.14,1938.5,1450.84,2014.46,1498.42,2080.51,0.8,1.74,2015,Cluster_48882.3,True,48882.26,48882.26,CLUSTER,False,6.333333333333333,3273,48874.335431888016
13700.0,,0.344,-0.99,28.3,48882.36,Metal Loss,External,13.0,0.045,,,0.79,1.22,5:53,,,1.0,203.15,,MFL-A/XT,,1160.0,65000.0,,1342.0,1472.26,2044.19,,,,,,,2015,Metal Loss_48882.4,True,48882.36,48882.36,METAL_LOSS,False,5.883333333333333,3274,48874.471997268694
13710.0,,0.344,-24.33,15.5,48934.99,Dent,,,,1.8,0.432,11.37,5.59,5:10,,,1.0,206.45,,MFL-A/XT,,1160.0,65000.0,,1342.0,,,,,,,,,2015,Dent_48935.0,True,48934.99,48934.99,DENT,False,5.166666666666667,3276,48937.54162691438
13770.0,,0.344,-22.95,17.13,49173.59,Dent,,,,1.7,0.408,19.46,6.98,5:52,,,0.7,211.2,,MFL-A/XT,,1160.0,65000.0,,1342.0,,,,,,,,,2015,Dent_49173.6,True,49173.59,49173.59,DENT,False,5.866666666666667,3283,49153.09846556886
14020.0,,0.344,-39.57,0.47,50168.38,Metal Loss,External,10.0,0.034,,,1.22,0.87,6:40,,,0.7,166.1,,MFL-A/XT,,1160.0,65000.0,,1342.0,,,,,,,,,2015,Metal Loss_50168.4,True,50168.38,50168.38,METAL_LOSS,False,6.666666666666667,3309,50167.53129120879
14020.0,,0.344,-39.57,0.47,50168.38,Metal Loss,External,23.0,0.079,,,0.71,1.38,5:22,,,0.7,166.1,,MFL-A/XT,,1160.0,65000.0,,1342.0,1469.96,2041.0,1541.58,2140.44,1542.1,2141.17,0.75,1.85,2015,Metal Loss_50168.4,True,50168.38,50168.38,METAL_LOSS,False,5.366666666666666,3310,50167.53129120879
14040.0,,0.344,-37.63,2.41,50246.66,Metal Loss,External,11.0,0.038,,,1.14,1.89,9:40,,,0.7,148.68,,MFL-A/XT,,1160.0,65000.0,,1342.0,,,,,,,,,2015,Metal Loss_50246.7,True,50246.66,50246.66,METAL_LOSS,False,9.666666666666666,3313,50215.87880119881
14040.0,,0.344,-37.83,2.21,50246.85,Metal Loss,External,18.0,0.062,,,0.79,2.52,7:09,,,0.7,148.62,,MFL-A/XT,,1160.0,65000.0,,1342.0,1470.54,2041.81,,,,,,,2015,Metal Loss_50246.8,True,50246.85,50246.85,METAL_LOSS,False,7.15,3314,50216.0688961039
14040.0,,0.344,-37.86,2.18,50246.88,Metal Loss,External,22.0,0.076,,,0.71,1.5,08:00,,,0.7,148.61,,MFL-A/XT,,1160.0,65000.0,,1342.0,1470.28,2041.44,1541.95,2140.96,1542.4,2141.58,0.75,1.85,2015,Metal Loss_50246.9,True,50246.88,50246.88,METAL_LOSS,False,8.0,3315,50216.09891108891
14040.0,,0.344,-37.94,2.1,50246.97,Metal Loss,External,24.0,0.083,,,0.63,1.14,11:19,,,0.7,148.58,,MFL-A/XT,,1160.0,65000.0,,1342.0,1471.06,2042.53,1542.79,2142.13,1543.26,2142.78,0.75,1.85,2015,Metal Loss_50247.0,True,50246.97,50246.97,METAL_LOSS,False,11.316666666666666,3316,50216.18895604396
14060.0,,0.344,-0.88,39.67,50259.59,Metal Loss,External,13.0,0.045,,,0.67,2.52,6:46,,,0.7,148.05,,MFL-A/XT,,1160.0,65000.0,,1342.0,1473.24,2045.55,,,,,,,2015,Metal Loss_50259.6,True,50259.59,50259.59,METAL_LOSS,False,6.766666666666667,3320,50235.98712382831
14060.0,,0.344,-6.05,34.49,50264.77,Metal Loss,External,14.0,0.048,,,1.34,1.77,10:56,,,0.7,149.39,,MFL-A/XT,,1160.0,65000.0,,1342.0,1464.52,2033.45,,,,,,,2015,Metal Loss_50264.8,True,50264.77,50264.77,METAL_LOSS,False,10.933333333333334,3321,50241.09045880611
14060.0,,0.344,-7.47,33.07,50266.19,Metal Loss,External,11.0,0.038,,,1.5,2.28,10:51,,,0.7,149.76,,MFL-A/XT,,1160.0,65000.0,,1342.0,,,,,,,,,2015,Metal Loss_50266.2,True,50266.19,50266.19,METAL_LOSS,False,10.85,3322,50242.4894425259
14060.0,,0.344,-9.05,31.5,50267.77,Metal Loss,External,14.0,0.048,,,1.81,1.89,11:06,,,0.7,150.17,,MFL-A/XT,,1160.0,65000.0,,1342.0,1456.85,2022.8,,,,,,,2015,Metal Loss_50267.8,True,50267.77,50267.77,METAL_LOSS,False,11.1,3323,50244.0460582141
14060.0,,0.344,-10.4,30.15,50269.11,Metal Loss,External,13.0,0.045,,,1.3,1.97,8:43,,,0.7,150.5,,MFL-A/XT,,1160.0,65000.0,,1342.0,1466.1,2035.64,,,,,,,2015,Metal Loss_50269.1,True,50269.11,50269.11,METAL_LOSS,False,8.716666666666667,3324,50245.36622594968
14060.0,,0.344,-10.56,29.98,50269.28,Metal Loss,External,12.0,0.041,,,1.69,2.01,11:04,,,0.7,150.54,,MFL-A/XT,,1160.0,65000.0,,1342.0,,,,,,,,,2015,Metal Loss_50269.3,True,50269.28,50269.28,METAL_LOSS,False,11.066666666666666,3325,50245.533709916126
14060.0,,0.344,-10.85,29.69,50269.57,Metal Loss,External,11.0,0.038,,,0.51,1.1,8:45,,,0.7,150.61,,MFL-A/XT,,1160.0,65000.0,,1342.0,,,,,,,,,2015,Metal Loss_50269.6,True,50269.57,50269.57,METAL_LOSS,False,8.75,3326,50245.819417858904
14060.0,,0.344,-10.85,29.69,50269.57,Metal Loss,External,11.0,0.038,,,1.18,1.58,11:02,,,0.7,150.61,,MFL-A/XT,,1160.0,65000.0,,1342.0,,,,,,,,,2015,Metal Loss_50269.6,True,50269.57,50269.57,METAL_LOSS,False,11.033333333333333,3327,50245.819417858904
14060.0,,0.344,-10.95,29.59,50269.67,Metal Loss,External,12.0,0.041,,,1.38,1.42,8:37,,,0.7,150.64,,MFL-A/XT,,1160.0,65000.0,,1342.0,,,,,,,,,2015,Metal Loss_50269.7,True,50269.67,50269.67,METAL_LOSS,False,8.616666666666667,3328,50245.917937839164
14060.0,,0.344,-11.15,29.39,50269.87,Metal Loss,External,10.0,0.034,,,1.22,1.61,4:12,,,0.7,150.69,,MFL-A/XT,,1160.0,65000.0,,1342.0,,,,,,,,,2015,Metal Loss_50269.9,True,50269.87,50269.87,METAL_LOSS,False,4.2,3329,50246.114977799705
14060.0,,0.344,-11.72,28.82,50270.44,Metal Loss,External,10.0,0.034,,,1.1,1.58,8:38,,,0.7,150.82,,MFL-A/XT,,1160.0,65000.0,,1342.0,,,,,,,,,2015,Metal Loss_50270.4,True,50270.44,50270.44,METAL_LOSS,False,8.633333333333333,3330,50246.67654168722
14060.0,,0.344,-11.83,28.71,50270.55,Metal Loss,External,10.0,0.034,,,2.01,2.6,10:34,,,0.7,150.85,,MFL-A/XT,,1160.0,65000.0,,1342.0,,,,,,,,,2015,Metal Loss_50270.6,True,50270.55,50270.55,METAL_LOSS,False,10.566666666666666,3331,50246.78491366551
14060.0,,0.344,-12.26,28.29,50270.98,Metal Loss,External,12.0,0.041,,,0.94,1.38,8:33,,,0.7,150.94,,MFL-A/XT,,1160.0,65000.0,,1342.0,,,,,,,,,2015,Metal Loss_50271.0,True,50270.98,50270.98,METAL_LOSS,False,8.55,3332,50247.20854958066
14060.0,,0.344,-12.56,27.99,50271.28,Metal Loss,External,17.0,0.058,,,1.26,1.97,8:45,,,0.7,151.01,,MFL-A/XT,,1160.0,65000.0,,1342.0,1463.29,2031.74,,,,,,,2015,Metal Loss_50271.3,True,50271.28,50271.28,METAL_LOSS,False,8.75,3333,50247.504109521455
14060.0,,0.344,-13.08,27.46,50271.8,Metal Loss,External,13.0,0.045,,,1.22,1.65,11:06,,,0.7,151.13,,MFL-A/XT,,1160.0,65000.0,,1342.0,1467.24,2037.22,,,,,,,2015,Metal Loss_50271.8,True,50271.8,50271.8,METAL_LOSS,False,11.1,3334,50248.016413418845
14060.0,,0.344,-13.1,27.45,50271.82,Metal Loss,External,17.0,0.058,,,1.53,2.28,8:44,,,0.7,151.14,,MFL-A/XT,,1160.0,65000.0,,1342.0,1457.97,2024.36,,,,,,,2015,Metal Loss_50271.8,True,50271.82,50271.82,METAL_LOSS,False,8.733333333333333,3335,50248.03611741489
14060.0,,0.344,-13.35,27.19,50272.07,Metal Loss,External,15.0,0.052,,,1.38,1.61,11:07,,,0.7,151.19,,MFL-A/XT,,1160.0,65000.0,,1342.0,1463.2,2031.62,,,,,,,2015,Metal Loss_50272.1,True,50272.07,50272.07,METAL_LOSS,False,11.116666666666667,3336,50248.28241736556
14060.0,,0.344,-13.67,26.88,50272.39,Metal Loss,External,21.0,0.072,,,0.87,1.42,8:46,,,0.7,151.26,,MFL-A/XT,,1160.0,65000.0,,1342.0,1467.78,2037.98,1539.17,2137.1,1539.74,2137.9,0.75,1.84,2015,Metal Loss_50272.4,True,50272.39,50272.39,METAL_LOSS,False,8.766666666666667,3337,50248.59768130241
14060.0,,0.344,-13.85,26.7,50272.56,Cluster,External,18.0,0.062,,,2.42,6.58,10:58,,,0.7,151.3,,,,1160.0,65000.0,,1342.0,1436.29,1994.25,,,,,,,2015,Cluster_50272.6,True,50272.56,50272.56,CLUSTER,False,10.966666666666667,3338,50248.765165268866
14060.0,,0.344,-13.88,26.66,50272.6,Cluster,External,24.0,0.083,,,1.72,1.55,8:31,,,0.7,151.31,,,,1160.0,65000.0,,1342.0,1443.26,2003.93,1510.78,2097.68,1520.76,2111.54,0.77,1.81,2015,Cluster_50272.6,True,50272.6,50272.6,CLUSTER,False,8.516666666666667,3339,50248.804573260975
14060.0,,0.344,-14.47,26.08,50273.19,Metal Loss,External,11.0,0.038,,,0.47,0.75,8:43,,,0.7,151.43,,MFL-A/XT,,1160.0,65000.0,,1342.0,,,,,,,,,2015,Metal Loss_50273.2,True,50273.19,50273.19,METAL_LOSS,False,8.716666666666667,3340,50249.38584114455
14060.0,,0.344,-14.47,26.07,50273.19,Metal Loss,External,14.0,0.048,,,2.24,0.59,8:55,,,0.7,151.43,,MFL-A/XT,,1160.0,65000.0,,1342.0,1449.32,2012.34,,,,,,,2015,Metal Loss_50273.2,True,50273.19,50273.19,METAL_LOSS,False,8.916666666666666,3341,50249.38584114455
14060.0,,0.344,-14.55,25.99,50273.27,Metal Loss,External,12.0,0.041,,,0.83,0.91,8:39,,,0.7,151.45,,MFL-A/XT,,1160.0,65000.0,,1342.0,,,,,,,,,2015,Metal Loss_50273.3,True,50273.27,50273.27,METAL_LOSS,False,8.65,3342,50249.46465712875
14060.0,,0.344,-14.56,25.98,50273.28,Metal Loss,External,18.0,0.062,,,0.79,1.26,9:18,,,0.7,151.45,,MFL-A/XT,,1160.0,65000.0,,1342.0,1470.54,2041.81,,,,,,,2015,Metal Loss_50273.3,True,50273.28,50273.28,METAL_LOSS,False,9.3,3343,50249.47450912678
14060.0,,0.344,-14.96,25.58,50273.68,Metal Loss,External,17.0,0.058,,,0.71,1.3,8:42,Recoat,,0.7,151.54,,MFL-A/XT,,1160.0,65000.0,,1342.0,1471.79,2043.55,,,,,,,2015,Metal Loss_50273.7,True,50273.68,50273.68,METAL_LOSS,False,8.7,3345,50249.86858904785
14060.0,,0.344,-15.44,25.1,50274.16,Metal Loss,External,16.0,0.055,,,1.3,1.61,4:14,Recoat,,0.7,151.64,,MFL-A/XT,,1160.0,65000.0,,1342.0,1463.51,2032.05,,,,,,,2015,Metal Loss_50274.2,True,50274.16,50274.16,METAL_LOSS,False,4.233333333333333,3346,50250.34148495313
14060.0,,0.344,-16.02,24.53,50274.74,Metal Loss,External,11.0,0.038,,,0.67,1.22,1:57,Recoat,,0.7,151.76,,MFL-A/XT,,1160.0,65000.0,,1342.0,,,,,,,,,2015,Metal Loss_50274.7,True,50274.74,50274.74,METAL_LOSS,False,1.95,3347,50250.91290083867
14060.0,,0.344,-16.29,24.25,50275.01,Metal Loss,External,20.0,0.069,,,2.17,1.58,2:43,Recoat,,0.7,151.81,,MFL-A/XT,,1160.0,65000.0,,1342.0,1438.24,1996.95,1504.84,2089.43,1507.08,2092.54,0.77,1.8,2015,Metal Loss_50275.0,True,50275.01,50275.01,METAL_LOSS,False,2.716666666666667,3348,50251.178904785396
14060.0,,0.344,-16.6,23.94,50275.32,Metal Loss,External,19.0,0.065,,,2.21,1.18,2:08,Recoat,,0.7,151.87,,MFL-A/XT,,1160.0,65000.0,,1342.0,1439.48,1998.68,,,,,,,2015,Metal Loss_50275.3,True,50275.32,50275.32,METAL_LOSS,False,2.1333333333333333,3349,50251.48431672422
14060.0,,0.344,-16.69,23.86,50275.41,Metal Loss,External,18.0,0.062,,,1.22,1.53,4:06,Recoat,,0.7,151.89,,MFL-A/XT,,1160.0,65000.0,,1342.0,1463.13,2031.51,,,,,,,2015,Metal Loss_50275.4,True,50275.41,50275.41,METAL_LOSS,False,4.1,3350,50251.572984706465
14060.0,,0.344,-16.97,23.57,50275.69,Metal Loss,External,10.0,0.034,,,1.06,1.26,4:08,Recoat,,0.7,151.95,,MFL-A/XT,,1160.0,65000.0,,1342.0,,,,,,,,,2015,Metal Loss_50275.7,True,50275.69,50275.69,METAL_LOSS,False,4.133333333333334,3351,50251.848840651204
14060.0,,0.344,-17.03,23.52,50275.75,Metal Loss,External,11.0,0.038,,,0.63,0.98,4:38,Recoat,,0.7,151.96,,MFL-A/XT,,1160.0,65000.0,,1342.0,,,,,,,,,2015,Metal Loss_50275.8,True,50275.75,50275.75,METAL_LOSS,False,4.633333333333333,3352,50251.90795263937
14060.0,,0.344,-24.17,16.37,50282.89,Metal Loss,External,59.0,0.203,,,0.67,1.14,4:58,Repaired?,,0.7,153.18,,MFL-A/XT,,1160.0,65000.0,,1342.0,1456.2,2021.89,1522.89,2114.49,1527.88,2121.42,0.76,1.82,2015,Metal Loss_50282.9,True,50282.89,50282.89,METAL_LOSS,False,4.966666666666667,3356,50258.94227923039
14110.0,,0.344,-39.22,0.87,50475.51,Metal Loss,External,13.0,0.045,,,0.51,1.42,6:59,,,1.0,157.61,,MFL-A/XT,,1160.0,65000.0,,1342.0,1474.43,2047.21,,,,,,,2015,Metal Loss_50475.5,True,50475.51,50475.51,METAL_LOSS,False,6.983333333333333,3365,50470.26282185629
14200.0,,0.344,-27.9,12.17,50820.9,Metal Loss Manufacturing,,12.0,0.041,,,0.39,0.59,10:00,,,0.7,141.54,,MFL-A/XT,,1160.0,65000.0,,1342.0,,,,,,,,,2015,Metal Loss Manufacturing_50820.9,True,50820.9,50820.9,METAL_LOSS_MFG,False,10.0,3375,50818.45342814371
14200.0,,0.344,-28.08,12.0,50821.08,Metal Loss Manufacturing,,19.0,0.065,,,0.35,0.71,6:31,,,0.7,141.53,,MFL-A/XT,,1160.0,65000.0,,1342.0,,,,,,,,,2015,Metal Loss Manufacturing_50821.1,True,50821.08,50821.08,METAL_LOSS_MFG,False,6.516666666666667,3376,50818.63293413173
14300.0,,0.344,-11.05,27.88,51203.96,Metal Loss Manufacturing,,14.0,0.048,,,0.35,0.63,10:34,,,0.7,95.52,,MFL-A/XT,,1160.0,65000.0,,1342.0,,,,,,,,,2015,Metal Loss Manufacturing_51204.0,True,51203.96,51203.96,METAL_LOSS_MFG,False,10.566666666666666,3391,51190.93868995633
14310.0,,0.344,-39.37,0.84,51271.21,Cluster,External,22.0,0.076,,,1.26,5.26,7:26,,,0.7,84.58,,,,1160.0,65000.0,,1342.0,1458.89,2025.63,1529.06,2123.07,1529.63,2123.85,0.76,1.83,2015,Cluster_51271.2,True,51271.21,51271.21,CLUSTER,False,7.433333333333334,3393,51221.83009945301
14310.0,,0.344,-39.38,0.84,51271.22,Metal Loss,External,12.0,0.041,,,0.75,0.71,6:52,,,0.7,84.58,,MFL-A/XT,,1160.0,65000.0,,1342.0,,,,,,,,,2015,Metal Loss_51271.2,True,51271.22,51271.22,METAL_LOSS,False,6.866666666666667,3394,51221.83656887121
14310.0,,0.344,-39.6,0.61,51271.44,Metal Loss,External,11.0,0.038,,,0.75,2.17,5:14,,,0.7,84.55,,MFL-A/XT,,1160.0,65000.0,,1342.0,,,,,,,,,2015,Metal Loss_51271.4,True,51271.44,51271.44,METAL_LOSS,False,5.233333333333333,3395,51221.9788960716
14310.0,,0.344,-39.83,0.38,51271.67,Metal Loss,External,15.0,0.052,,,0.51,0.79,6:21,,,0.7,84.52,,MFL-A/XT,,1160.0,65000.0,,1342.0,1474.13,2046.79,,,,,,,2015,Metal Loss_51271.7,True,51271.67,51271.67,METAL_LOSS,False,6.35,3396,51222.1276926902
14310.0,,0.344,-39.93,0.28,51271.78,Metal Loss,External,12.0,0.041,,,0.55,0.75,8:15,,,0.7,84.51,,MFL-A/XT,,1160.0,65000.0,,1342.0,,,,,,,,,2015,Metal Loss_51271.8,True,51271.78,51271.78,METAL_LOSS,False,8.25,3397,51222.1988562904
14310.0,,0.344,-40.0,0.22,51271.84,Metal Loss,External,25.0,0.086,,,0.75,5.12,3:56,near girth weld,,0.7,84.5,,MFL-A/XT,,1160.0,65000.0,,1342.0,1468.63,2039.15,1540.04,2138.31,1540.78,2139.34,0.75,1.84,2015,Metal Loss_51271.8,True,51271.84,51271.84,METAL_LOSS,False,3.9333333333333336,3398,51222.2376727996
14310.0,,0.344,-40.0,0.21,51271.84,Metal Loss,External,14.0,0.048,,,0.91,6.81,5:36,near girth weld,,0.7,84.5,,MFL-A/XT,,1160.0,65000.0,,1342.0,1470.45,2041.68,,,,,,,2015,Metal Loss_51271.8,True,51271.84,51271.84,METAL_LOSS,False,5.6,3399,51222.2376727996
14310.0,,0.344,-40.11,0.11,51271.95,Metal Loss,External,10.0,0.034,,,0.59,10.08,6:18,affecting girth weld,,0.7,84.49,,MFL-A/XT,,1160.0,65000.0,,1342.0,,,,,,,,,2015,Metal Loss_51271.9,True,51271.95,51271.95,METAL_LOSS,False,6.3,3400,51222.308836399796
14470.0,,0.344,-21.63,18.78,51640.0,Cluster,External,71.0,0.244,,,0.88,4.48,11:35,,,0.7,90.01,,,,1160.0,65000.0,,1342.0,1431.83,1988.06,1486.67,2064.2,1508.11,2093.97,0.78,1.78,2015,Cluster_51640.0,True,51640.0,51640.0,CLUSTER,False,11.583333333333334,3421,51613.58332590943
14470.0,,0.344,-21.9,18.51,51640.27,Metal Loss,External,57.0,0.196,,,0.83,1.34,12:09,,,0.7,90.11,,MFL-A/XT,,1160.0,65000.0,,1342.0,1448.11,2010.67,1512.87,2100.59,1519.56,2109.87,0.77,1.81,2015,Metal Loss_51640.3,True,51640.27,51640.27,METAL_LOSS,False,12.15,3422,51613.84637713437
14470.0,,0.344,-24.25,16.15,51642.63,Metal Loss,External,10.0,0.034,,,0.83,1.26,5:27,,,0.7,90.95,,MFL-A/XT,,1160.0,65000.0,,1342.0,,,,,,,,,2015,Metal Loss_51642.6,True,51642.63,51642.63,METAL_LOSS,False,5.45,3423,51616.14563969314
14500.0,,0.344,-1.26,25.31,51691.64,Metal Loss,External,20.0,0.069,,,0.83,1.42,6:20,,,0.7,105.61,,MFL-A/XT,,1160.0,65000.0,,1342.0,1469.05,2039.74,1540.61,2139.09,1541.02,2139.67,0.75,1.84,2015,Metal Loss_51691.6,True,51691.64,51691.64,METAL_LOSS,False,6.333333333333333,3427,51692.66542921687
14590.0,,0.344,-1.35,38.68,51974.46,Metal Loss,External,10.0,0.034,,,0.51,0.94,07:00,,,0.7,125.16,,MFL-A/XT,,1160.0,65000.0,,1342.0,,,,,,,,,2015,Metal Loss_51974.5,True,51974.46,51974.46,METAL_LOSS,False,7.0,3437,51969.348988258804
14650.0,,0.344,-38.78,1.25,52251.87,Metal Loss,External,15.0,0.052,,,2.05,2.28,7:58,,,1.0,127.48,,MFL-A/XT,,1160.0,65000.0,,1342.0,1450.85,2014.47,,,,,,,2015,Metal Loss_52251.9,True,52251.87,52251.87,METAL_LOSS,False,7.966666666666667,3444,52246.769687734195
14650.0,,0.344,-38.8,1.23,52251.88,Metal Loss,External,12.0,0.041,,,1.97,0.98,7:29,,,1.0,127.48,,MFL-A/XT,,1160.0,65000.0,,1342.0,,,,,,,,,2015,Metal Loss_52251.9,True,52251.88,52251.88,METAL_LOSS,False,7.483333333333333,3445,52246.77969023232
14910.0,,0.344,-1.13,38.97,53234.28,Metal Loss,External,13.0,0.045,,,0.51,0.71,7:09,,,0.7,191.32,,MFL-A/XT,,1160.0,65000.0,,1342.0,1474.43,2047.21,,,,,,,2015,Metal Loss_53234.3,True,53234.28,53234.28,METAL_LOSS,False,7.15,3476,53227.634927680796
14910.0,,0.344,-31.1,8.99,53264.25,Dent,,,,1.6,0.384,18.09,5.59,6:12,,,0.7,196.26,,MFL-A/XT,,1160.0,65000.0,,1342.0,,,,,,,,,2015,Dent_53264.2,True,53264.25,53264.25,DENT,False,6.2,3477,53257.470399002494
14920.0,,0.344,-1.69,38.27,53274.94,Metal Loss,External,13.0,0.045,,,0.91,1.42,4:51,,,0.7,198.02,,MFL-A/XT,,1160.0,65000.0,,1342.0,1471.02,2042.48,,,,,,,2015,Metal Loss_53274.9,True,53274.94,53274.94,METAL_LOSS,False,4.85,3479,53268.12465215215
14920.0,,0.344,-1.99,37.97,53275.24,Metal Loss,External,10.0,0.034,,,0.63,1.1,5:10,,,0.7,198.06,,MFL-A/XT,,1160.0,65000.0,,1342.0,,,,,,,,,2015,Metal Loss_53275.2,True,53275.24,53275.24,METAL_LOSS,False,5.166666666666667,3480,53268.42547797797
14920.0,,0.344,-39.84,0.12,53313.09,Metal Loss,External,10.0,0.034,,,0.51,0.63,6:22,affecting girth weld,,0.7,204.12,,MFL-A/XT,,1160.0,65000.0,,1342.0,,,,,,,,,2015,Metal Loss_53313.1,True,53313.09,53313.09,METAL_LOSS,False,6.366666666666666,3481,53306.379669669666
15050.0,,0.344,-39.15,0.88,53823.99,Metal Loss,External,15.0,0.052,,,0.63,1.26,7:01,,,0.7,168.45,,MFL-A/XT,,1160.0,65000.0,,1342.0,1473.08,2045.34,,,,,,,2015,Metal Loss_53824.0,True,53823.99,53823.99,METAL_LOSS,False,7.016666666666667,3495,53809.298461538456
15240.0,,0.344,-0.78,33.68,54472.58,Metal Loss,External,12.0,0.041,,,1.65,0.63,5:05,Recoat,,0.7,166.28,,MFL-A/XT,,1160.0,65000.0,,1342.0,,,,,,,,,2015,Metal Loss_54472.6,True,54472.58,54472.58,METAL_LOSS,False,5.083333333333333,3527,54459.474719883896
15240.0,,0.344,-0.79,33.67,54472.6,Metal Loss,External,28.0,0.096,,,0.83,1.46,5:30,Recoat,,0.7,166.29,,MFL-A/XT,,1160.0,65000.0,,1342.0,1465.56,2034.89,1536.49,2133.37,1537.71,2135.07,0.75,1.84,2015,Metal Loss_54472.6,True,54472.6,54472.6,METAL_LOSS,False,5.5,3528,54459.4979593614
15240.0,,0.344,-0.79,33.66,54472.6,Metal Loss,External,23.0,0.079,,,0.83,5.79,6:12,Recoat,,0.7,166.29,,MFL-A/XT,,1160.0,65000.0,,1342.0,1467.79,2037.99,1539.14,2137.06,1539.85,2138.04,0.75,1.84,2015,Metal Loss_54472.6,True,54472.6,54472.6,METAL_LOSS,False,6.2,3529,54459.4979593614
15280.0,,0.344,-0.79,30.71,54627.4,Metal Loss,External,21.0,0.072,,,0.55,2.87,6:11,Recoat,,0.7,218.9,,MFL-A/XT,,1160.0,65000.0,,1342.0,1472.74,2044.86,1544.7,2144.77,1544.93,2145.1,0.75,1.85,2015,Metal Loss_54627.4,True,54627.4,54627.4,METAL_LOSS,False,6.183333333333334,3536,54611.02998095238
15530.0,,0.344,-34.24,5.82,55653.55,Metal Loss Manufacturing,,11.0,0.038,,,0.35,0.63,4:03,,,1.0,228.78,,MFL-A/XT,,1160.0,65000.0,,1342.0,,,,,,,,,2015,Metal Loss Manufacturing_55653.6,True,55653.55,55653.55,METAL_LOSS_MFG,False,4.05,3564,55637.94859710434
15540.0,,0.344,-36.98,3.12,55696.34,Metal Loss Manufacturing,,18.0,0.062,,,0.39,0.87,3:06,,,0.7,225.06,,MFL-A/XT,,1160.0,65000.0,,1342.0,,,,,,,,,2015,Metal Loss Manufacturing_55696.3,True,55696.34,55696.34,METAL_LOSS_MFG,False,3.1,3566,55679.608560738336
