joint_number,joint_length_ft,wall_thickness_in,dist_to_upstream_gw_ft,dist_to_downstream_gw_ft,distance_ft,feature_type,internal_external,depth_pct,depth_in,od_reduction_pct,od_reduction_in,anomaly_length_in,anomaly_width_in,clock_position,comments,Anomalies per Joint,Tool Velocity [ft/s],elevation_ft,Seam Position (TFI),Tool   (TFI),Seam Anomaly  (TFI),mop_psi,smys_psi,Seam Type,design_pressure_psi,B31G Psafe [PSI],B31G Pburst [PSI],safe_pressure_psi,burst_pressure_psi,Effective Area Psafe [PSI],Effective Area Pburst [PSI],erf,rpr,inspection_year,feature_id,is_anomaly,distance_ft_original,distance_ft_aligned,cluster_id,clock_hours
2640.0,,0.344,-28.19,12.46,9452.13,Metal Loss,External,16.0,0.055,,,2.09,1.89,9:26,,,0.7,15.59,,MFL-A/XT,,1160.0,65000.0,,1342.0,1448.26,2010.88,,,,,,,2015,Metal Loss_9452.1,True,9452.13,9452.13,0,9.433333333333334
2640.0,,0.344,-28.91,11.74,9452.84,Metal Loss,External,13.0,0.045,,,1.1,1.58,1:38,,,0.7,15.77,,MFL-A/XT,,1160.0,65000.0,,1342.0,1468.63,2039.16,,,,,,,2015,Metal Loss_9452.8,True,9452.84,9452.84,0,1.6333333333333333
2640.0,,0.344,-29.11,11.54,9453.04,Metal Loss,External,13.0,0.045,,,1.34,1.73,2:58,,,0.7,15.82,,MFL-A/XT,,1160.0,65000.0,,1342.0,1465.59,2034.94,,,,,,,2015,Metal Loss_9453.0,True,9453.04,9453.04,0,2.966666666666667
2640.0,,0.344,-34.26,6.39,9458.19,Metal Loss,External,17.0,0.058,,,1.22,1.81,8:07,,,0.7,16.95,,MFL-A/XT,,1160.0,65000.0,,1342.0,1463.94,2032.64,,,,,,,2015,Metal Loss_9458.2,True,9458.19,9458.19,0,8.116666666666667
2640.0,,0.344,-34.84,5.8,9458.78,Metal Loss,External,30.0,0.103,,,0.63,1.34,8:05,,,0.7,17.07,,MFL-A/XT,,1160.0,65000.0,,1342.0,1469.21,2039.96,1540.59,2139.08,1541.47,2140.29,0.75,1.84,2015,Metal Loss_9458.8,True,9458.78,9458.78,0,8.083333333333334
2640.0,,0.344,-35.57,5.08,9459.51,Metal Loss,External,23.0,0.079,,,0.94,1.69,7:54,,,0.7,17.21,,MFL-A/XT,,1160.0,65000.0,,1342.0,1465.35,2034.6,1536.39,2133.24,1537.3,2134.51,0.76,1.84,2015,Metal Loss_9459.5,True,9459.51,9459.51,0,7.9
2640.0,,0.344,-35.94,4.71,9459.88,Metal Loss,External,35.0,0.12,,,0.94,1.42,5:14,,,0.7,17.28,,MFL-A/XT,,1160.0,65000.0,,1342.0,1458.05,2024.47,1527.5,2120.9,1530.17,2124.6,0.76,1.83,2015,Metal Loss_9459.9,True,9459.88,9459.88,0,5.233333333333333
2640.0,,0.344,-36.07,4.57,9460.01,Metal Loss,External,39.0,0.134,,,1.42,1.81,6:02,,,0.7,17.3,,MFL-A/XT,,1160.0,65000.0,,1342.0,1433.42,1990.26,1497.73,2079.56,1504.65,2089.16,0.77,1.79,2015,Metal Loss_9460.0,True,9460.01,9460.01,0,6.033333333333333
2830.0,,0.344,-39.34,1.05,10119.99,Cluster,External,20.0,0.069,,,0.96,4.86,6:21,,,0.7,180.49,,,,1160.0,65000.0,,1342.0,1467.03,2036.93,1538.35,2135.95,1538.61,2136.33,0.75,1.84,2015,Cluster_10120.0,True,10119.99,10119.99,-1,6.35
2940.0,,0.344,-39.17,0.88,10515.15,Metal Loss,External,10.0,0.034,,,0.94,2.36,4:28,,,0.7,162.54,,MFL-A/XT,,1160.0,65000.0,,1342.0,,,,,,,,,2015,Metal Loss_10515.1,True,10515.15,10515.15,-1,4.466666666666667
2960.0,,0.344,-27.99,12.21,10584.12,Metal Loss,External,12.0,0.041,,,1.02,1.73,6:13,,,0.7,153.42,,MFL-A/XT,,1160.0,65000.0,,1342.0,,,,,,,,,2015,Metal Loss_10584.1,True,10584.12,10584.12,1,6.216666666666667
2960.0,,0.344,-28.06,12.13,10584.2,Metal Loss,External,10.0,0.034,,,0.79,1.5,4:33,,,0.7,153.42,,MFL-A/XT,,1160.0,65000.0,,1342.0,,,,,,,,,2015,Metal Loss_10584.2,True,10584.2,10584.2,1,4.55
2960.0,,0.344,-28.07,12.13,10584.2,Metal Loss,External,13.0,0.045,,,0.59,0.98,5:41,,,0.7,153.42,,MFL-A/XT,,1160.0,65000.0,,1342.0,1473.91,2046.49,,,,,,,2015,Metal Loss_10584.2,True,10584.2,10584.2,1,5.683333333333334
2960.0,,0.344,-28.61,11.59,10584.75,Metal Loss,External,13.0,0.045,,,0.79,1.18,7:08,,,0.7,153.42,,MFL-A/XT,,1160.0,65000.0,,1342.0,1472.14,2044.03,,,,,,,2015,Metal Loss_10584.8,True,10584.75,10584.75,1,7.133333333333334
2960.0,,0.344,-30.43,9.77,10586.57,Cluster,External,33.0,0.114,,,1.8,3.5,4:20,,,0.7,153.41,,,,1160.0,65000.0,,1342.0,1424.42,1977.77,1487.55,2065.43,1490.25,2069.18,0.78,1.78,2015,Cluster_10586.6,True,10586.57,10586.57,1,4.333333333333333
2960.0,,0.344,-30.84,9.36,10586.97,Metal Loss,External,12.0,0.041,,,1.3,2.09,4:26,,,0.7,153.41,,MFL-A/XT,,1160.0,65000.0,,1342.0,,,,,,,,,2015,Metal Loss_10587.0,True,10586.97,10586.97,1,4.433333333333334
2960.0,,0.344,-31.02,9.18,10587.15,Metal Loss,External,12.0,0.041,,,0.59,1.42,6:02,,,0.7,153.41,,MFL-A/XT,,1160.0,65000.0,,1342.0,,,,,,,,,2015,Metal Loss_10587.1,True,10587.15,10587.15,1,6.033333333333333
2960.0,,0.344,-31.2,8.99,10587.34,Metal Loss,External,20.0,0.069,,,0.47,1.26,4:23,,,0.7,153.41,,MFL-A/XT,,1160.0,65000.0,,1342.0,1473.71,2046.21,1545.78,2146.28,1545.92,2146.48,0.75,1.85,2015,Metal Loss_10587.3,True,10587.34,10587.34,1,4.383333333333334
2960.0,,0.344,-31.42,8.78,10587.56,Metal Loss,External,13.0,0.045,,,0.55,0.98,4:35,,,0.7,153.41,,MFL-A/XT,,1160.0,65000.0,,1342.0,1474.18,2046.86,,,,,,,2015,Metal Loss_10587.6,True,10587.56,10587.56,1,4.583333333333333
2960.0,,0.344,-31.61,8.59,10587.75,Metal Loss,External,10.0,0.034,,,1.18,1.1,4:17,,,0.7,153.41,,MFL-A/XT,,1160.0,65000.0,,1342.0,,,,,,,,,2015,Metal Loss_10587.8,True,10587.75,10587.75,1,4.283333333333333
2960.0,,0.344,-31.78,8.41,10587.92,Metal Loss,External,13.0,0.045,,,0.43,1.22,4:21,,,0.7,153.41,,MFL-A/XT,,1160.0,65000.0,,1342.0,1474.95,2047.93,,,,,,,2015,Metal Loss_10587.9,True,10587.92,10587.92,1,4.35
2960.0,,0.344,-31.84,8.36,10587.98,Metal Loss,External,22.0,0.076,,,1.18,2.21,4:16,,,0.7,153.41,,MFL-A/XT,,1160.0,65000.0,,1342.0,1460.62,2028.03,1531.04,2125.81,1532.23,2127.47,0.76,1.83,2015,Metal Loss_10588.0,True,10587.98,10587.98,1,4.266666666666667
2960.0,,0.344,-32.06,8.13,10588.2,Metal Loss,External,13.0,0.045,,,0.94,1.69,4:06,,,0.7,153.41,,MFL-A/XT,,1160.0,65000.0,,1342.0,1470.49,2041.74,,,,,,,2015,Metal Loss_10588.2,True,10588.2,10588.2,1,4.1
2960.0,,0.344,-32.33,7.87,10588.47,Cluster,External,45.0,0.155,,,1.85,2.37,4:14,,,0.7,153.4,,,,1160.0,65000.0,,1342.0,1396.33,1938.77,1450.57,2014.08,1450.79,2014.39,0.8,1.74,2015,Cluster_10588.5,True,10588.47,10588.47,1,4.233333333333333
2960.0,,0.344,-32.61,7.58,10588.75,Metal Loss,External,16.0,0.055,,,0.51,1.97,4:25,,,0.7,153.4,,MFL-A/XT,,1160.0,65000.0,,1342.0,1474.07,2046.71,,,,,,,2015,Metal Loss_10588.8,True,10588.75,10588.75,1,4.416666666666667
2960.0,,0.344,-32.76,7.44,10588.9,Metal Loss,External,19.0,0.065,,,0.47,0.91,4:30,,,0.7,153.4,,MFL-A/XT,,1160.0,65000.0,,1342.0,1473.97,2046.57,,,,,,,2015,Metal Loss_10588.9,True,10588.9,10588.9,1,4.5
2960.0,,0.344,-32.89,7.3,10589.03,Metal Loss,External,20.0,0.069,,,1.18,2.4,4:37,,,0.7,153.4,,MFL-A/XT,,1160.0,65000.0,,1342.0,1462.49,2030.63,1533.22,2128.84,1534.02,2129.95,0.76,1.84,2015,Metal Loss_10589.0,True,10589.03,10589.03,1,4.616666666666667
2960.0,,0.344,-33.3,6.9,10589.43,Metal Loss,External,10.0,0.034,,,1.65,2.21,5:52,,,0.7,153.4,,MFL-A/XT,,1160.0,65000.0,,1342.0,,,,,,,,,2015,Metal Loss_10589.4,True,10589.43,10589.43,1,5.866666666666667
2960.0,,0.344,-39.2,0.99,10595.34,Metal Loss,External,13.0,0.045,,,0.47,1.02,6:32,Recoat,,0.7,153.39,,MFL-A/XT,,1160.0,65000.0,,1342.0,1474.74,2047.64,,,,,,,2015,Metal Loss_10595.3,True,10595.34,10595.34,1,6.533333333333333
2960.0,,0.344,-39.34,0.86,10595.48,Metal Loss,External,35.0,0.12,,,1.02,2.6,6:25,Recoat,,0.7,153.39,,MFL-A/XT,,1160.0,65000.0,,1342.0,1455.43,2020.83,1524.43,2116.63,1527.47,2120.86,0.76,1.82,2015,Metal Loss_10595.5,True,10595.48,10595.48,1,6.416666666666667
2960.0,,0.344,-39.35,0.85,10595.49,Metal Loss,External,50.0,0.172,,,0.67,2.17,3:47,Recoat,,0.7,153.39,,MFL-A/XT,,1160.0,65000.0,,1342.0,1460.73,2028.18,1529.6,2123.82,1532.8,2128.26,0.76,1.83,2015,Metal Loss_10595.5,True,10595.49,10595.49,1,3.783333333333333
2970.0,,0.344,-0.8,39.25,10597.14,Metal Loss,External,11.0,0.038,,,0.55,1.89,5:16,Recoat,,0.7,153.39,,MFL-A/XT,,1160.0,65000.0,,1342.0,,,,,,,,,2015,Metal Loss_10597.1,True,10597.14,10597.14,1,5.266666666666667
3010.0,,0.344,-0.58,19.22,10755.92,Cluster,External,20.0,0.069,,,1.8,2.89,5:13,,,0.7,153.18,,,,1160.0,65000.0,,1342.0,1447.5,2009.81,1515.88,2104.76,1516.56,2105.71,0.77,1.81,2015,Cluster_10755.9,True,10755.92,10755.92,2,5.216666666666667
3010.0,,0.344,-1.01,18.79,10756.35,Metal Loss,External,10.0,0.034,,,0.75,1.46,3:58,,,0.7,153.17,,MFL-A/XT,,1160.0,65000.0,,1342.0,,,,,,,,,2015,Metal Loss_10756.4,True,10756.35,10756.35,2,3.966666666666667
3090.0,,0.344,-4.29,35.71,11060.0,Metal Loss Manufacturing,,15.0,0.052,,,0.39,0.63,3:24,,,0.7,176.02,,MFL-A/XT,,1160.0,65000.0,,1342.0,,,,,,,,,2015,Metal Loss Manufacturing_11060.0,True,11060.0,11060.0,-1,3.4
3220.0,,0.344,-39.28,0.13,11615.85,Metal Loss,External,10.0,0.034,,,0.51,1.42,9:59,near girth weld,,1.0,220.81,,MFL-A/XT,,1160.0,65000.0,,1342.0,,,,,,,,,2015,Metal Loss_11615.9,True,11615.85,11615.85,-1,9.983333333333333
3370.0,,0.344,-19.86,20.1,12195.91,Metal Loss,External,10.0,0.034,,,2.21,1.61,10:32,,,1.0,253.77,,MFL-A/XT,,1160.0,65000.0,,1342.0,,,,,,,,,2015,Metal Loss_12195.9,True,12195.91,12195.91,-1,10.533333333333333
3430.0,,0.344,-17.57,22.34,12427.16,Metal Loss Manufacturing,,16.0,0.055,,,2.17,1.73,7:54,,,1.0,285.55,,MFL-A/XT,,1160.0,65000.0,,1342.0,,,,,,,,,2015,Metal Loss Manufacturing_12427.2,True,12427.16,12427.16,-1,7.9
3630.0,,0.344,-0.81,39.25,13155.91,Metal Loss,External,12.0,0.041,,,0.59,1.34,3:20,,,0.7,258.13,,MFL-A/XT,,1160.0,65000.0,,1342.0,,,,,,,,,2015,Metal Loss_13155.9,True,13155.91,13155.91,3,3.3333333333333335
3630.0,,0.344,-0.83,39.22,13155.93,Metal Loss,External,24.0,0.083,,,1.61,3.7,7:07,,,0.7,258.13,,MFL-A/XT,,1160.0,65000.0,,1342.0,1447.05,2009.19,1515.24,2103.88,1517.93,2107.6,0.77,1.81,2015,Metal Loss_13155.9,True,13155.93,13155.93,3,7.116666666666666
3630.0,,0.344,-1.07,38.98,13156.18,Metal Loss,External,23.0,0.079,,,0.67,1.3,3:29,,,0.7,258.08,,MFL-A/XT,,1160.0,65000.0,,1342.0,1470.75,2042.1,1542.46,2141.67,1542.92,2142.31,0.75,1.85,2015,Metal Loss_13156.2,True,13156.18,13156.18,3,3.4833333333333334
3680.0,,0.344,-39.2,0.96,13394.44,Metal Loss,External,10.0,0.034,,,0.63,1.22,6:05,,,0.7,164.89,,MFL-A/XT,,1160.0,65000.0,,1342.0,,,,,,,,,2015,Metal Loss_13394.4,True,13394.44,13394.44,4,6.083333333333333
3680.0,,0.344,-39.2,0.96,13394.44,Metal Loss,External,25.0,0.086,,,0.71,3.23,1:43,,,0.7,164.89,,MFL-A/XT,,1160.0,65000.0,,1342.0,1469.31,2040.1,1540.82,2139.39,1541.49,2140.32,0.75,1.84,2015,Metal Loss_13394.4,True,13394.44,13394.44,4,1.7166666666666668
3750.0,,0.344,-35.12,2.34,13645.56,Metal Loss,External,11.0,0.038,,,0.71,1.46,3:40,,,0.7,243.92,,MFL-A/XT,,1160.0,65000.0,,1342.0,,,,,,,,,2015,Metal Loss_13645.6,True,13645.56,13645.56,5,3.6666666666666665
3750.0,,0.344,-35.3,2.16,13645.75,Metal Loss,External,16.0,0.055,,,0.55,1.02,5:19,,,0.7,243.92,,MFL-A/XT,,1160.0,65000.0,,1342.0,1473.66,2046.14,,,,,,,2015,Metal Loss_13645.8,True,13645.75,13645.75,5,5.316666666666666
3810.0,,0.344,-21.23,18.88,13852.54,Metal Loss,External,10.0,0.034,,,0.39,0.59,1:36,,,0.7,214.81,,MFL-A/XT,,1160.0,65000.0,,1342.0,,,,,,,,,2015,Metal Loss_13852.5,True,13852.54,13852.54,6,1.6
3810.0,,0.344,-22.48,17.63,13853.79,Metal Loss,External,14.0,0.048,,,1.26,0.79,1:28,,,0.7,214.54,,MFL-A/XT,,1160.0,65000.0,,1342.0,1465.78,2035.2,,,,,,,2015,Metal Loss_13853.8,True,13853.79,13853.79,6,1.4666666666666668
3810.0,,0.344,-22.62,17.49,13853.93,Metal Loss,External,14.0,0.048,,,0.47,0.94,10:36,,,0.7,214.51,,MFL-A/XT,,1160.0,65000.0,,1342.0,1474.53,2047.35,,,,,,,2015,Metal Loss_13853.9,True,13853.93,13853.93,6,10.6
3850.0,,0.344,-39.07,1.01,14002.02,Metal Loss,External,12.0,0.041,,,0.51,1.26,6:45,,,1.0,197.37,,MFL-A/XT,,1160.0,65000.0,,1342.0,,,,,,,,,2015,Metal Loss_14002.0,True,14002.02,14002.02,-1,6.75
4040.0,,0.344,-14.65,25.45,14630.88,Dent,,,,1.2,0.288,27.54,8.38,6:27,,,0.7,74.11,,MFL-A/XT,,1160.0,65000.0,,1342.0,,,,,,,,,2015,Dent_14630.9,True,14630.88,14630.88,-1,6.45
4080.0,,0.344,-10.57,19.06,14751.62,Metal Loss,External,29.0,0.1,,,0.71,1.18,9:41,,,0.7,41.44,,MFL-A/XT,,1160.0,65000.0,,1342.0,1467.95,2038.22,1539.19,2137.13,1540.18,2138.5,0.75,1.84,2015,Metal Loss_14751.6,True,14751.62,14751.62,7,9.683333333333334
4080.0,,0.344,-10.79,18.83,14751.84,Metal Loss,External,29.0,0.1,,,0.83,1.38,9:40,,,0.7,41.41,,MFL-A/XT,,1160.0,65000.0,,1342.0,1465.09,2034.24,1535.92,2132.59,1537.26,2134.44,0.76,1.84,2015,Metal Loss_14751.8,True,14751.84,14751.84,7,9.666666666666666
4080.0,,0.344,-12.05,17.57,14753.1,Metal Loss,External,19.0,0.065,,,0.67,1.1,2:35,,,0.7,41.27,,MFL-A/XT,,1160.0,65000.0,,1342.0,1471.68,2043.39,,,,,,,2015,Metal Loss_14753.1,True,14753.1,14753.1,7,2.5833333333333335
4080.0,,0.344,-12.31,17.32,14753.35,Cluster,External,16.0,0.055,,,1.64,1.17,2:37,,,0.7,41.25,,,,1160.0,65000.0,,1342.0,1456.91,2022.89,,,,,,,2015,Cluster_14753.4,True,14753.35,14753.35,7,2.6166666666666667
4080.0,,0.344,-12.6,17.02,14753.65,Metal Loss,External,22.0,0.076,,,0.98,1.38,2:36,,,0.7,41.22,,MFL-A/XT,,1160.0,65000.0,,1342.0,1465.16,2034.33,1536.2,2132.97,1537.04,2134.14,0.76,1.84,2015,Metal Loss_14753.6,True,14753.65,14753.65,7,2.6
4080.0,,0.344,-12.86,16.76,14753.91,Metal Loss,External,12.0,0.041,,,0.47,0.94,2:19,,,0.7,41.2,,MFL-A/XT,,1160.0,65000.0,,1342.0,,,,,,,,,2015,Metal Loss_14753.9,True,14753.91,14753.91,7,2.3166666666666664
4080.0,,0.344,-13.93,15.69,14754.98,Metal Loss,External,12.0,0.041,,,2.21,1.18,9:48,,,0.7,41.09,,MFL-A/XT,,1160.0,65000.0,,1342.0,,,,,,,,,2015,Metal Loss_14755.0,True,14754.98,14754.98,7,9.8
4080.0,,0.344,-16.52,13.1,14757.57,Metal Loss,External,11.0,0.038,,,0.94,2.01,9:29,,,0.7,40.9,,MFL-A/XT,,1160.0,65000.0,,1342.0,,,,,,,,,2015,Metal Loss_14757.6,True,14757.57,14757.57,7,9.483333333333333
4140.0,,0.344,-7.02,12.17,14909.43,Metal Loss,External,11.0,0.038,,,0.67,1.18,2:22,,,1.0,40.26,,MFL-A/XT,,1160.0,65000.0,,1342.0,,,,,,,,,2015,Metal Loss_14909.4,True,14909.43,14909.43,-1,2.3666666666666667
4150.0,,0.344,-10.59,25.78,14932.19,Metal Loss,External,27.0,0.093,,,0.55,1.3,1:18,,,0.7,41.6,,MFL-A/XT,,1160.0,65000.0,,1342.0,1471.53,2043.19,1543.28,2142.81,1543.8,2143.52,0.75,1.85,2015,Metal Loss_14932.2,True,14932.19,14932.19,8,1.3
4150.0,,0.344,-13.1,23.28,14934.69,Metal Loss,External,14.0,0.048,,,1.89,2.17,12:47,,,0.7,41.8,,MFL-A/XT,,1160.0,65000.0,,1342.0,1455.61,2021.08,,,,,,,2015,Metal Loss_14934.7,True,14934.69,14934.69,8,12.783333333333333
4150.0,,0.344,-23.54,12.84,14945.13,Metal Loss,External,36.0,0.124,,,0.59,1.26,1:04,,,0.7,42.43,,MFL-A/XT,,1160.0,65000.0,,1342.0,1468.62,2039.14,1539.77,2137.93,1540.91,2139.52,0.75,1.84,2015,Metal Loss_14945.1,True,14945.13,14945.13,9,1.0666666666666667
4150.0,,0.344,-23.73,12.64,14945.33,Metal Loss,External,44.0,0.151,,,0.71,1.38,1:18,,,0.7,42.43,,MFL-A/XT,,1160.0,65000.0,,1342.0,1461.98,2029.92,1531.57,2126.55,1534.16,2130.14,0.76,1.83,2015,Metal Loss_14945.3,True,14945.33,14945.33,9,1.3
4160.0,,0.5,-2.12,0.75,14960.09,Metal Loss,External,19.0,0.095,,,1.89,0.59,6:45,,,0.7,42.53,,MFL-A/XT,,1160.0,60000.0,,1800.0,1951.48,2710.39,,,,,,,2015,Metal Loss_14960.1,True,14960.09,14960.09,10,6.75
4160.0,,0.5,-2.7,0.17,14960.67,Metal Loss,External,10.0,0.05,,,0.75,3.19,4:46,near girth weld,,0.7,42.54,,MFL-A/XT,,1160.0,60000.0,,1800.0,,,,,,,,,2015,Metal Loss_14960.7,True,14960.67,14960.67,10,4.766666666666667
4160.0,,0.5,-2.86,0.01,14960.83,Metal Loss,External,10.0,0.05,,,1.3,3.42,5:21,affecting girth weld,,0.7,42.54,,MFL-A/XT,,1160.0,60000.0,,1800.0,,,,,,,,,2015,Metal Loss_14960.8,True,14960.83,14960.83,10,5.35
4160.01,,0.5,-0.03,7.4,14960.87,Metal Loss,External,24.0,0.12,,,1.02,0.59,5:14,affecting girth weld,,0.7,42.54,,MFL-A/XT,,1160.0,60000.0,,1800.0,1967.64,2732.84,2086.11,2897.37,2087.25,2898.96,0.56,2.5,2015,Metal Loss_14960.9,True,14960.87,14960.87,10,5.233333333333333
4160.01,,0.5,-0.43,7.0,14961.27,Metal Loss,External,13.0,0.065,,,1.26,1.42,4:46,,,0.7,42.54,,MFL-A/XT,,1160.0,60000.0,,1800.0,1970.83,2737.26,,,,,,,2015,Metal Loss_14961.3,True,14961.27,14961.27,10,4.766666666666667
4160.01,,0.5,-5.18,2.26,14966.01,Metal Loss,External,11.0,0.055,,,2.4,1.38,5:57,,,0.7,42.55,,MFL-A/XT,,1160.0,60000.0,,1800.0,,,,,,,,,2015,Metal Loss_14966.0,True,14966.01,14966.01,10,5.95
4160.01,,0.5,-5.29,2.14,14966.13,Metal Loss,External,10.0,0.05,,,1.69,1.42,6:28,,,0.7,42.56,,MFL-A/XT,,1160.0,60000.0,,1800.0,,,,,,,,,2015,Metal Loss_14966.1,True,14966.13,14966.13,10,6.466666666666667
4160.01,,0.5,-5.57,1.86,14966.41,Metal Loss,External,19.0,0.095,,,0.71,0.83,5:40,,,0.7,42.56,,MFL-A/XT,,1160.0,60000.0,,1800.0,1975.33,2743.51,,,,,,,2015,Metal Loss_14966.4,True,14966.41,14966.41,10,5.666666666666667
4160.01,,0.5,-5.71,1.72,14966.55,Metal Loss,External,13.0,0.065,,,0.59,0.71,5:47,,,0.7,42.56,,MFL-A/XT,,1160.0,60000.0,,1800.0,1977.87,2747.05,,,,,,,2015,Metal Loss_14966.5,True,14966.55,14966.55,10,5.783333333333333
4160.01,,0.5,-6.22,1.21,14967.06,Cluster,External,51.0,0.255,,,1.74,5.2,4:41,,,0.7,42.56,,,,1160.0,60000.0,,1800.0,1894.93,2631.84,1993.01,2768.07,2006.36,2786.6,0.58,2.39,2015,Cluster_14967.1,True,14967.06,14967.06,10,4.683333333333334
4160.01,,0.5,-6.65,0.78,14967.49,Metal Loss,External,19.0,0.095,,,1.69,1.5,5:01,,,0.7,42.56,,MFL-A/XT,,1160.0,60000.0,,1800.0,1956.27,2717.04,,,,,,,2015,Metal Loss_14967.5,True,14967.49,14967.49,10,5.016666666666667
4160.01,,0.5,-6.67,0.76,14967.51,Metal Loss,External,14.0,0.07,,,2.24,0.71,5:45,,,0.7,42.56,,MFL-A/XT,,1160.0,60000.0,,1800.0,1952.91,2712.38,,,,,,,2015,Metal Loss_14967.5,True,14967.51,14967.51,10,5.75
4160.01,,0.5,-7.09,0.35,14967.92,Cluster,External,24.0,0.12,,,2.7,3.1,5:49,near girth weld,,0.7,42.56,,,,1160.0,60000.0,,1800.0,1913.9,2658.2,2022.25,2808.69,2031.08,2820.94,0.57,2.42,2015,Cluster_14967.9,True,14967.92,14967.92,10,5.816666666666666
4160.01,,0.5,-7.22,0.21,14968.06,Metal Loss,External,10.0,0.05,,,0.79,1.53,7:36,near girth weld,,0.7,42.56,,MFL-A/XT,,1160.0,60000.0,,1800.0,,,,,,,,,2015,Metal Loss_14968.1,True,14968.06,14968.06,10,7.6
4160.02,,0.5,-0.04,3.77,14968.31,Metal Loss,External,15.0,0.075,,,0.87,1.38,4:12,affecting girth weld,,0.7,42.57,,MFL-A/XT,,1160.0,60000.0,,1800.0,1974.74,2742.69,,,,,,,2015,Metal Loss_14968.3,True,14968.31,14968.31,10,4.2
4160.02,,0.5,-0.21,3.6,14968.48,Metal Loss,External,12.0,0.06,,,1.69,1.34,6:58,,,0.7,42.57,,MFL-A/XT,,1160.0,60000.0,,1800.0,,,,,,,,,2015,Metal Loss_14968.5,True,14968.48,14968.48,10,6.966666666666667
4160.02,,0.5,-0.26,3.55,14968.53,Metal Loss,External,19.0,0.095,,,1.34,1.42,7:30,,,0.7,42.57,,MFL-A/XT,,1160.0,60000.0,,1800.0,1964.25,2728.13,,,,,,,2015,Metal Loss_14968.5,True,14968.53,14968.53,10,7.5
4160.02,,0.5,-0.31,3.5,14968.58,Metal Loss,External,15.0,0.075,,,1.5,1.38,6:03,,,0.7,42.57,,MFL-A/XT,,1160.0,60000.0,,1800.0,1965.26,2729.53,,,,,,,2015,Metal Loss_14968.6,True,14968.58,14968.58,10,6.05
4160.02,,0.5,-0.56,3.25,14968.83,Metal Loss,External,10.0,0.05,,,1.61,1.65,4:13,,,0.7,42.57,,MFL-A/XT,,1160.0,60000.0,,1800.0,,,,,,,,,2015,Metal Loss_14968.8,True,14968.83,14968.83,10,4.216666666666667
4160.02,,0.5,-1.14,2.67,14969.41,Metal Loss,External,11.0,0.055,,,0.63,0.59,6:58,,,0.7,42.57,,MFL-A/XT,,1160.0,60000.0,,1800.0,,,,,,,,,2015,Metal Loss_14969.4,True,14969.41,14969.41,10,6.966666666666667
4160.02,,0.5,-1.36,2.46,14969.63,Metal Loss,External,11.0,0.055,,,0.87,1.22,5:25,,,0.7,42.57,,MFL-A/XT,,1160.0,60000.0,,1800.0,,,,,,,,,2015,Metal Loss_14969.6,True,14969.63,14969.63,10,5.416666666666667
4160.02,,0.5,-1.54,2.27,14969.81,Cluster,External,26.0,0.13,,,1.93,8.36,4:11,,,0.7,42.57,,,,1160.0,60000.0,,1800.0,1937.39,2690.82,2050.66,2848.14,2050.82,2848.37,0.57,2.46,2015,Cluster_14969.8,True,14969.81,14969.81,10,4.183333333333334
4160.02,,0.5,-1.74,2.07,14970.01,Metal Loss,External,15.0,0.075,,,1.02,0.94,6:47,,,0.7,42.57,,MFL-A/XT,,1160.0,60000.0,,1800.0,1972.77,2739.96,,,,,,,2015,Metal Loss_14970.0,True,14970.01,14970.01,10,6.783333333333333
4160.02,,0.5,-1.85,1.96,14970.12,Metal Loss,External,11.0,0.055,,,1.46,2.99,4:03,,,0.7,42.57,,MFL-A/XT,,1160.0,60000.0,,1800.0,,,,,,,,,2015,Metal Loss_14970.1,True,14970.12,14970.12,10,4.05
4160.02,,0.5,-1.9,1.91,14970.17,Metal Loss,External,14.0,0.07,,,1.58,1.18,4:46,,,0.7,42.57,,MFL-A/XT,,1160.0,60000.0,,1800.0,1965.15,2729.37,,,,,,,2015,Metal Loss_14970.2,True,14970.17,14970.17,10,4.766666666666667
4160.02,,0.5,-2.3,1.51,14970.57,Metal Loss,External,10.0,0.05,,,1.3,2.87,4:51,,,0.7,42.58,,MFL-A/XT,,1160.0,60000.0,,1800.0,,,,,,,,,2015,Metal Loss_14970.6,True,14970.57,14970.57,10,4.85
4160.02,,0.5,-2.31,1.5,14970.58,Metal Loss,External,22.0,0.11,,,1.14,1.34,4:09,,,0.7,42.58,,MFL-A/XT,,1160.0,60000.0,,1800.0,1966.25,2730.9,2084.58,2895.25,2085.64,2896.73,0.56,2.5,2015,Metal Loss_14970.6,True,14970.58,14970.58,10,4.15
4160.02,,0.5,-3.55,0.26,14971.82,Metal Loss,External,13.0,0.065,,,1.02,1.06,3:52,near girth weld,,0.7,42.57,,MFL-A/XT,,1160.0,60000.0,,1800.0,1973.82,2741.42,,,,,,,2015,Metal Loss_14971.8,True,14971.82,14971.82,10,3.8666666666666667
4160.02,,0.5,-3.58,0.23,14971.85,Metal Loss,External,13.0,0.065,,,1.14,2.09,2:38,near girth weld,,0.7,42.57,,MFL-A/XT,,1160.0,60000.0,,1800.0,1972.38,2739.42,,,,,,,2015,Metal Loss_14971.9,True,14971.85,14971.85,10,2.6333333333333333
4190.0,,0.344,-0.09,13.13,14972.17,Metal Loss,External,40.0,0.138,,,0.99,3.03,5:43,near girth weld Recoat,,1.0,42.57,,MFL-A/XT,,1160.0,65000.0,,1342.0,1453.03,2017.5,1521.2,2112.14,1525.05,2117.49,0.76,1.82,2015,Metal Loss_14972.2,True,14972.17,14972.17,10,5.716666666666667
4190.0,,0.344,-0.26,12.96,14972.34,Metal Loss,External,14.0,0.048,,,0.79,0.59,3:37,Recoat,,1.0,42.57,,MFL-A/XT,,1160.0,65000.0,,1342.0,1471.8,2043.55,,,,,,,2015,Metal Loss_14972.3,True,14972.34,14972.34,10,3.6166666666666667
4190.0,,0.344,-0.27,12.95,14972.35,Metal Loss,External,11.0,0.038,,,0.94,2.36,3:01,Recoat,,1.0,42.57,,MFL-A/XT,,1160.0,65000.0,,1342.0,,,,,,,,,2015,Metal Loss_14972.4,True,14972.35,14972.35,10,3.0166666666666666
4190.0,,0.344,-1.62,11.6,14973.7,Cluster,External,27.0,0.093,,,2.17,3.77,4:51,Recoat,,1.0,42.57,,,,1160.0,65000.0,,1342.0,1422.86,1975.6,1486.1,2063.41,1490.78,2069.91,0.78,1.78,2015,Cluster_14973.7,True,14973.7,14973.7,10,4.85
4190.0,,0.344,-2.08,11.14,14974.16,Metal Loss,External,21.0,0.072,,,0.67,1.38,2:58,Recoat,,1.0,42.57,,MFL-A/XT,,1160.0,65000.0,,1342.0,1471.13,2042.62,1542.91,2142.29,1543.25,2142.76,0.75,1.85,2015,Metal Loss_14974.2,True,14974.16,14974.16,10,2.966666666666667
4190.0,,0.344,-2.18,11.04,14974.26,Metal Loss,External,10.0,0.034,,,1.93,2.32,3:47,Recoat,,1.0,42.57,,MFL-A/XT,,1160.0,65000.0,,1342.0,,,,,,,,,2015,Metal Loss_14974.3,True,14974.26,14974.26,10,3.783333333333333
4200.0,,0.344,-30.52,9.52,15015.82,Metal Loss,External,15.0,0.052,,,0.59,1.02,1:55,,,1.0,41.43,,MFL-A/XT,,1160.0,65000.0,,1342.0,1473.52,2045.95,,,,,,,2015,Metal Loss_15015.8,True,15015.82,15015.82,11,1.9166666666666665
4200.0,,0.344,-39.17,0.87,15024.47,Metal Loss,External,11.0,0.038,,,0.87,0.59,5:19,,,1.0,41.34,,MFL-A/XT,,1160.0,65000.0,,1342.0,,,,,,,,,2015,Metal Loss_15024.5,True,15024.47,15024.47,11,5.316666666666666
4200.0,,0.344,-39.18,0.86,15024.48,Metal Loss,External,10.0,0.034,,,0.59,2.48,3:02,,,1.0,41.34,,MFL-A/XT,,1160.0,65000.0,,1342.0,,,,,,,,,2015,Metal Loss_15024.5,True,15024.48,15024.48,11,3.033333333333333
4200.0,,0.344,-39.18,0.86,15024.49,Metal Loss,External,10.0,0.034,,,0.75,1.81,7:56,,,1.0,41.34,,MFL-A/XT,,1160.0,65000.0,,1342.0,,,,,,,,,2015,Metal Loss_15024.5,True,15024.49,15024.49,11,7.933333333333334
4210.0,,0.344,-0.81,39.23,15026.16,Metal Loss,External,11.0,0.038,,,0.83,1.42,12:59,,,0.7,41.32,,MFL-A/XT,,1160.0,65000.0,,1342.0,,,,,,,,,2015,Metal Loss_15026.2,True,15026.16,15026.16,11,12.983333333333333
4210.0,,0.344,-24.44,15.6,15049.79,Metal Loss,External,13.0,0.045,,,0.67,1.38,8:45,,,0.7,40.78,,MFL-A/XT,,1160.0,65000.0,,1342.0,1473.34,2045.7,,,,,,,2015,Metal Loss_15049.8,True,15049.79,15049.79,12,8.75
4210.0,,0.344,-27.08,12.96,15052.42,Metal Loss,External,10.0,0.034,,,2.13,1.93,8:44,,,0.7,40.69,,MFL-A/XT,,1160.0,65000.0,,1342.0,,,,,,,,,2015,Metal Loss_15052.4,True,15052.42,15052.42,12,8.733333333333333
4210.0,,0.344,-28.02,12.01,15053.37,Metal Loss,External,17.0,0.058,,,0.79,1.02,8:49,,,0.7,40.66,,MFL-A/XT,,1160.0,65000.0,,1342.0,1470.73,2042.08,,,,,,,2015,Metal Loss_15053.4,True,15053.37,15053.37,12,8.816666666666666
4210.0,,0.344,-28.54,11.5,15053.89,Metal Loss,External,13.0,0.045,,,0.43,0.94,8:50,,,0.7,40.64,,MFL-A/XT,,1160.0,65000.0,,1342.0,1474.95,2047.93,,,,,,,2015,Metal Loss_15053.9,True,15053.89,15053.89,12,8.833333333333334
4210.0,,0.344,-29.57,10.47,15054.91,Metal Loss,External,12.0,0.041,,,0.83,1.26,8:51,,,0.7,40.61,,MFL-A/XT,,1160.0,65000.0,,1342.0,,,,,,,,,2015,Metal Loss_15054.9,True,15054.91,15054.91,12,8.85
4210.0,,0.344,-29.61,10.43,15054.95,Metal Loss,External,18.0,0.062,,,0.67,1.06,8:14,,,0.7,40.61,,MFL-A/XT,,1160.0,65000.0,,1342.0,1472.09,2043.96,,,,,,,2015,Metal Loss_15055.0,True,15054.95,15054.95,12,8.233333333333333
4210.0,,0.344,-29.82,10.22,15055.17,Cluster,External,30.0,0.103,,,2.22,2.95,8:34,,,0.7,40.6,,,,1160.0,65000.0,,1342.0,1414.16,1963.52,1475.24,2048.34,1498.29,2080.33,0.79,1.77,2015,Cluster_15055.2,True,15055.17,15055.17,12,8.566666666666666
4210.0,,0.344,-30.32,9.71,15055.67,Metal Loss,External,23.0,0.079,,,1.58,1.77,8:05,,,0.7,40.58,,MFL-A/XT,,1160.0,65000.0,,1342.0,1449.14,2012.1,1517.74,2107.34,1520.03,2110.53,0.76,1.82,2015,Metal Loss_15055.7,True,15055.67,15055.67,12,8.083333333333334
4210.0,,0.344,-30.35,9.68,15055.7,Metal Loss,External,46.0,0.158,,,1.18,1.61,8:47,,,0.7,40.58,,MFL-A/XT,,1160.0,65000.0,,1342.0,1437.45,1995.87,1501.56,2084.88,1508.87,2095.03,0.77,1.8,2015,Metal Loss_15055.7,True,15055.7,15055.7,12,8.783333333333333
4210.0,,0.344,-30.7,9.34,15056.04,Metal Loss,External,13.0,0.045,,,1.85,1.1,8:52,,,0.7,40.57,,MFL-A/XT,,1160.0,65000.0,,1342.0,1457.78,2024.09,,,,,,,2015,Metal Loss_15056.0,True,15056.04,15056.04,12,8.866666666666667
4210.0,,0.344,-30.81,9.23,15056.15,Cluster,External,21.0,0.072,,,2.09,3.21,8:04,,,0.7,40.57,,,,1160.0,65000.0,,1342.0,1438.41,1997.2,1505.06,2089.74,1506.25,2091.39,0.77,1.8,2015,Cluster_15056.1,True,15056.15,15056.15,12,8.066666666666666
4210.0,,0.344,-34.14,5.9,15059.49,Metal Loss,External,17.0,0.058,,,1.89,1.38,09:00,,,0.7,40.46,,MFL-A/XT,,1160.0,65000.0,,1342.0,1450.47,2013.94,,,,,,,2015,Metal Loss_15059.5,True,15059.49,15059.49,12,9.0
4210.0,,0.344,-36.09,3.95,15061.44,Metal Loss,External,15.0,0.052,,,0.83,1.22,9:54,,,0.7,40.4,,MFL-A/XT,,1160.0,65000.0,,1342.0,1471.03,2042.48,,,,,,,2015,Metal Loss_15061.4,True,15061.44,15061.44,12,9.9
4220.0,,0.344,-4.09,36.02,15069.47,Metal Loss,External,23.0,0.079,,,1.61,2.91,3:53,,,0.7,40.15,,MFL-A/XT,,1160.0,65000.0,,1342.0,1448.11,2010.66,1516.53,2105.66,1518.91,2108.97,0.76,1.82,2015,Metal Loss_15069.5,True,15069.47,15069.47,12,3.8833333333333333
4220.0,,0.344,-4.35,35.75,15069.74,Metal Loss,External,10.0,0.034,,,0.75,1.61,3:53,,,0.7,40.14,,MFL-A/XT,,1160.0,65000.0,,1342.0,,,,,,,,,2015,Metal Loss_15069.7,True,15069.74,15069.74,12,3.8833333333333333
4220.0,,0.344,-8.23,31.87,15073.61,Metal Loss,External,10.0,0.034,,,0.75,1.38,5:10,,,0.7,40.03,,MFL-A/XT,,1160.0,65000.0,,1342.0,,,,,,,,,2015,Metal Loss_15073.6,True,15073.61,15073.61,12,5.166666666666667
4220.0,,0.344,-8.46,31.64,15073.85,Metal Loss,External,19.0,0.065,,,0.75,1.5,5:12,,,0.7,40.02,,MFL-A/XT,,1160.0,65000.0,,1342.0,1470.7,2042.03,,,,,,,2015,Metal Loss_15073.9,True,15073.85,15073.85,12,5.2
4220.0,,0.344,-8.64,31.47,15074.02,Metal Loss,External,20.0,0.069,,,0.71,1.3,5:33,,,0.7,40.02,,MFL-A/XT,,1160.0,65000.0,,1342.0,1470.9,2042.3,1542.66,2141.95,1542.97,2142.38,0.75,1.85,2015,Metal Loss_15074.0,True,15074.02,15074.02,12,5.55
4220.0,,0.344,-8.8,31.31,15074.18,Metal Loss,External,26.0,0.089,,,0.59,0.94,5:40,,,0.7,40.01,,MFL-A/XT,,1160.0,65000.0,,1342.0,1471.16,2042.67,1542.88,2142.24,1543.4,2142.97,0.75,1.85,2015,Metal Loss_15074.2,True,15074.18,15074.18,12,5.666666666666667
4220.0,,0.344,-10.73,29.37,15076.11,Metal Loss,External,10.0,0.034,,,0.35,0.67,12:42,,,0.7,39.96,,MFL-A/XT,,1160.0,65000.0,,1342.0,,,,,,,,,2015,Metal Loss_15076.1,True,15076.11,15076.11,12,12.7
4220.0,,0.344,-10.9,29.2,15076.28,Metal Loss,External,20.0,0.069,,,0.75,2.01,12:17,,,0.7,39.96,,MFL-A/XT,,1160.0,65000.0,,1342.0,1470.37,2041.57,1542.08,2141.13,1542.41,2141.6,0.75,1.85,2015,Metal Loss_15076.3,True,15076.28,15076.28,12,12.283333333333333
4220.0,,0.344,-20.69,19.41,15086.08,Metal Loss,External,12.0,0.041,,,0.87,2.17,4:14,,,0.7,39.72,,MFL-A/XT,,1160.0,65000.0,,1342.0,,,,,,,,,2015,Metal Loss_15086.1,True,15086.08,15086.08,12,4.233333333333333
4220.0,,0.344,-20.84,19.27,15086.22,Metal Loss,External,22.0,0.076,,,0.67,1.02,3:07,,,0.7,39.72,,MFL-A/XT,,1160.0,65000.0,,1342.0,1470.84,2042.23,1542.58,2141.83,1542.99,2142.4,0.75,1.85,2015,Metal Loss_15086.2,True,15086.22,15086.22,12,3.1166666666666667
4220.0,,0.344,-21.09,19.02,15086.47,Metal Loss,External,10.0,0.034,,,0.55,0.94,5:07,,,0.7,39.71,,MFL-A/XT,,1160.0,65000.0,,1342.0,,,,,,,,,2015,Metal Loss_15086.5,True,15086.47,15086.47,12,5.116666666666666
4220.0,,0.344,-21.22,18.88,15086.61,Metal Loss,External,10.0,0.034,,,0.67,0.79,5:06,,,0.7,39.71,,MFL-A/XT,,1160.0,65000.0,,1342.0,,,,,,,,,2015,Metal Loss_15086.6,True,15086.61,15086.61,12,5.1
4220.0,,0.344,-27.4,12.71,15092.78,Metal Loss,External,41.0,0.141,,,0.67,1.1,8:15,,,0.7,39.57,,MFL-A/XT,,1160.0,65000.0,,1342.0,1464.53,2033.46,1534.78,2131.01,1536.77,2133.77,0.76,1.84,2015,Metal Loss_15092.8,True,15092.78,15092.78,12,8.25
4220.0,,0.344,-27.59,12.52,15092.97,Metal Loss,External,11.0,0.038,,,0.83,0.63,7:57,,,0.7,39.57,,MFL-A/XT,,1160.0,65000.0,,1342.0,,,,,,,,,2015,Metal Loss_15093.0,True,15092.97,15092.97,12,7.95
4220.0,,0.344,-27.6,12.5,15092.99,Metal Loss,External,31.0,0.107,,,0.98,1.38,8:17,,,0.7,39.57,,MFL-A/XT,,1160.0,65000.0,,1342.0,1459.53,2026.52,1529.44,2123.59,1531.6,2126.59,0.76,1.83,2015,Metal Loss_15093.0,True,15092.99,15092.99,12,8.283333333333333
4220.0,,0.344,-28.51,11.6,15093.89,Metal Loss,External,10.0,0.034,,,1.38,1.89,6:19,,,0.7,39.55,,MFL-A/XT,,1160.0,65000.0,,1342.0,,,,,,,,,2015,Metal Loss_15093.9,True,15093.89,15093.89,12,6.316666666666666
4220.0,,0.344,-28.59,11.51,15093.97,Metal Loss,External,10.0,0.034,,,0.59,1.06,9:19,,,0.7,39.55,,MFL-A/XT,,1160.0,65000.0,,1342.0,,,,,,,,,2015,Metal Loss_15094.0,True,15093.97,15093.97,12,9.316666666666666
4220.0,,0.344,-29.48,10.63,15094.86,Metal Loss,External,19.0,0.065,,,0.67,1.61,1:08,,,0.7,39.53,,MFL-A/XT,,1160.0,65000.0,,1342.0,1471.68,2043.39,,,,,,,2015,Metal Loss_15094.9,True,15094.86,15094.86,12,1.1333333333333333
4220.0,,0.344,-29.56,10.54,15094.95,Metal Loss,External,27.0,0.093,,,0.47,0.94,9:16,,,0.7,39.53,,MFL-A/XT,,1160.0,65000.0,,1342.0,1472.82,2044.98,1544.73,2144.82,1545.1,2145.34,0.75,1.85,2015,Metal Loss_15095.0,True,15094.95,15094.95,12,9.266666666666667
4220.0,,0.344,-29.69,10.42,15095.07,Metal Loss,External,49.0,0.169,,,1.02,1.89,9:09,,,0.7,39.53,,MFL-A/XT,,1160.0,65000.0,,1342.0,1443.37,2004.08,1508.34,2094.29,1514.94,2103.46,0.77,1.81,2015,Metal Loss_15095.1,True,15095.07,15095.07,12,9.15
4220.0,,0.344,-29.91,10.2,15095.29,Cluster,External,43.0,0.148,,,1.38,1.78,9:22,,,0.7,39.52,,,,1160.0,65000.0,,1342.0,1429.68,1985.07,1492.54,2072.35,1522.17,2113.5,0.78,1.79,2015,Cluster_15095.3,True,15095.29,15095.29,12,9.366666666666667
4220.0,,0.344,-30.25,9.85,15095.63,Metal Loss,External,29.0,0.1,,,0.51,1.02,9:30,,,0.7,39.52,,MFL-A/XT,,1160.0,65000.0,,1342.0,1471.74,2043.47,1543.48,2143.09,1544.02,2143.83,0.75,1.85,2015,Metal Loss_15095.6,True,15095.63,15095.63,12,9.5
4220.0,,0.344,-30.56,9.54,15095.94,Metal Loss,External,14.0,0.048,,,1.93,2.05,6:10,,,0.7,39.51,,MFL-A/XT,,1160.0,65000.0,,1342.0,1454.99,2020.21,,,,,,,2015,Metal Loss_15095.9,True,15095.94,15095.94,12,6.166666666666667
4220.0,,0.344,-30.92,9.18,15096.31,Metal Loss,External,10.0,0.034,,,0.59,1.02,12:14,,,0.7,39.5,,MFL-A/XT,,1160.0,65000.0,,1342.0,,,,,,,,,2015,Metal Loss_15096.3,True,15096.31,15096.31,12,12.233333333333333
4220.0,,0.344,-31.5,8.6,15096.88,Metal Loss,External,40.0,0.138,,,0.75,1.36,9:05,,,0.7,39.49,,MFL-A/XT,,1160.0,65000.0,,1342.0,1462.49,2030.63,1532.42,2127.73,1534.7,2130.9,0.76,1.83,2015,Metal Loss_15096.9,True,15096.88,15096.88,12,9.083333333333334
4220.0,,0.344,-31.7,8.4,15097.09,Metal Loss,External,30.0,0.103,,,1.65,1.97,8:59,,,0.7,39.49,,MFL-A/XT,,1160.0,65000.0,,1342.0,1436.29,1994.25,1502.15,2085.7,1507.15,2092.64,0.77,1.8,2015,Metal Loss_15097.1,True,15097.09,15097.09,12,8.983333333333333
4220.0,,0.344,-32.99,7.11,15098.37,Cluster,External,38.0,0.131,,,3.24,1.38,9:10,,,0.7,39.47,,,,1160.0,65000.0,,1342.0,1342.04,1863.39,1382.38,1919.41,1464.57,2033.52,0.84,1.65,2015,Cluster_15098.4,True,15098.37,15098.37,12,9.166666666666666
4220.0,,0.344,-33.48,6.63,15098.86,Metal Loss,External,13.0,0.045,,,0.55,0.94,8:57,,,0.7,39.46,,MFL-A/XT,,1160.0,65000.0,,1342.0,1474.18,2046.86,,,,,,,2015,Metal Loss_15098.9,True,15098.86,15098.86,12,8.95
4220.0,,0.344,-39.2,0.9,15104.59,Cluster,External,17.0,0.058,,,0.83,8.9,3:08,,,0.7,39.34,,,,1160.0,65000.0,,1342.0,1470.27,2041.43,,,,,,,2015,Cluster_15104.6,True,15104.59,15104.59,12,3.1333333333333333
4230.0,,0.344,-0.78,39.19,15106.27,Metal Loss,External,14.0,0.048,,,0.59,1.3,11:43,,,0.7,39.31,,MFL-A/XT,,1160.0,65000.0,,1342.0,1473.62,2046.09,,,,,,,2015,Metal Loss_15106.3,True,15106.27,15106.27,12,11.716666666666667
4240.0,,0.344,-39.04,0.89,15184.5,Metal Loss,External,11.0,0.038,,,1.02,2.01,2:21,,,0.7,38.01,,MFL-A/XT,,1160.0,65000.0,,1342.0,,,,,,,,,2015,Metal Loss_15184.5,True,15184.5,15184.5,13,2.35
4240.0,,0.344,-39.05,0.88,15184.5,Metal Loss,External,10.0,0.034,,,0.79,2.24,4:16,,,0.7,38.01,,MFL-A/XT,,1160.0,65000.0,,1342.0,,,,,,,,,2015,Metal Loss_15184.5,True,15184.5,15184.5,13,4.266666666666667
4240.0,,0.344,-39.09,0.84,15184.54,Metal Loss,External,24.0,0.083,,,0.71,2.05,5:08,,,0.7,38.01,,MFL-A/XT,,1160.0,65000.0,,1342.0,1469.64,2040.56,1541.2,2139.92,1541.8,2140.75,0.75,1.84,2015,Metal Loss_15184.5,True,15184.54,15184.54,13,5.133333333333334
4250.0,,0.344,-0.81,39.13,15186.2,Metal Loss,External,10.0,0.034,,,1.1,2.44,3:10,,,0.7,38.0,,MFL-A/XT,,1160.0,65000.0,,1342.0,,,,,,,,,2015,Metal Loss_15186.2,True,15186.2,15186.2,13,3.1666666666666665
4260.0,,0.344,-38.46,0.88,15263.79,Metal Loss,External,14.0,0.048,,,0.98,5.08,7:45,,,0.7,37.7,,MFL-A/XT,,1160.0,65000.0,,1342.0,1469.57,2040.46,,,,,,,2015,Metal Loss_15263.8,True,15263.79,15263.79,-1,7.75
4270.0,,0.344,-10.76,0.14,15275.43,Metal Loss,External,12.0,0.041,,,0.55,1.1,2:41,near girth weld,,0.7,37.77,,MFL-A/XT,,1160.0,65000.0,,1342.0,,,,,,,,,2015,Metal Loss_15275.4,True,15275.43,15275.43,14,2.6833333333333336
4270.0,,0.344,-10.76,0.13,15275.43,Metal Loss,External,10.0,0.034,,,1.22,1.81,9:07,affecting girth weld,,0.7,37.77,,MFL-A/XT,,1160.0,65000.0,,1342.0,,,,,,,,,2015,Metal Loss_15275.4,True,15275.43,15275.43,14,9.116666666666667
4270.0,,0.344,-10.78,0.12,15275.44,Metal Loss,External,18.0,0.062,,,1.5,5.2,3:17,affecting girth weld,,0.7,37.77,,MFL-A/XT,,1160.0,65000.0,,1342.0,1457.79,2024.1,,,,,,,2015,Metal Loss_15275.4,True,15275.44,15275.44,14,3.283333333333333
4270.0,,0.344,-10.78,0.11,15275.45,Metal Loss,External,17.0,0.058,,,1.1,2.79,8:01,affecting girth weld,,0.7,37.77,,MFL-A/XT,,1160.0,65000.0,,1342.0,1466.03,2035.54,,,,,,,2015,Metal Loss_15275.5,True,15275.45,15275.45,14,8.016666666666667
4300.0,,0.344,-0.67,16.62,15295.63,Metal Loss,External,10.0,0.034,,,1.38,2.72,2:23,,,1.0,35.18,,MFL-A/XT,,1160.0,65000.0,,1342.0,,,,,,,,,2015,Metal Loss_15295.6,True,15295.63,15295.63,-1,2.3833333333333333
4340.0,,0.344,-13.3,0.23,15366.08,Metal Loss,External,12.0,0.041,,,1.02,4.05,2:53,near girth weld,,1.0,33.58,,MFL-A/XT,,1160.0,65000.0,,1342.0,,,,,,,,,2015,Metal Loss_15366.1,True,15366.08,15366.08,15,2.8833333333333333
4340.0,,0.344,-13.3,0.23,15366.08,Metal Loss,External,15.0,0.052,,,0.91,7.36,4:05,near girth weld,,1.0,33.58,,MFL-A/XT,,1160.0,65000.0,,1342.0,1469.99,2041.05,,,,,,,2015,Metal Loss_15366.1,True,15366.08,15366.08,15,4.083333333333333
4360.0,,0.344,-2.34,10.13,15377.43,Metal Loss,External,11.0,0.038,,,0.87,2.44,10:04,,,0.7,37.6,,MFL-A/XT,,1160.0,65000.0,,1342.0,,,,,,,,,2015,Metal Loss_15377.4,True,15377.43,15377.43,16,10.066666666666666
4360.0,,0.344,-2.49,9.98,15377.59,Metal Loss,External,19.0,0.065,,,0.67,1.14,5:01,,,0.7,37.63,,MFL-A/XT,,1160.0,65000.0,,1342.0,1471.68,2043.39,,,,,,,2015,Metal Loss_15377.6,True,15377.59,15377.59,16,5.016666666666667
4390.0,,0.344,-15.61,9.58,15454.72,Metal Loss,External,21.0,0.072,,,0.35,0.67,9:45,,,3.6,56.83,,MFL-A/XT,,1160.0,65000.0,,1342.0,1474.71,2047.59,1546.87,2147.79,1546.97,2147.93,0.75,1.85,2015,Metal Loss_15454.7,True,15454.72,15454.72,-1,9.75
4410.0,,0.344,-0.78,39.29,15505.12,Metal Loss,External,13.0,0.045,,,0.71,1.69,2:54,,,0.7,72.99,,MFL-A/XT,,1160.0,65000.0,,1342.0,1472.92,2045.12,,,,,,,2015,Metal Loss_15505.1,True,15505.12,15505.12,-1,2.9
4430.0,,0.344,-0.78,39.3,15585.19,Metal Loss,External,21.0,0.072,,,1.06,1.34,4:53,,,0.7,106.01,,MFL-A/XT,,1160.0,65000.0,,1342.0,1464.03,2032.77,1534.94,2131.23,1535.77,2132.38,0.76,1.84,2015,Metal Loss_15585.2,True,15585.19,15585.19,-1,4.883333333333333
4540.0,,0.344,-18.84,21.13,16038.87,Metal Loss,External,13.0,0.045,,,0.35,0.63,7:25,,,0.7,213.47,,MFL-A/XT,,1160.0,65000.0,,1342.0,1475.33,2048.46,,,,,,,2015,Metal Loss_16038.9,True,16038.87,16038.87,-1,7.416666666666667
4620.0,,0.344,-38.29,1.62,16377.71,Metal Loss,External,11.0,0.038,,,0.67,1.42,4:44,,,0.7,252.82,,MFL-A/XT,,1160.0,65000.0,,1342.0,,,,,,,,,2015,Metal Loss_16377.7,True,16377.71,16377.71,-1,4.733333333333333
4640.0,,0.344,-39.05,0.97,16458.49,Metal Loss,External,12.0,0.041,,,1.85,3.42,5:39,,,0.7,250.42,,MFL-A/XT,,1160.0,65000.0,,1342.0,,,,,,,,,2015,Metal Loss_16458.5,True,16458.49,16458.49,17,5.65
4650.0,,0.344,-1.16,38.82,16460.62,Metal Loss,External,36.0,0.124,,,0.75,1.93,6:57,,,0.7,250.35,,MFL-A/XT,,1160.0,65000.0,,1342.0,1464.28,2033.11,1534.72,2130.92,1536.52,2133.42,0.76,1.84,2015,Metal Loss_16460.6,True,16460.62,16460.62,17,6.95
4660.0,,0.344,-32.67,7.42,16532.12,Cluster,External,29.0,0.1,,,2.56,6.51,4:34,,,1.0,248.13,,,,1160.0,65000.0,,1342.0,1402.95,1947.97,1461.36,2029.06,1464.69,2033.68,0.79,1.75,2015,Cluster_16532.1,True,16532.12,16532.12,18,4.566666666666666
4660.0,,0.344,-33.2,6.9,16532.64,Metal Loss,External,12.0,0.041,,,1.02,1.69,6:36,,,1.0,248.14,,MFL-A/XT,,1160.0,65000.0,,1342.0,,,,,,,,,2015,Metal Loss_16532.6,True,16532.64,16532.64,18,6.6
4660.0,,0.344,-39.11,0.99,16538.55,Metal Loss,External,11.0,0.038,,,1.26,4.57,6:55,,,1.0,248.22,,MFL-A/XT,,1160.0,65000.0,,1342.0,,,,,,,,,2015,Metal Loss_16538.5,True,16538.55,16538.55,18,6.916666666666667
4660.0,,0.344,-39.21,0.88,16538.65,Metal Loss,External,12.0,0.041,,,1.18,1.61,4:02,,,1.0,248.22,,MFL-A/XT,,1160.0,65000.0,,1342.0,,,,,,,,,2015,Metal Loss_16538.7,True,16538.65,16538.65,18,4.033333333333333
4660.0,,0.344,-39.21,0.88,16538.65,Cluster,External,29.0,0.1,,,1.67,5.24,8:25,,,1.0,248.22,,,,1160.0,65000.0,,1342.0,1437.99,1996.61,1504.25,2088.62,1510.82,2097.74,0.77,1.8,2015,Cluster_16538.7,True,16538.65,16538.65,18,8.416666666666666
4660.0,,0.344,-39.23,0.87,16538.67,Metal Loss,External,35.0,0.12,,,0.67,2.01,10:03,,,1.0,248.22,,MFL-A/XT,,1160.0,65000.0,,1342.0,1467.07,2036.98,1538.0,2135.47,1539.34,2137.33,0.75,1.84,2015,Metal Loss_16538.7,True,16538.67,16538.67,18,10.05
4680.0,,0.344,-39.14,0.94,16618.79,Metal Loss,External,12.0,0.041,,,0.94,0.59,5:20,,,0.7,249.3,,MFL-A/XT,,1160.0,65000.0,,1342.0,,,,,,,,,2015,Metal Loss_16618.8,True,16618.79,16618.79,19,5.333333333333333
4690.0,,0.344,-0.81,39.32,16620.54,Metal Loss,External,13.0,0.045,,,0.51,0.94,7:30,,,0.7,249.3,,MFL-A/XT,,1160.0,65000.0,,1342.0,1474.51,2047.32,,,,,,,2015,Metal Loss_16620.5,True,16620.54,16620.54,19,7.5
4690.0,,0.344,-0.82,39.31,16620.54,Metal Loss,External,16.0,0.055,,,1.38,5.55,4:56,,,0.7,249.3,,MFL-A/XT,,1160.0,65000.0,,1342.0,1462.03,2029.99,,,,,,,2015,Metal Loss_16620.5,True,16620.54,16620.54,19,4.933333333333334
4690.0,,0.344,-0.82,39.31,16620.54,Metal Loss,External,10.0,0.034,,,2.05,2.21,6:56,,,0.7,249.3,,MFL-A/XT,,1160.0,65000.0,,1342.0,,,,,,,,,2015,Metal Loss_16620.5,True,16620.54,16620.54,19,6.933333333333334
4690.0,,0.344,-0.84,39.28,16620.57,Metal Loss,External,16.0,0.055,,,0.71,1.73,6:22,,,0.7,249.3,,MFL-A/XT,,1160.0,65000.0,,1342.0,1472.08,2043.95,,,,,,,2015,Metal Loss_16620.6,True,16620.57,16620.57,19,6.366666666666666
4690.0,,0.344,-0.93,39.2,16620.66,Metal Loss,External,10.0,0.034,,,0.55,0.59,6:32,,,0.7,249.3,,MFL-A/XT,,1160.0,65000.0,,1342.0,,,,,,,,,2015,Metal Loss_16620.7,True,16620.66,16620.66,19,6.533333333333333
4700.0,,0.344,-39.23,0.87,16699.09,Metal Loss,External,13.0,0.045,,,0.94,3.11,8:13,Recoat,,1.0,249.37,,MFL-A/XT,,1160.0,65000.0,,1342.0,1470.49,2041.74,,,,,,,2015,Metal Loss_16699.1,True,16699.09,16699.09,20,8.216666666666667
4700.0,,0.344,-39.24,0.87,16699.09,Metal Loss,External,13.0,0.045,,,0.71,2.52,5:56,Recoat,,1.0,249.37,,MFL-A/XT,,1160.0,65000.0,,1342.0,1472.92,2045.12,,,,,,,2015,Metal Loss_16699.1,True,16699.09,16699.09,20,5.933333333333334
4700.0,,0.344,-39.24,0.86,16699.1,Metal Loss,External,17.0,0.058,,,0.67,4.25,4:17,Recoat,,1.0,249.37,,MFL-A/XT,,1160.0,65000.0,,1342.0,1472.21,2044.13,,,,,,,2015,Metal Loss_16699.1,True,16699.1,16699.1,20,4.283333333333333
4700.0,,0.344,-39.26,0.84,16699.12,Metal Loss,External,16.0,0.055,,,0.59,1.02,9:01,Recoat,,1.0,249.37,,MFL-A/XT,,1160.0,65000.0,,1342.0,1473.33,2045.68,,,,,,,2015,Metal Loss_16699.1,True,16699.12,16699.12,20,9.016666666666667
4710.0,,0.344,-0.75,39.37,16700.71,Metal Loss,External,13.0,0.045,,,0.91,2.48,6:04,Repaired?,,0.7,249.36,,MFL-A/XT,,1160.0,65000.0,,1342.0,1470.89,2042.3,,,,,,,2015,Metal Loss_16700.7,True,16700.71,16700.71,20,6.066666666666666
4710.0,,0.344,-0.82,39.3,16700.78,Metal Loss,External,22.0,0.076,,,1.3,4.84,3:33,Repaired?,,0.7,249.36,,MFL-A/XT,,1160.0,65000.0,,1342.0,1457.7,2023.98,1527.7,2121.17,1529.12,2123.15,0.76,1.83,2015,Metal Loss_16700.8,True,16700.78,16700.78,20,3.55
4710.0,,0.344,-0.84,39.28,16700.8,Metal Loss,External,45.0,0.155,,,0.87,3.98,4:54,Repaired?,,0.7,249.36,,MFL-A/XT,,1160.0,65000.0,,1342.0,1454.8,2019.96,1522.85,2114.44,1526.83,2119.96,0.76,1.82,2015,Metal Loss_16700.8,True,16700.8,16700.8,20,4.9
4710.0,,0.344,-0.84,39.28,16700.8,Cluster,External,22.0,0.076,,,2.4,4.61,6:08,Repaired?,,0.7,249.36,,,,1160.0,65000.0,,1342.0,1427.36,1981.86,1491.66,2071.13,1489.98,2068.8,0.78,1.79,2015,Cluster_16700.8,True,16700.8,16700.8,20,6.133333333333334
4710.0,,0.344,-0.85,39.27,16700.81,Metal Loss,External,12.0,0.041,,,0.98,4.61,2:17,Repaired?,,0.7,249.36,,MFL-A/XT,,1160.0,65000.0,,1342.0,,,,,,,,,2015,Metal Loss_16700.8,True,16700.81,16700.81,20,2.283333333333333
4710.0,,0.344,-0.87,39.25,16700.83,Metal Loss,External,13.0,0.045,,,0.91,1.77,7:02,Repaired?,,0.7,249.36,,MFL-A/XT,,1160.0,65000.0,,1342.0,1471.02,2042.48,,,,,,,2015,Metal Loss_16700.8,True,16700.83,16700.83,20,7.033333333333333
4730.0,,0.344,-0.25,39.85,16780.45,Metal Loss,External,10.0,0.034,,,0.32,0.63,4:02,,,0.7,249.93,,MFL-A/XT,,1160.0,65000.0,,1342.0,,,,,,,,,2015,Metal Loss_16780.5,True,16780.45,16780.45,21,4.033333333333333
4730.0,,0.344,-0.58,39.52,16780.77,Metal Loss,External,13.0,0.045,,,0.51,1.34,3:40,,,0.7,249.93,,MFL-A/XT,,1160.0,65000.0,,1342.0,1474.51,2047.32,,,,,,,2015,Metal Loss_16780.8,True,16780.77,16780.77,21,3.6666666666666665
4900.0,,0.344,-39.15,0.87,17473.17,Metal Loss,External,10.0,0.034,,,0.98,3.78,6:11,Recoat,,0.7,402.21,,MFL-A/XT,,1160.0,65000.0,,1342.0,,,,,,,,,2015,Metal Loss_17473.2,True,17473.17,17473.17,-1,6.183333333333334
5100.0,,0.344,-38.91,1.1,18203.47,Cluster,External,28.0,0.096,,,1.69,6.41,5:52,,,0.7,371.46,,,,1160.0,65000.0,,1342.0,1438.14,1996.82,1504.49,2088.95,1509.91,2096.47,0.77,1.8,2015,Cluster_18203.5,True,18203.47,18203.47,22,5.866666666666667
5100.0,,0.344,-39.06,0.95,18203.62,Metal Loss,External,12.0,0.041,,,0.67,0.75,5:56,,,0.7,371.45,,MFL-A/XT,,1160.0,65000.0,,1342.0,,,,,,,,,2015,Metal Loss_18203.6,True,18203.62,18203.62,22,5.933333333333334
5120.0,,0.344,-0.74,39.24,18213.52,Metal Loss,External,10.0,0.034,,,1.5,2.28,5:04,,,0.7,370.82,,MFL-A/XT,,1160.0,65000.0,,1342.0,,,,,,,,,2015,Metal Loss_18213.5,True,18213.52,18213.52,22,5.066666666666666
5120.0,,0.344,-0.81,39.17,18213.58,Metal Loss,External,31.0,0.107,,,0.83,2.48,6:05,,,0.7,370.82,,MFL-A/XT,,1160.0,65000.0,,1342.0,1464.13,2032.91,1534.75,2130.96,1536.32,2133.14,0.76,1.84,2015,Metal Loss_18213.6,True,18213.58,18213.58,22,6.083333333333333
5180.0,,0.344,-0.87,39.04,18453.36,Metal Loss,External,23.0,0.079,,,0.55,1.1,6:36,,,0.7,396.38,,MFL-A/XT,,1160.0,65000.0,,1342.0,1472.35,2044.32,1544.24,2144.15,1544.57,2144.59,0.75,1.85,2015,Metal Loss_18453.4,True,18453.36,18453.36,-1,6.6
5270.0,,0.344,-35.01,0.31,18841.84,Metal Loss,External,10.0,0.034,,,1.38,4.45,11:42,near girth weld Recoat,,0.7,589.95,,MFL-A/XT,,1160.0,65000.0,,1342.0,,,,,,,,,2015,Metal Loss_18841.8,True,18841.84,18841.84,23,11.7
5270.0,,0.344,-35.05,0.27,18841.88,Cluster,External,54.0,0.186,,,2.53,18.14,6:17,affecting girth weld Recoat,,0.7,589.97,,,,1160.0,65000.0,,1342.0,1318.15,1830.22,1345.19,1867.76,1421.64,1973.91,0.86,1.61,2015,Cluster_18841.9,True,18841.88,18841.88,23,6.283333333333333
5270.0,,0.344,-35.19,0.13,18842.02,Metal Loss,External,12.0,0.041,,,0.63,5.35,12:03,near girth weld Recoat,,0.7,590.03,,MFL-A/XT,,1160.0,65000.0,,1342.0,,,,,,,,,2015,Metal Loss_18842.0,True,18842.02,18842.02,23,12.05
5270.0,,0.344,-35.2,0.12,18842.02,Metal Loss,External,18.0,0.062,,,0.47,1.22,11:38,near girth weld Recoat,,0.7,590.03,,MFL-A/XT,,1160.0,65000.0,,1342.0,1473.99,2046.6,,,,,,,2015,Metal Loss_18842.0,True,18842.02,18842.02,23,11.633333333333333
5400.0,,0.344,-39.07,0.86,19323.51,Metal Loss,External,16.0,0.055,,,0.63,2.21,5:19,,,0.7,545.43,,MFL-A/XT,,1160.0,65000.0,,1342.0,1472.97,2045.19,,,,,,,2015,Metal Loss_19323.5,True,19323.51,19323.51,24,5.316666666666666
5400.0,,0.344,-39.79,0.14,19324.23,Metal Loss,External,11.0,0.038,,,0.47,0.91,7:42,near girth weld,,0.7,545.29,,MFL-A/XT,,1160.0,65000.0,,1342.0,,,,,,,,,2015,Metal Loss_19324.2,True,19324.23,19324.23,24,7.7
5620.0,,0.344,-39.29,0.86,20203.62,Metal Loss,External,10.0,0.034,,,0.43,1.34,5:48,,,0.7,367.68,,MFL-A/XT,,1160.0,65000.0,,1342.0,,,,,,,,,2015,Metal Loss_20203.6,True,20203.62,20203.62,-1,5.8
5660.0,,0.344,-39.09,1.04,20363.63,Cluster,External,34.0,0.117,,,1.98,1.68,6:41,,,0.7,316.04,,,,1160.0,65000.0,,1342.0,1415.09,1964.81,1476.02,2049.42,1510.75,2097.64,0.79,1.77,2015,Cluster_20363.6,True,20363.63,20363.63,25,6.683333333333334
5660.0,,0.344,-39.28,0.84,20363.82,Metal Loss,External,25.0,0.086,,,0.75,1.89,7:17,,,0.7,315.98,,MFL-A/XT,,1160.0,65000.0,,1342.0,1468.39,2038.82,1539.78,2137.94,1540.54,2139.0,0.75,1.84,2015,Metal Loss_20363.8,True,20363.82,20363.82,25,7.283333333333333
5680.0,,0.344,-37.59,1.11,20442.48,Metal Loss,External,19.0,0.065,,,1.22,2.09,5:54,,,0.7,290.5,,MFL-A/XT,,1160.0,65000.0,,1342.0,1462.3,2030.37,,,,,,,2015,Metal Loss_20442.5,True,20442.48,20442.48,-1,5.9
5840.0,,0.344,-39.16,0.86,21048.9,Metal Loss,External,25.0,0.086,,,0.55,1.73,6:11,,,0.7,148.6,,MFL-A/XT,,1160.0,65000.0,,1342.0,1471.95,2043.76,1543.77,2143.49,1544.19,2144.07,0.75,1.85,2015,Metal Loss_21048.9,True,21048.9,21048.9,-1,6.183333333333334
5870.0,,0.344,-39.16,0.85,21150.01,Metal Loss,External,11.0,0.038,,,0.47,0.98,6:32,,,0.7,144.88,,MFL-A/XT,,1160.0,65000.0,,1342.0,,,,,,,,,2015,Metal Loss_21150.0,True,21150.01,21150.01,-1,6.533333333333333
5910.0,,0.344,-39.18,0.87,21310.24,Metal Loss,External,32.0,0.11,,,0.75,2.32,5:29,Recoat,,0.7,140.75,,MFL-A/XT,,1160.0,65000.0,,1342.0,1465.95,2035.43,1536.81,2133.82,1538.18,2135.73,0.75,1.84,2015,Metal Loss_21310.2,True,21310.24,21310.24,26,5.483333333333333
5910.0,,0.344,-39.2,0.85,21310.26,Metal Loss,External,17.0,0.058,,,0.55,1.06,4:36,Recoat,,0.7,140.75,,MFL-A/XT,,1160.0,65000.0,,1342.0,1473.48,2045.89,,,,,,,2015,Metal Loss_21310.3,True,21310.26,21310.26,26,4.6
5920.0,,0.344,-0.64,39.36,21311.75,Metal Loss,External,11.0,0.038,,,1.06,0.94,5:27,Recoat,,0.7,140.72,,MFL-A/XT,,1160.0,65000.0,,1342.0,,,,,,,,,2015,Metal Loss_21311.8,True,21311.75,21311.75,26,5.45
5920.0,,0.344,-0.72,39.29,21311.82,Cluster,External,49.0,0.169,,,1.62,8.48,7:22,Recoat,,0.7,140.72,,,,1160.0,65000.0,,1342.0,1403.7,1949.01,1458.71,2025.38,1471.3,2042.86,0.8,1.75,2015,Cluster_21311.8,True,21311.82,21311.82,26,7.366666666666666
5920.0,,0.344,-0.73,39.27,21311.84,Metal Loss,External,24.0,0.083,,,0.94,1.89,9:04,Recoat,,0.7,140.72,,MFL-A/XT,,1160.0,65000.0,,1342.0,1464.79,2033.83,1535.73,2132.33,1536.78,2133.77,0.76,1.84,2015,Metal Loss_21311.8,True,21311.84,21311.84,26,9.066666666666666
5920.0,,0.344,-0.75,39.25,21311.86,Metal Loss,External,17.0,0.058,,,0.87,3.03,3:37,Recoat,,0.7,140.72,,MFL-A/XT,,1160.0,65000.0,,1342.0,1469.75,2040.72,,,,,,,2015,Metal Loss_21311.9,True,21311.86,21311.86,26,3.6166666666666667
5920.0,,0.344,-0.75,39.25,21311.86,Metal Loss,External,14.0,0.048,,,0.35,0.59,4:30,Recoat,,0.7,140.72,,MFL-A/XT,,1160.0,65000.0,,1342.0,1475.26,2048.36,,,,,,,2015,Metal Loss_21311.9,True,21311.86,21311.86,26,4.5
5920.0,,0.344,-0.81,39.19,21311.92,Metal Loss,External,26.0,0.089,,,0.59,1.5,5:21,Recoat,,0.7,140.72,,MFL-A/XT,,1160.0,65000.0,,1342.0,1470.96,2042.39,1542.65,2141.93,1543.19,2142.69,0.75,1.85,2015,Metal Loss_21311.9,True,21311.92,21311.92,26,5.35
5920.0,,0.344,-0.83,39.18,21311.94,Metal Loss,External,31.0,0.107,,,0.55,2.44,4:37,Recoat,,0.7,140.72,,MFL-A/XT,,1160.0,65000.0,,1342.0,1470.67,2041.98,1542.24,2141.36,1542.95,2142.35,0.75,1.85,2015,Metal Loss_21311.9,True,21311.94,21311.94,26,4.616666666666667
5920.0,,0.344,-0.99,39.01,21312.1,Metal Loss,External,17.0,0.058,,,0.47,0.98,4:24,Recoat,,0.7,140.71,,MFL-A/XT,,1160.0,65000.0,,1342.0,1474.23,2046.93,,,,,,,2015,Metal Loss_21312.1,True,21312.1,21312.1,26,4.4
5920.0,,0.344,-25.86,14.14,21336.97,Metal Loss,External,24.0,0.083,,,1.18,1.61,6:23,Repaired?,,0.7,140.15,,MFL-A/XT,,1160.0,65000.0,,1342.0,1459.26,2026.15,1529.42,2123.57,1530.98,2125.72,0.76,1.83,2015,Metal Loss_21337.0,True,21336.97,21336.97,27,6.383333333333334
5920.0,,0.344,-26.1,13.91,21337.2,Cluster,External,35.0,0.12,,,1.92,4.23,6:16,Repaired?,,0.7,140.15,,,,1160.0,65000.0,,1342.0,1414.76,1964.35,1475.49,2048.68,1482.5,2058.41,0.79,1.77,2015,Cluster_21337.2,True,21337.2,21337.2,27,6.266666666666667
5930.0,,0.344,-16.0,24.07,21367.11,Metal Loss,External,11.0,0.038,,,1.61,2.21,5:25,,,0.7,139.46,,MFL-A/XT,,1160.0,65000.0,,1342.0,,,,,,,,,2015,Metal Loss_21367.1,True,21367.11,21367.11,28,5.416666666666667
5930.0,,0.344,-16.56,23.51,21367.67,Metal Loss,External,15.0,0.052,,,1.93,2.6,6:04,,,0.7,139.44,,MFL-A/XT,,1160.0,65000.0,,1342.0,1453.11,2017.6,,,,,,,2015,Metal Loss_21367.7,True,21367.67,21367.67,28,6.066666666666666
5930.0,,0.344,-17.32,22.75,21368.43,Metal Loss,External,10.0,0.034,,,1.93,1.93,7:03,,,0.7,139.42,,MFL-A/XT,,1160.0,65000.0,,1342.0,,,,,,,,,2015,Metal Loss_21368.4,True,21368.43,21368.43,28,7.05
5930.0,,0.344,-17.77,22.29,21368.88,Metal Loss,External,11.0,0.038,,,1.14,2.09,6:54,,,0.7,139.41,,MFL-A/XT,,1160.0,65000.0,,1342.0,,,,,,,,,2015,Metal Loss_21368.9,True,21368.88,21368.88,28,6.9
5930.0,,0.344,-18.15,21.91,21369.26,Metal Loss,External,14.0,0.048,,,1.14,0.67,6:34,,,0.7,139.4,,MFL-A/XT,,1160.0,65000.0,,1342.0,1467.5,2037.59,,,,,,,2015,Metal Loss_21369.3,True,21369.26,21369.26,28,6.566666666666666
5930.0,,0.344,-18.21,21.86,21369.32,Metal Loss,External,19.0,0.065,,,1.73,1.81,4:57,,,0.7,139.4,,MFL-A/XT,,1160.0,65000.0,,1342.0,1451.09,2014.8,,,,,,,2015,Metal Loss_21369.3,True,21369.32,21369.32,28,4.95
5930.0,,0.344,-18.38,21.68,21369.49,Metal Loss,External,13.0,0.045,,,1.06,1.97,5:46,,,0.7,139.4,,MFL-A/XT,,1160.0,65000.0,,1342.0,1469.08,2039.78,,,,,,,2015,Metal Loss_21369.5,True,21369.49,21369.49,28,5.766666666666667
5930.0,,0.344,-18.45,21.62,21369.56,Cluster,External,28.0,0.096,,,3.19,9.3,5:50,,,0.7,139.4,,,,1160.0,65000.0,,1342.0,1383.99,1921.63,1437.24,1995.57,1470.31,2041.49,0.81,1.72,2015,Cluster_21369.6,True,21369.56,21369.56,28,5.833333333333333
5930.0,,0.344,-18.46,21.61,21369.57,Metal Loss,External,10.0,0.034,,,0.39,0.59,6:24,,,0.7,139.4,,MFL-A/XT,,1160.0,65000.0,,1342.0,,,,,,,,,2015,Metal Loss_21369.6,True,21369.57,21369.57,28,6.4
5930.0,,0.344,-18.88,21.19,21369.99,Metal Loss,External,14.0,0.048,,,0.59,1.69,6:18,,,0.7,139.39,,MFL-A/XT,,1160.0,65000.0,,1342.0,1473.62,2046.09,,,,,,,2015,Metal Loss_21370.0,True,21369.99,21369.99,28,6.3
5930.0,,0.344,-19.02,21.05,21370.13,Cluster,External,18.0,0.062,,,0.82,3.19,6:32,,,0.7,139.38,,,,1160.0,65000.0,,1342.0,1469.87,2040.88,,,,,,,2015,Cluster_21370.1,True,21370.13,21370.13,28,6.533333333333333
5930.0,,0.344,-19.27,20.8,21370.38,Metal Loss,External,10.0,0.034,,,1.18,5.04,5:02,,,0.7,139.38,,MFL-A/XT,,1160.0,65000.0,,1342.0,,,,,,,,,2015,Metal Loss_21370.4,True,21370.38,21370.38,28,5.033333333333333
5930.0,,0.344,-19.37,20.7,21370.48,Metal Loss,External,20.0,0.069,,,1.89,2.21,6:18,,,0.7,139.37,,MFL-A/XT,,1160.0,65000.0,,1342.0,1445.34,2006.81,1513.32,2101.21,1515.14,2103.73,0.77,1.81,2015,Metal Loss_21370.5,True,21370.48,21370.48,28,6.3
5930.0,,0.344,-20.1,19.96,21371.21,Metal Loss,External,14.0,0.048,,,1.97,3.58,5:38,,,0.7,139.36,,MFL-A/XT,,1160.0,65000.0,,1342.0,1454.15,2019.05,,,,,,,2015,Metal Loss_21371.2,True,21371.21,21371.21,28,5.633333333333333
5930.0,,0.344,-31.29,8.77,21382.4,Cluster,External,38.0,0.131,,,3.3,8.57,5:55,,,0.7,139.17,,,,1160.0,65000.0,,1342.0,1338.49,1858.47,1377.72,1912.93,1408.98,1956.34,0.84,1.65,2015,Cluster_21382.4,True,21382.4,21382.4,29,5.916666666666667
5930.0,,0.344,-31.29,8.77,21382.4,Metal Loss,External,24.0,0.083,,,1.42,3.23,4:49,,,0.7,139.17,,MFL-A/XT,,1160.0,65000.0,,1342.0,1452.69,2017.03,1521.84,2113.04,1524.0,2116.04,0.76,1.82,2015,Metal Loss_21382.4,True,21382.4,21382.4,29,4.816666666666666
5930.0,,0.344,-32.76,7.3,21383.87,Metal Loss,External,12.0,0.041,,,1.81,1.85,4:38,,,0.7,139.17,,MFL-A/XT,,1160.0,65000.0,,1342.0,,,,,,,,,2015,Metal Loss_21383.9,True,21383.87,21383.87,29,4.633333333333333
5930.0,,0.344,-33.06,7.01,21384.17,Metal Loss,External,13.0,0.045,,,0.55,1.02,4:19,,,0.7,139.17,,MFL-A/XT,,1160.0,65000.0,,1342.0,1474.18,2046.86,,,,,,,2015,Metal Loss_21384.2,True,21384.17,21384.17,29,4.316666666666666
5930.0,,0.344,-33.27,6.8,21384.38,Cluster,External,23.0,0.079,,,3.0,3.44,4:43,,,0.7,139.17,,,,1160.0,65000.0,,1342.0,1407.81,1954.71,1467.33,2037.35,1485.78,2062.96,0.79,1.76,2015,Cluster_21384.4,True,21384.38,21384.38,29,4.716666666666667
5930.0,,0.344,-33.27,6.79,21384.38,Metal Loss,External,47.0,0.162,,,1.1,1.22,3:57,,,0.7,139.17,,MFL-A/XT,,1160.0,65000.0,,1342.0,1440.52,2000.12,1505.16,2089.88,1512.04,2099.43,0.77,1.8,2015,Metal Loss_21384.4,True,21384.38,21384.38,29,3.95
5930.0,,0.344,-33.28,6.78,21384.39,Metal Loss,External,12.0,0.041,,,0.63,1.89,4:34,,,0.7,139.17,,MFL-A/XT,,1160.0,65000.0,,1342.0,,,,,,,,,2015,Metal Loss_21384.4,True,21384.39,21384.39,29,4.566666666666666
5930.0,,0.344,-33.43,6.63,21384.54,Metal Loss,External,10.0,0.034,,,0.51,0.98,4:25,,,0.7,139.17,,MFL-A/XT,,1160.0,65000.0,,1342.0,,,,,,,,,2015,Metal Loss_21384.5,True,21384.54,21384.54,29,4.416666666666667
5930.0,,0.344,-33.47,6.59,21384.58,Cluster,External,47.0,0.162,,,5.38,5.45,4:05,,,0.7,139.17,,,,1160.0,65000.0,,1342.0,1207.22,1676.19,1198.93,1664.69,1370.96,1903.54,0.97,1.44,2015,Cluster_21384.6,True,21384.58,21384.58,29,4.083333333333333
5930.0,,0.344,-33.52,6.54,21384.63,Metal Loss,External,11.0,0.038,,,0.32,0.75,4:24,,,0.7,139.17,,MFL-A/XT,,1160.0,65000.0,,1342.0,,,,,,,,,2015,Metal Loss_21384.6,True,21384.63,21384.63,29,4.4
5930.0,,0.344,-34.28,5.78,21385.39,Metal Loss,External,25.0,0.086,,,1.46,1.89,4:40,,,0.7,139.17,,MFL-A/XT,,1160.0,65000.0,,1342.0,1450.45,2013.92,1519.19,2109.36,1521.73,2112.88,0.76,1.82,2015,Metal Loss_21385.4,True,21385.39,21385.39,29,4.666666666666667
5930.0,,0.344,-34.58,5.49,21385.69,Metal Loss,External,14.0,0.048,,,1.5,1.97,4:39,,,0.7,139.17,,MFL-A/XT,,1160.0,65000.0,,1342.0,1462.07,2030.04,,,,,,,2015,Metal Loss_21385.7,True,21385.69,21385.69,29,4.65
5930.0,,0.344,-39.17,0.89,21390.28,Metal Loss,External,54.0,0.186,,,1.14,3.64,7:23,Repaired?,,0.7,139.16,,MFL-A/XT,,1160.0,65000.0,,1342.0,1429.89,1985.36,1490.39,2069.36,1500.65,2083.61,0.78,1.78,2015,Metal Loss_21390.3,True,21390.28,21390.28,29,7.383333333333334
5940.0,,0.344,-0.65,39.45,21391.82,Cluster,External,45.0,0.155,,,2.11,5.13,8:41,Recoat,,0.7,139.16,,,,1160.0,65000.0,,1342.0,1378.11,1913.47,1427.43,1981.95,1501.61,2084.95,0.81,1.71,2015,Cluster_21391.8,True,21391.82,21391.82,29,8.683333333333334
5940.0,,0.344,-0.66,39.43,21391.84,Cluster,External,27.0,0.093,,,1.82,3.06,3:21,Recoat,,0.7,139.16,,,,1160.0,65000.0,,1342.0,1435.58,1993.27,1501.5,2084.79,1514.44,2102.76,0.77,1.8,2015,Cluster_21391.8,True,21391.84,21391.84,29,3.35
5940.0,,0.344,-0.72,39.38,21391.89,Cluster,External,23.0,0.079,,,1.34,8.59,6:54,Recoat,,0.7,139.16,,,,1160.0,65000.0,,1342.0,1455.92,2021.5,1525.61,2118.27,1526.65,2119.71,0.76,1.83,2015,Cluster_21391.9,True,21391.89,21391.89,29,6.9
5940.0,,0.344,-0.77,39.32,21391.95,Metal Loss,External,13.0,0.045,,,2.09,11.57,4:32,Recoat,,0.7,139.16,,MFL-A/XT,,1160.0,65000.0,,1342.0,1454.11,2018.99,,,,,,,2015,Metal Loss_21392.0,True,21391.95,21391.95,29,4.533333333333333
5940.0,,0.344,-0.78,39.31,21391.96,Metal Loss,External,19.0,0.065,,,0.83,1.38,10:43,Recoat,,0.7,139.16,,MFL-A/XT,,1160.0,65000.0,,1342.0,1469.45,2040.3,,,,,,,2015,Metal Loss_21392.0,True,21391.96,21391.96,29,10.716666666666667
5950.0,,0.344,-37.06,3.01,21468.32,Cluster,External,26.0,0.089,,,2.33,8.4,6:09,Recoat,,0.7,139.35,,,,1160.0,65000.0,,1342.0,1419.74,1971.28,1482.31,2058.14,1502.26,2085.86,0.78,1.77,2015,Cluster_21468.3,True,21468.32,21468.32,30,6.15
5950.0,,0.344,-37.08,2.99,21468.35,Metal Loss,External,12.0,0.041,,,0.59,0.98,5:40,Recoat,,0.7,139.35,,MFL-A/XT,,1160.0,65000.0,,1342.0,,,,,,,,,2015,Metal Loss_21468.3,True,21468.35,21468.35,30,5.666666666666667
5950.0,,0.344,-37.15,2.92,21468.42,Metal Loss,External,11.0,0.038,,,0.71,0.59,5:53,Recoat,,0.7,139.35,,MFL-A/XT,,1160.0,65000.0,,1342.0,,,,,,,,,2015,Metal Loss_21468.4,True,21468.42,21468.42,30,5.883333333333333
5950.0,,0.344,-37.16,2.9,21468.43,Metal Loss,External,13.0,0.045,,,0.51,0.63,5:39,Recoat,,0.7,139.35,,MFL-A/XT,,1160.0,65000.0,,1342.0,1474.51,2047.32,,,,,,,2015,Metal Loss_21468.4,True,21468.43,21468.43,30,5.65
5950.0,,0.344,-37.31,2.75,21468.58,Metal Loss,External,13.0,0.045,,,1.61,1.85,5:46,Recoat,,0.7,139.35,,MFL-A/XT,,1160.0,65000.0,,1342.0,1461.53,2029.3,,,,,,,2015,Metal Loss_21468.6,True,21468.58,21468.58,30,5.766666666666667
5950.0,,0.344,-37.32,2.75,21468.59,Metal Loss,External,12.0,0.041,,,0.43,0.59,06:00,Recoat,,0.7,139.35,,MFL-A/XT,,1160.0,65000.0,,1342.0,,,,,,,,,2015,Metal Loss_21468.6,True,21468.59,21468.59,30,6.0
5950.0,,0.344,-37.41,2.66,21468.68,Metal Loss,External,38.0,0.131,,,1.3,0.79,6:28,Recoat,,0.7,139.35,,MFL-A/XT,,1160.0,65000.0,,1342.0,1440.7,2000.38,1506.65,2091.94,1512.26,2099.74,0.77,1.8,2015,Metal Loss_21468.7,True,21468.68,21468.68,30,6.466666666666667
5950.0,,0.344,-37.42,2.65,21468.69,Metal Loss,External,32.0,0.11,,,1.89,5.35,7:07,Recoat,,0.7,139.35,,MFL-A/XT,,1160.0,65000.0,,1342.0,1422.65,1975.31,1485.5,2062.57,1492.68,2072.54,0.78,1.78,2015,Metal Loss_21468.7,True,21468.69,21468.69,30,7.116666666666666
5980.0,,0.344,-0.86,39.17,21552.33,Metal Loss,External,11.0,0.038,,,0.59,0.67,5:29,,,0.7,139.9,,MFL-A/XT,,1160.0,65000.0,,1342.0,,,,,,,,,2015,Metal Loss_21552.3,True,21552.33,21552.33,-1,5.483333333333333
6010.0,,0.344,-38.67,1.22,21710.28,Metal Loss,External,16.0,0.055,,,0.55,1.3,5:26,,,0.7,136.01,,MFL-A/XT,,1160.0,65000.0,,1342.0,1473.66,2046.14,,,,,,,2015,Metal Loss_21710.3,True,21710.28,21710.28,-1,5.433333333333334
6060.0,,0.344,-11.13,28.98,21845.43,Metal Loss,External,19.0,0.065,,,0.75,1.46,6:54,,,0.7,106.91,,MFL-A/XT,,1160.0,65000.0,,1342.0,1470.7,2042.03,,,,,,,2015,Metal Loss_21845.4,True,21845.43,21845.43,-1,6.9
6060.0,,0.344,-39.22,0.88,21873.53,Metal Loss,External,34.0,0.117,,,0.75,1.5,5:21,,,0.7,107.89,,MFL-A/XT,,1160.0,65000.0,,1342.0,1464.78,2033.82,1535.39,2131.85,1537.02,2134.11,0.76,1.84,2015,Metal Loss_21873.5,True,21873.53,21873.53,31,5.35
6060.0,,0.344,-39.23,0.87,21873.53,Metal Loss,External,11.0,0.038,,,0.63,1.3,4:19,,,0.7,107.89,,MFL-A/XT,,1160.0,65000.0,,1342.0,,,,,,,,,2015,Metal Loss_21873.5,True,21873.53,21873.53,31,4.316666666666666
6070.0,,0.344,-0.81,39.29,21875.21,Metal Loss,External,18.0,0.062,,,0.79,5.75,7:34,,,0.7,108.09,,MFL-A/XT,,1160.0,65000.0,,1342.0,1470.54,2041.81,,,,,,,2015,Metal Loss_21875.2,True,21875.21,21875.21,31,7.566666666666666
6070.0,,0.344,-0.82,39.27,21875.23,Metal Loss,External,12.0,0.041,,,1.34,0.98,3:44,,,0.7,108.09,,MFL-A/XT,,1160.0,65000.0,,1342.0,,,,,,,,,2015,Metal Loss_21875.2,True,21875.23,21875.23,31,3.7333333333333334
6070.0,,0.344,-0.85,39.24,21875.26,Metal Loss,External,19.0,0.065,,,0.91,4.17,4:24,,,0.7,108.1,,MFL-A/XT,,1160.0,65000.0,,1342.0,1468.11,2038.43,,,,,,,2015,Metal Loss_21875.3,True,21875.26,21875.26,31,4.4
6090.0,,0.344,-0.75,39.34,21955.27,Metal Loss,External,11.0,0.038,,,1.22,2.72,5:01,,,0.7,116.72,,MFL-A/XT,,1160.0,65000.0,,1342.0,,,,,,,,,2015,Metal Loss_21955.3,True,21955.27,21955.27,-1,5.016666666666667
6100.0,,0.344,-39.16,0.91,22033.77,Cluster,External,51.0,0.175,,,3.56,12.51,5:10,,,0.7,116.08,,,,1160.0,65000.0,,1342.0,1260.37,1750.0,1269.62,1762.84,1420.52,1972.35,0.91,1.52,2015,Cluster_22033.8,True,22033.77,22033.77,32,5.166666666666667
6100.0,,0.344,-39.17,0.89,22033.79,Metal Loss,External,21.0,0.072,,,1.42,3.78,8:51,,,0.7,116.08,,MFL-A/XT,,1160.0,65000.0,,1342.0,1456.06,2021.71,1525.84,2118.59,1527.21,2120.5,0.76,1.83,2015,Metal Loss_22033.8,True,22033.79,22033.79,32,8.85
6100.0,,0.344,-39.42,0.65,22034.04,Metal Loss,External,14.0,0.048,,,0.91,0.59,5:29,,,0.7,116.08,,MFL-A/XT,,1160.0,65000.0,,1342.0,1470.45,2041.68,,,,,,,2015,Metal Loss_22034.0,True,22034.04,22034.04,32,5.483333333333333
6100.0,,0.344,-39.44,0.63,22034.05,Metal Loss,External,13.0,0.045,,,0.43,0.67,6:33,,,0.7,116.08,,MFL-A/XT,,1160.0,65000.0,,1342.0,1474.95,2047.93,,,,,,,2015,Metal Loss_22034.0,True,22034.05,22034.05,32,6.55
6110.0,,0.344,-0.73,39.35,22035.41,Metal Loss,External,27.0,0.093,,,2.21,0.63,7:17,,,0.7,116.08,,MFL-A/XT,,1160.0,65000.0,,1342.0,1421.75,1974.07,1484.74,2061.53,1490.77,2069.89,0.78,1.78,2015,Metal Loss_22035.4,True,22035.41,22035.41,32,7.283333333333333
6110.0,,0.344,-0.78,39.3,22035.46,Metal Loss,External,14.0,0.048,,,1.89,2.01,6:46,,,0.7,116.08,,MFL-A/XT,,1160.0,65000.0,,1342.0,1455.4,2020.79,,,,,,,2015,Metal Loss_22035.5,True,22035.46,22035.46,32,6.766666666666667
6120.0,,0.344,-39.17,0.9,22113.93,Metal Loss,External,10.0,0.034,,,1.38,4.61,9:08,Recoat,,1.0,116.14,,MFL-A/XT,,1160.0,65000.0,,1342.0,,,,,,,,,2015,Metal Loss_22113.9,True,22113.93,22113.93,33,9.133333333333333
6120.0,,0.344,-39.18,0.9,22113.94,Metal Loss,External,28.0,0.096,,,1.38,7.99,7:24,Recoat,,1.0,116.14,,MFL-A/XT,,1160.0,65000.0,,1342.0,1449.2,2012.17,1517.57,2107.11,1520.69,2111.44,0.76,1.82,2015,Metal Loss_22113.9,True,22113.94,22113.94,33,7.4
6120.0,,0.344,-39.2,0.88,22113.96,Metal Loss,External,47.0,0.162,,,0.98,2.32,6:05,Recoat,,1.0,116.14,,MFL-A/XT,,1160.0,65000.0,,1342.0,1446.59,2008.56,1512.62,2100.23,1518.34,2108.17,0.77,1.81,2015,Metal Loss_22114.0,True,22113.96,22113.96,33,6.083333333333333
6120.0,,0.344,-39.2,0.88,22113.96,Metal Loss,External,54.0,0.186,,,1.02,4.33,4:42,Recoat,,1.0,116.14,,MFL-A/XT,,1160.0,65000.0,,1342.0,1437.45,1995.87,1499.97,2082.67,1508.59,2094.63,0.77,1.8,2015,Metal Loss_22114.0,True,22113.96,22113.96,33,4.7
6180.0,,0.344,-39.19,0.87,22354.2,Metal Loss,External,10.0,0.034,,,0.63,2.79,6:18,,,0.7,113.72,,MFL-A/XT,,1160.0,65000.0,,1342.0,,,,,,,,,2015,Metal Loss_22354.2,True,22354.2,22354.2,34,6.3
6180.0,,0.344,-39.19,0.87,22354.2,Metal Loss,External,15.0,0.052,,,0.75,2.84,4:45,,,0.7,113.72,,MFL-A/XT,,1160.0,65000.0,,1342.0,1471.98,2043.81,,,,,,,2015,Metal Loss_22354.2,True,22354.2,22354.2,34,4.75
6270.0,,0.344,-30.57,9.42,22682.66,Metal Loss,External,10.0,0.034,,,0.51,0.83,2:50,,,0.7,99.58,,MFL-A/XT,,1160.0,65000.0,,1342.0,,,,,,,,,2015,Metal Loss_22682.7,True,22682.66,22682.66,35,2.8333333333333335
6270.0,,0.344,-30.9,9.09,22682.99,Metal Loss Manufacturing,,14.0,0.048,,,0.35,0.67,5:59,,,0.7,99.57,,MFL-A/XT,,1160.0,65000.0,,1342.0,,,,,,,,,2015,Metal Loss Manufacturing_22683.0,True,22682.99,22682.99,35,5.983333333333333
6310.0,,0.344,-0.98,39.06,22812.91,Metal Loss,External,11.0,0.038,,,0.83,1.61,6:15,,,0.7,95.07,,MFL-A/XT,,1160.0,65000.0,,1342.0,,,,,,,,,2015,Metal Loss_22812.9,True,22812.91,22812.91,-1,6.25
6350.0,,0.344,-34.62,5.44,23006.72,Metal Loss,External,12.0,0.041,,,0.59,1.22,6:49,,,0.7,78.06,,MFL-A/XT,,1160.0,65000.0,,1342.0,,,,,,,,,2015,Metal Loss_23006.7,True,23006.72,23006.72,36,6.816666666666666
6350.0,,0.344,-34.9,5.16,23007.0,Metal Loss,External,13.0,0.045,,,0.59,0.67,6:33,,,0.7,78.03,,MFL-A/XT,,1160.0,65000.0,,1342.0,1473.91,2046.49,,,,,,,2015,Metal Loss_23007.0,True,23007.0,23007.0,36,6.55
6350.0,,0.344,-34.95,5.11,23007.05,Metal Loss,External,19.0,0.065,,,0.47,0.79,6:54,,,0.7,78.03,,MFL-A/XT,,1160.0,65000.0,,1342.0,1473.85,2046.41,,,,,,,2015,Metal Loss_23007.0,True,23007.05,23007.05,36,6.9
6350.0,,0.344,-35.39,4.67,23007.49,Cluster,External,32.0,0.11,,,1.42,1.55,6:20,,,0.7,77.98,,,,1160.0,65000.0,,1342.0,1442.91,2003.44,1509.87,2096.42,1525.19,2117.69,0.77,1.81,2015,Cluster_23007.5,True,23007.49,23007.49,36,6.333333333333333
6350.0,,0.344,-35.61,4.45,23007.71,Metal Loss,External,15.0,0.052,,,0.47,0.94,6:41,,,0.7,77.96,,MFL-A/XT,,1160.0,65000.0,,1342.0,1474.49,2047.29,,,,,,,2015,Metal Loss_23007.7,True,23007.71,23007.71,36,6.683333333333334
6350.0,,0.344,-36.44,3.62,23008.54,Metal Loss,External,16.0,0.055,,,0.55,1.1,6:19,,,0.7,77.88,,MFL-A/XT,,1160.0,65000.0,,1342.0,1473.66,2046.14,,,,,,,2015,Metal Loss_23008.5,True,23008.54,23008.54,36,6.316666666666666
6360.0,,0.344,-6.43,33.73,23018.59,Metal Loss,External,11.0,0.038,,,0.59,1.06,4:42,,,0.7,76.99,,MFL-A/XT,,1160.0,65000.0,,1342.0,,,,,,,,,2015,Metal Loss_23018.6,True,23018.59,23018.59,36,4.7
6360.0,,0.344,-6.79,33.36,23018.95,Metal Loss,External,16.0,0.055,,,1.5,1.46,4:33,,,0.7,76.96,,MFL-A/XT,,1160.0,65000.0,,1342.0,1460.05,2027.25,,,,,,,2015,Metal Loss_23019.0,True,23018.95,23018.95,36,4.55
6360.0,,0.344,-7.06,33.09,23019.23,Metal Loss,External,12.0,0.041,,,1.5,1.81,4:28,,,0.7,76.95,,MFL-A/XT,,1160.0,65000.0,,1342.0,,,,,,,,,2015,Metal Loss_23019.2,True,23019.23,23019.23,36,4.466666666666667
6360.0,,0.344,-7.44,32.71,23019.6,Metal Loss,External,14.0,0.048,,,1.73,1.26,4:04,,,0.7,76.92,,MFL-A/XT,,1160.0,65000.0,,1342.0,1458.29,2024.8,,,,,,,2015,Metal Loss_23019.6,True,23019.6,23019.6,36,4.066666666666666
6360.0,,0.344,-8.67,31.49,23020.83,Metal Loss,External,14.0,0.048,,,0.91,1.3,4:08,,,0.7,76.86,,MFL-A/XT,,1160.0,65000.0,,1342.0,1470.45,2041.68,,,,,,,2015,Metal Loss_23020.8,True,23020.83,23020.83,36,4.133333333333334
6360.0,,0.344,-9.14,31.01,23021.31,Metal Loss,External,10.0,0.034,,,0.59,1.18,4:20,,,0.7,76.84,,MFL-A/XT,,1160.0,65000.0,,1342.0,,,,,,,,,2015,Metal Loss_23021.3,True,23021.31,23021.31,36,4.333333333333333
6360.0,,0.344,-9.62,30.53,23021.79,Metal Loss,External,24.0,0.083,,,1.22,1.89,3:57,,,0.7,76.82,,MFL-A/XT,,1160.0,65000.0,,1342.0,1458.0,2024.4,1527.98,2121.56,1529.65,2123.88,0.76,1.83,2015,Metal Loss_23021.8,True,23021.79,23021.79,36,3.95
6360.0,,0.344,-10.69,29.47,23022.85,Metal Loss,External,21.0,0.072,,,0.71,1.38,7:37,,,0.7,76.79,,MFL-A/XT,,1160.0,65000.0,,1342.0,1470.59,2041.88,1542.31,2141.46,1542.69,2141.99,0.75,1.85,2015,Metal Loss_23022.8,True,23022.85,23022.85,36,7.616666666666667
6360.0,,0.344,-10.72,29.43,23022.89,Metal Loss,External,13.0,0.045,,,0.75,1.26,4:10,,,0.7,76.79,,MFL-A/XT,,1160.0,65000.0,,1342.0,1472.48,2044.51,,,,,,,2015,Metal Loss_23022.9,True,23022.89,23022.89,36,4.166666666666667
6360.0,,0.344,-10.83,29.32,23023.0,Metal Loss,External,11.0,0.038,,,0.63,1.18,4:11,,,0.7,76.78,,MFL-A/XT,,1160.0,65000.0,,1342.0,,,,,,,,,2015,Metal Loss_23023.0,True,23023.0,23023.0,36,4.183333333333334
6360.0,,0.344,-11.13,29.02,23023.3,Metal Loss,External,14.0,0.048,,,0.79,1.22,4:18,,,0.7,76.78,,MFL-A/XT,,1160.0,65000.0,,1342.0,1471.92,2043.73,,,,,,,2015,Metal Loss_23023.3,True,23023.3,23023.3,36,4.3
6360.0,,0.344,-11.54,28.62,23023.7,Metal Loss,External,10.0,0.034,,,0.63,0.94,7:30,,,0.7,76.77,,MFL-A/XT,,1160.0,65000.0,,1342.0,,,,,,,,,2015,Metal Loss_23023.7,True,23023.7,23023.7,36,7.5
6360.0,,0.344,-11.64,28.51,23023.8,Metal Loss,External,11.0,0.038,,,1.34,1.34,7:29,,,0.7,76.76,,MFL-A/XT,,1160.0,65000.0,,1342.0,,,,,,,,,2015,Metal Loss_23023.8,True,23023.8,23023.8,36,7.483333333333333
6360.0,,0.344,-12.23,27.93,23024.39,Metal Loss,External,17.0,0.058,,,0.91,1.73,7:19,,,0.7,76.76,,MFL-A/XT,,1160.0,65000.0,,1342.0,1469.24,2040.0,,,,,,,2015,Metal Loss_23024.4,True,23024.39,23024.39,36,7.316666666666666
6360.0,,0.344,-12.66,27.49,23024.82,Metal Loss,External,13.0,0.045,,,1.53,1.73,4:17,,,0.7,76.75,,MFL-A/XT,,1160.0,65000.0,,1342.0,1462.62,2030.82,,,,,,,2015,Metal Loss_23024.8,True,23024.82,23024.82,36,4.283333333333333
6360.0,,0.344,-12.71,27.44,23024.88,Metal Loss,External,49.0,0.169,,,0.87,2.03,7:47,,,0.7,76.75,,MFL-A/XT,,1160.0,65000.0,,1342.0,1452.03,2016.1,1519.02,2109.12,1523.9,2115.89,0.76,1.82,2015,Metal Loss_23024.9,True,23024.88,23024.88,36,7.783333333333333
6360.0,,0.344,-16.21,23.94,23028.38,Metal Loss,External,10.0,0.034,,,0.63,1.1,4:22,,,0.7,76.79,,MFL-A/XT,,1160.0,65000.0,,1342.0,,,,,,,,,2015,Metal Loss_23028.4,True,23028.38,23028.38,36,4.366666666666666
6360.0,,0.344,-16.49,23.66,23028.66,Cluster,External,29.0,0.1,,,1.38,3.65,3:52,,,0.7,76.8,,,,1160.0,65000.0,,1342.0,1448.1,2010.64,1516.22,2105.23,1522.21,2113.56,0.77,1.81,2015,Cluster_23028.7,True,23028.66,23028.66,36,3.8666666666666667
6360.0,,0.344,-16.7,23.46,23028.86,Metal Loss,External,12.0,0.041,,,1.1,1.5,4:20,,,0.7,76.81,,MFL-A/XT,,1160.0,65000.0,,1342.0,,,,,,,,,2015,Metal Loss_23028.9,True,23028.86,23028.86,36,4.333333333333333
6360.0,,0.344,-17.6,22.55,23029.76,Metal Loss,External,16.0,0.055,,,0.83,1.26,4:08,,,0.7,76.84,,MFL-A/XT,,1160.0,65000.0,,1342.0,1470.64,2041.95,,,,,,,2015,Metal Loss_23029.8,True,23029.76,23029.76,36,4.133333333333334
6360.0,,0.344,-17.98,22.18,23030.14,Metal Loss,External,12.0,0.041,,,0.79,2.05,7:47,,,0.7,76.86,,MFL-A/XT,,1160.0,65000.0,,1342.0,,,,,,,,,2015,Metal Loss_23030.1,True,23030.14,23030.14,36,7.783333333333333
6360.0,,0.344,-18.24,21.91,23030.41,Metal Loss,External,11.0,0.038,,,0.98,1.38,4:21,,,0.7,76.88,,MFL-A/XT,,1160.0,65000.0,,1342.0,,,,,,,,,2015,Metal Loss_23030.4,True,23030.41,23030.41,36,4.35
6360.0,,0.344,-19.59,20.56,23031.76,Metal Loss,External,23.0,0.079,,,1.26,1.53,4:02,,,0.7,76.95,,MFL-A/XT,,1160.0,65000.0,,1342.0,1457.97,2024.35,1527.98,2121.56,1529.52,2123.7,0.76,1.83,2015,Metal Loss_23031.8,True,23031.76,23031.76,36,4.033333333333333
6360.0,,0.344,-20.27,19.88,23032.43,Metal Loss,External,11.0,0.038,,,0.79,1.42,4:20,,,0.7,77.0,,MFL-A/XT,,1160.0,65000.0,,1342.0,,,,,,,,,2015,Metal Loss_23032.4,True,23032.43,23032.43,36,4.333333333333333
6360.0,,0.344,-28.08,12.07,23040.25,Metal Loss,External,22.0,0.076,,,0.51,1.3,4:45,,,0.7,77.89,,MFL-A/XT,,1160.0,65000.0,,1342.0,1473.0,2045.22,1544.97,2145.16,1545.22,2145.5,0.75,1.85,2015,Metal Loss_23040.2,True,23040.25,23040.25,36,4.75
6360.0,,0.344,-28.41,11.74,23040.57,Metal Loss,External,20.0,0.069,,,1.85,2.4,4:37,,,0.7,77.94,,MFL-A/XT,,1160.0,65000.0,,1342.0,1446.56,2008.51,1514.77,2103.22,1516.51,2105.64,0.77,1.81,2015,Metal Loss_23040.6,True,23040.57,23040.57,36,4.616666666666667
6370.0,,0.344,-0.83,39.15,23053.14,Metal Loss,External,37.0,0.127,,,0.67,1.1,5:21,,,0.7,80.13,,MFL-A/XT,,1160.0,65000.0,,1342.0,1466.03,2035.55,1536.72,2133.7,1538.3,2135.89,0.75,1.84,2015,Metal Loss_23053.1,True,23053.14,23053.14,37,5.35
6370.0,,0.344,-8.24,31.73,23060.55,Metal Loss,External,10.0,0.034,,,0.32,0.71,7:17,,,0.7,81.48,,MFL-A/XT,,1160.0,65000.0,,1342.0,,,,,,,,,2015,Metal Loss_23060.5,True,23060.55,23060.55,37,7.283333333333333
6370.0,,0.344,-11.17,28.81,23063.48,Metal Loss,External,12.0,0.041,,,0.39,0.67,3:34,,,0.7,82.02,,MFL-A/XT,,1160.0,65000.0,,1342.0,,,,,,,,,2015,Metal Loss_23063.5,True,23063.48,23063.48,37,3.5666666666666664
6370.0,,0.344,-22.29,17.69,23074.6,Metal Loss,External,10.0,0.034,,,0.39,0.63,3:39,,,0.7,83.9,,MFL-A/XT,,1160.0,65000.0,,1342.0,,,,,,,,,2015,Metal Loss_23074.6,True,23074.6,23074.6,-1,3.65
6400.0,,0.344,-26.28,13.74,23198.67,Metal Loss Manufacturing,,11.0,0.038,,,2.17,1.77,1:14,,,0.7,91.17,,MFL-A/XT,,1160.0,65000.0,,1342.0,,,,,,,,,2015,Metal Loss Manufacturing_23198.7,True,23198.67,23198.67,-1,1.2333333333333334
6520.0,,0.344,-0.75,39.21,23639.84,Metal Loss,External,19.0,0.065,,,0.79,3.98,3:51,,,0.7,92.1,,MFL-A/XT,,1160.0,65000.0,,1342.0,1470.18,2041.31,,,,,,,2015,Metal Loss_23639.8,True,23639.84,23639.84,-1,3.85
6520.0,,0.344,-27.94,12.02,23667.04,Metal Loss,External,15.0,0.052,,,0.87,3.66,11:28,,,0.7,91.34,,MFL-A/XT,,1160.0,65000.0,,1342.0,1470.59,2041.88,,,,,,,2015,Metal Loss_23667.0,True,23667.04,23667.04,38,11.466666666666667
6520.0,,0.344,-28.22,11.75,23667.31,Cluster,External,31.0,0.107,,,3.48,8.23,12:24,,,0.7,91.34,,,,1160.0,65000.0,,1342.0,1362.59,1891.92,1409.57,1957.16,1441.16,2001.01,0.82,1.69,2015,Cluster_23667.3,True,23667.31,23667.31,38,12.4
6520.0,,0.344,-28.41,11.55,23667.5,Metal Loss,External,12.0,0.041,,,0.51,0.59,1:18,,,0.7,91.33,,MFL-A/XT,,1160.0,65000.0,,1342.0,,,,,,,,,2015,Metal Loss_23667.5,True,23667.5,23667.5,38,1.3
6520.0,,0.344,-29.08,10.89,23668.17,Metal Loss,External,10.0,0.034,,,0.39,0.83,1:39,,,0.7,91.32,,MFL-A/XT,,1160.0,65000.0,,1342.0,,,,,,,,,2015,Metal Loss_23668.2,True,23668.17,23668.17,38,1.65
6520.0,,0.344,-29.6,10.36,23668.7,Metal Loss,External,10.0,0.034,,,1.26,2.48,1:27,,,0.7,91.31,,MFL-A/XT,,1160.0,65000.0,,1342.0,,,,,,,,,2015,Metal Loss_23668.7,True,23668.7,23668.7,38,1.45
6520.0,,0.344,-29.91,10.05,23669.0,Metal Loss,External,20.0,0.069,,,0.79,2.4,10:29,,,0.7,91.31,,MFL-A/XT,,1160.0,65000.0,,1342.0,1469.63,2040.54,1541.25,2139.99,1541.63,2140.52,0.75,1.84,2015,Metal Loss_23669.0,True,23669.0,23669.0,38,10.483333333333333
6520.0,,0.344,-30.0,9.97,23669.09,Metal Loss,External,18.0,0.062,,,0.75,2.05,12:36,,,0.7,91.31,,MFL-A/XT,,1160.0,65000.0,,1342.0,1471.03,2042.48,,,,,,,2015,Metal Loss_23669.1,True,23669.09,23669.09,38,12.6
6530.0,,0.344,-26.73,0.93,23705.79,Cluster,External,48.0,0.165,,,1.81,5.32,2:52,Repaired?,,0.7,90.94,,,,1160.0,65000.0,,1342.0,1391.78,1932.46,1443.9,2004.82,1457.99,2024.39,0.8,1.73,2015,Cluster_23705.8,True,23705.79,23705.79,39,2.8666666666666667
6530.0,,0.344,-26.75,0.91,23705.81,Metal Loss,External,61.0,0.21,,,1.42,7.24,6:17,Repaired?,,0.7,90.94,,MFL-A/XT,,1160.0,65000.0,,1342.0,1394.98,1936.89,1442.31,2002.6,1462.76,2031.0,0.8,1.73,2015,Metal Loss_23705.8,True,23705.81,23705.81,39,6.283333333333333
6530.0,,0.344,-26.75,0.91,23705.81,Metal Loss,External,42.0,0.144,,,1.1,5.04,4:12,Repaired?,,0.7,90.94,,MFL-A/XT,,1160.0,65000.0,,1342.0,1445.68,2007.29,1512.16,2099.6,1517.46,2106.96,0.77,1.81,2015,Metal Loss_23705.8,True,23705.81,23705.81,39,4.2
6530.0,,0.344,-26.76,0.91,23705.81,Metal Loss,External,21.0,0.072,,,1.22,3.9,7:47,Repaired?,,0.7,90.94,,MFL-A/XT,,1160.0,65000.0,,1342.0,1460.89,2028.41,1531.38,2126.28,1532.42,2127.73,0.76,1.83,2015,Metal Loss_23705.8,True,23705.81,23705.81,39,7.783333333333333
6530.0,,0.344,-26.78,0.88,23705.83,Metal Loss,External,23.0,0.079,,,1.1,6.26,9:05,Repaired?,,0.7,90.94,,MFL-A/XT,,1160.0,65000.0,,1342.0,1461.83,2029.71,1532.39,2127.69,1533.61,2129.37,0.76,1.83,2015,Metal Loss_23705.8,True,23705.83,23705.83,39,9.083333333333334
6540.0,,0.344,-0.77,39.23,23707.49,Metal Loss,External,70.0,0.241,,,0.55,1.14,5:10,Recoat,,0.7,90.91,,MFL-A/XT,,1160.0,65000.0,,1342.0,1457.78,2024.09,1523.05,2114.72,1529.01,2122.99,0.76,1.82,2015,Metal Loss_23707.5,True,23707.49,23707.49,39,5.166666666666667
6550.0,,0.344,-39.06,0.92,23785.78,Cluster,External,85.0,0.292,,,1.02,4.65,5:17,,,0.7,90.28,,,,1160.0,65000.0,,1342.0,,,,,,,,,2015,Cluster_23785.8,True,23785.78,23785.78,-1,5.283333333333333
6580.0,,0.344,-0.88,39.13,23867.6,Metal Loss,External,22.0,0.076,,,0.71,1.38,5:38,,,0.7,90.1,,MFL-A/XT,,1160.0,65000.0,,1342.0,1470.28,2041.44,1541.95,2140.96,1542.4,2141.58,0.75,1.85,2015,Metal Loss_23867.6,True,23867.6,23867.6,-1,5.633333333333333
6590.0,,0.344,-38.95,1.09,23945.68,Metal Loss,External,19.0,0.065,,,0.47,0.94,4:57,,,0.7,90.8,,MFL-A/XT,,1160.0,65000.0,,1342.0,1473.97,2046.57,,,,,,,2015,Metal Loss_23945.7,True,23945.68,23945.68,40,4.95
6600.0,,0.344,-0.85,39.2,23947.62,Metal Loss,External,16.0,0.055,,,0.75,2.01,4:24,,,0.7,90.91,,MFL-A/XT,,1160.0,65000.0,,1342.0,1471.53,2043.18,,,,,,,2015,Metal Loss_23947.6,True,23947.62,23947.62,40,4.4
6790.0,,0.344,-3.86,36.19,24696.32,Metal Loss,External,20.0,0.069,,,2.28,1.3,8:51,,,0.7,128.28,,MFL-A/XT,,1160.0,65000.0,,1342.0,1435.45,1993.09,1501.48,2084.76,1503.88,2088.1,0.77,1.8,2015,Metal Loss_24696.3,True,24696.32,24696.32,-1,8.85
6990.0,,0.344,-1.29,38.89,25487.18,Metal Loss,External,15.0,0.052,,,0.59,1.26,3:46,,,0.7,51.01,,MFL-A/XT,,1160.0,65000.0,,1342.0,1473.52,2045.95,,,,,,,2015,Metal Loss_25487.2,True,25487.18,25487.18,-1,3.7666666666666666
6990.0,,0.344,-39.16,1.01,25525.05,Metal Loss,External,10.0,0.034,,,0.75,1.26,6:30,,,0.7,39.48,,MFL-A/XT,,1160.0,65000.0,,1342.0,,,,,,,,,2015,Metal Loss_25525.0,True,25525.05,25525.05,-1,6.5
7010.0,,0.344,-23.97,16.3,25570.01,Metal Loss,External,12.0,0.041,,,1.26,1.77,4:17,,,0.7,24.56,,MFL-A/XT,,1160.0,65000.0,,1342.0,,,,,,,,,2015,Metal Loss_25570.0,True,25570.01,25570.01,-1,4.283333333333333
7120.0,,0.344,-1.1,39.18,25875.13,Metal Loss,External,14.0,0.048,,,1.3,2.91,2:10,,,1.0,22.89,,MFL-A/XT,,1160.0,65000.0,,1342.0,1465.25,2034.46,,,,,,,2015,Metal Loss_25875.1,True,25875.13,25875.13,-1,2.1666666666666665
7120.0,,0.344,-38.1,2.18,25912.13,Metal Loss Manufacturing,,11.0,0.038,,,0.35,0.87,2:12,,,1.0,40.96,,MFL-A/XT,,1160.0,65000.0,,1342.0,,,,,,,,,2015,Metal Loss Manufacturing_25912.1,True,25912.13,25912.13,-1,2.2
7160.0,,0.344,-0.83,39.23,26035.21,Metal Loss,External,12.0,0.041,,,0.98,1.58,6:35,,,0.7,94.4,,MFL-A/XT,,1160.0,65000.0,,1342.0,,,,,,,,,2015,Metal Loss_26035.2,True,26035.21,26035.21,-1,6.583333333333333
7260.0,,0.344,-29.23,10.83,26444.25,Metal Loss Manufacturing,,15.0,0.052,,,0.43,0.71,9:27,,,0.7,163.83,,MFL-A/XT,,1160.0,65000.0,,1342.0,,,,,,,,,2015,Metal Loss Manufacturing_26444.2,True,26444.25,26444.25,-1,9.45
7260.0,,0.344,-39.24,0.82,26454.26,Metal Loss,External,12.0,0.041,,,2.32,1.26,3:29,,,0.7,164.47,,MFL-A/XT,,1160.0,65000.0,,1342.0,,,,,,,,,2015,Metal Loss_26454.3,True,26454.26,26454.26,-1,3.4833333333333334
7380.0,,0.344,-39.0,1.22,26906.78,Metal Loss,External,35.0,0.12,,,0.71,1.3,7:25,Recoat,,1.0,155.25,,MFL-A/XT,,1160.0,65000.0,,1342.0,1465.75,2035.15,1536.47,2133.35,1538.0,2135.48,0.75,1.84,2015,Metal Loss_26906.8,True,26906.78,26906.78,41,7.416666666666667
7380.0,,0.344,-39.33,0.89,26907.12,Metal Loss,External,40.0,0.138,,,0.94,1.81,7:44,Recoat,,1.0,155.1,,MFL-A/XT,,1160.0,65000.0,,1342.0,1455.08,2020.34,1523.63,2115.53,1527.14,2120.4,0.76,1.82,2015,Metal Loss_26907.1,True,26907.12,26907.12,41,7.733333333333333
7380.0,,0.344,-39.34,0.88,26907.12,Metal Loss,External,44.0,0.151,,,0.67,1.06,6:04,Recoat,,1.0,155.1,,MFL-A/XT,,1160.0,65000.0,,1342.0,1463.33,2031.8,1533.19,2128.8,1535.54,2132.05,0.76,1.84,2015,Metal Loss_26907.1,True,26907.12,26907.12,41,6.066666666666666
7380.0,,0.344,-39.34,0.88,26907.12,Metal Loss,External,13.0,0.045,,,0.63,1.18,8:51,Recoat,,1.0,155.1,,MFL-A/XT,,1160.0,65000.0,,1342.0,1473.54,2045.97,,,,,,,2015,Metal Loss_26907.1,True,26907.12,26907.12,41,8.85
7380.0,,0.344,-39.35,0.86,26907.14,Metal Loss,External,55.0,0.189,,,0.87,4.84,4:39,Recoat,,1.0,155.09,,MFL-A/XT,,1160.0,65000.0,,1342.0,1447.44,2009.74,1512.4,2099.92,1518.95,2109.03,0.77,1.81,2015,Metal Loss_26907.1,True,26907.14,26907.14,41,4.65
7380.0,,0.344,-39.58,0.64,26907.36,Cluster,External,62.0,0.213,,,1.98,2.87,5:57,Recoat,,1.0,154.99,,,,1160.0,65000.0,,1342.0,1337.36,1856.9,1364.77,1894.96,1486.01,2063.29,0.85,1.63,2015,Cluster_26907.4,True,26907.36,26907.36,41,5.95
7400.0,,0.344,-39.11,1.06,26969.94,Metal Loss,External,14.0,0.048,,,0.55,0.75,4:04,,,0.7,124.82,,MFL-A/XT,,1160.0,65000.0,,1342.0,1474.01,2046.62,,,,,,,2015,Metal Loss_26969.9,True,26969.94,26969.94,42,4.066666666666666
7400.0,,0.344,-39.17,1.0,26970.0,Metal Loss,External,10.0,0.034,,,0.94,2.05,3:36,,,0.7,124.79,,MFL-A/XT,,1160.0,65000.0,,1342.0,,,,,,,,,2015,Metal Loss_26970.0,True,26970.0,26970.0,42,3.6
7400.0,,0.344,-39.9,0.27,26970.73,Metal Loss,External,12.0,0.041,,,0.55,0.91,1:53,near girth weld,,0.7,124.43,,MFL-A/XT,,1160.0,65000.0,,1342.0,,,,,,,,,2015,Metal Loss_26970.7,True,26970.73,26970.73,42,1.8833333333333333
7400.0,,0.344,-39.91,0.26,26970.74,Metal Loss,External,24.0,0.083,,,0.51,1.02,2:48,near girth weld,,0.7,124.43,,MFL-A/XT,,1160.0,65000.0,,1342.0,1472.65,2044.74,1544.57,2144.6,1544.89,2145.05,0.75,1.85,2015,Metal Loss_26970.7,True,26970.74,26970.74,42,2.8
7400.0,,0.344,-40.01,0.16,26970.84,Metal Loss,External,12.0,0.041,,,0.98,7.17,2:13,near girth weld,,0.7,124.38,,MFL-A/XT,,1160.0,65000.0,,1342.0,,,,,,,,,2015,Metal Loss_26970.8,True,26970.84,26970.84,42,2.216666666666667
7420.0,,0.344,-0.88,29.29,26985.1,Metal Loss,External,23.0,0.079,,,0.63,2.01,11:56,,,0.7,123.83,,MFL-A/XT,,1160.0,65000.0,,1342.0,1471.13,2042.62,1542.88,2142.25,1543.31,2142.85,0.75,1.85,2015,Metal Loss_26985.1,True,26985.1,26985.1,43,11.933333333333334
7420.0,,0.344,-0.9,29.28,26985.11,Metal Loss,External,11.0,0.038,,,0.55,1.18,5:22,,,0.7,123.84,,MFL-A/XT,,1160.0,65000.0,,1342.0,,,,,,,,,2015,Metal Loss_26985.1,True,26985.11,26985.11,43,5.366666666666666
7420.0,,0.344,-0.92,29.26,26985.13,Metal Loss,External,11.0,0.038,,,0.75,1.58,2:11,,,0.7,123.84,,MFL-A/XT,,1160.0,65000.0,,1342.0,,,,,,,,,2015,Metal Loss_26985.1,True,26985.13,26985.13,43,2.183333333333333
7420.0,,0.344,-1.1,29.08,26985.31,Metal Loss,External,29.0,0.1,,,0.91,2.24,3:46,,,0.7,123.91,,MFL-A/XT,,1160.0,65000.0,,1342.0,1462.87,2031.16,1533.38,2129.06,1534.98,2131.29,0.76,1.84,2015,Metal Loss_26985.3,True,26985.31,26985.31,43,3.7666666666666666
7420.0,,0.344,-1.21,28.97,26985.43,Metal Loss,External,20.0,0.069,,,1.06,2.91,10:43,,,0.7,123.96,,MFL-A/XT,,1160.0,65000.0,,1342.0,1464.69,2033.69,1535.72,2132.3,1536.39,2133.23,0.76,1.84,2015,Metal Loss_26985.4,True,26985.43,26985.43,43,10.716666666666667
7490.0,,0.344,-38.3,1.65,27284.67,Metal Loss,External,13.0,0.045,,,1.22,2.13,5:53,,,0.7,187.04,,MFL-A/XT,,1160.0,65000.0,,1342.0,1467.24,2037.22,,,,,,,2015,Metal Loss_27284.7,True,27284.67,27284.67,44,5.883333333333333
7490.0,,0.344,-38.69,1.26,27285.06,Metal Loss,External,17.0,0.058,,,0.67,1.42,6:07,,,0.7,187.05,,MFL-A/XT,,1160.0,65000.0,,1342.0,1472.35,2044.32,,,,,,,2015,Metal Loss_27285.1,True,27285.06,27285.06,44,6.116666666666666
7520.0,,0.344,-0.89,39.09,27356.48,Metal Loss,External,11.0,0.038,,,0.51,1.14,5:50,,,0.7,188.11,,MFL-A/XT,,1160.0,65000.0,,1342.0,,,,,,,,,2015,Metal Loss_27356.5,True,27356.48,27356.48,-1,5.833333333333333
7550.0,,0.344,-39.47,0.53,27515.06,Metal Loss,External,12.0,0.041,,,0.63,1.1,7:25,,,0.7,188.14,,MFL-A/XT,,1160.0,65000.0,,1342.0,,,,,,,,,2015,Metal Loss_27515.1,True,27515.06,27515.06,45,7.416666666666667
7550.0,,0.344,-39.69,0.31,27515.29,Cluster,External,19.0,0.065,,,1.08,4.23,7:58,near girth weld,,0.7,188.14,,,,1160.0,65000.0,,1342.0,1465.44,2034.73,,,,,,,2015,Cluster_27515.3,True,27515.29,27515.29,45,7.966666666666667
7670.0,,0.344,-29.12,10.83,27985.61,Metal Loss,External,18.0,0.062,,,0.79,1.46,10:07,,,0.7,173.32,,MFL-A/XT,,1160.0,65000.0,,1342.0,1470.54,2041.81,,,,,,,2015,Metal Loss_27985.6,True,27985.61,27985.61,46,10.116666666666667
7670.0,,0.344,-31.33,8.62,27987.82,Cluster,External,23.0,0.079,,,1.74,2.45,7:49,,,0.7,172.37,,,,1160.0,65000.0,,1342.0,1444.85,2006.14,1512.69,2100.33,1520.1,2110.63,0.77,1.81,2015,Cluster_27987.8,True,27987.82,27987.82,46,7.816666666666666
7670.0,,0.344,-35.55,4.4,27992.04,Metal Loss,External,24.0,0.083,,,0.71,1.26,1:54,,,0.7,170.53,,MFL-A/XT,,1160.0,65000.0,,1342.0,1469.64,2040.56,1541.2,2139.92,1541.8,2140.75,0.75,1.84,2015,Metal Loss_27992.0,True,27992.04,27992.04,46,1.9
7670.0,,0.344,-35.84,4.11,27992.33,Metal Loss,External,11.0,0.038,,,0.63,1.26,1:56,,,0.7,170.4,,MFL-A/XT,,1160.0,65000.0,,1342.0,,,,,,,,,2015,Metal Loss_27992.3,True,27992.33,27992.33,46,1.9333333333333333
7760.0,,0.344,-39.63,0.49,28302.37,Metal Loss,External,12.0,0.041,,,1.85,0.71,4:35,,,0.7,159.61,,MFL-A/XT,,1160.0,65000.0,,1342.0,,,,,,,,,2015,Metal Loss_28302.4,True,28302.37,28302.37,-1,4.583333333333333
7860.0,,0.344,-17.97,22.08,28674.28,Metal Loss,External,12.0,0.041,,,0.67,1.06,7:17,,,0.7,129.85,,MFL-A/XT,,1160.0,65000.0,,1342.0,,,,,,,,,2015,Metal Loss_28674.3,True,28674.28,28674.28,47,7.283333333333333
7860.0,,0.344,-18.12,21.93,28674.43,Metal Loss,External,12.0,0.041,,,1.06,2.13,7:08,,,0.7,129.85,,MFL-A/XT,,1160.0,65000.0,,1342.0,,,,,,,,,2015,Metal Loss_28674.4,True,28674.43,28674.43,47,7.133333333333334
7910.0,,0.344,-0.72,39.38,28857.18,Metal Loss,External,46.0,0.158,,,1.73,2.4,6:43,Recoat,,0.7,132.35,,MFL-A/XT,,1160.0,65000.0,,1342.0,1402.2,1946.91,1457.69,2023.96,1471.47,2043.1,0.8,1.74,2015,Metal Loss_28857.2,True,28857.18,28857.18,48,6.716666666666667
7910.0,,0.344,-0.74,39.36,28857.2,Metal Loss,External,31.0,0.107,,,1.69,6.58,4:26,Recoat,,0.7,132.35,,MFL-A/XT,,1160.0,65000.0,,1342.0,1433.18,1989.94,1498.34,2080.41,1503.93,2088.16,0.77,1.79,2015,Metal Loss_28857.2,True,28857.2,28857.2,48,4.433333333333334
7910.0,,0.344,-0.76,39.34,28857.22,Metal Loss,External,57.0,0.196,,,1.06,2.56,5:56,Recoat,,0.7,132.34,,MFL-A/XT,,1160.0,65000.0,,1342.0,1431.4,1987.46,1491.48,2070.88,1502.05,2085.56,0.78,1.79,2015,Metal Loss_28857.2,True,28857.22,28857.22,48,5.933333333333334
7990.0,,0.344,-0.68,39.39,29171.19,Cluster,External,49.0,0.169,,,1.69,7.08,5:58,,,0.7,127.01,,,,1160.0,65000.0,,1342.0,1397.98,1941.07,1451.45,2015.31,1494.99,2075.75,0.8,1.74,2015,Cluster_29171.2,True,29171.19,29171.19,49,5.966666666666667
7990.0,,0.344,-0.7,39.37,29171.21,Cluster,External,55.0,0.189,,,1.74,6.91,4:05,,,0.7,127.0,,,,1160.0,65000.0,,1342.0,1380.44,1916.71,1426.46,1980.61,1442.46,2002.82,0.81,1.71,2015,Cluster_29171.2,True,29171.21,29171.21,49,4.083333333333333
8000.0,,0.344,-39.07,0.9,29249.65,Metal Loss,External,48.0,0.165,,,1.26,4.8,7:55,Recoat,,0.7,121.97,,MFL-A/XT,,1160.0,65000.0,,1342.0,1429.74,1985.16,1491.65,2071.12,1500.75,2083.76,0.78,1.79,2015,Metal Loss_29249.7,True,29249.65,29249.65,50,7.916666666666667
8000.0,,0.344,-39.1,0.87,29249.68,Metal Loss,External,31.0,0.107,,,0.67,3.74,3:59,Recoat,,0.7,121.97,,MFL-A/XT,,1160.0,65000.0,,1342.0,1468.1,2038.42,1539.3,2137.28,1540.35,2138.74,0.75,1.84,2015,Metal Loss_29249.7,True,29249.68,29249.68,50,3.9833333333333334
8000.0,,0.344,-39.27,0.69,29249.86,Metal Loss,External,35.0,0.12,,,1.65,4.05,5:33,Recoat,,0.7,121.96,,MFL-A/XT,,1160.0,65000.0,,1342.0,1427.9,1982.6,1491.55,2070.98,1498.62,2080.8,0.78,1.79,2015,Metal Loss_29249.9,True,29249.86,29249.86,50,5.55
8010.0,,0.344,-0.83,39.25,29251.38,Metal Loss,External,14.0,0.048,,,1.34,2.36,5:55,Recoat,,0.7,121.85,,MFL-A/XT,,1160.0,65000.0,,1342.0,1464.52,2033.45,,,,,,,2015,Metal Loss_29251.4,True,29251.38,29251.38,50,5.916666666666667
8010.0,,0.344,-0.84,39.24,29251.39,Metal Loss,External,15.0,0.052,,,1.81,1.06,5:33,Recoat,,0.7,121.85,,MFL-A/XT,,1160.0,65000.0,,1342.0,1455.34,2020.7,,,,,,,2015,Metal Loss_29251.4,True,29251.39,29251.39,50,5.55
8060.0,,0.344,-2.31,37.74,29453.57,Metal Loss,External,17.0,0.058,,,1.26,1.89,6:05,,,1.0,110.57,,MFL-A/XT,,1160.0,65000.0,,1342.0,1463.29,2031.74,,,,,,,2015,Metal Loss_29453.6,True,29453.57,29453.57,51,6.083333333333333
8060.0,,0.344,-3.04,37.02,29454.29,Metal Loss,External,10.0,0.034,,,0.91,1.3,5:41,,,1.0,110.48,,MFL-A/XT,,1160.0,65000.0,,1342.0,,,,,,,,,2015,Metal Loss_29454.3,True,29454.29,29454.29,51,5.683333333333334
8060.0,,0.344,-3.36,36.7,29454.61,Metal Loss,External,44.0,0.151,,,0.75,0.93,5:42,,,1.0,110.44,,MFL-A/XT,,1160.0,65000.0,,1342.0,1460.57,2027.96,1529.88,2124.2,1532.73,2128.15,0.76,1.83,2015,Metal Loss_29454.6,True,29454.61,29454.61,51,5.7
8060.0,,0.344,-4.11,35.95,29455.36,Metal Loss,External,13.0,0.045,,,1.89,1.1,6:32,,,1.0,110.35,,MFL-A/XT,,1160.0,65000.0,,1342.0,1457.01,2023.02,,,,,,,2015,Metal Loss_29455.4,True,29455.36,29455.36,51,6.533333333333333
8060.0,,0.344,-4.11,35.95,29455.36,Metal Loss,External,15.0,0.052,,,0.35,1.26,6:13,,,1.0,110.35,,MFL-A/XT,,1160.0,65000.0,,1342.0,1475.18,2048.25,,,,,,,2015,Metal Loss_29455.4,True,29455.36,29455.36,51,6.216666666666667
8060.0,,0.344,-4.65,35.4,29455.91,Metal Loss,External,14.0,0.048,,,2.05,1.53,6:04,,,1.0,110.29,,MFL-A/XT,,1160.0,65000.0,,1342.0,1452.68,2017.02,,,,,,,2015,Metal Loss_29455.9,True,29455.91,29455.91,51,6.066666666666666
8060.0,,0.344,-7.4,32.66,29458.65,Metal Loss,External,12.0,0.041,,,1.18,1.42,5:51,,,1.0,109.97,,MFL-A/XT,,1160.0,65000.0,,1342.0,,,,,,,,,2015,Metal Loss_29458.7,True,29458.65,29458.65,51,5.85
8060.0,,0.344,-13.07,26.99,29464.32,Metal Loss,External,11.0,0.038,,,2.36,2.05,5:03,,,1.0,109.34,,MFL-A/XT,,1160.0,65000.0,,1342.0,,,,,,,,,2015,Metal Loss_29464.3,True,29464.32,29464.32,51,5.05
8060.0,,0.344,-13.08,26.98,29464.33,Metal Loss,External,13.0,0.045,,,2.21,2.09,5:28,,,1.0,109.34,,MFL-A/XT,,1160.0,65000.0,,1342.0,1451.97,2016.02,,,,,,,2015,Metal Loss_29464.3,True,29464.33,29464.33,51,5.466666666666667
8060.0,,0.344,-13.71,26.35,29464.97,Metal Loss,External,12.0,0.041,,,1.65,2.17,4:59,,,1.0,109.27,,MFL-A/XT,,1160.0,65000.0,,1342.0,,,,,,,,,2015,Metal Loss_29465.0,True,29464.97,29464.97,51,4.983333333333333
8060.0,,0.344,-14.25,25.81,29465.5,Metal Loss,External,29.0,0.1,,,1.61,1.61,7:29,,,1.0,109.21,,MFL-A/XT,,1160.0,65000.0,,1342.0,1439.25,1998.37,1505.76,2090.71,1510.21,2096.89,0.77,1.8,2015,Metal Loss_29465.5,True,29465.5,29465.5,51,7.483333333333333
8060.0,,0.344,-14.39,25.67,29465.64,Metal Loss,External,13.0,0.045,,,0.43,0.87,5:19,,,1.0,109.2,,MFL-A/XT,,1160.0,65000.0,,1342.0,1474.95,2047.93,,,,,,,2015,Metal Loss_29465.6,True,29465.64,29465.64,51,5.316666666666666
8060.0,,0.344,-15.5,24.56,29466.75,Metal Loss,External,33.0,0.114,,,1.89,1.14,4:29,,,1.0,109.08,,MFL-A/XT,,1160.0,65000.0,,1342.0,1420.58,1972.44,1482.87,2058.93,1490.56,2069.61,0.78,1.77,2015,Metal Loss_29466.8,True,29466.75,29466.75,51,4.483333333333333
8060.0,,0.344,-15.52,24.54,29466.77,Metal Loss,External,11.0,0.038,,,1.42,1.18,5:05,,,1.0,109.08,,MFL-A/XT,,1160.0,65000.0,,1342.0,,,,,,,,,2015,Metal Loss_29466.8,True,29466.77,29466.77,51,5.083333333333333
8060.0,,0.344,-16.71,23.34,29467.97,Metal Loss,External,22.0,0.076,,,0.75,1.3,7:25,,,1.0,108.95,,MFL-A/XT,,1160.0,65000.0,,1342.0,1469.48,2040.34,1541.06,2139.72,1541.57,2140.44,0.75,1.84,2015,Metal Loss_29468.0,True,29467.97,29467.97,51,7.416666666666667
8060.0,,0.344,-17.81,22.25,29469.06,Metal Loss,External,67.0,0.23,,,0.83,0.6,7:43,,,1.0,108.84,,MFL-A/XT,,1160.0,65000.0,,1342.0,1439.43,1998.61,1498.81,2081.06,1509.72,2096.2,0.77,1.79,2015,Metal Loss_29469.1,True,29469.06,29469.06,51,7.716666666666667
8060.0,,0.344,-19.7,20.35,29470.96,Metal Loss,External,14.0,0.048,,,0.63,0.98,5:11,,,1.0,108.65,,MFL-A/XT,,1160.0,65000.0,,1342.0,1473.42,2045.8,,,,,,,2015,Metal Loss_29471.0,True,29470.96,29470.96,51,5.183333333333334
8060.0,,0.344,-19.76,20.3,29471.01,Metal Loss,External,21.0,0.072,,,0.71,1.06,7:37,,,1.0,108.65,,MFL-A/XT,,1160.0,65000.0,,1342.0,1470.59,2041.88,1542.31,2141.46,1542.69,2141.99,0.75,1.85,2015,Metal Loss_29471.0,True,29471.01,29471.01,51,7.616666666666667
8060.0,,0.344,-34.08,5.98,29485.33,Metal Loss,External,11.0,0.038,,,0.91,1.22,7:59,,,1.0,107.94,,MFL-A/XT,,1160.0,65000.0,,1342.0,,,,,,,,,2015,Metal Loss_29485.3,True,29485.33,29485.33,52,7.983333333333333
8060.0,,0.344,-34.09,5.97,29485.34,Metal Loss,External,13.0,0.045,,,1.02,0.63,8:18,,,1.0,107.94,,MFL-A/XT,,1160.0,65000.0,,1342.0,1469.66,2040.59,,,,,,,2015,Metal Loss_29485.3,True,29485.34,29485.34,52,8.3
8060.0,,0.344,-34.37,5.68,29485.63,Metal Loss,External,13.0,0.045,,,0.67,1.1,8:04,,,1.0,107.94,,MFL-A/XT,,1160.0,65000.0,,1342.0,1473.24,2045.55,,,,,,,2015,Metal Loss_29485.6,True,29485.63,29485.63,52,8.066666666666666
8060.0,,0.344,-34.89,5.17,29486.15,Metal Loss,External,22.0,0.076,,,0.79,1.65,08:00,,,1.0,107.94,,MFL-A/XT,,1160.0,65000.0,,1342.0,1469.07,2039.77,1540.6,2139.08,1541.14,2139.84,0.75,1.84,2015,Metal Loss_29486.2,True,29486.15,29486.15,52,8.0
8060.0,,0.344,-39.19,0.87,29490.44,Metal Loss,External,44.0,0.151,,,0.71,2.28,8:26,Recoat,,1.0,107.97,,MFL-A/XT,,1160.0,65000.0,,1342.0,1461.98,2029.92,1531.57,2126.55,1534.16,2130.14,0.76,1.83,2015,Metal Loss_29490.4,True,29490.44,29490.44,52,8.433333333333334
8060.0,,0.344,-39.19,0.87,29490.45,Metal Loss,External,66.0,0.227,,,0.75,1.58,4:56,Recoat,,1.0,107.97,,MFL-A/XT,,1160.0,65000.0,,1342.0,1445.99,2007.72,1507.99,2093.81,1516.77,2106.0,0.77,1.81,2015,Metal Loss_29490.5,True,29490.45,29490.45,52,4.933333333333334
8070.0,,0.344,-5.36,34.7,29496.67,Metal Loss Manufacturing,,15.0,0.052,,,0.35,0.63,6:31,,,0.7,108.05,,MFL-A/XT,,1160.0,65000.0,,1342.0,,,,,,,,,2015,Metal Loss Manufacturing_29496.7,True,29496.67,29496.67,52,6.516666666666667
8140.0,,0.344,-0.71,39.94,29742.02,Metal Loss,External,47.0,0.162,,,0.67,2.01,10:29,,,0.7,97.3,,MFL-A/XT,,1160.0,65000.0,,1342.0,1462.07,2030.04,1531.47,2126.41,1534.22,2130.22,0.76,1.83,2015,Metal Loss_29742.0,True,29742.02,29742.02,-1,10.483333333333333
8280.0,,0.344,-30.39,9.61,30307.15,Cluster,External,48.0,0.165,,,1.37,4.84,6:09,,,0.7,117.88,,,,1160.0,65000.0,,1342.0,1422.01,1974.43,1482.01,2057.74,1509.9,2096.46,0.78,1.77,2015,Cluster_30307.2,True,30307.15,30307.15,53,6.15
8280.0,,0.344,-31.63,8.36,30308.39,Metal Loss,External,11.0,0.038,,,1.38,1.18,4:28,,,0.7,117.78,,MFL-A/XT,,1160.0,65000.0,,1342.0,,,,,,,,,2015,Metal Loss_30308.4,True,30308.39,30308.39,53,4.466666666666667
8280.0,,0.344,-31.87,8.12,30308.63,Metal Loss,External,10.0,0.034,,,0.79,1.42,4:26,,,0.7,117.76,,MFL-A/XT,,1160.0,65000.0,,1342.0,,,,,,,,,2015,Metal Loss_30308.6,True,30308.63,30308.63,53,4.433333333333334
8280.0,,0.344,-32.15,7.84,30308.91,Metal Loss,External,16.0,0.055,,,0.75,1.46,4:45,,,0.7,117.74,,MFL-A/XT,,1160.0,65000.0,,1342.0,1471.67,2043.38,,,,,,,2015,Metal Loss_30308.9,True,30308.91,30308.91,53,4.75
8280.0,,0.344,-32.46,7.53,30309.22,Metal Loss,External,23.0,0.079,,,0.63,1.18,4:27,,,0.7,117.72,,MFL-A/XT,,1160.0,65000.0,,1342.0,1471.31,2042.88,1543.09,2142.54,1543.5,2143.11,0.75,1.85,2015,Metal Loss_30309.2,True,30309.22,30309.22,53,4.45
8280.0,,0.344,-32.69,7.31,30309.45,Metal Loss,External,10.0,0.034,,,0.51,0.79,4:29,,,0.7,117.7,,MFL-A/XT,,1160.0,65000.0,,1342.0,,,,,,,,,2015,Metal Loss_30309.5,True,30309.45,30309.45,53,4.483333333333333
8290.0,,0.344,-16.37,23.56,30333.12,Metal Loss,External,19.0,0.065,,,0.59,1.06,4:11,,,0.7,116.26,,MFL-A/XT,,1160.0,65000.0,,1342.0,1472.71,2044.82,,,,,,,2015,Metal Loss_30333.1,True,30333.12,30333.12,-1,4.183333333333334
8300.0,,0.344,-0.8,39.23,30357.49,Metal Loss,External,10.0,0.034,,,0.59,2.05,5:20,,,0.7,115.68,,MFL-A/XT,,1160.0,65000.0,,1342.0,,,,,,,,,2015,Metal Loss_30357.5,True,30357.49,30357.49,-1,5.333333333333333
8300.0,,0.344,-39.27,0.76,30395.95,Metal Loss,External,11.0,0.038,,,1.5,2.05,6:01,,,0.7,115.05,,MFL-A/XT,,1160.0,65000.0,,1342.0,,,,,,,,,2015,Metal Loss_30396.0,True,30395.95,30395.95,54,6.016666666666667
8300.0,,0.344,-39.64,0.39,30396.32,Metal Loss,External,12.0,0.041,,,0.75,1.14,5:37,,,0.7,115.04,,MFL-A/XT,,1160.0,65000.0,,1342.0,,,,,,,,,2015,Metal Loss_30396.3,True,30396.32,30396.32,54,5.616666666666667
8340.0,,0.344,-0.73,39.34,30517.65,Metal Loss,External,11.0,0.038,,,1.73,1.1,7:41,,,0.7,119.48,,MFL-A/XT,,1160.0,65000.0,,1342.0,,,,,,,,,2015,Metal Loss_30517.7,True,30517.65,30517.65,-1,7.683333333333334
8360.0,,0.344,-24.9,15.17,30621.83,Metal Loss Manufacturing,,13.0,0.045,,,2.28,4.84,11:27,,,0.7,120.49,,MFL-A/XT,,1160.0,65000.0,,1342.0,,,,,,,,,2015,Metal Loss Manufacturing_30621.8,True,30621.83,30621.83,55,11.45
8360.0,,0.344,-27.42,12.65,30624.35,Metal Loss Manufacturing,,10.0,0.034,,,2.17,5.47,11:39,,,0.7,120.52,,MFL-A/XT,,1160.0,65000.0,,1342.0,,,,,,,,,2015,Metal Loss Manufacturing_30624.3,True,30624.35,30624.35,55,11.65
8460.0,,0.344,-39.99,0.19,30970.79,Metal Loss,External,14.0,0.048,,,0.75,1.5,5:51,near girth weld,,0.7,124.44,,MFL-A/XT,,1160.0,65000.0,,1342.0,1472.29,2044.24,,,,,,,2015,Metal Loss_30970.8,True,30970.79,30970.79,56,5.85
8460.0,,0.344,-40.09,0.1,30970.88,Metal Loss,External,18.0,0.062,,,0.47,6.97,5:44,affecting girth weld,,0.7,124.44,,MFL-A/XT,,1160.0,65000.0,,1342.0,1474.1,2046.75,,,,,,,2015,Metal Loss_30970.9,True,30970.88,30970.88,56,5.733333333333333
8500.0,,0.344,-5.31,34.81,31060.9,Metal Loss Manufacturing,,15.0,0.052,,,0.32,0.63,4:15,,,0.7,122.39,,MFL-A/XT,,1160.0,65000.0,,1342.0,,,,,,,,,2015,Metal Loss Manufacturing_31060.9,True,31060.9,31060.9,-1,4.25
8520.0,,0.344,-17.7,22.5,31153.53,Metal Loss,External,12.0,0.041,,,1.69,2.36,4:17,,,0.7,123.07,,MFL-A/XT,,1160.0,65000.0,,1342.0,,,,,,,,,2015,Metal Loss_31153.5,True,31153.53,31153.53,57,4.283333333333333
8520.0,,0.344,-18.03,22.17,31153.86,Metal Loss,External,18.0,0.062,,,1.14,1.77,7:05,,,0.7,123.09,,MFL-A/XT,,1160.0,65000.0,,1342.0,1464.48,2033.39,,,,,,,2015,Metal Loss_31153.9,True,31153.86,31153.86,57,7.083333333333333
8520.0,,0.344,-18.47,21.73,31154.3,Metal Loss,External,19.0,0.065,,,1.97,1.42,6:59,,,0.7,123.1,,MFL-A/XT,,1160.0,65000.0,,1342.0,1445.32,2006.8,,,,,,,2015,Metal Loss_31154.3,True,31154.3,31154.3,57,6.983333333333333
8520.0,,0.344,-19.14,21.05,31154.98,Metal Loss,External,13.0,0.045,,,0.98,2.01,7:04,,,0.7,123.13,,MFL-A/XT,,1160.0,65000.0,,1342.0,1470.08,2041.17,,,,,,,2015,Metal Loss_31155.0,True,31154.98,31154.98,57,7.066666666666666
8590.0,,0.344,-39.12,0.95,31450.88,Metal Loss,External,13.0,0.045,,,1.85,0.91,5:10,,,0.7,138.94,,MFL-A/XT,,1160.0,65000.0,,1342.0,1457.78,2024.09,,,,,,,2015,Metal Loss_31450.9,True,31450.88,31450.88,58,5.166666666666667
8590.0,,0.344,-39.2,0.87,31450.96,Metal Loss,External,19.0,0.065,,,0.79,1.61,8:03,,,0.7,138.93,,MFL-A/XT,,1160.0,65000.0,,1342.0,1470.0,2041.06,,,,,,,2015,Metal Loss_31451.0,True,31450.96,31450.96,58,8.05
8640.0,,0.344,-4.62,1.84,31555.39,Metal Loss,External,67.0,0.23,,,1.02,0.7,11:56,,,0.7,140.6,,MFL-A/XT,,1160.0,65000.0,,1342.0,1421.22,1973.33,1474.13,2046.79,1490.23,2069.15,0.79,1.76,2015,Metal Loss_31555.4,True,31555.39,31555.39,59,11.933333333333334
8640.0,,0.344,-4.67,1.79,31555.44,Metal Loss,External,28.0,0.096,,,0.87,1.3,1:13,,,0.7,140.6,,MFL-A/XT,,1160.0,65000.0,,1342.0,1464.66,2033.65,1535.47,2131.96,1536.8,2133.8,0.76,1.84,2015,Metal Loss_31555.4,True,31555.44,31555.44,59,1.2166666666666668
8640.0,,0.344,-4.93,1.53,31555.71,Metal Loss,External,14.0,0.048,,,0.75,1.06,1:57,,,0.7,140.57,,MFL-A/XT,,1160.0,65000.0,,1342.0,1472.29,2044.24,,,,,,,2015,Metal Loss_31555.7,True,31555.71,31555.71,59,1.95
8650.0,,0.344,-0.83,39.22,31558.06,Metal Loss,External,10.0,0.034,,,1.22,3.35,4:40,,,0.7,140.37,,MFL-A/XT,,1160.0,65000.0,,1342.0,,,,,,,,,2015,Metal Loss_31558.1,True,31558.06,31558.06,59,4.666666666666667
8650.0,,0.344,-0.83,39.22,31558.06,Metal Loss,External,16.0,0.055,,,0.67,0.63,5:26,,,0.7,140.37,,MFL-A/XT,,1160.0,65000.0,,1342.0,1472.48,2044.49,,,,,,,2015,Metal Loss_31558.1,True,31558.06,31558.06,59,5.433333333333334
8650.0,,0.344,-0.87,39.18,31558.11,Metal Loss,External,10.0,0.034,,,0.98,5.28,10:10,,,0.7,140.37,,MFL-A/XT,,1160.0,65000.0,,1342.0,,,,,,,,,2015,Metal Loss_31558.1,True,31558.11,31558.11,59,10.166666666666666
8660.0,,0.344,-0.47,15.61,31597.75,Metal Loss,External,11.0,0.038,,,1.38,1.22,5:55,,,0.7,136.81,,MFL-A/XT,,1160.0,65000.0,,1342.0,,,,,,,,,2015,Metal Loss_31597.8,True,31597.75,31597.75,60,5.916666666666667
8660.0,,0.344,-0.83,15.25,31598.12,Metal Loss,External,11.0,0.038,,,1.1,0.94,8:37,,,0.7,136.77,,MFL-A/XT,,1160.0,65000.0,,1342.0,,,,,,,,,2015,Metal Loss_31598.1,True,31598.12,31598.12,60,8.616666666666667
8660.0,,0.344,-0.85,15.23,31598.14,Metal Loss,External,14.0,0.048,,,0.79,1.1,5:18,,,0.7,136.77,,MFL-A/XT,,1160.0,65000.0,,1342.0,1471.8,2043.55,,,,,,,2015,Metal Loss_31598.1,True,31598.14,31598.14,60,5.3
8660.0,,0.344,-0.89,15.2,31598.17,Metal Loss,External,12.0,0.041,,,2.13,1.1,4:55,,,0.7,136.77,,MFL-A/XT,,1160.0,65000.0,,1342.0,,,,,,,,,2015,Metal Loss_31598.2,True,31598.17,31598.17,60,4.916666666666667
8660.0,,0.344,-0.89,15.19,31598.18,Cluster,External,21.0,0.072,,,1.62,3.98,5:55,,,0.7,136.77,,,,1160.0,65000.0,,1342.0,1451.05,2014.75,1520.03,2110.52,1519.09,2109.21,0.76,1.82,2015,Cluster_31598.2,True,31598.18,31598.18,60,5.916666666666667
8660.0,,0.344,-0.93,15.16,31598.21,Metal Loss,External,30.0,0.103,,,0.91,2.09,7:11,,,0.7,136.76,,MFL-A/XT,,1160.0,65000.0,,1342.0,1462.3,2030.37,1532.69,2128.1,1534.43,2130.51,0.76,1.83,2015,Metal Loss_31598.2,True,31598.21,31598.21,60,7.183333333333334
8660.0,,0.344,-1.0,15.09,31598.28,Metal Loss,External,23.0,0.079,,,0.71,1.22,3:33,,,0.7,136.76,,MFL-A/XT,,1160.0,65000.0,,1342.0,1469.96,2041.0,1541.58,2140.44,1542.1,2141.17,0.75,1.85,2015,Metal Loss_31598.3,True,31598.28,31598.28,60,3.55
8660.0,,0.344,-2.61,13.48,31599.89,Metal Loss,External,10.0,0.034,,,0.91,1.65,11:57,,,0.7,136.6,,MFL-A/XT,,1160.0,65000.0,,1342.0,,,,,,,,,2015,Metal Loss_31599.9,True,31599.89,31599.89,60,11.95
8660.0,,0.344,-2.95,13.13,31600.23,Metal Loss,External,10.0,0.034,,,0.75,0.79,11:27,,,0.7,136.57,,MFL-A/XT,,1160.0,65000.0,,1342.0,,,,,,,,,2015,Metal Loss_31600.2,True,31600.23,31600.23,60,11.45
8660.0,,0.344,-15.49,0.6,31612.77,Metal Loss,External,13.0,0.045,,,0.63,1.02,2:28,,,0.7,135.34,,MFL-A/XT,,1160.0,65000.0,,1342.0,1473.54,2045.97,,,,,,,2015,Metal Loss_31612.8,True,31612.77,31612.77,-1,2.466666666666667
8680.0,,0.344,-0.97,10.19,31623.69,Metal Loss,External,14.0,0.048,,,0.91,2.91,4:04,Recoat,,1.0,135.26,,MFL-A/XT,,1160.0,65000.0,,1342.0,1470.59,2041.87,,,,,,,2015,Metal Loss_31623.7,True,31623.69,31623.69,61,4.066666666666666
8680.0,,0.344,-0.99,10.17,31623.7,Cluster,External,21.0,0.072,,,3.49,4.5,6:03,Recoat,,1.0,135.26,,,,1160.0,65000.0,,1342.0,1402.19,1946.91,1459.89,2027.02,1471.51,2043.16,0.79,1.75,2015,Cluster_31623.7,True,31623.7,31623.7,61,6.05
8680.0,,0.344,-1.02,10.14,31623.73,Metal Loss,External,18.0,0.062,,,1.61,0.59,5:03,Recoat,,1.0,135.27,,MFL-A/XT,,1160.0,65000.0,,1342.0,1455.21,2020.52,,,,,,,2015,Metal Loss_31623.7,True,31623.73,31623.73,61,5.05
8680.0,,0.344,-1.15,10.01,31623.87,Metal Loss,External,13.0,0.045,,,0.51,1.26,6:25,Recoat,,1.0,135.28,,MFL-A/XT,,1160.0,65000.0,,1342.0,1474.43,2047.21,,,,,,,2015,Metal Loss_31623.9,True,31623.87,31623.87,61,6.416666666666667
8680.0,,0.344,-9.48,1.68,31632.19,Metal Loss,External,13.0,0.045,,,0.67,1.18,5:03,,,1.0,135.97,,MFL-A/XT,,1160.0,65000.0,,1342.0,1473.24,2045.55,,,,,,,2015,Metal Loss_31632.2,True,31632.19,31632.19,61,5.05
8680.0,,0.344,-9.63,1.53,31632.34,Metal Loss,External,22.0,0.076,,,0.79,1.42,6:21,,,1.0,135.98,,MFL-A/XT,,1160.0,65000.0,,1342.0,1468.86,2039.48,1540.36,2138.76,1540.92,2139.53,0.75,1.84,2015,Metal Loss_31632.3,True,31632.34,31632.34,61,6.35
8690.0,,0.344,-0.37,20.81,31634.25,Metal Loss,External,12.0,0.041,,,0.75,1.14,8:35,,,1.0,136.14,,MFL-A/XT,,1160.0,65000.0,,1342.0,,,,,,,,,2015,Metal Loss_31634.2,True,31634.25,31634.25,61,8.583333333333334
8690.0,,0.344,-1.53,19.65,31635.4,Metal Loss,External,23.0,0.079,,,0.91,2.64,5:54,,,1.0,136.24,,MFL-A/XT,,1160.0,65000.0,,1342.0,1466.35,2036.0,1537.52,2134.81,1538.35,2135.97,0.75,1.84,2015,Metal Loss_31635.4,True,31635.4,31635.4,61,5.9
8700.0,,0.344,-1.36,38.66,31656.41,Metal Loss,External,13.0,0.045,,,0.63,1.14,6:06,,,0.7,137.88,,MFL-A/XT,,1160.0,65000.0,,1342.0,1473.63,2046.1,,,,,,,2015,Metal Loss_31656.4,True,31656.41,31656.41,-1,6.1
8700.0,,0.344,-40.02,0.0,31695.07,Metal Loss,External,15.0,0.052,,,1.73,2.36,5:19,affecting girth weld,,0.7,140.84,,MFL-A/XT,,1160.0,65000.0,,1342.0,1456.88,2022.85,,,,,,,2015,Metal Loss_31695.1,True,31695.07,31695.07,-1,5.316666666666666
8910.0,,0.344,-39.03,0.86,32268.11,Metal Loss,External,14.0,0.048,,,0.67,2.52,6:55,,,0.7,54.7,,MFL-A/XT,,1160.0,65000.0,,1342.0,1473.1,2045.36,,,,,,,2015,Metal Loss_32268.1,True,32268.11,32268.11,62,6.916666666666667
8910.0,,0.344,-39.15,0.74,32268.22,Metal Loss,External,11.0,0.038,,,1.3,3.19,5:57,,,0.7,54.66,,MFL-A/XT,,1160.0,65000.0,,1342.0,,,,,,,,,2015,Metal Loss_32268.2,True,32268.22,32268.22,62,5.95
8960.0,,0.344,-34.16,0.1,32400.7,Metal Loss,External,15.0,0.052,,,0.55,5.87,6:17,affecting girth weld,,1.0,31.1,,MFL-A/XT,,1160.0,65000.0,,1342.0,1473.83,2046.38,,,,,,,2015,Metal Loss_32400.7,True,32400.7,32400.7,-1,6.283333333333333
8980.0,,0.344,-0.09,10.75,32410.99,Cluster,External,21.0,0.072,,,2.17,12.07,8:46,near girth weld,,1.0,33.11,,,,1160.0,65000.0,,1342.0,1436.27,1994.22,1502.48,2086.15,1508.44,2094.43,0.77,1.8,2015,Cluster_32411.0,True,32410.99,32410.99,-1,8.766666666666667
9030.0,,0.344,-29.23,0.23,32563.95,Metal Loss,External,12.0,0.041,,,1.85,1.77,10:27,near girth weld,,0.7,97.39,,MFL-A/XT,,1160.0,65000.0,,1342.0,,,,,,,,,2015,Metal Loss_32564.0,True,32563.95,32563.95,63,10.45
9030.0,,0.344,-29.3,0.15,32564.03,Metal Loss,External,12.0,0.041,,,1.3,2.01,1:04,affecting girth weld,,0.7,97.43,,MFL-A/XT,,1160.0,65000.0,,1342.0,,,,,,,,,2015,Metal Loss_32564.0,True,32564.03,32564.03,63,1.0666666666666667
9040.0,,0.344,-0.62,39.22,32564.8,Metal Loss,External,11.0,0.038,,,1.18,0.94,11:59,,,0.7,97.86,,MFL-A/XT,,1160.0,65000.0,,1342.0,,,,,,,,,2015,Metal Loss_32564.8,True,32564.8,32564.8,63,11.983333333333333
9040.0,,0.344,-0.68,39.16,32564.85,Metal Loss,External,11.0,0.038,,,1.69,1.02,1:22,,,0.7,97.89,,MFL-A/XT,,1160.0,65000.0,,1342.0,,,,,,,,,2015,Metal Loss_32564.8,True,32564.85,32564.85,63,1.3666666666666667
9060.0,,0.344,-0.82,39.19,32644.89,Metal Loss,External,15.0,0.052,,,0.75,2.01,6:50,,,0.7,136.35,,MFL-A/XT,,1160.0,65000.0,,1342.0,1471.98,2043.81,,,,,,,2015,Metal Loss_32644.9,True,32644.89,32644.89,64,6.833333333333333
9060.0,,0.344,-0.86,39.15,32644.93,Metal Loss,External,14.0,0.048,,,0.55,1.18,4:19,,,0.7,136.37,,MFL-A/XT,,1160.0,65000.0,,1342.0,1474.01,2046.62,,,,,,,2015,Metal Loss_32644.9,True,32644.93,32644.93,64,4.316666666666666
9160.0,,0.344,-0.05,39.83,32962.22,Metal Loss,External,12.0,0.041,,,1.5,2.48,9:03,near girth weld,,0.7,142.91,,MFL-A/XT,,1160.0,65000.0,,1342.0,,,,,,,,,2015,Metal Loss_32962.2,True,32962.22,32962.22,-1,9.05
9160.0,,0.344,-13.31,26.57,32975.48,Cluster,External,42.0,0.144,,,1.06,9.15,7:41,,,0.7,142.76,,,,1160.0,65000.0,,1342.0,1447.7,2010.09,1514.6,2102.98,1520.48,2111.15,0.77,1.81,2015,Cluster_32975.5,True,32975.48,32975.48,65,7.683333333333334
9160.0,,0.344,-13.58,26.3,32975.75,Metal Loss,External,20.0,0.069,,,1.61,3.54,7:55,,,0.7,142.76,,MFL-A/XT,,1160.0,65000.0,,1342.0,1452.27,2016.44,1521.47,2112.52,1522.87,2114.46,0.76,1.82,2015,Metal Loss_32975.8,True,32975.75,32975.75,65,7.916666666666667
9160.0,,0.344,-13.59,26.29,32975.76,Cluster,External,41.0,0.141,,,2.2,2.26,8:49,,,0.7,142.76,,,,1160.0,65000.0,,1342.0,1384.79,1922.74,1436.98,1995.21,1441.05,2000.86,0.81,1.72,2015,Cluster_32975.8,True,32975.76,32975.76,65,8.816666666666666
9160.0,,0.344,-13.88,26.0,32976.05,Metal Loss,External,10.0,0.034,,,1.73,0.91,6:37,,,0.7,142.75,,MFL-A/XT,,1160.0,65000.0,,1342.0,,,,,,,,,2015,Metal Loss_32976.1,True,32976.05,32976.05,65,6.616666666666667
9160.0,,0.344,-13.89,25.99,32976.06,Metal Loss,External,10.0,0.034,,,0.43,0.63,8:40,,,0.7,142.75,,MFL-A/XT,,1160.0,65000.0,,1342.0,,,,,,,,,2015,Metal Loss_32976.1,True,32976.06,32976.06,65,8.666666666666666
9160.0,,0.344,-13.89,25.99,32976.06,Metal Loss,External,14.0,0.048,,,0.67,0.63,7:52,,,0.7,142.75,,MFL-A/XT,,1160.0,65000.0,,1342.0,1472.99,2045.21,,,,,,,2015,Metal Loss_32976.1,True,32976.06,32976.06,65,7.866666666666667
9160.0,,0.344,-13.89,25.99,32976.06,Metal Loss,External,26.0,0.089,,,0.59,1.42,8:16,,,0.7,142.75,,MFL-A/XT,,1160.0,65000.0,,1342.0,1470.96,2042.39,1542.65,2141.93,1543.19,2142.69,0.75,1.85,2015,Metal Loss_32976.1,True,32976.06,32976.06,65,8.266666666666667
9160.0,,0.344,-13.9,25.98,32976.07,Metal Loss,External,12.0,0.041,,,1.89,1.69,6:11,,,0.7,142.75,,MFL-A/XT,,1160.0,65000.0,,1342.0,,,,,,,,,2015,Metal Loss_32976.1,True,32976.07,32976.07,65,6.183333333333334
9160.0,,0.344,-14.03,25.85,32976.19,Metal Loss,External,10.0,0.034,,,0.55,2.13,7:55,,,0.7,142.75,,MFL-A/XT,,1160.0,65000.0,,1342.0,,,,,,,,,2015,Metal Loss_32976.2,True,32976.19,32976.19,65,7.916666666666667
9160.0,,0.344,-14.07,25.81,32976.23,Metal Loss,External,17.0,0.058,,,0.59,1.53,8:46,,,0.7,142.75,,MFL-A/XT,,1160.0,65000.0,,1342.0,1473.12,2045.39,,,,,,,2015,Metal Loss_32976.2,True,32976.23,32976.23,65,8.766666666666667
9160.0,,0.344,-14.53,25.35,32976.69,Cluster,External,32.0,0.11,,,3.37,8.32,7:39,,,0.7,142.75,,,,1160.0,65000.0,,1342.0,1361.14,1889.91,1407.71,1954.57,1457.93,2024.3,0.82,1.68,2015,Cluster_32976.7,True,32976.69,32976.69,65,7.65
9160.0,,0.344,-14.96,24.91,32977.13,Metal Loss,External,18.0,0.062,,,0.63,1.34,6:45,,,0.7,142.74,,MFL-A/XT,,1160.0,65000.0,,1342.0,1472.38,2044.36,,,,,,,2015,Metal Loss_32977.1,True,32977.13,32977.13,65,6.75
9160.0,,0.344,-14.97,24.91,32977.14,Metal Loss,External,13.0,0.045,,,1.46,0.83,7:16,,,0.7,142.74,,MFL-A/XT,,1160.0,65000.0,,1342.0,1463.87,2032.55,,,,,,,2015,Metal Loss_32977.1,True,32977.14,32977.14,65,7.266666666666667
9160.0,,0.344,-16.18,23.7,32978.35,Metal Loss,External,11.0,0.038,,,1.38,1.97,7:18,,,0.7,142.73,,MFL-A/XT,,1160.0,65000.0,,1342.0,,,,,,,,,2015,Metal Loss_32978.3,True,32978.35,32978.35,65,7.3
9180.0,,0.344,-39.11,0.86,33081.18,Cluster,External,43.0,0.148,,,0.67,4.84,5:33,Recoat,,1.0,141.56,,,,1160.0,65000.0,,1342.0,1463.83,2032.5,1533.85,2129.71,1537.58,2134.89,0.76,1.84,2015,Cluster_33081.2,True,33081.18,33081.18,-1,5.55
9200.0,,0.344,-39.11,0.94,33161.16,Metal Loss,External,10.0,0.034,,,0.55,1.18,3:12,,,1.0,141.7,,MFL-A/XT,,1160.0,65000.0,,1342.0,,,,,,,,,2015,Metal Loss_33161.2,True,33161.16,33161.16,66,3.2
9210.0,,0.344,-0.82,39.22,33162.93,Metal Loss,External,19.0,0.065,,,1.42,0.87,3:44,,,0.7,141.68,,MFL-A/XT,,1160.0,65000.0,,1342.0,1458.23,2024.72,,,,,,,2015,Metal Loss_33162.9,True,33162.93,33162.93,66,3.7333333333333334
9220.0,,0.344,-38.77,1.27,33240.91,Metal Loss,External,11.0,0.038,,,1.42,1.1,8:15,,,0.7,139.67,,MFL-A/XT,,1160.0,65000.0,,1342.0,,,,,,,,,2015,Metal Loss_33240.9,True,33240.91,33240.91,67,8.25
9220.0,,0.344,-39.19,0.85,33241.33,Metal Loss,External,17.0,0.058,,,0.79,0.98,4:29,,,0.7,139.66,,MFL-A/XT,,1160.0,65000.0,,1342.0,1470.73,2042.08,,,,,,,2015,Metal Loss_33241.3,True,33241.33,33241.33,67,4.483333333333333
9220.0,,0.344,-39.38,0.65,33241.53,Metal Loss,External,18.0,0.062,,,0.91,1.93,7:11,,,0.7,139.66,,MFL-A/XT,,1160.0,65000.0,,1342.0,1468.59,2039.1,,,,,,,2015,Metal Loss_33241.5,True,33241.53,33241.53,67,7.183333333333334
9220.0,,0.344,-39.44,0.6,33241.58,Metal Loss,External,18.0,0.062,,,1.02,1.38,8:23,,,0.7,139.66,,MFL-A/XT,,1160.0,65000.0,,1342.0,1466.62,2036.36,,,,,,,2015,Metal Loss_33241.6,True,33241.58,33241.58,67,8.383333333333333
9230.0,,0.344,-0.02,39.97,33242.21,Metal Loss,External,17.0,0.058,,,0.55,1.73,7:05,affecting girth weld,,0.7,139.66,,MFL-A/XT,,1160.0,65000.0,,1342.0,1473.48,2045.89,,,,,,,2015,Metal Loss_33242.2,True,33242.21,33242.21,67,7.083333333333333
9250.0,,0.344,-0.78,39.27,33322.96,Metal Loss,External,16.0,0.055,,,0.87,3.07,7:49,,,0.7,139.46,,MFL-A/XT,,1160.0,65000.0,,1342.0,1470.02,2041.08,,,,,,,2015,Metal Loss_33323.0,True,33322.96,33322.96,-1,7.816666666666666
9250.0,,0.344,-32.41,7.63,33354.59,Metal Loss,External,41.0,0.141,,,2.28,2.17,12:03,,,0.7,139.55,,MFL-A/XT,,1160.0,65000.0,,1342.0,1380.39,1916.64,1431.4,1987.46,1447.37,2009.64,0.81,1.71,2015,Metal Loss_33354.6,True,33354.59,33354.59,68,12.05
9250.0,,0.344,-32.96,7.08,33355.15,Metal Loss,External,33.0,0.114,,,0.79,1.38,11:34,,,0.7,139.54,,MFL-A/XT,,1160.0,65000.0,,1342.0,1464.54,2033.47,1535.15,2131.51,1536.76,2133.75,0.76,1.84,2015,Metal Loss_33355.2,True,33355.15,33355.15,68,11.566666666666666
9250.0,,0.344,-34.61,5.44,33356.79,Metal Loss,External,15.0,0.052,,,2.05,2.09,12:41,,,0.7,139.54,,MFL-A/XT,,1160.0,65000.0,,1342.0,1450.85,2014.47,,,,,,,2015,Metal Loss_33356.8,True,33356.79,33356.79,68,12.683333333333334
9250.0,,0.344,-34.62,5.43,33356.8,Metal Loss,External,12.0,0.041,,,1.89,0.67,1:16,,,0.7,139.54,,MFL-A/XT,,1160.0,65000.0,,1342.0,,,,,,,,,2015,Metal Loss_33356.8,True,33356.8,33356.8,68,1.2666666666666666
9250.0,,0.344,-37.24,2.8,33359.42,Metal Loss,External,23.0,0.079,,,1.93,1.58,1:09,,,0.7,139.53,,MFL-A/XT,,1160.0,65000.0,,1342.0,1438.93,1997.91,1505.65,2090.56,1508.82,2094.96,0.77,1.8,2015,Metal Loss_33359.4,True,33359.42,33359.42,68,1.15
9250.0,,0.344,-38.29,1.76,33360.47,Metal Loss,External,10.0,0.034,,,0.55,1.58,12:47,,,0.7,139.53,,MFL-A/XT,,1160.0,65000.0,,1342.0,,,,,,,,,2015,Metal Loss_33360.5,True,33360.47,33360.47,68,12.783333333333333
9250.0,,0.344,-38.63,1.41,33360.82,Cluster,External,18.0,0.062,,,2.53,7.63,12:40,,,0.7,139.53,,,,1160.0,65000.0,,1342.0,1434.5,1991.77,,,,,,,2015,Cluster_33360.8,True,33360.82,33360.82,68,12.666666666666666
9250.0,,0.344,-38.81,1.23,33361.0,Metal Loss,External,14.0,0.048,,,0.35,0.59,1:25,,,0.7,139.53,,MFL-A/XT,,1160.0,65000.0,,1342.0,1475.32,2048.44,,,,,,,2015,Metal Loss_33361.0,True,33361.0,33361.0,68,1.4166666666666667
9260.0,,0.344,-9.45,29.98,33371.68,Metal Loss,External,12.0,0.041,,,0.39,0.87,6:46,,,0.7,139.36,,MFL-A/XT,,1160.0,65000.0,,1342.0,,,,,,,,,2015,Metal Loss_33371.7,True,33371.68,33371.68,69,6.766666666666667
9260.0,,0.344,-9.57,29.87,33371.79,Metal Loss,External,28.0,0.096,,,0.75,1.38,6:52,,,0.7,139.36,,MFL-A/XT,,1160.0,65000.0,,1342.0,1467.52,2037.61,1538.72,2136.47,1539.72,2137.86,0.75,1.84,2015,Metal Loss_33371.8,True,33371.79,33371.79,69,6.866666666666667
9260.0,,0.344,-9.6,29.83,33371.83,Metal Loss,External,10.0,0.034,,,0.98,0.87,6:18,,,0.7,139.36,,MFL-A/XT,,1160.0,65000.0,,1342.0,,,,,,,,,2015,Metal Loss_33371.8,True,33371.83,33371.83,69,6.3
9260.0,,0.344,-9.91,29.52,33372.14,Metal Loss,External,12.0,0.041,,,0.83,1.58,6:26,,,0.7,139.34,,MFL-A/XT,,1160.0,65000.0,,1342.0,,,,,,,,,2015,Metal Loss_33372.1,True,33372.14,33372.14,69,6.433333333333334
9260.0,,0.344,-38.48,0.95,33400.71,Metal Loss,External,14.0,0.048,,,1.58,1.42,7:34,,,0.7,137.95,,MFL-A/XT,,1160.0,65000.0,,1342.0,1460.89,2028.42,,,,,,,2015,Metal Loss_33400.7,True,33400.71,33400.71,70,7.566666666666666
9270.0,,0.344,-1.03,38.98,33402.69,Metal Loss,External,31.0,0.107,,,0.59,0.94,6:40,,,0.7,137.85,,MFL-A/XT,,1160.0,65000.0,,1342.0,1469.94,2040.98,1541.41,2140.21,1542.22,2141.34,0.75,1.85,2015,Metal Loss_33402.7,True,33402.69,33402.69,70,6.666666666666667
9270.0,,0.344,-23.56,16.45,33425.22,Metal Loss,External,23.0,0.079,,,0.63,1.1,5:32,,,0.7,136.93,,MFL-A/XT,,1160.0,65000.0,,1342.0,1471.13,2042.62,1542.88,2142.25,1543.31,2142.85,0.75,1.85,2015,Metal Loss_33425.2,True,33425.22,33425.22,71,5.533333333333333
9270.0,,0.344,-29.87,10.14,33431.52,Metal Loss,External,46.0,0.158,,,0.67,0.87,5:34,,,0.7,136.75,,MFL-A/XT,,1160.0,65000.0,,1342.0,1462.96,2031.29,1532.62,2128.01,1535.14,2131.5,0.76,1.83,2015,Metal Loss_33431.5,True,33431.52,33431.52,71,5.566666666666666
9270.0,,0.344,-34.59,5.42,33436.25,Cluster,External,21.0,0.072,,,2.18,1.3,5:56,,,0.7,136.62,,,,1160.0,65000.0,,1342.0,1436.27,1994.22,1502.48,2086.15,1512.53,2100.11,0.77,1.8,2015,Cluster_33436.2,True,33436.25,33436.25,71,5.933333333333334
9270.0,,0.344,-38.73,1.27,33440.39,Metal Loss,External,37.0,0.127,,,0.75,1.14,5:35,,,0.7,136.53,,MFL-A/XT,,1160.0,65000.0,,1342.0,1463.84,2032.51,1534.17,2130.15,1536.08,2132.81,0.76,1.84,2015,Metal Loss_33440.4,True,33440.39,33440.39,71,5.583333333333333
9270.0,,0.344,-38.96,1.05,33440.62,Cluster,External,62.0,0.213,,,3.29,3.96,5:29,,,0.7,136.52,,,,1160.0,65000.0,,1342.0,1216.34,1688.86,1200.87,1667.37,1361.58,1890.52,0.97,1.44,2015,Cluster_33440.6,True,33440.62,33440.62,71,5.483333333333333
9270.0,,0.344,-39.45,0.55,33441.11,Metal Loss,External,22.0,0.076,,,1.14,1.61,5:32,,,0.7,136.51,,MFL-A/XT,,1160.0,65000.0,,1342.0,1461.73,2029.58,1532.31,2127.58,1533.42,2129.12,0.76,1.83,2015,Metal Loss_33441.1,True,33441.11,33441.11,71,5.533333333333333
9270.0,,0.344,-39.59,0.42,33441.24,Metal Loss,External,11.0,0.038,,,0.79,1.42,5:32,,,0.7,136.51,,MFL-A/XT,,1160.0,65000.0,,1342.0,,,,,,,,,2015,Metal Loss_33441.2,True,33441.24,33441.24,71,5.533333333333333
9270.0,,0.344,-39.94,0.07,33441.59,Metal Loss,External,23.0,0.079,,,0.79,0.63,5:44,affecting girth weld,,0.7,136.5,,MFL-A/XT,,1160.0,65000.0,,1342.0,1468.69,2039.24,1540.15,2138.47,1540.79,2139.34,0.75,1.84,2015,Metal Loss_33441.6,True,33441.59,33441.59,71,5.733333333333333
9270.0,,0.344,-39.94,0.07,33441.6,Metal Loss,External,33.0,0.114,,,0.79,0.59,6:13,affecting girth weld,,0.7,136.5,,MFL-A/XT,,1160.0,65000.0,,1342.0,1464.19,2033.0,1534.75,2130.96,1536.41,2133.27,0.76,1.84,2015,Metal Loss_33441.6,True,33441.6,33441.6,71,6.216666666666667
9270.0,,0.344,-40.0,0.01,33441.66,Metal Loss,External,35.0,0.12,,,1.15,2.21,5:55,affecting girth weld,,0.7,136.5,,MFL-A/XT,,1160.0,65000.0,,1342.0,1450.29,2013.7,1518.37,2108.22,1522.17,2113.5,0.76,1.82,2015,Metal Loss_33441.7,True,33441.66,33441.66,71,5.916666666666667
9280.0,,0.344,-2.29,37.78,33443.96,Metal Loss,External,17.0,0.058,,,0.98,1.5,6:25,,,1.0,136.45,,MFL-A/XT,,1160.0,65000.0,,1342.0,1467.97,2038.24,,,,,,,2015,Metal Loss_33444.0,True,33443.96,33443.96,71,6.416666666666667
9280.0,,0.344,-10.83,29.24,33452.49,Metal Loss,External,14.0,0.048,,,0.47,0.94,5:01,,,1.0,136.25,,MFL-A/XT,,1160.0,65000.0,,1342.0,1474.61,2047.47,,,,,,,2015,Metal Loss_33452.5,True,33452.49,33452.49,71,5.016666666666667
9280.0,,0.344,-11.71,28.35,33453.38,Metal Loss,External,17.0,0.058,,,1.38,1.89,4:41,,,1.0,136.23,,MFL-A/XT,,1160.0,65000.0,,1342.0,1461.04,2028.61,,,,,,,2015,Metal Loss_33453.4,True,33453.38,33453.38,71,4.683333333333334
9280.0,,0.344,-12.38,27.69,33454.04,Metal Loss,External,15.0,0.052,,,0.91,1.38,4:26,,,1.0,136.21,,MFL-A/XT,,1160.0,65000.0,,1342.0,1470.14,2041.26,,,,,,,2015,Metal Loss_33454.0,True,33454.04,33454.04,71,4.433333333333334
9280.0,,0.344,-12.62,27.45,33454.28,Metal Loss,External,15.0,0.052,,,0.55,1.1,4:32,,,1.0,136.21,,MFL-A/XT,,1160.0,65000.0,,1342.0,1473.83,2046.38,,,,,,,2015,Metal Loss_33454.3,True,33454.28,33454.28,71,4.533333333333333
9280.0,,0.344,-14.11,25.96,33455.77,Metal Loss,External,13.0,0.045,,,0.67,1.73,4:27,,,1.0,136.17,,MFL-A/XT,,1160.0,65000.0,,1342.0,1473.24,2045.55,,,,,,,2015,Metal Loss_33455.8,True,33455.77,33455.77,71,4.45
9280.0,,0.344,-14.33,25.73,33456.0,Metal Loss,External,24.0,0.083,,,1.02,1.69,4:19,,,1.0,136.17,,MFL-A/XT,,1160.0,65000.0,,1342.0,1462.85,2031.13,1533.52,2129.26,1534.75,2130.96,0.76,1.84,2015,Metal Loss_33456.0,True,33456.0,33456.0,71,4.316666666666666
9280.0,,0.344,-14.59,25.48,33456.25,Metal Loss,External,12.0,0.041,,,0.71,1.1,4:33,,,1.0,136.16,,MFL-A/XT,,1160.0,65000.0,,1342.0,,,,,,,,,2015,Metal Loss_33456.2,True,33456.25,33456.25,71,4.55
9280.0,,0.344,-16.11,23.95,33457.78,Metal Loss,External,10.0,0.034,,,0.43,0.87,7:35,,,1.0,136.12,,MFL-A/XT,,1160.0,65000.0,,1342.0,,,,,,,,,2015,Metal Loss_33457.8,True,33457.78,33457.78,71,7.583333333333333
9280.0,,0.344,-17.02,23.05,33458.68,Metal Loss,External,13.0,0.045,,,0.91,1.5,7:34,,,1.0,136.09,,MFL-A/XT,,1160.0,65000.0,,1342.0,1471.02,2042.48,,,,,,,2015,Metal Loss_33458.7,True,33458.68,33458.68,71,7.566666666666666
9280.0,,0.344,-17.04,23.03,33458.7,Metal Loss,External,26.0,0.089,,,0.98,1.77,4:11,,,1.0,136.09,,MFL-A/XT,,1160.0,65000.0,,1342.0,1462.75,2030.99,1533.35,2129.02,1534.75,2130.96,0.76,1.84,2015,Metal Loss_33458.7,True,33458.7,33458.7,71,4.183333333333334
9280.0,,0.344,-17.61,22.46,33459.28,Metal Loss,External,17.0,0.058,,,0.47,1.1,7:34,,,1.0,136.07,,MFL-A/XT,,1160.0,65000.0,,1342.0,1474.23,2046.93,,,,,,,2015,Metal Loss_33459.3,True,33459.28,33459.28,71,7.566666666666666
9280.0,,0.344,-18.41,21.66,33460.07,Metal Loss,External,17.0,0.058,,,1.3,1.61,7:42,,,1.0,136.05,,MFL-A/XT,,1160.0,65000.0,,1342.0,1462.4,2030.51,,,,,,,2015,Metal Loss_33460.1,True,33460.07,33460.07,71,7.7
9280.0,,0.344,-19.08,20.99,33460.75,Metal Loss,External,10.0,0.034,,,0.63,1.34,4:02,,,1.0,136.02,,MFL-A/XT,,1160.0,65000.0,,1342.0,,,,,,,,,2015,Metal Loss_33460.8,True,33460.75,33460.75,71,4.033333333333333
9280.0,,0.344,-27.86,12.21,33469.53,Metal Loss,External,14.0,0.048,,,0.63,1.02,4:32,,,1.0,135.88,,MFL-A/XT,,1160.0,65000.0,,1342.0,1473.42,2045.8,,,,,,,2015,Metal Loss_33469.5,True,33469.53,33469.53,71,4.533333333333333
9280.0,,0.344,-28.01,12.06,33469.68,Metal Loss,External,14.0,0.048,,,0.59,1.69,4:24,,,1.0,135.88,,MFL-A/XT,,1160.0,65000.0,,1342.0,1473.62,2046.09,,,,,,,2015,Metal Loss_33469.7,True,33469.68,33469.68,71,4.4
9280.0,,0.344,-28.2,11.87,33469.86,Metal Loss,External,16.0,0.055,,,0.79,0.63,4:59,,,1.0,135.88,,MFL-A/XT,,1160.0,65000.0,,1342.0,1471.09,2042.58,,,,,,,2015,Metal Loss_33469.9,True,33469.86,33469.86,71,4.983333333333333
9280.0,,0.344,-28.76,11.3,33470.43,Metal Loss,External,12.0,0.041,,,1.18,1.42,4:23,,,1.0,135.89,,MFL-A/XT,,1160.0,65000.0,,1342.0,,,,,,,,,2015,Metal Loss_33470.4,True,33470.43,33470.43,71,4.383333333333334
9280.0,,0.344,-28.95,11.12,33470.61,Metal Loss,External,10.0,0.034,,,0.47,0.75,4:25,,,1.0,135.89,,MFL-A/XT,,1160.0,65000.0,,1342.0,,,,,,,,,2015,Metal Loss_33470.6,True,33470.61,33470.61,71,4.416666666666667
9280.0,,0.344,-30.63,9.44,33472.3,Metal Loss,External,10.0,0.034,,,0.98,2.21,3:55,,,1.0,135.94,,MFL-A/XT,,1160.0,65000.0,,1342.0,,,,,,,,,2015,Metal Loss_33472.3,True,33472.3,33472.3,71,3.9166666666666665
9280.0,,0.344,-30.74,9.33,33472.4,Metal Loss,External,12.0,0.041,,,0.87,1.14,4:20,,,1.0,135.95,,MFL-A/XT,,1160.0,65000.0,,1342.0,,,,,,,,,2015,Metal Loss_33472.4,True,33472.4,33472.4,71,4.333333333333333
9280.0,,0.344,-31.8,8.26,33473.47,Metal Loss,External,23.0,0.079,,,1.26,2.17,3:48,,,1.0,135.99,,MFL-A/XT,,1160.0,65000.0,,1342.0,1457.97,2024.35,1527.98,2121.56,1529.52,2123.7,0.76,1.83,2015,Metal Loss_33473.5,True,33473.47,33473.47,71,3.8
9280.0,,0.344,-32.27,7.79,33473.94,Metal Loss,External,18.0,0.062,,,0.63,1.97,4:04,,,1.0,136.02,,MFL-A/XT,,1160.0,65000.0,,1342.0,1472.38,2044.36,,,,,,,2015,Metal Loss_33473.9,True,33473.94,33473.94,71,4.066666666666666
9280.0,,0.344,-32.41,7.66,33474.08,Metal Loss,External,18.0,0.062,,,0.55,1.38,3:56,,,1.0,136.02,,MFL-A/XT,,1160.0,65000.0,,1342.0,1473.42,2045.81,,,,,,,2015,Metal Loss_33474.1,True,33474.08,33474.08,71,3.9333333333333336
9280.0,,0.344,-32.73,7.33,33474.4,Metal Loss,External,14.0,0.048,,,1.73,1.65,4:20,,,1.0,136.04,,MFL-A/XT,,1160.0,65000.0,,1342.0,1458.08,2024.51,,,,,,,2015,Metal Loss_33474.4,True,33474.4,33474.4,71,4.333333333333333
9280.0,,0.344,-32.73,7.33,33474.4,Metal Loss,External,13.0,0.045,,,0.79,1.1,3:50,,,1.0,136.04,,MFL-A/XT,,1160.0,65000.0,,1342.0,1472.14,2044.03,,,,,,,2015,Metal Loss_33474.4,True,33474.4,33474.4,71,3.8333333333333335
9280.0,,0.344,-32.79,7.27,33474.46,Metal Loss,External,12.0,0.041,,,1.85,0.75,7:13,,,1.0,136.04,,MFL-A/XT,,1160.0,65000.0,,1342.0,,,,,,,,,2015,Metal Loss_33474.5,True,33474.46,33474.46,71,7.216666666666667
9280.0,,0.344,-32.82,7.25,33474.48,Metal Loss,External,31.0,0.107,,,1.77,1.77,7:56,,,1.0,136.04,,MFL-A/XT,,1160.0,65000.0,,1342.0,1430.2,1985.8,1494.75,2075.43,1500.72,2083.72,0.78,1.79,2015,Metal Loss_33474.5,True,33474.48,33474.48,71,7.933333333333334
9280.0,,0.344,-32.82,7.25,33474.49,Metal Loss,External,14.0,0.048,,,1.34,0.94,7:27,,,1.0,136.04,,MFL-A/XT,,1160.0,65000.0,,1342.0,1464.7,2033.7,,,,,,,2015,Metal Loss_33474.5,True,33474.49,33474.49,71,7.45
9280.0,,0.344,-32.89,7.18,33474.55,Metal Loss,External,10.0,0.034,,,2.17,1.3,5:04,,,1.0,136.04,,MFL-A/XT,,1160.0,65000.0,,1342.0,,,,,,,,,2015,Metal Loss_33474.6,True,33474.55,33474.55,71,5.066666666666666
9280.0,,0.344,-32.95,7.12,33474.61,Metal Loss,External,22.0,0.076,,,0.79,1.34,4:26,,,1.0,136.05,,MFL-A/XT,,1160.0,65000.0,,1342.0,1468.86,2039.48,1540.36,2138.76,1540.92,2139.53,0.75,1.84,2015,Metal Loss_33474.6,True,33474.61,33474.61,71,4.433333333333334
9280.0,,0.344,-33.18,6.89,33474.85,Metal Loss,External,23.0,0.079,,,0.67,1.14,4:05,,,1.0,136.06,,MFL-A/XT,,1160.0,65000.0,,1342.0,1470.75,2042.1,1542.46,2141.67,1542.92,2142.31,0.75,1.85,2015,Metal Loss_33474.8,True,33474.85,33474.85,71,4.083333333333333
9280.0,,0.344,-33.27,6.8,33474.94,Metal Loss,External,10.0,0.034,,,0.35,0.59,4:55,,,1.0,136.06,,MFL-A/XT,,1160.0,65000.0,,1342.0,,,,,,,,,2015,Metal Loss_33474.9,True,33474.94,33474.94,71,4.916666666666667
9280.0,,0.344,-33.3,6.77,33474.96,Metal Loss,External,15.0,0.052,,,0.75,1.61,7:59,,,1.0,136.07,,MFL-A/XT,,1160.0,65000.0,,1342.0,1471.98,2043.81,,,,,,,2015,Metal Loss_33475.0,True,33474.96,33474.96,71,7.983333333333333
9280.0,,0.344,-33.52,6.55,33475.18,Metal Loss,External,12.0,0.041,,,0.43,0.79,7:58,,,1.0,136.08,,MFL-A/XT,,1160.0,65000.0,,1342.0,,,,,,,,,2015,Metal Loss_33475.2,True,33475.18,33475.18,71,7.966666666666667
9280.0,,0.344,-33.74,6.32,33475.41,Metal Loss,External,19.0,0.065,,,0.71,1.61,5:09,,,1.0,136.09,,MFL-A/XT,,1160.0,65000.0,,1342.0,1471.2,2042.72,,,,,,,2015,Metal Loss_33475.4,True,33475.41,33475.41,71,5.15
9280.0,,0.344,-33.77,6.3,33475.43,Metal Loss,External,10.0,0.034,,,0.67,1.02,5:44,,,1.0,136.09,,MFL-A/XT,,1160.0,65000.0,,1342.0,,,,,,,,,2015,Metal Loss_33475.4,True,33475.43,33475.43,71,5.733333333333333
9280.0,,0.344,-33.94,6.13,33475.6,Metal Loss,External,28.0,0.096,,,0.79,1.18,7:57,,,1.0,136.1,,MFL-A/XT,,1160.0,65000.0,,1342.0,1466.42,2036.08,1537.47,2134.73,1538.59,2136.3,0.75,1.84,2015,Metal Loss_33475.6,True,33475.6,33475.6,71,7.95
9280.0,,0.344,-34.35,5.71,33476.02,Metal Loss,External,12.0,0.041,,,0.59,1.1,3:48,,,1.0,136.12,,MFL-A/XT,,1160.0,65000.0,,1342.0,,,,,,,,,2015,Metal Loss_33476.0,True,33476.02,33476.02,71,3.8
9280.0,,0.344,-34.41,5.66,33476.08,Metal Loss,External,21.0,0.072,,,0.71,1.18,7:54,,,1.0,136.12,,MFL-A/XT,,1160.0,65000.0,,1342.0,1470.59,2041.88,1542.31,2141.46,1542.69,2141.99,0.75,1.85,2015,Metal Loss_33476.1,True,33476.08,33476.08,71,7.9
9280.0,,0.344,-34.59,5.48,33476.26,Cluster,External,23.0,0.079,,,2.75,1.78,5:06,,,1.0,136.13,,,,1160.0,65000.0,,1342.0,1414.46,1963.94,1475.71,2048.98,1489.62,2068.3,0.79,1.77,2015,Cluster_33476.3,True,33476.26,33476.26,71,5.1
9280.0,,0.344,-34.66,5.41,33476.32,Metal Loss,External,48.0,0.165,,,0.75,1.46,4:11,,,1.0,136.14,,MFL-A/XT,,1160.0,65000.0,,1342.0,1457.96,2024.34,1526.39,2119.36,1530.0,2124.37,0.76,1.83,2015,Metal Loss_33476.3,True,33476.32,33476.32,71,4.183333333333334
9280.0,,0.344,-34.9,5.17,33476.57,Metal Loss,External,17.0,0.058,,,0.51,1.22,4:20,,,1.0,136.15,,MFL-A/XT,,1160.0,65000.0,,1342.0,1473.82,2046.36,,,,,,,2015,Metal Loss_33476.6,True,33476.57,33476.57,71,4.333333333333333
9280.0,,0.344,-35.08,4.99,33476.75,Cluster,External,26.0,0.089,,,1.54,4.44,7:28,,,1.0,136.16,,,,1160.0,65000.0,,1342.0,1446.55,2008.5,1514.57,2102.94,1523.02,2114.67,0.77,1.81,2015,Cluster_33476.8,True,33476.75,33476.75,71,7.466666666666667
9280.0,,0.344,-35.24,4.83,33476.9,Metal Loss,External,15.0,0.052,,,0.59,1.14,3:45,,,1.0,136.17,,MFL-A/XT,,1160.0,65000.0,,1342.0,1473.52,2045.95,,,,,,,2015,Metal Loss_33476.9,True,33476.9,33476.9,71,3.75
9280.0,,0.344,-35.49,4.58,33477.16,Metal Loss,External,12.0,0.041,,,0.51,1.06,8:03,,,1.0,136.18,,MFL-A/XT,,1160.0,65000.0,,1342.0,,,,,,,,,2015,Metal Loss_33477.2,True,33477.16,33477.16,71,8.05
9280.0,,0.344,-35.7,4.37,33477.36,Metal Loss,External,11.0,0.038,,,0.87,0.63,4:13,,,1.0,136.19,,MFL-A/XT,,1160.0,65000.0,,1342.0,,,,,,,,,2015,Metal Loss_33477.4,True,33477.36,33477.36,71,4.216666666666667
9280.0,,0.344,-35.71,4.36,33477.37,Metal Loss,External,12.0,0.041,,,1.97,3.03,4:18,,,1.0,136.19,,MFL-A/XT,,1160.0,65000.0,,1342.0,,,,,,,,,2015,Metal Loss_33477.4,True,33477.37,33477.37,71,4.3
9280.0,,0.344,-35.83,4.24,33477.5,Metal Loss,External,14.0,0.048,,,0.83,1.26,7:10,,,1.0,136.2,,MFL-A/XT,,1160.0,65000.0,,1342.0,1471.41,2043.01,,,,,,,2015,Metal Loss_33477.5,True,33477.5,33477.5,71,7.166666666666667
9280.0,,0.344,-35.83,4.24,33477.5,Metal Loss,External,11.0,0.038,,,0.55,1.14,7:52,,,1.0,136.2,,MFL-A/XT,,1160.0,65000.0,,1342.0,,,,,,,,,2015,Metal Loss_33477.5,True,33477.5,33477.5,71,7.866666666666667
9280.0,,0.344,-35.89,4.18,33477.56,Metal Loss,External,12.0,0.041,,,0.43,0.98,4:19,,,1.0,136.2,,MFL-A/XT,,1160.0,65000.0,,1342.0,,,,,,,,,2015,Metal Loss_33477.6,True,33477.56,33477.56,71,4.316666666666666
9280.0,,0.344,-36.0,4.07,33477.66,Metal Loss,External,14.0,0.048,,,0.43,0.98,7:49,,,1.0,136.2,,MFL-A/XT,,1160.0,65000.0,,1342.0,1474.85,2047.79,,,,,,,2015,Metal Loss_33477.7,True,33477.66,33477.66,71,7.816666666666666
9280.0,,0.344,-36.08,3.98,33477.75,Metal Loss,External,18.0,0.062,,,0.43,0.87,3:58,,,1.0,136.21,,MFL-A/XT,,1160.0,65000.0,,1342.0,1474.41,2047.18,,,,,,,2015,Metal Loss_33477.8,True,33477.75,33477.75,71,3.966666666666667
9280.0,,0.344,-36.36,3.71,33478.02,Metal Loss,External,11.0,0.038,,,0.63,1.42,4:20,,,1.0,136.22,,MFL-A/XT,,1160.0,65000.0,,1342.0,,,,,,,,,2015,Metal Loss_33478.0,True,33478.02,33478.02,71,4.333333333333333
9280.0,,0.344,-36.7,3.36,33478.37,Metal Loss,External,12.0,0.041,,,0.47,1.02,7:57,,,1.0,136.24,,MFL-A/XT,,1160.0,65000.0,,1342.0,,,,,,,,,2015,Metal Loss_33478.4,True,33478.37,33478.37,71,7.95
9280.0,,0.344,-38.19,1.88,33479.85,Metal Loss,External,11.0,0.038,,,0.35,0.59,4:25,,,1.0,136.32,,MFL-A/XT,,1160.0,65000.0,,1342.0,,,,,,,,,2015,Metal Loss_33479.8,True,33479.85,33479.85,71,4.416666666666667
9290.0,,0.344,-0.64,39.38,33482.37,Metal Loss,External,12.0,0.041,,,2.09,1.73,11:58,,,0.7,136.45,,MFL-A/XT,,1160.0,65000.0,,1342.0,,,,,,,,,2015,Metal Loss_33482.4,True,33482.37,33482.37,71,11.966666666666667
9290.0,,0.344,-0.65,39.37,33482.38,Metal Loss,External,14.0,0.048,,,1.69,1.38,11:30,,,0.7,136.46,,MFL-A/XT,,1160.0,65000.0,,1342.0,1458.9,2025.64,,,,,,,2015,Metal Loss_33482.4,True,33482.38,33482.38,71,11.5
9290.0,,0.344,-0.69,39.33,33482.42,Metal Loss,External,13.0,0.045,,,0.83,4.37,8:16,,,0.7,136.46,,MFL-A/XT,,1160.0,65000.0,,1342.0,1471.78,2043.53,,,,,,,2015,Metal Loss_33482.4,True,33482.42,33482.42,71,8.266666666666667
9300.0,,0.344,-5.94,34.15,33527.69,Metal Loss,External,19.0,0.065,,,0.59,1.1,12:40,,,1.0,139.49,,MFL-A/XT,,1160.0,65000.0,,1342.0,1472.71,2044.82,,,,,,,2015,Metal Loss_33527.7,True,33527.69,33527.69,72,12.666666666666666
9300.0,,0.344,-6.23,33.85,33527.99,Metal Loss,External,17.0,0.058,,,0.67,1.18,12:37,,,1.0,139.51,,MFL-A/XT,,1160.0,65000.0,,1342.0,1472.21,2044.13,,,,,,,2015,Metal Loss_33528.0,True,33527.99,33527.99,72,12.616666666666667
9300.0,,0.344,-7.0,33.08,33528.75,Metal Loss,External,12.0,0.041,,,1.58,1.06,11:31,,,1.0,139.57,,MFL-A/XT,,1160.0,65000.0,,1342.0,,,,,,,,,2015,Metal Loss_33528.8,True,33528.75,33528.75,72,11.516666666666667
9300.0,,0.344,-7.08,33.01,33528.83,Metal Loss,External,14.0,0.048,,,0.87,1.22,12:01,,,1.0,139.58,,MFL-A/XT,,1160.0,65000.0,,1342.0,1471.0,2042.45,,,,,,,2015,Metal Loss_33528.8,True,33528.83,33528.83,72,12.016666666666667
9300.0,,0.344,-7.43,32.66,33529.18,Metal Loss,External,10.0,0.034,,,0.71,1.69,11:45,,,1.0,139.61,,MFL-A/XT,,1160.0,65000.0,,1342.0,,,,,,,,,2015,Metal Loss_33529.2,True,33529.18,33529.18,72,11.75
9300.0,,0.344,-7.75,32.34,33529.5,Metal Loss,External,11.0,0.038,,,2.05,1.22,12:32,,,1.0,139.63,,MFL-A/XT,,1160.0,65000.0,,1342.0,,,,,,,,,2015,Metal Loss_33529.5,True,33529.5,33529.5,72,12.533333333333333
9300.0,,0.344,-7.76,32.33,33529.51,Metal Loss,External,14.0,0.048,,,1.02,1.93,1:03,,,1.0,139.63,,MFL-A/XT,,1160.0,65000.0,,1342.0,1469.11,2039.82,,,,,,,2015,Metal Loss_33529.5,True,33529.51,33529.51,72,1.05
9300.0,,0.344,-8.21,31.88,33529.96,Metal Loss,External,15.0,0.052,,,0.43,0.71,11:30,,,1.0,139.67,,MFL-A/XT,,1160.0,65000.0,,1342.0,1474.74,2047.64,,,,,,,2015,Metal Loss_33530.0,True,33529.96,33529.96,72,11.5
9300.0,,0.344,-8.64,31.44,33530.39,Cluster,External,35.0,0.12,,,2.69,3.56,12:25,,,1.0,139.7,,,,1160.0,65000.0,,1342.0,1378.92,1914.6,1430.53,1986.26,1477.06,2050.86,0.81,1.71,2015,Cluster_33530.4,True,33530.39,33530.39,72,12.416666666666666
9300.0,,0.344,-8.72,31.37,33530.47,Metal Loss,External,10.0,0.034,,,0.35,0.59,11:18,,,1.0,139.71,,MFL-A/XT,,1160.0,65000.0,,1342.0,,,,,,,,,2015,Metal Loss_33530.5,True,33530.47,33530.47,72,11.3
9300.0,,0.344,-8.81,31.27,33530.56,Cluster,External,23.0,0.079,,,1.96,1.3,11:21,,,1.0,139.72,,,,1160.0,65000.0,,1342.0,1437.83,1996.39,1504.34,2088.74,1515.19,2103.8,0.77,1.8,2015,Cluster_33530.6,True,33530.56,33530.56,72,11.35
9300.0,,0.344,-9.24,30.85,33530.99,Metal Loss,External,12.0,0.041,,,0.79,1.73,12:00,,,1.0,139.75,,MFL-A/XT,,1160.0,65000.0,,1342.0,,,,,,,,,2015,Metal Loss_33531.0,True,33530.99,33530.99,72,12.0
9300.0,,0.344,-9.27,30.81,33531.02,Cluster,External,19.0,0.065,,,1.61,1.03,12:43,,,1.0,139.75,,,,1160.0,65000.0,,1342.0,1453.75,2018.5,,,,,,,2015,Cluster_33531.0,True,33531.02,33531.02,72,12.716666666666667
9300.0,,0.344,-9.29,30.79,33531.04,Metal Loss,External,14.0,0.048,,,0.83,1.02,11:29,,,1.0,139.76,,MFL-A/XT,,1160.0,65000.0,,1342.0,1471.41,2043.01,,,,,,,2015,Metal Loss_33531.0,True,33531.04,33531.04,72,11.483333333333333
9300.0,,0.344,-9.44,30.65,33531.19,Metal Loss,External,22.0,0.076,,,0.55,1.1,11:34,,,1.0,139.77,,MFL-A/XT,,1160.0,65000.0,,1342.0,1472.54,2044.59,1544.47,2144.46,1544.75,2144.85,0.75,1.85,2015,Metal Loss_33531.2,True,33531.19,33531.19,72,11.566666666666666
9310.0,,0.344,-0.72,39.37,33562.56,Cluster,External,35.0,0.12,,,3.82,9.49,5:10,,,0.7,141.45,,,,1160.0,65000.0,,1342.0,1331.79,1849.16,1369.02,1900.86,1417.99,1968.85,0.85,1.64,2015,Cluster_33562.6,True,33562.56,33562.56,73,5.166666666666667
9310.0,,0.344,-0.78,39.31,33562.61,Metal Loss,External,17.0,0.058,,,1.14,8.74,7:14,,,0.7,141.45,,MFL-A/XT,,1160.0,65000.0,,1342.0,1465.41,2034.69,,,,,,,2015,Metal Loss_33562.6,True,33562.61,33562.61,73,7.233333333333333
9310.0,,0.344,-0.96,39.13,33562.8,Metal Loss,External,12.0,0.041,,,0.71,1.34,4:32,,,0.7,141.46,,MFL-A/XT,,1160.0,65000.0,,1342.0,,,,,,,,,2015,Metal Loss_33562.8,True,33562.8,33562.8,73,4.533333333333333
9360.0,,0.344,-2.6,37.47,33764.38,Metal Loss,External,16.0,0.055,,,1.06,1.61,7:27,,,1.0,132.65,,MFL-A/XT,,1160.0,65000.0,,1342.0,1467.25,2037.24,,,,,,,2015,Metal Loss_33764.4,True,33764.38,33764.38,74,7.45
9360.0,,0.344,-2.88,37.19,33764.65,Metal Loss,External,30.0,0.103,,,0.75,1.46,7:23,,,1.0,132.62,,MFL-A/XT,,1160.0,65000.0,,1342.0,1466.45,2036.13,1537.45,2134.71,1538.67,2136.4,0.75,1.84,2015,Metal Loss_33764.7,True,33764.65,33764.65,74,7.383333333333334
9360.0,,0.344,-3.12,36.95,33764.89,Metal Loss,External,15.0,0.052,,,1.46,2.09,7:10,,,1.0,132.59,,MFL-A/XT,,1160.0,65000.0,,1342.0,1461.78,2029.65,,,,,,,2015,Metal Loss_33764.9,True,33764.89,33764.89,74,7.166666666666667
9360.0,,0.344,-3.42,36.64,33765.2,Metal Loss,External,12.0,0.041,,,0.91,2.01,6:56,,,1.0,132.55,,MFL-A/XT,,1160.0,65000.0,,1342.0,,,,,,,,,2015,Metal Loss_33765.2,True,33765.2,33765.2,74,6.933333333333334
9360.0,,0.344,-4.56,35.51,33766.34,Metal Loss,External,18.0,0.062,,,0.67,1.22,7:14,,,1.0,132.4,,MFL-A/XT,,1160.0,65000.0,,1342.0,1472.09,2043.96,,,,,,,2015,Metal Loss_33766.3,True,33766.34,33766.34,74,7.233333333333333
9360.0,,0.344,-4.84,35.22,33766.62,Metal Loss,External,15.0,0.052,,,0.98,1.81,7:12,,,1.0,132.36,,MFL-A/XT,,1160.0,65000.0,,1342.0,1469.04,2039.73,,,,,,,2015,Metal Loss_33766.6,True,33766.62,33766.62,74,7.2
9360.0,,0.344,-5.11,34.96,33766.89,Metal Loss,External,10.0,0.034,,,1.22,1.73,7:20,,,1.0,132.33,,MFL-A/XT,,1160.0,65000.0,,1342.0,,,,,,,,,2015,Metal Loss_33766.9,True,33766.89,33766.89,74,7.333333333333333
9360.0,,0.344,-26.87,13.2,33788.65,Metal Loss,External,11.0,0.038,,,0.79,1.42,7:51,,,1.0,130.81,,MFL-A/XT,,1160.0,65000.0,,1342.0,,,,,,,,,2015,Metal Loss_33788.7,True,33788.65,33788.65,75,7.85
9360.0,,0.344,-27.7,12.37,33789.47,Metal Loss,External,11.0,0.038,,,0.55,0.59,7:47,,,1.0,130.82,,MFL-A/XT,,1160.0,65000.0,,1342.0,,,,,,,,,2015,Metal Loss_33789.5,True,33789.47,33789.47,75,7.783333333333333
9360.0,,0.344,-27.77,12.3,33789.54,Metal Loss,External,11.0,0.038,,,0.47,0.79,7:49,,,1.0,130.82,,MFL-A/XT,,1160.0,65000.0,,1342.0,,,,,,,,,2015,Metal Loss_33789.5,True,33789.54,33789.54,75,7.816666666666666
9360.0,,0.344,-27.93,12.14,33789.71,Metal Loss,External,17.0,0.058,,,0.98,1.73,7:52,,,1.0,130.82,,MFL-A/XT,,1160.0,65000.0,,1342.0,1467.97,2038.24,,,,,,,2015,Metal Loss_33789.7,True,33789.71,33789.71,75,7.866666666666667
9360.0,,0.344,-39.19,0.87,33800.97,Metal Loss,External,25.0,0.086,,,0.51,2.6,8:07,Repaired?,,1.0,131.36,,MFL-A/XT,,1160.0,65000.0,,1342.0,1472.64,2044.72,1544.55,2144.57,1544.9,2145.05,0.75,1.85,2015,Metal Loss_33801.0,True,33800.97,33800.97,76,8.116666666666667
9360.0,,0.344,-39.2,0.86,33800.98,Metal Loss,External,10.0,0.034,,,0.63,1.42,2:11,Repaired?,,1.0,131.36,,MFL-A/XT,,1160.0,65000.0,,1342.0,,,,,,,,,2015,Metal Loss_33801.0,True,33800.98,33800.98,76,2.183333333333333
9370.0,,0.344,-1.89,22.91,33803.74,Metal Loss,External,23.0,0.079,,,0.67,1.81,10:51,Recoat,,0.7,131.54,,MFL-A/XT,,1160.0,65000.0,,1342.0,1470.56,2041.83,1542.25,2141.37,1542.72,2142.03,0.75,1.85,2015,Metal Loss_33803.7,True,33803.74,33803.74,76,10.85
9370.0,,0.344,-1.94,22.86,33803.79,Metal Loss,External,11.0,0.038,,,0.47,1.14,1:10,Recoat,,0.7,131.54,,MFL-A/XT,,1160.0,65000.0,,1342.0,,,,,,,,,2015,Metal Loss_33803.8,True,33803.79,33803.79,76,1.1666666666666667
9370.0,,0.344,-1.98,22.83,33803.82,Metal Loss,External,15.0,0.052,,,0.63,1.06,12:23,Recoat,,0.7,131.54,,MFL-A/XT,,1160.0,65000.0,,1342.0,1473.2,2045.5,,,,,,,2015,Metal Loss_33803.8,True,33803.82,33803.82,76,12.383333333333333
9370.0,,0.344,-1.99,22.81,33803.84,Metal Loss,External,15.0,0.052,,,0.67,1.3,4:18,Recoat,,0.7,131.54,,MFL-A/XT,,1160.0,65000.0,,1342.0,1472.73,2044.85,,,,,,,2015,Metal Loss_33803.8,True,33803.84,33803.84,76,4.3
9370.0,,0.344,-1.99,22.81,33803.84,Metal Loss,External,11.0,0.038,,,2.17,1.22,3:54,Recoat,,0.7,131.54,,MFL-A/XT,,1160.0,65000.0,,1342.0,,,,,,,,,2015,Metal Loss_33803.8,True,33803.84,33803.84,76,3.9
9390.0,,0.344,-0.8,39.31,33867.52,Metal Loss,External,34.0,0.117,,,0.59,5.83,12:27,,,0.7,132.06,,MFL-A/XT,,1160.0,65000.0,,1342.0,1468.88,2039.51,1540.12,2138.42,1541.17,2139.87,0.75,1.84,2015,Metal Loss_33867.5,True,33867.52,33867.52,-1,12.45
9390.0,,0.344,-36.37,3.74,33903.09,Metal Loss,External,10.0,0.034,,,0.67,0.94,11:57,,,0.7,131.45,,MFL-A/XT,,1160.0,65000.0,,1342.0,,,,,,,,,2015,Metal Loss_33903.1,True,33903.09,33903.09,77,11.95
9390.0,,0.344,-36.58,3.53,33903.3,Metal Loss,External,13.0,0.045,,,0.39,1.1,11:59,,,0.7,131.45,,MFL-A/XT,,1160.0,65000.0,,1342.0,1475.21,2048.29,,,,,,,2015,Metal Loss_33903.3,True,33903.3,33903.3,77,11.983333333333333
9390.0,,0.344,-36.64,3.47,33903.37,Metal Loss,External,14.0,0.048,,,0.47,1.38,11:49,,,0.7,131.45,,MFL-A/XT,,1160.0,65000.0,,1342.0,1474.61,2047.47,,,,,,,2015,Metal Loss_33903.4,True,33903.37,33903.37,77,11.816666666666666
9390.0,,0.344,-36.88,3.23,33903.6,Metal Loss,External,39.0,0.134,,,0.55,1.1,11:55,,,0.7,131.45,,MFL-A/XT,,1160.0,65000.0,,1342.0,1468.75,2039.32,1539.83,2138.01,1541.04,2139.69,0.75,1.84,2015,Metal Loss_33903.6,True,33903.6,33903.6,77,11.916666666666666
9390.0,,0.344,-37.18,2.93,33903.9,Metal Loss,External,10.0,0.034,,,0.47,1.02,11:59,,,0.7,131.44,,MFL-A/XT,,1160.0,65000.0,,1342.0,,,,,,,,,2015,Metal Loss_33903.9,True,33903.9,33903.9,77,11.983333333333333
9390.0,,0.344,-37.36,2.75,33904.08,Metal Loss,External,10.0,0.034,,,2.09,1.02,12:50,,,0.7,131.44,,MFL-A/XT,,1160.0,65000.0,,1342.0,,,,,,,,,2015,Metal Loss_33904.1,True,33904.08,33904.08,77,12.833333333333334
9400.0,,0.344,-39.22,0.88,33946.06,Metal Loss,External,19.0,0.065,,,0.51,1.5,10:56,,,0.7,129.92,,MFL-A/XT,,1160.0,65000.0,,1342.0,1473.5,2045.91,,,,,,,2015,Metal Loss_33946.1,True,33946.06,33946.06,78,10.933333333333334
9400.0,,0.344,-39.25,0.85,33946.08,Metal Loss,External,36.0,0.124,,,0.47,1.89,1:04,,,0.7,129.92,,MFL-A/XT,,1160.0,65000.0,,1342.0,1471.35,2042.93,1542.92,2142.31,1543.66,2143.33,0.75,1.85,2015,Metal Loss_33946.1,True,33946.08,33946.08,78,1.0666666666666667
9420.0,,0.344,-11.95,28.19,33999.0,Metal Loss,External,14.0,0.048,,,1.89,0.67,3:56,,,0.7,127.48,,MFL-A/XT,,1160.0,65000.0,,1342.0,1455.4,2020.79,,,,,,,2015,Metal Loss_33999.0,True,33999.0,33999.0,79,3.9333333333333336
9420.0,,0.344,-12.02,28.12,33999.07,Metal Loss,External,17.0,0.058,,,1.69,1.69,4:15,,,0.7,127.48,,MFL-A/XT,,1160.0,65000.0,,1342.0,1454.77,2019.92,,,,,,,2015,Metal Loss_33999.1,True,33999.07,33999.07,79,4.25
9420.0,,0.344,-12.27,27.87,33999.32,Cluster,External,22.0,0.076,,,1.96,1.49,4:13,,,0.7,127.48,,,,1160.0,65000.0,,1342.0,1439.74,1999.04,1506.64,2091.93,1513.42,2101.35,0.77,1.8,2015,Cluster_33999.3,True,33999.32,33999.32,79,4.216666666666667
9420.0,,0.344,-12.55,27.59,33999.59,Metal Loss,External,17.0,0.058,,,1.06,2.17,4:04,,,0.7,127.47,,MFL-A/XT,,1160.0,65000.0,,1342.0,1466.63,2036.37,,,,,,,2015,Metal Loss_33999.6,True,33999.59,33999.59,79,4.066666666666666
9420.0,,0.344,-12.69,27.46,33999.73,Metal Loss,External,11.0,0.038,,,0.79,1.85,7:15,,,0.7,127.47,,MFL-A/XT,,1160.0,65000.0,,1342.0,,,,,,,,,2015,Metal Loss_33999.7,True,33999.73,33999.73,79,7.25
9420.0,,0.344,-12.81,27.33,33999.86,Metal Loss,External,56.0,0.193,,,1.14,1.53,4:05,,,0.7,127.47,,MFL-A/XT,,1160.0,65000.0,,1342.0,1427.24,1981.69,1486.44,2063.89,1497.74,2079.57,0.78,1.78,2015,Metal Loss_33999.9,True,33999.86,33999.86,79,4.083333333333333
9420.0,,0.344,-13.13,27.01,34000.18,Metal Loss,External,23.0,0.079,,,0.63,1.18,4:20,,,0.7,127.47,,MFL-A/XT,,1160.0,65000.0,,1342.0,1471.31,2042.88,1543.09,2142.54,1543.5,2143.11,0.75,1.85,2015,Metal Loss_34000.2,True,34000.18,34000.18,79,4.333333333333333
9420.0,,0.344,-13.35,26.79,34000.4,Metal Loss,External,19.0,0.065,,,1.26,1.73,4:06,,,0.7,127.47,,MFL-A/XT,,1160.0,65000.0,,1342.0,1461.56,2029.34,,,,,,,2015,Metal Loss_34000.4,True,34000.4,34000.4,79,4.1
9420.0,,0.344,-13.54,26.61,34000.58,Metal Loss,External,11.0,0.038,,,0.59,1.18,4:18,,,0.7,127.47,,MFL-A/XT,,1160.0,65000.0,,1342.0,,,,,,,,,2015,Metal Loss_34000.6,True,34000.58,34000.58,79,4.3
9420.0,,0.344,-39.17,0.97,34026.21,Metal Loss,External,13.0,0.045,,,1.61,4.65,8:26,,,0.7,127.03,,MFL-A/XT,,1160.0,65000.0,,1342.0,1461.35,2029.04,,,,,,,2015,Metal Loss_34026.2,True,34026.21,34026.21,80,8.433333333333334
9420.0,,0.344,-39.18,0.97,34026.22,Metal Loss,External,33.0,0.114,,,1.81,1.53,9:37,,,0.7,127.03,,MFL-A/XT,,1160.0,65000.0,,1342.0,1424.37,1977.71,1487.5,2065.35,1494.66,2075.3,0.78,1.78,2015,Metal Loss_34026.2,True,34026.22,34026.22,80,9.616666666666667
9420.0,,0.344,-39.18,0.96,34026.22,Metal Loss,External,34.0,0.117,,,1.53,0.59,8:10,,,0.7,127.03,,MFL-A/XT,,1160.0,65000.0,,1342.0,1435.05,1992.54,1500.31,2083.14,1506.17,2091.28,0.77,1.8,2015,Metal Loss_34026.2,True,34026.22,34026.22,80,8.166666666666666
9420.0,,0.344,-39.19,0.95,34026.24,Metal Loss,External,12.0,0.041,,,1.14,2.91,7:26,,,0.7,127.03,,MFL-A/XT,,1160.0,65000.0,,1342.0,,,,,,,,,2015,Metal Loss_34026.2,True,34026.24,34026.24,80,7.433333333333334
9420.0,,0.344,-39.24,0.9,34026.28,Metal Loss,External,37.0,0.127,,,0.87,3.23,10:18,,,0.7,127.03,,MFL-A/XT,,1160.0,65000.0,,1342.0,1459.8,2026.89,1529.43,2123.57,1531.96,2127.09,0.76,1.83,2015,Metal Loss_34026.3,True,34026.28,34026.28,80,10.3
9430.0,,0.344,-31.81,8.3,34059.0,Metal Loss,External,31.0,0.107,,,0.71,1.22,06:00,,,0.7,126.2,,MFL-A/XT,,1160.0,65000.0,,1342.0,1467.24,2037.23,1538.32,2135.93,1539.49,2137.54,0.75,1.84,2015,Metal Loss_34059.0,True,34059.0,34059.0,81,6.0
9430.0,,0.344,-36.43,3.68,34063.61,Metal Loss,External,43.0,0.148,,,0.51,1.1,6:24,,,0.7,126.09,,MFL-A/XT,,1160.0,65000.0,,1342.0,1468.73,2039.29,1539.68,2137.8,1541.01,2139.65,0.75,1.84,2015,Metal Loss_34063.6,True,34063.61,34063.61,81,6.4
9430.0,,0.344,-36.58,3.54,34063.76,Metal Loss,External,21.0,0.072,,,0.59,1.06,6:19,,,0.7,126.09,,MFL-A/XT,,1160.0,65000.0,,1342.0,1472.28,2044.23,1544.19,2144.07,1544.46,2144.44,0.75,1.85,2015,Metal Loss_34063.8,True,34063.76,34063.76,81,6.316666666666666
9430.0,,0.344,-36.74,3.37,34063.93,Metal Loss,External,15.0,0.052,,,0.59,1.02,6:19,,,0.7,126.08,,MFL-A/XT,,1160.0,65000.0,,1342.0,1473.52,2045.95,,,,,,,2015,Metal Loss_34063.9,True,34063.93,34063.93,81,6.316666666666666
9440.0,,0.344,-7.95,32.18,34075.25,Metal Loss,External,22.0,0.076,,,1.34,1.53,6:47,Recoat,,1.0,125.87,,MFL-A/XT,,1160.0,65000.0,,1342.0,1456.8,2022.73,1526.66,2119.73,1528.15,2121.8,0.76,1.83,2015,Metal Loss_34075.2,True,34075.25,34075.25,82,6.783333333333333
9440.0,,0.344,-7.99,32.14,34075.29,Metal Loss,External,14.0,0.048,,,0.91,1.26,6:22,Recoat,,1.0,125.87,,MFL-A/XT,,1160.0,65000.0,,1342.0,1470.45,2041.68,,,,,,,2015,Metal Loss_34075.3,True,34075.29,34075.29,82,6.366666666666666
9440.0,,0.344,-8.18,31.95,34075.48,Metal Loss,External,27.0,0.093,,,0.91,1.5,6:37,Recoat,,1.0,125.86,,MFL-A/XT,,1160.0,65000.0,,1342.0,1463.98,2032.7,1534.72,2130.93,1536.07,2132.79,0.76,1.84,2015,Metal Loss_34075.5,True,34075.48,34075.48,82,6.616666666666667
9440.0,,0.344,-8.28,31.85,34075.58,Metal Loss,External,13.0,0.045,,,0.51,1.02,5:57,Recoat,,1.0,125.86,,MFL-A/XT,,1160.0,65000.0,,1342.0,1474.51,2047.32,,,,,,,2015,Metal Loss_34075.6,True,34075.58,34075.58,82,5.95
9440.0,,0.344,-8.44,31.69,34075.74,Metal Loss,External,12.0,0.041,,,0.47,0.87,6:16,Recoat,,1.0,125.86,,MFL-A/XT,,1160.0,65000.0,,1342.0,,,,,,,,,2015,Metal Loss_34075.7,True,34075.74,34075.74,82,6.266666666666667
9440.0,,0.344,-8.61,31.53,34075.9,Metal Loss,External,29.0,0.1,,,0.59,0.94,6:20,Recoat,,1.0,125.86,,MFL-A/XT,,1160.0,65000.0,,1342.0,1470.21,2041.35,1541.75,2140.69,1542.47,2141.69,0.75,1.85,2015,Metal Loss_34075.9,True,34075.9,34075.9,82,6.333333333333333
9440.0,,0.344,-39.25,0.89,34106.55,Metal Loss,External,45.0,0.155,,,0.98,4.49,10:27,Repaired?,,1.0,125.92,,MFL-A/XT,,1160.0,65000.0,,1342.0,1448.97,2011.86,1515.78,2104.63,1520.83,2111.63,0.77,1.81,2015,Metal Loss_34106.6,True,34106.55,34106.55,83,10.45
9440.0,,0.344,-40.02,0.11,34107.32,Metal Loss,External,14.0,0.048,,,0.94,1.58,11:45,affecting girth weld; Recoat,,1.0,125.93,,MFL-A/XT,,1160.0,65000.0,,1342.0,1470.01,2041.08,,,,,,,2015,Metal Loss_34107.3,True,34107.32,34107.32,83,11.75
9450.0,,0.344,-0.8,39.28,34108.23,Metal Loss,External,11.0,0.038,,,0.51,1.1,10:37,Recoat,,0.7,125.93,,MFL-A/XT,,1160.0,65000.0,,1342.0,,,,,,,,,2015,Metal Loss_34108.2,True,34108.23,34108.23,83,10.616666666666667
9450.0,,0.344,-32.49,7.59,34139.92,Metal Loss,External,11.0,0.038,,,0.79,1.65,4:58,,,0.7,125.92,,MFL-A/XT,,1160.0,65000.0,,1342.0,,,,,,,,,2015,Metal Loss_34139.9,True,34139.92,34139.92,84,4.966666666666667
9450.0,,0.344,-33.31,6.78,34140.74,Metal Loss,External,41.0,0.141,,,0.94,1.46,5:39,,,0.7,125.92,,MFL-A/XT,,1160.0,65000.0,,1342.0,1454.36,2019.34,1522.69,2114.22,1526.41,2119.38,0.76,1.82,2015,Metal Loss_34140.7,True,34140.74,34140.74,84,5.65
9460.0,,0.344,-9.07,31.07,34156.58,Metal Loss,External,19.0,0.065,,,1.97,1.73,4:07,,,1.0,125.85,,MFL-A/XT,,1160.0,65000.0,,1342.0,1445.32,2006.8,,,,,,,2015,Metal Loss_34156.6,True,34156.58,34156.58,85,4.116666666666666
9460.0,,0.344,-9.98,30.16,34157.5,Metal Loss,External,31.0,0.107,,,1.85,2.32,5:04,,,1.0,125.85,,MFL-A/XT,,1160.0,65000.0,,1342.0,1426.2,1980.24,1489.9,2068.69,1496.39,2077.7,0.78,1.78,2015,Metal Loss_34157.5,True,34157.5,34157.5,85,5.066666666666666
9460.0,,0.344,-10.72,29.42,34158.24,Metal Loss,External,12.0,0.041,,,0.59,1.81,5:38,,,1.0,125.84,,MFL-A/XT,,1160.0,65000.0,,1342.0,,,,,,,,,2015,Metal Loss_34158.2,True,34158.24,34158.24,85,5.633333333333333
9470.0,,0.344,-0.76,39.34,34188.41,Metal Loss,External,34.0,0.117,,,1.65,5.08,5:10,Recoat,,0.7,126.3,,MFL-A/XT,,1160.0,65000.0,,1342.0,1430.17,1985.76,1494.42,2074.97,1500.98,2084.07,0.78,1.79,2015,Metal Loss_34188.4,True,34188.41,34188.41,86,5.166666666666667
9470.0,,0.344,-0.78,39.31,34188.43,Metal Loss,External,31.0,0.107,,,1.81,2.05,2:47,Recoat,,0.7,126.3,,MFL-A/XT,,1160.0,65000.0,,1342.0,1428.2,1983.03,1492.34,2072.07,1498.57,2080.72,0.78,1.79,2015,Metal Loss_34188.4,True,34188.43,34188.43,86,2.783333333333333
9470.0,,0.344,-0.78,39.31,34188.44,Metal Loss,External,21.0,0.072,,,1.38,4.17,7:17,Recoat,,0.7,126.3,,MFL-A/XT,,1160.0,65000.0,,1342.0,1456.94,2022.93,1526.86,2120.0,1528.17,2121.82,0.76,1.83,2015,Metal Loss_34188.4,True,34188.44,34188.44,86,7.283333333333333
9470.0,,0.344,-0.79,39.3,34188.44,Metal Loss,External,29.0,0.1,,,1.22,4.57,3:53,Recoat,,0.7,126.3,,MFL-A/XT,,1160.0,65000.0,,1342.0,1453.37,2017.97,1522.4,2113.81,1525.14,2117.62,0.76,1.82,2015,Metal Loss_34188.4,True,34188.44,34188.44,86,3.8833333333333333
9470.0,,0.344,-0.79,39.3,34188.45,Metal Loss,External,29.0,0.1,,,1.14,1.81,6:34,Recoat,,0.7,126.3,,MFL-A/XT,,1160.0,65000.0,,1342.0,1456.11,2021.77,1525.57,2118.22,1527.99,2121.58,0.76,1.83,2015,Metal Loss_34188.4,True,34188.45,34188.45,86,6.566666666666666
9590.0,,0.344,-19.91,20.33,34670.26,Metal Loss,External,13.0,0.045,,,0.87,1.18,7:24,,,0.7,115.5,,MFL-A/XT,,1160.0,65000.0,,1342.0,1471.41,2043.01,,,,,,,2015,Metal Loss_34670.3,True,34670.26,34670.26,-1,7.4
9650.0,,0.344,-21.29,18.74,34912.23,Metal Loss Manufacturing,,21.0,0.072,,,0.39,0.75,6:59,,,0.7,99.51,,MFL-A/XT,,1160.0,65000.0,,1342.0,,,,,,,,,2015,Metal Loss Manufacturing_34912.2,True,34912.23,34912.23,87,6.983333333333333
9650.0,,0.344,-22.8,17.23,34913.75,Metal Loss Manufacturing,,18.0,0.062,,,0.43,0.67,10:50,,,0.7,99.22,,MFL-A/XT,,1160.0,65000.0,,1342.0,,,,,,,,,2015,Metal Loss Manufacturing_34913.8,True,34913.75,34913.75,87,10.833333333333334
9660.0,,0.344,-31.51,8.6,34962.49,Metal Loss,External,10.0,0.034,,,0.79,1.38,2:16,,,0.7,89.93,,MFL-A/XT,,1160.0,65000.0,,1342.0,,,,,,,,,2015,Metal Loss_34962.5,True,34962.49,34962.49,88,2.2666666666666666
9670.0,,0.344,-0.8,39.33,34971.89,Metal Loss,External,14.0,0.048,,,0.43,1.18,11:39,,,0.7,88.63,,MFL-A/XT,,1160.0,65000.0,,1342.0,1474.85,2047.79,,,,,,,2015,Metal Loss_34971.9,True,34971.89,34971.89,88,11.65
9690.0,,0.344,-0.03,27.43,35051.46,Metal Loss,External,11.0,0.038,,,0.39,1.14,2:07,affecting girth weld,,1.0,89.6,,MFL-A/XT,,1160.0,65000.0,,1342.0,,,,,,,,,2015,Metal Loss_35051.5,True,35051.46,35051.46,-1,2.1166666666666667
9860.0,,0.344,-0.86,39.17,35635.85,Metal Loss,External,35.0,0.12,,,0.51,1.22,5:55,,,0.7,124.48,,MFL-A/XT,,1160.0,65000.0,,1342.0,1470.54,2041.8,1542.01,2141.04,1542.84,2142.19,0.75,1.85,2015,Metal Loss_35635.8,True,35635.85,35635.85,-1,5.916666666666667
9890.0,,0.344,-39.16,0.9,35794.29,Metal Loss,External,27.0,0.093,,,0.79,2.28,7:01,,,1.0,131.7,,MFL-A/XT,,1160.0,65000.0,,1342.0,1467.11,2037.04,1538.28,2135.86,1539.28,2137.25,0.75,1.84,2015,Metal Loss_35794.3,True,35794.29,35794.29,89,7.016666666666667
9890.0,,0.344,-39.19,0.87,35794.32,Metal Loss,External,14.0,0.048,,,0.87,0.63,6:05,,,1.0,131.7,,MFL-A/XT,,1160.0,65000.0,,1342.0,1471.0,2042.45,,,,,,,2015,Metal Loss_35794.3,True,35794.32,35794.32,89,6.083333333333333
9910.0,,0.344,-18.27,21.77,35853.48,Metal Loss Manufacturing,,15.0,0.052,,,0.32,0.79,6:12,,,1.0,133.48,,MFL-A/XT,,1160.0,65000.0,,1342.0,,,,,,,,,2015,Metal Loss Manufacturing_35853.5,True,35853.48,35853.48,90,6.2
9910.0,,0.344,-18.35,21.69,35853.56,Metal Loss Manufacturing,,10.0,0.034,,,0.32,0.63,06:00,,,1.0,133.48,,MFL-A/XT,,1160.0,65000.0,,1342.0,,,,,,,,,2015,Metal Loss Manufacturing_35853.6,True,35853.56,35853.56,90,6.0
9920.0,,0.344,-0.7,39.33,35875.95,Metal Loss,External,26.0,0.089,,,1.22,6.46,4:46,,,1.0,133.97,,MFL-A/XT,,1160.0,65000.0,,1342.0,1456.19,2021.88,1525.81,2118.55,1527.9,2121.45,0.76,1.83,2015,Metal Loss_35875.9,True,35875.95,35875.95,91,4.766666666666667
9920.0,,0.344,-0.71,39.32,35875.96,Metal Loss,External,14.0,0.048,,,0.91,1.93,6:34,,,1.0,133.97,,MFL-A/XT,,1160.0,65000.0,,1342.0,1470.59,2041.87,,,,,,,2015,Metal Loss_35876.0,True,35875.96,35875.96,91,6.566666666666666
9920.0,,0.344,-0.73,39.3,35875.98,Metal Loss,External,16.0,0.055,,,1.26,2.28,3:52,,,1.0,133.97,,MFL-A/XT,,1160.0,65000.0,,1342.0,1464.13,2032.91,,,,,,,2015,Metal Loss_35876.0,True,35875.98,35875.98,91,3.8666666666666667
9920.0,,0.344,-0.73,39.3,35875.98,Cluster,External,22.0,0.076,,,1.18,4.73,7:39,,,1.0,133.97,,,,1160.0,65000.0,,1342.0,1460.78,2028.25,1531.22,2126.06,1531.89,2127.0,0.76,1.83,2015,Cluster_35876.0,True,35875.98,35875.98,91,7.65
9920.0,,0.344,-0.75,39.28,35876.0,Metal Loss,External,25.0,0.086,,,0.79,3.46,8:55,,,1.0,133.97,,MFL-A/XT,,1160.0,65000.0,,1342.0,1467.67,2037.82,1538.96,2136.81,1539.8,2137.97,0.75,1.84,2015,Metal Loss_35876.0,True,35876.0,35876.0,91,8.916666666666666
9920.0,,0.344,-0.77,39.26,35876.02,Metal Loss,External,19.0,0.065,,,0.63,2.95,10:42,,,1.0,133.97,,MFL-A/XT,,1160.0,65000.0,,1342.0,1472.28,2044.23,,,,,,,2015,Metal Loss_35876.0,True,35876.02,35876.02,91,10.7
9920.0,,0.344,-0.77,39.26,35876.02,Metal Loss,External,11.0,0.038,,,0.83,2.52,1:29,,,1.0,133.97,,MFL-A/XT,,1160.0,65000.0,,1342.0,,,,,,,,,2015,Metal Loss_35876.0,True,35876.02,35876.02,91,1.4833333333333334
10070.0,,0.344,-21.26,18.92,36496.68,Metal Loss,External,10.0,0.034,,,0.51,0.98,5:03,,,0.7,143.81,,MFL-A/XT,,1160.0,65000.0,,1342.0,,,,,,,,,2015,Metal Loss_36496.7,True,36496.68,36496.68,-1,5.05
10510.0,,0.344,-22.91,17.1,37951.31,Metal Loss Manufacturing,,10.0,0.034,,,0.32,0.59,9:58,,,0.7,216.56,,MFL-A/XT,,1160.0,65000.0,,1342.0,,,,,,,,,2015,Metal Loss Manufacturing_37951.3,True,37951.31,37951.31,-1,9.966666666666667
10540.0,,0.344,-0.5,39.54,38046.71,Metal Loss,External,18.0,0.062,,,1.26,2.48,2:05,,,0.7,226.75,,MFL-A/XT,,1160.0,65000.0,,1342.0,1462.43,2030.55,,,,,,,2015,Metal Loss_38046.7,True,38046.71,38046.71,-1,2.0833333333333335
10620.0,,0.344,-28.67,11.45,38363.7,Metal Loss,External,11.0,0.038,,,2.09,0.59,1:08,,,0.7,242.12,,MFL-A/XT,,1160.0,65000.0,,1342.0,,,,,,,,,2015,Metal Loss_38363.7,True,38363.7,38363.7,-1,1.1333333333333333
10640.0,,0.344,-34.19,5.88,38444.41,Metal Loss,External,18.0,0.062,,,2.17,1.5,9:40,,,0.7,245.83,,MFL-A/XT,,1160.0,65000.0,,1342.0,1442.73,2003.19,,,,,,,2015,Metal Loss_38444.4,True,38444.41,38444.41,92,9.666666666666666
10640.0,,0.344,-34.21,5.86,38444.42,Metal Loss,External,11.0,0.038,,,2.01,0.83,9:11,,,0.7,245.83,,MFL-A/XT,,1160.0,65000.0,,1342.0,,,,,,,,,2015,Metal Loss_38444.4,True,38444.42,38444.42,92,9.183333333333334
10640.0,,0.344,-34.22,5.86,38444.43,Metal Loss,External,13.0,0.045,,,1.73,0.83,10:06,,,0.7,245.83,,MFL-A/XT,,1160.0,65000.0,,1342.0,1459.67,2026.72,,,,,,,2015,Metal Loss_38444.4,True,38444.43,38444.43,92,10.1
10830.0,,0.344,-22.35,17.6,39159.96,Metal Loss,External,10.0,0.034,,,0.91,1.73,8:28,,,0.7,27.07,,MFL-A/XT,,1160.0,65000.0,,1342.0,,,,,,,,,2015,Metal Loss_39160.0,True,39159.96,39159.96,-1,8.466666666666667
10830.0,,0.344,-38.96,0.99,39176.57,Metal Loss,External,10.0,0.034,,,0.67,1.3,4:43,,,0.7,26.74,,MFL-A/XT,,1160.0,65000.0,,1342.0,,,,,,,,,2015,Metal Loss_39176.6,True,39176.57,39176.57,93,4.716666666666667
10830.0,,0.344,-38.96,0.99,39176.57,Metal Loss,External,19.0,0.065,,,0.67,1.1,5:40,,,0.7,26.74,,MFL-A/XT,,1160.0,65000.0,,1342.0,1471.68,2043.39,,,,,,,2015,Metal Loss_39176.6,True,39176.57,39176.57,93,5.666666666666667
10830.0,,0.344,-39.05,0.91,39176.66,Metal Loss,External,13.0,0.045,,,0.83,1.69,6:29,,,0.7,26.74,,MFL-A/XT,,1160.0,65000.0,,1342.0,1471.78,2043.53,,,,,,,2015,Metal Loss_39176.7,True,39176.66,39176.66,93,6.483333333333333
10840.0,,0.344,-28.09,0.54,39205.66,Metal Loss,External,12.0,0.041,,,0.63,1.22,6:25,,,0.7,26.21,,MFL-A/XT,,1160.0,65000.0,,1342.0,,,,,,,,,2015,Metal Loss_39205.7,True,39205.66,39205.66,-1,6.416666666666667
10920.0,,0.344,-1.69,21.71,39375.25,Metal Loss,External,14.0,0.048,,,1.85,2.48,6:22,,,1.0,25.17,,MFL-A/XT,,1160.0,65000.0,,1342.0,1456.23,2021.94,,,,,,,2015,Metal Loss_39375.2,True,39375.25,39375.25,94,6.366666666666666
10920.0,,0.344,-1.76,21.64,39375.31,Metal Loss,External,10.0,0.034,,,1.97,1.14,5:57,,,1.0,25.17,,MFL-A/XT,,1160.0,65000.0,,1342.0,,,,,,,,,2015,Metal Loss_39375.3,True,39375.31,39375.31,94,5.95
10920.0,,0.344,-22.56,0.84,39396.11,Metal Loss,External,13.0,0.045,,,0.32,0.59,8:06,,,1.0,24.53,,MFL-A/XT,,1160.0,65000.0,,1342.0,1475.54,2048.76,,,,,,,2015,Metal Loss_39396.1,True,39396.11,39396.11,-1,8.1
10930.0,,0.344,-28.12,1.06,39425.07,Metal Loss,External,15.0,0.052,,,1.46,3.07,3:54,,,1.0,24.01,,MFL-A/XT,,1160.0,65000.0,,1342.0,1461.58,2029.36,,,,,,,2015,Metal Loss_39425.1,True,39425.07,39425.07,-1,3.9
10950.0,,0.344,-0.85,39.2,39466.96,Metal Loss,External,10.0,0.034,,,0.71,0.67,9:09,,,0.7,23.57,,MFL-A/XT,,1160.0,65000.0,,1342.0,,,,,,,,,2015,Metal Loss_39467.0,True,39466.96,39466.96,95,9.15
10950.0,,0.344,-0.93,39.12,39467.04,Metal Loss,External,13.0,0.045,,,0.83,7.4,8:56,,,0.7,23.57,,MFL-A/XT,,1160.0,65000.0,,1342.0,1471.78,2043.53,,,,,,,2015,Metal Loss_39467.0,True,39467.04,39467.04,95,8.933333333333334
10950.0,,0.344,-0.95,39.1,39467.06,Metal Loss,External,28.0,0.096,,,1.34,0.59,4:07,,,0.7,23.57,,MFL-A/XT,,1160.0,65000.0,,1342.0,1450.81,2014.41,1519.46,2109.73,1522.39,2113.8,0.76,1.82,2015,Metal Loss_39467.1,True,39467.06,39467.06,95,4.116666666666666
10950.0,,0.344,-0.98,39.08,39467.08,Metal Loss,External,13.0,0.045,,,1.22,2.64,4:20,,,0.7,23.57,,MFL-A/XT,,1160.0,65000.0,,1342.0,1467.08,2037.0,,,,,,,2015,Metal Loss_39467.1,True,39467.08,39467.08,95,4.333333333333333
10950.0,,0.344,-0.99,39.07,39467.09,Metal Loss,External,18.0,0.062,,,1.14,3.54,3:10,,,0.7,23.57,,MFL-A/XT,,1160.0,65000.0,,1342.0,1464.7,2033.7,,,,,,,2015,Metal Loss_39467.1,True,39467.09,39467.09,95,3.1666666666666665
10950.0,,0.344,-1.12,38.93,39467.23,Metal Loss,External,15.0,0.052,,,0.91,1.3,8:30,,,0.7,23.57,,MFL-A/XT,,1160.0,65000.0,,1342.0,1469.99,2041.05,,,,,,,2015,Metal Loss_39467.2,True,39467.23,39467.23,95,8.5
10950.0,,0.344,-4.82,35.23,39470.93,Metal Loss,External,34.0,0.117,,,0.79,1.14,3:44,,,0.7,23.53,,MFL-A/XT,,1160.0,65000.0,,1342.0,1463.73,2032.35,1534.17,2130.15,1535.95,2132.62,0.76,1.84,2015,Metal Loss_39470.9,True,39470.93,39470.93,95,3.7333333333333334
10950.0,,0.344,-5.45,34.6,39471.56,Metal Loss,External,11.0,0.038,,,2.01,1.22,4:04,,,0.7,23.52,,MFL-A/XT,,1160.0,65000.0,,1342.0,,,,,,,,,2015,Metal Loss_39471.6,True,39471.56,39471.56,95,4.066666666666666
10950.0,,0.344,-19.41,20.65,39485.51,Metal Loss,External,24.0,0.083,,,1.06,1.3,03:00,,,0.7,23.37,,MFL-A/XT,,1160.0,65000.0,,1342.0,1462.27,2030.33,1532.87,2128.35,1534.14,2130.12,0.76,1.83,2015,Metal Loss_39485.5,True,39485.51,39485.51,96,3.0
10950.0,,0.344,-26.6,13.45,39492.71,Metal Loss,External,10.0,0.034,,,1.02,1.46,6:49,,,0.7,23.36,,MFL-A/XT,,1160.0,65000.0,,1342.0,,,,,,,,,2015,Metal Loss_39492.7,True,39492.71,39492.71,96,6.816666666666666
10950.0,,0.344,-26.92,13.13,39493.03,Metal Loss,External,12.0,0.041,,,1.26,1.5,6:39,,,0.7,23.36,,MFL-A/XT,,1160.0,65000.0,,1342.0,,,,,,,,,2015,Metal Loss_39493.0,True,39493.03,39493.03,96,6.65
10960.0,,0.344,-0.76,35.36,39506.92,Metal Loss,External,10.0,0.034,,,1.5,0.71,12:50,,,0.7,23.46,,MFL-A/XT,,1160.0,65000.0,,1342.0,,,,,,,,,2015,Metal Loss_39506.9,True,39506.92,39506.92,-1,12.833333333333334
10960.0,,0.344,-34.76,1.35,39540.92,Metal Loss,External,15.0,0.052,,,1.22,1.3,9:34,,,0.7,23.37,,MFL-A/XT,,1160.0,65000.0,,1342.0,1465.53,2034.85,,,,,,,2015,Metal Loss_39540.9,True,39540.92,39540.92,97,9.566666666666666
10960.0,,0.344,-35.18,0.94,39541.34,Metal Loss,External,21.0,0.072,,,0.71,0.98,8:09,,,0.7,23.35,,MFL-A/XT,,1160.0,65000.0,,1342.0,1470.59,2041.88,1542.31,2141.46,1542.69,2141.99,0.75,1.85,2015,Metal Loss_39541.3,True,39541.34,39541.34,97,8.15
10960.0,,0.344,-35.41,0.7,39541.57,Metal Loss,External,11.0,0.038,,,1.42,1.46,11:01,,,0.7,23.35,,MFL-A/XT,,1160.0,65000.0,,1342.0,,,,,,,,,2015,Metal Loss_39541.6,True,39541.57,39541.57,97,11.016666666666667
10980.0,,0.344,-0.07,40.65,39551.41,Metal Loss,External,16.0,0.055,,,0.51,7.21,12:28,affecting girth weld,,0.7,25.31,,MFL-A/XT,,1160.0,65000.0,,1342.0,1474.07,2046.71,,,,,,,2015,Metal Loss_39551.4,True,39551.41,39551.41,97,12.466666666666667
10980.0,,0.344,-0.64,40.08,39551.98,Metal Loss,External,10.0,0.034,,,0.63,1.58,9:33,,,0.7,25.55,,MFL-A/XT,,1160.0,65000.0,,1342.0,,,,,,,,,2015,Metal Loss_39552.0,True,39551.98,39551.98,97,9.55
10980.0,,0.344,-3.05,37.66,39554.39,Metal Loss,External,12.0,0.041,,,1.58,1.58,3:18,,,0.7,26.58,,MFL-A/XT,,1160.0,65000.0,,1342.0,,,,,,,,,2015,Metal Loss_39554.4,True,39554.39,39554.39,97,3.3
10990.0,,0.344,-0.11,22.26,39592.17,Metal Loss,External,10.0,0.034,,,0.83,4.21,5:30,near girth weld,,0.7,46.85,,MFL-A/XT,,1160.0,65000.0,,1342.0,,,,,,,,,2015,Metal Loss_39592.2,True,39592.17,39592.17,98,5.5
10990.0,,0.344,-0.38,21.99,39592.44,Metal Loss,External,21.0,0.072,,,0.35,1.69,5:56,,,0.7,47.02,,MFL-A/XT,,1160.0,65000.0,,1342.0,1474.8,2047.73,1546.98,2147.94,1547.07,2148.07,0.75,1.85,2015,Metal Loss_39592.4,True,39592.44,39592.44,98,5.933333333333334
11000.0,,0.344,-0.25,39.96,39614.68,Metal Loss,External,11.0,0.038,,,1.14,1.1,3:56,,,0.7,60.56,,MFL-A/XT,,1160.0,65000.0,,1342.0,,,,,,,,,2015,Metal Loss_39614.7,True,39614.68,39614.68,99,3.9333333333333336
11000.0,,0.344,-0.74,39.47,39615.17,Metal Loss,External,17.0,0.058,,,1.93,1.38,5:28,,,0.7,60.86,,MFL-A/XT,,1160.0,65000.0,,1342.0,1449.69,2012.87,,,,,,,2015,Metal Loss_39615.2,True,39615.17,39615.17,99,5.466666666666667
11000.0,,0.344,-0.8,39.41,39615.22,Metal Loss,External,15.0,0.052,,,1.5,2.76,4:41,,,0.7,60.89,,MFL-A/XT,,1160.0,65000.0,,1342.0,1461.16,2028.79,,,,,,,2015,Metal Loss_39615.2,True,39615.22,39615.22,99,4.683333333333334
11000.0,,0.344,-0.93,39.28,39615.36,Metal Loss,External,11.0,0.038,,,1.1,0.94,6:50,,,0.7,60.98,,MFL-A/XT,,1160.0,65000.0,,1342.0,,,,,,,,,2015,Metal Loss_39615.4,True,39615.36,39615.36,99,6.833333333333333
11000.0,,0.344,-0.94,39.27,39615.36,Metal Loss,External,10.0,0.034,,,1.3,2.05,6:06,,,0.7,60.98,,MFL-A/XT,,1160.0,65000.0,,1342.0,,,,,,,,,2015,Metal Loss_39615.4,True,39615.36,39615.36,99,6.1
11000.0,,0.344,-1.04,39.17,39615.47,Metal Loss,External,14.0,0.048,,,0.51,1.06,6:35,,,0.7,61.04,,MFL-A/XT,,1160.0,65000.0,,1342.0,1474.37,2047.12,,,,,,,2015,Metal Loss_39615.5,True,39615.47,39615.47,99,6.583333333333333
11000.0,,0.344,-40.07,0.14,39654.5,Metal Loss,External,19.0,0.065,,,0.79,1.81,3:16,near girth weld Repaired?,,0.7,79.18,,MFL-A/XT,,1160.0,65000.0,,1342.0,1470.0,2041.06,,,,,,,2015,Metal Loss_39654.5,True,39654.5,39654.5,100,3.2666666666666666
11010.0,,0.344,-0.01,37.25,39654.65,Metal Loss,External,10.0,0.034,,,0.32,0.98,3:38,affecting girth weld Repaired?,,0.7,79.24,,MFL-A/XT,,1160.0,65000.0,,1342.0,,,,,,,,,2015,Metal Loss_39654.7,True,39654.65,39654.65,100,3.6333333333333333
11010.0,,0.344,-0.01,37.25,39654.65,Metal Loss,External,16.0,0.055,,,0.32,0.75,3:48,affecting girth weld Repaired?,,0.7,79.24,,MFL-A/XT,,1160.0,65000.0,,1342.0,1475.37,2048.52,,,,,,,2015,Metal Loss_39654.7,True,39654.65,39654.65,100,3.8
11010.0,,0.344,-0.03,37.24,39654.67,Metal Loss,External,10.0,0.034,,,0.32,2.79,4:37,affecting girth weld Repaired?,,0.7,79.24,,MFL-A/XT,,1160.0,65000.0,,1342.0,,,,,,,,,2015,Metal Loss_39654.7,True,39654.67,39654.67,100,4.616666666666667
11010.0,,0.344,-0.08,37.19,39654.72,Metal Loss,External,10.0,0.034,,,0.32,1.77,2:01,affecting girth weld Repaired?,,0.7,79.26,,MFL-A/XT,,1160.0,65000.0,,1342.0,,,,,,,,,2015,Metal Loss_39654.7,True,39654.72,39654.72,100,2.0166666666666666
11010.0,,0.344,-0.22,37.05,39654.86,Metal Loss,External,57.0,0.196,,,0.94,3.11,7:33,Repaired?,,0.7,79.31,,MFL-A/XT,,1160.0,65000.0,,1342.0,1440.94,2000.71,1503.71,2087.87,1512.07,2099.48,0.77,1.8,2015,Metal Loss_39654.9,True,39654.86,39654.86,100,7.55
11010.0,,0.344,-0.31,36.96,39654.94,Cluster,External,31.0,0.107,,,2.45,5.51,2:52,Repaired?,,0.7,79.34,,,,1160.0,65000.0,,1342.0,1401.79,1946.35,1459.8,2026.9,1488.04,2066.11,0.79,1.75,2015,Cluster_39654.9,True,39654.94,39654.94,100,2.8666666666666667
11010.0,,0.344,-0.7,36.57,39655.34,Metal Loss,External,12.0,0.041,,,0.94,1.42,8:20,Repaired?,,0.7,79.48,,MFL-A/XT,,1160.0,65000.0,,1342.0,,,,,,,,,2015,Metal Loss_39655.3,True,39655.34,39655.34,100,8.333333333333334
11030.0,,0.344,-1.42,30.92,39703.12,Metal Loss,External,14.0,0.048,,,1.53,3.35,2:22,,,1.0,93.08,,MFL-A/XT,,1160.0,65000.0,,1342.0,1461.48,2029.23,,,,,,,2015,Metal Loss_39703.1,True,39703.12,39703.12,101,2.3666666666666667
11030.0,,0.344,-1.67,30.67,39703.36,Metal Loss,External,12.0,0.041,,,0.63,1.26,1:26,,,1.0,93.23,,MFL-A/XT,,1160.0,65000.0,,1342.0,,,,,,,,,2015,Metal Loss_39703.4,True,39703.36,39703.36,101,1.4333333333333333
11030.0,,0.344,-1.75,30.59,39703.44,Metal Loss,External,10.0,0.034,,,0.75,1.26,8:57,,,1.0,93.28,,MFL-A/XT,,1160.0,65000.0,,1342.0,,,,,,,,,2015,Metal Loss_39703.4,True,39703.44,39703.44,101,8.95
11050.0,,0.344,-0.18,39.89,39768.19,Metal Loss,External,13.0,0.045,,,0.51,0.67,7:27,near girth weld,,0.7,132.11,,MFL-A/XT,,1160.0,65000.0,,1342.0,1474.51,2047.32,,,,,,,2015,Metal Loss_39768.2,True,39768.19,39768.19,-1,7.45
11060.0,,0.344,-2.24,15.35,39810.31,Metal Loss,External,47.0,0.162,,,0.67,1.06,4:08,,,0.7,153.73,,MFL-A/XT,,1160.0,65000.0,,1342.0,1462.07,2030.04,1531.47,2126.41,1534.22,2130.22,0.76,1.83,2015,Metal Loss_39810.3,True,39810.31,39810.31,-1,4.133333333333334
11310.0,,0.344,-38.96,1.09,40732.53,Metal Loss,External,27.0,0.093,,,0.75,1.18,8:03,,,0.7,115.74,,MFL-A/XT,,1160.0,65000.0,,1342.0,1467.89,2038.13,1539.17,2137.1,1540.08,2138.36,0.75,1.84,2015,Metal Loss_40732.5,True,40732.53,40732.53,102,8.05
11310.0,,0.344,-39.06,0.98,40732.63,Metal Loss,External,10.0,0.034,,,0.67,1.58,12:17,,,0.7,115.69,,MFL-A/XT,,1160.0,65000.0,,1342.0,,,,,,,,,2015,Metal Loss_40732.6,True,40732.63,40732.63,102,12.283333333333333
11310.0,,0.344,-39.08,0.97,40732.64,Metal Loss,External,14.0,0.048,,,0.59,0.87,3:13,,,0.7,115.68,,MFL-A/XT,,1160.0,65000.0,,1342.0,1473.72,2046.22,,,,,,,2015,Metal Loss_40732.6,True,40732.64,40732.64,102,3.216666666666667
11330.0,,0.344,-10.37,0.37,40751.99,Metal Loss,External,10.0,0.034,,,1.53,0.59,10:19,,,0.7,111.78,,MFL-A/XT,,1160.0,65000.0,,1342.0,,,,,,,,,2015,Metal Loss_40752.0,True,40751.99,40751.99,103,10.316666666666666
11330.0,,0.344,-10.44,0.31,40752.06,Metal Loss,External,16.0,0.055,,,0.43,0.59,10:03,,,0.7,111.78,,MFL-A/XT,,1160.0,65000.0,,1342.0,1474.63,2047.49,,,,,,,2015,Metal Loss_40752.1,True,40752.06,40752.06,103,10.05
11330.0,,0.344,-10.51,0.24,40752.13,Metal Loss,External,18.0,0.062,,,0.87,3.07,10:41,near girth weld,,0.7,111.77,,MFL-A/XT,,1160.0,65000.0,,1342.0,1469.14,2039.87,,,,,,,2015,Metal Loss_40752.1,True,40752.13,40752.13,103,10.683333333333334
11330.0,,0.344,-10.51,0.23,40752.13,Metal Loss,External,10.0,0.034,,,1.14,2.84,10:05,near girth weld,,0.7,111.77,,MFL-A/XT,,1160.0,65000.0,,1342.0,,,,,,,,,2015,Metal Loss_40752.1,True,40752.13,40752.13,103,10.083333333333334
11410.0,,0.344,-17.49,22.59,40991.66,Metal Loss,External,12.0,0.041,,,1.61,2.79,5:45,,,0.7,137.74,,MFL-A/XT,,1160.0,65000.0,,1342.0,,,,,,,,,2015,Metal Loss_40991.7,True,40991.66,40991.66,104,5.75
11410.0,,0.344,-17.5,22.58,40991.67,Metal Loss,External,15.0,0.052,,,1.14,0.59,5:25,,,0.7,137.74,,MFL-A/XT,,1160.0,65000.0,,1342.0,1466.82,2036.64,,,,,,,2015,Metal Loss_40991.7,True,40991.67,40991.67,104,5.416666666666667
11410.0,,0.344,-18.07,22.0,40992.25,Metal Loss,External,18.0,0.062,,,0.59,0.94,4:44,,,0.7,137.74,,MFL-A/XT,,1160.0,65000.0,,1342.0,1472.92,2045.11,,,,,,,2015,Metal Loss_40992.2,True,40992.25,40992.25,104,4.733333333333333
11410.0,,0.344,-19.38,20.69,40993.55,Metal Loss,External,11.0,0.038,,,0.35,0.59,4:34,,,0.7,137.74,,MFL-A/XT,,1160.0,65000.0,,1342.0,,,,,,,,,2015,Metal Loss_40993.6,True,40993.55,40993.55,104,4.566666666666666
11410.0,,0.344,-19.42,20.65,40993.59,Cluster,External,32.0,0.11,,,1.73,3.56,4:23,,,0.7,137.74,,,,1160.0,65000.0,,1342.0,1429.74,1985.16,1494.11,2074.53,1498.41,2080.5,0.78,1.79,2015,Cluster_40993.6,True,40993.59,40993.59,104,4.383333333333334
11410.0,,0.344,-25.13,14.94,40999.3,Metal Loss,External,13.0,0.045,,,0.91,1.46,6:05,,,0.7,137.76,,MFL-A/XT,,1160.0,65000.0,,1342.0,1471.02,2042.48,,,,,,,2015,Metal Loss_40999.3,True,40999.3,40999.3,104,6.083333333333333
11410.0,,0.344,-25.37,14.71,40999.54,Metal Loss,External,14.0,0.048,,,0.71,1.34,5:48,,,0.7,137.76,,MFL-A/XT,,1160.0,65000.0,,1342.0,1472.65,2044.73,,,,,,,2015,Metal Loss_40999.5,True,40999.54,40999.54,104,5.8
11410.0,,0.344,-25.48,14.6,40999.65,Metal Loss,External,11.0,0.038,,,0.71,1.02,6:18,,,0.7,137.76,,MFL-A/XT,,1160.0,65000.0,,1342.0,,,,,,,,,2015,Metal Loss_40999.7,True,40999.65,40999.65,104,6.3
11410.0,,0.344,-25.51,14.56,40999.68,Metal Loss,External,13.0,0.045,,,1.02,1.58,5:32,,,0.7,137.76,,MFL-A/XT,,1160.0,65000.0,,1342.0,1469.66,2040.59,,,,,,,2015,Metal Loss_40999.7,True,40999.68,40999.68,104,5.533333333333333
11460.0,,0.344,-30.66,5.55,41205.18,Metal Loss,External,18.0,0.062,,,2.17,0.98,10:12,,,1.0,147.03,,MFL-A/XT,,1160.0,65000.0,,1342.0,1442.45,2002.81,,,,,,,2015,Metal Loss_41205.2,True,41205.18,41205.18,-1,10.2
11470.0,,0.344,-19.6,20.45,41230.32,Metal Loss Manufacturing,,13.0,0.045,,,0.39,0.83,8:09,,,0.7,146.53,,MFL-A/XT,,1160.0,65000.0,,1342.0,,,,,,,,,2015,Metal Loss Manufacturing_41230.3,True,41230.32,41230.32,105,8.15
11470.0,,0.344,-24.16,15.88,41234.89,Metal Loss,External,12.0,0.041,,,2.32,1.77,1:42,,,0.7,146.43,,MFL-A/XT,,1160.0,65000.0,,1342.0,,,,,,,,,2015,Metal Loss_41234.9,True,41234.89,41234.89,105,1.7
11470.0,,0.344,-24.19,15.85,41234.92,Metal Loss,External,10.0,0.034,,,1.81,2.32,2:26,,,0.7,146.43,,MFL-A/XT,,1160.0,65000.0,,1342.0,,,,,,,,,2015,Metal Loss_41234.9,True,41234.92,41234.92,105,2.4333333333333336
11540.0,,0.344,-16.18,23.9,41506.78,Metal Loss,External,11.0,0.038,,,0.98,1.46,6:28,,,1.0,134.1,,MFL-A/XT,,1160.0,65000.0,,1342.0,,,,,,,,,2015,Metal Loss_41506.8,True,41506.78,41506.78,106,6.466666666666667
11540.0,,0.344,-17.23,22.86,41507.83,Metal Loss,External,20.0,0.069,,,0.79,1.22,6:31,,,1.0,133.95,,MFL-A/XT,,1160.0,65000.0,,1342.0,1469.63,2040.54,1541.25,2139.99,1541.63,2140.52,0.75,1.84,2015,Metal Loss_41507.8,True,41507.83,41507.83,106,6.516666666666667
11540.0,,0.344,-17.66,22.42,41508.26,Metal Loss,External,21.0,0.072,,,0.59,1.18,6:38,,,1.0,133.9,,MFL-A/XT,,1160.0,65000.0,,1342.0,1472.13,2044.01,1544.02,2143.83,1544.29,2144.21,0.75,1.85,2015,Metal Loss_41508.3,True,41508.26,41508.26,106,6.633333333333333
11540.0,,0.344,-18.23,21.86,41508.82,Metal Loss,External,16.0,0.055,,,0.71,1.42,6:42,,,1.0,133.82,,MFL-A/XT,,1160.0,65000.0,,1342.0,1472.08,2043.95,,,,,,,2015,Metal Loss_41508.8,True,41508.82,41508.82,106,6.7
11540.0,,0.344,-18.28,21.81,41508.88,Metal Loss,External,21.0,0.072,,,0.98,1.53,5:18,,,1.0,133.81,,MFL-A/XT,,1160.0,65000.0,,1342.0,1465.74,2035.14,1536.87,2133.91,1537.58,2134.89,0.75,1.84,2015,Metal Loss_41508.9,True,41508.88,41508.88,106,5.3
11540.0,,0.344,-18.46,21.63,41509.06,Metal Loss,External,15.0,0.052,,,1.89,2.21,6:27,,,1.0,133.79,,MFL-A/XT,,1160.0,65000.0,,1342.0,1453.78,2018.54,,,,,,,2015,Metal Loss_41509.1,True,41509.06,41509.06,106,6.45
11540.0,,0.344,-18.66,21.43,41509.26,Metal Loss,External,31.0,0.107,,,0.83,1.42,5:16,,,1.0,133.76,,MFL-A/XT,,1160.0,65000.0,,1342.0,1464.13,2032.91,1534.75,2130.96,1536.32,2133.14,0.76,1.84,2015,Metal Loss_41509.3,True,41509.26,41509.26,106,5.266666666666667
11540.0,,0.344,-19.06,21.02,41509.66,Metal Loss,External,16.0,0.055,,,1.06,1.26,6:48,,,1.0,133.7,,MFL-A/XT,,1160.0,65000.0,,1342.0,1467.25,2037.24,,,,,,,2015,Metal Loss_41509.7,True,41509.66,41509.66,106,6.8
11540.0,,0.344,-19.19,20.9,41509.79,Metal Loss,External,29.0,0.1,,,0.71,1.34,5:09,,,1.0,133.69,,MFL-A/XT,,1160.0,65000.0,,1342.0,1467.68,2037.84,1538.88,2136.7,1539.91,2138.12,0.75,1.84,2015,Metal Loss_41509.8,True,41509.79,41509.79,106,5.15
11540.0,,0.344,-19.33,20.76,41509.93,Metal Loss,External,15.0,0.052,,,0.75,1.42,6:42,,,1.0,133.67,,MFL-A/XT,,1160.0,65000.0,,1342.0,1471.85,2043.63,,,,,,,2015,Metal Loss_41509.9,True,41509.93,41509.93,106,6.7
11540.0,,0.344,-19.38,20.71,41509.97,Metal Loss,External,13.0,0.045,,,1.26,0.98,6:11,,,1.0,133.66,,MFL-A/XT,,1160.0,65000.0,,1342.0,1466.59,2036.32,,,,,,,2015,Metal Loss_41510.0,True,41509.97,41509.97,106,6.183333333333334
11540.0,,0.344,-19.42,20.67,41510.01,Metal Loss,External,11.0,0.038,,,0.59,0.91,7:20,,,1.0,133.65,,MFL-A/XT,,1160.0,65000.0,,1342.0,,,,,,,,,2015,Metal Loss_41510.0,True,41510.01,41510.01,106,7.333333333333333
11540.0,,0.344,-19.45,20.64,41510.05,Metal Loss,External,11.0,0.038,,,0.59,1.18,4:49,,,1.0,133.65,,MFL-A/XT,,1160.0,65000.0,,1342.0,,,,,,,,,2015,Metal Loss_41510.1,True,41510.05,41510.05,106,4.816666666666666
11540.0,,0.344,-19.58,20.51,41510.17,Metal Loss,External,21.0,0.072,,,0.63,1.1,7:16,,,1.0,133.63,,MFL-A/XT,,1160.0,65000.0,,1342.0,1471.64,2043.33,1543.48,2143.08,1543.79,2143.51,0.75,1.85,2015,Metal Loss_41510.2,True,41510.17,41510.17,106,7.266666666666667
11540.0,,0.344,-19.73,20.36,41510.32,Metal Loss,External,15.0,0.052,,,0.75,1.18,4:52,,,1.0,133.61,,MFL-A/XT,,1160.0,65000.0,,1342.0,1471.85,2043.63,,,,,,,2015,Metal Loss_41510.3,True,41510.32,41510.32,106,4.866666666666667
11540.0,,0.344,-19.87,20.21,41510.47,Metal Loss,External,16.0,0.055,,,0.51,0.98,4:52,,,1.0,133.59,,MFL-A/XT,,1160.0,65000.0,,1342.0,1473.97,2046.57,,,,,,,2015,Metal Loss_41510.5,True,41510.47,41510.47,106,4.866666666666667
11540.0,,0.344,-20.06,20.03,41510.65,Metal Loss,External,18.0,0.062,,,0.94,1.22,5:03,,,1.0,133.57,,MFL-A/XT,,1160.0,65000.0,,1342.0,1468.01,2038.3,,,,,,,2015,Metal Loss_41510.7,True,41510.65,41510.65,106,5.05
11540.0,,0.344,-20.25,19.83,41510.85,Metal Loss,External,35.0,0.12,,,1.1,1.18,5:03,,,1.0,133.54,,MFL-A/XT,,1160.0,65000.0,,1342.0,1452.21,2016.35,1520.63,2111.36,1524.15,2116.25,0.76,1.82,2015,Metal Loss_41510.8,True,41510.85,41510.85,106,5.05
11540.0,,0.344,-20.26,19.83,41510.86,Metal Loss,External,15.0,0.052,,,0.87,1.34,6:48,,,1.0,133.54,,MFL-A/XT,,1160.0,65000.0,,1342.0,1470.59,2041.88,,,,,,,2015,Metal Loss_41510.9,True,41510.86,41510.86,106,6.8
11540.0,,0.344,-20.58,19.51,41511.18,Metal Loss,External,11.0,0.038,,,0.47,0.71,7:24,,,1.0,133.49,,MFL-A/XT,,1160.0,65000.0,,1342.0,,,,,,,,,2015,Metal Loss_41511.2,True,41511.18,41511.18,106,7.4
11540.0,,0.344,-20.6,19.49,41511.19,Metal Loss,External,25.0,0.086,,,0.67,1.77,4:35,,,1.0,133.49,,MFL-A/XT,,1160.0,65000.0,,1342.0,1469.97,2041.02,1541.56,2140.41,1542.17,2141.26,0.75,1.85,2015,Metal Loss_41511.2,True,41511.19,41511.19,106,4.583333333333333
11540.0,,0.344,-20.68,19.4,41511.28,Metal Loss,External,15.0,0.052,,,0.55,0.94,7:21,,,1.0,133.48,,MFL-A/XT,,1160.0,65000.0,,1342.0,1473.83,2046.38,,,,,,,2015,Metal Loss_41511.3,True,41511.28,41511.28,106,7.35
11540.0,,0.344,-20.74,19.35,41511.33,Metal Loss,External,41.0,0.141,,,0.75,1.34,4:45,,,1.0,133.47,,MFL-A/XT,,1160.0,65000.0,,1342.0,1461.58,2029.37,1531.29,2126.16,1533.78,2129.61,0.76,1.83,2015,Metal Loss_41511.3,True,41511.33,41511.33,106,4.75
11540.0,,0.344,-20.8,19.28,41511.4,Metal Loss,External,13.0,0.045,,,0.55,0.87,7:21,,,1.0,133.46,,MFL-A/XT,,1160.0,65000.0,,1342.0,1474.18,2046.86,,,,,,,2015,Metal Loss_41511.4,True,41511.4,41511.4,106,7.35
11540.0,,0.344,-20.97,19.11,41511.57,Metal Loss,External,19.0,0.065,,,0.71,1.38,7:17,,,1.0,133.44,,MFL-A/XT,,1160.0,65000.0,,1342.0,1471.2,2042.72,,,,,,,2015,Metal Loss_41511.6,True,41511.57,41511.57,106,7.283333333333333
11540.0,,0.344,-21.0,19.09,41511.6,Metal Loss,External,14.0,0.048,,,1.18,1.22,4:56,,,1.0,133.44,,MFL-A/XT,,1160.0,65000.0,,1342.0,1466.83,2036.65,,,,,,,2015,Metal Loss_41511.6,True,41511.6,41511.6,106,4.933333333333334
11540.0,,0.344,-21.21,18.88,41511.81,Metal Loss,External,16.0,0.055,,,1.3,2.36,6:58,,,1.0,133.41,,MFL-A/XT,,1160.0,65000.0,,1342.0,1463.51,2032.05,,,,,,,2015,Metal Loss_41511.8,True,41511.81,41511.81,106,6.966666666666667
11540.0,,0.344,-21.47,18.62,41512.07,Metal Loss,External,32.0,0.11,,,0.98,1.38,7:12,,,1.0,133.37,,MFL-A/XT,,1160.0,65000.0,,1342.0,1458.85,2025.58,1528.6,2122.43,1530.93,2125.66,0.76,1.83,2015,Metal Loss_41512.1,True,41512.07,41512.07,106,7.2
11540.0,,0.344,-21.56,18.52,41512.16,Metal Loss,External,14.0,0.048,,,0.63,2.56,6:33,,,1.0,133.36,,MFL-A/XT,,1160.0,65000.0,,1342.0,1473.31,2045.66,,,,,,,2015,Metal Loss_41512.2,True,41512.16,41512.16,106,6.55
11540.0,,0.344,-21.64,18.44,41512.24,Metal Loss,External,27.0,0.093,,,0.75,0.71,7:14,,,1.0,133.35,,MFL-A/XT,,1160.0,65000.0,,1342.0,1467.63,2037.77,1538.88,2136.69,1539.82,2138.0,0.75,1.84,2015,Metal Loss_41512.2,True,41512.24,41512.24,106,7.233333333333333
11540.0,,0.344,-21.67,18.42,41512.26,Metal Loss,External,13.0,0.045,,,0.51,0.87,4:33,,,1.0,133.34,,MFL-A/XT,,1160.0,65000.0,,1342.0,1474.51,2047.32,,,,,,,2015,Metal Loss_41512.3,True,41512.26,41512.26,106,4.55
11540.0,,0.344,-21.78,18.31,41512.37,Metal Loss,External,11.0,0.038,,,1.14,1.26,5:22,,,1.0,133.33,,MFL-A/XT,,1160.0,65000.0,,1342.0,,,,,,,,,2015,Metal Loss_41512.4,True,41512.37,41512.37,106,5.366666666666666
11540.0,,0.344,-21.82,18.27,41512.42,Metal Loss,External,10.0,0.034,,,0.35,0.59,6:57,,,1.0,133.32,,MFL-A/XT,,1160.0,65000.0,,1342.0,,,,,,,,,2015,Metal Loss_41512.4,True,41512.42,41512.42,106,6.95
11540.0,,0.344,-21.84,18.24,41512.44,Metal Loss,External,26.0,0.089,,,0.67,0.94,4:57,,,1.0,133.32,,MFL-A/XT,,1160.0,65000.0,,1342.0,1469.89,2040.91,1541.45,2140.27,1542.11,2141.18,0.75,1.85,2015,Metal Loss_41512.4,True,41512.44,41512.44,106,4.95
11540.0,,0.344,-21.87,18.22,41512.46,Metal Loss,External,34.0,0.117,,,0.98,1.97,7:12,,,1.0,133.31,,MFL-A/XT,,1160.0,65000.0,,1342.0,1457.47,2023.66,1526.88,2120.03,1529.55,2123.74,0.76,1.83,2015,Metal Loss_41512.5,True,41512.46,41512.46,106,7.2
11540.0,,0.344,-21.9,18.18,41512.5,Cluster,External,22.0,0.076,,,2.68,2.33,6:44,,,1.0,133.31,,,,1160.0,65000.0,,1342.0,1419.64,1971.14,1482.12,2057.89,1484.6,2061.34,0.78,1.77,2015,Cluster_41512.5,True,41512.5,41512.5,106,6.733333333333333
11540.0,,0.344,-22.14,17.95,41512.74,Metal Loss,External,30.0,0.103,,,1.42,2.44,4:31,,,1.0,133.28,,MFL-A/XT,,1160.0,65000.0,,1342.0,1445.5,2007.04,1513.1,2100.9,1516.94,2106.24,0.77,1.81,2015,Metal Loss_41512.7,True,41512.74,41512.74,106,4.516666666666667
11540.0,,0.344,-22.41,17.68,41513.01,Metal Loss,External,11.0,0.038,,,1.14,2.24,4:46,,,1.0,133.24,,MFL-A/XT,,1160.0,65000.0,,1342.0,,,,,,,,,2015,Metal Loss_41513.0,True,41513.01,41513.01,106,4.766666666666667
11540.0,,0.344,-22.42,17.67,41513.01,Cluster,External,26.0,0.089,,,0.9,3.27,6:29,,,1.0,133.24,,,,1160.0,65000.0,,1342.0,1464.68,2033.67,1535.55,2132.07,1537.72,2135.09,0.76,1.84,2015,Cluster_41513.0,True,41513.01,41513.01,106,6.483333333333333
11540.0,,0.344,-22.44,17.65,41513.04,Metal Loss,External,11.0,0.038,,,0.67,0.75,5:41,,,1.0,133.23,,MFL-A/XT,,1160.0,65000.0,,1342.0,,,,,,,,,2015,Metal Loss_41513.0,True,41513.04,41513.04,106,5.683333333333334
11540.0,,0.344,-22.44,17.64,41513.04,Metal Loss,External,25.0,0.086,,,1.1,0.59,5:25,,,1.0,133.23,,MFL-A/XT,,1160.0,65000.0,,1342.0,1460.34,2027.65,1530.63,2125.24,1532.19,2127.41,0.76,1.83,2015,Metal Loss_41513.0,True,41513.04,41513.04,106,5.416666666666667
11540.0,,0.344,-22.5,17.59,41513.1,Metal Loss,External,11.0,0.038,,,0.35,0.67,5:41,,,1.0,133.23,,MFL-A/XT,,1160.0,65000.0,,1342.0,,,,,,,,,2015,Metal Loss_41513.1,True,41513.1,41513.1,106,5.683333333333334
11540.0,,0.344,-22.5,17.59,41513.1,Metal Loss,External,12.0,0.041,,,0.43,0.63,4:57,,,1.0,133.23,,MFL-A/XT,,1160.0,65000.0,,1342.0,,,,,,,,,2015,Metal Loss_41513.1,True,41513.1,41513.1,106,4.95
11540.0,,0.344,-39.91,0.18,41530.5,Metal Loss,External,15.0,0.052,,,0.32,0.83,2:31,near girth weld,,1.0,130.91,,MFL-A/XT,,1160.0,65000.0,,1342.0,1475.37,2048.52,,,,,,,2015,Metal Loss_41530.5,True,41530.5,41530.5,107,2.5166666666666666
11550.0,,0.344,-0.8,39.28,41531.48,Metal Loss,External,11.0,0.038,,,1.58,1.46,9:21,,,0.7,130.79,,MFL-A/XT,,1160.0,65000.0,,1342.0,,,,,,,,,2015,Metal Loss_41531.5,True,41531.48,41531.48,107,9.35
11550.0,,0.344,-0.83,39.24,41531.52,Metal Loss,External,11.0,0.038,,,0.79,1.53,09:00,,,0.7,130.79,,MFL-A/XT,,1160.0,65000.0,,1342.0,,,,,,,,,2015,Metal Loss_41531.5,True,41531.52,41531.52,107,9.0
11550.0,,0.344,-0.84,39.24,41531.52,Metal Loss,External,12.0,0.041,,,0.59,2.84,1:21,,,0.7,130.79,,MFL-A/XT,,1160.0,65000.0,,1342.0,,,,,,,,,2015,Metal Loss_41531.5,True,41531.52,41531.52,107,1.35
11550.0,,0.344,-0.84,39.23,41531.53,Metal Loss,External,10.0,0.034,,,0.98,1.58,5:49,,,0.7,130.78,,MFL-A/XT,,1160.0,65000.0,,1342.0,,,,,,,,,2015,Metal Loss_41531.5,True,41531.53,41531.53,107,5.816666666666666
11550.0,,0.344,-0.85,39.23,41531.53,Metal Loss,External,11.0,0.038,,,0.59,1.18,3:12,,,0.7,130.78,,MFL-A/XT,,1160.0,65000.0,,1342.0,,,,,,,,,2015,Metal Loss_41531.5,True,41531.53,41531.53,107,3.2
11550.0,,0.344,-0.85,39.23,41531.53,Metal Loss,External,23.0,0.079,,,0.83,2.09,10:25,,,0.7,130.78,,MFL-A/XT,,1160.0,65000.0,,1342.0,1468.02,2038.3,1539.4,2137.42,1540.09,2138.37,0.75,1.84,2015,Metal Loss_41531.5,True,41531.53,41531.53,107,10.416666666666666
11550.0,,0.344,-0.85,39.22,41531.54,Metal Loss,External,13.0,0.045,,,1.06,2.4,4:56,,,0.7,130.78,,MFL-A/XT,,1160.0,65000.0,,1342.0,1469.08,2039.78,,,,,,,2015,Metal Loss_41531.5,True,41531.54,41531.54,107,4.933333333333334
11550.0,,0.344,-1.0,39.07,41531.69,Metal Loss,External,11.0,0.038,,,0.71,1.26,9:15,,,0.7,130.77,,MFL-A/XT,,1160.0,65000.0,,1342.0,,,,,,,,,2015,Metal Loss_41531.7,True,41531.69,41531.69,107,9.25
11550.0,,0.344,-1.03,39.05,41531.71,Metal Loss,External,17.0,0.058,,,1.1,0.63,5:34,,,0.7,130.76,,MFL-A/XT,,1160.0,65000.0,,1342.0,1466.03,2035.54,,,,,,,2015,Metal Loss_41531.7,True,41531.71,41531.71,107,5.566666666666666
11550.0,,0.344,-1.03,39.04,41531.71,Metal Loss,External,12.0,0.041,,,0.87,2.21,5:49,,,0.7,130.76,,MFL-A/XT,,1160.0,65000.0,,1342.0,,,,,,,,,2015,Metal Loss_41531.7,True,41531.71,41531.71,107,5.816666666666666
11550.0,,0.344,-7.96,32.11,41538.65,Metal Loss,External,21.0,0.072,,,0.63,1.02,7:17,,,0.7,129.93,,MFL-A/XT,,1160.0,65000.0,,1342.0,1471.64,2043.33,1543.48,2143.08,1543.79,2143.51,0.75,1.85,2015,Metal Loss_41538.7,True,41538.65,41538.65,107,7.283333333333333
11550.0,,0.344,-8.47,31.61,41539.15,Metal Loss,External,11.0,0.038,,,2.21,1.65,6:58,,,0.7,129.87,,MFL-A/XT,,1160.0,65000.0,,1342.0,,,,,,,,,2015,Metal Loss_41539.2,True,41539.15,41539.15,107,6.966666666666667
11550.0,,0.344,-20.25,19.83,41550.93,Metal Loss,External,15.0,0.052,,,0.47,0.94,9:52,,,0.7,128.53,,MFL-A/XT,,1160.0,65000.0,,1342.0,1474.4,2047.17,,,,,,,2015,Metal Loss_41550.9,True,41550.93,41550.93,108,9.866666666666667
11550.0,,0.344,-20.38,19.7,41551.06,Metal Loss,External,11.0,0.038,,,1.85,1.53,9:33,,,0.7,128.52,,MFL-A/XT,,1160.0,65000.0,,1342.0,,,,,,,,,2015,Metal Loss_41551.1,True,41551.06,41551.06,108,9.55
11550.0,,0.344,-20.58,19.5,41551.26,Metal Loss,External,14.0,0.048,,,0.63,1.02,10:14,,,0.7,128.5,,MFL-A/XT,,1160.0,65000.0,,1342.0,1473.31,2045.66,,,,,,,2015,Metal Loss_41551.3,True,41551.26,41551.26,108,10.233333333333333
11550.0,,0.344,-20.79,19.28,41551.48,Metal Loss,External,14.0,0.048,,,0.63,1.58,10:53,,,0.7,128.48,,MFL-A/XT,,1160.0,65000.0,,1342.0,1473.42,2045.8,,,,,,,2015,Metal Loss_41551.5,True,41551.48,41551.48,108,10.883333333333333
11550.0,,0.344,-20.91,19.16,41551.6,Metal Loss,External,13.0,0.045,,,0.75,1.3,10:08,,,0.7,128.47,,MFL-A/XT,,1160.0,65000.0,,1342.0,1472.48,2044.51,,,,,,,2015,Metal Loss_41551.6,True,41551.6,41551.6,108,10.133333333333333
11550.0,,0.344,-21.12,18.96,41551.8,Metal Loss,External,13.0,0.045,,,0.91,1.14,10:18,,,0.7,128.46,,MFL-A/XT,,1160.0,65000.0,,1342.0,1471.02,2042.48,,,,,,,2015,Metal Loss_41551.8,True,41551.8,41551.8,108,10.3
11550.0,,0.344,-21.27,18.81,41551.95,Metal Loss,External,16.0,0.055,,,2.17,2.87,12:57,,,0.7,128.44,,MFL-A/XT,,1160.0,65000.0,,1342.0,1446.81,2008.86,,,,,,,2015,Metal Loss_41551.9,True,41551.95,41551.95,108,12.95
11550.0,,0.344,-21.29,18.79,41551.97,Cluster,External,26.0,0.089,,,1.48,5.66,11:38,,,0.7,128.44,,,,1160.0,65000.0,,1342.0,1449.08,2012.01,1517.54,2107.07,1522.5,2113.96,0.76,1.82,2015,Cluster_41552.0,True,41551.97,41551.97,108,11.633333333333333
11550.0,,0.344,-21.29,18.79,41551.97,Metal Loss,External,11.0,0.038,,,1.1,0.83,10:13,,,0.7,128.44,,MFL-A/XT,,1160.0,65000.0,,1342.0,,,,,,,,,2015,Metal Loss_41552.0,True,41551.97,41551.97,108,10.216666666666667
11550.0,,0.344,-21.29,18.78,41551.98,Metal Loss,External,12.0,0.041,,,1.85,1.26,1:50,,,0.7,128.44,,MFL-A/XT,,1160.0,65000.0,,1342.0,,,,,,,,,2015,Metal Loss_41552.0,True,41551.98,41551.98,108,1.8333333333333335
11550.0,,0.344,-21.97,18.1,41552.66,Metal Loss,External,10.0,0.034,,,1.38,2.32,11:57,,,0.7,128.39,,MFL-A/XT,,1160.0,65000.0,,1342.0,,,,,,,,,2015,Metal Loss_41552.7,True,41552.66,41552.66,108,11.95
11550.0,,0.344,-22.04,18.03,41552.72,Metal Loss,External,12.0,0.041,,,1.34,3.19,12:54,,,0.7,128.38,,MFL-A/XT,,1160.0,65000.0,,1342.0,,,,,,,,,2015,Metal Loss_41552.7,True,41552.72,41552.72,108,12.9
11550.0,,0.344,-22.53,17.55,41553.21,Metal Loss,External,10.0,0.034,,,1.26,2.28,12:35,,,0.7,128.35,,MFL-A/XT,,1160.0,65000.0,,1342.0,,,,,,,,,2015,Metal Loss_41553.2,True,41553.21,41553.21,108,12.583333333333334
11550.0,,0.344,-22.56,17.51,41553.25,Metal Loss,External,14.0,0.048,,,0.91,2.72,1:22,,,0.7,128.34,,MFL-A/XT,,1160.0,65000.0,,1342.0,1470.45,2041.68,,,,,,,2015,Metal Loss_41553.2,True,41553.25,41553.25,108,1.3666666666666667
11550.0,,0.344,-29.86,10.21,41560.55,Metal Loss,External,12.0,0.041,,,1.85,0.59,2:34,,,0.7,127.79,,MFL-A/XT,,1160.0,65000.0,,1342.0,,,,,,,,,2015,Metal Loss_41560.6,True,41560.55,41560.55,108,2.5666666666666664
11550.0,,0.344,-31.75,8.33,41562.43,Metal Loss,External,10.0,0.034,,,1.93,0.91,2:26,,,0.7,127.68,,MFL-A/XT,,1160.0,65000.0,,1342.0,,,,,,,,,2015,Metal Loss_41562.4,True,41562.43,41562.43,108,2.4333333333333336
11550.0,,0.344,-31.75,8.32,41562.44,Metal Loss,External,11.0,0.038,,,0.67,1.34,2:02,,,0.7,127.68,,MFL-A/XT,,1160.0,65000.0,,1342.0,,,,,,,,,2015,Metal Loss_41562.4,True,41562.44,41562.44,108,2.033333333333333
11550.0,,0.344,-32.69,7.39,41563.37,Metal Loss,External,10.0,0.034,,,0.79,1.26,2:22,,,0.7,127.64,,MFL-A/XT,,1160.0,65000.0,,1342.0,,,,,,,,,2015,Metal Loss_41563.4,True,41563.37,41563.37,108,2.3666666666666667
11550.0,,0.344,-34.32,5.75,41565.01,Metal Loss,External,11.0,0.038,,,1.42,1.97,7:27,,,0.7,127.58,,MFL-A/XT,,1160.0,65000.0,,1342.0,,,,,,,,,2015,Metal Loss_41565.0,True,41565.01,41565.01,108,7.45
11550.0,,0.344,-34.62,5.46,41565.3,Metal Loss,External,10.0,0.034,,,1.18,1.5,7:40,,,0.7,127.57,,MFL-A/XT,,1160.0,65000.0,,1342.0,,,,,,,,,2015,Metal Loss_41565.3,True,41565.3,41565.3,108,7.666666666666667
11550.0,,0.344,-34.94,5.14,41565.62,Metal Loss,External,14.0,0.048,,,1.18,1.53,7:20,,,0.7,127.56,,MFL-A/XT,,1160.0,65000.0,,1342.0,1467.0,2036.89,,,,,,,2015,Metal Loss_41565.6,True,41565.62,41565.62,108,7.333333333333333
11550.0,,0.344,-35.57,4.5,41566.26,Metal Loss,External,11.0,0.038,,,0.51,0.75,7:49,,,0.7,127.55,,MFL-A/XT,,1160.0,65000.0,,1342.0,,,,,,,,,2015,Metal Loss_41566.3,True,41566.26,41566.26,108,7.816666666666666
11550.0,,0.344,-35.66,4.42,41566.34,Cluster,External,17.0,0.058,,,1.68,2.12,7:51,,,0.7,127.54,,,,1160.0,65000.0,,1342.0,1454.76,2019.89,,,,,,,2015,Cluster_41566.3,True,41566.34,41566.34,108,7.85
11550.0,,0.344,-38.87,1.21,41569.55,Metal Loss,External,11.0,0.038,,,1.42,1.73,9:29,,,0.7,127.54,,MFL-A/XT,,1160.0,65000.0,,1342.0,,,,,,,,,2015,Metal Loss_41569.6,True,41569.55,41569.55,108,9.483333333333333
11550.0,,0.344,-38.94,1.14,41569.62,Metal Loss,External,10.0,0.034,,,0.79,1.73,11:03,,,0.7,127.54,,MFL-A/XT,,1160.0,65000.0,,1342.0,,,,,,,,,2015,Metal Loss_41569.6,True,41569.62,41569.62,108,11.05
11560.0,,0.344,-0.02,40.05,41570.78,Metal Loss,External,15.0,0.052,,,0.71,1.77,7:45,affecting girth weld,,1.0,127.56,,MFL-A/XT,,1160.0,65000.0,,1342.0,1472.37,2044.34,,,,,,,2015,Metal Loss_41570.8,True,41570.78,41570.78,108,7.75
11560.0,,0.344,-0.62,39.45,41571.38,Metal Loss,External,11.0,0.038,,,0.94,1.53,7:34,,,1.0,127.57,,MFL-A/XT,,1160.0,65000.0,,1342.0,,,,,,,,,2015,Metal Loss_41571.4,True,41571.38,41571.38,108,7.566666666666666
11560.0,,0.344,-0.62,39.44,41571.38,Metal Loss,External,10.0,0.034,,,0.55,1.3,8:02,,,1.0,127.57,,MFL-A/XT,,1160.0,65000.0,,1342.0,,,,,,,,,2015,Metal Loss_41571.4,True,41571.38,41571.38,108,8.033333333333333
11560.0,,0.344,-0.92,39.15,41571.68,Metal Loss,External,29.0,0.1,,,0.83,1.1,8:06,,,1.0,127.57,,MFL-A/XT,,1160.0,65000.0,,1342.0,1465.09,2034.24,1535.92,2132.59,1537.26,2134.44,0.76,1.84,2015,Metal Loss_41571.7,True,41571.68,41571.68,108,8.1
11560.0,,0.344,-1.25,38.82,41572.01,Metal Loss,External,10.0,0.034,,,0.43,0.75,7:57,,,1.0,127.58,,MFL-A/XT,,1160.0,65000.0,,1342.0,,,,,,,,,2015,Metal Loss_41572.0,True,41572.01,41572.01,108,7.95
11560.0,,0.344,-39.09,0.97,41609.85,Metal Loss,External,53.0,0.182,,,0.55,1.38,7:48,Repaired?,,1.0,128.8,,MFL-A/XT,,1160.0,65000.0,,1342.0,1464.64,2033.62,1534.2,2130.2,1536.75,2133.74,0.76,1.84,2015,Metal Loss_41609.8,True,41609.85,41609.85,109,7.8
11560.0,,0.344,-39.11,0.95,41609.87,Metal Loss,External,21.0,0.072,,,0.55,1.1,8:49,Repaired?,,1.0,128.8,,MFL-A/XT,,1160.0,65000.0,,1342.0,1472.74,2044.86,1544.7,2144.77,1544.93,2145.1,0.75,1.85,2015,Metal Loss_41609.9,True,41609.87,41609.87,109,8.816666666666666
11570.0,,0.344,-0.82,39.18,41611.64,Metal Loss,External,19.0,0.065,,,2.17,1.26,10:11,Recoat,,0.7,128.88,,MFL-A/XT,,1160.0,65000.0,,1342.0,1440.65,2000.3,,,,,,,2015,Metal Loss_41611.6,True,41611.64,41611.64,109,10.183333333333334
11570.0,,0.344,-0.86,39.14,41611.68,Cluster,External,30.0,0.103,,,1.92,3.27,9:15,Recoat,,0.7,128.88,,,,1160.0,65000.0,,1342.0,1425.35,1979.06,1488.96,2067.38,1503.52,2087.6,0.78,1.78,2015,Cluster_41611.7,True,41611.68,41611.68,109,9.25
11570.0,,0.344,-0.86,39.13,41611.69,Metal Loss,External,11.0,0.038,,,1.53,2.01,8:30,Recoat,,0.7,128.88,,MFL-A/XT,,1160.0,65000.0,,1342.0,,,,,,,,,2015,Metal Loss_41611.7,True,41611.69,41611.69,109,8.5
11570.0,,0.344,-0.87,39.12,41611.7,Metal Loss,External,13.0,0.045,,,1.93,1.38,7:57,Recoat,,0.7,128.89,,MFL-A/XT,,1160.0,65000.0,,1342.0,1456.62,2022.49,,,,,,,2015,Metal Loss_41611.7,True,41611.7,41611.7,109,7.95
11570.0,,0.344,-0.89,39.11,41611.71,Metal Loss,External,19.0,0.065,,,0.71,1.85,7:10,Recoat,,0.7,128.89,,MFL-A/XT,,1160.0,65000.0,,1342.0,1471.2,2042.72,,,,,,,2015,Metal Loss_41611.7,True,41611.71,41611.71,109,7.166666666666667
11570.0,,0.344,-0.89,39.1,41611.72,Metal Loss,External,11.0,0.038,,,1.65,2.79,6:19,Recoat,,0.7,128.89,,MFL-A/XT,,1160.0,65000.0,,1342.0,,,,,,,,,2015,Metal Loss_41611.7,True,41611.72,41611.72,109,6.316666666666666
11570.0,,0.344,-30.86,9.14,41641.68,Metal Loss,External,15.0,0.052,,,1.58,2.21,6:38,,,0.7,130.49,,MFL-A/XT,,1160.0,65000.0,,1342.0,1459.69,2026.75,,,,,,,2015,Metal Loss_41641.7,True,41641.68,41641.68,110,6.633333333333333
11570.0,,0.344,-31.81,8.18,41642.64,Metal Loss,External,10.0,0.034,,,1.1,1.18,4:28,,,0.7,130.54,,MFL-A/XT,,1160.0,65000.0,,1342.0,,,,,,,,,2015,Metal Loss_41642.6,True,41642.64,41642.64,110,4.466666666666667
11570.0,,0.344,-34.85,5.15,41645.67,Metal Loss,External,25.0,0.086,,,0.67,1.5,10:30,,,0.7,130.67,,MFL-A/XT,,1160.0,65000.0,,1342.0,1469.97,2041.02,1541.56,2140.41,1542.17,2141.26,0.75,1.85,2015,Metal Loss_41645.7,True,41645.67,41645.67,110,10.5
11570.0,,0.344,-35.53,4.47,41646.35,Metal Loss,External,10.0,0.034,,,1.42,1.85,9:56,,,0.7,130.69,,MFL-A/XT,,1160.0,65000.0,,1342.0,,,,,,,,,2015,Metal Loss_41646.3,True,41646.35,41646.35,110,9.933333333333334
11570.0,,0.344,-35.73,4.26,41646.56,Metal Loss,External,11.0,0.038,,,0.75,1.3,8:05,,,0.7,130.69,,MFL-A/XT,,1160.0,65000.0,,1342.0,,,,,,,,,2015,Metal Loss_41646.6,True,41646.56,41646.56,110,8.083333333333334
11580.0,,0.344,-2.37,37.73,41653.19,Metal Loss,External,10.0,0.034,,,1.89,0.91,1:32,Recoat,,1.0,130.9,,MFL-A/XT,,1160.0,65000.0,,1342.0,,,,,,,,,2015,Metal Loss_41653.2,True,41653.19,41653.19,110,1.5333333333333332
11580.0,,0.344,-2.94,37.16,41653.76,Cluster,External,28.0,0.096,,,1.81,4.4,7:14,Recoat,,1.0,130.92,,,,1160.0,65000.0,,1342.0,1433.79,1990.78,1499.29,2081.72,1501.99,2085.47,0.77,1.79,2015,Cluster_41653.8,True,41653.76,41653.76,110,7.233333333333333
11580.0,,0.344,-3.19,36.91,41654.01,Metal Loss,External,16.0,0.055,,,1.46,2.24,9:54,Recoat,,1.0,130.93,,MFL-A/XT,,1160.0,65000.0,,1342.0,1460.5,2027.87,,,,,,,2015,Metal Loss_41654.0,True,41654.01,41654.01,110,9.9
11580.0,,0.344,-3.21,36.89,41654.03,Cluster,External,17.0,0.058,,,1.93,4.32,8:41,Recoat,,1.0,130.93,,,,1160.0,65000.0,,1342.0,1449.76,2012.95,,,,,,,2015,Cluster_41654.0,True,41654.03,41654.03,110,8.683333333333334
11580.0,,0.344,-3.5,36.6,41654.32,Metal Loss,External,12.0,0.041,,,0.75,1.02,9:35,Recoat,,1.0,130.93,,MFL-A/XT,,1160.0,65000.0,,1342.0,,,,,,,,,2015,Metal Loss_41654.3,True,41654.32,41654.32,110,9.583333333333334
11580.0,,0.344,-3.66,36.44,41654.48,Metal Loss,External,12.0,0.041,,,1.69,1.81,8:27,Recoat,,1.0,130.94,,MFL-A/XT,,1160.0,65000.0,,1342.0,,,,,,,,,2015,Metal Loss_41654.5,True,41654.48,41654.48,110,8.45
11580.0,,0.344,-3.7,36.4,41654.52,Metal Loss,External,11.0,0.038,,,0.59,0.87,10:03,Recoat,,1.0,130.94,,MFL-A/XT,,1160.0,65000.0,,1342.0,,,,,,,,,2015,Metal Loss_41654.5,True,41654.52,41654.52,110,10.05
11580.0,,0.344,-4.51,35.58,41655.34,Metal Loss,External,10.0,0.034,,,1.65,1.22,9:35,Recoat,,1.0,130.96,,MFL-A/XT,,1160.0,65000.0,,1342.0,,,,,,,,,2015,Metal Loss_41655.3,True,41655.34,41655.34,110,9.583333333333334
11580.0,,0.344,-6.43,33.67,41657.25,Metal Loss,External,17.0,0.058,,,1.65,2.13,10:09,Recoat,,1.0,130.98,,MFL-A/XT,,1160.0,65000.0,,1342.0,1455.52,2020.96,,,,,,,2015,Metal Loss_41657.2,True,41657.25,41657.25,110,10.15
11580.0,,0.344,-8.01,32.09,41658.83,Metal Loss,External,11.0,0.038,,,1.14,1.42,6:57,Recoat,,1.0,131.0,,MFL-A/XT,,1160.0,65000.0,,1342.0,,,,,,,,,2015,Metal Loss_41658.8,True,41658.83,41658.83,110,6.95
11580.0,,0.344,-8.52,31.57,41659.35,Metal Loss,External,11.0,0.038,,,1.02,1.42,4:55,Recoat,,1.0,131.0,,MFL-A/XT,,1160.0,65000.0,,1342.0,,,,,,,,,2015,Metal Loss_41659.3,True,41659.35,41659.35,110,4.916666666666667
11580.0,,0.344,-9.5,30.6,41660.32,Metal Loss,External,11.0,0.038,,,2.01,0.63,12:57,Recoat,,1.0,131.01,,MFL-A/XT,,1160.0,65000.0,,1342.0,,,,,,,,,2015,Metal Loss_41660.3,True,41660.32,41660.32,110,12.95
11580.0,,0.344,-9.57,30.53,41660.39,Metal Loss,External,40.0,0.138,,,1.3,1.38,1:43,Recoat,,1.0,131.01,,MFL-A/XT,,1160.0,65000.0,,1342.0,1438.22,1996.93,1503.41,2087.44,1509.7,2096.18,0.77,1.8,2015,Metal Loss_41660.4,True,41660.39,41660.39,110,1.7166666666666668
11580.0,,0.344,-10.54,29.56,41661.36,Metal Loss,External,69.0,0.237,,,1.02,0.87,2:01,Repaired?,,1.0,131.02,,MFL-A/XT,,1160.0,65000.0,,1342.0,1418.3,1969.28,1469.03,2039.71,1486.8,2064.38,0.79,1.76,2015,Metal Loss_41661.4,True,41661.36,41661.36,110,2.0166666666666666
11580.0,,0.344,-11.71,28.39,41662.54,Cluster,External,21.0,0.072,,,1.97,1.3,8:08,Recoat,,1.0,131.02,,,,1160.0,65000.0,,1342.0,1441.62,2001.65,1508.9,2095.07,1515.34,2104.01,0.77,1.81,2015,Cluster_41662.5,True,41662.54,41662.54,110,8.133333333333333
11580.0,,0.344,-18.11,21.99,41668.93,Metal Loss,External,14.0,0.048,,,0.59,0.59,3:45,Repaired?,,1.0,130.93,,MFL-A/XT,,1160.0,65000.0,,1342.0,1473.62,2046.09,,,,,,,2015,Metal Loss_41668.9,True,41668.93,41668.93,110,3.75
11580.0,,0.344,-18.19,21.91,41669.01,Cluster,External,38.0,0.131,,,2.59,4.32,10:37,Repaired?,,1.0,130.92,,,,1160.0,65000.0,,1342.0,1372.58,1905.8,1422.01,1974.43,1481.6,2057.16,0.82,1.7,2015,Cluster_41669.0,True,41669.01,41669.01,110,10.616666666666667
11580.0,,0.344,-18.38,21.72,41669.2,Metal Loss,External,11.0,0.038,,,0.32,0.94,10:21,Repaired?,,1.0,130.92,,MFL-A/XT,,1160.0,65000.0,,1342.0,,,,,,,,,2015,Metal Loss_41669.2,True,41669.2,41669.2,110,10.35
11580.0,,0.344,-18.54,21.56,41669.36,Cluster,External,45.0,0.155,,,2.36,1.61,10:18,Repaired?,,1.0,130.91,,,,1160.0,65000.0,,1342.0,1362.69,1892.06,1407.63,1954.46,1474.84,2047.77,0.82,1.68,2015,Cluster_41669.4,True,41669.36,41669.36,110,10.3
11580.0,,0.344,-19.54,20.56,41670.36,Metal Loss,External,11.0,0.038,,,0.32,0.63,3:11,Repaired?,,1.0,130.87,,MFL-A/XT,,1160.0,65000.0,,1342.0,,,,,,,,,2015,Metal Loss_41670.4,True,41670.36,41670.36,110,3.183333333333333
11580.0,,0.344,-19.54,20.56,41670.36,Metal Loss,External,10.0,0.034,,,0.32,0.59,3:46,Repaired?,,1.0,130.87,,MFL-A/XT,,1160.0,65000.0,,1342.0,,,,,,,,,2015,Metal Loss_41670.4,True,41670.36,41670.36,110,3.7666666666666666
11580.0,,0.344,-19.96,20.14,41670.78,Metal Loss,External,15.0,0.052,,,1.93,0.91,1:31,Repaired?,,1.0,130.85,,MFL-A/XT,,1160.0,65000.0,,1342.0,1453.11,2017.6,,,,,,,2015,Metal Loss_41670.8,True,41670.78,41670.78,110,1.5166666666666666
11580.0,,0.344,-20.0,20.1,41670.82,Metal Loss,External,12.0,0.041,,,0.59,1.14,1:49,Repaired?,,1.0,130.85,,MFL-A/XT,,1160.0,65000.0,,1342.0,,,,,,,,,2015,Metal Loss_41670.8,True,41670.82,41670.82,110,1.8166666666666667
11580.0,,0.344,-20.1,19.99,41670.93,Metal Loss,External,11.0,0.038,,,0.63,1.18,1:57,Repaired?,,1.0,130.84,,MFL-A/XT,,1160.0,65000.0,,1342.0,,,,,,,,,2015,Metal Loss_41670.9,True,41670.93,41670.93,110,1.95
11580.0,,0.344,-20.15,19.94,41670.98,Cluster,External,20.0,0.069,,,1.57,3.96,3:14,Repaired?,,1.0,130.84,,,,1160.0,65000.0,,1342.0,1453.37,2017.97,1522.75,2114.3,1525.14,2117.62,0.76,1.82,2015,Cluster_41671.0,True,41670.98,41670.98,110,3.2333333333333334
11580.0,,0.344,-20.27,19.83,41671.09,Metal Loss,External,12.0,0.041,,,0.59,0.87,2:06,Repaired?,,1.0,130.83,,MFL-A/XT,,1160.0,65000.0,,1342.0,,,,,,,,,2015,Metal Loss_41671.1,True,41671.09,41671.09,110,2.1
11580.0,,0.344,-20.94,19.16,41671.76,Metal Loss,External,12.0,0.041,,,1.53,1.22,3:17,Repaired?,,1.0,130.8,,MFL-A/XT,,1160.0,65000.0,,1342.0,,,,,,,,,2015,Metal Loss_41671.8,True,41671.76,41671.76,110,3.283333333333333
11580.0,,0.344,-21.42,18.68,41672.24,Metal Loss,External,22.0,0.076,,,0.79,1.3,2:24,Repaired?,,1.0,130.77,,MFL-A/XT,,1160.0,65000.0,,1342.0,1468.86,2039.48,1540.36,2138.76,1540.92,2139.53,0.75,1.84,2015,Metal Loss_41672.2,True,41672.24,41672.24,110,2.4
11580.0,,0.344,-21.48,18.62,41672.3,Metal Loss,External,16.0,0.055,,,0.94,0.83,3:25,Repaired?,,1.0,130.77,,MFL-A/XT,,1160.0,65000.0,,1342.0,1469.03,2039.71,,,,,,,2015,Metal Loss_41672.3,True,41672.3,41672.3,110,3.4166666666666665
11580.0,,0.344,-21.72,18.38,41672.54,Metal Loss,External,14.0,0.048,,,0.47,0.59,3:29,Repaired?,,1.0,130.75,,MFL-A/XT,,1160.0,65000.0,,1342.0,1474.53,2047.35,,,,,,,2015,Metal Loss_41672.5,True,41672.54,41672.54,110,3.4833333333333334
11580.0,,0.344,-21.77,18.33,41672.59,Metal Loss,External,13.0,0.045,,,0.59,1.02,2:07,Repaired?,,1.0,130.75,,MFL-A/XT,,1160.0,65000.0,,1342.0,1473.91,2046.49,,,,,,,2015,Metal Loss_41672.6,True,41672.59,41672.59,110,2.1166666666666667
11580.0,,0.344,-21.86,18.23,41672.69,Metal Loss,External,13.0,0.045,,,0.59,1.1,2:10,Repaired?,,1.0,130.74,,MFL-A/XT,,1160.0,65000.0,,1342.0,1473.91,2046.49,,,,,,,2015,Metal Loss_41672.7,True,41672.69,41672.69,110,2.1666666666666665
11580.0,,0.344,-22.08,18.02,41672.9,Metal Loss,External,10.0,0.034,,,0.63,0.59,3:29,Repaired?,,1.0,130.72,,MFL-A/XT,,1160.0,65000.0,,1342.0,,,,,,,,,2015,Metal Loss_41672.9,True,41672.9,41672.9,110,3.4833333333333334
11580.0,,0.344,-22.2,17.9,41673.02,Cluster,External,40.0,0.138,,,0.83,2.58,3:28,Repaired?,,1.0,130.71,,,,1160.0,65000.0,,1342.0,1459.45,2026.41,1528.83,2122.74,1533.5,2129.23,0.76,1.83,2015,Cluster_41673.0,True,41673.02,41673.02,110,3.466666666666667
11580.0,,0.344,-22.27,17.83,41673.09,Metal Loss,External,11.0,0.038,,,0.51,0.87,2:28,Repaired?,,1.0,130.71,,MFL-A/XT,,1160.0,65000.0,,1342.0,,,,,,,,,2015,Metal Loss_41673.1,True,41673.09,41673.09,110,2.466666666666667
11580.0,,0.344,-22.35,17.75,41673.17,Metal Loss,External,11.0,0.038,,,0.55,0.87,2:32,Repaired?,,1.0,130.7,,MFL-A/XT,,1160.0,65000.0,,1342.0,,,,,,,,,2015,Metal Loss_41673.2,True,41673.17,41673.17,110,2.533333333333333
11580.0,,0.344,-22.4,17.7,41673.22,Metal Loss,External,15.0,0.052,,,0.43,0.59,3:31,Repaired?,,1.0,130.7,,MFL-A/XT,,1160.0,65000.0,,1342.0,1474.74,2047.64,,,,,,,2015,Metal Loss_41673.2,True,41673.22,41673.22,110,3.5166666666666666
11580.0,,0.344,-22.48,17.62,41673.3,Metal Loss,External,13.0,0.045,,,0.43,0.63,3:27,Repaired?,,1.0,130.69,,MFL-A/XT,,1160.0,65000.0,,1342.0,1474.95,2047.93,,,,,,,2015,Metal Loss_41673.3,True,41673.3,41673.3,110,3.45
11580.0,,0.344,-22.49,17.61,41673.31,Metal Loss,External,10.0,0.034,,,1.02,1.34,8:49,Repaired?,,1.0,130.69,,MFL-A/XT,,1160.0,65000.0,,1342.0,,,,,,,,,2015,Metal Loss_41673.3,True,41673.31,41673.31,110,8.816666666666666
11580.0,,0.344,-22.67,17.43,41673.49,Metal Loss,External,11.0,0.038,,,0.51,0.94,2:25,Repaired?,,1.0,130.68,,MFL-A/XT,,1160.0,65000.0,,1342.0,,,,,,,,,2015,Metal Loss_41673.5,True,41673.49,41673.49,110,2.4166666666666665
11580.0,,0.344,-22.72,17.38,41673.54,Metal Loss,External,14.0,0.048,,,0.71,0.98,10:11,Repaired?,,1.0,130.68,,MFL-A/XT,,1160.0,65000.0,,1342.0,1472.65,2044.73,,,,,,,2015,Metal Loss_41673.5,True,41673.54,41673.54,110,10.183333333333334
11580.0,,0.344,-22.87,17.23,41673.69,Cluster,External,21.0,0.072,,,1.14,3.06,3:29,Repaired?,,1.0,130.67,,,,1160.0,65000.0,,1342.0,1462.45,2030.58,1533.16,2128.75,1533.5,2129.23,0.76,1.84,2015,Cluster_41673.7,True,41673.69,41673.69,110,3.4833333333333334
11580.0,,0.344,-23.08,17.02,41673.9,Cluster,External,33.0,0.114,,,1.1,2.89,3:27,Repaired?,,1.0,130.65,,,,1160.0,65000.0,,1342.0,1454.0,2018.84,1522.88,2114.48,1526.3,2119.22,0.76,1.82,2015,Cluster_41673.9,True,41673.9,41673.9,110,3.45
11580.0,,0.344,-23.1,17.0,41673.92,Metal Loss,External,17.0,0.058,,,0.43,1.26,2:14,Repaired?,,1.0,130.65,,MFL-A/XT,,1160.0,65000.0,,1342.0,1474.52,2047.33,,,,,,,2015,Metal Loss_41673.9,True,41673.92,41673.92,110,2.2333333333333334
11580.0,,0.344,-23.25,16.85,41674.07,Metal Loss,External,23.0,0.079,,,0.63,1.02,10:12,Repaired?,,1.0,130.64,,MFL-A/XT,,1160.0,65000.0,,1342.0,1471.31,2042.88,1543.09,2142.54,1543.5,2143.11,0.75,1.85,2015,Metal Loss_41674.1,True,41674.07,41674.07,110,10.2
11580.0,,0.344,-23.26,16.84,41674.08,Metal Loss,External,18.0,0.062,,,0.79,1.06,2:18,Repaired?,,1.0,130.64,,MFL-A/XT,,1160.0,65000.0,,1342.0,1470.37,2041.57,,,,,,,2015,Metal Loss_41674.1,True,41674.08,41674.08,110,2.3
11580.0,,0.344,-23.31,16.79,41674.14,Metal Loss,External,10.0,0.034,,,0.67,0.67,3:28,Repaired?,,1.0,130.64,,MFL-A/XT,,1160.0,65000.0,,1342.0,,,,,,,,,2015,Metal Loss_41674.1,True,41674.14,41674.14,110,3.466666666666667
11580.0,,0.344,-23.47,16.63,41674.29,Metal Loss,External,22.0,0.076,,,0.75,2.4,3:29,Repaired?,,1.0,130.62,,MFL-A/XT,,1160.0,65000.0,,1342.0,1469.69,2040.62,1541.29,2140.04,1541.78,2140.73,0.75,1.84,2015,Metal Loss_41674.3,True,41674.29,41674.29,110,3.4833333333333334
11580.0,,0.344,-23.48,16.62,41674.3,Metal Loss,External,22.0,0.076,,,0.67,1.06,8:46,Repaired?,,1.0,130.62,,MFL-A/XT,,1160.0,65000.0,,1342.0,1470.84,2042.23,1542.58,2141.83,1542.99,2142.4,0.75,1.85,2015,Metal Loss_41674.3,True,41674.3,41674.3,110,8.766666666666667
11580.0,,0.344,-23.54,16.56,41674.36,Metal Loss,External,10.0,0.034,,,1.93,1.69,4:49,Repaired?,,1.0,130.62,,MFL-A/XT,,1160.0,65000.0,,1342.0,,,,,,,,,2015,Metal Loss_41674.4,True,41674.36,41674.36,110,4.816666666666666
11580.0,,0.344,-23.55,16.55,41674.37,Metal Loss,External,14.0,0.048,,,0.71,1.18,10:12,Repaired?,,1.0,130.62,,MFL-A/XT,,1160.0,65000.0,,1342.0,1472.65,2044.73,,,,,,,2015,Metal Loss_41674.4,True,41674.37,41674.37,110,10.2
11580.0,,0.344,-23.72,16.38,41674.54,Metal Loss,External,18.0,0.062,,,0.43,0.79,3:49,Repaired?,,1.0,130.6,,MFL-A/XT,,1160.0,65000.0,,1342.0,1474.41,2047.18,,,,,,,2015,Metal Loss_41674.5,True,41674.54,41674.54,110,3.8166666666666664
11580.0,,0.344,-23.8,16.29,41674.63,Metal Loss,External,14.0,0.048,,,0.43,0.59,3:48,Repaired?,,1.0,130.6,,MFL-A/XT,,1160.0,65000.0,,1342.0,1474.85,2047.79,,,,,,,2015,Metal Loss_41674.6,True,41674.63,41674.63,110,3.8
11580.0,,0.344,-23.81,16.29,41674.63,Metal Loss,External,39.0,0.134,,,0.79,1.18,2:26,Repaired?,,1.0,130.6,,MFL-A/XT,,1160.0,65000.0,,1342.0,1461.27,2028.94,1531.05,2125.82,1533.47,2129.19,0.76,1.83,2015,Metal Loss_41674.6,True,41674.63,41674.63,110,2.4333333333333336
11580.0,,0.344,-23.81,16.29,41674.63,Metal Loss,External,17.0,0.058,,,0.67,1.5,10:06,Repaired?,,1.0,130.6,,MFL-A/XT,,1160.0,65000.0,,1342.0,1472.35,2044.32,,,,,,,2015,Metal Loss_41674.6,True,41674.63,41674.63,110,10.1
11580.0,,0.344,-23.87,16.22,41674.7,Metal Loss,External,29.0,0.1,,,1.53,2.52,3:35,Repaired?,,1.0,130.59,,MFL-A/XT,,1160.0,65000.0,,1342.0,1442.38,2002.71,1509.48,2095.87,1513.55,2101.53,0.77,1.81,2015,Metal Loss_41674.7,True,41674.7,41674.7,110,3.5833333333333335
11580.0,,0.344,-24.01,16.09,41674.83,Metal Loss,External,14.0,0.048,,,0.83,1.22,10:11,Repaired?,,1.0,130.58,,MFL-A/XT,,1160.0,65000.0,,1342.0,1471.41,2043.01,,,,,,,2015,Metal Loss_41674.8,True,41674.83,41674.83,110,10.183333333333334
11580.0,,0.344,-24.05,16.05,41674.87,Metal Loss,External,16.0,0.055,,,1.06,0.83,3:06,Repaired?,,1.0,130.58,,MFL-A/XT,,1160.0,65000.0,,1342.0,1467.25,2037.24,,,,,,,2015,Metal Loss_41674.9,True,41674.87,41674.87,110,3.1
11580.0,,0.344,-24.07,16.03,41674.89,Cluster,External,18.0,0.062,,,2.8,2.85,9:23,Repaired?,,1.0,130.58,,,,1160.0,65000.0,,1342.0,1428.36,1983.24,,,,,,,2015,Cluster_41674.9,True,41674.89,41674.89,110,9.383333333333333
11580.0,,0.344,-24.37,15.73,41675.19,Metal Loss,External,10.0,0.034,,,0.47,0.94,10:04,Repaired?,,1.0,130.55,,MFL-A/XT,,1160.0,65000.0,,1342.0,,,,,,,,,2015,Metal Loss_41675.2,True,41675.19,41675.19,110,10.066666666666666
11580.0,,0.344,-24.4,15.7,41675.22,Cluster,External,50.0,0.172,,,0.97,4.88,1:52,Repaired?,,1.0,130.55,,,,1160.0,65000.0,,1342.0,1444.51,2005.67,1509.6,2096.04,1518.97,2109.05,0.77,1.81,2015,Cluster_41675.2,True,41675.22,41675.22,110,1.8666666666666667
11580.0,,0.344,-24.51,15.59,41675.33,Metal Loss,External,10.0,0.034,,,0.87,1.26,9:51,Repaired?,,1.0,130.54,,MFL-A/XT,,1160.0,65000.0,,1342.0,,,,,,,,,2015,Metal Loss_41675.3,True,41675.33,41675.33,110,9.85
11580.0,,0.344,-24.52,15.58,41675.34,Metal Loss,External,11.0,0.038,,,1.1,0.59,3:30,Repaired?,,1.0,130.54,,MFL-A/XT,,1160.0,65000.0,,1342.0,,,,,,,,,2015,Metal Loss_41675.3,True,41675.34,41675.34,110,3.5
11580.0,,0.344,-24.55,15.55,41675.37,Metal Loss,External,17.0,0.058,,,1.1,0.83,3:48,Repaired?,,1.0,130.54,,MFL-A/XT,,1160.0,65000.0,,1342.0,1466.03,2035.54,,,,,,,2015,Metal Loss_41675.4,True,41675.37,41675.37,110,3.8
11580.0,,0.344,-24.64,15.46,41675.46,Metal Loss,External,11.0,0.038,,,0.51,0.94,10:16,Repaired?,,1.0,130.53,,MFL-A/XT,,1160.0,65000.0,,1342.0,,,,,,,,,2015,Metal Loss_41675.5,True,41675.46,41675.46,110,10.266666666666667
11580.0,,0.344,-24.74,15.36,41675.56,Metal Loss,External,13.0,0.045,,,0.98,1.1,9:48,Repaired?,,1.0,130.52,,MFL-A/XT,,1160.0,65000.0,,1342.0,1470.08,2041.17,,,,,,,2015,Metal Loss_41675.6,True,41675.56,41675.56,110,9.8
11580.0,,0.344,-24.82,15.28,41675.64,Metal Loss,External,38.0,0.131,,,0.71,0.98,10:15,Repaired?,,1.0,130.52,,MFL-A/XT,,1160.0,65000.0,,1342.0,1464.55,2033.5,1534.96,2131.25,1536.8,2133.81,0.76,1.84,2015,Metal Loss_41675.6,True,41675.64,41675.64,110,10.25
11580.0,,0.344,-24.98,15.12,41675.8,Metal Loss,External,34.0,0.117,,,0.91,1.3,2:25,Repaired?,,1.0,130.5,,MFL-A/XT,,1160.0,65000.0,,1342.0,1460.33,2027.63,1530.22,2124.67,1532.48,2127.81,0.76,1.83,2015,Metal Loss_41675.8,True,41675.8,41675.8,110,2.4166666666666665
11580.0,,0.344,-25.35,14.75,41676.17,Metal Loss,External,17.0,0.058,,,1.93,3.07,9:43,Repaired?,,1.0,130.48,,MFL-A/XT,,1160.0,65000.0,,1342.0,1449.69,2012.87,,,,,,,2015,Metal Loss_41676.2,True,41676.17,41676.17,110,9.716666666666667
11580.0,,0.344,-25.49,14.61,41676.31,Metal Loss,External,36.0,0.124,,,0.75,1.34,8:30,Repaired?,,1.0,130.46,,MFL-A/XT,,1160.0,65000.0,,1342.0,1464.28,2033.11,1534.72,2130.92,1536.52,2133.42,0.76,1.84,2015,Metal Loss_41676.3,True,41676.31,41676.31,110,8.5
11580.0,,0.344,-25.64,14.46,41676.46,Metal Loss,External,39.0,0.134,,,0.63,1.39,8:35,Repaired?,,1.0,130.45,,MFL-A/XT,,1160.0,65000.0,,1342.0,1466.39,2036.05,1537.06,2134.18,1538.66,2136.39,0.75,1.84,2015,Metal Loss_41676.5,True,41676.46,41676.46,110,8.583333333333334
11580.0,,0.344,-25.96,14.14,41676.78,Metal Loss,External,17.0,0.058,,,0.79,1.34,8:37,Repaired?,,1.0,130.43,,MFL-A/XT,,1160.0,65000.0,,1342.0,1470.73,2042.08,,,,,,,2015,Metal Loss_41676.8,True,41676.78,41676.78,110,8.616666666666667
11580.0,,0.344,-26.38,13.72,41677.2,Metal Loss,External,19.0,0.065,,,0.63,1.06,10:17,Repaired?,,1.0,130.39,,MFL-A/XT,,1160.0,65000.0,,1342.0,1472.13,2044.02,,,,,,,2015,Metal Loss_41677.2,True,41677.2,41677.2,110,10.283333333333333
11580.0,,0.344,-26.6,13.5,41677.42,Metal Loss,External,20.0,0.069,,,1.5,1.77,9:42,Repaired?,,1.0,130.38,,MFL-A/XT,,1160.0,65000.0,,1342.0,1455.18,2020.48,1524.84,2117.2,1526.07,2118.91,0.76,1.83,2015,Metal Loss_41677.4,True,41677.42,41677.42,110,9.7
11580.0,,0.344,-26.99,13.11,41677.81,Metal Loss,External,12.0,0.041,,,1.81,1.73,10:06,Repaired?,,1.0,130.34,,MFL-A/XT,,1160.0,65000.0,,1342.0,,,,,,,,,2015,Metal Loss_41677.8,True,41677.81,41677.81,110,10.1
11580.0,,0.344,-27.83,12.27,41678.65,Metal Loss,External,10.0,0.034,,,1.85,2.87,10:07,,,1.0,130.28,,MFL-A/XT,,1160.0,65000.0,,1342.0,,,,,,,,,2015,Metal Loss_41678.7,True,41678.65,41678.65,110,10.116666666666667
11580.0,,0.344,-28.66,11.44,41679.48,Metal Loss,External,16.0,0.055,,,1.18,1.34,10:13,,,1.0,130.21,,MFL-A/XT,,1160.0,65000.0,,1342.0,1465.54,2034.86,,,,,,,2015,Metal Loss_41679.5,True,41679.48,41679.48,110,10.216666666666667
11580.0,,0.344,-39.03,1.07,41689.85,Metal Loss,External,13.0,0.045,,,0.83,3.39,2:50,,,1.0,129.37,,MFL-A/XT,,1160.0,65000.0,,1342.0,1471.78,2043.53,,,,,,,2015,Metal Loss_41689.8,True,41689.85,41689.85,111,2.8333333333333335
11580.0,,0.344,-39.86,0.24,41690.68,Metal Loss,External,13.0,0.045,,,0.83,1.02,3:29,near girth weld,,1.0,129.3,,MFL-A/XT,,1160.0,65000.0,,1342.0,1471.78,2043.53,,,,,,,2015,Metal Loss_41690.7,True,41690.68,41690.68,111,3.4833333333333334
11580.0,,0.344,-39.95,0.15,41690.77,Metal Loss,External,11.0,0.038,,,0.43,1.26,2:27,near girth weld,,1.0,129.29,,MFL-A/XT,,1160.0,65000.0,,1342.0,,,,,,,,,2015,Metal Loss_41690.8,True,41690.77,41690.77,111,2.45
11590.0,,0.344,-0.04,39.94,41690.96,Metal Loss,External,11.0,0.038,,,0.59,0.79,3:55,affecting girth weld,,0.7,129.27,,MFL-A/XT,,1160.0,65000.0,,1342.0,,,,,,,,,2015,Metal Loss_41691.0,True,41690.96,41690.96,111,3.9166666666666665
11590.0,,0.344,-0.23,39.75,41691.15,Metal Loss,External,15.0,0.052,,,0.79,1.34,4:09,,,0.7,129.26,,MFL-A/XT,,1160.0,65000.0,,1342.0,1471.45,2043.07,,,,,,,2015,Metal Loss_41691.2,True,41691.15,41691.15,111,4.15
11590.0,,0.344,-0.23,39.75,41691.15,Metal Loss,External,13.0,0.045,,,1.61,0.71,4:33,,,0.7,129.26,,MFL-A/XT,,1160.0,65000.0,,1342.0,1461.53,2029.3,,,,,,,2015,Metal Loss_41691.2,True,41691.15,41691.15,111,4.55
11590.0,,0.344,-0.83,39.15,41691.75,Metal Loss,External,13.0,0.045,,,1.61,3.62,1:19,,,0.7,129.21,,MFL-A/XT,,1160.0,65000.0,,1342.0,1461.35,2029.04,,,,,,,2015,Metal Loss_41691.8,True,41691.75,41691.75,111,1.3166666666666667
11590.0,,0.344,-0.91,39.07,41691.83,Metal Loss,External,11.0,0.038,,,1.06,3.03,2:29,,,0.7,129.2,,MFL-A/XT,,1160.0,65000.0,,1342.0,,,,,,,,,2015,Metal Loss_41691.8,True,41691.83,41691.83,111,2.4833333333333334
11590.0,,0.344,-0.94,39.04,41691.86,Cluster,External,23.0,0.079,,,1.73,2.49,3:36,,,0.7,129.2,,,,1160.0,65000.0,,1342.0,1444.85,2006.14,1512.69,2100.33,1518.3,2108.13,0.77,1.81,2015,Cluster_41691.9,True,41691.86,41691.86,111,3.6
11590.0,,0.344,-9.51,30.47,41700.43,Metal Loss,External,14.0,0.048,,,0.59,1.14,10:01,,,0.7,128.56,,MFL-A/XT,,1160.0,65000.0,,1342.0,1473.62,2046.09,,,,,,,2015,Metal Loss_41700.4,True,41700.43,41700.43,111,10.016666666666667
11590.0,,0.344,-9.82,30.16,41700.74,Metal Loss,External,13.0,0.045,,,0.94,1.3,9:40,,,0.7,128.54,,MFL-A/XT,,1160.0,65000.0,,1342.0,1470.63,2041.93,,,,,,,2015,Metal Loss_41700.7,True,41700.74,41700.74,111,9.666666666666666
11590.0,,0.344,-10.06,29.92,41700.98,Metal Loss,External,11.0,0.038,,,0.83,1.26,1:45,,,0.7,128.53,,MFL-A/XT,,1160.0,65000.0,,1342.0,,,,,,,,,2015,Metal Loss_41701.0,True,41700.98,41700.98,111,1.75
11590.0,,0.344,-10.08,29.9,41701.0,Metal Loss,External,16.0,0.055,,,0.87,1.18,9:38,,,0.7,128.53,,MFL-A/XT,,1160.0,65000.0,,1342.0,1470.18,2041.3,,,,,,,2015,Metal Loss_41701.0,True,41701.0,41701.0,111,9.633333333333333
11590.0,,0.344,-10.43,29.55,41701.36,Metal Loss,External,12.0,0.041,,,1.5,1.3,2:29,,,0.7,128.51,,MFL-A/XT,,1160.0,65000.0,,1342.0,,,,,,,,,2015,Metal Loss_41701.4,True,41701.36,41701.36,111,2.4833333333333334
11590.0,,0.344,-10.49,29.49,41701.41,Metal Loss,External,16.0,0.055,,,0.47,0.94,2:02,,,0.7,128.51,,MFL-A/XT,,1160.0,65000.0,,1342.0,1474.36,2047.11,,,,,,,2015,Metal Loss_41701.4,True,41701.41,41701.41,111,2.033333333333333
11590.0,,0.344,-10.53,29.45,41701.45,Cluster,External,23.0,0.079,,,1.14,3.92,10:12,,,0.7,128.51,,,,1160.0,65000.0,,1342.0,1460.92,2028.46,1531.36,2126.25,1534.97,2131.26,0.76,1.83,2015,Cluster_41701.4,True,41701.45,41701.45,111,10.2
11590.0,,0.344,-10.58,29.4,41701.5,Metal Loss,External,13.0,0.045,,,0.32,0.59,9:42,,,0.7,128.51,,MFL-A/XT,,1160.0,65000.0,,1342.0,1475.54,2048.76,,,,,,,2015,Metal Loss_41701.5,True,41701.5,41701.5,111,9.7
11590.0,,0.344,-10.59,29.39,41701.51,Metal Loss,External,18.0,0.062,,,0.32,1.85,2:38,,,0.7,128.51,,MFL-A/XT,,1160.0,65000.0,,1342.0,1475.26,2048.36,,,,,,,2015,Metal Loss_41701.5,True,41701.51,41701.51,111,2.6333333333333333
11590.0,,0.344,-10.63,29.35,41701.56,Metal Loss,External,10.0,0.034,,,1.46,2.28,8:03,,,0.7,128.5,,MFL-A/XT,,1160.0,65000.0,,1342.0,,,,,,,,,2015,Metal Loss_41701.6,True,41701.56,41701.56,111,8.05
11590.0,,0.344,-10.81,29.17,41701.73,Cluster,External,25.0,0.086,,,3.32,2.54,8:32,,,0.7,128.5,,,,1160.0,65000.0,,1342.0,1391.79,1932.47,1447.06,2009.2,1466.93,2036.79,0.8,1.73,2015,Cluster_41701.7,True,41701.73,41701.73,111,8.533333333333333
11590.0,,0.344,-10.94,29.04,41701.86,Metal Loss,External,38.0,0.131,,,1.42,2.13,9:41,,,0.7,128.49,,MFL-A/XT,,1160.0,65000.0,,1342.0,1434.25,1991.42,1498.87,2081.14,1505.49,2090.34,0.77,1.79,2015,Metal Loss_41701.9,True,41701.86,41701.86,111,9.683333333333334
11590.0,,0.344,-11.0,28.98,41701.92,Metal Loss,External,12.0,0.041,,,0.55,0.59,8:32,,,0.7,128.49,,MFL-A/XT,,1160.0,65000.0,,1342.0,,,,,,,,,2015,Metal Loss_41701.9,True,41701.92,41701.92,111,8.533333333333333
11590.0,,0.344,-11.13,28.85,41702.05,Metal Loss,External,11.0,0.038,,,1.34,1.69,2:32,,,0.7,128.48,,MFL-A/XT,,1160.0,65000.0,,1342.0,,,,,,,,,2015,Metal Loss_41702.1,True,41702.05,41702.05,111,2.533333333333333
11590.0,,0.344,-11.2,28.78,41702.12,Metal Loss,External,12.0,0.041,,,1.65,0.59,8:34,,,0.7,128.48,,MFL-A/XT,,1160.0,65000.0,,1342.0,,,,,,,,,2015,Metal Loss_41702.1,True,41702.12,41702.12,111,8.566666666666666
11590.0,,0.344,-11.21,28.77,41702.13,Metal Loss,External,10.0,0.034,,,1.14,0.94,8:45,,,0.7,128.48,,MFL-A/XT,,1160.0,65000.0,,1342.0,,,,,,,,,2015,Metal Loss_41702.1,True,41702.13,41702.13,111,8.75
11590.0,,0.344,-11.45,28.53,41702.37,Metal Loss,External,10.0,0.034,,,1.58,1.69,8:06,,,0.7,128.47,,MFL-A/XT,,1160.0,65000.0,,1342.0,,,,,,,,,2015,Metal Loss_41702.4,True,41702.37,41702.37,111,8.1
11590.0,,0.344,-11.46,28.52,41702.39,Metal Loss,External,12.0,0.041,,,1.38,0.59,8:32,,,0.7,128.47,,MFL-A/XT,,1160.0,65000.0,,1342.0,,,,,,,,,2015,Metal Loss_41702.4,True,41702.39,41702.39,111,8.533333333333333
11590.0,,0.344,-11.53,28.45,41702.45,Metal Loss,External,12.0,0.041,,,1.46,0.67,7:32,,,0.7,128.47,,MFL-A/XT,,1160.0,65000.0,,1342.0,,,,,,,,,2015,Metal Loss_41702.4,True,41702.45,41702.45,111,7.533333333333333
11590.0,,0.344,-11.74,28.24,41702.66,Metal Loss,External,15.0,0.052,,,0.32,0.75,9:17,,,0.7,128.46,,MFL-A/XT,,1160.0,65000.0,,1342.0,1475.43,2048.6,,,,,,,2015,Metal Loss_41702.7,True,41702.66,41702.66,111,9.283333333333333
11590.0,,0.344,-11.78,28.2,41702.7,Metal Loss,External,11.0,0.038,,,0.32,1.26,9:50,,,0.7,128.46,,MFL-A/XT,,1160.0,65000.0,,1342.0,,,,,,,,,2015,Metal Loss_41702.7,True,41702.7,41702.7,111,9.833333333333334
11590.0,,0.344,-11.8,28.18,41702.72,Metal Loss,External,10.0,0.034,,,0.32,0.98,9:20,,,0.7,128.46,,MFL-A/XT,,1160.0,65000.0,,1342.0,,,,,,,,,2015,Metal Loss_41702.7,True,41702.72,41702.72,111,9.333333333333334
11590.0,,0.344,-11.82,28.16,41702.74,Metal Loss,External,14.0,0.048,,,0.43,1.89,8:48,,,0.7,128.46,,MFL-A/XT,,1160.0,65000.0,,1342.0,1474.85,2047.79,,,,,,,2015,Metal Loss_41702.7,True,41702.74,41702.74,111,8.8
11590.0,,0.344,-11.83,28.15,41702.75,Metal Loss,External,11.0,0.038,,,0.32,0.59,8:32,,,0.7,128.46,,MFL-A/XT,,1160.0,65000.0,,1342.0,,,,,,,,,2015,Metal Loss_41702.8,True,41702.75,41702.75,111,8.533333333333333
11590.0,,0.344,-11.84,28.14,41702.76,Metal Loss,External,13.0,0.045,,,0.55,1.73,9:47,,,0.7,128.46,,MFL-A/XT,,1160.0,65000.0,,1342.0,1474.26,2046.98,,,,,,,2015,Metal Loss_41702.8,True,41702.76,41702.76,111,9.783333333333333
11590.0,,0.344,-11.92,28.06,41702.85,Metal Loss,External,11.0,0.038,,,0.91,0.71,7:46,,,0.7,128.45,,MFL-A/XT,,1160.0,65000.0,,1342.0,,,,,,,,,2015,Metal Loss_41702.8,True,41702.85,41702.85,111,7.766666666666667
11590.0,,0.344,-11.97,28.01,41702.89,Metal Loss,External,18.0,0.062,,,0.94,1.1,8:51,,,0.7,128.45,,MFL-A/XT,,1160.0,65000.0,,1342.0,1468.21,2038.57,,,,,,,2015,Metal Loss_41702.9,True,41702.89,41702.89,111,8.85
11590.0,,0.344,-12.14,27.84,41703.06,Metal Loss,External,13.0,0.045,,,0.91,1.85,8:47,,,0.7,128.45,,MFL-A/XT,,1160.0,65000.0,,1342.0,1471.02,2042.48,,,,,,,2015,Metal Loss_41703.1,True,41703.06,41703.06,111,8.783333333333333
11590.0,,0.344,-12.14,27.84,41703.06,Metal Loss,External,16.0,0.055,,,0.98,0.63,8:32,,,0.7,128.45,,MFL-A/XT,,1160.0,65000.0,,1342.0,1468.51,2038.99,,,,,,,2015,Metal Loss_41703.1,True,41703.06,41703.06,111,8.533333333333333
11590.0,,0.344,-12.15,27.83,41703.07,Metal Loss,External,23.0,0.079,,,1.14,1.85,10:17,,,0.7,128.45,,MFL-A/XT,,1160.0,65000.0,,1342.0,1460.67,2028.11,1531.07,2125.86,1532.39,2127.68,0.76,1.83,2015,Metal Loss_41703.1,True,41703.07,41703.07,111,10.283333333333333
11590.0,,0.344,-12.41,27.57,41703.33,Metal Loss,External,10.0,0.034,,,1.73,1.73,2:30,,,0.7,128.44,,MFL-A/XT,,1160.0,65000.0,,1342.0,,,,,,,,,2015,Metal Loss_41703.3,True,41703.33,41703.33,111,2.5
11590.0,,0.344,-12.88,27.1,41703.8,Metal Loss,External,14.0,0.048,,,0.71,1.14,9:34,,,0.7,128.42,,MFL-A/XT,,1160.0,65000.0,,1342.0,1472.65,2044.73,,,,,,,2015,Metal Loss_41703.8,True,41703.8,41703.8,111,9.566666666666666
11590.0,,0.344,-16.35,23.63,41707.27,Metal Loss,External,11.0,0.038,,,1.81,1.18,9:47,,,0.7,128.39,,MFL-A/XT,,1160.0,65000.0,,1342.0,,,,,,,,,2015,Metal Loss_41707.3,True,41707.27,41707.27,111,9.783333333333333
11590.0,,0.344,-16.79,23.19,41707.71,Metal Loss,External,12.0,0.041,,,1.18,0.91,9:37,,,0.7,128.39,,MFL-A/XT,,1160.0,65000.0,,1342.0,,,,,,,,,2015,Metal Loss_41707.7,True,41707.71,41707.71,111,9.616666666666667
11590.0,,0.344,-16.8,23.18,41707.72,Metal Loss,External,20.0,0.069,,,0.87,0.98,10:00,,,0.7,128.39,,MFL-A/XT,,1160.0,65000.0,,1342.0,1468.24,2038.62,1539.71,2137.84,1540.17,2138.48,0.75,1.84,2015,Metal Loss_41707.7,True,41707.72,41707.72,111,10.0
11590.0,,0.344,-17.05,22.93,41707.97,Metal Loss,External,15.0,0.052,,,1.3,1.69,10:33,,,0.7,128.39,,MFL-A/XT,,1160.0,65000.0,,1342.0,1464.19,2032.99,,,,,,,2015,Metal Loss_41708.0,True,41707.97,41707.97,111,10.55
11590.0,,0.344,-17.12,22.86,41708.04,Metal Loss,External,15.0,0.052,,,0.67,0.59,9:59,,,0.7,128.39,,MFL-A/XT,,1160.0,65000.0,,1342.0,1472.85,2045.02,,,,,,,2015,Metal Loss_41708.0,True,41708.04,41708.04,111,9.983333333333333
11590.0,,0.344,-18.32,21.66,41709.24,Metal Loss,External,13.0,0.045,,,1.38,1.77,9:40,,,0.7,128.42,,MFL-A/XT,,1160.0,65000.0,,1342.0,1465.09,2034.23,,,,,,,2015,Metal Loss_41709.2,True,41709.24,41709.24,111,9.666666666666666
11590.0,,0.344,-19.04,20.94,41709.96,Metal Loss,External,15.0,0.052,,,0.55,0.87,10:01,,,0.7,128.44,,MFL-A/XT,,1160.0,65000.0,,1342.0,1473.83,2046.38,,,,,,,2015,Metal Loss_41710.0,True,41709.96,41709.96,111,10.016666666666667
11590.0,,0.344,-20.26,19.72,41711.18,Metal Loss,External,14.0,0.048,,,0.59,1.18,10:02,,,0.7,128.48,,MFL-A/XT,,1160.0,65000.0,,1342.0,1473.72,2046.22,,,,,,,2015,Metal Loss_41711.2,True,41711.18,41711.18,111,10.033333333333333
11590.0,,0.344,-20.94,19.04,41711.86,Metal Loss,External,14.0,0.048,,,0.67,1.77,9:55,,,0.7,128.51,,MFL-A/XT,,1160.0,65000.0,,1342.0,1472.99,2045.21,,,,,,,2015,Metal Loss_41711.9,True,41711.86,41711.86,111,9.916666666666666
11590.0,,0.344,-21.02,18.96,41711.94,Metal Loss,External,11.0,0.038,,,0.63,0.59,8:37,,,0.7,128.51,,MFL-A/XT,,1160.0,65000.0,,1342.0,,,,,,,,,2015,Metal Loss_41711.9,True,41711.94,41711.94,111,8.616666666666667
11590.0,,0.344,-21.02,18.96,41711.95,Metal Loss,External,14.0,0.048,,,0.59,0.59,8:45,,,0.7,128.51,,MFL-A/XT,,1160.0,65000.0,,1342.0,1473.62,2046.09,,,,,,,2015,Metal Loss_41711.9,True,41711.95,41711.95,111,8.75
11590.0,,0.344,-21.2,18.78,41712.12,Metal Loss,External,10.0,0.034,,,0.98,1.34,10:25,,,0.7,128.52,,MFL-A/XT,,1160.0,65000.0,,1342.0,,,,,,,,,2015,Metal Loss_41712.1,True,41712.12,41712.12,111,10.416666666666666
11590.0,,0.344,-21.27,18.71,41712.2,Metal Loss,External,17.0,0.058,,,1.46,1.69,9:14,,,0.7,128.52,,MFL-A/XT,,1160.0,65000.0,,1342.0,1459.4,2026.35,,,,,,,2015,Metal Loss_41712.2,True,41712.2,41712.2,111,9.233333333333333
11590.0,,0.344,-21.29,18.69,41712.21,Metal Loss,External,11.0,0.038,,,1.06,0.75,9:47,,,0.7,128.52,,MFL-A/XT,,1160.0,65000.0,,1342.0,,,,,,,,,2015,Metal Loss_41712.2,True,41712.21,41712.21,111,9.783333333333333
11590.0,,0.344,-21.62,18.36,41712.54,Metal Loss,External,12.0,0.041,,,1.65,0.75,7:54,,,0.7,128.54,,MFL-A/XT,,1160.0,65000.0,,1342.0,,,,,,,,,2015,Metal Loss_41712.5,True,41712.54,41712.54,111,7.9
11590.0,,0.344,-21.79,18.19,41712.71,Metal Loss,External,10.0,0.034,,,0.55,1.14,9:47,,,0.7,128.55,,MFL-A/XT,,1160.0,65000.0,,1342.0,,,,,,,,,2015,Metal Loss_41712.7,True,41712.71,41712.71,111,9.783333333333333
11590.0,,0.344,-21.88,18.1,41712.8,Metal Loss,External,11.0,0.038,,,0.47,0.87,10:13,,,0.7,128.56,,MFL-A/XT,,1160.0,65000.0,,1342.0,,,,,,,,,2015,Metal Loss_41712.8,True,41712.8,41712.8,111,10.216666666666667
11590.0,,0.344,-21.99,17.99,41712.91,Metal Loss,External,37.0,0.127,,,1.81,1.53,7:57,,,0.7,128.56,,MFL-A/XT,,1160.0,65000.0,,1342.0,1416.37,1966.6,1477.2,2051.06,1486.4,2063.83,0.79,1.77,2015,Metal Loss_41712.9,True,41712.91,41712.91,111,7.95
11590.0,,0.344,-22.17,17.81,41713.09,Metal Loss,External,11.0,0.038,,,0.63,1.02,9:45,,,0.7,128.57,,MFL-A/XT,,1160.0,65000.0,,1342.0,,,,,,,,,2015,Metal Loss_41713.1,True,41713.09,41713.09,111,9.75
11590.0,,0.344,-22.46,17.52,41713.38,Metal Loss,External,31.0,0.107,,,0.79,2.28,10:15,,,0.7,128.59,,MFL-A/XT,,1160.0,65000.0,,1342.0,1465.1,2034.26,1535.87,2132.52,1537.31,2134.52,0.76,1.84,2015,Metal Loss_41713.4,True,41713.38,41713.38,111,10.25
11590.0,,0.344,-22.73,17.25,41713.65,Metal Loss,External,15.0,0.052,,,0.94,2.05,10:07,,,0.7,128.61,,MFL-A/XT,,1160.0,65000.0,,1342.0,1469.68,2040.61,,,,,,,2015,Metal Loss_41713.7,True,41713.65,41713.65,111,10.116666666666667
11590.0,,0.344,-22.75,17.23,41713.67,Metal Loss,External,10.0,0.034,,,0.47,0.91,10:47,,,0.7,128.61,,MFL-A/XT,,1160.0,65000.0,,1342.0,,,,,,,,,2015,Metal Loss_41713.7,True,41713.67,41713.67,111,10.783333333333333
11590.0,,0.344,-22.77,17.21,41713.69,Metal Loss,External,33.0,0.114,,,0.71,1.02,9:35,,,0.7,128.61,,MFL-A/XT,,1160.0,65000.0,,1342.0,1466.51,2036.21,1537.42,2134.67,1538.76,2136.53,0.75,1.84,2015,Metal Loss_41713.7,True,41713.69,41713.69,111,9.583333333333334
11590.0,,0.344,-23.64,16.34,41714.57,Metal Loss,External,10.0,0.034,,,0.71,0.94,9:41,,,0.7,128.67,,MFL-A/XT,,1160.0,65000.0,,1342.0,,,,,,,,,2015,Metal Loss_41714.6,True,41714.57,41714.57,111,9.683333333333334
11590.0,,0.344,-23.79,16.19,41714.71,Metal Loss,External,18.0,0.062,,,0.83,1.22,7:43,,,0.7,128.68,,MFL-A/XT,,1160.0,65000.0,,1342.0,1469.86,2040.86,,,,,,,2015,Metal Loss_41714.7,True,41714.71,41714.71,111,7.716666666666667
11590.0,,0.344,-23.82,16.16,41714.75,Metal Loss,External,13.0,0.045,,,1.14,1.02,8:08,,,0.7,128.68,,MFL-A/XT,,1160.0,65000.0,,1342.0,1468.18,2038.53,,,,,,,2015,Metal Loss_41714.8,True,41714.75,41714.75,111,8.133333333333333
11590.0,,0.344,-23.83,16.15,41714.75,Metal Loss,External,10.0,0.034,,,1.61,0.63,10:05,,,0.7,128.69,,MFL-A/XT,,1160.0,65000.0,,1342.0,,,,,,,,,2015,Metal Loss_41714.8,True,41714.75,41714.75,111,10.083333333333334
11590.0,,0.344,-24.35,15.63,41715.27,Metal Loss,External,10.0,0.034,,,1.06,1.5,9:53,,,0.7,128.73,,MFL-A/XT,,1160.0,65000.0,,1342.0,,,,,,,,,2015,Metal Loss_41715.3,True,41715.27,41715.27,111,9.883333333333333
11590.0,,0.344,-24.53,15.45,41715.45,Metal Loss,External,11.0,0.038,,,1.14,1.46,7:58,,,0.7,128.74,,MFL-A/XT,,1160.0,65000.0,,1342.0,,,,,,,,,2015,Metal Loss_41715.4,True,41715.45,41715.45,111,7.966666666666667
11590.0,,0.344,-24.92,15.06,41715.84,Metal Loss,External,14.0,0.048,,,0.63,1.42,9:39,,,0.7,128.77,,MFL-A/XT,,1160.0,65000.0,,1342.0,1473.42,2045.8,,,,,,,2015,Metal Loss_41715.8,True,41715.84,41715.84,111,9.65
11590.0,,0.344,-24.92,15.06,41715.84,Metal Loss,External,11.0,0.038,,,0.51,1.18,8:52,,,0.7,128.77,,MFL-A/XT,,1160.0,65000.0,,1342.0,,,,,,,,,2015,Metal Loss_41715.8,True,41715.84,41715.84,111,8.866666666666667
11590.0,,0.344,-25.06,14.92,41715.98,Metal Loss,External,12.0,0.041,,,0.71,1.34,9:43,,,0.7,128.79,,MFL-A/XT,,1160.0,65000.0,,1342.0,,,,,,,,,2015,Metal Loss_41716.0,True,41715.98,41715.98,111,9.716666666666667
11590.0,,0.344,-25.25,14.73,41716.18,Cluster,External,31.0,0.107,,,1.13,1.61,8:38,,,0.7,128.8,,,,1160.0,65000.0,,1342.0,1454.32,2019.29,1523.39,2115.19,1527.2,2120.48,0.76,1.82,2015,Cluster_41716.2,True,41716.18,41716.18,111,8.633333333333333
11590.0,,0.344,-25.49,14.49,41716.41,Metal Loss,External,11.0,0.038,,,1.53,0.59,9:42,,,0.7,128.82,,MFL-A/XT,,1160.0,65000.0,,1342.0,,,,,,,,,2015,Metal Loss_41716.4,True,41716.41,41716.41,111,9.7
11590.0,,0.344,-25.57,14.41,41716.49,Metal Loss,External,12.0,0.041,,,1.06,1.69,8:15,,,0.7,128.83,,MFL-A/XT,,1160.0,65000.0,,1342.0,,,,,,,,,2015,Metal Loss_41716.5,True,41716.49,41716.49,111,8.25
11590.0,,0.344,-25.8,14.18,41716.72,Metal Loss,External,13.0,0.045,,,0.59,0.59,8:23,,,0.7,128.85,,MFL-A/XT,,1160.0,65000.0,,1342.0,1473.91,2046.49,,,,,,,2015,Metal Loss_41716.7,True,41716.72,41716.72,111,8.383333333333333
11590.0,,0.344,-26.02,13.96,41716.94,Metal Loss,External,11.0,0.038,,,0.71,1.1,9:40,,,0.7,128.88,,MFL-A/XT,,1160.0,65000.0,,1342.0,,,,,,,,,2015,Metal Loss_41716.9,True,41716.94,41716.94,111,9.666666666666666
11590.0,,0.344,-26.06,13.92,41716.98,Metal Loss,External,16.0,0.055,,,1.06,1.77,8:07,,,0.7,128.88,,MFL-A/XT,,1160.0,65000.0,,1342.0,1467.25,2037.24,,,,,,,2015,Metal Loss_41717.0,True,41716.98,41716.98,111,8.116666666666667
11590.0,,0.344,-26.14,13.84,41717.06,Metal Loss,External,14.0,0.048,,,1.5,0.79,9:38,,,0.7,128.89,,MFL-A/XT,,1160.0,65000.0,,1342.0,1462.07,2030.04,,,,,,,2015,Metal Loss_41717.1,True,41717.06,41717.06,111,9.633333333333333
11590.0,,0.344,-26.48,13.5,41717.4,Metal Loss,External,16.0,0.055,,,0.67,1.34,9:56,,,0.7,128.92,,MFL-A/XT,,1160.0,65000.0,,1342.0,1472.6,2044.67,,,,,,,2015,Metal Loss_41717.4,True,41717.4,41717.4,111,9.933333333333334
11590.0,,0.344,-26.69,13.29,41717.61,Metal Loss,External,15.0,0.052,,,0.67,1.02,8:19,,,0.7,128.94,,MFL-A/XT,,1160.0,65000.0,,1342.0,1472.73,2044.85,,,,,,,2015,Metal Loss_41717.6,True,41717.61,41717.61,111,8.316666666666666
11590.0,,0.344,-26.73,13.25,41717.65,Metal Loss,External,10.0,0.034,,,0.83,1.26,9:49,,,0.7,128.95,,MFL-A/XT,,1160.0,65000.0,,1342.0,,,,,,,,,2015,Metal Loss_41717.7,True,41717.65,41717.65,111,9.816666666666666
11590.0,,0.344,-26.81,13.17,41717.73,Metal Loss,External,14.0,0.048,,,0.98,1.22,8:25,,,0.7,128.96,,MFL-A/XT,,1160.0,65000.0,,1342.0,1469.57,2040.46,,,,,,,2015,Metal Loss_41717.7,True,41717.73,41717.73,111,8.416666666666666
11590.0,,0.344,-26.84,13.14,41717.76,Metal Loss,External,11.0,0.038,,,1.58,0.79,9:04,,,0.7,128.96,,MFL-A/XT,,1160.0,65000.0,,1342.0,,,,,,,,,2015,Metal Loss_41717.8,True,41717.76,41717.76,111,9.066666666666666
11590.0,,0.344,-26.98,13.0,41717.9,Metal Loss,External,21.0,0.072,,,0.79,1.38,8:18,,,0.7,128.97,,MFL-A/XT,,1160.0,65000.0,,1342.0,1469.45,2040.29,1541.03,2139.69,1541.49,2140.32,0.75,1.84,2015,Metal Loss_41717.9,True,41717.9,41717.9,111,8.3
11590.0,,0.344,-27.02,12.96,41717.95,Metal Loss,External,12.0,0.041,,,1.34,0.98,7:45,,,0.7,128.98,,MFL-A/XT,,1160.0,65000.0,,1342.0,,,,,,,,,2015,Metal Loss_41717.9,True,41717.95,41717.95,111,7.75
11590.0,,0.344,-27.09,12.89,41718.01,Metal Loss,External,10.0,0.034,,,2.17,1.42,09:00,,,0.7,128.98,,MFL-A/XT,,1160.0,65000.0,,1342.0,,,,,,,,,2015,Metal Loss_41718.0,True,41718.01,41718.01,111,9.0
11590.0,,0.344,-27.79,12.19,41718.71,Cluster,External,31.0,0.107,,,1.5,3.81,9:33,,,0.7,129.06,,,,1160.0,65000.0,,1342.0,1441.11,2000.94,1507.81,2093.56,1511.35,2098.48,0.77,1.8,2015,Cluster_41718.7,True,41718.71,41718.71,111,9.55
11590.0,,0.344,-28.34,11.64,41719.26,Metal Loss,External,19.0,0.065,,,1.1,1.26,8:04,,,0.7,129.12,,MFL-A/XT,,1160.0,65000.0,,1342.0,1464.67,2033.65,,,,,,,2015,Metal Loss_41719.3,True,41719.26,41719.26,111,8.066666666666666
11590.0,,0.344,-28.54,11.44,41719.46,Metal Loss,External,10.0,0.034,,,0.94,1.18,2:01,,,0.7,129.15,,MFL-A/XT,,1160.0,65000.0,,1342.0,,,,,,,,,2015,Metal Loss_41719.5,True,41719.46,41719.46,111,2.0166666666666666
11590.0,,0.344,-28.97,11.01,41719.89,Metal Loss,External,15.0,0.052,,,0.32,1.06,10:10,,,0.7,129.2,,MFL-A/XT,,1160.0,65000.0,,1342.0,1475.43,2048.6,,,,,,,2015,Metal Loss_41719.9,True,41719.89,41719.89,111,10.166666666666666
11590.0,,0.344,-29.05,10.93,41719.97,Metal Loss,External,13.0,0.045,,,1.58,1.81,9:40,,,0.7,129.21,,MFL-A/XT,,1160.0,65000.0,,1342.0,1461.9,2029.81,,,,,,,2015,Metal Loss_41720.0,True,41719.97,41719.97,111,9.666666666666666
11590.0,,0.344,-29.13,10.85,41720.06,Metal Loss,External,10.0,0.034,,,0.75,0.63,10:16,,,0.7,129.22,,MFL-A/XT,,1160.0,65000.0,,1342.0,,,,,,,,,2015,Metal Loss_41720.1,True,41720.06,41720.06,111,10.266666666666667
11590.0,,0.344,-29.43,10.55,41720.35,Metal Loss,External,12.0,0.041,,,1.3,0.59,8:39,,,0.7,129.25,,MFL-A/XT,,1160.0,65000.0,,1342.0,,,,,,,,,2015,Metal Loss_41720.3,True,41720.35,41720.35,111,8.65
11590.0,,0.344,-29.6,10.38,41720.52,Metal Loss,External,10.0,0.034,,,2.05,1.69,9:55,,,0.7,129.28,,MFL-A/XT,,1160.0,65000.0,,1342.0,,,,,,,,,2015,Metal Loss_41720.5,True,41720.52,41720.52,111,9.916666666666666
11590.0,,0.344,-29.71,10.27,41720.63,Metal Loss,External,23.0,0.079,,,0.71,1.26,2:34,,,0.7,129.29,,MFL-A/XT,,1160.0,65000.0,,1342.0,1469.96,2041.0,1541.58,2140.44,1542.1,2141.17,0.75,1.85,2015,Metal Loss_41720.6,True,41720.63,41720.63,111,2.5666666666666664
11590.0,,0.344,-29.8,10.18,41720.72,Metal Loss,External,12.0,0.041,,,0.59,0.63,8:49,,,0.7,129.3,,MFL-A/XT,,1160.0,65000.0,,1342.0,,,,,,,,,2015,Metal Loss_41720.7,True,41720.72,41720.72,111,8.816666666666666
11590.0,,0.344,-30.26,9.72,41721.18,Metal Loss,External,10.0,0.034,,,0.51,0.98,9:47,,,0.7,129.37,,MFL-A/XT,,1160.0,65000.0,,1342.0,,,,,,,,,2015,Metal Loss_41721.2,True,41721.18,41721.18,111,9.783333333333333
11590.0,,0.344,-30.43,9.55,41721.35,Metal Loss,External,11.0,0.038,,,0.87,1.53,4:02,,,0.7,129.39,,MFL-A/XT,,1160.0,65000.0,,1342.0,,,,,,,,,2015,Metal Loss_41721.3,True,41721.35,41721.35,111,4.033333333333333
11590.0,,0.344,-30.62,9.36,41721.54,Metal Loss,External,11.0,0.038,,,1.5,1.85,7:42,,,0.7,129.41,,MFL-A/XT,,1160.0,65000.0,,1342.0,,,,,,,,,2015,Metal Loss_41721.5,True,41721.54,41721.54,111,7.7
11590.0,,0.344,-30.72,9.26,41721.64,Metal Loss,External,24.0,0.083,,,0.59,1.18,8:57,,,0.7,129.43,,MFL-A/XT,,1160.0,65000.0,,1342.0,1471.62,2043.31,1543.42,2143.0,1543.84,2143.58,0.75,1.85,2015,Metal Loss_41721.6,True,41721.64,41721.64,111,8.95
11590.0,,0.344,-30.76,9.22,41721.68,Metal Loss,External,12.0,0.041,,,0.71,0.67,3:52,,,0.7,129.43,,MFL-A/XT,,1160.0,65000.0,,1342.0,,,,,,,,,2015,Metal Loss_41721.7,True,41721.68,41721.68,111,3.8666666666666667
11590.0,,0.344,-30.78,9.2,41721.7,Metal Loss,External,19.0,0.065,,,0.63,1.02,4:06,,,0.7,129.44,,MFL-A/XT,,1160.0,65000.0,,1342.0,1472.28,2044.23,,,,,,,2015,Metal Loss_41721.7,True,41721.7,41721.7,111,4.1
11590.0,,0.344,-30.99,8.99,41721.91,Metal Loss,External,12.0,0.041,,,0.83,1.1,4:12,,,0.7,129.46,,MFL-A/XT,,1160.0,65000.0,,1342.0,,,,,,,,,2015,Metal Loss_41721.9,True,41721.91,41721.91,111,4.2
11590.0,,0.344,-31.03,8.95,41721.96,Metal Loss,External,10.0,0.034,,,0.43,0.59,8:55,,,0.7,129.47,,MFL-A/XT,,1160.0,65000.0,,1342.0,,,,,,,,,2015,Metal Loss_41722.0,True,41721.96,41721.96,111,8.916666666666666
11590.0,,0.344,-31.08,8.9,41722.0,Metal Loss,External,11.0,0.038,,,1.73,1.18,8:34,,,0.7,129.48,,MFL-A/XT,,1160.0,65000.0,,1342.0,,,,,,,,,2015,Metal Loss_41722.0,True,41722.0,41722.0,111,8.566666666666666
11590.0,,0.344,-31.14,8.84,41722.06,Metal Loss,External,10.0,0.034,,,0.43,0.71,3:53,,,0.7,129.48,,MFL-A/XT,,1160.0,65000.0,,1342.0,,,,,,,,,2015,Metal Loss_41722.1,True,41722.06,41722.06,111,3.8833333333333333
11590.0,,0.344,-31.18,8.8,41722.1,Metal Loss,External,10.0,0.034,,,0.71,1.65,8:53,,,0.7,129.49,,MFL-A/XT,,1160.0,65000.0,,1342.0,,,,,,,,,2015,Metal Loss_41722.1,True,41722.1,41722.1,111,8.883333333333333
11590.0,,0.344,-31.25,8.73,41722.17,Metal Loss,External,10.0,0.034,,,1.3,1.97,3:59,,,0.7,129.5,,MFL-A/XT,,1160.0,65000.0,,1342.0,,,,,,,,,2015,Metal Loss_41722.2,True,41722.17,41722.17,111,3.9833333333333334
11590.0,,0.344,-31.25,8.73,41722.17,Metal Loss,External,10.0,0.034,,,1.89,1.1,4:32,,,0.7,129.5,,MFL-A/XT,,1160.0,65000.0,,1342.0,,,,,,,,,2015,Metal Loss_41722.2,True,41722.17,41722.17,111,4.533333333333333
11590.0,,0.344,-31.28,8.7,41722.2,Metal Loss,External,10.0,0.034,,,0.59,0.59,9:01,,,0.7,129.5,,MFL-A/XT,,1160.0,65000.0,,1342.0,,,,,,,,,2015,Metal Loss_41722.2,True,41722.2,41722.2,111,9.016666666666667
11590.0,,0.344,-31.45,8.53,41722.37,Metal Loss,External,18.0,0.062,,,0.55,0.83,3:01,,,0.7,129.53,,MFL-A/XT,,1160.0,65000.0,,1342.0,1473.3,2045.64,,,,,,,2015,Metal Loss_41722.4,True,41722.37,41722.37,111,3.0166666666666666
11590.0,,0.344,-31.51,8.47,41722.43,Metal Loss,External,15.0,0.052,,,0.98,0.87,3:56,,,0.7,129.54,,MFL-A/XT,,1160.0,65000.0,,1342.0,1469.04,2039.73,,,,,,,2015,Metal Loss_41722.4,True,41722.43,41722.43,111,3.9333333333333336
11590.0,,0.344,-31.69,8.29,41722.61,Metal Loss,External,10.0,0.034,,,0.67,1.81,4:02,,,0.7,129.56,,MFL-A/XT,,1160.0,65000.0,,1342.0,,,,,,,,,2015,Metal Loss_41722.6,True,41722.61,41722.61,111,4.033333333333333
11590.0,,0.344,-31.84,8.14,41722.76,Metal Loss,External,12.0,0.041,,,1.53,1.18,9:16,,,0.7,129.59,,MFL-A/XT,,1160.0,65000.0,,1342.0,,,,,,,,,2015,Metal Loss_41722.8,True,41722.76,41722.76,111,9.266666666666667
11590.0,,0.344,-31.9,8.08,41722.82,Metal Loss,External,30.0,0.103,,,0.87,1.53,3:31,,,0.7,129.6,,MFL-A/XT,,1160.0,65000.0,,1342.0,1463.64,2032.23,1534.23,2130.24,1535.8,2132.42,0.76,1.84,2015,Metal Loss_41722.8,True,41722.82,41722.82,111,3.5166666666666666
11590.0,,0.344,-31.93,8.05,41722.86,Metal Loss,External,17.0,0.058,,,0.83,1.06,4:12,,,0.7,129.6,,MFL-A/XT,,1160.0,65000.0,,1342.0,1470.42,2041.63,,,,,,,2015,Metal Loss_41722.9,True,41722.86,41722.86,111,4.2
11590.0,,0.344,-32.33,7.65,41723.25,Metal Loss,External,15.0,0.052,,,0.83,1.02,2:48,,,0.7,129.66,,MFL-A/XT,,1160.0,65000.0,,1342.0,1471.03,2042.48,,,,,,,2015,Metal Loss_41723.2,True,41723.25,41723.25,111,2.8
11590.0,,0.344,-32.36,7.62,41723.28,Metal Loss,External,26.0,0.089,,,0.79,1.14,3:49,,,0.7,129.67,,MFL-A/XT,,1160.0,65000.0,,1342.0,1467.26,2037.25,1538.47,2136.13,1539.4,2137.42,0.75,1.84,2015,Metal Loss_41723.3,True,41723.28,41723.28,111,3.8166666666666664
11590.0,,0.344,-32.62,7.36,41723.54,Metal Loss,External,10.0,0.034,,,0.63,1.26,4:15,,,0.7,129.71,,MFL-A/XT,,1160.0,65000.0,,1342.0,,,,,,,,,2015,Metal Loss_41723.5,True,41723.54,41723.54,111,4.25
11590.0,,0.344,-32.7,7.28,41723.62,Metal Loss,External,12.0,0.041,,,0.43,0.79,2:34,,,0.7,129.72,,MFL-A/XT,,1160.0,65000.0,,1342.0,,,,,,,,,2015,Metal Loss_41723.6,True,41723.62,41723.62,111,2.5666666666666664
11590.0,,0.344,-32.97,7.01,41723.89,Metal Loss,External,12.0,0.041,,,0.63,1.18,4:06,,,0.7,129.76,,MFL-A/XT,,1160.0,65000.0,,1342.0,,,,,,,,,2015,Metal Loss_41723.9,True,41723.89,41723.89,111,4.1
11590.0,,0.344,-32.99,6.99,41723.91,Metal Loss,External,26.0,0.089,,,0.75,1.46,2:36,,,0.7,129.76,,MFL-A/XT,,1160.0,65000.0,,1342.0,1468.26,2038.64,1539.61,2137.71,1540.44,2138.86,0.75,1.84,2015,Metal Loss_41723.9,True,41723.91,41723.91,111,2.6
11590.0,,0.344,-33.16,6.82,41724.08,Metal Loss,External,11.0,0.038,,,0.59,0.94,4:07,,,0.7,129.79,,MFL-A/XT,,1160.0,65000.0,,1342.0,,,,,,,,,2015,Metal Loss_41724.1,True,41724.08,41724.08,111,4.116666666666666
11590.0,,0.344,-33.2,6.78,41724.12,Metal Loss,External,37.0,0.127,,,0.67,1.58,2:33,,,0.7,129.79,,MFL-A/XT,,1160.0,65000.0,,1342.0,1466.03,2035.55,1536.72,2133.7,1538.3,2135.89,0.75,1.84,2015,Metal Loss_41724.1,True,41724.12,41724.12,111,2.55
11590.0,,0.344,-33.56,6.42,41724.48,Metal Loss,External,14.0,0.048,,,0.63,0.75,4:16,,,0.7,129.85,,MFL-A/XT,,1160.0,65000.0,,1342.0,1473.31,2045.66,,,,,,,2015,Metal Loss_41724.5,True,41724.48,41724.48,111,4.266666666666667
11590.0,,0.344,-33.67,6.31,41724.59,Metal Loss,External,23.0,0.079,,,0.59,0.87,4:15,,,0.7,129.87,,MFL-A/XT,,1160.0,65000.0,,1342.0,1471.84,2043.62,1543.68,2143.36,1544.05,2143.87,0.75,1.85,2015,Metal Loss_41724.6,True,41724.59,41724.59,111,4.25
11590.0,,0.344,-33.83,6.15,41724.75,Metal Loss,External,25.0,0.086,,,0.55,1.46,4:07,,,0.7,129.9,,MFL-A/XT,,1160.0,65000.0,,1342.0,1471.95,2043.76,1543.77,2143.49,1544.19,2144.07,0.75,1.85,2015,Metal Loss_41724.8,True,41724.75,41724.75,111,4.116666666666666
11590.0,,0.344,-34.11,5.87,41725.03,Metal Loss,External,10.0,0.034,,,1.1,1.81,4:10,,,0.7,129.94,,MFL-A/XT,,1160.0,65000.0,,1342.0,,,,,,,,,2015,Metal Loss_41725.0,True,41725.03,41725.03,111,4.166666666666667
11590.0,,0.344,-34.45,5.53,41725.37,Metal Loss,External,18.0,0.062,,,0.51,0.87,4:16,,,0.7,130.0,,MFL-A/XT,,1160.0,65000.0,,1342.0,1473.66,2046.14,,,,,,,2015,Metal Loss_41725.4,True,41725.37,41725.37,111,4.266666666666667
11590.0,,0.344,-34.53,5.45,41725.46,Metal Loss,External,13.0,0.045,,,0.71,1.65,3:48,,,0.7,130.01,,MFL-A/XT,,1160.0,65000.0,,1342.0,1472.92,2045.12,,,,,,,2015,Metal Loss_41725.5,True,41725.46,41725.46,111,3.8
11590.0,,0.344,-35.06,4.92,41725.98,Metal Loss,External,14.0,0.048,,,0.98,1.34,3:58,,,0.7,130.09,,MFL-A/XT,,1160.0,65000.0,,1342.0,1469.57,2040.46,,,,,,,2015,Metal Loss_41726.0,True,41725.98,41725.98,111,3.966666666666667
11590.0,,0.344,-35.28,4.7,41726.2,Metal Loss,External,17.0,0.058,,,0.83,1.1,3:33,,,0.7,130.13,,MFL-A/XT,,1160.0,65000.0,,1342.0,1470.25,2041.41,,,,,,,2015,Metal Loss_41726.2,True,41726.2,41726.2,111,3.55
11600.0,,0.344,-10.7,2.51,41741.6,Cluster,External,33.0,0.114,,,0.89,3.37,8:15,,,0.7,132.91,,,,1160.0,65000.0,,1342.0,1460.75,2028.21,1530.76,2125.41,1534.23,2130.24,0.76,1.83,2015,Cluster_41741.6,True,41741.6,41741.6,112,8.25
11600.0,,0.344,-10.87,2.34,41741.77,Cluster,External,17.0,0.058,,,2.12,2.18,8:12,,,0.7,132.94,,,,1160.0,65000.0,,1342.0,1445.51,2007.06,,,,,,,2015,Cluster_41741.8,True,41741.77,41741.77,112,8.2
11600.0,,0.344,-11.02,2.2,41741.92,Metal Loss,External,18.0,0.062,,,0.91,1.69,10:24,,,0.7,132.97,,MFL-A/XT,,1160.0,65000.0,,1342.0,1468.77,2039.36,,,,,,,2015,Metal Loss_41741.9,True,41741.92,41741.92,112,10.4
11600.0,,0.344,-11.11,2.1,41742.01,Metal Loss,External,26.0,0.089,,,2.05,1.42,11:46,,,0.7,132.99,,MFL-A/XT,,1160.0,65000.0,,1342.0,1429.49,1984.82,1494.21,2074.67,1499.11,2081.48,0.78,1.79,2015,Metal Loss_41742.0,True,41742.01,41742.01,112,11.766666666666667
11600.0,,0.344,-11.13,2.08,41742.03,Metal Loss,External,14.0,0.048,,,0.55,0.59,8:36,,,0.7,133.0,,MFL-A/XT,,1160.0,65000.0,,1342.0,1474.01,2046.62,,,,,,,2015,Metal Loss_41742.0,True,41742.03,41742.03,112,8.6
11600.0,,0.344,-11.17,2.04,41742.07,Metal Loss,External,15.0,0.052,,,0.59,1.1,2:50,,,0.7,133.01,,MFL-A/XT,,1160.0,65000.0,,1342.0,1473.52,2045.95,,,,,,,2015,Metal Loss_41742.1,True,41742.07,41742.07,112,2.8333333333333335
11600.0,,0.344,-11.19,2.02,41742.09,Metal Loss,External,16.0,0.055,,,0.71,0.87,8:53,,,0.7,133.01,,MFL-A/XT,,1160.0,65000.0,,1342.0,1472.08,2043.95,,,,,,,2015,Metal Loss_41742.1,True,41742.09,41742.09,112,8.883333333333333
11600.0,,0.344,-11.2,2.01,41742.1,Metal Loss,External,12.0,0.041,,,0.94,0.75,9:06,,,0.7,133.01,,MFL-A/XT,,1160.0,65000.0,,1342.0,,,,,,,,,2015,Metal Loss_41742.1,True,41742.1,41742.1,112,9.1
11600.0,,0.344,-11.23,1.98,41742.13,Metal Loss,External,25.0,0.086,,,0.55,1.02,1:20,,,0.7,133.02,,MFL-A/XT,,1160.0,65000.0,,1342.0,1471.95,2043.76,1543.77,2143.49,1544.19,2144.07,0.75,1.85,2015,Metal Loss_41742.1,True,41742.13,41742.13,112,1.3333333333333333
11600.0,,0.344,-11.32,1.89,41742.22,Metal Loss,External,23.0,0.079,,,0.79,2.09,3:19,,,0.7,133.04,,MFL-A/XT,,1160.0,65000.0,,1342.0,1468.69,2039.24,1540.15,2138.47,1540.79,2139.34,0.75,1.84,2015,Metal Loss_41742.2,True,41742.22,41742.22,112,3.3166666666666664
11600.0,,0.344,-11.33,1.88,41742.23,Metal Loss,External,19.0,0.065,,,0.55,0.94,2:11,,,0.7,133.04,,MFL-A/XT,,1160.0,65000.0,,1342.0,1473.11,2045.38,,,,,,,2015,Metal Loss_41742.2,True,41742.23,41742.23,112,2.183333333333333
11610.0,,0.344,-0.14,26.68,41744.25,Metal Loss,External,10.0,0.034,,,0.63,1.1,3:34,near girth weld,,0.7,133.46,,MFL-A/XT,,1160.0,65000.0,,1342.0,,,,,,,,,2015,Metal Loss_41744.2,True,41744.25,41744.25,112,3.5666666666666664
11610.0,,0.344,-2.56,24.26,41746.67,Metal Loss,External,17.0,0.058,,,0.63,0.94,10:37,,,0.7,133.94,,MFL-A/XT,,1160.0,65000.0,,1342.0,1472.75,2044.87,,,,,,,2015,Metal Loss_41746.7,True,41746.67,41746.67,112,10.616666666666667
11610.0,,0.344,-3.2,23.62,41747.31,Metal Loss,External,25.0,0.086,,,0.79,1.26,10:54,,,0.7,134.06,,MFL-A/XT,,1160.0,65000.0,,1342.0,1467.91,2038.16,1539.24,2137.19,1540.05,2138.32,0.75,1.84,2015,Metal Loss_41747.3,True,41747.31,41747.31,112,10.9
11610.0,,0.344,-3.67,23.15,41747.78,Metal Loss,External,10.0,0.034,,,0.59,1.26,10:46,,,0.7,134.15,,MFL-A/XT,,1160.0,65000.0,,1342.0,,,,,,,,,2015,Metal Loss_41747.8,True,41747.78,41747.78,112,10.766666666666667
11610.0,,0.344,-24.68,2.14,41768.79,Metal Loss,External,12.0,0.041,,,1.26,2.13,6:27,Repaired?,,0.7,136.29,,MFL-A/XT,,1160.0,65000.0,,1342.0,,,,,,,,,2015,Metal Loss_41768.8,True,41768.79,41768.79,113,6.45
11610.0,,0.344,-24.68,2.14,41768.79,Metal Loss,External,11.0,0.038,,,1.69,0.59,5:16,Repaired?,,0.7,136.29,,MFL-A/XT,,1160.0,65000.0,,1342.0,,,,,,,,,2015,Metal Loss_41768.8,True,41768.79,41768.79,113,5.266666666666667
11610.0,,0.344,-25.17,1.65,41769.29,Metal Loss,External,14.0,0.048,,,0.51,3.15,5:02,Repaired?,,0.7,136.31,,MFL-A/XT,,1160.0,65000.0,,1342.0,1474.28,2047.0,,,,,,,2015,Metal Loss_41769.3,True,41769.29,41769.29,113,5.033333333333333
11610.0,,0.344,-25.21,1.61,41769.32,Metal Loss,External,13.0,0.045,,,0.71,2.28,6:54,Repaired?,,0.7,136.32,,MFL-A/XT,,1160.0,65000.0,,1342.0,1472.92,2045.12,,,,,,,2015,Metal Loss_41769.3,True,41769.32,41769.32,113,6.9
11610.0,,0.344,-25.25,1.57,41769.36,Cluster,External,23.0,0.079,,,0.77,2.31,05:00,Repaired?,,0.7,136.32,,,,1160.0,65000.0,,1342.0,1468.55,2039.05,1540.0,2138.25,1540.61,2139.1,0.75,1.84,2015,Cluster_41769.4,True,41769.36,41769.36,113,5.0
11610.0,,0.344,-25.49,1.33,41769.6,Metal Loss,External,11.0,0.038,,,0.43,1.34,6:54,Repaired?,,0.7,136.33,,MFL-A/XT,,1160.0,65000.0,,1342.0,,,,,,,,,2015,Metal Loss_41769.6,True,41769.6,41769.6,113,6.9
11610.0,,0.344,-25.61,1.21,41769.72,Metal Loss,External,36.0,0.124,,,0.71,1.54,6:45,Repaired?,,0.7,136.33,,MFL-A/XT,,1160.0,65000.0,,1342.0,1465.36,2034.61,1535.98,2132.66,1537.61,2134.93,0.76,1.84,2015,Metal Loss_41769.7,True,41769.72,41769.72,113,6.75
11610.0,,0.344,-25.75,1.07,41769.86,Metal Loss,External,13.0,0.045,,,0.35,0.94,6:45,Repaired?,,0.7,136.34,,MFL-A/XT,,1160.0,65000.0,,1342.0,1475.33,2048.46,,,,,,,2015,Metal Loss_41769.9,True,41769.86,41769.86,113,6.75
11610.0,,0.344,-25.79,1.03,41769.91,Metal Loss,External,12.0,0.041,,,0.51,1.26,8:22,Repaired?,,0.7,136.34,,MFL-A/XT,,1160.0,65000.0,,1342.0,,,,,,,,,2015,Metal Loss_41769.9,True,41769.91,41769.91,113,8.366666666666667
11610.0,,0.344,-25.94,0.88,41770.06,Metal Loss,External,10.0,0.034,,,0.59,0.98,4:10,Repaired?,,0.7,136.35,,MFL-A/XT,,1160.0,65000.0,,1342.0,,,,,,,,,2015,Metal Loss_41770.1,True,41770.06,41770.06,113,4.166666666666667
11610.0,,0.344,-26.05,0.77,41770.17,Metal Loss,External,24.0,0.083,,,0.94,1.46,5:17,Repaired?,,0.7,136.35,,MFL-A/XT,,1160.0,65000.0,,1342.0,1464.79,2033.83,1535.73,2132.33,1536.78,2133.77,0.76,1.84,2015,Metal Loss_41770.2,True,41770.17,41770.17,113,5.283333333333333
11620.0,,0.344,-0.68,39.45,41771.61,Metal Loss,External,10.0,0.034,,,1.38,4.41,8:53,Recoat,,0.7,136.4,,MFL-A/XT,,1160.0,65000.0,,1342.0,,,,,,,,,2015,Metal Loss_41771.6,True,41771.61,41771.61,113,8.883333333333333
11620.0,,0.344,-0.92,39.21,41771.85,Metal Loss,External,42.0,0.144,,,0.83,1.68,2:54,Recoat,,0.7,136.41,,MFL-A/XT,,1160.0,65000.0,,1342.0,1458.25,2024.75,1527.26,2120.56,1530.38,2124.9,0.76,1.83,2015,Metal Loss_41771.8,True,41771.85,41771.85,113,2.9
11620.0,,0.344,-0.93,39.2,41771.86,Metal Loss,External,16.0,0.055,,,1.42,1.53,3:39,Recoat,,0.7,136.41,,MFL-A/XT,,1160.0,65000.0,,1342.0,1461.38,2029.09,,,,,,,2015,Metal Loss_41771.9,True,41771.86,41771.86,113,3.65
11620.0,,0.344,-33.25,6.88,41804.18,Metal Loss,External,19.0,0.065,,,1.42,1.65,7:58,,,0.7,136.91,,MFL-A/XT,,1160.0,65000.0,,1342.0,1458.23,2024.72,,,,,,,2015,Metal Loss_41804.2,True,41804.18,41804.18,114,7.966666666666667
11620.0,,0.344,-33.5,6.62,41804.44,Metal Loss,External,11.0,0.038,,,0.59,1.06,8:02,,,0.7,136.91,,MFL-A/XT,,1160.0,65000.0,,1342.0,,,,,,,,,2015,Metal Loss_41804.4,True,41804.44,41804.44,114,8.033333333333333
11620.0,,0.344,-34.14,5.99,41805.07,Metal Loss,External,11.0,0.038,,,0.63,1.02,9:10,,,0.7,136.91,,MFL-A/XT,,1160.0,65000.0,,1342.0,,,,,,,,,2015,Metal Loss_41805.1,True,41805.07,41805.07,114,9.166666666666666
11630.0,,0.344,-1.01,39.14,41812.07,Metal Loss,External,10.0,0.034,,,0.79,1.14,9:53,,,0.7,136.91,,MFL-A/XT,,1160.0,65000.0,,1342.0,,,,,,,,,2015,Metal Loss_41812.1,True,41812.07,41812.07,114,9.883333333333333
11630.0,,0.344,-1.87,38.29,41812.93,Metal Loss,External,18.0,0.062,,,0.71,1.5,9:29,,,0.7,136.91,,MFL-A/XT,,1160.0,65000.0,,1342.0,1471.5,2043.14,,,,,,,2015,Metal Loss_41812.9,True,41812.93,41812.93,114,9.483333333333333
11630.0,,0.344,-2.14,38.01,41813.21,Metal Loss,External,11.0,0.038,,,2.05,1.73,9:51,,,0.7,136.91,,MFL-A/XT,,1160.0,65000.0,,1342.0,,,,,,,,,2015,Metal Loss_41813.2,True,41813.21,41813.21,114,9.85
11630.0,,0.344,-28.76,11.4,41839.82,Metal Loss,External,16.0,0.055,,,0.91,1.26,10:44,,,0.7,136.91,,MFL-A/XT,,1160.0,65000.0,,1342.0,1469.69,2040.63,,,,,,,2015,Metal Loss_41839.8,True,41839.82,41839.82,115,10.733333333333333
11630.0,,0.344,-28.79,11.37,41839.85,Metal Loss,External,14.0,0.048,,,0.94,0.67,10:25,,,0.7,136.91,,MFL-A/XT,,1160.0,65000.0,,1342.0,1470.01,2041.08,,,,,,,2015,Metal Loss_41839.8,True,41839.85,41839.85,115,10.416666666666666
11640.0,,0.344,-0.02,39.81,41851.24,Metal Loss,External,14.0,0.048,,,0.47,2.05,2:49,affecting girth weld,,0.7,136.89,,MFL-A/XT,,1160.0,65000.0,,1342.0,1474.61,2047.47,,,,,,,2015,Metal Loss_41851.2,True,41851.24,41851.24,116,2.8166666666666664
11640.0,,0.344,-0.85,38.98,41852.07,Metal Loss,External,14.0,0.048,,,0.91,2.17,5:08,,,0.7,136.89,,MFL-A/XT,,1160.0,65000.0,,1342.0,1470.45,2041.68,,,,,,,2015,Metal Loss_41852.1,True,41852.07,41852.07,116,5.133333333333334
11640.0,,0.344,-1.11,38.72,41852.33,Metal Loss,External,10.0,0.034,,,0.51,1.22,4:29,,,0.7,136.89,,MFL-A/XT,,1160.0,65000.0,,1342.0,,,,,,,,,2015,Metal Loss_41852.3,True,41852.33,41852.33,116,4.483333333333333
11650.0,,0.344,-39.15,0.87,41930.2,Metal Loss,External,27.0,0.093,,,0.75,1.46,9:48,,,0.7,137.62,,MFL-A/XT,,1160.0,65000.0,,1342.0,1467.63,2037.77,1538.88,2136.69,1539.82,2138.0,0.75,1.84,2015,Metal Loss_41930.2,True,41930.2,41930.2,117,9.8
11660.0,,0.344,-0.78,39.31,41931.85,Metal Loss,External,26.0,0.089,,,0.83,3.66,9:07,,,0.7,137.63,,MFL-A/XT,,1160.0,65000.0,,1342.0,1466.47,2036.16,1537.58,2134.89,1538.59,2136.3,0.75,1.84,2015,Metal Loss_41931.8,True,41931.85,41931.85,117,9.116666666666667
11660.0,,0.344,-0.79,39.29,41931.86,Metal Loss,External,23.0,0.079,,,0.55,1.73,8:22,,,0.7,137.64,,MFL-A/XT,,1160.0,65000.0,,1342.0,1472.35,2044.32,1544.24,2144.15,1544.57,2144.59,0.75,1.85,2015,Metal Loss_41931.9,True,41931.86,41931.86,117,8.366666666666667
11660.0,,0.344,-0.81,39.27,41931.89,Metal Loss,External,10.0,0.034,,,0.59,2.72,6:35,,,0.7,137.64,,MFL-A/XT,,1160.0,65000.0,,1342.0,,,,,,,,,2015,Metal Loss_41931.9,True,41931.89,41931.89,117,6.583333333333333
11660.0,,0.344,-0.81,39.27,41931.89,Metal Loss,External,11.0,0.038,,,0.47,1.18,3:27,,,0.7,137.64,,MFL-A/XT,,1160.0,65000.0,,1342.0,,,,,,,,,2015,Metal Loss_41931.9,True,41931.89,41931.89,117,3.45
11670.0,,0.344,-14.23,25.82,41985.39,Metal Loss,External,14.0,0.048,,,1.85,2.05,5:15,,,0.7,137.09,,MFL-A/XT,,1160.0,65000.0,,1342.0,1456.23,2021.94,,,,,,,2015,Metal Loss_41985.4,True,41985.39,41985.39,118,5.25
11670.0,,0.344,-14.24,25.82,41985.4,Metal Loss,External,12.0,0.041,,,1.22,1.97,4:26,,,0.7,137.09,,MFL-A/XT,,1160.0,65000.0,,1342.0,,,,,,,,,2015,Metal Loss_41985.4,True,41985.4,41985.4,118,4.433333333333334
11670.0,,0.344,-39.19,0.87,42010.35,Metal Loss,External,23.0,0.079,,,0.79,1.97,1:51,,,0.7,136.55,,MFL-A/XT,,1160.0,65000.0,,1342.0,1468.47,2038.93,1539.91,2138.12,1540.56,2139.02,0.75,1.84,2015,Metal Loss_42010.3,True,42010.35,42010.35,-1,1.85
11930.0,,0.344,-17.33,22.71,42952.49,Metal Loss,External,16.0,0.055,,,0.91,1.93,6:50,,,0.7,104.17,,MFL-A/XT,,1160.0,65000.0,,1342.0,1469.69,2040.63,,,,,,,2015,Metal Loss_42952.5,True,42952.49,42952.49,-1,6.833333333333333
11990.0,,0.344,-28.54,0.84,43171.61,Metal Loss,External,25.0,0.086,,,0.79,1.38,8:23,,,0.7,72.83,,MFL-A/XT,,1160.0,65000.0,,1342.0,1467.67,2037.82,1538.96,2136.81,1539.8,2137.97,0.75,1.84,2015,Metal Loss_43171.6,True,43171.61,43171.61,-1,8.383333333333333
12120.0,,0.344,-19.74,0.87,43585.01,Metal Loss,External,15.0,0.052,,,0.55,0.94,6:41,,,0.7,139.54,,MFL-A/XT,,1160.0,65000.0,,1342.0,1473.83,2046.38,,,,,,,2015,Metal Loss_43585.0,True,43585.01,43585.01,-1,6.683333333333334
12130.0,,0.344,-22.31,17.83,43608.19,Metal Loss,External,11.0,0.038,,,1.22,1.38,04:00,,,0.7,138.82,,MFL-A/XT,,1160.0,65000.0,,1342.0,,,,,,,,,2015,Metal Loss_43608.2,True,43608.19,43608.19,119,4.0
12130.0,,0.344,-22.55,17.59,43608.43,Metal Loss,External,17.0,0.058,,,0.63,1.1,4:04,,,0.7,138.81,,MFL-A/XT,,1160.0,65000.0,,1342.0,1472.62,2044.69,,,,,,,2015,Metal Loss_43608.4,True,43608.43,43608.43,119,4.066666666666666
12150.0,,0.344,-0.82,38.73,43666.96,Metal Loss,External,11.0,0.038,,,1.77,0.59,6:19,,,0.7,136.73,,MFL-A/XT,,1160.0,65000.0,,1342.0,,,,,,,,,2015,Metal Loss_43667.0,True,43666.96,43666.96,120,6.316666666666666
12150.0,,0.344,-0.85,38.7,43666.98,Metal Loss,External,29.0,0.1,,,1.73,3.9,5:15,,,0.7,136.73,,MFL-A/XT,,1160.0,65000.0,,1342.0,1435.16,1992.68,1500.87,2083.91,1505.82,2090.79,0.77,1.8,2015,Metal Loss_43667.0,True,43666.98,43666.98,120,5.25
12150.0,,0.344,-0.89,38.65,43667.03,Metal Loss,External,29.0,0.1,,,0.83,0.98,4:37,,,0.7,136.73,,MFL-A/XT,,1160.0,65000.0,,1342.0,1465.09,2034.24,1535.92,2132.59,1537.26,2134.44,0.76,1.84,2015,Metal Loss_43667.0,True,43667.03,43667.03,120,4.616666666666667
12160.0,,0.344,-11.26,28.94,43716.94,Metal Loss,External,39.0,0.134,,,0.91,1.77,08:00,,,0.7,134.71,,MFL-A/XT,,1160.0,65000.0,,1342.0,1456.74,2022.65,1525.69,2118.38,1528.85,2122.77,0.76,1.83,2015,Metal Loss_43716.9,True,43716.94,43716.94,-1,8.0
12160.0,,0.344,-28.79,11.41,43734.47,Metal Loss,External,10.0,0.034,,,0.32,0.67,9:07,,,0.7,134.38,,MFL-A/XT,,1160.0,65000.0,,1342.0,,,,,,,,,2015,Metal Loss_43734.5,True,43734.47,43734.47,121,9.116666666666667
12160.0,,0.344,-30.14,10.07,43735.82,Metal Loss,External,11.0,0.038,,,0.79,1.14,8:13,,,0.7,134.44,,MFL-A/XT,,1160.0,65000.0,,1342.0,,,,,,,,,2015,Metal Loss_43735.8,True,43735.82,43735.82,121,8.216666666666667
12160.0,,0.344,-30.88,9.32,43736.56,Metal Loss,External,29.0,0.1,,,0.91,1.5,8:30,,,0.7,134.47,,MFL-A/XT,,1160.0,65000.0,,1342.0,1463.2,2031.61,1533.76,2129.58,1535.32,2131.75,0.76,1.84,2015,Metal Loss_43736.6,True,43736.56,43736.56,121,8.5
12160.0,,0.344,-30.93,9.28,43736.61,Metal Loss,External,11.0,0.038,,,0.94,1.81,4:23,,,0.7,134.47,,MFL-A/XT,,1160.0,65000.0,,1342.0,,,,,,,,,2015,Metal Loss_43736.6,True,43736.61,43736.61,121,4.383333333333334
12160.0,,0.344,-31.08,9.12,43736.76,Metal Loss,External,12.0,0.041,,,0.67,1.02,8:29,,,0.7,134.48,,MFL-A/XT,,1160.0,65000.0,,1342.0,,,,,,,,,2015,Metal Loss_43736.8,True,43736.76,43736.76,121,8.483333333333333
12160.0,,0.344,-31.22,8.99,43736.9,Metal Loss,External,17.0,0.058,,,0.94,1.22,4:30,,,0.7,134.49,,MFL-A/XT,,1160.0,65000.0,,1342.0,1468.71,2039.26,,,,,,,2015,Metal Loss_43736.9,True,43736.9,43736.9,121,4.5
12160.0,,0.344,-39.33,0.88,43745.01,Metal Loss,External,21.0,0.072,,,0.67,2.05,4:09,,,0.7,135.05,,MFL-A/XT,,1160.0,65000.0,,1342.0,1471.3,2042.86,1543.1,2142.56,1543.43,2143.02,0.75,1.85,2015,Metal Loss_43745.0,True,43745.01,43745.01,121,4.15
12160.0,,0.344,-39.36,0.85,43745.04,Cluster,External,38.0,0.131,,,1.92,4.0,5:56,,,0.7,135.05,,,,1160.0,65000.0,,1342.0,1408.03,1955.01,1466.73,2036.52,1501.8,2085.22,0.79,1.76,2015,Cluster_43745.0,True,43745.04,43745.04,121,5.933333333333334
12160.0,,0.344,-39.47,0.74,43745.15,Metal Loss,External,13.0,0.045,,,0.71,1.02,5:35,,,0.7,135.06,,MFL-A/XT,,1160.0,65000.0,,1342.0,1472.92,2045.12,,,,,,,2015,Metal Loss_43745.2,True,43745.15,43745.15,121,5.583333333333333
12170.0,,0.344,-0.77,39.33,43746.65,Metal Loss,External,12.0,0.041,,,0.75,0.63,4:55,,,0.7,135.17,,MFL-A/XT,,1160.0,65000.0,,1342.0,,,,,,,,,2015,Metal Loss_43746.7,True,43746.65,43746.65,121,4.916666666666667
12170.0,,0.344,-0.84,39.26,43746.72,Metal Loss,External,14.0,0.048,,,1.77,1.1,6:16,,,0.7,135.17,,MFL-A/XT,,1160.0,65000.0,,1342.0,1457.68,2023.95,,,,,,,2015,Metal Loss_43746.7,True,43746.72,43746.72,121,6.266666666666667
12170.0,,0.344,-0.85,39.24,43746.74,Metal Loss,External,34.0,0.117,,,1.14,2.36,5:14,,,0.7,135.17,,MFL-A/XT,,1160.0,65000.0,,1342.0,1451.7,2015.65,1520.11,2110.64,1523.6,2115.49,0.76,1.82,2015,Metal Loss_43746.7,True,43746.74,43746.74,121,5.233333333333333
12170.0,,0.344,-2.14,37.96,43748.02,Metal Loss,External,25.0,0.086,,,0.83,1.14,6:26,,,0.7,135.27,,MFL-A/XT,,1160.0,65000.0,,1342.0,1466.92,2036.77,1538.11,2135.63,1539.02,2136.89,0.75,1.84,2015,Metal Loss_43748.0,True,43748.02,43748.02,121,6.433333333333334
12170.0,,0.344,-3.96,36.14,43749.84,Metal Loss,External,13.0,0.045,,,1.1,1.42,8:03,,,0.7,135.4,,MFL-A/XT,,1160.0,65000.0,,1342.0,1468.63,2039.16,,,,,,,2015,Metal Loss_43749.8,True,43749.84,43749.84,121,8.05
12170.0,,0.344,-4.43,35.67,43750.32,Metal Loss,External,10.0,0.034,,,1.1,1.34,7:30,,,0.7,135.44,,MFL-A/XT,,1160.0,65000.0,,1342.0,,,,,,,,,2015,Metal Loss_43750.3,True,43750.32,43750.32,121,7.5
12170.0,,0.344,-4.81,35.29,43750.69,Metal Loss,External,16.0,0.055,,,1.06,1.46,8:02,,,0.7,135.47,,MFL-A/XT,,1160.0,65000.0,,1342.0,1467.44,2037.5,,,,,,,2015,Metal Loss_43750.7,True,43750.69,43750.69,121,8.033333333333333
12170.0,,0.344,-5.33,34.77,43751.21,Metal Loss,External,17.0,0.058,,,1.14,1.3,7:22,,,0.7,135.51,,MFL-A/XT,,1160.0,65000.0,,1342.0,1465.41,2034.69,,,,,,,2015,Metal Loss_43751.2,True,43751.21,43751.21,121,7.366666666666666
12170.0,,0.344,-6.18,33.92,43752.06,Metal Loss,External,11.0,0.038,,,1.18,1.53,08:00,,,0.7,135.57,,MFL-A/XT,,1160.0,65000.0,,1342.0,,,,,,,,,2015,Metal Loss_43752.1,True,43752.06,43752.06,121,8.0
12170.0,,0.344,-6.59,33.51,43752.48,Metal Loss,External,14.0,0.048,,,1.38,1.89,7:25,,,0.7,135.6,,MFL-A/XT,,1160.0,65000.0,,1342.0,1463.96,2032.68,,,,,,,2015,Metal Loss_43752.5,True,43752.48,43752.48,121,7.416666666666667
12170.0,,0.344,-10.95,29.15,43756.83,Metal Loss,External,12.0,0.041,,,1.61,1.81,5:04,,,0.7,135.94,,MFL-A/XT,,1160.0,65000.0,,1342.0,,,,,,,,,2015,Metal Loss_43756.8,True,43756.83,43756.83,121,5.066666666666666
12190.0,,0.344,-0.12,39.98,43814.13,Metal Loss,External,15.0,0.052,,,2.09,1.89,8:48,near girth weld,,1.0,140.8,,MFL-A/XT,,1160.0,65000.0,,1342.0,1450.17,2013.53,,,,,,,2015,Metal Loss_43814.1,True,43814.13,43814.13,-1,8.8
12230.0,,0.344,-16.18,23.71,43990.4,Metal Loss,External,43.0,0.148,,,1.73,1.5,4:44,Recoat,,0.7,138.47,,MFL-A/XT,,1160.0,65000.0,,1342.0,1407.91,1954.85,1465.6,2034.96,1477.59,2051.59,0.79,1.75,2015,Metal Loss_43990.4,True,43990.4,43990.4,122,4.733333333333333
12230.0,,0.344,-16.37,23.51,43990.59,Metal Loss,External,16.0,0.055,,,0.87,1.61,7:13,Recoat,,0.7,138.43,,MFL-A/XT,,1160.0,65000.0,,1342.0,1470.18,2041.3,,,,,,,2015,Metal Loss_43990.6,True,43990.59,43990.59,122,7.216666666666667
12230.0,,0.344,-16.69,23.2,43990.9,Metal Loss,External,21.0,0.072,,,0.32,1.58,4:34,Recoat,,0.7,138.37,,MFL-A/XT,,1160.0,65000.0,,1342.0,1474.99,2047.98,1547.18,2148.22,1547.26,2148.34,0.75,1.85,2015,Metal Loss_43990.9,True,43990.9,43990.9,122,4.566666666666666
12230.0,,0.344,-16.71,23.17,43990.93,Metal Loss,External,12.0,0.041,,,0.91,1.42,7:20,Recoat,,0.7,138.36,,MFL-A/XT,,1160.0,65000.0,,1342.0,,,,,,,,,2015,Metal Loss_43990.9,True,43990.93,43990.93,122,7.333333333333333
12230.0,,0.344,-16.95,22.94,43991.17,Metal Loss,External,23.0,0.079,,,0.79,1.14,7:15,Recoat,,0.7,138.32,,MFL-A/XT,,1160.0,65000.0,,1342.0,1468.69,2039.24,1540.15,2138.47,1540.79,2139.34,0.75,1.84,2015,Metal Loss_43991.2,True,43991.17,43991.17,122,7.25
12230.0,,0.344,-17.24,22.64,43991.46,Metal Loss,External,40.0,0.138,,,1.18,1.81,4:39,Recoat,,0.7,138.26,,MFL-A/XT,,1160.0,65000.0,,1342.0,1443.61,2004.42,1509.91,2096.47,1515.32,2103.98,0.77,1.81,2015,Metal Loss_43991.5,True,43991.46,43991.46,122,4.65
12230.0,,0.344,-17.31,22.58,43991.53,Metal Loss,External,16.0,0.055,,,0.59,1.06,7:16,Recoat,,0.7,138.24,,MFL-A/XT,,1160.0,65000.0,,1342.0,1473.21,2045.51,,,,,,,2015,Metal Loss_43991.5,True,43991.53,43991.53,122,7.266666666666667
12230.0,,0.344,-17.72,22.17,43991.93,Metal Loss,External,35.0,0.12,,,0.63,1.3,4:26,Recoat,,0.7,138.16,,MFL-A/XT,,1160.0,65000.0,,1342.0,1468.0,2038.28,1539.08,2136.98,1540.28,2138.65,0.75,1.84,2015,Metal Loss_43991.9,True,43991.93,43991.93,122,4.433333333333334
12230.0,,0.344,-18.14,21.75,43992.35,Metal Loss,External,22.0,0.076,,,1.5,1.85,4:39,Recoat,,0.7,138.07,,MFL-A/XT,,1160.0,65000.0,,1342.0,1453.07,2017.55,1522.35,2113.74,1524.13,2116.21,0.76,1.82,2015,Metal Loss_43992.3,True,43992.35,43992.35,122,4.65
12230.0,,0.344,-18.17,21.72,43992.39,Metal Loss,External,38.0,0.131,,,1.89,1.46,7:08,Recoat,,0.7,138.07,,MFL-A/XT,,1160.0,65000.0,,1342.0,1409.81,1957.48,1468.94,2039.58,1479.38,2054.08,0.79,1.76,2015,Metal Loss_43992.4,True,43992.39,43992.39,122,7.133333333333334
12230.0,,0.344,-18.67,21.22,43992.88,Metal Loss,External,15.0,0.052,,,1.18,1.5,4:26,Recoat,,0.7,137.97,,MFL-A/XT,,1160.0,65000.0,,1342.0,1466.27,2035.88,,,,,,,2015,Metal Loss_43992.9,True,43992.88,43992.88,122,4.433333333333334
12230.0,,0.344,-18.9,20.99,43993.12,Cluster,External,19.0,0.065,,,1.43,2.39,7:06,Recoat,,0.7,137.92,,,,1160.0,65000.0,,1342.0,1458.2,2024.68,,,,,,,2015,Cluster_43993.1,True,43993.12,43993.12,122,7.1
12230.0,,0.344,-19.29,20.6,43993.5,Metal Loss,External,16.0,0.055,,,1.1,1.53,4:18,Recoat,,0.7,137.84,,MFL-A/XT,,1160.0,65000.0,,1342.0,1466.88,2036.73,,,,,,,2015,Metal Loss_43993.5,True,43993.5,43993.5,122,4.3
12230.0,,0.344,-19.49,20.4,43993.7,Metal Loss,External,16.0,0.055,,,0.83,1.14,6:39,Recoat,,0.7,137.8,,MFL-A/XT,,1160.0,65000.0,,1342.0,1470.64,2041.95,,,,,,,2015,Metal Loss_43993.7,True,43993.7,43993.7,122,6.65
12230.0,,0.344,-19.58,20.31,43993.79,Metal Loss,External,24.0,0.083,,,1.38,1.58,7:21,Recoat,,0.7,137.78,,MFL-A/XT,,1160.0,65000.0,,1342.0,1453.72,2018.45,1523.03,2114.69,1525.1,2117.56,0.76,1.82,2015,Metal Loss_43993.8,True,43993.79,43993.79,122,7.35
12230.0,,0.344,-21.09,18.79,43995.31,Metal Loss,External,12.0,0.041,,,1.06,1.73,7:49,Recoat,,0.7,137.49,,MFL-A/XT,,1160.0,65000.0,,1342.0,,,,,,,,,2015,Metal Loss_43995.3,True,43995.31,43995.31,122,7.816666666666666
12230.0,,0.344,-21.74,18.14,43995.96,Metal Loss,External,32.0,0.11,,,1.02,1.34,7:48,Recoat,,0.7,137.37,,MFL-A/XT,,1160.0,65000.0,,1342.0,1457.66,2023.93,1527.22,2120.51,1529.71,2123.96,0.76,1.83,2015,Metal Loss_43996.0,True,43995.96,43995.96,122,7.8
12230.0,,0.344,-22.31,17.58,43996.52,Metal Loss,External,16.0,0.055,,,1.46,1.73,9:18,Recoat,,0.7,137.27,,MFL-A/XT,,1160.0,65000.0,,1342.0,1460.5,2027.87,,,,,,,2015,Metal Loss_43996.5,True,43996.52,43996.52,122,9.3
12230.0,,0.344,-22.32,17.56,43996.54,Metal Loss,External,44.0,0.151,,,0.75,1.02,7:50,Recoat,,0.7,137.27,,MFL-A/XT,,1160.0,65000.0,,1342.0,1460.57,2027.96,1529.88,2124.2,1532.73,2128.15,0.76,1.83,2015,Metal Loss_43996.5,True,43996.54,43996.54,122,7.833333333333333
12230.0,,0.344,-22.69,17.2,43996.91,Metal Loss,External,27.0,0.093,,,1.89,1.3,9:19,Recoat,,0.7,137.2,,MFL-A/XT,,1160.0,65000.0,,1342.0,1432.55,1989.06,1497.86,2079.74,1502.68,2086.43,0.77,1.79,2015,Metal Loss_43996.9,True,43996.91,43996.91,122,9.316666666666666
12230.0,,0.344,-23.24,16.65,43997.46,Metal Loss,External,14.0,0.048,,,1.3,1.65,9:18,Recoat,,0.7,137.11,,MFL-A/XT,,1160.0,65000.0,,1342.0,1465.25,2034.46,,,,,,,2015,Metal Loss_43997.5,True,43997.46,43997.46,122,9.3
12230.0,,0.344,-23.73,16.15,43997.95,Metal Loss,External,13.0,0.045,,,2.36,1.42,9:15,Recoat,,0.7,137.03,,MFL-A/XT,,1160.0,65000.0,,1342.0,1449.63,2012.78,,,,,,,2015,Metal Loss_43997.9,True,43997.95,43997.95,122,9.25
12230.0,,0.344,-24.67,15.22,43998.88,Metal Loss,External,18.0,0.062,,,1.81,2.05,09:00,Recoat,,0.7,136.88,,MFL-A/XT,,1160.0,65000.0,,1342.0,1450.68,2014.23,,,,,,,2015,Metal Loss_43998.9,True,43998.88,43998.88,122,9.0
12230.0,,0.344,-25.14,14.75,43999.35,Metal Loss,External,26.0,0.089,,,2.21,1.53,9:18,Recoat,,0.7,136.81,,MFL-A/XT,,1160.0,65000.0,,1342.0,1423.69,1976.76,1487.15,2064.87,1492.67,2072.53,0.78,1.78,2015,Metal Loss_43999.3,True,43999.35,43999.35,122,9.3
12230.0,,0.344,-25.82,14.07,44000.04,Metal Loss,External,16.0,0.055,,,2.01,1.34,9:21,Recoat,,0.7,136.71,,MFL-A/XT,,1160.0,65000.0,,1342.0,1449.96,2013.24,,,,,,,2015,Metal Loss_44000.0,True,44000.04,44000.04,122,9.35
12230.0,,0.344,-25.94,13.95,44000.15,Metal Loss,External,10.0,0.034,,,0.63,1.02,9:47,Recoat,,0.7,136.69,,MFL-A/XT,,1160.0,65000.0,,1342.0,,,,,,,,,2015,Metal Loss_44000.2,True,44000.15,44000.15,122,9.783333333333333
12230.0,,0.344,-26.23,13.66,44000.45,Metal Loss,External,23.0,0.079,,,1.85,1.65,9:19,Recoat,,0.7,136.65,,MFL-A/XT,,1160.0,65000.0,,1342.0,1441.07,2000.9,1508.21,2094.12,1511.2,2098.27,0.77,1.81,2015,Metal Loss_44000.4,True,44000.45,44000.45,122,9.316666666666666
12230.0,,0.344,-26.23,13.66,44000.45,Metal Loss,External,17.0,0.058,,,0.87,1.38,2:15,Recoat,,0.7,136.65,,MFL-A/XT,,1160.0,65000.0,,1342.0,1469.75,2040.72,,,,,,,2015,Metal Loss_44000.4,True,44000.45,44000.45,122,2.25
12230.0,,0.344,-26.51,13.38,44000.72,Metal Loss,External,16.0,0.055,,,0.87,1.26,3:31,Recoat,,0.7,136.61,,MFL-A/XT,,1160.0,65000.0,,1342.0,1470.18,2041.3,,,,,,,2015,Metal Loss_44000.7,True,44000.72,44000.72,122,3.5166666666666666
12230.0,,0.344,-26.63,13.26,44000.85,Metal Loss,External,16.0,0.055,,,0.79,1.42,2:15,Recoat,,0.7,136.59,,MFL-A/XT,,1160.0,65000.0,,1342.0,1471.24,2042.78,,,,,,,2015,Metal Loss_44000.8,True,44000.85,44000.85,122,2.25
12230.0,,0.344,-27.29,12.6,44001.51,Metal Loss,External,11.0,0.038,,,0.94,1.46,9:20,Recoat,,0.7,136.51,,MFL-A/XT,,1160.0,65000.0,,1342.0,,,,,,,,,2015,Metal Loss_44001.5,True,44001.51,44001.51,122,9.333333333333334
12230.0,,0.344,-27.68,12.21,44001.89,Metal Loss,External,14.0,0.048,,,1.42,1.77,3:17,Recoat,,0.7,136.46,,MFL-A/XT,,1160.0,65000.0,,1342.0,1463.21,2031.64,,,,,,,2015,Metal Loss_44001.9,True,44001.89,44001.89,122,3.283333333333333
12230.0,,0.344,-28.57,11.31,44002.79,Metal Loss,External,13.0,0.045,,,1.81,2.05,2:18,Recoat,,0.7,136.34,,MFL-A/XT,,1160.0,65000.0,,1342.0,1458.35,2024.88,,,,,,,2015,Metal Loss_44002.8,True,44002.79,44002.79,122,2.3
12230.0,,0.344,-28.57,11.31,44002.79,Metal Loss,External,14.0,0.048,,,1.73,0.59,2:50,Recoat,,0.7,136.34,,MFL-A/XT,,1160.0,65000.0,,1342.0,1458.08,2024.51,,,,,,,2015,Metal Loss_44002.8,True,44002.79,44002.79,122,2.8333333333333335
12230.0,,0.344,-28.6,11.29,44002.82,Metal Loss,External,14.0,0.048,,,0.71,1.18,9:44,Recoat,,0.7,136.34,,MFL-A/XT,,1160.0,65000.0,,1342.0,1472.65,2044.73,,,,,,,2015,Metal Loss_44002.8,True,44002.82,44002.82,122,9.733333333333333
12230.0,,0.344,-28.61,11.28,44002.82,Metal Loss,External,12.0,0.041,,,0.94,1.61,3:06,Recoat,,0.7,136.34,,MFL-A/XT,,1160.0,65000.0,,1342.0,,,,,,,,,2015,Metal Loss_44002.8,True,44002.82,44002.82,122,3.1
12230.0,,0.344,-28.81,11.08,44003.03,Metal Loss,External,15.0,0.052,,,0.87,1.34,9:27,Recoat,,0.7,136.32,,MFL-A/XT,,1160.0,65000.0,,1342.0,1470.59,2041.88,,,,,,,2015,Metal Loss_44003.0,True,44003.03,44003.03,122,9.45
12230.0,,0.344,-28.94,10.95,44003.16,Metal Loss,External,14.0,0.048,,,0.83,1.42,3:13,Recoat,,0.7,136.3,,MFL-A/XT,,1160.0,65000.0,,1342.0,1471.41,2043.01,,,,,,,2015,Metal Loss_44003.2,True,44003.16,44003.16,122,3.216666666666667
12230.0,,0.344,-28.97,10.92,44003.19,Metal Loss,External,11.0,0.038,,,0.79,1.34,2:28,Recoat,,0.7,136.3,,MFL-A/XT,,1160.0,65000.0,,1342.0,,,,,,,,,2015,Metal Loss_44003.2,True,44003.19,44003.19,122,2.466666666666667
12230.0,,0.344,-29.1,10.79,44003.31,Metal Loss,External,11.0,0.038,,,0.63,1.06,2:17,Recoat,,0.7,136.28,,MFL-A/XT,,1160.0,65000.0,,1342.0,,,,,,,,,2015,Metal Loss_44003.3,True,44003.31,44003.31,122,2.283333333333333
12230.0,,0.344,-29.27,10.62,44003.49,Metal Loss,External,11.0,0.038,,,1.42,1.73,9:28,Recoat,,0.7,136.26,,MFL-A/XT,,1160.0,65000.0,,1342.0,,,,,,,,,2015,Metal Loss_44003.5,True,44003.49,44003.49,122,9.466666666666667
12230.0,,0.344,-29.44,10.45,44003.65,Metal Loss,External,23.0,0.079,,,1.58,2.05,2:19,Recoat,,0.7,136.25,,MFL-A/XT,,1160.0,65000.0,,1342.0,1449.48,2012.57,1518.14,2107.89,1520.4,2111.04,0.76,1.82,2015,Metal Loss_44003.7,True,44003.65,44003.65,122,2.3166666666666664
12230.0,,0.344,-29.64,10.25,44003.86,Metal Loss,External,23.0,0.079,,,0.83,1.18,3:29,Recoat,,0.7,136.22,,MFL-A/XT,,1160.0,65000.0,,1342.0,1467.79,2037.99,1539.14,2137.06,1539.85,2138.04,0.75,1.84,2015,Metal Loss_44003.9,True,44003.86,44003.86,122,3.4833333333333334
12230.0,,0.344,-30.04,9.85,44004.25,Metal Loss,External,26.0,0.089,,,0.32,1.14,3:33,Recoat,,0.7,136.18,,MFL-A/XT,,1160.0,65000.0,,1342.0,1474.64,2047.5,1546.78,2147.66,1546.94,2147.88,0.75,1.85,2015,Metal Loss_44004.2,True,44004.25,44004.25,122,3.55
12230.0,,0.344,-30.14,9.75,44004.35,Metal Loss,External,10.0,0.034,,,1.42,1.53,9:19,Recoat,,0.7,136.17,,MFL-A/XT,,1160.0,65000.0,,1342.0,,,,,,,,,2015,Metal Loss_44004.3,True,44004.35,44004.35,122,9.316666666666666
12230.0,,0.344,-30.34,9.55,44004.55,Metal Loss,External,15.0,0.052,,,1.58,1.81,2:30,Recoat,,0.7,136.14,,MFL-A/XT,,1160.0,65000.0,,1342.0,1459.69,2026.75,,,,,,,2015,Metal Loss_44004.6,True,44004.55,44004.55,122,2.5
12230.0,,0.344,-30.54,9.35,44004.75,Metal Loss,External,37.0,0.127,,,0.63,1.06,3:33,Recoat,,0.7,136.13,,MFL-A/XT,,1160.0,65000.0,,1342.0,1467.38,2037.43,1538.3,2135.89,1539.67,2137.79,0.75,1.84,2015,Metal Loss_44004.8,True,44004.75,44004.75,122,3.55
12230.0,,0.344,-30.99,8.9,44005.2,Metal Loss,External,29.0,0.1,,,0.55,1.06,3:40,Recoat,,0.7,136.08,,MFL-A/XT,,1160.0,65000.0,,1342.0,1471.11,2042.6,1542.77,2142.1,1543.38,2142.95,0.75,1.85,2015,Metal Loss_44005.2,True,44005.2,44005.2,122,3.6666666666666665
12230.0,,0.344,-31.18,8.71,44005.39,Metal Loss,External,22.0,0.076,,,0.67,1.18,2:34,Recoat,,0.7,136.06,,MFL-A/XT,,1160.0,65000.0,,1342.0,1470.84,2042.23,1542.58,2141.83,1542.99,2142.4,0.75,1.85,2015,Metal Loss_44005.4,True,44005.39,44005.39,122,2.5666666666666664
12230.0,,0.344,-31.18,8.71,44005.39,Metal Loss,External,11.0,0.038,,,1.81,0.59,3:05,Recoat,,0.7,136.06,,MFL-A/XT,,1160.0,65000.0,,1342.0,,,,,,,,,2015,Metal Loss_44005.4,True,44005.39,44005.39,122,3.0833333333333335
12230.0,,0.344,-31.23,8.66,44005.44,Metal Loss,External,25.0,0.086,,,0.94,1.18,3:30,Recoat,,0.7,136.06,,MFL-A/XT,,1160.0,65000.0,,1342.0,1464.51,2033.43,1535.38,2131.84,1536.53,2133.43,0.76,1.84,2015,Metal Loss_44005.4,True,44005.44,44005.44,122,3.5
12230.0,,0.344,-31.58,8.3,44005.8,Metal Loss,External,22.0,0.076,,,1.06,1.42,2:31,Recoat,,0.7,136.03,,MFL-A/XT,,1160.0,65000.0,,1342.0,1463.62,2032.2,1534.46,2130.55,1535.42,2131.89,0.76,1.84,2015,Metal Loss_44005.8,True,44005.8,44005.8,122,2.5166666666666666
12230.0,,0.344,-31.99,7.9,44006.21,Metal Loss,External,13.0,0.045,,,0.83,1.3,5:47,Recoat,,0.7,135.99,,MFL-A/XT,,1160.0,65000.0,,1342.0,1471.78,2043.53,,,,,,,2015,Metal Loss_44006.2,True,44006.21,44006.21,122,5.783333333333333
12230.0,,0.344,-32.01,7.88,44006.22,Metal Loss,External,30.0,0.103,,,1.22,1.42,2:34,Recoat,,0.7,135.99,,MFL-A/XT,,1160.0,65000.0,,1342.0,1452.41,2016.63,1521.21,2112.16,1524.19,2116.3,0.76,1.82,2015,Metal Loss_44006.2,True,44006.22,44006.22,122,2.5666666666666664
12230.0,,0.344,-32.29,7.6,44006.51,Metal Loss,External,25.0,0.086,,,1.06,1.46,2:41,Recoat,,0.7,135.96,,MFL-A/XT,,1160.0,65000.0,,1342.0,1461.28,2028.94,1531.7,2126.72,1533.16,2128.76,0.76,1.83,2015,Metal Loss_44006.5,True,44006.51,44006.51,122,2.6833333333333336
12230.0,,0.344,-33.41,6.48,44007.63,Cluster,External,36.0,0.124,,,1.81,4.15,2:18,Recoat,,0.7,135.88,,,,1160.0,65000.0,,1342.0,1418.47,1969.5,1479.92,2054.83,1510.79,2097.69,0.78,1.77,2015,Cluster_44007.6,True,44007.63,44007.63,122,2.3
12230.0,,0.344,-33.7,6.19,44007.92,Metal Loss,External,17.0,0.058,,,0.63,0.91,9:25,Recoat,,0.7,135.86,,MFL-A/XT,,1160.0,65000.0,,1342.0,1472.75,2044.87,,,,,,,2015,Metal Loss_44007.9,True,44007.92,44007.92,122,9.416666666666666
12230.0,,0.344,-34.0,5.88,44008.22,Metal Loss,External,21.0,0.072,,,0.87,1.34,2:33,Recoat,,0.7,135.83,,MFL-A/XT,,1160.0,65000.0,,1342.0,1468.0,2038.28,1539.42,2137.44,1539.97,2138.21,0.75,1.84,2015,Metal Loss_44008.2,True,44008.22,44008.22,122,2.55
12230.0,,0.344,-34.28,5.61,44008.49,Metal Loss,External,15.0,0.052,,,0.98,1.46,2:37,Recoat,,0.7,135.82,,MFL-A/XT,,1160.0,65000.0,,1342.0,1469.04,2039.73,,,,,,,2015,Metal Loss_44008.5,True,44008.49,44008.49,122,2.6166666666666667
12230.0,,0.344,-34.49,5.4,44008.7,Metal Loss,External,17.0,0.058,,,0.71,1.14,1:54,Recoat,,0.7,135.8,,MFL-A/XT,,1160.0,65000.0,,1342.0,1471.79,2043.55,,,,,,,2015,Metal Loss_44008.7,True,44008.7,44008.7,122,1.9
12230.0,,0.344,-34.59,5.3,44008.81,Metal Loss,External,28.0,0.096,,,0.63,1.02,3:10,Recoat,,0.7,135.8,,MFL-A/XT,,1160.0,65000.0,,1342.0,1469.78,2040.75,1541.28,2140.03,1542.02,2141.06,0.75,1.84,2015,Metal Loss_44008.8,True,44008.81,44008.81,122,3.1666666666666665
12230.0,,0.344,-34.78,5.11,44008.99,Metal Loss,External,53.0,0.182,,,0.59,1.06,2:11,Recoat,,0.7,135.79,,MFL-A/XT,,1160.0,65000.0,,1342.0,1463.14,2031.53,1532.33,2127.6,1535.21,2131.6,0.76,1.83,2015,Metal Loss_44009.0,True,44008.99,44008.99,122,2.183333333333333
12230.0,,0.344,-34.94,4.95,44009.15,Metal Loss,External,38.0,0.131,,,0.67,1.18,3:16,Recoat,,0.7,135.78,,MFL-A/XT,,1160.0,65000.0,,1342.0,1466.02,2035.54,1536.68,2133.63,1538.29,2135.88,0.75,1.84,2015,Metal Loss_44009.2,True,44009.15,44009.15,122,3.2666666666666666
12230.0,,0.344,-34.97,4.92,44009.18,Metal Loss,External,13.0,0.045,,,0.67,0.98,2:38,Recoat,,0.7,135.77,,MFL-A/XT,,1160.0,65000.0,,1342.0,1473.24,2045.55,,,,,,,2015,Metal Loss_44009.2,True,44009.18,44009.18,122,2.6333333333333333
12230.0,,0.344,-35.07,4.82,44009.28,Cluster,External,22.0,0.076,,,2.32,1.59,2:32,Recoat,,0.7,135.77,,,,1160.0,65000.0,,1342.0,1429.6,1984.97,1494.4,2074.93,1506.0,2091.05,0.78,1.79,2015,Cluster_44009.3,True,44009.28,44009.28,122,2.533333333333333
12230.0,,0.344,-35.51,4.38,44009.72,Metal Loss,External,24.0,0.083,,,0.75,1.1,3:25,Recoat,,0.7,135.74,,MFL-A/XT,,1160.0,65000.0,,1342.0,1468.76,2039.34,1540.21,2138.55,1540.89,2139.49,0.75,1.84,2015,Metal Loss_44009.7,True,44009.72,44009.72,122,3.4166666666666665
12230.0,,0.344,-37.71,2.18,44011.93,Metal Loss,External,15.0,0.052,,,1.06,1.61,9:10,,,0.7,135.61,,MFL-A/XT,,1160.0,65000.0,,1342.0,1468.04,2038.34,,,,,,,2015,Metal Loss_44011.9,True,44011.93,44011.93,122,9.166666666666666
12230.0,,0.344,-38.17,1.72,44012.39,Metal Loss,External,17.0,0.058,,,1.38,1.53,3:29,,,0.7,135.59,,MFL-A/XT,,1160.0,65000.0,,1342.0,1461.04,2028.61,,,,,,,2015,Metal Loss_44012.4,True,44012.39,44012.39,122,3.4833333333333334
12230.0,,0.344,-39.29,0.6,44013.5,Metal Loss,External,12.0,0.041,,,1.1,1.89,3:22,,,0.7,135.52,,MFL-A/XT,,1160.0,65000.0,,1342.0,,,,,,,,,2015,Metal Loss_44013.5,True,44013.5,44013.5,122,3.3666666666666667
12240.0,,0.344,-4.49,35.79,44018.59,Cluster,External,43.0,0.148,,,2.18,2.98,2:15,,,0.7,135.27,,,,1160.0,65000.0,,1342.0,1381.39,1918.03,1432.18,1988.54,1489.58,2068.25,0.81,1.71,2015,Cluster_44018.6,True,44018.59,44018.59,122,2.25
12240.0,,0.344,-5.54,34.74,44019.64,Metal Loss,External,29.0,0.1,,,0.79,1.26,2:29,,,0.7,135.23,,MFL-A/XT,,1160.0,65000.0,,1342.0,1465.99,2035.48,1536.95,2134.01,1538.17,2135.72,0.75,1.84,2015,Metal Loss_44019.6,True,44019.64,44019.64,122,2.4833333333333334
12240.0,,0.344,-5.73,34.55,44019.83,Metal Loss,External,11.0,0.038,,,1.22,1.34,9:27,,,0.7,135.23,,MFL-A/XT,,1160.0,65000.0,,1342.0,,,,,,,,,2015,Metal Loss_44019.8,True,44019.83,44019.83,122,9.45
12240.0,,0.344,-6.02,34.26,44020.12,Metal Loss,External,23.0,0.079,,,0.79,1.53,2:31,,,0.7,135.22,,MFL-A/XT,,1160.0,65000.0,,1342.0,1468.47,2038.93,1539.91,2138.12,1540.56,2139.02,0.75,1.84,2015,Metal Loss_44020.1,True,44020.12,44020.12,122,2.5166666666666666
12240.0,,0.344,-6.81,33.47,44020.91,Metal Loss,External,13.0,0.045,,,0.71,1.18,2:36,,,0.7,135.2,,MFL-A/XT,,1160.0,65000.0,,1342.0,1472.92,2045.12,,,,,,,2015,Metal Loss_44020.9,True,44020.91,44020.91,122,2.6
12240.0,,0.344,-6.93,33.35,44021.03,Metal Loss,External,13.0,0.045,,,0.94,1.61,9:34,,,0.7,135.2,,MFL-A/XT,,1160.0,65000.0,,1342.0,1470.49,2041.74,,,,,,,2015,Metal Loss_44021.0,True,44021.03,44021.03,122,9.566666666666666
12240.0,,0.344,-7.24,33.04,44021.34,Metal Loss,External,24.0,0.083,,,0.43,0.98,2:34,,,0.7,135.2,,MFL-A/XT,,1160.0,65000.0,,1342.0,1473.7,2046.19,1545.74,2146.22,1545.96,2146.53,0.75,1.85,2015,Metal Loss_44021.3,True,44021.34,44021.34,122,2.5666666666666664
12240.0,,0.344,-7.7,32.58,44021.8,Metal Loss,External,16.0,0.055,,,0.98,1.81,2:18,,,0.7,135.19,,MFL-A/XT,,1160.0,65000.0,,1342.0,1468.51,2038.99,,,,,,,2015,Metal Loss_44021.8,True,44021.8,44021.8,122,2.3
12240.0,,0.344,-9.5,30.78,44023.6,Metal Loss,External,12.0,0.041,,,0.32,0.71,8:03,,,0.7,135.18,,MFL-A/XT,,1160.0,65000.0,,1342.0,,,,,,,,,2015,Metal Loss_44023.6,True,44023.6,44023.6,122,8.05
12240.0,,0.344,-9.5,30.78,44023.61,Metal Loss,External,11.0,0.038,,,0.32,0.59,7:51,,,0.7,135.18,,MFL-A/XT,,1160.0,65000.0,,1342.0,,,,,,,,,2015,Metal Loss_44023.6,True,44023.61,44023.61,122,7.85
12240.0,,0.344,-9.56,30.72,44023.67,Metal Loss,External,11.0,0.038,,,1.3,1.34,9:29,,,0.7,135.18,,MFL-A/XT,,1160.0,65000.0,,1342.0,,,,,,,,,2015,Metal Loss_44023.7,True,44023.67,44023.67,122,9.483333333333333
12240.0,,0.344,-9.92,30.36,44024.02,Metal Loss,External,15.0,0.052,,,0.71,1.02,9:28,,,0.7,135.18,,MFL-A/XT,,1160.0,65000.0,,1342.0,1472.37,2044.34,,,,,,,2015,Metal Loss_44024.0,True,44024.02,44024.02,122,9.466666666666667
12240.0,,0.344,-10.52,29.76,44024.62,Metal Loss,External,15.0,0.052,,,1.14,1.5,9:15,,,0.7,135.18,,MFL-A/XT,,1160.0,65000.0,,1342.0,1466.82,2036.64,,,,,,,2015,Metal Loss_44024.6,True,44024.62,44024.62,122,9.25
12240.0,,0.344,-10.53,29.75,44024.63,Metal Loss,External,11.0,0.038,,,2.01,0.75,9:42,,,0.7,135.18,,MFL-A/XT,,1160.0,65000.0,,1342.0,,,,,,,,,2015,Metal Loss_44024.6,True,44024.63,44024.63,122,9.7
12240.0,,0.344,-12.61,27.67,44026.71,Metal Loss,External,14.0,0.048,,,1.65,1.69,2:19,,,0.7,135.23,,MFL-A/XT,,1160.0,65000.0,,1342.0,1459.5,2026.48,,,,,,,2015,Metal Loss_44026.7,True,44026.71,44026.71,122,2.3166666666666664
12240.0,,0.344,-12.67,27.61,44026.77,Metal Loss,External,17.0,0.058,,,0.67,1.02,1:45,,,0.7,135.23,,MFL-A/XT,,1160.0,65000.0,,1342.0,1472.21,2044.13,,,,,,,2015,Metal Loss_44026.8,True,44026.77,44026.77,122,1.75
12240.0,,0.344,-13.18,27.1,44027.28,Metal Loss,External,19.0,0.065,,,1.53,1.46,2:22,,,0.7,135.25,,MFL-A/XT,,1160.0,65000.0,,1342.0,1455.55,2020.99,,,,,,,2015,Metal Loss_44027.3,True,44027.28,44027.28,122,2.3666666666666667
12240.0,,0.344,-14.0,26.28,44028.1,Metal Loss,External,10.0,0.034,,,1.02,1.14,2:25,,,0.7,135.28,,MFL-A/XT,,1160.0,65000.0,,1342.0,,,,,,,,,2015,Metal Loss_44028.1,True,44028.1,44028.1,122,2.4166666666666665
12240.0,,0.344,-15.79,24.49,44029.89,Metal Loss,External,10.0,0.034,,,2.13,1.06,9:25,,,0.7,135.37,,MFL-A/XT,,1160.0,65000.0,,1342.0,,,,,,,,,2015,Metal Loss_44029.9,True,44029.89,44029.89,122,9.416666666666666
12240.0,,0.344,-17.51,22.77,44031.61,Metal Loss,External,10.0,0.034,,,1.02,1.46,2:17,,,0.7,135.48,,MFL-A/XT,,1160.0,65000.0,,1342.0,,,,,,,,,2015,Metal Loss_44031.6,True,44031.61,44031.61,122,2.283333333333333
12240.0,,0.344,-18.42,21.86,44032.53,Metal Loss,External,15.0,0.052,,,1.46,1.38,2:21,,,0.7,135.54,,MFL-A/XT,,1160.0,65000.0,,1342.0,1461.58,2029.36,,,,,,,2015,Metal Loss_44032.5,True,44032.53,44032.53,122,2.35
12240.0,,0.344,-19.07,21.21,44033.17,Metal Loss,External,15.0,0.052,,,1.77,1.73,9:21,,,0.7,135.6,,MFL-A/XT,,1160.0,65000.0,,1342.0,1456.22,2021.93,,,,,,,2015,Metal Loss_44033.2,True,44033.17,44033.17,122,9.35
12240.0,,0.344,-19.29,20.99,44033.39,Metal Loss,External,10.0,0.034,,,0.98,1.3,2:17,,,0.7,135.62,,MFL-A/XT,,1160.0,65000.0,,1342.0,,,,,,,,,2015,Metal Loss_44033.4,True,44033.39,44033.39,122,2.283333333333333
12240.0,,0.344,-19.71,20.57,44033.82,Metal Loss,External,11.0,0.038,,,0.51,0.67,2:21,,,0.7,135.65,,MFL-A/XT,,1160.0,65000.0,,1342.0,,,,,,,,,2015,Metal Loss_44033.8,True,44033.82,44033.82,122,2.35
12240.0,,0.344,-19.87,20.41,44033.97,Metal Loss,External,12.0,0.041,,,0.47,0.67,2:20,,,0.7,135.67,,MFL-A/XT,,1160.0,65000.0,,1342.0,,,,,,,,,2015,Metal Loss_44034.0,True,44033.97,44033.97,122,2.3333333333333335
12240.0,,0.344,-21.59,18.69,44035.69,Metal Loss,External,14.0,0.048,,,1.02,1.34,2:11,,,0.7,135.83,,MFL-A/XT,,1160.0,65000.0,,1342.0,1469.11,2039.82,,,,,,,2015,Metal Loss_44035.7,True,44035.69,44035.69,122,2.183333333333333
12240.0,,0.344,-23.05,17.23,44037.15,Metal Loss,External,11.0,0.038,,,0.63,0.91,3:33,,,0.7,135.98,,MFL-A/XT,,1160.0,65000.0,,1342.0,,,,,,,,,2015,Metal Loss_44037.2,True,44037.15,44037.15,122,3.55
12240.0,,0.344,-24.09,16.19,44038.19,Metal Loss,External,13.0,0.045,,,1.02,1.69,3:50,,,0.7,136.09,,MFL-A/XT,,1160.0,65000.0,,1342.0,1469.66,2040.59,,,,,,,2015,Metal Loss_44038.2,True,44038.19,44038.19,122,3.8333333333333335
12240.0,,0.344,-26.96,13.32,44041.06,Metal Loss,External,17.0,0.058,,,0.43,1.58,10:07,,,0.7,136.39,,MFL-A/XT,,1160.0,65000.0,,1342.0,1474.52,2047.33,,,,,,,2015,Metal Loss_44041.1,True,44041.06,44041.06,122,10.116666666666667
12240.0,,0.344,-32.58,7.7,44046.68,Cluster,External,23.0,0.079,,,2.62,1.11,4:57,,,0.7,137.15,,,,1160.0,65000.0,,1342.0,1419.02,1970.27,1481.39,2056.88,1493.95,2074.32,0.78,1.77,2015,Cluster_44046.7,True,44046.68,44046.68,122,4.95
12240.0,,0.344,-33.47,6.81,44047.57,Metal Loss,External,16.0,0.055,,,0.75,1.18,7:32,,,0.7,137.28,,MFL-A/XT,,1160.0,65000.0,,1342.0,1471.53,2043.18,,,,,,,2015,Metal Loss_44047.6,True,44047.57,44047.57,122,7.533333333333333
12240.0,,0.344,-34.0,6.28,44048.1,Metal Loss,External,24.0,0.083,,,0.32,1.18,7:51,,,0.7,137.36,,MFL-A/XT,,1160.0,65000.0,,1342.0,1474.88,2047.84,1547.06,2148.05,1547.18,2148.22,0.75,1.85,2015,Metal Loss_44048.1,True,44048.1,44048.1,122,7.85
12240.0,,0.344,-34.48,5.8,44048.58,Metal Loss,External,15.0,0.052,,,0.71,1.14,7:51,,,0.7,137.43,,MFL-A/XT,,1160.0,65000.0,,1342.0,1472.37,2044.34,,,,,,,2015,Metal Loss_44048.6,True,44048.58,44048.58,122,7.85
12240.0,,0.344,-35.02,5.25,44049.13,Metal Loss,External,10.0,0.034,,,0.87,1.18,7:51,,,0.7,137.51,,MFL-A/XT,,1160.0,65000.0,,1342.0,,,,,,,,,2015,Metal Loss_44049.1,True,44049.13,44049.13,122,7.85
12240.0,,0.344,-35.28,5.0,44049.38,Metal Loss,External,11.0,0.038,,,0.67,1.18,7:21,,,0.7,137.54,,MFL-A/XT,,1160.0,65000.0,,1342.0,,,,,,,,,2015,Metal Loss_44049.4,True,44049.38,44049.38,122,7.35
12240.0,,0.344,-37.19,3.09,44051.3,Metal Loss,External,17.0,0.058,,,0.63,1.14,5:15,,,0.7,137.82,,MFL-A/XT,,1160.0,65000.0,,1342.0,1472.75,2044.87,,,,,,,2015,Metal Loss_44051.3,True,44051.3,44051.3,122,5.25
12240.0,,0.344,-39.23,1.05,44053.34,Metal Loss,External,10.0,0.034,,,1.73,0.59,11:21,,,0.7,138.12,,MFL-A/XT,,1160.0,65000.0,,1342.0,,,,,,,,,2015,Metal Loss_44053.3,True,44053.34,44053.34,122,11.35
12240.0,,0.344,-39.25,1.03,44053.35,Cluster,External,28.0,0.096,,,1.46,4.09,10:17,,,0.7,138.12,,,,1160.0,65000.0,,1342.0,1446.57,2008.52,1514.48,2102.82,1518.66,2108.62,0.77,1.81,2015,Cluster_44053.3,True,44053.35,44053.35,122,10.283333333333333
12240.0,,0.344,-39.26,1.02,44053.36,Cluster,External,28.0,0.096,,,1.54,4.17,8:57,,,0.7,138.12,,,,1160.0,65000.0,,1342.0,1443.81,2004.69,1511.23,2098.3,1514.32,2102.59,0.77,1.81,2015,Cluster_44053.4,True,44053.36,44053.36,122,8.95
12240.0,,0.344,-39.28,1.0,44053.38,Metal Loss,External,11.0,0.038,,,0.83,2.01,9:48,,,0.7,138.13,,MFL-A/XT,,1160.0,65000.0,,1342.0,,,,,,,,,2015,Metal Loss_44053.4,True,44053.38,44053.38,122,9.8
12240.0,,0.344,-39.28,1.0,44053.38,Metal Loss,External,10.0,0.034,,,1.14,0.71,5:07,,,0.7,138.13,,MFL-A/XT,,1160.0,65000.0,,1342.0,,,,,,,,,2015,Metal Loss_44053.4,True,44053.38,44053.38,122,5.116666666666666
12240.0,,0.344,-39.29,0.99,44053.4,Metal Loss,External,14.0,0.048,,,0.75,1.65,5:29,,,0.7,138.13,,MFL-A/XT,,1160.0,65000.0,,1342.0,1472.17,2044.07,,,,,,,2015,Metal Loss_44053.4,True,44053.4,44053.4,122,5.483333333333333
12240.0,,0.344,-39.32,0.96,44053.43,Metal Loss,External,11.0,0.038,,,0.63,0.94,3:14,,,0.7,138.13,,MFL-A/XT,,1160.0,65000.0,,1342.0,,,,,,,,,2015,Metal Loss_44053.4,True,44053.43,44053.43,122,3.2333333333333334
12250.0,,0.344,-0.78,39.3,44055.16,Metal Loss,External,13.0,0.045,,,1.46,0.59,7:38,,,0.7,138.38,,MFL-A/XT,,1160.0,65000.0,,1342.0,1463.69,2032.3,,,,,,,2015,Metal Loss_44055.2,True,44055.16,44055.16,122,7.633333333333333
12250.0,,0.344,-0.78,39.29,44055.17,Metal Loss,External,19.0,0.065,,,0.79,2.21,10:37,,,0.7,138.38,,MFL-A/XT,,1160.0,65000.0,,1342.0,1470.18,2041.31,,,,,,,2015,Metal Loss_44055.2,True,44055.17,44055.17,122,10.616666666666667
12250.0,,0.344,-0.79,39.28,44055.17,Metal Loss,External,26.0,0.089,,,1.53,1.22,11:38,,,0.7,138.38,,MFL-A/XT,,1160.0,65000.0,,1342.0,1446.53,2008.47,1514.55,2102.91,1517.65,2107.22,0.77,1.81,2015,Metal Loss_44055.2,True,44055.17,44055.17,122,11.633333333333333
12250.0,,0.344,-0.8,39.28,44055.18,Metal Loss,External,11.0,0.038,,,1.06,2.05,8:07,,,0.7,138.39,,MFL-A/XT,,1160.0,65000.0,,1342.0,,,,,,,,,2015,Metal Loss_44055.2,True,44055.18,44055.18,122,8.116666666666667
12250.0,,0.344,-0.81,39.26,44055.2,Metal Loss,External,14.0,0.048,,,0.63,1.69,7:10,,,0.7,138.39,,MFL-A/XT,,1160.0,65000.0,,1342.0,1473.31,2045.66,,,,,,,2015,Metal Loss_44055.2,True,44055.2,44055.2,122,7.166666666666667
12270.0,,0.344,-0.77,39.25,44126.39,Metal Loss,External,29.0,0.1,,,0.87,3.58,4:55,,,0.7,145.3,,MFL-A/XT,,1160.0,65000.0,,1342.0,1464.16,2032.95,1534.86,2131.11,1536.3,2133.12,0.76,1.84,2015,Metal Loss_44126.4,True,44126.39,44126.39,123,4.916666666666667
12270.0,,0.344,-0.79,39.23,44126.41,Metal Loss,External,41.0,0.141,,,0.83,3.9,6:10,,,0.7,145.3,,MFL-A/XT,,1160.0,65000.0,,1342.0,1458.83,2025.55,1528.03,2121.63,1530.98,2125.73,0.76,1.83,2015,Metal Loss_44126.4,True,44126.41,44126.41,123,6.166666666666667
12280.0,,0.344,-4.84,35.12,44170.48,Metal Loss,External,11.0,0.038,,,0.91,1.3,5:39,,,0.7,147.5,,MFL-A/XT,,1160.0,65000.0,,1342.0,,,,,,,,,2015,Metal Loss_44170.5,True,44170.48,44170.48,124,5.65
12280.0,,0.344,-5.43,34.53,44171.07,Metal Loss,External,11.0,0.038,,,1.61,4.33,6:52,,,0.7,147.52,,MFL-A/XT,,1160.0,65000.0,,1342.0,,,,,,,,,2015,Metal Loss_44171.1,True,44171.07,44171.07,124,6.866666666666667
12280.0,,0.344,-5.55,34.41,44171.18,Cluster,External,24.0,0.083,,,2.84,4.11,5:53,,,0.7,147.53,,,,1160.0,65000.0,,1342.0,1409.06,1956.44,1468.97,2039.63,1489.56,2068.21,0.79,1.76,2015,Cluster_44171.2,True,44171.18,44171.18,124,5.883333333333333
12280.0,,0.344,-5.65,34.31,44171.29,Metal Loss,External,13.0,0.045,,,1.5,1.58,5:38,,,0.7,147.53,,MFL-A/XT,,1160.0,65000.0,,1342.0,1463.16,2031.56,,,,,,,2015,Metal Loss_44171.3,True,44171.29,44171.29,124,5.633333333333333
12280.0,,0.344,-7.54,32.42,44173.18,Metal Loss,External,13.0,0.045,,,0.79,1.38,5:24,,,0.7,147.59,,MFL-A/XT,,1160.0,65000.0,,1342.0,1472.26,2044.19,,,,,,,2015,Metal Loss_44173.2,True,44173.18,44173.18,124,5.4
12280.0,,0.344,-39.06,0.9,44204.7,Metal Loss,External,10.0,0.034,,,0.59,1.1,4:12,,,0.7,148.27,,MFL-A/XT,,1160.0,65000.0,,1342.0,,,,,,,,,2015,Metal Loss_44204.7,True,44204.7,44204.7,125,4.2
12280.0,,0.344,-39.11,0.85,44204.75,Metal Loss,External,28.0,0.096,,,0.67,2.72,4:59,,,0.7,148.27,,MFL-A/XT,,1160.0,65000.0,,1342.0,1469.06,2039.75,1540.47,2138.9,1541.29,2140.04,0.75,1.84,2015,Metal Loss_44204.8,True,44204.75,44204.75,125,4.983333333333333
12310.0,,0.344,-0.98,39.07,44286.72,Metal Loss,External,11.0,0.038,,,0.91,1.1,4:57,,,0.7,149.04,,MFL-A/XT,,1160.0,65000.0,,1342.0,,,,,,,,,2015,Metal Loss_44286.7,True,44286.72,44286.72,-1,4.95
12410.0,,0.344,-38.57,1.51,44708.24,Metal Loss,External,49.0,0.169,,,1.02,1.39,6:22,,,0.7,140.02,,MFL-A/XT,,1160.0,65000.0,,1342.0,1443.37,2004.08,1508.34,2094.29,1514.94,2103.46,0.77,1.81,2015,Metal Loss_44708.2,True,44708.24,44708.24,126,6.366666666666666
12410.0,,0.344,-38.9,1.18,44708.56,Metal Loss,External,31.0,0.107,,,0.75,1.3,5:53,,,0.7,140.01,,MFL-A/XT,,1160.0,65000.0,,1342.0,1466.35,2035.99,1537.3,2134.51,1538.58,2136.28,0.75,1.84,2015,Metal Loss_44708.6,True,44708.56,44708.56,126,5.883333333333333
12410.0,,0.344,-38.98,1.1,44708.64,Metal Loss,External,11.0,0.038,,,0.51,0.59,5:23,,,0.7,140.0,,MFL-A/XT,,1160.0,65000.0,,1342.0,,,,,,,,,2015,Metal Loss_44708.6,True,44708.64,44708.64,126,5.383333333333334
12410.0,,0.344,-39.33,0.75,44708.99,Metal Loss,External,28.0,0.096,,,0.63,1.06,4:48,,,0.7,139.99,,MFL-A/XT,,1160.0,65000.0,,1342.0,1470.01,2041.07,1541.55,2140.4,1542.26,2141.39,0.75,1.85,2015,Metal Loss_44709.0,True,44708.99,44708.99,126,4.8
12410.0,,0.344,-39.7,0.38,44709.36,Metal Loss,External,13.0,0.045,,,1.02,1.14,5:21,,,0.7,139.97,,MFL-A/XT,,1160.0,65000.0,,1342.0,1469.52,2040.39,,,,,,,2015,Metal Loss_44709.4,True,44709.36,44709.36,126,5.35
12410.0,,0.344,-39.73,0.35,44709.39,Metal Loss,External,23.0,0.079,,,0.71,1.26,4:50,,,0.7,139.97,,MFL-A/XT,,1160.0,65000.0,,1342.0,1469.96,2041.0,1541.58,2140.44,1542.1,2141.17,0.75,1.85,2015,Metal Loss_44709.4,True,44709.39,44709.39,126,4.833333333333333
12420.0,,0.344,-0.02,38.99,44709.76,Metal Loss,External,10.0,0.034,,,0.32,0.67,4:49,affecting girth weld,,0.7,139.95,,MFL-A/XT,,1160.0,65000.0,,1342.0,,,,,,,,,2015,Metal Loss_44709.8,True,44709.76,44709.76,126,4.816666666666666
12420.0,,0.344,-0.26,38.76,44710.0,Metal Loss,External,29.0,0.1,,,0.63,1.02,6:24,,,0.7,139.94,,MFL-A/XT,,1160.0,65000.0,,1342.0,1469.49,2040.36,1540.94,2139.56,1541.75,2140.68,0.75,1.84,2015,Metal Loss_44710.0,True,44710.0,44710.0,126,6.4
12420.0,,0.344,-0.91,38.1,44710.66,Metal Loss,External,26.0,0.089,,,0.63,1.06,4:58,,,0.7,139.91,,MFL-A/XT,,1160.0,65000.0,,1342.0,1470.54,2041.81,1542.18,2141.28,1542.77,2142.1,0.75,1.85,2015,Metal Loss_44710.7,True,44710.66,44710.66,126,4.966666666666667
12420.0,,0.344,-1.19,37.83,44710.93,Metal Loss,External,16.0,0.055,,,0.55,0.79,6:35,,,0.7,139.89,,MFL-A/XT,,1160.0,65000.0,,1342.0,1473.66,2046.14,,,,,,,2015,Metal Loss_44710.9,True,44710.93,44710.93,126,6.583333333333333
12420.0,,0.344,-1.19,37.82,44710.94,Metal Loss,External,14.0,0.048,,,0.55,0.91,4:53,,,0.7,139.89,,MFL-A/XT,,1160.0,65000.0,,1342.0,1474.01,2046.62,,,,,,,2015,Metal Loss_44710.9,True,44710.94,44710.94,126,4.883333333333333
12420.0,,0.344,-1.54,37.47,44711.28,Metal Loss,External,17.0,0.058,,,0.75,1.3,4:51,,,0.7,139.88,,MFL-A/XT,,1160.0,65000.0,,1342.0,1471.2,2042.72,,,,,,,2015,Metal Loss_44711.3,True,44711.28,44711.28,126,4.85
12420.0,,0.344,-2.42,36.59,44712.17,Metal Loss,External,13.0,0.045,,,0.55,1.06,4:49,,,0.7,139.83,,MFL-A/XT,,1160.0,65000.0,,1342.0,1474.18,2046.86,,,,,,,2015,Metal Loss_44712.2,True,44712.17,44712.17,126,4.816666666666666
12420.0,,0.344,-2.58,36.43,44712.32,Metal Loss,External,11.0,0.038,,,0.43,0.94,5:25,,,0.7,139.83,,MFL-A/XT,,1160.0,65000.0,,1342.0,,,,,,,,,2015,Metal Loss_44712.3,True,44712.32,44712.32,126,5.416666666666667
12420.0,,0.344,-2.69,36.32,44712.44,Metal Loss,External,12.0,0.041,,,0.47,0.79,6:35,,,0.7,139.82,,MFL-A/XT,,1160.0,65000.0,,1342.0,,,,,,,,,2015,Metal Loss_44712.4,True,44712.44,44712.44,126,6.583333333333333
12420.0,,0.344,-2.99,36.03,44712.73,Metal Loss,External,10.0,0.034,,,1.61,0.67,5:26,,,0.7,139.81,,MFL-A/XT,,1160.0,65000.0,,1342.0,,,,,,,,,2015,Metal Loss_44712.7,True,44712.73,44712.73,126,5.433333333333334
12420.0,,0.344,-3.04,35.97,44712.78,Metal Loss,External,35.0,0.12,,,0.63,1.1,4:49,,,0.7,139.8,,MFL-A/XT,,1160.0,65000.0,,1342.0,1467.7,2037.86,1538.73,2136.48,1539.97,2138.22,0.75,1.84,2015,Metal Loss_44712.8,True,44712.78,44712.78,126,4.816666666666666
12420.0,,0.344,-3.56,35.45,44713.31,Metal Loss,External,15.0,0.052,,,0.67,1.26,4:41,,,0.7,139.78,,MFL-A/XT,,1160.0,65000.0,,1342.0,1472.73,2044.85,,,,,,,2015,Metal Loss_44713.3,True,44713.31,44713.31,126,4.683333333333334
12420.0,,0.344,-8.28,30.73,44718.03,Metal Loss,External,13.0,0.045,,,0.55,1.06,7:09,,,0.7,139.48,,MFL-A/XT,,1160.0,65000.0,,1342.0,1474.18,2046.86,,,,,,,2015,Metal Loss_44718.0,True,44718.03,44718.03,126,7.15
12420.0,,0.344,-8.38,30.63,44718.12,Metal Loss,External,19.0,0.065,,,0.87,1.22,7:08,,,0.7,139.48,,MFL-A/XT,,1160.0,65000.0,,1342.0,1468.7,2039.25,,,,,,,2015,Metal Loss_44718.1,True,44718.12,44718.12,126,7.133333333333334
12420.0,,0.344,-8.59,30.42,44718.33,Metal Loss,External,16.0,0.055,,,0.91,1.42,6:59,,,0.7,139.46,,MFL-A/XT,,1160.0,65000.0,,1342.0,1469.69,2040.63,,,,,,,2015,Metal Loss_44718.3,True,44718.33,44718.33,126,6.983333333333333
12420.0,,0.344,-9.08,29.93,44718.82,Metal Loss,External,23.0,0.079,,,1.42,1.69,6:43,,,0.7,139.42,,MFL-A/XT,,1160.0,65000.0,,1342.0,1453.83,2018.61,1523.2,2114.93,1525.1,2117.56,0.76,1.82,2015,Metal Loss_44718.8,True,44718.82,44718.82,126,6.716666666666667
12420.0,,0.344,-9.09,29.93,44718.83,Metal Loss,External,12.0,0.041,,,1.18,1.5,4:42,,,0.7,139.42,,MFL-A/XT,,1160.0,65000.0,,1342.0,,,,,,,,,2015,Metal Loss_44718.8,True,44718.83,44718.83,126,4.7
12420.0,,0.344,-9.3,29.71,44719.04,Metal Loss,External,30.0,0.103,,,0.98,1.38,4:50,,,0.7,139.41,,MFL-A/XT,,1160.0,65000.0,,1342.0,1460.19,2027.44,1530.26,2124.72,1532.26,2127.5,0.76,1.83,2015,Metal Loss_44719.0,True,44719.04,44719.04,126,4.833333333333333
12420.0,,0.344,-9.44,29.57,44719.18,Metal Loss,External,35.0,0.12,,,0.83,1.22,6:39,,,0.7,139.4,,MFL-A/XT,,1160.0,65000.0,,1342.0,1462.12,2030.11,1532.25,2127.49,1534.32,2130.36,0.76,1.83,2015,Metal Loss_44719.2,True,44719.18,44719.18,126,6.65
12420.0,,0.344,-9.53,29.48,44719.27,Metal Loss,External,33.0,0.114,,,0.83,1.53,5:02,,,0.7,139.39,,MFL-A/XT,,1160.0,65000.0,,1342.0,1463.14,2031.53,1533.53,2129.27,1535.34,2131.78,0.76,1.84,2015,Metal Loss_44719.3,True,44719.27,44719.27,126,5.033333333333333
12420.0,,0.344,-10.05,28.96,44719.8,Metal Loss,External,72.0,0.248,,,0.87,0.83,6:37,,,0.7,139.35,,MFL-A/XT,,1160.0,65000.0,,1342.0,1430.87,1986.73,1484.8,2061.61,1499.94,2082.63,0.78,1.78,2015,Metal Loss_44719.8,True,44719.8,44719.8,126,6.616666666666667
12420.0,,0.344,-10.08,28.93,44719.83,Metal Loss,External,34.0,0.117,,,1.1,1.58,05:00,,,0.7,139.35,,MFL-A/XT,,1160.0,65000.0,,1342.0,1453.08,2017.56,1521.73,2112.89,1525.03,2117.47,0.76,1.82,2015,Metal Loss_44719.8,True,44719.83,44719.83,126,5.0
12420.0,,0.344,-10.24,28.78,44719.98,Metal Loss,External,12.0,0.041,,,0.35,0.75,5:08,,,0.7,139.34,,MFL-A/XT,,1160.0,65000.0,,1342.0,,,,,,,,,2015,Metal Loss_44720.0,True,44719.98,44719.98,126,5.133333333333334
12420.0,,0.344,-10.38,28.63,44720.12,Metal Loss,External,28.0,0.096,,,0.63,1.02,5:01,,,0.7,139.33,,MFL-A/XT,,1160.0,65000.0,,1342.0,1470.01,2041.07,1541.55,2140.4,1542.26,2141.39,0.75,1.85,2015,Metal Loss_44720.1,True,44720.12,44720.12,126,5.016666666666667
12420.0,,0.344,-10.5,28.51,44720.24,Metal Loss,External,24.0,0.083,,,0.79,1.22,6:39,,,0.7,139.32,,MFL-A/XT,,1160.0,65000.0,,1342.0,1468.3,2038.7,1539.7,2137.83,1540.42,2138.84,0.75,1.84,2015,Metal Loss_44720.2,True,44720.24,44720.24,126,6.65
12420.0,,0.344,-10.71,28.3,44720.45,Metal Loss,External,16.0,0.055,,,0.51,0.94,5:02,,,0.7,139.31,,MFL-A/XT,,1160.0,65000.0,,1342.0,1473.97,2046.57,,,,,,,2015,Metal Loss_44720.4,True,44720.45,44720.45,126,5.033333333333333
12420.0,,0.344,-10.83,28.18,44720.57,Metal Loss,External,11.0,0.038,,,0.75,1.38,5:04,,,0.7,139.3,,MFL-A/XT,,1160.0,65000.0,,1342.0,,,,,,,,,2015,Metal Loss_44720.6,True,44720.57,44720.57,126,5.066666666666666
12420.0,,0.344,-11.12,27.9,44720.86,Metal Loss,External,19.0,0.065,,,0.87,1.5,5:02,,,0.7,139.28,,MFL-A/XT,,1160.0,65000.0,,1342.0,1468.89,2039.52,,,,,,,2015,Metal Loss_44720.9,True,44720.86,44720.86,126,5.033333333333333
12420.0,,0.344,-11.46,27.55,44721.2,Metal Loss,External,13.0,0.045,,,0.79,1.26,05:00,,,0.7,139.25,,MFL-A/XT,,1160.0,65000.0,,1342.0,1472.26,2044.19,,,,,,,2015,Metal Loss_44721.2,True,44721.2,44721.2,126,5.0
12420.0,,0.344,-11.67,27.34,44721.42,Metal Loss,External,17.0,0.058,,,0.47,1.06,4:36,,,0.7,139.24,,MFL-A/XT,,1160.0,65000.0,,1342.0,1474.23,2046.93,,,,,,,2015,Metal Loss_44721.4,True,44721.42,44721.42,126,4.6
12420.0,,0.344,-16.0,23.01,44725.74,Metal Loss,External,33.0,0.114,,,2.05,1.14,4:15,,,0.7,138.93,,MFL-A/XT,,1160.0,65000.0,,1342.0,1414.05,1963.37,1474.86,2047.8,1483.44,2059.72,0.79,1.77,2015,Metal Loss_44725.7,True,44725.74,44725.74,126,4.25
12420.0,,0.344,-35.35,3.66,44745.1,Metal Loss,External,19.0,0.065,,,0.55,1.1,7:44,,,0.7,137.97,,MFL-A/XT,,1160.0,65000.0,,1342.0,1473.11,2045.38,,,,,,,2015,Metal Loss_44745.1,True,44745.1,44745.1,127,7.733333333333333
12420.0,,0.344,-35.91,3.1,44745.65,Metal Loss,External,18.0,0.062,,,0.63,1.34,8:07,,,0.7,137.97,,MFL-A/XT,,1160.0,65000.0,,1342.0,1472.52,2044.55,,,,,,,2015,Metal Loss_44745.7,True,44745.65,44745.65,127,8.116666666666667
12420.0,,0.344,-36.1,2.91,44745.84,Metal Loss,External,28.0,0.096,,,0.87,1.34,3:41,,,0.7,137.96,,MFL-A/XT,,1160.0,65000.0,,1342.0,1464.66,2033.65,1535.47,2131.96,1536.8,2133.8,0.76,1.84,2015,Metal Loss_44745.8,True,44745.84,44745.84,127,3.6833333333333336
12420.0,,0.344,-37.77,1.24,44747.51,Metal Loss,External,10.0,0.034,,,0.55,0.87,3:05,,,0.7,137.94,,MFL-A/XT,,1160.0,65000.0,,1342.0,,,,,,,,,2015,Metal Loss_44747.5,True,44747.51,44747.51,127,3.0833333333333335
12420.0,,0.344,-37.78,1.23,44747.53,Metal Loss,External,10.0,0.034,,,1.22,1.73,4:14,,,0.7,137.94,,MFL-A/XT,,1160.0,65000.0,,1342.0,,,,,,,,,2015,Metal Loss_44747.5,True,44747.53,44747.53,127,4.233333333333333
12420.0,,0.344,-37.85,1.16,44747.59,Metal Loss,External,14.0,0.048,,,1.38,1.06,7:34,,,0.7,137.94,,MFL-A/XT,,1160.0,65000.0,,1342.0,1463.96,2032.68,,,,,,,2015,Metal Loss_44747.6,True,44747.59,44747.59,127,7.566666666666666
12420.0,,0.344,-38.0,1.01,44747.74,Metal Loss,External,27.0,0.093,,,1.65,1.06,11:02,,,0.7,137.94,,MFL-A/XT,,1160.0,65000.0,,1342.0,1441.04,2000.85,1508.01,2093.83,1511.89,2099.22,0.77,1.81,2015,Metal Loss_44747.7,True,44747.74,44747.74,127,11.033333333333333
12420.0,,0.344,-38.03,0.98,44747.78,Metal Loss,External,11.0,0.038,,,1.73,0.59,1:23,,,0.7,137.94,,MFL-A/XT,,1160.0,65000.0,,1342.0,,,,,,,,,2015,Metal Loss_44747.8,True,44747.78,44747.78,127,1.3833333333333333
12420.0,,0.344,-38.05,0.96,44747.8,Cluster,External,32.0,0.11,,,1.33,8.15,11:37,,,0.7,137.94,,,,1160.0,65000.0,,1342.0,1446.03,2007.78,1513.58,2101.57,1516.69,2105.89,0.77,1.81,2015,Cluster_44747.8,True,44747.8,44747.8,127,11.616666666666667
12420.0,,0.344,-38.05,0.96,44747.8,Metal Loss,External,29.0,0.1,,,1.18,1.26,3:50,,,0.7,137.94,,MFL-A/XT,,1160.0,65000.0,,1342.0,1454.56,2019.62,1523.78,2115.72,1526.38,2119.34,0.76,1.82,2015,Metal Loss_44747.8,True,44747.8,44747.8,127,3.8333333333333335
12420.0,,0.344,-38.08,0.93,44747.82,Metal Loss,External,31.0,0.107,,,0.91,5.28,2:32,,,0.7,137.94,,MFL-A/XT,,1160.0,65000.0,,1342.0,1462.08,2030.06,1532.39,2127.68,1534.22,2130.23,0.76,1.83,2015,Metal Loss_44747.8,True,44747.82,44747.82,127,2.533333333333333
12420.0,,0.344,-38.81,0.2,44748.55,Metal Loss,External,10.0,0.034,,,0.59,0.87,9:39,near girth weld,,0.7,137.93,,MFL-A/XT,,1160.0,65000.0,,1342.0,,,,,,,,,2015,Metal Loss_44748.6,True,44748.55,44748.55,127,9.65
12430.0,,0.344,-0.02,40.04,44748.78,Metal Loss,External,11.0,0.038,,,0.47,1.34,9:43,affecting girth weld,,0.7,137.92,,MFL-A/XT,,1160.0,65000.0,,1342.0,,,,,,,,,2015,Metal Loss_44748.8,True,44748.78,44748.78,127,9.716666666666667
12430.0,,0.344,-0.21,39.86,44748.96,Metal Loss,External,14.0,0.048,,,1.53,1.46,9:37,near girth weld,,0.7,137.92,,MFL-A/XT,,1160.0,65000.0,,1342.0,1461.48,2029.23,,,,,,,2015,Metal Loss_44749.0,True,44748.96,44748.96,127,9.616666666666667
12430.0,,0.344,-0.28,39.78,44749.04,Metal Loss,External,14.0,0.048,,,1.22,1.97,10:07,,,0.7,137.92,,MFL-A/XT,,1160.0,65000.0,,1342.0,1466.31,2035.93,,,,,,,2015,Metal Loss_44749.0,True,44749.04,44749.04,127,10.116666666666667
12430.0,,0.344,-0.87,39.19,44749.62,Metal Loss,External,12.0,0.041,,,0.71,1.02,8:37,,,0.7,137.92,,MFL-A/XT,,1160.0,65000.0,,1342.0,,,,,,,,,2015,Metal Loss_44749.6,True,44749.62,44749.62,127,8.616666666666667
12430.0,,0.344,-0.97,39.09,44749.72,Metal Loss,External,10.0,0.034,,,0.35,0.59,8:45,,,0.7,137.91,,MFL-A/XT,,1160.0,65000.0,,1342.0,,,,,,,,,2015,Metal Loss_44749.7,True,44749.72,44749.72,127,8.75
12430.0,,0.344,-1.42,38.64,44750.18,Metal Loss,External,18.0,0.062,,,0.83,2.09,8:28,,,0.7,137.91,,MFL-A/XT,,1160.0,65000.0,,1342.0,1469.86,2040.86,,,,,,,2015,Metal Loss_44750.2,True,44750.18,44750.18,127,8.466666666666667
12430.0,,0.344,-1.56,38.51,44750.31,Metal Loss,External,14.0,0.048,,,0.63,0.94,9:13,,,0.7,137.91,,MFL-A/XT,,1160.0,65000.0,,1342.0,1473.42,2045.8,,,,,,,2015,Metal Loss_44750.3,True,44750.31,44750.31,127,9.216666666666667
12430.0,,0.344,-1.69,38.37,44750.45,Metal Loss,External,10.0,0.034,,,0.55,1.1,8:35,,,0.7,137.91,,MFL-A/XT,,1160.0,65000.0,,1342.0,,,,,,,,,2015,Metal Loss_44750.4,True,44750.45,44750.45,127,8.583333333333334
12430.0,,0.344,-1.88,38.19,44750.63,Metal Loss,External,10.0,0.034,,,0.47,0.79,8:53,,,0.7,137.9,,MFL-A/XT,,1160.0,65000.0,,1342.0,,,,,,,,,2015,Metal Loss_44750.6,True,44750.63,44750.63,127,8.883333333333333
12430.0,,0.344,-4.56,35.5,44753.31,Metal Loss,External,16.0,0.055,,,0.94,1.42,7:46,,,0.7,137.88,,MFL-A/XT,,1160.0,65000.0,,1342.0,1469.03,2039.71,,,,,,,2015,Metal Loss_44753.3,True,44753.31,44753.31,127,7.766666666666667
12430.0,,0.344,-5.02,35.05,44753.77,Metal Loss,External,11.0,0.038,,,1.58,1.53,7:37,,,0.7,137.87,,MFL-A/XT,,1160.0,65000.0,,1342.0,,,,,,,,,2015,Metal Loss_44753.8,True,44753.77,44753.77,127,7.616666666666667
12430.0,,0.344,-16.93,23.14,44765.68,Metal Loss,External,14.0,0.048,,,0.79,1.22,7:52,,,0.7,138.01,,MFL-A/XT,,1160.0,65000.0,,1342.0,1471.8,2043.55,,,,,,,2015,Metal Loss_44765.7,True,44765.68,44765.68,128,7.866666666666667
12430.0,,0.344,-17.48,22.58,44766.23,Metal Loss,External,15.0,0.052,,,0.75,1.34,7:58,,,0.7,138.04,,MFL-A/XT,,1160.0,65000.0,,1342.0,1471.85,2043.63,,,,,,,2015,Metal Loss_44766.2,True,44766.23,44766.23,128,7.966666666666667
12430.0,,0.344,-17.94,22.12,44766.7,Metal Loss,External,12.0,0.041,,,0.59,0.98,7:58,,,0.7,138.07,,MFL-A/XT,,1160.0,65000.0,,1342.0,,,,,,,,,2015,Metal Loss_44766.7,True,44766.7,44766.7,128,7.966666666666667
12430.0,,0.344,-18.06,22.0,44766.82,Metal Loss,External,15.0,0.052,,,0.79,1.26,7:57,,,0.7,138.08,,MFL-A/XT,,1160.0,65000.0,,1342.0,1471.58,2043.26,,,,,,,2015,Metal Loss_44766.8,True,44766.82,44766.82,128,7.95
12430.0,,0.344,-18.27,21.79,44767.03,Metal Loss,External,10.0,0.034,,,1.22,1.58,7:08,,,0.7,138.09,,MFL-A/XT,,1160.0,65000.0,,1342.0,,,,,,,,,2015,Metal Loss_44767.0,True,44767.03,44767.03,128,7.133333333333334
12430.0,,0.344,-18.59,21.48,44767.34,Metal Loss,External,14.0,0.048,,,0.67,1.34,7:14,,,0.7,138.11,,MFL-A/XT,,1160.0,65000.0,,1342.0,1472.99,2045.21,,,,,,,2015,Metal Loss_44767.3,True,44767.34,44767.34,128,7.233333333333333
12430.0,,0.344,-19.29,20.77,44768.04,Metal Loss,External,35.0,0.12,,,1.14,1.53,7:41,,,0.7,138.16,,MFL-A/XT,,1160.0,65000.0,,1342.0,1450.78,2014.37,1518.94,2109.02,1522.67,2114.19,0.76,1.82,2015,Metal Loss_44768.0,True,44768.04,44768.04,128,7.683333333333334
12430.0,,0.344,-19.71,20.35,44768.47,Metal Loss,External,27.0,0.093,,,1.14,1.53,7:41,,,0.7,138.19,,MFL-A/XT,,1160.0,65000.0,,1342.0,1457.77,2024.08,1527.6,2121.03,1529.62,2123.85,0.76,1.83,2015,Metal Loss_44768.5,True,44768.47,44768.47,128,7.683333333333334
12430.0,,0.344,-20.04,20.03,44768.79,Metal Loss,External,18.0,0.062,,,0.79,1.22,4:16,,,0.7,138.22,,MFL-A/XT,,1160.0,65000.0,,1342.0,1470.54,2041.81,,,,,,,2015,Metal Loss_44768.8,True,44768.79,44768.79,128,4.266666666666667
12430.0,,0.344,-20.66,19.4,44769.42,Metal Loss,External,11.0,0.038,,,0.67,1.18,4:33,,,0.7,138.27,,MFL-A/XT,,1160.0,65000.0,,1342.0,,,,,,,,,2015,Metal Loss_44769.4,True,44769.42,44769.42,128,4.55
12430.0,,0.344,-21.16,18.9,44769.92,Metal Loss,External,47.0,0.162,,,1.77,1.42,7:50,,,0.7,138.32,,MFL-A/XT,,1160.0,65000.0,,1342.0,1396.64,1939.2,1450.39,2013.82,1465.47,2034.77,0.8,1.74,2015,Metal Loss_44769.9,True,44769.92,44769.92,128,7.833333333333333
12430.0,,0.344,-22.2,17.87,44770.95,Metal Loss,External,15.0,0.052,,,0.79,1.3,4:43,,,0.7,138.42,,MFL-A/XT,,1160.0,65000.0,,1342.0,1471.45,2043.07,,,,,,,2015,Metal Loss_44770.9,True,44770.95,44770.95,128,4.716666666666667
12430.0,,0.344,-22.23,17.83,44770.99,Metal Loss,External,35.0,0.12,,,1.22,1.42,7:48,,,0.7,138.42,,MFL-A/XT,,1160.0,65000.0,,1342.0,1447.33,2009.59,1514.87,2103.36,1519.1,2109.24,0.77,1.81,2015,Metal Loss_44771.0,True,44770.99,44770.99,128,7.8
12430.0,,0.344,-22.87,17.2,44771.62,Metal Loss,External,15.0,0.052,,,0.83,1.26,7:51,,,0.7,138.49,,MFL-A/XT,,1160.0,65000.0,,1342.0,1471.03,2042.48,,,,,,,2015,Metal Loss_44771.6,True,44771.62,44771.62,128,7.85
12430.0,,0.344,-25.74,14.32,44774.5,Metal Loss,External,14.0,0.048,,,0.35,0.71,3:53,,,0.7,138.81,,MFL-A/XT,,1160.0,65000.0,,1342.0,1475.26,2048.36,,,,,,,2015,Metal Loss_44774.5,True,44774.5,44774.5,128,3.8833333333333333
12430.0,,0.344,-35.27,4.79,44784.03,Metal Loss,External,14.0,0.048,,,0.59,1.18,1:09,,,0.7,139.92,,MFL-A/XT,,1160.0,65000.0,,1342.0,1473.72,2046.22,,,,,,,2015,Metal Loss_44784.0,True,44784.03,44784.03,128,1.15
12430.0,,0.344,-35.62,4.44,44784.38,Cluster,External,21.0,0.072,,,1.73,2.49,12:30,,,0.7,139.96,,,,1160.0,65000.0,,1342.0,1447.96,2010.45,1516.4,2105.49,1523.74,2115.68,0.76,1.82,2015,Cluster_44784.4,True,44784.38,44784.38,128,12.5
12430.0,,0.344,-35.93,4.14,44784.68,Metal Loss,External,10.0,0.034,,,0.67,1.06,12:38,,,0.7,140.0,,MFL-A/XT,,1160.0,65000.0,,1342.0,,,,,,,,,2015,Metal Loss_44784.7,True,44784.68,44784.68,128,12.633333333333333
12430.0,,0.344,-39.54,0.52,44788.3,Metal Loss,External,14.0,0.048,,,0.51,0.94,2:01,,,0.7,140.45,,MFL-A/XT,,1160.0,65000.0,,1342.0,1474.37,2047.12,,,,,,,2015,Metal Loss_44788.3,True,44788.3,44788.3,128,2.0166666666666666
12430.0,,0.344,-39.69,0.38,44788.44,Metal Loss,External,18.0,0.062,,,0.94,1.18,11:07,,,0.7,140.46,,MFL-A/XT,,1160.0,65000.0,,1342.0,1468.01,2038.3,,,,,,,2015,Metal Loss_44788.4,True,44788.44,44788.44,128,11.116666666666667
12430.0,,0.344,-39.91,0.15,44788.67,Metal Loss,External,12.0,0.041,,,0.63,1.97,1:48,near girth weld,,0.7,140.49,,MFL-A/XT,,1160.0,65000.0,,1342.0,,,,,,,,,2015,Metal Loss_44788.7,True,44788.67,44788.67,128,1.8
12440.0,,0.344,-39.06,1.01,44827.88,Metal Loss,External,14.0,0.048,,,1.73,2.28,6:15,Recoat,,1.0,143.23,,MFL-A/XT,,1160.0,65000.0,,1342.0,1458.08,2024.51,,,,,,,2015,Metal Loss_44827.9,True,44827.88,44827.88,129,6.25
12440.0,,0.344,-39.17,0.9,44827.99,Metal Loss,External,44.0,0.151,,,0.59,1.22,3:41,Recoat,,1.0,143.23,,MFL-A/XT,,1160.0,65000.0,,1342.0,1466.25,2035.86,1536.69,2133.65,1538.5,2136.17,0.75,1.84,2015,Metal Loss_44828.0,True,44827.99,44827.99,129,3.6833333333333336
12440.0,,0.344,-39.17,0.9,44827.99,Metal Loss,External,34.0,0.117,,,0.55,1.06,4:16,Recoat,,1.0,143.23,,MFL-A/XT,,1160.0,65000.0,,1342.0,1469.98,2041.03,1541.39,2140.17,1542.27,2141.41,0.75,1.84,2015,Metal Loss_44828.0,True,44827.99,44827.99,129,4.266666666666667
12460.0,,0.344,-0.82,39.25,44869.77,Metal Loss,External,19.0,0.065,,,1.42,1.73,6:48,,,0.7,144.91,,MFL-A/XT,,1160.0,65000.0,,1342.0,1458.23,2024.72,,,,,,,2015,Metal Loss_44869.8,True,44869.77,44869.77,130,6.8
12460.0,,0.344,-5.11,34.97,44874.06,Metal Loss,External,20.0,0.069,,,0.83,1.26,5:18,,,0.7,145.06,,MFL-A/XT,,1160.0,65000.0,,1342.0,1469.05,2039.74,1540.61,2139.09,1541.02,2139.67,0.75,1.84,2015,Metal Loss_44874.1,True,44874.06,44874.06,130,5.3
12460.0,,0.344,-5.48,34.59,44874.43,Cluster,External,53.0,0.182,,,1.98,3.37,4:39,,,0.7,145.08,,,,1160.0,65000.0,,1342.0,1366.21,1896.94,1408.94,1956.28,1437.81,1996.36,0.82,1.69,2015,Cluster_44874.4,True,44874.43,44874.43,130,4.65
12460.0,,0.344,-5.99,34.08,44874.94,Metal Loss,External,21.0,0.072,,,0.67,0.98,4:51,,,0.7,145.1,,MFL-A/XT,,1160.0,65000.0,,1342.0,1471.3,2042.86,1543.1,2142.56,1543.43,2143.02,0.75,1.85,2015,Metal Loss_44874.9,True,44874.94,44874.94,130,4.85
12460.0,,0.344,-6.2,33.87,44875.15,Metal Loss,External,29.0,0.1,,,0.98,1.5,5:20,,,0.7,145.1,,MFL-A/XT,,1160.0,65000.0,,1342.0,1460.85,2028.35,1531.05,2125.83,1532.9,2128.39,0.76,1.83,2015,Metal Loss_44875.2,True,44875.15,44875.15,130,5.333333333333333
12460.0,,0.344,-6.27,33.8,44875.22,Metal Loss,External,11.0,0.038,,,1.18,1.46,6:55,,,0.7,145.11,,MFL-A/XT,,1160.0,65000.0,,1342.0,,,,,,,,,2015,Metal Loss_44875.2,True,44875.22,44875.22,130,6.916666666666667
12460.0,,0.344,-6.53,33.54,44875.48,Metal Loss,External,15.0,0.052,,,1.73,4.05,4:59,,,0.7,145.11,,MFL-A/XT,,1160.0,65000.0,,1342.0,1456.66,2022.54,,,,,,,2015,Metal Loss_44875.5,True,44875.48,44875.48,130,4.983333333333333
12460.0,,0.344,-8.58,31.5,44877.52,Metal Loss,External,83.0,0.286,,,0.98,0.59,6:44,,,0.7,145.19,,MFL-A/XT,,1160.0,65000.0,,1342.0,,,,,,,,,2015,Metal Loss_44877.5,True,44877.52,44877.52,130,6.733333333333333
12460.0,,0.344,-8.99,31.08,44877.94,Cluster,External,32.0,0.11,,,1.97,4.0,6:28,,,0.7,145.2,,,,1160.0,65000.0,,1342.0,1419.48,1970.91,1481.62,2057.2,1487.39,2065.2,0.78,1.77,2015,Cluster_44877.9,True,44877.94,44877.94,130,6.466666666666667
12460.0,,0.344,-9.23,30.84,44878.18,Metal Loss,External,11.0,0.038,,,0.75,1.58,6:43,,,0.7,145.21,,MFL-A/XT,,1160.0,65000.0,,1342.0,,,,,,,,,2015,Metal Loss_44878.2,True,44878.18,44878.18,130,6.716666666666667
12460.0,,0.344,-39.19,0.89,44908.13,Metal Loss,External,11.0,0.038,,,0.91,1.65,7:55,,,0.7,146.68,,MFL-A/XT,,1160.0,65000.0,,1342.0,,,,,,,,,2015,Metal Loss_44908.1,True,44908.13,44908.13,131,7.916666666666667
12470.0,,0.344,-0.8,39.07,44909.82,Metal Loss,External,20.0,0.069,,,0.63,1.14,5:16,,,0.7,146.78,,MFL-A/XT,,1160.0,65000.0,,1342.0,1471.89,2043.68,1543.77,2143.48,1544.01,2143.83,0.75,1.85,2015,Metal Loss_44909.8,True,44909.82,44909.82,131,5.266666666666667
12480.0,,0.344,-39.08,0.87,44987.97,Metal Loss,External,13.0,0.045,,,0.51,3.27,2:11,,,0.7,151.42,,MFL-A/XT,,1160.0,65000.0,,1342.0,1474.43,2047.21,,,,,,,2015,Metal Loss_44988.0,True,44987.97,44987.97,132,2.183333333333333
12490.0,,0.344,-0.75,39.33,44989.6,Metal Loss,External,43.0,0.148,,,0.79,8.15,9:23,,,0.7,151.51,,MFL-A/XT,,1160.0,65000.0,,1342.0,1459.64,2026.67,1528.84,2122.76,1531.79,2126.85,0.76,1.83,2015,Metal Loss_44989.6,True,44989.6,44989.6,132,9.383333333333333
12490.0,,0.344,-0.76,39.33,44989.6,Metal Loss,External,15.0,0.052,,,0.55,1.02,7:56,,,0.7,151.51,,MFL-A/XT,,1160.0,65000.0,,1342.0,1473.83,2046.38,,,,,,,2015,Metal Loss_44989.6,True,44989.6,44989.6,132,7.933333333333334
12490.0,,0.344,-0.84,39.24,44989.68,Metal Loss,External,10.0,0.034,,,1.18,2.95,7:30,,,0.7,151.51,,MFL-A/XT,,1160.0,65000.0,,1342.0,,,,,,,,,2015,Metal Loss_44989.7,True,44989.68,44989.68,132,7.5
12490.0,,0.344,-22.08,18.01,45010.92,Metal Loss,External,19.0,0.065,,,1.22,1.97,8:16,,,0.7,152.72,,MFL-A/XT,,1160.0,65000.0,,1342.0,1462.3,2030.37,,,,,,,2015,Metal Loss_45010.9,True,45010.92,45010.92,-1,8.266666666666667
12500.0,,0.344,-5.28,34.88,45034.21,Metal Loss,External,16.0,0.055,,,0.75,1.18,09:00,,,0.7,154.13,,MFL-A/XT,,1160.0,65000.0,,1342.0,1471.53,2043.18,,,,,,,2015,Metal Loss_45034.2,True,45034.21,45034.21,133,9.0
12500.0,,0.344,-10.85,29.31,45039.78,Metal Loss,External,12.0,0.041,,,1.89,1.81,7:41,,,0.7,154.5,,MFL-A/XT,,1160.0,65000.0,,1342.0,,,,,,,,,2015,Metal Loss_45039.8,True,45039.78,45039.78,133,7.683333333333334
12500.0,,0.344,-15.56,24.6,45044.49,Metal Loss,External,10.0,0.034,,,0.43,0.75,6:40,,,0.7,154.83,,MFL-A/XT,,1160.0,65000.0,,1342.0,,,,,,,,,2015,Metal Loss_45044.5,True,45044.49,45044.49,133,6.666666666666667
12500.0,,0.344,-15.61,24.55,45044.54,Metal Loss,External,13.0,0.045,,,0.43,0.71,6:47,,,0.7,154.83,,MFL-A/XT,,1160.0,65000.0,,1342.0,1474.95,2047.93,,,,,,,2015,Metal Loss_45044.5,True,45044.54,45044.54,133,6.783333333333333
12500.0,,0.344,-39.08,1.09,45068.0,Metal Loss,External,12.0,0.041,,,0.39,0.79,6:36,,,0.7,156.78,,MFL-A/XT,,1160.0,65000.0,,1342.0,,,,,,,,,2015,Metal Loss_45068.0,True,45068.0,45068.0,134,6.6
12500.0,,0.344,-39.18,0.98,45068.11,Metal Loss,External,11.0,0.038,,,1.65,1.81,5:58,,,0.7,156.79,,MFL-A/XT,,1160.0,65000.0,,1342.0,,,,,,,,,2015,Metal Loss_45068.1,True,45068.11,45068.11,134,5.966666666666667
12510.0,,0.344,-0.92,39.23,45070.0,Metal Loss,External,19.0,0.065,,,0.98,1.46,6:12,,,0.7,156.97,,MFL-A/XT,,1160.0,65000.0,,1342.0,1466.87,2036.71,,,,,,,2015,Metal Loss_45070.0,True,45070.0,45070.0,134,6.2
12510.0,,0.344,-0.95,39.19,45070.04,Metal Loss,External,18.0,0.062,,,0.94,1.53,7:07,,,0.7,156.97,,MFL-A/XT,,1160.0,65000.0,,1342.0,1468.21,2038.57,,,,,,,2015,Metal Loss_45070.0,True,45070.04,45070.04,134,7.116666666666666
12510.0,,0.344,-3.8,36.34,45072.89,Metal Loss,External,44.0,0.151,,,0.59,1.02,7:34,,,0.7,157.24,,MFL-A/XT,,1160.0,65000.0,,1342.0,1465.86,2035.31,1536.21,2132.99,1538.1,2135.61,0.76,1.84,2015,Metal Loss_45072.9,True,45072.89,45072.89,134,7.566666666666666
12510.0,,0.344,-4.06,36.09,45073.14,Metal Loss,External,23.0,0.079,,,0.63,1.06,7:43,,,0.7,157.26,,MFL-A/XT,,1160.0,65000.0,,1342.0,1471.31,2042.88,1543.09,2142.54,1543.5,2143.11,0.75,1.85,2015,Metal Loss_45073.1,True,45073.14,45073.14,134,7.716666666666667
12510.0,,0.344,-5.09,35.05,45074.18,Metal Loss,External,29.0,0.1,,,0.91,1.5,7:38,,,0.7,157.36,,MFL-A/XT,,1160.0,65000.0,,1342.0,1463.2,2031.61,1533.76,2129.58,1535.32,2131.75,0.76,1.84,2015,Metal Loss_45074.2,True,45074.18,45074.18,134,7.633333333333333
12510.0,,0.344,-5.36,34.78,45074.45,Metal Loss,External,25.0,0.086,,,1.02,1.46,7:08,,,0.7,157.38,,MFL-A/XT,,1160.0,65000.0,,1342.0,1462.19,2030.21,1532.74,2128.17,1534.11,2130.08,0.76,1.83,2015,Metal Loss_45074.4,True,45074.45,45074.45,134,7.133333333333334
12510.0,,0.344,-6.2,33.94,45075.29,Metal Loss,External,28.0,0.096,,,0.83,1.18,7:34,,,0.7,157.46,,MFL-A/XT,,1160.0,65000.0,,1342.0,1465.56,2034.89,1536.49,2133.37,1537.71,2135.07,0.75,1.84,2015,Metal Loss_45075.3,True,45075.29,45075.29,134,7.566666666666666
12510.0,,0.344,-7.44,32.7,45076.53,Metal Loss,External,22.0,0.076,,,0.75,1.26,7:19,,,0.7,157.58,,MFL-A/XT,,1160.0,65000.0,,1342.0,1469.69,2040.62,1541.29,2140.04,1541.78,2140.73,0.75,1.84,2015,Metal Loss_45076.5,True,45076.53,45076.53,134,7.316666666666666
12510.0,,0.344,-8.41,31.73,45077.5,Metal Loss,External,14.0,0.048,,,0.55,0.98,7:26,,,0.7,157.67,,MFL-A/XT,,1160.0,65000.0,,1342.0,1474.01,2046.62,,,,,,,2015,Metal Loss_45077.5,True,45077.5,45077.5,134,7.433333333333334
12510.0,,0.344,-14.07,26.07,45083.16,Metal Loss,External,17.0,0.058,,,1.34,2.91,5:49,,,0.7,158.2,,MFL-A/XT,,1160.0,65000.0,,1342.0,1461.95,2029.88,,,,,,,2015,Metal Loss_45083.2,True,45083.16,45083.16,134,5.816666666666666
12510.0,,0.344,-14.2,25.94,45083.29,Metal Loss,External,14.0,0.048,,,0.79,0.98,6:28,,,0.7,158.21,,MFL-A/XT,,1160.0,65000.0,,1342.0,1471.8,2043.55,,,,,,,2015,Metal Loss_45083.3,True,45083.29,45083.29,134,6.466666666666667
12510.0,,0.344,-14.6,25.54,45083.69,Metal Loss,External,30.0,0.103,,,1.02,1.46,6:32,,,0.7,158.25,,MFL-A/XT,,1160.0,65000.0,,1342.0,1459.1,2025.92,1528.99,2122.96,1531.13,2125.93,0.76,1.83,2015,Metal Loss_45083.7,True,45083.69,45083.69,134,6.533333333333333
12510.0,,0.344,-14.94,25.21,45084.03,Metal Loss,External,21.0,0.072,,,0.71,1.26,6:25,,,0.7,158.28,,MFL-A/XT,,1160.0,65000.0,,1342.0,1470.59,2041.88,1542.31,2141.46,1542.69,2141.99,0.75,1.85,2015,Metal Loss_45084.0,True,45084.03,45084.03,134,6.416666666666667
12510.0,,0.344,-15.11,25.03,45084.2,Metal Loss,External,11.0,0.038,,,1.02,2.44,5:42,,,0.7,158.3,,MFL-A/XT,,1160.0,65000.0,,1342.0,,,,,,,,,2015,Metal Loss_45084.2,True,45084.2,45084.2,134,5.7
12510.0,,0.344,-15.4,24.74,45084.49,Metal Loss,External,11.0,0.038,,,0.71,1.18,7:34,,,0.7,158.32,,MFL-A/XT,,1160.0,65000.0,,1342.0,,,,,,,,,2015,Metal Loss_45084.5,True,45084.49,45084.49,134,7.566666666666666
12510.0,,0.344,-16.67,23.47,45085.76,Metal Loss,External,14.0,0.048,,,0.87,1.38,8:53,,,0.7,158.44,,MFL-A/XT,,1160.0,65000.0,,1342.0,1471.0,2042.45,,,,,,,2015,Metal Loss_45085.8,True,45085.76,45085.76,134,8.883333333333333
12510.0,,0.344,-17.65,22.49,45086.74,Metal Loss,External,10.0,0.034,,,1.22,1.97,7:44,,,0.7,158.54,,MFL-A/XT,,1160.0,65000.0,,1342.0,,,,,,,,,2015,Metal Loss_45086.7,True,45086.74,45086.74,134,7.733333333333333
12510.0,,0.344,-19.11,21.03,45088.2,Metal Loss,External,10.0,0.034,,,0.67,1.02,7:47,,,0.7,158.67,,MFL-A/XT,,1160.0,65000.0,,1342.0,,,,,,,,,2015,Metal Loss_45088.2,True,45088.2,45088.2,134,7.783333333333333
12510.0,,0.344,-19.68,20.46,45088.77,Metal Loss,External,20.0,0.069,,,0.67,1.34,7:44,,,0.7,158.72,,MFL-A/XT,,1160.0,65000.0,,1342.0,1471.4,2043.01,1543.23,2142.73,1543.51,2143.12,0.75,1.85,2015,Metal Loss_45088.8,True,45088.77,45088.77,134,7.733333333333333
12510.0,,0.344,-20.02,20.12,45089.11,Metal Loss,External,20.0,0.069,,,0.75,1.1,7:09,,,0.7,158.76,,MFL-A/XT,,1160.0,65000.0,,1342.0,1470.37,2041.57,1542.08,2141.13,1542.41,2141.6,0.75,1.85,2015,Metal Loss_45089.1,True,45089.11,45089.11,134,7.15
12510.0,,0.344,-20.7,19.44,45089.79,Metal Loss,External,23.0,0.079,,,0.55,1.06,07:00,,,0.7,158.82,,MFL-A/XT,,1160.0,65000.0,,1342.0,1472.35,2044.32,1544.24,2144.15,1544.57,2144.59,0.75,1.85,2015,Metal Loss_45089.8,True,45089.79,45089.79,134,7.0
12510.0,,0.344,-21.02,19.12,45090.11,Metal Loss,External,20.0,0.069,,,0.67,1.14,6:50,,,0.7,158.85,,MFL-A/XT,,1160.0,65000.0,,1342.0,1471.4,2043.01,1543.23,2142.73,1543.51,2143.12,0.75,1.85,2015,Metal Loss_45090.1,True,45090.11,45090.11,134,6.833333333333333
12510.0,,0.344,-21.2,18.94,45090.29,Metal Loss,External,15.0,0.052,,,0.71,2.21,6:46,,,0.7,158.87,,MFL-A/XT,,1160.0,65000.0,,1342.0,1472.37,2044.34,,,,,,,2015,Metal Loss_45090.3,True,45090.29,45090.29,134,6.766666666666667
12510.0,,0.344,-21.34,18.8,45090.43,Metal Loss,External,11.0,0.038,,,0.51,0.94,7:10,,,0.7,158.88,,MFL-A/XT,,1160.0,65000.0,,1342.0,,,,,,,,,2015,Metal Loss_45090.4,True,45090.43,45090.43,134,7.166666666666667
12510.0,,0.344,-21.45,18.7,45090.54,Metal Loss,External,24.0,0.083,,,0.55,0.98,6:59,,,0.7,158.89,,MFL-A/XT,,1160.0,65000.0,,1342.0,1472.15,2044.04,1544.01,2143.82,1544.38,2144.33,0.75,1.85,2015,Metal Loss_45090.5,True,45090.54,45090.54,134,6.983333333333333
12530.0,,0.344,-0.8,32.27,45150.07,Metal Loss,External,10.0,0.034,,,0.55,1.73,1:51,,,0.7,163.4,,MFL-A/XT,,1160.0,65000.0,,1342.0,,,,,,,,,2015,Metal Loss_45150.1,True,45150.07,45150.07,-1,1.85
12530.0,,0.344,-28.97,4.1,45178.24,Metal Loss,External,19.0,0.065,,,1.38,1.97,2:06,,,0.7,165.14,,MFL-A/XT,,1160.0,65000.0,,1342.0,1459.02,2025.81,,,,,,,2015,Metal Loss_45178.2,True,45178.24,45178.24,135,2.1
12530.0,,0.344,-29.2,3.87,45178.47,Metal Loss,External,11.0,0.038,,,0.51,0.79,2:47,,,0.7,165.16,,MFL-A/XT,,1160.0,65000.0,,1342.0,,,,,,,,,2015,Metal Loss_45178.5,True,45178.47,45178.47,135,2.783333333333333
12530.0,,0.344,-30.79,2.29,45180.05,Metal Loss,External,16.0,0.055,,,0.55,1.06,2:45,Recoat,,0.7,165.25,,MFL-A/XT,,1160.0,65000.0,,1342.0,1473.66,2046.14,,,,,,,2015,Metal Loss_45180.1,True,45180.05,45180.05,135,2.75
12530.0,,0.344,-31.14,1.93,45180.41,Metal Loss,External,20.0,0.069,,,1.06,1.58,2:54,Recoat,,0.7,165.28,,MFL-A/XT,,1160.0,65000.0,,1342.0,1464.93,2034.02,1535.98,2132.67,1536.64,2133.58,0.76,1.84,2015,Metal Loss_45180.4,True,45180.41,45180.41,135,2.9
12530.0,,0.344,-31.16,1.91,45180.43,Metal Loss,External,10.0,0.034,,,0.51,1.26,5:44,Recoat,,0.7,165.28,,MFL-A/XT,,1160.0,65000.0,,1342.0,,,,,,,,,2015,Metal Loss_45180.4,True,45180.43,45180.43,135,5.733333333333333
12530.0,,0.344,-31.23,1.85,45180.5,Metal Loss,External,13.0,0.045,,,0.63,1.65,3:48,Recoat,,0.7,165.28,,MFL-A/XT,,1160.0,65000.0,,1342.0,1473.54,2045.97,,,,,,,2015,Metal Loss_45180.5,True,45180.5,45180.5,135,3.8
12540.0,,0.344,-0.76,21.45,45183.1,Cluster,External,53.0,0.182,,,1.36,5.07,11:46,Repaired?,,0.7,165.44,,,,1160.0,65000.0,,1342.0,1416.65,1966.99,1473.87,2046.43,1505.34,2090.13,0.79,1.76,2015,Cluster_45183.1,True,45183.1,45183.1,135,11.766666666666667
12540.0,,0.344,-0.8,21.41,45183.14,Metal Loss,External,14.0,0.048,,,1.26,2.21,1:43,Repaired?,,0.7,165.44,,MFL-A/XT,,1160.0,65000.0,,1342.0,1465.78,2035.2,,,,,,,2015,Metal Loss_45183.1,True,45183.14,45183.14,135,1.7166666666666668
12540.0,,0.344,-14.84,7.37,45197.18,Metal Loss,External,39.0,0.134,,,0.79,1.38,3:05,,,0.7,166.24,,MFL-A/XT,,1160.0,65000.0,,1342.0,1461.27,2028.94,1531.05,2125.82,1533.47,2129.19,0.76,1.83,2015,Metal Loss_45197.2,True,45197.18,45197.18,136,3.0833333333333335
12540.0,,0.344,-15.28,6.93,45197.62,Metal Loss,External,14.0,0.048,,,1.81,0.59,3:36,,,0.7,166.26,,MFL-A/XT,,1160.0,65000.0,,1342.0,1456.85,2022.8,,,,,,,2015,Metal Loss_45197.6,True,45197.62,45197.62,136,3.6
12540.0,,0.344,-17.71,4.5,45200.05,Metal Loss,External,14.0,0.048,,,0.67,1.06,1:58,,,0.7,166.39,,MFL-A/XT,,1160.0,65000.0,,1342.0,1473.1,2045.36,,,,,,,2015,Metal Loss_45200.1,True,45200.05,45200.05,136,1.9666666666666668
12540.0,,0.344,-18.23,3.98,45200.57,Metal Loss,External,10.0,0.034,,,0.51,1.06,02:00,,,0.7,166.41,,MFL-A/XT,,1160.0,65000.0,,1342.0,,,,,,,,,2015,Metal Loss_45200.6,True,45200.57,45200.57,136,2.0
12540.0,,0.344,-21.75,0.46,45204.09,Metal Loss,External,10.0,0.034,,,0.51,1.14,1:40,,,0.7,166.59,,MFL-A/XT,,1160.0,65000.0,,1342.0,,,,,,,,,2015,Metal Loss_45204.1,True,45204.09,45204.09,136,1.6666666666666665
12540.0,,0.344,-22.06,0.15,45204.4,Metal Loss,External,24.0,0.083,,,0.87,1.38,1:18,near girth weld,,0.7,166.61,,MFL-A/XT,,1160.0,65000.0,,1342.0,1466.36,2036.01,1537.51,2134.79,1538.41,2136.04,0.75,1.84,2015,Metal Loss_45204.4,True,45204.4,45204.4,136,1.3
12550.0,,0.344,-0.46,39.72,45205.01,Metal Loss,External,11.0,0.038,,,1.81,2.09,1:44,,,0.7,166.64,,MFL-A/XT,,1160.0,65000.0,,1342.0,,,,,,,,,2015,Metal Loss_45205.0,True,45205.01,45205.01,136,1.7333333333333334
12550.0,,0.344,-0.51,39.67,45205.06,Metal Loss,External,15.0,0.052,,,2.24,0.83,2:13,,,0.7,166.64,,MFL-A/XT,,1160.0,65000.0,,1342.0,1447.22,2009.43,,,,,,,2015,Metal Loss_45205.1,True,45205.06,45205.06,136,2.216666666666667
12550.0,,0.344,-0.93,39.25,45205.47,Metal Loss,External,14.0,0.048,,,1.42,1.58,4:21,,,0.7,166.66,,MFL-A/XT,,1160.0,65000.0,,1342.0,1463.4,2031.9,,,,,,,2015,Metal Loss_45205.5,True,45205.47,45205.47,136,4.35
12550.0,,0.344,-1.28,38.91,45205.82,Metal Loss,External,18.0,0.062,,,0.67,0.87,4:26,,,0.7,166.68,,MFL-A/XT,,1160.0,65000.0,,1342.0,1471.95,2043.76,,,,,,,2015,Metal Loss_45205.8,True,45205.82,45205.82,136,4.433333333333334
12550.0,,0.344,-1.66,38.52,45206.21,Metal Loss,External,11.0,0.038,,,0.63,1.22,2:50,,,0.7,166.7,,MFL-A/XT,,1160.0,65000.0,,1342.0,,,,,,,,,2015,Metal Loss_45206.2,True,45206.21,45206.21,136,2.8333333333333335
12550.0,,0.344,-2.14,38.04,45206.69,Metal Loss,External,26.0,0.089,,,0.87,1.22,4:23,,,0.7,166.72,,MFL-A/XT,,1160.0,65000.0,,1342.0,1465.65,2035.02,1536.66,2133.61,1537.75,2135.13,0.75,1.84,2015,Metal Loss_45206.7,True,45206.69,45206.69,136,4.383333333333334
12550.0,,0.344,-4.94,35.24,45209.49,Metal Loss,External,21.0,0.072,,,0.63,1.1,3:51,Recoat,,0.7,166.86,,MFL-A/XT,,1160.0,65000.0,,1342.0,1471.8,2043.56,1543.66,2143.33,1543.96,2143.75,0.75,1.85,2015,Metal Loss_45209.5,True,45209.49,45209.49,136,3.85
12550.0,,0.344,-5.74,34.44,45210.29,Metal Loss,External,17.0,0.058,,,1.85,3.94,3:41,Recoat,,0.7,166.9,,MFL-A/XT,,1160.0,65000.0,,1342.0,1451.23,2015.0,,,,,,,2015,Metal Loss_45210.3,True,45210.29,45210.29,136,3.6833333333333336
12550.0,,0.344,-17.94,22.25,45222.48,Metal Loss,External,22.0,0.076,,,0.83,1.18,4:17,,,0.7,167.39,,MFL-A/XT,,1160.0,65000.0,,1342.0,1468.43,2038.88,1539.88,2138.09,1540.48,2138.91,0.75,1.84,2015,Metal Loss_45222.5,True,45222.48,45222.48,-1,4.283333333333333
12550.0,,0.344,-34.39,5.79,45238.94,Metal Loss,External,10.0,0.034,,,0.35,0.59,5:51,,,0.7,167.78,,MFL-A/XT,,1160.0,65000.0,,1342.0,,,,,,,,,2015,Metal Loss_45238.9,True,45238.94,45238.94,137,5.85
12560.0,,0.344,-1.54,5.16,45246.27,Metal Loss,External,22.0,0.076,,,0.63,1.61,5:29,Recoat,,0.7,167.84,,MFL-A/XT,,1160.0,65000.0,,1342.0,1471.38,2042.98,1543.18,2142.67,1543.55,2143.18,0.75,1.85,2015,Metal Loss_45246.3,True,45246.27,45246.27,137,5.483333333333333
12560.0,,0.344,-1.77,4.93,45246.5,Metal Loss,External,34.0,0.117,,,0.75,2.17,4:52,Recoat,,0.7,167.84,,MFL-A/XT,,1160.0,65000.0,,1342.0,1465.13,2034.29,1535.79,2132.4,1537.37,2134.6,0.76,1.84,2015,Metal Loss_45246.5,True,45246.5,45246.5,137,4.866666666666667
12590.0,,0.344,-38.58,1.5,45370.38,Metal Loss,External,13.0,0.045,,,0.55,0.91,5:56,,,0.7,138.75,,MFL-A/XT,,1160.0,65000.0,,1342.0,1474.18,2046.86,,,,,,,2015,Metal Loss_45370.4,True,45370.38,45370.38,138,5.933333333333334
12590.0,,0.344,-38.66,1.42,45370.46,Metal Loss,External,12.0,0.041,,,0.63,1.22,5:59,,,0.7,138.72,,MFL-A/XT,,1160.0,65000.0,,1342.0,,,,,,,,,2015,Metal Loss_45370.5,True,45370.46,45370.46,138,5.983333333333333
12590.0,,0.344,-38.82,1.26,45370.62,Metal Loss,External,24.0,0.083,,,1.22,1.38,6:19,,,0.7,138.66,,MFL-A/XT,,1160.0,65000.0,,1342.0,1458.0,2024.4,1527.98,2121.56,1529.65,2123.88,0.76,1.83,2015,Metal Loss_45370.6,True,45370.62,45370.62,138,6.316666666666666
12590.0,,0.344,-39.22,0.86,45371.02,Metal Loss,External,12.0,0.041,,,0.55,1.73,4:17,,,0.7,138.51,,MFL-A/XT,,1160.0,65000.0,,1342.0,,,,,,,,,2015,Metal Loss_45371.0,True,45371.02,45371.02,138,4.283333333333333
12710.0,,0.344,-0.54,39.49,45748.34,Cluster,External,28.0,0.096,,,1.33,4.8,4:52,,,0.7,84.49,,,,1160.0,65000.0,,1342.0,1450.59,2014.11,1519.2,2109.37,1522.53,2113.99,0.76,1.82,2015,Cluster_45748.3,True,45748.34,45748.34,139,4.866666666666667
12710.0,,0.344,-0.56,39.47,45748.36,Metal Loss,External,19.0,0.065,,,1.73,2.99,04:00,,,0.7,84.5,,MFL-A/XT,,1160.0,65000.0,,1342.0,1451.09,2014.8,,,,,,,2015,Metal Loss_45748.4,True,45748.36,45748.36,139,4.0
12710.0,,0.344,-0.57,39.46,45748.38,Metal Loss,External,15.0,0.052,,,2.01,4.33,6:17,,,0.7,84.5,,MFL-A/XT,,1160.0,65000.0,,1342.0,1451.75,2015.72,,,,,,,2015,Metal Loss_45748.4,True,45748.38,45748.38,139,6.283333333333333
12710.0,,0.344,-0.62,39.41,45748.42,Metal Loss,External,11.0,0.038,,,0.94,1.3,3:22,,,0.7,84.52,,MFL-A/XT,,1160.0,65000.0,,1342.0,,,,,,,,,2015,Metal Loss_45748.4,True,45748.42,45748.42,139,3.3666666666666667
12710.0,,0.344,-0.64,39.39,45748.44,Metal Loss,External,20.0,0.069,,,0.75,1.34,3:01,,,0.7,84.52,,MFL-A/XT,,1160.0,65000.0,,1342.0,1470.37,2041.57,1542.08,2141.13,1542.41,2141.6,0.75,1.85,2015,Metal Loss_45748.4,True,45748.44,45748.44,139,3.0166666666666666
12720.0,,0.344,-25.03,0.19,45812.87,Metal Loss,External,10.0,0.034,,,0.59,1.02,4:55,near girth weld,,0.7,104.21,,MFL-A/XT,,1160.0,65000.0,,1342.0,,,,,,,,,2015,Metal Loss_45812.9,True,45812.87,45812.87,140,4.916666666666667
12730.0,,0.344,-1.15,38.87,45814.21,Metal Loss,External,13.0,0.045,,,1.5,0.59,3:16,,,1.0,104.65,,MFL-A/XT,,1160.0,65000.0,,1342.0,1463.16,2031.56,,,,,,,2015,Metal Loss_45814.2,True,45814.21,45814.21,140,3.2666666666666666
12780.0,,0.344,-39.01,1.1,46022.48,Metal Loss,External,27.0,0.093,,,1.61,2.36,7:36,,,0.7,162.54,,MFL-A/XT,,1160.0,65000.0,,1342.0,1442.29,2002.58,1509.49,2095.89,1513.23,2101.08,0.77,1.81,2015,Metal Loss_46022.5,True,46022.48,46022.48,141,7.6
12790.0,,0.344,-0.71,39.46,46024.29,Metal Loss,External,14.0,0.048,,,0.32,1.14,7:36,,,0.7,162.89,,MFL-A/XT,,1160.0,65000.0,,1342.0,1475.43,2048.6,,,,,,,2015,Metal Loss_46024.3,True,46024.29,46024.29,141,7.6
12790.0,,0.344,-20.6,19.58,46044.18,Metal Loss,External,17.0,0.058,,,1.22,1.46,5:23,,,0.7,165.91,,MFL-A/XT,,1160.0,65000.0,,1342.0,1464.15,2032.94,,,,,,,2015,Metal Loss_46044.2,True,46044.18,46044.18,-1,5.383333333333334
12800.0,,0.344,-18.61,21.63,46082.37,Metal Loss,External,23.0,0.079,,,1.26,1.77,5:34,,,0.7,166.66,,MFL-A/XT,,1160.0,65000.0,,1342.0,1457.97,2024.35,1527.98,2121.56,1529.52,2123.7,0.76,1.83,2015,Metal Loss_46082.4,True,46082.37,46082.37,142,5.566666666666666
12800.0,,0.344,-18.96,21.27,46082.72,Metal Loss,External,20.0,0.069,,,0.71,1.14,5:23,,,0.7,166.64,,MFL-A/XT,,1160.0,65000.0,,1342.0,1470.9,2042.3,1542.66,2141.95,1542.97,2142.38,0.75,1.85,2015,Metal Loss_46082.7,True,46082.72,46082.72,142,5.383333333333334
12800.0,,0.344,-19.08,21.16,46082.84,Metal Loss,External,11.0,0.038,,,0.83,1.02,4:28,,,0.7,166.64,,MFL-A/XT,,1160.0,65000.0,,1342.0,,,,,,,,,2015,Metal Loss_46082.8,True,46082.84,46082.84,142,4.466666666666667
12800.0,,0.344,-19.31,20.93,46083.07,Metal Loss,External,34.0,0.117,,,1.02,1.58,5:14,,,0.7,166.62,,MFL-A/XT,,1160.0,65000.0,,1342.0,1456.19,2021.88,1525.38,2117.95,1528.23,2121.91,0.76,1.83,2015,Metal Loss_46083.1,True,46083.07,46083.07,142,5.233333333333333
12800.0,,0.344,-19.81,20.43,46083.56,Metal Loss,External,10.0,0.034,,,1.77,2.09,5:34,,,0.7,166.6,,MFL-A/XT,,1160.0,65000.0,,1342.0,,,,,,,,,2015,Metal Loss_46083.6,True,46083.56,46083.56,142,5.566666666666666
12800.0,,0.344,-19.81,20.42,46083.57,Metal Loss,External,13.0,0.045,,,1.81,0.59,5:19,,,0.7,166.6,,MFL-A/XT,,1160.0,65000.0,,1342.0,1458.35,2024.88,,,,,,,2015,Metal Loss_46083.6,True,46083.57,46083.57,142,5.316666666666666
12800.0,,0.344,-19.88,20.36,46083.64,Metal Loss,External,17.0,0.058,,,0.94,0.59,5:30,,,0.7,166.6,,MFL-A/XT,,1160.0,65000.0,,1342.0,1468.52,2039.01,,,,,,,2015,Metal Loss_46083.6,True,46083.64,46083.64,142,5.5
12800.0,,0.344,-20.13,20.11,46083.89,Metal Loss,External,15.0,0.052,,,0.83,1.06,4:28,,,0.7,166.59,,MFL-A/XT,,1160.0,65000.0,,1342.0,1471.03,2042.48,,,,,,,2015,Metal Loss_46083.9,True,46083.89,46083.89,142,4.466666666666667
12800.0,,0.344,-20.66,19.57,46084.42,Metal Loss,External,17.0,0.058,,,2.24,1.14,5:20,,,0.7,166.56,,MFL-A/XT,,1160.0,65000.0,,1342.0,1442.96,2003.52,,,,,,,2015,Metal Loss_46084.4,True,46084.42,46084.42,142,5.333333333333333
12800.0,,0.344,-20.71,19.52,46084.47,Metal Loss,External,14.0,0.048,,,0.79,1.06,4:27,,,0.7,166.56,,MFL-A/XT,,1160.0,65000.0,,1342.0,1471.92,2043.73,,,,,,,2015,Metal Loss_46084.5,True,46084.47,46084.47,142,4.45
12800.0,,0.344,-21.08,19.15,46084.84,Metal Loss,External,24.0,0.083,,,0.75,0.98,4:28,,,0.7,166.54,,MFL-A/XT,,1160.0,65000.0,,1342.0,1468.76,2039.34,1540.21,2138.55,1540.89,2139.49,0.75,1.84,2015,Metal Loss_46084.8,True,46084.84,46084.84,142,4.466666666666667
12800.0,,0.344,-21.24,19.0,46085.0,Metal Loss,External,12.0,0.041,,,1.93,1.38,5:23,,,0.7,166.53,,MFL-A/XT,,1160.0,65000.0,,1342.0,,,,,,,,,2015,Metal Loss_46085.0,True,46085.0,46085.0,142,5.383333333333334
12800.0,,0.344,-21.66,18.57,46085.42,Metal Loss,External,11.0,0.038,,,1.1,1.5,5:28,,,0.7,166.51,,MFL-A/XT,,1160.0,65000.0,,1342.0,,,,,,,,,2015,Metal Loss_46085.4,True,46085.42,46085.42,142,5.466666666666667
12800.0,,0.344,-21.87,18.36,46085.63,Metal Loss,External,15.0,0.052,,,1.69,1.73,4:26,,,0.7,166.5,,MFL-A/XT,,1160.0,65000.0,,1342.0,1457.54,2023.76,,,,,,,2015,Metal Loss_46085.6,True,46085.63,46085.63,142,4.433333333333334
12800.0,,0.344,-21.97,18.27,46085.72,Metal Loss,External,10.0,0.034,,,0.71,1.02,5:29,,,0.7,166.5,,MFL-A/XT,,1160.0,65000.0,,1342.0,,,,,,,,,2015,Metal Loss_46085.7,True,46085.72,46085.72,142,5.483333333333333
12800.0,,0.344,-22.22,18.02,46085.98,Metal Loss,External,11.0,0.038,,,2.13,1.02,4:29,,,0.7,166.48,,MFL-A/XT,,1160.0,65000.0,,1342.0,,,,,,,,,2015,Metal Loss_46086.0,True,46085.98,46085.98,142,4.483333333333333
12800.0,,0.344,-22.86,17.38,46086.62,Cluster,External,28.0,0.096,,,1.57,3.42,5:29,,,0.7,166.45,,,,1160.0,65000.0,,1342.0,1442.41,2002.74,1509.57,2096.0,1518.52,2108.42,0.77,1.81,2015,Cluster_46086.6,True,46086.62,46086.62,142,5.483333333333333
12800.0,,0.344,-22.88,17.36,46086.64,Metal Loss,External,10.0,0.034,,,1.58,1.65,5:05,,,0.7,166.45,,MFL-A/XT,,1160.0,65000.0,,1342.0,,,,,,,,,2015,Metal Loss_46086.6,True,46086.64,46086.64,142,5.083333333333333
12800.0,,0.344,-23.52,16.72,46087.28,Metal Loss,External,31.0,0.107,,,0.94,1.26,4:26,,,0.7,166.41,,MFL-A/XT,,1160.0,65000.0,,1342.0,1460.64,2028.06,1530.73,2125.38,1532.75,2128.18,0.76,1.83,2015,Metal Loss_46087.3,True,46087.28,46087.28,142,4.433333333333334
12800.0,,0.344,-23.56,16.67,46087.32,Metal Loss,External,20.0,0.069,,,0.87,1.14,5:25,,,0.7,166.41,,MFL-A/XT,,1160.0,65000.0,,1342.0,1468.45,2038.9,1539.94,2138.16,1540.38,2138.79,0.75,1.84,2015,Metal Loss_46087.3,True,46087.32,46087.32,142,5.416666666666667
12800.0,,0.344,-23.86,16.38,46087.61,Metal Loss,External,19.0,0.065,,,0.71,1.18,5:24,,,0.7,166.39,,MFL-A/XT,,1160.0,65000.0,,1342.0,1471.2,2042.72,,,,,,,2015,Metal Loss_46087.6,True,46087.61,46087.61,142,5.4
12800.0,,0.344,-23.97,16.26,46087.73,Metal Loss,External,10.0,0.034,,,0.94,1.18,4:26,,,0.7,166.38,,MFL-A/XT,,1160.0,65000.0,,1342.0,,,,,,,,,2015,Metal Loss_46087.7,True,46087.73,46087.73,142,4.433333333333334
12800.0,,0.344,-24.21,16.02,46087.97,Metal Loss,External,13.0,0.045,,,0.83,1.06,4:29,,,0.7,166.37,,MFL-A/XT,,1160.0,65000.0,,1342.0,1471.78,2043.53,,,,,,,2015,Metal Loss_46088.0,True,46087.97,46087.97,142,4.483333333333333
12800.0,,0.344,-24.57,15.67,46088.33,Metal Loss,External,14.0,0.048,,,0.79,1.14,5:18,,,0.7,166.35,,MFL-A/XT,,1160.0,65000.0,,1342.0,1471.92,2043.73,,,,,,,2015,Metal Loss_46088.3,True,46088.33,46088.33,142,5.3
12800.0,,0.344,-24.76,15.47,46088.52,Metal Loss,External,16.0,0.055,,,0.71,1.22,5:18,,,0.7,166.34,,MFL-A/XT,,1160.0,65000.0,,1342.0,1472.08,2043.95,,,,,,,2015,Metal Loss_46088.5,True,46088.52,46088.52,142,5.3
12800.0,,0.344,-24.79,15.45,46088.55,Metal Loss,External,10.0,0.034,,,0.75,1.02,4:30,,,0.7,166.33,,MFL-A/XT,,1160.0,65000.0,,1342.0,,,,,,,,,2015,Metal Loss_46088.6,True,46088.55,46088.55,142,4.5
12800.0,,0.344,-25.16,15.08,46088.91,Metal Loss,External,13.0,0.045,,,1.38,1.5,5:23,,,0.7,166.31,,MFL-A/XT,,1160.0,65000.0,,1342.0,1464.91,2034.0,,,,,,,2015,Metal Loss_46088.9,True,46088.91,46088.91,142,5.383333333333334
12800.0,,0.344,-25.41,14.82,46089.17,Metal Loss,External,11.0,0.038,,,0.51,1.14,5:20,,,0.7,166.29,,MFL-A/XT,,1160.0,65000.0,,1342.0,,,,,,,,,2015,Metal Loss_46089.2,True,46089.17,46089.17,142,5.333333333333333
12800.0,,0.344,-25.69,14.54,46089.45,Metal Loss,External,17.0,0.058,,,0.98,1.18,4:30,,,0.7,166.28,,MFL-A/XT,,1160.0,65000.0,,1342.0,1467.97,2038.24,,,,,,,2015,Metal Loss_46089.4,True,46089.45,46089.45,142,4.5
12800.0,,0.344,-25.75,14.48,46089.51,Metal Loss,External,12.0,0.041,,,0.91,1.46,5:18,,,0.7,166.27,,MFL-A/XT,,1160.0,65000.0,,1342.0,,,,,,,,,2015,Metal Loss_46089.5,True,46089.51,46089.51,142,5.3
12800.0,,0.344,-26.07,14.17,46089.83,Metal Loss,External,13.0,0.045,,,0.79,1.3,5:24,,,0.7,166.25,,MFL-A/XT,,1160.0,65000.0,,1342.0,1472.26,2044.19,,,,,,,2015,Metal Loss_46089.8,True,46089.83,46089.83,142,5.4
12800.0,,0.344,-26.28,13.96,46090.03,Metal Loss,External,16.0,0.055,,,0.83,1.18,4:28,,,0.7,166.24,,MFL-A/XT,,1160.0,65000.0,,1342.0,1470.64,2041.95,,,,,,,2015,Metal Loss_46090.0,True,46090.03,46090.03,142,4.466666666666667
12800.0,,0.344,-26.44,13.8,46090.2,Metal Loss,External,19.0,0.065,,,0.71,1.34,5:19,,,0.7,166.23,,MFL-A/XT,,1160.0,65000.0,,1342.0,1471.2,2042.72,,,,,,,2015,Metal Loss_46090.2,True,46090.2,46090.2,142,5.316666666666666
12800.0,,0.344,-27.62,12.61,46091.38,Metal Loss,External,14.0,0.048,,,0.94,1.1,4:39,,,0.7,166.14,,MFL-A/XT,,1160.0,65000.0,,1342.0,1470.01,2041.08,,,,,,,2015,Metal Loss_46091.4,True,46091.38,46091.38,142,4.65
12800.0,,0.344,-28.17,12.06,46091.93,Metal Loss,External,14.0,0.048,,,1.18,1.53,4:30,,,0.7,166.1,,MFL-A/XT,,1160.0,65000.0,,1342.0,1466.83,2036.65,,,,,,,2015,Metal Loss_46091.9,True,46091.93,46091.93,142,4.5
12800.0,,0.344,-28.88,11.35,46092.64,Metal Loss,External,10.0,0.034,,,0.32,1.5,4:30,,,0.7,166.05,,MFL-A/XT,,1160.0,65000.0,,1342.0,,,,,,,,,2015,Metal Loss_46092.6,True,46092.64,46092.64,142,4.5
12800.0,,0.344,-29.01,11.23,46092.77,Metal Loss,External,11.0,0.038,,,2.13,1.58,5:24,,,0.7,166.04,,MFL-A/XT,,1160.0,65000.0,,1342.0,,,,,,,,,2015,Metal Loss_46092.8,True,46092.77,46092.77,142,5.4
12800.0,,0.344,-29.35,10.88,46093.11,Metal Loss,External,13.0,0.045,,,0.87,1.14,5:27,,,0.7,166.01,,MFL-A/XT,,1160.0,65000.0,,1342.0,1471.41,2043.01,,,,,,,2015,Metal Loss_46093.1,True,46093.11,46093.11,142,5.45
12800.0,,0.344,-29.8,10.43,46093.56,Metal Loss,External,11.0,0.038,,,1.97,0.59,4:26,,,0.7,165.98,,MFL-A/XT,,1160.0,65000.0,,1342.0,,,,,,,,,2015,Metal Loss_46093.6,True,46093.56,46093.56,142,4.433333333333334
12800.0,,0.344,-29.87,10.36,46093.63,Metal Loss,External,17.0,0.058,,,1.42,4.41,4:57,,,0.7,165.97,,MFL-A/XT,,1160.0,65000.0,,1342.0,1460.34,2027.65,,,,,,,2015,Metal Loss_46093.6,True,46093.63,46093.63,142,4.95
12800.0,,0.344,-30.12,10.11,46093.88,Metal Loss,External,19.0,0.065,,,1.34,1.65,5:16,,,0.7,165.95,,MFL-A/XT,,1160.0,65000.0,,1342.0,1459.8,2026.89,,,,,,,2015,Metal Loss_46093.9,True,46093.88,46093.88,142,5.266666666666667
12800.0,,0.344,-30.28,9.95,46094.04,Metal Loss,External,16.0,0.055,,,1.22,1.34,4:29,,,0.7,165.94,,MFL-A/XT,,1160.0,65000.0,,1342.0,1464.94,2034.03,,,,,,,2015,Metal Loss_46094.0,True,46094.04,46094.04,142,4.483333333333333
12800.0,,0.344,-30.7,9.53,46094.46,Metal Loss,External,15.0,0.052,,,0.67,1.26,5:12,,,0.7,165.91,,MFL-A/XT,,1160.0,65000.0,,1342.0,1472.85,2045.02,,,,,,,2015,Metal Loss_46094.5,True,46094.46,46094.46,142,5.2
12800.0,,0.344,-30.88,9.36,46094.64,Metal Loss,External,11.0,0.038,,,0.83,1.26,5:15,,,0.7,165.89,,MFL-A/XT,,1160.0,65000.0,,1342.0,,,,,,,,,2015,Metal Loss_46094.6,True,46094.64,46094.64,142,5.25
12800.0,,0.344,-39.21,1.03,46102.96,Metal Loss,External,22.0,0.076,,,0.71,1.06,6:23,,,0.7,165.16,,MFL-A/XT,,1160.0,65000.0,,1342.0,1470.28,2041.44,1541.95,2140.96,1542.4,2141.58,0.75,1.85,2015,Metal Loss_46103.0,True,46102.96,46102.96,142,6.383333333333334
12800.0,,0.344,-39.26,0.98,46103.01,Metal Loss,External,14.0,0.048,,,0.83,1.38,7:13,,,0.7,165.16,,MFL-A/XT,,1160.0,65000.0,,1342.0,1471.54,2043.19,,,,,,,2015,Metal Loss_46103.0,True,46103.01,46103.01,142,7.216666666666667
12800.0,,0.344,-39.31,0.93,46103.07,Cluster,External,32.0,0.11,,,1.38,3.5,5:06,,,0.7,165.15,,,,1160.0,65000.0,,1342.0,1444.48,2005.62,1511.74,2099.01,1523.54,2115.4,0.77,1.81,2015,Cluster_46103.1,True,46103.07,46103.07,142,5.1
12820.0,,0.344,-39.12,0.99,46183.26,Metal Loss,External,25.0,0.086,,,0.55,1.22,7:40,,,1.0,156.19,,MFL-A/XT,,1160.0,65000.0,,1342.0,1471.95,2043.76,1543.77,2143.49,1544.19,2144.07,0.75,1.85,2015,Metal Loss_46183.3,True,46183.26,46183.26,143,7.666666666666667
12820.0,,0.344,-39.2,0.91,46183.33,Cluster,External,45.0,0.155,,,1.54,4.61,4:51,,,1.0,156.18,,,,1160.0,65000.0,,1342.0,1416.84,1967.24,1476.27,2049.77,1483.05,2059.18,0.79,1.77,2015,Cluster_46183.3,True,46183.33,46183.33,143,4.85
12820.0,,0.344,-39.21,0.91,46183.34,Metal Loss,External,12.0,0.041,,,0.98,1.69,7:05,,,1.0,156.18,,MFL-A/XT,,1160.0,65000.0,,1342.0,,,,,,,,,2015,Metal Loss_46183.3,True,46183.34,46183.34,143,7.083333333333333
12820.0,,0.344,-39.21,0.9,46183.35,Metal Loss,External,60.0,0.206,,,0.75,0.77,3:25,,,1.0,156.18,,MFL-A/XT,,1160.0,65000.0,,1342.0,1450.49,2013.96,1515.35,2104.02,1521.89,2113.1,0.77,1.81,2015,Metal Loss_46183.3,True,46183.35,46183.35,143,3.4166666666666665
12820.0,,0.344,-39.26,0.86,46183.39,Metal Loss,External,40.0,0.138,,,0.63,2.64,4:02,,,1.0,156.17,,MFL-A/XT,,1160.0,65000.0,,1342.0,1466.42,2036.08,1537.06,2134.16,1538.68,2136.42,0.75,1.84,2015,Metal Loss_46183.4,True,46183.39,46183.39,143,4.033333333333333
12820.0,,0.344,-39.29,0.83,46183.42,Metal Loss,External,15.0,0.052,,,1.61,1.38,06:00,,,1.0,156.17,,MFL-A/XT,,1160.0,65000.0,,1342.0,1459.05,2025.86,,,,,,,2015,Metal Loss_46183.4,True,46183.42,46183.42,143,6.0
12830.0,,0.344,-20.6,19.55,46204.85,Metal Loss,External,16.0,0.055,,,1.1,1.81,5:42,,,0.7,154.04,,MFL-A/XT,,1160.0,65000.0,,1342.0,1466.69,2036.47,,,,,,,2015,Metal Loss_46204.8,True,46204.85,46204.85,144,5.7
12830.0,,0.344,-20.7,19.45,46204.95,Metal Loss,External,15.0,0.052,,,0.79,1.06,6:47,,,0.7,154.03,,MFL-A/XT,,1160.0,65000.0,,1342.0,1471.45,2043.07,,,,,,,2015,Metal Loss_46204.9,True,46204.95,46204.95,144,6.783333333333333
12830.0,,0.344,-21.18,18.98,46205.43,Metal Loss,External,10.0,0.034,,,0.63,1.14,6:47,,,0.7,153.99,,MFL-A/XT,,1160.0,65000.0,,1342.0,,,,,,,,,2015,Metal Loss_46205.4,True,46205.43,46205.43,144,6.783333333333333
12830.0,,0.344,-23.18,16.97,46207.43,Metal Loss,External,25.0,0.086,,,0.67,1.26,6:19,,,0.7,153.82,,MFL-A/XT,,1160.0,65000.0,,1342.0,1469.97,2041.02,1541.56,2140.41,1542.17,2141.26,0.75,1.85,2015,Metal Loss_46207.4,True,46207.43,46207.43,144,6.316666666666666
12830.0,,0.344,-23.19,16.97,46207.43,Metal Loss,External,15.0,0.052,,,0.79,0.75,6:52,,,0.7,153.82,,MFL-A/XT,,1160.0,65000.0,,1342.0,1471.45,2043.07,,,,,,,2015,Metal Loss_46207.4,True,46207.43,46207.43,144,6.866666666666667
12830.0,,0.344,-23.85,16.31,46208.09,Metal Loss,External,23.0,0.079,,,0.79,1.65,6:13,,,0.7,153.77,,MFL-A/XT,,1160.0,65000.0,,1342.0,1468.47,2038.93,1539.91,2138.12,1540.56,2139.02,0.75,1.84,2015,Metal Loss_46208.1,True,46208.09,46208.09,144,6.216666666666667
12830.0,,0.344,-24.25,15.91,46208.5,Metal Loss,External,20.0,0.069,,,0.83,1.34,6:30,,,0.7,153.74,,MFL-A/XT,,1160.0,65000.0,,1342.0,1469.24,2040.01,1540.82,2139.39,1541.23,2139.95,0.75,1.84,2015,Metal Loss_46208.5,True,46208.5,46208.5,144,6.5
12830.0,,0.344,-24.35,15.81,46208.59,Metal Loss,External,10.0,0.034,,,0.83,1.3,5:17,,,0.7,153.73,,MFL-A/XT,,1160.0,65000.0,,1342.0,,,,,,,,,2015,Metal Loss_46208.6,True,46208.59,46208.59,144,5.283333333333333
12840.0,,0.344,-2.21,37.95,46226.61,Metal Loss,External,12.0,0.041,,,1.34,2.32,5:54,,,0.7,152.55,,MFL-A/XT,,1160.0,65000.0,,1342.0,,,,,,,,,2015,Metal Loss_46226.6,True,46226.61,46226.61,-1,5.9
12840.0,,0.344,-13.55,26.61,46237.96,Metal Loss,External,12.0,0.041,,,0.91,2.01,6:10,,,0.7,151.84,,MFL-A/XT,,1160.0,65000.0,,1342.0,,,,,,,,,2015,Metal Loss_46238.0,True,46237.96,46237.96,145,6.166666666666667
12840.0,,0.344,-14.16,26.0,46238.56,Metal Loss,External,13.0,0.045,,,0.94,1.53,4:58,,,0.7,151.81,,MFL-A/XT,,1160.0,65000.0,,1342.0,1470.49,2041.74,,,,,,,2015,Metal Loss_46238.6,True,46238.56,46238.56,145,4.966666666666667
12840.0,,0.344,-14.59,25.57,46239.0,Cluster,External,19.0,0.065,,,2.17,1.93,5:26,,,0.7,151.79,,,,1160.0,65000.0,,1342.0,1440.52,2000.12,,,,,,,2015,Cluster_46239.0,True,46239.0,46239.0,145,5.433333333333334
12840.0,,0.344,-14.83,25.33,46239.23,Cluster,External,23.0,0.079,,,1.96,6.77,4:26,,,0.7,151.77,,,,1160.0,65000.0,,1342.0,1437.83,1996.39,1504.34,2088.74,1512.76,2100.43,0.77,1.8,2015,Cluster_46239.2,True,46239.23,46239.23,145,4.433333333333334
12840.0,,0.344,-14.87,25.29,46239.28,Metal Loss,External,15.0,0.052,,,0.47,0.87,5:59,,,0.7,151.77,,MFL-A/XT,,1160.0,65000.0,,1342.0,1474.49,2047.29,,,,,,,2015,Metal Loss_46239.3,True,46239.28,46239.28,145,5.983333333333333
12840.0,,0.344,-15.54,24.62,46239.95,Metal Loss,External,12.0,0.041,,,1.42,0.75,6:35,,,0.7,151.74,,MFL-A/XT,,1160.0,65000.0,,1342.0,,,,,,,,,2015,Metal Loss_46239.9,True,46239.95,46239.95,145,6.583333333333333
12840.0,,0.344,-15.59,24.58,46239.99,Metal Loss,External,18.0,0.062,,,0.75,1.34,6:05,,,0.7,151.73,,MFL-A/XT,,1160.0,65000.0,,1342.0,1471.03,2042.48,,,,,,,2015,Metal Loss_46240.0,True,46239.99,46239.99,145,6.083333333333333
12840.0,,0.344,-15.78,24.39,46240.18,Metal Loss,External,12.0,0.041,,,0.51,0.98,6:26,,,0.7,151.72,,MFL-A/XT,,1160.0,65000.0,,1342.0,,,,,,,,,2015,Metal Loss_46240.2,True,46240.18,46240.18,145,6.433333333333334
12840.0,,0.344,-16.43,23.73,46240.84,Metal Loss,External,15.0,0.052,,,0.47,0.83,5:27,,,0.7,151.69,,MFL-A/XT,,1160.0,65000.0,,1342.0,1474.4,2047.17,,,,,,,2015,Metal Loss_46240.8,True,46240.84,46240.84,145,5.45
12840.0,,0.344,-16.51,23.65,46240.92,Metal Loss,External,16.0,0.055,,,1.73,2.68,5:58,,,0.7,151.69,,MFL-A/XT,,1160.0,65000.0,,1342.0,1455.23,2020.55,,,,,,,2015,Metal Loss_46240.9,True,46240.92,46240.92,145,5.966666666666667
12840.0,,0.344,-16.7,23.47,46241.1,Metal Loss,External,13.0,0.045,,,0.47,0.63,6:19,,,0.7,151.68,,MFL-A/XT,,1160.0,65000.0,,1342.0,1474.66,2047.53,,,,,,,2015,Metal Loss_46241.1,True,46241.1,46241.1,145,6.316666666666666
12840.0,,0.344,-17.0,23.16,46241.41,Metal Loss,External,15.0,0.052,,,1.38,1.89,5:59,,,0.7,151.66,,MFL-A/XT,,1160.0,65000.0,,1342.0,1463.0,2031.34,,,,,,,2015,Metal Loss_46241.4,True,46241.41,46241.41,145,5.983333333333333
12840.0,,0.344,-25.83,14.34,46250.23,Metal Loss,External,15.0,0.052,,,0.67,1.18,9:46,,,0.7,151.3,,MFL-A/XT,,1160.0,65000.0,,1342.0,1472.73,2044.85,,,,,,,2015,Metal Loss_46250.2,True,46250.23,46250.23,145,9.766666666666667
12840.0,,0.344,-27.39,12.77,46251.8,Metal Loss,External,11.0,0.038,,,0.59,0.94,9:55,,,0.7,151.25,,MFL-A/XT,,1160.0,65000.0,,1342.0,,,,,,,,,2015,Metal Loss_46251.8,True,46251.8,46251.8,145,9.916666666666666
12840.0,,0.344,-27.57,12.6,46251.97,Metal Loss,External,18.0,0.062,,,0.71,1.22,9:53,,,0.7,151.24,,MFL-A/XT,,1160.0,65000.0,,1342.0,1471.5,2043.14,,,,,,,2015,Metal Loss_46252.0,True,46251.97,46251.97,145,9.883333333333333
12840.0,,0.344,-27.76,12.41,46252.16,Metal Loss,External,15.0,0.052,,,0.59,1.02,9:41,,,0.7,151.24,,MFL-A/XT,,1160.0,65000.0,,1342.0,1473.52,2045.95,,,,,,,2015,Metal Loss_46252.2,True,46252.16,46252.16,145,9.683333333333334
12840.0,,0.344,-27.93,12.23,46252.34,Metal Loss,External,12.0,0.041,,,0.87,1.42,9:46,,,0.7,151.23,,MFL-A/XT,,1160.0,65000.0,,1342.0,,,,,,,,,2015,Metal Loss_46252.3,True,46252.34,46252.34,145,9.766666666666667
12840.0,,0.344,-28.15,12.01,46252.56,Metal Loss,External,33.0,0.114,,,0.51,1.06,10:04,,,0.7,151.23,,MFL-A/XT,,1160.0,65000.0,,1342.0,1470.95,2042.38,1542.52,2141.75,1543.25,2142.76,0.75,1.85,2015,Metal Loss_46252.6,True,46252.56,46252.56,145,10.066666666666666
12840.0,,0.344,-28.29,11.88,46252.69,Metal Loss,External,24.0,0.083,,,0.51,1.26,9:51,,,0.7,151.22,,MFL-A/XT,,1160.0,65000.0,,1342.0,1472.65,2044.74,1544.57,2144.6,1544.89,2145.05,0.75,1.85,2015,Metal Loss_46252.7,True,46252.69,46252.69,145,9.85
12840.0,,0.344,-28.88,11.29,46253.28,Metal Loss,External,21.0,0.072,,,0.67,1.22,9:49,,,0.7,151.21,,MFL-A/XT,,1160.0,65000.0,,1342.0,1471.13,2042.62,1542.91,2142.29,1543.25,2142.76,0.75,1.85,2015,Metal Loss_46253.3,True,46253.28,46253.28,145,9.816666666666666
12840.0,,0.344,-29.06,11.1,46253.47,Metal Loss,External,14.0,0.048,,,0.71,1.14,9:40,,,0.7,151.2,,MFL-A/XT,,1160.0,65000.0,,1342.0,1472.65,2044.73,,,,,,,2015,Metal Loss_46253.5,True,46253.47,46253.47,145,9.666666666666666
12840.0,,0.344,-32.63,7.53,46257.04,Metal Loss,External,13.0,0.045,,,1.14,1.65,9:22,,,0.7,151.11,,MFL-A/XT,,1160.0,65000.0,,1342.0,1468.18,2038.53,,,,,,,2015,Metal Loss_46257.0,True,46257.04,46257.04,145,9.366666666666667
12840.0,,0.344,-32.66,7.51,46257.06,Metal Loss,External,16.0,0.055,,,0.91,0.79,9:54,,,0.7,151.11,,MFL-A/XT,,1160.0,65000.0,,1342.0,1469.69,2040.63,,,,,,,2015,Metal Loss_46257.1,True,46257.06,46257.06,145,9.9
12840.0,,0.344,-39.14,1.02,46263.54,Metal Loss,External,32.0,0.11,,,1.14,6.5,5:51,Recoat,,0.7,150.93,,MFL-A/XT,,1160.0,65000.0,,1342.0,1453.5,2018.15,1522.37,2113.77,1525.41,2118.0,0.76,1.82,2015,Metal Loss_46263.5,True,46263.54,46263.54,145,5.85
12840.0,,0.344,-39.16,1.01,46263.56,Metal Loss,External,47.0,0.162,,,0.67,1.38,4:27,Recoat,,0.7,150.93,,MFL-A/XT,,1160.0,65000.0,,1342.0,1462.07,2030.04,1531.47,2126.41,1534.22,2130.22,0.76,1.83,2015,Metal Loss_46263.6,True,46263.56,46263.56,145,4.45
12840.0,,0.344,-39.18,0.98,46263.59,Metal Loss,External,20.0,0.069,,,1.65,1.22,7:36,Recoat,,0.7,150.93,,MFL-A/XT,,1160.0,65000.0,,1342.0,1451.38,2015.21,1520.43,2111.08,1521.89,2113.1,0.76,1.82,2015,Metal Loss_46263.6,True,46263.59,46263.59,145,7.6
12840.0,,0.344,-39.21,0.96,46263.61,Metal Loss,External,19.0,0.065,,,0.67,1.26,9:28,Recoat,,0.7,150.93,,MFL-A/XT,,1160.0,65000.0,,1342.0,1471.83,2043.6,,,,,,,2015,Metal Loss_46263.6,True,46263.61,46263.61,145,9.466666666666667
12840.0,,0.344,-39.23,0.93,46263.64,Metal Loss,External,18.0,0.062,,,0.71,1.34,8:48,Recoat,,0.7,150.93,,MFL-A/XT,,1160.0,65000.0,,1342.0,1471.5,2043.14,,,,,,,2015,Metal Loss_46263.6,True,46263.64,46263.64,145,8.8
12840.0,,0.344,-39.24,0.92,46263.64,Metal Loss,External,15.0,0.052,,,0.51,1.02,1:22,Recoat,,0.7,150.93,,MFL-A/XT,,1160.0,65000.0,,1342.0,1474.13,2046.79,,,,,,,2015,Metal Loss_46263.6,True,46263.64,46263.64,145,1.3666666666666667
12840.0,,0.344,-39.29,0.87,46263.7,Metal Loss,External,12.0,0.041,,,0.47,2.28,7:59,Recoat,,0.7,150.92,,MFL-A/XT,,1160.0,65000.0,,1342.0,,,,,,,,,2015,Metal Loss_46263.7,True,46263.7,46263.7,145,7.983333333333333
12850.0,,0.344,-0.79,39.35,46265.36,Cluster,External,29.0,0.1,,,0.72,6.89,6:27,Recoat,,0.7,150.87,,,,1160.0,65000.0,,1342.0,1467.94,2038.2,1539.18,2137.11,1540.97,2139.59,0.75,1.84,2015,Cluster_46265.4,True,46265.36,46265.36,145,6.45
12850.0,,0.344,-0.79,39.35,46265.36,Cluster,External,32.0,0.11,,,0.67,4.17,8:59,Recoat,,0.7,150.87,,,,1160.0,65000.0,,1342.0,1467.83,2038.05,1538.97,2136.82,1540.34,2138.72,0.75,1.84,2015,Cluster_46265.4,True,46265.36,46265.36,145,8.983333333333333
12850.0,,0.344,-0.8,39.34,46265.37,Metal Loss,External,13.0,0.045,,,0.83,1.97,2:32,Recoat,,0.7,150.87,,MFL-A/XT,,1160.0,65000.0,,1342.0,1471.78,2043.53,,,,,,,2015,Metal Loss_46265.4,True,46265.37,46265.37,145,2.533333333333333
12850.0,,0.344,-0.8,39.34,46265.37,Metal Loss,External,37.0,0.127,,,0.51,1.3,8:01,Recoat,,0.7,150.87,,MFL-A/XT,,1160.0,65000.0,,1342.0,1470.38,2041.59,1541.79,2140.73,1542.69,2141.98,0.75,1.85,2015,Metal Loss_46265.4,True,46265.37,46265.37,145,8.016666666666667
12850.0,,0.344,-0.81,39.33,46265.38,Metal Loss,External,26.0,0.089,,,0.55,1.93,3:42,Recoat,,0.7,150.87,,MFL-A/XT,,1160.0,65000.0,,1342.0,1471.74,2043.48,1543.53,2143.16,1544.0,2143.8,0.75,1.85,2015,Metal Loss_46265.4,True,46265.38,46265.38,145,3.7
12850.0,,0.344,-0.82,39.33,46265.38,Metal Loss,External,10.0,0.034,,,0.83,1.42,3:08,Recoat,,0.7,150.87,,MFL-A/XT,,1160.0,65000.0,,1342.0,,,,,,,,,2015,Metal Loss_46265.4,True,46265.38,46265.38,145,3.1333333333333333
12850.0,,0.344,-0.82,39.32,46265.39,Metal Loss,External,18.0,0.062,,,1.14,3.03,4:29,Recoat,,0.7,150.87,,MFL-A/XT,,1160.0,65000.0,,1342.0,1464.7,2033.7,,,,,,,2015,Metal Loss_46265.4,True,46265.39,46265.39,145,4.483333333333333
12850.0,,0.344,-0.85,39.29,46265.42,Metal Loss,External,17.0,0.058,,,0.51,0.91,10:01,Recoat,,0.7,150.86,,MFL-A/XT,,1160.0,65000.0,,1342.0,1473.82,2046.36,,,,,,,2015,Metal Loss_46265.4,True,46265.42,46265.42,145,10.016666666666667
12850.0,,0.344,-8.11,32.03,46272.68,Metal Loss,External,32.0,0.11,,,1.69,2.28,7:15,,,0.7,150.56,,MFL-A/XT,,1160.0,65000.0,,1342.0,1431.47,1987.56,1496.19,2077.43,1502.19,2085.76,0.78,1.79,2015,Metal Loss_46272.7,True,46272.68,46272.68,145,7.25
12850.0,,0.344,-8.18,31.96,46272.75,Metal Loss,External,21.0,0.072,,,1.06,1.65,7:58,,,0.7,150.56,,MFL-A/XT,,1160.0,65000.0,,1342.0,1464.03,2032.77,1534.94,2131.23,1535.77,2132.38,0.76,1.84,2015,Metal Loss_46272.8,True,46272.75,46272.75,145,7.966666666666667
12850.0,,0.344,-8.24,31.9,46272.81,Metal Loss,External,12.0,0.041,,,0.67,3.19,8:34,,,0.7,150.56,,MFL-A/XT,,1160.0,65000.0,,1342.0,,,,,,,,,2015,Metal Loss_46272.8,True,46272.81,46272.81,145,8.566666666666666
12850.0,,0.344,-8.63,31.51,46273.2,Metal Loss,External,15.0,0.052,,,1.14,1.42,6:49,,,0.7,150.54,,MFL-A/XT,,1160.0,65000.0,,1342.0,1466.82,2036.64,,,,,,,2015,Metal Loss_46273.2,True,46273.2,46273.2,145,6.816666666666666
12850.0,,0.344,-9.19,30.95,46273.76,Metal Loss,External,11.0,0.038,,,0.94,1.5,7:06,,,0.7,150.51,,MFL-A/XT,,1160.0,65000.0,,1342.0,,,,,,,,,2015,Metal Loss_46273.8,True,46273.76,46273.76,145,7.1
12850.0,,0.344,-9.63,30.51,46274.2,Metal Loss,External,20.0,0.069,,,0.75,1.22,6:53,,,0.7,150.49,,MFL-A/XT,,1160.0,65000.0,,1342.0,1470.37,2041.57,1542.08,2141.13,1542.41,2141.6,0.75,1.85,2015,Metal Loss_46274.2,True,46274.2,46274.2,145,6.883333333333333
12850.0,,0.344,-10.22,29.92,46274.79,Metal Loss,External,20.0,0.069,,,1.53,1.53,7:24,,,0.7,150.46,,MFL-A/XT,,1160.0,65000.0,,1342.0,1454.31,2019.28,1523.84,2115.82,1525.12,2117.59,0.76,1.82,2015,Metal Loss_46274.8,True,46274.79,46274.79,145,7.4
12850.0,,0.344,-20.01,20.13,46284.58,Metal Loss,External,12.0,0.041,,,0.47,0.79,6:07,,,0.7,149.92,,MFL-A/XT,,1160.0,65000.0,,1342.0,,,,,,,,,2015,Metal Loss_46284.6,True,46284.58,46284.58,145,6.116666666666666
12850.0,,0.344,-20.1,20.04,46284.67,Metal Loss,External,22.0,0.076,,,0.71,1.65,6:03,,,0.7,149.91,,MFL-A/XT,,1160.0,65000.0,,1342.0,1470.28,2041.44,1541.95,2140.96,1542.4,2141.58,0.75,1.85,2015,Metal Loss_46284.7,True,46284.67,46284.67,145,6.05
12850.0,,0.344,-20.84,19.3,46285.4,Cluster,External,25.0,0.086,,,0.79,4.21,7:19,,,0.7,149.87,,,,1160.0,65000.0,,1342.0,1467.76,2037.95,1539.07,2136.96,1540.16,2138.48,0.75,1.84,2015,Cluster_46285.4,True,46285.4,46285.4,145,7.316666666666666
12850.0,,0.344,-21.13,19.01,46285.7,Metal Loss,External,18.0,0.062,,,0.55,1.02,6:52,,,0.7,149.86,,MFL-A/XT,,1160.0,65000.0,,1342.0,1473.3,2045.64,,,,,,,2015,Metal Loss_46285.7,True,46285.7,46285.7,145,6.866666666666667
12850.0,,0.344,-21.55,18.59,46286.12,Metal Loss,External,13.0,0.045,,,1.73,2.17,5:33,,,0.7,149.84,,MFL-A/XT,,1160.0,65000.0,,1342.0,1459.67,2026.72,,,,,,,2015,Metal Loss_46286.1,True,46286.12,46286.12,145,5.55
12850.0,,0.344,-21.64,18.5,46286.21,Metal Loss,External,15.0,0.052,,,0.67,1.18,9:03,,,0.7,149.83,,MFL-A/XT,,1160.0,65000.0,,1342.0,1472.85,2045.02,,,,,,,2015,Metal Loss_46286.2,True,46286.21,46286.21,145,9.05
12850.0,,0.344,-22.19,17.95,46286.75,Metal Loss,External,13.0,0.045,,,0.43,0.67,9:16,,,0.7,149.8,,MFL-A/XT,,1160.0,65000.0,,1342.0,1474.95,2047.93,,,,,,,2015,Metal Loss_46286.8,True,46286.75,46286.75,145,9.266666666666667
12850.0,,0.344,-22.27,17.87,46286.84,Metal Loss,External,21.0,0.072,,,0.51,1.22,9:07,,,0.7,149.8,,MFL-A/XT,,1160.0,65000.0,,1342.0,1473.16,2045.45,1545.17,2145.43,1545.37,2145.71,0.75,1.85,2015,Metal Loss_46286.8,True,46286.84,46286.84,145,9.116666666666667
12850.0,,0.344,-22.61,17.53,46287.18,Metal Loss,External,10.0,0.034,,,0.75,1.46,6:23,,,0.7,149.78,,MFL-A/XT,,1160.0,65000.0,,1342.0,,,,,,,,,2015,Metal Loss_46287.2,True,46287.18,46287.18,145,6.383333333333334
12850.0,,0.344,-23.92,16.22,46288.49,Metal Loss,External,32.0,0.11,,,1.14,1.53,5:53,,,0.7,149.72,,MFL-A/XT,,1160.0,65000.0,,1342.0,1453.07,2017.55,1521.86,2113.07,1524.96,2117.38,0.76,1.82,2015,Metal Loss_46288.5,True,46288.49,46288.49,145,5.883333333333333
12850.0,,0.344,-29.32,10.82,46293.89,Metal Loss,External,11.0,0.038,,,0.83,1.53,6:13,,,0.7,149.49,,MFL-A/XT,,1160.0,65000.0,,1342.0,,,,,,,,,2015,Metal Loss_46293.9,True,46293.89,46293.89,145,6.216666666666667
12850.0,,0.344,-29.78,10.36,46294.35,Metal Loss,External,14.0,0.048,,,1.18,1.77,6:12,,,0.7,149.48,,MFL-A/XT,,1160.0,65000.0,,1342.0,1467.0,2036.89,,,,,,,2015,Metal Loss_46294.3,True,46294.35,46294.35,145,6.2
12850.0,,0.344,-31.3,8.84,46295.87,Metal Loss,External,10.0,0.034,,,1.18,1.69,5:46,,,0.7,149.42,,MFL-A/XT,,1160.0,65000.0,,1342.0,,,,,,,,,2015,Metal Loss_46295.9,True,46295.87,46295.87,145,5.766666666666667
12860.0,,0.344,-37.85,2.24,46342.56,Metal Loss,External,18.0,0.062,,,0.83,1.34,8:15,,,0.7,147.35,,MFL-A/XT,,1160.0,65000.0,,1342.0,1469.86,2040.86,,,,,,,2015,Metal Loss_46342.6,True,46342.56,46342.56,146,8.25
12860.0,,0.344,-38.0,2.09,46342.71,Metal Loss,External,12.0,0.041,,,0.59,0.98,08:00,,,0.7,147.34,,MFL-A/XT,,1160.0,65000.0,,1342.0,,,,,,,,,2015,Metal Loss_46342.7,True,46342.71,46342.71,146,8.0
12860.0,,0.344,-38.3,1.79,46343.01,Metal Loss,External,21.0,0.072,,,0.94,1.26,8:23,,,0.7,147.33,,MFL-A/XT,,1160.0,65000.0,,1342.0,1466.44,2036.11,1537.66,2135.01,1538.32,2135.93,0.75,1.84,2015,Metal Loss_46343.0,True,46343.01,46343.01,146,8.383333333333333
12860.0,,0.344,-38.86,1.23,46343.57,Metal Loss,External,14.0,0.048,,,1.14,1.61,8:37,,,0.7,147.3,,MFL-A/XT,,1160.0,65000.0,,1342.0,1467.33,2037.36,,,,,,,2015,Metal Loss_46343.6,True,46343.57,46343.57,146,8.616666666666667
12860.0,,0.344,-39.2,0.89,46343.91,Metal Loss,External,10.0,0.034,,,0.83,2.32,8:11,,,0.7,147.28,,MFL-A/XT,,1160.0,65000.0,,1342.0,,,,,,,,,2015,Metal Loss_46343.9,True,46343.91,46343.91,146,8.183333333333334
12870.0,,0.344,-0.78,39.14,46345.58,Metal Loss,External,11.0,0.038,,,0.79,1.53,3:41,,,0.7,147.2,,MFL-A/XT,,1160.0,65000.0,,1342.0,,,,,,,,,2015,Metal Loss_46345.6,True,46345.58,46345.58,146,3.6833333333333336
12870.0,,0.344,-0.79,39.13,46345.6,Metal Loss,External,16.0,0.055,,,0.55,2.44,3:02,,,0.7,147.2,,MFL-A/XT,,1160.0,65000.0,,1342.0,1473.66,2046.14,,,,,,,2015,Metal Loss_46345.6,True,46345.6,46345.6,146,3.033333333333333
12870.0,,0.344,-0.8,39.13,46345.6,Metal Loss,External,43.0,0.148,,,0.55,0.91,9:20,,,0.7,147.2,,MFL-A/XT,,1160.0,65000.0,,1342.0,1467.68,2037.84,1538.43,2136.07,1539.95,2138.18,0.75,1.84,2015,Metal Loss_46345.6,True,46345.6,46345.6,146,9.333333333333334
12870.0,,0.344,-0.8,39.12,46345.6,Metal Loss,External,31.0,0.107,,,0.63,2.52,7:09,,,0.7,147.2,,MFL-A/XT,,1160.0,65000.0,,1342.0,1469.18,2039.92,1540.54,2139.0,1541.45,2140.26,0.75,1.84,2015,Metal Loss_46345.6,True,46345.6,46345.6,146,7.15
12880.0,,0.344,-30.71,9.44,46415.43,Metal Loss,External,18.0,0.062,,,0.67,1.02,3:44,,,0.7,144.78,,MFL-A/XT,,1160.0,65000.0,,1342.0,1471.95,2043.76,,,,,,,2015,Metal Loss_46415.4,True,46415.43,46415.43,147,3.7333333333333334
12880.0,,0.344,-31.11,9.04,46415.83,Metal Loss,External,11.0,0.038,,,1.89,1.65,3:55,,,0.7,144.78,,MFL-A/XT,,1160.0,65000.0,,1342.0,,,,,,,,,2015,Metal Loss_46415.8,True,46415.83,46415.83,147,3.9166666666666665
12880.0,,0.344,-39.14,1.01,46423.86,Cluster,External,16.0,0.055,,,1.58,4.06,5:06,,,0.7,144.68,,,,1160.0,65000.0,,1342.0,1458.42,2024.98,,,,,,,2015,Cluster_46423.9,True,46423.86,46423.86,147,5.1
12880.0,,0.344,-39.19,0.96,46423.92,Metal Loss,External,18.0,0.062,,,1.53,1.38,2:41,,,0.7,144.68,,MFL-A/XT,,1160.0,65000.0,,1342.0,1456.77,2022.69,,,,,,,2015,Metal Loss_46423.9,True,46423.92,46423.92,147,2.6833333333333336
12880.0,,0.344,-39.19,0.96,46423.92,Metal Loss,External,13.0,0.045,,,0.94,0.98,4:45,,,0.7,144.68,,MFL-A/XT,,1160.0,65000.0,,1342.0,1470.63,2041.93,,,,,,,2015,Metal Loss_46423.9,True,46423.92,46423.92,147,4.75
12880.0,,0.344,-39.25,0.9,46423.98,Metal Loss,External,38.0,0.131,,,0.75,2.76,12:22,,,0.7,144.67,,MFL-A/XT,,1160.0,65000.0,,1342.0,1463.4,2031.89,1533.6,2129.36,1535.63,2132.18,0.76,1.84,2015,Metal Loss_46424.0,True,46423.98,46423.98,147,12.366666666666667
12880.0,,0.344,-39.25,0.9,46423.98,Metal Loss,External,20.0,0.069,,,0.75,3.23,8:09,,,0.7,144.67,,MFL-A/XT,,1160.0,65000.0,,1342.0,1470.37,2041.57,1542.08,2141.13,1542.41,2141.6,0.75,1.85,2015,Metal Loss_46424.0,True,46423.98,46423.98,147,8.15
12880.0,,0.344,-39.3,0.85,46424.03,Metal Loss,External,11.0,0.038,,,0.55,3.74,6:54,,,0.7,144.67,,MFL-A/XT,,1160.0,65000.0,,1342.0,,,,,,,,,2015,Metal Loss_46424.0,True,46424.03,46424.03,147,6.9
12880.0,,0.344,-39.33,0.82,46424.06,Metal Loss,External,12.0,0.041,,,0.43,1.26,5:03,,,0.7,144.67,,MFL-A/XT,,1160.0,65000.0,,1342.0,,,,,,,,,2015,Metal Loss_46424.1,True,46424.06,46424.06,147,5.05
12880.0,,0.344,-39.33,0.82,46424.06,Metal Loss,External,52.0,0.179,,,0.71,1.42,3:37,,,0.7,144.67,,MFL-A/XT,,1160.0,65000.0,,1342.0,1457.48,2023.67,1525.4,2117.98,1529.43,2123.57,0.76,1.83,2015,Metal Loss_46424.1,True,46424.06,46424.06,147,3.6166666666666667
12880.0,,0.344,-39.55,0.6,46424.28,Metal Loss,External,11.0,0.038,,,0.79,4.53,3:51,,,0.7,144.67,,MFL-A/XT,,1160.0,65000.0,,1342.0,,,,,,,,,2015,Metal Loss_46424.3,True,46424.28,46424.28,147,3.85
12890.0,,0.344,-24.4,15.76,46449.27,Metal Loss,External,13.0,0.045,,,1.1,1.81,4:14,,,0.7,144.54,,MFL-A/XT,,1160.0,65000.0,,1342.0,1468.63,2039.16,,,,,,,2015,Metal Loss_46449.3,True,46449.27,46449.27,148,4.233333333333333
12890.0,,0.344,-24.66,15.49,46449.54,Metal Loss,External,11.0,0.038,,,0.63,1.22,4:11,,,0.7,144.55,,MFL-A/XT,,1160.0,65000.0,,1342.0,,,,,,,,,2015,Metal Loss_46449.5,True,46449.54,46449.54,148,4.183333333333334
12890.0,,0.344,-25.0,15.15,46449.88,Metal Loss,External,21.0,0.072,,,0.59,1.18,4:08,,,0.7,144.56,,MFL-A/XT,,1160.0,65000.0,,1342.0,1472.28,2044.23,1544.19,2144.07,1544.46,2144.44,0.75,1.85,2015,Metal Loss_46449.9,True,46449.88,46449.88,148,4.133333333333334
12890.0,,0.344,-26.62,13.53,46451.5,Metal Loss,External,18.0,0.062,,,0.71,1.14,7:30,,,0.7,144.59,,MFL-A/XT,,1160.0,65000.0,,1342.0,1471.5,2043.14,,,,,,,2015,Metal Loss_46451.5,True,46451.5,46451.5,148,7.5
12900.0,,0.344,-39.2,0.87,46504.23,Metal Loss,External,29.0,0.1,,,0.71,4.61,7:14,,,0.7,146.05,,MFL-A/XT,,1160.0,65000.0,,1342.0,1467.95,2038.22,1539.19,2137.13,1540.18,2138.5,0.75,1.84,2015,Metal Loss_46504.2,True,46504.23,46504.23,149,7.233333333333333
12910.0,,0.344,-0.83,20.73,46505.92,Metal Loss,External,14.0,0.048,,,0.59,1.26,4:57,,,0.7,146.11,,MFL-A/XT,,1160.0,65000.0,,1342.0,1473.72,2046.22,,,,,,,2015,Metal Loss_46505.9,True,46505.92,46505.92,149,4.95
12910.0,,0.344,-6.04,15.51,46511.14,Metal Loss,External,14.0,0.048,,,0.35,0.71,7:11,,,0.7,146.29,,MFL-A/XT,,1160.0,65000.0,,1342.0,1475.26,2048.36,,,,,,,2015,Metal Loss_46511.1,True,46511.14,46511.14,149,7.183333333333334
12970.0,,0.344,-23.39,9.68,46721.34,Metal Loss,External,16.0,0.055,,,1.61,2.99,5:25,,,0.7,137.27,,MFL-A/XT,,1160.0,65000.0,,1342.0,1457.79,2024.1,,,,,,,2015,Metal Loss_46721.3,True,46721.34,46721.34,-1,5.416666666666667
12980.0,,0.344,-4.89,35.27,46735.91,Metal Loss,External,13.0,0.045,,,1.22,1.58,1:26,,,0.7,133.95,,MFL-A/XT,,1160.0,65000.0,,1342.0,1467.08,2037.0,,,,,,,2015,Metal Loss_46735.9,True,46735.91,46735.91,150,1.4333333333333333
12980.0,,0.344,-7.91,32.24,46738.94,Metal Loss,External,31.0,0.107,,,1.38,1.02,4:49,,,0.7,133.31,,MFL-A/XT,,1160.0,65000.0,,1342.0,1445.62,2007.21,1513.17,2101.0,1517.14,2106.51,0.77,1.81,2015,Metal Loss_46738.9,True,46738.94,46738.94,150,4.816666666666666
13000.0,,0.344,-15.23,25.37,46796.38,Metal Loss,External,11.0,0.038,,,1.89,0.75,12:46,,,0.7,133.62,,MFL-A/XT,,1160.0,65000.0,,1342.0,,,,,,,,,2015,Metal Loss_46796.4,True,46796.38,46796.38,151,12.766666666666667
13000.0,,0.344,-15.28,25.32,46796.43,Metal Loss,External,12.0,0.041,,,1.89,0.59,12:34,,,0.7,133.64,,MFL-A/XT,,1160.0,65000.0,,1342.0,,,,,,,,,2015,Metal Loss_46796.4,True,46796.43,46796.43,151,12.566666666666666
13000.0,,0.344,-17.54,23.06,46798.69,Metal Loss,External,13.0,0.045,,,1.06,1.97,1:08,,,0.7,134.51,,MFL-A/XT,,1160.0,65000.0,,1342.0,1469.08,2039.78,,,,,,,2015,Metal Loss_46798.7,True,46798.69,46798.69,151,1.1333333333333333
13000.0,,0.344,-19.11,21.49,46800.26,Metal Loss,External,12.0,0.041,,,2.05,1.89,11:16,,,0.7,135.13,,MFL-A/XT,,1160.0,65000.0,,1342.0,,,,,,,,,2015,Metal Loss_46800.3,True,46800.26,46800.26,151,11.266666666666667
13000.0,,0.344,-25.32,15.28,46806.47,Metal Loss,External,10.0,0.034,,,0.55,1.58,8:18,,,0.7,137.49,,MFL-A/XT,,1160.0,65000.0,,1342.0,,,,,,,,,2015,Metal Loss_46806.5,True,46806.47,46806.47,151,8.3
13000.0,,0.344,-25.59,15.01,46806.74,Metal Loss,External,18.0,0.062,,,0.55,1.26,12:14,,,0.7,137.59,,MFL-A/XT,,1160.0,65000.0,,1342.0,1473.3,2045.64,,,,,,,2015,Metal Loss_46806.7,True,46806.74,46806.74,151,12.233333333333333
13000.0,,0.344,-25.61,14.99,46806.76,Metal Loss,External,30.0,0.103,,,0.71,1.18,11:30,,,0.7,137.59,,MFL-A/XT,,1160.0,65000.0,,1342.0,1467.6,2037.73,1538.76,2136.53,1539.84,2138.03,0.75,1.84,2015,Metal Loss_46806.8,True,46806.76,46806.76,151,11.5
13000.0,,0.344,-26.23,14.38,46807.38,Metal Loss,External,17.0,0.058,,,0.71,1.26,10:44,,,0.7,137.81,,MFL-A/XT,,1160.0,65000.0,,1342.0,1471.79,2043.55,,,,,,,2015,Metal Loss_46807.4,True,46807.38,46807.38,151,10.733333333333333
13000.0,,0.344,-26.44,14.16,46807.59,Metal Loss,External,12.0,0.041,,,0.39,0.98,8:27,,,0.7,137.89,,MFL-A/XT,,1160.0,65000.0,,1342.0,,,,,,,,,2015,Metal Loss_46807.6,True,46807.59,46807.59,151,8.45
13000.0,,0.344,-26.56,14.05,46807.71,Metal Loss,External,17.0,0.058,,,0.47,1.26,8:25,,,0.7,137.93,,MFL-A/XT,,1160.0,65000.0,,1342.0,1474.23,2046.93,,,,,,,2015,Metal Loss_46807.7,True,46807.71,46807.71,151,8.416666666666666
13010.0,,0.344,-16.04,0.21,46837.79,Metal Loss,External,18.0,0.062,,,1.81,0.67,9:33,near girth weld,,0.7,146.67,,MFL-A/XT,,1160.0,65000.0,,1342.0,1450.68,2014.23,,,,,,,2015,Metal Loss_46837.8,True,46837.79,46837.79,152,9.55
13010.0,,0.344,-16.06,0.19,46837.81,Metal Loss,External,16.0,0.055,,,2.01,3.66,8:25,near girth weld,,0.7,146.68,,MFL-A/XT,,1160.0,65000.0,,1342.0,1449.96,2013.24,,,,,,,2015,Metal Loss_46837.8,True,46837.81,46837.81,152,8.416666666666666
13020.0,,0.344,-0.68,39.32,46838.68,Metal Loss,External,15.0,0.052,,,2.21,1.02,4:10,,,0.7,146.92,,MFL-A/XT,,1160.0,65000.0,,1342.0,1447.9,2010.38,,,,,,,2015,Metal Loss_46838.7,True,46838.68,46838.68,152,4.166666666666667
13020.0,,0.344,-0.97,39.03,46838.97,Cluster,External,24.0,0.083,,,0.86,3.69,6:46,,,0.7,147.0,,,,1160.0,65000.0,,1342.0,1466.57,2036.29,1537.74,2135.12,1538.3,2135.89,0.75,1.84,2015,Cluster_46839.0,True,46838.97,46838.97,152,6.766666666666667
13040.0,,0.344,-26.26,13.78,46944.38,Metal Loss,External,16.0,0.055,,,1.93,2.21,11:39,,,0.7,164.04,,MFL-A/XT,,1160.0,65000.0,,1342.0,1451.41,2015.25,,,,,,,2015,Metal Loss_46944.4,True,46944.38,46944.38,-1,11.65
13100.0,,0.344,-34.39,5.71,47192.06,Dent,,,,1.0,0.24,2.66,15.36,5:59,Possible wrinkle; Sleeved,,0.7,144.8,,MFL-A/XT,,1160.0,65000.0,,1342.0,,,,,,,,,2015,Dent_47192.1,True,47192.06,47192.06,-1,5.983333333333333
13110.0,,0.344,-5.77,28.19,47203.53,Metal Loss,External,12.0,0.041,,,0.91,1.97,7:10,,,0.7,140.51,,MFL-A/XT,,1160.0,65000.0,,1342.0,,,,,,,,,2015,Metal Loss_47203.5,True,47203.53,47203.53,153,7.166666666666667
13110.0,,0.344,-8.7,25.25,47206.47,Metal Loss,External,13.0,0.045,,,1.06,1.46,2:10,,,0.7,139.46,,MFL-A/XT,,1160.0,65000.0,,1342.0,1469.23,2039.99,,,,,,,2015,Metal Loss_47206.5,True,47206.47,47206.47,153,2.1666666666666665
13110.0,,0.344,-8.81,25.15,47206.57,Metal Loss,External,12.0,0.041,,,1.26,1.73,9:38,,,0.7,139.42,,MFL-A/XT,,1160.0,65000.0,,1342.0,,,,,,,,,2015,Metal Loss_47206.6,True,47206.57,47206.57,153,9.633333333333333
13110.0,,0.344,-9.15,24.8,47206.92,Metal Loss,External,12.0,0.041,,,0.83,1.22,9:24,,,0.7,139.3,,MFL-A/XT,,1160.0,65000.0,,1342.0,,,,,,,,,2015,Metal Loss_47206.9,True,47206.92,47206.92,153,9.4
13110.0,,0.344,-9.43,24.53,47207.19,Metal Loss,External,14.0,0.048,,,0.63,1.1,2:15,,,0.7,139.21,,MFL-A/XT,,1160.0,65000.0,,1342.0,1473.31,2045.66,,,,,,,2015,Metal Loss_47207.2,True,47207.19,47207.19,153,2.25
13140.0,,0.344,-29.75,10.74,47272.56,Metal Loss,External,18.0,0.062,,,1.46,1.61,7:34,,,1.0,140.79,,MFL-A/XT,,1160.0,65000.0,,1342.0,1458.55,2025.16,,,,,,,2015,Metal Loss_47272.6,True,47272.56,47272.56,-1,7.566666666666666
13170.0,,0.344,-0.6,11.13,47319.31,Metal Loss,External,11.0,0.038,,,1.22,1.61,5:37,,,0.7,156.02,,MFL-A/XT,,1160.0,65000.0,,1342.0,,,,,,,,,2015,Metal Loss_47319.3,True,47319.31,47319.31,154,5.616666666666667
13170.0,,0.344,-10.67,1.06,47329.39,Metal Loss,External,17.0,0.058,,,0.87,1.46,5:18,,,0.7,159.4,,MFL-A/XT,,1160.0,65000.0,,1342.0,1469.75,2040.72,,,,,,,2015,Metal Loss_47329.4,True,47329.39,47329.39,154,5.3
13170.0,,0.344,-10.86,0.87,47329.58,Metal Loss,External,20.0,0.069,,,0.79,5.87,5:40,,,0.7,159.46,,MFL-A/XT,,1160.0,65000.0,,1342.0,1469.63,2040.54,1541.25,2139.99,1541.63,2140.52,0.75,1.84,2015,Metal Loss_47329.6,True,47329.58,47329.58,154,5.666666666666667
13170.0,,0.344,-10.87,0.86,47329.58,Metal Loss,External,17.0,0.058,,,1.61,1.81,7:26,,,0.7,159.46,,MFL-A/XT,,1160.0,65000.0,,1342.0,1456.26,2021.98,,,,,,,2015,Metal Loss_47329.6,True,47329.58,47329.58,154,7.433333333333334
13170.0,,0.344,-10.88,0.85,47329.59,Metal Loss,External,10.0,0.034,,,0.51,1.06,4:26,,,0.7,159.46,,MFL-A/XT,,1160.0,65000.0,,1342.0,,,,,,,,,2015,Metal Loss_47329.6,True,47329.59,47329.59,154,4.433333333333334
13180.0,,0.344,-0.4,9.56,47330.84,Metal Loss,External,10.0,0.034,,,0.51,0.98,7:28,,,0.7,159.88,,MFL-A/XT,,1160.0,65000.0,,1342.0,,,,,,,,,2015,Metal Loss_47330.8,True,47330.84,47330.84,154,7.466666666666667
13190.0,,0.344,-0.63,20.41,47341.04,Metal Loss,External,12.0,0.041,,,0.59,1.1,12:50,Recoat,,0.7,163.24,,MFL-A/XT,,1160.0,65000.0,,1342.0,,,,,,,,,2015,Metal Loss_47341.0,True,47341.04,47341.04,155,12.833333333333334
13190.0,,0.344,-0.79,20.26,47341.19,Metal Loss,External,23.0,0.079,,,0.59,1.65,1:49,Recoat,,0.7,163.29,,MFL-A/XT,,1160.0,65000.0,,1342.0,1471.67,2043.38,1543.49,2143.09,1543.87,2143.62,0.75,1.85,2015,Metal Loss_47341.2,True,47341.19,47341.19,155,1.8166666666666667
13190.0,,0.344,-0.8,20.25,47341.2,Metal Loss,External,17.0,0.058,,,0.59,6.97,4:58,Recoat,,0.7,163.29,,MFL-A/XT,,1160.0,65000.0,,1342.0,1473.0,2045.22,,,,,,,2015,Metal Loss_47341.2,True,47341.2,47341.2,155,4.966666666666667
13190.0,,0.344,-0.83,20.22,47341.23,Metal Loss,External,62.0,0.213,,,0.98,1.85,3:44,Recoat,,0.7,163.3,,MFL-A/XT,,1160.0,65000.0,,1342.0,1431.96,1988.24,1490.62,2069.68,1502.25,2085.84,0.78,1.78,2015,Metal Loss_47341.2,True,47341.23,47341.23,155,3.7333333333333334
13200.0,,0.344,-12.02,28.09,47373.47,Metal Loss,External,14.0,0.048,,,0.43,1.02,12:11,,,0.7,172.9,,MFL-A/XT,,1160.0,65000.0,,1342.0,1474.85,2047.79,,,,,,,2015,Metal Loss_47373.5,True,47373.47,47373.47,156,12.183333333333334
13200.0,,0.344,-12.1,28.0,47373.55,Metal Loss,External,34.0,0.117,,,1.46,1.26,12:20,,,0.7,172.92,,MFL-A/XT,,1160.0,65000.0,,1342.0,1438.77,1997.7,1504.76,2089.33,1510.1,2096.73,0.77,1.8,2015,Metal Loss_47373.6,True,47373.55,47373.55,156,12.333333333333334
13200.0,,0.344,-12.52,27.59,47373.97,Metal Loss,External,43.0,0.148,,,0.94,1.85,12:04,,,0.7,173.04,,MFL-A/XT,,1160.0,65000.0,,1342.0,1452.89,2017.3,1520.74,2111.52,1524.89,2117.27,0.76,1.82,2015,Metal Loss_47374.0,True,47373.97,47373.97,156,12.066666666666666
13200.0,,0.344,-12.74,27.36,47374.19,Cluster,External,53.0,0.182,,,1.57,2.7,12:09,,,0.7,173.09,,,,1160.0,65000.0,,1342.0,1398.21,1941.38,1450.3,2013.7,1462.46,2030.59,0.8,1.74,2015,Cluster_47374.2,True,47374.19,47374.19,156,12.15
13200.0,,0.344,-38.92,1.19,47400.36,Cluster,External,41.0,0.141,,,3.26,4.21,5:09,,,0.7,178.84,,,,1160.0,65000.0,,1342.0,1326.98,1842.48,1362.09,1891.22,1442.57,2002.98,0.85,1.63,2015,Cluster_47400.4,True,47400.36,47400.36,157,5.15
13200.0,,0.344,-38.99,1.12,47400.44,Metal Loss,External,15.0,0.052,,,0.83,2.56,4:21,,,0.7,178.85,,MFL-A/XT,,1160.0,65000.0,,1342.0,1471.17,2042.68,,,,,,,2015,Metal Loss_47400.4,True,47400.44,47400.44,157,4.35
13200.0,,0.344,-39.02,1.09,47400.46,Metal Loss,External,12.0,0.041,,,0.32,0.59,5:21,,,0.7,178.85,,MFL-A/XT,,1160.0,65000.0,,1342.0,,,,,,,,,2015,Metal Loss_47400.5,True,47400.46,47400.46,157,5.35
13200.0,,0.344,-39.04,1.06,47400.49,Metal Loss,External,21.0,0.072,,,1.46,1.61,6:10,,,0.7,178.86,,MFL-A/XT,,1160.0,65000.0,,1342.0,1455.17,2020.47,1524.82,2117.17,1526.25,2119.16,0.76,1.83,2015,Metal Loss_47400.5,True,47400.49,47400.49,157,6.166666666666667
13200.0,,0.344,-39.07,1.04,47400.52,Metal Loss,External,17.0,0.058,,,1.89,2.01,2:49,,,0.7,178.86,,MFL-A/XT,,1160.0,65000.0,,1342.0,1450.47,2013.94,,,,,,,2015,Metal Loss_47400.5,True,47400.52,47400.52,157,2.8166666666666664
13200.0,,0.344,-39.14,0.96,47400.59,Metal Loss,External,18.0,0.062,,,0.47,1.26,4:34,,,0.7,178.87,,MFL-A/XT,,1160.0,65000.0,,1342.0,1474.1,2046.75,,,,,,,2015,Metal Loss_47400.6,True,47400.59,47400.59,157,4.566666666666666
13200.0,,0.344,-39.21,0.9,47400.66,Metal Loss,External,28.0,0.096,,,0.75,1.22,1:56,,,0.7,178.89,,MFL-A/XT,,1160.0,65000.0,,1342.0,1467.25,2037.23,1538.41,2136.04,1539.44,2137.48,0.75,1.84,2015,Metal Loss_47400.7,True,47400.66,47400.66,157,1.9333333333333333
13200.0,,0.344,-39.22,0.88,47400.67,Metal Loss,External,12.0,0.041,,,0.67,2.6,9:34,,,0.7,178.89,,MFL-A/XT,,1160.0,65000.0,,1342.0,,,,,,,,,2015,Metal Loss_47400.7,True,47400.67,47400.67,157,9.566666666666666
13200.0,,0.344,-39.25,0.86,47400.7,Metal Loss,External,12.0,0.041,,,0.94,1.14,7:12,,,0.7,178.89,,MFL-A/XT,,1160.0,65000.0,,1342.0,,,,,,,,,2015,Metal Loss_47400.7,True,47400.7,47400.7,157,7.2
13200.0,,0.344,-39.25,0.85,47400.7,Metal Loss,External,16.0,0.055,,,0.51,2.84,6:14,,,0.7,178.89,,MFL-A/XT,,1160.0,65000.0,,1342.0,1474.07,2046.71,,,,,,,2015,Metal Loss_47400.7,True,47400.7,47400.7,157,6.233333333333333
13200.0,,0.344,-39.26,0.85,47400.71,Metal Loss,External,10.0,0.034,,,0.51,1.85,3:47,,,0.7,178.89,,MFL-A/XT,,1160.0,65000.0,,1342.0,,,,,,,,,2015,Metal Loss_47400.7,True,47400.71,47400.71,157,3.783333333333333
13200.0,,0.344,-39.26,0.84,47400.71,Metal Loss,External,11.0,0.038,,,0.39,1.53,5:36,,,0.7,178.9,,MFL-A/XT,,1160.0,65000.0,,1342.0,,,,,,,,,2015,Metal Loss_47400.7,True,47400.71,47400.71,157,5.6
13200.0,,0.344,-39.27,0.84,47400.71,Metal Loss,External,14.0,0.048,,,0.32,0.59,5:54,,,0.7,178.9,,MFL-A/XT,,1160.0,65000.0,,1342.0,1475.43,2048.6,,,,,,,2015,Metal Loss_47400.7,True,47400.71,47400.71,157,5.9
13210.0,,0.344,-0.79,39.24,47402.35,Metal Loss,External,12.0,0.041,,,1.81,2.48,4:24,,,0.7,179.16,,MFL-A/XT,,1160.0,65000.0,,1342.0,,,,,,,,,2015,Metal Loss_47402.3,True,47402.35,47402.35,157,4.4
13210.0,,0.344,-0.81,39.23,47402.36,Metal Loss,External,12.0,0.041,,,0.59,1.97,6:57,,,0.7,179.16,,MFL-A/XT,,1160.0,65000.0,,1342.0,,,,,,,,,2015,Metal Loss_47402.4,True,47402.36,47402.36,157,6.95
13210.0,,0.344,-0.82,39.21,47402.38,Metal Loss,External,23.0,0.079,,,0.91,2.01,3:05,,,0.7,179.17,,MFL-A/XT,,1160.0,65000.0,,1342.0,1466.11,2035.65,1537.25,2134.43,1538.1,2135.61,0.75,1.84,2015,Metal Loss_47402.4,True,47402.38,47402.38,157,3.0833333333333335
13210.0,,0.344,-0.83,39.2,47402.39,Metal Loss,External,15.0,0.052,,,0.87,4.45,1:53,,,0.7,179.17,,MFL-A/XT,,1160.0,65000.0,,1342.0,1470.44,2041.68,,,,,,,2015,Metal Loss_47402.4,True,47402.39,47402.39,157,1.8833333333333333
13210.0,,0.344,-0.84,39.2,47402.39,Metal Loss,External,13.0,0.045,,,0.87,3.15,3:36,,,0.7,179.17,,MFL-A/XT,,1160.0,65000.0,,1342.0,1471.41,2043.01,,,,,,,2015,Metal Loss_47402.4,True,47402.39,47402.39,157,3.6
13210.0,,0.344,-0.99,39.05,47402.54,Metal Loss,External,14.0,0.048,,,0.71,1.14,9:39,,,0.7,179.19,,MFL-A/XT,,1160.0,65000.0,,1342.0,1472.65,2044.73,,,,,,,2015,Metal Loss_47402.5,True,47402.54,47402.54,157,9.65
13210.0,,0.344,-11.35,28.68,47412.91,Metal Loss,External,52.0,0.179,,,0.32,1.34,6:13,,,0.7,180.79,,MFL-A/XT,,1160.0,65000.0,,1342.0,1472.54,2044.59,1544.02,2143.83,1544.81,2144.93,0.75,1.85,2015,Metal Loss_47412.9,True,47412.91,47412.91,158,6.216666666666667
13210.0,,0.344,-11.84,28.19,47413.4,Metal Loss,External,19.0,0.065,,,0.47,1.06,6:37,,,0.7,180.86,,MFL-A/XT,,1160.0,65000.0,,1342.0,1473.85,2046.41,,,,,,,2015,Metal Loss_47413.4,True,47413.4,47413.4,158,6.616666666666667
13220.0,,0.344,-6.98,32.94,47448.57,Metal Loss,External,11.0,0.038,,,0.32,0.59,4:34,,,1.0,183.28,,MFL-A/XT,,1160.0,65000.0,,1342.0,,,,,,,,,2015,Metal Loss_47448.6,True,47448.57,47448.57,-1,4.566666666666666
13220.0,,0.344,-39.02,0.91,47480.61,Metal Loss,External,15.0,0.052,,,0.67,3.03,4:44,,,1.0,183.15,,MFL-A/XT,,1160.0,65000.0,,1342.0,1472.73,2044.85,,,,,,,2015,Metal Loss_47480.6,True,47480.61,47480.61,159,4.733333333333333
13230.0,,0.344,-0.81,39.26,47482.33,Metal Loss,External,11.0,0.038,,,0.47,1.22,5:07,,,0.7,183.14,,MFL-A/XT,,1160.0,65000.0,,1342.0,,,,,,,,,2015,Metal Loss_47482.3,True,47482.33,47482.33,159,5.116666666666666
13260.0,,0.344,-39.0,1.08,47623.55,Cluster,External,26.0,0.089,,,1.91,4.84,6:01,,,0.7,181.69,,,,1160.0,65000.0,,1342.0,1434.66,1992.0,1500.45,2083.33,1514.57,2102.94,0.77,1.8,2015,Cluster_47623.6,True,47623.55,47623.55,160,6.016666666666667
13260.0,,0.344,-39.12,0.96,47623.67,Metal Loss,External,13.0,0.045,,,0.43,1.3,4:42,,,0.7,181.68,,MFL-A/XT,,1160.0,65000.0,,1342.0,1474.95,2047.93,,,,,,,2015,Metal Loss_47623.7,True,47623.67,47623.67,160,4.7
13260.0,,0.344,-39.12,0.96,47623.67,Metal Loss,External,19.0,0.065,,,1.34,3.46,5:06,,,0.7,181.68,,MFL-A/XT,,1160.0,65000.0,,1342.0,1459.8,2026.89,,,,,,,2015,Metal Loss_47623.7,True,47623.67,47623.67,160,5.1
13260.0,,0.344,-39.18,0.91,47623.72,Metal Loss,External,23.0,0.079,,,0.55,1.14,7:46,,,0.7,181.68,,MFL-A/XT,,1160.0,65000.0,,1342.0,1472.35,2044.32,1544.24,2144.15,1544.57,2144.59,0.75,1.85,2015,Metal Loss_47623.7,True,47623.72,47623.72,160,7.766666666666667
13260.0,,0.344,-39.18,0.9,47623.73,Metal Loss,External,18.0,0.062,,,0.59,1.42,4:04,,,0.7,181.68,,MFL-A/XT,,1160.0,65000.0,,1342.0,1472.79,2044.93,,,,,,,2015,Metal Loss_47623.7,True,47623.73,47623.73,160,4.066666666666666
13300.0,,0.344,0.0,36.17,47726.21,Dent,,,,1.2,0.288,2.89,11.17,6:05,near girth weld Sleeved,,0.7,177.41,,MFL-A/XT,,1160.0,65000.0,,1342.0,,,,,,,,,2015,Dent_47726.2,True,47726.21,47726.21,-1,6.083333333333333
13320.0,,0.344,-10.06,0.12,47780.08,Metal Loss,External,10.0,0.034,,,0.75,1.81,1:06,affecting girth weld,,0.7,175.11,,MFL-A/XT,,1160.0,65000.0,,1342.0,,,,,,,,,2015,Metal Loss_47780.1,True,47780.08,47780.08,-1,1.1
13570.0,,0.344,-7.02,0.85,48607.3,Metal Loss,External,12.0,0.041,,,1.42,1.77,7:55,,,0.7,102.54,,MFL-A/XT,,1160.0,65000.0,,1342.0,,,,,,,,,2015,Metal Loss_48607.3,True,48607.3,48607.3,161,7.916666666666667
13570.0,,0.344,-7.6,0.27,48607.89,Metal Loss,External,14.0,0.048,,,1.06,5.79,5:49,near girth weld,,0.7,102.18,,MFL-A/XT,,1160.0,65000.0,,1342.0,1468.64,2039.17,,,,,,,2015,Metal Loss_48607.9,True,48607.89,48607.89,161,5.816666666666666
13570.0,,0.344,-7.64,0.23,48607.92,Metal Loss,External,18.0,0.062,,,0.94,4.61,4:05,near girth weld,,0.7,102.16,,MFL-A/XT,,1160.0,65000.0,,1342.0,1468.01,2038.3,,,,,,,2015,Metal Loss_48607.9,True,48607.92,48607.92,161,4.083333333333333
13700.0,,0.344,-0.79,28.5,48882.16,Cluster,External,59.0,0.203,,,2.75,2.39,5:14,,,1.0,203.14,,,,1160.0,65000.0,,1342.0,1276.7,1772.66,1285.87,1785.4,1417.4,1968.03,0.9,1.54,2015,Cluster_48882.2,True,48882.16,48882.16,162,5.233333333333333
13700.0,,0.344,-0.8,28.49,48882.17,Metal Loss,External,12.0,0.041,,,0.43,0.67,6:05,,,1.0,203.14,,MFL-A/XT,,1160.0,65000.0,,1342.0,,,,,,,,,2015,Metal Loss_48882.2,True,48882.17,48882.17,162,6.083333333333333
13700.0,,0.344,-0.89,28.4,48882.26,Cluster,External,43.0,0.148,,,1.92,1.34,6:20,,,1.0,203.14,,,,1160.0,65000.0,,1342.0,1396.14,1938.5,1450.84,2014.46,1498.42,2080.51,0.8,1.74,2015,Cluster_48882.3,True,48882.26,48882.26,162,6.333333333333333
13700.0,,0.344,-0.99,28.3,48882.36,Metal Loss,External,13.0,0.045,,,0.79,1.22,5:53,,,1.0,203.15,,MFL-A/XT,,1160.0,65000.0,,1342.0,1472.26,2044.19,,,,,,,2015,Metal Loss_48882.4,True,48882.36,48882.36,162,5.883333333333333
13710.0,,0.344,-24.33,15.5,48934.99,Dent,,,,1.8,0.432,11.37,5.59,5:10,,,1.0,206.45,,MFL-A/XT,,1160.0,65000.0,,1342.0,,,,,,,,,2015,Dent_48935.0,True,48934.99,48934.99,-1,5.166666666666667
13770.0,,0.344,-22.95,17.13,49173.59,Dent,,,,1.7,0.408,19.46,6.98,5:52,,,0.7,211.2,,MFL-A/XT,,1160.0,65000.0,,1342.0,,,,,,,,,2015,Dent_49173.6,True,49173.59,49173.59,-1,5.866666666666667
14020.0,,0.344,-39.57,0.47,50168.38,Metal Loss,External,10.0,0.034,,,1.22,0.87,6:40,,,0.7,166.1,,MFL-A/XT,,1160.0,65000.0,,1342.0,,,,,,,,,2015,Metal Loss_50168.4,True,50168.38,50168.38,163,6.666666666666667
14020.0,,0.344,-39.57,0.47,50168.38,Metal Loss,External,23.0,0.079,,,0.71,1.38,5:22,,,0.7,166.1,,MFL-A/XT,,1160.0,65000.0,,1342.0,1469.96,2041.0,1541.58,2140.44,1542.1,2141.17,0.75,1.85,2015,Metal Loss_50168.4,True,50168.38,50168.38,163,5.366666666666666
14040.0,,0.344,-37.63,2.41,50246.66,Metal Loss,External,11.0,0.038,,,1.14,1.89,9:40,,,0.7,148.68,,MFL-A/XT,,1160.0,65000.0,,1342.0,,,,,,,,,2015,Metal Loss_50246.7,True,50246.66,50246.66,164,9.666666666666666
14040.0,,0.344,-37.83,2.21,50246.85,Metal Loss,External,18.0,0.062,,,0.79,2.52,7:09,,,0.7,148.62,,MFL-A/XT,,1160.0,65000.0,,1342.0,1470.54,2041.81,,,,,,,2015,Metal Loss_50246.8,True,50246.85,50246.85,164,7.15
14040.0,,0.344,-37.86,2.18,50246.88,Metal Loss,External,22.0,0.076,,,0.71,1.5,08:00,,,0.7,148.61,,MFL-A/XT,,1160.0,65000.0,,1342.0,1470.28,2041.44,1541.95,2140.96,1542.4,2141.58,0.75,1.85,2015,Metal Loss_50246.9,True,50246.88,50246.88,164,8.0
14040.0,,0.344,-37.94,2.1,50246.97,Metal Loss,External,24.0,0.083,,,0.63,1.14,11:19,,,0.7,148.58,,MFL-A/XT,,1160.0,65000.0,,1342.0,1471.06,2042.53,1542.79,2142.13,1543.26,2142.78,0.75,1.85,2015,Metal Loss_50247.0,True,50246.97,50246.97,164,11.316666666666666
14060.0,,0.344,-0.88,39.67,50259.59,Metal Loss,External,13.0,0.045,,,0.67,2.52,6:46,,,0.7,148.05,,MFL-A/XT,,1160.0,65000.0,,1342.0,1473.24,2045.55,,,,,,,2015,Metal Loss_50259.6,True,50259.59,50259.59,165,6.766666666666667
14060.0,,0.344,-6.05,34.49,50264.77,Metal Loss,External,14.0,0.048,,,1.34,1.77,10:56,,,0.7,149.39,,MFL-A/XT,,1160.0,65000.0,,1342.0,1464.52,2033.45,,,,,,,2015,Metal Loss_50264.8,True,50264.77,50264.77,165,10.933333333333334
14060.0,,0.344,-7.47,33.07,50266.19,Metal Loss,External,11.0,0.038,,,1.5,2.28,10:51,,,0.7,149.76,,MFL-A/XT,,1160.0,65000.0,,1342.0,,,,,,,,,2015,Metal Loss_50266.2,True,50266.19,50266.19,165,10.85
14060.0,,0.344,-9.05,31.5,50267.77,Metal Loss,External,14.0,0.048,,,1.81,1.89,11:06,,,0.7,150.17,,MFL-A/XT,,1160.0,65000.0,,1342.0,1456.85,2022.8,,,,,,,2015,Metal Loss_50267.8,True,50267.77,50267.77,165,11.1
14060.0,,0.344,-10.4,30.15,50269.11,Metal Loss,External,13.0,0.045,,,1.3,1.97,8:43,,,0.7,150.5,,MFL-A/XT,,1160.0,65000.0,,1342.0,1466.1,2035.64,,,,,,,2015,Metal Loss_50269.1,True,50269.11,50269.11,165,8.716666666666667
14060.0,,0.344,-10.56,29.98,50269.28,Metal Loss,External,12.0,0.041,,,1.69,2.01,11:04,,,0.7,150.54,,MFL-A/XT,,1160.0,65000.0,,1342.0,,,,,,,,,2015,Metal Loss_50269.3,True,50269.28,50269.28,165,11.066666666666666
14060.0,,0.344,-10.85,29.69,50269.57,Metal Loss,External,11.0,0.038,,,0.51,1.1,8:45,,,0.7,150.61,,MFL-A/XT,,1160.0,65000.0,,1342.0,,,,,,,,,2015,Metal Loss_50269.6,True,50269.57,50269.57,165,8.75
14060.0,,0.344,-10.85,29.69,50269.57,Metal Loss,External,11.0,0.038,,,1.18,1.58,11:02,,,0.7,150.61,,MFL-A/XT,,1160.0,65000.0,,1342.0,,,,,,,,,2015,Metal Loss_50269.6,True,50269.57,50269.57,165,11.033333333333333
14060.0,,0.344,-10.95,29.59,50269.67,Metal Loss,External,12.0,0.041,,,1.38,1.42,8:37,,,0.7,150.64,,MFL-A/XT,,1160.0,65000.0,,1342.0,,,,,,,,,2015,Metal Loss_50269.7,True,50269.67,50269.67,165,8.616666666666667
14060.0,,0.344,-11.15,29.39,50269.87,Metal Loss,External,10.0,0.034,,,1.22,1.61,4:12,,,0.7,150.69,,MFL-A/XT,,1160.0,65000.0,,1342.0,,,,,,,,,2015,Metal Loss_50269.9,True,50269.87,50269.87,165,4.2
14060.0,,0.344,-11.72,28.82,50270.44,Metal Loss,External,10.0,0.034,,,1.1,1.58,8:38,,,0.7,150.82,,MFL-A/XT,,1160.0,65000.0,,1342.0,,,,,,,,,2015,Metal Loss_50270.4,True,50270.44,50270.44,165,8.633333333333333
14060.0,,0.344,-11.83,28.71,50270.55,Metal Loss,External,10.0,0.034,,,2.01,2.6,10:34,,,0.7,150.85,,MFL-A/XT,,1160.0,65000.0,,1342.0,,,,,,,,,2015,Metal Loss_50270.6,True,50270.55,50270.55,165,10.566666666666666
14060.0,,0.344,-12.26,28.29,50270.98,Metal Loss,External,12.0,0.041,,,0.94,1.38,8:33,,,0.7,150.94,,MFL-A/XT,,1160.0,65000.0,,1342.0,,,,,,,,,2015,Metal Loss_50271.0,True,50270.98,50270.98,165,8.55
14060.0,,0.344,-12.56,27.99,50271.28,Metal Loss,External,17.0,0.058,,,1.26,1.97,8:45,,,0.7,151.01,,MFL-A/XT,,1160.0,65000.0,,1342.0,1463.29,2031.74,,,,,,,2015,Metal Loss_50271.3,True,50271.28,50271.28,165,8.75
14060.0,,0.344,-13.08,27.46,50271.8,Metal Loss,External,13.0,0.045,,,1.22,1.65,11:06,,,0.7,151.13,,MFL-A/XT,,1160.0,65000.0,,1342.0,1467.24,2037.22,,,,,,,2015,Metal Loss_50271.8,True,50271.8,50271.8,165,11.1
14060.0,,0.344,-13.1,27.45,50271.82,Metal Loss,External,17.0,0.058,,,1.53,2.28,8:44,,,0.7,151.14,,MFL-A/XT,,1160.0,65000.0,,1342.0,1457.97,2024.36,,,,,,,2015,Metal Loss_50271.8,True,50271.82,50271.82,165,8.733333333333333
14060.0,,0.344,-13.35,27.19,50272.07,Metal Loss,External,15.0,0.052,,,1.38,1.61,11:07,,,0.7,151.19,,MFL-A/XT,,1160.0,65000.0,,1342.0,1463.2,2031.62,,,,,,,2015,Metal Loss_50272.1,True,50272.07,50272.07,165,11.116666666666667
14060.0,,0.344,-13.67,26.88,50272.39,Metal Loss,External,21.0,0.072,,,0.87,1.42,8:46,,,0.7,151.26,,MFL-A/XT,,1160.0,65000.0,,1342.0,1467.78,2037.98,1539.17,2137.1,1539.74,2137.9,0.75,1.84,2015,Metal Loss_50272.4,True,50272.39,50272.39,165,8.766666666666667
14060.0,,0.344,-13.85,26.7,50272.56,Cluster,External,18.0,0.062,,,2.42,6.58,10:58,,,0.7,151.3,,,,1160.0,65000.0,,1342.0,1436.29,1994.25,,,,,,,2015,Cluster_50272.6,True,50272.56,50272.56,165,10.966666666666667
14060.0,,0.344,-13.88,26.66,50272.6,Cluster,External,24.0,0.083,,,1.72,1.55,8:31,,,0.7,151.31,,,,1160.0,65000.0,,1342.0,1443.26,2003.93,1510.78,2097.68,1520.76,2111.54,0.77,1.81,2015,Cluster_50272.6,True,50272.6,50272.6,165,8.516666666666667
14060.0,,0.344,-14.47,26.08,50273.19,Metal Loss,External,11.0,0.038,,,0.47,0.75,8:43,,,0.7,151.43,,MFL-A/XT,,1160.0,65000.0,,1342.0,,,,,,,,,2015,Metal Loss_50273.2,True,50273.19,50273.19,165,8.716666666666667
14060.0,,0.344,-14.47,26.07,50273.19,Metal Loss,External,14.0,0.048,,,2.24,0.59,8:55,,,0.7,151.43,,MFL-A/XT,,1160.0,65000.0,,1342.0,1449.32,2012.34,,,,,,,2015,Metal Loss_50273.2,True,50273.19,50273.19,165,8.916666666666666
14060.0,,0.344,-14.55,25.99,50273.27,Metal Loss,External,12.0,0.041,,,0.83,0.91,8:39,,,0.7,151.45,,MFL-A/XT,,1160.0,65000.0,,1342.0,,,,,,,,,2015,Metal Loss_50273.3,True,50273.27,50273.27,165,8.65
14060.0,,0.344,-14.56,25.98,50273.28,Metal Loss,External,18.0,0.062,,,0.79,1.26,9:18,,,0.7,151.45,,MFL-A/XT,,1160.0,65000.0,,1342.0,1470.54,2041.81,,,,,,,2015,Metal Loss_50273.3,True,50273.28,50273.28,165,9.3
14060.0,,0.344,-14.96,25.58,50273.68,Metal Loss,External,17.0,0.058,,,0.71,1.3,8:42,Recoat,,0.7,151.54,,MFL-A/XT,,1160.0,65000.0,,1342.0,1471.79,2043.55,,,,,,,2015,Metal Loss_50273.7,True,50273.68,50273.68,165,8.7
14060.0,,0.344,-15.44,25.1,50274.16,Metal Loss,External,16.0,0.055,,,1.3,1.61,4:14,Recoat,,0.7,151.64,,MFL-A/XT,,1160.0,65000.0,,1342.0,1463.51,2032.05,,,,,,,2015,Metal Loss_50274.2,True,50274.16,50274.16,165,4.233333333333333
14060.0,,0.344,-16.02,24.53,50274.74,Metal Loss,External,11.0,0.038,,,0.67,1.22,1:57,Recoat,,0.7,151.76,,MFL-A/XT,,1160.0,65000.0,,1342.0,,,,,,,,,2015,Metal Loss_50274.7,True,50274.74,50274.74,165,1.95
14060.0,,0.344,-16.29,24.25,50275.01,Metal Loss,External,20.0,0.069,,,2.17,1.58,2:43,Recoat,,0.7,151.81,,MFL-A/XT,,1160.0,65000.0,,1342.0,1438.24,1996.95,1504.84,2089.43,1507.08,2092.54,0.77,1.8,2015,Metal Loss_50275.0,True,50275.01,50275.01,165,2.716666666666667
14060.0,,0.344,-16.6,23.94,50275.32,Metal Loss,External,19.0,0.065,,,2.21,1.18,2:08,Recoat,,0.7,151.87,,MFL-A/XT,,1160.0,65000.0,,1342.0,1439.48,1998.68,,,,,,,2015,Metal Loss_50275.3,True,50275.32,50275.32,165,2.1333333333333333
14060.0,,0.344,-16.69,23.86,50275.41,Metal Loss,External,18.0,0.062,,,1.22,1.53,4:06,Recoat,,0.7,151.89,,MFL-A/XT,,1160.0,65000.0,,1342.0,1463.13,2031.51,,,,,,,2015,Metal Loss_50275.4,True,50275.41,50275.41,165,4.1
14060.0,,0.344,-16.97,23.57,50275.69,Metal Loss,External,10.0,0.034,,,1.06,1.26,4:08,Recoat,,0.7,151.95,,MFL-A/XT,,1160.0,65000.0,,1342.0,,,,,,,,,2015,Metal Loss_50275.7,True,50275.69,50275.69,165,4.133333333333334
14060.0,,0.344,-17.03,23.52,50275.75,Metal Loss,External,11.0,0.038,,,0.63,0.98,4:38,Recoat,,0.7,151.96,,MFL-A/XT,,1160.0,65000.0,,1342.0,,,,,,,,,2015,Metal Loss_50275.8,True,50275.75,50275.75,165,4.633333333333333
14060.0,,0.344,-24.17,16.37,50282.89,Metal Loss,External,59.0,0.203,,,0.67,1.14,4:58,Repaired?,,0.7,153.18,,MFL-A/XT,,1160.0,65000.0,,1342.0,1456.2,2021.89,1522.89,2114.49,1527.88,2121.42,0.76,1.82,2015,Metal Loss_50282.9,True,50282.89,50282.89,165,4.966666666666667
14110.0,,0.344,-39.22,0.87,50475.51,Metal Loss,External,13.0,0.045,,,0.51,1.42,6:59,,,1.0,157.61,,MFL-A/XT,,1160.0,65000.0,,1342.0,1474.43,2047.21,,,,,,,2015,Metal Loss_50475.5,True,50475.51,50475.51,-1,6.983333333333333
14200.0,,0.344,-27.9,12.17,50820.9,Metal Loss Manufacturing,,12.0,0.041,,,0.39,0.59,10:00,,,0.7,141.54,,MFL-A/XT,,1160.0,65000.0,,1342.0,,,,,,,,,2015,Metal Loss Manufacturing_50820.9,True,50820.9,50820.9,166,10.0
14200.0,,0.344,-28.08,12.0,50821.08,Metal Loss Manufacturing,,19.0,0.065,,,0.35,0.71,6:31,,,0.7,141.53,,MFL-A/XT,,1160.0,65000.0,,1342.0,,,,,,,,,2015,Metal Loss Manufacturing_50821.1,True,50821.08,50821.08,166,6.516666666666667
14300.0,,0.344,-11.05,27.88,51203.96,Metal Loss Manufacturing,,14.0,0.048,,,0.35,0.63,10:34,,,0.7,95.52,,MFL-A/XT,,1160.0,65000.0,,1342.0,,,,,,,,,2015,Metal Loss Manufacturing_51204.0,True,51203.96,51203.96,-1,10.566666666666666
14310.0,,0.344,-39.37,0.84,51271.21,Cluster,External,22.0,0.076,,,1.26,5.26,7:26,,,0.7,84.58,,,,1160.0,65000.0,,1342.0,1458.89,2025.63,1529.06,2123.07,1529.63,2123.85,0.76,1.83,2015,Cluster_51271.2,True,51271.21,51271.21,167,7.433333333333334
14310.0,,0.344,-39.38,0.84,51271.22,Metal Loss,External,12.0,0.041,,,0.75,0.71,6:52,,,0.7,84.58,,MFL-A/XT,,1160.0,65000.0,,1342.0,,,,,,,,,2015,Metal Loss_51271.2,True,51271.22,51271.22,167,6.866666666666667
14310.0,,0.344,-39.6,0.61,51271.44,Metal Loss,External,11.0,0.038,,,0.75,2.17,5:14,,,0.7,84.55,,MFL-A/XT,,1160.0,65000.0,,1342.0,,,,,,,,,2015,Metal Loss_51271.4,True,51271.44,51271.44,167,5.233333333333333
14310.0,,0.344,-39.83,0.38,51271.67,Metal Loss,External,15.0,0.052,,,0.51,0.79,6:21,,,0.7,84.52,,MFL-A/XT,,1160.0,65000.0,,1342.0,1474.13,2046.79,,,,,,,2015,Metal Loss_51271.7,True,51271.67,51271.67,167,6.35
14310.0,,0.344,-39.93,0.28,51271.78,Metal Loss,External,12.0,0.041,,,0.55,0.75,8:15,,,0.7,84.51,,MFL-A/XT,,1160.0,65000.0,,1342.0,,,,,,,,,2015,Metal Loss_51271.8,True,51271.78,51271.78,167,8.25
14310.0,,0.344,-40.0,0.22,51271.84,Metal Loss,External,25.0,0.086,,,0.75,5.12,3:56,near girth weld,,0.7,84.5,,MFL-A/XT,,1160.0,65000.0,,1342.0,1468.63,2039.15,1540.04,2138.31,1540.78,2139.34,0.75,1.84,2015,Metal Loss_51271.8,True,51271.84,51271.84,167,3.9333333333333336
14310.0,,0.344,-40.0,0.21,51271.84,Metal Loss,External,14.0,0.048,,,0.91,6.81,5:36,near girth weld,,0.7,84.5,,MFL-A/XT,,1160.0,65000.0,,1342.0,1470.45,2041.68,,,,,,,2015,Metal Loss_51271.8,True,51271.84,51271.84,167,5.6
14310.0,,0.344,-40.11,0.11,51271.95,Metal Loss,External,10.0,0.034,,,0.59,10.08,6:18,affecting girth weld,,0.7,84.49,,MFL-A/XT,,1160.0,65000.0,,1342.0,,,,,,,,,2015,Metal Loss_51271.9,True,51271.95,51271.95,167,6.3
14470.0,,0.344,-21.63,18.78,51640.0,Cluster,External,71.0,0.244,,,0.88,4.48,11:35,,,0.7,90.01,,,,1160.0,65000.0,,1342.0,1431.83,1988.06,1486.67,2064.2,1508.11,2093.97,0.78,1.78,2015,Cluster_51640.0,True,51640.0,51640.0,168,11.583333333333334
14470.0,,0.344,-21.9,18.51,51640.27,Metal Loss,External,57.0,0.196,,,0.83,1.34,12:09,,,0.7,90.11,,MFL-A/XT,,1160.0,65000.0,,1342.0,1448.11,2010.67,1512.87,2100.59,1519.56,2109.87,0.77,1.81,2015,Metal Loss_51640.3,True,51640.27,51640.27,168,12.15
14470.0,,0.344,-24.25,16.15,51642.63,Metal Loss,External,10.0,0.034,,,0.83,1.26,5:27,,,0.7,90.95,,MFL-A/XT,,1160.0,65000.0,,1342.0,,,,,,,,,2015,Metal Loss_51642.6,True,51642.63,51642.63,168,5.45
14500.0,,0.344,-1.26,25.31,51691.64,Metal Loss,External,20.0,0.069,,,0.83,1.42,6:20,,,0.7,105.61,,MFL-A/XT,,1160.0,65000.0,,1342.0,1469.05,2039.74,1540.61,2139.09,1541.02,2139.67,0.75,1.84,2015,Metal Loss_51691.6,True,51691.64,51691.64,-1,6.333333333333333
14590.0,,0.344,-1.35,38.68,51974.46,Metal Loss,External,10.0,0.034,,,0.51,0.94,07:00,,,0.7,125.16,,MFL-A/XT,,1160.0,65000.0,,1342.0,,,,,,,,,2015,Metal Loss_51974.5,True,51974.46,51974.46,-1,7.0
14650.0,,0.344,-38.78,1.25,52251.87,Metal Loss,External,15.0,0.052,,,2.05,2.28,7:58,,,1.0,127.48,,MFL-A/XT,,1160.0,65000.0,,1342.0,1450.85,2014.47,,,,,,,2015,Metal Loss_52251.9,True,52251.87,52251.87,169,7.966666666666667
14650.0,,0.344,-38.8,1.23,52251.88,Metal Loss,External,12.0,0.041,,,1.97,0.98,7:29,,,1.0,127.48,,MFL-A/XT,,1160.0,65000.0,,1342.0,,,,,,,,,2015,Metal Loss_52251.9,True,52251.88,52251.88,169,7.483333333333333
14890.0,,0.344,-39.09,0.92,53192.12,Metal Loss,External,22.0,0.076,,,0.87,4.05,6:36,,,0.7,184.78,,MFL-A/XT,,1160.0,65000.0,,1342.0,1467.32,2037.33,1538.63,2136.35,1539.31,2137.29,0.75,1.84,2015,Metal Loss_53192.1,True,53192.12,53192.12,170,6.6
14900.0,,0.344,-0.8,39.31,53193.84,Metal Loss,External,10.0,0.034,,,0.94,2.76,8:55,,,0.7,185.03,,MFL-A/XT,,1160.0,65000.0,,1342.0,,,,,,,,,2015,Metal Loss_53193.8,True,53193.84,53193.84,170,8.916666666666666
14900.0,,0.344,-0.82,39.3,53193.86,Metal Loss,External,12.0,0.041,,,1.58,2.44,4:58,,,0.7,185.03,,MFL-A/XT,,1160.0,65000.0,,1342.0,,,,,,,,,2015,Metal Loss_53193.9,True,53193.86,53193.86,170,4.966666666666667
14910.0,,0.344,-1.13,38.97,53234.28,Metal Loss,External,13.0,0.045,,,0.51,0.71,7:09,,,0.7,191.32,,MFL-A/XT,,1160.0,65000.0,,1342.0,1474.43,2047.21,,,,,,,2015,Metal Loss_53234.3,True,53234.28,53234.28,-1,7.15
14910.0,,0.344,-31.1,8.99,53264.25,Dent,,,,1.6,0.384,18.09,5.59,6:12,,,0.7,196.26,,MFL-A/XT,,1160.0,65000.0,,1342.0,,,,,,,,,2015,Dent_53264.2,True,53264.25,53264.25,-1,6.2
14920.0,,0.344,-1.69,38.27,53274.94,Metal Loss,External,13.0,0.045,,,0.91,1.42,4:51,,,0.7,198.02,,MFL-A/XT,,1160.0,65000.0,,1342.0,1471.02,2042.48,,,,,,,2015,Metal Loss_53274.9,True,53274.94,53274.94,171,4.85
14920.0,,0.344,-1.99,37.97,53275.24,Metal Loss,External,10.0,0.034,,,0.63,1.1,5:10,,,0.7,198.06,,MFL-A/XT,,1160.0,65000.0,,1342.0,,,,,,,,,2015,Metal Loss_53275.2,True,53275.24,53275.24,171,5.166666666666667
14920.0,,0.344,-39.84,0.12,53313.09,Metal Loss,External,10.0,0.034,,,0.51,0.63,6:22,affecting girth weld,,0.7,204.12,,MFL-A/XT,,1160.0,65000.0,,1342.0,,,,,,,,,2015,Metal Loss_53313.1,True,53313.09,53313.09,-1,6.366666666666666
15050.0,,0.344,-39.15,0.88,53823.99,Metal Loss,External,15.0,0.052,,,0.63,1.26,7:01,,,0.7,168.45,,MFL-A/XT,,1160.0,65000.0,,1342.0,1473.08,2045.34,,,,,,,2015,Metal Loss_53824.0,True,53823.99,53823.99,-1,7.016666666666667
15240.0,,0.344,-0.78,33.68,54472.58,Metal Loss,External,12.0,0.041,,,1.65,0.63,5:05,Recoat,,0.7,166.28,,MFL-A/XT,,1160.0,65000.0,,1342.0,,,,,,,,,2015,Metal Loss_54472.6,True,54472.58,54472.58,172,5.083333333333333
15240.0,,0.344,-0.79,33.67,54472.6,Metal Loss,External,28.0,0.096,,,0.83,1.46,5:30,Recoat,,0.7,166.29,,MFL-A/XT,,1160.0,65000.0,,1342.0,1465.56,2034.89,1536.49,2133.37,1537.71,2135.07,0.75,1.84,2015,Metal Loss_54472.6,True,54472.6,54472.6,172,5.5
15240.0,,0.344,-0.79,33.66,54472.6,Metal Loss,External,23.0,0.079,,,0.83,5.79,6:12,Recoat,,0.7,166.29,,MFL-A/XT,,1160.0,65000.0,,1342.0,1467.79,2037.99,1539.14,2137.06,1539.85,2138.04,0.75,1.84,2015,Metal Loss_54472.6,True,54472.6,54472.6,172,6.2
15280.0,,0.344,-0.79,30.71,54627.4,Metal Loss,External,21.0,0.072,,,0.55,2.87,6:11,Recoat,,0.7,218.9,,MFL-A/XT,,1160.0,65000.0,,1342.0,1472.74,2044.86,1544.7,2144.77,1544.93,2145.1,0.75,1.85,2015,Metal Loss_54627.4,True,54627.4,54627.4,-1,6.183333333333334
15530.0,,0.344,-34.24,5.82,55653.55,Metal Loss Manufacturing,,11.0,0.038,,,0.35,0.63,4:03,,,1.0,228.78,,MFL-A/XT,,1160.0,65000.0,,1342.0,,,,,,,,,2015,Metal Loss Manufacturing_55653.6,True,55653.55,55653.55,-1,4.05
15540.0,,0.344,-36.98,3.12,55696.34,Metal Loss Manufacturing,,18.0,0.062,,,0.39,0.87,3:06,,,0.7,225.06,,MFL-A/XT,,1160.0,65000.0,,1342.0,,,,,,,,,2015,Metal Loss Manufacturing_55696.3,True,55696.34,55696.34,-1,3.1
15770.0,,0.344,-18.58,0.87,56478.45,Metal Loss,External,15.0,0.052,,,0.63,1.93,8:50,,,0.7,191.19,,MFL-A/XT,,1160.0,65000.0,,1342.0,1473.2,2045.5,,,,,,,2015,Metal Loss_56478.4,True,56478.45,56478.45,173,8.833333333333334
15770.0,,0.344,-18.6,0.85,56478.47,Metal Loss,External,13.0,0.045,,,0.55,1.42,6:04,,,0.7,191.18,,MFL-A/XT,,1160.0,65000.0,,1342.0,1474.18,2046.86,,,,,,,2015,Metal Loss_56478.5,True,56478.47,56478.47,173,6.066666666666666
15780.0,,0.344,-0.79,39.29,56480.11,Metal Loss,External,11.0,0.038,,,0.91,6.54,7:07,,,0.7,190.84,,MFL-A/XT,,1160.0,65000.0,,1342.0,,,,,,,,,2015,Metal Loss_56480.1,True,56480.11,56480.11,173,7.116666666666666
15780.0,,0.344,-0.8,39.28,56480.13,Metal Loss,External,11.0,0.038,,,1.58,2.95,5:42,,,0.7,190.84,,MFL-A/XT,,1160.0,65000.0,,1342.0,,,,,,,,,2015,Metal Loss_56480.1,True,56480.13,56480.13,173,5.7
15850.0,,0.344,-7.08,24.67,56711.64,Metal Loss,External,12.0,0.041,,,0.87,1.58,6:27,,,0.7,109.51,,MFL-A/XT,,1160.0,65000.0,,1342.0,,,,,,,,,2015,Metal Loss_56711.6,True,56711.64,56711.64,174,6.45
15850.0,,0.344,-8.41,23.33,56712.97,Metal Loss,External,10.0,0.034,,,1.06,1.42,8:46,,,0.7,108.85,,MFL-A/XT,,1160.0,65000.0,,1342.0,,,,,,,,,2015,Metal Loss_56713.0,True,56712.97,56712.97,174,8.766666666666667
15850.0,,0.344,-8.85,22.89,56713.41,Metal Loss,External,10.0,0.034,,,0.43,1.18,4:37,,,0.7,108.63,,MFL-A/XT,,1160.0,65000.0,,1342.0,,,,,,,,,2015,Metal Loss_56713.4,True,56713.41,56713.41,174,4.616666666666667
15850.0,,0.344,-9.03,22.71,56713.59,Metal Loss,External,12.0,0.041,,,0.71,1.73,4:10,,,0.7,108.53,,MFL-A/XT,,1160.0,65000.0,,1342.0,,,,,,,,,2015,Metal Loss_56713.6,True,56713.59,56713.59,174,4.166666666666667
15850.0,,0.344,-9.05,22.69,56713.61,Metal Loss,External,24.0,0.083,,,1.85,2.43,9:12,,,0.7,108.52,,MFL-A/XT,,1160.0,65000.0,,1342.0,1439.3,1998.43,1506.07,2091.14,1509.48,2095.87,0.77,1.8,2015,Metal Loss_56713.6,True,56713.61,56713.61,174,9.2
15850.0,,0.344,-9.15,22.6,56713.71,Metal Loss,External,11.0,0.038,,,0.67,1.5,4:18,,,0.7,108.47,,MFL-A/XT,,1160.0,65000.0,,1342.0,,,,,,,,,2015,Metal Loss_56713.7,True,56713.71,56713.71,174,4.3
15850.0,,0.344,-9.87,21.87,56714.43,Metal Loss,External,15.0,0.052,,,0.83,1.61,1:48,,,0.7,108.1,,MFL-A/XT,,1160.0,65000.0,,1342.0,1471.03,2042.48,,,,,,,2015,Metal Loss_56714.4,True,56714.43,56714.43,174,1.8
15850.0,,0.344,-9.93,21.82,56714.49,Cluster,External,19.0,0.065,,,2.0,4.48,9:55,,,0.7,108.08,,,,1160.0,65000.0,,1342.0,1444.36,2005.45,,,,,,,2015,Cluster_56714.5,True,56714.49,56714.49,174,9.916666666666666
15850.0,,0.344,-11.81,19.94,56716.36,Metal Loss,External,13.0,0.045,,,1.93,1.73,9:54,,,0.7,107.1,,MFL-A/XT,,1160.0,65000.0,,1342.0,1456.43,2022.22,,,,,,,2015,Metal Loss_56716.4,True,56716.36,56716.36,174,9.9
15850.0,,0.344,-12.89,18.85,56717.45,Metal Loss,External,10.0,0.034,,,2.05,2.09,9:48,,,0.7,106.52,,MFL-A/XT,,1160.0,65000.0,,1342.0,,,,,,,,,2015,Metal Loss_56717.4,True,56717.45,56717.45,174,9.8
15880.0,,0.344,-17.28,0.16,56809.4,Metal Loss,External,10.0,0.034,,,0.63,0.83,1:16,near girth weld,,1.0,118.47,,MFL-A/XT,,1160.0,65000.0,,1342.0,,,,,,,,,2015,Metal Loss_56809.4,True,56809.4,56809.4,175,1.2666666666666666
15880.0,,0.344,-17.29,0.14,56809.41,Metal Loss,External,10.0,0.034,,,0.94,1.65,1:32,affecting girth weld,,1.0,118.48,,MFL-A/XT,,1160.0,65000.0,,1342.0,,,,,,,,,2015,Metal Loss_56809.4,True,56809.41,56809.41,175,1.5333333333333332
15900.0,,0.344,-0.67,39.46,56850.45,Metal Loss,External,10.0,0.034,,,0.79,1.5,8:04,,,1.0,125.88,,MFL-A/XT,,1160.0,65000.0,,1342.0,,,,,,,,,2015,Metal Loss_56850.4,True,56850.45,56850.45,176,8.066666666666666
15900.0,,0.344,-1.16,38.98,56850.94,Metal Loss,External,14.0,0.048,,,0.91,0.71,9:46,,,1.0,125.93,,MFL-A/XT,,1160.0,65000.0,,1342.0,1470.59,2041.87,,,,,,,2015,Metal Loss_56850.9,True,56850.94,56850.94,176,9.766666666666667
15900.0,,0.344,-1.4,38.74,56851.18,Metal Loss,External,11.0,0.038,,,1.5,1.81,9:12,,,1.0,125.95,,MFL-A/XT,,1160.0,65000.0,,1342.0,,,,,,,,,2015,Metal Loss_56851.2,True,56851.18,56851.18,176,9.2
15900.0,,0.344,-8.89,31.24,56858.68,Metal Loss,External,11.0,0.038,,,1.89,2.36,7:06,,,1.0,126.65,,MFL-A/XT,,1160.0,65000.0,,1342.0,,,,,,,,,2015,Metal Loss_56858.7,True,56858.68,56858.68,176,7.1
15900.0,,0.344,-18.22,21.91,56868.0,Metal Loss,External,12.0,0.041,,,2.13,2.32,5:04,,,1.0,127.46,,MFL-A/XT,,1160.0,65000.0,,1342.0,,,,,,,,,2015,Metal Loss_56868.0,True,56868.0,56868.0,176,5.066666666666666
15900.0,,0.344,-28.71,11.42,56878.5,Metal Loss,External,10.0,0.034,,,1.22,1.81,12:36,,,1.0,128.28,,MFL-A/XT,,1160.0,65000.0,,1342.0,,,,,,,,,2015,Metal Loss_56878.5,True,56878.5,56878.5,177,12.6
15900.0,,0.344,-32.87,7.26,56882.65,Metal Loss,External,14.0,0.048,,,0.79,1.3,10:44,,,1.0,128.57,,MFL-A/XT,,1160.0,65000.0,,1342.0,1471.8,2043.55,,,,,,,2015,Metal Loss_56882.7,True,56882.65,56882.65,177,10.733333333333333
15910.0,,0.344,-5.96,34.1,56895.87,Metal Loss,External,11.0,0.038,,,0.79,0.98,12:22,,,0.7,129.37,,MFL-A/XT,,1160.0,65000.0,,1342.0,,,,,,,,,2015,Metal Loss_56895.9,True,56895.87,56895.87,178,12.366666666666667
15910.0,,0.344,-6.03,34.02,56895.95,Metal Loss,External,15.0,0.052,,,0.87,1.42,11:53,,,0.7,129.37,,MFL-A/XT,,1160.0,65000.0,,1342.0,1470.59,2041.88,,,,,,,2015,Metal Loss_56895.9,True,56895.95,56895.95,178,11.883333333333333
15910.0,,0.344,-12.87,27.18,56902.79,Metal Loss,External,12.0,0.041,,,1.69,2.79,4:30,,,0.7,129.75,,MFL-A/XT,,1160.0,65000.0,,1342.0,,,,,,,,,2015,Metal Loss_56902.8,True,56902.79,56902.79,178,4.5
15910.0,,0.344,-13.06,26.99,56902.98,Metal Loss,External,26.0,0.089,,,1.1,1.81,9:51,,,0.7,129.76,,MFL-A/XT,,1160.0,65000.0,,1342.0,1459.59,2026.6,1529.72,2123.98,1531.46,2126.39,0.76,1.83,2015,Metal Loss_56903.0,True,56902.98,56902.98,178,9.85
15910.0,,0.344,-14.0,26.05,56903.92,Metal Loss,External,15.0,0.052,,,1.85,2.13,9:32,,,0.7,129.81,,MFL-A/XT,,1160.0,65000.0,,1342.0,1454.67,2019.78,,,,,,,2015,Metal Loss_56903.9,True,56903.92,56903.92,178,9.533333333333333
15910.0,,0.344,-24.28,15.78,56914.19,Metal Loss,External,15.0,0.052,,,2.17,1.65,9:59,,,0.7,130.45,,MFL-A/XT,,1160.0,65000.0,,1342.0,1448.58,2011.32,,,,,,,2015,Metal Loss_56914.2,True,56914.19,56914.19,179,9.983333333333333
15910.0,,0.344,-26.62,13.43,56916.54,Metal Loss,External,12.0,0.041,,,0.51,0.79,10:16,,,0.7,130.62,,MFL-A/XT,,1160.0,65000.0,,1342.0,,,,,,,,,2015,Metal Loss_56916.5,True,56916.54,56916.54,179,10.266666666666667
15910.0,,0.344,-32.11,7.94,56922.03,Metal Loss,External,11.0,0.038,,,1.85,1.34,4:55,,,0.7,131.04,,MFL-A/XT,,1160.0,65000.0,,1342.0,,,,,,,,,2015,Metal Loss_56922.0,True,56922.03,56922.03,179,4.916666666666667
15910.0,,0.344,-32.16,7.89,56922.08,Metal Loss,External,10.0,0.034,,,1.81,2.99,4:14,,,0.7,131.04,,MFL-A/XT,,1160.0,65000.0,,1342.0,,,,,,,,,2015,Metal Loss_56922.1,True,56922.08,56922.08,179,4.233333333333333
15950.0,,0.344,-0.78,39.25,56972.51,Metal Loss,External,10.0,0.034,,,1.06,2.28,12:27,,,0.7,136.52,,MFL-A/XT,,1160.0,65000.0,,1342.0,,,,,,,,,2015,Metal Loss_56972.5,True,56972.51,56972.51,180,12.45
15950.0,,0.344,-2.5,37.53,56974.24,Metal Loss,External,18.0,0.062,,,1.85,2.09,5:09,,,0.7,136.91,,MFL-A/XT,,1160.0,65000.0,,1342.0,1449.87,2013.1,,,,,,,2015,Metal Loss_56974.2,True,56974.24,56974.24,180,5.15
