joint_number,joint_length,wall_thickness,dist_upstream_weld,dist_downstream_weld,log_distance,event_type,orientation,depth_percent,depth_inches,od_reduction_pct,od_reduction_in,length,width,clock_position,comments,anomalies_per_joint,tool_velocity,elevation,Seam Position (TFI),Tool   (TFI),Seam Anomaly  (TFI),mop,smys,seam_type,pdesign,b31g_psafe,b31g_pburst,mod_b31g_psafe,mod_b31g_pburst,eff_area_psafe,eff_area_pburst,erf,rpr,event_type_normalized,is_reference,is_anomaly,clock_decimal,original_index
2960.0,,0.344,-27.99,12.21,10584.12,metal loss,External,12.0,0.041,,,1.02,1.73,6:13,,,0.7,153.42,,MFL-A/XT,,1160.0,65000.0,,1342.0,,,,,,,,,METAL_LOSS,False,True,6.216666666666667,348
2960.0,,0.344,-28.06,12.13,10584.2,metal loss,External,10.0,0.034,,,0.79,1.5,4:33,,,0.7,153.42,,MFL-A/XT,,1160.0,65000.0,,1342.0,,,,,,,,,METAL_LOSS,False,True,4.55,349
2960.0,,0.344,-28.07,12.13,10584.2,metal loss,External,13.0,0.045,,,0.59,0.98,5:41,,,0.7,153.42,,MFL-A/XT,,1160.0,65000.0,,1342.0,1473.91,2046.49,,,,,,,METAL_LOSS,False,True,5.683333333333334,350
2960.0,,0.344,-28.61,11.59,10584.75,metal loss,External,13.0,0.045,,,0.79,1.18,7:08,,,0.7,153.42,,MFL-A/XT,,1160.0,65000.0,,1342.0,1472.14,2044.03,,,,,,,METAL_LOSS,False,True,7.133333333333334,351
2960.0,,0.344,-30.43,9.77,10586.57,cluster,External,33.0,0.114,,,1.8,3.5,4:20,,,0.7,153.41,,,,1160.0,65000.0,,1342.0,1424.42,1977.77,1487.55,2065.43,1490.25,2069.18,0.78,1.78,CLUSTER,False,True,4.333333333333333,352
2960.0,,0.344,-30.84,9.36,10586.97,metal loss,External,12.0,0.041,,,1.3,2.09,4:26,,,0.7,153.41,,MFL-A/XT,,1160.0,65000.0,,1342.0,,,,,,,,,METAL_LOSS,False,True,4.433333333333334,353
2960.0,,0.344,-31.02,9.18,10587.15,metal loss,External,12.0,0.041,,,0.59,1.42,6:02,,,0.7,153.41,,MFL-A/XT,,1160.0,65000.0,,1342.0,,,,,,,,,METAL_LOSS,False,True,6.033333333333333,354
2960.0,,0.344,-31.2,8.99,10587.34,metal loss,External,20.0,0.069,,,0.47,1.26,4:23,,,0.7,153.41,,MFL-A/XT,,1160.0,65000.0,,1342.0,1473.71,2046.21,1545.78,2146.28,1545.92,2146.48,0.75,1.85,METAL_LOSS,False,True,4.383333333333334,355
2960.0,,0.344,-31.42,8.78,10587.56,metal loss,External,13.0,0.045,,,0.55,0.98,4:35,,,0.7,153.41,,MFL-A/XT,,1160.0,65000.0,,1342.0,1474.18,2046.86,,,,,,,METAL_LOSS,False,True,4.583333333333333,356
2960.0,,0.344,-31.61,8.59,10587.75,metal loss,External,10.0,0.034,,,1.18,1.1,4:17,,,0.7,153.41,,MFL-A/XT,,1160.0,65000.0,,1342.0,,,,,,,,,METAL_LOSS,False,True,4.283333333333333,357
2960.0,,0.344,-31.78,8.41,10587.92,metal loss,External,13.0,0.045,,,0.43,1.22,4:21,,,0.7,153.41,,MFL-A/XT,,1160.0,65000.0,,1342.0,1474.95,2047.93,,,,,,,METAL_LOSS,False,True,4.35,358
2960.0,,0.344,-31.84,8.36,10587.98,metal loss,External,22.0,0.076,,,1.18,2.21,4:16,,,0.7,153.41,,MFL-A/XT,,1160.0,65000.0,,1342.0,1460.62,2028.03,1531.04,2125.81,1532.23,2127.47,0.76,1.83,METAL_LOSS,False,True,4.266666666666667,359
2960.0,,0.344,-32.06,8.13,10588.2,metal loss,External,13.0,0.045,,,0.94,1.69,4:06,,,0.7,153.41,,MFL-A/XT,,1160.0,65000.0,,1342.0,1470.49,2041.74,,,,,,,METAL_LOSS,False,True,4.1,360
2960.0,,0.344,-32.33,7.87,10588.47,cluster,External,45.0,0.155,,,1.85,2.37,4:14,,,0.7,153.4,,,,1160.0,65000.0,,1342.0,1396.33,1938.77,1450.57,2014.08,1450.79,2014.39,0.8,1.74,CLUSTER,False,True,4.233333333333333,361
2960.0,,0.344,-32.61,7.58,10588.75,metal loss,External,16.0,0.055,,,0.51,1.97,4:25,,,0.7,153.4,,MFL-A/XT,,1160.0,65000.0,,1342.0,1474.07,2046.71,,,,,,,METAL_LOSS,False,True,4.416666666666667,362
2960.0,,0.344,-32.76,7.44,10588.9,metal loss,External,19.0,0.065,,,0.47,0.91,4:30,,,0.7,153.4,,MFL-A/XT,,1160.0,65000.0,,1342.0,1473.97,2046.57,,,,,,,METAL_LOSS,False,True,4.5,363
2960.0,,0.344,-32.89,7.3,10589.03,metal loss,External,20.0,0.069,,,1.18,2.4,4:37,,,0.7,153.4,,MFL-A/XT,,1160.0,65000.0,,1342.0,1462.49,2030.63,1533.22,2128.84,1534.02,2129.95,0.76,1.84,METAL_LOSS,False,True,4.616666666666667,364
2960.0,,0.344,-33.3,6.9,10589.43,metal loss,External,10.0,0.034,,,1.65,2.21,5:52,,,0.7,153.4,,MFL-A/XT,,1160.0,65000.0,,1342.0,,,,,,,,,METAL_LOSS,False,True,5.866666666666667,365
2970.0,,0.344,-0.8,39.25,10597.14,metal loss,External,11.0,0.038,,,0.55,1.89,5:16,Recoat,,0.7,153.39,,MFL-A/XT,,1160.0,65000.0,,1342.0,,,,,,,,,METAL_LOSS,False,True,5.266666666666667,371
3090.0,,0.344,-4.29,35.71,11060.0,metal loss manufacturing,,15.0,0.052,,,0.39,0.63,3:24,,,0.7,176.02,,MFL-A/XT,,1160.0,65000.0,,1342.0,,,,,,,,,METAL_LOSS_MFG,False,True,3.4,389
3220.0,,0.344,-39.28,0.13,11615.85,metal loss,External,10.0,0.034,,,0.51,1.42,9:59,near girth weld,,1.0,220.81,,MFL-A/XT,,1160.0,65000.0,,1342.0,,,,,,,,,METAL_LOSS,False,True,9.983333333333333,403
3370.0,,0.344,-19.86,20.1,12195.91,metal loss,External,10.0,0.034,,,2.21,1.61,10:32,,,1.0,253.77,,MFL-A/XT,,1160.0,65000.0,,1342.0,,,,,,,,,METAL_LOSS,False,True,10.533333333333333,419
3630.0,,0.344,-0.81,39.25,13155.91,metal loss,External,12.0,0.041,,,0.59,1.34,3:20,,,0.7,258.13,,MFL-A/XT,,1160.0,65000.0,,1342.0,,,,,,,,,METAL_LOSS,False,True,3.3333333333333335,448
3680.0,,0.344,-39.2,0.96,13394.44,metal loss,External,10.0,0.034,,,0.63,1.22,6:05,,,0.7,164.89,,MFL-A/XT,,1160.0,65000.0,,1342.0,,,,,,,,,METAL_LOSS,False,True,6.083333333333333,456
3680.0,,0.344,-39.2,0.96,13394.44,metal loss,External,25.0,0.086,,,0.71,3.23,1:43,,,0.7,164.89,,MFL-A/XT,,1160.0,65000.0,,1342.0,1469.31,2040.1,1540.82,2139.39,1541.49,2140.32,0.75,1.84,METAL_LOSS,False,True,1.7166666666666668,457
4150.0,,0.344,-23.73,12.64,14945.33,metal loss,External,44.0,0.151,,,0.71,1.38,1:18,,,0.7,42.43,,MFL-A/XT,,1160.0,65000.0,,1342.0,1461.98,2029.92,1531.57,2126.55,1534.16,2130.14,0.76,1.83,METAL_LOSS,False,True,1.3,528
4160.0,,0.5,-2.12,0.75,14960.09,metal loss,External,19.0,0.095,,,1.89,0.59,6:45,,,0.7,42.53,,MFL-A/XT,,1160.0,60000.0,,1800.0,1951.48,2710.39,,,,,,,METAL_LOSS,False,True,6.75,530
4160.0,,0.5,-2.7,0.17,14960.67,metal loss,External,10.0,0.05,,,0.75,3.19,4:46,near girth weld,,0.7,42.54,,MFL-A/XT,,1160.0,60000.0,,1800.0,,,,,,,,,METAL_LOSS,False,True,4.766666666666667,531
4160.01,,0.5,-0.03,7.4,14960.87,metal loss,External,24.0,0.12,,,1.02,0.59,5:14,affecting girth weld,,0.7,42.54,,MFL-A/XT,,1160.0,60000.0,,1800.0,1967.64,2732.84,2086.11,2897.37,2087.25,2898.96,0.56,2.5,METAL_LOSS,False,True,5.233333333333333,534
4160.01,,0.5,-5.18,2.26,14966.01,metal loss,External,11.0,0.055,,,2.4,1.38,5:57,,,0.7,42.55,,MFL-A/XT,,1160.0,60000.0,,1800.0,,,,,,,,,METAL_LOSS,False,True,5.95,538
4160.01,,0.5,-5.29,2.14,14966.13,metal loss,External,10.0,0.05,,,1.69,1.42,6:28,,,0.7,42.56,,MFL-A/XT,,1160.0,60000.0,,1800.0,,,,,,,,,METAL_LOSS,False,True,6.466666666666667,539
4160.01,,0.5,-5.57,1.86,14966.41,metal loss,External,19.0,0.095,,,0.71,0.83,5:40,,,0.7,42.56,,MFL-A/XT,,1160.0,60000.0,,1800.0,1975.33,2743.51,,,,,,,METAL_LOSS,False,True,5.666666666666667,540
4160.01,,0.5,-6.65,0.78,14967.49,metal loss,External,19.0,0.095,,,1.69,1.5,5:01,,,0.7,42.56,,MFL-A/XT,,1160.0,60000.0,,1800.0,1956.27,2717.04,,,,,,,METAL_LOSS,False,True,5.016666666666667,544
4160.01,,0.5,-6.67,0.76,14967.51,metal loss,External,14.0,0.07,,,2.24,0.71,5:45,,,0.7,42.56,,MFL-A/XT,,1160.0,60000.0,,1800.0,1952.91,2712.38,,,,,,,METAL_LOSS,False,True,5.75,545
4160.01,,0.5,-7.09,0.35,14967.92,cluster,External,24.0,0.12,,,2.7,3.1,5:49,near girth weld,,0.7,42.56,,,,1160.0,60000.0,,1800.0,1913.9,2658.2,2022.25,2808.69,2031.08,2820.94,0.57,2.42,CLUSTER,False,True,5.816666666666666,546
4160.01,,0.5,-7.22,0.21,14968.06,metal loss,External,10.0,0.05,,,0.79,1.53,7:36,near girth weld,,0.7,42.56,,MFL-A/XT,,1160.0,60000.0,,1800.0,,,,,,,,,METAL_LOSS,False,True,7.6,547
4160.02,,0.5,-0.21,3.6,14968.48,metal loss,External,12.0,0.06,,,1.69,1.34,6:58,,,0.7,42.57,,MFL-A/XT,,1160.0,60000.0,,1800.0,,,,,,,,,METAL_LOSS,False,True,6.966666666666667,550
4160.02,,0.5,-0.26,3.55,14968.53,metal loss,External,19.0,0.095,,,1.34,1.42,7:30,,,0.7,42.57,,MFL-A/XT,,1160.0,60000.0,,1800.0,1964.25,2728.13,,,,,,,METAL_LOSS,False,True,7.5,551
4160.02,,0.5,-0.31,3.5,14968.58,metal loss,External,15.0,0.075,,,1.5,1.38,6:03,,,0.7,42.57,,MFL-A/XT,,1160.0,60000.0,,1800.0,1965.26,2729.53,,,,,,,METAL_LOSS,False,True,6.05,552
4160.02,,0.5,-0.56,3.25,14968.83,metal loss,External,10.0,0.05,,,1.61,1.65,4:13,,,0.7,42.57,,MFL-A/XT,,1160.0,60000.0,,1800.0,,,,,,,,,METAL_LOSS,False,True,4.216666666666667,553
4160.02,,0.5,-1.14,2.67,14969.41,metal loss,External,11.0,0.055,,,0.63,0.59,6:58,,,0.7,42.57,,MFL-A/XT,,1160.0,60000.0,,1800.0,,,,,,,,,METAL_LOSS,False,True,6.966666666666667,554
4160.02,,0.5,-1.36,2.46,14969.63,metal loss,External,11.0,0.055,,,0.87,1.22,5:25,,,0.7,42.57,,MFL-A/XT,,1160.0,60000.0,,1800.0,,,,,,,,,METAL_LOSS,False,True,5.416666666666667,555
4160.02,,0.5,-1.54,2.27,14969.81,cluster,External,26.0,0.13,,,1.93,8.36,4:11,,,0.7,42.57,,,,1160.0,60000.0,,1800.0,1937.39,2690.82,2050.66,2848.14,2050.82,2848.37,0.57,2.46,CLUSTER,False,True,4.183333333333334,556
4160.02,,0.5,-1.74,2.07,14970.01,metal loss,External,15.0,0.075,,,1.02,0.94,6:47,,,0.7,42.57,,MFL-A/XT,,1160.0,60000.0,,1800.0,1972.77,2739.96,,,,,,,METAL_LOSS,False,True,6.783333333333333,557
4160.02,,0.5,-1.85,1.96,14970.12,metal loss,External,11.0,0.055,,,1.46,2.99,4:03,,,0.7,42.57,,MFL-A/XT,,1160.0,60000.0,,1800.0,,,,,,,,,METAL_LOSS,False,True,4.05,558
4160.02,,0.5,-1.9,1.91,14970.17,metal loss,External,14.0,0.07,,,1.58,1.18,4:46,,,0.7,42.57,,MFL-A/XT,,1160.0,60000.0,,1800.0,1965.15,2729.37,,,,,,,METAL_LOSS,False,True,4.766666666666667,559
4160.02,,0.5,-2.3,1.51,14970.57,metal loss,External,10.0,0.05,,,1.3,2.87,4:51,,,0.7,42.58,,MFL-A/XT,,1160.0,60000.0,,1800.0,,,,,,,,,METAL_LOSS,False,True,4.85,560
4160.02,,0.5,-2.31,1.5,14970.58,metal loss,External,22.0,0.11,,,1.14,1.34,4:09,,,0.7,42.58,,MFL-A/XT,,1160.0,60000.0,,1800.0,1966.25,2730.9,2084.58,2895.25,2085.64,2896.73,0.56,2.5,METAL_LOSS,False,True,4.15,561
4160.02,,0.5,-3.55,0.26,14971.82,metal loss,External,13.0,0.065,,,1.02,1.06,3:52,near girth weld,,0.7,42.57,,MFL-A/XT,,1160.0,60000.0,,1800.0,1973.82,2741.42,,,,,,,METAL_LOSS,False,True,3.8666666666666667,562
4160.02,,0.5,-3.58,0.23,14971.85,metal loss,External,13.0,0.065,,,1.14,2.09,2:38,near girth weld,,0.7,42.57,,MFL-A/XT,,1160.0,60000.0,,1800.0,1972.38,2739.42,,,,,,,METAL_LOSS,False,True,2.6333333333333333,563
4190.0,,0.344,-0.26,12.96,14972.34,metal loss,External,14.0,0.048,,,0.79,0.59,3:37,Recoat,,1.0,42.57,,MFL-A/XT,,1160.0,65000.0,,1342.0,1471.8,2043.55,,,,,,,METAL_LOSS,False,True,3.6166666666666667,566
4190.0,,0.344,-2.08,11.14,14974.16,metal loss,External,21.0,0.072,,,0.67,1.38,2:58,Recoat,,1.0,42.57,,MFL-A/XT,,1160.0,65000.0,,1342.0,1471.13,2042.62,1542.91,2142.29,1543.25,2142.76,0.75,1.85,METAL_LOSS,False,True,2.966666666666667,569
4190.0,,0.344,-2.18,11.04,14974.26,metal loss,External,10.0,0.034,,,1.93,2.32,3:47,Recoat,,1.0,42.57,,MFL-A/XT,,1160.0,65000.0,,1342.0,,,,,,,,,METAL_LOSS,False,True,3.783333333333333,570
4210.0,,0.344,-28.02,12.01,15053.37,metal loss,External,17.0,0.058,,,0.79,1.02,8:49,,,0.7,40.66,,MFL-A/XT,,1160.0,65000.0,,1342.0,1470.73,2042.08,,,,,,,METAL_LOSS,False,True,8.816666666666666,581
4210.0,,0.344,-28.54,11.5,15053.89,metal loss,External,13.0,0.045,,,0.43,0.94,8:50,,,0.7,40.64,,MFL-A/XT,,1160.0,65000.0,,1342.0,1474.95,2047.93,,,,,,,METAL_LOSS,False,True,8.833333333333334,582
4210.0,,0.344,-29.57,10.47,15054.91,metal loss,External,12.0,0.041,,,0.83,1.26,8:51,,,0.7,40.61,,MFL-A/XT,,1160.0,65000.0,,1342.0,,,,,,,,,METAL_LOSS,False,True,8.85,583
4210.0,,0.344,-29.82,10.22,15055.17,cluster,External,30.0,0.103,,,2.22,2.95,8:34,,,0.7,40.6,,,,1160.0,65000.0,,1342.0,1414.16,1963.52,1475.24,2048.34,1498.29,2080.33,0.79,1.77,CLUSTER,False,True,8.566666666666666,585
4210.0,,0.344,-30.32,9.71,15055.67,metal loss,External,23.0,0.079,,,1.58,1.77,8:05,,,0.7,40.58,,MFL-A/XT,,1160.0,65000.0,,1342.0,1449.14,2012.1,1517.74,2107.34,1520.03,2110.53,0.76,1.82,METAL_LOSS,False,True,8.083333333333334,586
4210.0,,0.344,-30.35,9.68,15055.7,metal loss,External,46.0,0.158,,,1.18,1.61,8:47,,,0.7,40.58,,MFL-A/XT,,1160.0,65000.0,,1342.0,1437.45,1995.87,1501.56,2084.88,1508.87,2095.03,0.77,1.8,METAL_LOSS,False,True,8.783333333333333,587
4220.0,,0.344,-8.64,31.47,15074.02,metal loss,External,20.0,0.069,,,0.71,1.3,5:33,,,0.7,40.02,,MFL-A/XT,,1160.0,65000.0,,1342.0,1470.9,2042.3,1542.66,2141.95,1542.97,2142.38,0.75,1.85,METAL_LOSS,False,True,5.55,597
4220.0,,0.344,-8.8,31.31,15074.18,metal loss,External,26.0,0.089,,,0.59,0.94,5:40,,,0.7,40.01,,MFL-A/XT,,1160.0,65000.0,,1342.0,1471.16,2042.67,1542.88,2142.24,1543.4,2142.97,0.75,1.85,METAL_LOSS,False,True,5.666666666666667,598
4220.0,,0.344,-20.69,19.41,15086.08,metal loss,External,12.0,0.041,,,0.87,2.17,4:14,,,0.7,39.72,,MFL-A/XT,,1160.0,65000.0,,1342.0,,,,,,,,,METAL_LOSS,False,True,4.233333333333333,601
4220.0,,0.344,-21.22,18.88,15086.61,metal loss,External,10.0,0.034,,,0.67,0.79,5:06,,,0.7,39.71,,MFL-A/XT,,1160.0,65000.0,,1342.0,,,,,,,,,METAL_LOSS,False,True,5.1,604
4220.0,,0.344,-27.59,12.52,15092.97,metal loss,External,11.0,0.038,,,0.83,0.63,7:57,,,0.7,39.57,,MFL-A/XT,,1160.0,65000.0,,1342.0,,,,,,,,,METAL_LOSS,False,True,7.95,606
4220.0,,0.344,-27.6,12.5,15092.99,metal loss,External,31.0,0.107,,,0.98,1.38,8:17,,,0.7,39.57,,MFL-A/XT,,1160.0,65000.0,,1342.0,1459.53,2026.52,1529.44,2123.59,1531.6,2126.59,0.76,1.83,METAL_LOSS,False,True,8.283333333333333,607
4220.0,,0.344,-28.59,11.51,15093.97,metal loss,External,10.0,0.034,,,0.59,1.06,9:19,,,0.7,39.55,,MFL-A/XT,,1160.0,65000.0,,1342.0,,,,,,,,,METAL_LOSS,False,True,9.316666666666666,609
4220.0,,0.344,-29.48,10.63,15094.86,metal loss,External,19.0,0.065,,,0.67,1.61,1:08,,,0.7,39.53,,MFL-A/XT,,1160.0,65000.0,,1342.0,1471.68,2043.39,,,,,,,METAL_LOSS,False,True,1.1333333333333333,610
4220.0,,0.344,-29.56,10.54,15094.95,metal loss,External,27.0,0.093,,,0.47,0.94,9:16,,,0.7,39.53,,MFL-A/XT,,1160.0,65000.0,,1342.0,1472.82,2044.98,1544.73,2144.82,1545.1,2145.34,0.75,1.85,METAL_LOSS,False,True,9.266666666666667,611
4220.0,,0.344,-29.69,10.42,15095.07,metal loss,External,49.0,0.169,,,1.02,1.89,9:09,,,0.7,39.53,,MFL-A/XT,,1160.0,65000.0,,1342.0,1443.37,2004.08,1508.34,2094.29,1514.94,2103.46,0.77,1.81,METAL_LOSS,False,True,9.15,612
4220.0,,0.344,-29.91,10.2,15095.29,cluster,External,43.0,0.148,,,1.38,1.78,9:22,,,0.7,39.52,,,,1160.0,65000.0,,1342.0,1429.68,1985.07,1492.54,2072.35,1522.17,2113.5,0.78,1.79,CLUSTER,False,True,9.366666666666667,613
4220.0,,0.344,-30.25,9.85,15095.63,metal loss,External,29.0,0.1,,,0.51,1.02,9:30,,,0.7,39.52,,MFL-A/XT,,1160.0,65000.0,,1342.0,1471.74,2043.47,1543.48,2143.09,1544.02,2143.83,0.75,1.85,METAL_LOSS,False,True,9.5,614
4220.0,,0.344,-30.92,9.18,15096.31,metal loss,External,10.0,0.034,,,0.59,1.02,12:14,,,0.7,39.5,,MFL-A/XT,,1160.0,65000.0,,1342.0,,,,,,,,,METAL_LOSS,False,True,12.233333333333333,616
4220.0,,0.344,-31.5,8.6,15096.88,metal loss,External,40.0,0.138,,,0.75,1.36,9:05,,,0.7,39.49,,MFL-A/XT,,1160.0,65000.0,,1342.0,1462.49,2030.63,1532.42,2127.73,1534.7,2130.9,0.76,1.83,METAL_LOSS,False,True,9.083333333333334,617
4220.0,,0.344,-31.7,8.4,15097.09,metal loss,External,30.0,0.103,,,1.65,1.97,8:59,,,0.7,39.49,,MFL-A/XT,,1160.0,65000.0,,1342.0,1436.29,1994.25,1502.15,2085.7,1507.15,2092.64,0.77,1.8,METAL_LOSS,False,True,8.983333333333333,618
4220.0,,0.344,-32.99,7.11,15098.37,cluster,External,38.0,0.131,,,3.24,1.38,9:10,,,0.7,39.47,,,,1160.0,65000.0,,1342.0,1342.04,1863.39,1382.38,1919.41,1464.57,2033.52,0.84,1.65,CLUSTER,False,True,9.166666666666666,619
4220.0,,0.344,-33.48,6.63,15098.86,metal loss,External,13.0,0.045,,,0.55,0.94,8:57,,,0.7,39.46,,MFL-A/XT,,1160.0,65000.0,,1342.0,1474.18,2046.86,,,,,,,METAL_LOSS,False,True,8.95,620
4240.0,,0.344,-39.09,0.84,15184.54,metal loss,External,24.0,0.083,,,0.71,2.05,5:08,,,0.7,38.01,,MFL-A/XT,,1160.0,65000.0,,1342.0,1469.64,2040.56,1541.2,2139.92,1541.8,2140.75,0.75,1.84,METAL_LOSS,False,True,5.133333333333334,627
4270.0,,0.344,-10.76,0.13,15275.43,metal loss,External,10.0,0.034,,,1.22,1.81,9:07,affecting girth weld,,0.7,37.77,,MFL-A/XT,,1160.0,65000.0,,1342.0,,,,,,,,,METAL_LOSS,False,True,9.116666666666667,634
4300.0,,0.344,-0.67,16.62,15295.63,metal loss,External,10.0,0.034,,,1.38,2.72,2:23,,,1.0,35.18,,MFL-A/XT,,1160.0,65000.0,,1342.0,,,,,,,,,METAL_LOSS,False,True,2.3833333333333333,641
4390.0,,0.344,-15.61,9.58,15454.72,metal loss,External,21.0,0.072,,,0.35,0.67,9:45,,,3.6,56.83,,MFL-A/XT,,1160.0,65000.0,,1342.0,1474.71,2047.59,1546.87,2147.79,1546.97,2147.93,0.75,1.85,METAL_LOSS,False,True,9.75,659
4660.0,,0.344,-33.2,6.9,16532.64,metal loss,External,12.0,0.041,,,1.02,1.69,6:36,,,1.0,248.14,,MFL-A/XT,,1160.0,65000.0,,1342.0,,,,,,,,,METAL_LOSS,False,True,6.6,695
4690.0,,0.344,-0.81,39.32,16620.54,metal loss,External,13.0,0.045,,,0.51,0.94,7:30,,,0.7,249.3,,MFL-A/XT,,1160.0,65000.0,,1342.0,1474.51,2047.32,,,,,,,METAL_LOSS,False,True,7.5,704
4690.0,,0.344,-0.82,39.31,16620.54,metal loss,External,16.0,0.055,,,1.38,5.55,4:56,,,0.7,249.3,,MFL-A/XT,,1160.0,65000.0,,1342.0,1462.03,2029.99,,,,,,,METAL_LOSS,False,True,4.933333333333334,705
4690.0,,0.344,-0.93,39.2,16620.66,metal loss,External,10.0,0.034,,,0.55,0.59,6:32,,,0.7,249.3,,MFL-A/XT,,1160.0,65000.0,,1342.0,,,,,,,,,METAL_LOSS,False,True,6.533333333333333,708
4700.0,,0.344,-39.24,0.87,16699.09,metal loss,External,13.0,0.045,,,0.71,2.52,5:56,Recoat,,1.0,249.37,,MFL-A/XT,,1160.0,65000.0,,1342.0,1472.92,2045.12,,,,,,,METAL_LOSS,False,True,5.933333333333334,712
4700.0,,0.344,-39.26,0.84,16699.12,metal loss,External,16.0,0.055,,,0.59,1.02,9:01,Recoat,,1.0,249.37,,MFL-A/XT,,1160.0,65000.0,,1342.0,1473.33,2045.68,,,,,,,METAL_LOSS,False,True,9.016666666666667,714
4710.0,,0.344,-0.75,39.37,16700.71,metal loss,External,13.0,0.045,,,0.91,2.48,6:04,Repaired?,,0.7,249.36,,MFL-A/XT,,1160.0,65000.0,,1342.0,1470.89,2042.3,,,,,,,METAL_LOSS,False,True,6.066666666666666,717
4710.0,,0.344,-0.84,39.28,16700.8,cluster,External,22.0,0.076,,,2.4,4.61,6:08,Repaired?,,0.7,249.36,,,,1160.0,65000.0,,1342.0,1427.36,1981.86,1491.66,2071.13,1489.98,2068.8,0.78,1.79,CLUSTER,False,True,6.133333333333334,720
4900.0,,0.344,-39.15,0.87,17473.17,metal loss,External,10.0,0.034,,,0.98,3.78,6:11,Recoat,,0.7,402.21,,MFL-A/XT,,1160.0,65000.0,,1342.0,,,,,,,,,METAL_LOSS,False,True,6.183333333333334,747
5100.0,,0.344,-39.06,0.95,18203.62,metal loss,External,12.0,0.041,,,0.67,0.75,5:56,,,0.7,371.45,,MFL-A/XT,,1160.0,65000.0,,1342.0,,,,,,,,,METAL_LOSS,False,True,5.933333333333334,771
5120.0,,0.344,-0.81,39.17,18213.58,metal loss,External,31.0,0.107,,,0.83,2.48,6:05,,,0.7,370.82,,MFL-A/XT,,1160.0,65000.0,,1342.0,1464.13,2032.91,1534.75,2130.96,1536.32,2133.14,0.76,1.84,METAL_LOSS,False,True,6.083333333333333,775
5270.0,,0.344,-35.01,0.31,18841.84,metal loss,External,10.0,0.034,,,1.38,4.45,11:42,near girth weld Recoat,,0.7,589.95,,MFL-A/XT,,1160.0,65000.0,,1342.0,,,,,,,,,METAL_LOSS,False,True,11.7,793
5270.0,,0.344,-35.05,0.27,18841.88,cluster,External,54.0,0.186,,,2.53,18.14,6:17,affecting girth weld Recoat,,0.7,589.97,,,,1160.0,65000.0,,1342.0,1318.15,1830.22,1345.19,1867.76,1421.64,1973.91,0.86,1.61,CLUSTER,False,True,6.283333333333333,794
5270.0,,0.344,-35.19,0.13,18842.02,metal loss,External,12.0,0.041,,,0.63,5.35,12:03,near girth weld Recoat,,0.7,590.03,,MFL-A/XT,,1160.0,65000.0,,1342.0,,,,,,,,,METAL_LOSS,False,True,12.05,795
5270.0,,0.344,-35.2,0.12,18842.02,metal loss,External,18.0,0.062,,,0.47,1.22,11:38,near girth weld Recoat,,0.7,590.03,,MFL-A/XT,,1160.0,65000.0,,1342.0,1473.99,2046.6,,,,,,,METAL_LOSS,False,True,11.633333333333333,796
5400.0,,0.344,-39.07,0.86,19323.51,metal loss,External,16.0,0.055,,,0.63,2.21,5:19,,,0.7,545.43,,MFL-A/XT,,1160.0,65000.0,,1342.0,1472.97,2045.19,,,,,,,METAL_LOSS,False,True,5.316666666666666,813
5400.0,,0.344,-39.79,0.14,19324.23,metal loss,External,11.0,0.038,,,0.47,0.91,7:42,near girth weld,,0.7,545.29,,MFL-A/XT,,1160.0,65000.0,,1342.0,,,,,,,,,METAL_LOSS,False,True,7.7,814
5620.0,,0.344,-39.29,0.86,20203.62,metal loss,External,10.0,0.034,,,0.43,1.34,5:48,,,0.7,367.68,,MFL-A/XT,,1160.0,65000.0,,1342.0,,,,,,,,,METAL_LOSS,False,True,5.8,837
5660.0,,0.344,-39.09,1.04,20363.63,cluster,External,34.0,0.117,,,1.98,1.68,6:41,,,0.7,316.04,,,,1160.0,65000.0,,1342.0,1415.09,1964.81,1476.02,2049.42,1510.75,2097.64,0.79,1.77,CLUSTER,False,True,6.683333333333334,842
5660.0,,0.344,-39.28,0.84,20363.82,metal loss,External,25.0,0.086,,,0.75,1.89,7:17,,,0.7,315.98,,MFL-A/XT,,1160.0,65000.0,,1342.0,1468.39,2038.82,1539.78,2137.94,1540.54,2139.0,0.75,1.84,METAL_LOSS,False,True,7.283333333333333,843
5680.0,,0.344,-37.59,1.11,20442.48,metal loss,External,19.0,0.065,,,1.22,2.09,5:54,,,0.7,290.5,,MFL-A/XT,,1160.0,65000.0,,1342.0,1462.3,2030.37,,,,,,,METAL_LOSS,False,True,5.9,846
5840.0,,0.344,-39.16,0.86,21048.9,metal loss,External,25.0,0.086,,,0.55,1.73,6:11,,,0.7,148.6,,MFL-A/XT,,1160.0,65000.0,,1342.0,1471.95,2043.76,1543.77,2143.49,1544.19,2144.07,0.75,1.85,METAL_LOSS,False,True,6.183333333333334,863
5870.0,,0.344,-39.16,0.85,21150.01,metal loss,External,11.0,0.038,,,0.47,0.98,6:32,,,0.7,144.88,,MFL-A/XT,,1160.0,65000.0,,1342.0,,,,,,,,,METAL_LOSS,False,True,6.533333333333333,868
5910.0,,0.344,-39.18,0.87,21310.24,metal loss,External,32.0,0.11,,,0.75,2.32,5:29,Recoat,,0.7,140.75,,MFL-A/XT,,1160.0,65000.0,,1342.0,1465.95,2035.43,1536.81,2133.82,1538.18,2135.73,0.75,1.84,METAL_LOSS,False,True,5.483333333333333,875
5910.0,,0.344,-39.2,0.85,21310.26,metal loss,External,17.0,0.058,,,0.55,1.06,4:36,Recoat,,0.7,140.75,,MFL-A/XT,,1160.0,65000.0,,1342.0,1473.48,2045.89,,,,,,,METAL_LOSS,False,True,4.6,876
5920.0,,0.344,-0.64,39.36,21311.75,metal loss,External,11.0,0.038,,,1.06,0.94,5:27,Recoat,,0.7,140.72,,MFL-A/XT,,1160.0,65000.0,,1342.0,,,,,,,,,METAL_LOSS,False,True,5.45,878
5920.0,,0.344,-0.72,39.29,21311.82,cluster,External,49.0,0.169,,,1.62,8.48,7:22,Recoat,,0.7,140.72,,,,1160.0,65000.0,,1342.0,1403.7,1949.01,1458.71,2025.38,1471.3,2042.86,0.8,1.75,CLUSTER,False,True,7.366666666666666,879
5920.0,,0.344,-0.73,39.27,21311.84,metal loss,External,24.0,0.083,,,0.94,1.89,9:04,Recoat,,0.7,140.72,,MFL-A/XT,,1160.0,65000.0,,1342.0,1464.79,2033.83,1535.73,2132.33,1536.78,2133.77,0.76,1.84,METAL_LOSS,False,True,9.066666666666666,880
5920.0,,0.344,-0.75,39.25,21311.86,metal loss,External,17.0,0.058,,,0.87,3.03,3:37,Recoat,,0.7,140.72,,MFL-A/XT,,1160.0,65000.0,,1342.0,1469.75,2040.72,,,,,,,METAL_LOSS,False,True,3.6166666666666667,881
5920.0,,0.344,-0.75,39.25,21311.86,metal loss,External,14.0,0.048,,,0.35,0.59,4:30,Recoat,,0.7,140.72,,MFL-A/XT,,1160.0,65000.0,,1342.0,1475.26,2048.36,,,,,,,METAL_LOSS,False,True,4.5,882
5920.0,,0.344,-0.81,39.19,21311.92,metal loss,External,26.0,0.089,,,0.59,1.5,5:21,Recoat,,0.7,140.72,,MFL-A/XT,,1160.0,65000.0,,1342.0,1470.96,2042.39,1542.65,2141.93,1543.19,2142.69,0.75,1.85,METAL_LOSS,False,True,5.35,883
5920.0,,0.344,-0.83,39.18,21311.94,metal loss,External,31.0,0.107,,,0.55,2.44,4:37,Recoat,,0.7,140.72,,MFL-A/XT,,1160.0,65000.0,,1342.0,1470.67,2041.98,1542.24,2141.36,1542.95,2142.35,0.75,1.85,METAL_LOSS,False,True,4.616666666666667,884
5920.0,,0.344,-0.99,39.01,21312.1,metal loss,External,17.0,0.058,,,0.47,0.98,4:24,Recoat,,0.7,140.71,,MFL-A/XT,,1160.0,65000.0,,1342.0,1474.23,2046.93,,,,,,,METAL_LOSS,False,True,4.4,885
5920.0,,0.344,-25.86,14.14,21336.97,metal loss,External,24.0,0.083,,,1.18,1.61,6:23,Repaired?,,0.7,140.15,,MFL-A/XT,,1160.0,65000.0,,1342.0,1459.26,2026.15,1529.42,2123.57,1530.98,2125.72,0.76,1.83,METAL_LOSS,False,True,6.383333333333334,889
5920.0,,0.344,-26.1,13.91,21337.2,cluster,External,35.0,0.12,,,1.92,4.23,6:16,Repaired?,,0.7,140.15,,,,1160.0,65000.0,,1342.0,1414.76,1964.35,1475.49,2048.68,1482.5,2058.41,0.79,1.77,CLUSTER,False,True,6.266666666666667,890
5930.0,,0.344,-16.0,24.07,21367.11,metal loss,External,11.0,0.038,,,1.61,2.21,5:25,,,0.7,139.46,,MFL-A/XT,,1160.0,65000.0,,1342.0,,,,,,,,,METAL_LOSS,False,True,5.416666666666667,894
5930.0,,0.344,-16.56,23.51,21367.67,metal loss,External,15.0,0.052,,,1.93,2.6,6:04,,,0.7,139.44,,MFL-A/XT,,1160.0,65000.0,,1342.0,1453.11,2017.6,,,,,,,METAL_LOSS,False,True,6.066666666666666,895
5930.0,,0.344,-17.32,22.75,21368.43,metal loss,External,10.0,0.034,,,1.93,1.93,7:03,,,0.7,139.42,,MFL-A/XT,,1160.0,65000.0,,1342.0,,,,,,,,,METAL_LOSS,False,True,7.05,896
5930.0,,0.344,-17.77,22.29,21368.88,metal loss,External,11.0,0.038,,,1.14,2.09,6:54,,,0.7,139.41,,MFL-A/XT,,1160.0,65000.0,,1342.0,,,,,,,,,METAL_LOSS,False,True,6.9,897
5930.0,,0.344,-18.15,21.91,21369.26,metal loss,External,14.0,0.048,,,1.14,0.67,6:34,,,0.7,139.4,,MFL-A/XT,,1160.0,65000.0,,1342.0,1467.5,2037.59,,,,,,,METAL_LOSS,False,True,6.566666666666666,898
5930.0,,0.344,-18.21,21.86,21369.32,metal loss,External,19.0,0.065,,,1.73,1.81,4:57,,,0.7,139.4,,MFL-A/XT,,1160.0,65000.0,,1342.0,1451.09,2014.8,,,,,,,METAL_LOSS,False,True,4.95,899
5930.0,,0.344,-18.38,21.68,21369.49,metal loss,External,13.0,0.045,,,1.06,1.97,5:46,,,0.7,139.4,,MFL-A/XT,,1160.0,65000.0,,1342.0,1469.08,2039.78,,,,,,,METAL_LOSS,False,True,5.766666666666667,900
5930.0,,0.344,-18.45,21.62,21369.56,cluster,External,28.0,0.096,,,3.19,9.3,5:50,,,0.7,139.4,,,,1160.0,65000.0,,1342.0,1383.99,1921.63,1437.24,1995.57,1470.31,2041.49,0.81,1.72,CLUSTER,False,True,5.833333333333333,901
5930.0,,0.344,-18.46,21.61,21369.57,metal loss,External,10.0,0.034,,,0.39,0.59,6:24,,,0.7,139.4,,MFL-A/XT,,1160.0,65000.0,,1342.0,,,,,,,,,METAL_LOSS,False,True,6.4,902
5930.0,,0.344,-18.88,21.19,21369.99,metal loss,External,14.0,0.048,,,0.59,1.69,6:18,,,0.7,139.39,,MFL-A/XT,,1160.0,65000.0,,1342.0,1473.62,2046.09,,,,,,,METAL_LOSS,False,True,6.3,903
5930.0,,0.344,-19.02,21.05,21370.13,cluster,External,18.0,0.062,,,0.82,3.19,6:32,,,0.7,139.38,,,,1160.0,65000.0,,1342.0,1469.87,2040.88,,,,,,,CLUSTER,False,True,6.533333333333333,904
5930.0,,0.344,-19.27,20.8,21370.38,metal loss,External,10.0,0.034,,,1.18,5.04,5:02,,,0.7,139.38,,MFL-A/XT,,1160.0,65000.0,,1342.0,,,,,,,,,METAL_LOSS,False,True,5.033333333333333,905
5930.0,,0.344,-19.37,20.7,21370.48,metal loss,External,20.0,0.069,,,1.89,2.21,6:18,,,0.7,139.37,,MFL-A/XT,,1160.0,65000.0,,1342.0,1445.34,2006.81,1513.32,2101.21,1515.14,2103.73,0.77,1.81,METAL_LOSS,False,True,6.3,906
5930.0,,0.344,-20.1,19.96,21371.21,metal loss,External,14.0,0.048,,,1.97,3.58,5:38,,,0.7,139.36,,MFL-A/XT,,1160.0,65000.0,,1342.0,1454.15,2019.05,,,,,,,METAL_LOSS,False,True,5.633333333333333,907
5930.0,,0.344,-31.29,8.77,21382.4,metal loss,External,24.0,0.083,,,1.42,3.23,4:49,,,0.7,139.17,,MFL-A/XT,,1160.0,65000.0,,1342.0,1452.69,2017.03,1521.84,2113.04,1524.0,2116.04,0.76,1.82,METAL_LOSS,False,True,4.816666666666666,909
5930.0,,0.344,-32.76,7.3,21383.87,metal loss,External,12.0,0.041,,,1.81,1.85,4:38,,,0.7,139.17,,MFL-A/XT,,1160.0,65000.0,,1342.0,,,,,,,,,METAL_LOSS,False,True,4.633333333333333,910
5930.0,,0.344,-33.06,7.01,21384.17,metal loss,External,13.0,0.045,,,0.55,1.02,4:19,,,0.7,139.17,,MFL-A/XT,,1160.0,65000.0,,1342.0,1474.18,2046.86,,,,,,,METAL_LOSS,False,True,4.316666666666666,911
5930.0,,0.344,-33.27,6.8,21384.38,cluster,External,23.0,0.079,,,3.0,3.44,4:43,,,0.7,139.17,,,,1160.0,65000.0,,1342.0,1407.81,1954.71,1467.33,2037.35,1485.78,2062.96,0.79,1.76,CLUSTER,False,True,4.716666666666667,912
5930.0,,0.344,-33.27,6.79,21384.38,metal loss,External,47.0,0.162,,,1.1,1.22,3:57,,,0.7,139.17,,MFL-A/XT,,1160.0,65000.0,,1342.0,1440.52,2000.12,1505.16,2089.88,1512.04,2099.43,0.77,1.8,METAL_LOSS,False,True,3.95,913
5930.0,,0.344,-33.28,6.78,21384.39,metal loss,External,12.0,0.041,,,0.63,1.89,4:34,,,0.7,139.17,,MFL-A/XT,,1160.0,65000.0,,1342.0,,,,,,,,,METAL_LOSS,False,True,4.566666666666666,914
5930.0,,0.344,-33.43,6.63,21384.54,metal loss,External,10.0,0.034,,,0.51,0.98,4:25,,,0.7,139.17,,MFL-A/XT,,1160.0,65000.0,,1342.0,,,,,,,,,METAL_LOSS,False,True,4.416666666666667,915
5930.0,,0.344,-33.47,6.59,21384.58,cluster,External,47.0,0.162,,,5.38,5.45,4:05,,,0.7,139.17,,,,1160.0,65000.0,,1342.0,1207.22,1676.19,1198.93,1664.69,1370.96,1903.54,0.97,1.44,CLUSTER,False,True,4.083333333333333,916
5930.0,,0.344,-33.52,6.54,21384.63,metal loss,External,11.0,0.038,,,0.32,0.75,4:24,,,0.7,139.17,,MFL-A/XT,,1160.0,65000.0,,1342.0,,,,,,,,,METAL_LOSS,False,True,4.4,917
5930.0,,0.344,-34.28,5.78,21385.39,metal loss,External,25.0,0.086,,,1.46,1.89,4:40,,,0.7,139.17,,MFL-A/XT,,1160.0,65000.0,,1342.0,1450.45,2013.92,1519.19,2109.36,1521.73,2112.88,0.76,1.82,METAL_LOSS,False,True,4.666666666666667,918
5930.0,,0.344,-34.58,5.49,21385.69,metal loss,External,14.0,0.048,,,1.5,1.97,4:39,,,0.7,139.17,,MFL-A/XT,,1160.0,65000.0,,1342.0,1462.07,2030.04,,,,,,,METAL_LOSS,False,True,4.65,919
5930.0,,0.344,-39.17,0.89,21390.28,metal loss,External,54.0,0.186,,,1.14,3.64,7:23,Repaired?,,0.7,139.16,,MFL-A/XT,,1160.0,65000.0,,1342.0,1429.89,1985.36,1490.39,2069.36,1500.65,2083.61,0.78,1.78,METAL_LOSS,False,True,7.383333333333334,922
5940.0,,0.344,-0.65,39.45,21391.82,cluster,External,45.0,0.155,,,2.11,5.13,8:41,Recoat,,0.7,139.16,,,,1160.0,65000.0,,1342.0,1378.11,1913.47,1427.43,1981.95,1501.61,2084.95,0.81,1.71,CLUSTER,False,True,8.683333333333334,925
5940.0,,0.344,-0.66,39.43,21391.84,cluster,External,27.0,0.093,,,1.82,3.06,3:21,Recoat,,0.7,139.16,,,,1160.0,65000.0,,1342.0,1435.58,1993.27,1501.5,2084.79,1514.44,2102.76,0.77,1.8,CLUSTER,False,True,3.35,926
5940.0,,0.344,-0.72,39.38,21391.89,cluster,External,23.0,0.079,,,1.34,8.59,6:54,Recoat,,0.7,139.16,,,,1160.0,65000.0,,1342.0,1455.92,2021.5,1525.61,2118.27,1526.65,2119.71,0.76,1.83,CLUSTER,False,True,6.9,927
5940.0,,0.344,-0.77,39.32,21391.95,metal loss,External,13.0,0.045,,,2.09,11.57,4:32,Recoat,,0.7,139.16,,MFL-A/XT,,1160.0,65000.0,,1342.0,1454.11,2018.99,,,,,,,METAL_LOSS,False,True,4.533333333333333,928
5940.0,,0.344,-0.78,39.31,21391.96,metal loss,External,19.0,0.065,,,0.83,1.38,10:43,Recoat,,0.7,139.16,,MFL-A/XT,,1160.0,65000.0,,1342.0,1469.45,2040.3,,,,,,,METAL_LOSS,False,True,10.716666666666667,929
5950.0,,0.344,-37.06,3.01,21468.32,cluster,External,26.0,0.089,,,2.33,8.4,6:09,Recoat,,0.7,139.35,,,,1160.0,65000.0,,1342.0,1419.74,1971.28,1482.31,2058.14,1502.26,2085.86,0.78,1.77,CLUSTER,False,True,6.15,933
5950.0,,0.344,-37.08,2.99,21468.35,metal loss,External,12.0,0.041,,,0.59,0.98,5:40,Recoat,,0.7,139.35,,MFL-A/XT,,1160.0,65000.0,,1342.0,,,,,,,,,METAL_LOSS,False,True,5.666666666666667,934
5950.0,,0.344,-37.15,2.92,21468.42,metal loss,External,11.0,0.038,,,0.71,0.59,5:53,Recoat,,0.7,139.35,,MFL-A/XT,,1160.0,65000.0,,1342.0,,,,,,,,,METAL_LOSS,False,True,5.883333333333333,935
5950.0,,0.344,-37.16,2.9,21468.43,metal loss,External,13.0,0.045,,,0.51,0.63,5:39,Recoat,,0.7,139.35,,MFL-A/XT,,1160.0,65000.0,,1342.0,1474.51,2047.32,,,,,,,METAL_LOSS,False,True,5.65,936
5950.0,,0.344,-37.31,2.75,21468.58,metal loss,External,13.0,0.045,,,1.61,1.85,5:46,Recoat,,0.7,139.35,,MFL-A/XT,,1160.0,65000.0,,1342.0,1461.53,2029.3,,,,,,,METAL_LOSS,False,True,5.766666666666667,937
5950.0,,0.344,-37.32,2.75,21468.59,metal loss,External,12.0,0.041,,,0.43,0.59,6:00,Recoat,,0.7,139.35,,MFL-A/XT,,1160.0,65000.0,,1342.0,,,,,,,,,METAL_LOSS,False,True,6.0,938
5950.0,,0.344,-37.41,2.66,21468.68,metal loss,External,38.0,0.131,,,1.3,0.79,6:28,Recoat,,0.7,139.35,,MFL-A/XT,,1160.0,65000.0,,1342.0,1440.7,2000.38,1506.65,2091.94,1512.26,2099.74,0.77,1.8,METAL_LOSS,False,True,6.466666666666667,939
5950.0,,0.344,-37.42,2.65,21468.69,metal loss,External,32.0,0.11,,,1.89,5.35,7:07,Recoat,,0.7,139.35,,MFL-A/XT,,1160.0,65000.0,,1342.0,1422.65,1975.31,1485.5,2062.57,1492.68,2072.54,0.78,1.78,METAL_LOSS,False,True,7.116666666666666,940
5980.0,,0.344,-0.86,39.17,21552.33,metal loss,External,11.0,0.038,,,0.59,0.67,5:29,,,0.7,139.9,,MFL-A/XT,,1160.0,65000.0,,1342.0,,,,,,,,,METAL_LOSS,False,True,5.483333333333333,945
6010.0,,0.344,-38.67,1.22,21710.28,metal loss,External,16.0,0.055,,,0.55,1.3,5:26,,,0.7,136.01,,MFL-A/XT,,1160.0,65000.0,,1342.0,1473.66,2046.14,,,,,,,METAL_LOSS,False,True,5.433333333333334,949
6060.0,,0.344,-11.13,28.98,21845.43,metal loss,External,19.0,0.065,,,0.75,1.46,6:54,,,0.7,106.91,,MFL-A/XT,,1160.0,65000.0,,1342.0,1470.7,2042.03,,,,,,,METAL_LOSS,False,True,6.9,955
6060.0,,0.344,-39.22,0.88,21873.53,metal loss,External,34.0,0.117,,,0.75,1.5,5:21,,,0.7,107.89,,MFL-A/XT,,1160.0,65000.0,,1342.0,1464.78,2033.82,1535.39,2131.85,1537.02,2134.11,0.76,1.84,METAL_LOSS,False,True,5.35,956
6060.0,,0.344,-39.23,0.87,21873.53,metal loss,External,11.0,0.038,,,0.63,1.3,4:19,,,0.7,107.89,,MFL-A/XT,,1160.0,65000.0,,1342.0,,,,,,,,,METAL_LOSS,False,True,4.316666666666666,957
6070.0,,0.344,-0.81,39.29,21875.21,metal loss,External,18.0,0.062,,,0.79,5.75,7:34,,,0.7,108.09,,MFL-A/XT,,1160.0,65000.0,,1342.0,1470.54,2041.81,,,,,,,METAL_LOSS,False,True,7.566666666666666,959
6070.0,,0.344,-0.82,39.27,21875.23,metal loss,External,12.0,0.041,,,1.34,0.98,3:44,,,0.7,108.09,,MFL-A/XT,,1160.0,65000.0,,1342.0,,,,,,,,,METAL_LOSS,False,True,3.7333333333333334,960
6070.0,,0.344,-0.85,39.24,21875.26,metal loss,External,19.0,0.065,,,0.91,4.17,4:24,,,0.7,108.1,,MFL-A/XT,,1160.0,65000.0,,1342.0,1468.11,2038.43,,,,,,,METAL_LOSS,False,True,4.4,961
6090.0,,0.344,-0.75,39.34,21955.27,metal loss,External,11.0,0.038,,,1.22,2.72,5:01,,,0.7,116.72,,MFL-A/XT,,1160.0,65000.0,,1342.0,,,,,,,,,METAL_LOSS,False,True,5.016666666666667,964
6100.0,,0.344,-39.16,0.91,22033.77,cluster,External,51.0,0.175,,,3.56,12.51,5:10,,,0.7,116.08,,,,1160.0,65000.0,,1342.0,1260.37,1750.0,1269.62,1762.84,1420.52,1972.35,0.91,1.52,CLUSTER,False,True,5.166666666666667,966
6100.0,,0.344,-39.17,0.89,22033.79,metal loss,External,21.0,0.072,,,1.42,3.78,8:51,,,0.7,116.08,,MFL-A/XT,,1160.0,65000.0,,1342.0,1456.06,2021.71,1525.84,2118.59,1527.21,2120.5,0.76,1.83,METAL_LOSS,False,True,8.85,967
6100.0,,0.344,-39.42,0.65,22034.04,metal loss,External,14.0,0.048,,,0.91,0.59,5:29,,,0.7,116.08,,MFL-A/XT,,1160.0,65000.0,,1342.0,1470.45,2041.68,,,,,,,METAL_LOSS,False,True,5.483333333333333,968
6100.0,,0.344,-39.44,0.63,22034.05,metal loss,External,13.0,0.045,,,0.43,0.67,6:33,,,0.7,116.08,,MFL-A/XT,,1160.0,65000.0,,1342.0,1474.95,2047.93,,,,,,,METAL_LOSS,False,True,6.55,969
6110.0,,0.344,-0.73,39.35,22035.41,metal loss,External,27.0,0.093,,,2.21,0.63,7:17,,,0.7,116.08,,MFL-A/XT,,1160.0,65000.0,,1342.0,1421.75,1974.07,1484.74,2061.53,1490.77,2069.89,0.78,1.78,METAL_LOSS,False,True,7.283333333333333,971
6110.0,,0.344,-0.78,39.3,22035.46,metal loss,External,14.0,0.048,,,1.89,2.01,6:46,,,0.7,116.08,,MFL-A/XT,,1160.0,65000.0,,1342.0,1455.4,2020.79,,,,,,,METAL_LOSS,False,True,6.766666666666667,972
6120.0,,0.344,-39.17,0.9,22113.93,metal loss,External,10.0,0.034,,,1.38,4.61,9:08,Recoat,,1.0,116.14,,MFL-A/XT,,1160.0,65000.0,,1342.0,,,,,,,,,METAL_LOSS,False,True,9.133333333333333,975
6120.0,,0.344,-39.18,0.9,22113.94,metal loss,External,28.0,0.096,,,1.38,7.99,7:24,Recoat,,1.0,116.14,,MFL-A/XT,,1160.0,65000.0,,1342.0,1449.2,2012.17,1517.57,2107.11,1520.69,2111.44,0.76,1.82,METAL_LOSS,False,True,7.4,976
6120.0,,0.344,-39.2,0.88,22113.96,metal loss,External,47.0,0.162,,,0.98,2.32,6:05,Recoat,,1.0,116.14,,MFL-A/XT,,1160.0,65000.0,,1342.0,1446.59,2008.56,1512.62,2100.23,1518.34,2108.17,0.77,1.81,METAL_LOSS,False,True,6.083333333333333,977
6120.0,,0.344,-39.2,0.88,22113.96,metal loss,External,54.0,0.186,,,1.02,4.33,4:42,Recoat,,1.0,116.14,,MFL-A/XT,,1160.0,65000.0,,1342.0,1437.45,1995.87,1499.97,2082.67,1508.59,2094.63,0.77,1.8,METAL_LOSS,False,True,4.7,978
6180.0,,0.344,-39.19,0.87,22354.2,metal loss,External,10.0,0.034,,,0.63,2.79,6:18,,,0.7,113.72,,MFL-A/XT,,1160.0,65000.0,,1342.0,,,,,,,,,METAL_LOSS,False,True,6.3,986
6180.0,,0.344,-39.19,0.87,22354.2,metal loss,External,15.0,0.052,,,0.75,2.84,4:45,,,0.7,113.72,,MFL-A/XT,,1160.0,65000.0,,1342.0,1471.98,2043.81,,,,,,,METAL_LOSS,False,True,4.75,987
6270.0,,0.344,-30.57,9.42,22682.66,metal loss,External,10.0,0.034,,,0.51,0.83,2:50,,,0.7,99.58,,MFL-A/XT,,1160.0,65000.0,,1342.0,,,,,,,,,METAL_LOSS,False,True,2.8333333333333335,997
6270.0,,0.344,-30.9,9.09,22682.99,metal loss manufacturing,,14.0,0.048,,,0.35,0.67,5:59,,,0.7,99.57,,MFL-A/XT,,1160.0,65000.0,,1342.0,,,,,,,,,METAL_LOSS_MFG,False,True,5.983333333333333,998
6310.0,,0.344,-0.98,39.06,22812.91,metal loss,External,11.0,0.038,,,0.83,1.61,6:15,,,0.7,95.07,,MFL-A/XT,,1160.0,65000.0,,1342.0,,,,,,,,,METAL_LOSS,False,True,6.25,1003
6350.0,,0.344,-34.62,5.44,23006.72,metal loss,External,12.0,0.041,,,0.59,1.22,6:49,,,0.7,78.06,,MFL-A/XT,,1160.0,65000.0,,1342.0,,,,,,,,,METAL_LOSS,False,True,6.816666666666666,1008
6350.0,,0.344,-34.9,5.16,23007.0,metal loss,External,13.0,0.045,,,0.59,0.67,6:33,,,0.7,78.03,,MFL-A/XT,,1160.0,65000.0,,1342.0,1473.91,2046.49,,,,,,,METAL_LOSS,False,True,6.55,1009
6350.0,,0.344,-34.95,5.11,23007.05,metal loss,External,19.0,0.065,,,0.47,0.79,6:54,,,0.7,78.03,,MFL-A/XT,,1160.0,65000.0,,1342.0,1473.85,2046.41,,,,,,,METAL_LOSS,False,True,6.9,1010
6350.0,,0.344,-35.39,4.67,23007.49,cluster,External,32.0,0.11,,,1.42,1.55,6:20,,,0.7,77.98,,,,1160.0,65000.0,,1342.0,1442.91,2003.44,1509.87,2096.42,1525.19,2117.69,0.77,1.81,CLUSTER,False,True,6.333333333333333,1011
6350.0,,0.344,-35.61,4.45,23007.71,metal loss,External,15.0,0.052,,,0.47,0.94,6:41,,,0.7,77.96,,MFL-A/XT,,1160.0,65000.0,,1342.0,1474.49,2047.29,,,,,,,METAL_LOSS,False,True,6.683333333333334,1012
6360.0,,0.344,-6.43,33.73,23018.59,metal loss,External,11.0,0.038,,,0.59,1.06,4:42,,,0.7,76.99,,MFL-A/XT,,1160.0,65000.0,,1342.0,,,,,,,,,METAL_LOSS,False,True,4.7,1015
6360.0,,0.344,-6.79,33.36,23018.95,metal loss,External,16.0,0.055,,,1.5,1.46,4:33,,,0.7,76.96,,MFL-A/XT,,1160.0,65000.0,,1342.0,1460.05,2027.25,,,,,,,METAL_LOSS,False,True,4.55,1016
6360.0,,0.344,-7.06,33.09,23019.23,metal loss,External,12.0,0.041,,,1.5,1.81,4:28,,,0.7,76.95,,MFL-A/XT,,1160.0,65000.0,,1342.0,,,,,,,,,METAL_LOSS,False,True,4.466666666666667,1017
6360.0,,0.344,-7.44,32.71,23019.6,metal loss,External,14.0,0.048,,,1.73,1.26,4:04,,,0.7,76.92,,MFL-A/XT,,1160.0,65000.0,,1342.0,1458.29,2024.8,,,,,,,METAL_LOSS,False,True,4.066666666666666,1018
6360.0,,0.344,-8.67,31.49,23020.83,metal loss,External,14.0,0.048,,,0.91,1.3,4:08,,,0.7,76.86,,MFL-A/XT,,1160.0,65000.0,,1342.0,1470.45,2041.68,,,,,,,METAL_LOSS,False,True,4.133333333333334,1019
6360.0,,0.344,-9.14,31.01,23021.31,metal loss,External,10.0,0.034,,,0.59,1.18,4:20,,,0.7,76.84,,MFL-A/XT,,1160.0,65000.0,,1342.0,,,,,,,,,METAL_LOSS,False,True,4.333333333333333,1020
6360.0,,0.344,-9.62,30.53,23021.79,metal loss,External,24.0,0.083,,,1.22,1.89,3:57,,,0.7,76.82,,MFL-A/XT,,1160.0,65000.0,,1342.0,1458.0,2024.4,1527.98,2121.56,1529.65,2123.88,0.76,1.83,METAL_LOSS,False,True,3.95,1021
6360.0,,0.344,-10.69,29.47,23022.85,metal loss,External,21.0,0.072,,,0.71,1.38,7:37,,,0.7,76.79,,MFL-A/XT,,1160.0,65000.0,,1342.0,1470.59,2041.88,1542.31,2141.46,1542.69,2141.99,0.75,1.85,METAL_LOSS,False,True,7.616666666666667,1022
6360.0,,0.344,-10.72,29.43,23022.89,metal loss,External,13.0,0.045,,,0.75,1.26,4:10,,,0.7,76.79,,MFL-A/XT,,1160.0,65000.0,,1342.0,1472.48,2044.51,,,,,,,METAL_LOSS,False,True,4.166666666666667,1023
6360.0,,0.344,-10.83,29.32,23023.0,metal loss,External,11.0,0.038,,,0.63,1.18,4:11,,,0.7,76.78,,MFL-A/XT,,1160.0,65000.0,,1342.0,,,,,,,,,METAL_LOSS,False,True,4.183333333333334,1024
6360.0,,0.344,-11.13,29.02,23023.3,metal loss,External,14.0,0.048,,,0.79,1.22,4:18,,,0.7,76.78,,MFL-A/XT,,1160.0,65000.0,,1342.0,1471.92,2043.73,,,,,,,METAL_LOSS,False,True,4.3,1025
6360.0,,0.344,-11.54,28.62,23023.7,metal loss,External,10.0,0.034,,,0.63,0.94,7:30,,,0.7,76.77,,MFL-A/XT,,1160.0,65000.0,,1342.0,,,,,,,,,METAL_LOSS,False,True,7.5,1026
6360.0,,0.344,-11.64,28.51,23023.8,metal loss,External,11.0,0.038,,,1.34,1.34,7:29,,,0.7,76.76,,MFL-A/XT,,1160.0,65000.0,,1342.0,,,,,,,,,METAL_LOSS,False,True,7.483333333333333,1027
6360.0,,0.344,-12.23,27.93,23024.39,metal loss,External,17.0,0.058,,,0.91,1.73,7:19,,,0.7,76.76,,MFL-A/XT,,1160.0,65000.0,,1342.0,1469.24,2040.0,,,,,,,METAL_LOSS,False,True,7.316666666666666,1028
6360.0,,0.344,-12.66,27.49,23024.82,metal loss,External,13.0,0.045,,,1.53,1.73,4:17,,,0.7,76.75,,MFL-A/XT,,1160.0,65000.0,,1342.0,1462.62,2030.82,,,,,,,METAL_LOSS,False,True,4.283333333333333,1029
6360.0,,0.344,-12.71,27.44,23024.88,metal loss,External,49.0,0.169,,,0.87,2.03,7:47,,,0.7,76.75,,MFL-A/XT,,1160.0,65000.0,,1342.0,1452.03,2016.1,1519.02,2109.12,1523.9,2115.89,0.76,1.82,METAL_LOSS,False,True,7.783333333333333,1030
6360.0,,0.344,-16.21,23.94,23028.38,metal loss,External,10.0,0.034,,,0.63,1.1,4:22,,,0.7,76.79,,MFL-A/XT,,1160.0,65000.0,,1342.0,,,,,,,,,METAL_LOSS,False,True,4.366666666666666,1031
6360.0,,0.344,-16.49,23.66,23028.66,cluster,External,29.0,0.1,,,1.38,3.65,3:52,,,0.7,76.8,,,,1160.0,65000.0,,1342.0,1448.1,2010.64,1516.22,2105.23,1522.21,2113.56,0.77,1.81,CLUSTER,False,True,3.8666666666666667,1032
6360.0,,0.344,-16.7,23.46,23028.86,metal loss,External,12.0,0.041,,,1.1,1.5,4:20,,,0.7,76.81,,MFL-A/XT,,1160.0,65000.0,,1342.0,,,,,,,,,METAL_LOSS,False,True,4.333333333333333,1033
6360.0,,0.344,-17.6,22.55,23029.76,metal loss,External,16.0,0.055,,,0.83,1.26,4:08,,,0.7,76.84,,MFL-A/XT,,1160.0,65000.0,,1342.0,1470.64,2041.95,,,,,,,METAL_LOSS,False,True,4.133333333333334,1034
6360.0,,0.344,-17.98,22.18,23030.14,metal loss,External,12.0,0.041,,,0.79,2.05,7:47,,,0.7,76.86,,MFL-A/XT,,1160.0,65000.0,,1342.0,,,,,,,,,METAL_LOSS,False,True,7.783333333333333,1035
6360.0,,0.344,-18.24,21.91,23030.41,metal loss,External,11.0,0.038,,,0.98,1.38,4:21,,,0.7,76.88,,MFL-A/XT,,1160.0,65000.0,,1342.0,,,,,,,,,METAL_LOSS,False,True,4.35,1036
6360.0,,0.344,-19.59,20.56,23031.76,metal loss,External,23.0,0.079,,,1.26,1.53,4:02,,,0.7,76.95,,MFL-A/XT,,1160.0,65000.0,,1342.0,1457.97,2024.35,1527.98,2121.56,1529.52,2123.7,0.76,1.83,METAL_LOSS,False,True,4.033333333333333,1037
6360.0,,0.344,-20.27,19.88,23032.43,metal loss,External,11.0,0.038,,,0.79,1.42,4:20,,,0.7,77.0,,MFL-A/XT,,1160.0,65000.0,,1342.0,,,,,,,,,METAL_LOSS,False,True,4.333333333333333,1038
6360.0,,0.344,-28.08,12.07,23040.25,metal loss,External,22.0,0.076,,,0.51,1.3,4:45,,,0.7,77.89,,MFL-A/XT,,1160.0,65000.0,,1342.0,1473.0,2045.22,1544.97,2145.16,1545.22,2145.5,0.75,1.85,METAL_LOSS,False,True,4.75,1039
6400.0,,0.344,-26.28,13.74,23198.67,metal loss manufacturing,,11.0,0.038,,,2.17,1.77,1:14,,,0.7,91.17,,MFL-A/XT,,1160.0,65000.0,,1342.0,,,,,,,,,METAL_LOSS_MFG,False,True,1.2333333333333334,1049
6520.0,,0.344,-0.75,39.21,23639.84,metal loss,External,19.0,0.065,,,0.79,3.98,3:51,,,0.7,92.1,,MFL-A/XT,,1160.0,65000.0,,1342.0,1470.18,2041.31,,,,,,,METAL_LOSS,False,True,3.85,1062
6520.0,,0.344,-27.94,12.02,23667.04,metal loss,External,15.0,0.052,,,0.87,3.66,11:28,,,0.7,91.34,,MFL-A/XT,,1160.0,65000.0,,1342.0,1470.59,2041.88,,,,,,,METAL_LOSS,False,True,11.466666666666667,1063
6520.0,,0.344,-28.22,11.75,23667.31,cluster,External,31.0,0.107,,,3.48,8.23,12:24,,,0.7,91.34,,,,1160.0,65000.0,,1342.0,1362.59,1891.92,1409.57,1957.16,1441.16,2001.01,0.82,1.69,CLUSTER,False,True,12.4,1064
6520.0,,0.344,-28.41,11.55,23667.5,metal loss,External,12.0,0.041,,,0.51,0.59,1:18,,,0.7,91.33,,MFL-A/XT,,1160.0,65000.0,,1342.0,,,,,,,,,METAL_LOSS,False,True,1.3,1065
6520.0,,0.344,-29.08,10.89,23668.17,metal loss,External,10.0,0.034,,,0.39,0.83,1:39,,,0.7,91.32,,MFL-A/XT,,1160.0,65000.0,,1342.0,,,,,,,,,METAL_LOSS,False,True,1.65,1066
6520.0,,0.344,-29.6,10.36,23668.7,metal loss,External,10.0,0.034,,,1.26,2.48,1:27,,,0.7,91.31,,MFL-A/XT,,1160.0,65000.0,,1342.0,,,,,,,,,METAL_LOSS,False,True,1.45,1067
6520.0,,0.344,-29.91,10.05,23669.0,metal loss,External,20.0,0.069,,,0.79,2.4,10:29,,,0.7,91.31,,MFL-A/XT,,1160.0,65000.0,,1342.0,1469.63,2040.54,1541.25,2139.99,1541.63,2140.52,0.75,1.84,METAL_LOSS,False,True,10.483333333333333,1068
6520.0,,0.344,-30.0,9.97,23669.09,metal loss,External,18.0,0.062,,,0.75,2.05,12:36,,,0.7,91.31,,MFL-A/XT,,1160.0,65000.0,,1342.0,1471.03,2042.48,,,,,,,METAL_LOSS,False,True,12.6,1069
6530.0,,0.344,-26.73,0.93,23705.79,cluster,External,48.0,0.165,,,1.81,5.32,2:52,Repaired?,,0.7,90.94,,,,1160.0,65000.0,,1342.0,1391.78,1932.46,1443.9,2004.82,1457.99,2024.39,0.8,1.73,CLUSTER,False,True,2.8666666666666667,1073
6530.0,,0.344,-26.75,0.91,23705.81,metal loss,External,61.0,0.21,,,1.42,7.24,6:17,Repaired?,,0.7,90.94,,MFL-A/XT,,1160.0,65000.0,,1342.0,1394.98,1936.89,1442.31,2002.6,1462.76,2031.0,0.8,1.73,METAL_LOSS,False,True,6.283333333333333,1074
6530.0,,0.344,-26.75,0.91,23705.81,metal loss,External,42.0,0.144,,,1.1,5.04,4:12,Repaired?,,0.7,90.94,,MFL-A/XT,,1160.0,65000.0,,1342.0,1445.68,2007.29,1512.16,2099.6,1517.46,2106.96,0.77,1.81,METAL_LOSS,False,True,4.2,1075
6530.0,,0.344,-26.76,0.91,23705.81,metal loss,External,21.0,0.072,,,1.22,3.9,7:47,Repaired?,,0.7,90.94,,MFL-A/XT,,1160.0,65000.0,,1342.0,1460.89,2028.41,1531.38,2126.28,1532.42,2127.73,0.76,1.83,METAL_LOSS,False,True,7.783333333333333,1076
6530.0,,0.344,-26.78,0.88,23705.83,metal loss,External,23.0,0.079,,,1.1,6.26,9:05,Repaired?,,0.7,90.94,,MFL-A/XT,,1160.0,65000.0,,1342.0,1461.83,2029.71,1532.39,2127.69,1533.61,2129.37,0.76,1.83,METAL_LOSS,False,True,9.083333333333334,1077
6540.0,,0.344,-0.77,39.23,23707.49,metal loss,External,70.0,0.241,,,0.55,1.14,5:10,Recoat,,0.7,90.91,,MFL-A/XT,,1160.0,65000.0,,1342.0,1457.78,2024.09,1523.05,2114.72,1529.01,2122.99,0.76,1.82,METAL_LOSS,False,True,5.166666666666667,1080
6550.0,,0.344,-39.06,0.92,23785.78,cluster,External,85.0,0.292,,,1.02,4.65,5:17,,,0.7,90.28,,,,1160.0,65000.0,,1342.0,,,,,,,,,CLUSTER,False,True,5.283333333333333,1083
6580.0,,0.344,-0.88,39.13,23867.6,metal loss,External,22.0,0.076,,,0.71,1.38,5:38,,,0.7,90.1,,MFL-A/XT,,1160.0,65000.0,,1342.0,1470.28,2041.44,1541.95,2140.96,1542.4,2141.58,0.75,1.85,METAL_LOSS,False,True,5.633333333333333,1087
6590.0,,0.344,-38.95,1.09,23945.68,metal loss,External,19.0,0.065,,,0.47,0.94,4:57,,,0.7,90.8,,MFL-A/XT,,1160.0,65000.0,,1342.0,1473.97,2046.57,,,,,,,METAL_LOSS,False,True,4.95,1089
6600.0,,0.344,-0.85,39.2,23947.62,metal loss,External,16.0,0.055,,,0.75,2.01,4:24,,,0.7,90.91,,MFL-A/XT,,1160.0,65000.0,,1342.0,1471.53,2043.18,,,,,,,METAL_LOSS,False,True,4.4,1091
6790.0,,0.344,-3.86,36.19,24696.32,metal loss,External,20.0,0.069,,,2.28,1.3,8:51,,,0.7,128.28,,MFL-A/XT,,1160.0,65000.0,,1342.0,1435.45,1993.09,1501.48,2084.76,1503.88,2088.1,0.77,1.8,METAL_LOSS,False,True,8.85,1112
6990.0,,0.344,-1.29,38.89,25487.18,metal loss,External,15.0,0.052,,,0.59,1.26,3:46,,,0.7,51.01,,MFL-A/XT,,1160.0,65000.0,,1342.0,1473.52,2045.95,,,,,,,METAL_LOSS,False,True,3.7666666666666666,1133
7010.0,,0.344,-23.97,16.3,25570.01,metal loss,External,12.0,0.041,,,1.26,1.77,4:17,,,0.7,24.56,,MFL-A/XT,,1160.0,65000.0,,1342.0,,,,,,,,,METAL_LOSS,False,True,4.283333333333333,1137
7120.0,,0.344,-1.1,39.18,25875.13,metal loss,External,14.0,0.048,,,1.3,2.91,2:10,,,1.0,22.89,,MFL-A/XT,,1160.0,65000.0,,1342.0,1465.25,2034.46,,,,,,,METAL_LOSS,False,True,2.1666666666666665,1150
7120.0,,0.344,-38.1,2.18,25912.13,metal loss manufacturing,,11.0,0.038,,,0.35,0.87,2:12,,,1.0,40.96,,MFL-A/XT,,1160.0,65000.0,,1342.0,,,,,,,,,METAL_LOSS_MFG,False,True,2.2,1151
7160.0,,0.344,-0.83,39.23,26035.21,metal loss,External,12.0,0.041,,,0.98,1.58,6:35,,,0.7,94.4,,MFL-A/XT,,1160.0,65000.0,,1342.0,,,,,,,,,METAL_LOSS,False,True,6.583333333333333,1156
7260.0,,0.344,-29.23,10.83,26444.25,metal loss manufacturing,,15.0,0.052,,,0.43,0.71,9:27,,,0.7,163.83,,MFL-A/XT,,1160.0,65000.0,,1342.0,,,,,,,,,METAL_LOSS_MFG,False,True,9.45,1168
7260.0,,0.344,-39.24,0.82,26454.26,metal loss,External,12.0,0.041,,,2.32,1.26,3:29,,,0.7,164.47,,MFL-A/XT,,1160.0,65000.0,,1342.0,,,,,,,,,METAL_LOSS,False,True,3.4833333333333334,1169
7380.0,,0.344,-39.0,1.22,26906.78,metal loss,External,35.0,0.12,,,0.71,1.3,7:25,Recoat,,1.0,155.25,,MFL-A/XT,,1160.0,65000.0,,1342.0,1465.75,2035.15,1536.47,2133.35,1538.0,2135.48,0.75,1.84,METAL_LOSS,False,True,7.416666666666667,1183
7380.0,,0.344,-39.33,0.89,26907.12,metal loss,External,40.0,0.138,,,0.94,1.81,7:44,Recoat,,1.0,155.1,,MFL-A/XT,,1160.0,65000.0,,1342.0,1455.08,2020.34,1523.63,2115.53,1527.14,2120.4,0.76,1.82,METAL_LOSS,False,True,7.733333333333333,1184
7380.0,,0.344,-39.34,0.88,26907.12,metal loss,External,44.0,0.151,,,0.67,1.06,6:04,Recoat,,1.0,155.1,,MFL-A/XT,,1160.0,65000.0,,1342.0,1463.33,2031.8,1533.19,2128.8,1535.54,2132.05,0.76,1.84,METAL_LOSS,False,True,6.066666666666666,1185
7380.0,,0.344,-39.34,0.88,26907.12,metal loss,External,13.0,0.045,,,0.63,1.18,8:51,Recoat,,1.0,155.1,,MFL-A/XT,,1160.0,65000.0,,1342.0,1473.54,2045.97,,,,,,,METAL_LOSS,False,True,8.85,1186
7380.0,,0.344,-39.35,0.86,26907.14,metal loss,External,55.0,0.189,,,0.87,4.84,4:39,Recoat,,1.0,155.09,,MFL-A/XT,,1160.0,65000.0,,1342.0,1447.44,2009.74,1512.4,2099.92,1518.95,2109.03,0.77,1.81,METAL_LOSS,False,True,4.65,1187
7380.0,,0.344,-39.58,0.64,26907.36,cluster,External,62.0,0.213,,,1.98,2.87,5:57,Recoat,,1.0,154.99,,,,1160.0,65000.0,,1342.0,1337.36,1856.9,1364.77,1894.96,1486.01,2063.29,0.85,1.63,CLUSTER,False,True,5.95,1188
7400.0,,0.344,-39.17,1.0,26970.0,metal loss,External,10.0,0.034,,,0.94,2.05,3:36,,,0.7,124.79,,MFL-A/XT,,1160.0,65000.0,,1342.0,,,,,,,,,METAL_LOSS,False,True,3.6,1193
7400.0,,0.344,-39.9,0.27,26970.73,metal loss,External,12.0,0.041,,,0.55,0.91,1:53,near girth weld,,0.7,124.43,,MFL-A/XT,,1160.0,65000.0,,1342.0,,,,,,,,,METAL_LOSS,False,True,1.8833333333333333,1194
7400.0,,0.344,-40.01,0.16,26970.84,metal loss,External,12.0,0.041,,,0.98,7.17,2:13,near girth weld,,0.7,124.38,,MFL-A/XT,,1160.0,65000.0,,1342.0,,,,,,,,,METAL_LOSS,False,True,2.216666666666667,1196
7420.0,,0.344,-0.88,29.29,26985.1,metal loss,External,23.0,0.079,,,0.63,2.01,11:56,,,0.7,123.83,,MFL-A/XT,,1160.0,65000.0,,1342.0,1471.13,2042.62,1542.88,2142.25,1543.31,2142.85,0.75,1.85,METAL_LOSS,False,True,11.933333333333334,1200
7420.0,,0.344,-0.9,29.28,26985.11,metal loss,External,11.0,0.038,,,0.55,1.18,5:22,,,0.7,123.84,,MFL-A/XT,,1160.0,65000.0,,1342.0,,,,,,,,,METAL_LOSS,False,True,5.366666666666666,1201
7420.0,,0.344,-0.92,29.26,26985.13,metal loss,External,11.0,0.038,,,0.75,1.58,2:11,,,0.7,123.84,,MFL-A/XT,,1160.0,65000.0,,1342.0,,,,,,,,,METAL_LOSS,False,True,2.183333333333333,1202
7420.0,,0.344,-1.1,29.08,26985.31,metal loss,External,29.0,0.1,,,0.91,2.24,3:46,,,0.7,123.91,,MFL-A/XT,,1160.0,65000.0,,1342.0,1462.87,2031.16,1533.38,2129.06,1534.98,2131.29,0.76,1.84,METAL_LOSS,False,True,3.7666666666666666,1203
7420.0,,0.344,-1.21,28.97,26985.43,metal loss,External,20.0,0.069,,,1.06,2.91,10:43,,,0.7,123.96,,MFL-A/XT,,1160.0,65000.0,,1342.0,1464.69,2033.69,1535.72,2132.3,1536.39,2133.23,0.76,1.84,METAL_LOSS,False,True,10.716666666666667,1204
7490.0,,0.344,-38.3,1.65,27284.67,metal loss,External,13.0,0.045,,,1.22,2.13,5:53,,,0.7,187.04,,MFL-A/XT,,1160.0,65000.0,,1342.0,1467.24,2037.22,,,,,,,METAL_LOSS,False,True,5.883333333333333,1212
7490.0,,0.344,-38.69,1.26,27285.06,metal loss,External,17.0,0.058,,,0.67,1.42,6:07,,,0.7,187.05,,MFL-A/XT,,1160.0,65000.0,,1342.0,1472.35,2044.32,,,,,,,METAL_LOSS,False,True,6.116666666666666,1213
7550.0,,0.344,-39.47,0.53,27515.06,metal loss,External,12.0,0.041,,,0.63,1.1,7:25,,,0.7,188.14,,MFL-A/XT,,1160.0,65000.0,,1342.0,,,,,,,,,METAL_LOSS,False,True,7.416666666666667,1221
7550.0,,0.344,-39.69,0.31,27515.29,cluster,External,19.0,0.065,,,1.08,4.23,7:58,near girth weld,,0.7,188.14,,,,1160.0,65000.0,,1342.0,1465.44,2034.73,,,,,,,CLUSTER,False,True,7.966666666666667,1222
7670.0,,0.344,-29.12,10.83,27985.61,metal loss,External,18.0,0.062,,,0.79,1.46,10:07,,,0.7,173.32,,MFL-A/XT,,1160.0,65000.0,,1342.0,1470.54,2041.81,,,,,,,METAL_LOSS,False,True,10.116666666666667,1235
7670.0,,0.344,-31.33,8.62,27987.82,cluster,External,23.0,0.079,,,1.74,2.45,7:49,,,0.7,172.37,,,,1160.0,65000.0,,1342.0,1444.85,2006.14,1512.69,2100.33,1520.1,2110.63,0.77,1.81,CLUSTER,False,True,7.816666666666666,1236
7670.0,,0.344,-35.55,4.4,27992.04,metal loss,External,24.0,0.083,,,0.71,1.26,1:54,,,0.7,170.53,,MFL-A/XT,,1160.0,65000.0,,1342.0,1469.64,2040.56,1541.2,2139.92,1541.8,2140.75,0.75,1.84,METAL_LOSS,False,True,1.9,1237
7670.0,,0.344,-35.84,4.11,27992.33,metal loss,External,11.0,0.038,,,0.63,1.26,1:56,,,0.7,170.4,,MFL-A/XT,,1160.0,65000.0,,1342.0,,,,,,,,,METAL_LOSS,False,True,1.9333333333333333,1238
7760.0,,0.344,-39.63,0.49,28302.37,metal loss,External,12.0,0.041,,,1.85,0.71,4:35,,,0.7,159.61,,MFL-A/XT,,1160.0,65000.0,,1342.0,,,,,,,,,METAL_LOSS,False,True,4.583333333333333,1249
7860.0,,0.344,-17.97,22.08,28674.28,metal loss,External,12.0,0.041,,,0.67,1.06,7:17,,,0.7,129.85,,MFL-A/XT,,1160.0,65000.0,,1342.0,,,,,,,,,METAL_LOSS,False,True,7.283333333333333,1260
7860.0,,0.344,-18.12,21.93,28674.43,metal loss,External,12.0,0.041,,,1.06,2.13,7:08,,,0.7,129.85,,MFL-A/XT,,1160.0,65000.0,,1342.0,,,,,,,,,METAL_LOSS,False,True,7.133333333333334,1261
7910.0,,0.344,-0.72,39.38,28857.18,metal loss,External,46.0,0.158,,,1.73,2.4,6:43,Recoat,,0.7,132.35,,MFL-A/XT,,1160.0,65000.0,,1342.0,1402.2,1946.91,1457.69,2023.96,1471.47,2043.1,0.8,1.74,METAL_LOSS,False,True,6.716666666666667,1269
7910.0,,0.344,-0.74,39.36,28857.2,metal loss,External,31.0,0.107,,,1.69,6.58,4:26,Recoat,,0.7,132.35,,MFL-A/XT,,1160.0,65000.0,,1342.0,1433.18,1989.94,1498.34,2080.41,1503.93,2088.16,0.77,1.79,METAL_LOSS,False,True,4.433333333333334,1270
7910.0,,0.344,-0.76,39.34,28857.22,metal loss,External,57.0,0.196,,,1.06,2.56,5:56,Recoat,,0.7,132.34,,MFL-A/XT,,1160.0,65000.0,,1342.0,1431.4,1987.46,1491.48,2070.88,1502.05,2085.56,0.78,1.79,METAL_LOSS,False,True,5.933333333333334,1271
7990.0,,0.344,-0.68,39.39,29171.19,cluster,External,49.0,0.169,,,1.69,7.08,5:58,,,0.7,127.01,,,,1160.0,65000.0,,1342.0,1397.98,1941.07,1451.45,2015.31,1494.99,2075.75,0.8,1.74,CLUSTER,False,True,5.966666666666667,1285
7990.0,,0.344,-0.7,39.37,29171.21,cluster,External,55.0,0.189,,,1.74,6.91,4:05,,,0.7,127.0,,,,1160.0,65000.0,,1342.0,1380.44,1916.71,1426.46,1980.61,1442.46,2002.82,0.81,1.71,CLUSTER,False,True,4.083333333333333,1286
8000.0,,0.344,-39.07,0.9,29249.65,metal loss,External,48.0,0.165,,,1.26,4.8,7:55,Recoat,,0.7,121.97,,MFL-A/XT,,1160.0,65000.0,,1342.0,1429.74,1985.16,1491.65,2071.12,1500.75,2083.76,0.78,1.79,METAL_LOSS,False,True,7.916666666666667,1289
8000.0,,0.344,-39.27,0.69,29249.86,metal loss,External,35.0,0.12,,,1.65,4.05,5:33,Recoat,,0.7,121.96,,MFL-A/XT,,1160.0,65000.0,,1342.0,1427.9,1982.6,1491.55,2070.98,1498.62,2080.8,0.78,1.79,METAL_LOSS,False,True,5.55,1291
8010.0,,0.344,-0.84,39.24,29251.39,metal loss,External,15.0,0.052,,,1.81,1.06,5:33,Recoat,,0.7,121.85,,MFL-A/XT,,1160.0,65000.0,,1342.0,1455.34,2020.7,,,,,,,METAL_LOSS,False,True,5.55,1294
8060.0,,0.344,-2.31,37.74,29453.57,metal loss,External,17.0,0.058,,,1.26,1.89,6:05,,,1.0,110.57,,MFL-A/XT,,1160.0,65000.0,,1342.0,1463.29,2031.74,,,,,,,METAL_LOSS,False,True,6.083333333333333,1301
8060.0,,0.344,-3.04,37.02,29454.29,metal loss,External,10.0,0.034,,,0.91,1.3,5:41,,,1.0,110.48,,MFL-A/XT,,1160.0,65000.0,,1342.0,,,,,,,,,METAL_LOSS,False,True,5.683333333333334,1302
8060.0,,0.344,-3.36,36.7,29454.61,metal loss,External,44.0,0.151,,,0.75,0.93,5:42,,,1.0,110.44,,MFL-A/XT,,1160.0,65000.0,,1342.0,1460.57,2027.96,1529.88,2124.2,1532.73,2128.15,0.76,1.83,METAL_LOSS,False,True,5.7,1303
8060.0,,0.344,-4.11,35.95,29455.36,metal loss,External,13.0,0.045,,,1.89,1.1,6:32,,,1.0,110.35,,MFL-A/XT,,1160.0,65000.0,,1342.0,1457.01,2023.02,,,,,,,METAL_LOSS,False,True,6.533333333333333,1304
8060.0,,0.344,-4.11,35.95,29455.36,metal loss,External,15.0,0.052,,,0.35,1.26,6:13,,,1.0,110.35,,MFL-A/XT,,1160.0,65000.0,,1342.0,1475.18,2048.25,,,,,,,METAL_LOSS,False,True,6.216666666666667,1305
8060.0,,0.344,-4.65,35.4,29455.91,metal loss,External,14.0,0.048,,,2.05,1.53,6:04,,,1.0,110.29,,MFL-A/XT,,1160.0,65000.0,,1342.0,1452.68,2017.02,,,,,,,METAL_LOSS,False,True,6.066666666666666,1306
8060.0,,0.344,-7.4,32.66,29458.65,metal loss,External,12.0,0.041,,,1.18,1.42,5:51,,,1.0,109.97,,MFL-A/XT,,1160.0,65000.0,,1342.0,,,,,,,,,METAL_LOSS,False,True,5.85,1307
8060.0,,0.344,-13.07,26.99,29464.32,metal loss,External,11.0,0.038,,,2.36,2.05,5:03,,,1.0,109.34,,MFL-A/XT,,1160.0,65000.0,,1342.0,,,,,,,,,METAL_LOSS,False,True,5.05,1308
8060.0,,0.344,-13.08,26.98,29464.33,metal loss,External,13.0,0.045,,,2.21,2.09,5:28,,,1.0,109.34,,MFL-A/XT,,1160.0,65000.0,,1342.0,1451.97,2016.02,,,,,,,METAL_LOSS,False,True,5.466666666666667,1309
8060.0,,0.344,-13.71,26.35,29464.97,metal loss,External,12.0,0.041,,,1.65,2.17,4:59,,,1.0,109.27,,MFL-A/XT,,1160.0,65000.0,,1342.0,,,,,,,,,METAL_LOSS,False,True,4.983333333333333,1310
8060.0,,0.344,-14.25,25.81,29465.5,metal loss,External,29.0,0.1,,,1.61,1.61,7:29,,,1.0,109.21,,MFL-A/XT,,1160.0,65000.0,,1342.0,1439.25,1998.37,1505.76,2090.71,1510.21,2096.89,0.77,1.8,METAL_LOSS,False,True,7.483333333333333,1311
8060.0,,0.344,-14.39,25.67,29465.64,metal loss,External,13.0,0.045,,,0.43,0.87,5:19,,,1.0,109.2,,MFL-A/XT,,1160.0,65000.0,,1342.0,1474.95,2047.93,,,,,,,METAL_LOSS,False,True,5.316666666666666,1312
8060.0,,0.344,-15.5,24.56,29466.75,metal loss,External,33.0,0.114,,,1.89,1.14,4:29,,,1.0,109.08,,MFL-A/XT,,1160.0,65000.0,,1342.0,1420.58,1972.44,1482.87,2058.93,1490.56,2069.61,0.78,1.77,METAL_LOSS,False,True,4.483333333333333,1313
8060.0,,0.344,-15.52,24.54,29466.77,metal loss,External,11.0,0.038,,,1.42,1.18,5:05,,,1.0,109.08,,MFL-A/XT,,1160.0,65000.0,,1342.0,,,,,,,,,METAL_LOSS,False,True,5.083333333333333,1314
8060.0,,0.344,-16.71,23.34,29467.97,metal loss,External,22.0,0.076,,,0.75,1.3,7:25,,,1.0,108.95,,MFL-A/XT,,1160.0,65000.0,,1342.0,1469.48,2040.34,1541.06,2139.72,1541.57,2140.44,0.75,1.84,METAL_LOSS,False,True,7.416666666666667,1315
8060.0,,0.344,-17.81,22.25,29469.06,metal loss,External,67.0,0.23,,,0.83,0.6,7:43,,,1.0,108.84,,MFL-A/XT,,1160.0,65000.0,,1342.0,1439.43,1998.61,1498.81,2081.06,1509.72,2096.2,0.77,1.79,METAL_LOSS,False,True,7.716666666666667,1316
8060.0,,0.344,-19.7,20.35,29470.96,metal loss,External,14.0,0.048,,,0.63,0.98,5:11,,,1.0,108.65,,MFL-A/XT,,1160.0,65000.0,,1342.0,1473.42,2045.8,,,,,,,METAL_LOSS,False,True,5.183333333333334,1317
8060.0,,0.344,-19.76,20.3,29471.01,metal loss,External,21.0,0.072,,,0.71,1.06,7:37,,,1.0,108.65,,MFL-A/XT,,1160.0,65000.0,,1342.0,1470.59,2041.88,1542.31,2141.46,1542.69,2141.99,0.75,1.85,METAL_LOSS,False,True,7.616666666666667,1318
8060.0,,0.344,-34.08,5.98,29485.33,metal loss,External,11.0,0.038,,,0.91,1.22,7:59,,,1.0,107.94,,MFL-A/XT,,1160.0,65000.0,,1342.0,,,,,,,,,METAL_LOSS,False,True,7.983333333333333,1319
8060.0,,0.344,-34.09,5.97,29485.34,metal loss,External,13.0,0.045,,,1.02,0.63,8:18,,,1.0,107.94,,MFL-A/XT,,1160.0,65000.0,,1342.0,1469.66,2040.59,,,,,,,METAL_LOSS,False,True,8.3,1320
8060.0,,0.344,-34.37,5.68,29485.63,metal loss,External,13.0,0.045,,,0.67,1.1,8:04,,,1.0,107.94,,MFL-A/XT,,1160.0,65000.0,,1342.0,1473.24,2045.55,,,,,,,METAL_LOSS,False,True,8.066666666666666,1321
8060.0,,0.344,-34.89,5.17,29486.15,metal loss,External,22.0,0.076,,,0.79,1.65,8:00,,,1.0,107.94,,MFL-A/XT,,1160.0,65000.0,,1342.0,1469.07,2039.77,1540.6,2139.08,1541.14,2139.84,0.75,1.84,METAL_LOSS,False,True,8.0,1322
8060.0,,0.344,-39.19,0.87,29490.44,metal loss,External,44.0,0.151,,,0.71,2.28,8:26,Recoat,,1.0,107.97,,MFL-A/XT,,1160.0,65000.0,,1342.0,1461.98,2029.92,1531.57,2126.55,1534.16,2130.14,0.76,1.83,METAL_LOSS,False,True,8.433333333333334,1324
8060.0,,0.344,-39.19,0.87,29490.45,metal loss,External,66.0,0.227,,,0.75,1.58,4:56,Recoat,,1.0,107.97,,MFL-A/XT,,1160.0,65000.0,,1342.0,1445.99,2007.72,1507.99,2093.81,1516.77,2106.0,0.77,1.81,METAL_LOSS,False,True,4.933333333333334,1325
8070.0,,0.344,-5.36,34.7,29496.67,metal loss manufacturing,,15.0,0.052,,,0.35,0.63,6:31,,,0.7,108.05,,MFL-A/XT,,1160.0,65000.0,,1342.0,,,,,,,,,METAL_LOSS_MFG,False,True,6.516666666666667,1328
8140.0,,0.344,-0.71,39.94,29742.02,metal loss,External,47.0,0.162,,,0.67,2.01,10:29,,,0.7,97.3,,MFL-A/XT,,1160.0,65000.0,,1342.0,1462.07,2030.04,1531.47,2126.41,1534.22,2130.22,0.76,1.83,METAL_LOSS,False,True,10.483333333333333,1337
8280.0,,0.344,-30.39,9.61,30307.15,cluster,External,48.0,0.165,,,1.37,4.84,6:09,,,0.7,117.88,,,,1160.0,65000.0,,1342.0,1422.01,1974.43,1482.01,2057.74,1509.9,2096.46,0.78,1.77,CLUSTER,False,True,6.15,1352
8280.0,,0.344,-31.63,8.36,30308.39,metal loss,External,11.0,0.038,,,1.38,1.18,4:28,,,0.7,117.78,,MFL-A/XT,,1160.0,65000.0,,1342.0,,,,,,,,,METAL_LOSS,False,True,4.466666666666667,1353
8280.0,,0.344,-31.87,8.12,30308.63,metal loss,External,10.0,0.034,,,0.79,1.42,4:26,,,0.7,117.76,,MFL-A/XT,,1160.0,65000.0,,1342.0,,,,,,,,,METAL_LOSS,False,True,4.433333333333334,1354
8280.0,,0.344,-32.15,7.84,30308.91,metal loss,External,16.0,0.055,,,0.75,1.46,4:45,,,0.7,117.74,,MFL-A/XT,,1160.0,65000.0,,1342.0,1471.67,2043.38,,,,,,,METAL_LOSS,False,True,4.75,1355
8280.0,,0.344,-32.46,7.53,30309.22,metal loss,External,23.0,0.079,,,0.63,1.18,4:27,,,0.7,117.72,,MFL-A/XT,,1160.0,65000.0,,1342.0,1471.31,2042.88,1543.09,2142.54,1543.5,2143.11,0.75,1.85,METAL_LOSS,False,True,4.45,1356
8280.0,,0.344,-32.69,7.31,30309.45,metal loss,External,10.0,0.034,,,0.51,0.79,4:29,,,0.7,117.7,,MFL-A/XT,,1160.0,65000.0,,1342.0,,,,,,,,,METAL_LOSS,False,True,4.483333333333333,1357
8290.0,,0.344,-16.37,23.56,30333.12,metal loss,External,19.0,0.065,,,0.59,1.06,4:11,,,0.7,116.26,,MFL-A/XT,,1160.0,65000.0,,1342.0,1472.71,2044.82,,,,,,,METAL_LOSS,False,True,4.183333333333334,1359
8300.0,,0.344,-0.8,39.23,30357.49,metal loss,External,10.0,0.034,,,0.59,2.05,5:20,,,0.7,115.68,,MFL-A/XT,,1160.0,65000.0,,1342.0,,,,,,,,,METAL_LOSS,False,True,5.333333333333333,1361
8340.0,,0.344,-0.73,39.34,30517.65,metal loss,External,11.0,0.038,,,1.73,1.1,7:41,,,0.7,119.48,,MFL-A/XT,,1160.0,65000.0,,1342.0,,,,,,,,,METAL_LOSS,False,True,7.683333333333334,1368
8360.0,,0.344,-24.9,15.17,30621.83,metal loss manufacturing,,13.0,0.045,,,2.28,4.84,11:27,,,0.7,120.49,,MFL-A/XT,,1160.0,65000.0,,1342.0,,,,,,,,,METAL_LOSS_MFG,False,True,11.45,1371
8360.0,,0.344,-27.42,12.65,30624.35,metal loss manufacturing,,10.0,0.034,,,2.17,5.47,11:39,,,0.7,120.52,,MFL-A/XT,,1160.0,65000.0,,1342.0,,,,,,,,,METAL_LOSS_MFG,False,True,11.65,1372
8460.0,,0.344,-39.99,0.19,30970.79,metal loss,External,14.0,0.048,,,0.75,1.5,5:51,near girth weld,,0.7,124.44,,MFL-A/XT,,1160.0,65000.0,,1342.0,1472.29,2044.24,,,,,,,METAL_LOSS,False,True,5.85,1384
8460.0,,0.344,-40.09,0.1,30970.88,metal loss,External,18.0,0.062,,,0.47,6.97,5:44,affecting girth weld,,0.7,124.44,,MFL-A/XT,,1160.0,65000.0,,1342.0,1474.1,2046.75,,,,,,,METAL_LOSS,False,True,5.733333333333333,1385
8500.0,,0.344,-5.31,34.81,31060.9,metal loss manufacturing,,15.0,0.052,,,0.32,0.63,4:15,,,0.7,122.39,,MFL-A/XT,,1160.0,65000.0,,1342.0,,,,,,,,,METAL_LOSS_MFG,False,True,4.25,1391
8520.0,,0.344,-17.7,22.5,31153.53,metal loss,External,12.0,0.041,,,1.69,2.36,4:17,,,0.7,123.07,,MFL-A/XT,,1160.0,65000.0,,1342.0,,,,,,,,,METAL_LOSS,False,True,4.283333333333333,1394
8520.0,,0.344,-18.03,22.17,31153.86,metal loss,External,18.0,0.062,,,1.14,1.77,7:05,,,0.7,123.09,,MFL-A/XT,,1160.0,65000.0,,1342.0,1464.48,2033.39,,,,,,,METAL_LOSS,False,True,7.083333333333333,1395
8520.0,,0.344,-18.47,21.73,31154.3,metal loss,External,19.0,0.065,,,1.97,1.42,6:59,,,0.7,123.1,,MFL-A/XT,,1160.0,65000.0,,1342.0,1445.32,2006.8,,,,,,,METAL_LOSS,False,True,6.983333333333333,1396
8520.0,,0.344,-19.14,21.05,31154.98,metal loss,External,13.0,0.045,,,0.98,2.01,7:04,,,0.7,123.13,,MFL-A/XT,,1160.0,65000.0,,1342.0,1470.08,2041.17,,,,,,,METAL_LOSS,False,True,7.066666666666666,1397
8590.0,,0.344,-39.12,0.95,31450.88,metal loss,External,13.0,0.045,,,1.85,0.91,5:10,,,0.7,138.94,,MFL-A/XT,,1160.0,65000.0,,1342.0,1457.78,2024.09,,,,,,,METAL_LOSS,False,True,5.166666666666667,1405
8590.0,,0.344,-39.2,0.87,31450.96,metal loss,External,19.0,0.065,,,0.79,1.61,8:03,,,0.7,138.93,,MFL-A/XT,,1160.0,65000.0,,1342.0,1470.0,2041.06,,,,,,,METAL_LOSS,False,True,8.05,1406
8640.0,,0.344,-4.62,1.84,31555.39,metal loss,External,67.0,0.23,,,1.02,0.7,11:56,,,0.7,140.6,,MFL-A/XT,,1160.0,65000.0,,1342.0,1421.22,1973.33,1474.13,2046.79,1490.23,2069.15,0.79,1.76,METAL_LOSS,False,True,11.933333333333334,1413
8640.0,,0.344,-4.67,1.79,31555.44,metal loss,External,28.0,0.096,,,0.87,1.3,1:13,,,0.7,140.6,,MFL-A/XT,,1160.0,65000.0,,1342.0,1464.66,2033.65,1535.47,2131.96,1536.8,2133.8,0.76,1.84,METAL_LOSS,False,True,1.2166666666666668,1414
8640.0,,0.344,-4.93,1.53,31555.71,metal loss,External,14.0,0.048,,,0.75,1.06,1:57,,,0.7,140.57,,MFL-A/XT,,1160.0,65000.0,,1342.0,1472.29,2044.24,,,,,,,METAL_LOSS,False,True,1.95,1415
8650.0,,0.344,-0.83,39.22,31558.06,metal loss,External,10.0,0.034,,,1.22,3.35,4:40,,,0.7,140.37,,MFL-A/XT,,1160.0,65000.0,,1342.0,,,,,,,,,METAL_LOSS,False,True,4.666666666666667,1417
8650.0,,0.344,-0.83,39.22,31558.06,metal loss,External,16.0,0.055,,,0.67,0.63,5:26,,,0.7,140.37,,MFL-A/XT,,1160.0,65000.0,,1342.0,1472.48,2044.49,,,,,,,METAL_LOSS,False,True,5.433333333333334,1418
8650.0,,0.344,-0.87,39.18,31558.11,metal loss,External,10.0,0.034,,,0.98,5.28,10:10,,,0.7,140.37,,MFL-A/XT,,1160.0,65000.0,,1342.0,,,,,,,,,METAL_LOSS,False,True,10.166666666666666,1419
8660.0,,0.344,-0.47,15.61,31597.75,metal loss,External,11.0,0.038,,,1.38,1.22,5:55,,,0.7,136.81,,MFL-A/XT,,1160.0,65000.0,,1342.0,,,,,,,,,METAL_LOSS,False,True,5.916666666666667,1421
8660.0,,0.344,-0.83,15.25,31598.12,metal loss,External,11.0,0.038,,,1.1,0.94,8:37,,,0.7,136.77,,MFL-A/XT,,1160.0,65000.0,,1342.0,,,,,,,,,METAL_LOSS,False,True,8.616666666666667,1422
8660.0,,0.344,-0.85,15.23,31598.14,metal loss,External,14.0,0.048,,,0.79,1.1,5:18,,,0.7,136.77,,MFL-A/XT,,1160.0,65000.0,,1342.0,1471.8,2043.55,,,,,,,METAL_LOSS,False,True,5.3,1423
8660.0,,0.344,-0.89,15.2,31598.17,metal loss,External,12.0,0.041,,,2.13,1.1,4:55,,,0.7,136.77,,MFL-A/XT,,1160.0,65000.0,,1342.0,,,,,,,,,METAL_LOSS,False,True,4.916666666666667,1424
8660.0,,0.344,-0.89,15.19,31598.18,cluster,External,21.0,0.072,,,1.62,3.98,5:55,,,0.7,136.77,,,,1160.0,65000.0,,1342.0,1451.05,2014.75,1520.03,2110.52,1519.09,2109.21,0.76,1.82,CLUSTER,False,True,5.916666666666667,1425
8660.0,,0.344,-0.93,15.16,31598.21,metal loss,External,30.0,0.103,,,0.91,2.09,7:11,,,0.7,136.76,,MFL-A/XT,,1160.0,65000.0,,1342.0,1462.3,2030.37,1532.69,2128.1,1534.43,2130.51,0.76,1.83,METAL_LOSS,False,True,7.183333333333334,1426
8660.0,,0.344,-1.0,15.09,31598.28,metal loss,External,23.0,0.079,,,0.71,1.22,3:33,,,0.7,136.76,,MFL-A/XT,,1160.0,65000.0,,1342.0,1469.96,2041.0,1541.58,2140.44,1542.1,2141.17,0.75,1.85,METAL_LOSS,False,True,3.55,1427
8660.0,,0.344,-2.61,13.48,31599.89,metal loss,External,10.0,0.034,,,0.91,1.65,11:57,,,0.7,136.6,,MFL-A/XT,,1160.0,65000.0,,1342.0,,,,,,,,,METAL_LOSS,False,True,11.95,1428
8660.0,,0.344,-2.95,13.13,31600.23,metal loss,External,10.0,0.034,,,0.75,0.79,11:27,,,0.7,136.57,,MFL-A/XT,,1160.0,65000.0,,1342.0,,,,,,,,,METAL_LOSS,False,True,11.45,1429
8660.0,,0.344,-15.49,0.6,31612.77,metal loss,External,13.0,0.045,,,0.63,1.02,2:28,,,0.7,135.34,,MFL-A/XT,,1160.0,65000.0,,1342.0,1473.54,2045.97,,,,,,,METAL_LOSS,False,True,2.466666666666667,1431
8680.0,,0.344,-0.97,10.19,31623.69,metal loss,External,14.0,0.048,,,0.91,2.91,4:04,Recoat,,1.0,135.26,,MFL-A/XT,,1160.0,65000.0,,1342.0,1470.59,2041.87,,,,,,,METAL_LOSS,False,True,4.066666666666666,1435
8680.0,,0.344,-0.99,10.17,31623.7,cluster,External,21.0,0.072,,,3.49,4.5,6:03,Recoat,,1.0,135.26,,,,1160.0,65000.0,,1342.0,1402.19,1946.91,1459.89,2027.02,1471.51,2043.16,0.79,1.75,CLUSTER,False,True,6.05,1436
8680.0,,0.344,-1.15,10.01,31623.87,metal loss,External,13.0,0.045,,,0.51,1.26,6:25,Recoat,,1.0,135.28,,MFL-A/XT,,1160.0,65000.0,,1342.0,1474.43,2047.21,,,,,,,METAL_LOSS,False,True,6.416666666666667,1438
8700.0,,0.344,-1.36,38.66,31656.41,metal loss,External,13.0,0.045,,,0.63,1.14,6:06,,,0.7,137.88,,MFL-A/XT,,1160.0,65000.0,,1342.0,1473.63,2046.1,,,,,,,METAL_LOSS,False,True,6.1,1446
8910.0,,0.344,-39.03,0.86,32268.11,metal loss,External,14.0,0.048,,,0.67,2.52,6:55,,,0.7,54.7,,MFL-A/XT,,1160.0,65000.0,,1342.0,1473.1,2045.36,,,,,,,METAL_LOSS,False,True,6.916666666666667,1469
8910.0,,0.344,-39.15,0.74,32268.22,metal loss,External,11.0,0.038,,,1.3,3.19,5:57,,,0.7,54.66,,MFL-A/XT,,1160.0,65000.0,,1342.0,,,,,,,,,METAL_LOSS,False,True,5.95,1470
8960.0,,0.344,-34.16,0.1,32400.7,metal loss,External,15.0,0.052,,,0.55,5.87,6:17,affecting girth weld,,1.0,31.1,,MFL-A/XT,,1160.0,65000.0,,1342.0,1473.83,2046.38,,,,,,,METAL_LOSS,False,True,6.283333333333333,1477
8980.0,,0.344,-0.09,10.75,32410.99,cluster,External,21.0,0.072,,,2.17,12.07,8:46,near girth weld,,1.0,33.11,,,,1160.0,65000.0,,1342.0,1436.27,1994.22,1502.48,2086.15,1508.44,2094.43,0.77,1.8,CLUSTER,False,True,8.766666666666667,1481
9030.0,,0.344,-29.23,0.23,32563.95,metal loss,External,12.0,0.041,,,1.85,1.77,10:27,near girth weld,,0.7,97.39,,MFL-A/XT,,1160.0,65000.0,,1342.0,,,,,,,,,METAL_LOSS,False,True,10.45,1488
9030.0,,0.344,-29.3,0.15,32564.03,metal loss,External,12.0,0.041,,,1.3,2.01,1:04,affecting girth weld,,0.7,97.43,,MFL-A/XT,,1160.0,65000.0,,1342.0,,,,,,,,,METAL_LOSS,False,True,1.0666666666666667,1489
9040.0,,0.344,-0.62,39.22,32564.8,metal loss,External,11.0,0.038,,,1.18,0.94,11:59,,,0.7,97.86,,MFL-A/XT,,1160.0,65000.0,,1342.0,,,,,,,,,METAL_LOSS,False,True,11.983333333333333,1491
9040.0,,0.344,-0.68,39.16,32564.85,metal loss,External,11.0,0.038,,,1.69,1.02,1:22,,,0.7,97.89,,MFL-A/XT,,1160.0,65000.0,,1342.0,,,,,,,,,METAL_LOSS,False,True,1.3666666666666667,1492
9160.0,,0.344,-0.05,39.83,32962.22,metal loss,External,12.0,0.041,,,1.5,2.48,9:03,near girth weld,,0.7,142.91,,MFL-A/XT,,1160.0,65000.0,,1342.0,,,,,,,,,METAL_LOSS,False,True,9.05,1516
9160.0,,0.344,-13.31,26.57,32975.48,cluster,External,42.0,0.144,,,1.06,9.15,7:41,,,0.7,142.76,,,,1160.0,65000.0,,1342.0,1447.7,2010.09,1514.6,2102.98,1520.48,2111.15,0.77,1.81,CLUSTER,False,True,7.683333333333334,1517
9160.0,,0.344,-13.58,26.3,32975.75,metal loss,External,20.0,0.069,,,1.61,3.54,7:55,,,0.7,142.76,,MFL-A/XT,,1160.0,65000.0,,1342.0,1452.27,2016.44,1521.47,2112.52,1522.87,2114.46,0.76,1.82,METAL_LOSS,False,True,7.916666666666667,1518
9160.0,,0.344,-13.59,26.29,32975.76,cluster,External,41.0,0.141,,,2.2,2.26,8:49,,,0.7,142.76,,,,1160.0,65000.0,,1342.0,1384.79,1922.74,1436.98,1995.21,1441.05,2000.86,0.81,1.72,CLUSTER,False,True,8.816666666666666,1519
9160.0,,0.344,-13.88,26.0,32976.05,metal loss,External,10.0,0.034,,,1.73,0.91,6:37,,,0.7,142.75,,MFL-A/XT,,1160.0,65000.0,,1342.0,,,,,,,,,METAL_LOSS,False,True,6.616666666666667,1520
9160.0,,0.344,-13.89,25.99,32976.06,metal loss,External,10.0,0.034,,,0.43,0.63,8:40,,,0.7,142.75,,MFL-A/XT,,1160.0,65000.0,,1342.0,,,,,,,,,METAL_LOSS,False,True,8.666666666666666,1521
9160.0,,0.344,-13.89,25.99,32976.06,metal loss,External,14.0,0.048,,,0.67,0.63,7:52,,,0.7,142.75,,MFL-A/XT,,1160.0,65000.0,,1342.0,1472.99,2045.21,,,,,,,METAL_LOSS,False,True,7.866666666666667,1522
9160.0,,0.344,-13.89,25.99,32976.06,metal loss,External,26.0,0.089,,,0.59,1.42,8:16,,,0.7,142.75,,MFL-A/XT,,1160.0,65000.0,,1342.0,1470.96,2042.39,1542.65,2141.93,1543.19,2142.69,0.75,1.85,METAL_LOSS,False,True,8.266666666666667,1523
9160.0,,0.344,-13.9,25.98,32976.07,metal loss,External,12.0,0.041,,,1.89,1.69,6:11,,,0.7,142.75,,MFL-A/XT,,1160.0,65000.0,,1342.0,,,,,,,,,METAL_LOSS,False,True,6.183333333333334,1524
9160.0,,0.344,-14.03,25.85,32976.19,metal loss,External,10.0,0.034,,,0.55,2.13,7:55,,,0.7,142.75,,MFL-A/XT,,1160.0,65000.0,,1342.0,,,,,,,,,METAL_LOSS,False,True,7.916666666666667,1525
9160.0,,0.344,-14.07,25.81,32976.23,metal loss,External,17.0,0.058,,,0.59,1.53,8:46,,,0.7,142.75,,MFL-A/XT,,1160.0,65000.0,,1342.0,1473.12,2045.39,,,,,,,METAL_LOSS,False,True,8.766666666666667,1526
9160.0,,0.344,-14.53,25.35,32976.69,cluster,External,32.0,0.11,,,3.37,8.32,7:39,,,0.7,142.75,,,,1160.0,65000.0,,1342.0,1361.14,1889.91,1407.71,1954.57,1457.93,2024.3,0.82,1.68,CLUSTER,False,True,7.65,1527
9160.0,,0.344,-14.96,24.91,32977.13,metal loss,External,18.0,0.062,,,0.63,1.34,6:45,,,0.7,142.74,,MFL-A/XT,,1160.0,65000.0,,1342.0,1472.38,2044.36,,,,,,,METAL_LOSS,False,True,6.75,1528
9160.0,,0.344,-14.97,24.91,32977.14,metal loss,External,13.0,0.045,,,1.46,0.83,7:16,,,0.7,142.74,,MFL-A/XT,,1160.0,65000.0,,1342.0,1463.87,2032.55,,,,,,,METAL_LOSS,False,True,7.266666666666667,1529
9160.0,,0.344,-16.18,23.7,32978.35,metal loss,External,11.0,0.038,,,1.38,1.97,7:18,,,0.7,142.73,,MFL-A/XT,,1160.0,65000.0,,1342.0,,,,,,,,,METAL_LOSS,False,True,7.3,1530
9210.0,,0.344,-0.82,39.22,33162.93,metal loss,External,19.0,0.065,,,1.42,0.87,3:44,,,0.7,141.68,,MFL-A/XT,,1160.0,65000.0,,1342.0,1458.23,2024.72,,,,,,,METAL_LOSS,False,True,3.7333333333333334,1540
9220.0,,0.344,-38.77,1.27,33240.91,metal loss,External,11.0,0.038,,,1.42,1.1,8:15,,,0.7,139.67,,MFL-A/XT,,1160.0,65000.0,,1342.0,,,,,,,,,METAL_LOSS,False,True,8.25,1542
9220.0,,0.344,-39.44,0.6,33241.58,metal loss,External,18.0,0.062,,,1.02,1.38,8:23,,,0.7,139.66,,MFL-A/XT,,1160.0,65000.0,,1342.0,1466.62,2036.36,,,,,,,METAL_LOSS,False,True,8.383333333333333,1545
9250.0,,0.344,-32.41,7.63,33354.59,metal loss,External,41.0,0.141,,,2.28,2.17,12:03,,,0.7,139.55,,MFL-A/XT,,1160.0,65000.0,,1342.0,1380.39,1916.64,1431.4,1987.46,1447.37,2009.64,0.81,1.71,METAL_LOSS,False,True,12.05,1551
9250.0,,0.344,-32.96,7.08,33355.15,metal loss,External,33.0,0.114,,,0.79,1.38,11:34,,,0.7,139.54,,MFL-A/XT,,1160.0,65000.0,,1342.0,1464.54,2033.47,1535.15,2131.51,1536.76,2133.75,0.76,1.84,METAL_LOSS,False,True,11.566666666666666,1552
9250.0,,0.344,-34.61,5.44,33356.79,metal loss,External,15.0,0.052,,,2.05,2.09,12:41,,,0.7,139.54,,MFL-A/XT,,1160.0,65000.0,,1342.0,1450.85,2014.47,,,,,,,METAL_LOSS,False,True,12.683333333333334,1553
9250.0,,0.344,-34.62,5.43,33356.8,metal loss,External,12.0,0.041,,,1.89,0.67,1:16,,,0.7,139.54,,MFL-A/XT,,1160.0,65000.0,,1342.0,,,,,,,,,METAL_LOSS,False,True,1.2666666666666666,1554
9250.0,,0.344,-37.24,2.8,33359.42,metal loss,External,23.0,0.079,,,1.93,1.58,1:09,,,0.7,139.53,,MFL-A/XT,,1160.0,65000.0,,1342.0,1438.93,1997.91,1505.65,2090.56,1508.82,2094.96,0.77,1.8,METAL_LOSS,False,True,1.15,1555
9250.0,,0.344,-38.29,1.76,33360.47,metal loss,External,10.0,0.034,,,0.55,1.58,12:47,,,0.7,139.53,,MFL-A/XT,,1160.0,65000.0,,1342.0,,,,,,,,,METAL_LOSS,False,True,12.783333333333333,1556
9250.0,,0.344,-38.63,1.41,33360.82,cluster,External,18.0,0.062,,,2.53,7.63,12:40,,,0.7,139.53,,,,1160.0,65000.0,,1342.0,1434.5,1991.77,,,,,,,CLUSTER,False,True,12.666666666666666,1557
9250.0,,0.344,-38.81,1.23,33361.0,metal loss,External,14.0,0.048,,,0.35,0.59,1:25,,,0.7,139.53,,MFL-A/XT,,1160.0,65000.0,,1342.0,1475.32,2048.44,,,,,,,METAL_LOSS,False,True,1.4166666666666667,1558
9260.0,,0.344,-9.45,29.98,33371.68,metal loss,External,12.0,0.041,,,0.39,0.87,6:46,,,0.7,139.36,,MFL-A/XT,,1160.0,65000.0,,1342.0,,,,,,,,,METAL_LOSS,False,True,6.766666666666667,1560
9260.0,,0.344,-9.57,29.87,33371.79,metal loss,External,28.0,0.096,,,0.75,1.38,6:52,,,0.7,139.36,,MFL-A/XT,,1160.0,65000.0,,1342.0,1467.52,2037.61,1538.72,2136.47,1539.72,2137.86,0.75,1.84,METAL_LOSS,False,True,6.866666666666667,1561
9260.0,,0.344,-9.6,29.83,33371.83,metal loss,External,10.0,0.034,,,0.98,0.87,6:18,,,0.7,139.36,,MFL-A/XT,,1160.0,65000.0,,1342.0,,,,,,,,,METAL_LOSS,False,True,6.3,1562
9260.0,,0.344,-9.91,29.52,33372.14,metal loss,External,12.0,0.041,,,0.83,1.58,6:26,,,0.7,139.34,,MFL-A/XT,,1160.0,65000.0,,1342.0,,,,,,,,,METAL_LOSS,False,True,6.433333333333334,1563
9270.0,,0.344,-23.56,16.45,33425.22,metal loss,External,23.0,0.079,,,0.63,1.1,5:32,,,0.7,136.93,,MFL-A/XT,,1160.0,65000.0,,1342.0,1471.13,2042.62,1542.88,2142.25,1543.31,2142.85,0.75,1.85,METAL_LOSS,False,True,5.533333333333333,1567
9270.0,,0.344,-29.87,10.14,33431.52,metal loss,External,46.0,0.158,,,0.67,0.87,5:34,,,0.7,136.75,,MFL-A/XT,,1160.0,65000.0,,1342.0,1462.96,2031.29,1532.62,2128.01,1535.14,2131.5,0.76,1.83,METAL_LOSS,False,True,5.566666666666666,1568
9270.0,,0.344,-38.96,1.05,33440.62,cluster,External,62.0,0.213,,,3.29,3.96,5:29,,,0.7,136.52,,,,1160.0,65000.0,,1342.0,1216.34,1688.86,1200.87,1667.37,1361.58,1890.52,0.97,1.44,CLUSTER,False,True,5.483333333333333,1571
9270.0,,0.344,-39.59,0.42,33441.24,metal loss,External,11.0,0.038,,,0.79,1.42,5:32,,,0.7,136.51,,MFL-A/XT,,1160.0,65000.0,,1342.0,,,,,,,,,METAL_LOSS,False,True,5.533333333333333,1573
9270.0,,0.344,-39.94,0.07,33441.59,metal loss,External,23.0,0.079,,,0.79,0.63,5:44,affecting girth weld,,0.7,136.5,,MFL-A/XT,,1160.0,65000.0,,1342.0,1468.69,2039.24,1540.15,2138.47,1540.79,2139.34,0.75,1.84,METAL_LOSS,False,True,5.733333333333333,1574
9270.0,,0.344,-39.94,0.07,33441.6,metal loss,External,33.0,0.114,,,0.79,0.59,6:13,affecting girth weld,,0.7,136.5,,MFL-A/XT,,1160.0,65000.0,,1342.0,1464.19,2033.0,1534.75,2130.96,1536.41,2133.27,0.76,1.84,METAL_LOSS,False,True,6.216666666666667,1575
9270.0,,0.344,-40.0,0.01,33441.66,metal loss,External,35.0,0.12,,,1.15,2.21,5:55,affecting girth weld,,0.7,136.5,,MFL-A/XT,,1160.0,65000.0,,1342.0,1450.29,2013.7,1518.37,2108.22,1522.17,2113.5,0.76,1.82,METAL_LOSS,False,True,5.916666666666667,1576
9280.0,,0.344,-2.29,37.78,33443.96,metal loss,External,17.0,0.058,,,0.98,1.5,6:25,,,1.0,136.45,,MFL-A/XT,,1160.0,65000.0,,1342.0,1467.97,2038.24,,,,,,,METAL_LOSS,False,True,6.416666666666667,1578
9280.0,,0.344,-11.71,28.35,33453.38,metal loss,External,17.0,0.058,,,1.38,1.89,4:41,,,1.0,136.23,,MFL-A/XT,,1160.0,65000.0,,1342.0,1461.04,2028.61,,,,,,,METAL_LOSS,False,True,4.683333333333334,1580
9280.0,,0.344,-12.38,27.69,33454.04,metal loss,External,15.0,0.052,,,0.91,1.38,4:26,,,1.0,136.21,,MFL-A/XT,,1160.0,65000.0,,1342.0,1470.14,2041.26,,,,,,,METAL_LOSS,False,True,4.433333333333334,1581
9280.0,,0.344,-12.62,27.45,33454.28,metal loss,External,15.0,0.052,,,0.55,1.1,4:32,,,1.0,136.21,,MFL-A/XT,,1160.0,65000.0,,1342.0,1473.83,2046.38,,,,,,,METAL_LOSS,False,True,4.533333333333333,1582
9280.0,,0.344,-14.11,25.96,33455.77,metal loss,External,13.0,0.045,,,0.67,1.73,4:27,,,1.0,136.17,,MFL-A/XT,,1160.0,65000.0,,1342.0,1473.24,2045.55,,,,,,,METAL_LOSS,False,True,4.45,1583
9280.0,,0.344,-14.33,25.73,33456.0,metal loss,External,24.0,0.083,,,1.02,1.69,4:19,,,1.0,136.17,,MFL-A/XT,,1160.0,65000.0,,1342.0,1462.85,2031.13,1533.52,2129.26,1534.75,2130.96,0.76,1.84,METAL_LOSS,False,True,4.316666666666666,1584
9280.0,,0.344,-14.59,25.48,33456.25,metal loss,External,12.0,0.041,,,0.71,1.1,4:33,,,1.0,136.16,,MFL-A/XT,,1160.0,65000.0,,1342.0,,,,,,,,,METAL_LOSS,False,True,4.55,1585
9280.0,,0.344,-16.11,23.95,33457.78,metal loss,External,10.0,0.034,,,0.43,0.87,7:35,,,1.0,136.12,,MFL-A/XT,,1160.0,65000.0,,1342.0,,,,,,,,,METAL_LOSS,False,True,7.583333333333333,1586
9280.0,,0.344,-17.02,23.05,33458.68,metal loss,External,13.0,0.045,,,0.91,1.5,7:34,,,1.0,136.09,,MFL-A/XT,,1160.0,65000.0,,1342.0,1471.02,2042.48,,,,,,,METAL_LOSS,False,True,7.566666666666666,1587
9280.0,,0.344,-17.04,23.03,33458.7,metal loss,External,26.0,0.089,,,0.98,1.77,4:11,,,1.0,136.09,,MFL-A/XT,,1160.0,65000.0,,1342.0,1462.75,2030.99,1533.35,2129.02,1534.75,2130.96,0.76,1.84,METAL_LOSS,False,True,4.183333333333334,1588
9280.0,,0.344,-17.61,22.46,33459.28,metal loss,External,17.0,0.058,,,0.47,1.1,7:34,,,1.0,136.07,,MFL-A/XT,,1160.0,65000.0,,1342.0,1474.23,2046.93,,,,,,,METAL_LOSS,False,True,7.566666666666666,1589
9280.0,,0.344,-18.41,21.66,33460.07,metal loss,External,17.0,0.058,,,1.3,1.61,7:42,,,1.0,136.05,,MFL-A/XT,,1160.0,65000.0,,1342.0,1462.4,2030.51,,,,,,,METAL_LOSS,False,True,7.7,1590
9280.0,,0.344,-19.08,20.99,33460.75,metal loss,External,10.0,0.034,,,0.63,1.34,4:02,,,1.0,136.02,,MFL-A/XT,,1160.0,65000.0,,1342.0,,,,,,,,,METAL_LOSS,False,True,4.033333333333333,1591
9280.0,,0.344,-27.86,12.21,33469.53,metal loss,External,14.0,0.048,,,0.63,1.02,4:32,,,1.0,135.88,,MFL-A/XT,,1160.0,65000.0,,1342.0,1473.42,2045.8,,,,,,,METAL_LOSS,False,True,4.533333333333333,1592
9280.0,,0.344,-28.01,12.06,33469.68,metal loss,External,14.0,0.048,,,0.59,1.69,4:24,,,1.0,135.88,,MFL-A/XT,,1160.0,65000.0,,1342.0,1473.62,2046.09,,,,,,,METAL_LOSS,False,True,4.4,1593
9280.0,,0.344,-28.2,11.87,33469.86,metal loss,External,16.0,0.055,,,0.79,0.63,4:59,,,1.0,135.88,,MFL-A/XT,,1160.0,65000.0,,1342.0,1471.09,2042.58,,,,,,,METAL_LOSS,False,True,4.983333333333333,1594
9280.0,,0.344,-28.76,11.3,33470.43,metal loss,External,12.0,0.041,,,1.18,1.42,4:23,,,1.0,135.89,,MFL-A/XT,,1160.0,65000.0,,1342.0,,,,,,,,,METAL_LOSS,False,True,4.383333333333334,1595
9280.0,,0.344,-28.95,11.12,33470.61,metal loss,External,10.0,0.034,,,0.47,0.75,4:25,,,1.0,135.89,,MFL-A/XT,,1160.0,65000.0,,1342.0,,,,,,,,,METAL_LOSS,False,True,4.416666666666667,1596
9280.0,,0.344,-30.63,9.44,33472.3,metal loss,External,10.0,0.034,,,0.98,2.21,3:55,,,1.0,135.94,,MFL-A/XT,,1160.0,65000.0,,1342.0,,,,,,,,,METAL_LOSS,False,True,3.9166666666666665,1597
9280.0,,0.344,-30.74,9.33,33472.4,metal loss,External,12.0,0.041,,,0.87,1.14,4:20,,,1.0,135.95,,MFL-A/XT,,1160.0,65000.0,,1342.0,,,,,,,,,METAL_LOSS,False,True,4.333333333333333,1598
9280.0,,0.344,-31.8,8.26,33473.47,metal loss,External,23.0,0.079,,,1.26,2.17,3:48,,,1.0,135.99,,MFL-A/XT,,1160.0,65000.0,,1342.0,1457.97,2024.35,1527.98,2121.56,1529.52,2123.7,0.76,1.83,METAL_LOSS,False,True,3.8,1599
9280.0,,0.344,-32.27,7.79,33473.94,metal loss,External,18.0,0.062,,,0.63,1.97,4:04,,,1.0,136.02,,MFL-A/XT,,1160.0,65000.0,,1342.0,1472.38,2044.36,,,,,,,METAL_LOSS,False,True,4.066666666666666,1600
9280.0,,0.344,-32.41,7.66,33474.08,metal loss,External,18.0,0.062,,,0.55,1.38,3:56,,,1.0,136.02,,MFL-A/XT,,1160.0,65000.0,,1342.0,1473.42,2045.81,,,,,,,METAL_LOSS,False,True,3.9333333333333336,1601
9280.0,,0.344,-32.73,7.33,33474.4,metal loss,External,14.0,0.048,,,1.73,1.65,4:20,,,1.0,136.04,,MFL-A/XT,,1160.0,65000.0,,1342.0,1458.08,2024.51,,,,,,,METAL_LOSS,False,True,4.333333333333333,1602
9280.0,,0.344,-32.73,7.33,33474.4,metal loss,External,13.0,0.045,,,0.79,1.1,3:50,,,1.0,136.04,,MFL-A/XT,,1160.0,65000.0,,1342.0,1472.14,2044.03,,,,,,,METAL_LOSS,False,True,3.8333333333333335,1603
9280.0,,0.344,-32.79,7.27,33474.46,metal loss,External,12.0,0.041,,,1.85,0.75,7:13,,,1.0,136.04,,MFL-A/XT,,1160.0,65000.0,,1342.0,,,,,,,,,METAL_LOSS,False,True,7.216666666666667,1604
9280.0,,0.344,-32.82,7.25,33474.48,metal loss,External,31.0,0.107,,,1.77,1.77,7:56,,,1.0,136.04,,MFL-A/XT,,1160.0,65000.0,,1342.0,1430.2,1985.8,1494.75,2075.43,1500.72,2083.72,0.78,1.79,METAL_LOSS,False,True,7.933333333333334,1605
9280.0,,0.344,-32.82,7.25,33474.49,metal loss,External,14.0,0.048,,,1.34,0.94,7:27,,,1.0,136.04,,MFL-A/XT,,1160.0,65000.0,,1342.0,1464.7,2033.7,,,,,,,METAL_LOSS,False,True,7.45,1606
9280.0,,0.344,-32.89,7.18,33474.55,metal loss,External,10.0,0.034,,,2.17,1.3,5:04,,,1.0,136.04,,MFL-A/XT,,1160.0,65000.0,,1342.0,,,,,,,,,METAL_LOSS,False,True,5.066666666666666,1607
9280.0,,0.344,-32.95,7.12,33474.61,metal loss,External,22.0,0.076,,,0.79,1.34,4:26,,,1.0,136.05,,MFL-A/XT,,1160.0,65000.0,,1342.0,1468.86,2039.48,1540.36,2138.76,1540.92,2139.53,0.75,1.84,METAL_LOSS,False,True,4.433333333333334,1608
9280.0,,0.344,-33.18,6.89,33474.85,metal loss,External,23.0,0.079,,,0.67,1.14,4:05,,,1.0,136.06,,MFL-A/XT,,1160.0,65000.0,,1342.0,1470.75,2042.1,1542.46,2141.67,1542.92,2142.31,0.75,1.85,METAL_LOSS,False,True,4.083333333333333,1609
9280.0,,0.344,-33.27,6.8,33474.94,metal loss,External,10.0,0.034,,,0.35,0.59,4:55,,,1.0,136.06,,MFL-A/XT,,1160.0,65000.0,,1342.0,,,,,,,,,METAL_LOSS,False,True,4.916666666666667,1610
9280.0,,0.344,-33.3,6.77,33474.96,metal loss,External,15.0,0.052,,,0.75,1.61,7:59,,,1.0,136.07,,MFL-A/XT,,1160.0,65000.0,,1342.0,1471.98,2043.81,,,,,,,METAL_LOSS,False,True,7.983333333333333,1611
9280.0,,0.344,-33.52,6.55,33475.18,metal loss,External,12.0,0.041,,,0.43,0.79,7:58,,,1.0,136.08,,MFL-A/XT,,1160.0,65000.0,,1342.0,,,,,,,,,METAL_LOSS,False,True,7.966666666666667,1612
9280.0,,0.344,-33.74,6.32,33475.41,metal loss,External,19.0,0.065,,,0.71,1.61,5:09,,,1.0,136.09,,MFL-A/XT,,1160.0,65000.0,,1342.0,1471.2,2042.72,,,,,,,METAL_LOSS,False,True,5.15,1613
9280.0,,0.344,-33.77,6.3,33475.43,metal loss,External,10.0,0.034,,,0.67,1.02,5:44,,,1.0,136.09,,MFL-A/XT,,1160.0,65000.0,,1342.0,,,,,,,,,METAL_LOSS,False,True,5.733333333333333,1614
9280.0,,0.344,-33.94,6.13,33475.6,metal loss,External,28.0,0.096,,,0.79,1.18,7:57,,,1.0,136.1,,MFL-A/XT,,1160.0,65000.0,,1342.0,1466.42,2036.08,1537.47,2134.73,1538.59,2136.3,0.75,1.84,METAL_LOSS,False,True,7.95,1615
9280.0,,0.344,-34.35,5.71,33476.02,metal loss,External,12.0,0.041,,,0.59,1.1,3:48,,,1.0,136.12,,MFL-A/XT,,1160.0,65000.0,,1342.0,,,,,,,,,METAL_LOSS,False,True,3.8,1616
9280.0,,0.344,-34.41,5.66,33476.08,metal loss,External,21.0,0.072,,,0.71,1.18,7:54,,,1.0,136.12,,MFL-A/XT,,1160.0,65000.0,,1342.0,1470.59,2041.88,1542.31,2141.46,1542.69,2141.99,0.75,1.85,METAL_LOSS,False,True,7.9,1617
9280.0,,0.344,-34.59,5.48,33476.26,cluster,External,23.0,0.079,,,2.75,1.78,5:06,,,1.0,136.13,,,,1160.0,65000.0,,1342.0,1414.46,1963.94,1475.71,2048.98,1489.62,2068.3,0.79,1.77,CLUSTER,False,True,5.1,1618
9280.0,,0.344,-34.66,5.41,33476.32,metal loss,External,48.0,0.165,,,0.75,1.46,4:11,,,1.0,136.14,,MFL-A/XT,,1160.0,65000.0,,1342.0,1457.96,2024.34,1526.39,2119.36,1530.0,2124.37,0.76,1.83,METAL_LOSS,False,True,4.183333333333334,1619
9280.0,,0.344,-34.9,5.17,33476.57,metal loss,External,17.0,0.058,,,0.51,1.22,4:20,,,1.0,136.15,,MFL-A/XT,,1160.0,65000.0,,1342.0,1473.82,2046.36,,,,,,,METAL_LOSS,False,True,4.333333333333333,1620
9280.0,,0.344,-35.08,4.99,33476.75,cluster,External,26.0,0.089,,,1.54,4.44,7:28,,,1.0,136.16,,,,1160.0,65000.0,,1342.0,1446.55,2008.5,1514.57,2102.94,1523.02,2114.67,0.77,1.81,CLUSTER,False,True,7.466666666666667,1621
9280.0,,0.344,-35.24,4.83,33476.9,metal loss,External,15.0,0.052,,,0.59,1.14,3:45,,,1.0,136.17,,MFL-A/XT,,1160.0,65000.0,,1342.0,1473.52,2045.95,,,,,,,METAL_LOSS,False,True,3.75,1622
9280.0,,0.344,-35.49,4.58,33477.16,metal loss,External,12.0,0.041,,,0.51,1.06,8:03,,,1.0,136.18,,MFL-A/XT,,1160.0,65000.0,,1342.0,,,,,,,,,METAL_LOSS,False,True,8.05,1623
9280.0,,0.344,-35.7,4.37,33477.36,metal loss,External,11.0,0.038,,,0.87,0.63,4:13,,,1.0,136.19,,MFL-A/XT,,1160.0,65000.0,,1342.0,,,,,,,,,METAL_LOSS,False,True,4.216666666666667,1624
9280.0,,0.344,-35.71,4.36,33477.37,metal loss,External,12.0,0.041,,,1.97,3.03,4:18,,,1.0,136.19,,MFL-A/XT,,1160.0,65000.0,,1342.0,,,,,,,,,METAL_LOSS,False,True,4.3,1625
9280.0,,0.344,-35.83,4.24,33477.5,metal loss,External,14.0,0.048,,,0.83,1.26,7:10,,,1.0,136.2,,MFL-A/XT,,1160.0,65000.0,,1342.0,1471.41,2043.01,,,,,,,METAL_LOSS,False,True,7.166666666666667,1626
9280.0,,0.344,-35.83,4.24,33477.5,metal loss,External,11.0,0.038,,,0.55,1.14,7:52,,,1.0,136.2,,MFL-A/XT,,1160.0,65000.0,,1342.0,,,,,,,,,METAL_LOSS,False,True,7.866666666666667,1627
9280.0,,0.344,-35.89,4.18,33477.56,metal loss,External,12.0,0.041,,,0.43,0.98,4:19,,,1.0,136.2,,MFL-A/XT,,1160.0,65000.0,,1342.0,,,,,,,,,METAL_LOSS,False,True,4.316666666666666,1628
9280.0,,0.344,-36.0,4.07,33477.66,metal loss,External,14.0,0.048,,,0.43,0.98,7:49,,,1.0,136.2,,MFL-A/XT,,1160.0,65000.0,,1342.0,1474.85,2047.79,,,,,,,METAL_LOSS,False,True,7.816666666666666,1629
9280.0,,0.344,-36.08,3.98,33477.75,metal loss,External,18.0,0.062,,,0.43,0.87,3:58,,,1.0,136.21,,MFL-A/XT,,1160.0,65000.0,,1342.0,1474.41,2047.18,,,,,,,METAL_LOSS,False,True,3.966666666666667,1630
9280.0,,0.344,-36.36,3.71,33478.02,metal loss,External,11.0,0.038,,,0.63,1.42,4:20,,,1.0,136.22,,MFL-A/XT,,1160.0,65000.0,,1342.0,,,,,,,,,METAL_LOSS,False,True,4.333333333333333,1631
9280.0,,0.344,-36.7,3.36,33478.37,metal loss,External,12.0,0.041,,,0.47,1.02,7:57,,,1.0,136.24,,MFL-A/XT,,1160.0,65000.0,,1342.0,,,,,,,,,METAL_LOSS,False,True,7.95,1632
9290.0,,0.344,-0.64,39.38,33482.37,metal loss,External,12.0,0.041,,,2.09,1.73,11:58,,,0.7,136.45,,MFL-A/XT,,1160.0,65000.0,,1342.0,,,,,,,,,METAL_LOSS,False,True,11.966666666666667,1637
9290.0,,0.344,-0.69,39.33,33482.42,metal loss,External,13.0,0.045,,,0.83,4.37,8:16,,,0.7,136.46,,MFL-A/XT,,1160.0,65000.0,,1342.0,1471.78,2043.53,,,,,,,METAL_LOSS,False,True,8.266666666666667,1639
9300.0,,0.344,-5.94,34.15,33527.69,metal loss,External,19.0,0.065,,,0.59,1.1,12:40,,,1.0,139.49,,MFL-A/XT,,1160.0,65000.0,,1342.0,1472.71,2044.82,,,,,,,METAL_LOSS,False,True,12.666666666666666,1641
9300.0,,0.344,-6.23,33.85,33527.99,metal loss,External,17.0,0.058,,,0.67,1.18,12:37,,,1.0,139.51,,MFL-A/XT,,1160.0,65000.0,,1342.0,1472.21,2044.13,,,,,,,METAL_LOSS,False,True,12.616666666666667,1642
9300.0,,0.344,-7.0,33.08,33528.75,metal loss,External,12.0,0.041,,,1.58,1.06,11:31,,,1.0,139.57,,MFL-A/XT,,1160.0,65000.0,,1342.0,,,,,,,,,METAL_LOSS,False,True,11.516666666666667,1643
9300.0,,0.344,-7.08,33.01,33528.83,metal loss,External,14.0,0.048,,,0.87,1.22,12:01,,,1.0,139.58,,MFL-A/XT,,1160.0,65000.0,,1342.0,1471.0,2042.45,,,,,,,METAL_LOSS,False,True,12.016666666666667,1644
9300.0,,0.344,-7.43,32.66,33529.18,metal loss,External,10.0,0.034,,,0.71,1.69,11:45,,,1.0,139.61,,MFL-A/XT,,1160.0,65000.0,,1342.0,,,,,,,,,METAL_LOSS,False,True,11.75,1645
9300.0,,0.344,-7.75,32.34,33529.5,metal loss,External,11.0,0.038,,,2.05,1.22,12:32,,,1.0,139.63,,MFL-A/XT,,1160.0,65000.0,,1342.0,,,,,,,,,METAL_LOSS,False,True,12.533333333333333,1646
9300.0,,0.344,-7.76,32.33,33529.51,metal loss,External,14.0,0.048,,,1.02,1.93,1:03,,,1.0,139.63,,MFL-A/XT,,1160.0,65000.0,,1342.0,1469.11,2039.82,,,,,,,METAL_LOSS,False,True,1.05,1647
9300.0,,0.344,-8.21,31.88,33529.96,metal loss,External,15.0,0.052,,,0.43,0.71,11:30,,,1.0,139.67,,MFL-A/XT,,1160.0,65000.0,,1342.0,1474.74,2047.64,,,,,,,METAL_LOSS,False,True,11.5,1648
9300.0,,0.344,-8.64,31.44,33530.39,cluster,External,35.0,0.12,,,2.69,3.56,12:25,,,1.0,139.7,,,,1160.0,65000.0,,1342.0,1378.92,1914.6,1430.53,1986.26,1477.06,2050.86,0.81,1.71,CLUSTER,False,True,12.416666666666666,1649
9300.0,,0.344,-8.72,31.37,33530.47,metal loss,External,10.0,0.034,,,0.35,0.59,11:18,,,1.0,139.71,,MFL-A/XT,,1160.0,65000.0,,1342.0,,,,,,,,,METAL_LOSS,False,True,11.3,1650
9300.0,,0.344,-8.81,31.27,33530.56,cluster,External,23.0,0.079,,,1.96,1.3,11:21,,,1.0,139.72,,,,1160.0,65000.0,,1342.0,1437.83,1996.39,1504.34,2088.74,1515.19,2103.8,0.77,1.8,CLUSTER,False,True,11.35,1651
9300.0,,0.344,-9.24,30.85,33530.99,metal loss,External,12.0,0.041,,,0.79,1.73,12:00,,,1.0,139.75,,MFL-A/XT,,1160.0,65000.0,,1342.0,,,,,,,,,METAL_LOSS,False,True,12.0,1652
9300.0,,0.344,-9.27,30.81,33531.02,cluster,External,19.0,0.065,,,1.61,1.03,12:43,,,1.0,139.75,,,,1160.0,65000.0,,1342.0,1453.75,2018.5,,,,,,,CLUSTER,False,True,12.716666666666667,1653
9300.0,,0.344,-9.29,30.79,33531.04,metal loss,External,14.0,0.048,,,0.83,1.02,11:29,,,1.0,139.76,,MFL-A/XT,,1160.0,65000.0,,1342.0,1471.41,2043.01,,,,,,,METAL_LOSS,False,True,11.483333333333333,1654
9300.0,,0.344,-9.44,30.65,33531.19,metal loss,External,22.0,0.076,,,0.55,1.1,11:34,,,1.0,139.77,,MFL-A/XT,,1160.0,65000.0,,1342.0,1472.54,2044.59,1544.47,2144.46,1544.75,2144.85,0.75,1.85,METAL_LOSS,False,True,11.566666666666666,1655
9360.0,,0.344,-2.6,37.47,33764.38,metal loss,External,16.0,0.055,,,1.06,1.61,7:27,,,1.0,132.65,,MFL-A/XT,,1160.0,65000.0,,1342.0,1467.25,2037.24,,,,,,,METAL_LOSS,False,True,7.45,1665
9360.0,,0.344,-2.88,37.19,33764.65,metal loss,External,30.0,0.103,,,0.75,1.46,7:23,,,1.0,132.62,,MFL-A/XT,,1160.0,65000.0,,1342.0,1466.45,2036.13,1537.45,2134.71,1538.67,2136.4,0.75,1.84,METAL_LOSS,False,True,7.383333333333334,1666
9360.0,,0.344,-3.12,36.95,33764.89,metal loss,External,15.0,0.052,,,1.46,2.09,7:10,,,1.0,132.59,,MFL-A/XT,,1160.0,65000.0,,1342.0,1461.78,2029.65,,,,,,,METAL_LOSS,False,True,7.166666666666667,1667
9360.0,,0.344,-3.42,36.64,33765.2,metal loss,External,12.0,0.041,,,0.91,2.01,6:56,,,1.0,132.55,,MFL-A/XT,,1160.0,65000.0,,1342.0,,,,,,,,,METAL_LOSS,False,True,6.933333333333334,1668
9360.0,,0.344,-4.56,35.51,33766.34,metal loss,External,18.0,0.062,,,0.67,1.22,7:14,,,1.0,132.4,,MFL-A/XT,,1160.0,65000.0,,1342.0,1472.09,2043.96,,,,,,,METAL_LOSS,False,True,7.233333333333333,1669
9360.0,,0.344,-4.84,35.22,33766.62,metal loss,External,15.0,0.052,,,0.98,1.81,7:12,,,1.0,132.36,,MFL-A/XT,,1160.0,65000.0,,1342.0,1469.04,2039.73,,,,,,,METAL_LOSS,False,True,7.2,1670
9360.0,,0.344,-5.11,34.96,33766.89,metal loss,External,10.0,0.034,,,1.22,1.73,7:20,,,1.0,132.33,,MFL-A/XT,,1160.0,65000.0,,1342.0,,,,,,,,,METAL_LOSS,False,True,7.333333333333333,1671
9360.0,,0.344,-26.87,13.2,33788.65,metal loss,External,11.0,0.038,,,0.79,1.42,7:51,,,1.0,130.81,,MFL-A/XT,,1160.0,65000.0,,1342.0,,,,,,,,,METAL_LOSS,False,True,7.85,1672
9360.0,,0.344,-27.7,12.37,33789.47,metal loss,External,11.0,0.038,,,0.55,0.59,7:47,,,1.0,130.82,,MFL-A/XT,,1160.0,65000.0,,1342.0,,,,,,,,,METAL_LOSS,False,True,7.783333333333333,1673
9360.0,,0.344,-27.77,12.3,33789.54,metal loss,External,11.0,0.038,,,0.47,0.79,7:49,,,1.0,130.82,,MFL-A/XT,,1160.0,65000.0,,1342.0,,,,,,,,,METAL_LOSS,False,True,7.816666666666666,1674
9360.0,,0.344,-27.93,12.14,33789.71,metal loss,External,17.0,0.058,,,0.98,1.73,7:52,,,1.0,130.82,,MFL-A/XT,,1160.0,65000.0,,1342.0,1467.97,2038.24,,,,,,,METAL_LOSS,False,True,7.866666666666667,1675
9360.0,,0.344,-39.19,0.87,33800.97,metal loss,External,25.0,0.086,,,0.51,2.6,8:07,Repaired?,,1.0,131.36,,MFL-A/XT,,1160.0,65000.0,,1342.0,1472.64,2044.72,1544.55,2144.57,1544.9,2145.05,0.75,1.85,METAL_LOSS,False,True,8.116666666666667,1678
9360.0,,0.344,-39.2,0.86,33800.98,metal loss,External,10.0,0.034,,,0.63,1.42,2:11,Repaired?,,1.0,131.36,,MFL-A/XT,,1160.0,65000.0,,1342.0,,,,,,,,,METAL_LOSS,False,True,2.183333333333333,1679
9370.0,,0.344,-1.89,22.91,33803.74,metal loss,External,23.0,0.079,,,0.67,1.81,10:51,Recoat,,0.7,131.54,,MFL-A/XT,,1160.0,65000.0,,1342.0,1470.56,2041.83,1542.25,2141.37,1542.72,2142.03,0.75,1.85,METAL_LOSS,False,True,10.85,1682
9370.0,,0.344,-1.94,22.86,33803.79,metal loss,External,11.0,0.038,,,0.47,1.14,1:10,Recoat,,0.7,131.54,,MFL-A/XT,,1160.0,65000.0,,1342.0,,,,,,,,,METAL_LOSS,False,True,1.1666666666666667,1683
9370.0,,0.344,-1.98,22.83,33803.82,metal loss,External,15.0,0.052,,,0.63,1.06,12:23,Recoat,,0.7,131.54,,MFL-A/XT,,1160.0,65000.0,,1342.0,1473.2,2045.5,,,,,,,METAL_LOSS,False,True,12.383333333333333,1684
9370.0,,0.344,-1.99,22.81,33803.84,metal loss,External,15.0,0.052,,,0.67,1.3,4:18,Recoat,,0.7,131.54,,MFL-A/XT,,1160.0,65000.0,,1342.0,1472.73,2044.85,,,,,,,METAL_LOSS,False,True,4.3,1685
9370.0,,0.344,-1.99,22.81,33803.84,metal loss,External,11.0,0.038,,,2.17,1.22,3:54,Recoat,,0.7,131.54,,MFL-A/XT,,1160.0,65000.0,,1342.0,,,,,,,,,METAL_LOSS,False,True,3.9,1686
9390.0,,0.344,-36.37,3.74,33903.09,metal loss,External,10.0,0.034,,,0.67,0.94,11:57,,,0.7,131.45,,MFL-A/XT,,1160.0,65000.0,,1342.0,,,,,,,,,METAL_LOSS,False,True,11.95,1695
9390.0,,0.344,-36.58,3.53,33903.3,metal loss,External,13.0,0.045,,,0.39,1.1,11:59,,,0.7,131.45,,MFL-A/XT,,1160.0,65000.0,,1342.0,1475.21,2048.29,,,,,,,METAL_LOSS,False,True,11.983333333333333,1696
9390.0,,0.344,-36.64,3.47,33903.37,metal loss,External,14.0,0.048,,,0.47,1.38,11:49,,,0.7,131.45,,MFL-A/XT,,1160.0,65000.0,,1342.0,1474.61,2047.47,,,,,,,METAL_LOSS,False,True,11.816666666666666,1697
9390.0,,0.344,-36.88,3.23,33903.6,metal loss,External,39.0,0.134,,,0.55,1.1,11:55,,,0.7,131.45,,MFL-A/XT,,1160.0,65000.0,,1342.0,1468.75,2039.32,1539.83,2138.01,1541.04,2139.69,0.75,1.84,METAL_LOSS,False,True,11.916666666666666,1698
9390.0,,0.344,-37.18,2.93,33903.9,metal loss,External,10.0,0.034,,,0.47,1.02,11:59,,,0.7,131.44,,MFL-A/XT,,1160.0,65000.0,,1342.0,,,,,,,,,METAL_LOSS,False,True,11.983333333333333,1699
9390.0,,0.344,-37.36,2.75,33904.08,metal loss,External,10.0,0.034,,,2.09,1.02,12:50,,,0.7,131.44,,MFL-A/XT,,1160.0,65000.0,,1342.0,,,,,,,,,METAL_LOSS,False,True,12.833333333333334,1700
9400.0,,0.344,-39.22,0.88,33946.06,metal loss,External,19.0,0.065,,,0.51,1.5,10:56,,,0.7,129.92,,MFL-A/XT,,1160.0,65000.0,,1342.0,1473.5,2045.91,,,,,,,METAL_LOSS,False,True,10.933333333333334,1703
9400.0,,0.344,-39.25,0.85,33946.08,metal loss,External,36.0,0.124,,,0.47,1.89,1:04,,,0.7,129.92,,MFL-A/XT,,1160.0,65000.0,,1342.0,1471.35,2042.93,1542.92,2142.31,1543.66,2143.33,0.75,1.85,METAL_LOSS,False,True,1.0666666666666667,1704
9420.0,,0.344,-11.95,28.19,33999.0,metal loss,External,14.0,0.048,,,1.89,0.67,3:56,,,0.7,127.48,,MFL-A/XT,,1160.0,65000.0,,1342.0,1455.4,2020.79,,,,,,,METAL_LOSS,False,True,3.9333333333333336,1712
9420.0,,0.344,-12.02,28.12,33999.07,metal loss,External,17.0,0.058,,,1.69,1.69,4:15,,,0.7,127.48,,MFL-A/XT,,1160.0,65000.0,,1342.0,1454.77,2019.92,,,,,,,METAL_LOSS,False,True,4.25,1713
9420.0,,0.344,-12.27,27.87,33999.32,cluster,External,22.0,0.076,,,1.96,1.49,4:13,,,0.7,127.48,,,,1160.0,65000.0,,1342.0,1439.74,1999.04,1506.64,2091.93,1513.42,2101.35,0.77,1.8,CLUSTER,False,True,4.216666666666667,1714
9420.0,,0.344,-12.55,27.59,33999.59,metal loss,External,17.0,0.058,,,1.06,2.17,4:04,,,0.7,127.47,,MFL-A/XT,,1160.0,65000.0,,1342.0,1466.63,2036.37,,,,,,,METAL_LOSS,False,True,4.066666666666666,1715
9420.0,,0.344,-12.69,27.46,33999.73,metal loss,External,11.0,0.038,,,0.79,1.85,7:15,,,0.7,127.47,,MFL-A/XT,,1160.0,65000.0,,1342.0,,,,,,,,,METAL_LOSS,False,True,7.25,1716
9420.0,,0.344,-12.81,27.33,33999.86,metal loss,External,56.0,0.193,,,1.14,1.53,4:05,,,0.7,127.47,,MFL-A/XT,,1160.0,65000.0,,1342.0,1427.24,1981.69,1486.44,2063.89,1497.74,2079.57,0.78,1.78,METAL_LOSS,False,True,4.083333333333333,1717
9420.0,,0.344,-13.13,27.01,34000.18,metal loss,External,23.0,0.079,,,0.63,1.18,4:20,,,0.7,127.47,,MFL-A/XT,,1160.0,65000.0,,1342.0,1471.31,2042.88,1543.09,2142.54,1543.5,2143.11,0.75,1.85,METAL_LOSS,False,True,4.333333333333333,1718
9420.0,,0.344,-13.35,26.79,34000.4,metal loss,External,19.0,0.065,,,1.26,1.73,4:06,,,0.7,127.47,,MFL-A/XT,,1160.0,65000.0,,1342.0,1461.56,2029.34,,,,,,,METAL_LOSS,False,True,4.1,1719
9420.0,,0.344,-13.54,26.61,34000.58,metal loss,External,11.0,0.038,,,0.59,1.18,4:18,,,0.7,127.47,,MFL-A/XT,,1160.0,65000.0,,1342.0,,,,,,,,,METAL_LOSS,False,True,4.3,1720
9420.0,,0.344,-39.17,0.97,34026.21,metal loss,External,13.0,0.045,,,1.61,4.65,8:26,,,0.7,127.03,,MFL-A/XT,,1160.0,65000.0,,1342.0,1461.35,2029.04,,,,,,,METAL_LOSS,False,True,8.433333333333334,1721
9420.0,,0.344,-39.18,0.96,34026.22,metal loss,External,34.0,0.117,,,1.53,0.59,8:10,,,0.7,127.03,,MFL-A/XT,,1160.0,65000.0,,1342.0,1435.05,1992.54,1500.31,2083.14,1506.17,2091.28,0.77,1.8,METAL_LOSS,False,True,8.166666666666666,1723
9420.0,,0.344,-39.19,0.95,34026.24,metal loss,External,12.0,0.041,,,1.14,2.91,7:26,,,0.7,127.03,,MFL-A/XT,,1160.0,65000.0,,1342.0,,,,,,,,,METAL_LOSS,False,True,7.433333333333334,1724
9420.0,,0.344,-39.24,0.9,34026.28,metal loss,External,37.0,0.127,,,0.87,3.23,10:18,,,0.7,127.03,,MFL-A/XT,,1160.0,65000.0,,1342.0,1459.8,2026.89,1529.43,2123.57,1531.96,2127.09,0.76,1.83,METAL_LOSS,False,True,10.3,1725
9430.0,,0.344,-36.43,3.68,34063.61,metal loss,External,43.0,0.148,,,0.51,1.1,6:24,,,0.7,126.09,,MFL-A/XT,,1160.0,65000.0,,1342.0,1468.73,2039.29,1539.68,2137.8,1541.01,2139.65,0.75,1.84,METAL_LOSS,False,True,6.4,1728
9430.0,,0.344,-36.58,3.54,34063.76,metal loss,External,21.0,0.072,,,0.59,1.06,6:19,,,0.7,126.09,,MFL-A/XT,,1160.0,65000.0,,1342.0,1472.28,2044.23,1544.19,2144.07,1544.46,2144.44,0.75,1.85,METAL_LOSS,False,True,6.316666666666666,1729
9430.0,,0.344,-36.74,3.37,34063.93,metal loss,External,15.0,0.052,,,0.59,1.02,6:19,,,0.7,126.08,,MFL-A/XT,,1160.0,65000.0,,1342.0,1473.52,2045.95,,,,,,,METAL_LOSS,False,True,6.316666666666666,1730
9440.0,,0.344,-7.95,32.18,34075.25,metal loss,External,22.0,0.076,,,1.34,1.53,6:47,Recoat,,1.0,125.87,,MFL-A/XT,,1160.0,65000.0,,1342.0,1456.8,2022.73,1526.66,2119.73,1528.15,2121.8,0.76,1.83,METAL_LOSS,False,True,6.783333333333333,1733
9440.0,,0.344,-7.99,32.14,34075.29,metal loss,External,14.0,0.048,,,0.91,1.26,6:22,Recoat,,1.0,125.87,,MFL-A/XT,,1160.0,65000.0,,1342.0,1470.45,2041.68,,,,,,,METAL_LOSS,False,True,6.366666666666666,1734
9440.0,,0.344,-8.18,31.95,34075.48,metal loss,External,27.0,0.093,,,0.91,1.5,6:37,Recoat,,1.0,125.86,,MFL-A/XT,,1160.0,65000.0,,1342.0,1463.98,2032.7,1534.72,2130.93,1536.07,2132.79,0.76,1.84,METAL_LOSS,False,True,6.616666666666667,1735
9440.0,,0.344,-8.28,31.85,34075.58,metal loss,External,13.0,0.045,,,0.51,1.02,5:57,Recoat,,1.0,125.86,,MFL-A/XT,,1160.0,65000.0,,1342.0,1474.51,2047.32,,,,,,,METAL_LOSS,False,True,5.95,1736
9440.0,,0.344,-8.44,31.69,34075.74,metal loss,External,12.0,0.041,,,0.47,0.87,6:16,Recoat,,1.0,125.86,,MFL-A/XT,,1160.0,65000.0,,1342.0,,,,,,,,,METAL_LOSS,False,True,6.266666666666667,1737
9440.0,,0.344,-8.61,31.53,34075.9,metal loss,External,29.0,0.1,,,0.59,0.94,6:20,Recoat,,1.0,125.86,,MFL-A/XT,,1160.0,65000.0,,1342.0,1470.21,2041.35,1541.75,2140.69,1542.47,2141.69,0.75,1.85,METAL_LOSS,False,True,6.333333333333333,1738
9460.0,,0.344,-9.98,30.16,34157.5,metal loss,External,31.0,0.107,,,1.85,2.32,5:04,,,1.0,125.85,,MFL-A/XT,,1160.0,65000.0,,1342.0,1426.2,1980.24,1489.9,2068.69,1496.39,2077.7,0.78,1.78,METAL_LOSS,False,True,5.066666666666666,1753
9470.0,,0.344,-0.76,39.34,34188.41,metal loss,External,34.0,0.117,,,1.65,5.08,5:10,Recoat,,0.7,126.3,,MFL-A/XT,,1160.0,65000.0,,1342.0,1430.17,1985.76,1494.42,2074.97,1500.98,2084.07,0.78,1.79,METAL_LOSS,False,True,5.166666666666667,1757
9470.0,,0.344,-0.78,39.31,34188.43,metal loss,External,31.0,0.107,,,1.81,2.05,2:47,Recoat,,0.7,126.3,,MFL-A/XT,,1160.0,65000.0,,1342.0,1428.2,1983.03,1492.34,2072.07,1498.57,2080.72,0.78,1.79,METAL_LOSS,False,True,2.783333333333333,1758
9470.0,,0.344,-0.79,39.3,34188.45,metal loss,External,29.0,0.1,,,1.14,1.81,6:34,Recoat,,0.7,126.3,,MFL-A/XT,,1160.0,65000.0,,1342.0,1456.11,2021.77,1525.57,2118.22,1527.99,2121.58,0.76,1.83,METAL_LOSS,False,True,6.566666666666666,1761
9590.0,,0.344,-19.91,20.33,34670.26,metal loss,External,13.0,0.045,,,0.87,1.18,7:24,,,0.7,115.5,,MFL-A/XT,,1160.0,65000.0,,1342.0,1471.41,2043.01,,,,,,,METAL_LOSS,False,True,7.4,1775
9650.0,,0.344,-21.29,18.74,34912.23,metal loss manufacturing,,21.0,0.072,,,0.39,0.75,6:59,,,0.7,99.51,,MFL-A/XT,,1160.0,65000.0,,1342.0,,,,,,,,,METAL_LOSS_MFG,False,True,6.983333333333333,1782
9650.0,,0.344,-22.8,17.23,34913.75,metal loss manufacturing,,18.0,0.062,,,0.43,0.67,10:50,,,0.7,99.22,,MFL-A/XT,,1160.0,65000.0,,1342.0,,,,,,,,,METAL_LOSS_MFG,False,True,10.833333333333334,1783
9690.0,,0.344,-0.03,27.43,35051.46,metal loss,External,11.0,0.038,,,0.39,1.14,2:07,affecting girth weld,,1.0,89.6,,MFL-A/XT,,1160.0,65000.0,,1342.0,,,,,,,,,METAL_LOSS,False,True,2.1166666666666667,1790
9860.0,,0.344,-0.86,39.17,35635.85,metal loss,External,35.0,0.12,,,0.51,1.22,5:55,,,0.7,124.48,,MFL-A/XT,,1160.0,65000.0,,1342.0,1470.54,2041.8,1542.01,2141.04,1542.84,2142.19,0.75,1.85,METAL_LOSS,False,True,5.916666666666667,1808
9890.0,,0.344,-39.16,0.9,35794.29,metal loss,External,27.0,0.093,,,0.79,2.28,7:01,,,1.0,131.7,,MFL-A/XT,,1160.0,65000.0,,1342.0,1467.11,2037.04,1538.28,2135.86,1539.28,2137.25,0.75,1.84,METAL_LOSS,False,True,7.016666666666667,1812
9890.0,,0.344,-39.19,0.87,35794.32,metal loss,External,14.0,0.048,,,0.87,0.63,6:05,,,1.0,131.7,,MFL-A/XT,,1160.0,65000.0,,1342.0,1471.0,2042.45,,,,,,,METAL_LOSS,False,True,6.083333333333333,1813
9910.0,,0.344,-18.27,21.77,35853.48,metal loss manufacturing,,15.0,0.052,,,0.32,0.79,6:12,,,1.0,133.48,,MFL-A/XT,,1160.0,65000.0,,1342.0,,,,,,,,,METAL_LOSS_MFG,False,True,6.2,1816
9910.0,,0.344,-18.35,21.69,35853.56,metal loss manufacturing,,10.0,0.034,,,0.32,0.63,6:00,,,1.0,133.48,,MFL-A/XT,,1160.0,65000.0,,1342.0,,,,,,,,,METAL_LOSS_MFG,False,True,6.0,1817
9920.0,,0.344,-0.7,39.33,35875.95,metal loss,External,26.0,0.089,,,1.22,6.46,4:46,,,1.0,133.97,,MFL-A/XT,,1160.0,65000.0,,1342.0,1456.19,2021.88,1525.81,2118.55,1527.9,2121.45,0.76,1.83,METAL_LOSS,False,True,4.766666666666667,1819
9920.0,,0.344,-0.73,39.3,35875.98,metal loss,External,16.0,0.055,,,1.26,2.28,3:52,,,1.0,133.97,,MFL-A/XT,,1160.0,65000.0,,1342.0,1464.13,2032.91,,,,,,,METAL_LOSS,False,True,3.8666666666666667,1821
9920.0,,0.344,-0.73,39.3,35875.98,cluster,External,22.0,0.076,,,1.18,4.73,7:39,,,1.0,133.97,,,,1160.0,65000.0,,1342.0,1460.78,2028.25,1531.22,2126.06,1531.89,2127.0,0.76,1.83,CLUSTER,False,True,7.65,1822
9920.0,,0.344,-0.75,39.28,35876.0,metal loss,External,25.0,0.086,,,0.79,3.46,8:55,,,1.0,133.97,,MFL-A/XT,,1160.0,65000.0,,1342.0,1467.67,2037.82,1538.96,2136.81,1539.8,2137.97,0.75,1.84,METAL_LOSS,False,True,8.916666666666666,1823
9920.0,,0.344,-0.77,39.26,35876.02,metal loss,External,19.0,0.065,,,0.63,2.95,10:42,,,1.0,133.97,,MFL-A/XT,,1160.0,65000.0,,1342.0,1472.28,2044.23,,,,,,,METAL_LOSS,False,True,10.7,1824
9920.0,,0.344,-0.77,39.26,35876.02,metal loss,External,11.0,0.038,,,0.83,2.52,1:29,,,1.0,133.97,,MFL-A/XT,,1160.0,65000.0,,1342.0,,,,,,,,,METAL_LOSS,False,True,1.4833333333333334,1825
10070.0,,0.344,-21.26,18.92,36496.68,metal loss,External,10.0,0.034,,,0.51,0.98,5:03,,,0.7,143.81,,MFL-A/XT,,1160.0,65000.0,,1342.0,,,,,,,,,METAL_LOSS,False,True,5.05,1845
10510.0,,0.344,-22.91,17.1,37951.31,metal loss manufacturing,,10.0,0.034,,,0.32,0.59,9:58,,,0.7,216.56,,MFL-A/XT,,1160.0,65000.0,,1342.0,,,,,,,,,METAL_LOSS_MFG,False,True,9.966666666666667,1895
10540.0,,0.344,-0.5,39.54,38046.71,metal loss,External,18.0,0.062,,,1.26,2.48,2:05,,,0.7,226.75,,MFL-A/XT,,1160.0,65000.0,,1342.0,1462.43,2030.55,,,,,,,METAL_LOSS,False,True,2.0833333333333335,1899
10620.0,,0.344,-28.67,11.45,38363.7,metal loss,External,11.0,0.038,,,2.09,0.59,1:08,,,0.7,242.12,,MFL-A/XT,,1160.0,65000.0,,1342.0,,,,,,,,,METAL_LOSS,False,True,1.1333333333333333,1908
10640.0,,0.344,-34.19,5.88,38444.41,metal loss,External,18.0,0.062,,,2.17,1.5,9:40,,,0.7,245.83,,MFL-A/XT,,1160.0,65000.0,,1342.0,1442.73,2003.19,,,,,,,METAL_LOSS,False,True,9.666666666666666,1911
10640.0,,0.344,-34.21,5.86,38444.42,metal loss,External,11.0,0.038,,,2.01,0.83,9:11,,,0.7,245.83,,MFL-A/XT,,1160.0,65000.0,,1342.0,,,,,,,,,METAL_LOSS,False,True,9.183333333333334,1912
10640.0,,0.344,-34.22,5.86,38444.43,metal loss,External,13.0,0.045,,,1.73,0.83,10:06,,,0.7,245.83,,MFL-A/XT,,1160.0,65000.0,,1342.0,1459.67,2026.72,,,,,,,METAL_LOSS,False,True,10.1,1913
10830.0,,0.344,-22.35,17.6,39159.96,metal loss,External,10.0,0.034,,,0.91,1.73,8:28,,,0.7,27.07,,MFL-A/XT,,1160.0,65000.0,,1342.0,,,,,,,,,METAL_LOSS,False,True,8.466666666666667,1934
10830.0,,0.344,-38.96,0.99,39176.57,metal loss,External,10.0,0.034,,,0.67,1.3,4:43,,,0.7,26.74,,MFL-A/XT,,1160.0,65000.0,,1342.0,,,,,,,,,METAL_LOSS,False,True,4.716666666666667,1935
10830.0,,0.344,-38.96,0.99,39176.57,metal loss,External,19.0,0.065,,,0.67,1.1,5:40,,,0.7,26.74,,MFL-A/XT,,1160.0,65000.0,,1342.0,1471.68,2043.39,,,,,,,METAL_LOSS,False,True,5.666666666666667,1936
10830.0,,0.344,-39.05,0.91,39176.66,metal loss,External,13.0,0.045,,,0.83,1.69,6:29,,,0.7,26.74,,MFL-A/XT,,1160.0,65000.0,,1342.0,1471.78,2043.53,,,,,,,METAL_LOSS,False,True,6.483333333333333,1937
10840.0,,0.344,-28.09,0.54,39205.66,metal loss,External,12.0,0.041,,,0.63,1.22,6:25,,,0.7,26.21,,MFL-A/XT,,1160.0,65000.0,,1342.0,,,,,,,,,METAL_LOSS,False,True,6.416666666666667,1939
10920.0,,0.344,-1.69,21.71,39375.25,metal loss,External,14.0,0.048,,,1.85,2.48,6:22,,,1.0,25.17,,MFL-A/XT,,1160.0,65000.0,,1342.0,1456.23,2021.94,,,,,,,METAL_LOSS,False,True,6.366666666666666,1950
10920.0,,0.344,-1.76,21.64,39375.31,metal loss,External,10.0,0.034,,,1.97,1.14,5:57,,,1.0,25.17,,MFL-A/XT,,1160.0,65000.0,,1342.0,,,,,,,,,METAL_LOSS,False,True,5.95,1951
10920.0,,0.344,-22.56,0.84,39396.11,metal loss,External,13.0,0.045,,,0.32,0.59,8:06,,,1.0,24.53,,MFL-A/XT,,1160.0,65000.0,,1342.0,1475.54,2048.76,,,,,,,METAL_LOSS,False,True,8.1,1952
10930.0,,0.344,-28.12,1.06,39425.07,metal loss,External,15.0,0.052,,,1.46,3.07,3:54,,,1.0,24.01,,MFL-A/XT,,1160.0,65000.0,,1342.0,1461.58,2029.36,,,,,,,METAL_LOSS,False,True,3.9,1954
10950.0,,0.344,-0.85,39.2,39466.96,metal loss,External,10.0,0.034,,,0.71,0.67,9:09,,,0.7,23.57,,MFL-A/XT,,1160.0,65000.0,,1342.0,,,,,,,,,METAL_LOSS,False,True,9.15,1957
10950.0,,0.344,-0.93,39.12,39467.04,metal loss,External,13.0,0.045,,,0.83,7.4,8:56,,,0.7,23.57,,MFL-A/XT,,1160.0,65000.0,,1342.0,1471.78,2043.53,,,,,,,METAL_LOSS,False,True,8.933333333333334,1958
10950.0,,0.344,-0.99,39.07,39467.09,metal loss,External,18.0,0.062,,,1.14,3.54,3:10,,,0.7,23.57,,MFL-A/XT,,1160.0,65000.0,,1342.0,1464.7,2033.7,,,,,,,METAL_LOSS,False,True,3.1666666666666665,1961
10950.0,,0.344,-1.12,38.93,39467.23,metal loss,External,15.0,0.052,,,0.91,1.3,8:30,,,0.7,23.57,,MFL-A/XT,,1160.0,65000.0,,1342.0,1469.99,2041.05,,,,,,,METAL_LOSS,False,True,8.5,1962
10950.0,,0.344,-4.82,35.23,39470.93,metal loss,External,34.0,0.117,,,0.79,1.14,3:44,,,0.7,23.53,,MFL-A/XT,,1160.0,65000.0,,1342.0,1463.73,2032.35,1534.17,2130.15,1535.95,2132.62,0.76,1.84,METAL_LOSS,False,True,3.7333333333333334,1963
10950.0,,0.344,-5.45,34.6,39471.56,metal loss,External,11.0,0.038,,,2.01,1.22,4:04,,,0.7,23.52,,MFL-A/XT,,1160.0,65000.0,,1342.0,,,,,,,,,METAL_LOSS,False,True,4.066666666666666,1964
10950.0,,0.344,-26.6,13.45,39492.71,metal loss,External,10.0,0.034,,,1.02,1.46,6:49,,,0.7,23.36,,MFL-A/XT,,1160.0,65000.0,,1342.0,,,,,,,,,METAL_LOSS,False,True,6.816666666666666,1966
10950.0,,0.344,-26.92,13.13,39493.03,metal loss,External,12.0,0.041,,,1.26,1.5,6:39,,,0.7,23.36,,MFL-A/XT,,1160.0,65000.0,,1342.0,,,,,,,,,METAL_LOSS,False,True,6.65,1967
10980.0,,0.344,-0.07,40.65,39551.41,metal loss,External,16.0,0.055,,,0.51,7.21,12:28,affecting girth weld,,0.7,25.31,,MFL-A/XT,,1160.0,65000.0,,1342.0,1474.07,2046.71,,,,,,,METAL_LOSS,False,True,12.466666666666667,1976
10980.0,,0.344,-3.05,37.66,39554.39,metal loss,External,12.0,0.041,,,1.58,1.58,3:18,,,0.7,26.58,,MFL-A/XT,,1160.0,65000.0,,1342.0,,,,,,,,,METAL_LOSS,False,True,3.3,1978
11000.0,,0.344,-0.74,39.47,39615.17,metal loss,External,17.0,0.058,,,1.93,1.38,5:28,,,0.7,60.86,,MFL-A/XT,,1160.0,65000.0,,1342.0,1449.69,2012.87,,,,,,,METAL_LOSS,False,True,5.466666666666667,1984
11000.0,,0.344,-0.94,39.27,39615.36,metal loss,External,10.0,0.034,,,1.3,2.05,6:06,,,0.7,60.98,,MFL-A/XT,,1160.0,65000.0,,1342.0,,,,,,,,,METAL_LOSS,False,True,6.1,1987
11000.0,,0.344,-1.04,39.17,39615.47,metal loss,External,14.0,0.048,,,0.51,1.06,6:35,,,0.7,61.04,,MFL-A/XT,,1160.0,65000.0,,1342.0,1474.37,2047.12,,,,,,,METAL_LOSS,False,True,6.583333333333333,1988
11000.0,,0.344,-40.07,0.14,39654.5,metal loss,External,19.0,0.065,,,0.79,1.81,3:16,near girth weld Repaired?,,0.7,79.18,,MFL-A/XT,,1160.0,65000.0,,1342.0,1470.0,2041.06,,,,,,,METAL_LOSS,False,True,3.2666666666666666,1991
11010.0,,0.344,-0.01,37.25,39654.65,metal loss,External,10.0,0.034,,,0.32,0.98,3:38,affecting girth weld Repaired?,,0.7,79.24,,MFL-A/XT,,1160.0,65000.0,,1342.0,,,,,,,,,METAL_LOSS,False,True,3.6333333333333333,1993
11010.0,,0.344,-0.01,37.25,39654.65,metal loss,External,16.0,0.055,,,0.32,0.75,3:48,affecting girth weld Repaired?,,0.7,79.24,,MFL-A/XT,,1160.0,65000.0,,1342.0,1475.37,2048.52,,,,,,,METAL_LOSS,False,True,3.8,1994
11010.0,,0.344,-0.08,37.19,39654.72,metal loss,External,10.0,0.034,,,0.32,1.77,2:01,affecting girth weld Repaired?,,0.7,79.26,,MFL-A/XT,,1160.0,65000.0,,1342.0,,,,,,,,,METAL_LOSS,False,True,2.0166666666666666,1996
11010.0,,0.344,-0.31,36.96,39654.94,cluster,External,31.0,0.107,,,2.45,5.51,2:52,Repaired?,,0.7,79.34,,,,1160.0,65000.0,,1342.0,1401.79,1946.35,1459.8,2026.9,1488.04,2066.11,0.79,1.75,CLUSTER,False,True,2.8666666666666667,1998
11010.0,,0.344,-0.7,36.57,39655.34,metal loss,External,12.0,0.041,,,0.94,1.42,8:20,Repaired?,,0.7,79.48,,MFL-A/XT,,1160.0,65000.0,,1342.0,,,,,,,,,METAL_LOSS,False,True,8.333333333333334,1999
11050.0,,0.344,-0.18,39.89,39768.19,metal loss,External,13.0,0.045,,,0.51,0.67,7:27,near girth weld,,0.7,132.11,,MFL-A/XT,,1160.0,65000.0,,1342.0,1474.51,2047.32,,,,,,,METAL_LOSS,False,True,7.45,2010
11310.0,,0.344,-38.96,1.09,40732.53,metal loss,External,27.0,0.093,,,0.75,1.18,8:03,,,0.7,115.74,,MFL-A/XT,,1160.0,65000.0,,1342.0,1467.89,2038.13,1539.17,2137.1,1540.08,2138.36,0.75,1.84,METAL_LOSS,False,True,8.05,2040
11310.0,,0.344,-39.06,0.98,40732.63,metal loss,External,10.0,0.034,,,0.67,1.58,12:17,,,0.7,115.69,,MFL-A/XT,,1160.0,65000.0,,1342.0,,,,,,,,,METAL_LOSS,False,True,12.283333333333333,2041
11310.0,,0.344,-39.08,0.97,40732.64,metal loss,External,14.0,0.048,,,0.59,0.87,3:13,,,0.7,115.68,,MFL-A/XT,,1160.0,65000.0,,1342.0,1473.72,2046.22,,,,,,,METAL_LOSS,False,True,3.216666666666667,2042
11330.0,,0.344,-10.37,0.37,40751.99,metal loss,External,10.0,0.034,,,1.53,0.59,10:19,,,0.7,111.78,,MFL-A/XT,,1160.0,65000.0,,1342.0,,,,,,,,,METAL_LOSS,False,True,10.316666666666666,2046
11330.0,,0.344,-10.44,0.31,40752.06,metal loss,External,16.0,0.055,,,0.43,0.59,10:03,,,0.7,111.78,,MFL-A/XT,,1160.0,65000.0,,1342.0,1474.63,2047.49,,,,,,,METAL_LOSS,False,True,10.05,2047
11330.0,,0.344,-10.51,0.24,40752.13,metal loss,External,18.0,0.062,,,0.87,3.07,10:41,near girth weld,,0.7,111.77,,MFL-A/XT,,1160.0,65000.0,,1342.0,1469.14,2039.87,,,,,,,METAL_LOSS,False,True,10.683333333333334,2048
11330.0,,0.344,-10.51,0.23,40752.13,metal loss,External,10.0,0.034,,,1.14,2.84,10:05,near girth weld,,0.7,111.77,,MFL-A/XT,,1160.0,65000.0,,1342.0,,,,,,,,,METAL_LOSS,False,True,10.083333333333334,2049
11410.0,,0.344,-17.49,22.59,40991.66,metal loss,External,12.0,0.041,,,1.61,2.79,5:45,,,0.7,137.74,,MFL-A/XT,,1160.0,65000.0,,1342.0,,,,,,,,,METAL_LOSS,False,True,5.75,2059
11410.0,,0.344,-17.5,22.58,40991.67,metal loss,External,15.0,0.052,,,1.14,0.59,5:25,,,0.7,137.74,,MFL-A/XT,,1160.0,65000.0,,1342.0,1466.82,2036.64,,,,,,,METAL_LOSS,False,True,5.416666666666667,2060
11410.0,,0.344,-18.07,22.0,40992.25,metal loss,External,18.0,0.062,,,0.59,0.94,4:44,,,0.7,137.74,,MFL-A/XT,,1160.0,65000.0,,1342.0,1472.92,2045.11,,,,,,,METAL_LOSS,False,True,4.733333333333333,2061
11410.0,,0.344,-19.38,20.69,40993.55,metal loss,External,11.0,0.038,,,0.35,0.59,4:34,,,0.7,137.74,,MFL-A/XT,,1160.0,65000.0,,1342.0,,,,,,,,,METAL_LOSS,False,True,4.566666666666666,2062
11410.0,,0.344,-19.42,20.65,40993.59,cluster,External,32.0,0.11,,,1.73,3.56,4:23,,,0.7,137.74,,,,1160.0,65000.0,,1342.0,1429.74,1985.16,1494.11,2074.53,1498.41,2080.5,0.78,1.79,CLUSTER,False,True,4.383333333333334,2063
11410.0,,0.344,-25.13,14.94,40999.3,metal loss,External,13.0,0.045,,,0.91,1.46,6:05,,,0.7,137.76,,MFL-A/XT,,1160.0,65000.0,,1342.0,1471.02,2042.48,,,,,,,METAL_LOSS,False,True,6.083333333333333,2064
11410.0,,0.344,-25.37,14.71,40999.54,metal loss,External,14.0,0.048,,,0.71,1.34,5:48,,,0.7,137.76,,MFL-A/XT,,1160.0,65000.0,,1342.0,1472.65,2044.73,,,,,,,METAL_LOSS,False,True,5.8,2065
11410.0,,0.344,-25.48,14.6,40999.65,metal loss,External,11.0,0.038,,,0.71,1.02,6:18,,,0.7,137.76,,MFL-A/XT,,1160.0,65000.0,,1342.0,,,,,,,,,METAL_LOSS,False,True,6.3,2066
11410.0,,0.344,-25.51,14.56,40999.68,metal loss,External,13.0,0.045,,,1.02,1.58,5:32,,,0.7,137.76,,MFL-A/XT,,1160.0,65000.0,,1342.0,1469.66,2040.59,,,,,,,METAL_LOSS,False,True,5.533333333333333,2067
11460.0,,0.344,-30.66,5.55,41205.18,metal loss,External,18.0,0.062,,,2.17,0.98,10:12,,,1.0,147.03,,MFL-A/XT,,1160.0,65000.0,,1342.0,1442.45,2002.81,,,,,,,METAL_LOSS,False,True,10.2,2073
11470.0,,0.344,-19.6,20.45,41230.32,metal loss manufacturing,,13.0,0.045,,,0.39,0.83,8:09,,,0.7,146.53,,MFL-A/XT,,1160.0,65000.0,,1342.0,,,,,,,,,METAL_LOSS_MFG,False,True,8.15,2075
11470.0,,0.344,-24.16,15.88,41234.89,metal loss,External,12.0,0.041,,,2.32,1.77,1:42,,,0.7,146.43,,MFL-A/XT,,1160.0,65000.0,,1342.0,,,,,,,,,METAL_LOSS,False,True,1.7,2076
11470.0,,0.344,-24.19,15.85,41234.92,metal loss,External,10.0,0.034,,,1.81,2.32,2:26,,,0.7,146.43,,MFL-A/XT,,1160.0,65000.0,,1342.0,,,,,,,,,METAL_LOSS,False,True,2.4333333333333336,2077
11540.0,,0.344,-16.18,23.9,41506.78,metal loss,External,11.0,0.038,,,0.98,1.46,6:28,,,1.0,134.1,,MFL-A/XT,,1160.0,65000.0,,1342.0,,,,,,,,,METAL_LOSS,False,True,6.466666666666667,2085
11540.0,,0.344,-17.23,22.86,41507.83,metal loss,External,20.0,0.069,,,0.79,1.22,6:31,,,1.0,133.95,,MFL-A/XT,,1160.0,65000.0,,1342.0,1469.63,2040.54,1541.25,2139.99,1541.63,2140.52,0.75,1.84,METAL_LOSS,False,True,6.516666666666667,2086
11540.0,,0.344,-17.66,22.42,41508.26,metal loss,External,21.0,0.072,,,0.59,1.18,6:38,,,1.0,133.9,,MFL-A/XT,,1160.0,65000.0,,1342.0,1472.13,2044.01,1544.02,2143.83,1544.29,2144.21,0.75,1.85,METAL_LOSS,False,True,6.633333333333333,2087
11540.0,,0.344,-18.23,21.86,41508.82,metal loss,External,16.0,0.055,,,0.71,1.42,6:42,,,1.0,133.82,,MFL-A/XT,,1160.0,65000.0,,1342.0,1472.08,2043.95,,,,,,,METAL_LOSS,False,True,6.7,2088
11540.0,,0.344,-18.28,21.81,41508.88,metal loss,External,21.0,0.072,,,0.98,1.53,5:18,,,1.0,133.81,,MFL-A/XT,,1160.0,65000.0,,1342.0,1465.74,2035.14,1536.87,2133.91,1537.58,2134.89,0.75,1.84,METAL_LOSS,False,True,5.3,2089
11540.0,,0.344,-18.46,21.63,41509.06,metal loss,External,15.0,0.052,,,1.89,2.21,6:27,,,1.0,133.79,,MFL-A/XT,,1160.0,65000.0,,1342.0,1453.78,2018.54,,,,,,,METAL_LOSS,False,True,6.45,2090
11540.0,,0.344,-18.66,21.43,41509.26,metal loss,External,31.0,0.107,,,0.83,1.42,5:16,,,1.0,133.76,,MFL-A/XT,,1160.0,65000.0,,1342.0,1464.13,2032.91,1534.75,2130.96,1536.32,2133.14,0.76,1.84,METAL_LOSS,False,True,5.266666666666667,2091
11540.0,,0.344,-19.06,21.02,41509.66,metal loss,External,16.0,0.055,,,1.06,1.26,6:48,,,1.0,133.7,,MFL-A/XT,,1160.0,65000.0,,1342.0,1467.25,2037.24,,,,,,,METAL_LOSS,False,True,6.8,2092
11540.0,,0.344,-19.19,20.9,41509.79,metal loss,External,29.0,0.1,,,0.71,1.34,5:09,,,1.0,133.69,,MFL-A/XT,,1160.0,65000.0,,1342.0,1467.68,2037.84,1538.88,2136.7,1539.91,2138.12,0.75,1.84,METAL_LOSS,False,True,5.15,2093
11540.0,,0.344,-19.33,20.76,41509.93,metal loss,External,15.0,0.052,,,0.75,1.42,6:42,,,1.0,133.67,,MFL-A/XT,,1160.0,65000.0,,1342.0,1471.85,2043.63,,,,,,,METAL_LOSS,False,True,6.7,2094
11540.0,,0.344,-19.38,20.71,41509.97,metal loss,External,13.0,0.045,,,1.26,0.98,6:11,,,1.0,133.66,,MFL-A/XT,,1160.0,65000.0,,1342.0,1466.59,2036.32,,,,,,,METAL_LOSS,False,True,6.183333333333334,2095
11540.0,,0.344,-19.42,20.67,41510.01,metal loss,External,11.0,0.038,,,0.59,0.91,7:20,,,1.0,133.65,,MFL-A/XT,,1160.0,65000.0,,1342.0,,,,,,,,,METAL_LOSS,False,True,7.333333333333333,2096
11540.0,,0.344,-19.45,20.64,41510.05,metal loss,External,11.0,0.038,,,0.59,1.18,4:49,,,1.0,133.65,,MFL-A/XT,,1160.0,65000.0,,1342.0,,,,,,,,,METAL_LOSS,False,True,4.816666666666666,2097
11540.0,,0.344,-19.58,20.51,41510.17,metal loss,External,21.0,0.072,,,0.63,1.1,7:16,,,1.0,133.63,,MFL-A/XT,,1160.0,65000.0,,1342.0,1471.64,2043.33,1543.48,2143.08,1543.79,2143.51,0.75,1.85,METAL_LOSS,False,True,7.266666666666667,2098
11540.0,,0.344,-19.73,20.36,41510.32,metal loss,External,15.0,0.052,,,0.75,1.18,4:52,,,1.0,133.61,,MFL-A/XT,,1160.0,65000.0,,1342.0,1471.85,2043.63,,,,,,,METAL_LOSS,False,True,4.866666666666667,2099
11540.0,,0.344,-19.87,20.21,41510.47,metal loss,External,16.0,0.055,,,0.51,0.98,4:52,,,1.0,133.59,,MFL-A/XT,,1160.0,65000.0,,1342.0,1473.97,2046.57,,,,,,,METAL_LOSS,False,True,4.866666666666667,2100
11540.0,,0.344,-20.06,20.03,41510.65,metal loss,External,18.0,0.062,,,0.94,1.22,5:03,,,1.0,133.57,,MFL-A/XT,,1160.0,65000.0,,1342.0,1468.01,2038.3,,,,,,,METAL_LOSS,False,True,5.05,2101
11540.0,,0.344,-20.25,19.83,41510.85,metal loss,External,35.0,0.12,,,1.1,1.18,5:03,,,1.0,133.54,,MFL-A/XT,,1160.0,65000.0,,1342.0,1452.21,2016.35,1520.63,2111.36,1524.15,2116.25,0.76,1.82,METAL_LOSS,False,True,5.05,2102
11540.0,,0.344,-20.26,19.83,41510.86,metal loss,External,15.0,0.052,,,0.87,1.34,6:48,,,1.0,133.54,,MFL-A/XT,,1160.0,65000.0,,1342.0,1470.59,2041.88,,,,,,,METAL_LOSS,False,True,6.8,2103
11540.0,,0.344,-20.58,19.51,41511.18,metal loss,External,11.0,0.038,,,0.47,0.71,7:24,,,1.0,133.49,,MFL-A/XT,,1160.0,65000.0,,1342.0,,,,,,,,,METAL_LOSS,False,True,7.4,2104
11540.0,,0.344,-20.6,19.49,41511.19,metal loss,External,25.0,0.086,,,0.67,1.77,4:35,,,1.0,133.49,,MFL-A/XT,,1160.0,65000.0,,1342.0,1469.97,2041.02,1541.56,2140.41,1542.17,2141.26,0.75,1.85,METAL_LOSS,False,True,4.583333333333333,2105
11540.0,,0.344,-20.68,19.4,41511.28,metal loss,External,15.0,0.052,,,0.55,0.94,7:21,,,1.0,133.48,,MFL-A/XT,,1160.0,65000.0,,1342.0,1473.83,2046.38,,,,,,,METAL_LOSS,False,True,7.35,2106
11540.0,,0.344,-20.74,19.35,41511.33,metal loss,External,41.0,0.141,,,0.75,1.34,4:45,,,1.0,133.47,,MFL-A/XT,,1160.0,65000.0,,1342.0,1461.58,2029.37,1531.29,2126.16,1533.78,2129.61,0.76,1.83,METAL_LOSS,False,True,4.75,2107
11540.0,,0.344,-20.8,19.28,41511.4,metal loss,External,13.0,0.045,,,0.55,0.87,7:21,,,1.0,133.46,,MFL-A/XT,,1160.0,65000.0,,1342.0,1474.18,2046.86,,,,,,,METAL_LOSS,False,True,7.35,2108
11540.0,,0.344,-20.97,19.11,41511.57,metal loss,External,19.0,0.065,,,0.71,1.38,7:17,,,1.0,133.44,,MFL-A/XT,,1160.0,65000.0,,1342.0,1471.2,2042.72,,,,,,,METAL_LOSS,False,True,7.283333333333333,2109
11540.0,,0.344,-21.0,19.09,41511.6,metal loss,External,14.0,0.048,,,1.18,1.22,4:56,,,1.0,133.44,,MFL-A/XT,,1160.0,65000.0,,1342.0,1466.83,2036.65,,,,,,,METAL_LOSS,False,True,4.933333333333334,2110
11540.0,,0.344,-21.21,18.88,41511.81,metal loss,External,16.0,0.055,,,1.3,2.36,6:58,,,1.0,133.41,,MFL-A/XT,,1160.0,65000.0,,1342.0,1463.51,2032.05,,,,,,,METAL_LOSS,False,True,6.966666666666667,2111
11540.0,,0.344,-21.47,18.62,41512.07,metal loss,External,32.0,0.11,,,0.98,1.38,7:12,,,1.0,133.37,,MFL-A/XT,,1160.0,65000.0,,1342.0,1458.85,2025.58,1528.6,2122.43,1530.93,2125.66,0.76,1.83,METAL_LOSS,False,True,7.2,2112
11540.0,,0.344,-21.56,18.52,41512.16,metal loss,External,14.0,0.048,,,0.63,2.56,6:33,,,1.0,133.36,,MFL-A/XT,,1160.0,65000.0,,1342.0,1473.31,2045.66,,,,,,,METAL_LOSS,False,True,6.55,2113
11540.0,,0.344,-21.64,18.44,41512.24,metal loss,External,27.0,0.093,,,0.75,0.71,7:14,,,1.0,133.35,,MFL-A/XT,,1160.0,65000.0,,1342.0,1467.63,2037.77,1538.88,2136.69,1539.82,2138.0,0.75,1.84,METAL_LOSS,False,True,7.233333333333333,2114
11540.0,,0.344,-21.67,18.42,41512.26,metal loss,External,13.0,0.045,,,0.51,0.87,4:33,,,1.0,133.34,,MFL-A/XT,,1160.0,65000.0,,1342.0,1474.51,2047.32,,,,,,,METAL_LOSS,False,True,4.55,2115
11540.0,,0.344,-21.78,18.31,41512.37,metal loss,External,11.0,0.038,,,1.14,1.26,5:22,,,1.0,133.33,,MFL-A/XT,,1160.0,65000.0,,1342.0,,,,,,,,,METAL_LOSS,False,True,5.366666666666666,2116
11540.0,,0.344,-21.82,18.27,41512.42,metal loss,External,10.0,0.034,,,0.35,0.59,6:57,,,1.0,133.32,,MFL-A/XT,,1160.0,65000.0,,1342.0,,,,,,,,,METAL_LOSS,False,True,6.95,2117
11540.0,,0.344,-21.84,18.24,41512.44,metal loss,External,26.0,0.089,,,0.67,0.94,4:57,,,1.0,133.32,,MFL-A/XT,,1160.0,65000.0,,1342.0,1469.89,2040.91,1541.45,2140.27,1542.11,2141.18,0.75,1.85,METAL_LOSS,False,True,4.95,2118
11540.0,,0.344,-21.87,18.22,41512.46,metal loss,External,34.0,0.117,,,0.98,1.97,7:12,,,1.0,133.31,,MFL-A/XT,,1160.0,65000.0,,1342.0,1457.47,2023.66,1526.88,2120.03,1529.55,2123.74,0.76,1.83,METAL_LOSS,False,True,7.2,2119
11540.0,,0.344,-21.9,18.18,41512.5,cluster,External,22.0,0.076,,,2.68,2.33,6:44,,,1.0,133.31,,,,1160.0,65000.0,,1342.0,1419.64,1971.14,1482.12,2057.89,1484.6,2061.34,0.78,1.77,CLUSTER,False,True,6.733333333333333,2120
11540.0,,0.344,-22.14,17.95,41512.74,metal loss,External,30.0,0.103,,,1.42,2.44,4:31,,,1.0,133.28,,MFL-A/XT,,1160.0,65000.0,,1342.0,1445.5,2007.04,1513.1,2100.9,1516.94,2106.24,0.77,1.81,METAL_LOSS,False,True,4.516666666666667,2121
11540.0,,0.344,-22.41,17.68,41513.01,metal loss,External,11.0,0.038,,,1.14,2.24,4:46,,,1.0,133.24,,MFL-A/XT,,1160.0,65000.0,,1342.0,,,,,,,,,METAL_LOSS,False,True,4.766666666666667,2122
11540.0,,0.344,-22.42,17.67,41513.01,cluster,External,26.0,0.089,,,0.9,3.27,6:29,,,1.0,133.24,,,,1160.0,65000.0,,1342.0,1464.68,2033.67,1535.55,2132.07,1537.72,2135.09,0.76,1.84,CLUSTER,False,True,6.483333333333333,2123
11540.0,,0.344,-22.44,17.65,41513.04,metal loss,External,11.0,0.038,,,0.67,0.75,5:41,,,1.0,133.23,,MFL-A/XT,,1160.0,65000.0,,1342.0,,,,,,,,,METAL_LOSS,False,True,5.683333333333334,2124
11540.0,,0.344,-22.44,17.64,41513.04,metal loss,External,25.0,0.086,,,1.1,0.59,5:25,,,1.0,133.23,,MFL-A/XT,,1160.0,65000.0,,1342.0,1460.34,2027.65,1530.63,2125.24,1532.19,2127.41,0.76,1.83,METAL_LOSS,False,True,5.416666666666667,2125
11540.0,,0.344,-22.5,17.59,41513.1,metal loss,External,11.0,0.038,,,0.35,0.67,5:41,,,1.0,133.23,,MFL-A/XT,,1160.0,65000.0,,1342.0,,,,,,,,,METAL_LOSS,False,True,5.683333333333334,2126
11540.0,,0.344,-22.5,17.59,41513.1,metal loss,External,12.0,0.041,,,0.43,0.63,4:57,,,1.0,133.23,,MFL-A/XT,,1160.0,65000.0,,1342.0,,,,,,,,,METAL_LOSS,False,True,4.95,2127
11540.0,,0.344,-39.91,0.18,41530.5,metal loss,External,15.0,0.052,,,0.32,0.83,2:31,near girth weld,,1.0,130.91,,MFL-A/XT,,1160.0,65000.0,,1342.0,1475.37,2048.52,,,,,,,METAL_LOSS,False,True,2.5166666666666666,2128
11550.0,,0.344,-0.8,39.28,41531.48,metal loss,External,11.0,0.038,,,1.58,1.46,9:21,,,0.7,130.79,,MFL-A/XT,,1160.0,65000.0,,1342.0,,,,,,,,,METAL_LOSS,False,True,9.35,2130
11550.0,,0.344,-0.83,39.24,41531.52,metal loss,External,11.0,0.038,,,0.79,1.53,9:00,,,0.7,130.79,,MFL-A/XT,,1160.0,65000.0,,1342.0,,,,,,,,,METAL_LOSS,False,True,9.0,2131
11550.0,,0.344,-0.84,39.24,41531.52,metal loss,External,12.0,0.041,,,0.59,2.84,1:21,,,0.7,130.79,,MFL-A/XT,,1160.0,65000.0,,1342.0,,,,,,,,,METAL_LOSS,False,True,1.35,2132
11550.0,,0.344,-0.84,39.23,41531.53,metal loss,External,10.0,0.034,,,0.98,1.58,5:49,,,0.7,130.78,,MFL-A/XT,,1160.0,65000.0,,1342.0,,,,,,,,,METAL_LOSS,False,True,5.816666666666666,2133
11550.0,,0.344,-0.85,39.23,41531.53,metal loss,External,11.0,0.038,,,0.59,1.18,3:12,,,0.7,130.78,,MFL-A/XT,,1160.0,65000.0,,1342.0,,,,,,,,,METAL_LOSS,False,True,3.2,2134
11550.0,,0.344,-0.85,39.23,41531.53,metal loss,External,23.0,0.079,,,0.83,2.09,10:25,,,0.7,130.78,,MFL-A/XT,,1160.0,65000.0,,1342.0,1468.02,2038.3,1539.4,2137.42,1540.09,2138.37,0.75,1.84,METAL_LOSS,False,True,10.416666666666666,2135
11550.0,,0.344,-0.85,39.22,41531.54,metal loss,External,13.0,0.045,,,1.06,2.4,4:56,,,0.7,130.78,,MFL-A/XT,,1160.0,65000.0,,1342.0,1469.08,2039.78,,,,,,,METAL_LOSS,False,True,4.933333333333334,2136
11550.0,,0.344,-1.0,39.07,41531.69,metal loss,External,11.0,0.038,,,0.71,1.26,9:15,,,0.7,130.77,,MFL-A/XT,,1160.0,65000.0,,1342.0,,,,,,,,,METAL_LOSS,False,True,9.25,2137
11550.0,,0.344,-1.03,39.05,41531.71,metal loss,External,17.0,0.058,,,1.1,0.63,5:34,,,0.7,130.76,,MFL-A/XT,,1160.0,65000.0,,1342.0,1466.03,2035.54,,,,,,,METAL_LOSS,False,True,5.566666666666666,2138
11550.0,,0.344,-1.03,39.04,41531.71,metal loss,External,12.0,0.041,,,0.87,2.21,5:49,,,0.7,130.76,,MFL-A/XT,,1160.0,65000.0,,1342.0,,,,,,,,,METAL_LOSS,False,True,5.816666666666666,2139
11550.0,,0.344,-7.96,32.11,41538.65,metal loss,External,21.0,0.072,,,0.63,1.02,7:17,,,0.7,129.93,,MFL-A/XT,,1160.0,65000.0,,1342.0,1471.64,2043.33,1543.48,2143.08,1543.79,2143.51,0.75,1.85,METAL_LOSS,False,True,7.283333333333333,2140
11550.0,,0.344,-8.47,31.61,41539.15,metal loss,External,11.0,0.038,,,2.21,1.65,6:58,,,0.7,129.87,,MFL-A/XT,,1160.0,65000.0,,1342.0,,,,,,,,,METAL_LOSS,False,True,6.966666666666667,2141
11550.0,,0.344,-20.25,19.83,41550.93,metal loss,External,15.0,0.052,,,0.47,0.94,9:52,,,0.7,128.53,,MFL-A/XT,,1160.0,65000.0,,1342.0,1474.4,2047.17,,,,,,,METAL_LOSS,False,True,9.866666666666667,2142
11550.0,,0.344,-20.38,19.7,41551.06,metal loss,External,11.0,0.038,,,1.85,1.53,9:33,,,0.7,128.52,,MFL-A/XT,,1160.0,65000.0,,1342.0,,,,,,,,,METAL_LOSS,False,True,9.55,2143
11550.0,,0.344,-20.58,19.5,41551.26,metal loss,External,14.0,0.048,,,0.63,1.02,10:14,,,0.7,128.5,,MFL-A/XT,,1160.0,65000.0,,1342.0,1473.31,2045.66,,,,,,,METAL_LOSS,False,True,10.233333333333333,2144
11550.0,,0.344,-20.79,19.28,41551.48,metal loss,External,14.0,0.048,,,0.63,1.58,10:53,,,0.7,128.48,,MFL-A/XT,,1160.0,65000.0,,1342.0,1473.42,2045.8,,,,,,,METAL_LOSS,False,True,10.883333333333333,2145
11550.0,,0.344,-20.91,19.16,41551.6,metal loss,External,13.0,0.045,,,0.75,1.3,10:08,,,0.7,128.47,,MFL-A/XT,,1160.0,65000.0,,1342.0,1472.48,2044.51,,,,,,,METAL_LOSS,False,True,10.133333333333333,2146
11550.0,,0.344,-21.12,18.96,41551.8,metal loss,External,13.0,0.045,,,0.91,1.14,10:18,,,0.7,128.46,,MFL-A/XT,,1160.0,65000.0,,1342.0,1471.02,2042.48,,,,,,,METAL_LOSS,False,True,10.3,2147
11550.0,,0.344,-21.27,18.81,41551.95,metal loss,External,16.0,0.055,,,2.17,2.87,12:57,,,0.7,128.44,,MFL-A/XT,,1160.0,65000.0,,1342.0,1446.81,2008.86,,,,,,,METAL_LOSS,False,True,12.95,2148
11550.0,,0.344,-21.29,18.79,41551.97,cluster,External,26.0,0.089,,,1.48,5.66,11:38,,,0.7,128.44,,,,1160.0,65000.0,,1342.0,1449.08,2012.01,1517.54,2107.07,1522.5,2113.96,0.76,1.82,CLUSTER,False,True,11.633333333333333,2149
11550.0,,0.344,-21.29,18.79,41551.97,metal loss,External,11.0,0.038,,,1.1,0.83,10:13,,,0.7,128.44,,MFL-A/XT,,1160.0,65000.0,,1342.0,,,,,,,,,METAL_LOSS,False,True,10.216666666666667,2150
11550.0,,0.344,-21.29,18.78,41551.98,metal loss,External,12.0,0.041,,,1.85,1.26,1:50,,,0.7,128.44,,MFL-A/XT,,1160.0,65000.0,,1342.0,,,,,,,,,METAL_LOSS,False,True,1.8333333333333335,2151
11550.0,,0.344,-21.97,18.1,41552.66,metal loss,External,10.0,0.034,,,1.38,2.32,11:57,,,0.7,128.39,,MFL-A/XT,,1160.0,65000.0,,1342.0,,,,,,,,,METAL_LOSS,False,True,11.95,2152
11550.0,,0.344,-22.04,18.03,41552.72,metal loss,External,12.0,0.041,,,1.34,3.19,12:54,,,0.7,128.38,,MFL-A/XT,,1160.0,65000.0,,1342.0,,,,,,,,,METAL_LOSS,False,True,12.9,2153
11550.0,,0.344,-22.53,17.55,41553.21,metal loss,External,10.0,0.034,,,1.26,2.28,12:35,,,0.7,128.35,,MFL-A/XT,,1160.0,65000.0,,1342.0,,,,,,,,,METAL_LOSS,False,True,12.583333333333334,2154
11550.0,,0.344,-22.56,17.51,41553.25,metal loss,External,14.0,0.048,,,0.91,2.72,1:22,,,0.7,128.34,,MFL-A/XT,,1160.0,65000.0,,1342.0,1470.45,2041.68,,,,,,,METAL_LOSS,False,True,1.3666666666666667,2155
11550.0,,0.344,-29.86,10.21,41560.55,metal loss,External,12.0,0.041,,,1.85,0.59,2:34,,,0.7,127.79,,MFL-A/XT,,1160.0,65000.0,,1342.0,,,,,,,,,METAL_LOSS,False,True,2.5666666666666664,2156
11550.0,,0.344,-31.75,8.33,41562.43,metal loss,External,10.0,0.034,,,1.93,0.91,2:26,,,0.7,127.68,,MFL-A/XT,,1160.0,65000.0,,1342.0,,,,,,,,,METAL_LOSS,False,True,2.4333333333333336,2157
11550.0,,0.344,-31.75,8.32,41562.44,metal loss,External,11.0,0.038,,,0.67,1.34,2:02,,,0.7,127.68,,MFL-A/XT,,1160.0,65000.0,,1342.0,,,,,,,,,METAL_LOSS,False,True,2.033333333333333,2158
11550.0,,0.344,-32.69,7.39,41563.37,metal loss,External,10.0,0.034,,,0.79,1.26,2:22,,,0.7,127.64,,MFL-A/XT,,1160.0,65000.0,,1342.0,,,,,,,,,METAL_LOSS,False,True,2.3666666666666667,2159
11550.0,,0.344,-34.32,5.75,41565.01,metal loss,External,11.0,0.038,,,1.42,1.97,7:27,,,0.7,127.58,,MFL-A/XT,,1160.0,65000.0,,1342.0,,,,,,,,,METAL_LOSS,False,True,7.45,2160
11550.0,,0.344,-34.62,5.46,41565.3,metal loss,External,10.0,0.034,,,1.18,1.5,7:40,,,0.7,127.57,,MFL-A/XT,,1160.0,65000.0,,1342.0,,,,,,,,,METAL_LOSS,False,True,7.666666666666667,2161
11550.0,,0.344,-34.94,5.14,41565.62,metal loss,External,14.0,0.048,,,1.18,1.53,7:20,,,0.7,127.56,,MFL-A/XT,,1160.0,65000.0,,1342.0,1467.0,2036.89,,,,,,,METAL_LOSS,False,True,7.333333333333333,2162
11550.0,,0.344,-35.57,4.5,41566.26,metal loss,External,11.0,0.038,,,0.51,0.75,7:49,,,0.7,127.55,,MFL-A/XT,,1160.0,65000.0,,1342.0,,,,,,,,,METAL_LOSS,False,True,7.816666666666666,2163
11550.0,,0.344,-35.66,4.42,41566.34,cluster,External,17.0,0.058,,,1.68,2.12,7:51,,,0.7,127.54,,,,1160.0,65000.0,,1342.0,1454.76,2019.89,,,,,,,CLUSTER,False,True,7.85,2164
11550.0,,0.344,-38.87,1.21,41569.55,metal loss,External,11.0,0.038,,,1.42,1.73,9:29,,,0.7,127.54,,MFL-A/XT,,1160.0,65000.0,,1342.0,,,,,,,,,METAL_LOSS,False,True,9.483333333333333,2165
11550.0,,0.344,-38.94,1.14,41569.62,metal loss,External,10.0,0.034,,,0.79,1.73,11:03,,,0.7,127.54,,MFL-A/XT,,1160.0,65000.0,,1342.0,,,,,,,,,METAL_LOSS,False,True,11.05,2166
11560.0,,0.344,-0.02,40.05,41570.78,metal loss,External,15.0,0.052,,,0.71,1.77,7:45,affecting girth weld,,1.0,127.56,,MFL-A/XT,,1160.0,65000.0,,1342.0,1472.37,2044.34,,,,,,,METAL_LOSS,False,True,7.75,2168
11560.0,,0.344,-0.62,39.45,41571.38,metal loss,External,11.0,0.038,,,0.94,1.53,7:34,,,1.0,127.57,,MFL-A/XT,,1160.0,65000.0,,1342.0,,,,,,,,,METAL_LOSS,False,True,7.566666666666666,2169
11560.0,,0.344,-0.62,39.44,41571.38,metal loss,External,10.0,0.034,,,0.55,1.3,8:02,,,1.0,127.57,,MFL-A/XT,,1160.0,65000.0,,1342.0,,,,,,,,,METAL_LOSS,False,True,8.033333333333333,2170
11560.0,,0.344,-0.92,39.15,41571.68,metal loss,External,29.0,0.1,,,0.83,1.1,8:06,,,1.0,127.57,,MFL-A/XT,,1160.0,65000.0,,1342.0,1465.09,2034.24,1535.92,2132.59,1537.26,2134.44,0.76,1.84,METAL_LOSS,False,True,8.1,2171
11560.0,,0.344,-1.25,38.82,41572.01,metal loss,External,10.0,0.034,,,0.43,0.75,7:57,,,1.0,127.58,,MFL-A/XT,,1160.0,65000.0,,1342.0,,,,,,,,,METAL_LOSS,False,True,7.95,2172
11580.0,,0.344,-8.52,31.57,41659.35,metal loss,External,11.0,0.038,,,1.02,1.42,4:55,Recoat,,1.0,131.0,,MFL-A/XT,,1160.0,65000.0,,1342.0,,,,,,,,,METAL_LOSS,False,True,4.916666666666667,2203
11580.0,,0.344,-9.5,30.6,41660.32,metal loss,External,11.0,0.038,,,2.01,0.63,12:57,Recoat,,1.0,131.01,,MFL-A/XT,,1160.0,65000.0,,1342.0,,,,,,,,,METAL_LOSS,False,True,12.95,2204
11580.0,,0.344,-9.57,30.53,41660.39,metal loss,External,40.0,0.138,,,1.3,1.38,1:43,Recoat,,1.0,131.01,,MFL-A/XT,,1160.0,65000.0,,1342.0,1438.22,1996.93,1503.41,2087.44,1509.7,2096.18,0.77,1.8,METAL_LOSS,False,True,1.7166666666666668,2205
11580.0,,0.344,-10.54,29.56,41661.36,metal loss,External,69.0,0.237,,,1.02,0.87,2:01,Repaired?,,1.0,131.02,,MFL-A/XT,,1160.0,65000.0,,1342.0,1418.3,1969.28,1469.03,2039.71,1486.8,2064.38,0.79,1.76,METAL_LOSS,False,True,2.0166666666666666,2207
11580.0,,0.344,-11.71,28.39,41662.54,cluster,External,21.0,0.072,,,1.97,1.3,8:08,Recoat,,1.0,131.02,,,,1160.0,65000.0,,1342.0,1441.62,2001.65,1508.9,2095.07,1515.34,2104.01,0.77,1.81,CLUSTER,False,True,8.133333333333333,2209
11580.0,,0.344,-18.11,21.99,41668.93,metal loss,External,14.0,0.048,,,0.59,0.59,3:45,Repaired?,,1.0,130.93,,MFL-A/XT,,1160.0,65000.0,,1342.0,1473.62,2046.09,,,,,,,METAL_LOSS,False,True,3.75,2211
11580.0,,0.344,-18.19,21.91,41669.01,cluster,External,38.0,0.131,,,2.59,4.32,10:37,Repaired?,,1.0,130.92,,,,1160.0,65000.0,,1342.0,1372.58,1905.8,1422.01,1974.43,1481.6,2057.16,0.82,1.7,CLUSTER,False,True,10.616666666666667,2212
11580.0,,0.344,-18.38,21.72,41669.2,metal loss,External,11.0,0.038,,,0.32,0.94,10:21,Repaired?,,1.0,130.92,,MFL-A/XT,,1160.0,65000.0,,1342.0,,,,,,,,,METAL_LOSS,False,True,10.35,2213
11580.0,,0.344,-18.54,21.56,41669.36,cluster,External,45.0,0.155,,,2.36,1.61,10:18,Repaired?,,1.0,130.91,,,,1160.0,65000.0,,1342.0,1362.69,1892.06,1407.63,1954.46,1474.84,2047.77,0.82,1.68,CLUSTER,False,True,10.3,2214
11580.0,,0.344,-19.54,20.56,41670.36,metal loss,External,11.0,0.038,,,0.32,0.63,3:11,Repaired?,,1.0,130.87,,MFL-A/XT,,1160.0,65000.0,,1342.0,,,,,,,,,METAL_LOSS,False,True,3.183333333333333,2215
11580.0,,0.344,-19.54,20.56,41670.36,metal loss,External,10.0,0.034,,,0.32,0.59,3:46,Repaired?,,1.0,130.87,,MFL-A/XT,,1160.0,65000.0,,1342.0,,,,,,,,,METAL_LOSS,False,True,3.7666666666666666,2216
11580.0,,0.344,-19.96,20.14,41670.78,metal loss,External,15.0,0.052,,,1.93,0.91,1:31,Repaired?,,1.0,130.85,,MFL-A/XT,,1160.0,65000.0,,1342.0,1453.11,2017.6,,,,,,,METAL_LOSS,False,True,1.5166666666666666,2217
11580.0,,0.344,-20.0,20.1,41670.82,metal loss,External,12.0,0.041,,,0.59,1.14,1:49,Repaired?,,1.0,130.85,,MFL-A/XT,,1160.0,65000.0,,1342.0,,,,,,,,,METAL_LOSS,False,True,1.8166666666666667,2218
11580.0,,0.344,-20.1,19.99,41670.93,metal loss,External,11.0,0.038,,,0.63,1.18,1:57,Repaired?,,1.0,130.84,,MFL-A/XT,,1160.0,65000.0,,1342.0,,,,,,,,,METAL_LOSS,False,True,1.95,2219
11580.0,,0.344,-20.15,19.94,41670.98,cluster,External,20.0,0.069,,,1.57,3.96,3:14,Repaired?,,1.0,130.84,,,,1160.0,65000.0,,1342.0,1453.37,2017.97,1522.75,2114.3,1525.14,2117.62,0.76,1.82,CLUSTER,False,True,3.2333333333333334,2220
11580.0,,0.344,-20.27,19.83,41671.09,metal loss,External,12.0,0.041,,,0.59,0.87,2:06,Repaired?,,1.0,130.83,,MFL-A/XT,,1160.0,65000.0,,1342.0,,,,,,,,,METAL_LOSS,False,True,2.1,2221
11580.0,,0.344,-20.94,19.16,41671.76,metal loss,External,12.0,0.041,,,1.53,1.22,3:17,Repaired?,,1.0,130.8,,MFL-A/XT,,1160.0,65000.0,,1342.0,,,,,,,,,METAL_LOSS,False,True,3.283333333333333,2222
11580.0,,0.344,-21.42,18.68,41672.24,metal loss,External,22.0,0.076,,,0.79,1.3,2:24,Repaired?,,1.0,130.77,,MFL-A/XT,,1160.0,65000.0,,1342.0,1468.86,2039.48,1540.36,2138.76,1540.92,2139.53,0.75,1.84,METAL_LOSS,False,True,2.4,2223
11580.0,,0.344,-21.48,18.62,41672.3,metal loss,External,16.0,0.055,,,0.94,0.83,3:25,Repaired?,,1.0,130.77,,MFL-A/XT,,1160.0,65000.0,,1342.0,1469.03,2039.71,,,,,,,METAL_LOSS,False,True,3.4166666666666665,2224
11580.0,,0.344,-21.72,18.38,41672.54,metal loss,External,14.0,0.048,,,0.47,0.59,3:29,Repaired?,,1.0,130.75,,MFL-A/XT,,1160.0,65000.0,,1342.0,1474.53,2047.35,,,,,,,METAL_LOSS,False,True,3.4833333333333334,2225
11580.0,,0.344,-21.77,18.33,41672.59,metal loss,External,13.0,0.045,,,0.59,1.02,2:07,Repaired?,,1.0,130.75,,MFL-A/XT,,1160.0,65000.0,,1342.0,1473.91,2046.49,,,,,,,METAL_LOSS,False,True,2.1166666666666667,2226
11580.0,,0.344,-21.86,18.23,41672.69,metal loss,External,13.0,0.045,,,0.59,1.1,2:10,Repaired?,,1.0,130.74,,MFL-A/XT,,1160.0,65000.0,,1342.0,1473.91,2046.49,,,,,,,METAL_LOSS,False,True,2.1666666666666665,2227
11580.0,,0.344,-22.08,18.02,41672.9,metal loss,External,10.0,0.034,,,0.63,0.59,3:29,Repaired?,,1.0,130.72,,MFL-A/XT,,1160.0,65000.0,,1342.0,,,,,,,,,METAL_LOSS,False,True,3.4833333333333334,2228
11580.0,,0.344,-22.2,17.9,41673.02,cluster,External,40.0,0.138,,,0.83,2.58,3:28,Repaired?,,1.0,130.71,,,,1160.0,65000.0,,1342.0,1459.45,2026.41,1528.83,2122.74,1533.5,2129.23,0.76,1.83,CLUSTER,False,True,3.466666666666667,2229
11580.0,,0.344,-22.27,17.83,41673.09,metal loss,External,11.0,0.038,,,0.51,0.87,2:28,Repaired?,,1.0,130.71,,MFL-A/XT,,1160.0,65000.0,,1342.0,,,,,,,,,METAL_LOSS,False,True,2.466666666666667,2230
11580.0,,0.344,-22.35,17.75,41673.17,metal loss,External,11.0,0.038,,,0.55,0.87,2:32,Repaired?,,1.0,130.7,,MFL-A/XT,,1160.0,65000.0,,1342.0,,,,,,,,,METAL_LOSS,False,True,2.533333333333333,2231
11580.0,,0.344,-22.4,17.7,41673.22,metal loss,External,15.0,0.052,,,0.43,0.59,3:31,Repaired?,,1.0,130.7,,MFL-A/XT,,1160.0,65000.0,,1342.0,1474.74,2047.64,,,,,,,METAL_LOSS,False,True,3.5166666666666666,2232
11580.0,,0.344,-22.48,17.62,41673.3,metal loss,External,13.0,0.045,,,0.43,0.63,3:27,Repaired?,,1.0,130.69,,MFL-A/XT,,1160.0,65000.0,,1342.0,1474.95,2047.93,,,,,,,METAL_LOSS,False,True,3.45,2233
11580.0,,0.344,-22.49,17.61,41673.31,metal loss,External,10.0,0.034,,,1.02,1.34,8:49,Repaired?,,1.0,130.69,,MFL-A/XT,,1160.0,65000.0,,1342.0,,,,,,,,,METAL_LOSS,False,True,8.816666666666666,2234
11580.0,,0.344,-22.67,17.43,41673.49,metal loss,External,11.0,0.038,,,0.51,0.94,2:25,Repaired?,,1.0,130.68,,MFL-A/XT,,1160.0,65000.0,,1342.0,,,,,,,,,METAL_LOSS,False,True,2.4166666666666665,2235
11580.0,,0.344,-22.72,17.38,41673.54,metal loss,External,14.0,0.048,,,0.71,0.98,10:11,Repaired?,,1.0,130.68,,MFL-A/XT,,1160.0,65000.0,,1342.0,1472.65,2044.73,,,,,,,METAL_LOSS,False,True,10.183333333333334,2236
11580.0,,0.344,-22.87,17.23,41673.69,cluster,External,21.0,0.072,,,1.14,3.06,3:29,Repaired?,,1.0,130.67,,,,1160.0,65000.0,,1342.0,1462.45,2030.58,1533.16,2128.75,1533.5,2129.23,0.76,1.84,CLUSTER,False,True,3.4833333333333334,2237
11580.0,,0.344,-23.08,17.02,41673.9,cluster,External,33.0,0.114,,,1.1,2.89,3:27,Repaired?,,1.0,130.65,,,,1160.0,65000.0,,1342.0,1454.0,2018.84,1522.88,2114.48,1526.3,2119.22,0.76,1.82,CLUSTER,False,True,3.45,2238
11580.0,,0.344,-23.1,17.0,41673.92,metal loss,External,17.0,0.058,,,0.43,1.26,2:14,Repaired?,,1.0,130.65,,MFL-A/XT,,1160.0,65000.0,,1342.0,1474.52,2047.33,,,,,,,METAL_LOSS,False,True,2.2333333333333334,2239
11580.0,,0.344,-23.25,16.85,41674.07,metal loss,External,23.0,0.079,,,0.63,1.02,10:12,Repaired?,,1.0,130.64,,MFL-A/XT,,1160.0,65000.0,,1342.0,1471.31,2042.88,1543.09,2142.54,1543.5,2143.11,0.75,1.85,METAL_LOSS,False,True,10.2,2240
11580.0,,0.344,-23.26,16.84,41674.08,metal loss,External,18.0,0.062,,,0.79,1.06,2:18,Repaired?,,1.0,130.64,,MFL-A/XT,,1160.0,65000.0,,1342.0,1470.37,2041.57,,,,,,,METAL_LOSS,False,True,2.3,2241
11580.0,,0.344,-23.31,16.79,41674.14,metal loss,External,10.0,0.034,,,0.67,0.67,3:28,Repaired?,,1.0,130.64,,MFL-A/XT,,1160.0,65000.0,,1342.0,,,,,,,,,METAL_LOSS,False,True,3.466666666666667,2242
11580.0,,0.344,-23.47,16.63,41674.29,metal loss,External,22.0,0.076,,,0.75,2.4,3:29,Repaired?,,1.0,130.62,,MFL-A/XT,,1160.0,65000.0,,1342.0,1469.69,2040.62,1541.29,2140.04,1541.78,2140.73,0.75,1.84,METAL_LOSS,False,True,3.4833333333333334,2243
11580.0,,0.344,-23.48,16.62,41674.3,metal loss,External,22.0,0.076,,,0.67,1.06,8:46,Repaired?,,1.0,130.62,,MFL-A/XT,,1160.0,65000.0,,1342.0,1470.84,2042.23,1542.58,2141.83,1542.99,2142.4,0.75,1.85,METAL_LOSS,False,True,8.766666666666667,2244
11580.0,,0.344,-23.54,16.56,41674.36,metal loss,External,10.0,0.034,,,1.93,1.69,4:49,Repaired?,,1.0,130.62,,MFL-A/XT,,1160.0,65000.0,,1342.0,,,,,,,,,METAL_LOSS,False,True,4.816666666666666,2245
11580.0,,0.344,-23.55,16.55,41674.37,metal loss,External,14.0,0.048,,,0.71,1.18,10:12,Repaired?,,1.0,130.62,,MFL-A/XT,,1160.0,65000.0,,1342.0,1472.65,2044.73,,,,,,,METAL_LOSS,False,True,10.2,2246
11580.0,,0.344,-23.72,16.38,41674.54,metal loss,External,18.0,0.062,,,0.43,0.79,3:49,Repaired?,,1.0,130.6,,MFL-A/XT,,1160.0,65000.0,,1342.0,1474.41,2047.18,,,,,,,METAL_LOSS,False,True,3.8166666666666664,2247
11580.0,,0.344,-23.8,16.29,41674.63,metal loss,External,14.0,0.048,,,0.43,0.59,3:48,Repaired?,,1.0,130.6,,MFL-A/XT,,1160.0,65000.0,,1342.0,1474.85,2047.79,,,,,,,METAL_LOSS,False,True,3.8,2248
11580.0,,0.344,-23.81,16.29,41674.63,metal loss,External,39.0,0.134,,,0.79,1.18,2:26,Repaired?,,1.0,130.6,,MFL-A/XT,,1160.0,65000.0,,1342.0,1461.27,2028.94,1531.05,2125.82,1533.47,2129.19,0.76,1.83,METAL_LOSS,False,True,2.4333333333333336,2249
11580.0,,0.344,-23.81,16.29,41674.63,metal loss,External,17.0,0.058,,,0.67,1.5,10:06,Repaired?,,1.0,130.6,,MFL-A/XT,,1160.0,65000.0,,1342.0,1472.35,2044.32,,,,,,,METAL_LOSS,False,True,10.1,2250
11580.0,,0.344,-23.87,16.22,41674.7,metal loss,External,29.0,0.1,,,1.53,2.52,3:35,Repaired?,,1.0,130.59,,MFL-A/XT,,1160.0,65000.0,,1342.0,1442.38,2002.71,1509.48,2095.87,1513.55,2101.53,0.77,1.81,METAL_LOSS,False,True,3.5833333333333335,2251
11580.0,,0.344,-24.01,16.09,41674.83,metal loss,External,14.0,0.048,,,0.83,1.22,10:11,Repaired?,,1.0,130.58,,MFL-A/XT,,1160.0,65000.0,,1342.0,1471.41,2043.01,,,,,,,METAL_LOSS,False,True,10.183333333333334,2252
11580.0,,0.344,-24.05,16.05,41674.87,metal loss,External,16.0,0.055,,,1.06,0.83,3:06,Repaired?,,1.0,130.58,,MFL-A/XT,,1160.0,65000.0,,1342.0,1467.25,2037.24,,,,,,,METAL_LOSS,False,True,3.1,2253
11580.0,,0.344,-24.07,16.03,41674.89,cluster,External,18.0,0.062,,,2.8,2.85,9:23,Repaired?,,1.0,130.58,,,,1160.0,65000.0,,1342.0,1428.36,1983.24,,,,,,,CLUSTER,False,True,9.383333333333333,2254
11580.0,,0.344,-24.37,15.73,41675.19,metal loss,External,10.0,0.034,,,0.47,0.94,10:04,Repaired?,,1.0,130.55,,MFL-A/XT,,1160.0,65000.0,,1342.0,,,,,,,,,METAL_LOSS,False,True,10.066666666666666,2255
11580.0,,0.344,-24.4,15.7,41675.22,cluster,External,50.0,0.172,,,0.97,4.88,1:52,Repaired?,,1.0,130.55,,,,1160.0,65000.0,,1342.0,1444.51,2005.67,1509.6,2096.04,1518.97,2109.05,0.77,1.81,CLUSTER,False,True,1.8666666666666667,2256
11580.0,,0.344,-24.51,15.59,41675.33,metal loss,External,10.0,0.034,,,0.87,1.26,9:51,Repaired?,,1.0,130.54,,MFL-A/XT,,1160.0,65000.0,,1342.0,,,,,,,,,METAL_LOSS,False,True,9.85,2257
11580.0,,0.344,-24.52,15.58,41675.34,metal loss,External,11.0,0.038,,,1.1,0.59,3:30,Repaired?,,1.0,130.54,,MFL-A/XT,,1160.0,65000.0,,1342.0,,,,,,,,,METAL_LOSS,False,True,3.5,2258
11580.0,,0.344,-24.55,15.55,41675.37,metal loss,External,17.0,0.058,,,1.1,0.83,3:48,Repaired?,,1.0,130.54,,MFL-A/XT,,1160.0,65000.0,,1342.0,1466.03,2035.54,,,,,,,METAL_LOSS,False,True,3.8,2259
11580.0,,0.344,-24.64,15.46,41675.46,metal loss,External,11.0,0.038,,,0.51,0.94,10:16,Repaired?,,1.0,130.53,,MFL-A/XT,,1160.0,65000.0,,1342.0,,,,,,,,,METAL_LOSS,False,True,10.266666666666667,2260
11580.0,,0.344,-24.74,15.36,41675.56,metal loss,External,13.0,0.045,,,0.98,1.1,9:48,Repaired?,,1.0,130.52,,MFL-A/XT,,1160.0,65000.0,,1342.0,1470.08,2041.17,,,,,,,METAL_LOSS,False,True,9.8,2261
11580.0,,0.344,-24.82,15.28,41675.64,metal loss,External,38.0,0.131,,,0.71,0.98,10:15,Repaired?,,1.0,130.52,,MFL-A/XT,,1160.0,65000.0,,1342.0,1464.55,2033.5,1534.96,2131.25,1536.8,2133.81,0.76,1.84,METAL_LOSS,False,True,10.25,2262
11580.0,,0.344,-24.98,15.12,41675.8,metal loss,External,34.0,0.117,,,0.91,1.3,2:25,Repaired?,,1.0,130.5,,MFL-A/XT,,1160.0,65000.0,,1342.0,1460.33,2027.63,1530.22,2124.67,1532.48,2127.81,0.76,1.83,METAL_LOSS,False,True,2.4166666666666665,2263
11580.0,,0.344,-25.35,14.75,41676.17,metal loss,External,17.0,0.058,,,1.93,3.07,9:43,Repaired?,,1.0,130.48,,MFL-A/XT,,1160.0,65000.0,,1342.0,1449.69,2012.87,,,,,,,METAL_LOSS,False,True,9.716666666666667,2264
11580.0,,0.344,-25.49,14.61,41676.31,metal loss,External,36.0,0.124,,,0.75,1.34,8:30,Repaired?,,1.0,130.46,,MFL-A/XT,,1160.0,65000.0,,1342.0,1464.28,2033.11,1534.72,2130.92,1536.52,2133.42,0.76,1.84,METAL_LOSS,False,True,8.5,2265
11580.0,,0.344,-25.64,14.46,41676.46,metal loss,External,39.0,0.134,,,0.63,1.39,8:35,Repaired?,,1.0,130.45,,MFL-A/XT,,1160.0,65000.0,,1342.0,1466.39,2036.05,1537.06,2134.18,1538.66,2136.39,0.75,1.84,METAL_LOSS,False,True,8.583333333333334,2266
11580.0,,0.344,-25.96,14.14,41676.78,metal loss,External,17.0,0.058,,,0.79,1.34,8:37,Repaired?,,1.0,130.43,,MFL-A/XT,,1160.0,65000.0,,1342.0,1470.73,2042.08,,,,,,,METAL_LOSS,False,True,8.616666666666667,2267
11580.0,,0.344,-26.38,13.72,41677.2,metal loss,External,19.0,0.065,,,0.63,1.06,10:17,Repaired?,,1.0,130.39,,MFL-A/XT,,1160.0,65000.0,,1342.0,1472.13,2044.02,,,,,,,METAL_LOSS,False,True,10.283333333333333,2268
11580.0,,0.344,-26.6,13.5,41677.42,metal loss,External,20.0,0.069,,,1.5,1.77,9:42,Repaired?,,1.0,130.38,,MFL-A/XT,,1160.0,65000.0,,1342.0,1455.18,2020.48,1524.84,2117.2,1526.07,2118.91,0.76,1.83,METAL_LOSS,False,True,9.7,2269
11580.0,,0.344,-26.99,13.11,41677.81,metal loss,External,12.0,0.041,,,1.81,1.73,10:06,Repaired?,,1.0,130.34,,MFL-A/XT,,1160.0,65000.0,,1342.0,,,,,,,,,METAL_LOSS,False,True,10.1,2270
11580.0,,0.344,-27.83,12.27,41678.65,metal loss,External,10.0,0.034,,,1.85,2.87,10:07,,,1.0,130.28,,MFL-A/XT,,1160.0,65000.0,,1342.0,,,,,,,,,METAL_LOSS,False,True,10.116666666666667,2273
11580.0,,0.344,-28.66,11.44,41679.48,metal loss,External,16.0,0.055,,,1.18,1.34,10:13,,,1.0,130.21,,MFL-A/XT,,1160.0,65000.0,,1342.0,1465.54,2034.86,,,,,,,METAL_LOSS,False,True,10.216666666666667,2274
11590.0,,0.344,-0.04,39.94,41690.96,metal loss,External,11.0,0.038,,,0.59,0.79,3:55,affecting girth weld,,0.7,129.27,,MFL-A/XT,,1160.0,65000.0,,1342.0,,,,,,,,,METAL_LOSS,False,True,3.9166666666666665,2279
11590.0,,0.344,-0.23,39.75,41691.15,metal loss,External,13.0,0.045,,,1.61,0.71,4:33,,,0.7,129.26,,MFL-A/XT,,1160.0,65000.0,,1342.0,1461.53,2029.3,,,,,,,METAL_LOSS,False,True,4.55,2281
11590.0,,0.344,-9.51,30.47,41700.43,metal loss,External,14.0,0.048,,,0.59,1.14,10:01,,,0.7,128.56,,MFL-A/XT,,1160.0,65000.0,,1342.0,1473.62,2046.09,,,,,,,METAL_LOSS,False,True,10.016666666666667,2285
11590.0,,0.344,-9.82,30.16,41700.74,metal loss,External,13.0,0.045,,,0.94,1.3,9:40,,,0.7,128.54,,MFL-A/XT,,1160.0,65000.0,,1342.0,1470.63,2041.93,,,,,,,METAL_LOSS,False,True,9.666666666666666,2286
11590.0,,0.344,-10.06,29.92,41700.98,metal loss,External,11.0,0.038,,,0.83,1.26,1:45,,,0.7,128.53,,MFL-A/XT,,1160.0,65000.0,,1342.0,,,,,,,,,METAL_LOSS,False,True,1.75,2287
11590.0,,0.344,-10.08,29.9,41701.0,metal loss,External,16.0,0.055,,,0.87,1.18,9:38,,,0.7,128.53,,MFL-A/XT,,1160.0,65000.0,,1342.0,1470.18,2041.3,,,,,,,METAL_LOSS,False,True,9.633333333333333,2288
11590.0,,0.344,-10.43,29.55,41701.36,metal loss,External,12.0,0.041,,,1.5,1.3,2:29,,,0.7,128.51,,MFL-A/XT,,1160.0,65000.0,,1342.0,,,,,,,,,METAL_LOSS,False,True,2.4833333333333334,2289
11590.0,,0.344,-10.49,29.49,41701.41,metal loss,External,16.0,0.055,,,0.47,0.94,2:02,,,0.7,128.51,,MFL-A/XT,,1160.0,65000.0,,1342.0,1474.36,2047.11,,,,,,,METAL_LOSS,False,True,2.033333333333333,2290
11590.0,,0.344,-10.53,29.45,41701.45,cluster,External,23.0,0.079,,,1.14,3.92,10:12,,,0.7,128.51,,,,1160.0,65000.0,,1342.0,1460.92,2028.46,1531.36,2126.25,1534.97,2131.26,0.76,1.83,CLUSTER,False,True,10.2,2291
11590.0,,0.344,-10.58,29.4,41701.5,metal loss,External,13.0,0.045,,,0.32,0.59,9:42,,,0.7,128.51,,MFL-A/XT,,1160.0,65000.0,,1342.0,1475.54,2048.76,,,,,,,METAL_LOSS,False,True,9.7,2292
11590.0,,0.344,-10.59,29.39,41701.51,metal loss,External,18.0,0.062,,,0.32,1.85,2:38,,,0.7,128.51,,MFL-A/XT,,1160.0,65000.0,,1342.0,1475.26,2048.36,,,,,,,METAL_LOSS,False,True,2.6333333333333333,2293
11590.0,,0.344,-10.63,29.35,41701.56,metal loss,External,10.0,0.034,,,1.46,2.28,8:03,,,0.7,128.5,,MFL-A/XT,,1160.0,65000.0,,1342.0,,,,,,,,,METAL_LOSS,False,True,8.05,2294
11590.0,,0.344,-10.81,29.17,41701.73,cluster,External,25.0,0.086,,,3.32,2.54,8:32,,,0.7,128.5,,,,1160.0,65000.0,,1342.0,1391.79,1932.47,1447.06,2009.2,1466.93,2036.79,0.8,1.73,CLUSTER,False,True,8.533333333333333,2295
11590.0,,0.344,-10.94,29.04,41701.86,metal loss,External,38.0,0.131,,,1.42,2.13,9:41,,,0.7,128.49,,MFL-A/XT,,1160.0,65000.0,,1342.0,1434.25,1991.42,1498.87,2081.14,1505.49,2090.34,0.77,1.79,METAL_LOSS,False,True,9.683333333333334,2296
11590.0,,0.344,-11.0,28.98,41701.92,metal loss,External,12.0,0.041,,,0.55,0.59,8:32,,,0.7,128.49,,MFL-A/XT,,1160.0,65000.0,,1342.0,,,,,,,,,METAL_LOSS,False,True,8.533333333333333,2297
11590.0,,0.344,-11.13,28.85,41702.05,metal loss,External,11.0,0.038,,,1.34,1.69,2:32,,,0.7,128.48,,MFL-A/XT,,1160.0,65000.0,,1342.0,,,,,,,,,METAL_LOSS,False,True,2.533333333333333,2298
11590.0,,0.344,-11.2,28.78,41702.12,metal loss,External,12.0,0.041,,,1.65,0.59,8:34,,,0.7,128.48,,MFL-A/XT,,1160.0,65000.0,,1342.0,,,,,,,,,METAL_LOSS,False,True,8.566666666666666,2299
11590.0,,0.344,-11.21,28.77,41702.13,metal loss,External,10.0,0.034,,,1.14,0.94,8:45,,,0.7,128.48,,MFL-A/XT,,1160.0,65000.0,,1342.0,,,,,,,,,METAL_LOSS,False,True,8.75,2300
11590.0,,0.344,-11.45,28.53,41702.37,metal loss,External,10.0,0.034,,,1.58,1.69,8:06,,,0.7,128.47,,MFL-A/XT,,1160.0,65000.0,,1342.0,,,,,,,,,METAL_LOSS,False,True,8.1,2301
11590.0,,0.344,-11.46,28.52,41702.39,metal loss,External,12.0,0.041,,,1.38,0.59,8:32,,,0.7,128.47,,MFL-A/XT,,1160.0,65000.0,,1342.0,,,,,,,,,METAL_LOSS,False,True,8.533333333333333,2302
11590.0,,0.344,-11.53,28.45,41702.45,metal loss,External,12.0,0.041,,,1.46,0.67,7:32,,,0.7,128.47,,MFL-A/XT,,1160.0,65000.0,,1342.0,,,,,,,,,METAL_LOSS,False,True,7.533333333333333,2303
11590.0,,0.344,-11.74,28.24,41702.66,metal loss,External,15.0,0.052,,,0.32,0.75,9:17,,,0.7,128.46,,MFL-A/XT,,1160.0,65000.0,,1342.0,1475.43,2048.6,,,,,,,METAL_LOSS,False,True,9.283333333333333,2304
11590.0,,0.344,-11.78,28.2,41702.7,metal loss,External,11.0,0.038,,,0.32,1.26,9:50,,,0.7,128.46,,MFL-A/XT,,1160.0,65000.0,,1342.0,,,,,,,,,METAL_LOSS,False,True,9.833333333333334,2305
11590.0,,0.344,-11.8,28.18,41702.72,metal loss,External,10.0,0.034,,,0.32,0.98,9:20,,,0.7,128.46,,MFL-A/XT,,1160.0,65000.0,,1342.0,,,,,,,,,METAL_LOSS,False,True,9.333333333333334,2306
11590.0,,0.344,-11.82,28.16,41702.74,metal loss,External,14.0,0.048,,,0.43,1.89,8:48,,,0.7,128.46,,MFL-A/XT,,1160.0,65000.0,,1342.0,1474.85,2047.79,,,,,,,METAL_LOSS,False,True,8.8,2307
11590.0,,0.344,-11.83,28.15,41702.75,metal loss,External,11.0,0.038,,,0.32,0.59,8:32,,,0.7,128.46,,MFL-A/XT,,1160.0,65000.0,,1342.0,,,,,,,,,METAL_LOSS,False,True,8.533333333333333,2308
11590.0,,0.344,-11.84,28.14,41702.76,metal loss,External,13.0,0.045,,,0.55,1.73,9:47,,,0.7,128.46,,MFL-A/XT,,1160.0,65000.0,,1342.0,1474.26,2046.98,,,,,,,METAL_LOSS,False,True,9.783333333333333,2309
11590.0,,0.344,-11.92,28.06,41702.85,metal loss,External,11.0,0.038,,,0.91,0.71,7:46,,,0.7,128.45,,MFL-A/XT,,1160.0,65000.0,,1342.0,,,,,,,,,METAL_LOSS,False,True,7.766666666666667,2310
11590.0,,0.344,-11.97,28.01,41702.89,metal loss,External,18.0,0.062,,,0.94,1.1,8:51,,,0.7,128.45,,MFL-A/XT,,1160.0,65000.0,,1342.0,1468.21,2038.57,,,,,,,METAL_LOSS,False,True,8.85,2311
11590.0,,0.344,-12.14,27.84,41703.06,metal loss,External,13.0,0.045,,,0.91,1.85,8:47,,,0.7,128.45,,MFL-A/XT,,1160.0,65000.0,,1342.0,1471.02,2042.48,,,,,,,METAL_LOSS,False,True,8.783333333333333,2312
11590.0,,0.344,-12.14,27.84,41703.06,metal loss,External,16.0,0.055,,,0.98,0.63,8:32,,,0.7,128.45,,MFL-A/XT,,1160.0,65000.0,,1342.0,1468.51,2038.99,,,,,,,METAL_LOSS,False,True,8.533333333333333,2313
11590.0,,0.344,-12.15,27.83,41703.07,metal loss,External,23.0,0.079,,,1.14,1.85,10:17,,,0.7,128.45,,MFL-A/XT,,1160.0,65000.0,,1342.0,1460.67,2028.11,1531.07,2125.86,1532.39,2127.68,0.76,1.83,METAL_LOSS,False,True,10.283333333333333,2314
11590.0,,0.344,-12.41,27.57,41703.33,metal loss,External,10.0,0.034,,,1.73,1.73,2:30,,,0.7,128.44,,MFL-A/XT,,1160.0,65000.0,,1342.0,,,,,,,,,METAL_LOSS,False,True,2.5,2315
11590.0,,0.344,-12.88,27.1,41703.8,metal loss,External,14.0,0.048,,,0.71,1.14,9:34,,,0.7,128.42,,MFL-A/XT,,1160.0,65000.0,,1342.0,1472.65,2044.73,,,,,,,METAL_LOSS,False,True,9.566666666666666,2316
11590.0,,0.344,-16.35,23.63,41707.27,metal loss,External,11.0,0.038,,,1.81,1.18,9:47,,,0.7,128.39,,MFL-A/XT,,1160.0,65000.0,,1342.0,,,,,,,,,METAL_LOSS,False,True,9.783333333333333,2317
11590.0,,0.344,-16.79,23.19,41707.71,metal loss,External,12.0,0.041,,,1.18,0.91,9:37,,,0.7,128.39,,MFL-A/XT,,1160.0,65000.0,,1342.0,,,,,,,,,METAL_LOSS,False,True,9.616666666666667,2318
11590.0,,0.344,-16.8,23.18,41707.72,metal loss,External,20.0,0.069,,,0.87,0.98,10:00,,,0.7,128.39,,MFL-A/XT,,1160.0,65000.0,,1342.0,1468.24,2038.62,1539.71,2137.84,1540.17,2138.48,0.75,1.84,METAL_LOSS,False,True,10.0,2319
11590.0,,0.344,-17.05,22.93,41707.97,metal loss,External,15.0,0.052,,,1.3,1.69,10:33,,,0.7,128.39,,MFL-A/XT,,1160.0,65000.0,,1342.0,1464.19,2032.99,,,,,,,METAL_LOSS,False,True,10.55,2320
11590.0,,0.344,-17.12,22.86,41708.04,metal loss,External,15.0,0.052,,,0.67,0.59,9:59,,,0.7,128.39,,MFL-A/XT,,1160.0,65000.0,,1342.0,1472.85,2045.02,,,,,,,METAL_LOSS,False,True,9.983333333333333,2321
11590.0,,0.344,-18.32,21.66,41709.24,metal loss,External,13.0,0.045,,,1.38,1.77,9:40,,,0.7,128.42,,MFL-A/XT,,1160.0,65000.0,,1342.0,1465.09,2034.23,,,,,,,METAL_LOSS,False,True,9.666666666666666,2322
11590.0,,0.344,-19.04,20.94,41709.96,metal loss,External,15.0,0.052,,,0.55,0.87,10:01,,,0.7,128.44,,MFL-A/XT,,1160.0,65000.0,,1342.0,1473.83,2046.38,,,,,,,METAL_LOSS,False,True,10.016666666666667,2323
11590.0,,0.344,-20.26,19.72,41711.18,metal loss,External,14.0,0.048,,,0.59,1.18,10:02,,,0.7,128.48,,MFL-A/XT,,1160.0,65000.0,,1342.0,1473.72,2046.22,,,,,,,METAL_LOSS,False,True,10.033333333333333,2324
11590.0,,0.344,-21.02,18.96,41711.94,metal loss,External,11.0,0.038,,,0.63,0.59,8:37,,,0.7,128.51,,MFL-A/XT,,1160.0,65000.0,,1342.0,,,,,,,,,METAL_LOSS,False,True,8.616666666666667,2326
11590.0,,0.344,-21.02,18.96,41711.95,metal loss,External,14.0,0.048,,,0.59,0.59,8:45,,,0.7,128.51,,MFL-A/XT,,1160.0,65000.0,,1342.0,1473.62,2046.09,,,,,,,METAL_LOSS,False,True,8.75,2327
11590.0,,0.344,-21.27,18.71,41712.2,metal loss,External,17.0,0.058,,,1.46,1.69,9:14,,,0.7,128.52,,MFL-A/XT,,1160.0,65000.0,,1342.0,1459.4,2026.35,,,,,,,METAL_LOSS,False,True,9.233333333333333,2329
11590.0,,0.344,-21.29,18.69,41712.21,metal loss,External,11.0,0.038,,,1.06,0.75,9:47,,,0.7,128.52,,MFL-A/XT,,1160.0,65000.0,,1342.0,,,,,,,,,METAL_LOSS,False,True,9.783333333333333,2330
11590.0,,0.344,-21.79,18.19,41712.71,metal loss,External,10.0,0.034,,,0.55,1.14,9:47,,,0.7,128.55,,MFL-A/XT,,1160.0,65000.0,,1342.0,,,,,,,,,METAL_LOSS,False,True,9.783333333333333,2332
11590.0,,0.344,-21.88,18.1,41712.8,metal loss,External,11.0,0.038,,,0.47,0.87,10:13,,,0.7,128.56,,MFL-A/XT,,1160.0,65000.0,,1342.0,,,,,,,,,METAL_LOSS,False,True,10.216666666666667,2333
11590.0,,0.344,-21.99,17.99,41712.91,metal loss,External,37.0,0.127,,,1.81,1.53,7:57,,,0.7,128.56,,MFL-A/XT,,1160.0,65000.0,,1342.0,1416.37,1966.6,1477.2,2051.06,1486.4,2063.83,0.79,1.77,METAL_LOSS,False,True,7.95,2334
11590.0,,0.344,-22.17,17.81,41713.09,metal loss,External,11.0,0.038,,,0.63,1.02,9:45,,,0.7,128.57,,MFL-A/XT,,1160.0,65000.0,,1342.0,,,,,,,,,METAL_LOSS,False,True,9.75,2335
11590.0,,0.344,-22.46,17.52,41713.38,metal loss,External,31.0,0.107,,,0.79,2.28,10:15,,,0.7,128.59,,MFL-A/XT,,1160.0,65000.0,,1342.0,1465.1,2034.26,1535.87,2132.52,1537.31,2134.52,0.76,1.84,METAL_LOSS,False,True,10.25,2336
11590.0,,0.344,-22.77,17.21,41713.69,metal loss,External,33.0,0.114,,,0.71,1.02,9:35,,,0.7,128.61,,MFL-A/XT,,1160.0,65000.0,,1342.0,1466.51,2036.21,1537.42,2134.67,1538.76,2136.53,0.75,1.84,METAL_LOSS,False,True,9.583333333333334,2339
11590.0,,0.344,-23.64,16.34,41714.57,metal loss,External,10.0,0.034,,,0.71,0.94,9:41,,,0.7,128.67,,MFL-A/XT,,1160.0,65000.0,,1342.0,,,,,,,,,METAL_LOSS,False,True,9.683333333333334,2340
11590.0,,0.344,-23.79,16.19,41714.71,metal loss,External,18.0,0.062,,,0.83,1.22,7:43,,,0.7,128.68,,MFL-A/XT,,1160.0,65000.0,,1342.0,1469.86,2040.86,,,,,,,METAL_LOSS,False,True,7.716666666666667,2341
11590.0,,0.344,-23.82,16.16,41714.75,metal loss,External,13.0,0.045,,,1.14,1.02,8:08,,,0.7,128.68,,MFL-A/XT,,1160.0,65000.0,,1342.0,1468.18,2038.53,,,,,,,METAL_LOSS,False,True,8.133333333333333,2342
11590.0,,0.344,-24.92,15.06,41715.84,metal loss,External,14.0,0.048,,,0.63,1.42,9:39,,,0.7,128.77,,MFL-A/XT,,1160.0,65000.0,,1342.0,1473.42,2045.8,,,,,,,METAL_LOSS,False,True,9.65,2346
11590.0,,0.344,-24.92,15.06,41715.84,metal loss,External,11.0,0.038,,,0.51,1.18,8:52,,,0.7,128.77,,MFL-A/XT,,1160.0,65000.0,,1342.0,,,,,,,,,METAL_LOSS,False,True,8.866666666666667,2347
11590.0,,0.344,-25.06,14.92,41715.98,metal loss,External,12.0,0.041,,,0.71,1.34,9:43,,,0.7,128.79,,MFL-A/XT,,1160.0,65000.0,,1342.0,,,,,,,,,METAL_LOSS,False,True,9.716666666666667,2348
11590.0,,0.344,-25.25,14.73,41716.18,cluster,External,31.0,0.107,,,1.13,1.61,8:38,,,0.7,128.8,,,,1160.0,65000.0,,1342.0,1454.32,2019.29,1523.39,2115.19,1527.2,2120.48,0.76,1.82,CLUSTER,False,True,8.633333333333333,2349
11590.0,,0.344,-25.49,14.49,41716.41,metal loss,External,11.0,0.038,,,1.53,0.59,9:42,,,0.7,128.82,,MFL-A/XT,,1160.0,65000.0,,1342.0,,,,,,,,,METAL_LOSS,False,True,9.7,2350
11590.0,,0.344,-25.57,14.41,41716.49,metal loss,External,12.0,0.041,,,1.06,1.69,8:15,,,0.7,128.83,,MFL-A/XT,,1160.0,65000.0,,1342.0,,,,,,,,,METAL_LOSS,False,True,8.25,2351
11590.0,,0.344,-25.8,14.18,41716.72,metal loss,External,13.0,0.045,,,0.59,0.59,8:23,,,0.7,128.85,,MFL-A/XT,,1160.0,65000.0,,1342.0,1473.91,2046.49,,,,,,,METAL_LOSS,False,True,8.383333333333333,2352
11590.0,,0.344,-26.02,13.96,41716.94,metal loss,External,11.0,0.038,,,0.71,1.1,9:40,,,0.7,128.88,,MFL-A/XT,,1160.0,65000.0,,1342.0,,,,,,,,,METAL_LOSS,False,True,9.666666666666666,2353
11590.0,,0.344,-26.06,13.92,41716.98,metal loss,External,16.0,0.055,,,1.06,1.77,8:07,,,0.7,128.88,,MFL-A/XT,,1160.0,65000.0,,1342.0,1467.25,2037.24,,,,,,,METAL_LOSS,False,True,8.116666666666667,2354
11590.0,,0.344,-26.14,13.84,41717.06,metal loss,External,14.0,0.048,,,1.5,0.79,9:38,,,0.7,128.89,,MFL-A/XT,,1160.0,65000.0,,1342.0,1462.07,2030.04,,,,,,,METAL_LOSS,False,True,9.633333333333333,2355
11590.0,,0.344,-26.48,13.5,41717.4,metal loss,External,16.0,0.055,,,0.67,1.34,9:56,,,0.7,128.92,,MFL-A/XT,,1160.0,65000.0,,1342.0,1472.6,2044.67,,,,,,,METAL_LOSS,False,True,9.933333333333334,2356
11590.0,,0.344,-26.69,13.29,41717.61,metal loss,External,15.0,0.052,,,0.67,1.02,8:19,,,0.7,128.94,,MFL-A/XT,,1160.0,65000.0,,1342.0,1472.73,2044.85,,,,,,,METAL_LOSS,False,True,8.316666666666666,2357
11590.0,,0.344,-26.73,13.25,41717.65,metal loss,External,10.0,0.034,,,0.83,1.26,9:49,,,0.7,128.95,,MFL-A/XT,,1160.0,65000.0,,1342.0,,,,,,,,,METAL_LOSS,False,True,9.816666666666666,2358
11590.0,,0.344,-26.81,13.17,41717.73,metal loss,External,14.0,0.048,,,0.98,1.22,8:25,,,0.7,128.96,,MFL-A/XT,,1160.0,65000.0,,1342.0,1469.57,2040.46,,,,,,,METAL_LOSS,False,True,8.416666666666666,2359
11590.0,,0.344,-26.84,13.14,41717.76,metal loss,External,11.0,0.038,,,1.58,0.79,9:04,,,0.7,128.96,,MFL-A/XT,,1160.0,65000.0,,1342.0,,,,,,,,,METAL_LOSS,False,True,9.066666666666666,2360
11590.0,,0.344,-26.98,13.0,41717.9,metal loss,External,21.0,0.072,,,0.79,1.38,8:18,,,0.7,128.97,,MFL-A/XT,,1160.0,65000.0,,1342.0,1469.45,2040.29,1541.03,2139.69,1541.49,2140.32,0.75,1.84,METAL_LOSS,False,True,8.3,2361
11590.0,,0.344,-27.02,12.96,41717.95,metal loss,External,12.0,0.041,,,1.34,0.98,7:45,,,0.7,128.98,,MFL-A/XT,,1160.0,65000.0,,1342.0,,,,,,,,,METAL_LOSS,False,True,7.75,2362
11590.0,,0.344,-27.09,12.89,41718.01,metal loss,External,10.0,0.034,,,2.17,1.42,9:00,,,0.7,128.98,,MFL-A/XT,,1160.0,65000.0,,1342.0,,,,,,,,,METAL_LOSS,False,True,9.0,2363
11590.0,,0.344,-27.79,12.19,41718.71,cluster,External,31.0,0.107,,,1.5,3.81,9:33,,,0.7,129.06,,,,1160.0,65000.0,,1342.0,1441.11,2000.94,1507.81,2093.56,1511.35,2098.48,0.77,1.8,CLUSTER,False,True,9.55,2364
11590.0,,0.344,-28.34,11.64,41719.26,metal loss,External,19.0,0.065,,,1.1,1.26,8:04,,,0.7,129.12,,MFL-A/XT,,1160.0,65000.0,,1342.0,1464.67,2033.65,,,,,,,METAL_LOSS,False,True,8.066666666666666,2365
11590.0,,0.344,-28.54,11.44,41719.46,metal loss,External,10.0,0.034,,,0.94,1.18,2:01,,,0.7,129.15,,MFL-A/XT,,1160.0,65000.0,,1342.0,,,,,,,,,METAL_LOSS,False,True,2.0166666666666666,2366
11590.0,,0.344,-28.97,11.01,41719.89,metal loss,External,15.0,0.052,,,0.32,1.06,10:10,,,0.7,129.2,,MFL-A/XT,,1160.0,65000.0,,1342.0,1475.43,2048.6,,,,,,,METAL_LOSS,False,True,10.166666666666666,2367
11590.0,,0.344,-29.05,10.93,41719.97,metal loss,External,13.0,0.045,,,1.58,1.81,9:40,,,0.7,129.21,,MFL-A/XT,,1160.0,65000.0,,1342.0,1461.9,2029.81,,,,,,,METAL_LOSS,False,True,9.666666666666666,2368
11590.0,,0.344,-29.13,10.85,41720.06,metal loss,External,10.0,0.034,,,0.75,0.63,10:16,,,0.7,129.22,,MFL-A/XT,,1160.0,65000.0,,1342.0,,,,,,,,,METAL_LOSS,False,True,10.266666666666667,2369
11590.0,,0.344,-29.43,10.55,41720.35,metal loss,External,12.0,0.041,,,1.3,0.59,8:39,,,0.7,129.25,,MFL-A/XT,,1160.0,65000.0,,1342.0,,,,,,,,,METAL_LOSS,False,True,8.65,2370
11590.0,,0.344,-29.6,10.38,41720.52,metal loss,External,10.0,0.034,,,2.05,1.69,9:55,,,0.7,129.28,,MFL-A/XT,,1160.0,65000.0,,1342.0,,,,,,,,,METAL_LOSS,False,True,9.916666666666666,2371
11590.0,,0.344,-29.71,10.27,41720.63,metal loss,External,23.0,0.079,,,0.71,1.26,2:34,,,0.7,129.29,,MFL-A/XT,,1160.0,65000.0,,1342.0,1469.96,2041.0,1541.58,2140.44,1542.1,2141.17,0.75,1.85,METAL_LOSS,False,True,2.5666666666666664,2372
11590.0,,0.344,-29.8,10.18,41720.72,metal loss,External,12.0,0.041,,,0.59,0.63,8:49,,,0.7,129.3,,MFL-A/XT,,1160.0,65000.0,,1342.0,,,,,,,,,METAL_LOSS,False,True,8.816666666666666,2373
11590.0,,0.344,-30.26,9.72,41721.18,metal loss,External,10.0,0.034,,,0.51,0.98,9:47,,,0.7,129.37,,MFL-A/XT,,1160.0,65000.0,,1342.0,,,,,,,,,METAL_LOSS,False,True,9.783333333333333,2374
11590.0,,0.344,-30.43,9.55,41721.35,metal loss,External,11.0,0.038,,,0.87,1.53,4:02,,,0.7,129.39,,MFL-A/XT,,1160.0,65000.0,,1342.0,,,,,,,,,METAL_LOSS,False,True,4.033333333333333,2375
11590.0,,0.344,-30.72,9.26,41721.64,metal loss,External,24.0,0.083,,,0.59,1.18,8:57,,,0.7,129.43,,MFL-A/XT,,1160.0,65000.0,,1342.0,1471.62,2043.31,1543.42,2143.0,1543.84,2143.58,0.75,1.85,METAL_LOSS,False,True,8.95,2377
11590.0,,0.344,-30.76,9.22,41721.68,metal loss,External,12.0,0.041,,,0.71,0.67,3:52,,,0.7,129.43,,MFL-A/XT,,1160.0,65000.0,,1342.0,,,,,,,,,METAL_LOSS,False,True,3.8666666666666667,2378
11590.0,,0.344,-30.78,9.2,41721.7,metal loss,External,19.0,0.065,,,0.63,1.02,4:06,,,0.7,129.44,,MFL-A/XT,,1160.0,65000.0,,1342.0,1472.28,2044.23,,,,,,,METAL_LOSS,False,True,4.1,2379
11590.0,,0.344,-30.99,8.99,41721.91,metal loss,External,12.0,0.041,,,0.83,1.1,4:12,,,0.7,129.46,,MFL-A/XT,,1160.0,65000.0,,1342.0,,,,,,,,,METAL_LOSS,False,True,4.2,2380
11590.0,,0.344,-31.03,8.95,41721.96,metal loss,External,10.0,0.034,,,0.43,0.59,8:55,,,0.7,129.47,,MFL-A/XT,,1160.0,65000.0,,1342.0,,,,,,,,,METAL_LOSS,False,True,8.916666666666666,2381
11590.0,,0.344,-31.14,8.84,41722.06,metal loss,External,10.0,0.034,,,0.43,0.71,3:53,,,0.7,129.48,,MFL-A/XT,,1160.0,65000.0,,1342.0,,,,,,,,,METAL_LOSS,False,True,3.8833333333333333,2383
11590.0,,0.344,-31.25,8.73,41722.17,metal loss,External,10.0,0.034,,,1.3,1.97,3:59,,,0.7,129.5,,MFL-A/XT,,1160.0,65000.0,,1342.0,,,,,,,,,METAL_LOSS,False,True,3.9833333333333334,2385
11590.0,,0.344,-31.28,8.7,41722.2,metal loss,External,10.0,0.034,,,0.59,0.59,9:01,,,0.7,129.5,,MFL-A/XT,,1160.0,65000.0,,1342.0,,,,,,,,,METAL_LOSS,False,True,9.016666666666667,2387
11590.0,,0.344,-31.45,8.53,41722.37,metal loss,External,18.0,0.062,,,0.55,0.83,3:01,,,0.7,129.53,,MFL-A/XT,,1160.0,65000.0,,1342.0,1473.3,2045.64,,,,,,,METAL_LOSS,False,True,3.0166666666666666,2388
11590.0,,0.344,-31.51,8.47,41722.43,metal loss,External,15.0,0.052,,,0.98,0.87,3:56,,,0.7,129.54,,MFL-A/XT,,1160.0,65000.0,,1342.0,1469.04,2039.73,,,,,,,METAL_LOSS,False,True,3.9333333333333336,2389
11590.0,,0.344,-31.69,8.29,41722.61,metal loss,External,10.0,0.034,,,0.67,1.81,4:02,,,0.7,129.56,,MFL-A/XT,,1160.0,65000.0,,1342.0,,,,,,,,,METAL_LOSS,False,True,4.033333333333333,2390
11590.0,,0.344,-31.84,8.14,41722.76,metal loss,External,12.0,0.041,,,1.53,1.18,9:16,,,0.7,129.59,,MFL-A/XT,,1160.0,65000.0,,1342.0,,,,,,,,,METAL_LOSS,False,True,9.266666666666667,2391
11590.0,,0.344,-31.9,8.08,41722.82,metal loss,External,30.0,0.103,,,0.87,1.53,3:31,,,0.7,129.6,,MFL-A/XT,,1160.0,65000.0,,1342.0,1463.64,2032.23,1534.23,2130.24,1535.8,2132.42,0.76,1.84,METAL_LOSS,False,True,3.5166666666666666,2392
11590.0,,0.344,-31.93,8.05,41722.86,metal loss,External,17.0,0.058,,,0.83,1.06,4:12,,,0.7,129.6,,MFL-A/XT,,1160.0,65000.0,,1342.0,1470.42,2041.63,,,,,,,METAL_LOSS,False,True,4.2,2393
11590.0,,0.344,-32.33,7.65,41723.25,metal loss,External,15.0,0.052,,,0.83,1.02,2:48,,,0.7,129.66,,MFL-A/XT,,1160.0,65000.0,,1342.0,1471.03,2042.48,,,,,,,METAL_LOSS,False,True,2.8,2394
11590.0,,0.344,-32.36,7.62,41723.28,metal loss,External,26.0,0.089,,,0.79,1.14,3:49,,,0.7,129.67,,MFL-A/XT,,1160.0,65000.0,,1342.0,1467.26,2037.25,1538.47,2136.13,1539.4,2137.42,0.75,1.84,METAL_LOSS,False,True,3.8166666666666664,2395
11590.0,,0.344,-32.97,7.01,41723.89,metal loss,External,12.0,0.041,,,0.63,1.18,4:06,,,0.7,129.76,,MFL-A/XT,,1160.0,65000.0,,1342.0,,,,,,,,,METAL_LOSS,False,True,4.1,2398
11590.0,,0.344,-33.16,6.82,41724.08,metal loss,External,11.0,0.038,,,0.59,0.94,4:07,,,0.7,129.79,,MFL-A/XT,,1160.0,65000.0,,1342.0,,,,,,,,,METAL_LOSS,False,True,4.116666666666666,2400
11590.0,,0.344,-33.56,6.42,41724.48,metal loss,External,14.0,0.048,,,0.63,0.75,4:16,,,0.7,129.85,,MFL-A/XT,,1160.0,65000.0,,1342.0,1473.31,2045.66,,,,,,,METAL_LOSS,False,True,4.266666666666667,2402
11590.0,,0.344,-33.67,6.31,41724.59,metal loss,External,23.0,0.079,,,0.59,0.87,4:15,,,0.7,129.87,,MFL-A/XT,,1160.0,65000.0,,1342.0,1471.84,2043.62,1543.68,2143.36,1544.05,2143.87,0.75,1.85,METAL_LOSS,False,True,4.25,2403
11590.0,,0.344,-33.83,6.15,41724.75,metal loss,External,25.0,0.086,,,0.55,1.46,4:07,,,0.7,129.9,,MFL-A/XT,,1160.0,65000.0,,1342.0,1471.95,2043.76,1543.77,2143.49,1544.19,2144.07,0.75,1.85,METAL_LOSS,False,True,4.116666666666666,2404
11590.0,,0.344,-34.11,5.87,41725.03,metal loss,External,10.0,0.034,,,1.1,1.81,4:10,,,0.7,129.94,,MFL-A/XT,,1160.0,65000.0,,1342.0,,,,,,,,,METAL_LOSS,False,True,4.166666666666667,2405
11590.0,,0.344,-34.53,5.45,41725.46,metal loss,External,13.0,0.045,,,0.71,1.65,3:48,,,0.7,130.01,,MFL-A/XT,,1160.0,65000.0,,1342.0,1472.92,2045.12,,,,,,,METAL_LOSS,False,True,3.8,2407
11610.0,,0.344,-3.2,23.62,41747.31,metal loss,External,25.0,0.086,,,0.79,1.26,10:54,,,0.7,134.06,,MFL-A/XT,,1160.0,65000.0,,1342.0,1467.91,2038.16,1539.24,2137.19,1540.05,2138.32,0.75,1.84,METAL_LOSS,False,True,10.9,2425
11610.0,,0.344,-3.67,23.15,41747.78,metal loss,External,10.0,0.034,,,0.59,1.26,10:46,,,0.7,134.15,,MFL-A/XT,,1160.0,65000.0,,1342.0,,,,,,,,,METAL_LOSS,False,True,10.766666666666667,2426
11610.0,,0.344,-25.25,1.57,41769.36,cluster,External,23.0,0.079,,,0.77,2.31,5:00,Repaired?,,0.7,136.32,,,,1160.0,65000.0,,1342.0,1468.55,2039.05,1540.0,2138.25,1540.61,2139.1,0.75,1.84,CLUSTER,False,True,5.0,2433
11610.0,,0.344,-25.49,1.33,41769.6,metal loss,External,11.0,0.038,,,0.43,1.34,6:54,Repaired?,,0.7,136.33,,MFL-A/XT,,1160.0,65000.0,,1342.0,,,,,,,,,METAL_LOSS,False,True,6.9,2434
11610.0,,0.344,-25.61,1.21,41769.72,metal loss,External,36.0,0.124,,,0.71,1.54,6:45,Repaired?,,0.7,136.33,,MFL-A/XT,,1160.0,65000.0,,1342.0,1465.36,2034.61,1535.98,2132.66,1537.61,2134.93,0.76,1.84,METAL_LOSS,False,True,6.75,2435
11630.0,,0.344,-1.01,39.14,41812.07,metal loss,External,10.0,0.034,,,0.79,1.14,9:53,,,0.7,136.91,,MFL-A/XT,,1160.0,65000.0,,1342.0,,,,,,,,,METAL_LOSS,False,True,9.883333333333333,2450
11630.0,,0.344,-1.87,38.29,41812.93,metal loss,External,18.0,0.062,,,0.71,1.5,9:29,,,0.7,136.91,,MFL-A/XT,,1160.0,65000.0,,1342.0,1471.5,2043.14,,,,,,,METAL_LOSS,False,True,9.483333333333333,2451
11630.0,,0.344,-2.14,38.01,41813.21,metal loss,External,11.0,0.038,,,2.05,1.73,9:51,,,0.7,136.91,,MFL-A/XT,,1160.0,65000.0,,1342.0,,,,,,,,,METAL_LOSS,False,True,9.85,2452
11630.0,,0.344,-28.79,11.37,41839.85,metal loss,External,14.0,0.048,,,0.94,0.67,10:25,,,0.7,136.91,,MFL-A/XT,,1160.0,65000.0,,1342.0,1470.01,2041.08,,,,,,,METAL_LOSS,False,True,10.416666666666666,2454
11670.0,,0.344,-14.23,25.82,41985.39,metal loss,External,14.0,0.048,,,1.85,2.05,5:15,,,0.7,137.09,,MFL-A/XT,,1160.0,65000.0,,1342.0,1456.23,2021.94,,,,,,,METAL_LOSS,False,True,5.25,2467
11670.0,,0.344,-14.24,25.82,41985.4,metal loss,External,12.0,0.041,,,1.22,1.97,4:26,,,0.7,137.09,,MFL-A/XT,,1160.0,65000.0,,1342.0,,,,,,,,,METAL_LOSS,False,True,4.433333333333334,2468
11930.0,,0.344,-17.33,22.71,42952.49,metal loss,External,16.0,0.055,,,0.91,1.93,6:50,,,0.7,104.17,,MFL-A/XT,,1160.0,65000.0,,1342.0,1469.69,2040.63,,,,,,,METAL_LOSS,False,True,6.833333333333333,2500
11990.0,,0.344,-28.54,0.84,43171.61,metal loss,External,25.0,0.086,,,0.79,1.38,8:23,,,0.7,72.83,,MFL-A/XT,,1160.0,65000.0,,1342.0,1467.67,2037.82,1538.96,2136.81,1539.8,2137.97,0.75,1.84,METAL_LOSS,False,True,8.383333333333333,2507
12120.0,,0.344,-19.74,0.87,43585.01,metal loss,External,15.0,0.052,,,0.55,0.94,6:41,,,0.7,139.54,,MFL-A/XT,,1160.0,65000.0,,1342.0,1473.83,2046.38,,,,,,,METAL_LOSS,False,True,6.683333333333334,2522
12130.0,,0.344,-22.31,17.83,43608.19,metal loss,External,11.0,0.038,,,1.22,1.38,4:00,,,0.7,138.82,,MFL-A/XT,,1160.0,65000.0,,1342.0,,,,,,,,,METAL_LOSS,False,True,4.0,2524
12130.0,,0.344,-22.55,17.59,43608.43,metal loss,External,17.0,0.058,,,0.63,1.1,4:04,,,0.7,138.81,,MFL-A/XT,,1160.0,65000.0,,1342.0,1472.62,2044.69,,,,,,,METAL_LOSS,False,True,4.066666666666666,2525
12150.0,,0.344,-0.82,38.73,43666.96,metal loss,External,11.0,0.038,,,1.77,0.59,6:19,,,0.7,136.73,,MFL-A/XT,,1160.0,65000.0,,1342.0,,,,,,,,,METAL_LOSS,False,True,6.316666666666666,2528
12150.0,,0.344,-0.85,38.7,43666.98,metal loss,External,29.0,0.1,,,1.73,3.9,5:15,,,0.7,136.73,,MFL-A/XT,,1160.0,65000.0,,1342.0,1435.16,1992.68,1500.87,2083.91,1505.82,2090.79,0.77,1.8,METAL_LOSS,False,True,5.25,2529
12150.0,,0.344,-0.89,38.65,43667.03,metal loss,External,29.0,0.1,,,0.83,0.98,4:37,,,0.7,136.73,,MFL-A/XT,,1160.0,65000.0,,1342.0,1465.09,2034.24,1535.92,2132.59,1537.26,2134.44,0.76,1.84,METAL_LOSS,False,True,4.616666666666667,2530
12160.0,,0.344,-11.26,28.94,43716.94,metal loss,External,39.0,0.134,,,0.91,1.77,8:00,,,0.7,134.71,,MFL-A/XT,,1160.0,65000.0,,1342.0,1456.74,2022.65,1525.69,2118.38,1528.85,2122.77,0.76,1.83,METAL_LOSS,False,True,8.0,2532
12160.0,,0.344,-28.79,11.41,43734.47,metal loss,External,10.0,0.034,,,0.32,0.67,9:07,,,0.7,134.38,,MFL-A/XT,,1160.0,65000.0,,1342.0,,,,,,,,,METAL_LOSS,False,True,9.116666666666667,2533
12160.0,,0.344,-30.14,10.07,43735.82,metal loss,External,11.0,0.038,,,0.79,1.14,8:13,,,0.7,134.44,,MFL-A/XT,,1160.0,65000.0,,1342.0,,,,,,,,,METAL_LOSS,False,True,8.216666666666667,2534
12160.0,,0.344,-30.88,9.32,43736.56,metal loss,External,29.0,0.1,,,0.91,1.5,8:30,,,0.7,134.47,,MFL-A/XT,,1160.0,65000.0,,1342.0,1463.2,2031.61,1533.76,2129.58,1535.32,2131.75,0.76,1.84,METAL_LOSS,False,True,8.5,2535
12160.0,,0.344,-31.08,9.12,43736.76,metal loss,External,12.0,0.041,,,0.67,1.02,8:29,,,0.7,134.48,,MFL-A/XT,,1160.0,65000.0,,1342.0,,,,,,,,,METAL_LOSS,False,True,8.483333333333333,2537
12160.0,,0.344,-39.36,0.85,43745.04,cluster,External,38.0,0.131,,,1.92,4.0,5:56,,,0.7,135.05,,,,1160.0,65000.0,,1342.0,1408.03,1955.01,1466.73,2036.52,1501.8,2085.22,0.79,1.76,CLUSTER,False,True,5.933333333333334,2540
12160.0,,0.344,-39.47,0.74,43745.15,metal loss,External,13.0,0.045,,,0.71,1.02,5:35,,,0.7,135.06,,MFL-A/XT,,1160.0,65000.0,,1342.0,1472.92,2045.12,,,,,,,METAL_LOSS,False,True,5.583333333333333,2541
12170.0,,0.344,-0.77,39.33,43746.65,metal loss,External,12.0,0.041,,,0.75,0.63,4:55,,,0.7,135.17,,MFL-A/XT,,1160.0,65000.0,,1342.0,,,,,,,,,METAL_LOSS,False,True,4.916666666666667,2543
12170.0,,0.344,-0.84,39.26,43746.72,metal loss,External,14.0,0.048,,,1.77,1.1,6:16,,,0.7,135.17,,MFL-A/XT,,1160.0,65000.0,,1342.0,1457.68,2023.95,,,,,,,METAL_LOSS,False,True,6.266666666666667,2544
12170.0,,0.344,-0.85,39.24,43746.74,metal loss,External,34.0,0.117,,,1.14,2.36,5:14,,,0.7,135.17,,MFL-A/XT,,1160.0,65000.0,,1342.0,1451.7,2015.65,1520.11,2110.64,1523.6,2115.49,0.76,1.82,METAL_LOSS,False,True,5.233333333333333,2545
12170.0,,0.344,-2.14,37.96,43748.02,metal loss,External,25.0,0.086,,,0.83,1.14,6:26,,,0.7,135.27,,MFL-A/XT,,1160.0,65000.0,,1342.0,1466.92,2036.77,1538.11,2135.63,1539.02,2136.89,0.75,1.84,METAL_LOSS,False,True,6.433333333333334,2546
12170.0,,0.344,-3.96,36.14,43749.84,metal loss,External,13.0,0.045,,,1.1,1.42,8:03,,,0.7,135.4,,MFL-A/XT,,1160.0,65000.0,,1342.0,1468.63,2039.16,,,,,,,METAL_LOSS,False,True,8.05,2547
12170.0,,0.344,-4.43,35.67,43750.32,metal loss,External,10.0,0.034,,,1.1,1.34,7:30,,,0.7,135.44,,MFL-A/XT,,1160.0,65000.0,,1342.0,,,,,,,,,METAL_LOSS,False,True,7.5,2548
12170.0,,0.344,-4.81,35.29,43750.69,metal loss,External,16.0,0.055,,,1.06,1.46,8:02,,,0.7,135.47,,MFL-A/XT,,1160.0,65000.0,,1342.0,1467.44,2037.5,,,,,,,METAL_LOSS,False,True,8.033333333333333,2549
12170.0,,0.344,-5.33,34.77,43751.21,metal loss,External,17.0,0.058,,,1.14,1.3,7:22,,,0.7,135.51,,MFL-A/XT,,1160.0,65000.0,,1342.0,1465.41,2034.69,,,,,,,METAL_LOSS,False,True,7.366666666666666,2550
12170.0,,0.344,-6.18,33.92,43752.06,metal loss,External,11.0,0.038,,,1.18,1.53,8:00,,,0.7,135.57,,MFL-A/XT,,1160.0,65000.0,,1342.0,,,,,,,,,METAL_LOSS,False,True,8.0,2551
12170.0,,0.344,-6.59,33.51,43752.48,metal loss,External,14.0,0.048,,,1.38,1.89,7:25,,,0.7,135.6,,MFL-A/XT,,1160.0,65000.0,,1342.0,1463.96,2032.68,,,,,,,METAL_LOSS,False,True,7.416666666666667,2552
12170.0,,0.344,-10.95,29.15,43756.83,metal loss,External,12.0,0.041,,,1.61,1.81,5:04,,,0.7,135.94,,MFL-A/XT,,1160.0,65000.0,,1342.0,,,,,,,,,METAL_LOSS,False,True,5.066666666666666,2553
12230.0,,0.344,-16.18,23.71,43990.4,metal loss,External,43.0,0.148,,,1.73,1.5,4:44,Recoat,,0.7,138.47,,MFL-A/XT,,1160.0,65000.0,,1342.0,1407.91,1954.85,1465.6,2034.96,1477.59,2051.59,0.79,1.75,METAL_LOSS,False,True,4.733333333333333,2562
12230.0,,0.344,-16.37,23.51,43990.59,metal loss,External,16.0,0.055,,,0.87,1.61,7:13,Recoat,,0.7,138.43,,MFL-A/XT,,1160.0,65000.0,,1342.0,1470.18,2041.3,,,,,,,METAL_LOSS,False,True,7.216666666666667,2563
12230.0,,0.344,-16.69,23.2,43990.9,metal loss,External,21.0,0.072,,,0.32,1.58,4:34,Recoat,,0.7,138.37,,MFL-A/XT,,1160.0,65000.0,,1342.0,1474.99,2047.98,1547.18,2148.22,1547.26,2148.34,0.75,1.85,METAL_LOSS,False,True,4.566666666666666,2564
12230.0,,0.344,-16.71,23.17,43990.93,metal loss,External,12.0,0.041,,,0.91,1.42,7:20,Recoat,,0.7,138.36,,MFL-A/XT,,1160.0,65000.0,,1342.0,,,,,,,,,METAL_LOSS,False,True,7.333333333333333,2565
12230.0,,0.344,-16.95,22.94,43991.17,metal loss,External,23.0,0.079,,,0.79,1.14,7:15,Recoat,,0.7,138.32,,MFL-A/XT,,1160.0,65000.0,,1342.0,1468.69,2039.24,1540.15,2138.47,1540.79,2139.34,0.75,1.84,METAL_LOSS,False,True,7.25,2566
12230.0,,0.344,-17.24,22.64,43991.46,metal loss,External,40.0,0.138,,,1.18,1.81,4:39,Recoat,,0.7,138.26,,MFL-A/XT,,1160.0,65000.0,,1342.0,1443.61,2004.42,1509.91,2096.47,1515.32,2103.98,0.77,1.81,METAL_LOSS,False,True,4.65,2567
12230.0,,0.344,-17.31,22.58,43991.53,metal loss,External,16.0,0.055,,,0.59,1.06,7:16,Recoat,,0.7,138.24,,MFL-A/XT,,1160.0,65000.0,,1342.0,1473.21,2045.51,,,,,,,METAL_LOSS,False,True,7.266666666666667,2568
12230.0,,0.344,-17.72,22.17,43991.93,metal loss,External,35.0,0.12,,,0.63,1.3,4:26,Recoat,,0.7,138.16,,MFL-A/XT,,1160.0,65000.0,,1342.0,1468.0,2038.28,1539.08,2136.98,1540.28,2138.65,0.75,1.84,METAL_LOSS,False,True,4.433333333333334,2569
12230.0,,0.344,-18.14,21.75,43992.35,metal loss,External,22.0,0.076,,,1.5,1.85,4:39,Recoat,,0.7,138.07,,MFL-A/XT,,1160.0,65000.0,,1342.0,1453.07,2017.55,1522.35,2113.74,1524.13,2116.21,0.76,1.82,METAL_LOSS,False,True,4.65,2570
12230.0,,0.344,-18.17,21.72,43992.39,metal loss,External,38.0,0.131,,,1.89,1.46,7:08,Recoat,,0.7,138.07,,MFL-A/XT,,1160.0,65000.0,,1342.0,1409.81,1957.48,1468.94,2039.58,1479.38,2054.08,0.79,1.76,METAL_LOSS,False,True,7.133333333333334,2571
12230.0,,0.344,-18.67,21.22,43992.88,metal loss,External,15.0,0.052,,,1.18,1.5,4:26,Recoat,,0.7,137.97,,MFL-A/XT,,1160.0,65000.0,,1342.0,1466.27,2035.88,,,,,,,METAL_LOSS,False,True,4.433333333333334,2572
12230.0,,0.344,-18.9,20.99,43993.12,cluster,External,19.0,0.065,,,1.43,2.39,7:06,Recoat,,0.7,137.92,,,,1160.0,65000.0,,1342.0,1458.2,2024.68,,,,,,,CLUSTER,False,True,7.1,2573
12230.0,,0.344,-19.29,20.6,43993.5,metal loss,External,16.0,0.055,,,1.1,1.53,4:18,Recoat,,0.7,137.84,,MFL-A/XT,,1160.0,65000.0,,1342.0,1466.88,2036.73,,,,,,,METAL_LOSS,False,True,4.3,2574
12230.0,,0.344,-19.49,20.4,43993.7,metal loss,External,16.0,0.055,,,0.83,1.14,6:39,Recoat,,0.7,137.8,,MFL-A/XT,,1160.0,65000.0,,1342.0,1470.64,2041.95,,,,,,,METAL_LOSS,False,True,6.65,2575
12230.0,,0.344,-19.58,20.31,43993.79,metal loss,External,24.0,0.083,,,1.38,1.58,7:21,Recoat,,0.7,137.78,,MFL-A/XT,,1160.0,65000.0,,1342.0,1453.72,2018.45,1523.03,2114.69,1525.1,2117.56,0.76,1.82,METAL_LOSS,False,True,7.35,2576
12230.0,,0.344,-21.09,18.79,43995.31,metal loss,External,12.0,0.041,,,1.06,1.73,7:49,Recoat,,0.7,137.49,,MFL-A/XT,,1160.0,65000.0,,1342.0,,,,,,,,,METAL_LOSS,False,True,7.816666666666666,2577
12230.0,,0.344,-21.74,18.14,43995.96,metal loss,External,32.0,0.11,,,1.02,1.34,7:48,Recoat,,0.7,137.37,,MFL-A/XT,,1160.0,65000.0,,1342.0,1457.66,2023.93,1527.22,2120.51,1529.71,2123.96,0.76,1.83,METAL_LOSS,False,True,7.8,2578
12230.0,,0.344,-22.31,17.58,43996.52,metal loss,External,16.0,0.055,,,1.46,1.73,9:18,Recoat,,0.7,137.27,,MFL-A/XT,,1160.0,65000.0,,1342.0,1460.5,2027.87,,,,,,,METAL_LOSS,False,True,9.3,2579
12230.0,,0.344,-22.32,17.56,43996.54,metal loss,External,44.0,0.151,,,0.75,1.02,7:50,Recoat,,0.7,137.27,,MFL-A/XT,,1160.0,65000.0,,1342.0,1460.57,2027.96,1529.88,2124.2,1532.73,2128.15,0.76,1.83,METAL_LOSS,False,True,7.833333333333333,2580
12230.0,,0.344,-22.69,17.2,43996.91,metal loss,External,27.0,0.093,,,1.89,1.3,9:19,Recoat,,0.7,137.2,,MFL-A/XT,,1160.0,65000.0,,1342.0,1432.55,1989.06,1497.86,2079.74,1502.68,2086.43,0.77,1.79,METAL_LOSS,False,True,9.316666666666666,2581
12230.0,,0.344,-23.24,16.65,43997.46,metal loss,External,14.0,0.048,,,1.3,1.65,9:18,Recoat,,0.7,137.11,,MFL-A/XT,,1160.0,65000.0,,1342.0,1465.25,2034.46,,,,,,,METAL_LOSS,False,True,9.3,2582
12230.0,,0.344,-23.73,16.15,43997.95,metal loss,External,13.0,0.045,,,2.36,1.42,9:15,Recoat,,0.7,137.03,,MFL-A/XT,,1160.0,65000.0,,1342.0,1449.63,2012.78,,,,,,,METAL_LOSS,False,True,9.25,2584
12230.0,,0.344,-24.67,15.22,43998.88,metal loss,External,18.0,0.062,,,1.81,2.05,9:00,Recoat,,0.7,136.88,,MFL-A/XT,,1160.0,65000.0,,1342.0,1450.68,2014.23,,,,,,,METAL_LOSS,False,True,9.0,2585
12230.0,,0.344,-25.14,14.75,43999.35,metal loss,External,26.0,0.089,,,2.21,1.53,9:18,Recoat,,0.7,136.81,,MFL-A/XT,,1160.0,65000.0,,1342.0,1423.69,1976.76,1487.15,2064.87,1492.67,2072.53,0.78,1.78,METAL_LOSS,False,True,9.3,2586
12230.0,,0.344,-25.82,14.07,44000.04,metal loss,External,16.0,0.055,,,2.01,1.34,9:21,Recoat,,0.7,136.71,,MFL-A/XT,,1160.0,65000.0,,1342.0,1449.96,2013.24,,,,,,,METAL_LOSS,False,True,9.35,2587
12230.0,,0.344,-25.94,13.95,44000.15,metal loss,External,10.0,0.034,,,0.63,1.02,9:47,Recoat,,0.7,136.69,,MFL-A/XT,,1160.0,65000.0,,1342.0,,,,,,,,,METAL_LOSS,False,True,9.783333333333333,2588
12230.0,,0.344,-26.23,13.66,44000.45,metal loss,External,23.0,0.079,,,1.85,1.65,9:19,Recoat,,0.7,136.65,,MFL-A/XT,,1160.0,65000.0,,1342.0,1441.07,2000.9,1508.21,2094.12,1511.2,2098.27,0.77,1.81,METAL_LOSS,False,True,9.316666666666666,2589
12230.0,,0.344,-26.23,13.66,44000.45,metal loss,External,17.0,0.058,,,0.87,1.38,2:15,Recoat,,0.7,136.65,,MFL-A/XT,,1160.0,65000.0,,1342.0,1469.75,2040.72,,,,,,,METAL_LOSS,False,True,2.25,2590
12230.0,,0.344,-26.51,13.38,44000.72,metal loss,External,16.0,0.055,,,0.87,1.26,3:31,Recoat,,0.7,136.61,,MFL-A/XT,,1160.0,65000.0,,1342.0,1470.18,2041.3,,,,,,,METAL_LOSS,False,True,3.5166666666666666,2591
12230.0,,0.344,-26.63,13.26,44000.85,metal loss,External,16.0,0.055,,,0.79,1.42,2:15,Recoat,,0.7,136.59,,MFL-A/XT,,1160.0,65000.0,,1342.0,1471.24,2042.78,,,,,,,METAL_LOSS,False,True,2.25,2592
12230.0,,0.344,-27.29,12.6,44001.51,metal loss,External,11.0,0.038,,,0.94,1.46,9:20,Recoat,,0.7,136.51,,MFL-A/XT,,1160.0,65000.0,,1342.0,,,,,,,,,METAL_LOSS,False,True,9.333333333333334,2593
12230.0,,0.344,-27.68,12.21,44001.89,metal loss,External,14.0,0.048,,,1.42,1.77,3:17,Recoat,,0.7,136.46,,MFL-A/XT,,1160.0,65000.0,,1342.0,1463.21,2031.64,,,,,,,METAL_LOSS,False,True,3.283333333333333,2594
12230.0,,0.344,-28.57,11.31,44002.79,metal loss,External,13.0,0.045,,,1.81,2.05,2:18,Recoat,,0.7,136.34,,MFL-A/XT,,1160.0,65000.0,,1342.0,1458.35,2024.88,,,,,,,METAL_LOSS,False,True,2.3,2595
12230.0,,0.344,-28.57,11.31,44002.79,metal loss,External,14.0,0.048,,,1.73,0.59,2:50,Recoat,,0.7,136.34,,MFL-A/XT,,1160.0,65000.0,,1342.0,1458.08,2024.51,,,,,,,METAL_LOSS,False,True,2.8333333333333335,2596
12230.0,,0.344,-28.6,11.29,44002.82,metal loss,External,14.0,0.048,,,0.71,1.18,9:44,Recoat,,0.7,136.34,,MFL-A/XT,,1160.0,65000.0,,1342.0,1472.65,2044.73,,,,,,,METAL_LOSS,False,True,9.733333333333333,2597
12230.0,,0.344,-28.61,11.28,44002.82,metal loss,External,12.0,0.041,,,0.94,1.61,3:06,Recoat,,0.7,136.34,,MFL-A/XT,,1160.0,65000.0,,1342.0,,,,,,,,,METAL_LOSS,False,True,3.1,2598
12230.0,,0.344,-28.81,11.08,44003.03,metal loss,External,15.0,0.052,,,0.87,1.34,9:27,Recoat,,0.7,136.32,,MFL-A/XT,,1160.0,65000.0,,1342.0,1470.59,2041.88,,,,,,,METAL_LOSS,False,True,9.45,2599
12230.0,,0.344,-28.94,10.95,44003.16,metal loss,External,14.0,0.048,,,0.83,1.42,3:13,Recoat,,0.7,136.3,,MFL-A/XT,,1160.0,65000.0,,1342.0,1471.41,2043.01,,,,,,,METAL_LOSS,False,True,3.216666666666667,2600
12230.0,,0.344,-28.97,10.92,44003.19,metal loss,External,11.0,0.038,,,0.79,1.34,2:28,Recoat,,0.7,136.3,,MFL-A/XT,,1160.0,65000.0,,1342.0,,,,,,,,,METAL_LOSS,False,True,2.466666666666667,2601
12230.0,,0.344,-29.1,10.79,44003.31,metal loss,External,11.0,0.038,,,0.63,1.06,2:17,Recoat,,0.7,136.28,,MFL-A/XT,,1160.0,65000.0,,1342.0,,,,,,,,,METAL_LOSS,False,True,2.283333333333333,2602
12230.0,,0.344,-29.27,10.62,44003.49,metal loss,External,11.0,0.038,,,1.42,1.73,9:28,Recoat,,0.7,136.26,,MFL-A/XT,,1160.0,65000.0,,1342.0,,,,,,,,,METAL_LOSS,False,True,9.466666666666667,2603
12230.0,,0.344,-29.44,10.45,44003.65,metal loss,External,23.0,0.079,,,1.58,2.05,2:19,Recoat,,0.7,136.25,,MFL-A/XT,,1160.0,65000.0,,1342.0,1449.48,2012.57,1518.14,2107.89,1520.4,2111.04,0.76,1.82,METAL_LOSS,False,True,2.3166666666666664,2604
12230.0,,0.344,-29.64,10.25,44003.86,metal loss,External,23.0,0.079,,,0.83,1.18,3:29,Recoat,,0.7,136.22,,MFL-A/XT,,1160.0,65000.0,,1342.0,1467.79,2037.99,1539.14,2137.06,1539.85,2138.04,0.75,1.84,METAL_LOSS,False,True,3.4833333333333334,2605
12230.0,,0.344,-30.04,9.85,44004.25,metal loss,External,26.0,0.089,,,0.32,1.14,3:33,Recoat,,0.7,136.18,,MFL-A/XT,,1160.0,65000.0,,1342.0,1474.64,2047.5,1546.78,2147.66,1546.94,2147.88,0.75,1.85,METAL_LOSS,False,True,3.55,2606
12230.0,,0.344,-30.14,9.75,44004.35,metal loss,External,10.0,0.034,,,1.42,1.53,9:19,Recoat,,0.7,136.17,,MFL-A/XT,,1160.0,65000.0,,1342.0,,,,,,,,,METAL_LOSS,False,True,9.316666666666666,2607
12230.0,,0.344,-30.34,9.55,44004.55,metal loss,External,15.0,0.052,,,1.58,1.81,2:30,Recoat,,0.7,136.14,,MFL-A/XT,,1160.0,65000.0,,1342.0,1459.69,2026.75,,,,,,,METAL_LOSS,False,True,2.5,2608
12230.0,,0.344,-30.54,9.35,44004.75,metal loss,External,37.0,0.127,,,0.63,1.06,3:33,Recoat,,0.7,136.13,,MFL-A/XT,,1160.0,65000.0,,1342.0,1467.38,2037.43,1538.3,2135.89,1539.67,2137.79,0.75,1.84,METAL_LOSS,False,True,3.55,2609
12230.0,,0.344,-30.99,8.9,44005.2,metal loss,External,29.0,0.1,,,0.55,1.06,3:40,Recoat,,0.7,136.08,,MFL-A/XT,,1160.0,65000.0,,1342.0,1471.11,2042.6,1542.77,2142.1,1543.38,2142.95,0.75,1.85,METAL_LOSS,False,True,3.6666666666666665,2610
12230.0,,0.344,-31.18,8.71,44005.39,metal loss,External,22.0,0.076,,,0.67,1.18,2:34,Recoat,,0.7,136.06,,MFL-A/XT,,1160.0,65000.0,,1342.0,1470.84,2042.23,1542.58,2141.83,1542.99,2142.4,0.75,1.85,METAL_LOSS,False,True,2.5666666666666664,2611
12230.0,,0.344,-31.18,8.71,44005.39,metal loss,External,11.0,0.038,,,1.81,0.59,3:05,Recoat,,0.7,136.06,,MFL-A/XT,,1160.0,65000.0,,1342.0,,,,,,,,,METAL_LOSS,False,True,3.0833333333333335,2612
12230.0,,0.344,-31.23,8.66,44005.44,metal loss,External,25.0,0.086,,,0.94,1.18,3:30,Recoat,,0.7,136.06,,MFL-A/XT,,1160.0,65000.0,,1342.0,1464.51,2033.43,1535.38,2131.84,1536.53,2133.43,0.76,1.84,METAL_LOSS,False,True,3.5,2613
12230.0,,0.344,-31.58,8.3,44005.8,metal loss,External,22.0,0.076,,,1.06,1.42,2:31,Recoat,,0.7,136.03,,MFL-A/XT,,1160.0,65000.0,,1342.0,1463.62,2032.2,1534.46,2130.55,1535.42,2131.89,0.76,1.84,METAL_LOSS,False,True,2.5166666666666666,2614
12230.0,,0.344,-31.99,7.9,44006.21,metal loss,External,13.0,0.045,,,0.83,1.3,5:47,Recoat,,0.7,135.99,,MFL-A/XT,,1160.0,65000.0,,1342.0,1471.78,2043.53,,,,,,,METAL_LOSS,False,True,5.783333333333333,2615
12230.0,,0.344,-32.01,7.88,44006.22,metal loss,External,30.0,0.103,,,1.22,1.42,2:34,Recoat,,0.7,135.99,,MFL-A/XT,,1160.0,65000.0,,1342.0,1452.41,2016.63,1521.21,2112.16,1524.19,2116.3,0.76,1.82,METAL_LOSS,False,True,2.5666666666666664,2616
12230.0,,0.344,-32.29,7.6,44006.51,metal loss,External,25.0,0.086,,,1.06,1.46,2:41,Recoat,,0.7,135.96,,MFL-A/XT,,1160.0,65000.0,,1342.0,1461.28,2028.94,1531.7,2126.72,1533.16,2128.76,0.76,1.83,METAL_LOSS,False,True,2.6833333333333336,2618
12230.0,,0.344,-33.41,6.48,44007.63,cluster,External,36.0,0.124,,,1.81,4.15,2:18,Recoat,,0.7,135.88,,,,1160.0,65000.0,,1342.0,1418.47,1969.5,1479.92,2054.83,1510.79,2097.69,0.78,1.77,CLUSTER,False,True,2.3,2619
12230.0,,0.344,-33.7,6.19,44007.92,metal loss,External,17.0,0.058,,,0.63,0.91,9:25,Recoat,,0.7,135.86,,MFL-A/XT,,1160.0,65000.0,,1342.0,1472.75,2044.87,,,,,,,METAL_LOSS,False,True,9.416666666666666,2620
12230.0,,0.344,-34.0,5.88,44008.22,metal loss,External,21.0,0.072,,,0.87,1.34,2:33,Recoat,,0.7,135.83,,MFL-A/XT,,1160.0,65000.0,,1342.0,1468.0,2038.28,1539.42,2137.44,1539.97,2138.21,0.75,1.84,METAL_LOSS,False,True,2.55,2621
12230.0,,0.344,-34.28,5.61,44008.49,metal loss,External,15.0,0.052,,,0.98,1.46,2:37,Recoat,,0.7,135.82,,MFL-A/XT,,1160.0,65000.0,,1342.0,1469.04,2039.73,,,,,,,METAL_LOSS,False,True,2.6166666666666667,2622
12230.0,,0.344,-34.49,5.4,44008.7,metal loss,External,17.0,0.058,,,0.71,1.14,1:54,Recoat,,0.7,135.8,,MFL-A/XT,,1160.0,65000.0,,1342.0,1471.79,2043.55,,,,,,,METAL_LOSS,False,True,1.9,2623
12230.0,,0.344,-34.59,5.3,44008.81,metal loss,External,28.0,0.096,,,0.63,1.02,3:10,Recoat,,0.7,135.8,,MFL-A/XT,,1160.0,65000.0,,1342.0,1469.78,2040.75,1541.28,2140.03,1542.02,2141.06,0.75,1.84,METAL_LOSS,False,True,3.1666666666666665,2624
12230.0,,0.344,-34.78,5.11,44008.99,metal loss,External,53.0,0.182,,,0.59,1.06,2:11,Recoat,,0.7,135.79,,MFL-A/XT,,1160.0,65000.0,,1342.0,1463.14,2031.53,1532.33,2127.6,1535.21,2131.6,0.76,1.83,METAL_LOSS,False,True,2.183333333333333,2625
12230.0,,0.344,-34.94,4.95,44009.15,metal loss,External,38.0,0.131,,,0.67,1.18,3:16,Recoat,,0.7,135.78,,MFL-A/XT,,1160.0,65000.0,,1342.0,1466.02,2035.54,1536.68,2133.63,1538.29,2135.88,0.75,1.84,METAL_LOSS,False,True,3.2666666666666666,2626
12230.0,,0.344,-34.97,4.92,44009.18,metal loss,External,13.0,0.045,,,0.67,0.98,2:38,Recoat,,0.7,135.77,,MFL-A/XT,,1160.0,65000.0,,1342.0,1473.24,2045.55,,,,,,,METAL_LOSS,False,True,2.6333333333333333,2627
12230.0,,0.344,-35.07,4.82,44009.28,cluster,External,22.0,0.076,,,2.32,1.59,2:32,Recoat,,0.7,135.77,,,,1160.0,65000.0,,1342.0,1429.6,1984.97,1494.4,2074.93,1506.0,2091.05,0.78,1.79,CLUSTER,False,True,2.533333333333333,2628
12230.0,,0.344,-35.51,4.38,44009.72,metal loss,External,24.0,0.083,,,0.75,1.1,3:25,Recoat,,0.7,135.74,,MFL-A/XT,,1160.0,65000.0,,1342.0,1468.76,2039.34,1540.21,2138.55,1540.89,2139.49,0.75,1.84,METAL_LOSS,False,True,3.4166666666666665,2629
12230.0,,0.344,-37.71,2.18,44011.93,metal loss,External,15.0,0.052,,,1.06,1.61,9:10,,,0.7,135.61,,MFL-A/XT,,1160.0,65000.0,,1342.0,1468.04,2038.34,,,,,,,METAL_LOSS,False,True,9.166666666666666,2631
12230.0,,0.344,-38.17,1.72,44012.39,metal loss,External,17.0,0.058,,,1.38,1.53,3:29,,,0.7,135.59,,MFL-A/XT,,1160.0,65000.0,,1342.0,1461.04,2028.61,,,,,,,METAL_LOSS,False,True,3.4833333333333334,2632
12230.0,,0.344,-39.29,0.6,44013.5,metal loss,External,12.0,0.041,,,1.1,1.89,3:22,,,0.7,135.52,,MFL-A/XT,,1160.0,65000.0,,1342.0,,,,,,,,,METAL_LOSS,False,True,3.3666666666666667,2633
12240.0,,0.344,-4.49,35.79,44018.59,cluster,External,43.0,0.148,,,2.18,2.98,2:15,,,0.7,135.27,,,,1160.0,65000.0,,1342.0,1381.39,1918.03,1432.18,1988.54,1489.58,2068.25,0.81,1.71,CLUSTER,False,True,2.25,2635
12240.0,,0.344,-5.54,34.74,44019.64,metal loss,External,29.0,0.1,,,0.79,1.26,2:29,,,0.7,135.23,,MFL-A/XT,,1160.0,65000.0,,1342.0,1465.99,2035.48,1536.95,2134.01,1538.17,2135.72,0.75,1.84,METAL_LOSS,False,True,2.4833333333333334,2636
12240.0,,0.344,-5.73,34.55,44019.83,metal loss,External,11.0,0.038,,,1.22,1.34,9:27,,,0.7,135.23,,MFL-A/XT,,1160.0,65000.0,,1342.0,,,,,,,,,METAL_LOSS,False,True,9.45,2637
12240.0,,0.344,-6.02,34.26,44020.12,metal loss,External,23.0,0.079,,,0.79,1.53,2:31,,,0.7,135.22,,MFL-A/XT,,1160.0,65000.0,,1342.0,1468.47,2038.93,1539.91,2138.12,1540.56,2139.02,0.75,1.84,METAL_LOSS,False,True,2.5166666666666666,2638
12240.0,,0.344,-6.81,33.47,44020.91,metal loss,External,13.0,0.045,,,0.71,1.18,2:36,,,0.7,135.2,,MFL-A/XT,,1160.0,65000.0,,1342.0,1472.92,2045.12,,,,,,,METAL_LOSS,False,True,2.6,2639
12240.0,,0.344,-6.93,33.35,44021.03,metal loss,External,13.0,0.045,,,0.94,1.61,9:34,,,0.7,135.2,,MFL-A/XT,,1160.0,65000.0,,1342.0,1470.49,2041.74,,,,,,,METAL_LOSS,False,True,9.566666666666666,2640
12240.0,,0.344,-7.24,33.04,44021.34,metal loss,External,24.0,0.083,,,0.43,0.98,2:34,,,0.7,135.2,,MFL-A/XT,,1160.0,65000.0,,1342.0,1473.7,2046.19,1545.74,2146.22,1545.96,2146.53,0.75,1.85,METAL_LOSS,False,True,2.5666666666666664,2641
12240.0,,0.344,-7.7,32.58,44021.8,metal loss,External,16.0,0.055,,,0.98,1.81,2:18,,,0.7,135.19,,MFL-A/XT,,1160.0,65000.0,,1342.0,1468.51,2038.99,,,,,,,METAL_LOSS,False,True,2.3,2642
12240.0,,0.344,-9.5,30.78,44023.6,metal loss,External,12.0,0.041,,,0.32,0.71,8:03,,,0.7,135.18,,MFL-A/XT,,1160.0,65000.0,,1342.0,,,,,,,,,METAL_LOSS,False,True,8.05,2643
12240.0,,0.344,-9.5,30.78,44023.61,metal loss,External,11.0,0.038,,,0.32,0.59,7:51,,,0.7,135.18,,MFL-A/XT,,1160.0,65000.0,,1342.0,,,,,,,,,METAL_LOSS,False,True,7.85,2644
12240.0,,0.344,-9.56,30.72,44023.67,metal loss,External,11.0,0.038,,,1.3,1.34,9:29,,,0.7,135.18,,MFL-A/XT,,1160.0,65000.0,,1342.0,,,,,,,,,METAL_LOSS,False,True,9.483333333333333,2645
12240.0,,0.344,-9.92,30.36,44024.02,metal loss,External,15.0,0.052,,,0.71,1.02,9:28,,,0.7,135.18,,MFL-A/XT,,1160.0,65000.0,,1342.0,1472.37,2044.34,,,,,,,METAL_LOSS,False,True,9.466666666666667,2646
12240.0,,0.344,-10.52,29.76,44024.62,metal loss,External,15.0,0.052,,,1.14,1.5,9:15,,,0.7,135.18,,MFL-A/XT,,1160.0,65000.0,,1342.0,1466.82,2036.64,,,,,,,METAL_LOSS,False,True,9.25,2647
12240.0,,0.344,-10.53,29.75,44024.63,metal loss,External,11.0,0.038,,,2.01,0.75,9:42,,,0.7,135.18,,MFL-A/XT,,1160.0,65000.0,,1342.0,,,,,,,,,METAL_LOSS,False,True,9.7,2648
12240.0,,0.344,-12.61,27.67,44026.71,metal loss,External,14.0,0.048,,,1.65,1.69,2:19,,,0.7,135.23,,MFL-A/XT,,1160.0,65000.0,,1342.0,1459.5,2026.48,,,,,,,METAL_LOSS,False,True,2.3166666666666664,2649
12240.0,,0.344,-12.67,27.61,44026.77,metal loss,External,17.0,0.058,,,0.67,1.02,1:45,,,0.7,135.23,,MFL-A/XT,,1160.0,65000.0,,1342.0,1472.21,2044.13,,,,,,,METAL_LOSS,False,True,1.75,2650
12240.0,,0.344,-13.18,27.1,44027.28,metal loss,External,19.0,0.065,,,1.53,1.46,2:22,,,0.7,135.25,,MFL-A/XT,,1160.0,65000.0,,1342.0,1455.55,2020.99,,,,,,,METAL_LOSS,False,True,2.3666666666666667,2651
12240.0,,0.344,-14.0,26.28,44028.1,metal loss,External,10.0,0.034,,,1.02,1.14,2:25,,,0.7,135.28,,MFL-A/XT,,1160.0,65000.0,,1342.0,,,,,,,,,METAL_LOSS,False,True,2.4166666666666665,2652
12240.0,,0.344,-15.79,24.49,44029.89,metal loss,External,10.0,0.034,,,2.13,1.06,9:25,,,0.7,135.37,,MFL-A/XT,,1160.0,65000.0,,1342.0,,,,,,,,,METAL_LOSS,False,True,9.416666666666666,2653
12240.0,,0.344,-17.51,22.77,44031.61,metal loss,External,10.0,0.034,,,1.02,1.46,2:17,,,0.7,135.48,,MFL-A/XT,,1160.0,65000.0,,1342.0,,,,,,,,,METAL_LOSS,False,True,2.283333333333333,2654
12240.0,,0.344,-18.42,21.86,44032.53,metal loss,External,15.0,0.052,,,1.46,1.38,2:21,,,0.7,135.54,,MFL-A/XT,,1160.0,65000.0,,1342.0,1461.58,2029.36,,,,,,,METAL_LOSS,False,True,2.35,2655
12240.0,,0.344,-19.07,21.21,44033.17,metal loss,External,15.0,0.052,,,1.77,1.73,9:21,,,0.7,135.6,,MFL-A/XT,,1160.0,65000.0,,1342.0,1456.22,2021.93,,,,,,,METAL_LOSS,False,True,9.35,2656
12240.0,,0.344,-19.29,20.99,44033.39,metal loss,External,10.0,0.034,,,0.98,1.3,2:17,,,0.7,135.62,,MFL-A/XT,,1160.0,65000.0,,1342.0,,,,,,,,,METAL_LOSS,False,True,2.283333333333333,2657
12240.0,,0.344,-19.71,20.57,44033.82,metal loss,External,11.0,0.038,,,0.51,0.67,2:21,,,0.7,135.65,,MFL-A/XT,,1160.0,65000.0,,1342.0,,,,,,,,,METAL_LOSS,False,True,2.35,2658
12240.0,,0.344,-19.87,20.41,44033.97,metal loss,External,12.0,0.041,,,0.47,0.67,2:20,,,0.7,135.67,,MFL-A/XT,,1160.0,65000.0,,1342.0,,,,,,,,,METAL_LOSS,False,True,2.3333333333333335,2659
12240.0,,0.344,-21.59,18.69,44035.69,metal loss,External,14.0,0.048,,,1.02,1.34,2:11,,,0.7,135.83,,MFL-A/XT,,1160.0,65000.0,,1342.0,1469.11,2039.82,,,,,,,METAL_LOSS,False,True,2.183333333333333,2660
12240.0,,0.344,-23.05,17.23,44037.15,metal loss,External,11.0,0.038,,,0.63,0.91,3:33,,,0.7,135.98,,MFL-A/XT,,1160.0,65000.0,,1342.0,,,,,,,,,METAL_LOSS,False,True,3.55,2661
12240.0,,0.344,-24.09,16.19,44038.19,metal loss,External,13.0,0.045,,,1.02,1.69,3:50,,,0.7,136.09,,MFL-A/XT,,1160.0,65000.0,,1342.0,1469.66,2040.59,,,,,,,METAL_LOSS,False,True,3.8333333333333335,2662
12240.0,,0.344,-26.96,13.32,44041.06,metal loss,External,17.0,0.058,,,0.43,1.58,10:07,,,0.7,136.39,,MFL-A/XT,,1160.0,65000.0,,1342.0,1474.52,2047.33,,,,,,,METAL_LOSS,False,True,10.116666666666667,2663
12240.0,,0.344,-32.58,7.7,44046.68,cluster,External,23.0,0.079,,,2.62,1.11,4:57,,,0.7,137.15,,,,1160.0,65000.0,,1342.0,1419.02,1970.27,1481.39,2056.88,1493.95,2074.32,0.78,1.77,CLUSTER,False,True,4.95,2664
12240.0,,0.344,-33.47,6.81,44047.57,metal loss,External,16.0,0.055,,,0.75,1.18,7:32,,,0.7,137.28,,MFL-A/XT,,1160.0,65000.0,,1342.0,1471.53,2043.18,,,,,,,METAL_LOSS,False,True,7.533333333333333,2665
12240.0,,0.344,-34.0,6.28,44048.1,metal loss,External,24.0,0.083,,,0.32,1.18,7:51,,,0.7,137.36,,MFL-A/XT,,1160.0,65000.0,,1342.0,1474.88,2047.84,1547.06,2148.05,1547.18,2148.22,0.75,1.85,METAL_LOSS,False,True,7.85,2666
12240.0,,0.344,-34.48,5.8,44048.58,metal loss,External,15.0,0.052,,,0.71,1.14,7:51,,,0.7,137.43,,MFL-A/XT,,1160.0,65000.0,,1342.0,1472.37,2044.34,,,,,,,METAL_LOSS,False,True,7.85,2667
12240.0,,0.344,-35.02,5.25,44049.13,metal loss,External,10.0,0.034,,,0.87,1.18,7:51,,,0.7,137.51,,MFL-A/XT,,1160.0,65000.0,,1342.0,,,,,,,,,METAL_LOSS,False,True,7.85,2668
12240.0,,0.344,-35.28,5.0,44049.38,metal loss,External,11.0,0.038,,,0.67,1.18,7:21,,,0.7,137.54,,MFL-A/XT,,1160.0,65000.0,,1342.0,,,,,,,,,METAL_LOSS,False,True,7.35,2669
12240.0,,0.344,-37.19,3.09,44051.3,metal loss,External,17.0,0.058,,,0.63,1.14,5:15,,,0.7,137.82,,MFL-A/XT,,1160.0,65000.0,,1342.0,1472.75,2044.87,,,,,,,METAL_LOSS,False,True,5.25,2670
12240.0,,0.344,-39.23,1.05,44053.34,metal loss,External,10.0,0.034,,,1.73,0.59,11:21,,,0.7,138.12,,MFL-A/XT,,1160.0,65000.0,,1342.0,,,,,,,,,METAL_LOSS,False,True,11.35,2671
12240.0,,0.344,-39.25,1.03,44053.35,cluster,External,28.0,0.096,,,1.46,4.09,10:17,,,0.7,138.12,,,,1160.0,65000.0,,1342.0,1446.57,2008.52,1514.48,2102.82,1518.66,2108.62,0.77,1.81,CLUSTER,False,True,10.283333333333333,2672
12240.0,,0.344,-39.26,1.02,44053.36,cluster,External,28.0,0.096,,,1.54,4.17,8:57,,,0.7,138.12,,,,1160.0,65000.0,,1342.0,1443.81,2004.69,1511.23,2098.3,1514.32,2102.59,0.77,1.81,CLUSTER,False,True,8.95,2673
12240.0,,0.344,-39.28,1.0,44053.38,metal loss,External,11.0,0.038,,,0.83,2.01,9:48,,,0.7,138.13,,MFL-A/XT,,1160.0,65000.0,,1342.0,,,,,,,,,METAL_LOSS,False,True,9.8,2674
12240.0,,0.344,-39.28,1.0,44053.38,metal loss,External,10.0,0.034,,,1.14,0.71,5:07,,,0.7,138.13,,MFL-A/XT,,1160.0,65000.0,,1342.0,,,,,,,,,METAL_LOSS,False,True,5.116666666666666,2675
12240.0,,0.344,-39.29,0.99,44053.4,metal loss,External,14.0,0.048,,,0.75,1.65,5:29,,,0.7,138.13,,MFL-A/XT,,1160.0,65000.0,,1342.0,1472.17,2044.07,,,,,,,METAL_LOSS,False,True,5.483333333333333,2676
12240.0,,0.344,-39.32,0.96,44053.43,metal loss,External,11.0,0.038,,,0.63,0.94,3:14,,,0.7,138.13,,MFL-A/XT,,1160.0,65000.0,,1342.0,,,,,,,,,METAL_LOSS,False,True,3.2333333333333334,2677
12250.0,,0.344,-0.78,39.3,44055.16,metal loss,External,13.0,0.045,,,1.46,0.59,7:38,,,0.7,138.38,,MFL-A/XT,,1160.0,65000.0,,1342.0,1463.69,2032.3,,,,,,,METAL_LOSS,False,True,7.633333333333333,2679
12250.0,,0.344,-0.78,39.29,44055.17,metal loss,External,19.0,0.065,,,0.79,2.21,10:37,,,0.7,138.38,,MFL-A/XT,,1160.0,65000.0,,1342.0,1470.18,2041.31,,,,,,,METAL_LOSS,False,True,10.616666666666667,2680
12250.0,,0.344,-0.79,39.28,44055.17,metal loss,External,26.0,0.089,,,1.53,1.22,11:38,,,0.7,138.38,,MFL-A/XT,,1160.0,65000.0,,1342.0,1446.53,2008.47,1514.55,2102.91,1517.65,2107.22,0.77,1.81,METAL_LOSS,False,True,11.633333333333333,2681
12250.0,,0.344,-0.8,39.28,44055.18,metal loss,External,11.0,0.038,,,1.06,2.05,8:07,,,0.7,138.39,,MFL-A/XT,,1160.0,65000.0,,1342.0,,,,,,,,,METAL_LOSS,False,True,8.116666666666667,2682
12250.0,,0.344,-0.81,39.26,44055.2,metal loss,External,14.0,0.048,,,0.63,1.69,7:10,,,0.7,138.39,,MFL-A/XT,,1160.0,65000.0,,1342.0,1473.31,2045.66,,,,,,,METAL_LOSS,False,True,7.166666666666667,2683
12280.0,,0.344,-5.43,34.53,44171.07,metal loss,External,11.0,0.038,,,1.61,4.33,6:52,,,0.7,147.52,,MFL-A/XT,,1160.0,65000.0,,1342.0,,,,,,,,,METAL_LOSS,False,True,6.866666666666667,2690
12280.0,,0.344,-5.55,34.41,44171.18,cluster,External,24.0,0.083,,,2.84,4.11,5:53,,,0.7,147.53,,,,1160.0,65000.0,,1342.0,1409.06,1956.44,1468.97,2039.63,1489.56,2068.21,0.79,1.76,CLUSTER,False,True,5.883333333333333,2691
12280.0,,0.344,-7.54,32.42,44173.18,metal loss,External,13.0,0.045,,,0.79,1.38,5:24,,,0.7,147.59,,MFL-A/XT,,1160.0,65000.0,,1342.0,1472.26,2044.19,,,,,,,METAL_LOSS,False,True,5.4,2693
12280.0,,0.344,-39.11,0.85,44204.75,metal loss,External,28.0,0.096,,,0.67,2.72,4:59,,,0.7,148.27,,MFL-A/XT,,1160.0,65000.0,,1342.0,1469.06,2039.75,1540.47,2138.9,1541.29,2140.04,0.75,1.84,METAL_LOSS,False,True,4.983333333333333,2695
12410.0,,0.344,-38.57,1.51,44708.24,metal loss,External,49.0,0.169,,,1.02,1.39,6:22,,,0.7,140.02,,MFL-A/XT,,1160.0,65000.0,,1342.0,1443.37,2004.08,1508.34,2094.29,1514.94,2103.46,0.77,1.81,METAL_LOSS,False,True,6.366666666666666,2710
12410.0,,0.344,-38.9,1.18,44708.56,metal loss,External,31.0,0.107,,,0.75,1.3,5:53,,,0.7,140.01,,MFL-A/XT,,1160.0,65000.0,,1342.0,1466.35,2035.99,1537.3,2134.51,1538.58,2136.28,0.75,1.84,METAL_LOSS,False,True,5.883333333333333,2711
12410.0,,0.344,-38.98,1.1,44708.64,metal loss,External,11.0,0.038,,,0.51,0.59,5:23,,,0.7,140.0,,MFL-A/XT,,1160.0,65000.0,,1342.0,,,,,,,,,METAL_LOSS,False,True,5.383333333333334,2712
12410.0,,0.344,-39.33,0.75,44708.99,metal loss,External,28.0,0.096,,,0.63,1.06,4:48,,,0.7,139.99,,MFL-A/XT,,1160.0,65000.0,,1342.0,1470.01,2041.07,1541.55,2140.4,1542.26,2141.39,0.75,1.85,METAL_LOSS,False,True,4.8,2713
12410.0,,0.344,-39.7,0.38,44709.36,metal loss,External,13.0,0.045,,,1.02,1.14,5:21,,,0.7,139.97,,MFL-A/XT,,1160.0,65000.0,,1342.0,1469.52,2040.39,,,,,,,METAL_LOSS,False,True,5.35,2714
12410.0,,0.344,-39.73,0.35,44709.39,metal loss,External,23.0,0.079,,,0.71,1.26,4:50,,,0.7,139.97,,MFL-A/XT,,1160.0,65000.0,,1342.0,1469.96,2041.0,1541.58,2140.44,1542.1,2141.17,0.75,1.85,METAL_LOSS,False,True,4.833333333333333,2715
12420.0,,0.344,-0.02,38.99,44709.76,metal loss,External,10.0,0.034,,,0.32,0.67,4:49,affecting girth weld,,0.7,139.95,,MFL-A/XT,,1160.0,65000.0,,1342.0,,,,,,,,,METAL_LOSS,False,True,4.816666666666666,2717
12420.0,,0.344,-0.26,38.76,44710.0,metal loss,External,29.0,0.1,,,0.63,1.02,6:24,,,0.7,139.94,,MFL-A/XT,,1160.0,65000.0,,1342.0,1469.49,2040.36,1540.94,2139.56,1541.75,2140.68,0.75,1.84,METAL_LOSS,False,True,6.4,2718
12420.0,,0.344,-0.91,38.1,44710.66,metal loss,External,26.0,0.089,,,0.63,1.06,4:58,,,0.7,139.91,,MFL-A/XT,,1160.0,65000.0,,1342.0,1470.54,2041.81,1542.18,2141.28,1542.77,2142.1,0.75,1.85,METAL_LOSS,False,True,4.966666666666667,2719
12420.0,,0.344,-1.19,37.83,44710.93,metal loss,External,16.0,0.055,,,0.55,0.79,6:35,,,0.7,139.89,,MFL-A/XT,,1160.0,65000.0,,1342.0,1473.66,2046.14,,,,,,,METAL_LOSS,False,True,6.583333333333333,2720
12420.0,,0.344,-1.19,37.82,44710.94,metal loss,External,14.0,0.048,,,0.55,0.91,4:53,,,0.7,139.89,,MFL-A/XT,,1160.0,65000.0,,1342.0,1474.01,2046.62,,,,,,,METAL_LOSS,False,True,4.883333333333333,2721
12420.0,,0.344,-1.54,37.47,44711.28,metal loss,External,17.0,0.058,,,0.75,1.3,4:51,,,0.7,139.88,,MFL-A/XT,,1160.0,65000.0,,1342.0,1471.2,2042.72,,,,,,,METAL_LOSS,False,True,4.85,2722
12420.0,,0.344,-2.42,36.59,44712.17,metal loss,External,13.0,0.045,,,0.55,1.06,4:49,,,0.7,139.83,,MFL-A/XT,,1160.0,65000.0,,1342.0,1474.18,2046.86,,,,,,,METAL_LOSS,False,True,4.816666666666666,2723
12420.0,,0.344,-2.58,36.43,44712.32,metal loss,External,11.0,0.038,,,0.43,0.94,5:25,,,0.7,139.83,,MFL-A/XT,,1160.0,65000.0,,1342.0,,,,,,,,,METAL_LOSS,False,True,5.416666666666667,2724
12420.0,,0.344,-2.69,36.32,44712.44,metal loss,External,12.0,0.041,,,0.47,0.79,6:35,,,0.7,139.82,,MFL-A/XT,,1160.0,65000.0,,1342.0,,,,,,,,,METAL_LOSS,False,True,6.583333333333333,2725
12420.0,,0.344,-2.99,36.03,44712.73,metal loss,External,10.0,0.034,,,1.61,0.67,5:26,,,0.7,139.81,,MFL-A/XT,,1160.0,65000.0,,1342.0,,,,,,,,,METAL_LOSS,False,True,5.433333333333334,2726
12420.0,,0.344,-3.04,35.97,44712.78,metal loss,External,35.0,0.12,,,0.63,1.1,4:49,,,0.7,139.8,,MFL-A/XT,,1160.0,65000.0,,1342.0,1467.7,2037.86,1538.73,2136.48,1539.97,2138.22,0.75,1.84,METAL_LOSS,False,True,4.816666666666666,2727
12420.0,,0.344,-3.56,35.45,44713.31,metal loss,External,15.0,0.052,,,0.67,1.26,4:41,,,0.7,139.78,,MFL-A/XT,,1160.0,65000.0,,1342.0,1472.73,2044.85,,,,,,,METAL_LOSS,False,True,4.683333333333334,2728
12420.0,,0.344,-8.28,30.73,44718.03,metal loss,External,13.0,0.045,,,0.55,1.06,7:09,,,0.7,139.48,,MFL-A/XT,,1160.0,65000.0,,1342.0,1474.18,2046.86,,,,,,,METAL_LOSS,False,True,7.15,2729
12420.0,,0.344,-8.38,30.63,44718.12,metal loss,External,19.0,0.065,,,0.87,1.22,7:08,,,0.7,139.48,,MFL-A/XT,,1160.0,65000.0,,1342.0,1468.7,2039.25,,,,,,,METAL_LOSS,False,True,7.133333333333334,2730
12420.0,,0.344,-8.59,30.42,44718.33,metal loss,External,16.0,0.055,,,0.91,1.42,6:59,,,0.7,139.46,,MFL-A/XT,,1160.0,65000.0,,1342.0,1469.69,2040.63,,,,,,,METAL_LOSS,False,True,6.983333333333333,2731
12420.0,,0.344,-9.08,29.93,44718.82,metal loss,External,23.0,0.079,,,1.42,1.69,6:43,,,0.7,139.42,,MFL-A/XT,,1160.0,65000.0,,1342.0,1453.83,2018.61,1523.2,2114.93,1525.1,2117.56,0.76,1.82,METAL_LOSS,False,True,6.716666666666667,2732
12420.0,,0.344,-9.09,29.93,44718.83,metal loss,External,12.0,0.041,,,1.18,1.5,4:42,,,0.7,139.42,,MFL-A/XT,,1160.0,65000.0,,1342.0,,,,,,,,,METAL_LOSS,False,True,4.7,2733
12420.0,,0.344,-9.3,29.71,44719.04,metal loss,External,30.0,0.103,,,0.98,1.38,4:50,,,0.7,139.41,,MFL-A/XT,,1160.0,65000.0,,1342.0,1460.19,2027.44,1530.26,2124.72,1532.26,2127.5,0.76,1.83,METAL_LOSS,False,True,4.833333333333333,2734
12420.0,,0.344,-9.44,29.57,44719.18,metal loss,External,35.0,0.12,,,0.83,1.22,6:39,,,0.7,139.4,,MFL-A/XT,,1160.0,65000.0,,1342.0,1462.12,2030.11,1532.25,2127.49,1534.32,2130.36,0.76,1.83,METAL_LOSS,False,True,6.65,2735
12420.0,,0.344,-9.53,29.48,44719.27,metal loss,External,33.0,0.114,,,0.83,1.53,5:02,,,0.7,139.39,,MFL-A/XT,,1160.0,65000.0,,1342.0,1463.14,2031.53,1533.53,2129.27,1535.34,2131.78,0.76,1.84,METAL_LOSS,False,True,5.033333333333333,2736
12420.0,,0.344,-10.08,28.93,44719.83,metal loss,External,34.0,0.117,,,1.1,1.58,5:00,,,0.7,139.35,,MFL-A/XT,,1160.0,65000.0,,1342.0,1453.08,2017.56,1521.73,2112.89,1525.03,2117.47,0.76,1.82,METAL_LOSS,False,True,5.0,2738
12420.0,,0.344,-10.24,28.78,44719.98,metal loss,External,12.0,0.041,,,0.35,0.75,5:08,,,0.7,139.34,,MFL-A/XT,,1160.0,65000.0,,1342.0,,,,,,,,,METAL_LOSS,False,True,5.133333333333334,2739
12420.0,,0.344,-10.38,28.63,44720.12,metal loss,External,28.0,0.096,,,0.63,1.02,5:01,,,0.7,139.33,,MFL-A/XT,,1160.0,65000.0,,1342.0,1470.01,2041.07,1541.55,2140.4,1542.26,2141.39,0.75,1.85,METAL_LOSS,False,True,5.016666666666667,2740
12420.0,,0.344,-10.71,28.3,44720.45,metal loss,External,16.0,0.055,,,0.51,0.94,5:02,,,0.7,139.31,,MFL-A/XT,,1160.0,65000.0,,1342.0,1473.97,2046.57,,,,,,,METAL_LOSS,False,True,5.033333333333333,2742
12420.0,,0.344,-10.83,28.18,44720.57,metal loss,External,11.0,0.038,,,0.75,1.38,5:04,,,0.7,139.3,,MFL-A/XT,,1160.0,65000.0,,1342.0,,,,,,,,,METAL_LOSS,False,True,5.066666666666666,2743
12420.0,,0.344,-11.12,27.9,44720.86,metal loss,External,19.0,0.065,,,0.87,1.5,5:02,,,0.7,139.28,,MFL-A/XT,,1160.0,65000.0,,1342.0,1468.89,2039.52,,,,,,,METAL_LOSS,False,True,5.033333333333333,2744
12420.0,,0.344,-11.46,27.55,44721.2,metal loss,External,13.0,0.045,,,0.79,1.26,5:00,,,0.7,139.25,,MFL-A/XT,,1160.0,65000.0,,1342.0,1472.26,2044.19,,,,,,,METAL_LOSS,False,True,5.0,2745
12420.0,,0.344,-11.67,27.34,44721.42,metal loss,External,17.0,0.058,,,0.47,1.06,4:36,,,0.7,139.24,,MFL-A/XT,,1160.0,65000.0,,1342.0,1474.23,2046.93,,,,,,,METAL_LOSS,False,True,4.6,2746
12420.0,,0.344,-35.91,3.1,44745.65,metal loss,External,18.0,0.062,,,0.63,1.34,8:07,,,0.7,137.97,,MFL-A/XT,,1160.0,65000.0,,1342.0,1472.52,2044.55,,,,,,,METAL_LOSS,False,True,8.116666666666667,2749
12420.0,,0.344,-36.1,2.91,44745.84,metal loss,External,28.0,0.096,,,0.87,1.34,3:41,,,0.7,137.96,,MFL-A/XT,,1160.0,65000.0,,1342.0,1464.66,2033.65,1535.47,2131.96,1536.8,2133.8,0.76,1.84,METAL_LOSS,False,True,3.6833333333333336,2750
12420.0,,0.344,-37.77,1.24,44747.51,metal loss,External,10.0,0.034,,,0.55,0.87,3:05,,,0.7,137.94,,MFL-A/XT,,1160.0,65000.0,,1342.0,,,,,,,,,METAL_LOSS,False,True,3.0833333333333335,2751
12420.0,,0.344,-37.78,1.23,44747.53,metal loss,External,10.0,0.034,,,1.22,1.73,4:14,,,0.7,137.94,,MFL-A/XT,,1160.0,65000.0,,1342.0,,,,,,,,,METAL_LOSS,False,True,4.233333333333333,2752
12420.0,,0.344,-37.85,1.16,44747.59,metal loss,External,14.0,0.048,,,1.38,1.06,7:34,,,0.7,137.94,,MFL-A/XT,,1160.0,65000.0,,1342.0,1463.96,2032.68,,,,,,,METAL_LOSS,False,True,7.566666666666666,2753
12420.0,,0.344,-38.0,1.01,44747.74,metal loss,External,27.0,0.093,,,1.65,1.06,11:02,,,0.7,137.94,,MFL-A/XT,,1160.0,65000.0,,1342.0,1441.04,2000.85,1508.01,2093.83,1511.89,2099.22,0.77,1.81,METAL_LOSS,False,True,11.033333333333333,2754
12420.0,,0.344,-38.03,0.98,44747.78,metal loss,External,11.0,0.038,,,1.73,0.59,1:23,,,0.7,137.94,,MFL-A/XT,,1160.0,65000.0,,1342.0,,,,,,,,,METAL_LOSS,False,True,1.3833333333333333,2755
12420.0,,0.344,-38.05,0.96,44747.8,cluster,External,32.0,0.11,,,1.33,8.15,11:37,,,0.7,137.94,,,,1160.0,65000.0,,1342.0,1446.03,2007.78,1513.58,2101.57,1516.69,2105.89,0.77,1.81,CLUSTER,False,True,11.616666666666667,2756
12420.0,,0.344,-38.05,0.96,44747.8,metal loss,External,29.0,0.1,,,1.18,1.26,3:50,,,0.7,137.94,,MFL-A/XT,,1160.0,65000.0,,1342.0,1454.56,2019.62,1523.78,2115.72,1526.38,2119.34,0.76,1.82,METAL_LOSS,False,True,3.8333333333333335,2757
12420.0,,0.344,-38.08,0.93,44747.82,metal loss,External,31.0,0.107,,,0.91,5.28,2:32,,,0.7,137.94,,MFL-A/XT,,1160.0,65000.0,,1342.0,1462.08,2030.06,1532.39,2127.68,1534.22,2130.23,0.76,1.83,METAL_LOSS,False,True,2.533333333333333,2758
12420.0,,0.344,-38.81,0.2,44748.55,metal loss,External,10.0,0.034,,,0.59,0.87,9:39,near girth weld,,0.7,137.93,,MFL-A/XT,,1160.0,65000.0,,1342.0,,,,,,,,,METAL_LOSS,False,True,9.65,2759
12430.0,,0.344,-0.02,40.04,44748.78,metal loss,External,11.0,0.038,,,0.47,1.34,9:43,affecting girth weld,,0.7,137.92,,MFL-A/XT,,1160.0,65000.0,,1342.0,,,,,,,,,METAL_LOSS,False,True,9.716666666666667,2761
12430.0,,0.344,-0.21,39.86,44748.96,metal loss,External,14.0,0.048,,,1.53,1.46,9:37,near girth weld,,0.7,137.92,,MFL-A/XT,,1160.0,65000.0,,1342.0,1461.48,2029.23,,,,,,,METAL_LOSS,False,True,9.616666666666667,2762
12430.0,,0.344,-0.28,39.78,44749.04,metal loss,External,14.0,0.048,,,1.22,1.97,10:07,,,0.7,137.92,,MFL-A/XT,,1160.0,65000.0,,1342.0,1466.31,2035.93,,,,,,,METAL_LOSS,False,True,10.116666666666667,2763
12430.0,,0.344,-0.87,39.19,44749.62,metal loss,External,12.0,0.041,,,0.71,1.02,8:37,,,0.7,137.92,,MFL-A/XT,,1160.0,65000.0,,1342.0,,,,,,,,,METAL_LOSS,False,True,8.616666666666667,2764
12430.0,,0.344,-0.97,39.09,44749.72,metal loss,External,10.0,0.034,,,0.35,0.59,8:45,,,0.7,137.91,,MFL-A/XT,,1160.0,65000.0,,1342.0,,,,,,,,,METAL_LOSS,False,True,8.75,2765
12430.0,,0.344,-1.42,38.64,44750.18,metal loss,External,18.0,0.062,,,0.83,2.09,8:28,,,0.7,137.91,,MFL-A/XT,,1160.0,65000.0,,1342.0,1469.86,2040.86,,,,,,,METAL_LOSS,False,True,8.466666666666667,2766
12430.0,,0.344,-1.56,38.51,44750.31,metal loss,External,14.0,0.048,,,0.63,0.94,9:13,,,0.7,137.91,,MFL-A/XT,,1160.0,65000.0,,1342.0,1473.42,2045.8,,,,,,,METAL_LOSS,False,True,9.216666666666667,2767
12430.0,,0.344,-1.69,38.37,44750.45,metal loss,External,10.0,0.034,,,0.55,1.1,8:35,,,0.7,137.91,,MFL-A/XT,,1160.0,65000.0,,1342.0,,,,,,,,,METAL_LOSS,False,True,8.583333333333334,2768
12430.0,,0.344,-1.88,38.19,44750.63,metal loss,External,10.0,0.034,,,0.47,0.79,8:53,,,0.7,137.9,,MFL-A/XT,,1160.0,65000.0,,1342.0,,,,,,,,,METAL_LOSS,False,True,8.883333333333333,2769
12430.0,,0.344,-4.56,35.5,44753.31,metal loss,External,16.0,0.055,,,0.94,1.42,7:46,,,0.7,137.88,,MFL-A/XT,,1160.0,65000.0,,1342.0,1469.03,2039.71,,,,,,,METAL_LOSS,False,True,7.766666666666667,2770
12430.0,,0.344,-5.02,35.05,44753.77,metal loss,External,11.0,0.038,,,1.58,1.53,7:37,,,0.7,137.87,,MFL-A/XT,,1160.0,65000.0,,1342.0,,,,,,,,,METAL_LOSS,False,True,7.616666666666667,2771
12430.0,,0.344,-16.93,23.14,44765.68,metal loss,External,14.0,0.048,,,0.79,1.22,7:52,,,0.7,138.01,,MFL-A/XT,,1160.0,65000.0,,1342.0,1471.8,2043.55,,,,,,,METAL_LOSS,False,True,7.866666666666667,2772
12430.0,,0.344,-17.48,22.58,44766.23,metal loss,External,15.0,0.052,,,0.75,1.34,7:58,,,0.7,138.04,,MFL-A/XT,,1160.0,65000.0,,1342.0,1471.85,2043.63,,,,,,,METAL_LOSS,False,True,7.966666666666667,2773
12430.0,,0.344,-17.94,22.12,44766.7,metal loss,External,12.0,0.041,,,0.59,0.98,7:58,,,0.7,138.07,,MFL-A/XT,,1160.0,65000.0,,1342.0,,,,,,,,,METAL_LOSS,False,True,7.966666666666667,2774
12430.0,,0.344,-18.06,22.0,44766.82,metal loss,External,15.0,0.052,,,0.79,1.26,7:57,,,0.7,138.08,,MFL-A/XT,,1160.0,65000.0,,1342.0,1471.58,2043.26,,,,,,,METAL_LOSS,False,True,7.95,2775
12430.0,,0.344,-18.27,21.79,44767.03,metal loss,External,10.0,0.034,,,1.22,1.58,7:08,,,0.7,138.09,,MFL-A/XT,,1160.0,65000.0,,1342.0,,,,,,,,,METAL_LOSS,False,True,7.133333333333334,2776
12430.0,,0.344,-18.59,21.48,44767.34,metal loss,External,14.0,0.048,,,0.67,1.34,7:14,,,0.7,138.11,,MFL-A/XT,,1160.0,65000.0,,1342.0,1472.99,2045.21,,,,,,,METAL_LOSS,False,True,7.233333333333333,2777
12430.0,,0.344,-19.29,20.77,44768.04,metal loss,External,35.0,0.12,,,1.14,1.53,7:41,,,0.7,138.16,,MFL-A/XT,,1160.0,65000.0,,1342.0,1450.78,2014.37,1518.94,2109.02,1522.67,2114.19,0.76,1.82,METAL_LOSS,False,True,7.683333333333334,2778
12430.0,,0.344,-19.71,20.35,44768.47,metal loss,External,27.0,0.093,,,1.14,1.53,7:41,,,0.7,138.19,,MFL-A/XT,,1160.0,65000.0,,1342.0,1457.77,2024.08,1527.6,2121.03,1529.62,2123.85,0.76,1.83,METAL_LOSS,False,True,7.683333333333334,2779
12430.0,,0.344,-20.04,20.03,44768.79,metal loss,External,18.0,0.062,,,0.79,1.22,4:16,,,0.7,138.22,,MFL-A/XT,,1160.0,65000.0,,1342.0,1470.54,2041.81,,,,,,,METAL_LOSS,False,True,4.266666666666667,2780
12430.0,,0.344,-20.66,19.4,44769.42,metal loss,External,11.0,0.038,,,0.67,1.18,4:33,,,0.7,138.27,,MFL-A/XT,,1160.0,65000.0,,1342.0,,,,,,,,,METAL_LOSS,False,True,4.55,2781
12430.0,,0.344,-21.16,18.9,44769.92,metal loss,External,47.0,0.162,,,1.77,1.42,7:50,,,0.7,138.32,,MFL-A/XT,,1160.0,65000.0,,1342.0,1396.64,1939.2,1450.39,2013.82,1465.47,2034.77,0.8,1.74,METAL_LOSS,False,True,7.833333333333333,2782
12430.0,,0.344,-22.2,17.87,44770.95,metal loss,External,15.0,0.052,,,0.79,1.3,4:43,,,0.7,138.42,,MFL-A/XT,,1160.0,65000.0,,1342.0,1471.45,2043.07,,,,,,,METAL_LOSS,False,True,4.716666666666667,2783
12430.0,,0.344,-22.23,17.83,44770.99,metal loss,External,35.0,0.12,,,1.22,1.42,7:48,,,0.7,138.42,,MFL-A/XT,,1160.0,65000.0,,1342.0,1447.33,2009.59,1514.87,2103.36,1519.1,2109.24,0.77,1.81,METAL_LOSS,False,True,7.8,2784
12430.0,,0.344,-22.87,17.2,44771.62,metal loss,External,15.0,0.052,,,0.83,1.26,7:51,,,0.7,138.49,,MFL-A/XT,,1160.0,65000.0,,1342.0,1471.03,2042.48,,,,,,,METAL_LOSS,False,True,7.85,2785
12430.0,,0.344,-25.74,14.32,44774.5,metal loss,External,14.0,0.048,,,0.35,0.71,3:53,,,0.7,138.81,,MFL-A/XT,,1160.0,65000.0,,1342.0,1475.26,2048.36,,,,,,,METAL_LOSS,False,True,3.8833333333333333,2786
12430.0,,0.344,-35.27,4.79,44784.03,metal loss,External,14.0,0.048,,,0.59,1.18,1:09,,,0.7,139.92,,MFL-A/XT,,1160.0,65000.0,,1342.0,1473.72,2046.22,,,,,,,METAL_LOSS,False,True,1.15,2787
12430.0,,0.344,-35.62,4.44,44784.38,cluster,External,21.0,0.072,,,1.73,2.49,12:30,,,0.7,139.96,,,,1160.0,65000.0,,1342.0,1447.96,2010.45,1516.4,2105.49,1523.74,2115.68,0.76,1.82,CLUSTER,False,True,12.5,2788
12430.0,,0.344,-35.93,4.14,44784.68,metal loss,External,10.0,0.034,,,0.67,1.06,12:38,,,0.7,140.0,,MFL-A/XT,,1160.0,65000.0,,1342.0,,,,,,,,,METAL_LOSS,False,True,12.633333333333333,2789
12430.0,,0.344,-39.54,0.52,44788.3,metal loss,External,14.0,0.048,,,0.51,0.94,2:01,,,0.7,140.45,,MFL-A/XT,,1160.0,65000.0,,1342.0,1474.37,2047.12,,,,,,,METAL_LOSS,False,True,2.0166666666666666,2790
12430.0,,0.344,-39.69,0.38,44788.44,metal loss,External,18.0,0.062,,,0.94,1.18,11:07,,,0.7,140.46,,MFL-A/XT,,1160.0,65000.0,,1342.0,1468.01,2038.3,,,,,,,METAL_LOSS,False,True,11.116666666666667,2791
12430.0,,0.344,-39.91,0.15,44788.67,metal loss,External,12.0,0.041,,,0.63,1.97,1:48,near girth weld,,0.7,140.49,,MFL-A/XT,,1160.0,65000.0,,1342.0,,,,,,,,,METAL_LOSS,False,True,1.8,2792
12480.0,,0.344,-39.08,0.87,44987.97,metal loss,External,13.0,0.045,,,0.51,3.27,2:11,,,0.7,151.42,,MFL-A/XT,,1160.0,65000.0,,1342.0,1474.43,2047.21,,,,,,,METAL_LOSS,False,True,2.183333333333333,2815
12490.0,,0.344,-0.75,39.33,44989.6,metal loss,External,43.0,0.148,,,0.79,8.15,9:23,,,0.7,151.51,,MFL-A/XT,,1160.0,65000.0,,1342.0,1459.64,2026.67,1528.84,2122.76,1531.79,2126.85,0.76,1.83,METAL_LOSS,False,True,9.383333333333333,2817
12490.0,,0.344,-0.76,39.33,44989.6,metal loss,External,15.0,0.052,,,0.55,1.02,7:56,,,0.7,151.51,,MFL-A/XT,,1160.0,65000.0,,1342.0,1473.83,2046.38,,,,,,,METAL_LOSS,False,True,7.933333333333334,2818
12490.0,,0.344,-22.08,18.01,45010.92,metal loss,External,19.0,0.065,,,1.22,1.97,8:16,,,0.7,152.72,,MFL-A/XT,,1160.0,65000.0,,1342.0,1462.3,2030.37,,,,,,,METAL_LOSS,False,True,8.266666666666667,2820
12500.0,,0.344,-5.28,34.88,45034.21,metal loss,External,16.0,0.055,,,0.75,1.18,9:00,,,0.7,154.13,,MFL-A/XT,,1160.0,65000.0,,1342.0,1471.53,2043.18,,,,,,,METAL_LOSS,False,True,9.0,2822
12500.0,,0.344,-10.85,29.31,45039.78,metal loss,External,12.0,0.041,,,1.89,1.81,7:41,,,0.7,154.5,,MFL-A/XT,,1160.0,65000.0,,1342.0,,,,,,,,,METAL_LOSS,False,True,7.683333333333334,2823
12500.0,,0.344,-15.56,24.6,45044.49,metal loss,External,10.0,0.034,,,0.43,0.75,6:40,,,0.7,154.83,,MFL-A/XT,,1160.0,65000.0,,1342.0,,,,,,,,,METAL_LOSS,False,True,6.666666666666667,2824
12500.0,,0.344,-15.61,24.55,45044.54,metal loss,External,13.0,0.045,,,0.43,0.71,6:47,,,0.7,154.83,,MFL-A/XT,,1160.0,65000.0,,1342.0,1474.95,2047.93,,,,,,,METAL_LOSS,False,True,6.783333333333333,2825
12500.0,,0.344,-39.08,1.09,45068.0,metal loss,External,12.0,0.041,,,0.39,0.79,6:36,,,0.7,156.78,,MFL-A/XT,,1160.0,65000.0,,1342.0,,,,,,,,,METAL_LOSS,False,True,6.6,2826
12510.0,,0.344,-0.92,39.23,45070.0,metal loss,External,19.0,0.065,,,0.98,1.46,6:12,,,0.7,156.97,,MFL-A/XT,,1160.0,65000.0,,1342.0,1466.87,2036.71,,,,,,,METAL_LOSS,False,True,6.2,2829
12510.0,,0.344,-0.95,39.19,45070.04,metal loss,External,18.0,0.062,,,0.94,1.53,7:07,,,0.7,156.97,,MFL-A/XT,,1160.0,65000.0,,1342.0,1468.21,2038.57,,,,,,,METAL_LOSS,False,True,7.116666666666666,2830
12510.0,,0.344,-3.8,36.34,45072.89,metal loss,External,44.0,0.151,,,0.59,1.02,7:34,,,0.7,157.24,,MFL-A/XT,,1160.0,65000.0,,1342.0,1465.86,2035.31,1536.21,2132.99,1538.1,2135.61,0.76,1.84,METAL_LOSS,False,True,7.566666666666666,2831
12510.0,,0.344,-4.06,36.09,45073.14,metal loss,External,23.0,0.079,,,0.63,1.06,7:43,,,0.7,157.26,,MFL-A/XT,,1160.0,65000.0,,1342.0,1471.31,2042.88,1543.09,2142.54,1543.5,2143.11,0.75,1.85,METAL_LOSS,False,True,7.716666666666667,2832
12510.0,,0.344,-5.09,35.05,45074.18,metal loss,External,29.0,0.1,,,0.91,1.5,7:38,,,0.7,157.36,,MFL-A/XT,,1160.0,65000.0,,1342.0,1463.2,2031.61,1533.76,2129.58,1535.32,2131.75,0.76,1.84,METAL_LOSS,False,True,7.633333333333333,2833
12510.0,,0.344,-5.36,34.78,45074.45,metal loss,External,25.0,0.086,,,1.02,1.46,7:08,,,0.7,157.38,,MFL-A/XT,,1160.0,65000.0,,1342.0,1462.19,2030.21,1532.74,2128.17,1534.11,2130.08,0.76,1.83,METAL_LOSS,False,True,7.133333333333334,2834
12510.0,,0.344,-6.2,33.94,45075.29,metal loss,External,28.0,0.096,,,0.83,1.18,7:34,,,0.7,157.46,,MFL-A/XT,,1160.0,65000.0,,1342.0,1465.56,2034.89,1536.49,2133.37,1537.71,2135.07,0.75,1.84,METAL_LOSS,False,True,7.566666666666666,2835
12510.0,,0.344,-7.44,32.7,45076.53,metal loss,External,22.0,0.076,,,0.75,1.26,7:19,,,0.7,157.58,,MFL-A/XT,,1160.0,65000.0,,1342.0,1469.69,2040.62,1541.29,2140.04,1541.78,2140.73,0.75,1.84,METAL_LOSS,False,True,7.316666666666666,2836
12510.0,,0.344,-8.41,31.73,45077.5,metal loss,External,14.0,0.048,,,0.55,0.98,7:26,,,0.7,157.67,,MFL-A/XT,,1160.0,65000.0,,1342.0,1474.01,2046.62,,,,,,,METAL_LOSS,False,True,7.433333333333334,2837
12510.0,,0.344,-14.07,26.07,45083.16,metal loss,External,17.0,0.058,,,1.34,2.91,5:49,,,0.7,158.2,,MFL-A/XT,,1160.0,65000.0,,1342.0,1461.95,2029.88,,,,,,,METAL_LOSS,False,True,5.816666666666666,2838
12510.0,,0.344,-14.2,25.94,45083.29,metal loss,External,14.0,0.048,,,0.79,0.98,6:28,,,0.7,158.21,,MFL-A/XT,,1160.0,65000.0,,1342.0,1471.8,2043.55,,,,,,,METAL_LOSS,False,True,6.466666666666667,2839
12510.0,,0.344,-14.6,25.54,45083.69,metal loss,External,30.0,0.103,,,1.02,1.46,6:32,,,0.7,158.25,,MFL-A/XT,,1160.0,65000.0,,1342.0,1459.1,2025.92,1528.99,2122.96,1531.13,2125.93,0.76,1.83,METAL_LOSS,False,True,6.533333333333333,2840
12510.0,,0.344,-14.94,25.21,45084.03,metal loss,External,21.0,0.072,,,0.71,1.26,6:25,,,0.7,158.28,,MFL-A/XT,,1160.0,65000.0,,1342.0,1470.59,2041.88,1542.31,2141.46,1542.69,2141.99,0.75,1.85,METAL_LOSS,False,True,6.416666666666667,2841
12510.0,,0.344,-15.11,25.03,45084.2,metal loss,External,11.0,0.038,,,1.02,2.44,5:42,,,0.7,158.3,,MFL-A/XT,,1160.0,65000.0,,1342.0,,,,,,,,,METAL_LOSS,False,True,5.7,2842
12510.0,,0.344,-15.4,24.74,45084.49,metal loss,External,11.0,0.038,,,0.71,1.18,7:34,,,0.7,158.32,,MFL-A/XT,,1160.0,65000.0,,1342.0,,,,,,,,,METAL_LOSS,False,True,7.566666666666666,2843
12510.0,,0.344,-16.67,23.47,45085.76,metal loss,External,14.0,0.048,,,0.87,1.38,8:53,,,0.7,158.44,,MFL-A/XT,,1160.0,65000.0,,1342.0,1471.0,2042.45,,,,,,,METAL_LOSS,False,True,8.883333333333333,2844
12510.0,,0.344,-17.65,22.49,45086.74,metal loss,External,10.0,0.034,,,1.22,1.97,7:44,,,0.7,158.54,,MFL-A/XT,,1160.0,65000.0,,1342.0,,,,,,,,,METAL_LOSS,False,True,7.733333333333333,2845
12510.0,,0.344,-19.11,21.03,45088.2,metal loss,External,10.0,0.034,,,0.67,1.02,7:47,,,0.7,158.67,,MFL-A/XT,,1160.0,65000.0,,1342.0,,,,,,,,,METAL_LOSS,False,True,7.783333333333333,2846
12510.0,,0.344,-19.68,20.46,45088.77,metal loss,External,20.0,0.069,,,0.67,1.34,7:44,,,0.7,158.72,,MFL-A/XT,,1160.0,65000.0,,1342.0,1471.4,2043.01,1543.23,2142.73,1543.51,2143.12,0.75,1.85,METAL_LOSS,False,True,7.733333333333333,2847
12510.0,,0.344,-20.02,20.12,45089.11,metal loss,External,20.0,0.069,,,0.75,1.1,7:09,,,0.7,158.76,,MFL-A/XT,,1160.0,65000.0,,1342.0,1470.37,2041.57,1542.08,2141.13,1542.41,2141.6,0.75,1.85,METAL_LOSS,False,True,7.15,2848
12510.0,,0.344,-20.7,19.44,45089.79,metal loss,External,23.0,0.079,,,0.55,1.06,7:00,,,0.7,158.82,,MFL-A/XT,,1160.0,65000.0,,1342.0,1472.35,2044.32,1544.24,2144.15,1544.57,2144.59,0.75,1.85,METAL_LOSS,False,True,7.0,2849
12510.0,,0.344,-21.02,19.12,45090.11,metal loss,External,20.0,0.069,,,0.67,1.14,6:50,,,0.7,158.85,,MFL-A/XT,,1160.0,65000.0,,1342.0,1471.4,2043.01,1543.23,2142.73,1543.51,2143.12,0.75,1.85,METAL_LOSS,False,True,6.833333333333333,2850
12510.0,,0.344,-21.2,18.94,45090.29,metal loss,External,15.0,0.052,,,0.71,2.21,6:46,,,0.7,158.87,,MFL-A/XT,,1160.0,65000.0,,1342.0,1472.37,2044.34,,,,,,,METAL_LOSS,False,True,6.766666666666667,2851
12510.0,,0.344,-21.34,18.8,45090.43,metal loss,External,11.0,0.038,,,0.51,0.94,7:10,,,0.7,158.88,,MFL-A/XT,,1160.0,65000.0,,1342.0,,,,,,,,,METAL_LOSS,False,True,7.166666666666667,2852
12510.0,,0.344,-21.45,18.7,45090.54,metal loss,External,24.0,0.083,,,0.55,0.98,6:59,,,0.7,158.89,,MFL-A/XT,,1160.0,65000.0,,1342.0,1472.15,2044.04,1544.01,2143.82,1544.38,2144.33,0.75,1.85,METAL_LOSS,False,True,6.983333333333333,2853
12530.0,,0.344,-28.97,4.1,45178.24,metal loss,External,19.0,0.065,,,1.38,1.97,2:06,,,0.7,165.14,,MFL-A/XT,,1160.0,65000.0,,1342.0,1459.02,2025.81,,,,,,,METAL_LOSS,False,True,2.1,2858
12530.0,,0.344,-29.2,3.87,45178.47,metal loss,External,11.0,0.038,,,0.51,0.79,2:47,,,0.7,165.16,,MFL-A/XT,,1160.0,65000.0,,1342.0,,,,,,,,,METAL_LOSS,False,True,2.783333333333333,2859
12530.0,,0.344,-30.79,2.29,45180.05,metal loss,External,16.0,0.055,,,0.55,1.06,2:45,Recoat,,0.7,165.25,,MFL-A/XT,,1160.0,65000.0,,1342.0,1473.66,2046.14,,,,,,,METAL_LOSS,False,True,2.75,2861
12540.0,,0.344,-21.75,0.46,45204.09,metal loss,External,10.0,0.034,,,0.51,1.14,1:40,,,0.7,166.59,,MFL-A/XT,,1160.0,65000.0,,1342.0,,,,,,,,,METAL_LOSS,False,True,1.6666666666666665,2875
12540.0,,0.344,-22.06,0.15,45204.4,metal loss,External,24.0,0.083,,,0.87,1.38,1:18,near girth weld,,0.7,166.61,,MFL-A/XT,,1160.0,65000.0,,1342.0,1466.36,2036.01,1537.51,2134.79,1538.41,2136.04,0.75,1.84,METAL_LOSS,False,True,1.3,2876
12550.0,,0.344,-0.46,39.72,45205.01,metal loss,External,11.0,0.038,,,1.81,2.09,1:44,,,0.7,166.64,,MFL-A/XT,,1160.0,65000.0,,1342.0,,,,,,,,,METAL_LOSS,False,True,1.7333333333333334,2878
12550.0,,0.344,-0.51,39.67,45205.06,metal loss,External,15.0,0.052,,,2.24,0.83,2:13,,,0.7,166.64,,MFL-A/XT,,1160.0,65000.0,,1342.0,1447.22,2009.43,,,,,,,METAL_LOSS,False,True,2.216666666666667,2879
12550.0,,0.344,-0.93,39.25,45205.47,metal loss,External,14.0,0.048,,,1.42,1.58,4:21,,,0.7,166.66,,MFL-A/XT,,1160.0,65000.0,,1342.0,1463.4,2031.9,,,,,,,METAL_LOSS,False,True,4.35,2880
12550.0,,0.344,-1.28,38.91,45205.82,metal loss,External,18.0,0.062,,,0.67,0.87,4:26,,,0.7,166.68,,MFL-A/XT,,1160.0,65000.0,,1342.0,1471.95,2043.76,,,,,,,METAL_LOSS,False,True,4.433333333333334,2881
12550.0,,0.344,-1.66,38.52,45206.21,metal loss,External,11.0,0.038,,,0.63,1.22,2:50,,,0.7,166.7,,MFL-A/XT,,1160.0,65000.0,,1342.0,,,,,,,,,METAL_LOSS,False,True,2.8333333333333335,2882
12550.0,,0.344,-2.14,38.04,45206.69,metal loss,External,26.0,0.089,,,0.87,1.22,4:23,,,0.7,166.72,,MFL-A/XT,,1160.0,65000.0,,1342.0,1465.65,2035.02,1536.66,2133.61,1537.75,2135.13,0.75,1.84,METAL_LOSS,False,True,4.383333333333334,2883
12550.0,,0.344,-4.94,35.24,45209.49,metal loss,External,21.0,0.072,,,0.63,1.1,3:51,Recoat,,0.7,166.86,,MFL-A/XT,,1160.0,65000.0,,1342.0,1471.8,2043.56,1543.66,2143.33,1543.96,2143.75,0.75,1.85,METAL_LOSS,False,True,3.85,2885
12550.0,,0.344,-5.74,34.44,45210.29,metal loss,External,17.0,0.058,,,1.85,3.94,3:41,Recoat,,0.7,166.9,,MFL-A/XT,,1160.0,65000.0,,1342.0,1451.23,2015.0,,,,,,,METAL_LOSS,False,True,3.6833333333333336,2886
12550.0,,0.344,-17.94,22.25,45222.48,metal loss,External,22.0,0.076,,,0.83,1.18,4:17,,,0.7,167.39,,MFL-A/XT,,1160.0,65000.0,,1342.0,1468.43,2038.88,1539.88,2138.09,1540.48,2138.91,0.75,1.84,METAL_LOSS,False,True,4.283333333333333,2888
12550.0,,0.344,-34.39,5.79,45238.94,metal loss,External,10.0,0.034,,,0.35,0.59,5:51,,,0.7,167.78,,MFL-A/XT,,1160.0,65000.0,,1342.0,,,,,,,,,METAL_LOSS,False,True,5.85,2889
12590.0,,0.344,-38.58,1.5,45370.38,metal loss,External,13.0,0.045,,,0.55,0.91,5:56,,,0.7,138.75,,MFL-A/XT,,1160.0,65000.0,,1342.0,1474.18,2046.86,,,,,,,METAL_LOSS,False,True,5.933333333333334,2898
12590.0,,0.344,-38.66,1.42,45370.46,metal loss,External,12.0,0.041,,,0.63,1.22,5:59,,,0.7,138.72,,MFL-A/XT,,1160.0,65000.0,,1342.0,,,,,,,,,METAL_LOSS,False,True,5.983333333333333,2899
12590.0,,0.344,-38.82,1.26,45370.62,metal loss,External,24.0,0.083,,,1.22,1.38,6:19,,,0.7,138.66,,MFL-A/XT,,1160.0,65000.0,,1342.0,1458.0,2024.4,1527.98,2121.56,1529.65,2123.88,0.76,1.83,METAL_LOSS,False,True,6.316666666666666,2900
12590.0,,0.344,-39.22,0.86,45371.02,metal loss,External,12.0,0.041,,,0.55,1.73,4:17,,,0.7,138.51,,MFL-A/XT,,1160.0,65000.0,,1342.0,,,,,,,,,METAL_LOSS,False,True,4.283333333333333,2901
12710.0,,0.344,-0.54,39.49,45748.34,cluster,External,28.0,0.096,,,1.33,4.8,4:52,,,0.7,84.49,,,,1160.0,65000.0,,1342.0,1450.59,2014.11,1519.2,2109.37,1522.53,2113.99,0.76,1.82,CLUSTER,False,True,4.866666666666667,2915
12710.0,,0.344,-0.56,39.47,45748.36,metal loss,External,19.0,0.065,,,1.73,2.99,4:00,,,0.7,84.5,,MFL-A/XT,,1160.0,65000.0,,1342.0,1451.09,2014.8,,,,,,,METAL_LOSS,False,True,4.0,2916
12710.0,,0.344,-0.57,39.46,45748.38,metal loss,External,15.0,0.052,,,2.01,4.33,6:17,,,0.7,84.5,,MFL-A/XT,,1160.0,65000.0,,1342.0,1451.75,2015.72,,,,,,,METAL_LOSS,False,True,6.283333333333333,2917
12710.0,,0.344,-0.62,39.41,45748.42,metal loss,External,11.0,0.038,,,0.94,1.3,3:22,,,0.7,84.52,,MFL-A/XT,,1160.0,65000.0,,1342.0,,,,,,,,,METAL_LOSS,False,True,3.3666666666666667,2918
12710.0,,0.344,-0.64,39.39,45748.44,metal loss,External,20.0,0.069,,,0.75,1.34,3:01,,,0.7,84.52,,MFL-A/XT,,1160.0,65000.0,,1342.0,1470.37,2041.57,1542.08,2141.13,1542.41,2141.6,0.75,1.85,METAL_LOSS,False,True,3.0166666666666666,2919
12720.0,,0.344,-25.03,0.19,45812.87,metal loss,External,10.0,0.034,,,0.59,1.02,4:55,near girth weld,,0.7,104.21,,MFL-A/XT,,1160.0,65000.0,,1342.0,,,,,,,,,METAL_LOSS,False,True,4.916666666666667,2921
12780.0,,0.344,-39.01,1.1,46022.48,metal loss,External,27.0,0.093,,,1.61,2.36,7:36,,,0.7,162.54,,MFL-A/XT,,1160.0,65000.0,,1342.0,1442.29,2002.58,1509.49,2095.89,1513.23,2101.08,0.77,1.81,METAL_LOSS,False,True,7.6,2929
12790.0,,0.344,-0.71,39.46,46024.29,metal loss,External,14.0,0.048,,,0.32,1.14,7:36,,,0.7,162.89,,MFL-A/XT,,1160.0,65000.0,,1342.0,1475.43,2048.6,,,,,,,METAL_LOSS,False,True,7.6,2931
12790.0,,0.344,-20.6,19.58,46044.18,metal loss,External,17.0,0.058,,,1.22,1.46,5:23,,,0.7,165.91,,MFL-A/XT,,1160.0,65000.0,,1342.0,1464.15,2032.94,,,,,,,METAL_LOSS,False,True,5.383333333333334,2932
12800.0,,0.344,-18.61,21.63,46082.37,metal loss,External,23.0,0.079,,,1.26,1.77,5:34,,,0.7,166.66,,MFL-A/XT,,1160.0,65000.0,,1342.0,1457.97,2024.35,1527.98,2121.56,1529.52,2123.7,0.76,1.83,METAL_LOSS,False,True,5.566666666666666,2934
12800.0,,0.344,-18.96,21.27,46082.72,metal loss,External,20.0,0.069,,,0.71,1.14,5:23,,,0.7,166.64,,MFL-A/XT,,1160.0,65000.0,,1342.0,1470.9,2042.3,1542.66,2141.95,1542.97,2142.38,0.75,1.85,METAL_LOSS,False,True,5.383333333333334,2935
12800.0,,0.344,-19.08,21.16,46082.84,metal loss,External,11.0,0.038,,,0.83,1.02,4:28,,,0.7,166.64,,MFL-A/XT,,1160.0,65000.0,,1342.0,,,,,,,,,METAL_LOSS,False,True,4.466666666666667,2936
12800.0,,0.344,-19.31,20.93,46083.07,metal loss,External,34.0,0.117,,,1.02,1.58,5:14,,,0.7,166.62,,MFL-A/XT,,1160.0,65000.0,,1342.0,1456.19,2021.88,1525.38,2117.95,1528.23,2121.91,0.76,1.83,METAL_LOSS,False,True,5.233333333333333,2937
12800.0,,0.344,-19.81,20.43,46083.56,metal loss,External,10.0,0.034,,,1.77,2.09,5:34,,,0.7,166.6,,MFL-A/XT,,1160.0,65000.0,,1342.0,,,,,,,,,METAL_LOSS,False,True,5.566666666666666,2938
12800.0,,0.344,-19.81,20.42,46083.57,metal loss,External,13.0,0.045,,,1.81,0.59,5:19,,,0.7,166.6,,MFL-A/XT,,1160.0,65000.0,,1342.0,1458.35,2024.88,,,,,,,METAL_LOSS,False,True,5.316666666666666,2939
12800.0,,0.344,-19.88,20.36,46083.64,metal loss,External,17.0,0.058,,,0.94,0.59,5:30,,,0.7,166.6,,MFL-A/XT,,1160.0,65000.0,,1342.0,1468.52,2039.01,,,,,,,METAL_LOSS,False,True,5.5,2940
12800.0,,0.344,-20.13,20.11,46083.89,metal loss,External,15.0,0.052,,,0.83,1.06,4:28,,,0.7,166.59,,MFL-A/XT,,1160.0,65000.0,,1342.0,1471.03,2042.48,,,,,,,METAL_LOSS,False,True,4.466666666666667,2941
12800.0,,0.344,-20.66,19.57,46084.42,metal loss,External,17.0,0.058,,,2.24,1.14,5:20,,,0.7,166.56,,MFL-A/XT,,1160.0,65000.0,,1342.0,1442.96,2003.52,,,,,,,METAL_LOSS,False,True,5.333333333333333,2942
12800.0,,0.344,-20.71,19.52,46084.47,metal loss,External,14.0,0.048,,,0.79,1.06,4:27,,,0.7,166.56,,MFL-A/XT,,1160.0,65000.0,,1342.0,1471.92,2043.73,,,,,,,METAL_LOSS,False,True,4.45,2943
12800.0,,0.344,-21.08,19.15,46084.84,metal loss,External,24.0,0.083,,,0.75,0.98,4:28,,,0.7,166.54,,MFL-A/XT,,1160.0,65000.0,,1342.0,1468.76,2039.34,1540.21,2138.55,1540.89,2139.49,0.75,1.84,METAL_LOSS,False,True,4.466666666666667,2944
12800.0,,0.344,-21.24,19.0,46085.0,metal loss,External,12.0,0.041,,,1.93,1.38,5:23,,,0.7,166.53,,MFL-A/XT,,1160.0,65000.0,,1342.0,,,,,,,,,METAL_LOSS,False,True,5.383333333333334,2945
12800.0,,0.344,-21.66,18.57,46085.42,metal loss,External,11.0,0.038,,,1.1,1.5,5:28,,,0.7,166.51,,MFL-A/XT,,1160.0,65000.0,,1342.0,,,,,,,,,METAL_LOSS,False,True,5.466666666666667,2946
12800.0,,0.344,-21.87,18.36,46085.63,metal loss,External,15.0,0.052,,,1.69,1.73,4:26,,,0.7,166.5,,MFL-A/XT,,1160.0,65000.0,,1342.0,1457.54,2023.76,,,,,,,METAL_LOSS,False,True,4.433333333333334,2947
12800.0,,0.344,-21.97,18.27,46085.72,metal loss,External,10.0,0.034,,,0.71,1.02,5:29,,,0.7,166.5,,MFL-A/XT,,1160.0,65000.0,,1342.0,,,,,,,,,METAL_LOSS,False,True,5.483333333333333,2948
12800.0,,0.344,-22.22,18.02,46085.98,metal loss,External,11.0,0.038,,,2.13,1.02,4:29,,,0.7,166.48,,MFL-A/XT,,1160.0,65000.0,,1342.0,,,,,,,,,METAL_LOSS,False,True,4.483333333333333,2949
12800.0,,0.344,-22.86,17.38,46086.62,cluster,External,28.0,0.096,,,1.57,3.42,5:29,,,0.7,166.45,,,,1160.0,65000.0,,1342.0,1442.41,2002.74,1509.57,2096.0,1518.52,2108.42,0.77,1.81,CLUSTER,False,True,5.483333333333333,2950
12800.0,,0.344,-22.88,17.36,46086.64,metal loss,External,10.0,0.034,,,1.58,1.65,5:05,,,0.7,166.45,,MFL-A/XT,,1160.0,65000.0,,1342.0,,,,,,,,,METAL_LOSS,False,True,5.083333333333333,2951
12800.0,,0.344,-23.52,16.72,46087.28,metal loss,External,31.0,0.107,,,0.94,1.26,4:26,,,0.7,166.41,,MFL-A/XT,,1160.0,65000.0,,1342.0,1460.64,2028.06,1530.73,2125.38,1532.75,2128.18,0.76,1.83,METAL_LOSS,False,True,4.433333333333334,2952
12800.0,,0.344,-23.56,16.67,46087.32,metal loss,External,20.0,0.069,,,0.87,1.14,5:25,,,0.7,166.41,,MFL-A/XT,,1160.0,65000.0,,1342.0,1468.45,2038.9,1539.94,2138.16,1540.38,2138.79,0.75,1.84,METAL_LOSS,False,True,5.416666666666667,2953
12800.0,,0.344,-23.86,16.38,46087.61,metal loss,External,19.0,0.065,,,0.71,1.18,5:24,,,0.7,166.39,,MFL-A/XT,,1160.0,65000.0,,1342.0,1471.2,2042.72,,,,,,,METAL_LOSS,False,True,5.4,2954
12800.0,,0.344,-23.97,16.26,46087.73,metal loss,External,10.0,0.034,,,0.94,1.18,4:26,,,0.7,166.38,,MFL-A/XT,,1160.0,65000.0,,1342.0,,,,,,,,,METAL_LOSS,False,True,4.433333333333334,2955
12800.0,,0.344,-24.21,16.02,46087.97,metal loss,External,13.0,0.045,,,0.83,1.06,4:29,,,0.7,166.37,,MFL-A/XT,,1160.0,65000.0,,1342.0,1471.78,2043.53,,,,,,,METAL_LOSS,False,True,4.483333333333333,2956
12800.0,,0.344,-24.57,15.67,46088.33,metal loss,External,14.0,0.048,,,0.79,1.14,5:18,,,0.7,166.35,,MFL-A/XT,,1160.0,65000.0,,1342.0,1471.92,2043.73,,,,,,,METAL_LOSS,False,True,5.3,2957
12800.0,,0.344,-24.76,15.47,46088.52,metal loss,External,16.0,0.055,,,0.71,1.22,5:18,,,0.7,166.34,,MFL-A/XT,,1160.0,65000.0,,1342.0,1472.08,2043.95,,,,,,,METAL_LOSS,False,True,5.3,2958
12800.0,,0.344,-24.79,15.45,46088.55,metal loss,External,10.0,0.034,,,0.75,1.02,4:30,,,0.7,166.33,,MFL-A/XT,,1160.0,65000.0,,1342.0,,,,,,,,,METAL_LOSS,False,True,4.5,2959
12800.0,,0.344,-25.16,15.08,46088.91,metal loss,External,13.0,0.045,,,1.38,1.5,5:23,,,0.7,166.31,,MFL-A/XT,,1160.0,65000.0,,1342.0,1464.91,2034.0,,,,,,,METAL_LOSS,False,True,5.383333333333334,2960
12800.0,,0.344,-25.41,14.82,46089.17,metal loss,External,11.0,0.038,,,0.51,1.14,5:20,,,0.7,166.29,,MFL-A/XT,,1160.0,65000.0,,1342.0,,,,,,,,,METAL_LOSS,False,True,5.333333333333333,2961
12800.0,,0.344,-25.69,14.54,46089.45,metal loss,External,17.0,0.058,,,0.98,1.18,4:30,,,0.7,166.28,,MFL-A/XT,,1160.0,65000.0,,1342.0,1467.97,2038.24,,,,,,,METAL_LOSS,False,True,4.5,2962
12800.0,,0.344,-25.75,14.48,46089.51,metal loss,External,12.0,0.041,,,0.91,1.46,5:18,,,0.7,166.27,,MFL-A/XT,,1160.0,65000.0,,1342.0,,,,,,,,,METAL_LOSS,False,True,5.3,2963
12800.0,,0.344,-26.07,14.17,46089.83,metal loss,External,13.0,0.045,,,0.79,1.3,5:24,,,0.7,166.25,,MFL-A/XT,,1160.0,65000.0,,1342.0,1472.26,2044.19,,,,,,,METAL_LOSS,False,True,5.4,2964
12800.0,,0.344,-26.28,13.96,46090.03,metal loss,External,16.0,0.055,,,0.83,1.18,4:28,,,0.7,166.24,,MFL-A/XT,,1160.0,65000.0,,1342.0,1470.64,2041.95,,,,,,,METAL_LOSS,False,True,4.466666666666667,2965
12800.0,,0.344,-26.44,13.8,46090.2,metal loss,External,19.0,0.065,,,0.71,1.34,5:19,,,0.7,166.23,,MFL-A/XT,,1160.0,65000.0,,1342.0,1471.2,2042.72,,,,,,,METAL_LOSS,False,True,5.316666666666666,2966
12800.0,,0.344,-27.62,12.61,46091.38,metal loss,External,14.0,0.048,,,0.94,1.1,4:39,,,0.7,166.14,,MFL-A/XT,,1160.0,65000.0,,1342.0,1470.01,2041.08,,,,,,,METAL_LOSS,False,True,4.65,2967
12800.0,,0.344,-28.17,12.06,46091.93,metal loss,External,14.0,0.048,,,1.18,1.53,4:30,,,0.7,166.1,,MFL-A/XT,,1160.0,65000.0,,1342.0,1466.83,2036.65,,,,,,,METAL_LOSS,False,True,4.5,2968
12800.0,,0.344,-28.88,11.35,46092.64,metal loss,External,10.0,0.034,,,0.32,1.5,4:30,,,0.7,166.05,,MFL-A/XT,,1160.0,65000.0,,1342.0,,,,,,,,,METAL_LOSS,False,True,4.5,2969
12800.0,,0.344,-29.01,11.23,46092.77,metal loss,External,11.0,0.038,,,2.13,1.58,5:24,,,0.7,166.04,,MFL-A/XT,,1160.0,65000.0,,1342.0,,,,,,,,,METAL_LOSS,False,True,5.4,2970
12800.0,,0.344,-29.35,10.88,46093.11,metal loss,External,13.0,0.045,,,0.87,1.14,5:27,,,0.7,166.01,,MFL-A/XT,,1160.0,65000.0,,1342.0,1471.41,2043.01,,,,,,,METAL_LOSS,False,True,5.45,2971
12800.0,,0.344,-29.8,10.43,46093.56,metal loss,External,11.0,0.038,,,1.97,0.59,4:26,,,0.7,165.98,,MFL-A/XT,,1160.0,65000.0,,1342.0,,,,,,,,,METAL_LOSS,False,True,4.433333333333334,2972
12800.0,,0.344,-29.87,10.36,46093.63,metal loss,External,17.0,0.058,,,1.42,4.41,4:57,,,0.7,165.97,,MFL-A/XT,,1160.0,65000.0,,1342.0,1460.34,2027.65,,,,,,,METAL_LOSS,False,True,4.95,2973
12800.0,,0.344,-30.12,10.11,46093.88,metal loss,External,19.0,0.065,,,1.34,1.65,5:16,,,0.7,165.95,,MFL-A/XT,,1160.0,65000.0,,1342.0,1459.8,2026.89,,,,,,,METAL_LOSS,False,True,5.266666666666667,2974
12800.0,,0.344,-30.28,9.95,46094.04,metal loss,External,16.0,0.055,,,1.22,1.34,4:29,,,0.7,165.94,,MFL-A/XT,,1160.0,65000.0,,1342.0,1464.94,2034.03,,,,,,,METAL_LOSS,False,True,4.483333333333333,2975
12800.0,,0.344,-30.7,9.53,46094.46,metal loss,External,15.0,0.052,,,0.67,1.26,5:12,,,0.7,165.91,,MFL-A/XT,,1160.0,65000.0,,1342.0,1472.85,2045.02,,,,,,,METAL_LOSS,False,True,5.2,2976
12800.0,,0.344,-30.88,9.36,46094.64,metal loss,External,11.0,0.038,,,0.83,1.26,5:15,,,0.7,165.89,,MFL-A/XT,,1160.0,65000.0,,1342.0,,,,,,,,,METAL_LOSS,False,True,5.25,2977
12800.0,,0.344,-39.21,1.03,46102.96,metal loss,External,22.0,0.076,,,0.71,1.06,6:23,,,0.7,165.16,,MFL-A/XT,,1160.0,65000.0,,1342.0,1470.28,2041.44,1541.95,2140.96,1542.4,2141.58,0.75,1.85,METAL_LOSS,False,True,6.383333333333334,2978
12800.0,,0.344,-39.26,0.98,46103.01,metal loss,External,14.0,0.048,,,0.83,1.38,7:13,,,0.7,165.16,,MFL-A/XT,,1160.0,65000.0,,1342.0,1471.54,2043.19,,,,,,,METAL_LOSS,False,True,7.216666666666667,2979
12800.0,,0.344,-39.31,0.93,46103.07,cluster,External,32.0,0.11,,,1.38,3.5,5:06,,,0.7,165.15,,,,1160.0,65000.0,,1342.0,1444.48,2005.62,1511.74,2099.01,1523.54,2115.4,0.77,1.81,CLUSTER,False,True,5.1,2980
12820.0,,0.344,-39.12,0.99,46183.26,metal loss,External,25.0,0.086,,,0.55,1.22,7:40,,,1.0,156.19,,MFL-A/XT,,1160.0,65000.0,,1342.0,1471.95,2043.76,1543.77,2143.49,1544.19,2144.07,0.75,1.85,METAL_LOSS,False,True,7.666666666666667,2983
12820.0,,0.344,-39.2,0.91,46183.33,cluster,External,45.0,0.155,,,1.54,4.61,4:51,,,1.0,156.18,,,,1160.0,65000.0,,1342.0,1416.84,1967.24,1476.27,2049.77,1483.05,2059.18,0.79,1.77,CLUSTER,False,True,4.85,2984
12820.0,,0.344,-39.21,0.91,46183.34,metal loss,External,12.0,0.041,,,0.98,1.69,7:05,,,1.0,156.18,,MFL-A/XT,,1160.0,65000.0,,1342.0,,,,,,,,,METAL_LOSS,False,True,7.083333333333333,2985
12820.0,,0.344,-39.21,0.9,46183.35,metal loss,External,60.0,0.206,,,0.75,0.77,3:25,,,1.0,156.18,,MFL-A/XT,,1160.0,65000.0,,1342.0,1450.49,2013.96,1515.35,2104.02,1521.89,2113.1,0.77,1.81,METAL_LOSS,False,True,3.4166666666666665,2986
12820.0,,0.344,-39.26,0.86,46183.39,metal loss,External,40.0,0.138,,,0.63,2.64,4:02,,,1.0,156.17,,MFL-A/XT,,1160.0,65000.0,,1342.0,1466.42,2036.08,1537.06,2134.16,1538.68,2136.42,0.75,1.84,METAL_LOSS,False,True,4.033333333333333,2987
12820.0,,0.344,-39.29,0.83,46183.42,metal loss,External,15.0,0.052,,,1.61,1.38,6:00,,,1.0,156.17,,MFL-A/XT,,1160.0,65000.0,,1342.0,1459.05,2025.86,,,,,,,METAL_LOSS,False,True,6.0,2988
12840.0,,0.344,-13.55,26.61,46237.96,metal loss,External,12.0,0.041,,,0.91,2.01,6:10,,,0.7,151.84,,MFL-A/XT,,1160.0,65000.0,,1342.0,,,,,,,,,METAL_LOSS,False,True,6.166666666666667,3000
12840.0,,0.344,-14.16,26.0,46238.56,metal loss,External,13.0,0.045,,,0.94,1.53,4:58,,,0.7,151.81,,MFL-A/XT,,1160.0,65000.0,,1342.0,1470.49,2041.74,,,,,,,METAL_LOSS,False,True,4.966666666666667,3001
12840.0,,0.344,-14.59,25.57,46239.0,cluster,External,19.0,0.065,,,2.17,1.93,5:26,,,0.7,151.79,,,,1160.0,65000.0,,1342.0,1440.52,2000.12,,,,,,,CLUSTER,False,True,5.433333333333334,3002
12840.0,,0.344,-14.83,25.33,46239.23,cluster,External,23.0,0.079,,,1.96,6.77,4:26,,,0.7,151.77,,,,1160.0,65000.0,,1342.0,1437.83,1996.39,1504.34,2088.74,1512.76,2100.43,0.77,1.8,CLUSTER,False,True,4.433333333333334,3003
12840.0,,0.344,-14.87,25.29,46239.28,metal loss,External,15.0,0.052,,,0.47,0.87,5:59,,,0.7,151.77,,MFL-A/XT,,1160.0,65000.0,,1342.0,1474.49,2047.29,,,,,,,METAL_LOSS,False,True,5.983333333333333,3004
12840.0,,0.344,-15.54,24.62,46239.95,metal loss,External,12.0,0.041,,,1.42,0.75,6:35,,,0.7,151.74,,MFL-A/XT,,1160.0,65000.0,,1342.0,,,,,,,,,METAL_LOSS,False,True,6.583333333333333,3005
12840.0,,0.344,-15.59,24.58,46239.99,metal loss,External,18.0,0.062,,,0.75,1.34,6:05,,,0.7,151.73,,MFL-A/XT,,1160.0,65000.0,,1342.0,1471.03,2042.48,,,,,,,METAL_LOSS,False,True,6.083333333333333,3006
12840.0,,0.344,-15.78,24.39,46240.18,metal loss,External,12.0,0.041,,,0.51,0.98,6:26,,,0.7,151.72,,MFL-A/XT,,1160.0,65000.0,,1342.0,,,,,,,,,METAL_LOSS,False,True,6.433333333333334,3007
12840.0,,0.344,-16.43,23.73,46240.84,metal loss,External,15.0,0.052,,,0.47,0.83,5:27,,,0.7,151.69,,MFL-A/XT,,1160.0,65000.0,,1342.0,1474.4,2047.17,,,,,,,METAL_LOSS,False,True,5.45,3008
12840.0,,0.344,-16.51,23.65,46240.92,metal loss,External,16.0,0.055,,,1.73,2.68,5:58,,,0.7,151.69,,MFL-A/XT,,1160.0,65000.0,,1342.0,1455.23,2020.55,,,,,,,METAL_LOSS,False,True,5.966666666666667,3009
12840.0,,0.344,-16.7,23.47,46241.1,metal loss,External,13.0,0.045,,,0.47,0.63,6:19,,,0.7,151.68,,MFL-A/XT,,1160.0,65000.0,,1342.0,1474.66,2047.53,,,,,,,METAL_LOSS,False,True,6.316666666666666,3010
12840.0,,0.344,-17.0,23.16,46241.41,metal loss,External,15.0,0.052,,,1.38,1.89,5:59,,,0.7,151.66,,MFL-A/XT,,1160.0,65000.0,,1342.0,1463.0,2031.34,,,,,,,METAL_LOSS,False,True,5.983333333333333,3011
12840.0,,0.344,-25.83,14.34,46250.23,metal loss,External,15.0,0.052,,,0.67,1.18,9:46,,,0.7,151.3,,MFL-A/XT,,1160.0,65000.0,,1342.0,1472.73,2044.85,,,,,,,METAL_LOSS,False,True,9.766666666666667,3012
12840.0,,0.344,-27.39,12.77,46251.8,metal loss,External,11.0,0.038,,,0.59,0.94,9:55,,,0.7,151.25,,MFL-A/XT,,1160.0,65000.0,,1342.0,,,,,,,,,METAL_LOSS,False,True,9.916666666666666,3013
12840.0,,0.344,-27.57,12.6,46251.97,metal loss,External,18.0,0.062,,,0.71,1.22,9:53,,,0.7,151.24,,MFL-A/XT,,1160.0,65000.0,,1342.0,1471.5,2043.14,,,,,,,METAL_LOSS,False,True,9.883333333333333,3014
12840.0,,0.344,-27.76,12.41,46252.16,metal loss,External,15.0,0.052,,,0.59,1.02,9:41,,,0.7,151.24,,MFL-A/XT,,1160.0,65000.0,,1342.0,1473.52,2045.95,,,,,,,METAL_LOSS,False,True,9.683333333333334,3015
12840.0,,0.344,-27.93,12.23,46252.34,metal loss,External,12.0,0.041,,,0.87,1.42,9:46,,,0.7,151.23,,MFL-A/XT,,1160.0,65000.0,,1342.0,,,,,,,,,METAL_LOSS,False,True,9.766666666666667,3016
12840.0,,0.344,-28.15,12.01,46252.56,metal loss,External,33.0,0.114,,,0.51,1.06,10:04,,,0.7,151.23,,MFL-A/XT,,1160.0,65000.0,,1342.0,1470.95,2042.38,1542.52,2141.75,1543.25,2142.76,0.75,1.85,METAL_LOSS,False,True,10.066666666666666,3017
12840.0,,0.344,-28.29,11.88,46252.69,metal loss,External,24.0,0.083,,,0.51,1.26,9:51,,,0.7,151.22,,MFL-A/XT,,1160.0,65000.0,,1342.0,1472.65,2044.74,1544.57,2144.6,1544.89,2145.05,0.75,1.85,METAL_LOSS,False,True,9.85,3018
12840.0,,0.344,-28.88,11.29,46253.28,metal loss,External,21.0,0.072,,,0.67,1.22,9:49,,,0.7,151.21,,MFL-A/XT,,1160.0,65000.0,,1342.0,1471.13,2042.62,1542.91,2142.29,1543.25,2142.76,0.75,1.85,METAL_LOSS,False,True,9.816666666666666,3019
12840.0,,0.344,-29.06,11.1,46253.47,metal loss,External,14.0,0.048,,,0.71,1.14,9:40,,,0.7,151.2,,MFL-A/XT,,1160.0,65000.0,,1342.0,1472.65,2044.73,,,,,,,METAL_LOSS,False,True,9.666666666666666,3020
12840.0,,0.344,-32.63,7.53,46257.04,metal loss,External,13.0,0.045,,,1.14,1.65,9:22,,,0.7,151.11,,MFL-A/XT,,1160.0,65000.0,,1342.0,1468.18,2038.53,,,,,,,METAL_LOSS,False,True,9.366666666666667,3021
12840.0,,0.344,-32.66,7.51,46257.06,metal loss,External,16.0,0.055,,,0.91,0.79,9:54,,,0.7,151.11,,MFL-A/XT,,1160.0,65000.0,,1342.0,1469.69,2040.63,,,,,,,METAL_LOSS,False,True,9.9,3022
12840.0,,0.344,-39.14,1.02,46263.54,metal loss,External,32.0,0.11,,,1.14,6.5,5:51,Recoat,,0.7,150.93,,MFL-A/XT,,1160.0,65000.0,,1342.0,1453.5,2018.15,1522.37,2113.77,1525.41,2118.0,0.76,1.82,METAL_LOSS,False,True,5.85,3024
12840.0,,0.344,-39.16,1.01,46263.56,metal loss,External,47.0,0.162,,,0.67,1.38,4:27,Recoat,,0.7,150.93,,MFL-A/XT,,1160.0,65000.0,,1342.0,1462.07,2030.04,1531.47,2126.41,1534.22,2130.22,0.76,1.83,METAL_LOSS,False,True,4.45,3025
12840.0,,0.344,-39.18,0.98,46263.59,metal loss,External,20.0,0.069,,,1.65,1.22,7:36,Recoat,,0.7,150.93,,MFL-A/XT,,1160.0,65000.0,,1342.0,1451.38,2015.21,1520.43,2111.08,1521.89,2113.1,0.76,1.82,METAL_LOSS,False,True,7.6,3026
12840.0,,0.344,-39.21,0.96,46263.61,metal loss,External,19.0,0.065,,,0.67,1.26,9:28,Recoat,,0.7,150.93,,MFL-A/XT,,1160.0,65000.0,,1342.0,1471.83,2043.6,,,,,,,METAL_LOSS,False,True,9.466666666666667,3027
12840.0,,0.344,-39.23,0.93,46263.64,metal loss,External,18.0,0.062,,,0.71,1.34,8:48,Recoat,,0.7,150.93,,MFL-A/XT,,1160.0,65000.0,,1342.0,1471.5,2043.14,,,,,,,METAL_LOSS,False,True,8.8,3028
12840.0,,0.344,-39.24,0.92,46263.64,metal loss,External,15.0,0.052,,,0.51,1.02,1:22,Recoat,,0.7,150.93,,MFL-A/XT,,1160.0,65000.0,,1342.0,1474.13,2046.79,,,,,,,METAL_LOSS,False,True,1.3666666666666667,3029
12840.0,,0.344,-39.29,0.87,46263.7,metal loss,External,12.0,0.041,,,0.47,2.28,7:59,Recoat,,0.7,150.92,,MFL-A/XT,,1160.0,65000.0,,1342.0,,,,,,,,,METAL_LOSS,False,True,7.983333333333333,3030
12850.0,,0.344,-0.79,39.35,46265.36,cluster,External,29.0,0.1,,,0.72,6.89,6:27,Recoat,,0.7,150.87,,,,1160.0,65000.0,,1342.0,1467.94,2038.2,1539.18,2137.11,1540.97,2139.59,0.75,1.84,CLUSTER,False,True,6.45,3032
12850.0,,0.344,-0.79,39.35,46265.36,cluster,External,32.0,0.11,,,0.67,4.17,8:59,Recoat,,0.7,150.87,,,,1160.0,65000.0,,1342.0,1467.83,2038.05,1538.97,2136.82,1540.34,2138.72,0.75,1.84,CLUSTER,False,True,8.983333333333333,3033
12850.0,,0.344,-0.8,39.34,46265.37,metal loss,External,13.0,0.045,,,0.83,1.97,2:32,Recoat,,0.7,150.87,,MFL-A/XT,,1160.0,65000.0,,1342.0,1471.78,2043.53,,,,,,,METAL_LOSS,False,True,2.533333333333333,3034
12850.0,,0.344,-0.8,39.34,46265.37,metal loss,External,37.0,0.127,,,0.51,1.3,8:01,Recoat,,0.7,150.87,,MFL-A/XT,,1160.0,65000.0,,1342.0,1470.38,2041.59,1541.79,2140.73,1542.69,2141.98,0.75,1.85,METAL_LOSS,False,True,8.016666666666667,3035
12850.0,,0.344,-0.81,39.33,46265.38,metal loss,External,26.0,0.089,,,0.55,1.93,3:42,Recoat,,0.7,150.87,,MFL-A/XT,,1160.0,65000.0,,1342.0,1471.74,2043.48,1543.53,2143.16,1544.0,2143.8,0.75,1.85,METAL_LOSS,False,True,3.7,3036
12850.0,,0.344,-0.82,39.33,46265.38,metal loss,External,10.0,0.034,,,0.83,1.42,3:08,Recoat,,0.7,150.87,,MFL-A/XT,,1160.0,65000.0,,1342.0,,,,,,,,,METAL_LOSS,False,True,3.1333333333333333,3037
12850.0,,0.344,-0.82,39.32,46265.39,metal loss,External,18.0,0.062,,,1.14,3.03,4:29,Recoat,,0.7,150.87,,MFL-A/XT,,1160.0,65000.0,,1342.0,1464.7,2033.7,,,,,,,METAL_LOSS,False,True,4.483333333333333,3038
12850.0,,0.344,-0.85,39.29,46265.42,metal loss,External,17.0,0.058,,,0.51,0.91,10:01,Recoat,,0.7,150.86,,MFL-A/XT,,1160.0,65000.0,,1342.0,1473.82,2046.36,,,,,,,METAL_LOSS,False,True,10.016666666666667,3039
12850.0,,0.344,-8.11,32.03,46272.68,metal loss,External,32.0,0.11,,,1.69,2.28,7:15,,,0.7,150.56,,MFL-A/XT,,1160.0,65000.0,,1342.0,1431.47,1987.56,1496.19,2077.43,1502.19,2085.76,0.78,1.79,METAL_LOSS,False,True,7.25,3043
12850.0,,0.344,-8.18,31.96,46272.75,metal loss,External,21.0,0.072,,,1.06,1.65,7:58,,,0.7,150.56,,MFL-A/XT,,1160.0,65000.0,,1342.0,1464.03,2032.77,1534.94,2131.23,1535.77,2132.38,0.76,1.84,METAL_LOSS,False,True,7.966666666666667,3044
12850.0,,0.344,-8.24,31.9,46272.81,metal loss,External,12.0,0.041,,,0.67,3.19,8:34,,,0.7,150.56,,MFL-A/XT,,1160.0,65000.0,,1342.0,,,,,,,,,METAL_LOSS,False,True,8.566666666666666,3045
12850.0,,0.344,-8.63,31.51,46273.2,metal loss,External,15.0,0.052,,,1.14,1.42,6:49,,,0.7,150.54,,MFL-A/XT,,1160.0,65000.0,,1342.0,1466.82,2036.64,,,,,,,METAL_LOSS,False,True,6.816666666666666,3046
12850.0,,0.344,-9.19,30.95,46273.76,metal loss,External,11.0,0.038,,,0.94,1.5,7:06,,,0.7,150.51,,MFL-A/XT,,1160.0,65000.0,,1342.0,,,,,,,,,METAL_LOSS,False,True,7.1,3047
12850.0,,0.344,-9.63,30.51,46274.2,metal loss,External,20.0,0.069,,,0.75,1.22,6:53,,,0.7,150.49,,MFL-A/XT,,1160.0,65000.0,,1342.0,1470.37,2041.57,1542.08,2141.13,1542.41,2141.6,0.75,1.85,METAL_LOSS,False,True,6.883333333333333,3048
12850.0,,0.344,-10.22,29.92,46274.79,metal loss,External,20.0,0.069,,,1.53,1.53,7:24,,,0.7,150.46,,MFL-A/XT,,1160.0,65000.0,,1342.0,1454.31,2019.28,1523.84,2115.82,1525.12,2117.59,0.76,1.82,METAL_LOSS,False,True,7.4,3049
12850.0,,0.344,-20.01,20.13,46284.58,metal loss,External,12.0,0.041,,,0.47,0.79,6:07,,,0.7,149.92,,MFL-A/XT,,1160.0,65000.0,,1342.0,,,,,,,,,METAL_LOSS,False,True,6.116666666666666,3050
12850.0,,0.344,-20.1,20.04,46284.67,metal loss,External,22.0,0.076,,,0.71,1.65,6:03,,,0.7,149.91,,MFL-A/XT,,1160.0,65000.0,,1342.0,1470.28,2041.44,1541.95,2140.96,1542.4,2141.58,0.75,1.85,METAL_LOSS,False,True,6.05,3051
12850.0,,0.344,-20.84,19.3,46285.4,cluster,External,25.0,0.086,,,0.79,4.21,7:19,,,0.7,149.87,,,,1160.0,65000.0,,1342.0,1467.76,2037.95,1539.07,2136.96,1540.16,2138.48,0.75,1.84,CLUSTER,False,True,7.316666666666666,3052
12850.0,,0.344,-21.13,19.01,46285.7,metal loss,External,18.0,0.062,,,0.55,1.02,6:52,,,0.7,149.86,,MFL-A/XT,,1160.0,65000.0,,1342.0,1473.3,2045.64,,,,,,,METAL_LOSS,False,True,6.866666666666667,3053
12850.0,,0.344,-21.55,18.59,46286.12,metal loss,External,13.0,0.045,,,1.73,2.17,5:33,,,0.7,149.84,,MFL-A/XT,,1160.0,65000.0,,1342.0,1459.67,2026.72,,,,,,,METAL_LOSS,False,True,5.55,3054
12850.0,,0.344,-21.64,18.5,46286.21,metal loss,External,15.0,0.052,,,0.67,1.18,9:03,,,0.7,149.83,,MFL-A/XT,,1160.0,65000.0,,1342.0,1472.85,2045.02,,,,,,,METAL_LOSS,False,True,9.05,3055
12850.0,,0.344,-22.19,17.95,46286.75,metal loss,External,13.0,0.045,,,0.43,0.67,9:16,,,0.7,149.8,,MFL-A/XT,,1160.0,65000.0,,1342.0,1474.95,2047.93,,,,,,,METAL_LOSS,False,True,9.266666666666667,3056
12850.0,,0.344,-22.27,17.87,46286.84,metal loss,External,21.0,0.072,,,0.51,1.22,9:07,,,0.7,149.8,,MFL-A/XT,,1160.0,65000.0,,1342.0,1473.16,2045.45,1545.17,2145.43,1545.37,2145.71,0.75,1.85,METAL_LOSS,False,True,9.116666666666667,3057
12850.0,,0.344,-22.61,17.53,46287.18,metal loss,External,10.0,0.034,,,0.75,1.46,6:23,,,0.7,149.78,,MFL-A/XT,,1160.0,65000.0,,1342.0,,,,,,,,,METAL_LOSS,False,True,6.383333333333334,3058
12850.0,,0.344,-23.92,16.22,46288.49,metal loss,External,32.0,0.11,,,1.14,1.53,5:53,,,0.7,149.72,,MFL-A/XT,,1160.0,65000.0,,1342.0,1453.07,2017.55,1521.86,2113.07,1524.96,2117.38,0.76,1.82,METAL_LOSS,False,True,5.883333333333333,3059
12850.0,,0.344,-29.32,10.82,46293.89,metal loss,External,11.0,0.038,,,0.83,1.53,6:13,,,0.7,149.49,,MFL-A/XT,,1160.0,65000.0,,1342.0,,,,,,,,,METAL_LOSS,False,True,6.216666666666667,3060
12850.0,,0.344,-29.78,10.36,46294.35,metal loss,External,14.0,0.048,,,1.18,1.77,6:12,,,0.7,149.48,,MFL-A/XT,,1160.0,65000.0,,1342.0,1467.0,2036.89,,,,,,,METAL_LOSS,False,True,6.2,3061
12850.0,,0.344,-31.3,8.84,46295.87,metal loss,External,10.0,0.034,,,1.18,1.69,5:46,,,0.7,149.42,,MFL-A/XT,,1160.0,65000.0,,1342.0,,,,,,,,,METAL_LOSS,False,True,5.766666666666667,3062
12860.0,,0.344,-37.85,2.24,46342.56,metal loss,External,18.0,0.062,,,0.83,1.34,8:15,,,0.7,147.35,,MFL-A/XT,,1160.0,65000.0,,1342.0,1469.86,2040.86,,,,,,,METAL_LOSS,False,True,8.25,3064
12860.0,,0.344,-38.0,2.09,46342.71,metal loss,External,12.0,0.041,,,0.59,0.98,8:00,,,0.7,147.34,,MFL-A/XT,,1160.0,65000.0,,1342.0,,,,,,,,,METAL_LOSS,False,True,8.0,3065
12860.0,,0.344,-38.3,1.79,46343.01,metal loss,External,21.0,0.072,,,0.94,1.26,8:23,,,0.7,147.33,,MFL-A/XT,,1160.0,65000.0,,1342.0,1466.44,2036.11,1537.66,2135.01,1538.32,2135.93,0.75,1.84,METAL_LOSS,False,True,8.383333333333333,3066
12860.0,,0.344,-38.86,1.23,46343.57,metal loss,External,14.0,0.048,,,1.14,1.61,8:37,,,0.7,147.3,,MFL-A/XT,,1160.0,65000.0,,1342.0,1467.33,2037.36,,,,,,,METAL_LOSS,False,True,8.616666666666667,3067
12860.0,,0.344,-39.2,0.89,46343.91,metal loss,External,10.0,0.034,,,0.83,2.32,8:11,,,0.7,147.28,,MFL-A/XT,,1160.0,65000.0,,1342.0,,,,,,,,,METAL_LOSS,False,True,8.183333333333334,3068
12870.0,,0.344,-0.78,39.14,46345.58,metal loss,External,11.0,0.038,,,0.79,1.53,3:41,,,0.7,147.2,,MFL-A/XT,,1160.0,65000.0,,1342.0,,,,,,,,,METAL_LOSS,False,True,3.6833333333333336,3070
12870.0,,0.344,-0.79,39.13,46345.6,metal loss,External,16.0,0.055,,,0.55,2.44,3:02,,,0.7,147.2,,MFL-A/XT,,1160.0,65000.0,,1342.0,1473.66,2046.14,,,,,,,METAL_LOSS,False,True,3.033333333333333,3071
12870.0,,0.344,-0.8,39.13,46345.6,metal loss,External,43.0,0.148,,,0.55,0.91,9:20,,,0.7,147.2,,MFL-A/XT,,1160.0,65000.0,,1342.0,1467.68,2037.84,1538.43,2136.07,1539.95,2138.18,0.75,1.84,METAL_LOSS,False,True,9.333333333333334,3072
12880.0,,0.344,-39.14,1.01,46423.86,cluster,External,16.0,0.055,,,1.58,4.06,5:06,,,0.7,144.68,,,,1160.0,65000.0,,1342.0,1458.42,2024.98,,,,,,,CLUSTER,False,True,5.1,3077
12880.0,,0.344,-39.19,0.96,46423.92,metal loss,External,18.0,0.062,,,1.53,1.38,2:41,,,0.7,144.68,,MFL-A/XT,,1160.0,65000.0,,1342.0,1456.77,2022.69,,,,,,,METAL_LOSS,False,True,2.6833333333333336,3078
12880.0,,0.344,-39.19,0.96,46423.92,metal loss,External,13.0,0.045,,,0.94,0.98,4:45,,,0.7,144.68,,MFL-A/XT,,1160.0,65000.0,,1342.0,1470.63,2041.93,,,,,,,METAL_LOSS,False,True,4.75,3079
12880.0,,0.344,-39.25,0.9,46423.98,metal loss,External,20.0,0.069,,,0.75,3.23,8:09,,,0.7,144.67,,MFL-A/XT,,1160.0,65000.0,,1342.0,1470.37,2041.57,1542.08,2141.13,1542.41,2141.6,0.75,1.85,METAL_LOSS,False,True,8.15,3081
12880.0,,0.344,-39.3,0.85,46424.03,metal loss,External,11.0,0.038,,,0.55,3.74,6:54,,,0.7,144.67,,MFL-A/XT,,1160.0,65000.0,,1342.0,,,,,,,,,METAL_LOSS,False,True,6.9,3082
12880.0,,0.344,-39.33,0.82,46424.06,metal loss,External,12.0,0.041,,,0.43,1.26,5:03,,,0.7,144.67,,MFL-A/XT,,1160.0,65000.0,,1342.0,,,,,,,,,METAL_LOSS,False,True,5.05,3083
12880.0,,0.344,-39.33,0.82,46424.06,metal loss,External,52.0,0.179,,,0.71,1.42,3:37,,,0.7,144.67,,MFL-A/XT,,1160.0,65000.0,,1342.0,1457.48,2023.67,1525.4,2117.98,1529.43,2123.57,0.76,1.83,METAL_LOSS,False,True,3.6166666666666667,3084
12880.0,,0.344,-39.55,0.6,46424.28,metal loss,External,11.0,0.038,,,0.79,4.53,3:51,,,0.7,144.67,,MFL-A/XT,,1160.0,65000.0,,1342.0,,,,,,,,,METAL_LOSS,False,True,3.85,3085
12890.0,,0.344,-24.4,15.76,46449.27,metal loss,External,13.0,0.045,,,1.1,1.81,4:14,,,0.7,144.54,,MFL-A/XT,,1160.0,65000.0,,1342.0,1468.63,2039.16,,,,,,,METAL_LOSS,False,True,4.233333333333333,3087
12890.0,,0.344,-24.66,15.49,46449.54,metal loss,External,11.0,0.038,,,0.63,1.22,4:11,,,0.7,144.55,,MFL-A/XT,,1160.0,65000.0,,1342.0,,,,,,,,,METAL_LOSS,False,True,4.183333333333334,3088
12890.0,,0.344,-25.0,15.15,46449.88,metal loss,External,21.0,0.072,,,0.59,1.18,4:08,,,0.7,144.56,,MFL-A/XT,,1160.0,65000.0,,1342.0,1472.28,2044.23,1544.19,2144.07,1544.46,2144.44,0.75,1.85,METAL_LOSS,False,True,4.133333333333334,3089
12890.0,,0.344,-26.62,13.53,46451.5,metal loss,External,18.0,0.062,,,0.71,1.14,7:30,,,0.7,144.59,,MFL-A/XT,,1160.0,65000.0,,1342.0,1471.5,2043.14,,,,,,,METAL_LOSS,False,True,7.5,3090
12970.0,,0.344,-23.39,9.68,46721.34,metal loss,External,16.0,0.055,,,1.61,2.99,5:25,,,0.7,137.27,,MFL-A/XT,,1160.0,65000.0,,1342.0,1457.79,2024.1,,,,,,,METAL_LOSS,False,True,5.416666666666667,3102
12980.0,,0.344,-4.89,35.27,46735.91,metal loss,External,13.0,0.045,,,1.22,1.58,1:26,,,0.7,133.95,,MFL-A/XT,,1160.0,65000.0,,1342.0,1467.08,2037.0,,,,,,,METAL_LOSS,False,True,1.4333333333333333,3104
12980.0,,0.344,-7.91,32.24,46738.94,metal loss,External,31.0,0.107,,,1.38,1.02,4:49,,,0.7,133.31,,MFL-A/XT,,1160.0,65000.0,,1342.0,1445.62,2007.21,1513.17,2101.0,1517.14,2106.51,0.77,1.81,METAL_LOSS,False,True,4.816666666666666,3105
13000.0,,0.344,-15.23,25.37,46796.38,metal loss,External,11.0,0.038,,,1.89,0.75,12:46,,,0.7,133.62,,MFL-A/XT,,1160.0,65000.0,,1342.0,,,,,,,,,METAL_LOSS,False,True,12.766666666666667,3109
13000.0,,0.344,-15.28,25.32,46796.43,metal loss,External,12.0,0.041,,,1.89,0.59,12:34,,,0.7,133.64,,MFL-A/XT,,1160.0,65000.0,,1342.0,,,,,,,,,METAL_LOSS,False,True,12.566666666666666,3110
13000.0,,0.344,-17.54,23.06,46798.69,metal loss,External,13.0,0.045,,,1.06,1.97,1:08,,,0.7,134.51,,MFL-A/XT,,1160.0,65000.0,,1342.0,1469.08,2039.78,,,,,,,METAL_LOSS,False,True,1.1333333333333333,3111
13000.0,,0.344,-19.11,21.49,46800.26,metal loss,External,12.0,0.041,,,2.05,1.89,11:16,,,0.7,135.13,,MFL-A/XT,,1160.0,65000.0,,1342.0,,,,,,,,,METAL_LOSS,False,True,11.266666666666667,3112
13000.0,,0.344,-25.32,15.28,46806.47,metal loss,External,10.0,0.034,,,0.55,1.58,8:18,,,0.7,137.49,,MFL-A/XT,,1160.0,65000.0,,1342.0,,,,,,,,,METAL_LOSS,False,True,8.3,3113
13000.0,,0.344,-25.59,15.01,46806.74,metal loss,External,18.0,0.062,,,0.55,1.26,12:14,,,0.7,137.59,,MFL-A/XT,,1160.0,65000.0,,1342.0,1473.3,2045.64,,,,,,,METAL_LOSS,False,True,12.233333333333333,3114
13000.0,,0.344,-25.61,14.99,46806.76,metal loss,External,30.0,0.103,,,0.71,1.18,11:30,,,0.7,137.59,,MFL-A/XT,,1160.0,65000.0,,1342.0,1467.6,2037.73,1538.76,2136.53,1539.84,2138.03,0.75,1.84,METAL_LOSS,False,True,11.5,3115
13000.0,,0.344,-26.23,14.38,46807.38,metal loss,External,17.0,0.058,,,0.71,1.26,10:44,,,0.7,137.81,,MFL-A/XT,,1160.0,65000.0,,1342.0,1471.79,2043.55,,,,,,,METAL_LOSS,False,True,10.733333333333333,3116
13000.0,,0.344,-26.44,14.16,46807.59,metal loss,External,12.0,0.041,,,0.39,0.98,8:27,,,0.7,137.89,,MFL-A/XT,,1160.0,65000.0,,1342.0,,,,,,,,,METAL_LOSS,False,True,8.45,3117
13000.0,,0.344,-26.56,14.05,46807.71,metal loss,External,17.0,0.058,,,0.47,1.26,8:25,,,0.7,137.93,,MFL-A/XT,,1160.0,65000.0,,1342.0,1474.23,2046.93,,,,,,,METAL_LOSS,False,True,8.416666666666666,3118
13010.0,,0.344,-16.04,0.21,46837.79,metal loss,External,18.0,0.062,,,1.81,0.67,9:33,near girth weld,,0.7,146.67,,MFL-A/XT,,1160.0,65000.0,,1342.0,1450.68,2014.23,,,,,,,METAL_LOSS,False,True,9.55,3120
13010.0,,0.344,-16.06,0.19,46837.81,metal loss,External,16.0,0.055,,,2.01,3.66,8:25,near girth weld,,0.7,146.68,,MFL-A/XT,,1160.0,65000.0,,1342.0,1449.96,2013.24,,,,,,,METAL_LOSS,False,True,8.416666666666666,3121
13020.0,,0.344,-0.68,39.32,46838.68,metal loss,External,15.0,0.052,,,2.21,1.02,4:10,,,0.7,146.92,,MFL-A/XT,,1160.0,65000.0,,1342.0,1447.9,2010.38,,,,,,,METAL_LOSS,False,True,4.166666666666667,3123
13020.0,,0.344,-0.97,39.03,46838.97,cluster,External,24.0,0.083,,,0.86,3.69,6:46,,,0.7,147.0,,,,1160.0,65000.0,,1342.0,1466.57,2036.29,1537.74,2135.12,1538.3,2135.89,0.75,1.84,CLUSTER,False,True,6.766666666666667,3124
13040.0,,0.344,-26.26,13.78,46944.38,metal loss,External,16.0,0.055,,,1.93,2.21,11:39,,,0.7,164.04,,MFL-A/XT,,1160.0,65000.0,,1342.0,1451.41,2015.25,,,,,,,METAL_LOSS,False,True,11.65,3127
13100.0,,0.344,-34.39,5.71,47192.06,Dent,,,,1.0,0.24,2.66,15.36,5:59,Possible wrinkle; Sleeved,,0.7,144.8,,MFL-A/XT,,1160.0,65000.0,,1342.0,,,,,,,,,DENT,False,True,5.983333333333333,3136
13110.0,,0.344,-5.77,28.19,47203.53,metal loss,External,12.0,0.041,,,0.91,1.97,7:10,,,0.7,140.51,,MFL-A/XT,,1160.0,65000.0,,1342.0,,,,,,,,,METAL_LOSS,False,True,7.166666666666667,3140
13110.0,,0.344,-8.7,25.25,47206.47,metal loss,External,13.0,0.045,,,1.06,1.46,2:10,,,0.7,139.46,,MFL-A/XT,,1160.0,65000.0,,1342.0,1469.23,2039.99,,,,,,,METAL_LOSS,False,True,2.1666666666666665,3141
13110.0,,0.344,-8.81,25.15,47206.57,metal loss,External,12.0,0.041,,,1.26,1.73,9:38,,,0.7,139.42,,MFL-A/XT,,1160.0,65000.0,,1342.0,,,,,,,,,METAL_LOSS,False,True,9.633333333333333,3142
13110.0,,0.344,-9.15,24.8,47206.92,metal loss,External,12.0,0.041,,,0.83,1.22,9:24,,,0.7,139.3,,MFL-A/XT,,1160.0,65000.0,,1342.0,,,,,,,,,METAL_LOSS,False,True,9.4,3143
13110.0,,0.344,-9.43,24.53,47207.19,metal loss,External,14.0,0.048,,,0.63,1.1,2:15,,,0.7,139.21,,MFL-A/XT,,1160.0,65000.0,,1342.0,1473.31,2045.66,,,,,,,METAL_LOSS,False,True,2.25,3144
13140.0,,0.344,-29.75,10.74,47272.56,metal loss,External,18.0,0.062,,,1.46,1.61,7:34,,,1.0,140.79,,MFL-A/XT,,1160.0,65000.0,,1342.0,1458.55,2025.16,,,,,,,METAL_LOSS,False,True,7.566666666666666,3153
13170.0,,0.344,-0.6,11.13,47319.31,metal loss,External,11.0,0.038,,,1.22,1.61,5:37,,,0.7,156.02,,MFL-A/XT,,1160.0,65000.0,,1342.0,,,,,,,,,METAL_LOSS,False,True,5.616666666666667,3157
13170.0,,0.344,-10.67,1.06,47329.39,metal loss,External,17.0,0.058,,,0.87,1.46,5:18,,,0.7,159.4,,MFL-A/XT,,1160.0,65000.0,,1342.0,1469.75,2040.72,,,,,,,METAL_LOSS,False,True,5.3,3158
13170.0,,0.344,-10.86,0.87,47329.58,metal loss,External,20.0,0.069,,,0.79,5.87,5:40,,,0.7,159.46,,MFL-A/XT,,1160.0,65000.0,,1342.0,1469.63,2040.54,1541.25,2139.99,1541.63,2140.52,0.75,1.84,METAL_LOSS,False,True,5.666666666666667,3159
13170.0,,0.344,-10.87,0.86,47329.58,metal loss,External,17.0,0.058,,,1.61,1.81,7:26,,,0.7,159.46,,MFL-A/XT,,1160.0,65000.0,,1342.0,1456.26,2021.98,,,,,,,METAL_LOSS,False,True,7.433333333333334,3160
13170.0,,0.344,-10.88,0.85,47329.59,metal loss,External,10.0,0.034,,,0.51,1.06,4:26,,,0.7,159.46,,MFL-A/XT,,1160.0,65000.0,,1342.0,,,,,,,,,METAL_LOSS,False,True,4.433333333333334,3161
13180.0,,0.344,-0.4,9.56,47330.84,metal loss,External,10.0,0.034,,,0.51,0.98,7:28,,,0.7,159.88,,MFL-A/XT,,1160.0,65000.0,,1342.0,,,,,,,,,METAL_LOSS,False,True,7.466666666666667,3163
13190.0,,0.344,-0.63,20.41,47341.04,metal loss,External,12.0,0.041,,,0.59,1.1,12:50,Recoat,,0.7,163.24,,MFL-A/XT,,1160.0,65000.0,,1342.0,,,,,,,,,METAL_LOSS,False,True,12.833333333333334,3166
13190.0,,0.344,-0.8,20.25,47341.2,metal loss,External,17.0,0.058,,,0.59,6.97,4:58,Recoat,,0.7,163.29,,MFL-A/XT,,1160.0,65000.0,,1342.0,1473.0,2045.22,,,,,,,METAL_LOSS,False,True,4.966666666666667,3168
13190.0,,0.344,-0.83,20.22,47341.23,metal loss,External,62.0,0.213,,,0.98,1.85,3:44,Recoat,,0.7,163.3,,MFL-A/XT,,1160.0,65000.0,,1342.0,1431.96,1988.24,1490.62,2069.68,1502.25,2085.84,0.78,1.78,METAL_LOSS,False,True,3.7333333333333334,3169
13200.0,,0.344,-12.02,28.09,47373.47,metal loss,External,14.0,0.048,,,0.43,1.02,12:11,,,0.7,172.9,,MFL-A/XT,,1160.0,65000.0,,1342.0,1474.85,2047.79,,,,,,,METAL_LOSS,False,True,12.183333333333334,3172
13200.0,,0.344,-12.1,28.0,47373.55,metal loss,External,34.0,0.117,,,1.46,1.26,12:20,,,0.7,172.92,,MFL-A/XT,,1160.0,65000.0,,1342.0,1438.77,1997.7,1504.76,2089.33,1510.1,2096.73,0.77,1.8,METAL_LOSS,False,True,12.333333333333334,3173
13200.0,,0.344,-12.52,27.59,47373.97,metal loss,External,43.0,0.148,,,0.94,1.85,12:04,,,0.7,173.04,,MFL-A/XT,,1160.0,65000.0,,1342.0,1452.89,2017.3,1520.74,2111.52,1524.89,2117.27,0.76,1.82,METAL_LOSS,False,True,12.066666666666666,3174
13200.0,,0.344,-12.74,27.36,47374.19,cluster,External,53.0,0.182,,,1.57,2.7,12:09,,,0.7,173.09,,,,1160.0,65000.0,,1342.0,1398.21,1941.38,1450.3,2013.7,1462.46,2030.59,0.8,1.74,CLUSTER,False,True,12.15,3175
13200.0,,0.344,-38.99,1.12,47400.44,metal loss,External,15.0,0.052,,,0.83,2.56,4:21,,,0.7,178.85,,MFL-A/XT,,1160.0,65000.0,,1342.0,1471.17,2042.68,,,,,,,METAL_LOSS,False,True,4.35,3177
13200.0,,0.344,-39.04,1.06,47400.49,metal loss,External,21.0,0.072,,,1.46,1.61,6:10,,,0.7,178.86,,MFL-A/XT,,1160.0,65000.0,,1342.0,1455.17,2020.47,1524.82,2117.17,1526.25,2119.16,0.76,1.83,METAL_LOSS,False,True,6.166666666666667,3179
13200.0,,0.344,-39.14,0.96,47400.59,metal loss,External,18.0,0.062,,,0.47,1.26,4:34,,,0.7,178.87,,MFL-A/XT,,1160.0,65000.0,,1342.0,1474.1,2046.75,,,,,,,METAL_LOSS,False,True,4.566666666666666,3181
13200.0,,0.344,-39.21,0.9,47400.66,metal loss,External,28.0,0.096,,,0.75,1.22,1:56,,,0.7,178.89,,MFL-A/XT,,1160.0,65000.0,,1342.0,1467.25,2037.23,1538.41,2136.04,1539.44,2137.48,0.75,1.84,METAL_LOSS,False,True,1.9333333333333333,3182
13200.0,,0.344,-39.26,0.84,47400.71,metal loss,External,11.0,0.038,,,0.39,1.53,5:36,,,0.7,178.9,,MFL-A/XT,,1160.0,65000.0,,1342.0,,,,,,,,,METAL_LOSS,False,True,5.6,3187
13200.0,,0.344,-39.27,0.84,47400.71,metal loss,External,14.0,0.048,,,0.32,0.59,5:54,,,0.7,178.9,,MFL-A/XT,,1160.0,65000.0,,1342.0,1475.43,2048.6,,,,,,,METAL_LOSS,False,True,5.9,3188
13210.0,,0.344,-0.79,39.24,47402.35,metal loss,External,12.0,0.041,,,1.81,2.48,4:24,,,0.7,179.16,,MFL-A/XT,,1160.0,65000.0,,1342.0,,,,,,,,,METAL_LOSS,False,True,4.4,3190
13210.0,,0.344,-0.82,39.21,47402.38,metal loss,External,23.0,0.079,,,0.91,2.01,3:05,,,0.7,179.17,,MFL-A/XT,,1160.0,65000.0,,1342.0,1466.11,2035.65,1537.25,2134.43,1538.1,2135.61,0.75,1.84,METAL_LOSS,False,True,3.0833333333333335,3192
13210.0,,0.344,-0.83,39.2,47402.39,metal loss,External,15.0,0.052,,,0.87,4.45,1:53,,,0.7,179.17,,MFL-A/XT,,1160.0,65000.0,,1342.0,1470.44,2041.68,,,,,,,METAL_LOSS,False,True,1.8833333333333333,3193
13210.0,,0.344,-0.84,39.2,47402.39,metal loss,External,13.0,0.045,,,0.87,3.15,3:36,,,0.7,179.17,,MFL-A/XT,,1160.0,65000.0,,1342.0,1471.41,2043.01,,,,,,,METAL_LOSS,False,True,3.6,3194
13210.0,,0.344,-0.99,39.05,47402.54,metal loss,External,14.0,0.048,,,0.71,1.14,9:39,,,0.7,179.19,,MFL-A/XT,,1160.0,65000.0,,1342.0,1472.65,2044.73,,,,,,,METAL_LOSS,False,True,9.65,3195
13210.0,,0.344,-11.35,28.68,47412.91,metal loss,External,52.0,0.179,,,0.32,1.34,6:13,,,0.7,180.79,,MFL-A/XT,,1160.0,65000.0,,1342.0,1472.54,2044.59,1544.02,2143.83,1544.81,2144.93,0.75,1.85,METAL_LOSS,False,True,6.216666666666667,3196
13220.0,,0.344,-39.02,0.91,47480.61,metal loss,External,15.0,0.052,,,0.67,3.03,4:44,,,1.0,183.15,,MFL-A/XT,,1160.0,65000.0,,1342.0,1472.73,2044.85,,,,,,,METAL_LOSS,False,True,4.733333333333333,3200
13230.0,,0.344,-0.81,39.26,47482.33,metal loss,External,11.0,0.038,,,0.47,1.22,5:07,,,0.7,183.14,,MFL-A/XT,,1160.0,65000.0,,1342.0,,,,,,,,,METAL_LOSS,False,True,5.116666666666666,3202
13260.0,,0.344,-39.0,1.08,47623.55,cluster,External,26.0,0.089,,,1.91,4.84,6:01,,,0.7,181.69,,,,1160.0,65000.0,,1342.0,1434.66,1992.0,1500.45,2083.33,1514.57,2102.94,0.77,1.8,CLUSTER,False,True,6.016666666666667,3206
13260.0,,0.344,-39.12,0.96,47623.67,metal loss,External,13.0,0.045,,,0.43,1.3,4:42,,,0.7,181.68,,MFL-A/XT,,1160.0,65000.0,,1342.0,1474.95,2047.93,,,,,,,METAL_LOSS,False,True,4.7,3207
13260.0,,0.344,-39.12,0.96,47623.67,metal loss,External,19.0,0.065,,,1.34,3.46,5:06,,,0.7,181.68,,MFL-A/XT,,1160.0,65000.0,,1342.0,1459.8,2026.89,,,,,,,METAL_LOSS,False,True,5.1,3208
13260.0,,0.344,-39.18,0.91,47623.72,metal loss,External,23.0,0.079,,,0.55,1.14,7:46,,,0.7,181.68,,MFL-A/XT,,1160.0,65000.0,,1342.0,1472.35,2044.32,1544.24,2144.15,1544.57,2144.59,0.75,1.85,METAL_LOSS,False,True,7.766666666666667,3209
13260.0,,0.344,-39.18,0.9,47623.73,metal loss,External,18.0,0.062,,,0.59,1.42,4:04,,,0.7,181.68,,MFL-A/XT,,1160.0,65000.0,,1342.0,1472.79,2044.93,,,,,,,METAL_LOSS,False,True,4.066666666666666,3210
13320.0,,0.344,-10.06,0.12,47780.08,metal loss,External,10.0,0.034,,,0.75,1.81,1:06,affecting girth weld,,0.7,175.11,,MFL-A/XT,,1160.0,65000.0,,1342.0,,,,,,,,,METAL_LOSS,False,True,1.1,3223
13570.0,,0.344,-7.6,0.27,48607.89,metal loss,External,14.0,0.048,,,1.06,5.79,5:49,near girth weld,,0.7,102.18,,MFL-A/XT,,1160.0,65000.0,,1342.0,1468.64,2039.17,,,,,,,METAL_LOSS,False,True,5.816666666666666,3252
13570.0,,0.344,-7.64,0.23,48607.92,metal loss,External,18.0,0.062,,,0.94,4.61,4:05,near girth weld,,0.7,102.16,,MFL-A/XT,,1160.0,65000.0,,1342.0,1468.01,2038.3,,,,,,,METAL_LOSS,False,True,4.083333333333333,3253
13700.0,,0.344,-0.79,28.5,48882.16,cluster,External,59.0,0.203,,,2.75,2.39,5:14,,,1.0,203.14,,,,1160.0,65000.0,,1342.0,1276.7,1772.66,1285.87,1785.4,1417.4,1968.03,0.9,1.54,CLUSTER,False,True,5.233333333333333,3271
13700.0,,0.344,-0.8,28.49,48882.17,metal loss,External,12.0,0.041,,,0.43,0.67,6:05,,,1.0,203.14,,MFL-A/XT,,1160.0,65000.0,,1342.0,,,,,,,,,METAL_LOSS,False,True,6.083333333333333,3272
13700.0,,0.344,-0.89,28.4,48882.26,cluster,External,43.0,0.148,,,1.92,1.34,6:20,,,1.0,203.14,,,,1160.0,65000.0,,1342.0,1396.14,1938.5,1450.84,2014.46,1498.42,2080.51,0.8,1.74,CLUSTER,False,True,6.333333333333333,3273
13700.0,,0.344,-0.99,28.3,48882.36,metal loss,External,13.0,0.045,,,0.79,1.22,5:53,,,1.0,203.15,,MFL-A/XT,,1160.0,65000.0,,1342.0,1472.26,2044.19,,,,,,,METAL_LOSS,False,True,5.883333333333333,3274
13710.0,,0.344,-24.33,15.5,48934.99,Dent,,,,1.8,0.432,11.37,5.59,5:10,,,1.0,206.45,,MFL-A/XT,,1160.0,65000.0,,1342.0,,,,,,,,,DENT,False,True,5.166666666666667,3276
13770.0,,0.344,-22.95,17.13,49173.59,Dent,,,,1.7,0.408,19.46,6.98,5:52,,,0.7,211.2,,MFL-A/XT,,1160.0,65000.0,,1342.0,,,,,,,,,DENT,False,True,5.866666666666667,3283
14020.0,,0.344,-39.57,0.47,50168.38,metal loss,External,10.0,0.034,,,1.22,0.87,6:40,,,0.7,166.1,,MFL-A/XT,,1160.0,65000.0,,1342.0,,,,,,,,,METAL_LOSS,False,True,6.666666666666667,3309
14020.0,,0.344,-39.57,0.47,50168.38,metal loss,External,23.0,0.079,,,0.71,1.38,5:22,,,0.7,166.1,,MFL-A/XT,,1160.0,65000.0,,1342.0,1469.96,2041.0,1541.58,2140.44,1542.1,2141.17,0.75,1.85,METAL_LOSS,False,True,5.366666666666666,3310
14040.0,,0.344,-37.63,2.41,50246.66,metal loss,External,11.0,0.038,,,1.14,1.89,9:40,,,0.7,148.68,,MFL-A/XT,,1160.0,65000.0,,1342.0,,,,,,,,,METAL_LOSS,False,True,9.666666666666666,3313
14040.0,,0.344,-37.83,2.21,50246.85,metal loss,External,18.0,0.062,,,0.79,2.52,7:09,,,0.7,148.62,,MFL-A/XT,,1160.0,65000.0,,1342.0,1470.54,2041.81,,,,,,,METAL_LOSS,False,True,7.15,3314
14040.0,,0.344,-37.86,2.18,50246.88,metal loss,External,22.0,0.076,,,0.71,1.5,8:00,,,0.7,148.61,,MFL-A/XT,,1160.0,65000.0,,1342.0,1470.28,2041.44,1541.95,2140.96,1542.4,2141.58,0.75,1.85,METAL_LOSS,False,True,8.0,3315
14040.0,,0.344,-37.94,2.1,50246.97,metal loss,External,24.0,0.083,,,0.63,1.14,11:19,,,0.7,148.58,,MFL-A/XT,,1160.0,65000.0,,1342.0,1471.06,2042.53,1542.79,2142.13,1543.26,2142.78,0.75,1.85,METAL_LOSS,False,True,11.316666666666666,3316
14060.0,,0.344,-6.05,34.49,50264.77,metal loss,External,14.0,0.048,,,1.34,1.77,10:56,,,0.7,149.39,,MFL-A/XT,,1160.0,65000.0,,1342.0,1464.52,2033.45,,,,,,,METAL_LOSS,False,True,10.933333333333334,3321
14060.0,,0.344,-7.47,33.07,50266.19,metal loss,External,11.0,0.038,,,1.5,2.28,10:51,,,0.7,149.76,,MFL-A/XT,,1160.0,65000.0,,1342.0,,,,,,,,,METAL_LOSS,False,True,10.85,3322
14060.0,,0.344,-9.05,31.5,50267.77,metal loss,External,14.0,0.048,,,1.81,1.89,11:06,,,0.7,150.17,,MFL-A/XT,,1160.0,65000.0,,1342.0,1456.85,2022.8,,,,,,,METAL_LOSS,False,True,11.1,3323
14060.0,,0.344,-10.4,30.15,50269.11,metal loss,External,13.0,0.045,,,1.3,1.97,8:43,,,0.7,150.5,,MFL-A/XT,,1160.0,65000.0,,1342.0,1466.1,2035.64,,,,,,,METAL_LOSS,False,True,8.716666666666667,3324
14060.0,,0.344,-10.56,29.98,50269.28,metal loss,External,12.0,0.041,,,1.69,2.01,11:04,,,0.7,150.54,,MFL-A/XT,,1160.0,65000.0,,1342.0,,,,,,,,,METAL_LOSS,False,True,11.066666666666666,3325
14060.0,,0.344,-10.85,29.69,50269.57,metal loss,External,11.0,0.038,,,0.51,1.1,8:45,,,0.7,150.61,,MFL-A/XT,,1160.0,65000.0,,1342.0,,,,,,,,,METAL_LOSS,False,True,8.75,3326
14060.0,,0.344,-10.85,29.69,50269.57,metal loss,External,11.0,0.038,,,1.18,1.58,11:02,,,0.7,150.61,,MFL-A/XT,,1160.0,65000.0,,1342.0,,,,,,,,,METAL_LOSS,False,True,11.033333333333333,3327
14060.0,,0.344,-10.95,29.59,50269.67,metal loss,External,12.0,0.041,,,1.38,1.42,8:37,,,0.7,150.64,,MFL-A/XT,,1160.0,65000.0,,1342.0,,,,,,,,,METAL_LOSS,False,True,8.616666666666667,3328
14060.0,,0.344,-11.15,29.39,50269.87,metal loss,External,10.0,0.034,,,1.22,1.61,4:12,,,0.7,150.69,,MFL-A/XT,,1160.0,65000.0,,1342.0,,,,,,,,,METAL_LOSS,False,True,4.2,3329
14060.0,,0.344,-11.72,28.82,50270.44,metal loss,External,10.0,0.034,,,1.1,1.58,8:38,,,0.7,150.82,,MFL-A/XT,,1160.0,65000.0,,1342.0,,,,,,,,,METAL_LOSS,False,True,8.633333333333333,3330
14060.0,,0.344,-11.83,28.71,50270.55,metal loss,External,10.0,0.034,,,2.01,2.6,10:34,,,0.7,150.85,,MFL-A/XT,,1160.0,65000.0,,1342.0,,,,,,,,,METAL_LOSS,False,True,10.566666666666666,3331
14060.0,,0.344,-12.26,28.29,50270.98,metal loss,External,12.0,0.041,,,0.94,1.38,8:33,,,0.7,150.94,,MFL-A/XT,,1160.0,65000.0,,1342.0,,,,,,,,,METAL_LOSS,False,True,8.55,3332
14060.0,,0.344,-12.56,27.99,50271.28,metal loss,External,17.0,0.058,,,1.26,1.97,8:45,,,0.7,151.01,,MFL-A/XT,,1160.0,65000.0,,1342.0,1463.29,2031.74,,,,,,,METAL_LOSS,False,True,8.75,3333
14060.0,,0.344,-13.08,27.46,50271.8,metal loss,External,13.0,0.045,,,1.22,1.65,11:06,,,0.7,151.13,,MFL-A/XT,,1160.0,65000.0,,1342.0,1467.24,2037.22,,,,,,,METAL_LOSS,False,True,11.1,3334
14060.0,,0.344,-13.1,27.45,50271.82,metal loss,External,17.0,0.058,,,1.53,2.28,8:44,,,0.7,151.14,,MFL-A/XT,,1160.0,65000.0,,1342.0,1457.97,2024.36,,,,,,,METAL_LOSS,False,True,8.733333333333333,3335
14060.0,,0.344,-13.35,27.19,50272.07,metal loss,External,15.0,0.052,,,1.38,1.61,11:07,,,0.7,151.19,,MFL-A/XT,,1160.0,65000.0,,1342.0,1463.2,2031.62,,,,,,,METAL_LOSS,False,True,11.116666666666667,3336
14060.0,,0.344,-13.67,26.88,50272.39,metal loss,External,21.0,0.072,,,0.87,1.42,8:46,,,0.7,151.26,,MFL-A/XT,,1160.0,65000.0,,1342.0,1467.78,2037.98,1539.17,2137.1,1539.74,2137.9,0.75,1.84,METAL_LOSS,False,True,8.766666666666667,3337
14060.0,,0.344,-13.85,26.7,50272.56,cluster,External,18.0,0.062,,,2.42,6.58,10:58,,,0.7,151.3,,,,1160.0,65000.0,,1342.0,1436.29,1994.25,,,,,,,CLUSTER,False,True,10.966666666666667,3338
14060.0,,0.344,-13.88,26.66,50272.6,cluster,External,24.0,0.083,,,1.72,1.55,8:31,,,0.7,151.31,,,,1160.0,65000.0,,1342.0,1443.26,2003.93,1510.78,2097.68,1520.76,2111.54,0.77,1.81,CLUSTER,False,True,8.516666666666667,3339
14060.0,,0.344,-14.47,26.08,50273.19,metal loss,External,11.0,0.038,,,0.47,0.75,8:43,,,0.7,151.43,,MFL-A/XT,,1160.0,65000.0,,1342.0,,,,,,,,,METAL_LOSS,False,True,8.716666666666667,3340
14060.0,,0.344,-14.47,26.07,50273.19,metal loss,External,14.0,0.048,,,2.24,0.59,8:55,,,0.7,151.43,,MFL-A/XT,,1160.0,65000.0,,1342.0,1449.32,2012.34,,,,,,,METAL_LOSS,False,True,8.916666666666666,3341
14060.0,,0.344,-14.55,25.99,50273.27,metal loss,External,12.0,0.041,,,0.83,0.91,8:39,,,0.7,151.45,,MFL-A/XT,,1160.0,65000.0,,1342.0,,,,,,,,,METAL_LOSS,False,True,8.65,3342
14060.0,,0.344,-14.56,25.98,50273.28,metal loss,External,18.0,0.062,,,0.79,1.26,9:18,,,0.7,151.45,,MFL-A/XT,,1160.0,65000.0,,1342.0,1470.54,2041.81,,,,,,,METAL_LOSS,False,True,9.3,3343
14060.0,,0.344,-14.96,25.58,50273.68,metal loss,External,17.0,0.058,,,0.71,1.3,8:42,Recoat,,0.7,151.54,,MFL-A/XT,,1160.0,65000.0,,1342.0,1471.79,2043.55,,,,,,,METAL_LOSS,False,True,8.7,3345
14060.0,,0.344,-15.44,25.1,50274.16,metal loss,External,16.0,0.055,,,1.3,1.61,4:14,Recoat,,0.7,151.64,,MFL-A/XT,,1160.0,65000.0,,1342.0,1463.51,2032.05,,,,,,,METAL_LOSS,False,True,4.233333333333333,3346
14060.0,,0.344,-16.02,24.53,50274.74,metal loss,External,11.0,0.038,,,0.67,1.22,1:57,Recoat,,0.7,151.76,,MFL-A/XT,,1160.0,65000.0,,1342.0,,,,,,,,,METAL_LOSS,False,True,1.95,3347
14060.0,,0.344,-16.29,24.25,50275.01,metal loss,External,20.0,0.069,,,2.17,1.58,2:43,Recoat,,0.7,151.81,,MFL-A/XT,,1160.0,65000.0,,1342.0,1438.24,1996.95,1504.84,2089.43,1507.08,2092.54,0.77,1.8,METAL_LOSS,False,True,2.716666666666667,3348
14060.0,,0.344,-16.6,23.94,50275.32,metal loss,External,19.0,0.065,,,2.21,1.18,2:08,Recoat,,0.7,151.87,,MFL-A/XT,,1160.0,65000.0,,1342.0,1439.48,1998.68,,,,,,,METAL_LOSS,False,True,2.1333333333333333,3349
14060.0,,0.344,-16.69,23.86,50275.41,metal loss,External,18.0,0.062,,,1.22,1.53,4:06,Recoat,,0.7,151.89,,MFL-A/XT,,1160.0,65000.0,,1342.0,1463.13,2031.51,,,,,,,METAL_LOSS,False,True,4.1,3350
14060.0,,0.344,-16.97,23.57,50275.69,metal loss,External,10.0,0.034,,,1.06,1.26,4:08,Recoat,,0.7,151.95,,MFL-A/XT,,1160.0,65000.0,,1342.0,,,,,,,,,METAL_LOSS,False,True,4.133333333333334,3351
14060.0,,0.344,-17.03,23.52,50275.75,metal loss,External,11.0,0.038,,,0.63,0.98,4:38,Recoat,,0.7,151.96,,MFL-A/XT,,1160.0,65000.0,,1342.0,,,,,,,,,METAL_LOSS,False,True,4.633333333333333,3352
14060.0,,0.344,-24.17,16.37,50282.89,metal loss,External,59.0,0.203,,,0.67,1.14,4:58,Repaired?,,0.7,153.18,,MFL-A/XT,,1160.0,65000.0,,1342.0,1456.2,2021.89,1522.89,2114.49,1527.88,2121.42,0.76,1.82,METAL_LOSS,False,True,4.966666666666667,3356
14110.0,,0.344,-39.22,0.87,50475.51,metal loss,External,13.0,0.045,,,0.51,1.42,6:59,,,1.0,157.61,,MFL-A/XT,,1160.0,65000.0,,1342.0,1474.43,2047.21,,,,,,,METAL_LOSS,False,True,6.983333333333333,3365
14200.0,,0.344,-27.9,12.17,50820.9,metal loss manufacturing,,12.0,0.041,,,0.39,0.59,10:00,,,0.7,141.54,,MFL-A/XT,,1160.0,65000.0,,1342.0,,,,,,,,,METAL_LOSS_MFG,False,True,10.0,3375
14200.0,,0.344,-28.08,12.0,50821.08,metal loss manufacturing,,19.0,0.065,,,0.35,0.71,6:31,,,0.7,141.53,,MFL-A/XT,,1160.0,65000.0,,1342.0,,,,,,,,,METAL_LOSS_MFG,False,True,6.516666666666667,3376
14300.0,,0.344,-11.05,27.88,51203.96,metal loss manufacturing,,14.0,0.048,,,0.35,0.63,10:34,,,0.7,95.52,,MFL-A/XT,,1160.0,65000.0,,1342.0,,,,,,,,,METAL_LOSS_MFG,False,True,10.566666666666666,3391
14310.0,,0.344,-39.37,0.84,51271.21,cluster,External,22.0,0.076,,,1.26,5.26,7:26,,,0.7,84.58,,,,1160.0,65000.0,,1342.0,1458.89,2025.63,1529.06,2123.07,1529.63,2123.85,0.76,1.83,CLUSTER,False,True,7.433333333333334,3393
14310.0,,0.344,-39.38,0.84,51271.22,metal loss,External,12.0,0.041,,,0.75,0.71,6:52,,,0.7,84.58,,MFL-A/XT,,1160.0,65000.0,,1342.0,,,,,,,,,METAL_LOSS,False,True,6.866666666666667,3394
14310.0,,0.344,-39.6,0.61,51271.44,metal loss,External,11.0,0.038,,,0.75,2.17,5:14,,,0.7,84.55,,MFL-A/XT,,1160.0,65000.0,,1342.0,,,,,,,,,METAL_LOSS,False,True,5.233333333333333,3395
14310.0,,0.344,-39.83,0.38,51271.67,metal loss,External,15.0,0.052,,,0.51,0.79,6:21,,,0.7,84.52,,MFL-A/XT,,1160.0,65000.0,,1342.0,1474.13,2046.79,,,,,,,METAL_LOSS,False,True,6.35,3396
14310.0,,0.344,-39.93,0.28,51271.78,metal loss,External,12.0,0.041,,,0.55,0.75,8:15,,,0.7,84.51,,MFL-A/XT,,1160.0,65000.0,,1342.0,,,,,,,,,METAL_LOSS,False,True,8.25,3397
14310.0,,0.344,-40.0,0.22,51271.84,metal loss,External,25.0,0.086,,,0.75,5.12,3:56,near girth weld,,0.7,84.5,,MFL-A/XT,,1160.0,65000.0,,1342.0,1468.63,2039.15,1540.04,2138.31,1540.78,2139.34,0.75,1.84,METAL_LOSS,False,True,3.9333333333333336,3398
14310.0,,0.344,-40.0,0.21,51271.84,metal loss,External,14.0,0.048,,,0.91,6.81,5:36,near girth weld,,0.7,84.5,,MFL-A/XT,,1160.0,65000.0,,1342.0,1470.45,2041.68,,,,,,,METAL_LOSS,False,True,5.6,3399
14310.0,,0.344,-40.11,0.11,51271.95,metal loss,External,10.0,0.034,,,0.59,10.08,6:18,affecting girth weld,,0.7,84.49,,MFL-A/XT,,1160.0,65000.0,,1342.0,,,,,,,,,METAL_LOSS,False,True,6.3,3400
14470.0,,0.344,-21.63,18.78,51640.0,cluster,External,71.0,0.244,,,0.88,4.48,11:35,,,0.7,90.01,,,,1160.0,65000.0,,1342.0,1431.83,1988.06,1486.67,2064.2,1508.11,2093.97,0.78,1.78,CLUSTER,False,True,11.583333333333334,3421
14470.0,,0.344,-21.9,18.51,51640.27,metal loss,External,57.0,0.196,,,0.83,1.34,12:09,,,0.7,90.11,,MFL-A/XT,,1160.0,65000.0,,1342.0,1448.11,2010.67,1512.87,2100.59,1519.56,2109.87,0.77,1.81,METAL_LOSS,False,True,12.15,3422
14470.0,,0.344,-24.25,16.15,51642.63,metal loss,External,10.0,0.034,,,0.83,1.26,5:27,,,0.7,90.95,,MFL-A/XT,,1160.0,65000.0,,1342.0,,,,,,,,,METAL_LOSS,False,True,5.45,3423
14500.0,,0.344,-1.26,25.31,51691.64,metal loss,External,20.0,0.069,,,0.83,1.42,6:20,,,0.7,105.61,,MFL-A/XT,,1160.0,65000.0,,1342.0,1469.05,2039.74,1540.61,2139.09,1541.02,2139.67,0.75,1.84,METAL_LOSS,False,True,6.333333333333333,3427
14650.0,,0.344,-38.78,1.25,52251.87,metal loss,External,15.0,0.052,,,2.05,2.28,7:58,,,1.0,127.48,,MFL-A/XT,,1160.0,65000.0,,1342.0,1450.85,2014.47,,,,,,,METAL_LOSS,False,True,7.966666666666667,3444
14650.0,,0.344,-38.8,1.23,52251.88,metal loss,External,12.0,0.041,,,1.97,0.98,7:29,,,1.0,127.48,,MFL-A/XT,,1160.0,65000.0,,1342.0,,,,,,,,,METAL_LOSS,False,True,7.483333333333333,3445
14890.0,,0.344,-39.09,0.92,53192.12,metal loss,External,22.0,0.076,,,0.87,4.05,6:36,,,0.7,184.78,,MFL-A/XT,,1160.0,65000.0,,1342.0,1467.32,2037.33,1538.63,2136.35,1539.31,2137.29,0.75,1.84,METAL_LOSS,False,True,6.6,3471
14910.0,,0.344,-1.13,38.97,53234.28,metal loss,External,13.0,0.045,,,0.51,0.71,7:09,,,0.7,191.32,,MFL-A/XT,,1160.0,65000.0,,1342.0,1474.43,2047.21,,,,,,,METAL_LOSS,False,True,7.15,3476
14910.0,,0.344,-31.1,8.99,53264.25,Dent,,,,1.6,0.384,18.09,5.59,6:12,,,0.7,196.26,,MFL-A/XT,,1160.0,65000.0,,1342.0,,,,,,,,,DENT,False,True,6.2,3477
14920.0,,0.344,-1.69,38.27,53274.94,metal loss,External,13.0,0.045,,,0.91,1.42,4:51,,,0.7,198.02,,MFL-A/XT,,1160.0,65000.0,,1342.0,1471.02,2042.48,,,,,,,METAL_LOSS,False,True,4.85,3479
14920.0,,0.344,-1.99,37.97,53275.24,metal loss,External,10.0,0.034,,,0.63,1.1,5:10,,,0.7,198.06,,MFL-A/XT,,1160.0,65000.0,,1342.0,,,,,,,,,METAL_LOSS,False,True,5.166666666666667,3480
15050.0,,0.344,-39.15,0.88,53823.99,metal loss,External,15.0,0.052,,,0.63,1.26,7:01,,,0.7,168.45,,MFL-A/XT,,1160.0,65000.0,,1342.0,1473.08,2045.34,,,,,,,METAL_LOSS,False,True,7.016666666666667,3495
15240.0,,0.344,-0.78,33.68,54472.58,metal loss,External,12.0,0.041,,,1.65,0.63,5:05,Recoat,,0.7,166.28,,MFL-A/XT,,1160.0,65000.0,,1342.0,,,,,,,,,METAL_LOSS,False,True,5.083333333333333,3527
15240.0,,0.344,-0.79,33.67,54472.6,metal loss,External,28.0,0.096,,,0.83,1.46,5:30,Recoat,,0.7,166.29,,MFL-A/XT,,1160.0,65000.0,,1342.0,1465.56,2034.89,1536.49,2133.37,1537.71,2135.07,0.75,1.84,METAL_LOSS,False,True,5.5,3528
15240.0,,0.344,-0.79,33.66,54472.6,metal loss,External,23.0,0.079,,,0.83,5.79,6:12,Recoat,,0.7,166.29,,MFL-A/XT,,1160.0,65000.0,,1342.0,1467.79,2037.99,1539.14,2137.06,1539.85,2138.04,0.75,1.84,METAL_LOSS,False,True,6.2,3529
15280.0,,0.344,-0.79,30.71,54627.4,metal loss,External,21.0,0.072,,,0.55,2.87,6:11,Recoat,,0.7,218.9,,MFL-A/XT,,1160.0,65000.0,,1342.0,1472.74,2044.86,1544.7,2144.77,1544.93,2145.1,0.75,1.85,METAL_LOSS,False,True,6.183333333333334,3536
15530.0,,0.344,-34.24,5.82,55653.55,metal loss manufacturing,,11.0,0.038,,,0.35,0.63,4:03,,,1.0,228.78,,MFL-A/XT,,1160.0,65000.0,,1342.0,,,,,,,,,METAL_LOSS_MFG,False,True,4.05,3564
15540.0,,0.344,-36.98,3.12,55696.34,metal loss manufacturing,,18.0,0.062,,,0.39,0.87,3:06,,,0.7,225.06,,MFL-A/XT,,1160.0,65000.0,,1342.0,,,,,,,,,METAL_LOSS_MFG,False,True,3.1,3566
15770.0,,0.344,-18.58,0.87,56478.45,metal loss,External,15.0,0.052,,,0.63,1.93,8:50,,,0.7,191.19,,MFL-A/XT,,1160.0,65000.0,,1342.0,1473.2,2045.5,,,,,,,METAL_LOSS,False,True,8.833333333333334,3591
15770.0,,0.344,-18.6,0.85,56478.47,metal loss,External,13.0,0.045,,,0.55,1.42,6:04,,,0.7,191.18,,MFL-A/XT,,1160.0,65000.0,,1342.0,1474.18,2046.86,,,,,,,METAL_LOSS,False,True,6.066666666666666,3592
15780.0,,0.344,-0.79,39.29,56480.11,metal loss,External,11.0,0.038,,,0.91,6.54,7:07,,,0.7,190.84,,MFL-A/XT,,1160.0,65000.0,,1342.0,,,,,,,,,METAL_LOSS,False,True,7.116666666666666,3594
15780.0,,0.344,-0.8,39.28,56480.13,metal loss,External,11.0,0.038,,,1.58,2.95,5:42,,,0.7,190.84,,MFL-A/XT,,1160.0,65000.0,,1342.0,,,,,,,,,METAL_LOSS,False,True,5.7,3595
15850.0,,0.344,-7.08,24.67,56711.64,metal loss,External,12.0,0.041,,,0.87,1.58,6:27,,,0.7,109.51,,MFL-A/XT,,1160.0,65000.0,,1342.0,,,,,,,,,METAL_LOSS,False,True,6.45,3603
15850.0,,0.344,-8.41,23.33,56712.97,metal loss,External,10.0,0.034,,,1.06,1.42,8:46,,,0.7,108.85,,MFL-A/XT,,1160.0,65000.0,,1342.0,,,,,,,,,METAL_LOSS,False,True,8.766666666666667,3604
15850.0,,0.344,-8.85,22.89,56713.41,metal loss,External,10.0,0.034,,,0.43,1.18,4:37,,,0.7,108.63,,MFL-A/XT,,1160.0,65000.0,,1342.0,,,,,,,,,METAL_LOSS,False,True,4.616666666666667,3605
15850.0,,0.344,-9.03,22.71,56713.59,metal loss,External,12.0,0.041,,,0.71,1.73,4:10,,,0.7,108.53,,MFL-A/XT,,1160.0,65000.0,,1342.0,,,,,,,,,METAL_LOSS,False,True,4.166666666666667,3606
15850.0,,0.344,-9.05,22.69,56713.61,metal loss,External,24.0,0.083,,,1.85,2.43,9:12,,,0.7,108.52,,MFL-A/XT,,1160.0,65000.0,,1342.0,1439.3,1998.43,1506.07,2091.14,1509.48,2095.87,0.77,1.8,METAL_LOSS,False,True,9.2,3607
15850.0,,0.344,-9.15,22.6,56713.71,metal loss,External,11.0,0.038,,,0.67,1.5,4:18,,,0.7,108.47,,MFL-A/XT,,1160.0,65000.0,,1342.0,,,,,,,,,METAL_LOSS,False,True,4.3,3608
15850.0,,0.344,-9.87,21.87,56714.43,metal loss,External,15.0,0.052,,,0.83,1.61,1:48,,,0.7,108.1,,MFL-A/XT,,1160.0,65000.0,,1342.0,1471.03,2042.48,,,,,,,METAL_LOSS,False,True,1.8,3609
15850.0,,0.344,-9.93,21.82,56714.49,cluster,External,19.0,0.065,,,2.0,4.48,9:55,,,0.7,108.08,,,,1160.0,65000.0,,1342.0,1444.36,2005.45,,,,,,,CLUSTER,False,True,9.916666666666666,3610
15850.0,,0.344,-11.81,19.94,56716.36,metal loss,External,13.0,0.045,,,1.93,1.73,9:54,,,0.7,107.1,,MFL-A/XT,,1160.0,65000.0,,1342.0,1456.43,2022.22,,,,,,,METAL_LOSS,False,True,9.9,3611
15850.0,,0.344,-12.89,18.85,56717.45,metal loss,External,10.0,0.034,,,2.05,2.09,9:48,,,0.7,106.52,,MFL-A/XT,,1160.0,65000.0,,1342.0,,,,,,,,,METAL_LOSS,False,True,9.8,3612
15900.0,,0.344,-0.67,39.46,56850.45,metal loss,External,10.0,0.034,,,0.79,1.5,8:04,,,1.0,125.88,,MFL-A/XT,,1160.0,65000.0,,1342.0,,,,,,,,,METAL_LOSS,False,True,8.066666666666666,3621
15900.0,,0.344,-1.16,38.98,56850.94,metal loss,External,14.0,0.048,,,0.91,0.71,9:46,,,1.0,125.93,,MFL-A/XT,,1160.0,65000.0,,1342.0,1470.59,2041.87,,,,,,,METAL_LOSS,False,True,9.766666666666667,3622
15900.0,,0.344,-1.4,38.74,56851.18,metal loss,External,11.0,0.038,,,1.5,1.81,9:12,,,1.0,125.95,,MFL-A/XT,,1160.0,65000.0,,1342.0,,,,,,,,,METAL_LOSS,False,True,9.2,3623
15900.0,,0.344,-8.89,31.24,56858.68,metal loss,External,11.0,0.038,,,1.89,2.36,7:06,,,1.0,126.65,,MFL-A/XT,,1160.0,65000.0,,1342.0,,,,,,,,,METAL_LOSS,False,True,7.1,3624
15900.0,,0.344,-18.22,21.91,56868.0,metal loss,External,12.0,0.041,,,2.13,2.32,5:04,,,1.0,127.46,,MFL-A/XT,,1160.0,65000.0,,1342.0,,,,,,,,,METAL_LOSS,False,True,5.066666666666666,3625
15900.0,,0.344,-28.71,11.42,56878.5,metal loss,External,10.0,0.034,,,1.22,1.81,12:36,,,1.0,128.28,,MFL-A/XT,,1160.0,65000.0,,1342.0,,,,,,,,,METAL_LOSS,False,True,12.6,3626
15900.0,,0.344,-32.87,7.26,56882.65,metal loss,External,14.0,0.048,,,0.79,1.3,10:44,,,1.0,128.57,,MFL-A/XT,,1160.0,65000.0,,1342.0,1471.8,2043.55,,,,,,,METAL_LOSS,False,True,10.733333333333333,3627
15910.0,,0.344,-5.96,34.1,56895.87,metal loss,External,11.0,0.038,,,0.79,0.98,12:22,,,0.7,129.37,,MFL-A/XT,,1160.0,65000.0,,1342.0,,,,,,,,,METAL_LOSS,False,True,12.366666666666667,3629
15910.0,,0.344,-6.03,34.02,56895.95,metal loss,External,15.0,0.052,,,0.87,1.42,11:53,,,0.7,129.37,,MFL-A/XT,,1160.0,65000.0,,1342.0,1470.59,2041.88,,,,,,,METAL_LOSS,False,True,11.883333333333333,3630
15910.0,,0.344,-12.87,27.18,56902.79,metal loss,External,12.0,0.041,,,1.69,2.79,4:30,,,0.7,129.75,,MFL-A/XT,,1160.0,65000.0,,1342.0,,,,,,,,,METAL_LOSS,False,True,4.5,3631
15910.0,,0.344,-13.06,26.99,56902.98,metal loss,External,26.0,0.089,,,1.1,1.81,9:51,,,0.7,129.76,,MFL-A/XT,,1160.0,65000.0,,1342.0,1459.59,2026.6,1529.72,2123.98,1531.46,2126.39,0.76,1.83,METAL_LOSS,False,True,9.85,3632
15910.0,,0.344,-14.0,26.05,56903.92,metal loss,External,15.0,0.052,,,1.85,2.13,9:32,,,0.7,129.81,,MFL-A/XT,,1160.0,65000.0,,1342.0,1454.67,2019.78,,,,,,,METAL_LOSS,False,True,9.533333333333333,3633
15910.0,,0.344,-24.28,15.78,56914.19,metal loss,External,15.0,0.052,,,2.17,1.65,9:59,,,0.7,130.45,,MFL-A/XT,,1160.0,65000.0,,1342.0,1448.58,2011.32,,,,,,,METAL_LOSS,False,True,9.983333333333333,3634
15910.0,,0.344,-26.62,13.43,56916.54,metal loss,External,12.0,0.041,,,0.51,0.79,10:16,,,0.7,130.62,,MFL-A/XT,,1160.0,65000.0,,1342.0,,,,,,,,,METAL_LOSS,False,True,10.266666666666667,3635
15910.0,,0.344,-32.11,7.94,56922.03,metal loss,External,11.0,0.038,,,1.85,1.34,4:55,,,0.7,131.04,,MFL-A/XT,,1160.0,65000.0,,1342.0,,,,,,,,,METAL_LOSS,False,True,4.916666666666667,3636
15910.0,,0.344,-32.16,7.89,56922.08,metal loss,External,10.0,0.034,,,1.81,2.99,4:14,,,0.7,131.04,,MFL-A/XT,,1160.0,65000.0,,1342.0,,,,,,,,,METAL_LOSS,False,True,4.233333333333333,3637
