prediction_distance,corrosion_probability,predicted_corrosion,wall_thickness,elevation,clock_position,event_type_normalized,anomaly_density_50ft,dist_to_bend,dist_to_girth_weld
57.5,0.34284796707391174,0,0.344,220.144,,GIRTH_WELD,0,8.087000000000003,0.0
62.5,0.34284796707391174,0,0.344,220.144,,GIRTH_WELD,0,8.087000000000003,0.0
87.5,0.46683561510038246,0,0.344,219.132,05:00,ATTACHMENT,2,6.027000000000001,11.063000000000002
92.5,0.48531733459915494,0,0.344,219.132,05:00,ATTACHMENT,2,6.027000000000001,11.063000000000002
97.5,0.5218491796083973,1,0.5,218.964,,BEND,6,0.0,5.036000000000001
102.5,0.5105506496286698,1,0.5,218.814,,GIRTH_WELD,6,3.9209999999999923,0.0
107.5,0.5141416590786035,1,0.5,218.612,,BEND,6,0.0,3.9209999999999923
112.5,0.49111083684477236,0,0.344,218.235,,GIRTH_WELD,6,4.183000000000007,0.0
117.5,0.4988857331813217,0,0.344,218.077,06:00,ATTACHMENT,6,5.938000000000002,1.7549999999999955
122.5,0.5865443349435273,1,0.344,213.96,5:42,METAL_LOSS,8,17.549000000000007,3.6189999999999856
127.5,0.7004148001671365,1,0.344,212.96,4:39,METAL_LOSS,10,20.230000000000004,0.9379999999999882
132.5,0.6959389195330337,1,0.344,212.611,,GIRTH_WELD,10,21.167999999999992,0.0
137.5,0.7151258646137945,1,0.344,207.202,11:30,METAL_LOSS,10,35.019999999999996,13.852000000000004
142.5,0.7370324333810384,1,0.344,207.202,11:30,METAL_LOSS,10,35.019999999999996,13.852000000000004
147.5,0.7181781903138247,1,0.344,205.985,11:58,METAL_LOSS,10,38.10700000000001,16.93900000000002
152.5,0.7400847590810686,1,0.344,205.985,11:58,METAL_LOSS,10,38.10700000000001,16.93900000000002
167.5,0.7245170396316517,1,0.344,194.421,8:07,METAL_LOSS,10,67.03099999999999,1.0530000000000257
172.5,0.7366575006402346,1,0.344,194.421,8:07,METAL_LOSS,10,67.03099999999999,1.0530000000000257
177.5,0.6938568922159183,1,0.344,193.999,,GIRTH_WELD,9,68.08400000000002,0.0
182.5,0.7124322403778467,1,0.344,193.999,,GIRTH_WELD,9,68.08400000000002,0.0
207.5,0.5472238253758469,1,0.344,177.763,,GIRTH_WELD,5,46.69300000000004,0.0
212.5,0.5482470543759164,1,0.344,177.763,,GIRTH_WELD,5,46.69300000000004,0.0
217.5,0.5492653391895107,1,0.344,177.763,,GIRTH_WELD,5,46.69300000000004,0.0
222.5,0.5492653391895107,1,0.344,177.763,,GIRTH_WELD,5,46.69300000000004,0.0
247.5,0.3850871266092096,0,0.5,161.354,,GIRTH_WELD,1,6.6440000000000055,0.0
252.5,0.3908197806546064,0,0.5,161.354,,GIRTH_WELD,1,6.6440000000000055,0.0
257.5,0.3908197806546064,0,0.5,161.354,,GIRTH_WELD,1,6.6440000000000055,0.0
262.5,0.3618376554968611,0,0.5,159.254,,BEND,1,0.0,6.6440000000000055
267.5,0.3591161680486163,0,0.5,158.751,12:03,METAL_LOSS,1,1.9349999999999454,8.57899999999995
272.5,0.3309736208238002,0,0.344,157.179,06:00,ATTACHMENT,1,7.991999999999962,14.635999999999967
277.5,0.3412834971469278,0,0.344,157.179,06:00,ATTACHMENT,1,7.991999999999962,14.635999999999967
302.5,0.38692663660175974,0,0.344,153.163,,GIRTH_WELD,1,45.127999999999986,0.0
307.5,0.3643202577106381,0,0.344,153.163,,GIRTH_WELD,1,45.127999999999986,0.0
312.5,0.3643202577106381,0,0.344,153.163,,GIRTH_WELD,1,45.127999999999986,0.0
317.5,0.3643202577106381,0,0.344,153.163,,GIRTH_WELD,1,45.127999999999986,0.0
342.5,0.5026027921007243,1,0.5,155.649,,GIRTH_WELD,0,5.045999999999992,0.0
347.5,0.4769194228404325,0,0.5,155.649,,GIRTH_WELD,0,5.045999999999992,0.0
352.5,0.4769194228404325,0,0.5,155.649,,GIRTH_WELD,0,5.045999999999992,0.0
357.5,0.46998165879666054,0,0.5,155.928,,BEND,0,0.0,5.045999999999992
362.5,0.4588604413489679,0,0.344,156.134,,GIRTH_WELD,0,5.331000000000017,0.0
367.5,0.43772030312052435,0,0.344,156.134,,GIRTH_WELD,0,5.331000000000017,0.0
372.5,0.4692624446818971,0,0.5,157.117,,GIRTH_WELD,1,4.0090000000000146,0.0
377.5,0.4284861320163262,0,0.5,157.117,,GIRTH_WELD,1,4.0090000000000146,0.0
382.5,0.4092225759986907,0,0.5,157.496,,BEND,3,0.0,4.0090000000000146
387.5,0.3678787345598558,0,0.344,158.126,,GIRTH_WELD,3,4.206000000000017,0.0
392.5,0.3337757107936088,0,0.344,158.126,,GIRTH_WELD,3,4.206000000000017,0.0
402.5,0.4512024263730771,0,0.5,164.0,,GIRTH_WELD,4,4.951000000000022,0.0
407.5,0.4384634794511182,0,0.5,164.0,,GIRTH_WELD,4,4.951000000000022,0.0
412.5,0.45483968827963367,0,0.5,165.545,,BEND,4,0.0,4.951000000000022
417.5,0.4043147734730334,0,0.344,167.417,,GIRTH_WELD,4,5.242999999999995,0.0
422.5,0.4045065384989851,0,0.344,169.08,11:18,METAL_LOSS,4,9.248999999999967,4.005999999999972
427.5,0.49100227109724676,0,0.344,172.204,2:49,METAL_LOSS,4,6.557999999999993,1.9710000000000036
432.5,0.5268624388169542,1,0.5,173.212,,GIRTH_WELD,4,4.586999999999989,0.0
437.5,0.5180416680050117,1,0.5,174.744,,BEND,4,0.0,4.586999999999989
442.5,0.6270672519937491,1,0.344,175.355,6:21,METAL_LOSS,8,5.032999999999959,7.188000000000045
447.5,0.614751270801637,1,0.344,177.408,,GIRTH_WELD,8,12.221000000000004,0.0
452.5,0.6324175795832114,1,0.344,177.408,,GIRTH_WELD,8,12.221000000000004,0.0
457.5,0.6324175795832114,1,0.344,177.408,,GIRTH_WELD,8,12.221000000000004,0.0
482.5,0.7438093279157458,1,0.344,186.711,,GIRTH_WELD,9,52.31299999999999,0.0
487.5,0.7598193210636471,1,0.344,186.711,,GIRTH_WELD,9,52.31299999999999,0.0
492.5,0.7379839982007674,1,0.344,186.747,5:35,METAL_LOSS,9,52.47399999999999,0.16100000000000136
497.5,0.757283760432889,1,0.344,186.747,5:35,METAL_LOSS,9,52.47399999999999,0.16100000000000136
507.5,0.6791114126372357,1,0.344,189.334,8:31,UNKNOWN,8,81.40399999999994,29.09099999999995
512.5,0.6949777481010486,1,0.344,189.334,8:31,UNKNOWN,8,81.40399999999994,29.09099999999995
517.5,0.6949777481010486,1,0.344,189.334,8:31,UNKNOWN,8,81.40399999999994,29.09099999999995
522.5,0.8080426648773446,1,0.344,189.832,8:34,UNKNOWN,12,87.82800000000003,35.51500000000004
527.5,0.8068741777738522,1,0.344,190.09,2:57,METAL_LOSS,13,91.15199999999999,38.839
532.5,0.7895820901325675,1,0.344,190.657,9:02,METAL_LOSS,14,98.33999999999997,46.02699999999999
537.5,0.7895820901325675,1,0.344,190.807,8:46,METAL_LOSS,14,100.21300000000002,47.900000000000034
542.5,0.7969146595138635,1,0.344,190.807,8:46,METAL_LOSS,14,100.21300000000002,47.900000000000034
557.5,0.7461396929191264,1,0.344,193.312,4:36,METAL_LOSS,17,77.58900000000006,79.16299999999995
562.5,0.757277425172935,1,0.344,193.312,4:36,METAL_LOSS,17,77.58900000000006,79.16299999999995
567.5,0.7461396929191264,1,0.344,193.351,4:35,METAL_LOSS,17,77.09299999999996,79.65900000000005
572.5,0.7485678348890457,1,0.344,193.725,6:01,METAL_LOSS,17,72.34900000000005,77.18799999999999
577.5,0.761500475852958,1,0.344,194.029,6:21,METAL_LOSS,16,68.32400000000007,73.16300000000001
582.5,0.7651622057656818,1,0.344,194.505,6:12,METAL_LOSS,15,62.01800000000003,66.85699999999997
587.5,0.7644738623111287,1,0.344,194.982,6:08,METAL_LOSS,14,55.70900000000006,60.548
592.5,0.763993744945501,1,0.344,195.246,6:04,METAL_LOSS,14,52.20100000000002,57.039999999999964
597.5,0.7604975129991852,1,0.344,195.457,5:56,METAL_LOSS,14,49.40300000000002,54.24199999999996
602.5,0.7812460690757606,1,0.344,196.385,9:38,METAL_LOSS,16,37.115999999999985,41.95499999999993
607.5,0.7911434406846868,1,0.344,196.385,9:38,METAL_LOSS,16,37.115999999999985,41.95499999999993
612.5,0.7937859233117684,1,0.344,196.562,3:03,METAL_LOSS,17,34.777000000000044,39.615999999999985
617.5,0.8038423253256268,1,0.344,196.562,3:03,METAL_LOSS,17,34.777000000000044,39.615999999999985
632.5,0.8049544676617495,1,0.344,198.502,,UNKNOWN,15,6.234000000000037,11.072999999999979
637.5,0.8109802755008431,1,0.344,198.502,,UNKNOWN,15,6.234000000000037,11.072999999999979
642.5,0.800463865931049,1,0.5,198.917,,BEND,13,0.0,4.838999999999942
647.5,0.7679827425540696,1,0.5,199.229,,GIRTH_WELD,12,4.118000000000052,0.0
652.5,0.7975386025844405,1,0.5,199.498,,BEND,12,0.0,4.118000000000052
657.5,0.7892447961989438,1,0.5,199.719,5:50,METAL_LOSS,12,3.326000000000022,7.444000000000074
662.5,0.7715742775396979,1,0.344,199.815,10:15,METAL_LOSS,10,4.7830000000000155,8.901000000000067
667.5,0.645648390020895,1,0.344,200.687,4:55,METAL_LOSS,8,6.115000000000009,1.9420000000000073
672.5,0.6450149241249039,1,0.5,200.824,,GIRTH_WELD,8,4.173000000000002,0.0
677.5,0.6641959372038362,1,0.5,201.11,,BEND,8,0.0,4.173000000000002
682.5,0.6544290690475107,1,0.344,201.41,3:10,METAL_LOSS,8,4.573999999999955,8.260999999999967
687.5,0.5469102503815305,1,0.344,202.012,,GIRTH_WELD,6,12.834999999999923,0.0
692.5,0.5530110196438409,1,0.344,202.012,,GIRTH_WELD,6,12.834999999999923,0.0
697.5,0.5559980917129291,1,0.344,202.805,,GIRTH_WELD,6,23.11399999999992,0.0
702.5,0.5505908035648283,1,0.344,202.814,,AGM,6,23.218999999999937,0.10500000000001819
707.5,0.5571027054038109,1,0.344,202.814,,AGM,6,23.218999999999937,0.10500000000001819
732.5,0.5382204547258378,1,0.5,206.029,,GIRTH_WELD,1,5.724999999999909,0.0
737.5,0.539440868426489,1,0.5,206.029,,GIRTH_WELD,1,5.724999999999909,0.0
742.5,0.5402359844104643,1,0.5,206.029,,GIRTH_WELD,1,5.724999999999909,0.0
747.5,0.5272278222451817,1,0.5,206.481,,BEND,2,0.0,5.724999999999909
752.5,0.498254645557998,0,0.344,206.927,,GIRTH_WELD,3,5.735000000000014,0.0
757.5,0.5400444382221035,1,0.344,207.431,,GIRTH_WELD,5,11.785000000000082,0.0
762.5,0.5554642269686627,1,0.344,207.431,,GIRTH_WELD,5,11.785000000000082,0.0
767.5,0.623121489467193,1,0.344,208.709,,FIELD_BEND,7,26.804000000000087,15.019000000000005
772.5,0.6228722394593025,1,0.344,208.709,,FIELD_BEND,7,26.804000000000087,15.019000000000005
777.5,0.6228722394593025,1,0.344,208.709,,FIELD_BEND,7,26.804000000000087,15.019000000000005
782.5,0.6804326116150663,1,0.344,210.039,,GIRTH_WELD,10,42.513000000000034,0.0
787.5,0.6870424956586417,1,0.344,210.039,,GIRTH_WELD,10,42.513000000000034,0.0
792.5,0.6989734548622362,1,0.344,210.381,4:41,METAL_LOSS,10,46.35200000000009,3.8390000000000555
797.5,0.716769070249305,1,0.344,210.834,4:54,METAL_LOSS,10,51.00400000000002,8.490999999999985
802.5,0.7224509463801752,1,0.344,211.358,4:47,METAL_LOSS,10,56.371000000000095,13.858000000000061
807.5,0.7243799943980638,1,0.344,211.884,4:48,METAL_LOSS,10,61.77200000000005,18.581999999999994
812.5,0.7254448029452731,1,0.344,212.521,4:51,METAL_LOSS,10,68.30000000000007,12.053999999999974
817.5,0.7305252578099364,1,0.344,212.521,4:51,METAL_LOSS,10,68.30000000000007,12.053999999999974
822.5,0.7034799766013665,1,0.344,213.497,5:02,METAL_LOSS,10,78.31000000000006,2.0439999999999827
827.5,0.6849391333541968,1,0.344,213.696,,GIRTH_WELD,10,80.35400000000004,0.0
832.5,0.6939034162555832,1,0.344,213.696,,GIRTH_WELD,10,80.35400000000004,0.0
857.5,0.5000617542804977,1,0.344,224.698,,GIRTH_WELD,2,86.47700000000009,0.0
862.5,0.5119276200168964,1,0.344,224.698,,GIRTH_WELD,2,86.47700000000009,0.0
867.5,0.5132871833688671,1,0.344,224.698,,GIRTH_WELD,2,86.47700000000009,0.0
872.5,0.5132871833688671,1,0.344,224.698,,GIRTH_WELD,2,86.47700000000009,0.0
897.5,0.4664977788640283,0,0.344,237.018,,GIRTH_WELD,3,46.395000000000095,0.0
902.5,0.46732925776167256,0,0.344,237.018,,GIRTH_WELD,3,46.395000000000095,0.0
907.5,0.46732925776167256,0,0.344,237.018,,GIRTH_WELD,3,46.395000000000095,0.0
912.5,0.46597472158717396,0,0.344,237.018,,GIRTH_WELD,3,46.395000000000095,0.0
922.5,0.3807987994631308,0,0.344,243.503,6:07,METAL_LOSS,6,21.021000000000072,14.715000000000032
927.5,0.36518882740065606,0,0.344,243.503,6:07,METAL_LOSS,6,21.021000000000072,14.715000000000032
932.5,0.36518882740065606,0,0.344,243.503,6:07,METAL_LOSS,6,21.021000000000072,14.715000000000032
937.5,0.36518882740065606,0,0.344,243.503,6:07,METAL_LOSS,6,21.021000000000072,14.715000000000032
942.5,0.3702436724553988,0,0.5,247.179,,GIRTH_WELD,6,6.30600000000004,0.0
947.5,0.3614929425216318,0,0.5,247.179,,GIRTH_WELD,6,6.30600000000004,0.0
952.5,0.39351207004560684,0,0.5,248.705,,BEND,6,0.0,6.30600000000004
957.5,0.41325230234867955,0,0.5,249.989,2:02,METAL_LOSS,6,5.419999999999959,11.725999999999999
962.5,0.379448908949125,0,0.344,250.338,3:20,METAL_LOSS,6,6.892999999999915,13.198999999999955
967.5,0.36810822791363185,0,0.344,250.338,3:20,METAL_LOSS,6,6.892999999999915,13.198999999999955
982.5,0.3333330813828639,0,0.5,257.934,,GIRTH_WELD,2,6.873000000000047,0.0
987.5,0.32235641718625224,0,0.5,257.934,,GIRTH_WELD,2,6.873000000000047,0.0
992.5,0.34157927357720247,0,0.5,259.733,,BEND,2,0.0,6.873000000000047
997.5,0.3273405644858427,0,0.5,259.733,,BEND,2,0.0,6.873000000000047
1002.5,0.2652801172044136,0,0.344,261.529,,GIRTH_WELD,2,6.885999999999967,0.0
1007.5,0.2661827811102984,0,0.344,261.529,,GIRTH_WELD,2,6.885999999999967,0.0
1012.5,0.3040711154574989,0,0.344,264.208,,FIELD_BEND,0,16.830999999999904,9.944999999999936
1017.5,0.29568487810809074,0,0.344,264.208,,FIELD_BEND,0,16.830999999999904,9.944999999999936
1022.5,0.29568487810809074,0,0.344,264.208,,FIELD_BEND,0,16.830999999999904,9.944999999999936
1037.5,0.2442933651132763,0,0.344,272.44,,GIRTH_WELD,0,47.06399999999985,0.0
1042.5,0.23019558321059777,0,0.344,272.44,,GIRTH_WELD,0,47.06399999999985,0.0
1047.5,0.23019558321059777,0,0.344,272.44,,GIRTH_WELD,0,47.06399999999985,0.0
1052.5,0.23019558321059777,0,0.344,272.44,,GIRTH_WELD,0,47.06399999999985,0.0
1077.5,0.2963722477796522,0,0.344,283.405,,GIRTH_WELD,0,87.05999999999995,0.0
1082.5,0.2842118475812735,0,0.344,283.405,,GIRTH_WELD,0,87.05999999999995,0.0
1087.5,0.28376781342091845,0,0.344,283.405,,GIRTH_WELD,0,87.05999999999995,0.0
1092.5,0.28274372352843374,0,0.344,283.405,,GIRTH_WELD,0,87.05999999999995,0.0
1117.5,0.3670756172867946,0,0.344,294.499,,GIRTH_WELD,0,127.22799999999984,0.0
1122.5,0.3782602047313894,0,0.344,294.499,,GIRTH_WELD,0,127.22799999999984,0.0
1127.5,0.3782602047313894,0,0.344,294.499,,GIRTH_WELD,0,127.22799999999984,0.0
1132.5,0.378420349973415,0,0.344,294.499,,GIRTH_WELD,0,127.22799999999984,0.0
1157.5,0.5794526423854274,1,0.344,305.756,,GIRTH_WELD,6,167.231,0.0
1162.5,0.5937111012829522,1,0.344,305.756,,GIRTH_WELD,6,167.231,0.0
1167.5,0.5937111012829522,1,0.344,305.756,,GIRTH_WELD,6,167.231,0.0
1172.5,0.5937111012829522,1,0.344,305.756,,GIRTH_WELD,6,167.231,0.0
1182.5,0.7784981516801415,1,0.344,314.412,4:20,METAL_LOSS,11,195.92499999999995,28.69399999999996
1187.5,0.7890061607801009,1,0.344,314.412,4:20,METAL_LOSS,11,195.92499999999995,28.69399999999996
1192.5,0.7890061607801009,1,0.344,314.412,4:20,METAL_LOSS,11,195.92499999999995,28.69399999999996
1197.5,0.7905063543358619,1,0.344,316.096,4:17,METAL_LOSS,14,201.47299999999996,34.24199999999996
1202.5,0.7769173436662338,1,0.344,317.518,5:55,METAL_LOSS,14,206.1579999999999,38.92699999999991
1207.5,0.7822416259727295,1,0.344,319.181,5:48,METAL_LOSS,14,211.62699999999995,35.90899999999988
1212.5,0.7880942068744089,1,0.344,320.604,5:53,METAL_LOSS,14,216.28599999999983,31.25
1217.5,0.8013316012413202,1,0.344,322.268,5:54,METAL_LOSS,14,221.7349999999999,25.80099999999993
1222.5,0.8023721696575475,1,0.344,323.649,5:58,METAL_LOSS,14,226.25599999999986,21.279999999999973
1227.5,0.8044003201202937,1,0.344,325.323,6:10,METAL_LOSS,14,231.73900000000003,15.796999999999798
1232.5,0.8050069369738726,1,0.344,325.745,5:57,METAL_LOSS,14,233.12300000000005,14.412999999999784
1237.5,0.8052107261726456,1,0.344,329.523,6:24,METAL_LOSS,14,245.49199999999996,2.043999999999869
1242.5,0.7858560203141739,1,0.344,329.824,6:27,METAL_LOSS,11,246.48000000000002,1.0559999999998126
1247.5,0.755143753670029,1,0.344,330.147,,GIRTH_WELD,11,247.53599999999983,0.0
1252.5,0.7700419458181592,1,0.344,330.147,,GIRTH_WELD,11,247.53599999999983,0.0
1277.5,0.5214237008753597,1,0.344,342.811,,GIRTH_WELD,3,287.7359999999999,0.0
1282.5,0.5385420349455863,1,0.344,342.811,,GIRTH_WELD,3,287.7359999999999,0.0
1287.5,0.5385420349455863,1,0.344,342.811,,GIRTH_WELD,3,287.7359999999999,0.0
1292.5,0.5385420349455863,1,0.344,342.811,,GIRTH_WELD,3,287.7359999999999,0.0
1317.5,0.2658102960154279,0,0.344,357.222,,GIRTH_WELD,0,327.75199999999995,0.0
1322.5,0.26248493089239394,0,0.344,357.222,,GIRTH_WELD,0,327.75199999999995,0.0
1327.5,0.26248493089239394,0,0.344,357.222,,GIRTH_WELD,0,327.75199999999995,0.0
1332.5,0.26464565634580234,0,0.344,357.222,,GIRTH_WELD,0,327.75199999999995,0.0
1357.5,0.23269813228227698,0,0.344,371.917,,GIRTH_WELD,0,367.9659999999999,0.0
1362.5,0.21514900045742202,0,0.344,371.917,,GIRTH_WELD,0,367.9659999999999,0.0
1367.5,0.21514900045742202,0,0.344,371.917,,GIRTH_WELD,0,367.9659999999999,0.0
1372.5,0.21514900045742202,0,0.344,371.917,,GIRTH_WELD,0,367.9659999999999,0.0
1397.5,0.22258128026853755,0,0.344,386.503,,GIRTH_WELD,0,407.98900000000003,0.0
1402.5,0.2017342070351434,0,0.344,386.503,,GIRTH_WELD,0,407.98900000000003,0.0
1407.5,0.2017342070351434,0,0.344,386.503,,GIRTH_WELD,0,407.98900000000003,0.0
1412.5,0.2017342070351434,0,0.344,386.503,,GIRTH_WELD,0,407.98900000000003,0.0
1437.5,0.1933589376200491,0,0.344,401.169,,GIRTH_WELD,3,448.2349999999999,0.0
1442.5,0.17217228788020286,0,0.344,401.169,,GIRTH_WELD,3,448.2349999999999,0.0
1447.5,0.19963050398371818,0,0.344,403.01,1:02,UNKNOWN,3,453.27700000000004,5.042000000000144
1452.5,0.2022374462243745,0,0.344,403.927,1:24,UNKNOWN,3,455.77700000000004,7.542000000000144
1457.5,0.22637643787653428,0,0.344,406.778,1:26,METAL_LOSS,3,463.56899999999996,15.33400000000006
1462.5,0.22637643787653428,0,0.344,408.134,01:00,METAL_LOSS,3,467.2729999999999,15.958000000000084
1467.5,0.20948722519555563,0,0.344,411.067,1:11,METAL_LOSS,3,475.28499999999985,7.94600000000014
1472.5,0.1882907882849445,0,0.344,411.067,1:11,METAL_LOSS,3,475.28499999999985,7.94600000000014
1477.5,0.1933589376200491,0,0.344,413.975,,GIRTH_WELD,3,483.231,0.0
1482.5,0.17217228788020286,0,0.344,413.975,,GIRTH_WELD,3,483.231,0.0
1487.5,0.17217228788020286,0,0.344,413.975,,GIRTH_WELD,3,483.231,0.0
1512.5,0.216828148578302,0,0.344,428.667,,GIRTH_WELD,1,523.4549999999999,0.0
1517.5,0.19552935967740015,0,0.344,428.667,,GIRTH_WELD,1,523.4549999999999,0.0
1522.5,0.19552935967740015,0,0.344,428.667,,GIRTH_WELD,1,523.4549999999999,0.0
1527.5,0.19552935967740015,0,0.344,428.667,,GIRTH_WELD,1,523.4549999999999,0.0
1552.5,0.21845628035808365,0,0.344,443.562,,GIRTH_WELD,0,563.4679999999998,0.0
1557.5,0.20219708530963032,0,0.344,443.562,,GIRTH_WELD,0,563.4679999999998,0.0
1562.5,0.20219708530963032,0,0.344,443.562,,GIRTH_WELD,0,563.4679999999998,0.0
1567.5,0.20219708530963032,0,0.344,443.562,,GIRTH_WELD,0,563.4679999999998,0.0
1592.5,0.21993615451609824,0,0.344,458.493,,GIRTH_WELD,0,603.671,0.0
1597.5,0.20514127274280192,0,0.344,458.493,,GIRTH_WELD,0,603.671,0.0
1602.5,0.20514127274280192,0,0.344,458.493,,GIRTH_WELD,0,603.671,0.0
1607.5,0.20514127274280192,0,0.344,458.493,,GIRTH_WELD,0,603.671,0.0
1632.5,0.17484791926485602,0,0.344,472.459,,GIRTH_WELD,3,643.848,0.0
1637.5,0.16245600934845608,0,0.344,472.459,,GIRTH_WELD,3,643.848,0.0
1642.5,0.16245600934845608,0,0.344,472.459,,GIRTH_WELD,3,643.848,0.0
1647.5,0.16245600934845608,0,0.344,472.459,,GIRTH_WELD,3,643.848,0.0
1672.5,0.25097880478097667,0,0.344,485.792,6:45,METAL_LOSS,3,683.0639999999999,39.215999999999894
1677.5,0.23089256677442196,0,0.344,485.792,6:45,METAL_LOSS,3,683.0639999999999,39.215999999999894
1682.5,0.2466099760536146,0,0.344,486.557,4:50,METAL_LOSS,3,684.5840000000001,38.83200000000011
1687.5,0.22652373804705989,0,0.344,486.557,4:50,METAL_LOSS,3,684.5840000000001,38.83200000000011
1712.5,0.17868030714021582,0,0.344,499.61,,GIRTH_WELD,3,645.752,0.0
1717.5,0.1625247806660816,0,0.344,499.61,,GIRTH_WELD,3,645.752,0.0
1722.5,0.1625247806660816,0,0.344,499.61,,GIRTH_WELD,3,645.752,0.0
1727.5,0.1625247806660816,0,0.344,499.61,,GIRTH_WELD,3,645.752,0.0
1752.5,0.21670773138646496,0,0.344,512.875,,GIRTH_WELD,0,605.604,0.0
1757.5,0.19621514546386634,0,0.344,512.875,,GIRTH_WELD,0,605.604,0.0
1762.5,0.19621514546386634,0,0.344,512.875,,GIRTH_WELD,0,605.604,0.0
1767.5,0.19621514546386634,0,0.344,512.875,,GIRTH_WELD,0,605.604,0.0
1792.5,0.2770901911342577,0,0.344,525.871,,GIRTH_WELD,0,565.5350000000001,0.0
1797.5,0.2656181047895829,0,0.344,525.871,,GIRTH_WELD,0,565.5350000000001,0.0
1802.5,0.2656181047895829,0,0.344,525.871,,GIRTH_WELD,0,565.5350000000001,0.0
1807.5,0.2592779087023321,0,0.344,529.974,11:26,UNKNOWN,0,552.73,12.805000000000064
1812.5,0.24175066718183078,0,0.344,529.974,11:26,UNKNOWN,0,552.73,12.805000000000064
1817.5,0.24175066718183078,0,0.344,529.974,11:26,UNKNOWN,0,552.73,12.805000000000064
1822.5,0.18947622547564485,0,0.344,534.581,,GIRTH_WELD,0,538.3140000000001,0.0
1827.5,0.2007504562167793,0,0.344,534.581,,GIRTH_WELD,0,538.3140000000001,0.0
1832.5,0.2007504562167793,0,0.344,534.581,,GIRTH_WELD,0,538.3140000000001,0.0
1857.5,0.18289171720369438,0,0.344,547.38,,GIRTH_WELD,0,498.3299999999999,0.0
1862.5,0.19844056163369056,0,0.344,547.38,,GIRTH_WELD,0,498.3299999999999,0.0
1867.5,0.19844056163369056,0,0.344,547.38,,GIRTH_WELD,0,498.3299999999999,0.0
1872.5,0.19844056163369056,0,0.344,547.38,,GIRTH_WELD,0,498.3299999999999,0.0
1877.5,0.22613221440317177,0,0.344,552.378,,FIELD_BEND,0,482.6680000000001,15.661999999999807
1882.5,0.22509417550552185,0,0.344,552.378,,FIELD_BEND,0,482.6680000000001,15.661999999999807
1887.5,0.22509417550552185,0,0.344,552.378,,FIELD_BEND,0,482.6680000000001,15.661999999999807
1892.5,0.22509417550552185,0,0.344,552.378,,FIELD_BEND,0,482.6680000000001,15.661999999999807
1902.5,0.187483413953485,0,0.344,560.193,,GIRTH_WELD,0,458.153,0.0
1907.5,0.20303225838348118,0,0.344,560.193,,GIRTH_WELD,0,458.153,0.0
1912.5,0.20303225838348118,0,0.344,560.193,,GIRTH_WELD,0,458.153,0.0
1917.5,0.20303225838348118,0,0.344,560.193,,GIRTH_WELD,0,458.153,0.0
1937.5,0.19442939724531338,0,0.344,572.723,,GIRTH_WELD,0,419.328,0.0
1942.5,0.20782074492316072,0,0.344,572.723,,GIRTH_WELD,0,419.328,0.0
1947.5,0.20782074492316072,0,0.344,572.723,,GIRTH_WELD,0,419.328,0.0
1952.5,0.20782074492316072,0,0.344,572.723,,GIRTH_WELD,0,419.328,0.0
1977.5,0.2841304181993484,0,0.344,585.629,,GIRTH_WELD,0,379.10799999999995,0.0
1982.5,0.27519716371757763,0,0.344,585.629,,GIRTH_WELD,0,379.10799999999995,0.0
1987.5,0.27519716371757763,0,0.344,585.629,,GIRTH_WELD,0,379.10799999999995,0.0
1992.5,0.27519716371757763,0,0.344,585.629,,GIRTH_WELD,0,379.10799999999995,0.0
2017.5,0.28719401547494416,0,0.344,598.312,,GIRTH_WELD,0,339.0820000000001,0.0
2022.5,0.2822880727326491,0,0.344,598.312,,GIRTH_WELD,0,339.0820000000001,0.0
2027.5,0.2822880727326491,0,0.344,598.312,,GIRTH_WELD,0,339.0820000000001,0.0
2032.5,0.2822880727326491,0,0.344,598.312,,GIRTH_WELD,0,339.0820000000001,0.0
2057.5,0.5245812795335909,1,0.344,610.309,,GIRTH_WELD,3,298.78999999999996,0.0
2062.5,0.5314788343715096,1,0.344,610.309,,GIRTH_WELD,3,298.78999999999996,0.0
2067.5,0.5314788343715096,1,0.344,610.309,,GIRTH_WELD,3,298.78999999999996,0.0
2072.5,0.5314788343715096,1,0.344,610.309,,GIRTH_WELD,3,298.78999999999996,0.0
2097.5,0.7918283801024271,1,0.344,621.109,11:39,METAL_LOSS,11,262.12300000000005,3.356000000000222
2102.5,0.8054251633793029,1,0.344,621.109,11:39,METAL_LOSS,11,262.12300000000005,3.356000000000222
2107.5,0.7743773891098945,1,0.344,622.097,,GIRTH_WELD,12,258.7669999999998,0.0
2112.5,0.8192797143490607,1,0.344,624.053,11:57,METAL_LOSS,13,252.14300000000003,6.623999999999796
2117.5,0.831012787106369,1,0.344,625.413,12:02,METAL_LOSS,14,247.54599999999982,11.221000000000004
2122.5,0.8351521026191064,1,0.344,626.15,11:57,METAL_LOSS,14,245.05600000000004,13.710999999999785
2127.5,0.8336066820189802,1,0.344,628.963,11:53,METAL_LOSS,16,235.54800000000023,17.0600000000004
2132.5,0.8262484765783872,1,0.344,629.545,11:56,METAL_LOSS,16,233.57999999999993,15.092000000000098
2137.5,0.8282293997465867,1,0.344,630.036,11:47,METAL_LOSS,17,231.92000000000007,13.432000000000244
2142.5,0.8072364110129253,1,0.344,632.598,11:48,METAL_LOSS,18,223.26499999999987,4.777000000000044
2147.5,0.7769281325925871,1,0.344,634.011,,GIRTH_WELD,19,218.48799999999983,0.0
2152.5,0.8049293296189677,1,0.344,635.788,11:52,METAL_LOSS,21,212.54599999999982,5.942000000000007
2157.5,0.810174856598476,1,0.344,636.703,11:34,METAL_LOSS,19,209.51499999999987,8.972999999999956
2162.5,0.8118721631883045,1,0.344,638.523,11:29,METAL_LOSS,19,203.4749999999999,15.01299999999992
2167.5,0.8149692289112386,1,0.344,639.602,11:49,METAL_LOSS,20,199.8989999999999,18.588999999999942
2172.5,0.8159639170593378,1,0.344,642.236,10:12,METAL_LOSS,19,191.1619999999998,12.709999999999582
2177.5,0.8159639170593378,1,0.344,642.581,11:58,METAL_LOSS,19,190.01999999999998,11.567999999999756
2182.5,0.8018878825756971,1,0.344,644.945,11:42,METAL_LOSS,18,182.18200000000024,3.730000000000018
2187.5,0.7761688809043971,1,0.344,646.069,,GIRTH_WELD,19,178.45200000000023,0.0
2192.5,0.8093340380041617,1,0.344,648.538,11:44,METAL_LOSS,19,170.11799999999994,8.334000000000287
2197.5,0.8120152123752098,1,0.344,649.429,11:32,METAL_LOSS,19,167.087,11.365000000000236
2202.5,0.8227349705150003,1,0.344,649.429,11:32,METAL_LOSS,19,167.087,11.365000000000236
2207.5,0.7946783358294439,1,0.344,652.992,5:49,METAL_LOSS,19,154.96399999999994,16.748000000000047
2212.5,0.8077306036486488,1,0.344,653.841,11:50,METAL_LOSS,19,152.07700000000023,13.861000000000331
2217.5,0.799376706554056,1,0.344,654.446,5:49,METAL_LOSS,19,150.01699999999983,11.80099999999993
2222.5,0.7893550523765738,1,0.344,656.36,5:58,METAL_LOSS,19,143.5079999999998,5.291999999999916
2227.5,0.7751358923921091,1,0.344,657.915,,GIRTH_WELD,19,138.2159999999999,0.0
2232.5,0.7893550523765738,1,0.344,659.636,5:54,METAL_LOSS,19,132.0340000000001,6.181999999999789
2237.5,0.7944284646875086,1,0.344,660.187,5:57,METAL_LOSS,19,129.98100000000022,8.234999999999673
2242.5,0.796125771277337,1,0.344,661.929,5:57,METAL_LOSS,19,123.47499999999991,14.740999999999985
2247.5,0.7996958952361372,1,0.344,662.953,4:45,METAL_LOSS,19,119.65300000000025,18.562999999999647
2252.5,0.8002175251483703,1,0.344,665.519,6:05,METAL_LOSS,19,110.07200000000012,11.72900000000027
2257.5,0.8139638353505495,1,0.344,665.519,6:05,METAL_LOSS,19,110.07200000000012,11.72900000000027
2262.5,0.7901958709708881,1,0.344,667.207,6:35,METAL_LOSS,19,103.77300000000014,5.430000000000291
2267.5,0.7759767109864234,1,0.344,668.661,,GIRTH_WELD,19,98.34299999999985,0.0
2272.5,0.7900812360855229,1,0.344,670.014,4:52,METAL_LOSS,20,93.2159999999999,5.126999999999953
2277.5,0.7935448738373944,1,0.344,671.164,4:56,METAL_LOSS,20,88.79899999999998,9.543999999999869
2282.5,0.7963339709338481,1,0.344,672.263,6:15,METAL_LOSS,19,84.57400000000007,13.768999999999778
2287.5,0.7995812603507721,1,0.344,673.706,4:57,METAL_LOSS,17,79.029,19.31399999999985
2292.5,0.7992045918854823,1,0.344,675.884,4:57,METAL_LOSS,16,70.65999999999985,12.627999999999702
2297.5,0.7927190441353674,1,0.344,676.63,5:03,METAL_LOSS,15,67.79199999999992,9.759999999999764
2302.5,0.7874588096284504,1,0.344,677.857,5:35,METAL_LOSS,15,63.077999999999975,5.045999999999822
2307.5,0.7604988278600257,1,0.344,679.17,,GIRTH_WELD,13,58.03200000000015,0.0
2312.5,0.7810022813958801,1,0.344,680.297,5:26,METAL_LOSS,12,53.72699999999986,4.305000000000291
2317.5,0.7767087269459588,1,0.344,681.617,5:21,METAL_LOSS,12,48.7170000000001,0.9969999999998436
2322.5,0.7389967090002857,1,0.344,681.881,,GIRTH_WELD,11,47.720000000000255,0.0
2327.5,0.751692415458722,1,0.344,681.881,,GIRTH_WELD,11,47.720000000000255,0.0
2342.5,0.7646796788705948,1,0.344,689.116,5:15,UNKNOWN,10,16.36200000000008,8.88799999999992
2347.5,0.776297540669558,1,0.344,689.116,5:15,UNKNOWN,10,16.36200000000008,8.88799999999992
2352.5,0.7599985276516691,1,0.344,689.496,5:12,UNKNOWN,10,14.695000000000164,7.221000000000004
2357.5,0.6638405383452719,1,0.5,691.141,,GIRTH_WELD,8,7.47400000000016,0.0
2362.5,0.674484198160727,1,0.5,692.662,,BEND,7,0.0,7.47400000000016
2367.5,0.6810039600207891,1,0.5,692.662,,BEND,7,0.0,7.47400000000016
2372.5,0.5693116515032015,1,0.344,694.142,,GIRTH_WELD,4,7.726000000000113,0.0
2377.5,0.5792878270260257,1,0.344,694.142,,GIRTH_WELD,4,7.726000000000113,0.0
2382.5,0.5104054707086353,1,0.344,695.859,6:49,METAL_LOSS,4,16.442999999999756,8.716999999999643
2387.5,0.5149119924477656,1,0.344,696.701,7:07,METAL_LOSS,4,20.679000000000087,10.799999999999727
2392.5,0.5032422390821172,1,0.344,697.984,3:44,METAL_LOSS,4,27.119000000000142,4.359999999999673
2397.5,0.4760652368858971,0,0.344,698.852,,GIRTH_WELD,4,31.478999999999814,0.0
2402.5,0.47983634957443044,0,0.344,698.852,,GIRTH_WELD,4,31.478999999999814,0.0
2427.5,0.28660828665136195,0,0.344,706.636,,GIRTH_WELD,2,71.55200000000013,0.0
2432.5,0.29284502399776696,0,0.344,706.636,,GIRTH_WELD,2,71.55200000000013,0.0
2437.5,0.29284502399776696,0,0.344,706.636,,GIRTH_WELD,2,71.55200000000013,0.0
2442.5,0.2933427121142444,0,0.344,706.636,,GIRTH_WELD,2,71.55200000000013,0.0
2472.5,0.26662781004521124,0,0.344,714.22,,GIRTH_WELD,0,111.81700000000001,0.0
2477.5,0.2766276022073302,0,0.344,714.22,,GIRTH_WELD,0,111.81700000000001,0.0
2482.5,0.2766276022073302,0,0.344,714.22,,GIRTH_WELD,0,111.81700000000001,0.0
2487.5,0.2766276022073302,0,0.344,714.22,,GIRTH_WELD,0,111.81700000000001,0.0
2512.5,0.2143136253176892,0,0.344,721.375,,GIRTH_WELD,0,151.84400000000005,0.0
2517.5,0.20480730311251247,0,0.344,721.375,,GIRTH_WELD,0,151.84400000000005,0.0
2522.5,0.20480730311251247,0,0.344,721.375,,GIRTH_WELD,0,151.84400000000005,0.0
2527.5,0.20480730311251247,0,0.344,721.375,,GIRTH_WELD,0,151.84400000000005,0.0
2552.5,0.1364442536733267,0,0.344,726.979,,GIRTH_WELD,0,192.12199999999984,0.0
2557.5,0.13809411602268915,0,0.344,726.979,,GIRTH_WELD,0,192.12199999999984,0.0
2562.5,0.13809411602268915,0,0.344,726.979,,GIRTH_WELD,0,192.12199999999984,0.0
2567.5,0.13809411602268915,0,0.344,726.979,,GIRTH_WELD,0,192.12199999999984,0.0
2592.5,0.13215484660086038,0,0.344,732.318,,GIRTH_WELD,0,232.22400000000016,0.0
2597.5,0.13541442069240617,0,0.344,732.318,,GIRTH_WELD,0,232.22400000000016,0.0
2602.5,0.13541442069240617,0,0.344,732.318,,GIRTH_WELD,0,232.22400000000016,0.0
2607.5,0.13541442069240617,0,0.344,732.318,,GIRTH_WELD,0,232.22400000000016,0.0
2632.5,0.13413774720084318,0,0.344,736.43,,GIRTH_WELD,0,245.18399999999974,0.0
2637.5,0.13819653480152616,0,0.344,736.43,,GIRTH_WELD,0,245.18399999999974,0.0
2642.5,0.13819653480152616,0,0.344,736.43,,GIRTH_WELD,0,245.18399999999974,0.0
2647.5,0.13681839359689912,0,0.344,736.43,,GIRTH_WELD,0,245.18399999999974,0.0
2672.5,0.12923451499149588,0,0.344,739.84,,GIRTH_WELD,0,205.09199999999964,0.0
2677.5,0.1432318298770023,0,0.344,739.84,,GIRTH_WELD,0,205.09199999999964,0.0
2682.5,0.1432318298770023,0,0.344,739.84,,GIRTH_WELD,0,205.09199999999964,0.0
2687.5,0.1432318298770023,0,0.344,739.84,,GIRTH_WELD,0,205.09199999999964,0.0
2712.5,0.12925848323784653,0,0.344,742.921,,GIRTH_WELD,0,164.8819999999996,0.0
2717.5,0.14117732156013368,0,0.344,742.921,,GIRTH_WELD,0,164.8819999999996,0.0
2722.5,0.14425582107006868,0,0.344,742.921,,GIRTH_WELD,0,164.8819999999996,0.0
2727.5,0.14425582107006868,0,0.344,742.921,,GIRTH_WELD,0,164.8819999999996,0.0
2752.5,0.10778822768473857,0,0.344,745.727,,GIRTH_WELD,0,124.78999999999996,0.0
2757.5,0.1168312738248272,0,0.344,745.727,,GIRTH_WELD,0,124.78999999999996,0.0
2762.5,0.1168312738248272,0,0.344,745.727,,GIRTH_WELD,0,124.78999999999996,0.0
2767.5,0.1168312738248272,0,0.344,745.727,,GIRTH_WELD,0,124.78999999999996,0.0
2792.5,0.10113387253822595,0,0.344,746.791,,GIRTH_WELD,0,84.55699999999979,0.0
2797.5,0.10871717529831969,0,0.344,746.791,,GIRTH_WELD,0,84.55699999999979,0.0
2802.5,0.10871717529831969,0,0.344,746.791,,GIRTH_WELD,0,84.55699999999979,0.0
2807.5,0.10871717529831969,0,0.344,746.791,,GIRTH_WELD,0,84.55699999999979,0.0
2832.5,0.11249140299630725,0,0.344,747.525,,GIRTH_WELD,0,44.55099999999993,0.0
2837.5,0.11435799096050962,0,0.344,747.525,,GIRTH_WELD,0,44.55099999999993,0.0
2842.5,0.11435799096050962,0,0.344,747.525,,GIRTH_WELD,0,44.55099999999993,0.0
2847.5,0.16184204080103065,0,0.344,747.714,,FIELD_BEND,0,33.009000000000015,11.541999999999916
2852.5,0.15421636204183156,0,0.344,747.714,,FIELD_BEND,0,33.009000000000015,11.541999999999916
2857.5,0.15421636204183156,0,0.344,747.714,,FIELD_BEND,0,33.009000000000015,11.541999999999916
2862.5,0.15607508998792055,0,0.344,748.015,,FIELD_BEND,0,14.054999999999836,9.71100000000024
2867.5,0.1501913693812945,0,0.344,748.015,,FIELD_BEND,0,14.054999999999836,9.71100000000024
2872.5,0.1501913693812945,0,0.344,748.015,,FIELD_BEND,0,14.054999999999836,9.71100000000024
2877.5,0.17269349622948071,0,0.5,748.17,,GIRTH_WELD,0,4.343999999999596,0.0
2882.5,0.20230419541415298,0,0.5,748.233,,BEND,0,0.0,4.343999999999596
2887.5,0.1092630450405218,0,0.344,748.288,,GIRTH_WELD,0,4.376000000000204,0.0
2892.5,0.11112963300472417,0,0.344,748.288,,GIRTH_WELD,0,4.376000000000204,0.0
2897.5,0.11112963300472417,0,0.344,748.288,,GIRTH_WELD,0,4.376000000000204,0.0
2902.5,0.15094944422607035,0,0.344,748.516,,FIELD_BEND,0,26.355000000000018,8.874000000000251
2907.5,0.14310824371656033,0,0.344,748.516,,FIELD_BEND,0,26.355000000000018,8.874000000000251
2912.5,0.14310824371656033,0,0.344,748.516,,FIELD_BEND,0,26.355000000000018,8.874000000000251
2917.5,0.10672227345893147,0,0.344,748.605,,GIRTH_WELD,0,35.22900000000027,0.0
2922.5,0.10858886142313384,0,0.344,748.605,,GIRTH_WELD,0,35.22900000000027,0.0
2927.5,0.14825965334182642,0,0.344,748.69,,FIELD_BEND,0,45.31800000000021,10.088999999999942
2932.5,0.1433551023540185,0,0.344,748.69,,FIELD_BEND,0,45.31800000000021,10.088999999999942
2937.5,0.1433551023540185,0,0.344,748.69,,FIELD_BEND,0,45.31800000000021,10.088999999999942
2952.5,0.10867548216998045,0,0.344,748.93,,GIRTH_WELD,0,75.58400000000029,0.0
2957.5,0.111521239753001,0,0.344,748.93,,GIRTH_WELD,0,75.58400000000029,0.0
2962.5,0.111521239753001,0,0.344,748.93,,GIRTH_WELD,0,75.58400000000029,0.0
2967.5,0.15332774016203365,0,0.344,749.094,,FIELD_BEND,0,87.08300000000008,11.498999999999796
2972.5,0.14668123102165276,0,0.344,749.094,,FIELD_BEND,0,87.08300000000008,11.498999999999796
2977.5,0.1456347370037821,0,0.344,749.094,,FIELD_BEND,0,87.08300000000008,11.498999999999796
2992.5,0.12023111957775935,0,0.344,749.55,,GIRTH_WELD,0,115.56700000000001,0.0
2997.5,0.1252822869676718,0,0.344,749.55,,GIRTH_WELD,0,115.56700000000001,0.0
3002.5,0.1252822869676718,0,0.344,749.55,,GIRTH_WELD,0,115.56700000000001,0.0
3007.5,0.1252822869676718,0,0.344,749.55,,GIRTH_WELD,0,115.56700000000001,0.0
3032.5,0.12645977926473762,0,0.344,750.565,,GIRTH_WELD,0,155.558,0.0
3037.5,0.13912428401392174,0,0.344,750.565,,GIRTH_WELD,0,155.558,0.0
3042.5,0.13912428401392174,0,0.344,750.565,,GIRTH_WELD,0,155.558,0.0
3047.5,0.13912428401392174,0,0.344,750.565,,GIRTH_WELD,0,155.558,0.0
3062.5,0.15410559064127793,0,0.344,749.487,,FIELD_BEND,0,187.74900000000025,7.835000000000036
3067.5,0.18080451510113194,0,0.344,749.487,,FIELD_BEND,0,187.74900000000025,7.835000000000036
3072.5,0.18080451510113194,0,0.344,749.487,,FIELD_BEND,0,187.74900000000025,7.835000000000036
3077.5,0.1482247223847723,0,0.344,749.186,,GIRTH_WELD,0,195.5840000000003,0.0
3082.5,0.15593336457373547,0,0.344,748.944,12:00,TAP,0,201.6270000000004,6.04300000000012
3087.5,0.18080451510113194,0,0.344,748.944,12:00,TAP,0,201.6270000000004,6.04300000000012
3092.5,0.18080451510113194,0,0.344,748.944,12:00,TAP,0,201.6270000000004,6.04300000000012
3112.5,0.19069277608469146,0,0.344,747.542,,GIRTH_WELD,2,235.74099999999999,0.0
3117.5,0.20572599664074542,0,0.344,747.542,,GIRTH_WELD,2,235.74099999999999,0.0
3122.5,0.20572599664074542,0,0.344,747.542,,GIRTH_WELD,2,235.74099999999999,0.0
3127.5,0.20572599664074542,0,0.344,747.542,,GIRTH_WELD,2,235.74099999999999,0.0
3142.5,0.2005241600331112,0,0.344,746.839,,FIELD_BEND,2,266.0630000000001,8.11999999999989
3147.5,0.22512385420268394,0,0.344,746.839,,FIELD_BEND,2,266.0630000000001,8.11999999999989
3152.5,0.22512385420268394,0,0.344,746.839,,FIELD_BEND,2,266.0630000000001,8.11999999999989
3157.5,0.19486550713445483,0,0.344,746.664,,GIRTH_WELD,2,274.183,0.0
3162.5,0.1871348771817029,0,0.344,746.596,6:09,METAL_LOSS_MFG,2,279.7370000000001,5.554000000000087
3167.5,0.21487148384977434,0,0.344,746.595,5:58,METAL_LOSS_MFG,2,280.029,5.846000000000004
3172.5,0.22175531688382616,0,0.344,746.595,5:58,METAL_LOSS_MFG,2,280.029,5.846000000000004
3192.5,0.2031266604729265,0,0.344,746.441,,GIRTH_WELD,2,314.41600000000017,0.0
3197.5,0.21705645656021783,0,0.344,746.441,,GIRTH_WELD,2,314.41600000000017,0.0
3202.5,0.21705645656021783,0,0.344,746.441,,GIRTH_WELD,2,314.41600000000017,0.0
3207.5,0.21705645656021783,0,0.344,746.441,,GIRTH_WELD,2,314.41600000000017,0.0
3232.5,0.20687027865705365,0,0.344,748.306,,GIRTH_WELD,0,354.442,0.0
3237.5,0.1915145062243437,0,0.344,748.306,,GIRTH_WELD,0,354.442,0.0
3242.5,0.19089215472352347,0,0.344,748.306,,GIRTH_WELD,0,354.442,0.0
3247.5,0.19089215472352347,0,0.344,748.306,,GIRTH_WELD,0,354.442,0.0
3262.5,0.2289731469301654,0,0.344,750.34,,FIELD_BEND,0,384.6130000000003,10.10799999999972
3267.5,0.21648826599562007,0,0.344,750.34,,FIELD_BEND,0,384.6130000000003,10.10799999999972
3272.5,0.21648826599562007,0,0.344,750.34,,FIELD_BEND,0,384.6130000000003,10.10799999999972
3277.5,0.20759676303708374,0,0.344,751.038,,GIRTH_WELD,0,394.721,0.0
3282.5,0.19996764613905504,0,0.344,751.038,,GIRTH_WELD,0,394.721,0.0
3287.5,0.2405300413321425,0,0.344,751.911,,FIELD_BEND,0,406.28600000000006,11.565000000000055
3292.5,0.22700083763204365,0,0.344,751.911,,FIELD_BEND,0,406.28600000000006,11.565000000000055
3297.5,0.22700083763204365,0,0.344,751.911,,FIELD_BEND,0,406.28600000000006,11.565000000000055
3302.5,0.2246021631094013,0,0.344,753.508,,FIELD_BEND,3,426.9550000000004,7.880999999999858
3307.5,0.22847021693280375,0,0.344,753.508,,FIELD_BEND,3,426.9550000000004,7.880999999999858
3312.5,0.22847021693280375,0,0.344,753.508,,FIELD_BEND,3,426.9550000000004,7.880999999999858
3317.5,0.3079369836198617,0,0.344,754.117,,GIRTH_WELD,3,434.83600000000024,0.0
3322.5,0.3135977325025267,0,0.344,754.117,,GIRTH_WELD,3,434.83600000000024,0.0
3327.5,0.3105802652536184,0,0.344,754.117,,GIRTH_WELD,3,434.83600000000024,0.0
3352.5,0.4477273957621818,0,0.344,757.447,7:27,METAL_LOSS,3,474.13700000000017,1.0630000000001019
3357.5,0.4492911240918297,0,0.344,757.447,7:27,METAL_LOSS,3,474.13700000000017,1.0630000000001019
3362.5,0.4491667249082002,0,0.344,757.537,,GIRTH_WELD,3,475.2000000000003,0.0
3367.5,0.45509586463626556,0,0.344,757.537,,GIRTH_WELD,3,475.2000000000003,0.0
3392.5,0.7208284784842705,1,0.344,761.135,,GIRTH_WELD,10,515.259,0.0
3397.5,0.7281922100779796,1,0.344,761.135,,GIRTH_WELD,10,515.259,0.0
3402.5,0.7281922100779796,1,0.344,761.135,,GIRTH_WELD,10,515.259,0.0
3407.5,0.6134350244299016,1,0.344,762.764,5:55,METAL_LOSS,6,531.8040000000001,16.545000000000073
3412.5,0.6236181825082265,1,0.344,762.764,5:55,METAL_LOSS,6,531.8040000000001,16.545000000000073
3417.5,0.6176117652422808,1,0.344,762.916,5:40,METAL_LOSS,6,533.3300000000004,18.071000000000367
3422.5,0.614788652387902,1,0.344,763.151,4:56,METAL_LOSS,6,535.6760000000004,19.815999999999804
3427.5,0.6183588962277792,1,0.344,763.989,,FIELD_BEND,6,544.058,11.434000000000196
3432.5,0.6257923968143881,1,0.344,763.989,,FIELD_BEND,6,544.058,11.434000000000196
3437.5,0.6007868852577628,1,0.344,765.039,8:44,METAL_LOSS,6,554.5730000000003,0.918999999999869
3442.5,0.590249066806538,1,0.344,765.131,,GIRTH_WELD,6,555.4920000000002,0.0
3447.5,0.6010668618475461,1,0.344,765.131,,GIRTH_WELD,6,555.4920000000002,0.0
3472.5,0.542311054092846,1,0.344,769.289,,GIRTH_WELD,7,595.4750000000004,0.0
3477.5,0.5465854696795954,1,0.344,769.289,,GIRTH_WELD,7,595.4750000000004,0.0
3482.5,0.5465854696795954,1,0.344,769.289,,GIRTH_WELD,7,595.4750000000004,0.0
3487.5,0.4723763686312511,0,0.344,770.735,12:42,METAL_LOSS,4,610.0390000000002,14.56399999999985
3492.5,0.4683037978669332,0,0.344,770.735,12:42,METAL_LOSS,4,610.0390000000002,14.56399999999985
3497.5,0.46974905802621736,0,0.344,770.735,12:42,METAL_LOSS,4,610.0390000000002,14.56399999999985
3502.5,0.47174580481265516,0,0.344,771.755,12:13,METAL_LOSS,4,620.433,15.275000000000091
3507.5,0.4652060377616284,0,0.344,771.755,12:13,METAL_LOSS,4,620.433,15.275000000000091
3512.5,0.39917083739527603,0,0.344,773.255,,GIRTH_WELD,4,635.7080000000001,0.0
3517.5,0.39670955461452495,0,0.344,773.255,,GIRTH_WELD,4,635.7080000000001,0.0
3522.5,0.39670955461452495,0,0.344,773.255,,GIRTH_WELD,4,635.7080000000001,0.0
3527.5,0.39670955461452495,0,0.344,773.255,,GIRTH_WELD,4,635.7080000000001,0.0
3552.5,0.2439796211532834,0,0.344,776.697,,GIRTH_WELD,0,675.7580000000003,0.0
3557.5,0.2502062409779773,0,0.344,776.697,,GIRTH_WELD,0,675.7580000000003,0.0
3562.5,0.2502062409779773,0,0.344,776.697,,GIRTH_WELD,0,675.7580000000003,0.0
3567.5,0.24985805155255228,0,0.344,776.697,,GIRTH_WELD,0,675.7580000000003,0.0
3572.5,0.24609561661339427,0,0.344,777.969,,FIELD_BEND,0,698.815,17.330000000000382
3577.5,0.2509078046933827,0,0.344,777.969,,FIELD_BEND,0,698.815,17.330000000000382
3582.5,0.2509078046933827,0,0.344,777.969,,FIELD_BEND,0,698.815,17.330000000000382
3587.5,0.2509078046933827,0,0.344,777.969,,FIELD_BEND,0,698.815,17.330000000000382
3592.5,0.16636965812481996,0,0.344,778.861,,GIRTH_WELD,0,716.1450000000004,0.0
3597.5,0.16605403445272782,0,0.344,778.861,,GIRTH_WELD,0,716.1450000000004,0.0
3602.5,0.16605403445272782,0,0.344,778.861,,GIRTH_WELD,0,716.1450000000004,0.0
3607.5,0.16605403445272782,0,0.344,778.861,,GIRTH_WELD,0,716.1450000000004,0.0
3612.5,0.2410519229836139,0,0.344,779.633,,FIELD_BEND,0,736.4270000000001,19.809999999999945
3617.5,0.2316584878495096,0,0.344,779.633,,FIELD_BEND,0,736.4270000000001,19.809999999999945
3622.5,0.2316584878495096,0,0.344,779.633,,FIELD_BEND,0,736.4270000000001,19.809999999999945
3627.5,0.2316584878495096,0,0.344,779.633,,FIELD_BEND,0,736.4270000000001,19.809999999999945
3632.5,0.13846995603720716,0,0.344,780.35,,GIRTH_WELD,0,756.2370000000001,0.0
3637.5,0.14558282991305732,0,0.344,780.35,,GIRTH_WELD,0,756.2370000000001,0.0
3642.5,0.14558282991305732,0,0.344,780.35,,GIRTH_WELD,0,756.2370000000001,0.0
3647.5,0.14558282991305732,0,0.344,780.35,,GIRTH_WELD,0,756.2370000000001,0.0
3672.5,0.11779992765523165,0,0.344,777.448,,GIRTH_WELD,0,796.4930000000004,0.0
3677.5,0.14693973827136037,0,0.344,777.448,,GIRTH_WELD,0,796.4930000000004,0.0
3682.5,0.14693973827136037,0,0.344,777.448,,GIRTH_WELD,0,796.4930000000004,0.0
3687.5,0.14583282805836237,0,0.344,777.448,,GIRTH_WELD,0,796.4930000000004,0.0
3712.5,0.1106765164447113,0,0.344,771.269,,GIRTH_WELD,0,836.4860000000003,0.0
3717.5,0.13645560619430247,0,0.344,771.269,,GIRTH_WELD,0,836.4860000000003,0.0
3722.5,0.13645560619430247,0,0.344,771.269,,GIRTH_WELD,0,836.4860000000003,0.0
3727.5,0.13486086813752887,0,0.344,771.269,,GIRTH_WELD,0,836.4860000000003,0.0
3747.5,0.10996024004010754,0,0.344,769.384,,GIRTH_WELD,0,871.3280000000004,0.0
3752.5,0.13752071674509958,0,0.344,769.384,,GIRTH_WELD,0,871.3280000000004,0.0
3757.5,0.13911545480187318,0,0.344,769.384,,GIRTH_WELD,0,871.3280000000004,0.0
3762.5,0.13911545480187318,0,0.344,769.384,,GIRTH_WELD,0,871.3280000000004,0.0
3787.5,0.1812593666962538,0,0.344,777.921,,GIRTH_WELD,0,910.9810000000002,0.0
3792.5,0.17884095563484148,0,0.344,777.921,,GIRTH_WELD,0,910.9810000000002,0.0
3797.5,0.17884095563484148,0,0.344,777.921,,GIRTH_WELD,0,910.9810000000002,0.0
3802.5,0.17884095563484148,0,0.344,777.921,,GIRTH_WELD,0,910.9810000000002,0.0
3827.5,0.18236754602669447,0,0.344,789.718,,GIRTH_WELD,0,951.25,0.0
3832.5,0.18352358469858523,0,0.344,789.718,,GIRTH_WELD,0,951.25,0.0
3837.5,0.18050611744967693,0,0.344,789.718,,GIRTH_WELD,0,951.25,0.0
3842.5,0.18214375224052895,0,0.344,789.718,,GIRTH_WELD,0,951.25,0.0
3867.5,0.2652872517995948,0,0.344,803.773,,GIRTH_WELD,0,991.2430000000004,0.0
3872.5,0.27175532326702645,0,0.344,803.773,,GIRTH_WELD,0,991.2430000000004,0.0
3877.5,0.27175532326702645,0,0.344,803.773,,GIRTH_WELD,0,991.2430000000004,0.0
3882.5,0.27175532326702645,0,0.344,803.773,,GIRTH_WELD,0,991.2430000000004,0.0
3907.5,0.336135907624527,0,0.344,816.158,,GIRTH_WELD,4,1031.4560000000001,0.0
3912.5,0.3364109610371785,0,0.344,816.158,,GIRTH_WELD,4,1031.4560000000001,0.0
3917.5,0.3364109610371785,0,0.344,816.158,,GIRTH_WELD,4,1031.4560000000001,0.0
3922.5,0.36849511204865515,0,0.344,817.185,10:16,METAL_LOSS,4,1043.701,12.24499999999989
3927.5,0.3672890585321768,0,0.344,817.185,10:16,METAL_LOSS,4,1043.701,12.24499999999989
3932.5,0.37966426505576883,0,0.344,817.393,10:28,METAL_LOSS,4,1051.3120000000004,19.856000000000222
3937.5,0.3793017173986655,0,0.344,817.393,10:28,METAL_LOSS,4,1051.3120000000004,19.856000000000222
3942.5,0.3793017173986655,0,0.344,817.393,10:28,METAL_LOSS,4,1051.3120000000004,19.856000000000222
3947.5,0.3277089687886484,0,0.344,817.942,,GIRTH_WELD,4,1071.4830000000002,0.0
3952.5,0.3279840222012998,0,0.344,817.942,,GIRTH_WELD,4,1071.4830000000002,0.0
3957.5,0.3279840222012998,0,0.344,817.942,,GIRTH_WELD,4,1071.4830000000002,0.0
3962.5,0.3279840222012998,0,0.344,817.942,,GIRTH_WELD,4,1071.4830000000002,0.0
3987.5,0.3555473584650764,0,0.344,812.541,,GIRTH_WELD,0,1111.8470000000002,0.0
3992.5,0.35995236073346953,0,0.344,812.541,,GIRTH_WELD,0,1111.8470000000002,0.0
3997.5,0.35995236073346953,0,0.344,812.541,,GIRTH_WELD,0,1111.8470000000002,0.0
4002.5,0.35995236073346953,0,0.344,812.541,,GIRTH_WELD,0,1111.8470000000002,0.0
4007.5,0.35679814507838165,0,0.344,809.343,,FIELD_BEND,0,1130.489,18.641999999999825
4012.5,0.3498144096709976,0,0.344,809.343,,FIELD_BEND,0,1130.489,18.641999999999825
4017.5,0.3498144096709976,0,0.344,809.343,,FIELD_BEND,0,1130.489,18.641999999999825
4022.5,0.3498144096709976,0,0.344,809.343,,FIELD_BEND,0,1130.489,18.641999999999825
4027.5,0.1876989803660997,0,0.344,805.577,,GIRTH_WELD,0,1151.9160000000002,0.0
4032.5,0.1948667825619263,0,0.344,805.577,,GIRTH_WELD,0,1151.9160000000002,0.0
4037.5,0.1948667825619263,0,0.344,805.577,,GIRTH_WELD,0,1151.9160000000002,0.0
4042.5,0.1948667825619263,0,0.344,805.577,,GIRTH_WELD,0,1151.9160000000002,0.0
4067.5,0.19865343180791672,0,0.344,795.318,,GIRTH_WELD,2,1192.326,0.0
4072.5,0.20451748377930076,0,0.344,795.318,,GIRTH_WELD,2,1192.326,0.0
4077.5,0.20451748377930076,0,0.344,795.318,,GIRTH_WELD,2,1192.326,0.0
4082.5,0.20451748377930076,0,0.344,795.318,,GIRTH_WELD,2,1192.326,0.0
4087.5,0.209369018407967,0,0.344,791.48,12:01,METAL_LOSS,2,1209.134,11.364000000000487
4092.5,0.21506961442607048,0,0.344,791.48,12:01,METAL_LOSS,2,1209.134,11.364000000000487
4097.5,0.19188030146658516,0,0.344,790.943,,AGM,2,1211.5480000000002,8.950000000000273
4102.5,0.20167089905682503,0,0.344,788.947,,GIRTH_WELD,2,1220.4980000000005,0.0
4107.5,0.20753495102820907,0,0.344,788.947,,GIRTH_WELD,2,1220.4980000000005,0.0
4112.5,0.20753495102820907,0,0.344,788.947,,GIRTH_WELD,2,1220.4980000000005,0.0
4137.5,0.18142373970991893,0,0.344,781.24,,GIRTH_WELD,0,1260.8400000000001,0.0
4142.5,0.18743645107495832,0,0.344,781.24,,GIRTH_WELD,0,1260.8400000000001,0.0
4147.5,0.18743645107495832,0,0.344,781.24,,GIRTH_WELD,0,1260.8400000000001,0.0
4152.5,0.19494814040943534,0,0.344,779.406,,FIELD_BEND,0,1273.6090000000004,12.769000000000233
4157.5,0.21195680303659648,0,0.344,779.406,,FIELD_BEND,0,1273.6090000000004,12.769000000000233
4162.5,0.21195680303659648,0,0.344,779.406,,FIELD_BEND,0,1273.6090000000004,12.769000000000233
4177.5,0.17231672458915961,0,0.344,775.782,,GIRTH_WELD,0,1300.9120000000003,0.0
4182.5,0.18015309768255416,0,0.344,775.782,,GIRTH_WELD,0,1300.9120000000003,0.0
4187.5,0.18137200369304993,0,0.344,775.782,,GIRTH_WELD,0,1300.9120000000003,0.0
4192.5,0.18137200369304993,0,0.344,775.782,,GIRTH_WELD,0,1300.9120000000003,0.0
4217.5,0.12549442785920825,0,0.344,770.423,,GIRTH_WELD,0,1341.1779999999999,0.0
4222.5,0.1652758750681833,0,0.344,770.423,,GIRTH_WELD,0,1341.1779999999999,0.0
4227.5,0.16726740473093651,0,0.344,770.423,,GIRTH_WELD,0,1341.1779999999999,0.0
4232.5,0.16726740473093651,0,0.344,770.423,,GIRTH_WELD,0,1341.1779999999999,0.0
4257.5,0.1172068124667795,0,0.344,765.083,,GIRTH_WELD,0,1381.2269999999999,0.0
4262.5,0.1413631395802318,0,0.344,765.083,,GIRTH_WELD,0,1381.2269999999999,0.0
4267.5,0.1413631395802318,0,0.344,765.083,,GIRTH_WELD,0,1381.2269999999999,0.0
4272.5,0.1413631395802318,0,0.344,765.083,,GIRTH_WELD,0,1381.2269999999999,0.0
4297.5,0.11774938179898038,0,0.344,759.61,,GIRTH_WELD,0,1421.46,0.0
4302.5,0.144639461164262,0,0.344,759.61,,GIRTH_WELD,0,1421.46,0.0
4307.5,0.144639461164262,0,0.344,759.61,,GIRTH_WELD,0,1421.46,0.0
4312.5,0.14575374817224077,0,0.344,759.61,,GIRTH_WELD,0,1421.46,0.0
4327.5,0.14682966743167003,0,0.344,754.655,,UNKNOWN,0,1452.6239999999998,8.960000000000036
4332.5,0.17445379255880564,0,0.344,754.655,,UNKNOWN,0,1452.6239999999998,8.960000000000036
4337.5,0.14870114842744311,0,0.344,754.259,,UNKNOWN,0,1455.0820000000003,6.501999999999498
4342.5,0.12368600969480531,0,0.344,753.212,,GIRTH_WELD,0,1461.5839999999998,0.0
4347.5,0.14891005362072834,0,0.344,753.212,,GIRTH_WELD,0,1461.5839999999998,0.0
4352.5,0.15207571605133283,0,0.344,751.785,,FIELD_BEND,0,1468.2610000000004,6.677000000000589
4357.5,0.17778924470588897,0,0.344,751.785,,FIELD_BEND,0,1468.2610000000004,6.677000000000589
4377.5,0.13191344339005093,0,0.344,743.533,,GIRTH_WELD,0,1501.8960000000006,0.0
4382.5,0.15767994863784743,0,0.344,743.533,,GIRTH_WELD,0,1501.8960000000006,0.0
4387.5,0.1546014491279125,0,0.344,743.533,,GIRTH_WELD,0,1501.8960000000006,0.0
4392.5,0.1546014491279125,0,0.344,743.533,,GIRTH_WELD,0,1501.8960000000006,0.0
4417.5,0.1591095762780146,0,0.344,731.105,,GIRTH_WELD,0,1541.978,0.0
4422.5,0.22123788554751653,0,0.344,731.105,,GIRTH_WELD,0,1541.978,0.0
4427.5,0.22123788554751653,0,0.344,731.105,,GIRTH_WELD,0,1541.978,0.0
4432.5,0.21299751478638101,0,0.344,729.028,,FIELD_BEND,0,1548.0740000000005,6.096000000000458
4437.5,0.2628134322889271,0,0.344,729.028,,FIELD_BEND,0,1548.0740000000005,6.096000000000458
4442.5,0.22891436046594102,0,0.344,721.959,11:23,UNKNOWN,0,1567.7520000000004,14.481999999999971
4447.5,0.2469871316052334,0,0.344,721.959,11:23,UNKNOWN,0,1567.7520000000004,14.481999999999971
4452.5,0.24239826418190571,0,0.344,721.959,11:23,UNKNOWN,0,1567.7520000000004,14.481999999999971
4457.5,0.20717535490213745,0,0.344,717.825,11:28,UNKNOWN,0,1579.2620000000006,2.9719999999997526
4462.5,0.22858343520231156,0,0.344,717.825,11:28,UNKNOWN,0,1579.2620000000006,2.9719999999997526
4467.5,0.21434913673739334,0,0.344,716.757,,GIRTH_WELD,0,1582.2340000000004,0.0
4472.5,0.27775037523000634,0,0.344,711.853,,FIELD_BEND,0,1595.8200000000006,13.58600000000024
4477.5,0.31383863379008664,0,0.344,711.853,,FIELD_BEND,0,1595.8200000000006,13.58600000000024
4482.5,0.31383863379008664,0,0.344,711.853,,FIELD_BEND,0,1595.8200000000006,13.58600000000024
4487.5,0.31333203554961747,0,0.344,711.853,,FIELD_BEND,0,1595.8200000000006,13.58600000000024
4497.5,0.3031781846298725,0,0.344,702.313,,GIRTH_WELD,3,1622.2269999999999,0.0
4502.5,0.3109980496680179,0,0.344,702.313,,GIRTH_WELD,3,1622.2269999999999,0.0
4507.5,0.3109980496680179,0,0.344,702.313,,GIRTH_WELD,3,1622.2269999999999,0.0
4512.5,0.3109980496680179,0,0.344,702.313,,GIRTH_WELD,3,1622.2269999999999,0.0
4537.5,0.5220253138994697,1,0.344,688.184,6:29,METAL_LOSS,6,1661.3450000000003,39.11800000000039
4542.5,0.5506282466873659,1,0.344,688.184,6:29,METAL_LOSS,6,1661.3450000000003,39.11800000000039
4547.5,0.5352775318587324,1,0.344,687.477,3:33,METAL_LOSS,6,1663.2970000000005,39.23199999999997
4552.5,0.5569572970444997,1,0.344,687.477,3:33,METAL_LOSS,6,1663.2970000000005,39.23199999999997
4562.5,0.5290610780875346,1,0.344,679.593,6:30,METAL_LOSS,6,1684.9409999999998,17.588000000000648
4567.5,0.5587501208327095,1,0.344,679.593,6:30,METAL_LOSS,6,1684.9409999999998,17.588000000000648
4572.5,0.5587501208327095,1,0.344,679.593,6:30,METAL_LOSS,6,1684.9409999999998,17.588000000000648
4577.5,0.7096886251934209,1,0.344,673.181,,GIRTH_WELD,11,1702.5290000000005,0.0
4582.5,0.726182674114293,1,0.344,673.181,,GIRTH_WELD,11,1702.5290000000005,0.0
4587.5,0.726182674114293,1,0.344,673.181,,GIRTH_WELD,11,1702.5290000000005,0.0
4592.5,0.726182674114293,1,0.344,673.181,,GIRTH_WELD,11,1702.5290000000005,0.0
4612.5,0.47777704938457793,0,0.344,660.188,,UNKNOWN,4,1738.33,4.413000000000466
4617.5,0.4848277028463614,0,0.344,660.188,,UNKNOWN,4,1738.33,4.413000000000466
4622.5,0.4831655518562697,0,0.344,659.815,5:40,METAL_LOSS,4,1739.357,3.386000000000422
4627.5,0.4761570823448412,0,0.344,658.587,,GIRTH_WELD,4,1742.7430000000004,0.0
4632.5,0.48891425443415476,0,0.344,658.587,,GIRTH_WELD,4,1742.7430000000004,0.0
4657.5,0.4316488391683496,0,0.344,645.002,,GIRTH_WELD,4,1782.723,0.0
4662.5,0.42779109353308725,0,0.344,645.002,,GIRTH_WELD,4,1782.723,0.0
4667.5,0.42779109353308725,0,0.344,645.002,,GIRTH_WELD,4,1782.723,0.0
4672.5,0.42779109353308725,0,0.344,645.002,,GIRTH_WELD,4,1782.723,0.0
4697.5,0.24570231170806142,0,0.344,631.844,,GIRTH_WELD,0,1822.88,0.0
4702.5,0.2765230522187512,0,0.344,631.844,,GIRTH_WELD,0,1822.88,0.0
4707.5,0.2765230522187512,0,0.344,631.844,,GIRTH_WELD,0,1822.88,0.0
4712.5,0.2765230522187512,0,0.344,631.844,,GIRTH_WELD,0,1822.88,0.0
4727.5,0.22526672712672663,0,0.344,622.211,8:48,UNKNOWN,0,1852.0990000000002,10.807999999999993
4732.5,0.2680309415931375,0,0.344,622.211,8:48,UNKNOWN,0,1852.0990000000002,10.807999999999993
4737.5,0.2680309415931375,0,0.344,622.211,8:48,UNKNOWN,0,1852.0990000000002,10.807999999999993
4742.5,0.14933159587438977,0,0.344,618.644,,GIRTH_WELD,0,1862.9070000000002,0.0
4747.5,0.20922387008845894,0,0.344,618.644,,GIRTH_WELD,0,1862.9070000000002,0.0
4752.5,0.20922387008845894,0,0.344,618.644,,GIRTH_WELD,0,1862.9070000000002,0.0
4777.5,0.12536094108732643,0,0.344,605.449,,GIRTH_WELD,0,1903.1760000000004,0.0
4782.5,0.18474077091018384,0,0.344,605.449,,GIRTH_WELD,0,1903.1760000000004,0.0
4787.5,0.18474077091018384,0,0.344,605.449,,GIRTH_WELD,0,1903.1760000000004,0.0
4792.5,0.18474077091018384,0,0.344,605.449,,GIRTH_WELD,0,1903.1760000000004,0.0
4817.5,0.20560669148758856,0,0.344,592.255,,GIRTH_WELD,0,1943.1689999999999,0.0
4822.5,0.23163690408899204,0,0.344,592.255,,GIRTH_WELD,0,1943.1689999999999,0.0
4827.5,0.23163690408899204,0,0.344,592.255,,GIRTH_WELD,0,1943.1689999999999,0.0
4832.5,0.23163690408899204,0,0.344,592.255,,GIRTH_WELD,0,1943.1689999999999,0.0
4847.5,0.27227611908061805,0,0.344,583.511,,FIELD_BEND,0,1970.2200000000003,13.15899999999965
4852.5,0.30196364624649347,0,0.344,583.511,,FIELD_BEND,0,1970.2200000000003,13.15899999999965
4857.5,0.30196364624649347,0,0.344,583.511,,FIELD_BEND,0,1970.2200000000003,13.15899999999965
4862.5,0.2680849699760078,0,0.344,579.266,,GIRTH_WELD,0,1983.379,0.0
4867.5,0.28458213796223225,0,0.344,579.266,,GIRTH_WELD,0,1983.379,0.0
4872.5,0.28458213796223225,0,0.344,579.266,,GIRTH_WELD,0,1983.379,0.0
4897.5,0.5011673984853825,1,0.344,567.591,,GIRTH_WELD,6,2023.4050000000007,0.0
4902.5,0.5209138240958353,1,0.344,567.591,,GIRTH_WELD,6,2023.4050000000007,0.0
4907.5,0.5209138240958353,1,0.344,567.591,,GIRTH_WELD,6,2023.4050000000007,0.0
4912.5,0.5155349428978091,1,0.344,564.639,7:54,METAL_LOSS,6,2033.9270000000006,10.521999999999935
4917.5,0.5350547575440728,1,0.344,564.639,7:54,METAL_LOSS,6,2033.9270000000006,10.521999999999935
4922.5,0.5166441681756,1,0.344,563.483,7:46,METAL_LOSS,6,2038.0870000000004,13.457999999999629
4927.5,0.4997690971843774,0,0.344,560.166,8:14,METAL_LOSS,6,2050.026,1.5190000000002328
4932.5,0.513679101065876,1,0.344,560.166,8:14,METAL_LOSS,6,2050.026,1.5190000000002328
4937.5,0.49378393392685793,0,0.344,559.744,,GIRTH_WELD,6,2051.545,0.0
4942.5,0.5111845632515888,1,0.344,559.744,,GIRTH_WELD,6,2051.545,0.0
4967.5,0.699527941530241,1,0.344,549.693,,GIRTH_WELD,8,2091.483,0.0
4972.5,0.7106649743221836,1,0.344,549.693,,GIRTH_WELD,8,2091.483,0.0
4977.5,0.7106649743221836,1,0.344,549.693,,GIRTH_WELD,8,2091.483,0.0
4982.5,0.5911113198038539,1,0.344,547.341,10:41,METAL_LOSS,4,2102.5030000000006,11.020000000000437
4987.5,0.6055609871478839,1,0.344,547.341,10:41,METAL_LOSS,4,2102.5030000000006,11.020000000000437
4992.5,0.5915951483189841,1,0.344,546.581,10:38,METAL_LOSS,4,2106.2530000000006,14.770000000000437
4997.5,0.5915951483189841,1,0.344,544.625,10:52,METAL_LOSS,4,2115.8990000000003,15.445999999999913
5002.5,0.6021285672313955,1,0.344,544.625,10:52,METAL_LOSS,4,2115.8990000000003,15.445999999999913
5007.5,0.6981533082793056,1,0.344,541.494,,GIRTH_WELD,8,2131.3450000000003,0.0
5012.5,0.7080261675110303,1,0.344,541.494,,GIRTH_WELD,8,2131.3450000000003,0.0
5017.5,0.7080261675110303,1,0.344,541.494,,GIRTH_WELD,8,2131.3450000000003,0.0
5022.5,0.7080261675110303,1,0.344,541.494,,GIRTH_WELD,8,2131.3450000000003,0.0
5042.5,0.36826483693740064,0,0.344,534.499,4:58,METAL_LOSS,3,2167.04,0.9810000000006767
5047.5,0.38003219237261016,0,0.344,534.499,4:58,METAL_LOSS,3,2167.04,0.9810000000006767
5052.5,0.3656155563722596,0,0.344,534.307,,GIRTH_WELD,3,2168.0210000000006,0.0
5057.5,0.38222403835931634,0,0.344,534.307,,GIRTH_WELD,3,2168.0210000000006,0.0
5082.5,0.2883205780709412,0,0.344,526.432,,GIRTH_WELD,3,2208.041,0.0
5087.5,0.2857638766643407,0,0.344,526.432,,GIRTH_WELD,3,2208.041,0.0
5092.5,0.2857638766643407,0,0.344,526.432,,GIRTH_WELD,3,2208.041,0.0
5097.5,0.2857638766643407,0,0.344,526.432,,GIRTH_WELD,3,2208.041,0.0
5112.5,0.19919614318629958,0,0.344,520.448,,GIRTH_WELD,0,2238.697,0.0
5117.5,0.22133387832346765,0,0.344,520.448,,GIRTH_WELD,0,2238.697,0.0
5122.5,0.22133387832346765,0,0.344,520.448,,GIRTH_WELD,0,2238.697,0.0
5127.5,0.22133387832346765,0,0.344,520.448,,GIRTH_WELD,0,2238.697,0.0
5152.5,0.19326494340799705,0,0.344,512.646,,GIRTH_WELD,0,2278.697,0.0
5157.5,0.2344486824012451,0,0.344,512.646,,GIRTH_WELD,0,2278.697,0.0
5162.5,0.2344486824012451,0,0.344,512.646,,GIRTH_WELD,0,2278.697,0.0
5167.5,0.2344486824012451,0,0.344,512.646,,GIRTH_WELD,0,2278.697,0.0
5192.5,0.19235977459408435,0,0.344,504.872,,GIRTH_WELD,0,2318.9890000000005,0.0
5197.5,0.23623006935664598,0,0.344,504.872,,GIRTH_WELD,0,2318.9890000000005,0.0
5202.5,0.23623006935664598,0,0.344,504.872,,GIRTH_WELD,0,2318.9890000000005,0.0
5207.5,0.23623006935664598,0,0.344,504.872,,GIRTH_WELD,0,2318.9890000000005,0.0
5212.5,0.21391854218330353,0,0.344,502.787,,AGM,0,2333.8680000000004,14.878999999999905
5217.5,0.2358805040347615,0,0.344,502.787,,AGM,0,2333.8680000000004,14.878999999999905
5222.5,0.2358805040347615,0,0.344,502.787,,AGM,0,2333.8680000000004,14.878999999999905
5232.5,0.34407512502664955,0,0.344,499.704,,GIRTH_WELD,0,2357.6800000000003,0.0
5237.5,0.3651959651537897,0,0.344,499.704,,GIRTH_WELD,0,2357.6800000000003,0.0
5242.5,0.3651959651537897,0,0.344,499.704,,GIRTH_WELD,0,2357.6800000000003,0.0
5247.5,0.3651959651537897,0,0.344,499.704,,GIRTH_WELD,0,2357.6800000000003,0.0
5272.5,0.5908334174074382,1,0.344,497.223,,GIRTH_WELD,5,2397.9260000000004,0.0
5277.5,0.6063511557975982,1,0.344,497.223,,GIRTH_WELD,5,2397.9260000000004,0.0
5282.5,0.6063511557975982,1,0.344,497.223,,GIRTH_WELD,5,2397.9260000000004,0.0
5287.5,0.6063511557975982,1,0.344,497.223,,GIRTH_WELD,5,2397.9260000000004,0.0
5302.5,0.7895662391729836,1,0.344,495.503,6:16,METAL_LOSS,11,2427.04,29.113999999999578
5307.5,0.8132340185051875,1,0.344,495.503,6:16,METAL_LOSS,11,2427.04,29.113999999999578
5312.5,0.7895662391729836,1,0.344,495.412,5:39,METAL_LOSS,11,2428.5860000000002,30.659999999999854
5317.5,0.7946643960550124,1,0.344,495.164,5:25,METAL_LOSS,12,2432.7620000000006,34.83600000000024
5322.5,0.7742820374277538,1,0.344,494.802,5:25,METAL_LOSS,13,2438.8780000000006,40.952000000000226
5327.5,0.7736360043135986,1,0.344,494.594,6:26,METAL_LOSS,14,2444.304,46.3779999999997
5332.5,0.7707345975428447,1,0.344,494.445,6:24,METAL_LOSS,15,2449.242,51.3159999999998
5337.5,0.7557369002928067,1,0.344,494.312,7:01,METAL_LOSS,17,2453.674,55.74799999999959
5342.5,0.7716294602181648,1,0.344,494.148,6:42,METAL_LOSS,17,2459.13,59.146999999999935
5347.5,0.7722417284278353,1,0.344,494.068,5:15,DENT,17,2461.7880000000005,56.48899999999958
5352.5,0.7878374975251109,1,0.344,493.637,5:24,METAL_LOSS,17,2476.135,42.141999999999825
5357.5,0.8094818900755025,1,0.344,493.637,5:24,METAL_LOSS,17,2476.135,42.141999999999825
5362.5,0.8207212611277995,1,0.344,493.547,12:47,METAL_LOSS,14,2479.143,39.134000000000015
5367.5,0.8120564870261673,1,0.344,493.405,6:49,METAL_LOSS,13,2484.5340000000006,33.74299999999948
5372.5,0.8286676889598672,1,0.344,493.221,,FIELD_BEND,12,2492.004,26.27300000000014
5377.5,0.8081145281455073,1,0.344,493.139,5:36,METAL_LOSS,11,2495.3050000000003,22.971999999999753
5382.5,0.7970304869529948,1,0.344,493.037,7:26,METAL_LOSS,10,2499.4620000000004,18.8149999999996
5387.5,0.8074293118258072,1,0.344,493.01,4:27,METAL_LOSS,10,2500.548,17.72900000000027
5392.5,0.8165708940546559,1,0.344,492.689,,UNKNOWN,12,2513.514,4.76299999999992
5397.5,0.8359744069135354,1,0.344,492.689,,UNKNOWN,12,2513.514,4.76299999999992
5402.5,0.793538016313899,1,0.344,492.572,,GIRTH_WELD,12,2518.277,0.0
5407.5,0.8113234231439196,1,0.344,492.572,,GIRTH_WELD,12,2518.277,0.0
5432.5,0.799147919234851,1,0.344,491.665,6:20,METAL_LOSS,10,2557.326,24.121000000000095
5437.5,0.8191972939915394,1,0.344,491.665,6:20,METAL_LOSS,10,2557.326,24.121000000000095
5442.5,0.8096913163356935,1,0.344,491.623,4:19,METAL_LOSS,10,2559.13,22.317000000000007
5447.5,0.8133763808032782,1,0.344,491.62,2:55,METAL_LOSS,10,2559.291,22.15599999999995
5452.5,0.8250416631931996,1,0.344,491.62,2:55,METAL_LOSS,10,2559.291,22.15599999999995
5457.5,0.7701964434882173,1,0.344,491.126,,GIRTH_WELD,10,2581.447,0.0
5462.5,0.7856240863144553,1,0.344,491.126,,GIRTH_WELD,10,2581.447,0.0
5467.5,0.7733815383008362,1,0.344,491.114,7:42,METAL_LOSS,10,2581.955,0.5079999999998108
5472.5,0.7835679300602046,1,0.344,491.002,12:47,METAL_LOSS,10,2587.0110000000004,5.564000000000306
5477.5,0.7484824243807907,1,0.344,490.889,12:13,METAL_LOSS,10,2592.08,10.63299999999981
5482.5,0.7621328546081553,1,0.344,490.889,12:13,METAL_LOSS,10,2592.08,10.63299999999981
5487.5,0.4953534769875153,0,0.344,490.416,12:21,UNKNOWN,5,2613.389,8.127000000000407
5492.5,0.5169105847952595,1,0.344,490.416,12:21,UNKNOWN,5,2613.389,8.127000000000407
5497.5,0.4962513866940163,0,0.344,490.391,12:16,UNKNOWN,5,2614.508,7.00800000000072
5502.5,0.49395908800939337,0,0.344,490.236,,GIRTH_WELD,5,2621.5160000000005,0.0
5507.5,0.5177515969888695,1,0.344,490.236,,GIRTH_WELD,5,2621.5160000000005,0.0
5512.5,0.5177515969888695,1,0.344,490.236,,GIRTH_WELD,5,2621.5160000000005,0.0
5537.5,0.34228164415971807,0,0.344,489.336,,GIRTH_WELD,0,2661.8140000000003,0.0
5542.5,0.36662288378265245,0,0.344,489.336,,GIRTH_WELD,0,2661.8140000000003,0.0
5547.5,0.36662288378265245,0,0.344,489.336,,GIRTH_WELD,0,2661.8140000000003,0.0
5552.5,0.36662288378265245,0,0.344,489.336,,GIRTH_WELD,0,2661.8140000000003,0.0
5562.5,0.26240769583883716,0,0.344,488.817,,GIRTH_WELD,0,2684.682,0.0
5567.5,0.2811743947717862,0,0.344,488.817,,GIRTH_WELD,0,2684.682,0.0
5572.5,0.2811743947717862,0,0.344,488.817,,GIRTH_WELD,0,2684.682,0.0
5577.5,0.2811743947717862,0,0.344,488.817,,GIRTH_WELD,0,2684.682,0.0
5602.5,0.18686879000392867,0,0.344,487.897,,GIRTH_WELD,3,2724.99,0.0
5607.5,0.18977916880187876,0,0.344,487.897,,GIRTH_WELD,3,2724.99,0.0
5612.5,0.18977916880187876,0,0.344,487.897,,GIRTH_WELD,3,2724.99,0.0
5617.5,0.18281925391212359,0,0.344,487.547,,GIRTH_WELD,3,2740.3380000000006,0.0
5622.5,0.187236141253671,0,0.344,487.547,,GIRTH_WELD,3,2740.3380000000006,0.0
5627.5,0.18155477919397486,0,0.344,487.527,7:26,METAL_LOSS,3,2741.1940000000004,0.8559999999997672
5632.5,0.19850631549535389,0,0.344,487.527,7:26,METAL_LOSS,3,2741.1940000000004,0.8559999999997672
5657.5,0.3713004627542111,0,0.344,486.646,,GIRTH_WELD,3,2780.3510000000006,0.0
5662.5,0.3770049853214828,0,0.344,486.646,,GIRTH_WELD,3,2780.3510000000006,0.0
5667.5,0.3770049853214828,0,0.344,486.646,,GIRTH_WELD,3,2780.3510000000006,0.0
5672.5,0.3770049853214828,0,0.344,486.646,,GIRTH_WELD,3,2780.3510000000006,0.0
5697.5,0.42003838844842256,0,0.344,485.671,,GIRTH_WELD,4,2820.6400000000003,0.0
5702.5,0.4219054744333738,0,0.344,485.671,,GIRTH_WELD,4,2820.6400000000003,0.0
5707.5,0.4219054744333738,0,0.344,485.671,,GIRTH_WELD,4,2820.6400000000003,0.0
5712.5,0.4219054744333738,0,0.344,485.671,,GIRTH_WELD,4,2820.6400000000003,0.0
5737.5,0.31097448846897324,0,0.344,484.541,,GIRTH_WELD,4,2860.656,0.0
5742.5,0.3139600313414565,0,0.344,484.541,,GIRTH_WELD,4,2860.656,0.0
5747.5,0.31844975037126716,0,0.344,484.404,8:38,METAL_LOSS,4,2865.161,4.505000000000109
5752.5,0.43123809157226395,0,0.344,484.304,8:33,METAL_LOSS,4,2868.2350000000006,7.579000000000633
5757.5,0.4351695112337254,0,0.344,484.304,8:33,METAL_LOSS,4,2868.2350000000006,7.579000000000633
5762.5,0.4259827849793252,0,0.344,483.682,,GIRTH_WELD,4,2887.241,0.0
5767.5,0.4397142085969529,0,0.344,483.682,,GIRTH_WELD,4,2887.241,0.0
5772.5,0.4397142085969529,0,0.344,483.682,,GIRTH_WELD,4,2887.241,0.0
5777.5,0.45171356933170853,0,0.344,483.155,,FIELD_BEND,4,2900.8630000000003,13.622000000000298
5782.5,0.45920865006014905,0,0.344,483.155,,FIELD_BEND,4,2900.8630000000003,13.622000000000298
5787.5,0.45920865006014905,0,0.344,483.155,,FIELD_BEND,4,2900.8630000000003,13.622000000000298
5792.5,0.45920865006014905,0,0.344,483.155,,FIELD_BEND,4,2900.8630000000003,13.622000000000298
5802.5,0.3629528228203451,0,0.344,482.1,,GIRTH_WELD,3,2927.2570000000005,0.0
5807.5,0.37123216288539873,0,0.344,482.1,,GIRTH_WELD,3,2927.2570000000005,0.0
5812.5,0.37123216288539873,0,0.344,482.1,,GIRTH_WELD,3,2927.2570000000005,0.0
5817.5,0.37123216288539873,0,0.344,482.1,,GIRTH_WELD,3,2927.2570000000005,0.0
5842.5,0.2595096457115697,0,0.344,480.442,7:27,METAL_LOSS,3,2966.4139999999998,1.0760000000000218
5847.5,0.28593734880699645,0,0.344,480.442,7:27,METAL_LOSS,3,2966.4139999999998,1.0760000000000218
5852.5,0.26345930329690376,0,0.344,480.396,,GIRTH_WELD,3,2967.49,0.0
5857.5,0.2684211007913157,0,0.344,480.396,,GIRTH_WELD,3,2967.49,0.0
5882.5,0.19089554857910046,0,0.344,478.743,,GIRTH_WELD,3,3007.5160000000005,0.0
5887.5,0.19356086864520705,0,0.344,478.743,,GIRTH_WELD,3,3007.5160000000005,0.0
5892.5,0.19356086864520705,0,0.344,478.743,,GIRTH_WELD,3,3007.5160000000005,0.0
5897.5,0.20795012982681566,0,0.344,478.37,,FIELD_BEND,1,3017.1220000000003,9.605999999999767
5902.5,0.21867755417516407,0,0.344,478.37,,FIELD_BEND,1,3017.1220000000003,9.605999999999767
5907.5,0.21867755417516407,0,0.344,478.37,,FIELD_BEND,1,3017.1220000000003,9.605999999999767
5922.5,0.18961241543120902,0,0.344,477.205,,GIRTH_WELD,0,3047.8380000000006,0.0
5927.5,0.21659363224843906,0,0.344,477.205,,GIRTH_WELD,0,3047.8380000000006,0.0
5932.5,0.21659363224843906,0,0.344,477.205,,GIRTH_WELD,0,3047.8380000000006,0.0
5937.5,0.21659363224843906,0,0.344,477.205,,GIRTH_WELD,0,3047.8380000000006,0.0
5952.5,0.21597784349223528,0,0.344,476.348,,FIELD_BEND,0,3075.6100000000006,12.375
5957.5,0.2488900713968884,0,0.344,476.348,,FIELD_BEND,0,3075.6100000000006,12.375
5962.5,0.2488900713968884,0,0.344,476.348,,FIELD_BEND,0,3075.6100000000006,12.375
5967.5,0.13625092672360156,0,0.344,475.975,,GIRTH_WELD,0,3087.9850000000006,0.0
5972.5,0.19126990776344002,0,0.344,475.975,,GIRTH_WELD,0,3087.9850000000006,0.0
5977.5,0.19126990776344002,0,0.344,475.975,,GIRTH_WELD,0,3087.9850000000006,0.0
6002.5,0.12061148559165835,0,0.344,476.172,,GIRTH_WELD,0,3128.2740000000003,0.0
6007.5,0.12834960623479355,0,0.344,476.172,,GIRTH_WELD,0,3128.2740000000003,0.0
6012.5,0.12834960623479355,0,0.344,476.172,,GIRTH_WELD,0,3128.2740000000003,0.0
6017.5,0.12834960623479355,0,0.344,476.172,,GIRTH_WELD,0,3128.2740000000003,0.0
6037.5,0.16402037746895332,0,0.344,476.474,12:17,UNKNOWN,0,3159.2220000000007,9.087999999999738
6042.5,0.16231597251478522,0,0.344,476.474,12:17,UNKNOWN,0,3159.2220000000007,9.087999999999738
6047.5,0.14138202312531248,0,0.344,476.531,12:23,UNKNOWN,0,3164.934,3.3760000000002037
6052.5,0.11270269581497386,0,0.344,476.565,,GIRTH_WELD,0,3168.3100000000004,0.0
6057.5,0.12350086107483174,0,0.344,476.565,,GIRTH_WELD,0,3168.3100000000004,0.0
6082.5,0.11270269581497386,0,0.344,476.86,,GIRTH_WELD,0,3205.4390000000003,0.0
6087.5,0.12350086107483174,0,0.344,476.86,,GIRTH_WELD,0,3205.4390000000003,0.0
6092.5,0.12350086107483174,0,0.344,476.86,,GIRTH_WELD,0,3205.4390000000003,0.0
6097.5,0.12350086107483174,0,0.344,476.86,,GIRTH_WELD,0,3205.4390000000003,0.0
6122.5,0.11701421476233792,0,0.344,477.096,,GIRTH_WELD,0,3245.4530000000004,0.0
6127.5,0.12705303936285514,0,0.344,477.096,,GIRTH_WELD,0,3245.4530000000004,0.0
6132.5,0.12705303936285514,0,0.344,477.096,,GIRTH_WELD,0,3245.4530000000004,0.0
6137.5,0.12705303936285514,0,0.344,477.096,,GIRTH_WELD,0,3245.4530000000004,0.0
6162.5,0.1338374639512574,0,0.344,477.129,,GIRTH_WELD,0,3275.0390000000007,0.0
6167.5,0.13473045955735719,0,0.344,477.129,,GIRTH_WELD,0,3275.0390000000007,0.0
6172.5,0.13473045955735719,0,0.344,477.129,,GIRTH_WELD,0,3275.0390000000007,0.0
6177.5,0.13473045955735719,0,0.344,477.129,,GIRTH_WELD,0,3275.0390000000007,0.0
6202.5,0.130018250238989,0,0.344,477.064,,GIRTH_WELD,0,3235.046000000001,0.0
6207.5,0.12730705312959256,0,0.344,477.064,,GIRTH_WELD,0,3235.046000000001,0.0
6212.5,0.12730705312959256,0,0.344,477.064,,GIRTH_WELD,0,3235.046000000001,0.0
6217.5,0.12730705312959256,0,0.344,477.064,,GIRTH_WELD,0,3235.046000000001,0.0
6232.5,0.1712536087810159,0,0.344,477.027,,FIELD_BEND,0,3206.2570000000005,11.489999999999782
6237.5,0.16573082043438864,0,0.344,477.027,,FIELD_BEND,0,3206.2570000000005,11.489999999999782
6242.5,0.16573082043438864,0,0.344,477.027,,FIELD_BEND,0,3206.2570000000005,11.489999999999782
6247.5,0.12469904300577878,0,0.344,477.013,,GIRTH_WELD,0,3194.7670000000007,0.0
6252.5,0.12005896001345072,0,0.344,477.013,,GIRTH_WELD,0,3194.7670000000007,0.0
6257.5,0.12005896001345072,0,0.344,477.013,,GIRTH_WELD,0,3194.7670000000007,0.0
6272.5,0.15329777375248524,0,0.344,477.053,,FIELD_BEND,0,3163.7040000000006,9.085000000000036
6277.5,0.15453466746755867,0,0.344,477.053,,FIELD_BEND,0,3163.7040000000006,9.085000000000036
6282.5,0.15453466746755867,0,0.344,477.053,,FIELD_BEND,0,3163.7040000000006,9.085000000000036
6287.5,0.11721315954653423,0,0.344,477.066,,GIRTH_WELD,0,3154.6190000000006,0.0
6292.5,0.11810615515263398,0,0.344,477.066,,GIRTH_WELD,0,3154.6190000000006,0.0
6297.5,0.14783245446581483,0,0.344,477.097,,FIELD_BEND,0,3146.939000000001,7.6799999999993815
6302.5,0.14536870885230604,0,0.344,477.097,,FIELD_BEND,0,3146.939000000001,7.6799999999993815
6322.5,0.1128301805444318,0,0.344,477.267,,GIRTH_WELD,0,3114.245000000001,0.0
6327.5,0.120568301187567,0,0.344,477.267,,GIRTH_WELD,0,3114.245000000001,0.0
6332.5,0.120568301187567,0,0.344,477.267,,GIRTH_WELD,0,3114.245000000001,0.0
6337.5,0.120568301187567,0,0.344,477.267,,GIRTH_WELD,0,3114.245000000001,0.0
6362.5,0.1964199286226242,0,0.344,477.589,,GIRTH_WELD,0,3074.131000000001,0.0
6367.5,0.1788464252448889,0,0.344,477.589,,GIRTH_WELD,0,3074.131000000001,0.0
6372.5,0.1788464252448889,0,0.344,477.589,,GIRTH_WELD,0,3074.131000000001,0.0
6377.5,0.1788464252448889,0,0.344,477.589,,GIRTH_WELD,0,3074.131000000001,0.0
6397.5,0.24109403562779608,0,0.344,477.953,2:24,UNKNOWN,0,3040.9350000000004,7.059999999999491
6402.5,0.22427662250519909,0,0.344,477.953,2:24,UNKNOWN,0,3040.9350000000004,7.059999999999491
6407.5,0.2257881331540526,0,0.344,478.032,,GIRTH_WELD,0,3033.875000000001,0.0
6412.5,0.21401848296754952,0,0.344,478.032,,GIRTH_WELD,0,3033.875000000001,0.0
6417.5,0.21401848296754952,0,0.344,478.032,,GIRTH_WELD,0,3033.875000000001,0.0
6422.5,0.2288374518605442,0,0.344,478.286,,GIRTH_WELD,0,3014.5740000000005,0.0
6427.5,0.21622064181908926,0,0.344,478.286,,GIRTH_WELD,0,3014.5740000000005,0.0
6432.5,0.21622064181908926,0,0.344,478.286,,GIRTH_WELD,0,3014.5740000000005,0.0
6437.5,0.21622064181908926,0,0.344,478.286,,GIRTH_WELD,0,3014.5740000000005,0.0
6442.5,0.2433261784817063,0,0.344,478.599,9:15,UNKNOWN,3,2995.121000000001,19.45299999999952
6447.5,0.24170460745413425,0,0.344,478.599,9:15,UNKNOWN,3,2995.121000000001,19.45299999999952
6452.5,0.38780540510653205,0,0.344,478.651,9:31,UNKNOWN,3,2991.942000000001,17.548999999999978
6457.5,0.3827286675855486,0,0.344,478.677,9:36,UNKNOWN,3,2990.358000000001,15.965000000000146
6462.5,0.40058943307951445,0,0.344,478.939,,GIRTH_WELD,3,2974.393000000001,0.0
6467.5,0.38464522628198033,0,0.344,478.939,,GIRTH_WELD,3,2974.393000000001,0.0
6472.5,0.38464522628198033,0,0.344,478.939,,GIRTH_WELD,3,2974.393000000001,0.0
6477.5,0.38464522628198033,0,0.344,478.939,,GIRTH_WELD,3,2974.393000000001,0.0
6487.5,0.5376244316753546,1,0.344,479.317,11:26,METAL_LOSS,3,2950.184000000001,15.78400000000056
6492.5,0.529085350606301,1,0.344,479.317,11:26,METAL_LOSS,3,2950.184000000001,15.78400000000056
6497.5,0.5376244316753546,1,0.344,479.34,11:38,METAL_LOSS,3,2948.652000000001,14.252000000000407
6502.5,0.529085350606301,1,0.344,479.34,11:38,METAL_LOSS,3,2948.652000000001,14.252000000000407
6507.5,0.6826851975726469,1,0.344,479.561,,GIRTH_WELD,7,2934.4000000000005,0.0
6512.5,0.68415605538464,1,0.344,479.561,,GIRTH_WELD,7,2934.4000000000005,0.0
6517.5,0.68415605538464,1,0.344,479.561,,GIRTH_WELD,7,2934.4000000000005,0.0
6522.5,0.8285470031872548,1,0.344,479.822,10:29,UNKNOWN,12,2915.0300000000007,19.36999999999989
6527.5,0.8376840199103082,1,0.344,479.822,10:29,UNKNOWN,12,2915.0300000000007,19.36999999999989
6532.5,0.8284821534557956,1,0.344,479.831,10:33,UNKNOWN,12,2914.3900000000012,20.00999999999931
6537.5,0.8376191701788488,1,0.344,479.831,10:33,UNKNOWN,12,2914.3900000000012,20.00999999999931
6542.5,0.7683022355279738,1,0.344,480.097,,GIRTH_WELD,11,2894.2090000000007,0.0
6547.5,0.7785276833293834,1,0.344,480.097,,GIRTH_WELD,11,2894.2090000000007,0.0
6552.5,0.7855872350831804,1,0.344,480.125,6:14,METAL_LOSS,11,2892.116000000001,2.092999999999847
6557.5,0.795966341841799,1,0.344,480.125,6:14,METAL_LOSS,11,2892.116000000001,2.092999999999847
6562.5,0.8109060107958231,1,0.344,480.284,12:13,METAL_LOSS,11,2876.322000000001,17.886999999999716
6567.5,0.817423294089137,1,0.344,480.284,12:13,METAL_LOSS,11,2876.322000000001,17.886999999999716
6572.5,0.8064425379705097,1,0.344,480.34,12:12,METAL_LOSS,11,2870.6730000000007,16.466999999999643
6577.5,0.8056940247652804,1,0.344,480.384,12:13,METAL_LOSS,11,2866.3060000000005,12.099999999999454
6582.5,0.8122113080585944,1,0.344,480.384,12:13,METAL_LOSS,11,2866.3060000000005,12.099999999999454
6587.5,0.7870092562953225,1,0.344,480.488,5:55,METAL_LOSS,11,2855.8830000000007,1.6769999999996799
6592.5,0.7699214765489777,1,0.344,480.505,,GIRTH_WELD,11,2854.206000000001,0.0
6597.5,0.7787249031382453,1,0.344,480.505,,GIRTH_WELD,11,2854.206000000001,0.0
6622.5,0.5022025352990528,1,0.344,480.802,,GIRTH_WELD,2,2813.9930000000004,0.0
6627.5,0.5053965287925942,1,0.344,480.802,,GIRTH_WELD,2,2813.9930000000004,0.0
6632.5,0.5053965287925942,1,0.344,480.802,,GIRTH_WELD,2,2813.9930000000004,0.0
6637.5,0.5053965287925942,1,0.344,480.802,,GIRTH_WELD,2,2813.9930000000004,0.0
6662.5,0.49481662017264827,0,0.344,481.045,,GIRTH_WELD,4,2773.9990000000007,0.0
6667.5,0.48907127477091367,0,0.344,481.045,,GIRTH_WELD,4,2773.9990000000007,0.0
6672.5,0.48907127477091367,0,0.344,481.045,,GIRTH_WELD,4,2773.9990000000007,0.0
6677.5,0.48907127477091367,0,0.344,481.045,,GIRTH_WELD,4,2773.9990000000007,0.0
6682.5,0.38436399155453754,0,0.344,481.211,10:02,METAL_LOSS,4,2754.157000000001,19.841999999999643
6687.5,0.3724114170690202,0,0.344,481.211,10:02,METAL_LOSS,4,2754.157000000001,19.841999999999643
6692.5,0.3794867559885579,0,0.344,481.233,10:14,METAL_LOSS,4,2751.644000000001,17.881000000000313
6697.5,0.3647233157208429,0,0.344,481.299,10:08,METAL_LOSS,4,2744.0030000000006,10.239999999999782
6702.5,0.35134048556672437,0,0.344,481.299,10:08,METAL_LOSS,4,2744.0030000000006,10.239999999999782
6707.5,0.43313802424504055,0,0.344,481.388,,GIRTH_WELD,4,2733.763000000001,0.0
6712.5,0.41834808557670283,0,0.344,481.388,,GIRTH_WELD,4,2733.763000000001,0.0
6717.5,0.41834808557670283,0,0.344,481.388,,GIRTH_WELD,4,2733.763000000001,0.0
6742.5,0.3556294351150467,0,0.344,481.897,,GIRTH_WELD,0,2693.8250000000007,0.0
6747.5,0.344017070711159,0,0.344,481.897,,GIRTH_WELD,0,2693.8250000000007,0.0
6752.5,0.344017070711159,0,0.344,481.897,,GIRTH_WELD,0,2693.8250000000007,0.0
6757.5,0.344017070711159,0,0.344,481.897,,GIRTH_WELD,0,2693.8250000000007,0.0
6782.5,0.2827415509508567,0,0.344,482.596,,GIRTH_WELD,2,2653.6190000000006,0.0
6787.5,0.2711672109513842,0,0.344,482.596,,GIRTH_WELD,2,2653.6190000000006,0.0
6792.5,0.2711672109513842,0,0.344,482.596,,GIRTH_WELD,2,2653.6190000000006,0.0
6797.5,0.2711672109513842,0,0.344,482.596,,GIRTH_WELD,2,2653.6190000000006,0.0
6802.5,0.39413933618498853,0,0.344,482.922,3:06,METAL_LOSS,2,2637.4900000000007,15.819999999999709
6807.5,0.39123695043230033,0,0.344,482.939,3:07,METAL_LOSS,2,2636.6500000000005,14.979999999999563
6812.5,0.369362040982818,0,0.344,482.939,3:07,METAL_LOSS,2,2636.6500000000005,14.979999999999563
6817.5,0.3929507102319551,0,0.344,483.248,,GIRTH_WELD,2,2621.670000000001,0.0
6822.5,0.37569158812773656,0,0.344,483.248,,GIRTH_WELD,2,2621.670000000001,0.0
6827.5,0.37569158812773656,0,0.344,483.248,,GIRTH_WELD,2,2621.670000000001,0.0
6857.5,0.5627378202713664,1,0.344,484.135,,GIRTH_WELD,4,2581.4170000000013,0.0
6862.5,0.5613818508827706,1,0.344,484.135,,GIRTH_WELD,4,2581.4170000000013,0.0
6867.5,0.5613818508827706,1,0.344,484.135,,GIRTH_WELD,4,2581.4170000000013,0.0
6872.5,0.7058034755244321,1,0.344,484.44,6:10,UNKNOWN,8,2567.474000000001,6.650000000000546
6877.5,0.713128682318475,1,0.344,484.44,6:10,UNKNOWN,8,2567.474000000001,6.650000000000546
6882.5,0.6899997060872514,1,0.344,484.586,,GIRTH_WELD,8,2560.8240000000005,0.0
6887.5,0.6979323328172259,1,0.344,484.586,,GIRTH_WELD,8,2560.8240000000005,0.0
6892.5,0.8257140478610704,1,0.344,484.961,8:46,METAL_LOSS,12,2542.7790000000005,18.045000000000073
6897.5,0.8352234305994398,1,0.344,484.961,8:46,METAL_LOSS,12,2542.7790000000005,18.045000000000073
6902.5,0.8352234305994398,1,0.344,484.961,8:46,METAL_LOSS,12,2542.7790000000005,18.045000000000073
6907.5,0.8382543524410552,1,0.344,485.067,8:36,METAL_LOSS,12,2537.6280000000006,17.050999999999476
6912.5,0.8485919955086103,1,0.344,485.067,8:36,METAL_LOSS,12,2537.6280000000006,17.050999999999476
6917.5,0.8074331427922548,1,0.344,485.354,8:46,METAL_LOSS,12,2523.724000000001,3.1469999999999345
6922.5,0.7833454030350441,1,0.344,485.418,,GIRTH_WELD,12,2520.577000000001,0.0
6927.5,0.7947132790721666,1,0.344,485.418,,GIRTH_WELD,12,2520.577000000001,0.0
6932.5,0.7947132790721666,1,0.344,485.418,,GIRTH_WELD,12,2520.577000000001,0.0
6937.5,0.8313188397735298,1,0.344,485.825,12:10,METAL_LOSS_MFG,12,2496.8370000000004,16.337999999999738
6942.5,0.8380376587712988,1,0.344,485.825,12:10,METAL_LOSS_MFG,12,2496.8370000000004,16.337999999999738
6947.5,0.8380376587712988,1,0.344,485.825,12:10,METAL_LOSS_MFG,12,2496.8370000000004,16.337999999999738
6952.5,0.8316849140818082,1,0.344,485.847,9:24,METAL_LOSS_MFG,12,2495.5610000000006,15.061999999999898
6957.5,0.7770848277888822,1,0.344,486.098,,GIRTH_WELD,12,2480.4990000000007,0.0
6962.5,0.7854797032325476,1,0.344,486.098,,GIRTH_WELD,12,2480.4990000000007,0.0
6967.5,0.7854797032325476,1,0.344,486.098,,GIRTH_WELD,12,2480.4990000000007,0.0
6972.5,0.7854797032325476,1,0.344,486.098,,GIRTH_WELD,12,2480.4990000000007,0.0
6992.5,0.5687782221048344,1,0.344,485.61,5:45,METAL_LOSS,4,2441.929000000001,34.45499999999993
6997.5,0.5829852560960445,1,0.344,485.61,5:45,METAL_LOSS,4,2441.929000000001,34.45499999999993
7002.5,0.5829852560960445,1,0.344,485.61,5:45,METAL_LOSS,4,2441.929000000001,34.45499999999993
7007.5,0.5661729666986804,1,0.344,485.574,5:50,METAL_LOSS,4,2439.4720000000007,31.997999999999593
7012.5,0.5852399243519046,1,0.344,485.574,5:50,METAL_LOSS,4,2439.4720000000007,31.997999999999593
7027.5,0.4164933730659836,0,0.344,484.922,,GIRTH_WELD,4,2407.474000000001,0.0
7032.5,0.42856818067399366,0,0.344,484.922,,GIRTH_WELD,4,2407.474000000001,0.0
7037.5,0.42856818067399366,0,0.344,484.922,,GIRTH_WELD,4,2407.474000000001,0.0
7042.5,0.42856818067399366,0,0.344,484.922,,GIRTH_WELD,4,2407.474000000001,0.0
7067.5,0.22683268279835267,0,0.344,484.11,,GIRTH_WELD,0,2367.2310000000007,0.0
7072.5,0.26092370069926796,0,0.344,484.11,,GIRTH_WELD,0,2367.2310000000007,0.0
7077.5,0.26092370069926796,0,0.344,484.11,,GIRTH_WELD,0,2367.2310000000007,0.0
7082.5,0.26092370069926796,0,0.344,484.11,,GIRTH_WELD,0,2367.2310000000007,0.0
7107.5,0.18159271532682134,0,0.344,483.385,,GIRTH_WELD,0,2327.215000000001,0.0
7112.5,0.2229738805726846,0,0.344,483.385,,GIRTH_WELD,0,2327.215000000001,0.0
7117.5,0.2229738805726846,0,0.344,483.385,,GIRTH_WELD,0,2327.215000000001,0.0
7122.5,0.17059431882726886,0,0.344,483.239,12:20,UNKNOWN,0,2317.3520000000008,9.863000000000284
7127.5,0.2198180570907278,0,0.344,483.239,12:20,UNKNOWN,0,2317.3520000000008,9.863000000000284
7132.5,0.17240970502003095,0,0.344,483.182,12:20,UNKNOWN,0,2313.1460000000006,14.069000000000415
7137.5,0.21875935577180375,0,0.344,483.182,12:20,UNKNOWN,0,2313.1460000000006,14.069000000000415
7142.5,0.14290432686989335,0,0.344,482.965,12:28,UNKNOWN,0,2297.254000000001,10.26299999999992
7147.5,0.1779935769824746,0,0.344,482.965,12:28,UNKNOWN,0,2297.254000000001,10.26299999999992
7152.5,0.11768730438834936,0,0.344,482.908,12:25,UNKNOWN,0,2293.1500000000005,6.158999999999651
7157.5,0.08807084941575002,0,0.344,482.824,,GIRTH_WELD,0,2286.991000000001,0.0
7162.5,0.12422237547202036,0,0.344,482.824,,GIRTH_WELD,0,2286.991000000001,0.0
7187.5,0.07963124871434965,0,0.344,482.443,,GIRTH_WELD,0,2246.9750000000013,0.0
7192.5,0.11471762439108325,0,0.344,482.443,,GIRTH_WELD,0,2246.9750000000013,0.0
7197.5,0.11471762439108325,0,0.344,482.443,,GIRTH_WELD,0,2246.9750000000013,0.0
7202.5,0.11471762439108325,0,0.344,482.443,,GIRTH_WELD,0,2246.9750000000013,0.0
7227.5,0.08396178715148608,0,0.344,482.223,,GIRTH_WELD,0,2206.7520000000004,0.0
7232.5,0.11471762439108325,0,0.344,482.223,,GIRTH_WELD,0,2206.7520000000004,0.0
7237.5,0.11471762439108325,0,0.344,482.223,,GIRTH_WELD,0,2206.7520000000004,0.0
7242.5,0.11471762439108325,0,0.344,482.223,,GIRTH_WELD,0,2206.7520000000004,0.0
7272.5,0.08174252900664346,0,0.344,481.9,,GIRTH_WELD,0,2166.608000000001,0.0
7277.5,0.1138246287849835,0,0.344,481.9,,GIRTH_WELD,0,2166.608000000001,0.0
7282.5,0.1138246287849835,0,0.344,481.9,,GIRTH_WELD,0,2166.608000000001,0.0
7287.5,0.1138246287849835,0,0.344,481.9,,GIRTH_WELD,0,2166.608000000001,0.0
7312.5,0.0822984220811772,0,0.344,481.036,,GIRTH_WELD,0,2126.470000000001,0.0
7317.5,0.11646492715574946,0,0.344,481.036,,GIRTH_WELD,0,2126.470000000001,0.0
7322.5,0.10867530134692234,0,0.344,480.828,12:00,TAP,0,2122.2440000000006,4.2260000000005675
7327.5,0.11539390386526616,0,0.344,480.657,12:00,TAP,0,2120.2850000000008,6.1850000000004
7332.5,0.14189434918472707,0,0.344,479.648,,FIELD_BEND,0,2108.7930000000006,17.67700000000059
7337.5,0.1767976730623732,0,0.344,479.648,,FIELD_BEND,0,2108.7930000000006,17.67700000000059
7342.5,0.1767976730623732,0,0.344,479.648,,FIELD_BEND,0,2108.7930000000006,17.67700000000059
7352.5,0.09354319994166169,0,0.344,477.679,,GIRTH_WELD,0,2086.3680000000004,0.0
7357.5,0.11914391622148139,0,0.344,477.679,,GIRTH_WELD,0,2086.3680000000004,0.0
7362.5,0.11914391622148139,0,0.344,477.679,,GIRTH_WELD,0,2086.3680000000004,0.0
7367.5,0.11914391622148139,0,0.344,477.679,,GIRTH_WELD,0,2086.3680000000004,0.0
7382.5,0.1319793235474256,0,0.344,472.926,,FIELD_BEND,0,2056.0930000000008,9.980999999999767
7387.5,0.16443441182048943,0,0.344,472.926,,FIELD_BEND,0,2056.0930000000008,9.980999999999767
7392.5,0.16443441182048943,0,0.344,472.926,,FIELD_BEND,0,2056.0930000000008,9.980999999999767
7397.5,0.093779331234436,0,0.344,471.298,,GIRTH_WELD,0,2046.112000000001,0.0
7402.5,0.12116143446965659,0,0.344,471.298,,GIRTH_WELD,0,2046.112000000001,0.0
7407.5,0.12116143446965659,0,0.344,471.298,,GIRTH_WELD,0,2046.112000000001,0.0
7432.5,0.10597307994650995,0,0.344,462.143,,GIRTH_WELD,0,2006.1190000000006,0.0
7437.5,0.14039033493457576,0,0.344,462.143,,GIRTH_WELD,0,2006.1190000000006,0.0
7442.5,0.14568939964489935,0,0.344,460.458,,FIELD_BEND,0,1999.2320000000009,6.886999999999716
7447.5,0.1881541289095199,0,0.344,460.458,,FIELD_BEND,0,1999.2320000000009,6.886999999999716
7452.5,0.1881541289095199,0,0.344,460.458,,FIELD_BEND,0,1999.2320000000009,6.886999999999716
7472.5,0.18492080571117964,0,0.344,452.098,,GIRTH_WELD,0,1965.938000000001,0.0
7477.5,0.20927889032346447,0,0.344,452.098,,GIRTH_WELD,0,1965.938000000001,0.0
7482.5,0.20927889032346447,0,0.344,452.098,,GIRTH_WELD,0,1965.938000000001,0.0
7487.5,0.20927889032346447,0,0.344,452.098,,GIRTH_WELD,0,1965.938000000001,0.0
7507.5,0.18890918044768001,0,0.344,441.025,8:34,UNKNOWN,0,1929.7700000000004,3.8679999999994834
7512.5,0.22232313804270049,0,0.344,441.025,8:34,UNKNOWN,0,1929.7700000000004,3.8679999999994834
7517.5,0.18364254000341165,0,0.344,439.825,,GIRTH_WELD,0,1925.902000000001,0.0
7522.5,0.2081918563773385,0,0.344,439.825,,GIRTH_WELD,0,1925.902000000001,0.0
7527.5,0.2081918563773385,0,0.344,439.825,,GIRTH_WELD,0,1925.902000000001,0.0
7552.5,0.35239430981169745,0,0.344,425.694,,GIRTH_WELD,3,1885.6460000000006,0.0
7557.5,0.3709813014621043,0,0.344,425.694,,GIRTH_WELD,3,1885.6460000000006,0.0
7562.5,0.3709813014621043,0,0.344,425.694,,GIRTH_WELD,3,1885.6460000000006,0.0
7567.5,0.44212365685042415,0,0.344,420.097,09:00,METAL_LOSS,3,1869.9280000000008,15.717999999999847
7572.5,0.45182663079393715,0,0.344,420.097,09:00,METAL_LOSS,3,1869.9280000000008,15.717999999999847
7577.5,0.45182663079393715,0,0.344,420.097,09:00,METAL_LOSS,3,1869.9280000000008,15.717999999999847
7582.5,0.45182663079393715,0,0.344,420.097,09:00,METAL_LOSS,3,1869.9280000000008,15.717999999999847
7592.5,0.5770981978569345,1,0.344,411.437,,GIRTH_WELD,6,1845.643000000001,0.0
7597.5,0.5908198257271119,1,0.344,411.437,,GIRTH_WELD,6,1845.643000000001,0.0
7602.5,0.5908198257271119,1,0.344,411.437,,GIRTH_WELD,6,1845.643000000001,0.0
7607.5,0.5908198257271119,1,0.344,411.437,,GIRTH_WELD,6,1845.643000000001,0.0
7617.5,0.8102730172911831,1,0.344,402.753,10:52,UNKNOWN,12,1821.0830000000005,24.5600000000004
7622.5,0.8386347722497192,1,0.344,402.753,10:52,UNKNOWN,12,1821.0830000000005,24.5600000000004
7627.5,0.8386347722497192,1,0.344,402.753,10:52,UNKNOWN,12,1821.0830000000005,24.5600000000004
7632.5,0.7618709695540877,1,0.344,397.596,7:09,METAL_LOSS,10,1806.4860000000008,39.15700000000015
7637.5,0.7825795220010814,1,0.344,397.596,7:09,METAL_LOSS,10,1806.4860000000008,39.15700000000015
7642.5,0.7578229966090763,1,0.344,396.917,6:19,METAL_LOSS,10,1804.5600000000004,39.31700000000001
7647.5,0.7868351402678951,1,0.344,392.406,8:25,METAL_LOSS,10,1791.804000000001,26.561000000000604
7652.5,0.8066952729558292,1,0.344,392.406,8:25,METAL_LOSS,10,1791.804000000001,26.561000000000604
7657.5,0.7776070406228986,1,0.344,390.134,7:03,METAL_LOSS,10,1785.384000000001,20.14100000000053
7662.5,0.7846988608361304,1,0.344,388.87,7:37,METAL_LOSS,10,1781.808000000001,16.56500000000051
7667.5,0.7867896221774928,1,0.344,387.191,8:32,METAL_LOSS,10,1777.0600000000004,11.817000000000007
7672.5,0.7834455400728669,1,0.344,386.17,7:37,METAL_LOSS,10,1774.1770000000006,8.934000000000196
7677.5,0.7033087729431837,1,0.344,383.437,6:44,METAL_LOSS,10,1766.447000000001,1.204000000000633
7682.5,0.6841326088783046,1,0.344,383.011,,GIRTH_WELD,10,1765.2430000000004,0.0
7687.5,0.5865989253899406,1,0.344,378.115,,FIELD_BEND,7,1751.2470000000012,13.995999999999185
7692.5,0.6105145811454783,1,0.344,378.115,,FIELD_BEND,7,1751.2470000000012,13.995999999999185
7697.5,0.6105145811454783,1,0.344,378.115,,FIELD_BEND,7,1751.2470000000012,13.995999999999185
7702.5,0.6105145811454783,1,0.344,378.115,,FIELD_BEND,7,1751.2470000000012,13.995999999999185
7712.5,0.4604724188936059,0,0.344,368.889,,GIRTH_WELD,2,1724.8100000000004,0.0
7717.5,0.461354804158477,0,0.344,368.889,,GIRTH_WELD,2,1724.8100000000004,0.0
7722.5,0.461354804158477,0,0.344,368.889,,GIRTH_WELD,2,1724.8100000000004,0.0
7727.5,0.461354804158477,0,0.344,368.889,,GIRTH_WELD,2,1724.8100000000004,0.0
7752.5,0.43341558145461545,0,0.344,354.862,,GIRTH_WELD,0,1684.6190000000006,0.0
7757.5,0.4516460982846403,0,0.344,354.862,,GIRTH_WELD,0,1684.6190000000006,0.0
7762.5,0.4516460982846403,0,0.344,354.862,,GIRTH_WELD,0,1684.6190000000006,0.0
7767.5,0.3804586198231188,0,0.344,350.205,,FIELD_BEND,2,1671.1710000000012,13.44799999999941
7772.5,0.38439957252035656,0,0.344,350.205,,FIELD_BEND,2,1671.1710000000012,13.44799999999941
7777.5,0.38439957252035656,0,0.344,350.205,,FIELD_BEND,2,1671.1710000000012,13.44799999999941
7782.5,0.38439957252035656,0,0.344,350.205,,FIELD_BEND,2,1671.1710000000012,13.44799999999941
7792.5,0.4095285341487093,0,0.344,340.931,,GIRTH_WELD,2,1644.344000000001,0.0
7797.5,0.4360628280556537,0,0.344,340.931,,GIRTH_WELD,2,1644.344000000001,0.0
7802.5,0.4360628280556537,0,0.344,340.931,,GIRTH_WELD,2,1644.344000000001,0.0
7807.5,0.5824428186060165,1,0.344,337.797,5:54,METAL_LOSS,7,1635.3150000000005,1.844000000000051
7812.5,0.5618873383931028,1,0.344,337.155,,GIRTH_WELD,7,1633.4710000000005,0.0
7817.5,0.5831889520794354,1,0.344,337.155,,GIRTH_WELD,7,1633.4710000000005,0.0
7842.5,0.6929626963181383,1,0.344,323.341,,GIRTH_WELD,11,1593.4220000000005,0.0
7847.5,0.7110980990547128,1,0.344,323.341,,GIRTH_WELD,11,1593.4220000000005,0.0
7852.5,0.7149864107121569,1,0.344,322.281,4:02,METAL_LOSS,11,1590.3410000000013,3.0809999999992215
7857.5,0.7149864107121569,1,0.344,321.991,4:01,METAL_LOSS,11,1589.4980000000005,3.923999999999978
7862.5,0.731229960439411,1,0.344,321.991,4:01,METAL_LOSS,11,1589.4980000000005,3.923999999999978
7867.5,0.615467290585678,1,0.344,315.666,3:55,METAL_LOSS,8,1571.0400000000009,17.850999999999658
7872.5,0.6333562031658897,1,0.344,315.666,3:55,METAL_LOSS,8,1571.0400000000009,17.850999999999658
7877.5,0.6026353132267256,1,0.344,314.504,3:52,METAL_LOSS,8,1567.6540000000005,14.464999999999236
7882.5,0.600635599654962,1,0.344,312.84,3:51,METAL_LOSS,8,1562.799000000001,9.609999999999673
7887.5,0.5887189305966989,1,0.344,309.547,,GIRTH_WELD,8,1553.1890000000012,0.0
7892.5,0.6059661190740642,1,0.344,309.547,,GIRTH_WELD,8,1553.1890000000012,0.0
7897.5,0.6130328308146584,1,0.344,309.547,,GIRTH_WELD,8,1553.1890000000012,0.0
7922.5,0.3352462013532702,0,0.344,295.854,,GIRTH_WELD,0,1513.1400000000012,0.0
7927.5,0.36311274140551136,0,0.344,295.854,,GIRTH_WELD,0,1513.1400000000012,0.0
7932.5,0.36311274140551136,0,0.344,295.854,,GIRTH_WELD,0,1513.1400000000012,0.0
7937.5,0.3629525961634857,0,0.344,295.854,,GIRTH_WELD,0,1513.1400000000012,0.0
7962.5,0.21662413442638176,0,0.344,282.349,,GIRTH_WELD,0,1472.9590000000007,0.0
7967.5,0.24107924209719767,0,0.344,282.349,,GIRTH_WELD,0,1472.9590000000007,0.0
7972.5,0.24315854383538418,0,0.344,282.349,,GIRTH_WELD,0,1472.9590000000007,0.0
7977.5,0.24360257799573923,0,0.344,282.349,,GIRTH_WELD,0,1472.9590000000007,0.0
7997.5,0.18893766238601453,0,0.344,272.457,,FIELD_BEND,0,1440.3640000000005,7.627999999999702
8002.5,0.2229888116771222,0,0.344,272.457,,FIELD_BEND,0,1440.3640000000005,7.627999999999702
8007.5,0.2229888116771222,0,0.344,272.457,,FIELD_BEND,0,1440.3640000000005,7.627999999999702
8012.5,0.1390041848177389,0,0.344,270.162,,GIRTH_WELD,0,1432.7360000000008,0.0
8017.5,0.1731422353530061,0,0.344,270.162,,GIRTH_WELD,0,1432.7360000000008,0.0
8032.5,0.1627626487799094,0,0.344,262.124,,FIELD_BEND,0,1402.8870000000006,10.581000000000131
8037.5,0.17579422705424716,0,0.344,262.124,,FIELD_BEND,0,1402.8870000000006,10.581000000000131
8042.5,0.17579422705424716,0,0.344,262.124,,FIELD_BEND,0,1402.8870000000006,10.581000000000131
8047.5,0.1230746805939463,0,0.344,259.306,,GIRTH_WELD,0,1392.3060000000005,0.0
8052.5,0.14110532442640986,0,0.344,259.306,,GIRTH_WELD,0,1392.3060000000005,0.0
8057.5,0.13905436083485043,0,0.344,259.306,,GIRTH_WELD,0,1392.3060000000005,0.0
8082.5,0.1318917976215601,0,0.344,248.597,,GIRTH_WELD,0,1352.215000000001,0.0
8087.5,0.1315157676673671,0,0.344,248.597,,GIRTH_WELD,0,1352.215000000001,0.0
8092.5,0.13142931053308957,0,0.344,248.597,,GIRTH_WELD,0,1352.215000000001,0.0
8097.5,0.13142931053308957,0,0.344,248.597,,GIRTH_WELD,0,1352.215000000001,0.0
8122.5,0.13260209725020589,0,0.344,237.885,,GIRTH_WELD,0,1312.001000000001,0.0
8127.5,0.13024932012153168,0,0.344,237.885,,GIRTH_WELD,0,1312.001000000001,0.0
8132.5,0.13024932012153168,0,0.344,237.885,,GIRTH_WELD,0,1312.001000000001,0.0
8137.5,0.13024932012153168,0,0.344,237.885,,GIRTH_WELD,0,1312.001000000001,0.0
8162.5,0.1534283540849248,0,0.344,227.123,,GIRTH_WELD,0,1271.9750000000013,0.0
8167.5,0.16760055420242265,0,0.344,227.123,,GIRTH_WELD,0,1271.9750000000013,0.0
8172.5,0.16760055420242265,0,0.344,227.123,,GIRTH_WELD,0,1271.9750000000013,0.0
8177.5,0.16556434916667576,0,0.344,227.123,,GIRTH_WELD,0,1271.9750000000013,0.0
8202.5,0.19332283811303533,0,0.344,216.302,,GIRTH_WELD,2,1231.7420000000002,0.0
8207.5,0.2106242044161119,0,0.344,216.302,,GIRTH_WELD,2,1231.7420000000002,0.0
8212.5,0.2077340659274048,0,0.344,216.302,,GIRTH_WELD,2,1231.7420000000002,0.0
8217.5,0.20384213141253543,0,0.344,216.302,,GIRTH_WELD,2,1231.7420000000002,0.0
8232.5,0.20565785564169164,0,0.344,208.797,5:30,DENT,2,1204.058000000001,12.318999999999505
8237.5,0.2245486628404568,0,0.344,208.797,5:30,DENT,2,1204.058000000001,12.318999999999505
8242.5,0.22468029363857556,0,0.344,208.797,5:30,DENT,2,1204.058000000001,12.318999999999505
8247.5,0.17158876226058403,0,0.344,205.455,,GIRTH_WELD,2,1191.7390000000014,0.0
8252.5,0.17876924195325472,0,0.344,205.455,,GIRTH_WELD,2,1191.7390000000014,0.0
8257.5,0.18283442609256523,0,0.344,205.455,,GIRTH_WELD,2,1191.7390000000014,0.0
8287.5,0.15745620013841438,0,0.344,194.66,,GIRTH_WELD,0,1151.5030000000006,0.0
8292.5,0.1665457218505866,0,0.344,194.66,,GIRTH_WELD,0,1151.5030000000006,0.0
8297.5,0.1665457218505866,0,0.344,194.66,,GIRTH_WELD,0,1151.5030000000006,0.0
8302.5,0.16484244637958345,0,0.344,194.66,,GIRTH_WELD,0,1151.5030000000006,0.0
8312.5,0.1820400985855737,0,0.344,187.708,,FIELD_BEND,0,1125.666000000001,14.209000000000742
8317.5,0.1911620360850075,0,0.344,187.708,,FIELD_BEND,0,1125.666000000001,14.209000000000742
8322.5,0.18984358540765583,0,0.344,187.708,,FIELD_BEND,0,1125.666000000001,14.209000000000742
8327.5,0.1730093071636011,0,0.344,183.883,,GIRTH_WELD,0,1111.4570000000003,0.0
8332.5,0.17911864158149693,0,0.344,183.883,,GIRTH_WELD,0,1111.4570000000003,0.0
8337.5,0.17795076264143792,0,0.344,183.883,,GIRTH_WELD,0,1111.4570000000003,0.0
8342.5,0.17795076264143792,0,0.344,183.883,,GIRTH_WELD,0,1111.4570000000003,0.0
8367.5,0.15608442785146268,0,0.344,173.138,,GIRTH_WELD,0,1071.2430000000004,0.0
8372.5,0.18013139930326194,0,0.344,173.138,,GIRTH_WELD,0,1071.2430000000004,0.0
8377.5,0.17849432192527273,0,0.344,173.138,,GIRTH_WELD,0,1071.2430000000004,0.0
8382.5,0.17871350052717827,0,0.344,173.138,,GIRTH_WELD,0,1071.2430000000004,0.0
8407.5,0.14462814675719027,0,0.344,163.542,,GIRTH_WELD,0,1031.2300000000014,0.0
8412.5,0.15013116394612536,0,0.344,163.542,,GIRTH_WELD,0,1031.2300000000014,0.0
8417.5,0.1473653143322432,0,0.344,163.542,,GIRTH_WELD,0,1031.2300000000014,0.0
8422.5,0.1473653143322432,0,0.344,163.542,,GIRTH_WELD,0,1031.2300000000014,0.0
8447.5,0.1359052258884058,0,0.344,155.698,,GIRTH_WELD,0,990.8300000000017,0.0
8452.5,0.13522594567911309,0,0.344,155.698,,GIRTH_WELD,0,990.8300000000017,0.0
8457.5,0.13165229471515422,0,0.344,155.698,,GIRTH_WELD,0,990.8300000000017,0.0
8462.5,0.13246276006145502,0,0.344,155.698,,GIRTH_WELD,0,990.8300000000017,0.0
8472.5,0.14408805091144258,0,0.344,150.987,,GIRTH_WELD,0,965.6890000000003,0.0
8477.5,0.14088494630210904,0,0.344,150.987,,GIRTH_WELD,0,965.6890000000003,0.0
8482.5,0.16982481525331863,0,0.344,149.632,,FIELD_BEND,0,958.2910000000011,7.397999999999229
8487.5,0.16902235579462663,0,0.344,149.632,,FIELD_BEND,0,958.2910000000011,7.397999999999229
8492.5,0.1718183130205861,0,0.344,149.632,,FIELD_BEND,0,958.2910000000011,7.397999999999229
8512.5,0.16254721868235722,0,0.344,143.683,,GIRTH_WELD,0,925.4530000000013,0.0
8517.5,0.14623507095441915,0,0.344,143.683,,GIRTH_WELD,0,925.4530000000013,0.0
8522.5,0.14420393897213768,0,0.344,143.683,,GIRTH_WELD,0,925.4530000000013,0.0
8527.5,0.19367462466644894,0,0.344,141.304,,FIELD_BEND,0,912.116,13.337000000001353
8532.5,0.1812414257096674,0,0.344,141.304,,FIELD_BEND,0,912.116,13.337000000001353
8537.5,0.1812414257096674,0,0.344,141.304,,FIELD_BEND,0,912.116,13.337000000001353
8552.5,0.2523267104850963,0,0.344,136.543,,GIRTH_WELD,0,885.3220000000001,0.0
8557.5,0.27111944203655364,0,0.344,136.543,,GIRTH_WELD,0,885.3220000000001,0.0
8562.5,0.27439680876013556,0,0.344,136.543,,GIRTH_WELD,0,885.3220000000001,0.0
8567.5,0.27439680876013556,0,0.344,136.543,,GIRTH_WELD,0,885.3220000000001,0.0
8592.5,0.3191799701013988,0,0.344,129.526,,GIRTH_WELD,0,845.148000000001,0.0
8597.5,0.36577645305933065,0,0.344,129.526,,GIRTH_WELD,0,845.148000000001,0.0
8602.5,0.375665963927554,0,0.344,129.526,,GIRTH_WELD,0,845.148000000001,0.0
8607.5,0.3786354265010762,0,0.344,129.526,,GIRTH_WELD,0,845.148000000001,0.0
8632.5,0.29367661867614087,0,0.344,123.549,,GIRTH_WELD,3,805.1540000000005,0.0
8637.5,0.31436935779429637,0,0.344,123.549,,GIRTH_WELD,3,805.1540000000005,0.0
8642.5,0.31436935779429637,0,0.344,123.549,,GIRTH_WELD,3,805.1540000000005,0.0
8647.5,0.31436935779429637,0,0.344,123.549,,GIRTH_WELD,3,805.1540000000005,0.0
8672.5,0.42438204024417103,0,0.344,119.03,5:44,METAL_LOSS,3,765.8430000000008,39.310999999999694
8677.5,0.44824492174070935,0,0.344,119.03,5:44,METAL_LOSS,3,765.8430000000008,39.310999999999694
8682.5,0.4122645543819823,0,0.344,118.83,6:34,METAL_LOSS,3,764.0780000000013,37.926000000001295
8687.5,0.4361274358785206,0,0.344,118.83,6:34,METAL_LOSS,3,764.0780000000013,37.926000000001295
8712.5,0.5053126852019855,1,0.344,115.731,,GIRTH_WELD,8,726.152,0.0
8717.5,0.5216753422147292,1,0.344,115.731,,GIRTH_WELD,8,726.152,0.0
8722.5,0.5216753422147292,1,0.344,115.731,,GIRTH_WELD,8,726.152,0.0
8727.5,0.5216753422147292,1,0.344,115.731,,GIRTH_WELD,8,726.152,0.0
8747.5,0.4039289160303363,0,0.344,113.805,5:13,METAL_LOSS,4,686.9320000000007,1.0129999999990105
8752.5,0.4307618219846138,0,0.344,113.805,5:13,METAL_LOSS,4,686.9320000000007,1.0129999999990105
8757.5,0.4039289160303363,0,0.344,113.802,7:03,METAL_LOSS,4,686.8730000000014,0.9539999999997235
8762.5,0.3903817628093718,0,0.344,113.757,,GIRTH_WELD,4,685.9190000000017,0.0
8767.5,0.4237633481363949,0,0.344,113.757,,GIRTH_WELD,4,685.9190000000017,0.0
8792.5,0.4256064284785937,0,0.344,113.978,,GIRTH_WELD,4,645.9250000000011,0.0
8797.5,0.4414925791884196,0,0.344,113.978,,GIRTH_WELD,4,645.9250000000011,0.0
8802.5,0.4414925791884196,0,0.344,113.978,,GIRTH_WELD,4,645.9250000000011,0.0
8807.5,0.4414925791884196,0,0.344,113.978,,GIRTH_WELD,4,645.9250000000011,0.0
8812.5,0.34022394107427106,0,0.344,114.283,12:32,UNKNOWN,0,624.7510000000002,19.136999999998807
8817.5,0.32983031951652136,0,0.344,114.283,12:32,UNKNOWN,0,624.7510000000002,19.136999999998807
8822.5,0.32983031951652136,0,0.344,114.283,12:32,UNKNOWN,0,624.7510000000002,19.136999999998807
8827.5,0.32983031951652136,0,0.344,114.283,12:32,UNKNOWN,0,624.7510000000002,19.136999999998807
8832.5,0.3860395421950281,0,0.344,114.572,,GIRTH_WELD,0,605.6140000000014,0.0
8837.5,0.3856317434139465,0,0.344,114.572,,GIRTH_WELD,0,605.6140000000014,0.0
8842.5,0.373025385620597,0,0.344,114.629,11:44,UNKNOWN,0,601.3450000000012,4.269000000000233
8847.5,0.37940874084598597,0,0.344,114.657,11:44,UNKNOWN,0,598.6940000000013,6.920000000000073
8852.5,0.3840369329476912,0,0.344,114.717,11:49,UNKNOWN,0,592.9200000000001,12.694000000001324
8857.5,0.32353391633593825,0,0.344,114.808,11:31,UNKNOWN,0,584.2980000000007,18.575999999999112
8862.5,0.31888521692686056,0,0.344,114.808,11:31,UNKNOWN,0,584.2980000000007,18.575999999999112
8867.5,0.327764411458869,0,0.344,114.893,11:27,UNKNOWN,0,576.2430000000004,10.520999999998821
8872.5,0.4388990903361776,0,0.344,114.956,11:30,UNKNOWN,4,570.2920000000013,4.569999999999709
8877.5,0.4674026599590675,0,0.344,115.004,,GIRTH_WELD,4,565.7220000000016,0.0
8882.5,0.4692261264283518,0,0.344,115.004,,GIRTH_WELD,4,565.7220000000016,0.0
8887.5,0.4692261264283518,0,0.344,115.004,,GIRTH_WELD,4,565.7220000000016,0.0
8912.5,0.4683846527815655,0,0.344,115.114,,GIRTH_WELD,4,525.4950000000008,0.0
8917.5,0.4672496425111234,0,0.344,115.114,,GIRTH_WELD,4,525.4950000000008,0.0
8922.5,0.4494059048127038,0,0.344,115.092,7:15,METAL_LOSS_MFG,4,521.237000000001,4.257999999999811
8927.5,0.4616264907463981,0,0.344,115.092,7:15,METAL_LOSS_MFG,4,521.237000000001,4.257999999999811
8932.5,0.4616264907463981,0,0.344,115.092,7:15,METAL_LOSS_MFG,4,521.237000000001,4.257999999999811
8937.5,0.48005169617448507,0,0.344,114.761,,FIELD_BEND,4,500.2400000000016,14.692000000000917
8942.5,0.4900165837729724,0,0.344,114.761,,FIELD_BEND,4,500.2400000000016,14.692000000000917
8947.5,0.4900165837729724,0,0.344,114.761,,FIELD_BEND,4,500.2400000000016,14.692000000000917
8952.5,0.45549973352178286,0,0.344,114.529,,GIRTH_WELD,4,485.5480000000007,0.0
8957.5,0.45651032824367227,0,0.344,114.529,,GIRTH_WELD,4,485.5480000000007,0.0
8962.5,0.45651032824367227,0,0.344,114.529,,GIRTH_WELD,4,485.5480000000007,0.0
8967.5,0.45651032824367227,0,0.344,114.529,,GIRTH_WELD,4,485.5480000000007,0.0
8987.5,0.3226037833753651,0,0.344,113.154,,GIRTH_WELD,0,447.46700000000055,0.0
8992.5,0.32640207429974455,0,0.344,113.154,,GIRTH_WELD,0,447.46700000000055,0.0
8997.5,0.32640207429974455,0,0.344,113.154,,GIRTH_WELD,0,447.46700000000055,0.0
9002.5,0.32640207429974455,0,0.344,113.154,,GIRTH_WELD,0,447.46700000000055,0.0
9022.5,0.20054548367976321,0,0.344,109.95,,FIELD_BEND,0,414.27200000000084,6.981999999999971
9027.5,0.1984489269494561,0,0.344,109.95,,FIELD_BEND,0,414.27200000000084,6.981999999999971
9032.5,0.1984489269494561,0,0.344,109.95,,FIELD_BEND,0,414.27200000000084,6.981999999999971
9037.5,0.1853816030284596,0,0.344,109.242,,GIRTH_WELD,0,407.2900000000009,0.0
9042.5,0.18060320137935357,0,0.344,109.242,,GIRTH_WELD,0,407.2900000000009,0.0
9067.5,0.2082418608534153,0,0.344,103.634,,GIRTH_WELD,0,366.95500000000175,0.0
9072.5,0.21957032959620348,0,0.344,103.634,,GIRTH_WELD,0,366.95500000000175,0.0
9077.5,0.21957032959620348,0,0.344,103.634,,GIRTH_WELD,0,366.95500000000175,0.0
9082.5,0.21957032959620348,0,0.344,103.634,,GIRTH_WELD,0,366.95500000000175,0.0
9107.5,0.26839779355300736,0,0.344,96.612,,GIRTH_WELD,0,326.9230000000007,0.0
9112.5,0.30662383803520354,0,0.344,96.612,,GIRTH_WELD,0,326.9230000000007,0.0
9117.5,0.30662383803520354,0,0.344,96.612,,GIRTH_WELD,0,326.9230000000007,0.0
9122.5,0.30662383803520354,0,0.344,96.612,,GIRTH_WELD,0,326.9230000000007,0.0
9127.5,0.327001152227687,0,0.344,93.128,7:36,UNKNOWN,0,311.7910000000011,15.131999999999607
9132.5,0.34479754412444946,0,0.344,93.128,7:36,UNKNOWN,0,311.7910000000011,15.131999999999607
9137.5,0.33715680091342043,0,0.344,91.924,7:54,UNKNOWN,0,306.78800000000047,20.125
9142.5,0.35414352416154515,0,0.344,91.924,7:54,UNKNOWN,0,306.78800000000047,20.125
9147.5,0.32605620617293085,0,0.344,87.081,,GIRTH_WELD,0,286.66300000000047,0.0
9152.5,0.3700694685567638,0,0.344,87.081,,GIRTH_WELD,0,286.66300000000047,0.0
9157.5,0.3700694685567638,0,0.344,87.081,,GIRTH_WELD,0,286.66300000000047,0.0
9162.5,0.3700694685567638,0,0.344,87.081,,GIRTH_WELD,0,286.66300000000047,0.0
9187.5,0.37393078180566275,0,0.344,75.783,,GIRTH_WELD,4,246.67000000000007,0.0
9192.5,0.3960087752892757,0,0.344,75.783,,GIRTH_WELD,4,246.67000000000007,0.0
9197.5,0.3960087752892757,0,0.344,75.783,,GIRTH_WELD,4,246.67000000000007,0.0
9202.5,0.3960087752892757,0,0.344,75.783,,GIRTH_WELD,4,246.67000000000007,0.0
9207.5,0.38561019863775237,0,0.344,71.239,7:56,METAL_LOSS,4,230.64000000000124,16.029999999998836
9212.5,0.4069862808004085,0,0.344,71.239,7:56,METAL_LOSS,4,230.64000000000124,16.029999999998836
9217.5,0.4027971547654584,0,0.344,69.943,7:45,METAL_LOSS,4,226.0660000000007,19.628999999998996
9222.5,0.42135012407373545,0,0.344,69.943,7:45,METAL_LOSS,4,226.0660000000007,19.628999999998996
9227.5,0.42135012407373545,0,0.344,69.943,7:45,METAL_LOSS,4,226.0660000000007,19.628999999998996
9232.5,0.375631301229639,0,0.344,64.385,,GIRTH_WELD,4,206.43700000000172,0.0
9237.5,0.3977092947132519,0,0.344,64.385,,GIRTH_WELD,4,206.43700000000172,0.0
9242.5,0.3977092947132519,0,0.344,64.385,,GIRTH_WELD,4,206.43700000000172,0.0
9247.5,0.3977092947132519,0,0.344,64.385,,GIRTH_WELD,4,206.43700000000172,0.0
9262.5,0.3275358892989768,0,0.344,55.319,,FIELD_BEND,0,174.07200000000012,7.683999999999287
9267.5,0.35564427008063815,0,0.344,55.319,,FIELD_BEND,0,174.07200000000012,7.683999999999287
9272.5,0.35564427008063815,0,0.344,55.319,,FIELD_BEND,0,174.07200000000012,7.683999999999287
9277.5,0.33237662872660045,0,0.344,53.169,,GIRTH_WELD,0,166.38800000000083,0.0
9282.5,0.33012845690576975,0,0.344,51.276,,FIELD_BEND,0,159.52400000000125,6.863999999999578
9287.5,0.35807305329299227,0,0.344,51.276,,FIELD_BEND,0,159.52400000000125,6.863999999999578
9292.5,0.35807305329299227,0,0.344,51.276,,FIELD_BEND,0,159.52400000000125,6.863999999999578
9312.5,0.30430827457964804,0,0.344,42.144,,GIRTH_WELD,0,126.13200000000143,0.0
9317.5,0.3462871812190011,0,0.344,42.144,,GIRTH_WELD,0,126.13200000000143,0.0
9322.5,0.3462871812190011,0,0.344,42.144,,GIRTH_WELD,0,126.13200000000143,0.0
9327.5,0.3462871812190011,0,0.344,42.144,,GIRTH_WELD,0,126.13200000000143,0.0
9332.5,0.3092784653403575,0,0.344,36.729,,AGM,0,106.32200000000012,19.81000000000131
9337.5,0.3274298581327671,0,0.344,36.729,,AGM,0,106.32200000000012,19.81000000000131
9342.5,0.3072235748742489,0,0.344,35.292,12:00,TAP,0,101.0630000000001,15.11199999999917
9347.5,0.3255530572700497,0,0.344,35.292,12:00,TAP,0,101.0630000000001,15.11199999999917
9352.5,0.3111978322360226,0,0.344,31.163,,GIRTH_WELD,0,85.95100000000093,0.0
9357.5,0.35355868038594757,0,0.344,31.163,,GIRTH_WELD,0,85.95100000000093,0.0
9362.5,0.35355868038594757,0,0.344,31.163,,GIRTH_WELD,0,85.95100000000093,0.0
9367.5,0.35355868038594757,0,0.344,31.163,,GIRTH_WELD,0,85.95100000000093,0.0
9392.5,0.3706975506782716,0,0.344,19.271,,GIRTH_WELD,0,45.63000000000102,0.0
9397.5,0.399433755179873,0,0.344,19.271,,GIRTH_WELD,0,45.63000000000102,0.0
9402.5,0.399433755179873,0,0.344,19.271,,GIRTH_WELD,0,45.63000000000102,0.0
9407.5,0.399433755179873,0,0.344,19.271,,GIRTH_WELD,0,45.63000000000102,0.0
9432.5,0.44408933909844456,0,0.5,6.491,,GIRTH_WELD,4,5.538000000000466,0.0
9437.5,0.4693237012774641,0,0.5,6.491,,GIRTH_WELD,4,5.538000000000466,0.0
9442.5,0.4532784895184178,0,0.5,5.768,,BEND,6,0.0,5.538000000000466
9447.5,0.4993353179421361,0,0.344,5.916,,GIRTH_WELD,6,5.790999999999258,0.0
9452.5,0.4809774546016851,0,0.344,5.916,,GIRTH_WELD,6,5.790999999999258,0.0
9457.5,0.4809774546016851,0,0.344,5.916,,GIRTH_WELD,6,5.790999999999258,0.0
9467.5,0.47357183097119426,0,0.344,13.193,1:27,METAL_LOSS,6,32.14899999999943,13.864999999999782
9472.5,0.4517011738962941,0,0.344,13.193,1:27,METAL_LOSS,6,32.14899999999943,13.864999999999782
9477.5,0.4764424519228287,0,0.344,13.546,1:16,METAL_LOSS,6,33.3169999999991,12.697000000000116
9482.5,0.4744073621782497,0,0.344,14.996,7:44,METAL_LOSS,6,38.112999999999374,7.90099999999984
9487.5,0.4643637029252043,0,0.344,16.04,5:32,METAL_LOSS,6,41.5679999999993,4.445999999999913
9492.5,0.46371173765995105,0,0.344,17.385,,GIRTH_WELD,6,46.013999999999214,0.0
9497.5,0.4403171642255163,0,0.344,17.385,,GIRTH_WELD,6,46.013999999999214,0.0
9502.5,0.48027642448565006,0,0.344,20.233,,GIRTH_WELD,6,63.12699999999859,0.0
9507.5,0.4584415400113513,0,0.344,20.233,,GIRTH_WELD,6,63.12699999999859,0.0
9512.5,0.49766619828649816,0,0.344,21.783,,FIELD_BEND,6,73.11999999999898,9.993000000000393
9517.5,0.48429942627733547,0,0.344,21.783,,FIELD_BEND,6,73.11999999999898,9.993000000000393
9522.5,0.48429942627733547,0,0.344,21.783,,FIELD_BEND,6,73.11999999999898,9.993000000000393
9527.5,0.4401621526054054,0,0.344,23.464,,GIRTH_WELD,3,83.68799999999828,0.0
9532.5,0.41368793024670375,0,0.344,25.269,,FIELD_BEND,2,90.82699999999932,7.139000000001033
9537.5,0.4013290565638752,0,0.344,25.269,,FIELD_BEND,2,90.82699999999932,7.139000000001033
9542.5,0.4013290565638752,0,0.344,25.269,,FIELD_BEND,2,90.82699999999932,7.139000000001033
9562.5,0.4061518151220565,0,0.344,35.313,,GIRTH_WELD,0,123.96699999999873,0.0
9567.5,0.3956083019706796,0,0.344,35.313,,GIRTH_WELD,0,123.96699999999873,0.0
9572.5,0.3865660307060263,0,0.344,37.851,7:37,UNKNOWN,0,130.67899999999827,6.711999999999534
9577.5,0.38285399515878366,0,0.344,38.912,7:42,UNKNOWN,0,133.1889999999985,9.221999999999753
9582.5,0.3782397947343225,0,0.344,38.912,7:42,UNKNOWN,0,133.1889999999985,9.221999999999753
9602.5,0.3019278054559113,0,0.344,51.978,,GIRTH_WELD,0,164.10099999999875,0.0
9607.5,0.29549824100245115,0,0.344,51.978,,GIRTH_WELD,0,164.10099999999875,0.0
9612.5,0.2948627411568762,0,0.344,56.181,,FIELD_BEND,0,172.375,8.274000000001251
9617.5,0.2860838374637778,0,0.344,56.181,,FIELD_BEND,0,172.375,8.274000000001251
9622.5,0.2860838374637778,0,0.344,56.181,,FIELD_BEND,0,172.375,8.274000000001251
9627.5,0.2488085706097091,0,0.344,65.491,9:59,UNKNOWN,0,189.46499999999833,14.938000000000102
9632.5,0.24742491595627547,0,0.344,65.491,9:59,UNKNOWN,0,189.46499999999833,14.938000000000102
9637.5,0.24742491595627547,0,0.344,65.491,9:59,UNKNOWN,0,189.46499999999833,14.938000000000102
9642.5,0.21074407671506276,0,0.344,73.628,,GIRTH_WELD,0,204.40299999999843,0.0
9647.5,0.2185132902988708,0,0.344,73.628,,GIRTH_WELD,0,204.40299999999843,0.0
9652.5,0.2185132902988708,0,0.344,73.628,,GIRTH_WELD,0,204.40299999999843,0.0
9657.5,0.24705870179927825,0,0.344,82.07,2:24,UNKNOWN,0,219.35399999999936,14.951000000000931
9662.5,0.25204638149396763,0,0.344,82.07,2:24,UNKNOWN,0,219.35399999999936,14.951000000000931
9667.5,0.25204638149396763,0,0.344,82.07,2:24,UNKNOWN,0,219.35399999999936,14.951000000000931
9672.5,0.24518130510261626,0,0.344,88.713,,FIELD_BEND,0,231.03699999999844,13.5
9677.5,0.2514885025592749,0,0.344,88.713,,FIELD_BEND,0,231.03699999999844,13.5
9682.5,0.18749147977840533,0,0.344,96.39,,GIRTH_WELD,0,244.53699999999844,0.0
9687.5,0.1959659858208982,0,0.344,96.39,,GIRTH_WELD,0,244.53699999999844,0.0
9692.5,0.1959659858208982,0,0.344,96.39,,GIRTH_WELD,0,244.53699999999844,0.0
9697.5,0.1959659858208982,0,0.344,96.39,,GIRTH_WELD,0,244.53699999999844,0.0
9717.5,0.15415741611682193,0,0.344,118.209,,GIRTH_WELD,0,281.2069999999985,0.0
9722.5,0.15837995856317058,0,0.344,118.209,,GIRTH_WELD,0,281.2069999999985,0.0
9727.5,0.15837995856317058,0,0.344,118.209,,GIRTH_WELD,0,281.2069999999985,0.0
9732.5,0.15837995856317058,0,0.344,118.209,,GIRTH_WELD,0,281.2069999999985,0.0
9752.5,0.1797503733956735,0,0.344,137.684,,FIELD_BEND,0,314.22899999999936,7.04700000000048
9757.5,0.1628203806316682,0,0.344,137.684,,FIELD_BEND,0,314.22899999999936,7.04700000000048
9762.5,0.12668816594731902,0,0.344,141.838,,GIRTH_WELD,0,321.27599999999984,0.0
9767.5,0.12923780675185165,0,0.344,141.838,,GIRTH_WELD,0,321.27599999999984,0.0
9772.5,0.13249916202663534,0,0.344,141.838,,GIRTH_WELD,0,321.27599999999984,0.0
9797.5,0.17074867370393343,0,0.5,164.299,,GIRTH_WELD,0,361.46699999999873,0.0
9802.5,0.17920725075369465,0,0.5,164.299,,GIRTH_WELD,0,361.46699999999873,0.0
9807.5,0.18552623346179342,0,0.5,164.299,,GIRTH_WELD,0,361.46699999999873,0.0
9812.5,0.13240956172758303,0,0.344,167.683,,GIRTH_WELD,0,369.98699999999917,0.0
9817.5,0.14947240109736673,0,0.344,167.683,,GIRTH_WELD,0,369.98699999999917,0.0
9822.5,0.14055561164557034,0,0.344,170.412,,GIRTH_WELD,0,385.0789999999997,0.0
9827.5,0.16532114385520658,0,0.344,170.412,,GIRTH_WELD,0,385.0789999999997,0.0
9832.5,0.16634523374769128,0,0.344,170.412,,GIRTH_WELD,0,385.0789999999997,0.0
9837.5,0.16634523374769128,0,0.344,170.412,,GIRTH_WELD,0,385.0789999999997,0.0
9857.5,0.18337194205839233,0,0.344,175.301,12:00,UNKNOWN,0,423.0739999999987,37.99499999999898
9862.5,0.19681681424595016,0,0.344,175.301,12:00,UNKNOWN,0,423.0739999999987,37.99499999999898
9867.5,0.1984538916239393,0,0.344,175.301,12:00,UNKNOWN,0,423.0739999999987,37.99499999999898
9872.5,0.17355343806422194,0,0.344,175.824,8:15,UNKNOWN,0,427.1949999999997,35.977999999999156
9877.5,0.18309241293827783,0,0.344,176.644,,FIELD_BEND,0,438.59599999999955,24.576999999999316
9882.5,0.18964825294680424,0,0.344,176.644,,FIELD_BEND,0,438.59599999999955,24.576999999999316
9887.5,0.18964825294680424,0,0.344,176.644,,FIELD_BEND,0,438.59599999999955,24.576999999999316
9892.5,0.18964825294680424,0,0.344,176.644,,FIELD_BEND,0,438.59599999999955,24.576999999999316
9897.5,0.12348135381362248,0,0.344,178.347,,GIRTH_WELD,0,463.17299999999886,0.0
9902.5,0.13967138484116945,0,0.344,178.347,,GIRTH_WELD,0,463.17299999999886,0.0
9907.5,0.13967138484116945,0,0.344,178.347,,GIRTH_WELD,0,463.17299999999886,0.0
9912.5,0.13967138484116945,0,0.344,178.347,,GIRTH_WELD,0,463.17299999999886,0.0
9937.5,0.12885509472758072,0,0.344,180.208,,GIRTH_WELD,0,503.1989999999987,0.0
9942.5,0.14455701696890927,0,0.344,180.208,,GIRTH_WELD,0,503.1989999999987,0.0
9947.5,0.14455701696890927,0,0.344,180.208,,GIRTH_WELD,0,503.1989999999987,0.0
9952.5,0.16630244099864483,0,0.344,180.348,,FIELD_BEND,0,509.2619999999988,6.063000000000102
9957.5,0.17227565664723893,0,0.344,180.348,,FIELD_BEND,0,509.2619999999988,6.063000000000102
9962.5,0.17227565664723893,0,0.344,180.348,,FIELD_BEND,0,509.2619999999988,6.063000000000102
9982.5,0.1364986806693735,0,0.344,180.611,,GIRTH_WELD,0,543.4449999999997,0.0
9987.5,0.15080631097873615,0,0.344,180.611,,GIRTH_WELD,0,543.4449999999997,0.0
9992.5,0.15080631097873615,0,0.344,180.611,,GIRTH_WELD,0,543.4449999999997,0.0
9997.5,0.15080631097873615,0,0.344,180.611,,GIRTH_WELD,0,543.4449999999997,0.0
10022.5,0.2006217402775992,0,0.344,181.127,,GIRTH_WELD,0,583.4279999999999,0.0
10027.5,0.19153725964386986,0,0.344,181.127,,GIRTH_WELD,0,583.4279999999999,0.0
10032.5,0.19153725964386986,0,0.344,181.127,,GIRTH_WELD,0,583.4279999999999,0.0
10037.5,0.19153725964386986,0,0.344,181.127,,GIRTH_WELD,0,583.4279999999999,0.0
10062.5,0.2531761875470183,0,0.344,182.098,,GIRTH_WELD,0,623.637999999999,0.0
10067.5,0.2501415663717437,0,0.344,182.098,,GIRTH_WELD,0,623.637999999999,0.0
10072.5,0.2501415663717437,0,0.344,182.098,,GIRTH_WELD,0,623.637999999999,0.0
10077.5,0.2501415663717437,0,0.344,182.098,,GIRTH_WELD,0,623.637999999999,0.0
10092.5,0.40759445602496386,0,0.344,182.423,,FIELD_BEND,2,657.2309999999998,6.644000000000233
10097.5,0.4090871156860474,0,0.344,182.423,,FIELD_BEND,2,657.2309999999998,6.644000000000233
10102.5,0.4090871156860474,0,0.344,182.423,,FIELD_BEND,2,657.2309999999998,6.644000000000233
10107.5,0.4140308620947858,0,0.344,182.479,,GIRTH_WELD,3,663.875,0.0
10112.5,0.4208097010360579,0,0.344,182.479,,GIRTH_WELD,3,663.875,0.0
10117.5,0.4208097010360579,0,0.344,182.479,,GIRTH_WELD,3,663.875,0.0
10137.5,0.7759371583376473,1,0.344,180.59,6:13,METAL_LOSS,10,703.1819999999989,14.639999999999418
10142.5,0.810375446595159,1,0.344,180.59,6:13,METAL_LOSS,10,703.1819999999989,14.639999999999418
10147.5,0.7759371583376473,1,0.344,180.584,4:55,METAL_LOSS,10,703.3099999999995,14.511999999998807
10152.5,0.7816619630466666,1,0.344,180.177,11:57,METAL_LOSS,10,709.369999999999,8.451999999999316
10157.5,0.7811668135977822,1,0.344,179.568,11:42,METAL_LOSS,10,716.262999999999,1.558999999999287
10162.5,0.7587838534430738,1,0.344,179.431,,GIRTH_WELD,10,717.8219999999983,0.0
10167.5,0.7839548576158822,1,0.344,179.431,,GIRTH_WELD,10,717.8219999999983,0.0
10172.5,0.7825548167376375,1,0.344,177.955,11:51,METAL_LOSS,10,733.4089999999997,15.587000000001353
10177.5,0.8127685652644614,1,0.344,177.955,11:51,METAL_LOSS,10,733.4089999999997,15.587000000001353
10182.5,0.7869736270534231,1,0.344,177.478,12:24,METAL_LOSS,10,738.3729999999996,19.493999999998778
10187.5,0.8170641399667831,1,0.344,177.478,12:24,METAL_LOSS,10,738.3729999999996,19.493999999998778
10192.5,0.8079084423966353,1,0.344,176.282,,FIELD_BEND,15,750.8429999999989,7.0239999999994325
10197.5,0.8423354684091247,1,0.344,176.282,,FIELD_BEND,15,750.8429999999989,7.0239999999994325
10202.5,0.777345964965012,1,0.344,175.609,,GIRTH_WELD,12,757.8669999999984,0.0
10207.5,0.811106520763219,1,0.344,175.609,,GIRTH_WELD,12,757.8669999999984,0.0
10232.5,0.5398815077774605,1,0.344,173.014,4:18,METAL_LOSS,4,797.3429999999989,1.0130000000008295
10237.5,0.5433711808516324,1,0.344,173.014,4:18,METAL_LOSS,4,797.3429999999989,1.0130000000008295
10242.5,0.5314805867956212,1,0.344,172.949,,GIRTH_WELD,4,798.3559999999998,0.0
10247.5,0.5410117912430051,1,0.344,172.949,,GIRTH_WELD,4,798.3559999999998,0.0
10252.5,0.5410117912430051,1,0.344,172.949,,GIRTH_WELD,4,798.3559999999998,0.0
10277.5,0.3240818798145454,0,0.344,171.74,,GIRTH_WELD,4,838.5989999999983,0.0
10282.5,0.334774807158585,0,0.344,171.74,,GIRTH_WELD,4,838.5989999999983,0.0
10287.5,0.334774807158585,0,0.344,171.74,,GIRTH_WELD,4,838.5989999999983,0.0
10292.5,0.334774807158585,0,0.344,171.74,,GIRTH_WELD,4,838.5989999999983,0.0
10317.5,0.26727090595267267,0,0.344,171.426,,GIRTH_WELD,0,879.0289999999986,0.0
10322.5,0.3018797377891845,0,0.344,171.426,,GIRTH_WELD,0,879.0289999999986,0.0
10327.5,0.3018797377891845,0,0.344,171.426,,GIRTH_WELD,0,879.0289999999986,0.0
10332.5,0.3018797377891845,0,0.344,171.426,,GIRTH_WELD,0,879.0289999999986,0.0
10357.5,0.34305822576852535,0,0.344,171.269,,GIRTH_WELD,0,919.0909999999985,0.0
10362.5,0.36311586766424064,0,0.344,171.269,,GIRTH_WELD,0,919.0909999999985,0.0
10367.5,0.36311586766424064,0,0.344,171.269,,GIRTH_WELD,0,919.0909999999985,0.0
10372.5,0.36311586766424064,0,0.344,171.269,,GIRTH_WELD,0,919.0909999999985,0.0
10397.5,0.5699624515107873,1,0.344,170.594,,GIRTH_WELD,7,959.3009999999995,0.0
10402.5,0.5875077292992062,1,0.344,170.594,,GIRTH_WELD,7,959.3009999999995,0.0
10407.5,0.5875077292992062,1,0.344,170.594,,GIRTH_WELD,7,959.3009999999995,0.0
10412.5,0.5875077292992062,1,0.344,170.594,,GIRTH_WELD,7,959.3009999999995,0.0
10417.5,0.7060144918045215,1,0.344,170.181,,GIRTH_WELD,11,979.741,0.0
10422.5,0.7293179848751368,1,0.344,170.181,,GIRTH_WELD,11,979.741,0.0
10427.5,0.7215923611057673,1,0.344,170.091,7:52,METAL_LOSS,11,983.5729999999985,3.8319999999985157
10432.5,0.7236230615520303,1,0.344,170.057,7:42,METAL_LOSS,11,984.7339999999986,4.992999999998574
10437.5,0.7648996575240333,1,0.344,169.596,8:04,METAL_LOSS,11,1000.5809999999983,19.37300000000141
10442.5,0.7887026299637783,1,0.344,169.596,8:04,METAL_LOSS,11,1000.5809999999983,19.37300000000141
10447.5,0.7887026299637783,1,0.344,169.596,8:04,METAL_LOSS,11,1000.5809999999983,19.37300000000141
10452.5,0.7887026299637783,1,0.344,169.596,8:04,METAL_LOSS,11,1000.5809999999983,19.37300000000141
10457.5,0.801641324619299,1,0.344,169.127,7:56,METAL_LOSS,11,1016.6959999999999,3.257999999999811
10462.5,0.8035706666617335,1,0.344,169.08,8:17,METAL_LOSS,11,1018.3099999999995,1.6440000000002328
10467.5,0.7825336335014331,1,0.344,169.033,,GIRTH_WELD,11,1019.9539999999997,0.0
10472.5,0.8056669255064149,1,0.344,169.033,,GIRTH_WELD,11,1019.9539999999997,0.0
10477.5,0.6840008200843616,1,0.344,167.978,,AGM,7,1038.232,18.278000000000247
10482.5,0.7027278959376569,1,0.344,167.978,,AGM,7,1038.232,18.278000000000247
10487.5,0.7027278959376569,1,0.344,167.978,,AGM,7,1038.232,18.278000000000247
10497.5,0.665844529934426,1,0.344,166.625,,GIRTH_WELD,7,1059.9669999999987,0.0
10502.5,0.6760969415204444,1,0.344,166.625,,GIRTH_WELD,7,1059.9669999999987,0.0
10507.5,0.6760969415204444,1,0.344,166.625,,GIRTH_WELD,7,1059.9669999999987,0.0
10512.5,0.5367585503231015,1,0.344,165.444,,FIELD_BEND,3,1072.6279999999988,12.661000000000058
10517.5,0.5434915968865891,1,0.344,165.444,,FIELD_BEND,3,1072.6279999999988,12.661000000000058
10522.5,0.5434915968865891,1,0.344,165.444,,FIELD_BEND,3,1072.6279999999988,12.661000000000058
10537.5,0.5259998124743976,1,0.344,162.769,4:23,METAL_LOSS,3,1099.1599999999999,39.19300000000112
10542.5,0.5354871967394886,1,0.344,162.769,4:23,METAL_LOSS,3,1099.1599999999999,39.19300000000112
10547.5,0.4481130181578493,0,0.344,162.591,6:14,METAL_LOSS,3,1100.9319999999989,39.32099999999991
10552.5,0.4741863656018275,0,0.344,162.591,6:14,METAL_LOSS,3,1100.9319999999989,39.32099999999991
10557.5,0.4583226362450567,0,0.344,160.089,10:07,UNKNOWN,3,1117.634,22.618999999998778
10562.5,0.46955103603032944,0,0.344,160.089,10:07,UNKNOWN,3,1117.634,22.618999999998778
10567.5,0.40367695582941415,0,0.344,159.358,10:03,UNKNOWN,3,1122.3329999999987,17.920000000000073
10572.5,0.5040285782948145,1,0.344,157.94,10:06,UNKNOWN,5,1131.4399999999987,8.813000000000102
10577.5,0.5187928228930948,1,0.344,157.94,10:06,UNKNOWN,5,1131.4399999999987,8.813000000000102
10582.5,0.5847667390922409,1,0.344,156.569,,GIRTH_WELD,7,1140.2529999999988,0.0
10587.5,0.6032092021768729,1,0.344,156.569,,GIRTH_WELD,7,1140.2529999999988,0.0
10592.5,0.6032092021768729,1,0.344,156.569,,GIRTH_WELD,7,1140.2529999999988,0.0
10602.5,0.4562963795689392,0,0.344,154.477,,UNKNOWN,3,1167.411,27.158000000001266
10607.5,0.46777703692055617,0,0.344,154.477,,UNKNOWN,3,1167.411,27.158000000001266
10612.5,0.46777703692055617,0,0.344,154.477,,UNKNOWN,3,1167.411,27.158000000001266
10617.5,0.5344852500106899,1,0.344,153.966,,UNKNOWN,6,1174.8029999999999,34.55000000000109
10622.5,0.528714389428053,1,0.344,153.731,6:22,METAL_LOSS,6,1178.208999999999,37.95600000000013
10627.5,0.5333113637868242,1,0.344,153.496,,UNKNOWN,6,1181.6079999999984,41.35499999999956
10632.5,0.5523665942020071,1,0.344,153.496,,UNKNOWN,6,1181.6079999999984,41.35499999999956
10647.5,0.41982235041698196,0,0.344,153.251,10:57,UNKNOWN,6,1210.8229999999985,50.030000000000655
10652.5,0.4305159439403463,0,0.344,153.251,10:57,UNKNOWN,6,1210.8229999999985,50.030000000000655
10657.5,0.4221167302320252,0,0.344,153.232,12:00,TAP,6,1214.753999999999,46.09900000000016
10662.5,0.4226218062041685,0,0.344,153.222,12:00,TAP,6,1216.6759999999995,44.17699999999968
10667.5,0.4071264049950664,0,0.344,153.194,11:34,METAL_LOSS,6,1224.6819999999989,36.17100000000028
10672.5,0.4189461776264505,0,0.344,153.194,11:34,METAL_LOSS,6,1224.6819999999989,36.17100000000028
10677.5,0.4189461776264505,0,0.344,153.194,11:34,METAL_LOSS,6,1224.6819999999989,36.17100000000028
10697.5,0.4616626735531518,0,0.344,153.284,,GIRTH_WELD,2,1260.8529999999992,0.0
10702.5,0.45416129625248,0,0.344,153.284,,GIRTH_WELD,2,1260.8529999999992,0.0
10707.5,0.45416129625248,0,0.344,153.284,,GIRTH_WELD,2,1260.8529999999992,0.0
10712.5,0.45416129625248,0,0.344,153.284,,GIRTH_WELD,2,1260.8529999999992,0.0
10737.5,0.45748370208243005,0,0.344,153.449,,GIRTH_WELD,3,1300.8459999999995,0.0
10742.5,0.45878394607258133,0,0.344,153.449,,GIRTH_WELD,3,1300.8459999999995,0.0
10747.5,0.45878394607258133,0,0.344,153.449,,GIRTH_WELD,3,1300.8459999999995,0.0
10752.5,0.45878394607258133,0,0.344,153.449,,GIRTH_WELD,3,1300.8459999999995,0.0
10777.5,0.58058140706392,1,0.344,153.207,,GIRTH_WELD,7,1339.8459999999995,0.0
10782.5,0.5972281697888727,1,0.344,153.207,,GIRTH_WELD,7,1339.8459999999995,0.0
10787.5,0.5840605462237357,1,0.344,153.201,3:51,METAL_LOSS,7,1340.6819999999989,0.8359999999993306
10792.5,0.5979290302574445,1,0.344,153.201,3:51,METAL_LOSS,7,1340.6819999999989,0.8359999999993306
10797.5,0.5792593779023758,1,0.344,152.762,,GIRTH_WELD,7,1359.5539999999983,0.0
10802.5,0.5999868482044293,1,0.344,152.762,,GIRTH_WELD,7,1359.5539999999983,0.0
10807.5,0.5999868482044293,1,0.344,152.762,,GIRTH_WELD,7,1359.5539999999983,0.0
10812.5,0.7357604396911968,1,0.344,153.514,4:08,METAL_LOSS,10,1369.4389999999985,9.885000000000218
10817.5,0.7454794656135282,1,0.344,154.06,4:31,METAL_LOSS,10,1374.393,14.83900000000176
10822.5,0.7537668024072608,1,0.344,154.06,4:31,METAL_LOSS,10,1374.393,14.83900000000176
10827.5,0.7528181478218682,1,0.344,154.06,4:31,METAL_LOSS,10,1374.393,14.83900000000176
10837.5,0.5262182975556073,1,0.344,156.885,,GIRTH_WELD,6,1400.0259999999998,0.0
10842.5,0.5118721263121128,1,0.344,156.885,,GIRTH_WELD,6,1400.0259999999998,0.0
10847.5,0.5118721263121128,1,0.344,156.885,,GIRTH_WELD,6,1400.0259999999998,0.0
10852.5,0.5332128483789921,1,0.344,159.427,8:41,METAL_LOSS,6,1414.048999999999,14.022999999999229
10857.5,0.5270916943340257,1,0.344,159.427,8:41,METAL_LOSS,6,1414.048999999999,14.022999999999229
10862.5,0.5353969774028196,1,0.344,159.669,8:49,METAL_LOSS,6,1415.2789999999986,15.252999999998792
10867.5,0.43454549215130867,0,0.344,162.456,,FIELD_BEND,2,1429.441999999999,10.643000000000029
10872.5,0.42101343662041374,0,0.344,162.456,,FIELD_BEND,2,1429.441999999999,10.643000000000029
10877.5,0.42198450569523693,0,0.344,162.456,,FIELD_BEND,2,1429.441999999999,10.643000000000029
10882.5,0.36806176257625883,0,0.344,164.55,,GIRTH_WELD,2,1440.0849999999991,0.0
10887.5,0.35171149272181873,0,0.344,164.55,,GIRTH_WELD,2,1440.0849999999991,0.0
10892.5,0.35171149272181873,0,0.344,164.55,,GIRTH_WELD,2,1440.0849999999991,0.0
10917.5,0.2395717740377967,0,0.344,168.614,,GIRTH_WELD,0,1480.3639999999996,0.0
10922.5,0.2351388220604721,0,0.344,168.614,,GIRTH_WELD,0,1480.3639999999996,0.0
10927.5,0.2351388220604721,0,0.344,168.614,,GIRTH_WELD,0,1480.3639999999996,0.0
10932.5,0.23052681632170205,0,0.344,168.614,,GIRTH_WELD,0,1480.3639999999996,0.0
10957.5,0.25609425491922194,0,0.344,170.725,,GIRTH_WELD,0,1520.3579999999984,0.0
10962.5,0.24199545030415742,0,0.344,170.725,,GIRTH_WELD,0,1520.3579999999984,0.0
10967.5,0.24301954019664213,0,0.344,170.725,,GIRTH_WELD,0,1520.3579999999984,0.0
10972.5,0.24225389686505153,0,0.344,170.725,,GIRTH_WELD,0,1520.3579999999984,0.0
10997.5,0.14708656112712604,0,0.344,172.05,,GIRTH_WELD,0,1560.5609999999997,0.0
11002.5,0.15371693160076355,0,0.344,172.05,,GIRTH_WELD,0,1560.5609999999997,0.0
11007.5,0.15371693160076355,0,0.344,172.05,,GIRTH_WELD,0,1560.5609999999997,0.0
11012.5,0.15371693160076355,0,0.344,172.05,,GIRTH_WELD,0,1560.5609999999997,0.0
11037.5,0.14926137658135163,0,0.344,173.255,,GIRTH_WELD,0,1600.530999999999,0.0
11042.5,0.15925749034576206,0,0.344,173.255,,GIRTH_WELD,0,1600.530999999999,0.0
11047.5,0.1730357981863311,0,0.344,173.483,,FIELD_BEND,0,1605.5769999999993,5.0460000000002765
11052.5,0.17798458592449376,0,0.344,173.483,,FIELD_BEND,0,1605.5769999999993,5.0460000000002765
11057.5,0.17962166330248291,0,0.344,173.483,,FIELD_BEND,0,1605.5769999999993,5.0460000000002765
11077.5,0.15459892607209255,0,0.344,175.6,,GIRTH_WELD,0,1591.9359999999997,0.0
11082.5,0.16579708300300539,0,0.344,175.6,,GIRTH_WELD,0,1591.9359999999997,0.0
11087.5,0.16579708300300539,0,0.344,175.6,,GIRTH_WELD,0,1591.9359999999997,0.0
11092.5,0.18814870382582993,0,0.344,176.405,12:23,UNKNOWN,0,1577.759,14.17699999999968
11097.5,0.1940861362710266,0,0.344,176.405,12:23,UNKNOWN,0,1577.759,14.17699999999968
11102.5,0.1940861362710266,0,0.344,176.405,12:23,UNKNOWN,0,1577.759,14.17699999999968
11107.5,0.1940861362710266,0,0.344,176.405,12:23,UNKNOWN,0,1577.759,14.17699999999968
11117.5,0.15151754814013507,0,0.344,177.85,,GIRTH_WELD,0,1551.9520000000011,0.0
11122.5,0.16130771937213798,0,0.344,177.85,,GIRTH_WELD,0,1551.9520000000011,0.0
11127.5,0.16130771937213798,0,0.344,177.85,,GIRTH_WELD,0,1551.9520000000011,0.0
11132.5,0.16130771937213798,0,0.344,177.85,,GIRTH_WELD,0,1551.9520000000011,0.0
11157.5,0.1522476686575676,0,0.344,180.251,,GIRTH_WELD,0,1511.7849999999999,0.0
11162.5,0.15718132320252778,0,0.344,180.251,,GIRTH_WELD,0,1511.7849999999999,0.0
11167.5,0.15718132320252778,0,0.344,180.251,,GIRTH_WELD,0,1511.7849999999999,0.0
11172.5,0.15718132320252778,0,0.344,180.251,,GIRTH_WELD,0,1511.7849999999999,0.0
11197.5,0.22478936350787265,0,0.344,182.94,,GIRTH_WELD,0,1471.8670000000002,0.0
11202.5,0.20331627861846496,0,0.344,182.94,,GIRTH_WELD,0,1471.8670000000002,0.0
11207.5,0.20580025201730265,0,0.344,182.94,,GIRTH_WELD,0,1471.8670000000002,0.0
11212.5,0.20580025201730265,0,0.344,182.94,,GIRTH_WELD,0,1471.8670000000002,0.0
11237.5,0.26134381123883965,0,0.344,185.68,,GIRTH_WELD,0,1431.6760000000013,0.0
11242.5,0.26388810054568185,0,0.344,185.68,,GIRTH_WELD,0,1431.6760000000013,0.0
11247.5,0.2645127604293634,0,0.344,185.68,,GIRTH_WELD,0,1431.6760000000013,0.0
11252.5,0.26044520553845363,0,0.344,185.68,,GIRTH_WELD,0,1431.6760000000013,0.0
11277.5,0.24355974367796995,0,0.344,188.626,,GIRTH_WELD,2,1391.6730000000007,0.0
11282.5,0.24213203621917007,0,0.344,188.626,,GIRTH_WELD,2,1391.6730000000007,0.0
11287.5,0.24213203621917007,0,0.344,188.626,,GIRTH_WELD,2,1391.6730000000007,0.0
11292.5,0.24213203621917007,0,0.344,188.626,,GIRTH_WELD,2,1391.6730000000007,0.0
11317.5,0.34137828562107303,0,0.344,193.373,5:51,METAL_LOSS,5,1352.2929999999997,0.7999999999992724
11322.5,0.33399260923643426,0,0.344,193.373,5:51,METAL_LOSS,5,1352.2929999999997,0.7999999999992724
11327.5,0.3119246838395281,0,0.344,193.472,,GIRTH_WELD,5,1351.4930000000004,0.0
11332.5,0.36911389085542845,0,0.344,194.965,11:14,METAL_LOSS,5,1339.737000000001,11.755999999999403
11337.5,0.36411127007506894,0,0.344,194.965,11:14,METAL_LOSS,5,1339.737000000001,11.755999999999403
11342.5,0.36411127007506894,0,0.344,194.965,11:14,METAL_LOSS,5,1339.737000000001,11.755999999999403
11357.5,0.3427796966186395,0,0.344,198.58,,GIRTH_WELD,5,1311.4760000000006,0.0
11362.5,0.33452443865284454,0,0.344,198.58,,GIRTH_WELD,5,1311.4760000000006,0.0
11367.5,0.33452443865284454,0,0.344,198.58,,GIRTH_WELD,5,1311.4760000000006,0.0
11372.5,0.33452443865284454,0,0.344,198.58,,GIRTH_WELD,5,1311.4760000000006,0.0
11397.5,0.452976405925519,0,0.344,203.223,,GIRTH_WELD,0,1271.286,0.0
11402.5,0.4431625964349292,0,0.344,203.223,,GIRTH_WELD,0,1271.286,0.0
11407.5,0.4430447443324544,0,0.344,203.223,,GIRTH_WELD,0,1271.286,0.0
11412.5,0.4430447443324544,0,0.344,203.223,,GIRTH_WELD,0,1271.286,0.0
11422.5,0.4522256208900851,0,0.344,205.72,,FIELD_BEND,0,1244.5960000000014,13.389000000001033
11427.5,0.443311395860082,0,0.344,205.72,,FIELD_BEND,0,1244.5960000000014,13.389000000001033
11432.5,0.443311395860082,0,0.344,205.72,,FIELD_BEND,0,1244.5960000000014,13.389000000001033
11437.5,0.443311395860082,0,0.344,205.72,,FIELD_BEND,0,1244.5960000000014,13.389000000001033
11442.5,0.3660315323873899,0,0.344,206.943,,GIRTH_WELD,3,1231.2070000000003,0.0
11447.5,0.3655414915066329,0,0.344,206.943,,GIRTH_WELD,3,1231.2070000000003,0.0
11452.5,0.3668563244424209,0,0.344,206.943,,GIRTH_WELD,3,1231.2070000000003,0.0
11477.5,0.5395979482958296,1,0.344,208.849,,GIRTH_WELD,8,1190.9150000000009,0.0
11482.5,0.5404952843058055,1,0.344,208.849,,GIRTH_WELD,8,1190.9150000000009,0.0
11487.5,0.5384697166919076,1,0.344,208.874,8:03,METAL_LOSS,8,1190.348,0.5670000000009168
11492.5,0.5386077120425427,1,0.344,208.874,8:03,METAL_LOSS,8,1190.348,0.5670000000009168
11497.5,0.5755175862367188,1,0.344,209.262,7:48,METAL_LOSS,8,1176.434000000001,14.480999999999767
11502.5,0.5767381623283362,1,0.344,209.262,7:48,METAL_LOSS,8,1176.434000000001,14.480999999999767
11507.5,0.587506057736296,1,0.344,209.395,8:05,METAL_LOSS,8,1171.174000000001,19.740999999999985
11512.5,0.5737097724368003,1,0.344,209.577,8:40,METAL_LOSS,8,1163.924000000001,13.07799999999952
11517.5,0.5733527143799628,1,0.344,209.621,8:47,METAL_LOSS,8,1162.1910000000007,11.344999999999345
11522.5,0.5331501304379708,1,0.344,209.907,,GIRTH_WELD,8,1150.8460000000014,0.0
11527.5,0.5348909723073217,1,0.344,209.907,,GIRTH_WELD,8,1150.8460000000014,0.0
11532.5,0.5348909723073217,1,0.344,209.907,,GIRTH_WELD,8,1150.8460000000014,0.0
11557.5,0.3764170545851566,0,0.344,210.655,,GIRTH_WELD,0,1110.6130000000012,0.0
11562.5,0.3650655132094513,0,0.344,210.655,,GIRTH_WELD,0,1110.6130000000012,0.0
11567.5,0.36338261014077133,0,0.344,210.655,,GIRTH_WELD,0,1110.6130000000012,0.0
11572.5,0.36338261014077133,0,0.344,210.655,,GIRTH_WELD,0,1110.6130000000012,0.0
11597.5,0.2594621202544081,0,0.344,214.92,,GIRTH_WELD,0,1070.4760000000006,0.0
11602.5,0.24113672395967423,0,0.344,214.92,,GIRTH_WELD,0,1070.4760000000006,0.0
11607.5,0.24113672395967423,0,0.344,214.92,,GIRTH_WELD,0,1070.4760000000006,0.0
11612.5,0.24113672395967423,0,0.344,214.92,,GIRTH_WELD,0,1070.4760000000006,0.0
11637.5,0.37915533370721305,0,0.344,220.474,,GIRTH_WELD,0,1030.955,0.0
11642.5,0.3741343257852561,0,0.344,220.474,,GIRTH_WELD,0,1030.955,0.0
11647.5,0.37281096213794884,0,0.344,220.474,,GIRTH_WELD,0,1030.955,0.0
11652.5,0.37281096213794884,0,0.344,220.474,,GIRTH_WELD,0,1030.955,0.0
11662.5,0.3879501234908064,0,0.344,221.882,,FIELD_BEND,0,1008.1040000000012,16.989000000001397
11667.5,0.3801343679782847,0,0.344,221.882,,FIELD_BEND,0,1008.1040000000012,16.989000000001397
11672.5,0.3801343679782847,0,0.344,221.882,,FIELD_BEND,0,1008.1040000000012,16.989000000001397
11677.5,0.45474130845807376,0,0.344,222.761,,GIRTH_WELD,3,991.1149999999998,0.0
11682.5,0.45368117557312587,0,0.344,222.761,,GIRTH_WELD,3,991.1149999999998,0.0
11687.5,0.45368117557312587,0,0.344,222.761,,GIRTH_WELD,3,991.1149999999998,0.0
11692.5,0.45368117557312587,0,0.344,222.761,,GIRTH_WELD,3,991.1149999999998,0.0
11717.5,0.5726071743452266,1,0.344,222.618,,GIRTH_WELD,7,950.9050000000007,0.0
11722.5,0.5859371182727737,1,0.344,222.618,,GIRTH_WELD,7,950.9050000000007,0.0
11727.5,0.5645131766818541,1,0.344,222.602,3:36,METAL_LOSS,7,948.7200000000012,2.1849999999994907
11732.5,0.5837022784686124,1,0.344,222.602,3:36,METAL_LOSS,7,948.7200000000012,2.1849999999994907
11737.5,0.7112216836040421,1,0.344,222.103,,FIELD_BEND,10,937.5429999999997,13.36200000000099
11742.5,0.7134441031923244,1,0.344,221.896,3:20,METAL_LOSS,10,933.018,17.887000000000626
11747.5,0.7481191912113259,1,0.344,221.896,3:20,METAL_LOSS,10,933.018,17.887000000000626
11752.5,0.7481191912113259,1,0.344,221.896,3:20,METAL_LOSS,10,933.018,17.887000000000626
11757.5,0.6964052954757459,1,0.344,220.884,,GIRTH_WELD,10,910.9089999999997,0.0
11762.5,0.7329311987830555,1,0.344,220.884,,GIRTH_WELD,10,910.9089999999997,0.0
11767.5,0.7329311987830555,1,0.344,220.884,,GIRTH_WELD,10,910.9089999999997,0.0
11772.5,0.7329311987830555,1,0.344,220.884,,GIRTH_WELD,10,910.9089999999997,0.0
11777.5,0.48690423912594155,0,0.344,220.012,6:06,METAL_LOSS,6,896.7810000000009,14.127999999998792
11782.5,0.52403634847842,1,0.344,220.012,6:06,METAL_LOSS,6,896.7810000000009,14.127999999998792
11787.5,0.52403634847842,1,0.344,220.012,6:06,METAL_LOSS,6,896.7810000000009,14.127999999998792
11797.5,0.4178700642944559,0,0.344,218.312,,GIRTH_WELD,2,870.6760000000013,0.0
11802.5,0.44375043293361754,0,0.344,218.312,,GIRTH_WELD,2,870.6760000000013,0.0
11807.5,0.44375043293361754,0,0.344,218.312,,GIRTH_WELD,2,870.6760000000013,0.0
11812.5,0.44375043293361754,0,0.344,218.312,,GIRTH_WELD,2,870.6760000000013,0.0
11837.5,0.3066061091924056,0,0.344,219.566,,GIRTH_WELD,0,830.5480000000007,0.0
11842.5,0.2975305733017347,0,0.344,219.566,,GIRTH_WELD,0,830.5480000000007,0.0
11847.5,0.2975305733017347,0,0.344,219.566,,GIRTH_WELD,0,830.5480000000007,0.0
11852.5,0.29841940439226505,0,0.344,219.566,,GIRTH_WELD,0,830.5480000000007,0.0
11877.5,0.25946593432373855,0,0.344,226.507,,GIRTH_WELD,0,790.3050000000003,0.0
11882.5,0.24083849087671555,0,0.344,226.507,,GIRTH_WELD,0,790.3050000000003,0.0
11887.5,0.24083849087671555,0,0.344,226.507,,GIRTH_WELD,0,790.3050000000003,0.0
11892.5,0.24287469591246244,0,0.344,226.507,,GIRTH_WELD,0,790.3050000000003,0.0
11897.5,0.22734704609469827,0,0.344,228.803,,FIELD_BEND,3,775.482,14.82300000000032
11902.5,0.22502473753324195,0,0.344,228.803,,FIELD_BEND,3,775.482,14.82300000000032
11907.5,0.22502473753324195,0,0.344,228.803,,FIELD_BEND,3,775.482,14.82300000000032
11917.5,0.20465363482830892,0,0.344,232.578,,GIRTH_WELD,3,750.2360000000008,0.0
11922.5,0.18919564526243163,0,0.344,232.578,,GIRTH_WELD,3,750.2360000000008,0.0
11927.5,0.18919564526243163,0,0.344,232.578,,GIRTH_WELD,3,750.2360000000008,0.0
11932.5,0.18919564526243163,0,0.344,232.578,,GIRTH_WELD,3,750.2360000000008,0.0
11937.5,0.22545094368154855,0,0.344,234.594,2:18,METAL_LOSS,3,730.9549999999999,19.28100000000086
11942.5,0.20852903616096005,0,0.344,234.594,2:18,METAL_LOSS,3,730.9549999999999,19.28100000000086
11947.5,0.20852903616096005,0,0.344,234.594,2:18,METAL_LOSS,3,730.9549999999999,19.28100000000086
11952.5,0.20852903616096005,0,0.344,234.594,2:18,METAL_LOSS,3,730.9549999999999,19.28100000000086
11957.5,0.1833065588192825,0,0.344,236.645,,GIRTH_WELD,3,710.0100000000002,0.0
11962.5,0.17214372137790548,0,0.344,236.645,,GIRTH_WELD,3,710.0100000000002,0.0
11967.5,0.17214372137790548,0,0.344,236.645,,GIRTH_WELD,3,710.0100000000002,0.0
11972.5,0.17268644836502456,0,0.344,236.645,,GIRTH_WELD,3,710.0100000000002,0.0
11977.5,0.21188910320398377,0,0.344,238.014,,FIELD_BEND,3,692.018,17.99200000000019
11982.5,0.20561591240386773,0,0.344,238.014,,FIELD_BEND,3,692.018,17.99200000000019
11987.5,0.20561591240386773,0,0.344,238.014,,FIELD_BEND,3,692.018,17.99200000000019
11992.5,0.20561591240386773,0,0.344,238.014,,FIELD_BEND,3,692.018,17.99200000000019
11997.5,0.2345662191661912,0,0.344,239.609,,GIRTH_WELD,0,670.0159999999996,0.0
12002.5,0.2160436545714822,0,0.344,239.609,,GIRTH_WELD,0,670.0159999999996,0.0
12007.5,0.2160436545714822,0,0.344,239.609,,GIRTH_WELD,0,670.0159999999996,0.0
12012.5,0.23684698417059638,0,0.344,240.185,9:53,UNKNOWN,0,660.085000000001,9.930999999998676
12017.5,0.2210929617192771,0,0.344,240.185,9:53,UNKNOWN,0,660.085000000001,9.930999999998676
12022.5,0.2309683776675221,0,0.344,240.528,9:58,UNKNOWN,0,653.6380000000008,16.377999999998792
12027.5,0.23201321922693716,0,0.344,240.902,9:59,UNKNOWN,0,646.6040000000012,16.820999999999913
12032.5,0.2149178639207953,0,0.344,240.902,9:59,UNKNOWN,0,646.6040000000012,16.820999999999913
12037.5,0.21727977258910264,0,0.344,240.902,9:59,UNKNOWN,0,646.6040000000012,16.820999999999913
12042.5,0.21744886076023065,0,0.344,241.797,,GIRTH_WELD,0,629.7830000000013,0.0
12047.5,0.20066324117891093,0,0.344,241.797,,GIRTH_WELD,0,629.7830000000013,0.0
12052.5,0.20066324117891093,0,0.344,241.797,,GIRTH_WELD,0,629.7830000000013,0.0
12077.5,0.35221862669197157,0,0.344,244.133,,GIRTH_WELD,0,589.8230000000003,0.0
12082.5,0.34930354326908053,0,0.344,244.133,,GIRTH_WELD,0,589.8230000000003,0.0
12087.5,0.34930354326908053,0,0.344,244.133,,GIRTH_WELD,0,589.8230000000003,0.0
12092.5,0.34930354326908053,0,0.344,244.133,,GIRTH_WELD,0,589.8230000000003,0.0
12117.5,0.47897254808303996,0,0.344,246.475,,GIRTH_WELD,7,549.6090000000004,0.0
12122.5,0.48309887241344496,0,0.344,246.475,,GIRTH_WELD,7,549.6090000000004,0.0
12127.5,0.48309887241344496,0,0.344,246.475,,GIRTH_WELD,7,549.6090000000004,0.0
12132.5,0.48401885643687736,0,0.344,246.475,,GIRTH_WELD,7,549.6090000000004,0.0
12137.5,0.5367169082612407,1,0.344,247.181,6:33,METAL_LOSS,7,535.4989999999998,14.110000000000582
12142.5,0.5355667785966642,1,0.344,247.228,6:37,METAL_LOSS,7,534.5110000000004,15.097999999999956
12147.5,0.5433987559556166,1,0.344,247.426,6:48,METAL_LOSS,7,530.4170000000013,19.191999999999098
12152.5,0.5481118300952477,1,0.344,247.426,6:48,METAL_LOSS,7,530.4170000000013,19.191999999999098
12157.5,0.5153456125769967,1,0.344,248.212,6:53,METAL_LOSS,7,514.1499999999996,4.510999999998603
12162.5,0.5194719369074017,1,0.344,248.212,6:53,METAL_LOSS,7,514.1499999999996,4.510999999998603
12167.5,0.555208341139704,1,0.344,248.429,,GIRTH_WELD,7,509.63900000000103,0.0
12172.5,0.5629762908906033,1,0.344,248.429,,GIRTH_WELD,7,509.63900000000103,0.0
12197.5,0.5100697685912245,1,0.344,251.411,,GIRTH_WELD,3,469.4260000000013,0.0
12202.5,0.5264520069881345,1,0.344,251.411,,GIRTH_WELD,3,469.4260000000013,0.0
12207.5,0.5273596181995404,1,0.344,251.411,,GIRTH_WELD,3,469.4260000000013,0.0
12212.5,0.5273596181995404,1,0.344,251.411,,GIRTH_WELD,3,469.4260000000013,0.0
12217.5,0.5266928250994883,1,0.344,253.124,10:10,UNKNOWN,3,450.35100000000057,19.075000000000728
12222.5,0.5300098151990855,1,0.344,253.124,10:10,UNKNOWN,3,450.35100000000057,19.075000000000728
12227.5,0.5273640151374217,1,0.344,253.201,10:10,UNKNOWN,3,449.52400000000125,19.902000000000044
12232.5,0.5306810052370188,1,0.344,253.201,10:10,UNKNOWN,3,449.52400000000125,19.902000000000044
12237.5,0.6876226596088657,1,0.344,254.249,,FIELD_BEND,8,438.1230000000014,8.710000000000946
12242.5,0.6973302646930282,1,0.344,254.249,,FIELD_BEND,8,438.1230000000014,8.710000000000946
12247.5,0.5976632530880674,1,0.344,255.05,,GIRTH_WELD,8,429.41300000000047,0.0
12252.5,0.6086682148973079,1,0.344,255.05,,GIRTH_WELD,8,429.41300000000047,0.0
12257.5,0.6032438901046548,1,0.344,255.977,6:42,METAL_LOSS,8,412.64400000000023,16.769000000000233
12262.5,0.6142813045320152,1,0.344,255.977,6:42,METAL_LOSS,8,412.64400000000023,16.769000000000233
12267.5,0.6142813045320152,1,0.344,255.977,6:42,METAL_LOSS,8,412.64400000000023,16.769000000000233
12272.5,0.6142813045320152,1,0.344,255.977,6:42,METAL_LOSS,8,412.64400000000023,16.769000000000233
12277.5,0.5137859146002658,1,0.344,257.086,2:02,METAL_LOSS,8,389.95700000000033,0.8659999999999854
12282.5,0.5228689615668153,1,0.344,257.086,2:02,METAL_LOSS,8,389.95700000000033,0.8659999999999854
12287.5,0.48897276828970077,0,0.344,257.128,,GIRTH_WELD,8,389.09100000000035,0.0
12292.5,0.5020806885792894,1,0.344,257.128,,GIRTH_WELD,8,389.09100000000035,0.0
12297.5,0.5020806885792894,1,0.344,257.128,,GIRTH_WELD,8,389.09100000000035,0.0
12322.5,0.5524852408808837,1,0.344,260.731,,GIRTH_WELD,4,348.8250000000007,0.0
12327.5,0.5689532556812253,1,0.344,260.731,,GIRTH_WELD,4,348.8250000000007,0.0
12332.5,0.5689532556812253,1,0.344,260.731,,GIRTH_WELD,4,348.8250000000007,0.0
12337.5,0.5689532556812253,1,0.344,260.731,,GIRTH_WELD,4,348.8250000000007,0.0
12362.5,0.5184036529195302,1,0.344,266.616,,GIRTH_WELD,3,308.52300000000105,0.0
12367.5,0.5380059926916811,1,0.344,266.616,,GIRTH_WELD,3,308.52300000000105,0.0
12372.5,0.5380059926916811,1,0.344,266.616,,GIRTH_WELD,3,308.52300000000105,0.0
12377.5,0.5380059926916811,1,0.344,266.616,,GIRTH_WELD,3,308.52300000000105,0.0
12382.5,0.6976680072511343,1,0.344,270.147,,FIELD_BEND,7,289.6980000000003,18.825000000000728
12387.5,0.7064701923766367,1,0.344,270.147,,FIELD_BEND,7,289.6980000000003,18.825000000000728
12392.5,0.692235704492262,1,0.344,270.582,,AGM,7,287.4440000000013,18.957000000000335
12397.5,0.700486962238589,1,0.344,270.582,,AGM,7,287.4440000000013,18.957000000000335
12402.5,0.7558152566342335,1,0.344,274.247,,GIRTH_WELD,10,268.487000000001,0.0
12407.5,0.7689168208861286,1,0.344,274.247,,GIRTH_WELD,10,268.487000000001,0.0
12412.5,0.7782774466930341,1,0.344,275.077,4:25,METAL_LOSS,10,264.33400000000074,4.153000000000247
12417.5,0.7986949356682258,1,0.344,276.159,4:15,METAL_LOSS,11,259.1800000000003,9.307000000000698
12422.5,0.821443292143635,1,0.344,276.917,4:17,METAL_LOSS,12,255.5640000000003,12.923000000000684
12427.5,0.8300402006908211,1,0.344,278.075,3:56,METAL_LOSS,14,250.04600000000028,15.253000000000611
12432.5,0.8305691603114111,1,0.344,279.105,4:09,METAL_LOSS,14,245.13800000000083,10.345000000001164
12437.5,0.8138052369337992,1,0.344,279.674,4:30,METAL_LOSS,14,242.4240000000009,7.631000000001222
12442.5,0.7777023728424336,1,0.344,281.276,,GIRTH_WELD,14,234.79299999999967,0.0
12447.5,0.7947546469326842,1,0.344,282.579,6:59,METAL_LOSS,14,228.96000000000095,5.832999999998719
12452.5,0.7997602090606507,1,0.344,283.364,7:03,METAL_LOSS,14,225.60400000000118,9.188999999998487
12457.5,0.7916555375403058,1,0.344,284.853,7:08,METAL_LOSS,14,219.23500000000058,15.557999999999083
12462.5,0.7969711192755082,1,0.344,286.117,7:23,METAL_LOSS,14,213.82899999999972,19.081999999998516
12467.5,0.7934832873132837,1,0.344,287.435,7:12,METAL_LOSS,14,208.1890000000003,13.441999999999098
12472.5,0.7925928554489923,1,0.344,288.624,7:09,METAL_LOSS,15,203.10400000000118,8.356999999999971
12477.5,0.8077919160782107,1,0.344,288.624,7:09,METAL_LOSS,15,203.10400000000118,8.356999999999971
12482.5,0.7738130825047727,1,0.344,290.578,,GIRTH_WELD,13,194.7470000000012,0.0
12487.5,0.790709158294798,1,0.344,290.578,,GIRTH_WELD,13,194.7470000000012,0.0
12502.5,0.7493836843906019,1,0.344,298.663,9:05,METAL_LOSS,9,165.4890000000014,10.837000000001353
12507.5,0.7578698341296563,1,0.344,298.663,9:05,METAL_LOSS,9,165.4890000000014,10.837000000001353
12512.5,0.7578698341296563,1,0.344,298.663,9:05,METAL_LOSS,9,165.4890000000014,10.837000000001353
12517.5,0.6528283627222872,1,0.344,300.65,9:10,METAL_LOSS,8,158.39600000000064,3.7440000000005966
12522.5,0.6327640613039416,1,0.344,301.7,,GIRTH_WELD,7,154.65200000000004,0.0
12527.5,0.6465873783500183,1,0.344,301.7,,GIRTH_WELD,7,154.65200000000004,0.0
12542.5,0.5358352952216311,1,0.344,308.603,,FIELD_BEND,5,129.2420000000002,14.602999999999156
12547.5,0.5276797182986079,1,0.344,308.603,,FIELD_BEND,5,129.2420000000002,14.602999999999156
12552.5,0.5276797182986079,1,0.344,308.603,,FIELD_BEND,5,129.2420000000002,14.602999999999156
12557.5,0.355250946161839,0,0.344,312.556,,GIRTH_WELD,2,114.63900000000103,0.0
12562.5,0.36537653443656254,0,0.344,312.556,,GIRTH_WELD,2,114.63900000000103,0.0
12567.5,0.36537653443656254,0,0.344,312.556,,GIRTH_WELD,2,114.63900000000103,0.0
12572.5,0.2881749931771257,0,0.344,316.276,4:10,UNKNOWN,0,96.75200000000041,17.887000000000626
12577.5,0.29446953519071817,0,0.344,316.276,4:10,UNKNOWN,0,96.75200000000041,17.887000000000626
12582.5,0.29446953519071817,0,0.344,316.276,4:10,UNKNOWN,0,96.75200000000041,17.887000000000626
12587.5,0.280718491945894,0,0.344,317.791,4:09,UNKNOWN,0,89.09400000000096,14.681000000000495
12592.5,0.28701303395948635,0,0.344,317.791,4:09,UNKNOWN,0,89.09400000000096,14.681000000000495
12597.5,0.26336591223460265,0,0.344,320.696,,GIRTH_WELD,0,74.41300000000047,0.0
12602.5,0.26946139581417083,0,0.344,320.696,,GIRTH_WELD,0,74.41300000000047,0.0
12607.5,0.26946139581417083,0,0.344,320.696,,GIRTH_WELD,0,74.41300000000047,0.0
12622.5,0.23258522093129905,0,0.344,324.913,,GIRTH_WELD,0,46.69300000000112,0.0
12627.5,0.2224281852660208,0,0.344,324.913,,GIRTH_WELD,0,46.69300000000112,0.0
12632.5,0.2224281852660208,0,0.344,324.913,,GIRTH_WELD,0,46.69300000000112,0.0
12637.5,0.24343907610843893,0,0.344,326.174,,FIELD_BEND,0,35.70499999999993,10.988000000001193
12642.5,0.2290814976378929,0,0.344,326.174,,FIELD_BEND,0,35.70499999999993,10.988000000001193
12647.5,0.2290814976378929,0,0.344,326.174,,FIELD_BEND,0,35.70499999999993,10.988000000001193
12662.5,0.18290195192070713,0,0.5,329.247,,GIRTH_WELD,0,6.489000000001397,0.0
12667.5,0.19386924761055457,0,0.5,329.247,,GIRTH_WELD,0,6.489000000001397,0.0
12672.5,0.19386924761055457,0,0.5,329.247,,GIRTH_WELD,0,6.489000000001397,0.0
12677.5,0.23930946852355559,0,0.5,329.67,,BEND,0,0.0,6.489000000001397
12682.5,0.12614645730552407,0,0.344,329.94,,GIRTH_WELD,0,6.722999999999956,0.0
12687.5,0.15253701405985487,0,0.344,330.068,10:52,UNKNOWN,0,11.180999999998676,4.457999999998719
12692.5,0.16262812950099662,0,0.344,330.11,10:54,UNKNOWN,0,14.153999999998632,7.430999999998676
12697.5,0.17126513410966548,0,0.344,330.188,10:53,UNKNOWN,0,19.579999999999927,12.856999999999971
12702.5,0.17243196963820315,0,0.344,330.227,10:54,UNKNOWN,0,22.30999999999949,13.153000000000247
12707.5,0.12213973631334124,0,0.344,330.414,,GIRTH_WELD,0,35.46299999999974,0.0
12712.5,0.14163464036747675,0,0.344,330.414,,GIRTH_WELD,0,35.46299999999974,0.0
12717.5,0.14163464036747675,0,0.344,330.414,,GIRTH_WELD,0,35.46299999999974,0.0
12722.5,0.15073876942969835,0,0.344,330.111,,FIELD_BEND,0,47.9429999999993,12.479999999999563
12727.5,0.17689661638139942,0,0.344,330.111,,FIELD_BEND,0,47.9429999999993,12.479999999999563
12732.5,0.15370164406453976,0,0.344,329.843,3:37,UNKNOWN,0,55.826999999999316,19.648999999999432
12737.5,0.14591937276423714,0,0.344,329.672,3:40,UNKNOWN,0,60.84699999999975,14.628999999998996
12742.5,0.12757060087852173,0,0.344,329.411,,FIELD_BEND,0,68.52700000000004,6.948999999998705
12747.5,0.15753627017601973,0,0.344,329.411,,FIELD_BEND,0,68.52700000000004,6.948999999998705
12752.5,0.10401421899870672,0,0.344,329.175,,GIRTH_WELD,0,75.47599999999875,0.0
12757.5,0.13952192367812116,0,0.344,328.683,,FIELD_BEND,0,81.35499999999956,5.879000000000815
12762.5,0.16171301098839883,0,0.344,328.683,,FIELD_BEND,0,81.35499999999956,5.879000000000815
12767.5,0.16171301098839883,0,0.344,328.683,,FIELD_BEND,0,81.35499999999956,5.879000000000815
12787.5,0.12167622603802852,0,0.344,324.551,,GIRTH_WELD,0,115.6989999999987,0.0
12792.5,0.14372276395214198,0,0.344,324.551,,GIRTH_WELD,0,115.6989999999987,0.0
12797.5,0.14372276395214198,0,0.344,324.551,,GIRTH_WELD,0,115.6989999999987,0.0
12802.5,0.14372276395214198,0,0.344,324.551,,GIRTH_WELD,0,115.6989999999987,0.0
12827.5,0.12606594753400557,0,0.344,321.934,,GIRTH_WELD,0,155.73499999999876,0.0
12832.5,0.15113801020857343,0,0.344,321.934,,GIRTH_WELD,0,155.73499999999876,0.0
12837.5,0.14823562445588523,0,0.344,321.934,,GIRTH_WELD,0,155.73499999999876,0.0
12842.5,0.14823562445588523,0,0.344,321.934,,GIRTH_WELD,0,155.73499999999876,0.0
12867.5,0.1636950952690338,0,0.344,318.742,,GIRTH_WELD,0,195.91599999999926,0.0
12872.5,0.2132852583989657,0,0.344,318.742,,GIRTH_WELD,0,195.91599999999926,0.0
12877.5,0.2132852583989657,0,0.344,318.742,,GIRTH_WELD,0,195.91599999999926,0.0
12882.5,0.2132852583989657,0,0.344,318.742,,GIRTH_WELD,0,195.91599999999926,0.0
12897.5,0.19763633217340335,0,0.344,315.734,,FIELD_BEND,0,227.8119999999999,8.237999999999374
12902.5,0.22664970847482727,0,0.344,315.734,,FIELD_BEND,0,227.8119999999999,8.237999999999374
12907.5,0.22664970847482727,0,0.344,315.734,,FIELD_BEND,0,227.8119999999999,8.237999999999374
12912.5,0.1812894762655391,0,0.344,314.948,,GIRTH_WELD,0,236.04999999999927,0.0
12917.5,0.21609963887848627,0,0.344,314.948,,GIRTH_WELD,0,236.04999999999927,0.0
12922.5,0.21609963887848627,0,0.344,314.948,,GIRTH_WELD,0,236.04999999999927,0.0
12947.5,0.21321310519788192,0,0.344,309.215,,GIRTH_WELD,2,276.1219999999994,0.0
12952.5,0.24669567791389518,0,0.344,309.215,,GIRTH_WELD,2,276.1219999999994,0.0
12957.5,0.24669567791389518,0,0.344,309.215,,GIRTH_WELD,2,276.1219999999994,0.0
12962.5,0.24669567791389518,0,0.344,309.215,,GIRTH_WELD,2,276.1219999999994,0.0
12967.5,0.34577871915883973,0,0.344,305.763,4:43,METAL_LOSS,2,296.35499999999956,19.802999999999884
12972.5,0.3628242249581266,0,0.344,305.763,4:43,METAL_LOSS,2,296.35499999999956,19.802999999999884
12977.5,0.3677170686137158,0,0.344,305.763,4:43,METAL_LOSS,2,296.35499999999956,19.802999999999884
12982.5,0.38812097131011425,0,0.344,302.915,10:39,UNKNOWN,6,312.7099999999991,3.44800000000032
12987.5,0.41420610939101526,0,0.344,302.915,10:39,UNKNOWN,6,312.7099999999991,3.44800000000032
12992.5,0.3802421365382611,0,0.344,302.47,10:46,UNKNOWN,6,315.26900000000023,0.8889999999992142
12997.5,0.36029436183304786,0,0.344,302.315,,GIRTH_WELD,6,316.15799999999945,0.0
13002.5,0.40615692390957336,0,0.344,302.315,,GIRTH_WELD,6,316.15799999999945,0.0
13027.5,0.3592246484032398,0,0.344,293.834,,GIRTH_WELD,6,356.3059999999987,0.0
13032.5,0.39962998875271394,0,0.344,293.834,,GIRTH_WELD,6,356.3059999999987,0.0
13037.5,0.39570371873727317,0,0.344,293.434,8:12,METAL_LOSS,6,358.1759999999995,1.8700000000008004
13042.5,0.4182102847358435,0,0.344,293.434,8:12,METAL_LOSS,6,358.1759999999995,1.8700000000008004
13047.5,0.4173799319471868,0,0.344,288.969,8:09,METAL_LOSS,6,377.91399999999885,14.130000000001019
13052.5,0.4486576227611934,0,0.344,288.969,8:09,METAL_LOSS,6,377.91399999999885,14.130000000001019
13057.5,0.4486576227611934,0,0.344,288.969,8:09,METAL_LOSS,6,377.91399999999885,14.130000000001019
13062.5,0.39677334038862533,0,0.344,285.985,11:24,UNKNOWN,6,369.7469999999994,0.9639999999999418
13067.5,0.42262707959829404,0,0.344,285.985,11:24,UNKNOWN,6,369.7469999999994,0.9639999999999418
13072.5,0.3736446478249898,0,0.344,285.767,,GIRTH_WELD,6,368.78299999999945,0.0
13077.5,0.41379322166541826,0,0.344,285.767,,GIRTH_WELD,6,368.78299999999945,0.0
13102.5,0.41083496324441954,0,0.344,276.635,,GIRTH_WELD,0,328.5499999999993,0.0
13107.5,0.4529949717747803,0,0.344,276.635,,GIRTH_WELD,0,328.5499999999993,0.0
13112.5,0.4529949717747803,0,0.344,276.635,,GIRTH_WELD,0,328.5499999999993,0.0
13117.5,0.4543731129794073,0,0.344,276.635,,GIRTH_WELD,0,328.5499999999993,0.0
13142.5,0.22235898394101206,0,0.344,267.613,,GIRTH_WELD,3,288.54299999999967,0.0
13147.5,0.25275366070580274,0,0.344,267.613,,GIRTH_WELD,3,288.54299999999967,0.0
13152.5,0.25275366070580274,0,0.344,267.613,,GIRTH_WELD,3,288.54299999999967,0.0
13157.5,0.25275366070580274,0,0.344,267.613,,GIRTH_WELD,3,288.54299999999967,0.0
13182.5,0.12150628592082827,0,0.344,258.852,,GIRTH_WELD,3,248.26499999999942,0.0
13187.5,0.14833661745020335,0,0.344,258.852,,GIRTH_WELD,3,248.26499999999942,0.0
13192.5,0.1326944356051648,0,0.344,258.667,3:33,METAL_LOSS,3,247.41499999999905,0.8500000000003638
13197.5,0.15265150631271088,0,0.344,258.667,3:33,METAL_LOSS,3,247.41499999999905,0.8500000000003638
13222.5,0.1377663553028792,0,0.344,249.487,,GIRTH_WELD,3,208.21899999999914,0.0
13227.5,0.15572829821178713,0,0.344,249.487,,GIRTH_WELD,3,208.21899999999914,0.0
13232.5,0.15593078660410842,0,0.344,249.487,,GIRTH_WELD,3,208.21899999999914,0.0
13237.5,0.15593078660410842,0,0.344,249.487,,GIRTH_WELD,3,208.21899999999914,0.0
13262.5,0.17144197926902202,0,0.344,237.627,,GIRTH_WELD,0,168.02800000000025,0.0
13267.5,0.1932321144204917,0,0.344,237.627,,GIRTH_WELD,0,168.02800000000025,0.0
13272.5,0.19025958051794734,0,0.344,237.627,,GIRTH_WELD,0,168.02800000000025,0.0
13277.5,0.18909589511810193,0,0.344,237.627,,GIRTH_WELD,0,168.02800000000025,0.0
13302.5,0.19106524984909626,0,0.344,222.852,,GIRTH_WELD,0,127.94599999999991,0.0
13307.5,0.21484943576706506,0,0.344,222.852,,GIRTH_WELD,0,127.94599999999991,0.0
13312.5,0.21368260023852742,0,0.344,222.852,,GIRTH_WELD,0,127.94599999999991,0.0
13317.5,0.21164079232794475,0,0.344,222.852,,GIRTH_WELD,0,127.94599999999991,0.0
13342.5,0.19611388905103613,0,0.344,204.083,,GIRTH_WELD,0,87.7559999999994,0.0
13347.5,0.21715133753379592,0,0.344,204.083,,GIRTH_WELD,0,87.7559999999994,0.0
13352.5,0.21493292917804105,0,0.344,204.083,,GIRTH_WELD,0,87.7559999999994,0.0
13357.5,0.21216903915383598,0,0.344,204.083,,GIRTH_WELD,0,87.7559999999994,0.0
13382.5,0.20333564434973675,0,0.344,184.918,,GIRTH_WELD,0,47.75300000000061,0.0
13387.5,0.22580627984587648,0,0.344,184.918,,GIRTH_WELD,0,47.75300000000061,0.0
13392.5,0.22276340442009526,0,0.344,184.918,,GIRTH_WELD,0,47.75300000000061,0.0
13397.5,0.2237634115391912,0,0.344,178.857,10:13,UNKNOWN,0,35.11499999999978,12.63800000000083
13402.5,0.23830395152443104,0,0.344,178.857,10:13,UNKNOWN,0,35.11499999999978,12.63800000000083
13407.5,0.22602095975659484,0,0.344,175.727,10:10,UNKNOWN,0,28.592999999998938,19.160000000001673
13412.5,0.2188445701857155,0,0.344,173.262,10:17,UNKNOWN,0,23.451999999999316,15.912999999998647
13417.5,0.24017902356975096,0,0.344,173.262,10:17,UNKNOWN,0,23.451999999999316,15.912999999998647
13422.5,0.20159478687147342,0,0.5,165.629,,GIRTH_WELD,0,7.539000000000669,0.0
13427.5,0.21604982381220253,0,0.5,165.629,,GIRTH_WELD,0,7.539000000000669,0.0
13432.5,0.21323486183986096,0,0.5,165.629,,GIRTH_WELD,0,7.539000000000669,0.0
13437.5,0.2290770965870233,0,0.5,164.427,,BEND,0,0.0,7.539000000000669
13442.5,0.19682988566680484,0,0.344,164.422,,GIRTH_WELD,0,7.640999999999622,0.0
13447.5,0.19116683342100033,0,0.344,164.422,,GIRTH_WELD,0,7.640999999999622,0.0
13452.5,0.19116683342100033,0,0.344,164.422,,GIRTH_WELD,0,7.640999999999622,0.0
13457.5,0.22380924014856146,0,0.344,170.992,,FIELD_BEND,0,24.386000000000422,16.7450000000008
13462.5,0.24211170717137212,0,0.344,170.992,,FIELD_BEND,0,24.386000000000422,16.7450000000008
13467.5,0.23967944006727804,0,0.344,170.992,,FIELD_BEND,0,24.386000000000422,16.7450000000008
13477.5,0.18655853335796554,0,0.344,181.787,,GIRTH_WELD,0,47.798000000000684,0.0
13482.5,0.21663179374992583,0,0.344,181.787,,GIRTH_WELD,0,47.798000000000684,0.0
13487.5,0.22131854200154255,0,0.344,181.787,,GIRTH_WELD,0,47.798000000000684,0.0
13492.5,0.2185732102574027,0,0.344,181.787,,GIRTH_WELD,0,47.798000000000684,0.0
13517.5,0.1925976677412833,0,0.344,199.381,,GIRTH_WELD,0,88.00799999999981,0.0
13522.5,0.20828112321987693,0,0.344,199.381,,GIRTH_WELD,0,88.00799999999981,0.0
13527.5,0.20828112321987693,0,0.344,199.381,,GIRTH_WELD,0,88.00799999999981,0.0
13532.5,0.21037554199027705,0,0.344,199.381,,GIRTH_WELD,0,88.00799999999981,0.0
13557.5,0.2435134249196288,0,0.344,215.466,,GIRTH_WELD,0,128.0679999999993,0.0
13562.5,0.22515130259706287,0,0.344,215.466,,GIRTH_WELD,0,128.0679999999993,0.0
13567.5,0.22194769974143733,0,0.344,215.466,,GIRTH_WELD,0,128.0679999999993,0.0
13572.5,0.2176739800575483,0,0.344,215.466,,GIRTH_WELD,0,128.0679999999993,0.0
13597.5,0.2321974812401305,0,0.344,227.876,,GIRTH_WELD,0,168.39199999999983,0.0
13602.5,0.22147646819445513,0,0.344,227.876,,GIRTH_WELD,0,168.39199999999983,0.0
13607.5,0.22081598262764188,0,0.344,227.876,,GIRTH_WELD,0,168.39199999999983,0.0
13612.5,0.22081598262764188,0,0.344,227.876,,GIRTH_WELD,0,168.39199999999983,0.0
13637.5,0.2230958581776264,0,0.344,237.959,,GIRTH_WELD,4,208.48099999999977,0.0
13642.5,0.21855055148002506,0,0.344,237.959,,GIRTH_WELD,4,208.48099999999977,0.0
13647.5,0.21719601530552646,0,0.344,237.959,,GIRTH_WELD,4,208.48099999999977,0.0
13652.5,0.2168952364332705,0,0.344,237.959,,GIRTH_WELD,4,208.48099999999977,0.0
13672.5,0.24518126046764016,0,0.344,243.293,3:40,METAL_LOSS,4,243.89099999999962,2.507000000001426
13677.5,0.2318206756629249,0,0.344,243.293,3:40,METAL_LOSS,4,243.89099999999962,2.507000000001426
13682.5,0.2449176161844261,0,0.344,243.345,4:49,METAL_LOSS,4,244.2520000000004,2.1460000000006403
13687.5,0.2164717307989216,0,0.344,243.652,,GIRTH_WELD,4,246.39800000000105,0.0
13692.5,0.2032443848073228,0,0.344,243.652,,GIRTH_WELD,4,246.39800000000105,0.0
13717.5,0.2517024433908276,0,0.344,245.293,,GIRTH_WELD,4,285.39400000000023,0.0
13722.5,0.2562140694981166,0,0.344,245.293,,GIRTH_WELD,4,285.39400000000023,0.0
13727.5,0.2562140694981166,0,0.344,245.293,,GIRTH_WELD,4,285.39400000000023,0.0
13732.5,0.2562140694981166,0,0.344,245.293,,GIRTH_WELD,4,285.39400000000023,0.0
13757.5,0.2029256945240844,0,0.344,243.804,,GIRTH_WELD,0,310.58100000000013,0.0
13762.5,0.23365099867421638,0,0.344,243.804,,GIRTH_WELD,0,310.58100000000013,0.0
13767.5,0.23365099867421638,0,0.344,243.804,,GIRTH_WELD,0,310.58100000000013,0.0
13772.5,0.23365099867421638,0,0.344,243.804,,GIRTH_WELD,0,310.58100000000013,0.0
13782.5,0.15474113673469359,0,0.344,239.994,,GIRTH_WELD,0,286.3160000000007,0.0
13787.5,0.16105669882113635,0,0.344,239.994,,GIRTH_WELD,0,286.3160000000007,0.0
13792.5,0.16105669882113635,0,0.344,239.994,,GIRTH_WELD,0,286.3160000000007,0.0
13797.5,0.1588637408005261,0,0.344,239.994,,GIRTH_WELD,0,286.3160000000007,0.0
13822.5,0.17150366250112817,0,0.344,230.21,,GIRTH_WELD,0,246.09900000000016,0.0
13827.5,0.18771998257933442,0,0.344,230.21,,GIRTH_WELD,0,246.09900000000016,0.0
13832.5,0.18771998257933442,0,0.344,230.21,,GIRTH_WELD,0,246.09900000000016,0.0
13837.5,0.18771998257933442,0,0.344,230.21,,GIRTH_WELD,0,246.09900000000016,0.0
13862.5,0.1215190802594946,0,0.344,220.027,,GIRTH_WELD,3,206.0540000000001,0.0
13867.5,0.12294805487521793,0,0.344,220.027,,GIRTH_WELD,3,206.0540000000001,0.0
13872.5,0.1599803996030569,0,0.344,218.29,7:01,UNKNOWN,3,198.39300000000003,7.661000000000058
13877.5,0.15892838853340238,0,0.344,218.183,7:01,UNKNOWN,3,197.89099999999962,8.163000000000466
13882.5,0.17190042341666043,0,0.344,215.813,7:05,UNKNOWN,3,186.77200000000084,19.281999999999243
13887.5,0.18556929370170555,0,0.344,215.813,7:05,UNKNOWN,3,186.77200000000084,19.281999999999243
13892.5,0.15265378806984717,0,0.344,215.07,9:53,METAL_LOSS,3,183.28800000000047,17.438000000000102
13897.5,0.17207161434439733,0,0.344,215.07,9:53,METAL_LOSS,3,183.28800000000047,17.438000000000102
13902.5,0.11758405031065589,0,0.344,211.353,,GIRTH_WELD,3,165.85000000000036,0.0
13907.5,0.12121649741496483,0,0.344,211.353,,GIRTH_WELD,3,165.85000000000036,0.0
13912.5,0.12121649741496483,0,0.344,211.353,,GIRTH_WELD,3,165.85000000000036,0.0
13917.5,0.12121649741496483,0,0.344,211.353,,GIRTH_WELD,3,165.85000000000036,0.0
13942.5,0.30910799708363434,0,0.344,204.949,,GIRTH_WELD,0,125.79399999999987,0.0
13947.5,0.3228645056062327,0,0.344,204.949,,GIRTH_WELD,0,125.79399999999987,0.0
13952.5,0.3228645056062327,0,0.344,204.949,,GIRTH_WELD,0,125.79399999999987,0.0
13957.5,0.32152666263513835,0,0.344,204.949,,GIRTH_WELD,0,125.79399999999987,0.0
13982.5,0.1965718609114889,0,0.344,201.296,,GIRTH_WELD,0,85.60100000000057,0.0
13987.5,0.19554559469850175,0,0.344,201.296,,GIRTH_WELD,0,85.60100000000057,0.0
13992.5,0.2012055168945859,0,0.344,201.296,,GIRTH_WELD,0,85.60100000000057,0.0
13997.5,0.12540718175468546,0,0.344,200.42,,GIRTH_WELD,3,74.42599999999948,0.0
14002.5,0.12665829994174777,0,0.344,200.42,,GIRTH_WELD,3,74.42599999999948,0.0
14007.5,0.12665829994174777,0,0.344,200.42,,GIRTH_WELD,3,74.42599999999948,0.0
14032.5,0.3091550340525447,0,0.344,197.545,6:04,METAL_LOSS,3,35.177999999999884,0.9979999999995925
14037.5,0.3155120311228882,0,0.344,197.545,6:04,METAL_LOSS,3,35.177999999999884,0.9979999999995925
14042.5,0.28149346679805043,0,0.344,197.473,,GIRTH_WELD,3,34.18000000000029,0.0
14047.5,0.293303177252335,0,0.344,197.473,,GIRTH_WELD,3,34.18000000000029,0.0
14057.5,0.4485053100161885,0,0.5,195.038,,GIRTH_WELD,8,7.060999999999694,0.0
14062.5,0.4759982591490266,0,0.5,195.038,,GIRTH_WELD,8,7.060999999999694,0.0
14067.5,0.4759982591490266,0,0.5,195.038,,GIRTH_WELD,8,7.060999999999694,0.0
14072.5,0.500555360325017,1,0.5,194.209,,BEND,8,0.0,7.060999999999694
14077.5,0.5199173335709919,1,0.5,194.209,,BEND,8,0.0,7.060999999999694
14082.5,0.43974207735179216,0,0.344,193.229,,GIRTH_WELD,8,7.443999999999505,0.0
14087.5,0.4630571394365017,0,0.344,193.229,,GIRTH_WELD,8,7.443999999999505,0.0
14092.5,0.31225196134296956,0,0.344,191.216,,GIRTH_WELD,4,20.259000000000015,0.0
14097.5,0.326600598449628,0,0.344,191.216,,GIRTH_WELD,4,20.259000000000015,0.0
14102.5,0.3433124819042378,0,0.344,189.472,8:43,METAL_LOSS,4,33.733000000000175,13.47400000000016
14107.5,0.36273204474413473,0,0.344,189.472,8:43,METAL_LOSS,4,33.733000000000175,13.47400000000016
14112.5,0.36505660091691594,0,0.344,188.73,8:53,METAL_LOSS,4,39.822000000000116,19.563000000000102
14117.5,0.35982990066329557,0,0.344,188.439,8:39,METAL_LOSS,4,42.20800000000054,18.338999999999942
14122.5,0.3754776960634211,0,0.344,188.439,8:39,METAL_LOSS,4,42.20800000000054,18.338999999999942
14127.5,0.31546489915032294,0,0.344,186.204,,GIRTH_WELD,4,60.54700000000048,0.0
14132.5,0.33078014247289106,0,0.344,186.204,,GIRTH_WELD,4,60.54700000000048,0.0
14137.5,0.33078014247289106,0,0.344,186.204,,GIRTH_WELD,4,60.54700000000048,0.0
14142.5,0.33078014247289106,0,0.344,186.204,,GIRTH_WELD,4,60.54700000000048,0.0
14167.5,0.2353995764872624,0,0.344,183.556,,GIRTH_WELD,0,47.8640000000014,0.0
14172.5,0.24497861432699544,0,0.344,183.556,,GIRTH_WELD,0,47.8640000000014,0.0
14177.5,0.24497861432699544,0,0.344,183.556,,GIRTH_WELD,0,47.8640000000014,0.0
14182.5,0.24497861432699544,0,0.344,183.556,,GIRTH_WELD,0,47.8640000000014,0.0
14187.5,0.2456581926537355,0,0.344,182.703,11:51,UNKNOWN,0,31.3650000000016,16.498999999999796
14192.5,0.25699930506652785,0,0.344,182.703,11:51,UNKNOWN,0,31.3650000000016,16.498999999999796
14197.5,0.25699930506652785,0,0.344,182.703,11:51,UNKNOWN,0,31.3650000000016,16.498999999999796
14207.5,0.32443865043441017,0,0.5,181.524,,GIRTH_WELD,0,7.6710000000002765,0.0
14212.5,0.337267641770682,0,0.5,181.524,,GIRTH_WELD,0,7.6710000000002765,0.0
14217.5,0.337267641770682,0,0.5,181.524,,GIRTH_WELD,0,7.6710000000002765,0.0
14222.5,0.26926129281284045,0,0.5,181.353,,BEND,0,0.0,7.6710000000002765
14227.5,0.3202882964554839,0,0.344,181.283,,GIRTH_WELD,0,7.857999999998356,0.0
14232.5,0.3369476269276584,0,0.344,181.283,,GIRTH_WELD,0,7.857999999998356,0.0
14237.5,0.3369476269276584,0,0.344,181.283,,GIRTH_WELD,0,7.857999999998356,0.0
14247.5,0.4765910282917294,0,0.344,181.794,,GIRTH_WELD,3,30.471999999999753,0.0
14252.5,0.48551882779724254,0,0.344,181.794,,GIRTH_WELD,3,30.471999999999753,0.0
14257.5,0.48551882779724254,0,0.344,181.794,,GIRTH_WELD,3,30.471999999999753,0.0
14262.5,0.48551882779724254,0,0.344,181.794,,GIRTH_WELD,3,30.471999999999753,0.0
14287.5,0.741662030969165,1,0.344,181.325,,GIRTH_WELD,10,70.61999999999898,0.0
14292.5,0.7504381359734664,1,0.344,181.325,,GIRTH_WELD,10,70.61999999999898,0.0
14297.5,0.7558891155286537,1,0.344,180.905,10:19,METAL_LOSS,10,75.34099999999853,4.720999999999549
14302.5,0.7814904681462745,1,0.344,180.02,10:48,METAL_LOSS,14,80.45899999999892,9.838999999999942
14307.5,0.7778059743429124,1,0.344,179.014,10:22,METAL_LOSS,14,86.26999999999862,15.649999999999636
14312.5,0.7818495041467134,1,0.344,178.429,10:42,METAL_LOSS,14,89.65499999999884,19.034999999999854
14317.5,0.7815627721337788,1,0.344,177.738,11:16,METAL_LOSS,14,93.64799999999923,17.379000000000815
14322.5,0.7766929840096476,1,0.344,175.546,10:34,METAL_LOSS,14,106.3119999999999,4.7150000000001455
14327.5,0.7955704143209914,1,0.344,175.546,10:34,METAL_LOSS,14,106.3119999999999,4.7150000000001455
14332.5,0.7543769718152841,1,0.344,174.731,,GIRTH_WELD,16,111.02700000000004,0.0
14337.5,0.776890580480829,1,0.344,174.731,,GIRTH_WELD,16,111.02700000000004,0.0
14342.5,0.7759470464926187,1,0.344,170.055,7:40,METAL_LOSS,13,127.33299999999872,16.305999999998676
14347.5,0.8061566600402102,1,0.344,170.055,7:40,METAL_LOSS,13,127.33299999999872,16.305999999998676
14352.5,0.8061566600402102,1,0.344,170.055,7:40,METAL_LOSS,13,127.33299999999872,16.305999999998676
14357.5,0.8052823360817041,1,0.344,170.055,7:40,METAL_LOSS,13,127.33299999999872,16.305999999998676
14367.5,0.7216317024016777,1,0.344,162.758,,GIRTH_WELD,9,151.0759999999991,0.0
14372.5,0.7403983890183155,1,0.344,162.758,,GIRTH_WELD,9,151.0759999999991,0.0
14377.5,0.7403983890183155,1,0.344,162.758,,GIRTH_WELD,9,151.0759999999991,0.0
14382.5,0.6380252783610713,1,0.344,159.55,6:34,METAL_LOSS,7,159.6359999999986,8.55999999999949
14387.5,0.6603095116497611,1,0.344,159.55,6:34,METAL_LOSS,7,159.6359999999986,8.55999999999949
14407.5,0.40855888603239066,0,0.344,146.797,,GIRTH_WELD,1,191.3219999999983,0.0
14412.5,0.41320643449333405,0,0.344,146.797,,GIRTH_WELD,1,191.3219999999983,0.0
14417.5,0.4139972047680965,0,0.344,146.797,,GIRTH_WELD,1,191.3219999999983,0.0
14422.5,0.4197469651590815,0,0.344,146.797,,GIRTH_WELD,1,191.3219999999983,0.0
14447.5,0.2609337801853322,0,0.344,129.757,,GIRTH_WELD,0,231.34799999999996,0.0
14452.5,0.28134693583656123,0,0.344,129.757,,GIRTH_WELD,0,231.34799999999996,0.0
14457.5,0.2990336363166246,0,0.344,129.757,,GIRTH_WELD,0,231.34799999999996,0.0
14462.5,0.3085431187258932,0,0.344,129.757,,GIRTH_WELD,0,231.34799999999996,0.0
14487.5,0.29222249324949545,0,0.344,115.756,,GIRTH_WELD,0,271.6369999999988,0.0
14492.5,0.3199342016952872,0,0.344,115.756,,GIRTH_WELD,0,271.6369999999988,0.0
14497.5,0.3199342016952872,0,0.344,115.756,,GIRTH_WELD,0,271.6369999999988,0.0
14502.5,0.3199342016952872,0,0.344,115.756,,GIRTH_WELD,0,271.6369999999988,0.0
14527.5,0.3200195960349807,0,0.344,107.127,,GIRTH_WELD,0,311.72899999999936,0.0
14532.5,0.3350274195044093,0,0.344,107.127,,GIRTH_WELD,0,311.72899999999936,0.0
14537.5,0.3350274195044093,0,0.344,107.127,,GIRTH_WELD,0,311.72899999999936,0.0
14542.5,0.3350274195044093,0,0.344,107.127,,GIRTH_WELD,0,311.72899999999936,0.0
14567.5,0.36002906432868115,0,0.344,100.542,,GIRTH_WELD,2,351.96199999999953,0.0
14572.5,0.3709382320672113,0,0.344,100.542,,GIRTH_WELD,2,351.96199999999953,0.0
14577.5,0.3709382320672113,0,0.344,100.542,,GIRTH_WELD,2,351.96199999999953,0.0
14582.5,0.3709382320672113,0,0.344,100.542,,GIRTH_WELD,2,351.96199999999953,0.0
14592.5,0.34651935899940484,0,0.344,95.812,,FIELD_BEND,2,375.4459999999999,16.62699999999859
14597.5,0.35052586847905254,0,0.344,95.812,,FIELD_BEND,2,375.4459999999999,16.62699999999859
14602.5,0.3504787905831775,0,0.344,95.781,6:15,METAL_LOSS,2,375.59999999999854,16.472999999999956
14607.5,0.3721567963395729,0,0.344,92.383,,GIRTH_WELD,2,392.0729999999985,0.0
14612.5,0.375351048250265,0,0.344,92.383,,GIRTH_WELD,2,392.0729999999985,0.0
14617.5,0.375351048250265,0,0.344,92.383,,GIRTH_WELD,2,392.0729999999985,0.0
14622.5,0.375351048250265,0,0.344,92.383,,GIRTH_WELD,2,392.0729999999985,0.0
14647.5,0.45775447120047813,0,0.344,80.398,,GIRTH_WELD,2,432.39799999999923,0.0
14652.5,0.468042271291805,0,0.344,80.398,,GIRTH_WELD,2,432.39799999999923,0.0
14657.5,0.468042271291805,0,0.344,80.398,,GIRTH_WELD,2,432.39799999999923,0.0
14662.5,0.468042271291805,0,0.344,80.398,,GIRTH_WELD,2,432.39799999999923,0.0
14667.5,0.4782551703179231,0,0.344,74.404,5:45,DENT,4,448.119999999999,15.721999999999753
14672.5,0.49897968866210296,0,0.344,74.404,5:45,DENT,4,448.119999999999,15.721999999999753
14677.5,0.49897968866210296,0,0.344,74.404,5:45,DENT,4,448.119999999999,15.721999999999753
14682.5,0.5174109597280003,1,0.344,67.262,11:48,UNKNOWN,4,466.15499999999884,6.279000000000451
14687.5,0.534149508665127,1,0.344,67.262,11:48,UNKNOWN,4,466.15499999999884,6.279000000000451
14692.5,0.554853566525781,1,0.344,64.776,,GIRTH_WELD,4,472.4339999999993,0.0
14697.5,0.5517230279961857,1,0.344,64.776,,GIRTH_WELD,4,472.4339999999993,0.0
14702.5,0.5119823223379742,1,0.344,60.018,1:02,UNKNOWN,4,486.3709999999992,13.936999999999898
14707.5,0.5315379652302051,1,0.344,60.018,1:02,UNKNOWN,4,486.3709999999992,13.936999999999898
14712.5,0.5315379652302051,1,0.344,60.018,1:02,UNKNOWN,4,486.3709999999992,13.936999999999898
14717.5,0.5612751829882132,1,0.344,56.804,12:26,METAL_LOSS,4,496.1219999999994,16.5679999999993
14722.5,0.5733746114554973,1,0.344,56.804,12:26,METAL_LOSS,4,496.1219999999994,16.5679999999993
14727.5,0.5584463157511641,1,0.344,51.344,,GIRTH_WELD,4,512.6899999999987,0.0
14732.5,0.5544244194654301,1,0.344,51.344,,GIRTH_WELD,4,512.6899999999987,0.0
14737.5,0.5544244194654301,1,0.344,51.344,,GIRTH_WELD,4,512.6899999999987,0.0
14742.5,0.5646010235164727,1,0.344,49.549,,GIRTH_WELD,5,519.5899999999983,0.0
14747.5,0.5644218342069481,1,0.344,49.549,,GIRTH_WELD,5,519.5899999999983,0.0
14772.5,0.6165769804105158,1,0.344,43.49,10:22,METAL_LOSS,8,552.621000000001,31.55500000000029
14777.5,0.633564040219512,1,0.344,43.49,10:22,METAL_LOSS,8,552.621000000001,31.55500000000029
14782.5,0.6192587651315088,1,0.344,42.768,4:08,METAL_LOSS,8,547.857,26.790999999999258
14787.5,0.6203751177797137,1,0.344,42.508,7:15,METAL_LOSS,8,544.2710000000006,23.204999999999927
14792.5,0.6093292843451682,1,0.344,42.089,2:03,METAL_LOSS,8,538.4680000000008,17.402000000000044
14797.5,0.6006740477985949,1,0.344,41.735,2:15,METAL_LOSS,8,533.5789999999997,12.51299999999901
14802.5,0.5909765937844138,1,0.344,41.345,9:30,METAL_LOSS,8,528.1760000000013,7.110000000000582
14807.5,0.6102744660611635,1,0.344,40.831,,GIRTH_WELD,8,521.0660000000007,0.0
14812.5,0.5929431942987599,1,0.344,40.767,11:08,METAL_LOSS,8,520.1930000000011,0.8729999999995925
14817.5,0.6272515527675142,1,0.5,40.685,,GIRTH_WELD,8,515.0100000000002,0.0
14822.5,0.6440982770527813,1,0.5,40.685,,GIRTH_WELD,8,515.0100000000002,0.0
14847.5,0.6766805398154407,1,0.5,40.916,,GIRTH_WELD,1,475.4300000000003,0.0
14852.5,0.6549421666461002,1,0.5,40.916,,GIRTH_WELD,1,475.4300000000003,0.0
14857.5,0.6549421666461002,1,0.5,40.916,,GIRTH_WELD,1,475.4300000000003,0.0
14862.5,0.6549421666461002,1,0.5,40.916,,GIRTH_WELD,1,475.4300000000003,0.0
14887.5,0.6564988782016115,1,0.5,41.024,,GIRTH_WELD,3,435.2520000000004,0.0
14892.5,0.6431641211193323,1,0.5,41.024,,GIRTH_WELD,3,435.2520000000004,0.0
14897.5,0.6431641211193323,1,0.5,41.024,,GIRTH_WELD,3,435.2520000000004,0.0
14902.5,0.6431641211193323,1,0.5,41.024,,GIRTH_WELD,3,435.2520000000004,0.0
14927.5,0.8525501109332013,1,0.344,40.467,,GIRTH_WELD,10,395.13800000000083,0.0
14932.5,0.8553232341570937,1,0.344,40.467,,GIRTH_WELD,10,395.13800000000083,0.0
14937.5,0.8789323509149566,1,0.344,40.431,6:08,METAL_LOSS,12,392.7360000000008,2.4020000000000437
14942.5,0.8662578350867283,1,0.344,40.377,,GIRTH_WELD,12,389.08100000000013,0.0
14947.5,0.9061866002206607,1,0.344,40.419,10:07,METAL_LOSS,12,383.27700000000004,5.804000000000087
14952.5,0.9001533528403759,1,0.344,40.525,1:39,METAL_LOSS,12,378.85200000000077,10.22899999999936
14957.5,0.9006264743426823,1,0.344,40.656,8:38,METAL_LOSS,13,373.40200000000004,15.679000000000087
14962.5,0.9010717707522804,1,0.344,40.795,9:53,METAL_LOSS,15,367.6149999999998,21.46600000000035
14967.5,0.9010991452435038,1,0.344,41.017,11:20,METAL_LOSS,16,362.3060000000005,26.774999999999636
14972.5,0.898577366227753,1,0.344,41.191,12:44,METAL_LOSS,17,358.2479999999996,30.83300000000054
14977.5,0.8927325420845287,1,0.344,41.362,9:59,METAL_LOSS,17,354.2489999999998,34.832000000000335
14982.5,0.8419309861115551,1,0.344,41.797,12:40,METAL_LOSS,18,344.0650000000005,45.01599999999962
14987.5,0.8477182758319419,1,0.344,41.797,12:40,METAL_LOSS,18,344.0650000000005,45.01599999999962
14992.5,0.832539526262134,1,0.344,42.217,12:00,ATTACHMENT,16,334.2420000000002,54.83899999999994
14997.5,0.838475173909874,1,0.344,42.217,12:00,ATTACHMENT,16,334.2420000000002,54.83899999999994
15002.5,0.8330225534778155,1,0.5,42.472,5:50,METAL_LOSS,16,328.26400000000103,60.8169999999991
15007.5,0.839153491674657,1,0.5,42.546,5:51,METAL_LOSS,17,323.1859999999997,65.89500000000044
15012.5,0.8368471497077892,1,0.344,42.57,5:38,METAL_LOSS,17,318.27700000000004,70.80400000000009
15017.5,0.8308757826743387,1,0.344,42.569,12:00,ATTACHMENT,17,315.51800000000003,73.5630000000001
15022.5,0.8130538972704839,1,0.344,42.564,10:11,METAL_LOSS,18,309.130000000001,79.95099999999911
15027.5,0.8122501181089486,1,0.344,42.477,7:04,METAL_LOSS,16,300.7970000000005,88.28399999999965
15032.5,0.8221311998647307,1,0.344,42.367,,FIELD_BEND,16,297.1779999999999,91.90300000000025
15037.5,0.8217037838028415,1,0.344,42.341,2:51,METAL_LOSS,16,296.3250000000007,92.7559999999994
15042.5,0.8057714339706878,1,0.344,41.888,5:04,METAL_LOSS,19,281.496000000001,107.58499999999913
15047.5,0.8139347669651045,1,0.344,41.888,5:04,METAL_LOSS,19,281.496000000001,107.58499999999913
15052.5,0.822874846885,1,0.344,41.775,1:37,METAL_LOSS,19,277.8150000000005,111.26599999999962
15057.5,0.823060897208744,1,0.344,41.708,1:08,METAL_LOSS,19,275.59699999999975,113.48400000000038
15062.5,0.8046000500450551,1,0.344,41.437,6:43,METAL_LOSS,19,266.7420000000002,121.36499999999978
15067.5,0.8210486946887968,1,0.344,41.384,12:22,METAL_LOSS,19,264.9899999999998,119.61299999999937
15072.5,0.826655836053134,1,0.344,41.384,12:22,METAL_LOSS,19,264.9899999999998,119.61299999999937
15077.5,0.8189683859419397,1,0.344,40.839,7:45,METAL_LOSS,18,244.53399999999965,99.15699999999924
15082.5,0.8245755273062771,1,0.344,40.839,7:45,METAL_LOSS,18,244.53399999999965,99.15699999999924
15087.5,0.8025197412981983,1,0.344,40.803,7:26,METAL_LOSS,18,243.15899999999965,97.78199999999924
15092.5,0.8159067804300397,1,0.344,40.684,7:48,METAL_LOSS,19,238.59599999999955,93.21899999999914
15097.5,0.810537236459546,1,0.344,40.549,3:11,METAL_LOSS,22,233.47099999999955,88.09399999999914
15102.5,0.8067987727899615,1,0.344,40.417,9:13,METAL_LOSS,20,228.42799999999988,83.05099999999948
15107.5,0.8067987727899615,1,0.344,40.276,8:23,METAL_LOSS,18,223.0580000000009,77.6810000000005
15112.5,0.8121065357975453,1,0.344,40.176,8:32,METAL_LOSS,21,218.84200000000055,73.46500000000015
15117.5,0.8162278362934484,1,0.344,40.091,11:53,METAL_LOSS,20,215.28200000000106,69.90500000000065
15122.5,0.8162278362934484,1,0.344,39.845,3:35,METAL_LOSS,18,204.97000000000116,59.59300000000076
15127.5,0.8157477189278207,1,0.344,39.837,1:51,METAL_LOSS,18,204.63900000000103,59.262000000000626
15132.5,0.8194083845997242,1,0.344,39.685,7:45,METAL_LOSS,18,198.27700000000004,52.899999999999636
15137.5,0.8277606493826507,1,0.344,39.52,,UNKNOWN,15,191.38100000000122,46.004000000000815
15142.5,0.8340098285329972,1,0.344,39.405,3:32,METAL_LOSS,14,186.5550000000003,41.177999999999884
15147.5,0.8447572843497347,1,0.344,39.359,3:40,METAL_LOSS,14,184.6229999999996,39.245999999999185
15152.5,0.8505218090165045,1,0.344,39.359,3:40,METAL_LOSS,14,184.6229999999996,39.245999999999185
15157.5,0.8590067853267114,1,0.344,39.026,11:36,METAL_LOSS,15,169.26800000000003,23.89099999999962
15162.5,0.8707182943420517,1,0.344,39.026,11:36,METAL_LOSS,15,169.26800000000003,23.89099999999962
15167.5,0.8707182943420517,1,0.344,39.026,11:36,METAL_LOSS,15,169.26800000000003,23.89099999999962
15177.5,0.8342721437413735,1,0.344,38.514,,GIRTH_WELD,13,145.3770000000004,0.0
15182.5,0.8466517947234142,1,0.344,38.514,,GIRTH_WELD,13,145.3770000000004,0.0
15187.5,0.8466517947234142,1,0.344,38.514,,GIRTH_WELD,13,145.3770000000004,0.0
15192.5,0.8466517947234142,1,0.344,38.514,,GIRTH_WELD,13,145.3770000000004,0.0
15202.5,0.8525982743888778,1,0.344,38.19,8:33,METAL_LOSS,12,119.36000000000058,26.016999999999825
15207.5,0.8537130615817392,1,0.344,38.19,8:33,METAL_LOSS,12,119.36000000000058,26.016999999999825
15212.5,0.8537130615817392,1,0.344,38.19,8:33,METAL_LOSS,12,119.36000000000058,26.016999999999825
15217.5,0.8537130615817392,1,0.344,38.19,8:33,METAL_LOSS,12,119.36000000000058,26.016999999999825
15222.5,0.8042350015996889,1,0.344,38.044,4:14,METAL_LOSS,9,106.60699999999997,38.77000000000044
15227.5,0.8032757444230579,1,0.344,38.002,12:52,METAL_LOSS,9,102.95600000000013,37.58499999999913
15232.5,0.801817983793767,1,0.344,38.002,12:52,METAL_LOSS,9,102.95600000000013,37.58499999999913
15237.5,0.8105910839782843,1,0.344,37.921,12:57,METAL_LOSS,9,88.53000000000065,23.15899999999965
15242.5,0.810110252233817,1,0.344,37.921,12:57,METAL_LOSS,9,88.53000000000065,23.15899999999965
15247.5,0.810110252233817,1,0.344,37.921,12:57,METAL_LOSS,9,88.53000000000065,23.15899999999965
15257.5,0.8342280177297424,1,0.344,37.794,,GIRTH_WELD,10,65.371000000001,0.0
15262.5,0.8365618065276749,1,0.344,37.794,,GIRTH_WELD,10,65.371000000001,0.0
15267.5,0.8365618065276749,1,0.344,37.794,,GIRTH_WELD,10,65.371000000001,0.0
15272.5,0.8365618065276749,1,0.344,37.794,,GIRTH_WELD,10,65.371000000001,0.0
15292.5,0.6238383464396281,1,0.344,37.71,5:01,METAL_LOSS,5,28.417999999999665,2.5909999999985303
15297.5,0.624768263095723,1,0.344,37.71,5:01,METAL_LOSS,5,28.417999999999665,2.5909999999985303
15302.5,0.624768263095723,1,0.344,37.71,5:01,METAL_LOSS,5,28.417999999999665,2.5909999999985303
15307.5,0.6254454419187392,1,0.344,37.705,,GIRTH_WELD,5,25.827000000001135,0.0
15312.5,0.634505350244946,1,0.344,37.746,7:54,METAL_LOSS,5,16.12800000000061,1.2270000000007713
15317.5,0.6296858092030349,1,0.344,37.754,,GIRTH_WELD,5,14.90099999999984,0.0
15322.5,0.6586059219672888,1,0.5,37.875,,GIRTH_WELD,5,4.927999999999884,0.0
15327.5,0.6384735643286944,1,0.5,37.875,,GIRTH_WELD,5,4.927999999999884,0.0
15332.5,0.628752471333303,1,0.5,37.328,,BEND,5,0.0,4.927999999999884
15337.5,0.7000915699195435,1,0.344,36.126,,GIRTH_WELD,8,5.036000000000058,0.0
15342.5,0.7111668468332852,1,0.344,36.126,,GIRTH_WELD,8,5.036000000000058,0.0
15347.5,0.6075778309788685,1,0.5,28.116,,GIRTH_WELD,6,4.323999999998705,0.0
15352.5,0.6208035733633696,1,0.5,28.116,,GIRTH_WELD,6,4.323999999998705,0.0
15357.5,0.6614520876206039,1,0.5,26.287,,BEND,7,0.0,4.195999999999913
15362.5,0.6576001919866205,1,0.344,25.092,,GIRTH_WELD,7,4.195999999999913,0.0
15367.5,0.6619870218519024,1,0.344,25.092,,GIRTH_WELD,7,4.195999999999913,0.0
15372.5,0.6253413353201267,1,0.5,22.5,,GIRTH_WELD,7,6.108999999998559,0.0
15377.5,0.6383215502779405,1,0.5,22.5,,GIRTH_WELD,7,6.108999999998559,0.0
15382.5,0.6147754857970191,1,0.5,22.335,5:49,METAL_LOSS,7,4.516999999999825,1.591999999998734
15387.5,0.639635380044259,1,0.5,23.137,,BEND,7,0.0,6.08600000000115
15392.5,0.6371496469451415,1,0.344,24.649,,GIRTH_WELD,7,6.08600000000115,0.0
15397.5,0.6373421177439382,1,0.344,24.649,,GIRTH_WELD,7,6.08600000000115,0.0
15402.5,0.5312491140014025,1,0.344,31.585,2:02,METAL_LOSS,7,5.537999999998647,0.786999999998443
15407.5,0.528728742962077,1,0.5,32.097,,GIRTH_WELD,7,4.751000000000204,0.0
15412.5,0.5629349959920626,1,0.5,34.539,,BEND,7,0.0,4.751000000000204
15417.5,0.5465119965899884,1,0.344,37.068,6:44,METAL_LOSS,7,6.9650000000001455,9.792999999999665
15422.5,0.545277368897509,1,0.344,37.216,7:02,METAL_LOSS,7,7.418000000001484,9.339999999998327
15427.5,0.5048211619725939,1,0.344,38.931,,GIRTH_WELD,7,16.75799999999981,0.0
15432.5,0.49790721513919045,0,0.344,38.931,,GIRTH_WELD,7,16.75799999999981,0.0
15437.5,0.49790721513919045,0,0.344,38.931,,GIRTH_WELD,7,16.75799999999981,0.0
15452.5,0.5295946072483552,1,0.344,46.753,,FIELD_BEND,1,47.85699999999997,9.105000000001382
15457.5,0.5200597002990844,1,0.344,46.753,,FIELD_BEND,1,47.85699999999997,9.105000000001382
15462.5,0.5200597002990844,1,0.344,46.753,,FIELD_BEND,1,47.85699999999997,9.105000000001382
15467.5,0.5525524226344742,1,0.5,49.097,,GIRTH_WELD,1,56.96200000000135,0.0
15472.5,0.5197597582596949,1,0.5,50.626,,VALVE,0,63.12300000000141,6.161000000000058
15477.5,0.5057004766863031,1,0.5,50.626,,VALVE,0,63.12300000000141,6.161000000000058
15482.5,0.5063184873320732,1,0.344,52.116,,GIRTH_WELD,0,69.28800000000047,0.0
15487.5,0.5037351833935684,1,0.344,52.116,,GIRTH_WELD,0,69.28800000000047,0.0
15497.5,0.42570528386774376,0,0.344,58.941,,GIRTH_WELD,4,94.69100000000071,0.0
15502.5,0.4252672719858146,0,0.344,58.941,,GIRTH_WELD,4,94.69100000000071,0.0
15507.5,0.4252672719858146,0,0.344,58.941,,GIRTH_WELD,4,94.69100000000071,0.0
15512.5,0.4252672719858146,0,0.344,58.941,,GIRTH_WELD,4,94.69100000000071,0.0
15537.5,0.4758951904634286,0,0.344,71.848,6:28,METAL_LOSS,4,134.90500000000065,40.21399999999994
15542.5,0.46234243322536633,0,0.344,71.848,6:28,METAL_LOSS,4,134.90500000000065,40.21399999999994
15547.5,0.4676556036998177,0,0.344,72.055,3:04,METAL_LOSS,4,135.54399999999987,39.66900000000169
15552.5,0.47077335432428746,0,0.344,72.547,6:30,METAL_LOSS,4,137.0630000000001,38.150000000001455
15557.5,0.45593510069660215,0,0.344,72.547,6:30,METAL_LOSS,4,137.0630000000001,38.150000000001455
15577.5,0.6242155013820888,1,0.344,87.414,,GIRTH_WELD,9,175.21300000000156,0.0
15582.5,0.6228058335101706,1,0.344,87.414,,GIRTH_WELD,9,175.21300000000156,0.0
15587.5,0.6228058335101706,1,0.344,87.414,,GIRTH_WELD,9,175.21300000000156,0.0
15592.5,0.6228058335101706,1,0.344,87.414,,GIRTH_WELD,9,175.21300000000156,0.0
15617.5,0.4140923478404231,0,0.344,104.597,,GIRTH_WELD,4,215.44900000000052,0.0
15622.5,0.38961418458180835,0,0.344,104.597,,GIRTH_WELD,4,215.44900000000052,0.0
15627.5,0.43619955136606386,0,0.344,104.944,4:54,METAL_LOSS,4,216.2530000000006,0.8040000000000873
15632.5,0.4128129384863611,0,0.344,104.944,4:54,METAL_LOSS,4,216.2530000000006,0.8040000000000873
15637.5,0.4128129384863611,0,0.344,104.944,4:54,METAL_LOSS,4,216.2530000000006,0.8040000000000873
15652.5,0.36265685364175637,0,0.344,118.175,,FIELD_BEND,4,247.71300000000156,7.771999999999025
15657.5,0.33726696074880735,0,0.344,118.175,,FIELD_BEND,4,247.71300000000156,7.771999999999025
15662.5,0.33726696074880735,0,0.344,118.175,,FIELD_BEND,4,247.71300000000156,7.771999999999025
15667.5,0.342183729695723,0,0.344,121.44,,GIRTH_WELD,4,255.48500000000058,0.0
15672.5,0.3266596737060088,0,0.344,121.44,,GIRTH_WELD,4,255.48500000000058,0.0
15697.5,0.361437593167733,0,0.344,135.963,,GIRTH_WELD,0,295.8040000000001,0.0
15702.5,0.34906397084239005,0,0.344,135.963,,GIRTH_WELD,0,295.8040000000001,0.0
15707.5,0.3283737372399833,0,0.344,135.963,,GIRTH_WELD,0,295.8040000000001,0.0
15712.5,0.32361889551921436,0,0.344,135.963,,GIRTH_WELD,0,295.8040000000001,0.0
15717.5,0.2982402054206017,0,0.344,140.162,,FIELD_BEND,0,312.33600000000115,16.532000000001062
15722.5,0.28618191219837813,0,0.344,140.162,,FIELD_BEND,0,312.33600000000115,16.532000000001062
15727.5,0.28618191219837813,0,0.344,140.162,,FIELD_BEND,0,312.33600000000115,16.532000000001062
15732.5,0.2636732114513064,0,0.344,143.958,,FIELD_BEND,0,328.4350000000013,7.440999999998894
15737.5,0.25205965554407844,0,0.344,143.958,,FIELD_BEND,0,328.4350000000013,7.440999999998894
15742.5,0.2504649174873049,0,0.344,143.958,,FIELD_BEND,0,328.4350000000013,7.440999999998894
15747.5,0.2585421979127664,0,0.344,145.713,,GIRTH_WELD,0,335.8760000000002,0.0
15752.5,0.25650984790934117,0,0.344,145.713,,GIRTH_WELD,0,335.8760000000002,0.0
15777.5,0.23845387428054785,0,0.344,151.505,,AGM,0,372.58500000000095,3.513999999999214
15782.5,0.22051762023637003,0,0.344,151.505,,AGM,0,372.58500000000095,3.513999999999214
15787.5,0.2562630652451133,0,0.344,152.04,,GIRTH_WELD,0,376.09900000000016,0.0
15792.5,0.2532257751660428,0,0.344,152.04,,GIRTH_WELD,0,376.09900000000016,0.0
15797.5,0.2532257751660428,0,0.344,152.04,,GIRTH_WELD,0,376.09900000000016,0.0
15822.5,0.2825833615925676,0,0.344,158.252,,GIRTH_WELD,0,416.07600000000093,0.0
15827.5,0.26719278137364527,0,0.344,158.252,,GIRTH_WELD,0,416.07600000000093,0.0
15832.5,0.26870813225083834,0,0.344,158.252,,GIRTH_WELD,0,416.07600000000093,0.0
15837.5,0.26870813225083834,0,0.344,158.252,,GIRTH_WELD,0,416.07600000000093,0.0
15862.5,0.19567255632213904,0,0.344,164.596,,GIRTH_WELD,3,456.32900000000154,0.0
15867.5,0.18199371690539434,0,0.344,164.596,,GIRTH_WELD,3,456.32900000000154,0.0
15872.5,0.18560836381036386,0,0.344,164.596,,GIRTH_WELD,3,456.32900000000154,0.0
15877.5,0.18560836381036386,0,0.344,164.596,,GIRTH_WELD,3,456.32900000000154,0.0
15897.5,0.42488159133902315,0,0.344,169.807,,GIRTH_WELD,3,491.1149999999998,0.0
15902.5,0.41128810814910977,0,0.344,169.807,,GIRTH_WELD,3,491.1149999999998,0.0
15907.5,0.44332867411070614,0,0.344,170.325,7:18,METAL_LOSS,3,494.7470000000012,3.632000000001426
15912.5,0.4334094131158521,0,0.344,170.325,7:18,METAL_LOSS,3,494.7470000000012,3.632000000001426
15937.5,0.6536791026724811,1,0.344,175.01,,GIRTH_WELD,8,531.371000000001,0.0
15942.5,0.662706039349562,1,0.344,175.01,,GIRTH_WELD,8,531.371000000001,0.0
15947.5,0.662706039349562,1,0.344,175.01,,GIRTH_WELD,8,531.371000000001,0.0
15952.5,0.6859452141755464,1,0.344,177.619,3:14,METAL_LOSS,8,549.9930000000004,18.62199999999939
15957.5,0.6901667115840179,1,0.344,177.619,3:14,METAL_LOSS,8,549.9930000000004,18.62199999999939
15962.5,0.6943808404588432,1,0.344,177.619,3:14,METAL_LOSS,8,549.9930000000004,18.62199999999939
15967.5,0.6907228015909403,1,0.344,178.662,3:06,METAL_LOSS,8,557.3460000000014,14.182999999999083
15972.5,0.695755482007041,1,0.344,178.662,3:06,METAL_LOSS,8,557.3460000000014,14.182999999999083
15977.5,0.801227804934336,1,0.344,180.675,,GIRTH_WELD,13,571.5290000000005,0.0
15982.5,0.8092975062038587,1,0.344,180.675,,GIRTH_WELD,13,571.5290000000005,0.0
15987.5,0.8092975062038587,1,0.344,180.675,,GIRTH_WELD,13,571.5290000000005,0.0
15992.5,0.856418373983357,1,0.344,184.03,8:02,METAL_LOSS,13,583.8580000000002,12.328999999999724
15997.5,0.8553115141025642,1,0.344,184.987,8:09,METAL_LOSS,13,586.9950000000008,15.46600000000035
16002.5,0.8618873748755653,1,0.344,184.987,8:09,METAL_LOSS,13,586.9950000000008,15.46600000000035
16007.5,0.8618873748755653,1,0.344,184.987,8:09,METAL_LOSS,13,586.9950000000008,15.46600000000035
16012.5,0.8246050401078988,1,0.344,191.419,8:14,METAL_LOSS,12,608.0770000000011,3.7960000000002765
16017.5,0.8365490502254136,1,0.344,191.419,8:14,METAL_LOSS,12,608.0770000000011,3.7960000000002765
16022.5,0.7787742815154085,1,0.344,192.578,,GIRTH_WELD,12,611.8730000000014,0.0
16027.5,0.7832127690519483,1,0.344,192.761,6:01,METAL_LOSS,12,612.4740000000002,0.6009999999987485
16032.5,0.7948166023374534,1,0.344,192.761,6:01,METAL_LOSS,12,612.4740000000002,0.6009999999987485
16042.5,0.8313197027760488,1,0.344,202.028,,FIELD_BEND,11,638.9430000000011,12.985999999998967
16047.5,0.839257436284358,1,0.344,202.028,,FIELD_BEND,11,638.9430000000011,12.985999999998967
16052.5,0.839257436284358,1,0.344,202.028,,FIELD_BEND,11,638.9430000000011,12.985999999998967
16057.5,0.7653724626272228,1,0.344,206.62,,GIRTH_WELD,11,651.9290000000001,0.0
16062.5,0.7762040259255976,1,0.344,206.62,,GIRTH_WELD,11,651.9290000000001,0.0
16067.5,0.7917246135835179,1,0.344,207.49,7:30,METAL_LOSS,11,654.3900000000012,2.4610000000011496
16072.5,0.8026318497670281,1,0.344,207.49,7:30,METAL_LOSS,11,654.3900000000012,2.4610000000011496
16077.5,0.5880434108587885,1,0.344,212.885,7:26,METAL_LOSS,6,671.0070000000014,19.07800000000134
16082.5,0.5898143579739373,1,0.344,212.885,7:26,METAL_LOSS,6,671.0070000000014,19.07800000000134
16087.5,0.5898143579739373,1,0.344,212.885,7:26,METAL_LOSS,6,671.0070000000014,19.07800000000134
16097.5,0.4723757696131014,0,0.344,219.739,,GIRTH_WELD,6,692.1230000000014,0.0
16102.5,0.47337515742971975,0,0.344,219.739,,GIRTH_WELD,6,692.1230000000014,0.0
16107.5,0.47337515742971975,0,0.344,219.739,,GIRTH_WELD,6,692.1230000000014,0.0
16112.5,0.4753961828035395,0,0.344,219.739,,GIRTH_WELD,6,692.1230000000014,0.0
16137.5,0.2600913438361353,0,0.344,233.447,,GIRTH_WELD,0,731.1419999999998,0.0
16142.5,0.2511175312682115,0,0.344,233.447,,GIRTH_WELD,0,731.1419999999998,0.0
16147.5,0.2511175312682115,0,0.344,233.447,,GIRTH_WELD,0,731.1419999999998,0.0
16152.5,0.25368568415531034,0,0.344,233.447,,GIRTH_WELD,0,731.1419999999998,0.0
16177.5,0.27900672864623993,0,0.344,243.938,,GIRTH_WELD,0,771.4830000000002,0.0
16182.5,0.2706737208871116,0,0.344,243.938,,GIRTH_WELD,0,771.4830000000002,0.0
16187.5,0.273035629555419,0,0.344,243.938,,GIRTH_WELD,0,771.4830000000002,0.0
16192.5,0.273035629555419,0,0.344,243.938,,GIRTH_WELD,0,771.4830000000002,0.0
16207.5,0.2174368841279836,0,0.344,248.81,,FIELD_BEND,0,804.0250000000015,7.572999999998501
16212.5,0.21108550076195715,0,0.344,248.81,,FIELD_BEND,0,804.0250000000015,7.572999999998501
16217.5,0.21108550076195715,0,0.344,248.81,,FIELD_BEND,0,804.0250000000015,7.572999999998501
16222.5,0.1426904661864474,0,0.344,249.879,,GIRTH_WELD,0,811.598,0.0
16227.5,0.16070731992229947,0,0.344,250.423,,FIELD_BEND,0,818.143,6.545000000000073
16232.5,0.16779301150549422,0,0.344,250.423,,FIELD_BEND,0,818.143,6.545000000000073
16237.5,0.16779301150549422,0,0.344,250.423,,FIELD_BEND,0,818.143,6.545000000000073
16257.5,0.13303510784584724,0,0.344,252.031,,GIRTH_WELD,0,851.9090000000015,0.0
16262.5,0.1499878840586068,0,0.344,252.031,,GIRTH_WELD,0,851.9090000000015,0.0
16267.5,0.1499878840586068,0,0.344,252.031,,GIRTH_WELD,0,851.9090000000015,0.0
16272.5,0.1499878840586068,0,0.344,252.031,,GIRTH_WELD,0,851.9090000000015,0.0
16297.5,0.2468738087162465,0,0.344,253.294,,GIRTH_WELD,0,891.9450000000015,0.0
16302.5,0.24938476908054186,0,0.344,253.294,,GIRTH_WELD,0,891.9450000000015,0.0
16307.5,0.24938476908054186,0,0.344,253.294,,GIRTH_WELD,0,891.9450000000015,0.0
16312.5,0.2514478662142998,0,0.344,253.294,,GIRTH_WELD,0,891.9450000000015,0.0
16337.5,0.2893806238565701,0,0.344,254.045,,GIRTH_WELD,0,932.2010000000009,0.0
16342.5,0.28190738237961577,0,0.344,254.045,,GIRTH_WELD,0,932.2010000000009,0.0
16347.5,0.28190738237961577,0,0.344,254.045,,GIRTH_WELD,0,932.2010000000009,0.0
16352.5,0.28190738237961577,0,0.344,254.045,,GIRTH_WELD,0,932.2010000000009,0.0
16377.5,0.24513954846583202,0,0.344,253.696,,GIRTH_WELD,4,972.25,0.0
16382.5,0.2598127759770175,0,0.344,253.696,,GIRTH_WELD,4,972.25,0.0
16387.5,0.2598127759770175,0,0.344,253.696,,GIRTH_WELD,4,972.25,0.0
16392.5,0.2598127759770175,0,0.344,253.696,,GIRTH_WELD,4,972.25,0.0
16412.5,0.3969031925479895,0,0.344,252.873,4:30,METAL_LOSS,4,1010.6720000000005,1.7030000000013388
16417.5,0.4019607302567074,0,0.344,252.873,4:30,METAL_LOSS,4,1010.6720000000005,1.7030000000013388
16422.5,0.4019607302567074,0,0.344,252.873,4:30,METAL_LOSS,4,1010.6720000000005,1.7030000000013388
16427.5,0.385950626031313,0,0.344,252.835,,GIRTH_WELD,4,1012.3750000000018,0.0
16432.5,0.39898108555567996,0,0.344,252.835,,GIRTH_WELD,4,1012.3750000000018,0.0
16457.5,0.5018251587115601,1,0.344,251.617,,GIRTH_WELD,8,1052.4110000000019,0.0
16462.5,0.511099384069977,1,0.344,251.617,,GIRTH_WELD,8,1052.4110000000019,0.0
16467.5,0.511099384069977,1,0.344,251.617,,GIRTH_WELD,8,1052.4110000000019,0.0
16472.5,0.511099384069977,1,0.344,251.617,,GIRTH_WELD,8,1052.4110000000019,0.0
16497.5,0.46676391264537,0,0.344,250.492,5:21,METAL_LOSS,3,1091.5249999999996,39.11399999999776
16502.5,0.48711752833409233,0,0.344,250.492,5:21,METAL_LOSS,3,1091.5249999999996,39.11399999999776
16507.5,0.46676391264537,0,0.344,250.441,05:00,METAL_LOSS,3,1093.2970000000005,39.25500000000102
16512.5,0.48623989637345433,0,0.344,250.441,05:00,METAL_LOSS,3,1093.2970000000005,39.25500000000102
16537.5,0.5083439555295975,1,0.344,248.89,,GIRTH_WELD,8,1061.673999999999,0.0
16542.5,0.5292464835428244,1,0.344,248.89,,GIRTH_WELD,8,1061.673999999999,0.0
16547.5,0.5292464835428244,1,0.344,248.89,,GIRTH_WELD,8,1061.673999999999,0.0
16552.5,0.5292464835428244,1,0.344,248.89,,GIRTH_WELD,8,1061.673999999999,0.0
16567.5,0.49328171812837623,0,0.344,248.388,5:16,METAL_LOSS,4,1029.7639999999992,8.299999999999272
16572.5,0.5033977044256964,1,0.344,248.388,5:16,METAL_LOSS,4,1029.7639999999992,8.299999999999272
16577.5,0.5033977044256964,1,0.344,248.388,5:16,METAL_LOSS,4,1029.7639999999992,8.299999999999272
16582.5,0.47960323978020775,0,0.344,248.292,7:54,METAL_LOSS,4,1022.7989999999991,1.3349999999991269
16587.5,0.48317398017515617,0,0.344,248.274,,GIRTH_WELD,4,1021.4639999999999,0.0
16592.5,0.503675671940453,1,0.344,248.316,10:56,UNKNOWN,4,1014.8990000000013,6.56499999999869
16597.5,0.49320404444400295,0,0.344,248.316,10:56,UNKNOWN,4,1014.8990000000013,6.56499999999869
16617.5,0.5030863475503302,1,0.344,248.943,,GIRTH_WELD,8,981.4150000000009,0.0
16622.5,0.5087590413964277,1,0.344,248.943,,GIRTH_WELD,8,981.4150000000009,0.0
16627.5,0.5087590413964277,1,0.344,248.943,,GIRTH_WELD,8,981.4150000000009,0.0
16632.5,0.5087590413964277,1,0.344,248.943,,GIRTH_WELD,8,981.4150000000009,0.0
16657.5,0.46712625630375515,0,0.344,249.272,7:01,METAL_LOSS,3,942.2639999999992,39.15100000000166
16662.5,0.468448584349178,0,0.344,249.272,7:01,METAL_LOSS,3,942.2639999999992,39.15100000000166
16667.5,0.4729054250115648,0,0.344,249.286,6:55,METAL_LOSS,3,940.4340000000011,39.32099999999991
16672.5,0.4766233490503379,0,0.344,249.286,6:55,METAL_LOSS,3,940.4340000000011,39.32099999999991
16697.5,0.47806157579573844,0,0.344,249.328,,GIRTH_WELD,7,901.1130000000012,0.0
16702.5,0.4810868487095769,0,0.344,249.328,,GIRTH_WELD,7,901.1130000000012,0.0
16707.5,0.4810868487095769,0,0.344,249.328,,GIRTH_WELD,7,901.1130000000012,0.0
16712.5,0.4810868487095769,0,0.344,249.328,,GIRTH_WELD,7,901.1130000000012,0.0
16737.5,0.4614800605465247,0,0.344,249.366,,UNKNOWN,3,862.280999999999,38.832000000002154
16742.5,0.46218948895780043,0,0.344,249.366,,UNKNOWN,3,862.280999999999,38.832000000002154
16747.5,0.4571922172740232,0,0.344,249.369,,UNKNOWN,3,859.2750000000015,38.391999999999825
16752.5,0.45790164568529895,0,0.344,249.369,,UNKNOWN,3,859.2750000000015,38.391999999999825
16777.5,0.45658148245175356,0,0.344,249.539,,GIRTH_WELD,7,820.8830000000016,0.0
16782.5,0.4717417603827836,0,0.344,249.539,,GIRTH_WELD,7,820.8830000000016,0.0
16787.5,0.4717417603827836,0,0.344,249.539,,GIRTH_WELD,7,820.8830000000016,0.0
16792.5,0.4717417603827836,0,0.344,249.539,,GIRTH_WELD,7,820.8830000000016,0.0
16817.5,0.37234895070983987,0,0.344,249.899,3:23,METAL_LOSS,3,781.375,39.50800000000163
16822.5,0.3696895667118525,0,0.344,249.899,3:23,METAL_LOSS,3,781.375,39.50800000000163
16827.5,0.3817913240368799,0,0.344,249.909,5:04,METAL_LOSS,3,780.4069999999992,39.77300000000105
16832.5,0.3818354506396238,0,0.344,249.909,5:04,METAL_LOSS,3,780.4069999999992,39.77300000000105
16857.5,0.18459929718956672,0,0.344,250.277,,GIRTH_WELD,3,740.6339999999982,0.0
16862.5,0.17757111757951094,0,0.344,250.277,,GIRTH_WELD,3,740.6339999999982,0.0
16867.5,0.17757111757951094,0,0.344,250.277,,GIRTH_WELD,3,740.6339999999982,0.0
16872.5,0.17757111757951094,0,0.344,250.277,,GIRTH_WELD,3,740.6339999999982,0.0
16897.5,0.27287999125798784,0,0.344,250.825,,GIRTH_WELD,0,700.4110000000001,0.0
16902.5,0.27627611607346814,0,0.344,250.825,,GIRTH_WELD,0,700.4110000000001,0.0
16907.5,0.27627611607346814,0,0.344,250.825,,GIRTH_WELD,0,700.4110000000001,0.0
16912.5,0.27627611607346814,0,0.344,250.825,,GIRTH_WELD,0,700.4110000000001,0.0
16937.5,0.17022466459286664,0,0.344,250.944,,GIRTH_WELD,1,660.4399999999987,0.0
16942.5,0.17430582903225006,0,0.344,250.944,,GIRTH_WELD,1,660.4399999999987,0.0
16947.5,0.17430582903225006,0,0.344,250.944,,GIRTH_WELD,1,660.4399999999987,0.0
16952.5,0.17430582903225006,0,0.344,250.944,,GIRTH_WELD,1,660.4399999999987,0.0
16972.5,0.14090242499579622,0,0.344,250.653,11:32,METAL_LOSS,1,627.2940000000017,7.067000000002736
16977.5,0.1660300952425998,0,0.344,250.653,11:32,METAL_LOSS,1,627.2940000000017,7.067000000002736
16982.5,0.12332047663822085,0,0.344,250.584,,GIRTH_WELD,1,620.226999999999,0.0
16987.5,0.15524685706958677,0,0.344,250.584,,GIRTH_WELD,1,620.226999999999,0.0
16992.5,0.15524685706958677,0,0.344,250.584,,GIRTH_WELD,1,620.226999999999,0.0
17012.5,0.1476417236585975,0,0.344,250.288,,FIELD_BEND,1,587.4219999999987,7.319999999999709
17017.5,0.17201050452686784,0,0.344,250.288,,FIELD_BEND,1,587.4219999999987,7.319999999999709
17022.5,0.14657054749264095,0,0.344,250.222,,GIRTH_WELD,1,580.101999999999,0.0
17027.5,0.1769462842753686,0,0.344,250.222,,GIRTH_WELD,1,580.101999999999,0.0
17032.5,0.1769462842753686,0,0.344,250.222,,GIRTH_WELD,1,580.101999999999,0.0
17057.5,0.21517161243017796,0,0.344,250.219,,GIRTH_WELD,0,539.8590000000004,0.0
17062.5,0.21517161243017796,0,0.344,250.219,,GIRTH_WELD,0,539.8590000000004,0.0
17067.5,0.21517161243017796,0,0.344,250.219,,GIRTH_WELD,0,539.8590000000004,0.0
17072.5,0.21517161243017796,0,0.344,250.219,,GIRTH_WELD,0,539.8590000000004,0.0
17097.5,0.19151670142627453,0,0.344,251.495,,GIRTH_WELD,0,499.8299999999981,0.0
17102.5,0.1878128866486549,0,0.344,251.495,,GIRTH_WELD,0,499.8299999999981,0.0
17107.5,0.1878128866486549,0,0.344,251.495,,GIRTH_WELD,0,499.8299999999981,0.0
17112.5,0.1878128866486549,0,0.344,251.495,,GIRTH_WELD,0,499.8299999999981,0.0
17137.5,0.15195714572507155,0,0.344,253.175,,GIRTH_WELD,0,459.53099999999904,0.0
17142.5,0.1743081898341081,0,0.344,253.175,,GIRTH_WELD,0,459.53099999999904,0.0
17147.5,0.1743081898341081,0,0.344,253.175,,GIRTH_WELD,0,459.53099999999904,0.0
17152.5,0.17637128696786605,0,0.344,253.175,,GIRTH_WELD,0,459.53099999999904,0.0
17157.5,0.18584913187079155,0,0.344,254.55,,AGM,0,445.1779999999999,14.352999999999156
17162.5,0.19600275253932498,0,0.344,254.55,,AGM,0,445.1779999999999,14.352999999999156
17167.5,0.19600275253932498,0,0.344,254.55,,AGM,0,445.1779999999999,14.352999999999156
17177.5,0.15674071149195845,0,0.344,257.323,,GIRTH_WELD,0,419.29799999999886,0.0
17182.5,0.18208340735551878,0,0.344,257.323,,GIRTH_WELD,0,419.29799999999886,0.0
17187.5,0.17962740746430877,0,0.344,257.323,,GIRTH_WELD,0,419.29799999999886,0.0
17192.5,0.17059535311811858,0,0.344,257.323,,GIRTH_WELD,0,419.29799999999886,0.0
17217.5,0.15524206513552707,0,0.344,267.498,,GIRTH_WELD,0,378.8319999999985,0.0
17222.5,0.1775262202355066,0,0.344,267.498,,GIRTH_WELD,0,378.8319999999985,0.0
17227.5,0.1775262202355066,0,0.344,267.498,,GIRTH_WELD,0,378.8319999999985,0.0
17232.5,0.1775262202355066,0,0.344,267.498,,GIRTH_WELD,0,378.8319999999985,0.0
17237.5,0.15309021201016965,0,0.344,271.19,,GIRTH_WELD,0,366.9559999999983,0.0
17242.5,0.17479156189748882,0,0.344,271.19,,GIRTH_WELD,0,366.9559999999983,0.0
17247.5,0.17479156189748882,0,0.344,271.19,,GIRTH_WELD,0,366.9559999999983,0.0
17272.5,0.1595599540184928,0,0.344,286.726,,GIRTH_WELD,0,326.6670000000013,0.0
17277.5,0.18636642140740073,0,0.344,286.726,,GIRTH_WELD,0,326.6670000000013,0.0
17282.5,0.18636642140740073,0,0.344,286.726,,GIRTH_WELD,0,326.6670000000013,0.0
17287.5,0.18668667824939575,0,0.344,286.726,,GIRTH_WELD,0,326.6670000000013,0.0
17312.5,0.13817976554963743,0,0.344,304.274,,GIRTH_WELD,0,286.52300000000105,0.0
17317.5,0.16063367059160502,0,0.344,304.274,,GIRTH_WELD,0,286.52300000000105,0.0
17322.5,0.16007760197290458,0,0.344,304.274,,GIRTH_WELD,0,286.52300000000105,0.0
17327.5,0.16007760197290458,0,0.344,304.274,,GIRTH_WELD,0,286.52300000000105,0.0
17352.5,0.1403874128807954,0,0.344,323.221,,GIRTH_WELD,0,246.22100000000137,0.0
17357.5,0.1619660395428319,0,0.344,323.221,,GIRTH_WELD,0,246.22100000000137,0.0
17362.5,0.16178484787126046,0,0.344,325.051,10:12,UNKNOWN,0,242.49099999999817,3.7300000000032014
17367.5,0.17186797379188182,0,0.344,325.051,10:12,UNKNOWN,0,242.49099999999817,3.7300000000032014
17372.5,0.1736268547068852,0,0.344,325.051,10:12,UNKNOWN,0,242.49099999999817,3.7300000000032014
17392.5,0.13774719621642462,0,0.344,344.24,,GIRTH_WELD,0,206.16200000000026,0.0
17397.5,0.15940253564998563,0,0.344,344.24,,GIRTH_WELD,0,206.16200000000026,0.0
17402.5,0.15940253564998563,0,0.344,344.24,,GIRTH_WELD,0,206.16200000000026,0.0
17407.5,0.15940253564998563,0,0.344,344.24,,GIRTH_WELD,0,206.16200000000026,0.0
17412.5,0.17891479135177138,0,0.344,355.414,11:24,UNKNOWN,0,184.987000000001,19.058000000000902
17417.5,0.19102729513583125,0,0.344,355.414,11:24,UNKNOWN,0,184.987000000001,19.058000000000902
17422.5,0.19102729513583125,0,0.344,355.414,11:24,UNKNOWN,0,184.987000000001,19.058000000000902
17427.5,0.17740618704306532,0,0.344,359.794,11:24,UNKNOWN,0,176.68700000000172,10.75800000000163
17432.5,0.17151240399887005,0,0.344,361.282,11:26,UNKNOWN,0,173.86899999999878,7.93999999999869
17437.5,0.13729696228440186,0,0.344,365.471,,GIRTH_WELD,0,165.9290000000001,0.0
17442.5,0.15975911313640626,0,0.344,365.471,,GIRTH_WELD,0,165.9290000000001,0.0
17447.5,0.15975911313640626,0,0.344,365.471,,GIRTH_WELD,0,165.9290000000001,0.0
17472.5,0.14227786885546564,0,0.344,384.906,,GIRTH_WELD,0,125.81399999999849,0.0
17477.5,0.16950729254805666,0,0.344,384.906,,GIRTH_WELD,0,125.81399999999849,0.0
17482.5,0.16950729254805666,0,0.344,384.906,,GIRTH_WELD,0,125.81399999999849,0.0
17487.5,0.16950729254805666,0,0.344,384.906,,GIRTH_WELD,0,125.81399999999849,0.0
17512.5,0.19365335022018976,0,0.344,401.205,,UNKNOWN,0,86.34200000000055,39.471999999997934
17517.5,0.21013585569201035,0,0.344,401.205,,UNKNOWN,0,86.34200000000055,39.471999999997934
17522.5,0.19365335022018976,0,0.344,401.884,,UNKNOWN,0,84.67900000000009,39.27799999999843
17527.5,0.20885035930238727,0,0.344,401.884,,UNKNOWN,0,84.67900000000009,39.27799999999843
17552.5,0.24288969823895676,0,0.344,413.765,,GIRTH_WELD,0,45.40100000000166,0.0
17557.5,0.23601230279614183,0,0.344,413.765,,GIRTH_WELD,0,45.40100000000166,0.0
17562.5,0.23601230279614183,0,0.344,413.765,,GIRTH_WELD,0,45.40100000000166,0.0
17567.5,0.23601230279614183,0,0.344,413.765,,GIRTH_WELD,0,45.40100000000166,0.0
17592.5,0.2988341813556493,0,0.5,417.981,,GIRTH_WELD,0,5.037000000000262,0.0
17597.5,0.2738978521701357,0,0.5,417.981,,GIRTH_WELD,0,5.037000000000262,0.0
17602.5,0.2738978521701357,0,0.5,417.981,,GIRTH_WELD,0,5.037000000000262,0.0
17607.5,0.2337912506223589,0,0.5,417.575,,BEND,0,0.0,4.992999999998574
17612.5,0.20535026372802348,0,0.344,416.326,,GIRTH_WELD,0,4.992999999998574,0.0
17617.5,0.23182771155062526,0,0.344,416.326,,GIRTH_WELD,0,4.992999999998574,0.0
17627.5,0.1467768031603733,0,0.344,404.246,,GIRTH_WELD,3,30.031999999999243,0.0
17632.5,0.16894328811358242,0,0.344,404.246,,GIRTH_WELD,3,30.031999999999243,0.0
17637.5,0.16894328811358242,0,0.344,404.246,,GIRTH_WELD,3,30.031999999999243,0.0
17642.5,0.16894328811358242,0,0.344,404.246,,GIRTH_WELD,3,30.031999999999243,0.0
17647.5,0.16622448911233026,0,0.344,396.672,9:05,UNKNOWN,3,45.8070000000007,15.471999999997934
17652.5,0.16305524278128494,0,0.344,395.792,9:05,UNKNOWN,3,47.65699999999924,13.621999999999389
17657.5,0.15969329802435658,0,0.344,394.44,9:02,UNKNOWN,3,50.50500000000102,10.773999999997613
17662.5,0.1369948213687105,0,0.344,389.323,,GIRTH_WELD,3,61.27899999999863,0.0
17667.5,0.15882686547667169,0,0.344,389.323,,GIRTH_WELD,3,61.27899999999863,0.0
17672.5,0.14222732431357485,0,0.344,388.738,10:17,METAL_LOSS,3,62.51299999999901,1.2340000000003783
17677.5,0.17484408830481274,0,0.344,388.738,10:17,METAL_LOSS,3,62.51299999999901,1.2340000000003783
17697.5,0.1429299055611822,0,0.344,373.09,,GIRTH_WELD,3,101.38400000000183,0.0
17702.5,0.16746722195110667,0,0.344,373.09,,GIRTH_WELD,3,101.38400000000183,0.0
17707.5,0.16746722195110667,0,0.344,373.09,,GIRTH_WELD,3,101.38400000000183,0.0
17712.5,0.16746722195110667,0,0.344,373.09,,GIRTH_WELD,3,101.38400000000183,0.0
17737.5,0.17336820408725923,0,0.344,361.934,,GIRTH_WELD,0,141.5119999999988,0.0
17742.5,0.20311440941111875,0,0.344,361.934,,GIRTH_WELD,0,141.5119999999988,0.0
17747.5,0.2098293010746454,0,0.344,361.934,,GIRTH_WELD,0,141.5119999999988,0.0
17752.5,0.2098293010746454,0,0.344,361.934,,GIRTH_WELD,0,141.5119999999988,0.0
17777.5,0.15410448913467234,0,0.344,355.971,,GIRTH_WELD,0,181.69900000000052,0.0
17782.5,0.20125688147511775,0,0.344,355.971,,GIRTH_WELD,0,181.69900000000052,0.0
17787.5,0.20125688147511775,0,0.344,355.971,,GIRTH_WELD,0,181.69900000000052,0.0
17792.5,0.20125688147511775,0,0.344,355.971,,GIRTH_WELD,0,181.69900000000052,0.0
17817.5,0.14489838072876704,0,0.344,353.182,,GIRTH_WELD,0,221.74499999999898,0.0
17822.5,0.16084000511343113,0,0.344,353.182,,GIRTH_WELD,0,221.74499999999898,0.0
17827.5,0.16084000511343113,0,0.344,353.182,,GIRTH_WELD,0,221.74499999999898,0.0
17832.5,0.16084000511343113,0,0.344,353.182,,GIRTH_WELD,0,221.74499999999898,0.0
17862.5,0.15516964524745538,0,0.344,353.358,,GIRTH_WELD,0,261.8470000000016,0.0
17867.5,0.16769174530161707,0,0.344,353.358,,GIRTH_WELD,0,261.8470000000016,0.0
17872.5,0.16769174530161707,0,0.344,353.358,,GIRTH_WELD,0,261.8470000000016,0.0
17877.5,0.16769174530161707,0,0.344,353.358,,GIRTH_WELD,0,261.8470000000016,0.0
17902.5,0.1300147340146264,0,0.344,355.097,,GIRTH_WELD,0,302.02700000000186,0.0
17907.5,0.15536025435589798,0,0.344,355.097,,GIRTH_WELD,0,302.02700000000186,0.0
17912.5,0.15536025435589798,0,0.344,355.097,,GIRTH_WELD,0,302.02700000000186,0.0
17917.5,0.15536025435589798,0,0.344,355.097,,GIRTH_WELD,0,302.02700000000186,0.0
17932.5,0.12607749213167213,0,0.344,357.929,,GIRTH_WELD,0,333.9300000000003,0.0
17937.5,0.152546772433913,0,0.344,357.929,,GIRTH_WELD,0,333.9300000000003,0.0
17942.5,0.152546772433913,0,0.344,357.929,,GIRTH_WELD,0,333.9300000000003,0.0
17947.5,0.152546772433913,0,0.344,357.929,,GIRTH_WELD,0,333.9300000000003,0.0
17972.5,0.1277603952003521,0,0.344,361.986,,GIRTH_WELD,0,374.0279999999984,0.0
17977.5,0.15254677243391299,0,0.344,361.986,,GIRTH_WELD,0,374.0279999999984,0.0
17982.5,0.15254677243391299,0,0.344,361.986,,GIRTH_WELD,0,374.0279999999984,0.0
17987.5,0.15254677243391299,0,0.344,361.986,,GIRTH_WELD,0,374.0279999999984,0.0
18012.5,0.13493814629638176,0,0.344,366.967,,GIRTH_WELD,0,414.21900000000096,0.0
18017.5,0.15389674715482932,0,0.344,366.967,,GIRTH_WELD,0,414.21900000000096,0.0
18022.5,0.15389674715482932,0,0.344,366.967,,GIRTH_WELD,0,414.21900000000096,0.0
18027.5,0.15389674715482932,0,0.344,366.967,,GIRTH_WELD,0,414.21900000000096,0.0
18052.5,0.1463973222299728,0,0.344,372.896,,GIRTH_WELD,0,454.2609999999986,0.0
18057.5,0.1673558338391344,0,0.344,372.896,,GIRTH_WELD,0,454.2609999999986,0.0
18062.5,0.1673558338391344,0,0.344,372.896,,GIRTH_WELD,0,454.2609999999986,0.0
18067.5,0.16753183364974114,0,0.344,373.784,1:47,UNKNOWN,0,461.60699999999997,7.346000000001368
18072.5,0.1774485644069953,0,0.344,373.784,1:47,UNKNOWN,0,461.60699999999997,7.346000000001368
18077.5,0.1664269667612613,0,0.344,375.681,1:47,UNKNOWN,0,479.5109999999986,6.184000000001106
18082.5,0.17613119799690594,0,0.344,375.681,1:47,UNKNOWN,0,479.5109999999986,6.184000000001106
18087.5,0.159517910970281,0,0.344,375.907,1:47,UNKNOWN,0,481.65000000000146,4.044999999998254
18092.5,0.14453311468215232,0,0.344,376.336,,GIRTH_WELD,0,485.6949999999997,0.0
18097.5,0.16144526819721552,0,0.344,376.336,,GIRTH_WELD,0,485.6949999999997,0.0
18122.5,0.20504528630025068,0,0.344,378.907,,GIRTH_WELD,0,525.7710000000006,0.0
18127.5,0.20614143733861442,0,0.344,378.907,,GIRTH_WELD,0,525.7710000000006,0.0
18132.5,0.20614143733861442,0,0.344,378.907,,GIRTH_WELD,0,525.7710000000006,0.0
18137.5,0.20614143733861442,0,0.344,378.907,,GIRTH_WELD,0,525.7710000000006,0.0
18162.5,0.22453841071721078,0,0.344,377.437,,GIRTH_WELD,0,565.8529999999992,0.0
18167.5,0.25796162995237387,0,0.344,377.437,,GIRTH_WELD,0,565.8529999999992,0.0
18172.5,0.25796162995237387,0,0.344,377.437,,GIRTH_WELD,0,565.8529999999992,0.0
18177.5,0.25796162995237387,0,0.344,377.437,,GIRTH_WELD,0,565.8529999999992,0.0
18202.5,0.19506704586635124,0,0.344,374.658,,GIRTH_WELD,5,605.8559999999998,0.0
18207.5,0.2157460823210512,0,0.344,374.658,,GIRTH_WELD,5,605.8559999999998,0.0
18212.5,0.2157460823210512,0,0.344,374.658,,GIRTH_WELD,5,605.8559999999998,0.0
18217.5,0.2157460823210512,0,0.344,374.658,,GIRTH_WELD,5,605.8559999999998,0.0
18242.5,0.2104708295634263,0,0.344,371.671,5:22,METAL_LOSS,5,644.8909999999996,1.1549999999988358
18247.5,0.250109293377474,0,0.344,371.671,5:22,METAL_LOSS,5,644.8909999999996,1.1549999999988358
18252.5,0.1790710723772168,0,0.344,371.582,,GIRTH_WELD,5,645.5550000000003,0.0
18257.5,0.1748427612540185,0,0.344,371.03,,GIRTH_WELD,5,637.4279999999999,0.0
18262.5,0.18873662923058276,0,0.344,370.983,5:30,METAL_LOSS,5,636.6899999999987,0.7380000000011933
18267.5,0.2151211603051066,0,0.344,370.983,5:30,METAL_LOSS,5,636.6899999999987,0.7380000000011933
18292.5,0.19366488496549958,0,0.344,370.214,,GIRTH_WELD,5,597.3099999999977,0.0
18297.5,0.2207677914267736,0,0.344,370.214,,GIRTH_WELD,5,597.3099999999977,0.0
18302.5,0.2207677914267736,0,0.344,370.214,,GIRTH_WELD,5,597.3099999999977,0.0
18307.5,0.2207677914267736,0,0.344,370.214,,GIRTH_WELD,5,597.3099999999977,0.0
18332.5,0.23668114941191284,0,0.344,371.117,,GIRTH_WELD,0,557.2249999999985,0.0
18337.5,0.2375250184618614,0,0.344,371.117,,GIRTH_WELD,0,557.2249999999985,0.0
18342.5,0.2375250184618614,0,0.344,371.117,,GIRTH_WELD,0,557.2249999999985,0.0
18347.5,0.2375250184618614,0,0.344,371.117,,GIRTH_WELD,0,557.2249999999985,0.0
18372.5,0.18284706909802473,0,0.344,374.368,,GIRTH_WELD,0,517.1489999999976,0.0
18377.5,0.18413247949303646,0,0.344,374.368,,GIRTH_WELD,0,517.1489999999976,0.0
18382.5,0.18413247949303646,0,0.344,374.368,,GIRTH_WELD,0,517.1489999999976,0.0
18387.5,0.18413247949303646,0,0.344,374.368,,GIRTH_WELD,0,517.1489999999976,0.0
18412.5,0.19927834231517846,0,0.344,378.509,,GIRTH_WELD,0,477.16200000000026,0.0
18417.5,0.1940726538405546,0,0.344,378.509,,GIRTH_WELD,0,477.16200000000026,0.0
18422.5,0.1940726538405546,0,0.344,378.509,,GIRTH_WELD,0,477.16200000000026,0.0
18427.5,0.1940726538405546,0,0.344,378.509,,GIRTH_WELD,0,477.16200000000026,0.0
18452.5,0.191952273263085,0,0.344,384.743,,GIRTH_WELD,1,437.09999999999854,0.0
18457.5,0.17493549516316276,0,0.344,384.743,,GIRTH_WELD,1,437.09999999999854,0.0
18462.5,0.17493549516316276,0,0.344,384.743,,GIRTH_WELD,1,437.09999999999854,0.0
18467.5,0.17493549516316276,0,0.344,384.743,,GIRTH_WELD,1,437.09999999999854,0.0
18487.5,0.23931428684776793,0,0.344,394.061,6:14,UNKNOWN,1,401.7429999999986,35.35699999999997
18492.5,0.2186431198205875,0,0.344,394.061,6:14,UNKNOWN,1,401.7429999999986,35.35699999999997
18497.5,0.2186431198205875,0,0.344,394.061,6:14,UNKNOWN,1,401.7429999999986,35.35699999999997
18502.5,0.246351844225888,0,0.344,395.641,6:02,METAL_LOSS,1,395.92199999999866,39.224999999998545
18507.5,0.2256806771987076,0,0.344,395.641,6:02,METAL_LOSS,1,395.92199999999866,39.224999999998545
18532.5,0.2153771979669249,0,0.344,409.939,,GIRTH_WELD,1,356.6970000000001,0.0
18537.5,0.20253486949855104,0,0.344,409.939,,GIRTH_WELD,1,356.6970000000001,0.0
18542.5,0.20253486949855104,0,0.344,409.939,,GIRTH_WELD,1,356.6970000000001,0.0
18547.5,0.20253486949855104,0,0.344,409.939,,GIRTH_WELD,1,356.6970000000001,0.0
18567.5,0.25427013730575576,0,0.344,425.181,,GIRTH_WELD,0,321.90999999999985,0.0
18572.5,0.25282974223342464,0,0.344,425.181,,GIRTH_WELD,0,321.90999999999985,0.0
18577.5,0.25282974223342464,0,0.344,425.181,,GIRTH_WELD,0,321.90999999999985,0.0
18582.5,0.25282974223342464,0,0.344,425.181,,GIRTH_WELD,0,321.90999999999985,0.0
18607.5,0.2463491392032771,0,0.344,443.778,,GIRTH_WELD,0,281.8279999999977,0.0
18612.5,0.24714095825118168,0,0.344,443.778,,GIRTH_WELD,0,281.8279999999977,0.0
18617.5,0.24714095825118168,0,0.344,443.778,,GIRTH_WELD,0,281.8279999999977,0.0
18622.5,0.24714095825118168,0,0.344,443.778,,GIRTH_WELD,0,281.8279999999977,0.0
18647.5,0.11994938829364205,0,0.344,464.151,,GIRTH_WELD,0,241.78199999999924,0.0
18652.5,0.14222403772785636,0,0.344,464.151,,GIRTH_WELD,0,241.78199999999924,0.0
18657.5,0.14222403772785636,0,0.344,464.151,,GIRTH_WELD,0,241.78199999999924,0.0
18662.5,0.14222403772785636,0,0.344,464.151,,GIRTH_WELD,0,241.78199999999924,0.0
18687.5,0.1179825329379049,0,0.344,485.19,,GIRTH_WELD,0,201.86399999999776,0.0
18692.5,0.14025718237211923,0,0.344,485.19,,GIRTH_WELD,0,201.86399999999776,0.0
18697.5,0.14025718237211923,0,0.344,485.19,,GIRTH_WELD,0,201.86399999999776,0.0
18702.5,0.14025718237211923,0,0.344,485.19,,GIRTH_WELD,0,201.86399999999776,0.0
18727.5,0.11457681701509745,0,0.344,506.767,,GIRTH_WELD,0,161.68699999999808,0.0
18732.5,0.13891926097246066,0,0.344,506.767,,GIRTH_WELD,0,161.68699999999808,0.0
18737.5,0.13891926097246066,0,0.344,506.767,,GIRTH_WELD,0,161.68699999999808,0.0
18742.5,0.13891926097246066,0,0.344,506.767,,GIRTH_WELD,0,161.68699999999808,0.0
18767.5,0.12556826471405383,0,0.344,528.554,,GIRTH_WELD,0,121.65099999999802,0.0
18772.5,0.15304301279434918,0,0.344,528.554,,GIRTH_WELD,0,121.65099999999802,0.0
18777.5,0.15304301279434918,0,0.344,528.554,,GIRTH_WELD,0,121.65099999999802,0.0
18782.5,0.15304301279434918,0,0.344,528.554,,GIRTH_WELD,0,121.65099999999802,0.0
18807.5,0.13227139619158698,0,0.344,550.292,,GIRTH_WELD,0,81.49299999999857,0.0
18812.5,0.1587520845978318,0,0.344,550.292,,GIRTH_WELD,0,81.49299999999857,0.0
18817.5,0.1587520845978318,0,0.344,550.292,,GIRTH_WELD,0,81.49299999999857,0.0
18822.5,0.1587520845978318,0,0.344,550.292,,GIRTH_WELD,0,81.49299999999857,0.0
18847.5,0.13276709252035668,0,0.344,571.63,,GIRTH_WELD,0,41.50299999999697,0.0
18852.5,0.15968796239074326,0,0.344,571.63,,GIRTH_WELD,0,41.50299999999697,0.0
18857.5,0.15968796239074326,0,0.344,571.63,,GIRTH_WELD,0,41.50299999999697,0.0
18862.5,0.15968796239074326,0,0.344,571.63,,GIRTH_WELD,0,41.50299999999697,0.0
18882.5,0.1818497819530366,0,0.344,587.632,06:00,ATTACHMENT,0,8.662000000000262,2.566000000002532
18887.5,0.19509469392171774,0,0.344,587.632,06:00,ATTACHMENT,0,8.662000000000262,2.566000000002532
18892.5,0.20395644050782635,0,0.5,588.872,,GIRTH_WELD,0,6.09599999999773,0.0
18897.5,0.2511412304061285,0,0.5,591.058,,BEND,0,0.0,6.09599999999773
18902.5,0.12545080486065918,0,0.344,592.753,,GIRTH_WELD,0,6.236000000000786,0.0
18907.5,0.149012974737109,0,0.344,592.753,,GIRTH_WELD,0,6.236000000000786,0.0
18912.5,0.149012974737109,0,0.344,592.753,,GIRTH_WELD,0,6.236000000000786,0.0
18927.5,0.1907011052845736,0,0.344,597.007,,AGM,0,35.882000000001426,10.436000000001513
18932.5,0.19862373593851385,0,0.344,597.007,,AGM,0,35.882000000001426,10.436000000001513
18937.5,0.19862373593851385,0,0.344,597.007,,AGM,0,35.882000000001426,10.436000000001513
18942.5,0.13654073771543268,0,0.344,598.382,,GIRTH_WELD,0,46.31800000000294,0.0
18947.5,0.15975675372975173,0,0.344,598.382,,GIRTH_WELD,0,46.31800000000294,0.0
18952.5,0.15975675372975173,0,0.344,598.382,,GIRTH_WELD,0,46.31800000000294,0.0
18977.5,0.11930861827632816,0,0.344,599.46,,GIRTH_WELD,0,86.62000000000262,0.0
18982.5,0.14100329655173438,0,0.344,599.46,,GIRTH_WELD,0,86.62000000000262,0.0
18987.5,0.13106570889261315,0,0.344,599.204,12:00,TAP,0,91.88600000000224,5.265999999999622
18992.5,0.1720984336812656,0,0.344,599.204,12:00,TAP,0,91.88600000000224,5.265999999999622
18997.5,0.1720984336812656,0,0.344,599.204,12:00,TAP,0,91.88600000000224,5.265999999999622
19017.5,0.11218479321481137,0,0.344,595.355,,GIRTH_WELD,0,126.729000000003,0.0
19022.5,0.13916823545929805,0,0.344,595.355,,GIRTH_WELD,0,126.729000000003,0.0
19027.5,0.1255146476079293,0,0.344,594.806,11:07,UNKNOWN,0,130.82300000000032,4.0939999999973224
19032.5,0.13681397526378083,0,0.344,593.433,11:44,UNKNOWN,0,138.84500000000116,12.115999999998166
19037.5,0.18057585459752704,0,0.344,593.433,11:44,UNKNOWN,0,138.84500000000116,12.115999999998166
19042.5,0.1316338963644925,0,0.344,592.656,11:43,UNKNOWN,0,143.38200000000143,13.729999999999563
19047.5,0.12445260699338702,0,0.344,591.261,11:49,UNKNOWN,0,151.53200000000288,5.579999999998108
19052.5,0.10582341645879635,0,0.344,590.306,,GIRTH_WELD,0,157.112000000001,0.0
19057.5,0.12832996693672574,0,0.344,590.306,,GIRTH_WELD,0,157.112000000001,0.0
19062.5,0.12832996693672574,0,0.344,590.306,,GIRTH_WELD,0,157.112000000001,0.0
19087.5,0.10805817610885336,0,0.344,583.524,,GIRTH_WELD,0,197.06300000000192,0.0
19092.5,0.13049858885369886,0,0.344,583.524,,GIRTH_WELD,0,197.06300000000192,0.0
19097.5,0.13049858885369886,0,0.344,583.524,,GIRTH_WELD,0,197.06300000000192,0.0
19102.5,0.13049858885369886,0,0.344,583.524,,GIRTH_WELD,0,197.06300000000192,0.0
19127.5,0.10805817610885336,0,0.344,577.162,,GIRTH_WELD,0,237.33600000000297,0.0
19132.5,0.13434556882732832,0,0.344,577.162,,GIRTH_WELD,0,237.33600000000297,0.0
19137.5,0.12278348144666934,0,0.344,576.391,1:07,UNKNOWN,0,242.979000000003,5.643000000000029
19142.5,0.15695835997961427,0,0.344,576.391,1:07,UNKNOWN,0,242.979000000003,5.643000000000029
19147.5,0.1334903126232272,0,0.344,574.939,1:09,UNKNOWN,0,255.02900000000227,17.6929999999993
19152.5,0.16953201829697323,0,0.344,574.939,1:09,UNKNOWN,0,255.02900000000227,17.6929999999993
19157.5,0.13517321569190716,0,0.344,574.586,1:16,UNKNOWN,0,257.96199999999953,19.390000000003056
19162.5,0.16738009548052774,0,0.344,574.586,1:16,UNKNOWN,0,257.96199999999953,19.390000000003056
19167.5,0.11117599058976028,0,0.344,572.25,,GIRTH_WELD,0,277.3520000000026,0.0
19172.5,0.12589474916773355,0,0.344,572.25,,GIRTH_WELD,0,277.3520000000026,0.0
19177.5,0.12589474916773355,0,0.344,572.25,,GIRTH_WELD,0,277.3520000000026,0.0
19182.5,0.12589474916773355,0,0.344,572.25,,GIRTH_WELD,0,277.3520000000026,0.0
19187.5,0.13344330175241986,0,0.344,570.019,11:24,UNKNOWN,0,296.8700000000026,19.51800000000003
19192.5,0.16042826102908478,0,0.344,570.019,11:24,UNKNOWN,0,296.8700000000026,19.51800000000003
19197.5,0.16042826102908478,0,0.344,570.019,11:24,UNKNOWN,0,296.8700000000026,19.51800000000003
19202.5,0.16042826102908478,0,0.344,570.019,11:24,UNKNOWN,0,296.8700000000026,19.51800000000003
19207.5,0.1195096419635984,0,0.344,567.81,11:39,UNKNOWN,0,316.3510000000024,1.2959999999984575
19212.5,0.13932080831341653,0,0.344,567.81,11:39,UNKNOWN,0,316.3510000000024,1.2959999999984575
19217.5,0.11044885928500187,0,0.344,567.663,,GIRTH_WELD,0,317.64700000000084,0.0
19222.5,0.12491556071322711,0,0.344,567.663,,GIRTH_WELD,0,317.64700000000084,0.0
19247.5,0.11093295007453603,0,0.344,563.394,,GIRTH_WELD,0,357.7230000000018,0.0
19252.5,0.13598295662663995,0,0.344,563.394,,GIRTH_WELD,0,357.7230000000018,0.0
19257.5,0.13598295662663995,0,0.344,563.394,,GIRTH_WELD,0,357.7230000000018,0.0
19262.5,0.13598295662663995,0,0.344,563.394,,GIRTH_WELD,0,357.7230000000018,0.0
19287.5,0.10825905415019267,0,0.344,558.764,,GIRTH_WELD,0,397.33899999999994,0.0
19292.5,0.1328098150277323,0,0.344,558.764,,GIRTH_WELD,0,397.33899999999994,0.0
19297.5,0.1328098150277323,0,0.344,558.764,,GIRTH_WELD,0,397.33899999999994,0.0
19302.5,0.1328098150277323,0,0.344,558.764,,GIRTH_WELD,0,397.33899999999994,0.0
19327.5,0.1212894564254852,0,0.344,552.928,,GIRTH_WELD,0,437.4240000000027,0.0
19332.5,0.13970492241730775,0,0.344,552.928,,GIRTH_WELD,0,437.4240000000027,0.0
19337.5,0.13970492241730775,0,0.344,552.928,,GIRTH_WELD,0,437.4240000000027,0.0
19342.5,0.13970492241730775,0,0.344,552.928,,GIRTH_WELD,0,437.4240000000027,0.0
19367.5,0.1270430235637914,0,0.344,545.712,,GIRTH_WELD,0,477.8050000000003,0.0
19372.5,0.14565410457722325,0,0.344,545.712,,GIRTH_WELD,0,477.8050000000003,0.0
19377.5,0.14565410457722325,0,0.344,545.712,,GIRTH_WELD,0,477.8050000000003,0.0
19382.5,0.14565410457722325,0,0.344,545.712,,GIRTH_WELD,0,477.8050000000003,0.0
19407.5,0.12276230376954488,0,0.344,538.339,,GIRTH_WELD,0,517.8470000000016,0.0
19412.5,0.14030917918867014,0,0.344,538.339,,GIRTH_WELD,0,517.8470000000016,0.0
19417.5,0.14030917918867014,0,0.344,538.339,,GIRTH_WELD,0,517.8470000000016,0.0
19422.5,0.14030917918867014,0,0.344,538.339,,GIRTH_WELD,0,517.8470000000016,0.0
19447.5,0.13379457285027974,0,0.344,531.165,,GIRTH_WELD,0,558.0640000000021,0.0
19452.5,0.13628119701996672,0,0.344,531.165,,GIRTH_WELD,0,558.0640000000021,0.0
19457.5,0.13628119701996672,0,0.344,531.165,,GIRTH_WELD,0,558.0640000000021,0.0
19462.5,0.13628119701996672,0,0.344,531.165,,GIRTH_WELD,0,558.0640000000021,0.0
19487.5,0.13729804072644528,0,0.344,523.932,,GIRTH_WELD,0,598.1130000000012,0.0
19492.5,0.1446509550445672,0,0.344,523.932,,GIRTH_WELD,0,598.1130000000012,0.0
19497.5,0.1446509550445672,0,0.344,523.932,,GIRTH_WELD,0,598.1130000000012,0.0
19502.5,0.1446509550445672,0,0.344,523.932,,GIRTH_WELD,0,598.1130000000012,0.0
19527.5,0.13368769547499626,0,0.344,516.475,,GIRTH_WELD,0,638.2610000000022,0.0
19532.5,0.13905665531741349,0,0.344,516.475,,GIRTH_WELD,0,638.2610000000022,0.0
19537.5,0.14168353233699152,0,0.344,516.475,,GIRTH_WELD,0,638.2610000000022,0.0
19542.5,0.14168353233699152,0,0.344,516.475,,GIRTH_WELD,0,638.2610000000022,0.0
19567.5,0.135238270241145,0,0.344,508.546,,GIRTH_WELD,0,678.3100000000013,0.0
19572.5,0.16964318126479655,0,0.344,508.546,,GIRTH_WELD,0,678.3100000000013,0.0
19577.5,0.16964318126479655,0,0.344,508.546,,GIRTH_WELD,0,678.3100000000013,0.0
19582.5,0.16964318126479655,0,0.344,508.546,,GIRTH_WELD,0,678.3100000000013,0.0
19607.5,0.18692378336946092,0,0.344,500.0,,GIRTH_WELD,0,718.6510000000017,0.0
19612.5,0.2233593097780574,0,0.344,500.0,,GIRTH_WELD,0,718.6510000000017,0.0
19617.5,0.2233593097780574,0,0.344,500.0,,GIRTH_WELD,0,718.6510000000017,0.0
19622.5,0.2233593097780574,0,0.344,500.0,,GIRTH_WELD,0,718.6510000000017,0.0
19647.5,0.2022307269554973,0,0.344,490.956,,GIRTH_WELD,1,758.6640000000007,0.0
19652.5,0.22561628479928847,0,0.344,490.956,,GIRTH_WELD,1,758.6640000000007,0.0
19657.5,0.22561628479928847,0,0.344,490.956,,GIRTH_WELD,1,758.6640000000007,0.0
19662.5,0.22561628479928847,0,0.344,490.956,,GIRTH_WELD,1,758.6640000000007,0.0
19687.5,0.16761989474292718,0,0.344,481.571,,GIRTH_WELD,3,798.9430000000029,0.0
19692.5,0.17795780542749526,0,0.344,481.571,,GIRTH_WELD,3,798.9430000000029,0.0
19697.5,0.17795780542749526,0,0.344,481.571,,GIRTH_WELD,3,798.9430000000029,0.0
19702.5,0.1677408928163616,0,0.344,479.797,11:26,METAL_LOSS,3,806.492000000002,7.548999999999069
19707.5,0.18383840684674324,0,0.344,479.797,11:26,METAL_LOSS,3,806.492000000002,7.548999999999069
19712.5,0.18795323980457063,0,0.344,477.975,11:25,METAL_LOSS,3,814.229000000003,15.286000000000058
19717.5,0.20768544161119512,0,0.344,477.975,11:25,METAL_LOSS,3,814.229000000003,15.286000000000058
19727.5,0.1785914617717781,0,0.344,472.159,,GIRTH_WELD,3,838.9070000000029,0.0
19732.5,0.18724176316644484,0,0.344,472.159,,GIRTH_WELD,3,838.9070000000029,0.0
19737.5,0.18724176316644484,0,0.344,472.159,,GIRTH_WELD,3,838.9070000000029,0.0
19742.5,0.18724176316644484,0,0.344,472.159,,GIRTH_WELD,3,838.9070000000029,0.0
19767.5,0.2572793098229336,0,0.344,462.829,,GIRTH_WELD,0,879.1200000000026,0.0
19772.5,0.28768299234228834,0,0.344,462.829,,GIRTH_WELD,0,879.1200000000026,0.0
19777.5,0.28768299234228834,0,0.344,462.829,,GIRTH_WELD,0,879.1200000000026,0.0
19782.5,0.28768299234228834,0,0.344,462.829,,GIRTH_WELD,0,879.1200000000026,0.0
19807.5,0.26307574895343294,0,0.344,453.623,,GIRTH_WELD,0,919.117000000002,0.0
19812.5,0.3058849554937187,0,0.344,453.623,,GIRTH_WELD,0,919.117000000002,0.0
19817.5,0.3058849554937187,0,0.344,453.623,,GIRTH_WELD,0,919.117000000002,0.0
19822.5,0.3058849554937187,0,0.344,453.623,,GIRTH_WELD,0,919.117000000002,0.0
19847.5,0.18586642212374682,0,0.344,445.472,,GIRTH_WELD,0,959.3240000000005,0.0
19852.5,0.20155547450733433,0,0.344,445.472,,GIRTH_WELD,0,959.3240000000005,0.0
19857.5,0.20155547450733433,0,0.344,445.472,,GIRTH_WELD,0,959.3240000000005,0.0
19862.5,0.20155547450733433,0,0.344,445.472,,GIRTH_WELD,0,959.3240000000005,0.0
19887.5,0.17935752380561637,0,0.344,437.526,,GIRTH_WELD,0,999.3270000000011,0.0
19892.5,0.1965132419778238,0,0.344,437.526,,GIRTH_WELD,0,999.3270000000011,0.0
19897.5,0.1965132419778238,0,0.344,437.526,,GIRTH_WELD,0,999.3270000000011,0.0
19902.5,0.1965132419778238,0,0.344,437.526,,GIRTH_WELD,0,999.3270000000011,0.0
19927.5,0.15417804816669675,0,0.344,430.069,,GIRTH_WELD,0,1039.6030000000028,0.0
19932.5,0.17395403312763416,0,0.344,430.069,,GIRTH_WELD,0,1039.6030000000028,0.0
19937.5,0.17395403312763416,0,0.344,430.069,,GIRTH_WELD,0,1039.6030000000028,0.0
19942.5,0.17395403312763416,0,0.344,430.069,,GIRTH_WELD,0,1039.6030000000028,0.0
19967.5,0.16984684178165033,0,0.344,423.713,,GIRTH_WELD,0,1079.6320000000014,0.0
19972.5,0.18533859516174833,0,0.344,423.713,,GIRTH_WELD,0,1079.6320000000014,0.0
19977.5,0.18533859516174833,0,0.344,423.713,,GIRTH_WELD,0,1079.6320000000014,0.0
19982.5,0.18533859516174833,0,0.344,423.713,,GIRTH_WELD,0,1079.6320000000014,0.0
20007.5,0.17375719893243516,0,0.344,417.618,,GIRTH_WELD,0,1119.7669999999998,0.0
20012.5,0.18365886232464126,0,0.344,417.618,,GIRTH_WELD,0,1119.7669999999998,0.0
20017.5,0.18365886232464126,0,0.344,417.618,,GIRTH_WELD,0,1119.7669999999998,0.0
20022.5,0.18365886232464126,0,0.344,417.618,,GIRTH_WELD,0,1119.7669999999998,0.0
20047.5,0.20004288921658245,0,0.344,411.512,,GIRTH_WELD,0,1159.7270000000026,0.0
20052.5,0.24047327693050424,0,0.344,411.512,,GIRTH_WELD,0,1159.7270000000026,0.0
20057.5,0.24047327693050424,0,0.344,411.512,,GIRTH_WELD,0,1159.7270000000026,0.0
20062.5,0.24047327693050424,0,0.344,411.512,,GIRTH_WELD,0,1159.7270000000026,0.0
20087.5,0.26128637178312614,0,0.344,404.461,,GIRTH_WELD,0,1199.9629999999997,0.0
20092.5,0.283171416892833,0,0.344,404.461,,GIRTH_WELD,0,1199.9629999999997,0.0
20097.5,0.283171416892833,0,0.344,404.461,,GIRTH_WELD,0,1199.9629999999997,0.0
20102.5,0.283171416892833,0,0.344,404.461,,GIRTH_WELD,0,1199.9629999999997,0.0
20127.5,0.17745181071912824,0,0.344,396.643,,GIRTH_WELD,3,1239.8880000000026,0.0
20132.5,0.16963772630493965,0,0.344,396.643,,GIRTH_WELD,3,1239.8880000000026,0.0
20137.5,0.16963772630493965,0,0.344,396.643,,GIRTH_WELD,3,1239.8880000000026,0.0
20142.5,0.16963772630493965,0,0.344,396.643,,GIRTH_WELD,3,1239.8880000000026,0.0
20167.5,0.14478652191712368,0,0.344,388.936,3:07,METAL_LOSS,3,1279.265000000003,0.8589999999967404
20172.5,0.15564727059500943,0,0.344,388.936,3:07,METAL_LOSS,3,1279.265000000003,0.8589999999967404
20177.5,0.15489691900348831,0,0.344,388.769,,GIRTH_WELD,3,1280.1239999999998,0.0
20182.5,0.15309491529528652,0,0.344,388.769,,GIRTH_WELD,3,1280.1239999999998,0.0
20212.5,0.1990876553348366,0,0.344,379.922,,GIRTH_WELD,3,1320.3010000000031,0.0
20217.5,0.1951749045477445,0,0.344,379.922,,GIRTH_WELD,3,1320.3010000000031,0.0
20222.5,0.1951749045477445,0,0.344,379.922,,GIRTH_WELD,3,1320.3010000000031,0.0
20227.5,0.24240503731451607,0,0.344,376.631,,FIELD_BEND,0,1332.0210000000006,11.719999999997526
20232.5,0.2769706244820927,0,0.344,376.631,,FIELD_BEND,0,1332.0210000000006,11.719999999997526
20237.5,0.2769706244820927,0,0.344,376.631,,FIELD_BEND,0,1332.0210000000006,11.719999999997526
20252.5,0.25853729604801284,0,0.344,368.151,,GIRTH_WELD,0,1360.6030000000028,0.0
20257.5,0.280314390271711,0,0.344,368.151,,GIRTH_WELD,0,1360.6030000000028,0.0
20262.5,0.2846647794658503,0,0.344,368.151,,GIRTH_WELD,0,1360.6030000000028,0.0
20267.5,0.2846647794658503,0,0.344,368.151,,GIRTH_WELD,0,1360.6030000000028,0.0
20292.5,0.1926575564468534,0,0.344,355.265,,GIRTH_WELD,0,1400.6160000000018,0.0
20297.5,0.23415708500749977,0,0.344,355.265,,GIRTH_WELD,0,1400.6160000000018,0.0
20302.5,0.23415708500749977,0,0.344,355.265,,GIRTH_WELD,0,1400.6160000000018,0.0
20307.5,0.23415708500749977,0,0.344,355.265,,GIRTH_WELD,0,1400.6160000000018,0.0
20332.5,0.2914865788164963,0,0.344,342.034,,GIRTH_WELD,0,1440.7770000000019,0.0
20337.5,0.3249033677198396,0,0.344,342.034,,GIRTH_WELD,0,1440.7770000000019,0.0
20342.5,0.3249033677198396,0,0.344,342.034,,GIRTH_WELD,0,1440.7770000000019,0.0
20347.5,0.3249033677198396,0,0.344,342.034,,GIRTH_WELD,0,1440.7770000000019,0.0
20372.5,0.26150730483968354,0,0.344,329.086,,GIRTH_WELD,4,1480.7540000000008,0.0
20377.5,0.25834104192047797,0,0.344,329.086,,GIRTH_WELD,4,1480.7540000000008,0.0
20382.5,0.25738348928455945,0,0.344,329.086,,GIRTH_WELD,4,1480.7540000000008,0.0
20387.5,0.25738348928455945,0,0.344,329.086,,GIRTH_WELD,4,1480.7540000000008,0.0
20407.5,0.40858379040257853,0,0.344,316.867,5:24,METAL_LOSS,4,1519.8060000000005,1.1749999999992724
20412.5,0.40922719782924405,0,0.344,316.867,5:24,METAL_LOSS,4,1519.8060000000005,1.1749999999992724
20417.5,0.4009764723277063,0,0.344,316.747,6:47,METAL_LOSS,4,1520.1900000000023,0.7909999999974389
20422.5,0.39546673262382165,0,0.344,316.5,,GIRTH_WELD,4,1520.9809999999998,0.0
20427.5,0.40275170270602845,0,0.344,316.5,,GIRTH_WELD,4,1520.9809999999998,0.0
20452.5,0.5182500113238523,1,0.344,303.986,,GIRTH_WELD,8,1561.1680000000015,0.0
20457.5,0.526935065717843,1,0.344,303.986,,GIRTH_WELD,8,1561.1680000000015,0.0
20462.5,0.531827909373432,1,0.344,303.986,,GIRTH_WELD,8,1561.1680000000015,0.0
20467.5,0.531827909373432,1,0.344,303.986,,GIRTH_WELD,8,1561.1680000000015,0.0
20487.5,0.4655491916298376,0,0.344,291.371,5:15,METAL_LOSS,3,1598.8220000000001,1.217000000000553
20492.5,0.48113570956866786,0,0.344,291.371,5:15,METAL_LOSS,3,1598.8220000000001,1.217000000000553
20497.5,0.4762318359311016,0,0.344,290.961,,GIRTH_WELD,3,1600.0390000000007,0.0
20502.5,0.4872525002086669,0,0.344,290.961,,GIRTH_WELD,3,1600.0390000000007,0.0
20527.5,0.5374363974677963,1,0.344,277.255,,GIRTH_WELD,8,1640.0190000000002,0.0
20532.5,0.5467553073829285,1,0.344,277.255,,GIRTH_WELD,8,1640.0190000000002,0.0
20537.5,0.5467553073829285,1,0.344,277.255,,GIRTH_WELD,8,1640.0190000000002,0.0
20542.5,0.5467553073829285,1,0.344,277.255,,GIRTH_WELD,8,1640.0190000000002,0.0
20567.5,0.4248529804386093,0,0.344,263.721,5:39,METAL_LOSS,4,1679.1500000000015,1.0629999999982829
20572.5,0.42851074442983256,0,0.344,263.721,5:39,METAL_LOSS,4,1679.1500000000015,1.0629999999982829
20577.5,0.4089490440331041,0,0.344,263.354,,GIRTH_WELD,4,1680.2129999999997,0.0
20582.5,0.42118399596178535,0,0.344,263.354,,GIRTH_WELD,4,1680.2129999999997,0.0
20587.5,0.4241486231531889,0,0.344,263.354,,GIRTH_WELD,4,1680.2129999999997,0.0
20612.5,0.41611868700467824,0,0.344,248.63,,GIRTH_WELD,4,1720.2360000000008,0.0
20617.5,0.41179910826140564,0,0.344,248.63,,GIRTH_WELD,4,1720.2360000000008,0.0
20622.5,0.4137479850253072,0,0.344,248.63,,GIRTH_WELD,4,1720.2360000000008,0.0
20627.5,0.4137479850253072,0,0.344,248.63,,GIRTH_WELD,4,1720.2360000000008,0.0
20652.5,0.39831576802784885,0,0.344,233.619,,GIRTH_WELD,0,1760.4590000000026,0.0
20657.5,0.39011748258691414,0,0.344,233.619,,GIRTH_WELD,0,1760.4590000000026,0.0
20662.5,0.38896728278850223,0,0.344,233.619,,GIRTH_WELD,0,1760.4590000000026,0.0
20667.5,0.3905501533755386,0,0.344,233.619,,GIRTH_WELD,0,1760.4590000000026,0.0
20692.5,0.1476773455678758,0,0.344,218.58,,GIRTH_WELD,3,1800.433000000001,0.0
20697.5,0.12448586038497643,0,0.344,218.58,,GIRTH_WELD,3,1800.433000000001,0.0
20702.5,0.12543451497036906,0,0.344,218.58,,GIRTH_WELD,3,1800.433000000001,0.0
20707.5,0.18951150997662297,0,0.344,211.469,6:03,METAL_LOSS,3,1819.5570000000007,19.123999999999796
20712.5,0.17809571680326916,0,0.344,211.469,6:03,METAL_LOSS,3,1819.5570000000007,19.123999999999796
20717.5,0.17809571680326916,0,0.344,211.469,6:03,METAL_LOSS,3,1819.5570000000007,19.123999999999796
20722.5,0.17809571680326916,0,0.344,211.469,6:03,METAL_LOSS,3,1819.5570000000007,19.123999999999796
20732.5,0.15771951313978275,0,0.344,203.644,,GIRTH_WELD,3,1840.6330000000016,0.0
20737.5,0.12697193352512068,0,0.344,203.644,,GIRTH_WELD,3,1840.6330000000016,0.0
20742.5,0.12697193352512068,0,0.344,203.644,,GIRTH_WELD,3,1840.6330000000016,0.0
20747.5,0.12697193352512068,0,0.344,203.644,,GIRTH_WELD,3,1840.6330000000016,0.0
20772.5,0.2674387090406689,0,0.344,189.103,,GIRTH_WELD,0,1880.6460000000006,0.0
20777.5,0.2804602012609968,0,0.344,189.103,,GIRTH_WELD,0,1880.6460000000006,0.0
20782.5,0.2804602012609968,0,0.344,189.103,,GIRTH_WELD,0,1880.6460000000006,0.0
20787.5,0.2835366218655819,0,0.344,189.103,,GIRTH_WELD,0,1880.6460000000006,0.0
20812.5,0.2917608122688125,0,0.344,175.754,,GIRTH_WELD,0,1920.8820000000014,0.0
20817.5,0.28667931161783167,0,0.344,175.754,,GIRTH_WELD,0,1920.8820000000014,0.0
20822.5,0.28805745282245876,0,0.344,175.754,,GIRTH_WELD,0,1920.8820000000014,0.0
20827.5,0.28642037544446963,0,0.344,175.754,,GIRTH_WELD,0,1920.8820000000014,0.0
20852.5,0.1557480547898275,0,0.344,163.839,,GIRTH_WELD,0,1960.908000000003,0.0
20857.5,0.1447263509664869,0,0.344,163.839,,GIRTH_WELD,0,1960.908000000003,0.0
20862.5,0.1434797867133087,0,0.344,163.839,,GIRTH_WELD,0,1960.908000000003,0.0
20867.5,0.13971617015557447,0,0.344,163.839,,GIRTH_WELD,0,1960.908000000003,0.0
20892.5,0.16436264114840912,0,0.344,157.228,,GIRTH_WELD,0,2001.1810000000005,0.0
20897.5,0.1522469566835008,0,0.344,157.228,,GIRTH_WELD,0,2001.1810000000005,0.0
20902.5,0.18138994782575169,0,0.344,156.619,11:27,UNKNOWN,0,2008.2970000000023,4.609000000000378
20907.5,0.1698564004888947,0,0.344,156.619,11:27,UNKNOWN,0,2008.2970000000023,4.609000000000378
20912.5,0.1759714262141731,0,0.344,156.399,,GIRTH_WELD,0,2012.9060000000027,0.0
20917.5,0.15102283155977433,0,0.344,156.399,,GIRTH_WELD,0,2012.9060000000027,0.0
20942.5,0.16740299412974383,0,0.344,154.62,,GIRTH_WELD,0,2053.1330000000016,0.0
20947.5,0.14071389805975656,0,0.344,154.62,,GIRTH_WELD,0,2053.1330000000016,0.0
20952.5,0.1389658620425891,0,0.344,154.62,,GIRTH_WELD,0,2053.1330000000016,0.0
20957.5,0.1389658620425891,0,0.344,154.62,,GIRTH_WELD,0,2053.1330000000016,0.0
20982.5,0.29471320614291013,0,0.344,153.207,,GIRTH_WELD,0,2093.2800000000025,0.0
20987.5,0.3030586415793193,0,0.344,153.207,,GIRTH_WELD,0,2093.2800000000025,0.0
20992.5,0.3030586415793193,0,0.344,153.207,,GIRTH_WELD,0,2093.2800000000025,0.0
20997.5,0.3030586415793193,0,0.344,153.207,,GIRTH_WELD,0,2093.2800000000025,0.0
21017.5,0.3751623421717514,0,0.344,151.88,,GIRTH_WELD,0,2126.7880000000005,0.0
21022.5,0.39261650027174505,0,0.344,151.88,,GIRTH_WELD,0,2126.7880000000005,0.0
21027.5,0.39261650027174505,0,0.344,151.88,,GIRTH_WELD,0,2126.7880000000005,0.0
21032.5,0.39261650027174505,0,0.344,151.88,,GIRTH_WELD,0,2126.7880000000005,0.0
21057.5,0.32489491136342563,0,0.344,150.345,,GIRTH_WELD,3,2166.8340000000026,0.0
21062.5,0.2869429628782367,0,0.344,150.345,,GIRTH_WELD,3,2166.8340000000026,0.0
21067.5,0.2869429628782367,0,0.344,150.345,,GIRTH_WELD,3,2166.8340000000026,0.0
21072.5,0.2869429628782367,0,0.344,150.345,,GIRTH_WELD,3,2166.8340000000026,0.0
21077.5,0.3092589628288778,0,0.344,149.5,10:47,UNKNOWN,3,2187.267,19.967000000000553
21082.5,0.2842259814339902,0,0.344,149.5,10:47,UNKNOWN,3,2187.267,19.967000000000553
21087.5,0.3072494098786756,0,0.344,149.395,10:44,UNKNOWN,3,2189.760000000002,17.47399999999834
21092.5,0.28229420959402696,0,0.344,149.395,10:44,UNKNOWN,3,2189.760000000002,17.47399999999834
21097.5,0.26976717721605303,0,0.344,148.698,6:21,METAL_LOSS,3,2206.433000000001,0.8009999999994761
21102.5,0.2435567142585431,0,0.344,148.698,6:21,METAL_LOSS,3,2206.433000000001,0.8009999999994761
21107.5,0.3235912216085759,0,0.344,148.664,,GIRTH_WELD,3,2207.2340000000004,0.0
21112.5,0.28213359764354473,0,0.344,148.664,,GIRTH_WELD,3,2207.2340000000004,0.0
21117.5,0.3358278730221167,0,0.344,147.555,,GIRTH_WELD,3,2228.228000000003,0.0
21122.5,0.2851072712591332,0,0.344,147.555,,GIRTH_WELD,3,2228.228000000003,0.0
21127.5,0.2851072712591332,0,0.344,147.555,,GIRTH_WELD,3,2228.228000000003,0.0
21132.5,0.2851072712591332,0,0.344,147.555,,GIRTH_WELD,3,2228.228000000003,0.0
21157.5,0.48628566715382376,0,0.344,145.863,,GIRTH_WELD,0,2268.4410000000025,0.0
21162.5,0.4845831072682696,0,0.344,145.863,,GIRTH_WELD,0,2268.4410000000025,0.0
21167.5,0.4845831072682696,0,0.344,145.863,,GIRTH_WELD,0,2268.4410000000025,0.0
21172.5,0.4845831072682696,0,0.344,145.863,,GIRTH_WELD,0,2268.4410000000025,0.0
21197.5,0.4141073878276023,0,0.344,144.916,,GIRTH_WELD,0,2308.5660000000025,0.0
21202.5,0.39833654011790015,0,0.344,144.916,,GIRTH_WELD,0,2308.5660000000025,0.0
21207.5,0.39833654011790015,0,0.344,144.916,,GIRTH_WELD,0,2308.5660000000025,0.0
21212.5,0.39833654011790015,0,0.344,144.916,,GIRTH_WELD,0,2308.5660000000025,0.0
21237.5,0.2071139456617463,0,0.344,144.194,,GIRTH_WELD,0,2348.622000000003,0.0
21242.5,0.18075877895660242,0,0.344,144.194,,GIRTH_WELD,0,2348.622000000003,0.0
21247.5,0.17859805350319402,0,0.344,144.194,,GIRTH_WELD,0,2348.622000000003,0.0
21252.5,0.17859805350319402,0,0.344,144.194,,GIRTH_WELD,0,2348.622000000003,0.0
21277.5,0.44107178843941497,0,0.344,143.175,,GIRTH_WELD,0,2388.871000000003,0.0
21282.5,0.42592845986614203,0,0.344,143.175,,GIRTH_WELD,0,2388.871000000003,0.0
21287.5,0.42592845986614203,0,0.344,143.175,,GIRTH_WELD,0,2388.871000000003,0.0
21292.5,0.42592845986614203,0,0.344,143.175,,GIRTH_WELD,0,2388.871000000003,0.0
21317.5,0.44782162773742185,0,0.344,141.844,,GIRTH_WELD,4,2428.7990000000027,0.0
21322.5,0.4336994750333033,0,0.344,141.844,,GIRTH_WELD,4,2428.7990000000027,0.0
21327.5,0.4336994750333033,0,0.344,141.844,,GIRTH_WELD,4,2428.7990000000027,0.0
21332.5,0.4336994750333033,0,0.344,141.844,,GIRTH_WELD,4,2428.7990000000027,0.0
21357.5,0.5699520376715624,1,0.344,140.816,,UNKNOWN,8,2468.1850000000013,35.76800000000003
21362.5,0.575822968354026,1,0.344,140.816,,UNKNOWN,8,2468.1850000000013,35.76800000000003
21367.5,0.5704186461215446,1,0.344,140.758,,UNKNOWN,8,2470.439000000002,33.513999999999214
21372.5,0.5762895768040082,1,0.344,140.758,,UNKNOWN,8,2470.439000000002,33.513999999999214
21377.5,0.5762895768040082,1,0.344,140.758,,UNKNOWN,8,2470.439000000002,33.513999999999214
21382.5,0.570396952314689,1,0.344,140.213,06:00,ATTACHMENT,8,2493.920000000002,10.032999999999447
21387.5,0.5773196157214787,1,0.344,140.213,06:00,ATTACHMENT,8,2493.920000000002,10.032999999999447
21392.5,0.5708631038808587,1,0.344,140.187,6:47,METAL_LOSS,8,2495.032000000003,8.920999999998457
21397.5,0.5617892705956541,1,0.344,140.114,12:00,ATTACHMENT,8,2498.1949999999997,5.75800000000163
21402.5,0.5573454054492273,1,0.344,139.981,,GIRTH_WELD,8,2503.9530000000013,0.0
21407.5,0.5590093467987355,1,0.344,139.888,,GIRTH_WELD,8,2507.9979999999996,0.0
21412.5,0.5562173468043552,1,0.344,139.888,,GIRTH_WELD,8,2507.9979999999996,0.0
21437.5,0.5806971317667956,1,0.344,139.204,,GIRTH_WELD,0,2545.839,0.0
21442.5,0.5559420492852366,1,0.344,139.204,,GIRTH_WELD,0,2545.839,0.0
21447.5,0.5559420492852366,1,0.344,139.204,,GIRTH_WELD,0,2545.839,0.0
21452.5,0.5559420492852366,1,0.344,139.204,,GIRTH_WELD,0,2545.839,0.0
21477.5,0.4340440690885444,0,0.344,139.275,,GIRTH_WELD,4,2586.9320000000007,0.0
21482.5,0.4219339681755978,0,0.344,139.275,,GIRTH_WELD,4,2586.9320000000007,0.0
21487.5,0.43637811839008755,0,0.344,139.283,,GIRTH_WELD,4,2589.3300000000017,0.0
21492.5,0.4510316825875069,0,0.344,139.292,12:00,ATTACHMENT,4,2592.8379999999997,3.507999999997992
21497.5,0.43000157050535726,0,0.344,139.292,12:00,ATTACHMENT,4,2592.8379999999997,3.507999999997992
21512.5,0.3662588625818479,0,0.344,139.348,,UNKNOWN,4,2625.1870000000017,35.85699999999997
21517.5,0.3511122297030045,0,0.344,139.348,,UNKNOWN,4,2625.1870000000017,35.85699999999997
21522.5,0.3511122297030045,0,0.344,139.348,,UNKNOWN,4,2625.1870000000017,35.85699999999997
21527.5,0.3821076638140964,0,0.344,139.357,5:22,METAL_LOSS,4,2630.157000000003,39.359999999996944
21532.5,0.37467512529170505,0,0.344,139.357,5:22,METAL_LOSS,4,2630.157000000003,39.359999999996944
21557.5,0.3345881434714575,0,0.344,139.407,,GIRTH_WELD,4,2669.517,0.0
21562.5,0.3186404191095459,0,0.344,139.407,,GIRTH_WELD,4,2669.517,0.0
21567.5,0.3186404191095459,0,0.344,139.407,,GIRTH_WELD,4,2669.517,0.0
21572.5,0.3186404191095459,0,0.344,139.407,,GIRTH_WELD,4,2669.517,0.0
21597.5,0.4797004501003284,0,0.344,139.851,,GIRTH_WELD,0,2709.629000000001,0.0
21602.5,0.48508607361969575,0,0.344,139.851,,GIRTH_WELD,0,2709.629000000001,0.0
21607.5,0.48508607361969575,0,0.344,139.851,,GIRTH_WELD,0,2709.629000000001,0.0
21612.5,0.48508607361969575,0,0.344,139.851,,GIRTH_WELD,0,2709.629000000001,0.0
21637.5,0.3037689384973609,0,0.344,140.377,,GIRTH_WELD,0,2749.5800000000017,0.0
21642.5,0.29559466576834703,0,0.344,140.377,,GIRTH_WELD,0,2749.5800000000017,0.0
21647.5,0.29559466576834703,0,0.344,140.377,,GIRTH_WELD,0,2749.5800000000017,0.0
21652.5,0.29559466576834703,0,0.344,140.377,,GIRTH_WELD,0,2749.5800000000017,0.0
21677.5,0.14292981611111868,0,0.344,140.626,,GIRTH_WELD,0,2789.7570000000014,0.0
21682.5,0.153159865093625,0,0.344,140.626,,GIRTH_WELD,0,2789.7570000000014,0.0
21687.5,0.153159865093625,0,0.344,140.626,,GIRTH_WELD,0,2789.7570000000014,0.0
21692.5,0.153159865093625,0,0.344,140.626,,GIRTH_WELD,0,2789.7570000000014,0.0
21717.5,0.14673290759761343,0,0.344,140.846,,GIRTH_WELD,0,2829.822,0.0
21722.5,0.1604360668874323,0,0.344,140.846,,GIRTH_WELD,0,2829.822,0.0
21727.5,0.1604360668874323,0,0.344,140.846,,GIRTH_WELD,0,2829.822,0.0
21732.5,0.1604360668874323,0,0.344,140.846,,GIRTH_WELD,0,2829.822,0.0
21757.5,0.27674778821561125,0,0.344,136.075,,GIRTH_WELD,0,2870.1049999999996,0.0
21762.5,0.24830616990334328,0,0.344,136.075,,GIRTH_WELD,0,2870.1049999999996,0.0
21767.5,0.24830616990334328,0,0.344,136.075,,GIRTH_WELD,0,2870.1049999999996,0.0
21772.5,0.24830616990334328,0,0.344,136.075,,GIRTH_WELD,0,2870.1049999999996,0.0
21782.5,0.3809403049135953,0,0.344,131.729,,FIELD_BEND,0,2890.367000000002,12.755999999997584
21787.5,0.37735231221855864,0,0.344,131.729,,FIELD_BEND,0,2890.367000000002,12.755999999997584
21792.5,0.385094060360337,0,0.344,131.729,,FIELD_BEND,0,2890.367000000002,12.755999999997584
21797.5,0.4318439870212037,0,0.344,128.837,,GIRTH_WELD,0,2903.1229999999996,0.0
21802.5,0.42228586645929056,0,0.344,128.837,,GIRTH_WELD,0,2903.1229999999996,0.0
21807.5,0.4736527596653123,0,0.344,126.382,,GIRTH_WELD,0,2912.854000000003,0.0
21812.5,0.4691135257426529,0,0.344,126.382,,GIRTH_WELD,0,2912.854000000003,0.0
21817.5,0.4691135257426529,0,0.344,126.382,,GIRTH_WELD,0,2912.854000000003,0.0
21842.5,0.4762898087829802,0,0.344,115.95,,GIRTH_WELD,0,2952.9360000000015,0.0
21847.5,0.4714805502879569,0,0.344,115.95,,GIRTH_WELD,0,2952.9360000000015,0.0
21852.5,0.4714805502879569,0,0.344,115.95,,GIRTH_WELD,0,2952.9360000000015,0.0
21857.5,0.4714805502879569,0,0.344,115.95,,GIRTH_WELD,0,2952.9360000000015,0.0
21882.5,0.5345597526136608,1,0.344,108.249,,GIRTH_WELD,7,2993.028000000002,0.0
21887.5,0.5400201154936115,1,0.344,108.249,,GIRTH_WELD,7,2993.028000000002,0.0
21892.5,0.5400201154936115,1,0.344,108.249,,GIRTH_WELD,7,2993.028000000002,0.0
21897.5,0.5618869348209303,1,0.344,107.82,4:32,METAL_LOSS,7,3003.1560000000027,10.128000000000611
21902.5,0.6019524428846572,1,0.344,107.831,6:55,METAL_LOSS,7,3005.278000000002,12.25
21907.5,0.5833421493362686,1,0.344,107.831,6:55,METAL_LOSS,7,3005.278000000002,12.25
21912.5,0.5833421493362686,1,0.344,107.831,6:55,METAL_LOSS,7,3005.278000000002,12.25
21922.5,0.650526214450472,1,0.344,107.971,5:03,METAL_LOSS,7,3032.129000000001,39.10099999999875
21927.5,0.6427097193330692,1,0.344,107.971,5:03,METAL_LOSS,7,3032.129000000001,39.10099999999875
21932.5,0.6513100025763048,1,0.344,107.981,7:26,METAL_LOSS,7,3034.015000000003,39.31499999999869
21937.5,0.6453602362890806,1,0.344,107.981,7:26,METAL_LOSS,7,3034.015000000003,39.31499999999869
21962.5,0.6169254051184874,1,0.344,113.785,,GIRTH_WELD,7,3073.3300000000017,0.0
21967.5,0.6134292519066716,1,0.344,113.785,,GIRTH_WELD,7,3073.3300000000017,0.0
21972.5,0.6134292519066716,1,0.344,113.785,,GIRTH_WELD,7,3073.3300000000017,0.0
21977.5,0.6217142456603111,1,0.344,114.537,,FIELD_BEND,7,3081.607,8.276999999998225
21982.5,0.6199277129432864,1,0.344,114.537,,FIELD_BEND,7,3081.607,8.276999999998225
21987.5,0.6199277129432864,1,0.344,114.537,,FIELD_BEND,7,3081.607,8.276999999998225
22002.5,0.5607477040099159,1,0.344,116.572,,GIRTH_WELD,3,3113.720000000001,0.0
22007.5,0.5325983482966137,1,0.344,116.572,,GIRTH_WELD,3,3113.720000000001,0.0
22012.5,0.5533438820133545,1,0.344,116.592,4:53,METAL_LOSS,3,3114.0420000000013,0.3220000000001164
22017.5,0.5386169554932091,1,0.344,116.592,4:53,METAL_LOSS,3,3114.0420000000013,0.3220000000001164
22042.5,0.6071499530526812,1,0.344,116.477,,GIRTH_WELD,7,3153.756000000001,0.0
22047.5,0.6122815460822985,1,0.344,116.477,,GIRTH_WELD,7,3153.756000000001,0.0
22052.5,0.6122815460822985,1,0.344,116.477,,GIRTH_WELD,7,3153.756000000001,0.0
22057.5,0.6122815460822985,1,0.344,116.477,,GIRTH_WELD,7,3153.756000000001,0.0
22082.5,0.6872636696083159,1,0.344,116.121,11:33,METAL_LOSS,7,3192.0800000000017,38.324000000000524
22087.5,0.6932531512934694,1,0.344,116.121,11:33,METAL_LOSS,7,3192.0800000000017,38.324000000000524
22092.5,0.6746089428824733,1,0.344,116.097,6:30,METAL_LOSS,7,3194.6490000000013,39.33399999999892
22097.5,0.6865482130836879,1,0.344,116.086,11:32,METAL_LOSS,7,3195.777000000002,38.20599999999831
22102.5,0.6965588921492284,1,0.344,116.1,6:06,METAL_LOSS,7,3212.831000000002,21.151999999998225
22107.5,0.6949117415923409,1,0.344,116.1,6:06,METAL_LOSS,7,3212.831000000002,21.151999999998225
22112.5,0.6949117415923409,1,0.344,116.1,6:06,METAL_LOSS,7,3212.831000000002,21.151999999998225
22117.5,0.6949117415923409,1,0.344,116.1,6:06,METAL_LOSS,7,3212.831000000002,21.151999999998225
22122.5,0.7575985043827235,1,0.344,116.127,,GIRTH_WELD,11,3233.983,0.0
22127.5,0.7592671515631033,1,0.344,116.127,,GIRTH_WELD,11,3233.983,0.0
22132.5,0.7592671515631033,1,0.344,116.127,,GIRTH_WELD,11,3233.983,0.0
22137.5,0.7592671515631033,1,0.344,116.127,,GIRTH_WELD,11,3233.983,0.0
22162.5,0.5351348365465226,1,0.344,116.139,,UNKNOWN,3,3272.3520000000026,1.8629999999975553
22167.5,0.5356797237659333,1,0.344,116.139,,UNKNOWN,3,3272.3520000000026,1.8629999999975553
22172.5,0.5380174995050794,1,0.344,116.139,,GIRTH_WELD,3,3274.215,0.0
22177.5,0.5380174995050794,1,0.344,116.139,,GIRTH_WELD,3,3274.215,0.0
22202.5,0.5347037105645289,1,0.344,116.44,,GIRTH_WELD,7,3314.2119999999995,0.0
22207.5,0.53300813907514,1,0.344,116.44,,GIRTH_WELD,7,3314.2119999999995,0.0
22212.5,0.53300813907514,1,0.344,116.44,,GIRTH_WELD,7,3314.2119999999995,0.0
22217.5,0.53300813907514,1,0.344,116.44,,GIRTH_WELD,7,3314.2119999999995,0.0
22242.5,0.39957383940925234,0,0.344,116.286,5:18,METAL_LOSS,3,3353.487000000001,0.9880000000011933
22247.5,0.401216971158758,0,0.344,116.286,5:18,METAL_LOSS,3,3353.487000000001,0.9880000000011933
22252.5,0.4000856635200518,0,0.344,116.282,,GIRTH_WELD,3,3354.475000000002,0.0
22257.5,0.40577837908979475,0,0.344,116.282,,GIRTH_WELD,3,3354.475000000002,0.0
22282.5,0.25596330855120303,0,0.344,116.026,,GIRTH_WELD,3,3394.3960000000006,0.0
22287.5,0.26949869151754247,0,0.344,116.026,,GIRTH_WELD,3,3394.3960000000006,0.0
22292.5,0.26949869151754247,0,0.344,116.026,,GIRTH_WELD,3,3394.3960000000006,0.0
22297.5,0.26949869151754247,0,0.344,116.026,,GIRTH_WELD,3,3394.3960000000006,0.0
22322.5,0.3367334052970641,0,0.344,115.222,,GIRTH_WELD,0,3434.5830000000024,0.0
22327.5,0.3690163793017474,0,0.344,115.222,,GIRTH_WELD,0,3434.5830000000024,0.0
22332.5,0.3690163793017474,0,0.344,115.222,,GIRTH_WELD,0,3434.5830000000024,0.0
22337.5,0.3690163793017474,0,0.344,115.222,,GIRTH_WELD,0,3434.5830000000024,0.0
22362.5,0.3330460199277321,0,0.344,114.504,,GIRTH_WELD,0,3474.563000000002,0.0
22367.5,0.36340050470622187,0,0.344,114.504,,GIRTH_WELD,0,3474.563000000002,0.0
22372.5,0.36340050470622187,0,0.344,114.504,,GIRTH_WELD,0,3474.563000000002,0.0
22377.5,0.36340050470622187,0,0.344,114.504,,GIRTH_WELD,0,3474.563000000002,0.0
22402.5,0.386267137503419,0,0.344,113.738,,GIRTH_WELD,0,3514.7700000000004,0.0
22407.5,0.40918987399523615,0,0.344,113.738,,GIRTH_WELD,0,3514.7700000000004,0.0
22412.5,0.40918987399523615,0,0.344,113.738,,GIRTH_WELD,0,3514.7700000000004,0.0
22417.5,0.38897412149316657,0,0.344,113.521,9:27,UNKNOWN,2,3514.5960000000014,7.218000000000757
22422.5,0.39546195812803914,0,0.344,113.521,9:27,UNKNOWN,2,3514.5960000000014,7.218000000000757
22427.5,0.39546195812803914,0,0.344,113.521,9:27,UNKNOWN,2,3514.5960000000014,7.218000000000757
22442.5,0.6545330792987016,1,0.344,112.349,,GIRTH_WELD,9,3481.8009999999995,0.0
22447.5,0.685602235181937,1,0.344,112.349,,GIRTH_WELD,9,3481.8009999999995,0.0
22452.5,0.685602235181937,1,0.344,112.349,,GIRTH_WELD,9,3481.8009999999995,0.0
22457.5,0.6640874163037386,1,0.344,112.044,3:58,METAL_LOSS,9,3473.428,8.372999999999593
22462.5,0.6676763516560399,1,0.344,111.919,3:56,METAL_LOSS,9,3470.0329999999994,11.768000000000029
22467.5,0.6956029040699317,1,0.344,111.919,3:56,METAL_LOSS,9,3470.0329999999994,11.768000000000029
22472.5,0.8004554517654521,1,0.344,111.562,4:03,METAL_LOSS,9,3460.3379999999997,18.75
22477.5,0.7964731619066737,1,0.344,111.377,3:59,METAL_LOSS,9,3455.3280000000013,13.7400000000016
22482.5,0.7930658984930545,1,0.344,111.286,3:56,METAL_LOSS,9,3452.8340000000026,11.246000000002823
22487.5,0.7943253243215428,1,0.344,111.052,3:55,METAL_LOSS,9,3446.486000000001,4.898000000001048
22492.5,0.7881869700548502,1,0.344,110.872,,GIRTH_WELD,9,3441.5879999999997,0.0
22497.5,0.7830911206673932,1,0.344,110.84,5:11,METAL_LOSS,9,3440.7180000000008,0.8699999999989814
22502.5,0.8077759945635633,1,0.344,110.84,5:11,METAL_LOSS,9,3440.7180000000008,0.8699999999989814
22522.5,0.6953824005817206,1,0.344,108.867,,GIRTH_WELD,8,3401.5650000000023,0.0
22527.5,0.7087887810094212,1,0.344,108.867,,GIRTH_WELD,8,3401.5650000000023,0.0
22532.5,0.7087887810094212,1,0.344,108.867,,GIRTH_WELD,8,3401.5650000000023,0.0
22537.5,0.7087887810094212,1,0.344,108.867,,GIRTH_WELD,8,3401.5650000000023,0.0
22562.5,0.466476279919706,0,0.344,106.989,5:05,METAL_LOSS,4,3362.385000000002,1.037000000000262
22567.5,0.49126804591941925,0,0.344,106.989,5:05,METAL_LOSS,4,3362.385000000002,1.037000000000262
22572.5,0.46822333291574386,0,0.344,106.939,,GIRTH_WELD,4,3361.348000000002,0.0
22577.5,0.4961754926309505,0,0.344,106.939,,GIRTH_WELD,4,3361.348000000002,0.0
22582.5,0.4961754926309505,0,0.344,106.939,,GIRTH_WELD,4,3361.348000000002,0.0
22602.5,0.33730624423151345,0,0.344,105.264,,GIRTH_WELD,4,3321.4660000000003,0.0
22607.5,0.35407411562056673,0,0.344,105.264,,GIRTH_WELD,4,3321.4660000000003,0.0
22612.5,0.35407411562056673,0,0.344,105.264,,GIRTH_WELD,4,3321.4660000000003,0.0
22617.5,0.35407411562056673,0,0.344,105.264,,GIRTH_WELD,4,3321.4660000000003,0.0
22647.5,0.4213858106064151,0,0.344,103.969,,GIRTH_WELD,0,3281.243000000002,0.0
22652.5,0.44007374362063845,0,0.344,103.969,,GIRTH_WELD,0,3281.243000000002,0.0
22657.5,0.44007374362063845,0,0.344,103.969,,GIRTH_WELD,0,3281.243000000002,0.0
22662.5,0.4164483003836023,0,0.344,103.464,,GIRTH_WELD,0,3264.268,0.0
22667.5,0.4326631514385085,0,0.344,103.464,,GIRTH_WELD,0,3264.268,0.0
22672.5,0.4326631514385085,0,0.344,103.464,,GIRTH_WELD,0,3264.268,0.0
22677.5,0.4326631514385085,0,0.344,103.464,,GIRTH_WELD,0,3264.268,0.0
22702.5,0.3968974477476601,0,0.344,101.139,,GIRTH_WELD,2,3224.009000000002,0.0
22707.5,0.4184983259617831,0,0.344,101.139,,GIRTH_WELD,2,3224.009000000002,0.0
22712.5,0.4184983259617831,0,0.344,101.139,,GIRTH_WELD,2,3224.009000000002,0.0
22717.5,0.4184983259617831,0,0.344,101.139,,GIRTH_WELD,2,3224.009000000002,0.0
22732.5,0.39487827777954443,0,0.344,99.84,2:50,METAL_LOSS_MFG,6,3193.3990000000013,9.497999999999593
22737.5,0.4303065401038091,0,0.344,99.84,2:50,METAL_LOSS_MFG,6,3193.3990000000013,9.497999999999593
22742.5,0.386633488944455,0,0.344,99.824,6:09,METAL_LOSS_MFG,6,3193.0120000000024,9.111000000000786
22747.5,0.38581541452333534,0,0.344,99.452,,GIRTH_WELD,6,3183.9010000000017,0.0
22752.5,0.3944274329291104,0,0.344,99.452,,GIRTH_WELD,6,3183.9010000000017,0.0
22757.5,0.3944274329291104,0,0.344,99.452,,GIRTH_WELD,6,3183.9010000000017,0.0
22782.5,0.4898980835204305,0,0.344,98.059,10:05,METAL_LOSS,6,3145.108,1.4269999999996799
22787.5,0.5117783327524364,1,0.344,98.059,10:05,METAL_LOSS,6,3145.108,1.4269999999996799
22792.5,0.4939651652627731,0,0.344,98.009,,GIRTH_WELD,6,3143.6810000000005,0.0
22797.5,0.5199671185633283,1,0.344,98.009,,GIRTH_WELD,6,3143.6810000000005,0.0
22822.5,0.6086965218882243,1,0.344,96.354,,GIRTH_WELD,7,3103.6020000000026,0.0
22827.5,0.6293459231152474,1,0.344,96.354,,GIRTH_WELD,7,3103.6020000000026,0.0
22832.5,0.6293459231152474,1,0.344,96.354,,GIRTH_WELD,7,3103.6020000000026,0.0
22837.5,0.6293459231152474,1,0.344,96.354,,GIRTH_WELD,7,3103.6020000000026,0.0
22862.5,0.3981803281878702,0,0.344,95.181,,GIRTH_WELD,3,3063.527000000002,0.0
22867.5,0.41061419585668324,0,0.344,95.181,,GIRTH_WELD,3,3063.527000000002,0.0
22872.5,0.3926057443759383,0,0.344,95.157,5:25,METAL_LOSS,3,3062.693000000003,0.8339999999989232
22877.5,0.4031009547153039,0,0.344,95.157,5:25,METAL_LOSS,3,3062.693000000003,0.8339999999989232
22902.5,0.27160316357337044,0,0.344,93.938,,GIRTH_WELD,3,3023.497000000003,0.0
22907.5,0.268864726994679,0,0.344,93.938,,GIRTH_WELD,3,3023.497000000003,0.0
22912.5,0.268864726994679,0,0.344,93.938,,GIRTH_WELD,3,3023.497000000003,0.0
22917.5,0.268864726994679,0,0.344,93.938,,GIRTH_WELD,3,3023.497000000003,0.0
22942.5,0.431839852903072,0,0.344,92.8,,GIRTH_WELD,0,2983.300000000003,0.0
22947.5,0.4468237354733099,0,0.344,92.8,,GIRTH_WELD,0,2983.300000000003,0.0
22952.5,0.4468237354733099,0,0.344,92.8,,GIRTH_WELD,0,2983.300000000003,0.0
22957.5,0.4468237354733099,0,0.344,92.8,,GIRTH_WELD,0,2983.300000000003,0.0
22982.5,0.49143794594341533,0,0.344,90.48,,GIRTH_WELD,3,2943.2970000000023,0.0
22987.5,0.4972253338781672,0,0.344,90.48,,GIRTH_WELD,3,2943.2970000000023,0.0
22992.5,0.4972253338781672,0,0.344,90.48,,GIRTH_WELD,3,2943.2970000000023,0.0
22997.5,0.4972253338781672,0,0.344,90.48,,GIRTH_WELD,3,2943.2970000000023,0.0
23022.5,0.6751278231195463,1,0.344,84.824,,GIRTH_WELD,8,2903.130000000001,0.0
23027.5,0.6980717422024835,1,0.344,84.824,,GIRTH_WELD,8,2903.130000000001,0.0
23032.5,0.6654156557846548,1,0.344,84.689,6:30,METAL_LOSS,8,2902.201000000001,0.9290000000000873
23037.5,0.677942152541026,1,0.344,84.689,6:30,METAL_LOSS,8,2902.201000000001,0.9290000000000873
23057.5,0.803970275534394,1,0.344,78.949,6:34,METAL_LOSS,16,2868.625,5.694999999999709
23062.5,0.8328018139765403,1,0.344,78.949,6:34,METAL_LOSS,16,2868.625,5.694999999999709
23067.5,0.8019746181933507,1,0.344,78.648,5:59,METAL_LOSS,16,2866.8700000000026,3.9400000000023283
23072.5,0.8128028279995848,1,0.344,77.969,,GIRTH_WELD,16,2862.9300000000003,0.0
23077.5,0.8186397759674687,1,0.344,77.769,4:29,METAL_LOSS,16,2856.653000000002,6.276999999998225
23082.5,0.845579167821364,1,0.344,78.108,4:05,METAL_LOSS,12,2851.050000000003,11.87999999999738
23087.5,0.8508329720068191,1,0.344,78.452,7:53,METAL_LOSS,12,2845.3510000000024,17.578999999997905
23092.5,0.8586621989538389,1,0.344,78.689,7:54,METAL_LOSS,12,2841.4269999999997,18.854999999999563
23097.5,0.8376324431078865,1,0.344,79.059,5:08,METAL_LOSS,12,2835.3110000000015,12.739000000001397
23102.5,0.8378066542926984,1,0.344,79.305,5:56,METAL_LOSS,12,2831.2400000000016,8.668000000001484
23107.5,0.8323501944804255,1,0.344,79.829,,GIRTH_WELD,12,2822.572,0.0
23112.5,0.8201426191717621,1,0.344,79.873,5:40,METAL_LOSS,12,2821.857,0.7150000000001455
23117.5,0.8265096020817445,1,0.344,79.873,5:40,METAL_LOSS,12,2821.857,0.7150000000001455
23137.5,0.7291293124741365,1,0.344,85.155,,FIELD_BEND,8,2788.487000000001,5.960999999999331
23142.5,0.7232344941309262,1,0.344,85.155,,FIELD_BEND,8,2788.487000000001,5.960999999999331
23147.5,0.7232344941309262,1,0.344,85.155,,FIELD_BEND,8,2788.487000000001,5.960999999999331
23152.5,0.708457020723375,1,0.344,86.132,,GIRTH_WELD,7,2782.5260000000017,0.0
23157.5,0.5862766511714382,1,0.344,87.004,,FIELD_BEND,3,2770.9540000000015,11.572000000000116
23162.5,0.5742295566996602,1,0.344,87.004,,FIELD_BEND,3,2770.9540000000015,11.572000000000116
23167.5,0.5742295566996602,1,0.344,87.004,,FIELD_BEND,3,2770.9540000000015,11.572000000000116
23172.5,0.5742295566996602,1,0.344,87.004,,FIELD_BEND,3,2770.9540000000015,11.572000000000116
23182.5,0.7035259566959757,1,0.344,88.421,6:27,METAL_LOSS,7,2743.1990000000005,39.327000000001135
23187.5,0.7081519276602505,1,0.344,88.421,6:27,METAL_LOSS,7,2743.1990000000005,39.327000000001135
23192.5,0.7123360476590741,1,0.344,88.508,5:47,METAL_LOSS,8,2741.483,39.27499999999782
23197.5,0.7174210217575113,1,0.344,88.508,5:47,METAL_LOSS,8,2741.483,39.27499999999782
23222.5,0.8363503592736944,1,0.344,89.791,,GIRTH_WELD,15,2702.2080000000024,0.0
23227.5,0.8388688319034198,1,0.344,89.791,,GIRTH_WELD,15,2702.2080000000024,0.0
23232.5,0.8353695698689126,1,0.344,89.831,1:34,METAL_LOSS,15,2700.925000000003,1.282999999999447
23237.5,0.8419283183450839,1,0.344,90.068,1:31,METAL_LOSS,15,2695.9120000000003,6.2960000000020955
23242.5,0.8487172461576975,1,0.344,90.25,1:40,METAL_LOSS,13,2692.4180000000015,9.790000000000873
23247.5,0.8433606510606814,1,0.344,90.652,1:29,METAL_LOSS,11,2684.7040000000015,17.504000000000815
23252.5,0.8433606510606814,1,0.344,90.828,1:29,METAL_LOSS,11,2681.3150000000023,19.242000000002008
23257.5,0.8380742090889755,1,0.344,91.174,1:34,METAL_LOSS,11,2674.678,12.604999999999563
23262.5,0.8358393522621402,1,0.344,91.314,1:43,METAL_LOSS,11,2671.978000000003,9.905000000002474
23267.5,0.8307587960307156,1,0.344,91.527,1:36,METAL_LOSS,11,2667.8899999999994,5.816999999999098
23272.5,0.834624846283592,1,0.344,91.83,,GIRTH_WELD,11,2662.0730000000003,0.0
23277.5,0.8340420018840428,1,0.344,91.83,,GIRTH_WELD,11,2662.0730000000003,0.0
23292.5,0.5661158293446166,1,0.344,93.27,,GIRTH_WELD,5,2634.452000000001,0.0
23297.5,0.5439616574298287,1,0.344,93.27,,GIRTH_WELD,5,2634.452000000001,0.0
23302.5,0.5439616574298287,1,0.344,93.27,,GIRTH_WELD,5,2634.452000000001,0.0
23307.5,0.5439616574298287,1,0.344,93.27,,GIRTH_WELD,5,2634.452000000001,0.0
23332.5,0.4396087992782826,0,0.344,95.153,,GIRTH_WELD,0,2594.5240000000013,0.0
23337.5,0.43347100630048885,0,0.344,95.153,,GIRTH_WELD,0,2594.5240000000013,0.0
23342.5,0.43347100630048885,0,0.344,95.153,,GIRTH_WELD,0,2594.5240000000013,0.0
23347.5,0.43347100630048885,0,0.344,95.153,,GIRTH_WELD,0,2594.5240000000013,0.0
23372.5,0.3699075491780102,0,0.344,96.621,,GIRTH_WELD,0,2554.3990000000013,0.0
23377.5,0.3811702352020568,0,0.344,96.621,,GIRTH_WELD,0,2554.3990000000013,0.0
23382.5,0.3811702352020568,0,0.344,96.621,,GIRTH_WELD,0,2554.3990000000013,0.0
23387.5,0.3811702352020568,0,0.344,96.621,,GIRTH_WELD,0,2554.3990000000013,0.0
23412.5,0.3302392116239096,0,0.344,97.751,,GIRTH_WELD,1,2514.3470000000016,0.0
23417.5,0.3376243727607395,0,0.344,97.751,,GIRTH_WELD,1,2514.3470000000016,0.0
23422.5,0.3376243727607395,0,0.344,97.751,,GIRTH_WELD,1,2514.3470000000016,0.0
23427.5,0.3376243727607395,0,0.344,97.751,,GIRTH_WELD,1,2514.3470000000016,0.0
23452.5,0.3000587661281287,0,0.344,98.026,,GIRTH_WELD,1,2474.0910000000003,0.0
23457.5,0.2840147584271752,0,0.344,98.026,,GIRTH_WELD,1,2474.0910000000003,0.0
23462.5,0.2840147584271752,0,0.344,98.026,,GIRTH_WELD,1,2474.0910000000003,0.0
23467.5,0.2744808038687838,0,0.344,98.08,7:17,METAL_LOSS,1,2467.264000000003,6.826999999997497
23472.5,0.26064309695855886,0,0.344,98.08,7:17,METAL_LOSS,1,2467.264000000003,6.826999999997497
23492.5,0.30432230259098814,0,0.344,98.387,,GIRTH_WELD,1,2434.2710000000006,0.0
23497.5,0.30033007067540235,0,0.344,98.387,,GIRTH_WELD,1,2434.2710000000006,0.0
23502.5,0.30033007067540235,0,0.344,98.387,,GIRTH_WELD,1,2434.2710000000006,0.0
23507.5,0.309162820181955,0,0.344,98.247,,FIELD_BEND,1,2422.411,11.860000000000582
23512.5,0.32326536862185984,0,0.344,98.247,,FIELD_BEND,1,2422.411,11.860000000000582
23517.5,0.32326536862185984,0,0.344,98.247,,FIELD_BEND,1,2422.411,11.860000000000582
23532.5,0.3504261137657657,0,0.344,97.753,,GIRTH_WELD,0,2394.117000000002,0.0
23537.5,0.38175642218205397,0,0.344,97.753,,GIRTH_WELD,0,2394.117000000002,0.0
23542.5,0.38175642218205397,0,0.344,97.753,,GIRTH_WELD,0,2394.117000000002,0.0
23547.5,0.38175642218205397,0,0.344,97.753,,GIRTH_WELD,0,2394.117000000002,0.0
23572.5,0.3381402590345598,0,0.344,96.407,,GIRTH_WELD,0,2354.1860000000015,0.0
23577.5,0.3499489487303262,0,0.344,96.407,,GIRTH_WELD,0,2354.1860000000015,0.0
23582.5,0.3499489487303262,0,0.344,96.407,,GIRTH_WELD,0,2354.1860000000015,0.0
23587.5,0.3499489487303262,0,0.344,96.407,,GIRTH_WELD,0,2354.1860000000015,0.0
23592.5,0.3081761199850375,0,0.344,95.836,9:48,UNKNOWN,0,2337.5190000000002,16.66700000000128
23597.5,0.3111424373260139,0,0.344,95.786,9:49,UNKNOWN,0,2336.0560000000005,18.13000000000102
23602.5,0.34476966178887386,0,0.344,95.709,9:48,UNKNOWN,0,2333.8250000000007,19.72099999999773
23607.5,0.3333405693923466,0,0.344,95.507,9:53,UNKNOWN,0,2327.8870000000024,13.782999999999447
23612.5,0.3613370720093465,0,0.344,95.507,9:53,UNKNOWN,0,2327.8870000000024,13.782999999999447
23617.5,0.379475393302944,0,0.344,95.035,,GIRTH_WELD,0,2314.104000000003,0.0
23622.5,0.40633438533543936,0,0.344,95.035,,GIRTH_WELD,0,2314.104000000003,0.0
23627.5,0.40633438533543936,0,0.344,95.035,,GIRTH_WELD,0,2314.104000000003,0.0
23632.5,0.36276829608023603,0,0.344,94.502,12:21,UNKNOWN,0,2298.3170000000027,15.787000000000262
23637.5,0.36763132739464893,0,0.344,94.444,12:08,UNKNOWN,0,2296.598000000002,17.506000000001222
23642.5,0.3949556420061128,0,0.344,94.444,12:08,UNKNOWN,0,2296.598000000002,17.506000000001222
23652.5,0.41148386826431294,0,0.344,93.684,,GIRTH_WELD,3,2274.068000000003,0.0
23657.5,0.42005729618699045,0,0.344,93.684,,GIRTH_WELD,3,2274.068000000003,0.0
23662.5,0.42005729618699045,0,0.344,93.684,,GIRTH_WELD,3,2274.068000000003,0.0
23667.5,0.42005729618699045,0,0.344,93.684,,GIRTH_WELD,3,2274.068000000003,0.0
23692.5,0.5549685616081699,1,0.344,92.212,,GIRTH_WELD,6,2234.143,0.0
23697.5,0.5852142141664702,1,0.344,92.212,,GIRTH_WELD,6,2234.143,0.0
23702.5,0.5600281483851147,1,0.344,92.191,4:43,METAL_LOSS,6,2233.5560000000005,0.5869999999995343
23707.5,0.5909974755635777,1,0.344,92.191,4:43,METAL_LOSS,6,2233.5560000000005,0.5869999999995343
23722.5,0.7498990594677402,1,0.344,91.544,12:55,METAL_LOSS,11,2206.309000000001,12.194999999999709
23727.5,0.7818340736351224,1,0.344,91.544,12:55,METAL_LOSS,11,2206.309000000001,12.194999999999709
23732.5,0.7489578667374519,1,0.344,91.491,11:34,METAL_LOSS,11,2204.0020000000004,9.88799999999901
23737.5,0.7456623830973571,1,0.344,91.267,,GIRTH_WELD,11,2194.1140000000014,0.0
23742.5,0.7516887505540586,1,0.344,91.258,3:49,UNKNOWN,11,2193.7299999999996,0.38400000000183354
23747.5,0.7802203178947015,1,0.344,91.258,3:49,UNKNOWN,11,2193.7299999999996,0.38400000000183354
23757.5,0.6819101627414977,1,0.344,90.964,,UNKNOWN,7,2167.9590000000026,26.154999999998836
23762.5,0.7032593764756556,1,0.344,90.964,,UNKNOWN,7,2167.9590000000026,26.154999999998836
23767.5,0.682662373331498,1,0.344,90.948,,UNKNOWN,7,2166.4629999999997,27.65100000000166
23772.5,0.679136536055313,1,0.344,90.934,,UNKNOWN,7,2165.1510000000017,28.962999999999738
23777.5,0.7004857497894708,1,0.344,90.934,,UNKNOWN,7,2165.1510000000017,28.962999999999738
23802.5,0.5150718661155893,1,0.344,90.376,,GIRTH_WELD,4,2126.3019999999997,0.0
23807.5,0.5493640055185123,1,0.344,90.376,,GIRTH_WELD,4,2126.3019999999997,0.0
23812.5,0.5493640055185123,1,0.344,90.376,,GIRTH_WELD,4,2126.3019999999997,0.0
23817.5,0.5493640055185123,1,0.344,90.376,,GIRTH_WELD,4,2126.3019999999997,0.0
23837.5,0.5232345728710681,1,0.344,90.295,,UNKNOWN,0,2087.9300000000003,1.830999999998312
23842.5,0.5271617732920607,1,0.344,90.295,,UNKNOWN,0,2087.9300000000003,1.830999999998312
23847.5,0.5656378707598643,1,0.344,90.293,,GIRTH_WELD,0,2086.099000000002,0.0
23852.5,0.5508379971227668,1,0.344,90.292,,UNKNOWN,0,2085.4230000000025,0.6759999999994761
23857.5,0.5548337290747622,1,0.344,90.292,,UNKNOWN,0,2085.4230000000025,0.6759999999994761
23882.5,0.5563460782765354,1,0.344,90.159,,GIRTH_WELD,2,2046.0820000000022,0.0
23887.5,0.5707656386189479,1,0.344,90.159,,GIRTH_WELD,2,2046.0820000000022,0.0
23892.5,0.5411782340321337,1,0.344,90.147,1:49,UNKNOWN,2,2041.023000000001,5.059000000001106
23897.5,0.6084627311591785,1,0.344,90.143,1:44,UNKNOWN,5,2037.9619999999995,8.12000000000262
23902.5,0.6092600576797198,1,0.344,90.143,1:44,UNKNOWN,5,2037.9619999999995,8.12000000000262
23922.5,0.8309620949970882,1,0.344,90.103,,GIRTH_WELD,11,2005.9220000000023,0.0
23927.5,0.8346501237484816,1,0.344,90.103,,GIRTH_WELD,11,2005.9220000000023,0.0
23932.5,0.8337455840111937,1,0.344,90.102,10:38,METAL_LOSS,11,2005.0689999999995,0.853000000002794
23937.5,0.8218013823936594,1,0.344,89.953,5:55,METAL_LOSS,11,1988.3430000000008,17.579000000001543
23942.5,0.837640585834217,1,0.344,89.953,5:55,METAL_LOSS,11,1988.3430000000008,17.579000000001543
23947.5,0.837640585834217,1,0.344,89.953,5:55,METAL_LOSS,11,1988.3430000000008,17.579000000001543
23952.5,0.8172723030051213,1,0.344,89.89,5:47,METAL_LOSS,11,1981.8899999999994,15.912999999996828
23957.5,0.8331115064456789,1,0.344,89.89,5:47,METAL_LOSS,11,1981.8899999999994,15.912999999996828
23962.5,0.8420325393513522,1,0.344,89.734,,GIRTH_WELD,16,1965.9770000000026,0.0
23967.5,0.8564837663539068,1,0.344,89.734,,GIRTH_WELD,16,1965.9770000000026,0.0
23972.5,0.849154565111013,1,0.344,89.885,6:46,METAL_LOSS,16,1957.3690000000024,8.608000000000175
23977.5,0.8455325319763242,1,0.344,89.916,5:39,METAL_LOSS,16,1956.2920000000013,9.68500000000131
23982.5,0.8484864135066362,1,0.344,89.916,5:39,METAL_LOSS,16,1956.2920000000013,9.68500000000131
23987.5,0.8484864135066362,1,0.344,89.916,5:39,METAL_LOSS,16,1956.2920000000013,9.68500000000131
23997.5,0.7464687922097465,1,0.344,90.758,3:03,METAL_LOSS,8,1926.8009999999995,39.176000000003114
24002.5,0.7408640471426842,1,0.344,90.758,3:03,METAL_LOSS,8,1926.8009999999995,39.176000000003114
24007.5,0.7397158765131208,1,0.344,90.768,4:20,METAL_LOSS,8,1926.4500000000007,39.52700000000186
24012.5,0.7397158765131208,1,0.344,90.809,4:04,METAL_LOSS,8,1925.036,39.288000000000466
24017.5,0.7368554922368749,1,0.344,90.809,4:04,METAL_LOSS,8,1925.036,39.288000000000466
24042.5,0.6094870909985649,1,0.344,92.82,,GIRTH_WELD,4,1885.7479999999996,0.0
24047.5,0.5940750070303465,1,0.344,92.82,,GIRTH_WELD,4,1885.7479999999996,0.0
24052.5,0.5940750070303465,1,0.344,92.82,,GIRTH_WELD,4,1885.7479999999996,0.0
24057.5,0.5940750070303465,1,0.344,92.82,,GIRTH_WELD,4,1885.7479999999996,0.0
24082.5,0.44625522718495736,0,0.344,93.785,,GIRTH_WELD,0,1845.505000000001,0.0
24087.5,0.4591937372920766,0,0.344,93.785,,GIRTH_WELD,0,1845.505000000001,0.0
24092.5,0.4591937372920766,0,0.344,93.785,,GIRTH_WELD,0,1845.505000000001,0.0
24097.5,0.4591937372920766,0,0.344,93.785,,GIRTH_WELD,0,1845.505000000001,0.0
24122.5,0.30389726858681365,0,0.344,93.821,,GIRTH_WELD,0,1805.5149999999994,0.0
24127.5,0.2967568370650289,0,0.344,93.821,,GIRTH_WELD,0,1805.5149999999994,0.0
24132.5,0.2967568370650289,0,0.344,93.821,,GIRTH_WELD,0,1805.5149999999994,0.0
24137.5,0.2967568370650289,0,0.344,93.821,,GIRTH_WELD,0,1805.5149999999994,0.0
24162.5,0.185715529983732,0,0.344,93.726,,GIRTH_WELD,0,1765.344000000001,0.0
24167.5,0.17735956285474597,0,0.344,93.726,,GIRTH_WELD,0,1765.344000000001,0.0
24172.5,0.17735956285474597,0,0.344,93.726,,GIRTH_WELD,0,1765.344000000001,0.0
24177.5,0.17735956285474597,0,0.344,93.726,,GIRTH_WELD,0,1765.344000000001,0.0
24197.5,0.20630509881530198,0,0.344,93.813,,GIRTH_WELD,0,1728.9010000000017,0.0
24202.5,0.2079229814345964,0,0.344,93.813,,GIRTH_WELD,0,1728.9010000000017,0.0
24207.5,0.2079229814345964,0,0.344,93.813,,GIRTH_WELD,0,1728.9010000000017,0.0
24212.5,0.2079229814345964,0,0.344,93.813,,GIRTH_WELD,0,1728.9010000000017,0.0
24237.5,0.4037764440549669,0,0.344,94.017,,GIRTH_WELD,0,1688.7430000000022,0.0
24242.5,0.4216452243465316,0,0.344,94.017,,GIRTH_WELD,0,1688.7430000000022,0.0
24247.5,0.4216452243465316,0,0.344,94.017,,GIRTH_WELD,0,1688.7430000000022,0.0
24252.5,0.4216452243465316,0,0.344,94.017,,GIRTH_WELD,0,1688.7430000000022,0.0
24277.5,0.399963656329865,0,0.344,94.958,,GIRTH_WELD,0,1648.7400000000016,0.0
24282.5,0.41321008412610233,0,0.344,94.958,,GIRTH_WELD,0,1648.7400000000016,0.0
24287.5,0.41321008412610233,0,0.344,94.958,,GIRTH_WELD,0,1648.7400000000016,0.0
24292.5,0.41321008412610233,0,0.344,94.958,,GIRTH_WELD,0,1648.7400000000016,0.0
24317.5,0.35505802855598356,0,0.344,96.145,,GIRTH_WELD,3,1608.5660000000025,0.0
24322.5,0.3301964217572169,0,0.344,96.145,,GIRTH_WELD,3,1608.5660000000025,0.0
24327.5,0.3301964217572169,0,0.344,96.145,,GIRTH_WELD,3,1608.5660000000025,0.0
24332.5,0.3301964217572169,0,0.344,96.145,,GIRTH_WELD,3,1608.5660000000025,0.0
24337.5,0.3297748205801478,0,0.344,96.852,12:55,METAL_LOSS,3,1590.2820000000029,18.28399999999965
24342.5,0.31780635141537555,0,0.344,96.852,12:55,METAL_LOSS,3,1590.2820000000029,18.28399999999965
24347.5,0.3325979334345266,0,0.344,97.004,1:24,METAL_LOSS,3,1586.4960000000028,17.90400000000227
24352.5,0.32062946426975436,0,0.344,97.004,1:24,METAL_LOSS,3,1586.4960000000028,17.90400000000227
24357.5,0.36029841828259285,0,0.344,97.72,,GIRTH_WELD,3,1568.5920000000006,0.0
24362.5,0.33543681148382604,0,0.344,97.72,,GIRTH_WELD,3,1568.5920000000006,0.0
24367.5,0.33543681148382604,0,0.344,97.72,,GIRTH_WELD,3,1568.5920000000006,0.0
24372.5,0.33543681148382604,0,0.344,97.72,,GIRTH_WELD,3,1568.5920000000006,0.0
24397.5,0.41775825282687734,0,0.344,100.991,,GIRTH_WELD,0,1528.3990000000013,0.0
24402.5,0.4329877840606814,0,0.344,100.991,,GIRTH_WELD,0,1528.3990000000013,0.0
24407.5,0.4329877840606814,0,0.344,100.991,,GIRTH_WELD,0,1528.3990000000013,0.0
24412.5,0.4329877840606814,0,0.344,100.991,,GIRTH_WELD,0,1528.3990000000013,0.0
24437.5,0.4210376442931618,0,0.344,105.167,,GIRTH_WELD,0,1488.4279999999999,0.0
24442.5,0.4393787599220344,0,0.344,105.167,,GIRTH_WELD,0,1488.4279999999999,0.0
24447.5,0.4393787599220344,0,0.344,105.167,,GIRTH_WELD,0,1488.4279999999999,0.0
24452.5,0.4393787599220344,0,0.344,105.167,,GIRTH_WELD,0,1488.4279999999999,0.0
24457.5,0.3163032244346686,0,0.344,106.567,12:32,UNKNOWN,0,1467.6510000000017,19.445999999999913
24462.5,0.3361105778498892,0,0.344,106.567,12:32,UNKNOWN,0,1467.6510000000017,19.445999999999913
24467.5,0.3161407379997781,0,0.344,106.662,12:32,UNKNOWN,0,1466.112000000001,17.906999999999243
24472.5,0.3376530528495279,0,0.344,106.662,12:32,UNKNOWN,0,1466.112000000001,17.906999999999243
24477.5,0.20909340935540166,0,0.344,107.775,,GIRTH_WELD,0,1448.2050000000017,0.0
24482.5,0.2255316809884829,0,0.344,107.775,,GIRTH_WELD,0,1448.2050000000017,0.0
24487.5,0.2255316809884829,0,0.344,107.775,,GIRTH_WELD,0,1448.2050000000017,0.0
24492.5,0.2255316809884829,0,0.344,107.775,,GIRTH_WELD,0,1448.2050000000017,0.0
24517.5,0.18252881401574164,0,0.344,108.69,,GIRTH_WELD,0,1408.005000000001,0.0
24522.5,0.20668998542491265,0,0.344,108.69,,GIRTH_WELD,0,1408.005000000001,0.0
24527.5,0.20668998542491265,0,0.344,108.69,,GIRTH_WELD,0,1408.005000000001,0.0
24532.5,0.20668998542491265,0,0.344,108.69,,GIRTH_WELD,0,1408.005000000001,0.0
24557.5,0.16725909986374748,0,0.344,110.607,,GIRTH_WELD,0,1367.8050000000003,0.0
24562.5,0.1764093386287819,0,0.344,110.607,,GIRTH_WELD,0,1367.8050000000003,0.0
24567.5,0.1764093386287819,0,0.344,110.607,,GIRTH_WELD,0,1367.8050000000003,0.0
24572.5,0.1764093386287819,0,0.344,110.607,,GIRTH_WELD,0,1367.8050000000003,0.0
24597.5,0.1649910473473361,0,0.344,114.03,,GIRTH_WELD,0,1327.844000000001,0.0
24602.5,0.17448319259613868,0,0.344,114.03,,GIRTH_WELD,0,1327.844000000001,0.0
24607.5,0.17448319259613868,0,0.344,114.03,,GIRTH_WELD,0,1327.844000000001,0.0
24612.5,0.17448319259613868,0,0.344,114.03,,GIRTH_WELD,0,1327.844000000001,0.0
24637.5,0.16160024473087634,0,0.344,117.805,,GIRTH_WELD,0,1287.6670000000013,0.0
24642.5,0.16904336782647283,0,0.344,117.805,,GIRTH_WELD,0,1287.6670000000013,0.0
24647.5,0.16904336782647283,0,0.344,117.805,,GIRTH_WELD,0,1287.6670000000013,0.0
24652.5,0.178650699570524,0,0.344,118.33,,AGM,0,1282.2309999999998,5.436000000001513
24657.5,0.18359920869191043,0,0.344,118.33,,AGM,0,1282.2309999999998,5.436000000001513
24662.5,0.17100394423499693,0,0.344,120.243,1:16,UNKNOWN,0,1262.7880000000005,3.165999999997439
24667.5,0.17421151737703575,0,0.344,120.243,1:16,UNKNOWN,0,1262.7880000000005,3.165999999997439
24672.5,0.17448096536884466,0,0.344,120.447,1:11,UNKNOWN,0,1260.7220000000016,1.0999999999985448
24677.5,0.16860254954159756,0,0.344,120.555,,GIRTH_WELD,0,1259.622000000003,0.0
24682.5,0.17401506888183757,0,0.344,120.555,,GIRTH_WELD,0,1259.622000000003,0.0
24707.5,0.17142425325777427,0,0.344,124.233,,GIRTH_WELD,0,1219.4490000000005,0.0
24712.5,0.17313754969679324,0,0.344,124.233,,GIRTH_WELD,0,1219.4490000000005,0.0
24717.5,0.17313754969679324,0,0.344,124.233,,GIRTH_WELD,0,1219.4490000000005,0.0
24722.5,0.17313754969679324,0,0.344,124.233,,GIRTH_WELD,0,1219.4490000000005,0.0
24747.5,0.16777893854618203,0,0.344,127.667,,GIRTH_WELD,0,1179.4190000000017,0.0
24752.5,0.17314588381052207,0,0.344,127.667,,GIRTH_WELD,0,1179.4190000000017,0.0
24757.5,0.17033940785817228,0,0.344,128.087,8:30,UNKNOWN,0,1175.3899999999994,4.02900000000227
24762.5,0.19052367115336932,0,0.344,128.811,8:32,UNKNOWN,0,1170.0,9.419000000001688
24767.5,0.19113542061201788,0,0.344,129.743,8:39,UNKNOWN,0,1163.071,16.348000000001775
24772.5,0.19175215061782624,0,0.344,129.743,8:39,UNKNOWN,0,1163.071,16.348000000001775
24777.5,0.19175215061782624,0,0.344,129.743,8:39,UNKNOWN,0,1163.071,16.348000000001775
24787.5,0.15700879406160012,0,0.344,132.935,,GIRTH_WELD,0,1139.3369999999995,0.0
24792.5,0.15915356696396757,0,0.344,132.935,,GIRTH_WELD,0,1139.3369999999995,0.0
24797.5,0.15924323962163622,0,0.344,132.935,,GIRTH_WELD,0,1139.3369999999995,0.0
24802.5,0.15924323962163622,0,0.344,132.935,,GIRTH_WELD,0,1139.3369999999995,0.0
24827.5,0.14445224226460507,0,0.344,139.843,,GIRTH_WELD,0,1099.2520000000004,0.0
24832.5,0.15498760042335177,0,0.344,139.843,,GIRTH_WELD,0,1099.2520000000004,0.0
24837.5,0.1532062134679509,0,0.344,139.843,,GIRTH_WELD,0,1099.2520000000004,0.0
24842.5,0.1550891785454695,0,0.344,139.843,,GIRTH_WELD,0,1099.2520000000004,0.0
24867.5,0.13599926180140198,0,0.344,143.32,,GIRTH_WELD,0,1058.933000000001,0.0
24872.5,0.14686799947681226,0,0.344,143.32,,GIRTH_WELD,0,1058.933000000001,0.0
24877.5,0.14686799947681226,0,0.344,143.32,,GIRTH_WELD,0,1058.933000000001,0.0
24882.5,0.14686799947681226,0,0.344,143.32,,GIRTH_WELD,0,1058.933000000001,0.0
24897.5,0.17643062637659512,0,0.344,144.187,9:08,UNKNOWN,0,1028.3400000000001,9.435999999997875
24902.5,0.18704804245195658,0,0.344,144.187,9:08,UNKNOWN,0,1028.3400000000001,9.435999999997875
24907.5,0.1733158142187627,0,0.344,144.214,9:07,UNKNOWN,0,1027.214,8.309999999997672
24912.5,0.1464043912294186,0,0.344,144.411,,GIRTH_WELD,0,1018.9040000000023,0.0
24917.5,0.16586395450584251,0,0.344,144.411,,GIRTH_WELD,0,1018.9040000000023,0.0
24922.5,0.16586395450584251,0,0.344,144.411,,GIRTH_WELD,0,1018.9040000000023,0.0
24947.5,0.15085575292409628,0,0.344,147.499,,GIRTH_WELD,0,978.8250000000007,0.0
24952.5,0.1640588663362675,0,0.344,147.499,,GIRTH_WELD,0,978.8250000000007,0.0
24957.5,0.16260307825643405,0,0.344,147.499,,GIRTH_WELD,0,978.8250000000007,0.0
24962.5,0.1600901578115188,0,0.344,147.499,,GIRTH_WELD,0,978.8250000000007,0.0
24987.5,0.1406131996920845,0,0.344,154.209,,GIRTH_WELD,0,938.7270000000026,0.0
24992.5,0.1559619350193982,0,0.344,154.209,,GIRTH_WELD,0,938.7270000000026,0.0
24997.5,0.15501328043400556,0,0.344,154.209,,GIRTH_WELD,0,938.7270000000026,0.0
25002.5,0.15571006028585166,0,0.344,154.209,,GIRTH_WELD,0,938.7270000000026,0.0
25027.5,0.14490647614082028,0,0.344,163.579,,GIRTH_WELD,0,898.5270000000019,0.0
25032.5,0.16181693263406352,0,0.344,163.579,,GIRTH_WELD,0,898.5270000000019,0.0
25037.5,0.162336169802278,0,0.344,163.579,,GIRTH_WELD,0,898.5270000000019,0.0
25042.5,0.162336169802278,0,0.344,163.579,,GIRTH_WELD,0,898.5270000000019,0.0
25067.5,0.14841163686399875,0,0.344,172.167,,GIRTH_WELD,0,858.6090000000004,0.0
25072.5,0.17847795519769039,0,0.344,172.167,,GIRTH_WELD,0,858.6090000000004,0.0
25077.5,0.17847795519769039,0,0.344,172.167,,GIRTH_WELD,0,858.6090000000004,0.0
25082.5,0.17825877659578485,0,0.344,172.167,,GIRTH_WELD,0,858.6090000000004,0.0
25107.5,0.15021738875750137,0,0.344,178.029,,GIRTH_WELD,0,818.2350000000006,0.0
25112.5,0.17837967618578643,0,0.344,178.029,,GIRTH_WELD,0,818.2350000000006,0.0
25117.5,0.17837967618578643,0,0.344,178.029,,GIRTH_WELD,0,818.2350000000006,0.0
25122.5,0.17837967618578643,0,0.344,178.029,,GIRTH_WELD,0,818.2350000000006,0.0
25132.5,0.18286797820047115,0,0.344,179.732,,FIELD_BEND,0,792.2930000000015,6.833999999998923
25137.5,0.20719503103854575,0,0.344,179.732,,FIELD_BEND,0,792.2930000000015,6.833999999998923
25142.5,0.20719503103854575,0,0.344,179.732,,FIELD_BEND,0,792.2930000000015,6.833999999998923
25147.5,0.16174534086335549,0,0.344,180.126,,GIRTH_WELD,0,785.4590000000026,0.0
25152.5,0.19777395760985875,0,0.344,180.126,,GIRTH_WELD,0,785.4590000000026,0.0
25157.5,0.19777395760985875,0,0.344,180.126,,GIRTH_WELD,0,785.4590000000026,0.0
25182.5,0.1821904147443518,0,0.344,176.93,,GIRTH_WELD,0,745.1080000000002,0.0
25187.5,0.21256398540658314,0,0.344,176.93,,GIRTH_WELD,0,745.1080000000002,0.0
25192.5,0.21256398540658314,0,0.344,176.93,,GIRTH_WELD,0,745.1080000000002,0.0
25197.5,0.2154663711592713,0,0.344,176.93,,GIRTH_WELD,0,745.1080000000002,0.0
25222.5,0.29162149757524314,0,0.344,168.336,,GIRTH_WELD,0,705.0360000000001,0.0
25227.5,0.31804127498959267,0,0.344,168.336,,GIRTH_WELD,0,705.0360000000001,0.0
25232.5,0.31852894737116594,0,0.344,168.336,,GIRTH_WELD,0,705.0360000000001,0.0
25237.5,0.31852894737116594,0,0.344,168.336,,GIRTH_WELD,0,705.0360000000001,0.0
25242.5,0.3367116077172214,0,0.344,160.591,9:11,UNKNOWN,0,682.7489999999998,17.961999999999534
25247.5,0.3651407725131802,0,0.344,160.591,9:11,UNKNOWN,0,682.7489999999998,17.961999999999534
25252.5,0.3672430444027983,0,0.344,160.591,9:11,UNKNOWN,0,682.7489999999998,17.961999999999534
25257.5,0.33178226716124654,0,0.344,158.428,,FIELD_BEND,0,676.7980000000025,12.011000000002241
25262.5,0.3769929780829877,0,0.344,158.428,,FIELD_BEND,0,676.7980000000025,12.011000000002241
25267.5,0.3576341260694433,0,0.344,154.065,,GIRTH_WELD,0,664.7870000000003,0.0
25272.5,0.4043964245613385,0,0.344,154.065,,GIRTH_WELD,0,664.7870000000003,0.0
25277.5,0.4056268204506774,0,0.344,154.065,,GIRTH_WELD,0,664.7870000000003,0.0
25302.5,0.2607860559985277,0,0.344,138.039,,GIRTH_WELD,3,624.8320000000022,0.0
25307.5,0.28437817697262885,0,0.344,138.039,,GIRTH_WELD,3,624.8320000000022,0.0
25312.5,0.28437817697262885,0,0.344,138.039,,GIRTH_WELD,3,624.8320000000022,0.0
25317.5,0.2863777539804666,0,0.344,131.422,5:40,METAL_LOSS,3,607.9660000000003,16.866000000001804
25322.5,0.2918336289822403,0,0.344,131.422,5:40,METAL_LOSS,3,607.9660000000003,16.866000000001804
25327.5,0.3087503648710546,0,0.344,131.422,5:40,METAL_LOSS,3,607.9660000000003,16.866000000001804
25332.5,0.31665666747743143,0,0.344,131.422,5:40,METAL_LOSS,3,607.9660000000003,16.866000000001804
25342.5,0.29887506576274325,0,0.344,122.324,,GIRTH_WELD,3,584.6589999999997,0.0
25347.5,0.3149369355239841,0,0.344,122.324,,GIRTH_WELD,3,584.6589999999997,0.0
25352.5,0.3149369355239841,0,0.344,122.324,,GIRTH_WELD,3,584.6589999999997,0.0
25357.5,0.32247387860319854,0,0.344,116.846,,FIELD_BEND,3,569.7210000000014,14.937999999998283
25362.5,0.33084868128162753,0,0.344,116.846,,FIELD_BEND,3,569.7210000000014,14.937999999998283
25367.5,0.33084868128162753,0,0.344,116.846,,FIELD_BEND,3,569.7210000000014,14.937999999998283
25372.5,0.33084868128162753,0,0.344,116.846,,FIELD_BEND,3,569.7210000000014,14.937999999998283
25382.5,0.38572322613188836,0,0.344,107.764,,GIRTH_WELD,0,544.6260000000002,0.0
25387.5,0.4461385849024409,0,0.344,107.764,,GIRTH_WELD,0,544.6260000000002,0.0
25392.5,0.4461385849024409,0,0.344,107.764,,GIRTH_WELD,0,544.6260000000002,0.0
25397.5,0.4461385849024409,0,0.344,107.764,,GIRTH_WELD,0,544.6260000000002,0.0
25422.5,0.32953492299850184,0,0.344,94.506,,GIRTH_WELD,0,504.4390000000021,0.0
25427.5,0.38220548207847643,0,0.344,94.506,,GIRTH_WELD,0,504.4390000000021,0.0
25432.5,0.38220548207847643,0,0.344,94.506,,GIRTH_WELD,0,504.4390000000021,0.0
25437.5,0.38220548207847643,0,0.344,94.506,,GIRTH_WELD,0,504.4390000000021,0.0
25462.5,0.41631325230691063,0,0.344,80.366,,GIRTH_WELD,0,464.39900000000125,0.0
25467.5,0.4840343551184191,0,0.344,80.366,,GIRTH_WELD,0,464.39900000000125,0.0
25472.5,0.4840343551184191,0,0.344,80.366,,GIRTH_WELD,0,464.39900000000125,0.0
25477.5,0.4840343551184191,0,0.344,80.366,,GIRTH_WELD,0,464.39900000000125,0.0
25502.5,0.432620593609536,0,0.344,65.478,,GIRTH_WELD,4,424.3009999999995,0.0
25507.5,0.4886921074606388,0,0.344,65.478,,GIRTH_WELD,4,424.3009999999995,0.0
25512.5,0.4886921074606388,0,0.344,65.478,,GIRTH_WELD,4,424.3009999999995,0.0
25517.5,0.4886921074606388,0,0.344,65.478,,GIRTH_WELD,4,424.3009999999995,0.0
25542.5,0.5164003268198981,1,0.344,52.133,,GIRTH_WELD,4,384.0750000000007,0.0
25547.5,0.5625665000294063,1,0.344,52.133,,GIRTH_WELD,4,384.0750000000007,0.0
25552.5,0.5418725141865514,1,0.344,51.699,3:08,METAL_LOSS,4,382.7560000000012,1.3189999999995052
25557.5,0.5490654362753574,1,0.344,50.409,,FIELD_BEND,4,378.612000000001,5.462999999999738
25562.5,0.5786625720274678,1,0.344,50.409,,FIELD_BEND,4,378.612000000001,5.462999999999738
25577.5,0.7068817128792564,1,0.344,41.355,6:32,UNKNOWN,8,348.83200000000215,5.020000000000437
25582.5,0.7378713950387781,1,0.344,41.355,6:32,UNKNOWN,8,348.83200000000215,5.020000000000437
25587.5,0.7378713950387781,1,0.344,41.355,6:32,UNKNOWN,8,348.83200000000215,5.020000000000437
25592.5,0.7948459954349736,1,0.344,39.828,,GIRTH_WELD,9,343.8120000000017,0.0
25597.5,0.8202592155507569,1,0.344,39.828,,GIRTH_WELD,9,343.8120000000017,0.0
25602.5,0.6997432439277528,1,0.344,32.393,,GIRTH_WELD,7,323.8150000000023,0.0
25607.5,0.7295255940984654,1,0.344,32.393,,GIRTH_WELD,7,323.8150000000023,0.0
25612.5,0.7295255940984654,1,0.344,32.393,,GIRTH_WELD,7,323.8150000000023,0.0
25617.5,0.685344417756206,1,0.344,28.934,4:13,METAL_LOSS,7,310.38400000000183,13.431000000000495
25622.5,0.7098208901438955,1,0.344,28.934,4:13,METAL_LOSS,7,310.38400000000183,13.431000000000495
25627.5,0.6945211585685851,1,0.344,27.775,9:05,METAL_LOSS,7,305.32800000000134,18.48700000000099
25632.5,0.7944769211871413,1,0.344,26.686,4:17,METAL_LOSS,10,300.58000000000175,16.94499999999971
25637.5,0.7952314424917749,1,0.344,26.046,2:53,METAL_LOSS,10,297.78800000000047,14.152999999998428
25642.5,0.7900049725647718,1,0.344,24.463,8:23,METAL_LOSS,10,290.8820000000014,7.246999999999389
25647.5,0.7871480844186824,1,0.344,23.582,8:49,METAL_LOSS,10,287.03399999999965,3.3989999999976135
25652.5,0.7827504946314298,1,0.344,22.802,,GIRTH_WELD,10,283.63500000000204,0.0
25657.5,0.7466861324751315,1,0.344,20.935,,GIRTH_WELD,10,269.7960000000021,0.0
25662.5,0.7781414509965071,1,0.344,20.935,,GIRTH_WELD,10,269.7960000000021,0.0
25667.5,0.7781414509965071,1,0.344,20.935,,GIRTH_WELD,10,269.7960000000021,0.0
25672.5,0.6273694307257457,1,0.344,19.048,6:48,METAL_LOSS,7,254.19300000000294,15.602999999999156
25677.5,0.6683743836000247,1,0.344,19.048,6:48,METAL_LOSS,7,254.19300000000294,15.602999999999156
25682.5,0.6683743836000247,1,0.344,19.048,6:48,METAL_LOSS,7,254.19300000000294,15.602999999999156
25687.5,0.5578819831405163,1,0.344,18.239,,FIELD_BEND,5,247.56200000000172,17.88000000000102
25692.5,0.614324622684611,1,0.344,18.239,,FIELD_BEND,5,247.56200000000172,17.88000000000102
25697.5,0.5583174142616882,1,0.344,16.054,,GIRTH_WELD,2,229.6820000000007,0.0
25702.5,0.6093735769234511,1,0.344,16.054,,GIRTH_WELD,2,229.6820000000007,0.0
25707.5,0.6093735769234511,1,0.344,16.054,,GIRTH_WELD,2,229.6820000000007,0.0
25712.5,0.6093735769234511,1,0.344,16.054,,GIRTH_WELD,2,229.6820000000007,0.0
25717.5,0.5497319955762884,1,0.344,14.122,,FIELD_BEND,2,211.617000000002,9.766999999999825
25722.5,0.5904486373137322,1,0.344,14.122,,FIELD_BEND,2,211.617000000002,9.766999999999825
25727.5,0.495764991375908,0,0.344,13.1,,GIRTH_WELD,0,201.85000000000218,0.0
25732.5,0.5452340067122482,1,0.344,13.1,,GIRTH_WELD,0,201.85000000000218,0.0
25737.5,0.5452340067122482,1,0.344,13.1,,GIRTH_WELD,0,201.85000000000218,0.0
25762.5,0.43859202806484887,0,0.344,14.228,,GIRTH_WELD,0,161.71199999999953,0.0
25767.5,0.45620376084363395,0,0.344,14.228,,GIRTH_WELD,0,161.71199999999953,0.0
25772.5,0.45620376084363395,0,0.344,14.228,,GIRTH_WELD,0,161.71199999999953,0.0
25777.5,0.45620376084363395,0,0.344,14.228,,GIRTH_WELD,0,161.71199999999953,0.0
25792.5,0.35534818686098524,0,0.344,16.073,,FIELD_BEND,0,134.3729999999996,10.356999999999971
25797.5,0.37011715061890177,0,0.344,16.073,,FIELD_BEND,0,134.3729999999996,10.356999999999971
25802.5,0.37011715061890177,0,0.344,16.073,,FIELD_BEND,0,134.3729999999996,10.356999999999971
25807.5,0.33007924022766894,0,0.344,16.804,,GIRTH_WELD,0,124.01599999999962,0.0
25812.5,0.3532263192335453,0,0.344,16.804,,GIRTH_WELD,0,124.01599999999962,0.0
25817.5,0.3532263192335453,0,0.344,16.804,,GIRTH_WELD,0,124.01599999999962,0.0
25842.5,0.44891741268811036,0,0.344,17.665,,GIRTH_WELD,0,83.96600000000035,0.0
25847.5,0.45735836085029435,0,0.344,17.665,,GIRTH_WELD,0,83.96600000000035,0.0
25852.5,0.45735836085029435,0,0.344,17.665,,GIRTH_WELD,0,83.96600000000035,0.0
25857.5,0.45735836085029435,0,0.344,17.665,,GIRTH_WELD,0,83.96600000000035,0.0
25872.5,0.46819766710452293,0,0.344,18.553,,GIRTH_WELD,0,54.229000000003,0.0
25877.5,0.4734782091350608,0,0.344,18.553,,GIRTH_WELD,0,54.229000000003,0.0
25882.5,0.4734782091350608,0,0.344,18.553,,GIRTH_WELD,0,54.229000000003,0.0
25887.5,0.49026930107324496,0,0.344,18.865,,GIRTH_WELD,1,44.77000000000044,0.0
25892.5,0.4842374909135216,0,0.344,18.865,,GIRTH_WELD,1,44.77000000000044,0.0
25897.5,0.4842374909135216,0,0.344,18.865,,GIRTH_WELD,1,44.77000000000044,0.0
25922.5,0.45482273356467473,0,0.5,20.085,,GIRTH_WELD,3,4.5310000000026776,0.0
25927.5,0.4321861590800688,0,0.5,20.085,,GIRTH_WELD,3,4.5310000000026776,0.0
25932.5,0.4180120284023593,0,0.5,20.633,,BEND,3,0.0,4.5310000000026776
25937.5,0.435454973614544,0,0.5,21.706,1:46,METAL_LOSS,3,4.619999999998981,9.151000000001659
25942.5,0.4299396467563431,0,0.344,21.958,12:01,METAL_LOSS,3,5.701999999997497,10.233000000000175
25947.5,0.4145419906358263,0,0.344,21.958,12:01,METAL_LOSS,3,5.701999999997497,10.233000000000175
25972.5,0.42352686452756544,0,0.344,40.794,,GIRTH_WELD,3,44.901999999998225,0.0
25977.5,0.40926030743288394,0,0.344,40.794,,GIRTH_WELD,3,44.901999999998225,0.0
25982.5,0.40080152163004096,0,0.344,41.174,7:42,UNKNOWN,3,45.675999999999476,0.7740000000012515
25987.5,0.4254025649259151,0,0.344,46.151,7:45,UNKNOWN,0,55.91899999999805,11.016999999999825
25992.5,0.41713285456536786,0,0.344,46.151,7:45,UNKNOWN,0,55.91899999999805,11.016999999999825
25997.5,0.41713285456536786,0,0.344,46.151,7:45,UNKNOWN,0,55.91899999999805,11.016999999999825
26012.5,0.43302093456237317,0,0.344,60.272,,GIRTH_WELD,0,85.05899999999747,0.0
26017.5,0.4439121136114299,0,0.344,60.272,,GIRTH_WELD,0,85.05899999999747,0.0
26022.5,0.4439121136114299,0,0.344,60.272,,GIRTH_WELD,0,85.05899999999747,0.0
26027.5,0.4439121136114299,0,0.344,60.272,,GIRTH_WELD,0,85.05899999999747,0.0
26042.5,0.3651496533857521,0,0.344,73.582,,FIELD_BEND,0,114.2029999999977,11.043000000001484
26047.5,0.368079874442972,0,0.344,73.582,,FIELD_BEND,0,114.2029999999977,11.043000000001484
26052.5,0.368079874442972,0,0.344,73.582,,FIELD_BEND,0,114.2029999999977,11.043000000001484
26057.5,0.33154653743494317,0,0.344,78.597,,GIRTH_WELD,0,125.24599999999919,0.0
26062.5,0.3482306175223935,0,0.344,78.597,,GIRTH_WELD,0,125.24599999999919,0.0
26067.5,0.30391984477225215,0,0.344,83.338,,FIELD_BEND,0,137.7729999999974,12.526999999998225
26072.5,0.3239596172566764,0,0.344,83.338,,FIELD_BEND,0,137.7729999999974,12.526999999998225
26077.5,0.3239596172566764,0,0.344,83.338,,FIELD_BEND,0,137.7729999999974,12.526999999998225
26092.5,0.19352546933971773,0,0.344,93.212,,GIRTH_WELD,0,165.22299999999814,0.0
26097.5,0.21594865621612921,0,0.344,93.212,,GIRTH_WELD,0,165.22299999999814,0.0
26102.5,0.21594865621612921,0,0.344,93.212,,GIRTH_WELD,0,165.22299999999814,0.0
26107.5,0.21594865621612921,0,0.344,93.212,,GIRTH_WELD,0,165.22299999999814,0.0
26132.5,0.18510563471581049,0,0.344,107.268,,GIRTH_WELD,0,205.28199999999924,0.0
26137.5,0.20457501954193216,0,0.344,107.268,,GIRTH_WELD,0,205.28199999999924,0.0
26142.5,0.20457501954193216,0,0.344,107.268,,GIRTH_WELD,0,205.28199999999924,0.0
26147.5,0.20457501954193216,0,0.344,107.268,,GIRTH_WELD,0,205.28199999999924,0.0
26152.5,0.2011371723727575,0,0.344,114.759,2:23,UNKNOWN,0,226.0069999999978,19.45900000000256
26157.5,0.21024039191977453,0,0.344,114.759,2:23,UNKNOWN,0,226.0069999999978,19.45900000000256
26162.5,0.1950443946870506,0,0.344,115.676,2:24,UNKNOWN,0,228.52999999999884,16.936000000001513
26167.5,0.20585257566859677,0,0.344,115.676,2:24,UNKNOWN,0,228.52999999999884,16.936000000001513
26172.5,0.16996231792079391,0,0.344,121.823,,GIRTH_WELD,0,245.46600000000035,0.0
26177.5,0.18370107576968536,0,0.344,121.823,,GIRTH_WELD,0,245.46600000000035,0.0
26182.5,0.18370107576968536,0,0.344,121.823,,GIRTH_WELD,0,245.46600000000035,0.0
26187.5,0.18370107576968536,0,0.344,121.823,,GIRTH_WELD,0,245.46600000000035,0.0
26192.5,0.17182795837741743,0,0.344,129.068,,GIRTH_WELD,0,265.4830000000002,0.0
26197.5,0.17974607024264594,0,0.344,129.068,,GIRTH_WELD,0,265.4830000000002,0.0
26202.5,0.1738326332130381,0,0.344,129.068,,GIRTH_WELD,0,265.4830000000002,0.0
26207.5,0.16704438401151633,0,0.344,129.068,,GIRTH_WELD,0,265.4830000000002,0.0
26232.5,0.14646640902100727,0,0.344,142.742,,GIRTH_WELD,0,305.59100000000035,0.0
26237.5,0.15870953029969462,0,0.344,142.742,,GIRTH_WELD,0,305.59100000000035,0.0
26242.5,0.1605924953772132,0,0.344,142.742,,GIRTH_WELD,0,305.59100000000035,0.0
26247.5,0.1639834441231238,0,0.344,142.742,,GIRTH_WELD,0,305.59100000000035,0.0
26272.5,0.149250228348502,0,0.344,150.663,,GIRTH_WELD,0,345.9249999999993,0.0
26277.5,0.16510120407981804,0,0.344,150.663,,GIRTH_WELD,0,345.9249999999993,0.0
26282.5,0.16215948074187292,0,0.344,150.663,,GIRTH_WELD,0,345.9249999999993,0.0
26287.5,0.1568379026402155,0,0.344,150.663,,GIRTH_WELD,0,345.9249999999993,0.0
26312.5,0.12606579951603736,0,0.344,153.475,,GIRTH_WELD,0,386.0039999999972,0.0
26317.5,0.14487836055920317,0,0.344,153.475,,GIRTH_WELD,0,386.0039999999972,0.0
26322.5,0.14487836055920317,0,0.344,153.475,,GIRTH_WELD,0,386.0039999999972,0.0
26327.5,0.14487836055920317,0,0.344,153.475,,GIRTH_WELD,0,386.0039999999972,0.0
26352.5,0.12301962150110476,0,0.344,155.215,,GIRTH_WELD,0,425.9679999999971,0.0
26357.5,0.1423988788360709,0,0.344,155.215,,GIRTH_WELD,0,425.9679999999971,0.0
26362.5,0.14158030781072403,0,0.344,155.215,,GIRTH_WELD,0,425.9679999999971,0.0
26367.5,0.14158030781072403,0,0.344,155.215,,GIRTH_WELD,0,425.9679999999971,0.0
26392.5,0.11625087832947399,0,0.344,156.914,,GIRTH_WELD,0,466.1489999999976,0.0
26397.5,0.13170046240680147,0,0.344,156.914,,GIRTH_WELD,0,466.1489999999976,0.0
26402.5,0.13375876249356736,0,0.344,156.914,,GIRTH_WELD,0,466.1489999999976,0.0
26407.5,0.13527411337076034,0,0.344,156.914,,GIRTH_WELD,0,466.1489999999976,0.0
26432.5,0.1250272637460538,0,0.344,158.811,,GIRTH_WELD,0,506.1849999999977,0.0
26437.5,0.14335805690911163,0,0.344,158.811,,GIRTH_WELD,0,506.1849999999977,0.0
26442.5,0.14335805690911163,0,0.344,158.811,,GIRTH_WELD,0,506.1849999999977,0.0
26447.5,0.14335805690911163,0,0.344,158.811,,GIRTH_WELD,0,506.1849999999977,0.0
26472.5,0.12417102903539153,0,0.344,161.538,,GIRTH_WELD,0,546.4369999999981,0.0
26477.5,0.1361599864572826,0,0.344,161.538,,GIRTH_WELD,0,546.4369999999981,0.0
26482.5,0.1361599864572826,0,0.344,161.538,,GIRTH_WELD,0,546.4369999999981,0.0
26487.5,0.1361599864572826,0,0.344,161.538,,GIRTH_WELD,0,546.4369999999981,0.0
26512.5,0.11708306426222431,0,0.344,164.345,,GIRTH_WELD,0,523.9140000000007,0.0
26517.5,0.13185346048065166,0,0.344,164.345,,GIRTH_WELD,0,523.9140000000007,0.0
26522.5,0.13185346048065166,0,0.344,164.345,,GIRTH_WELD,0,523.9140000000007,0.0
26527.5,0.13185346048065166,0,0.344,164.345,,GIRTH_WELD,0,523.9140000000007,0.0
26552.5,0.12044693675959182,0,0.344,166.949,,GIRTH_WELD,0,483.72999999999956,0.0
26557.5,0.14291746246575993,0,0.344,166.949,,GIRTH_WELD,0,483.72999999999956,0.0
26562.5,0.14291746246575993,0,0.344,166.949,,GIRTH_WELD,0,483.72999999999956,0.0
26567.5,0.15610559816068834,0,0.344,167.899,,AGM,0,470.66899999999805,13.061000000001513
26572.5,0.16495403042215329,0,0.344,167.899,,AGM,0,470.66899999999805,13.061000000001513
26577.5,0.16495403042215329,0,0.344,167.899,,AGM,0,470.66899999999805,13.061000000001513
26582.5,0.16400537583676067,0,0.344,167.899,,AGM,0,470.66899999999805,13.061000000001513
26592.5,0.13022034187752626,0,0.344,169.903,,GIRTH_WELD,0,443.83899999999994,0.0
26597.5,0.15557111479738497,0,0.344,169.903,,GIRTH_WELD,0,443.83899999999994,0.0
26602.5,0.15557111479738497,0,0.344,169.903,,GIRTH_WELD,0,443.83899999999994,0.0
26607.5,0.15557111479738497,0,0.344,169.903,,GIRTH_WELD,0,443.83899999999994,0.0
26622.5,0.1699951660522276,0,0.344,172.001,,FIELD_BEND,0,414.6650000000009,11.036000000000058
26627.5,0.18563711937805202,0,0.344,172.001,,FIELD_BEND,0,414.6650000000009,11.036000000000058
26632.5,0.18563711937805202,0,0.344,172.001,,FIELD_BEND,0,414.6650000000009,11.036000000000058
26637.5,0.14136715333076968,0,0.344,172.792,,GIRTH_WELD,0,403.6290000000008,0.0
26642.5,0.1693299357989532,0,0.344,172.792,,GIRTH_WELD,0,403.6290000000008,0.0
26647.5,0.1693299357989532,0,0.344,172.792,,GIRTH_WELD,0,403.6290000000008,0.0
26672.5,0.14670623477741981,0,0.344,174.067,,GIRTH_WELD,0,363.6779999999999,0.0
26677.5,0.17444703774480297,0,0.344,174.067,,GIRTH_WELD,0,363.6779999999999,0.0
26682.5,0.17444703774480297,0,0.344,174.067,,GIRTH_WELD,0,363.6779999999999,0.0
26687.5,0.17608411512279212,0,0.344,174.067,,GIRTH_WELD,0,363.6779999999999,0.0
26697.5,0.16793188729747455,0,0.344,174.756,2:08,UNKNOWN,0,337.3719999999994,13.920000000001892
26702.5,0.17794403312540208,0,0.344,174.756,2:08,UNKNOWN,0,337.3719999999994,13.920000000001892
26707.5,0.17794403312540208,0,0.344,174.756,2:08,UNKNOWN,0,337.3719999999994,13.920000000001892
26712.5,0.17794403312540208,0,0.344,174.756,2:08,UNKNOWN,0,337.3719999999994,13.920000000001892
26717.5,0.14517235374753648,0,0.344,175.116,,GIRTH_WELD,0,323.4519999999975,0.0
26722.5,0.17936765027448748,0,0.344,175.116,,GIRTH_WELD,0,323.4519999999975,0.0
26727.5,0.17936765027448748,0,0.344,175.116,,GIRTH_WELD,0,323.4519999999975,0.0
26752.5,0.15053601982735165,0,0.344,176.511,,GIRTH_WELD,0,283.4379999999983,0.0
26757.5,0.1763652028585269,0,0.344,176.511,,GIRTH_WELD,0,283.4379999999983,0.0
26762.5,0.1763652028585269,0,0.344,176.511,,GIRTH_WELD,0,283.4379999999983,0.0
26767.5,0.1763652028585269,0,0.344,176.511,,GIRTH_WELD,0,283.4379999999983,0.0
26792.5,0.16847507302442946,0,0.344,177.998,,GIRTH_WELD,0,243.29399999999805,0.0
26797.5,0.19876662060510025,0,0.344,177.998,,GIRTH_WELD,0,243.29399999999805,0.0
26802.5,0.19876662060510025,0,0.344,177.998,,GIRTH_WELD,0,243.29399999999805,0.0
26807.5,0.19876662060510025,0,0.344,177.998,,GIRTH_WELD,0,243.29399999999805,0.0
26812.5,0.20691748251956557,0,0.344,178.066,9:14,UNKNOWN,0,224.65199999999822,18.641999999999825
26817.5,0.2103178659695946,0,0.344,178.066,9:14,UNKNOWN,0,224.65199999999822,18.641999999999825
26822.5,0.2161201383676133,0,0.344,178.062,9:18,UNKNOWN,0,222.1359999999986,18.91400000000067
26827.5,0.21031585342774176,0,0.344,178.058,,FIELD_BEND,0,219.5540000000001,16.332000000002154
26832.5,0.20531279453886028,0,0.344,178.058,,FIELD_BEND,0,219.5540000000001,16.332000000002154
26837.5,0.25253237112069904,0,0.344,178.034,,GIRTH_WELD,0,203.22199999999793,0.0
26842.5,0.24643625936750138,0,0.344,178.034,,GIRTH_WELD,0,203.22199999999793,0.0
26847.5,0.24643625936750138,0,0.344,178.034,,GIRTH_WELD,0,203.22199999999793,0.0
26872.5,0.28324424120853486,0,0.344,175.863,,GIRTH_WELD,0,162.8839999999982,0.0
26877.5,0.32044246887098227,0,0.344,175.863,,GIRTH_WELD,0,162.8839999999982,0.0
26882.5,0.32044246887098227,0,0.344,175.863,,GIRTH_WELD,0,162.8839999999982,0.0
26887.5,0.32044246887098227,0,0.344,175.863,,GIRTH_WELD,0,162.8839999999982,0.0
26892.5,0.3112037937310737,0,0.344,174.761,,GIRTH_WELD,0,150.48899999999776,0.0
26897.5,0.3509618255218243,0,0.344,174.761,,GIRTH_WELD,0,150.48899999999776,0.0
26902.5,0.3509618255218243,0,0.344,174.761,,GIRTH_WELD,0,150.48899999999776,0.0
26907.5,0.31892021967405404,0,0.344,171.819,,FIELD_BEND,0,128.48799999999756,18.149999999997817
26912.5,0.3491980028124873,0,0.344,171.819,,FIELD_BEND,0,128.48799999999756,18.149999999997817
26917.5,0.35163026991658136,0,0.344,171.819,,FIELD_BEND,0,128.48799999999756,18.149999999997817
26922.5,0.35163026991658136,0,0.344,171.819,,FIELD_BEND,0,128.48799999999756,18.149999999997817
26927.5,0.2595390118029327,0,0.344,169.305,,GIRTH_WELD,2,110.33799999999974,0.0
26932.5,0.2711125784819345,0,0.344,169.305,,GIRTH_WELD,2,110.33799999999974,0.0
26937.5,0.2711125784819345,0,0.344,169.305,,GIRTH_WELD,2,110.33799999999974,0.0
26942.5,0.2711125784819345,0,0.344,169.305,,GIRTH_WELD,2,110.33799999999974,0.0
26957.5,0.45322163301530355,0,0.344,159.524,,FIELD_BEND,2,81.20100000000093,29.136999999998807
26962.5,0.476381928892468,0,0.344,159.524,,FIELD_BEND,2,81.20100000000093,29.136999999998807
26967.5,0.4756402685931882,0,0.344,159.524,,FIELD_BEND,2,81.20100000000093,29.136999999998807
26972.5,0.45045618630344136,0,0.344,156.038,7:52,METAL_LOSS,2,71.35800000000017,24.031999999999243
26977.5,0.43886559232652916,0,0.344,154.907,,UNKNOWN,2,68.16600000000108,20.840000000000146
26982.5,0.47015317458670935,0,0.344,154.907,,UNKNOWN,2,68.16600000000108,20.840000000000146
26987.5,0.4624655763083033,0,0.344,145.104,,GIRTH_WELD,5,47.32600000000093,0.0
26992.5,0.5059018941075062,1,0.344,145.104,,GIRTH_WELD,5,47.32600000000093,0.0
26997.5,0.5081363928705842,1,0.344,145.104,,GIRTH_WELD,5,47.32600000000093,0.0
27002.5,0.5036558832970088,1,0.344,145.104,,GIRTH_WELD,5,47.32600000000093,0.0
27027.5,0.43607005863239323,0,0.344,125.997,3:29,METAL_LOSS,4,8.058000000000902,0.9940000000024156
27032.5,0.46671716393966717,0,0.344,125.997,3:29,METAL_LOSS,4,8.058000000000902,0.9940000000024156
27037.5,0.44510330199565123,0,0.5,125.513,,GIRTH_WELD,4,7.063999999998487,0.0
27042.5,0.46213408903882924,0,0.5,124.036,,BEND,4,0.0,7.063999999998487
27047.5,0.503879203586732,1,0.5,124.036,,BEND,4,0.0,7.063999999998487
27052.5,0.46001648591189237,0,0.344,123.588,3:49,METAL_LOSS,4,7.789000000000669,14.852999999999156
27057.5,0.4885078254625617,0,0.344,123.588,3:49,METAL_LOSS,4,7.789000000000669,14.852999999999156
27072.5,0.45738932449998665,0,0.344,134.697,,GIRTH_WELD,4,36.86999999999898,0.0
27077.5,0.42792246289291136,0,0.344,134.697,,GIRTH_WELD,4,36.86999999999898,0.0
27082.5,0.4264662666409438,0,0.344,134.697,,GIRTH_WELD,4,36.86999999999898,0.0
27087.5,0.4264662666409438,0,0.344,134.697,,GIRTH_WELD,4,36.86999999999898,0.0
27107.5,0.47569336798827444,0,0.344,148.351,,GIRTH_WELD,0,68.33300000000236,0.0
27112.5,0.49409780462086705,0,0.344,148.351,,GIRTH_WELD,0,68.33300000000236,0.0
27117.5,0.4940910638415108,0,0.344,148.351,,GIRTH_WELD,0,68.33300000000236,0.0
27122.5,0.42271993982256234,0,0.344,153.229,,FIELD_BEND,0,80.29200000000128,11.958999999998923
27127.5,0.4382191150805484,0,0.344,153.229,,FIELD_BEND,0,80.29200000000128,11.958999999998923
27132.5,0.43593601433825285,0,0.344,153.229,,FIELD_BEND,0,80.29200000000128,11.958999999998923
27137.5,0.37938208558738706,0,0.344,161.643,,FIELD_BEND,0,101.30199999999968,7.158999999999651
27142.5,0.3896965838850099,0,0.344,161.643,,FIELD_BEND,0,101.30199999999968,7.158999999999651
27147.5,0.38419262356155526,0,0.344,161.643,,FIELD_BEND,0,101.30199999999968,7.158999999999651
27152.5,0.32958305617012285,0,0.344,164.511,,GIRTH_WELD,0,108.46099999999933,0.0
27157.5,0.32219535501832863,0,0.344,164.511,,GIRTH_WELD,0,108.46099999999933,0.0
27162.5,0.32219535501832863,0,0.344,164.511,,GIRTH_WELD,0,108.46099999999933,0.0
27187.5,0.3276040497869188,0,0.344,175.236,,GIRTH_WELD,0,148.64800000000105,0.0
27192.5,0.31765682494246933,0,0.344,175.236,,GIRTH_WELD,0,148.64800000000105,0.0
27197.5,0.3174376463405638,0,0.344,175.236,,GIRTH_WELD,0,148.64800000000105,0.0
27202.5,0.32317225056071236,0,0.344,178.074,6:48,UNKNOWN,0,165.13400000000183,16.486000000000786
27207.5,0.31868252105168665,0,0.344,178.074,6:48,UNKNOWN,0,165.13400000000183,16.486000000000786
27212.5,0.32317225056071236,0,0.344,178.195,6:48,UNKNOWN,0,165.90500000000247,17.257000000001426
27217.5,0.31868252105168665,0,0.344,178.195,6:48,UNKNOWN,0,165.90500000000247,17.257000000001426
27227.5,0.34226437788593617,0,0.344,181.769,,GIRTH_WELD,0,188.6909999999989,0.0
27232.5,0.3352626090410498,0,0.344,181.769,,GIRTH_WELD,0,188.6909999999989,0.0
27237.5,0.3352626090410498,0,0.344,181.769,,GIRTH_WELD,0,188.6909999999989,0.0
27242.5,0.3352626090410498,0,0.344,181.769,,GIRTH_WELD,0,188.6909999999989,0.0
27267.5,0.3492034888849183,0,0.344,184.102,,GIRTH_WELD,2,228.90100000000166,0.0
27272.5,0.33723143110258647,0,0.344,184.102,,GIRTH_WELD,2,228.90100000000166,0.0
27277.5,0.33723143110258647,0,0.344,184.102,,GIRTH_WELD,2,228.90100000000166,0.0
27282.5,0.33723143110258647,0,0.344,184.102,,GIRTH_WELD,2,228.90100000000166,0.0
27297.5,0.3220704489348262,0,0.344,185.459,10:14,METAL_LOSS,3,258.8610000000008,10.045999999998457
27302.5,0.3037420645479448,0,0.344,185.459,10:14,METAL_LOSS,3,258.8610000000008,10.045999999998457
27307.5,0.3037420645479448,0,0.344,185.459,10:14,METAL_LOSS,3,258.8610000000008,10.045999999998457
27312.5,0.3665768244087353,0,0.344,185.908,,GIRTH_WELD,6,268.90699999999924,0.0
27317.5,0.35344950457890856,0,0.344,185.908,,GIRTH_WELD,6,268.90699999999924,0.0
27322.5,0.35344950457890856,0,0.344,185.908,,GIRTH_WELD,6,268.90699999999924,0.0
27327.5,0.5944642241620078,1,0.344,186.546,,FIELD_BEND,6,291.57800000000134,17.601999999998952
27332.5,0.5980468285532105,1,0.344,186.546,,FIELD_BEND,6,291.57800000000134,17.601999999998952
27337.5,0.5980468285532105,1,0.344,186.546,,FIELD_BEND,6,291.57800000000134,17.601999999998952
27342.5,0.5980468285532105,1,0.344,186.546,,FIELD_BEND,6,291.57800000000134,17.601999999998952
27347.5,0.5761559020576158,1,0.344,186.959,5:50,METAL_LOSS,6,307.4279999999999,1.7520000000004075
27352.5,0.5230104054047616,1,0.344,187.005,,GIRTH_WELD,3,309.1800000000003,0.0
27357.5,0.5269589640621486,1,0.344,187.005,,GIRTH_WELD,3,309.1800000000003,0.0
27362.5,0.5269589640621486,1,0.344,187.005,,GIRTH_WELD,3,309.1800000000003,0.0
27367.5,0.6626155786034039,1,0.344,187.336,,FIELD_BEND,7,330.2489999999998,8.222000000001572
27372.5,0.6699781409337876,1,0.344,187.336,,FIELD_BEND,7,330.2489999999998,8.222000000001572
27377.5,0.6699781409337876,1,0.344,187.336,,FIELD_BEND,7,330.2489999999998,8.222000000001572
27382.5,0.6662038471041647,1,0.344,187.454,,GIRTH_WELD,7,338.47100000000137,0.0
27387.5,0.6590236338755718,1,0.344,187.568,,FIELD_BEND,7,346.1150000000016,7.644000000000233
27392.5,0.6674267646221828,1,0.344,187.568,,FIELD_BEND,7,346.1150000000016,7.644000000000233
27397.5,0.42742328210924135,0,0.344,187.769,10:06,UNKNOWN,3,359.32700000000114,19.337999999999738
27402.5,0.42985413706085074,0,0.344,187.769,10:06,UNKNOWN,3,359.32700000000114,19.337999999999738
27407.5,0.42985413706085074,0,0.344,187.769,10:06,UNKNOWN,3,359.32700000000114,19.337999999999738
27412.5,0.42985413706085074,0,0.344,187.769,10:06,UNKNOWN,3,359.32700000000114,19.337999999999738
27417.5,0.43260276062743436,0,0.344,188.062,,GIRTH_WELD,3,378.6650000000009,0.0
27422.5,0.4326661928382092,0,0.344,188.062,,GIRTH_WELD,3,378.6650000000009,0.0
27427.5,0.4410644419027243,0,0.344,188.075,5:41,METAL_LOSS,3,379.52700000000186,0.8620000000009895
27432.5,0.4416249362207115,0,0.344,188.075,5:41,METAL_LOSS,3,379.52700000000186,0.8620000000009895
27457.5,0.22522468321354064,0,0.344,188.616,,GIRTH_WELD,3,418.599000000002,0.0
27462.5,0.22541451535238147,0,0.344,188.616,,GIRTH_WELD,3,418.599000000002,0.0
27467.5,0.22541451535238147,0,0.344,188.616,,GIRTH_WELD,3,418.599000000002,0.0
27472.5,0.22541451535238147,0,0.344,188.616,,GIRTH_WELD,3,418.599000000002,0.0
27497.5,0.46130109708341666,0,0.344,188.612,,GIRTH_WELD,0,458.8189999999995,0.0
27502.5,0.46130109708341666,0,0.344,188.612,,GIRTH_WELD,0,458.8189999999995,0.0
27507.5,0.46130109708341666,0,0.344,188.612,,GIRTH_WELD,0,458.8189999999995,0.0
27512.5,0.46130109708341666,0,0.344,188.612,,GIRTH_WELD,0,458.8189999999995,0.0
27537.5,0.2891531873368665,0,0.344,188.179,,GIRTH_WELD,4,498.7560000000012,0.0
27542.5,0.320289008562187,0,0.344,188.179,,GIRTH_WELD,4,498.7560000000012,0.0
27547.5,0.320289008562187,0,0.344,188.179,,GIRTH_WELD,4,498.7560000000012,0.0
27552.5,0.320289008562187,0,0.344,188.179,,GIRTH_WELD,4,498.7560000000012,0.0
27572.5,0.4537181939976154,0,0.344,188.141,8:08,METAL_LOSS,4,488.8590000000004,0.6930000000029395
27577.5,0.45386782695840816,0,0.344,188.141,8:08,METAL_LOSS,4,488.8590000000004,0.6930000000029395
27582.5,0.45386782695840816,0,0.344,188.141,8:08,METAL_LOSS,4,488.8590000000004,0.6930000000029395
27587.5,0.5656721642735716,1,0.344,188.141,,GIRTH_WELD,4,488.16599999999744,0.0
27592.5,0.5656721642735716,1,0.344,188.141,,GIRTH_WELD,4,488.16599999999744,0.0
27617.5,0.6781465713802274,1,0.344,188.712,,GIRTH_WELD,8,448.1859999999979,0.0
27622.5,0.695392704075488,1,0.344,188.712,,GIRTH_WELD,8,448.1859999999979,0.0
27627.5,0.6758927728175652,1,0.344,188.881,3:28,UNKNOWN,8,442.28700000000026,5.8989999999976135
27632.5,0.6876773642524892,1,0.344,188.881,3:28,UNKNOWN,8,442.28700000000026,5.8989999999976135
27637.5,0.6899680982613893,1,0.344,189.436,3:12,UNKNOWN,7,427.8019999999997,19.754000000000815
27642.5,0.695671466625878,1,0.344,189.436,3:12,UNKNOWN,7,427.8019999999997,19.754000000000815
27647.5,0.695671466625878,1,0.344,189.436,3:12,UNKNOWN,7,427.8019999999997,19.754000000000815
27652.5,0.695671466625878,1,0.344,189.436,3:12,UNKNOWN,7,427.8019999999997,19.754000000000815
27657.5,0.6611169855984683,1,0.344,190.194,,GIRTH_WELD,7,408.04799999999886,0.0
27662.5,0.6672397151984647,1,0.344,190.194,,GIRTH_WELD,7,408.04799999999886,0.0
27667.5,0.6498550071932097,1,0.344,190.26,12:59,METAL_LOSS,7,406.3289999999979,1.7190000000009604
27672.5,0.6553770273787666,1,0.344,190.26,12:59,METAL_LOSS,7,406.3289999999979,1.7190000000009604
27677.5,0.6148178764433532,1,0.344,191.058,12:49,METAL_LOSS,7,388.33699999999953,19.71099999999933
27682.5,0.6206420986940825,1,0.344,191.058,12:49,METAL_LOSS,7,388.33699999999953,19.71099999999933
27687.5,0.6206420986940825,1,0.344,191.058,12:49,METAL_LOSS,7,388.33699999999953,19.71099999999933
27692.5,0.6206420986940825,1,0.344,191.058,12:49,METAL_LOSS,7,388.33699999999953,19.71099999999933
27697.5,0.5681581491957433,1,0.344,191.959,,GIRTH_WELD,7,368.1299999999974,0.0
27702.5,0.5718003746816502,1,0.344,191.959,,GIRTH_WELD,7,368.1299999999974,0.0
27707.5,0.5718003746816502,1,0.344,191.959,,GIRTH_WELD,7,368.1299999999974,0.0
27712.5,0.5718003746816502,1,0.344,191.959,,GIRTH_WELD,7,368.1299999999974,0.0
27737.5,0.4741583194481304,0,0.344,194.068,,GIRTH_WELD,0,327.887999999999,0.0
27742.5,0.4881137191441788,0,0.344,194.068,,GIRTH_WELD,0,327.887999999999,0.0
27747.5,0.4661089777896986,0,0.344,194.085,10:22,UNKNOWN,0,327.5599999999977,0.3280000000013388
27752.5,0.44696229253383735,0,0.344,194.857,10:17,UNKNOWN,0,310.79399999999805,17.09400000000096
27757.5,0.45852005452907496,0,0.344,194.857,10:17,UNKNOWN,0,310.79399999999805,17.09400000000096
27762.5,0.34148527243670457,0,0.344,194.989,10:22,UNKNOWN,0,307.85499999999956,19.98700000000099
27767.5,0.34782987119855124,0,0.344,194.989,10:22,UNKNOWN,0,307.85499999999956,19.98700000000099
27772.5,0.3456861987648912,0,0.344,194.989,10:22,UNKNOWN,0,307.85499999999956,19.98700000000099
27777.5,0.3057943861096198,0,0.344,195.888,,GIRTH_WELD,0,287.8679999999986,0.0
27782.5,0.2814467479312003,0,0.344,195.888,,GIRTH_WELD,0,287.8679999999986,0.0
27787.5,0.2814467479312003,0,0.344,195.888,,GIRTH_WELD,0,287.8679999999986,0.0
27792.5,0.31498251971118896,0,0.344,196.417,,FIELD_BEND,0,272.8319999999985,15.036000000000058
27797.5,0.2914669779478745,0,0.344,196.417,,FIELD_BEND,0,272.8319999999985,15.036000000000058
27802.5,0.2914669779478745,0,0.344,196.417,,FIELD_BEND,0,272.8319999999985,15.036000000000058
27807.5,0.2914669779478745,0,0.344,196.417,,FIELD_BEND,0,272.8319999999985,15.036000000000058
27817.5,0.19091425790209526,0,0.344,197.257,,GIRTH_WELD,0,247.55299999999988,0.0
27822.5,0.21437313273093064,0,0.344,197.257,,GIRTH_WELD,0,247.55299999999988,0.0
27827.5,0.21437313273093064,0,0.344,197.257,,GIRTH_WELD,0,247.55299999999988,0.0
27832.5,0.21437313273093064,0,0.344,197.257,,GIRTH_WELD,0,247.55299999999988,0.0
27857.5,0.1900044101486127,0,0.344,197.921,,GIRTH_WELD,0,207.55299999999988,0.0
27862.5,0.21553669421181798,0,0.344,197.921,,GIRTH_WELD,0,207.55299999999988,0.0
27867.5,0.21553669421181798,0,0.344,197.921,,GIRTH_WELD,0,207.55299999999988,0.0
27872.5,0.21407886447151359,0,0.344,198.077,10:37,UNKNOWN,0,193.0119999999988,14.541000000001077
27877.5,0.2259597864230156,0,0.344,198.077,10:37,UNKNOWN,0,193.0119999999988,14.541000000001077
27882.5,0.2259597864230156,0,0.344,198.077,10:37,UNKNOWN,0,193.0119999999988,14.541000000001077
27887.5,0.2259597864230156,0,0.344,198.077,10:37,UNKNOWN,0,193.0119999999988,14.541000000001077
27897.5,0.18991715297711362,0,0.344,198.326,,GIRTH_WELD,0,167.24099999999817,0.0
27902.5,0.21242655372286084,0,0.344,198.326,,GIRTH_WELD,0,167.24099999999817,0.0
27907.5,0.21900179124732028,0,0.344,198.373,7:26,UNKNOWN,0,161.36199999999735,5.879000000000815
27912.5,0.2223941378261816,0,0.344,198.391,7:20,UNKNOWN,0,158.70799999999872,8.532999999999447
27917.5,0.2299342466027317,0,0.344,198.425,7:23,UNKNOWN,0,153.5699999999997,13.670999999998457
27922.5,0.2613285034128383,0,0.344,198.465,7:23,UNKNOWN,0,147.7599999999984,19.480999999999767
27927.5,0.27790441417565004,0,0.344,198.498,7:21,UNKNOWN,0,142.8249999999971,15.576999999997497
27932.5,0.2880412019908361,0,0.344,198.534,7:23,UNKNOWN,0,137.50399999999718,10.255999999997584
27937.5,0.30062270978598327,0,0.344,198.543,7:33,UNKNOWN,0,136.22099999999773,8.972999999998137
27942.5,0.31760518680627925,0,0.344,198.603,,GIRTH_WELD,0,127.24799999999959,0.0
27947.5,0.2971187681367113,0,0.344,198.603,,GIRTH_WELD,0,127.24799999999959,0.0
27952.5,0.2971187681367113,0,0.344,198.603,,GIRTH_WELD,0,127.24799999999959,0.0
27977.5,0.44803826791477,0,0.344,194.708,,GIRTH_WELD,0,86.9529999999977,0.0
27982.5,0.4861164669105371,0,0.344,194.708,,GIRTH_WELD,0,86.9529999999977,0.0
27987.5,0.48835254281002916,0,0.344,194.708,,GIRTH_WELD,0,86.9529999999977,0.0
27992.5,0.48835254281002916,0,0.344,194.708,,GIRTH_WELD,0,86.9529999999977,0.0
27997.5,0.4269666268870339,0,0.344,190.914,7:39,UNKNOWN,0,70.39099999999962,16.56199999999808
28002.5,0.4269666268870339,0,0.344,190.835,7:31,UNKNOWN,0,70.0789999999979,16.873999999999796
28007.5,0.4511479074522896,0,0.344,190.835,7:31,UNKNOWN,0,70.0789999999979,16.873999999999796
28017.5,0.44933322937399367,0,0.344,184.988,,GIRTH_WELD,4,46.810999999997875,0.0
28022.5,0.47847596603762427,0,0.344,184.988,,GIRTH_WELD,4,46.810999999997875,0.0
28027.5,0.47184879329311236,0,0.344,184.988,,GIRTH_WELD,4,46.810999999997875,0.0
28032.5,0.47085455522980996,0,0.344,184.988,,GIRTH_WELD,4,46.810999999997875,0.0
28047.5,0.5381257291866253,1,0.344,173.961,11:49,METAL_LOSS,7,17.842000000000553,11.122000000003027
28052.5,0.5724339478494295,1,0.344,173.961,11:49,METAL_LOSS,7,17.842000000000553,11.122000000003027
28057.5,0.5644941783953911,1,0.344,172.96,7:17,METAL_LOSS,7,15.291999999997643,8.572000000000116
28062.5,0.5178751237750723,1,0.5,169.591,,GIRTH_WELD,7,6.719999999997526,0.0
28067.5,0.55433493056853,1,0.5,169.591,,GIRTH_WELD,7,6.719999999997526,0.0
28072.5,0.556742469020308,1,0.5,168.518,,BEND,7,0.0,6.610000000000582
28077.5,0.5167364095609526,1,0.344,168.374,,GIRTH_WELD,7,6.610000000000582,0.0
28082.5,0.5121240594932972,1,0.344,168.371,3:09,METAL_LOSS,7,6.7810000000026776,0.17100000000209548
28087.5,0.5454592078379377,1,0.344,168.371,3:09,METAL_LOSS,7,6.7810000000026776,0.17100000000209548
28112.5,0.4419719332355765,0,0.344,180.391,,GIRTH_WELD,2,46.876000000000204,0.0
28117.5,0.44448786561497206,0,0.344,180.391,,GIRTH_WELD,2,46.876000000000204,0.0
28122.5,0.4466659148695309,0,0.344,181.58,,FIELD_BEND,2,55.53399999999965,8.657999999999447
28127.5,0.45547061839912883,0,0.344,181.58,,FIELD_BEND,2,55.53399999999965,8.657999999999447
28132.5,0.45547061839912883,0,0.344,181.58,,FIELD_BEND,2,55.53399999999965,8.657999999999447
28152.5,0.3562214330237899,0,0.344,183.592,,GIRTH_WELD,0,87.3090000000011,0.0
28157.5,0.36463269675586774,0,0.344,183.592,,GIRTH_WELD,0,87.3090000000011,0.0
28162.5,0.3677233030116638,0,0.344,183.592,,GIRTH_WELD,0,87.3090000000011,0.0
28167.5,0.3677233030116638,0,0.344,183.592,,GIRTH_WELD,0,87.3090000000011,0.0
28172.5,0.25109638326213096,0,0.344,182.828,,GIRTH_WELD,0,107.80500000000029,0.0
28177.5,0.29095262223456875,0,0.344,182.828,,GIRTH_WELD,0,107.80500000000029,0.0
28182.5,0.2901809874904621,0,0.344,182.828,,GIRTH_WELD,0,107.80500000000029,0.0
28187.5,0.2901809874904621,0,0.344,182.828,,GIRTH_WELD,0,107.80500000000029,0.0
28212.5,0.1926155610232673,0,0.344,179.699,,GIRTH_WELD,0,148.00800000000163,0.0
28217.5,0.2169030915337628,0,0.344,179.699,,GIRTH_WELD,0,148.00800000000163,0.0
28222.5,0.2169030915337628,0,0.344,179.699,,GIRTH_WELD,0,148.00800000000163,0.0
28227.5,0.2169030915337628,0,0.344,179.699,,GIRTH_WELD,0,148.00800000000163,0.0
28252.5,0.20651050374213495,0,0.344,174.605,,GIRTH_WELD,0,187.98199999999997,0.0
28257.5,0.23250675447497765,0,0.344,174.605,,GIRTH_WELD,0,187.98199999999997,0.0
28262.5,0.23148374730965787,0,0.344,174.605,,GIRTH_WELD,0,187.98199999999997,0.0
28267.5,0.22984666993166872,0,0.344,174.605,,GIRTH_WELD,0,187.98199999999997,0.0
28292.5,0.17416145380518042,0,0.344,168.999,,GIRTH_WELD,0,228.10000000000218,0.0
28297.5,0.18884514584517967,0,0.344,168.999,,GIRTH_WELD,0,228.10000000000218,0.0
28302.5,0.18884514584517967,0,0.344,168.999,,GIRTH_WELD,0,228.10000000000218,0.0
28307.5,0.18884514584517967,0,0.344,168.999,,GIRTH_WELD,0,228.10000000000218,0.0
28312.5,0.18580271602808068,0,0.344,166.638,10:13,UNKNOWN,0,246.14800000000105,14.57300000000032
28317.5,0.20966734268578946,0,0.344,166.638,10:13,UNKNOWN,0,246.14800000000105,14.57300000000032
28322.5,0.1854094121015857,0,0.344,166.51,10:32,UNKNOWN,0,247.13200000000143,13.588999999999942
28327.5,0.17897031567811436,0,0.344,164.752,,GIRTH_WELD,0,260.72100000000137,0.0
28332.5,0.19246642650579193,0,0.344,164.752,,GIRTH_WELD,0,260.72100000000137,0.0
28337.5,0.19246642650579193,0,0.344,164.752,,GIRTH_WELD,0,260.72100000000137,0.0
28362.5,0.17596248882436133,0,0.344,159.853,,GIRTH_WELD,0,300.9480000000003,0.0
28367.5,0.18502060989356905,0,0.344,159.853,,GIRTH_WELD,0,300.9480000000003,0.0
28372.5,0.1866643090297792,0,0.344,159.853,,GIRTH_WELD,0,300.9480000000003,0.0
28377.5,0.18980636068492657,0,0.344,159.853,,GIRTH_WELD,0,300.9480000000003,0.0
28397.5,0.1827946556994264,0,0.344,155.808,,GIRTH_WELD,0,333.77900000000227,0.0
28402.5,0.17418013707525087,0,0.344,155.808,,GIRTH_WELD,0,333.77900000000227,0.0
28407.5,0.17418013707525087,0,0.344,155.808,,GIRTH_WELD,0,333.77900000000227,0.0
28412.5,0.17929685371846735,0,0.344,155.808,,GIRTH_WELD,0,333.77900000000227,0.0
28437.5,0.19352883467887605,0,0.344,150.407,,GIRTH_WELD,0,373.95300000000134,0.0
28442.5,0.18768483779705247,0,0.344,150.407,,GIRTH_WELD,0,373.95300000000134,0.0
28447.5,0.18768483779705247,0,0.344,150.407,,GIRTH_WELD,0,373.95300000000134,0.0
28452.5,0.18768483779705247,0,0.344,150.407,,GIRTH_WELD,0,373.95300000000134,0.0
28457.5,0.19521196235171487,0,0.344,148.614,,FIELD_BEND,0,390.96700000000055,17.013999999999214
28462.5,0.2081840341351613,0,0.344,148.614,,FIELD_BEND,0,390.96700000000055,17.013999999999214
28467.5,0.21099944533405718,0,0.344,148.614,,FIELD_BEND,0,390.96700000000055,17.013999999999214
28477.5,0.20226807300311986,0,0.344,146.299,,GIRTH_WELD,0,414.0580000000009,0.0
28482.5,0.2006691280114202,0,0.344,146.299,,GIRTH_WELD,0,414.0580000000009,0.0
28487.5,0.2006691280114202,0,0.344,146.299,,GIRTH_WELD,0,414.0580000000009,0.0
28492.5,0.2006691280114202,0,0.344,146.299,,GIRTH_WELD,0,414.0580000000009,0.0
28512.5,0.19596458497171,0,0.344,143.919,4:58,UNKNOWN,0,451.1020000000026,3.165999999997439
28517.5,0.20268223081628153,0,0.344,143.919,4:58,UNKNOWN,0,451.1020000000026,3.165999999997439
28522.5,0.20268223081628153,0,0.344,143.919,4:58,UNKNOWN,0,451.1020000000026,3.165999999997439
28527.5,0.20442731708480819,0,0.344,143.724,,GIRTH_WELD,0,454.26800000000003,0.0
28532.5,0.20187246206876341,0,0.344,143.724,,GIRTH_WELD,0,454.26800000000003,0.0
28557.5,0.2236420889995948,0,0.344,141.451,,GIRTH_WELD,0,494.28399999999965,0.0
28562.5,0.22561743198818277,0,0.344,141.451,,GIRTH_WELD,0,494.28399999999965,0.0
28567.5,0.22561743198818277,0,0.344,141.451,,GIRTH_WELD,0,494.28399999999965,0.0
28572.5,0.22561743198818277,0,0.344,141.451,,GIRTH_WELD,0,494.28399999999965,0.0
28597.5,0.23477292206773903,0,0.344,138.44,,GIRTH_WELD,0,534.4480000000003,0.0
28602.5,0.24875286296474625,0,0.344,138.44,,GIRTH_WELD,0,534.4480000000003,0.0
28607.5,0.24795364945560905,0,0.344,138.44,,GIRTH_WELD,0,534.4480000000003,0.0
28612.5,0.24973503641100994,0,0.344,138.44,,GIRTH_WELD,0,534.4480000000003,0.0
28617.5,0.3173480425677206,0,0.344,136.514,,FIELD_BEND,0,551.0920000000006,16.644000000000233
28622.5,0.3451857431061108,0,0.344,136.514,,FIELD_BEND,0,551.0920000000006,16.644000000000233
28627.5,0.3451857431061108,0,0.344,136.514,,FIELD_BEND,0,551.0920000000006,16.644000000000233
28637.5,0.36321914529917393,0,0.344,133.636,,GIRTH_WELD,0,574.5370000000003,0.0
28642.5,0.4320214384582647,0,0.344,133.636,,GIRTH_WELD,0,574.5370000000003,0.0
28647.5,0.43141765549279126,0,0.344,133.636,,GIRTH_WELD,0,574.5370000000003,0.0
28652.5,0.43059306932216557,0,0.344,133.636,,GIRTH_WELD,0,574.5370000000003,0.0
28677.5,0.3650088204721782,0,0.344,130.441,,GIRTH_WELD,0,614.6910000000025,0.0
28682.5,0.44695494656429413,0,0.344,130.441,,GIRTH_WELD,0,614.6910000000025,0.0
28687.5,0.44695494656429413,0,0.344,130.441,,GIRTH_WELD,0,614.6910000000025,0.0
28692.5,0.44695494656429413,0,0.344,130.441,,GIRTH_WELD,0,614.6910000000025,0.0
28717.5,0.28169845650783204,0,0.344,129.556,,GIRTH_WELD,3,654.7170000000006,0.0
28722.5,0.3154018649106907,0,0.344,129.556,,GIRTH_WELD,3,654.7170000000006,0.0
28727.5,0.3154018649106907,0,0.344,129.556,,GIRTH_WELD,3,654.7170000000006,0.0
28732.5,0.3154018649106907,0,0.344,129.556,,GIRTH_WELD,3,654.7170000000006,0.0
28737.5,0.33114294208832684,0,0.344,130.012,6:25,METAL_LOSS,3,672.6010000000024,17.884000000001834
28742.5,0.30873312238388456,0,0.344,130.012,6:25,METAL_LOSS,3,672.6010000000024,17.884000000001834
28747.5,0.30873312238388456,0,0.344,130.012,6:25,METAL_LOSS,3,672.6010000000024,17.884000000001834
28752.5,0.30873312238388456,0,0.344,130.012,6:25,METAL_LOSS,3,672.6010000000024,17.884000000001834
28757.5,0.34188996015372625,0,0.344,130.739,,GIRTH_WELD,3,694.8909999999996,0.0
28762.5,0.31405929968977486,0,0.344,130.739,,GIRTH_WELD,3,694.8909999999996,0.0
28767.5,0.31405929968977486,0,0.344,130.739,,GIRTH_WELD,3,694.8909999999996,0.0
28772.5,0.31405929968977486,0,0.344,130.739,,GIRTH_WELD,3,694.8909999999996,0.0
28797.5,0.4601147162712141,0,0.344,133.763,,GIRTH_WELD,0,734.760000000002,0.0
28802.5,0.47154098466969246,0,0.344,133.763,,GIRTH_WELD,0,734.760000000002,0.0
28807.5,0.47154098466969246,0,0.344,133.763,,GIRTH_WELD,0,734.760000000002,0.0
28812.5,0.4723655708403182,0,0.344,133.763,,GIRTH_WELD,0,734.760000000002,0.0
28837.5,0.4543452300330717,0,0.344,134.692,,GIRTH_WELD,0,775.0550000000003,0.0
28842.5,0.4775049126046681,0,0.344,134.692,,GIRTH_WELD,0,775.0550000000003,0.0
28847.5,0.4775049126046681,0,0.344,134.692,,GIRTH_WELD,0,775.0550000000003,0.0
28852.5,0.4775049126046681,0,0.344,134.692,,GIRTH_WELD,0,775.0550000000003,0.0
28862.5,0.3713797177129711,0,0.344,134.631,,FIELD_BEND,0,799.3760000000002,15.74500000000262
28867.5,0.39427235503837144,0,0.344,134.631,,FIELD_BEND,0,799.3760000000002,15.74500000000262
28872.5,0.39427235503837144,0,0.344,134.631,,FIELD_BEND,0,799.3760000000002,15.74500000000262
28877.5,0.39427235503837144,0,0.344,134.631,,FIELD_BEND,0,799.3760000000002,15.74500000000262
28882.5,0.32131805115793804,0,0.344,134.552,,GIRTH_WELD,3,815.1210000000028,0.0
28887.5,0.3677125523301952,0,0.344,134.552,,GIRTH_WELD,3,815.1210000000028,0.0
28892.5,0.2875107255077123,0,0.344,134.181,4:10,UNKNOWN,3,824.3009999999995,9.179999999996653
28897.5,0.3075941298074079,0,0.344,134.181,4:10,UNKNOWN,3,824.3009999999995,9.179999999996653
28902.5,0.2855515360751771,0,0.344,133.76,3:57,UNKNOWN,3,832.1419999999998,17.020999999997002
28907.5,0.30473749179953646,0,0.344,133.481,4:16,UNKNOWN,3,837.3450000000012,22.22399999999834
28912.5,0.3075154295963167,0,0.344,133.248,4:06,UNKNOWN,3,841.6920000000027,26.570999999999913
28917.5,0.31359647549079267,0,0.344,133.248,4:06,UNKNOWN,3,841.6920000000027,26.570999999999913
28922.5,0.3029122774817196,0,0.344,132.574,,UNKNOWN,3,854.2450000000026,39.123999999999796
28927.5,0.31785986398879484,0,0.344,132.476,5:47,METAL_LOSS,3,856.0790000000015,39.284999999999854
28932.5,0.30814380887806214,0,0.344,132.432,,UNKNOWN,3,856.8890000000029,38.474999999998545
28937.5,0.3227671338732652,0,0.344,132.432,,UNKNOWN,3,856.8890000000029,38.474999999998545
28957.5,0.31854206730275053,0,0.344,130.627,,GIRTH_WELD,3,840.1239999999998,0.0
28962.5,0.3553090635300811,0,0.344,130.627,,GIRTH_WELD,3,840.1239999999998,0.0
28967.5,0.3586180983284209,0,0.344,130.627,,GIRTH_WELD,3,840.1239999999998,0.0
28972.5,0.3586180983284209,0,0.344,130.627,,GIRTH_WELD,3,840.1239999999998,0.0
28997.5,0.42734117714578596,0,0.344,128.418,,GIRTH_WELD,0,799.8650000000016,0.0
29002.5,0.49855736521494703,0,0.344,128.418,,GIRTH_WELD,0,799.8650000000016,0.0
29007.5,0.49855736521494703,0,0.344,128.418,,GIRTH_WELD,0,799.8650000000016,0.0
29012.5,0.49855736521494703,0,0.344,128.418,,GIRTH_WELD,0,799.8650000000016,0.0
29037.5,0.3174595595351129,0,0.344,127.23,,GIRTH_WELD,0,759.8060000000005,0.0
29042.5,0.3807959161093698,0,0.344,127.23,,GIRTH_WELD,0,759.8060000000005,0.0
29047.5,0.3807959161093698,0,0.344,127.23,,GIRTH_WELD,0,759.8060000000005,0.0
29052.5,0.3807959161093698,0,0.344,127.23,,GIRTH_WELD,0,759.8060000000005,0.0
29077.5,0.19635233915333816,0,0.344,127.516,,GIRTH_WELD,0,719.5600000000013,0.0
29082.5,0.21540076871417202,0,0.344,127.516,,GIRTH_WELD,0,719.5600000000013,0.0
29087.5,0.21540076871417202,0,0.344,127.516,,GIRTH_WELD,0,719.5600000000013,0.0
29092.5,0.21540076871417202,0,0.344,127.516,,GIRTH_WELD,0,719.5600000000013,0.0
29117.5,0.31180614653482036,0,0.344,128.599,,GIRTH_WELD,0,679.5760000000009,0.0
29122.5,0.34310414280800167,0,0.344,128.599,,GIRTH_WELD,0,679.5760000000009,0.0
29127.5,0.34310414280800167,0,0.344,128.599,,GIRTH_WELD,0,679.5760000000009,0.0
29132.5,0.34310414280800167,0,0.344,128.599,,GIRTH_WELD,0,679.5760000000009,0.0
29157.5,0.43294587990108474,0,0.344,129.056,,UNKNOWN,0,640.9540000000015,1.6560000000026776
29162.5,0.44892380415406974,0,0.344,129.056,,UNKNOWN,0,640.9540000000015,1.6560000000026776
29167.5,0.48868193277648797,0,0.344,129.073,,GIRTH_WELD,0,639.2979999999989,0.0
29172.5,0.5108731047158934,1,0.344,129.073,,GIRTH_WELD,0,639.2979999999989,0.0
29192.5,0.4587485177551629,0,0.344,128.388,,GIRTH_WELD,1,606.0,0.0
29197.5,0.5334513933401258,1,0.344,128.388,,GIRTH_WELD,1,606.0,0.0
29202.5,0.5334513933401258,1,0.344,128.388,,GIRTH_WELD,1,606.0,0.0
29207.5,0.5334513933401258,1,0.344,128.388,,GIRTH_WELD,1,606.0,0.0
29227.5,0.5164881962728769,1,0.344,127.323,,AGM,5,571.8499999999985,34.150000000001455
29232.5,0.5533540023032419,1,0.344,127.323,,AGM,5,571.8499999999985,34.150000000001455
29237.5,0.5533540023032419,1,0.344,127.323,,AGM,5,571.8499999999985,34.150000000001455
29242.5,0.5074283529853151,1,0.344,127.075,,UNKNOWN,5,564.0319999999992,38.300999999999476
29247.5,0.5428332604577882,1,0.344,127.075,,UNKNOWN,5,564.0319999999992,38.300999999999476
29252.5,0.5041839001498718,1,0.344,125.988,5:29,METAL_LOSS,5,546.7220000000016,20.991000000001804
29257.5,0.5497641307486465,1,0.344,125.988,5:29,METAL_LOSS,5,546.7220000000016,20.991000000001804
29262.5,0.5497641307486465,1,0.344,125.988,5:29,METAL_LOSS,5,546.7220000000016,20.991000000001804
29267.5,0.5497641307486465,1,0.344,125.988,5:29,METAL_LOSS,5,546.7220000000016,20.991000000001804
29272.5,0.7102810251738038,1,0.344,124.64,,GIRTH_WELD,9,525.7309999999998,0.0
29277.5,0.7485502205202078,1,0.344,124.64,,GIRTH_WELD,9,525.7309999999998,0.0
29282.5,0.7485502205202078,1,0.344,124.64,,GIRTH_WELD,9,525.7309999999998,0.0
29287.5,0.7485502205202078,1,0.344,124.64,,GIRTH_WELD,9,525.7309999999998,0.0
29312.5,0.5903303723278333,1,0.344,122.187,,UNKNOWN,3,487.4569999999985,38.27400000000125
29317.5,0.6236293854646556,1,0.344,122.187,,UNKNOWN,3,487.4569999999985,38.27400000000125
29322.5,0.5814506710431606,1,0.344,122.015,,UNKNOWN,3,484.7769999999982,39.17999999999665
29327.5,0.6125424042877176,1,0.344,122.015,,UNKNOWN,3,484.7769999999982,39.17999999999665
29352.5,0.5300441359719111,1,0.344,119.613,,GIRTH_WELD,7,445.5970000000016,0.0
29357.5,0.5744464434461694,1,0.344,119.613,,GIRTH_WELD,7,445.5970000000016,0.0
29362.5,0.5744464434461694,1,0.344,119.613,,GIRTH_WELD,7,445.5970000000016,0.0
29367.5,0.5744464434461694,1,0.344,119.613,,GIRTH_WELD,7,445.5970000000016,0.0
29372.5,0.4387452158257791,0,0.344,118.959,2:09,METAL_LOSS,3,426.59400000000096,19.00300000000061
29377.5,0.46671825537065226,0,0.344,118.959,2:09,METAL_LOSS,3,426.59400000000096,19.00300000000061
29382.5,0.4387452158257791,0,0.344,118.898,2:11,METAL_LOSS,3,424.58000000000175,19.160000000003492
29387.5,0.46671825537065226,0,0.344,118.898,2:11,METAL_LOSS,3,424.58000000000175,19.160000000003492
29392.5,0.4370027048748961,0,0.344,118.316,,GIRTH_WELD,3,405.41999999999825,0.0
29397.5,0.4832247312569432,0,0.344,118.316,,GIRTH_WELD,3,405.41999999999825,0.0
29402.5,0.4832247312569432,0,0.344,118.316,,GIRTH_WELD,3,405.41999999999825,0.0
29407.5,0.4832247312569432,0,0.344,118.316,,GIRTH_WELD,3,405.41999999999825,0.0
29432.5,0.46358792196070076,0,0.344,116.908,,GIRTH_WELD,0,365.3770000000004,0.0
29437.5,0.5199861710791568,1,0.344,116.908,,GIRTH_WELD,0,365.3770000000004,0.0
29442.5,0.5199861710791568,1,0.344,116.908,,GIRTH_WELD,0,365.3770000000004,0.0
29447.5,0.5199861710791568,1,0.344,116.908,,GIRTH_WELD,0,365.3770000000004,0.0
29472.5,0.6045128973184866,1,0.344,114.625,,GIRTH_WELD,3,325.10499999999956,0.0
29477.5,0.6428187168687167,1,0.344,114.625,,GIRTH_WELD,3,325.10499999999956,0.0
29482.5,0.6428187168687167,1,0.344,114.625,,GIRTH_WELD,3,325.10499999999956,0.0
29487.5,0.6428187168687167,1,0.344,114.625,,GIRTH_WELD,3,325.10499999999956,0.0
29512.5,0.7688450379387052,1,0.344,111.076,,GIRTH_WELD,12,285.00900000000183,0.0
29517.5,0.8035765406727957,1,0.344,111.076,,GIRTH_WELD,12,285.00900000000183,0.0
29522.5,0.8035765406727957,1,0.344,111.076,,GIRTH_WELD,12,285.00900000000183,0.0
29527.5,0.758693860988094,1,0.344,110.506,5:44,METAL_LOSS,12,277.6769999999997,7.332000000002154
29532.5,0.7606953410008992,1,0.344,110.229,4:53,METAL_LOSS,12,273.77899999999863,11.230000000003201
29537.5,0.7626519238069338,1,0.344,109.923,,UNKNOWN,12,269.47499999999854,15.534000000003289
29542.5,0.7662630559790241,1,0.344,109.63,7:05,METAL_LOSS,12,265.35699999999997,19.652000000001863
29547.5,0.8078034848528843,1,0.344,109.63,7:05,METAL_LOSS,12,265.35699999999997,19.652000000001863
29552.5,0.759918953170716,1,0.344,108.605,7:23,METAL_LOSS,12,250.9449999999997,6.287000000000262
29557.5,0.7617660986844321,1,0.344,108.403,7:21,METAL_LOSS,12,248.10299999999916,3.444999999999709
29562.5,0.7656596293984529,1,0.344,108.158,,GIRTH_WELD,12,244.65799999999945,0.0
29567.5,0.7666422027448856,1,0.344,108.066,,UNKNOWN,12,243.362000000001,1.2959999999984575
29572.5,0.7967279322054605,1,0.344,108.066,,UNKNOWN,12,243.362000000001,1.2959999999984575
29592.5,0.6304251117246435,1,0.344,108.28,,GIRTH_WELD,4,204.64900000000125,0.0
29597.5,0.6355518744360631,1,0.344,108.28,,GIRTH_WELD,4,204.64900000000125,0.0
29602.5,0.6355518744360631,1,0.344,108.28,,GIRTH_WELD,4,204.64900000000125,0.0
29607.5,0.6355518744360631,1,0.344,108.28,,GIRTH_WELD,4,204.64900000000125,0.0
29632.5,0.4764464531343516,0,0.344,108.563,,GIRTH_WELD,0,164.4290000000001,0.0
29637.5,0.48805049388520266,0,0.344,108.563,,GIRTH_WELD,0,164.4290000000001,0.0
29642.5,0.48805049388520266,0,0.344,108.563,,GIRTH_WELD,0,164.4290000000001,0.0
29647.5,0.4363811000560298,0,0.344,108.571,1:28,UNKNOWN,0,163.1820000000007,1.2469999999993888
29652.5,0.40016061649792356,0,0.344,108.724,1:36,UNKNOWN,0,149.38300000000163,15.045999999998457
29657.5,0.3987297632115543,0,0.344,108.724,1:36,UNKNOWN,0,149.38300000000163,15.045999999998457
29662.5,0.3987297632115543,0,0.344,108.724,1:36,UNKNOWN,0,149.38300000000163,15.045999999998457
29672.5,0.3364250732665214,0,0.344,109.011,,GIRTH_WELD,0,124.42499999999927,0.0
29677.5,0.3507726890437492,0,0.344,109.011,,GIRTH_WELD,0,124.42499999999927,0.0
29682.5,0.3507726890437492,0,0.344,109.011,,GIRTH_WELD,0,124.42499999999927,0.0
29687.5,0.3507726890437492,0,0.344,109.011,,GIRTH_WELD,0,124.42499999999927,0.0
29717.5,0.2962340974552104,0,0.344,109.19,,GIRTH_WELD,0,84.22499999999854,0.0
29722.5,0.3249337603170225,0,0.344,109.19,,GIRTH_WELD,0,84.22499999999854,0.0
29727.5,0.3249337603170225,0,0.344,109.19,,GIRTH_WELD,0,84.22499999999854,0.0
29732.5,0.3249337603170225,0,0.344,109.19,,GIRTH_WELD,0,84.22499999999854,0.0
29747.5,0.3245542302879414,0,0.344,107.846,,FIELD_BEND,0,53.43500000000131,6.8180000000029395
29752.5,0.3351963741993266,0,0.344,107.846,,FIELD_BEND,0,53.43500000000131,6.8180000000029395
29757.5,0.3180108835399893,0,0.344,107.52,,GIRTH_WELD,0,46.61699999999837,0.0
29762.5,0.31648161416142107,0,0.344,107.52,,GIRTH_WELD,0,46.61699999999837,0.0
29767.5,0.3243094397811089,0,0.344,104.174,7:46,UNKNOWN,2,31.988000000001193,14.628999999997177
29772.5,0.33286889166268246,0,0.344,104.174,7:46,UNKNOWN,2,31.988000000001193,14.628999999997177
29777.5,0.33286889166268246,0,0.344,104.174,7:46,UNKNOWN,2,31.988000000001193,14.628999999997177
29782.5,0.3294303366784855,0,0.344,102.077,7:40,UNKNOWN,2,24.10699999999997,17.98199999999997
29787.5,0.34438857375970827,0,0.344,102.077,7:40,UNKNOWN,2,24.10699999999997,17.98199999999997
29792.5,0.3121361368606819,0,0.5,97.294,,GIRTH_WELD,2,6.125,0.0
29797.5,0.31518338809972857,0,0.5,97.294,,GIRTH_WELD,2,6.125,0.0
29802.5,0.31518338809972857,0,0.5,97.294,,GIRTH_WELD,2,6.125,0.0
29807.5,0.30826085291578914,0,0.5,96.74,,BEND,2,0.0,6.125
29812.5,0.28861001253083174,0,0.344,96.925,,GIRTH_WELD,2,6.132000000001426,0.0
29817.5,0.2865629917486658,0,0.344,96.971,,UNKNOWN,2,7.657999999999447,1.525999999998021
29822.5,0.30444146960579,0,0.344,96.971,,UNKNOWN,2,7.657999999999447,1.525999999998021
29847.5,0.2718992594595184,0,0.344,109.832,,GIRTH_WELD,2,46.382000000001426,0.0
29852.5,0.29136465664689915,0,0.344,109.832,,GIRTH_WELD,2,46.382000000001426,0.0
29857.5,0.2814861638153799,0,0.344,111.708,,FIELD_BEND,2,54.24199999999837,7.859999999996944
29862.5,0.2986835916684808,0,0.344,111.708,,FIELD_BEND,2,54.24199999999837,7.859999999996944
29867.5,0.25667864939733187,0,0.344,114.072,,GIRTH_WELD,0,66.58499999999913,0.0
29872.5,0.28785666459991394,0,0.344,114.072,,GIRTH_WELD,0,66.58499999999913,0.0
29877.5,0.28785666459991394,0,0.344,114.072,,GIRTH_WELD,0,66.58499999999913,0.0
29882.5,0.27637470061721287,0,0.344,116.728,7:37,UNKNOWN,0,82.3760000000002,15.791000000001077
29887.5,0.2970246362010525,0,0.344,116.728,7:37,UNKNOWN,0,82.3760000000002,15.791000000001077
29892.5,0.27582693915015233,0,0.344,117.414,,FIELD_BEND,0,86.56200000000172,14.323999999996886
29897.5,0.296476874733992,0,0.344,117.414,,FIELD_BEND,0,86.56200000000172,14.323999999996886
29902.5,0.25241784583930543,0,0.344,119.762,,GIRTH_WELD,0,100.8859999999986,0.0
29907.5,0.2770526273724558,0,0.344,119.762,,GIRTH_WELD,0,100.8859999999986,0.0
29912.5,0.2770526273724558,0,0.344,119.762,,GIRTH_WELD,0,100.8859999999986,0.0
29917.5,0.2770526273724558,0,0.344,119.762,,GIRTH_WELD,0,100.8859999999986,0.0
29942.5,0.1831445164277651,0,0.344,124.645,,GIRTH_WELD,0,141.16500000000087,0.0
29947.5,0.19620307375416662,0,0.344,124.645,,GIRTH_WELD,0,141.16500000000087,0.0
29952.5,0.19620307375416662,0,0.344,124.645,,GIRTH_WELD,0,141.16500000000087,0.0
29957.5,0.19620307375416662,0,0.344,124.645,,GIRTH_WELD,0,141.16500000000087,0.0
29982.5,0.19986985013656486,0,0.344,128.147,,GIRTH_WELD,0,181.19800000000032,0.0
29987.5,0.21211094460300037,0,0.344,128.147,,GIRTH_WELD,0,181.19800000000032,0.0
29992.5,0.2094192451004855,0,0.344,128.379,3:11,UNKNOWN,0,184.04599999999846,2.8479999999981374
29997.5,0.21743985945616728,0,0.344,128.379,3:11,UNKNOWN,0,184.04599999999846,2.8479999999981374
30022.5,0.20921456436575653,0,0.344,130.405,,GIRTH_WELD,0,221.4310000000005,0.0
30027.5,0.2153462027521659,0,0.344,130.405,,GIRTH_WELD,0,221.4310000000005,0.0
30032.5,0.211778625882042,0,0.344,130.405,,GIRTH_WELD,0,221.4310000000005,0.0
30037.5,0.211778625882042,0,0.344,130.405,,GIRTH_WELD,0,221.4310000000005,0.0
30062.5,0.2149259097506713,0,0.344,131.825,,GIRTH_WELD,0,261.487000000001,0.0
30067.5,0.22997203963200788,0,0.344,131.825,,GIRTH_WELD,0,261.487000000001,0.0
30072.5,0.22997203963200788,0,0.344,131.825,,GIRTH_WELD,0,261.487000000001,0.0
30077.5,0.22997203963200788,0,0.344,131.825,,GIRTH_WELD,0,261.487000000001,0.0
30102.5,0.19807601366819438,0,0.344,132.81,,GIRTH_WELD,0,301.6310000000012,0.0
30107.5,0.2152022410670669,0,0.344,132.81,,GIRTH_WELD,0,301.6310000000012,0.0
30112.5,0.2160813271207877,0,0.344,132.81,,GIRTH_WELD,0,301.6310000000012,0.0
30117.5,0.2160813271207877,0,0.344,132.81,,GIRTH_WELD,0,301.6310000000012,0.0
30142.5,0.19415673135223221,0,0.344,133.32,,GIRTH_WELD,0,341.6409999999996,0.0
30147.5,0.21537092574283012,0,0.344,133.32,,GIRTH_WELD,0,341.6409999999996,0.0
30152.5,0.21537092574283012,0,0.344,133.32,,GIRTH_WELD,0,341.6409999999996,0.0
30157.5,0.21537092574283012,0,0.344,133.32,,GIRTH_WELD,0,341.6409999999996,0.0
30182.5,0.23199320241350854,0,0.344,132.853,,GIRTH_WELD,0,381.8610000000008,0.0
30187.5,0.24276508772493444,0,0.344,132.853,,GIRTH_WELD,0,381.8610000000008,0.0
30192.5,0.24276508772493444,0,0.344,132.853,,GIRTH_WELD,0,381.8610000000008,0.0
30197.5,0.24276508772493444,0,0.344,132.853,,GIRTH_WELD,0,381.8610000000008,0.0
30212.5,0.26464411219822237,0,0.344,131.922,,FIELD_BEND,0,411.5590000000011,10.317999999999302
30217.5,0.283429561454871,0,0.344,131.922,,FIELD_BEND,0,411.5590000000011,10.317999999999302
30222.5,0.283429561454871,0,0.344,131.922,,FIELD_BEND,0,411.5590000000011,10.317999999999302
30227.5,0.24198992245083958,0,0.344,131.582,,GIRTH_WELD,0,421.8770000000004,0.0
30232.5,0.2406238464443186,0,0.344,131.394,3:36,UNKNOWN,0,426.24099999999817,4.363999999997759
30237.5,0.2554723578940376,0,0.344,131.394,3:36,UNKNOWN,0,426.24099999999817,4.363999999997759
30242.5,0.2554723578940376,0,0.344,131.394,3:36,UNKNOWN,0,426.24099999999817,4.363999999997759
30252.5,0.3126582998564797,0,0.344,129.827,3:59,UNKNOWN,0,453.8090000000011,8.192999999999302
30257.5,0.3601810149057979,0,0.344,129.827,3:59,UNKNOWN,0,453.8090000000011,8.192999999999302
30262.5,0.329648801786339,0,0.344,129.821,3:42,UNKNOWN,0,453.9279999999999,8.074000000000524
30267.5,0.32524307452981044,0,0.344,129.362,,GIRTH_WELD,0,462.0020000000004,0.0
30272.5,0.39520288532846976,0,0.344,129.362,,GIRTH_WELD,0,462.0020000000004,0.0
30277.5,0.39520288532846976,0,0.344,129.362,,GIRTH_WELD,0,462.0020000000004,0.0
30302.5,0.47198352142326494,0,0.344,126.266,,GIRTH_WELD,0,502.0119999999988,0.0
30307.5,0.5207089358420866,1,0.344,126.266,,GIRTH_WELD,0,502.0119999999988,0.0
30312.5,0.5207089358420866,1,0.344,126.266,,GIRTH_WELD,0,502.0119999999988,0.0
30317.5,0.5207089358420866,1,0.344,126.266,,GIRTH_WELD,0,502.0119999999988,0.0
30342.5,0.4449797209735965,0,0.344,121.793,,GIRTH_WELD,4,542.2020000000011,0.0
30347.5,0.47251459725500367,0,0.344,121.793,,GIRTH_WELD,4,542.2020000000011,0.0
30352.5,0.47251459725500367,0,0.344,121.793,,GIRTH_WELD,4,542.2020000000011,0.0
30357.5,0.47251459725500367,0,0.344,121.793,,GIRTH_WELD,4,542.2020000000011,0.0
30372.5,0.5471496722121684,1,0.344,118.544,,UNKNOWN,8,571.9300000000003,10.305000000000291
30377.5,0.5869227563817867,1,0.344,118.544,,UNKNOWN,8,571.9300000000003,10.305000000000291
30382.5,0.5486521319078166,1,0.344,118.115,,UNKNOWN,8,575.869999999999,6.365000000001601
30387.5,0.5696079901427461,1,0.344,117.539,6:51,METAL_LOSS,8,581.1620000000003,1.0730000000003201
30392.5,0.5274566410063964,1,0.344,117.422,,GIRTH_WELD,8,582.2350000000006,0.0
30397.5,0.554890267753964,1,0.344,116.64,4:20,METAL_LOSS,8,571.6700000000019,16.544999999998254
30402.5,0.5914472117155246,1,0.344,116.64,4:20,METAL_LOSS,8,571.6700000000019,16.544999999998254
30407.5,0.5914472117155246,1,0.344,116.64,4:20,METAL_LOSS,8,571.6700000000019,16.544999999998254
30412.5,0.5914472117155246,1,0.344,116.64,4:20,METAL_LOSS,8,571.6700000000019,16.544999999998254
30417.5,0.5479976945642769,1,0.344,116.085,8:43,UNKNOWN,8,556.385000000002,8.37000000000262
30422.5,0.5458031130143387,1,0.344,115.989,8:40,UNKNOWN,8,553.7400000000016,5.725000000002183
30427.5,0.45600321776325786,0,0.344,115.781,,GIRTH_WELD,6,548.0149999999994,0.0
30432.5,0.496369537713681,0,0.344,115.781,,GIRTH_WELD,6,548.0149999999994,0.0
30437.5,0.496369537713681,0,0.344,115.781,,GIRTH_WELD,6,548.0149999999994,0.0
30462.5,0.47561795948314206,0,0.344,115.08,,GIRTH_WELD,0,508.0020000000004,0.0
30467.5,0.5285912164147358,1,0.344,115.08,,GIRTH_WELD,0,508.0020000000004,0.0
30472.5,0.5285912164147358,1,0.344,115.08,,GIRTH_WELD,0,508.0020000000004,0.0
30477.5,0.5285912164147358,1,0.344,115.08,,GIRTH_WELD,0,508.0020000000004,0.0
30502.5,0.45214741304932715,0,0.344,116.4,,GIRTH_WELD,0,467.7000000000007,0.0
30507.5,0.456362988670127,0,0.344,116.4,,GIRTH_WELD,0,467.7000000000007,0.0
30512.5,0.456362988670127,0,0.344,116.4,,GIRTH_WELD,0,467.7000000000007,0.0
30517.5,0.456362988670127,0,0.344,116.4,,GIRTH_WELD,0,467.7000000000007,0.0
30522.5,0.4216570562064416,0,0.344,117.149,,FIELD_BEND,0,450.2950000000019,17.404999999998836
30527.5,0.4280577554773176,0,0.344,117.149,,FIELD_BEND,0,450.2950000000019,17.404999999998836
30532.5,0.41700365253107863,0,0.344,117.34,9:14,UNKNOWN,0,445.97799999999916,18.326999999997497
30537.5,0.42523464262293875,0,0.344,117.34,9:14,UNKNOWN,0,445.97799999999916,18.326999999997497
30542.5,0.4399313617202171,0,0.344,118.149,,GIRTH_WELD,4,427.65100000000166,0.0
30547.5,0.4291569890781687,0,0.344,118.149,,GIRTH_WELD,4,427.65100000000166,0.0
30552.5,0.4291569890781687,0,0.344,118.149,,GIRTH_WELD,4,427.65100000000166,0.0
30557.5,0.4291569890781687,0,0.344,118.149,,GIRTH_WELD,4,427.65100000000166,0.0
30582.5,0.3932718342064557,0,0.344,119.395,,GIRTH_WELD,4,387.3820000000014,0.0
30587.5,0.3495468125760317,0,0.344,119.395,,GIRTH_WELD,4,387.3820000000014,0.0
30592.5,0.37738155686452635,0,0.344,119.485,5:35,METAL_LOSS,4,382.9760000000024,4.40599999999904
30597.5,0.35273317549519745,0,0.344,119.485,5:35,METAL_LOSS,4,382.9760000000024,4.40599999999904
30602.5,0.35273317549519745,0,0.344,119.485,5:35,METAL_LOSS,4,382.9760000000024,4.40599999999904
30622.5,0.3840485248150719,0,0.344,119.761,,GIRTH_WELD,4,347.3919999999998,0.0
30627.5,0.36312827938320086,0,0.344,119.761,,GIRTH_WELD,4,347.3919999999998,0.0
30632.5,0.36312827938320086,0,0.344,119.761,,GIRTH_WELD,4,347.3919999999998,0.0
30637.5,0.36312827938320086,0,0.344,119.761,,GIRTH_WELD,4,347.3919999999998,0.0
30662.5,0.5150694160627459,1,0.344,120.183,,GIRTH_WELD,0,307.14900000000125,0.0
30667.5,0.5256777300290296,1,0.344,120.183,,GIRTH_WELD,0,307.14900000000125,0.0
30672.5,0.5256777300290296,1,0.344,120.183,,GIRTH_WELD,0,307.14900000000125,0.0
30677.5,0.5256777300290296,1,0.344,120.183,,GIRTH_WELD,0,307.14900000000125,0.0
30702.5,0.32024517119376456,0,0.344,120.641,,GIRTH_WELD,3,267.08699999999953,0.0
30707.5,0.2917833949620482,0,0.344,120.641,,GIRTH_WELD,3,267.08699999999953,0.0
30712.5,0.2917833949620482,0,0.344,120.641,,GIRTH_WELD,3,267.08699999999953,0.0
30717.5,0.2917833949620482,0,0.344,120.641,,GIRTH_WELD,3,267.08699999999953,0.0
30742.5,0.2707339364675083,0,0.344,120.625,4:08,METAL_LOSS,3,228.21900000000096,1.2860000000000582
30747.5,0.2707339364675083,0,0.344,120.625,4:08,METAL_LOSS,3,228.21900000000096,1.2860000000000582
30752.5,0.264571747201948,0,0.344,120.623,,GIRTH_WELD,3,226.9330000000009,0.0
30757.5,0.273816831066446,0,0.344,120.623,,GIRTH_WELD,3,226.9330000000009,0.0
30782.5,0.30749139935561187,0,0.344,120.254,,GIRTH_WELD,3,186.88300000000163,0.0
30787.5,0.33820268137507836,0,0.344,120.254,,GIRTH_WELD,3,186.88300000000163,0.0
30792.5,0.33820268137507836,0,0.344,120.254,,GIRTH_WELD,3,186.88300000000163,0.0
30797.5,0.33820268137507836,0,0.344,120.254,,GIRTH_WELD,3,186.88300000000163,0.0
30822.5,0.41970348298161547,0,0.344,120.474,,GIRTH_WELD,0,146.64400000000023,0.0
30827.5,0.43823032653031335,0,0.344,120.474,,GIRTH_WELD,0,146.64400000000023,0.0
30832.5,0.43823032653031335,0,0.344,120.474,,GIRTH_WELD,0,146.64400000000023,0.0
30837.5,0.43823032653031335,0,0.344,120.474,,GIRTH_WELD,0,146.64400000000023,0.0
30852.5,0.4020855539418187,0,0.344,121.075,,GIRTH_WELD,0,117.84800000000178,0.0
30857.5,0.4081555306655199,0,0.344,121.075,,GIRTH_WELD,0,117.84800000000178,0.0
30862.5,0.4081555306655199,0,0.344,121.075,,GIRTH_WELD,0,117.84800000000178,0.0
30867.5,0.4081555306655199,0,0.344,121.075,,GIRTH_WELD,0,117.84800000000178,0.0
30887.5,0.18856623747209414,0,0.344,122.571,,GIRTH_WELD,0,82.21099999999933,0.0
30892.5,0.20656022125465204,0,0.344,122.571,,GIRTH_WELD,0,82.21099999999933,0.0
30897.5,0.20656022125465204,0,0.344,122.571,,GIRTH_WELD,0,82.21099999999933,0.0
30902.5,0.20656022125465204,0,0.344,122.571,,GIRTH_WELD,0,82.21099999999933,0.0
30922.5,0.4069958906084198,0,0.344,124.395,,GIRTH_WELD,0,45.586999999999534,0.0
30927.5,0.41458350045658454,0,0.344,124.395,,GIRTH_WELD,0,45.586999999999534,0.0
30932.5,0.41458350045658454,0,0.344,124.395,,GIRTH_WELD,0,45.586999999999534,0.0
30937.5,0.41458350045658454,0,0.344,124.395,,GIRTH_WELD,0,45.586999999999534,0.0
30962.5,0.4708671665438227,0,0.5,125.542,,GIRTH_WELD,0,5.430000000000291,0.0
30967.5,0.48412975569346295,0,0.5,125.542,,GIRTH_WELD,0,5.430000000000291,0.0
30972.5,0.48412975569346295,0,0.5,125.542,,GIRTH_WELD,0,5.430000000000291,0.0
30977.5,0.4371013767826941,0,0.5,125.602,,BEND,0,0.0,5.430000000000291
30982.5,0.42156186561519915,0,0.344,125.587,,GIRTH_WELD,0,5.558000000000902,0.0
30987.5,0.46109540901398083,0,0.344,125.587,,GIRTH_WELD,0,5.558000000000902,0.0
30992.5,0.46109540901398083,0,0.344,125.587,,GIRTH_WELD,0,5.558000000000902,0.0
30997.5,0.3375279859961203,0,0.344,125.306,,GIRTH_WELD,1,27.06999999999971,0.0
31002.5,0.3687392583236392,0,0.344,125.306,,GIRTH_WELD,1,27.06999999999971,0.0
31007.5,0.3687392583236392,0,0.344,125.306,,GIRTH_WELD,1,27.06999999999971,0.0
31012.5,0.3687392583236392,0,0.344,125.306,,GIRTH_WELD,1,27.06999999999971,0.0
31037.5,0.3346174384520966,0,0.344,124.505,5:39,METAL_LOSS,1,6.472999999998137,12.007999999997992
31042.5,0.3476913307751151,0,0.344,124.505,5:39,METAL_LOSS,1,6.472999999998137,12.007999999997992
31047.5,0.34778956169269626,0,0.5,124.309,,BEND,1,0.0,5.5349999999998545
31052.5,0.3675242465391343,0,0.5,124.309,,BEND,1,0.0,5.5349999999998545
31057.5,0.32389415030351165,0,0.344,124.075,,GIRTH_WELD,1,5.5349999999998545,0.0
31062.5,0.34496646351869287,0,0.344,124.075,,GIRTH_WELD,1,5.5349999999998545,0.0
31067.5,0.3399521633231071,0,0.344,123.589,2:51,UNKNOWN,1,20.502000000000407,14.967000000000553
31072.5,0.3399521633231071,0,0.344,123.585,2:49,UNKNOWN,1,20.613000000001193,15.078000000001339
31077.5,0.35588031359393296,0,0.344,123.585,2:49,UNKNOWN,1,20.613000000001193,15.078000000001339
31082.5,0.35121375855177706,0,0.344,123.016,,GIRTH_WELD,1,39.2390000000014,0.0
31087.5,0.38739396869959775,0,0.344,123.016,,GIRTH_WELD,1,39.2390000000014,0.0
31092.5,0.38739396869959775,0,0.344,123.016,,GIRTH_WELD,1,39.2390000000014,0.0
31097.5,0.38739396869959775,0,0.344,123.016,,GIRTH_WELD,1,39.2390000000014,0.0
31122.5,0.38917920614044554,0,0.344,122.433,,GIRTH_WELD,0,79.4220000000023,0.0
31127.5,0.43874992472779517,0,0.344,122.433,,GIRTH_WELD,0,79.4220000000023,0.0
31132.5,0.43874992472779517,0,0.344,122.433,,GIRTH_WELD,0,79.4220000000023,0.0
31137.5,0.43874992472779517,0,0.344,122.433,,GIRTH_WELD,0,79.4220000000023,0.0
31162.5,0.49950479453701374,0,0.344,122.569,,GIRTH_WELD,0,119.4780000000028,0.0
31167.5,0.506206883949962,1,0.344,122.569,,GIRTH_WELD,0,119.4780000000028,0.0
31172.5,0.506206883949962,1,0.344,122.569,,GIRTH_WELD,0,119.4780000000028,0.0
31177.5,0.506206883949962,1,0.344,122.569,,GIRTH_WELD,0,119.4780000000028,0.0
31202.5,0.5661620695574561,1,0.344,122.786,,GIRTH_WELD,7,159.6820000000007,0.0
31207.5,0.5597004682233894,1,0.344,122.786,,GIRTH_WELD,7,159.6820000000007,0.0
31212.5,0.5597004682233894,1,0.344,122.786,,GIRTH_WELD,7,159.6820000000007,0.0
31217.5,0.5597004682233894,1,0.344,122.786,,GIRTH_WELD,7,159.6820000000007,0.0
31222.5,0.5872041520340764,1,0.344,123.428,5:55,METAL_LOSS,7,176.73199999999997,17.049999999999272
31227.5,0.5872041520340764,1,0.344,123.46,6:42,METAL_LOSS,7,177.46700000000055,17.784999999999854
31232.5,0.5801287104309845,1,0.344,123.695,6:03,METAL_LOSS,7,182.9230000000025,16.859999999996944
31237.5,0.5899574497298758,1,0.344,123.695,6:03,METAL_LOSS,7,182.9230000000025,16.859999999996944
31242.5,0.5631373805298332,1,0.344,124.106,,FIELD_BEND,7,192.45100000000093,7.331999999998516
31247.5,0.5523504240833029,1,0.344,124.299,3:18,METAL_LOSS,7,196.92599999999948,2.856999999999971
31252.5,0.5506128329767851,1,0.344,124.422,,GIRTH_WELD,7,199.78299999999945,0.0
31257.5,0.5501373228951706,1,0.344,124.422,,GIRTH_WELD,7,199.78299999999945,0.0
31282.5,0.5063799089601111,1,0.344,128.554,,GIRTH_WELD,3,240.0030000000006,0.0
31287.5,0.5018063598811237,1,0.344,128.554,,GIRTH_WELD,3,240.0030000000006,0.0
31292.5,0.5018063598811237,1,0.344,128.554,,GIRTH_WELD,3,240.0030000000006,0.0
31297.5,0.5018063598811237,1,0.344,128.554,,GIRTH_WELD,3,240.0030000000006,0.0
31322.5,0.5404594740482732,1,0.344,132.373,,GIRTH_WELD,0,279.8780000000006,0.0
31327.5,0.5447997396468396,1,0.344,132.373,,GIRTH_WELD,0,279.8780000000006,0.0
31332.5,0.5447997396468396,1,0.344,132.373,,GIRTH_WELD,0,279.8780000000006,0.0
31337.5,0.5361617457295386,1,0.344,132.373,,GIRTH_WELD,0,279.8780000000006,0.0
31352.5,0.45459189110466725,0,0.344,133.948,,FIELD_BEND,0,260.9249999999993,10.406999999999243
31357.5,0.46092995840169215,0,0.344,133.948,,FIELD_BEND,0,260.9249999999993,10.406999999999243
31362.5,0.46092995840169215,0,0.344,133.948,,FIELD_BEND,0,260.9249999999993,10.406999999999243
31367.5,0.41704521208627776,0,0.344,134.458,,GIRTH_WELD,0,250.51800000000003,0.0
31372.5,0.4249262834969756,0,0.344,134.458,,GIRTH_WELD,0,250.51800000000003,0.0
31377.5,0.4249262834969756,0,0.344,134.458,,GIRTH_WELD,0,250.51800000000003,0.0
31402.5,0.22045039164284538,0,0.344,136.202,,GIRTH_WELD,0,210.47200000000157,0.0
31407.5,0.2397817665756086,0,0.344,136.202,,GIRTH_WELD,0,210.47200000000157,0.0
31412.5,0.2397817665756086,0,0.344,136.202,,GIRTH_WELD,0,210.47200000000157,0.0
31417.5,0.2397817665756086,0,0.344,136.202,,GIRTH_WELD,0,210.47200000000157,0.0
31437.5,0.22698734673336263,0,0.344,138.319,,GIRTH_WELD,0,174.89800000000105,0.0
31442.5,0.24923984496450174,0,0.344,138.319,,GIRTH_WELD,0,174.89800000000105,0.0
31447.5,0.24923984496450174,0,0.344,138.319,,GIRTH_WELD,0,174.89800000000105,0.0
31452.5,0.24745845800910085,0,0.344,138.319,,GIRTH_WELD,0,174.89800000000105,0.0
31477.5,0.21578989316978933,0,0.344,139.108,,GIRTH_WELD,0,134.89500000000044,0.0
31482.5,0.22902204677584184,0,0.344,139.108,,GIRTH_WELD,0,134.89500000000044,0.0
31487.5,0.22902204677584184,0,0.344,139.108,,GIRTH_WELD,0,134.89500000000044,0.0
31492.5,0.22902204677584184,0,0.344,139.108,,GIRTH_WELD,0,134.89500000000044,0.0
31517.5,0.44475730746080744,0,0.344,138.934,,GIRTH_WELD,0,94.73099999999977,0.0
31522.5,0.46838061497543754,0,0.344,138.934,,GIRTH_WELD,0,94.73099999999977,0.0
31527.5,0.46838061497543754,0,0.344,138.934,,GIRTH_WELD,0,94.73099999999977,0.0
31532.5,0.46838061497543754,0,0.344,138.934,,GIRTH_WELD,0,94.73099999999977,0.0
31542.5,0.512772463738959,1,0.344,139.114,,FIELD_BEND,0,71.22699999999895,16.50300000000061
31547.5,0.513653066937011,1,0.344,139.114,,FIELD_BEND,0,71.22699999999895,16.50300000000061
31552.5,0.513653066937011,1,0.344,139.114,,FIELD_BEND,0,71.22699999999895,16.50300000000061
31557.5,0.513653066937011,1,0.344,139.114,,FIELD_BEND,0,71.22699999999895,16.50300000000061
31562.5,0.5803759917414729,1,0.344,139.267,,GIRTH_WELD,0,54.72399999999834,0.0
31567.5,0.585200484551092,1,0.344,139.267,,GIRTH_WELD,0,54.72399999999834,0.0
31572.5,0.585200484551092,1,0.344,139.267,,GIRTH_WELD,0,54.72399999999834,0.0
31587.5,0.5139929977046047,1,0.344,140.467,3:35,UNKNOWN,3,23.76299999999901,9.169999999998254
31592.5,0.5122564221288171,1,0.344,140.467,3:35,UNKNOWN,3,23.76299999999901,9.169999999998254
31597.5,0.5169188097723737,1,0.344,140.526,3:31,UNKNOWN,3,22.33599999999933,7.742999999998574
31602.5,0.5261666028288737,1,0.344,140.847,,GIRTH_WELD,3,14.593000000000757,0.0
31607.5,0.51488123111547,1,0.344,140.847,,GIRTH_WELD,3,14.593000000000757,0.0
31612.5,0.6395839968503697,1,0.5,141.166,,GIRTH_WELD,3,4.859000000000378,0.0
31617.5,0.6298843912810088,1,0.5,141.166,,GIRTH_WELD,3,4.859000000000378,0.0
31622.5,0.606933893448046,1,0.5,141.181,,BEND,3,0.0,4.859000000000378
31627.5,0.6899846705834252,1,0.344,141.007,5:30,METAL_LOSS,7,6.955999999998312,11.81499999999869
31632.5,0.6699667118400093,1,0.344,140.546,,UNKNOWN,7,12.266999999999825,17.126000000000204
31637.5,0.6998706946815747,1,0.344,140.546,,UNKNOWN,7,12.266999999999825,17.126000000000204
31642.5,0.6953901851079993,1,0.344,140.546,,UNKNOWN,7,12.266999999999825,17.126000000000204
31662.5,0.7867734047841595,1,0.344,137.096,6:03,METAL_LOSS,12,20.92899999999645,16.23699999999735
31667.5,0.8157926817401706,1,0.344,137.096,6:03,METAL_LOSS,12,20.92899999999645,16.23699999999735
31672.5,0.7873800216377382,1,0.344,136.997,7:25,METAL_LOSS,12,19.81999999999971,15.128000000000611
31677.5,0.7922368764122626,1,0.344,136.539,4:37,METAL_LOSS,12,14.986999999997352,10.294999999998254
31682.5,0.7170582518258451,1,0.5,135.533,,GIRTH_WELD,8,4.691999999999098,0.0
31687.5,0.7340867282366865,1,0.5,135.533,,GIRTH_WELD,8,4.691999999999098,0.0
31692.5,0.7236620857446467,1,0.5,135.265,,BEND,8,0.0,4.691999999999098
31697.5,0.740910753200976,1,0.344,135.208,,GIRTH_WELD,8,5.036000000000058,0.0
31702.5,0.7345800436312241,1,0.344,135.192,06:00,ATTACHMENT,8,7.677000000003318,2.6410000000032596
31707.5,0.7276173499010747,1,0.344,135.835,7:49,METAL_LOSS,8,15.259000000001834,10.223000000001775
31712.5,0.7347617949381454,1,0.344,136.029,6:08,METAL_LOSS,8,17.552000000003318,12.51600000000326
31717.5,0.7523643598121521,1,0.344,136.029,6:08,METAL_LOSS,8,17.552000000003318,12.51600000000326
31722.5,0.6314881101680325,1,0.344,137.584,,GIRTH_WELD,4,37.23400000000038,0.0
31727.5,0.6261955973796605,1,0.344,137.584,,GIRTH_WELD,4,37.23400000000038,0.0
31732.5,0.6261955973796605,1,0.344,137.584,,GIRTH_WELD,4,37.23400000000038,0.0
31737.5,0.6261955973796605,1,0.344,137.584,,GIRTH_WELD,4,37.23400000000038,0.0
31762.5,0.6790322041436478,1,0.344,140.649,,GIRTH_WELD,6,77.3060000000005,0.0
31767.5,0.6823034245862868,1,0.344,140.649,,GIRTH_WELD,6,77.3060000000005,0.0
31772.5,0.6827519820885922,1,0.344,140.649,,GIRTH_WELD,6,77.3060000000005,0.0
31777.5,0.6287135198017173,1,0.344,141.405,,GIRTH_WELD,6,87.84400000000096,0.0
31782.5,0.6427494469861458,1,0.344,141.448,5:35,METAL_LOSS,6,88.46100000000297,0.6170000000020082
31787.5,0.6606895377452712,1,0.344,141.448,5:35,METAL_LOSS,6,88.46100000000297,0.6170000000020082
31797.5,0.5303098101915856,1,0.344,142.904,,GIRTH_WELD,6,112.89700000000084,0.0
31802.5,0.5204599009403558,1,0.344,142.904,,GIRTH_WELD,6,112.89700000000084,0.0
31807.5,0.5493335837143608,1,0.344,143.143,1:16,METAL_LOSS,6,117.21800000000076,4.320999999999913
31812.5,0.54586556036134,1,0.344,143.143,1:16,METAL_LOSS,6,117.21800000000076,4.320999999999913
31817.5,0.4817406949557659,0,0.344,143.463,,GIRTH_WELD,6,123.4810000000034,0.0
31822.5,0.4410922065765568,0,0.344,143.463,,GIRTH_WELD,6,123.4810000000034,0.0
31847.5,0.5166623690270531,1,0.344,145.071,,GIRTH_WELD,1,163.5600000000013,0.0
31852.5,0.5151678351829131,1,0.344,145.071,,GIRTH_WELD,1,163.5600000000013,0.0
31857.5,0.5151678351829131,1,0.344,145.071,,GIRTH_WELD,1,163.5600000000013,0.0
31862.5,0.541513072409138,1,0.344,145.375,,GIRTH_WELD,0,172.09600000000137,0.0
31867.5,0.5499814605252292,1,0.344,145.375,,GIRTH_WELD,0,172.09600000000137,0.0
31872.5,0.5499814605252292,1,0.344,145.375,,GIRTH_WELD,0,172.09600000000137,0.0
31897.5,0.5093427121116558,1,0.344,146.633,,GIRTH_WELD,0,212.34900000000198,0.0
31902.5,0.5162864782900911,1,0.344,146.633,,GIRTH_WELD,0,212.34900000000198,0.0
31907.5,0.5162864782900911,1,0.344,146.633,,GIRTH_WELD,0,212.34900000000198,0.0
31912.5,0.5162864782900911,1,0.344,146.633,,GIRTH_WELD,0,212.34900000000198,0.0
31937.5,0.3369188069995384,0,0.344,144.738,,GIRTH_WELD,0,250.69500000000335,0.0
31942.5,0.36405237919958,0,0.344,144.738,,GIRTH_WELD,0,250.69500000000335,0.0
31947.5,0.36405237919958,0,0.344,144.738,,GIRTH_WELD,0,250.69500000000335,0.0
31952.5,0.26007727259061136,0,0.344,142.838,,GIRTH_WELD,0,264.83300000000236,0.0
31957.5,0.24401581689311114,0,0.344,142.838,,GIRTH_WELD,0,264.83300000000236,0.0
31962.5,0.24206836094018155,0,0.344,142.838,,GIRTH_WELD,0,264.83300000000236,0.0
31967.5,0.351472704625302,0,0.344,141.232,12:12,UNKNOWN,0,279.7280000000028,14.895000000000437
31972.5,0.36743996680896485,0,0.344,141.232,12:12,UNKNOWN,0,279.7280000000028,14.895000000000437
31977.5,0.38999254653756,0,0.344,140.651,12:00,UNKNOWN,0,285.59400000000096,19.540000000000873
31982.5,0.40736136995832367,0,0.344,140.651,12:00,UNKNOWN,0,285.59400000000096,19.540000000000873
31987.5,0.40736136995832367,0,0.344,140.651,12:00,UNKNOWN,0,285.59400000000096,19.540000000000873
31992.5,0.4911074376120635,0,0.344,138.716,,GIRTH_WELD,0,305.13400000000183,0.0
31997.5,0.5221777507711282,1,0.344,138.716,,GIRTH_WELD,0,305.13400000000183,0.0
32002.5,0.5221777507711282,1,0.344,138.716,,GIRTH_WELD,0,305.13400000000183,0.0
32007.5,0.519677120206487,1,0.344,137.942,,GIRTH_WELD,0,316.88600000000224,0.0
32012.5,0.5529791330766414,1,0.344,137.942,,GIRTH_WELD,0,316.88600000000224,0.0
32017.5,0.5529791330766414,1,0.344,137.942,,GIRTH_WELD,0,316.88600000000224,0.0
32042.5,0.5248407741296565,1,0.344,135.662,,GIRTH_WELD,0,356.9910000000018,0.0
32047.5,0.5588395679162326,1,0.344,135.662,,GIRTH_WELD,0,356.9910000000018,0.0
32052.5,0.5588395679162326,1,0.344,135.662,,GIRTH_WELD,0,356.9910000000018,0.0
32057.5,0.5588395679162326,1,0.344,135.662,,GIRTH_WELD,0,356.9910000000018,0.0
32062.5,0.31718679974467173,0,0.344,134.702,,GIRTH_WELD,3,371.0769999999975,0.0
32067.5,0.3456685966588385,0,0.344,134.702,,GIRTH_WELD,3,371.0769999999975,0.0
32072.5,0.3448165928377087,0,0.344,134.702,,GIRTH_WELD,3,371.0769999999975,0.0
32097.5,0.3312431558368909,0,0.344,129.407,5:46,METAL_LOSS,3,332.09699999999793,1.2299999999995634
32102.5,0.3630549385188413,0,0.344,129.407,5:46,METAL_LOSS,3,332.09699999999793,1.2299999999995634
32107.5,0.3704794696255892,0,0.344,129.233,,GIRTH_WELD,3,330.86699999999837,0.0
32112.5,0.4005131765522407,0,0.344,129.233,,GIRTH_WELD,3,330.86699999999837,0.0
32137.5,0.41966714415884904,0,0.344,116.219,,GIRTH_WELD,6,290.67299999999886,0.0
32142.5,0.45285715883257716,0,0.344,116.219,,GIRTH_WELD,6,290.67299999999886,0.0
32147.5,0.45285715883257716,0,0.344,116.219,,GIRTH_WELD,6,290.67299999999886,0.0
32152.5,0.45285715883257716,0,0.344,116.219,,GIRTH_WELD,6,290.67299999999886,0.0
32157.5,0.41577249957521933,0,0.344,111.325,,GIRTH_WELD,2,278.41899999999805,0.0
32162.5,0.4516844929898866,0,0.344,111.325,,GIRTH_WELD,2,278.41899999999805,0.0
32167.5,0.401398412633262,0,0.344,107.205,,FIELD_BEND,2,268.0249999999978,10.394000000000233
32172.5,0.4195072526760739,0,0.344,107.205,,FIELD_BEND,2,268.0249999999978,10.394000000000233
32177.5,0.4195072526760739,0,0.344,107.205,,FIELD_BEND,2,268.0249999999978,10.394000000000233
32182.5,0.3902530066066106,0,0.344,100.132,8:14,METAL_LOSS,2,249.90199999999822,11.555000000000291
32187.5,0.41186985159168854,0,0.344,100.132,8:14,METAL_LOSS,2,249.90199999999822,11.555000000000291
32192.5,0.41186985159168854,0,0.344,100.132,8:14,METAL_LOSS,2,249.90199999999822,11.555000000000291
32197.5,0.41232787181753544,0,0.344,95.622,,GIRTH_WELD,2,238.34699999999793,0.0
32202.5,0.4126971071316696,0,0.344,93.219,,GIRTH_WELD,2,232.10699999999997,0.0
32207.5,0.4382489397796833,0,0.344,93.219,,GIRTH_WELD,2,232.10699999999997,0.0
32212.5,0.4382489397796833,0,0.344,93.219,,GIRTH_WELD,2,232.10699999999997,0.0
32237.5,0.47778027536490325,0,0.344,79.807,,GIRTH_WELD,0,192.02799999999843,0.0
32242.5,0.519332015737007,1,0.344,79.807,,GIRTH_WELD,0,192.02799999999843,0.0
32247.5,0.519332015737007,1,0.344,79.807,,GIRTH_WELD,0,192.02799999999843,0.0
32252.5,0.519332015737007,1,0.344,79.807,,GIRTH_WELD,0,192.02799999999843,0.0
32277.5,0.47780545540944575,0,0.344,70.36,,GIRTH_WELD,0,151.8050000000003,0.0
32282.5,0.5243210799341326,1,0.344,70.36,,GIRTH_WELD,0,151.8050000000003,0.0
32287.5,0.5243210799341326,1,0.344,70.36,,GIRTH_WELD,0,151.8050000000003,0.0
32292.5,0.4078118770872999,0,0.344,68.441,,FIELD_BEND,1,142.46399999999994,9.34100000000035
32297.5,0.4360474023559876,0,0.344,68.441,,FIELD_BEND,1,142.46399999999994,9.34100000000035
32302.5,0.47905686524293595,0,0.344,66.451,,GIRTH_WELD,3,132.35599999999977,0.0
32307.5,0.5022693829285936,1,0.344,66.451,,GIRTH_WELD,3,132.35599999999977,0.0
32312.5,0.5022693829285936,1,0.344,66.451,,GIRTH_WELD,3,132.35599999999977,0.0
32322.5,0.4760483905891247,0,0.344,59.815,,FIELD_BEND,3,108.64899999999761,16.243999999998778
32327.5,0.48693126554126165,0,0.344,59.815,,FIELD_BEND,3,108.64899999999761,16.243999999998778
32332.5,0.48693126554126165,0,0.344,59.815,,FIELD_BEND,3,108.64899999999761,16.243999999998778
32337.5,0.47380139170784347,0,0.344,55.358,5:23,METAL_LOSS,3,93.25499999999738,0.8499999999985448
32342.5,0.49044849090469833,0,0.344,55.358,5:23,METAL_LOSS,3,93.25499999999738,0.8499999999985448
32347.5,0.4604809325571948,0,0.344,55.112,,GIRTH_WELD,3,92.40499999999884,0.0
32352.5,0.4792212600774583,0,0.344,55.112,,GIRTH_WELD,3,92.40499999999884,0.0
32377.5,0.5552450111914581,1,0.344,40.277,,GIRTH_WELD,7,52.30400000000009,0.0
32382.5,0.5759950449003167,1,0.344,40.277,,GIRTH_WELD,7,52.30400000000009,0.0
32387.5,0.5759950449003167,1,0.344,40.277,,GIRTH_WELD,7,52.30400000000009,0.0
32392.5,0.5424967500269683,1,0.344,35.034,5:15,METAL_LOSS,3,38.37299999999959,13.931000000000495
32397.5,0.5777547673153329,1,0.344,35.034,5:15,METAL_LOSS,3,38.37299999999959,13.931000000000495
32402.5,0.5397514182828285,1,0.344,34.434,7:10,METAL_LOSS,3,36.78199999999924,15.522000000000844
32407.5,0.5750094355711931,1,0.344,34.434,7:10,METAL_LOSS,3,36.78199999999924,15.522000000000844
32422.5,0.5616402973163322,1,0.5,22.828,,GIRTH_WELD,3,5.570999999999913,0.0
32427.5,0.5954742565759219,1,0.5,22.828,,GIRTH_WELD,3,5.570999999999913,0.0
32432.5,0.5954742565759219,1,0.5,22.828,,GIRTH_WELD,3,5.570999999999913,0.0
32437.5,0.5720167237641911,1,0.5,21.834,,BEND,5,0.0,5.570999999999913
32442.5,0.5987152173263112,1,0.344,21.704,,GIRTH_WELD,6,5.996999999999389,0.0
32447.5,0.636546347314208,1,0.344,21.704,,GIRTH_WELD,6,5.996999999999389,0.0
32452.5,0.636546347314208,1,0.344,21.704,,GIRTH_WELD,6,5.996999999999389,0.0
32467.5,0.5084321246237038,1,0.5,30.424,,GIRTH_WELD,2,5.217000000000553,0.0
32472.5,0.4788584670063287,0,0.5,30.424,,GIRTH_WELD,2,5.217000000000553,0.0
32477.5,0.4788584670063287,0,0.5,30.424,,GIRTH_WELD,2,5.217000000000553,0.0
32482.5,0.4731678480935031,0,0.5,31.62,,BEND,2,0.0,5.217000000000553
32487.5,0.47746234868019327,0,0.5,32.501,9:32,METAL_LOSS,2,4.797000000002299,0.7739999999976135
32492.5,0.47924343606431535,0,0.344,32.643,,GIRTH_WELD,2,5.570999999999913,0.0
32497.5,0.4913935756519274,0,0.344,34.09,,GIRTH_WELD,2,16.049999999999272,0.0
32502.5,0.4627629860478495,0,0.344,34.09,,GIRTH_WELD,2,16.049999999999272,0.0
32507.5,0.4627629860478495,0,0.344,34.09,,GIRTH_WELD,2,16.049999999999272,0.0
32532.5,0.49284045470466,0,0.5,38.78,,GIRTH_WELD,0,4.9320000000006985,0.0
32537.5,0.4830501812872566,0,0.5,38.78,,GIRTH_WELD,0,4.9320000000006985,0.0
32542.5,0.502733816853114,1,0.5,39.854,,BEND,0,0.0,4.9320000000006985
32547.5,0.5158250361089547,1,0.344,41.566,,GIRTH_WELD,0,5.3179999999993015,0.0
32552.5,0.5333823083126791,1,0.344,41.566,,GIRTH_WELD,0,5.3179999999993015,0.0
32557.5,0.5333823083126791,1,0.344,41.566,,GIRTH_WELD,0,5.3179999999993015,0.0
32562.5,0.5094084919576983,1,0.344,54.86,,GIRTH_WELD,0,28.47099999999773,0.0
32567.5,0.5229568243406603,1,0.344,54.86,,GIRTH_WELD,0,28.47099999999773,0.0
32572.5,0.5229568243406603,1,0.344,54.86,,GIRTH_WELD,0,28.47099999999773,0.0
32577.5,0.5229568243406603,1,0.344,54.86,,GIRTH_WELD,0,28.47099999999773,0.0
32602.5,0.36401768662484507,0,0.344,79.084,,GIRTH_WELD,2,68.50699999999779,0.0
32607.5,0.33870719241072855,0,0.344,79.084,,GIRTH_WELD,2,68.50699999999779,0.0
32612.5,0.33870719241072855,0,0.344,79.084,,GIRTH_WELD,2,68.50699999999779,0.0
32617.5,0.33870719241072855,0,0.344,79.084,,GIRTH_WELD,2,68.50699999999779,0.0
32622.5,0.42765456401205154,0,0.344,87.274,,FIELD_BEND,2,82.66699999999764,14.159999999999854
32627.5,0.40873149503414014,0,0.344,87.274,,FIELD_BEND,2,82.66699999999764,14.159999999999854
32632.5,0.40873149503414014,0,0.344,87.274,,FIELD_BEND,2,82.66699999999764,14.159999999999854
32637.5,0.43383988354499714,0,0.344,95.708,10:01,METAL_LOSS,2,97.39099999999962,28.884000000001834
32642.5,0.43612421728273143,0,0.344,96.394,1:01,METAL_LOSS,2,98.58899999999994,30.082000000002154
32647.5,0.41165365000460313,0,0.344,96.394,1:01,METAL_LOSS,2,98.58899999999994,30.082000000002154
32672.5,0.4605902759180789,0,0.344,116.654,,GIRTH_WELD,6,92.68999999999869,0.0
32677.5,0.43773656146939993,0,0.344,116.654,,GIRTH_WELD,6,92.68999999999869,0.0
32682.5,0.43773656146939993,0,0.344,116.654,,GIRTH_WELD,6,92.68999999999869,0.0
32687.5,0.43773656146939993,0,0.344,116.654,,GIRTH_WELD,6,92.68999999999869,0.0
32692.5,0.41108876146395656,0,0.344,125.955,,FIELD_BEND,3,72.3849999999984,19.79699999999866
32697.5,0.38040273091929633,0,0.344,125.955,,FIELD_BEND,3,72.3849999999984,19.79699999999866
32702.5,0.38040273091929633,0,0.344,125.955,,FIELD_BEND,3,72.3849999999984,19.79699999999866
32707.5,0.38040273091929633,0,0.344,125.955,,FIELD_BEND,3,72.3849999999984,19.79699999999866
32712.5,0.44367462433934657,0,0.344,134.878,,GIRTH_WELD,3,52.58799999999974,0.0
32717.5,0.3789726463467071,0,0.344,134.878,,GIRTH_WELD,3,52.58799999999974,0.0
32722.5,0.4041349728230779,0,0.344,135.261,6:16,METAL_LOSS,3,51.737999999997555,0.8500000000021828
32727.5,0.36986996354149143,0,0.344,135.261,6:16,METAL_LOSS,3,51.737999999997555,0.8500000000021828
32752.5,0.31460071867096984,0,0.344,152.269,,GIRTH_WELD,3,12.627999999996973,0.0
32757.5,0.293586294732426,0,0.344,152.269,,GIRTH_WELD,3,12.627999999996973,0.0
32762.5,0.2908405479658941,0,0.344,152.269,,GIRTH_WELD,3,12.627999999996973,0.0
32767.5,0.3556267835892644,0,0.5,155.815,,GIRTH_WELD,3,4.625999999996566,0.0
32772.5,0.40781448772907825,0,0.5,157.351,,BEND,0,0.0,4.625999999996566
32777.5,0.4094217503848808,0,0.344,158.297,,GIRTH_WELD,0,4.796999999998661,0.0
32782.5,0.4156405715598568,0,0.344,158.297,,GIRTH_WELD,0,4.796999999998661,0.0
32787.5,0.4171559224370498,0,0.344,158.297,,GIRTH_WELD,0,4.796999999998661,0.0
32802.5,0.38963408464372323,0,0.344,158.403,,UNKNOWN,0,34.65600000000268,9.070999999996275
32807.5,0.3945576301413415,0,0.344,158.403,,UNKNOWN,0,34.65600000000268,9.070999999996275
32812.5,0.33742956833288523,0,0.344,158.351,,UNKNOWN,0,38.34000000000378,5.386999999995169
32817.5,0.3320788741291313,0,0.344,158.275,,GIRTH_WELD,0,43.72699999999895,0.0
32822.5,0.29161696061899045,0,0.344,157.604,,FIELD_BEND,0,51.9890000000014,8.262000000002445
32827.5,0.3343096538420783,0,0.344,157.604,,FIELD_BEND,0,51.9890000000014,8.262000000002445
32832.5,0.3322513537553124,0,0.344,157.604,,FIELD_BEND,0,51.9890000000014,8.262000000002445
32852.5,0.21888999704669918,0,0.344,154.065,,GIRTH_WELD,0,84.0590000000011,0.0
32857.5,0.23170583583200574,0,0.344,154.065,,GIRTH_WELD,0,84.0590000000011,0.0
32862.5,0.23184103883993804,0,0.344,154.065,,GIRTH_WELD,0,84.0590000000011,0.0
32867.5,0.23184103883993804,0,0.344,154.065,,GIRTH_WELD,0,84.0590000000011,0.0
32892.5,0.2141619057716036,0,0.344,150.856,,GIRTH_WELD,0,123.99000000000524,0.0
32897.5,0.2343684144743175,0,0.344,150.856,,GIRTH_WELD,0,123.99000000000524,0.0
32902.5,0.2343684144743175,0,0.344,150.856,,GIRTH_WELD,0,123.99000000000524,0.0
32907.5,0.2343684144743175,0,0.344,150.856,,GIRTH_WELD,0,123.99000000000524,0.0
32922.5,0.3423414506702973,0,0.344,148.455,,GIRTH_WELD,0,156.221000000005,0.0
32927.5,0.39138622410176893,0,0.344,148.455,,GIRTH_WELD,0,156.221000000005,0.0
32932.5,0.3926166199911077,0,0.344,148.455,,GIRTH_WELD,0,156.221000000005,0.0
32937.5,0.3365138713345226,0,0.344,147.665,3:23,UNKNOWN,0,167.2479999999996,11.026999999994587
32942.5,0.3430981867597992,0,0.344,147.552,3:18,UNKNOWN,0,168.83200000000215,12.610999999997148
32947.5,0.3449629350332233,0,0.344,147.223,3:28,UNKNOWN,0,173.48099999999977,13.188999999998487
32952.5,0.3907053242394493,0,0.344,147.223,3:28,UNKNOWN,0,173.48099999999977,13.188999999998487
32957.5,0.4944039783009291,0,0.344,146.287,,GIRTH_WELD,0,186.66999999999825,0.0
32962.5,0.5400372336653035,1,0.344,146.287,,GIRTH_WELD,0,186.66999999999825,0.0
32967.5,0.5400372336653035,1,0.344,146.287,,GIRTH_WELD,0,186.66999999999825,0.0
32992.5,0.548117282392189,1,0.344,144.281,,AGM,4,224.72499999999854,1.9910000000018044
32997.5,0.5722263821960094,1,0.344,144.281,,AGM,4,224.72499999999854,1.9910000000018044
33002.5,0.5548695705650132,1,0.344,144.178,,GIRTH_WELD,4,226.71600000000035,0.0
33007.5,0.5835614941913141,1,0.344,144.178,,GIRTH_WELD,4,226.71600000000035,0.0
33012.5,0.6427424986401129,1,0.344,143.576,,FIELD_BEND,7,245.8440000000046,19.12800000000425
33017.5,0.6922510177943342,1,0.344,143.576,,FIELD_BEND,7,245.8440000000046,19.12800000000425
33022.5,0.6922510177943342,1,0.344,143.576,,FIELD_BEND,7,245.8440000000046,19.12800000000425
33027.5,0.7431313589789939,1,0.344,143.235,,UNKNOWN,11,257.81900000000314,8.922999999995227
33032.5,0.7431313589789939,1,0.344,143.225,,UNKNOWN,11,258.1790000000037,8.562999999994645
33037.5,0.7506537399609661,1,0.344,143.061,6:51,METAL_LOSS,11,263.93100000000413,2.8109999999942374
33042.5,0.7339685357112994,1,0.344,142.981,,GIRTH_WELD,11,266.74199999999837,0.0
33047.5,0.7536837560613688,1,0.344,142.848,,FIELD_BEND,11,273.85199999999895,7.110000000000582
33052.5,0.7592621165955574,1,0.344,142.774,7:49,METAL_LOSS,11,279.3570000000036,12.615000000005239
33057.5,0.7705546663117677,1,0.344,142.753,6:16,METAL_LOSS,11,280.9290000000037,14.187000000005355
33062.5,0.7983301401246072,1,0.344,142.753,6:16,METAL_LOSS,11,280.9290000000037,14.187000000005355
33072.5,0.8172782201741484,1,0.344,142.416,4:57,METAL_LOSS,11,305.9320000000007,39.19000000000233
33077.5,0.8364013688184313,1,0.344,142.416,4:57,METAL_LOSS,11,305.9320000000007,39.19000000000233
33082.5,0.8119293016818457,1,0.344,142.392,6:36,METAL_LOSS,11,307.7330000000002,39.30500000000029
33087.5,0.8310524503261288,1,0.344,142.392,6:36,METAL_LOSS,11,307.7330000000002,39.30500000000029
33112.5,0.7298869945490538,1,0.344,141.788,,GIRTH_WELD,7,347.03800000000047,0.0
33117.5,0.7479178326950898,1,0.344,141.788,,GIRTH_WELD,7,347.03800000000047,0.0
33122.5,0.7479178326950898,1,0.344,141.788,,GIRTH_WELD,7,347.03800000000047,0.0
33127.5,0.7479178326950898,1,0.344,141.788,,GIRTH_WELD,7,347.03800000000047,0.0
33152.5,0.5756893991570985,1,0.344,141.578,,UNKNOWN,3,385.76800000000367,38.7300000000032
33157.5,0.5933809776306103,1,0.344,141.578,,UNKNOWN,3,385.76800000000367,38.7300000000032
33162.5,0.5776283682532074,1,0.344,141.566,,UNKNOWN,3,388.36300000000483,38.802999999999884
33167.5,0.5933809776306103,1,0.344,141.566,,UNKNOWN,3,388.36300000000483,38.802999999999884
33192.5,0.5638820143727252,1,0.344,141.757,,GIRTH_WELD,7,427.1660000000047,0.0
33197.5,0.5609407727057792,1,0.344,141.757,,GIRTH_WELD,7,427.1660000000047,0.0
33202.5,0.5609407727057792,1,0.344,141.757,,GIRTH_WELD,7,427.1660000000047,0.0
33207.5,0.5609407727057792,1,0.344,141.757,,GIRTH_WELD,7,427.1660000000047,0.0
33212.5,0.47655863959222494,0,0.344,141.739,9:12,UNKNOWN,3,445.2430000000022,18.076999999997497
33217.5,0.474477123041041,0,0.344,141.739,9:12,UNKNOWN,3,445.2430000000022,18.076999999997497
33222.5,0.5516188388238654,1,0.344,141.733,9:08,UNKNOWN,3,448.09100000000035,20.924999999995634
33227.5,0.5522524398869317,1,0.344,141.733,9:08,UNKNOWN,3,448.09100000000035,20.924999999995634
33232.5,0.5598382063669801,1,0.344,141.697,2:56,METAL_LOSS,3,466.38500000000204,39.21899999999732
33237.5,0.5646381701585571,1,0.344,141.697,2:56,METAL_LOSS,3,466.38500000000204,39.21899999999732
33242.5,0.5684757663690939,1,0.344,141.693,4:19,METAL_LOSS,3,468.2220000000016,39.2980000000025
33247.5,0.5705303984165309,1,0.344,141.693,4:19,METAL_LOSS,3,468.2220000000016,39.2980000000025
33272.5,0.36708820272108134,0,0.344,140.762,,GIRTH_WELD,6,507.5200000000041,0.0
33277.5,0.3920325377038801,0,0.344,140.762,,GIRTH_WELD,6,507.5200000000041,0.0
33282.5,0.3920325377038801,0,0.344,140.762,,GIRTH_WELD,6,507.5200000000041,0.0
33287.5,0.3920325377038801,0,0.344,140.762,,GIRTH_WELD,6,507.5200000000041,0.0
33302.5,0.48585237368658435,0,0.344,140.061,,FIELD_BEND,2,534.6889999999985,13.005000000004657
33307.5,0.5297504169120782,1,0.344,140.061,,FIELD_BEND,2,534.6889999999985,13.005000000004657
33312.5,0.5297504169120782,1,0.344,140.061,,FIELD_BEND,2,534.6889999999985,13.005000000004657
33317.5,0.47647387036946526,0,0.344,139.841,7:58,METAL_LOSS,2,543.1960000000036,4.4979999999995925
33322.5,0.4833097736632589,0,0.344,139.724,,GIRTH_WELD,2,547.6940000000031,0.0
33327.5,0.5298193229798496,1,0.344,139.724,,GIRTH_WELD,2,547.6940000000031,0.0
33352.5,0.7252059408735669,1,0.344,139.388,,GIRTH_WELD,7,587.8119999999981,0.0
33357.5,0.7381498253319237,1,0.344,139.388,,GIRTH_WELD,7,587.8119999999981,0.0
33362.5,0.7381498253319237,1,0.344,139.388,,GIRTH_WELD,7,587.8119999999981,0.0
33367.5,0.7381498253319237,1,0.344,139.388,,GIRTH_WELD,7,587.8119999999981,0.0
33392.5,0.8293104897050239,1,0.344,139.454,,GIRTH_WELD,11,627.9429999999993,0.0
33397.5,0.822501539634667,1,0.344,139.454,,GIRTH_WELD,11,627.9429999999993,0.0
33402.5,0.8256165548098288,1,0.344,139.455,12:22,METAL_LOSS,11,628.2479999999996,0.30500000000029104
33407.5,0.8319625341561298,1,0.344,139.458,12:22,METAL_LOSS,11,629.6589999999997,1.7160000000003492
33412.5,0.8281759808329927,1,0.344,139.458,12:22,METAL_LOSS,11,629.6589999999997,1.7160000000003492
33427.5,0.8752738880475167,1,0.344,139.505,11:45,METAL_LOSS,16,660.1280000000042,7.814999999995052
33432.5,0.8651571274535069,1,0.344,139.505,11:45,METAL_LOSS,16,660.1280000000042,7.814999999995052
33437.5,0.8751920025702397,1,0.344,139.508,12:42,METAL_LOSS,16,662.3329999999987,5.610000000000582
33442.5,0.8687980460853436,1,0.344,139.516,,GIRTH_WELD,16,667.9429999999993,0.0
33447.5,0.8336323172863607,1,0.344,139.379,,FIELD_BEND,16,673.875,5.9320000000006985
33452.5,0.8354916133104863,1,0.344,139.232,6:27,METAL_LOSS,16,677.4639999999999,9.52100000000064
33457.5,0.864708244811019,1,0.344,139.232,6:27,METAL_LOSS,16,677.4639999999999,9.52100000000064
33472.5,0.8352526967056199,1,0.344,138.054,4:30,METAL_LOSS,17,706.2540000000008,38.31100000000151
33477.5,0.8640334833900835,1,0.344,138.054,4:30,METAL_LOSS,17,706.2540000000008,38.31100000000151
33482.5,0.8215599274583066,1,0.344,137.96,5:59,METAL_LOSS,17,708.5540000000037,40.611000000004424
33487.5,0.8502260792574049,1,0.344,137.96,5:59,METAL_LOSS,17,708.5540000000037,40.611000000004424
33492.5,0.8502260792574049,1,0.344,137.96,5:59,METAL_LOSS,17,708.5540000000037,40.611000000004424
33497.5,0.7783857267083057,1,0.344,137.18,4:47,METAL_LOSS,12,730.6270000000004,62.684000000001106
33502.5,0.8026118659346547,1,0.344,137.18,4:47,METAL_LOSS,12,730.6270000000004,62.684000000001106
33507.5,0.8026118659346547,1,0.344,137.18,4:47,METAL_LOSS,12,730.6270000000004,62.684000000001106
33512.5,0.7858704708893594,1,0.344,136.954,,UNKNOWN,13,737.0840000000026,69.14100000000326
33517.5,0.7624162428776224,1,0.344,136.634,,UNKNOWN,16,746.2410000000018,78.2980000000025
33522.5,0.7616259904842368,1,0.344,136.56,,UNKNOWN,16,748.3470000000016,79.49799999999959
33527.5,0.7615148007102726,1,0.344,136.505,5:54,METAL_LOSS,16,749.9250000000029,77.91999999999825
33532.5,0.7948759696627675,1,0.344,136.482,,UNKNOWN,11,758.9440000000031,68.90099999999802
33537.5,0.800235553503427,1,0.344,136.482,,UNKNOWN,11,758.9440000000031,68.90099999999802
33542.5,0.7943958522971398,1,0.344,136.462,,UNKNOWN,11,769.3210000000036,58.52399999999761
33547.5,0.792707326059904,1,0.344,136.45,4:56,METAL_LOSS,11,775.1869999999981,52.658000000003085
33552.5,0.8005282602772816,1,0.344,136.443,7:32,METAL_LOSS,11,778.711000000003,49.133999999998196
33557.5,0.7761148144271957,1,0.344,136.433,05:00,METAL_LOSS,9,783.9180000000051,43.92699999999604
33562.5,0.821108814449919,1,0.344,136.424,11:09,METAL_LOSS,11,788.4680000000008,39.37700000000041
33567.5,0.8262218378271462,1,0.344,136.424,11:09,METAL_LOSS,11,788.4680000000008,39.37700000000041
33572.5,0.8285126290088171,1,0.344,136.424,11:09,METAL_LOSS,11,788.4680000000008,39.37700000000041
33592.5,0.8526530175414854,1,0.344,138.858,,GIRTH_WELD,12,827.8450000000012,0.0
33597.5,0.8500519867730337,1,0.344,138.858,,GIRTH_WELD,12,827.8450000000012,0.0
33602.5,0.8500519867730337,1,0.344,138.858,,GIRTH_WELD,12,827.8450000000012,0.0
33607.5,0.8315267759193152,1,0.344,139.204,11:34,METAL_LOSS,11,833.4190000000017,5.574000000000524
33612.5,0.8258228395891613,1,0.344,139.299,11:58,METAL_LOSS,10,835.0169999999998,7.171999999998661
33617.5,0.8206342725423705,1,0.344,139.299,11:58,METAL_LOSS,10,835.0169999999998,7.171999999998661
33632.5,0.7206430633102612,1,0.344,141.271,,GIRTH_WELD,7,868.0780000000013,0.0
33637.5,0.7125397578026506,1,0.344,141.271,,GIRTH_WELD,7,868.0780000000013,0.0
33642.5,0.7125397578026506,1,0.344,141.271,,GIRTH_WELD,7,868.0780000000013,0.0
33647.5,0.7073559475318137,1,0.344,141.32,6:08,METAL_LOSS,7,868.8910000000033,0.8130000000019209
33652.5,0.70617521035159,1,0.344,141.32,6:08,METAL_LOSS,7,868.8910000000033,0.8130000000019209
33672.5,0.4865035686521415,0,0.344,142.227,,GIRTH_WELD,4,908.1889999999985,0.0
33677.5,0.49283232209513955,0,0.344,142.227,,GIRTH_WELD,4,908.1889999999985,0.0
33682.5,0.49283232209513955,0,0.344,142.227,,GIRTH_WELD,4,908.1889999999985,0.0
33687.5,0.49283232209513955,0,0.344,142.227,,GIRTH_WELD,4,908.1889999999985,0.0
33712.5,0.47816588211906114,0,0.344,141.82,,GIRTH_WELD,0,948.3300000000017,0.0
33717.5,0.5220700153902099,1,0.344,141.82,,GIRTH_WELD,0,948.3300000000017,0.0
33722.5,0.5220700153902099,1,0.344,141.82,,GIRTH_WELD,0,948.3300000000017,0.0
33727.5,0.5220700153902099,1,0.344,141.82,,GIRTH_WELD,0,948.3300000000017,0.0
33752.5,0.48539103920492593,0,0.344,140.815,,GIRTH_WELD,0,988.2710000000006,0.0
33757.5,0.5411889411476423,1,0.344,140.815,,GIRTH_WELD,0,988.2710000000006,0.0
33762.5,0.5411889411476423,1,0.344,140.815,,GIRTH_WELD,0,988.2710000000006,0.0
33767.5,0.5411889411476423,1,0.344,140.815,,GIRTH_WELD,0,988.2710000000006,0.0
33772.5,0.49388717443369196,0,0.344,139.962,,FIELD_BEND,0,1001.4959999999992,13.224999999998545
33777.5,0.5221700525698794,1,0.344,139.962,,FIELD_BEND,0,1001.4959999999992,13.224999999998545
33782.5,0.5221700525698794,1,0.344,139.962,,FIELD_BEND,0,1001.4959999999992,13.224999999998545
33797.5,0.588122771230637,1,0.344,137.983,,GIRTH_WELD,4,1028.4490000000005,0.0
33802.5,0.6019020707749791,1,0.344,137.983,,GIRTH_WELD,4,1028.4490000000005,0.0
33807.5,0.6019020707749791,1,0.344,137.983,,GIRTH_WELD,4,1028.4490000000005,0.0
33812.5,0.6007611124369919,1,0.344,137.983,,GIRTH_WELD,4,1028.4490000000005,0.0
33827.5,0.7728928724016509,1,0.344,133.927,4:35,METAL_LOSS,12,1063.1600000000035,5.294999999998254
33832.5,0.8104784087054413,1,0.344,133.927,4:35,METAL_LOSS,12,1063.1600000000035,5.294999999998254
33837.5,0.7708972150606076,1,0.344,133.873,5:40,METAL_LOSS,12,1063.609000000004,4.84599999999773
33842.5,0.7572566434893291,1,0.344,133.29,,GIRTH_WELD,12,1068.4550000000017,0.0
33847.5,0.7708972150606076,1,0.344,132.907,6:38,METAL_LOSS,12,1073.0970000000016,4.641999999999825
33852.5,0.7748696619577349,1,0.344,132.681,6:44,METAL_LOSS,12,1078.908000000003,10.453000000001339
33857.5,0.8117116835032557,1,0.344,132.681,6:44,METAL_LOSS,12,1078.908000000003,10.453000000001339
33862.5,0.7785101773436076,1,0.344,132.066,7:48,METAL_LOSS,12,1094.7079999999987,26.252999999996973
33867.5,0.8150106571842869,1,0.344,132.066,7:48,METAL_LOSS,12,1094.7079999999987,26.252999999996973
33872.5,0.7876422354406702,1,0.344,131.954,7:16,METAL_LOSS,12,1097.5920000000042,29.137000000002445
33877.5,0.780192715086773,1,0.344,131.576,,UNKNOWN,12,1107.3040000000037,26.334999999999127
33882.5,0.7822412893054651,1,0.344,131.524,,UNKNOWN,12,1108.6390000000029,25.0
33887.5,0.8245413409086432,1,0.344,131.421,,UNKNOWN,12,1111.286,22.353000000002794
33892.5,0.726067568947145,1,0.344,132.164,,UNKNOWN,7,1125.296000000002,8.343000000000757
33897.5,0.7220237136532209,1,0.344,132.164,,UNKNOWN,7,1125.296000000002,8.343000000000757
33902.5,0.7278906897271284,1,0.344,132.33,,UNKNOWN,7,1128.412000000004,5.226999999998952
33907.5,0.6623710058406809,1,0.344,132.607,,GIRTH_WELD,5,1133.6390000000029,0.0
33912.5,0.6450979969484097,1,0.344,132.607,,GIRTH_WELD,5,1133.6390000000029,0.0
33917.5,0.6450979969484097,1,0.344,132.607,,GIRTH_WELD,5,1133.6390000000029,0.0
33942.5,0.5971572321498857,1,0.344,132.13,,GIRTH_WELD,3,1173.851999999999,0.0
33947.5,0.6152006366516722,1,0.344,132.13,,GIRTH_WELD,3,1173.851999999999,0.0
33952.5,0.6152006366516722,1,0.344,132.13,,GIRTH_WELD,3,1173.851999999999,0.0
33957.5,0.6152006366516722,1,0.344,132.13,,GIRTH_WELD,3,1173.851999999999,0.0
33977.5,0.6066351245053433,1,0.344,131.526,12:05,METAL_LOSS,8,1210.089,3.838999999999942
33982.5,0.6201471697680764,1,0.344,131.526,12:05,METAL_LOSS,8,1210.089,3.838999999999942
33987.5,0.6149455764386746,1,0.344,131.462,,GIRTH_WELD,8,1213.9279999999999,0.0
33992.5,0.6356348511271424,1,0.344,131.462,,GIRTH_WELD,8,1213.9279999999999,0.0
33997.5,0.6012953623161182,1,0.344,131.161,,FIELD_BEND,8,1223.1830000000045,9.255000000004657
34002.5,0.6417866608750978,1,0.344,131.161,,FIELD_BEND,8,1223.1830000000045,9.255000000004657
34017.5,0.8025195108270615,1,0.344,130.014,,UNKNOWN,11,1253.1169999999984,39.18899999999849
34022.5,0.8371106805705252,1,0.344,130.014,,UNKNOWN,11,1253.1169999999984,39.18899999999849
34027.5,0.7992432436908332,1,0.344,130.011,12:55,METAL_LOSS,11,1253.1990000000005,39.27100000000064
34032.5,0.8111571934410462,1,0.344,129.937,,UNKNOWN,11,1255.1280000000042,39.05899999999383
34037.5,0.8452563510494057,1,0.344,129.937,,UNKNOWN,11,1255.1280000000042,39.05899999999383
34047.5,0.6806857889184894,1,0.344,128.629,5:38,METAL_LOSS,7,1281.309000000001,12.877999999996973
34052.5,0.707087645044732,1,0.344,128.629,5:38,METAL_LOSS,7,1281.309000000001,12.877999999996973
34057.5,0.707087645044732,1,0.344,128.629,5:38,METAL_LOSS,7,1281.309000000001,12.877999999996973
34062.5,0.8134524323437138,1,0.344,127.977,,GIRTH_WELD,11,1294.186999999998,0.0
34067.5,0.844704866547353,1,0.344,127.977,,GIRTH_WELD,11,1294.186999999998,0.0
34072.5,0.8187212450829061,1,0.344,127.789,,UNKNOWN,11,1299.5940000000046,5.407000000006519
34077.5,0.6920659014298254,1,0.344,127.684,,UNKNOWN,8,1304.6560000000027,10.469000000004598
34082.5,0.6374780575991188,1,0.344,127.605,,UNKNOWN,6,1308.4190000000017,14.232000000003609
34087.5,0.6622299096670438,1,0.344,127.605,,UNKNOWN,6,1308.4190000000017,14.232000000003609
34102.5,0.7911156311639299,1,0.344,127.084,10:14,METAL_LOSS,9,1333.4320000000007,1.0429999999978463
34107.5,0.8153955427300152,1,0.344,127.084,10:14,METAL_LOSS,9,1333.4320000000007,1.0429999999978463
34112.5,0.7900181312684592,1,0.344,127.062,,GIRTH_WELD,9,1334.4749999999985,0.0
34117.5,0.8217097977222876,1,0.344,127.062,,GIRTH_WELD,9,1334.4749999999985,0.0
34132.5,0.8102447521722389,1,0.344,126.276,6:14,METAL_LOSS,17,1366.4049999999988,8.152000000001863
34137.5,0.8408331296135075,1,0.344,126.276,6:14,METAL_LOSS,17,1366.4049999999988,8.152000000001863
34142.5,0.8109225688213357,1,0.344,126.229,6:23,METAL_LOSS,17,1368.2620000000024,6.294999999998254
34147.5,0.8250528592848597,1,0.344,126.072,,GIRTH_WELD,17,1374.5570000000007,0.0
34152.5,0.8491808761446313,1,0.344,126.001,,UNKNOWN,17,1381.7690000000002,7.211999999999534
34157.5,0.8358771776708553,1,0.344,125.999,6:20,METAL_LOSS,17,1382.7400000000052,8.18300000000454
34162.5,0.853997696347335,1,0.344,125.993,,UNKNOWN,13,1385.3680000000022,10.811000000001513
34167.5,0.8422064438283006,1,0.344,125.97,5:02,METAL_LOSS,15,1397.3199999999997,22.76299999999901
34172.5,0.8502850724152521,1,0.344,125.97,5:02,METAL_LOSS,15,1397.3199999999997,22.76299999999901
34177.5,0.8502850724152521,1,0.344,125.97,5:02,METAL_LOSS,15,1397.3199999999997,22.76299999999901
34182.5,0.8586056494389464,1,0.344,125.938,,UNKNOWN,18,1413.0580000000045,38.50100000000384
34187.5,0.8658815926505862,1,0.344,125.938,,UNKNOWN,18,1413.2419999999984,38.68499999999767
34192.5,0.8578505786708243,1,0.344,125.932,,UNKNOWN,21,1416.0169999999998,38.84900000000198
34197.5,0.8651265218824642,1,0.344,125.932,,UNKNOWN,21,1416.0169999999998,38.84900000000198
34212.5,0.8375601645114357,1,0.344,125.893,5:37,METAL_LOSS,16,1446.5880000000034,8.277999999998428
34217.5,0.8444988550394464,1,0.344,125.893,5:37,METAL_LOSS,16,1446.5880000000034,8.277999999998428
34222.5,0.838030075942181,1,0.344,125.891,4:55,METAL_LOSS,15,1448.4089999999997,6.457000000002154
34227.5,0.8506572716596154,1,0.344,125.883,,GIRTH_WELD,15,1454.8660000000018,0.0
34232.5,0.8585946973175467,1,0.344,125.883,,GIRTH_WELD,15,1454.8660000000018,0.0
34237.5,0.8385611747875602,1,0.344,125.944,4:39,METAL_LOSS,13,1463.8190000000031,8.953000000001339
34242.5,0.8385611747875602,1,0.344,125.952,5:16,METAL_LOSS,13,1464.5970000000016,9.730999999999767
34247.5,0.8418928043644232,1,0.344,125.952,5:16,METAL_LOSS,13,1464.5970000000016,9.730999999999767
34262.5,0.846591720175353,1,0.344,126.248,,UNKNOWN,11,1494.3570000000036,39.491000000001804
34267.5,0.8449021100285541,1,0.344,126.248,,UNKNOWN,11,1494.3570000000036,39.491000000001804
34272.5,0.8394674662587991,1,0.344,126.273,,UNKNOWN,9,1496.8839999999982,38.15600000000268
34277.5,0.836626823865368,1,0.344,126.273,,UNKNOWN,9,1496.8839999999982,38.15600000000268
34302.5,0.5486298501019446,1,0.344,127.133,,GIRTH_WELD,3,1535.0400000000009,0.0
34307.5,0.5409392766474564,1,0.344,127.133,,GIRTH_WELD,3,1535.0400000000009,0.0
34312.5,0.5409392766474564,1,0.344,127.133,,GIRTH_WELD,3,1535.0400000000009,0.0
34317.5,0.5409392766474564,1,0.344,127.133,,GIRTH_WELD,3,1535.0400000000009,0.0
34342.5,0.46538145789833685,0,0.344,127.706,,GIRTH_WELD,0,1575.2760000000053,0.0
34347.5,0.4658812871360008,0,0.344,127.706,,GIRTH_WELD,0,1575.2760000000053,0.0
34352.5,0.4658812871360008,0,0.344,127.706,,GIRTH_WELD,0,1575.2760000000053,0.0
34357.5,0.4658812871360008,0,0.344,127.706,,GIRTH_WELD,0,1575.2760000000053,0.0
34382.5,0.38972549684720953,0,0.344,128.396,,GIRTH_WELD,0,1615.3250000000044,0.0
34387.5,0.3995844588755283,0,0.344,128.396,,GIRTH_WELD,0,1615.3250000000044,0.0
34392.5,0.3995844588755283,0,0.344,128.396,,GIRTH_WELD,0,1615.3250000000044,0.0
34397.5,0.3995844588755283,0,0.344,128.396,,GIRTH_WELD,0,1615.3250000000044,0.0
34422.5,0.47675152587497366,0,0.344,129.068,,GIRTH_WELD,3,1655.5650000000023,0.0
34427.5,0.4516807951436466,0,0.344,129.068,,GIRTH_WELD,3,1655.5650000000023,0.0
34432.5,0.4516807951436466,0,0.344,129.068,,GIRTH_WELD,3,1655.5650000000023,0.0
34437.5,0.44799615673049575,0,0.344,129.374,8:19,METAL_LOSS,3,1669.7410000000018,14.175999999999476
34442.5,0.42707114068581975,0,0.344,129.374,8:19,METAL_LOSS,3,1669.7410000000018,14.175999999999476
34447.5,0.42707114068581975,0,0.344,129.374,8:19,METAL_LOSS,3,1669.7410000000018,14.175999999999476
34452.5,0.42707114068581975,0,0.344,129.374,8:19,METAL_LOSS,3,1669.7410000000018,14.175999999999476
34457.5,0.5907522008838698,1,0.344,129.784,,GIRTH_WELD,8,1687.887999999999,0.0
34462.5,0.5837165571834254,1,0.344,129.784,,GIRTH_WELD,8,1687.887999999999,0.0
34467.5,0.6032427911196282,1,0.344,129.81,,FIELD_BEND,8,1698.3340000000026,10.44600000000355
34472.5,0.5967664474815444,1,0.344,129.81,,FIELD_BEND,8,1698.3340000000026,10.44600000000355
34477.5,0.5967664474815444,1,0.344,129.81,,FIELD_BEND,8,1698.3340000000026,10.44600000000355
34492.5,0.4501312954997404,0,0.344,129.699,,GIRTH_WELD,4,1728.0710000000036,0.0
34497.5,0.4602380814043784,0,0.344,129.699,,GIRTH_WELD,4,1728.0710000000036,0.0
34502.5,0.4602380814043784,0,0.344,129.699,,GIRTH_WELD,4,1728.0710000000036,0.0
34507.5,0.45183323757115146,0,0.344,129.696,6:49,METAL_LOSS,4,1728.964,0.8929999999963911
34512.5,0.4578904396555518,0,0.344,129.696,6:49,METAL_LOSS,4,1728.964,0.8929999999963911
34532.5,0.45600321260467697,0,0.344,129.052,,GIRTH_WELD,4,1768.1699999999983,0.0
34537.5,0.4695208748989222,0,0.344,129.052,,GIRTH_WELD,4,1768.1699999999983,0.0
34542.5,0.4695208748989222,0,0.344,129.052,,GIRTH_WELD,4,1768.1699999999983,0.0
34547.5,0.4695208748989222,0,0.344,129.052,,GIRTH_WELD,4,1768.1699999999983,0.0
34562.5,0.3488658025162335,0,0.344,128.394,,FIELD_BEND,0,1794.4979999999996,13.89100000000326
34567.5,0.37495352886749783,0,0.344,128.394,,FIELD_BEND,0,1794.4979999999996,13.89100000000326
34572.5,0.37495352886749783,0,0.344,128.394,,FIELD_BEND,0,1794.4979999999996,13.89100000000326
34577.5,0.4105370984967084,0,0.344,128.034,,GIRTH_WELD,0,1808.3890000000029,0.0
34582.5,0.4512708618633936,0,0.344,128.034,,GIRTH_WELD,0,1808.3890000000029,0.0
34587.5,0.4512708618633936,0,0.344,128.034,,GIRTH_WELD,0,1808.3890000000029,0.0
34602.5,0.31992287445955325,0,0.344,126.495,,GIRTH_WELD,0,1838.2190000000046,0.0
34607.5,0.3346621638495214,0,0.344,126.495,,GIRTH_WELD,0,1838.2190000000046,0.0
34612.5,0.3346621638495214,0,0.344,126.495,,GIRTH_WELD,0,1838.2190000000046,0.0
34617.5,0.3346621638495214,0,0.344,126.495,,GIRTH_WELD,0,1838.2190000000046,0.0
34647.5,0.3406670191144467,0,0.344,123.903,,GIRTH_WELD,0,1878.4579999999987,0.0
34652.5,0.3694652828621824,0,0.344,123.903,,GIRTH_WELD,0,1878.4579999999987,0.0
34657.5,0.3694652828621824,0,0.344,123.903,,GIRTH_WELD,0,1878.4579999999987,0.0
34662.5,0.3694652828621824,0,0.344,123.903,,GIRTH_WELD,0,1878.4579999999987,0.0
34687.5,0.37666239529032425,0,0.344,121.096,,GIRTH_WELD,0,1918.4979999999996,0.0
34692.5,0.40686899644955615,0,0.344,121.096,,GIRTH_WELD,0,1918.4979999999996,0.0
34697.5,0.40686899644955615,0,0.344,121.096,,GIRTH_WELD,0,1918.4979999999996,0.0
34702.5,0.40686899644955615,0,0.344,121.096,,GIRTH_WELD,0,1918.4979999999996,0.0
34722.5,0.3763791626354409,0,0.344,117.227,,GIRTH_WELD,5,1958.3369999999995,0.0
34727.5,0.3956835547893843,0,0.344,117.227,,GIRTH_WELD,5,1958.3369999999995,0.0
34732.5,0.3956835547893843,0,0.344,117.227,,GIRTH_WELD,5,1958.3369999999995,0.0
34737.5,0.3956835547893843,0,0.344,117.227,,GIRTH_WELD,5,1958.3369999999995,0.0
34742.5,0.370987499906517,0,0.344,116.872,6:26,METAL_LOSS,5,1977.5690000000031,19.23200000000361
34747.5,0.3882391918460072,0,0.344,116.872,6:26,METAL_LOSS,5,1977.5690000000031,19.23200000000361
34752.5,0.3882391918460072,0,0.344,116.872,6:26,METAL_LOSS,5,1977.5690000000031,19.23200000000361
34757.5,0.37390981141353385,0,0.344,116.827,,FIELD_BEND,5,1984.5149999999994,14.05800000000454
34762.5,0.37158676082943765,0,0.344,116.802,5:10,METAL_LOSS,5,1988.4259999999995,10.147000000004482
34767.5,0.39203770025175666,0,0.344,116.802,5:10,METAL_LOSS,5,1988.4259999999995,10.147000000004482
34772.5,0.38413577649126973,0,0.344,116.736,,GIRTH_WELD,5,1998.573000000004,0.0
34777.5,0.3956835547893843,0,0.344,116.736,,GIRTH_WELD,5,1998.573000000004,0.0
34782.5,0.4140982744309397,0,0.344,117.0,,FIELD_BEND,5,2011.0570000000007,12.48399999999674
34787.5,0.40263057351678433,0,0.344,117.0,,FIELD_BEND,5,2011.0570000000007,12.48399999999674
34792.5,0.40263057351678433,0,0.344,117.0,,FIELD_BEND,5,2011.0570000000007,12.48399999999674
34807.5,0.3908044922149779,0,0.344,117.78,,GIRTH_WELD,0,2038.8029999999999,0.0
34812.5,0.3919819361704806,0,0.344,117.78,,GIRTH_WELD,0,2038.8029999999999,0.0
34817.5,0.3919819361704806,0,0.344,117.78,,GIRTH_WELD,0,2038.8029999999999,0.0
34822.5,0.3919819361704806,0,0.344,117.78,,GIRTH_WELD,0,2038.8029999999999,0.0
34832.5,0.41271657183856464,0,0.344,116.847,,FIELD_BEND,0,2067.0800000000017,11.828000000001339
34837.5,0.42550729322797326,0,0.344,116.847,,FIELD_BEND,0,2067.0800000000017,11.828000000001339
34842.5,0.42550729322797326,0,0.344,116.847,,FIELD_BEND,0,2067.0800000000017,11.828000000001339
34847.5,0.4008233977402358,0,0.344,116.387,,GIRTH_WELD,0,2078.908000000003,0.0
34852.5,0.4237625800312449,0,0.344,116.387,,GIRTH_WELD,0,2078.908000000003,0.0
34857.5,0.4237625800312449,0,0.344,116.387,,GIRTH_WELD,0,2078.908000000003,0.0
34862.5,0.4237625800312449,0,0.344,116.387,,GIRTH_WELD,0,2078.908000000003,0.0
34887.5,0.44133400863540073,0,0.344,112.82,,GIRTH_WELD,1,2119.120999999999,0.0
34892.5,0.4615441546816845,0,0.344,112.82,,GIRTH_WELD,1,2119.120999999999,0.0
34897.5,0.4615441546816845,0,0.344,112.82,,GIRTH_WELD,1,2119.120999999999,0.0
34902.5,0.4615441546816845,0,0.344,112.82,,GIRTH_WELD,1,2119.120999999999,0.0
34927.5,0.6382575180167385,1,0.344,108.23,,GIRTH_WELD,8,2159.1830000000045,0.0
34932.5,0.6686546499819471,1,0.344,108.23,,GIRTH_WELD,8,2159.1830000000045,0.0
34937.5,0.6180413707455645,1,0.344,107.497,7:20,METAL_LOSS,8,2165.178,5.994999999995343
34942.5,0.6473192361026833,1,0.344,107.497,7:20,METAL_LOSS,8,2165.178,5.994999999995343
34947.5,0.6692783753608726,1,0.344,106.12,7:18,METAL_LOSS,8,2176.060000000005,16.877000000000407
34952.5,0.6734551161732518,1,0.344,105.678,7:09,METAL_LOSS,8,2179.5540000000037,19.838999999999942
34957.5,0.6689932160236228,1,0.344,104.929,7:28,METAL_LOSS,8,2185.4660000000003,13.927000000003318
34962.5,0.6655859526100035,1,0.344,104.411,7:26,METAL_LOSS,8,2189.5540000000037,9.838999999999942
34967.5,0.6636149857256817,1,0.344,103.753,7:28,METAL_LOSS,8,2194.7580000000016,4.635000000002037
34972.5,0.6659045744290326,1,0.344,103.327,7:18,METAL_LOSS,8,2198.1240000000034,1.2690000000002328
34977.5,0.6829984731968665,1,0.344,103.166,,GIRTH_WELD,8,2199.3930000000037,0.0
34982.5,0.8168611424292159,1,0.344,101.083,,FIELD_BEND,12,2212.1589999999997,12.765999999995984
34987.5,0.8523428060103749,1,0.344,101.083,,FIELD_BEND,12,2212.1589999999997,12.765999999995984
34992.5,0.8523428060103749,1,0.344,101.083,,FIELD_BEND,12,2212.1589999999997,12.765999999995984
35007.5,0.8103585710987135,1,0.344,96.379,,GIRTH_WELD,9,2239.4979999999996,0.0
35012.5,0.8370716886293755,1,0.344,96.379,,GIRTH_WELD,9,2239.4979999999996,0.0
35017.5,0.8370716886293755,1,0.344,96.379,,GIRTH_WELD,9,2239.4979999999996,0.0
35022.5,0.5817995511373564,1,0.344,93.428,7:06,METAL_LOSS,5,2256.0699999999997,16.572000000000116
35027.5,0.6185262270677856,1,0.344,93.428,7:06,METAL_LOSS,5,2256.0699999999997,16.572000000000116
35032.5,0.5859762919497356,1,0.344,93.275,6:16,METAL_LOSS,5,2256.9230000000025,17.42500000000291
35037.5,0.6227029678801647,1,0.344,93.275,6:16,METAL_LOSS,5,2256.9230000000025,17.42500000000291
35042.5,0.5435403010144474,1,0.344,90.792,2:27,METAL_LOSS,5,2270.7750000000015,8.953000000001339
35047.5,0.5710189440528564,1,0.344,90.792,2:27,METAL_LOSS,5,2270.7750000000015,8.953000000001339
35052.5,0.5261675602175991,1,0.344,89.188,,GIRTH_WELD,5,2279.728000000003,0.0
35057.5,0.5572211939466808,1,0.344,89.188,,GIRTH_WELD,5,2279.728000000003,0.0
35062.5,0.4935505156159081,0,0.344,87.714,,FIELD_BEND,5,2296.7720000000045,17.044000000001688
35067.5,0.5216913359478951,1,0.344,87.714,,FIELD_BEND,5,2296.7720000000045,17.044000000001688
35072.5,0.5216913359478951,1,0.344,87.714,,FIELD_BEND,5,2296.7720000000045,17.044000000001688
35077.5,0.5216913359478951,1,0.344,87.714,,FIELD_BEND,5,2296.7720000000045,17.044000000001688
35087.5,0.4385038651182109,0,0.344,86.086,,GIRTH_WELD,1,2319.836000000003,0.0
35092.5,0.44641889341517804,0,0.344,86.086,,GIRTH_WELD,1,2319.836000000003,0.0
35097.5,0.44641889341517804,0,0.344,86.086,,GIRTH_WELD,1,2319.836000000003,0.0
35102.5,0.44641889341517804,0,0.344,86.086,,GIRTH_WELD,1,2319.836000000003,0.0
35127.5,0.3950966967057421,0,0.344,89.372,,GIRTH_WELD,0,2360.296000000002,0.0
35132.5,0.40861951396354096,0,0.344,89.372,,GIRTH_WELD,0,2360.296000000002,0.0
35137.5,0.40861951396354096,0,0.344,89.372,,GIRTH_WELD,0,2360.296000000002,0.0
35142.5,0.40861951396354096,0,0.344,89.372,,GIRTH_WELD,0,2360.296000000002,0.0
35152.5,0.3692088037868598,0,0.344,94.61,,GIRTH_WELD,0,2387.773000000001,0.0
35157.5,0.38440916258333246,0,0.344,94.61,,GIRTH_WELD,0,2387.773000000001,0.0
35162.5,0.38440916258333246,0,0.344,94.61,,GIRTH_WELD,0,2387.773000000001,0.0
35167.5,0.38440916258333246,0,0.344,94.61,,GIRTH_WELD,0,2387.773000000001,0.0
35192.5,0.35187845765409875,0,0.344,101.957,,GIRTH_WELD,0,2393.875,0.0
35197.5,0.35582956262859766,0,0.344,101.957,,GIRTH_WELD,0,2393.875,0.0
35202.5,0.35582956262859766,0,0.344,101.957,,GIRTH_WELD,0,2393.875,0.0
35207.5,0.35582956262859766,0,0.344,101.957,,GIRTH_WELD,0,2393.875,0.0
35212.5,0.3065195349588342,0,0.344,103.537,,FIELD_BEND,2,2380.5020000000004,13.372999999999593
35217.5,0.31473678752067236,0,0.344,103.537,,FIELD_BEND,2,2380.5020000000004,13.372999999999593
35222.5,0.31473678752067236,0,0.344,103.537,,FIELD_BEND,2,2380.5020000000004,13.372999999999593
35232.5,0.3234567971055518,0,0.344,106.312,,GIRTH_WELD,2,2353.724000000002,0.0
35237.5,0.30092503595968695,0,0.344,106.312,,GIRTH_WELD,2,2353.724000000002,0.0
35242.5,0.30092503595968695,0,0.344,106.312,,GIRTH_WELD,2,2353.724000000002,0.0
35247.5,0.30092503595968695,0,0.344,106.312,,GIRTH_WELD,2,2353.724000000002,0.0
35252.5,0.2881364654982206,0,0.344,107.419,9:47,METAL_LOSS,2,2341.2109999999957,12.513000000006286
35257.5,0.27982364022738965,0,0.344,107.419,9:47,METAL_LOSS,2,2341.2109999999957,12.513000000006286
35262.5,0.27982364022738965,0,0.344,107.419,9:47,METAL_LOSS,2,2341.2109999999957,12.513000000006286
35272.5,0.3303281718871364,0,0.344,109.759,,GIRTH_WELD,2,2313.5930000000008,0.0
35277.5,0.3131198263405003,0,0.344,109.759,,GIRTH_WELD,2,2313.5930000000008,0.0
35282.5,0.3131198263405003,0,0.344,109.759,,GIRTH_WELD,2,2313.5930000000008,0.0
35287.5,0.3131198263405003,0,0.344,109.759,,GIRTH_WELD,2,2313.5930000000008,0.0
35312.5,0.35798554546094247,0,0.344,113.402,,GIRTH_WELD,0,2273.589,0.0
35317.5,0.3626143387609852,0,0.344,113.402,,GIRTH_WELD,0,2273.589,0.0
35322.5,0.3626143387609852,0,0.344,113.402,,GIRTH_WELD,0,2273.589,0.0
35327.5,0.3626143387609852,0,0.344,113.402,,GIRTH_WELD,0,2273.589,0.0
35357.5,0.332287211192601,0,0.344,116.605,,GIRTH_WELD,0,2233.1559999999954,0.0
35362.5,0.32378772756355767,0,0.344,116.605,,GIRTH_WELD,0,2233.1559999999954,0.0
35367.5,0.32378772756355767,0,0.344,116.605,,GIRTH_WELD,0,2233.1559999999954,0.0
35372.5,0.32378772756355767,0,0.344,116.605,,GIRTH_WELD,0,2233.1559999999954,0.0
35397.5,0.13826009271989195,0,0.344,118.572,,GIRTH_WELD,0,2193.047999999995,0.0
35402.5,0.1381489985196926,0,0.344,118.572,,GIRTH_WELD,0,2193.047999999995,0.0
35407.5,0.1381489985196926,0,0.344,118.572,,GIRTH_WELD,0,2193.047999999995,0.0
35412.5,0.1381489985196926,0,0.344,118.572,,GIRTH_WELD,0,2193.047999999995,0.0
35417.5,0.17642303506313584,0,0.344,119.079,,FIELD_BEND,0,2173.565999999999,19.481999999996333
35422.5,0.1825527114882905,0,0.344,119.079,,FIELD_BEND,0,2173.565999999999,19.481999999996333
35427.5,0.1825527114882905,0,0.344,119.079,,FIELD_BEND,0,2173.565999999999,19.481999999996333
35437.5,0.13057685803515073,0,0.344,119.553,,GIRTH_WELD,0,2152.850999999995,0.0
35442.5,0.14244722476870814,0,0.344,119.553,,GIRTH_WELD,0,2152.850999999995,0.0
35447.5,0.14244722476870814,0,0.344,119.553,,GIRTH_WELD,0,2152.850999999995,0.0
35452.5,0.14244722476870814,0,0.344,119.553,,GIRTH_WELD,0,2152.850999999995,0.0
35477.5,0.1309061722618281,0,0.344,120.182,,GIRTH_WELD,0,2112.814999999995,0.0
35482.5,0.14369126963762702,0,0.344,120.182,,GIRTH_WELD,0,2112.814999999995,0.0
35487.5,0.14369126963762702,0,0.344,120.182,,GIRTH_WELD,0,2112.814999999995,0.0
35492.5,0.14369126963762702,0,0.344,120.182,,GIRTH_WELD,0,2112.814999999995,0.0
35497.5,0.19929955608199212,0,0.344,120.118,11:40,UNKNOWN,0,2093.2479999999996,19.56699999999546
35502.5,0.18822646442839336,0,0.344,120.118,11:40,UNKNOWN,0,2093.2479999999996,19.56699999999546
35507.5,0.18822646442839336,0,0.344,120.118,11:40,UNKNOWN,0,2093.2479999999996,19.56699999999546
35512.5,0.18822646442839336,0,0.344,120.118,11:40,UNKNOWN,0,2093.2479999999996,19.56699999999546
35517.5,0.1649142419455774,0,0.344,119.995,,GIRTH_WELD,0,2072.576000000001,0.0
35522.5,0.1499980620762699,0,0.344,119.995,,GIRTH_WELD,0,2072.576000000001,0.0
35527.5,0.19335607514740136,0,0.5,119.969,,GIRTH_WELD,0,2068.6979999999967,0.0
35532.5,0.18125469946136252,0,0.5,119.969,,GIRTH_WELD,0,2068.6979999999967,0.0
35547.5,0.2285292089659513,0,0.5,120.036,,AGM,0,2041.403999999995,12.968999999997322
35552.5,0.22571791600810565,0,0.5,120.036,,AGM,0,2041.403999999995,12.968999999997322
35557.5,0.22571791600810565,0,0.5,120.036,,AGM,0,2041.403999999995,12.968999999997322
35562.5,0.26171156151820935,0,0.344,120.081,,GIRTH_WELD,0,2028.4349999999977,0.0
35567.5,0.2679790608234366,0,0.344,120.081,,GIRTH_WELD,0,2028.4349999999977,0.0
35572.5,0.26430990012540184,0,0.344,120.101,,GIRTH_WELD,0,2024.4130000000005,0.0
35577.5,0.2633211854578858,0,0.344,120.101,,GIRTH_WELD,0,2024.4130000000005,0.0
35602.5,0.3575447067253965,0,0.344,120.814,,GIRTH_WELD,0,1984.4589999999953,0.0
35607.5,0.3672500382709275,0,0.344,120.814,,GIRTH_WELD,0,1984.4589999999953,0.0
35612.5,0.3672500382709275,0,0.344,120.814,,GIRTH_WELD,0,1984.4589999999953,0.0
35617.5,0.3672500382709275,0,0.344,120.814,,GIRTH_WELD,0,1984.4589999999953,0.0
35632.5,0.341602032822148,0,0.344,121.396,,GIRTH_WELD,0,1957.1029999999955,0.0
35637.5,0.3452588649904367,0,0.344,121.396,,GIRTH_WELD,0,1957.1029999999955,0.0
35642.5,0.3452588649904367,0,0.344,121.396,,GIRTH_WELD,0,1957.1029999999955,0.0
35647.5,0.3452588649904367,0,0.344,121.396,,GIRTH_WELD,0,1957.1029999999955,0.0
35672.5,0.3011903259095952,0,0.344,122.594,,GIRTH_WELD,3,1917.0769999999975,0.0
35677.5,0.26757200662491004,0,0.344,122.594,,GIRTH_WELD,3,1917.0769999999975,0.0
35682.5,0.26757200662491004,0,0.344,122.594,,GIRTH_WELD,3,1917.0769999999975,0.0
35687.5,0.26735608327303023,0,0.344,123.187,1:21,METAL_LOSS,3,1902.788999999997,14.288000000000466
35692.5,0.24301550901348598,0,0.344,123.187,1:21,METAL_LOSS,3,1902.788999999997,14.288000000000466
35697.5,0.24301550901348598,0,0.344,123.187,1:21,METAL_LOSS,3,1902.788999999997,14.288000000000466
35702.5,0.24301550901348598,0,0.344,123.187,1:21,METAL_LOSS,3,1902.788999999997,14.288000000000466
35712.5,0.3188107162420979,0,0.344,124.321,,GIRTH_WELD,3,1876.9099999999962,0.0
35717.5,0.2868664558575913,0,0.344,124.321,,GIRTH_WELD,3,1876.9099999999962,0.0
35722.5,0.2868664558575913,0,0.344,124.321,,GIRTH_WELD,3,1876.9099999999962,0.0
35727.5,0.2868664558575913,0,0.344,124.321,,GIRTH_WELD,3,1876.9099999999962,0.0
35752.5,0.4281282758258353,0,0.344,126.624,,GIRTH_WELD,0,1836.9289999999964,0.0
35757.5,0.4140072115776627,0,0.344,126.624,,GIRTH_WELD,0,1836.9289999999964,0.0
35762.5,0.4140072115776627,0,0.344,126.624,,GIRTH_WELD,0,1836.9289999999964,0.0
35767.5,0.4140072115776627,0,0.344,126.624,,GIRTH_WELD,0,1836.9289999999964,0.0
35792.5,0.41656227342822333,0,0.344,128.965,,GIRTH_WELD,2,1796.6929999999993,0.0
35797.5,0.38894410877533275,0,0.344,128.965,,GIRTH_WELD,2,1796.6929999999993,0.0
35802.5,0.38894410877533275,0,0.344,128.965,,GIRTH_WELD,2,1796.6929999999993,0.0
35807.5,0.38894410877533275,0,0.344,128.965,,GIRTH_WELD,2,1796.6929999999993,0.0
35817.5,0.3460029278154247,0,0.344,129.975,11:10,METAL_LOSS,2,1773.3199999999997,16.686000000001513
35822.5,0.3155734387541148,0,0.344,129.975,11:10,METAL_LOSS,2,1773.3199999999997,16.686000000001513
35827.5,0.3155734387541148,0,0.344,129.975,11:10,METAL_LOSS,2,1773.3199999999997,16.686000000001513
35832.5,0.4985657118583986,0,0.344,130.667,,GIRTH_WELD,6,1756.6339999999982,0.0
35837.5,0.4708698059980484,0,0.344,130.667,,GIRTH_WELD,6,1756.6339999999982,0.0
35842.5,0.4657079273669292,0,0.344,130.667,,GIRTH_WELD,6,1756.6339999999982,0.0
35847.5,0.4635881195708978,0,0.344,130.667,,GIRTH_WELD,6,1756.6339999999982,0.0
35872.5,0.5128104143781771,1,0.344,131.635,6:11,METAL_LOSS,3,1717.510000000002,1.099000000001979
35877.5,0.4866883017097186,0,0.344,131.635,6:11,METAL_LOSS,3,1717.510000000002,1.099000000001979
35882.5,0.5463291220009182,1,0.344,131.661,,GIRTH_WELD,3,1716.411,0.0
35887.5,0.518604938501322,1,0.344,131.661,,GIRTH_WELD,3,1716.411,0.0
35912.5,0.7886472412916986,1,0.344,132.911,,GIRTH_WELD,10,1676.385000000002,0.0
35917.5,0.7843008416167773,1,0.344,132.911,,GIRTH_WELD,10,1676.385000000002,0.0
35922.5,0.7843008416167773,1,0.344,132.911,,GIRTH_WELD,10,1676.385000000002,0.0
35927.5,0.7843008416167773,1,0.344,132.911,,GIRTH_WELD,10,1676.385000000002,0.0
35932.5,0.5638585460042259,1,0.344,133.357,8:52,METAL_LOSS,6,1658.5210000000006,17.864000000001397
35937.5,0.5442513170943707,1,0.344,133.357,8:52,METAL_LOSS,6,1658.5210000000006,17.864000000001397
35942.5,0.5442513170943707,1,0.344,133.357,8:52,METAL_LOSS,6,1658.5210000000006,17.864000000001397
35952.5,0.5533265005409779,1,0.344,133.89,,GIRTH_WELD,6,1636.148000000001,0.0
35957.5,0.5321654531662463,1,0.344,133.89,,GIRTH_WELD,6,1636.148000000001,0.0
35962.5,0.5487531114988675,1,0.344,133.908,8:33,METAL_LOSS,6,1635.413999999997,0.7340000000040163
35967.5,0.5305125246213697,1,0.344,133.908,8:33,METAL_LOSS,6,1635.413999999997,0.7340000000040163
35992.5,0.41873090518188066,0,0.344,135.0,,GIRTH_WELD,3,1596.1259999999966,0.0
35997.5,0.39607778919152636,0,0.344,135.0,,GIRTH_WELD,3,1596.1259999999966,0.0
36002.5,0.39607778919152636,0,0.344,135.0,,GIRTH_WELD,3,1596.1259999999966,0.0
36007.5,0.39607778919152636,0,0.344,135.0,,GIRTH_WELD,3,1596.1259999999966,0.0
36032.5,0.38316302163695776,0,0.344,136.158,,GIRTH_WELD,0,1555.8859999999986,0.0
36037.5,0.401262406486602,0,0.344,136.158,,GIRTH_WELD,0,1555.8859999999986,0.0
36042.5,0.401262406486602,0,0.344,136.158,,GIRTH_WELD,0,1555.8859999999986,0.0
36047.5,0.401262406486602,0,0.344,136.158,,GIRTH_WELD,0,1555.8859999999986,0.0
36052.5,0.35121117069342317,0,0.344,136.69,,UNKNOWN,0,1537.9229999999952,17.963000000003376
36057.5,0.34976531199424943,0,0.344,136.69,,UNKNOWN,0,1537.9229999999952,17.963000000003376
36062.5,0.31063995879220746,0,0.344,136.797,,UNKNOWN,0,1534.3280000000013,18.452000000004773
36067.5,0.3162872087027963,0,0.344,136.797,,UNKNOWN,0,1534.3280000000013,18.452000000004773
36072.5,0.28299072634935185,0,0.344,137.346,,GIRTH_WELD,0,1515.8759999999966,0.0
36077.5,0.2839525344599388,0,0.344,137.346,,GIRTH_WELD,0,1515.8759999999966,0.0
36082.5,0.2839525344599388,0,0.344,137.346,,GIRTH_WELD,0,1515.8759999999966,0.0
36087.5,0.2839525344599388,0,0.344,137.346,,GIRTH_WELD,0,1515.8759999999966,0.0
36112.5,0.3779057003721777,0,0.344,138.152,,GIRTH_WELD,0,1475.6299999999974,0.0
36117.5,0.39319240122523375,0,0.344,138.152,,GIRTH_WELD,0,1475.6299999999974,0.0
36122.5,0.39319240122523375,0,0.344,138.152,,GIRTH_WELD,0,1475.6299999999974,0.0
36127.5,0.39319240122523375,0,0.344,138.152,,GIRTH_WELD,0,1475.6299999999974,0.0
36152.5,0.32097255293134885,0,0.344,139.044,,GIRTH_WELD,3,1435.5970000000016,0.0
36157.5,0.3212701605920251,0,0.344,139.044,,GIRTH_WELD,3,1435.5970000000016,0.0
36162.5,0.3212701605920251,0,0.344,139.044,,GIRTH_WELD,3,1435.5970000000016,0.0
36167.5,0.3219031763487125,0,0.344,139.044,,GIRTH_WELD,3,1435.5970000000016,0.0
36192.5,0.29148567850554796,0,0.344,140.582,,GIRTH_WELD,3,1395.3810000000012,0.0
36197.5,0.26106935164084627,0,0.344,140.582,,GIRTH_WELD,3,1395.3810000000012,0.0
36202.5,0.2712839498858117,0,0.344,140.611,9:10,METAL_LOSS,3,1394.6460000000006,0.7350000000005821
36207.5,0.2437880835183438,0,0.344,140.611,9:10,METAL_LOSS,3,1394.6460000000006,0.7350000000005821
36232.5,0.30342233029211413,0,0.344,142.218,,GIRTH_WELD,3,1355.3969999999972,0.0
36237.5,0.2944863106952488,0,0.344,142.218,,GIRTH_WELD,3,1355.3969999999972,0.0
36242.5,0.2944863106952488,0,0.344,142.218,,GIRTH_WELD,3,1355.3969999999972,0.0
36247.5,0.2944863106952488,0,0.344,142.218,,GIRTH_WELD,3,1355.3969999999972,0.0
36272.5,0.3845609169554152,0,0.344,143.689,,GIRTH_WELD,0,1315.140999999996,0.0
36277.5,0.4142461534363763,0,0.344,143.689,,GIRTH_WELD,0,1315.140999999996,0.0
36282.5,0.4142461534363763,0,0.344,143.689,,GIRTH_WELD,0,1315.140999999996,0.0
36287.5,0.4142461534363763,0,0.344,143.689,,GIRTH_WELD,0,1315.140999999996,0.0
36312.5,0.26144282265295155,0,0.344,145.336,,GIRTH_WELD,0,1275.2330000000002,0.0
36317.5,0.26825730370513534,0,0.344,145.336,,GIRTH_WELD,0,1275.2330000000002,0.0
36322.5,0.26825730370513534,0,0.344,145.336,,GIRTH_WELD,0,1275.2330000000002,0.0
36327.5,0.26825730370513534,0,0.344,145.336,,GIRTH_WELD,0,1275.2330000000002,0.0
36352.5,0.14509747839847084,0,0.344,146.706,,GIRTH_WELD,0,1235.0720000000001,0.0
36357.5,0.16752418743673705,0,0.344,146.706,,GIRTH_WELD,0,1235.0720000000001,0.0
36362.5,0.16752418743673705,0,0.344,146.706,,GIRTH_WELD,0,1235.0720000000001,0.0
36367.5,0.16752418743673705,0,0.344,146.706,,GIRTH_WELD,0,1235.0720000000001,0.0
36392.5,0.1454660267528125,0,0.344,147.671,,GIRTH_WELD,0,1195.176999999996,0.0
36397.5,0.17013903581917283,0,0.344,147.671,,GIRTH_WELD,0,1195.176999999996,0.0
36402.5,0.17013903581917283,0,0.344,147.671,,GIRTH_WELD,0,1195.176999999996,0.0
36407.5,0.18373376896018778,0,0.344,147.706,,FIELD_BEND,0,1188.6449999999968,6.531999999999243
36412.5,0.18705116386092166,0,0.344,147.706,,FIELD_BEND,0,1188.6449999999968,6.531999999999243
36432.5,0.17178609798134073,0,0.344,147.505,,GIRTH_WELD,0,1155.0069999999978,0.0
36437.5,0.1764206298059383,0,0.344,147.505,,GIRTH_WELD,0,1155.0069999999978,0.0
36442.5,0.1764206298059383,0,0.344,147.505,,GIRTH_WELD,0,1155.0069999999978,0.0
36447.5,0.1764206298059383,0,0.344,147.505,,GIRTH_WELD,0,1155.0069999999978,0.0
36472.5,0.34371406222340417,0,0.344,147.377,,GIRTH_WELD,0,1114.953999999998,0.0
36477.5,0.36423145687462544,0,0.344,147.377,,GIRTH_WELD,0,1114.953999999998,0.0
36482.5,0.36423145687462544,0,0.344,147.377,,GIRTH_WELD,0,1114.953999999998,0.0
36487.5,0.36423145687462544,0,0.344,147.377,,GIRTH_WELD,0,1114.953999999998,0.0
36497.5,0.35818063165520747,0,0.344,146.654,,FIELD_BEND,0,1090.6369999999952,15.925999999999476
36502.5,0.377131276608873,0,0.344,146.654,,FIELD_BEND,0,1090.6369999999952,15.925999999999476
36507.5,0.37566581548913835,0,0.344,146.654,,FIELD_BEND,0,1090.6369999999952,15.925999999999476
36512.5,0.37566581548913835,0,0.344,146.654,,FIELD_BEND,0,1090.6369999999952,15.925999999999476
36517.5,0.38412091255410885,0,0.344,146.132,,GIRTH_WELD,0,1074.7109999999957,0.0
36522.5,0.4273169948337774,0,0.344,146.132,,GIRTH_WELD,0,1074.7109999999957,0.0
36527.5,0.4273169948337774,0,0.344,146.132,,GIRTH_WELD,0,1074.7109999999957,0.0
36552.5,0.2729531325392558,0,0.344,143.884,,GIRTH_WELD,1,1034.688000000002,0.0
36557.5,0.28437769775926947,0,0.344,143.884,,GIRTH_WELD,1,1034.688000000002,0.0
36562.5,0.28437769775926947,0,0.344,143.884,,GIRTH_WELD,1,1034.688000000002,0.0
36567.5,0.28437769775926947,0,0.344,143.884,,GIRTH_WELD,1,1034.688000000002,0.0
36572.5,0.2649248067688582,0,0.344,144.148,,FIELD_BEND,1,1021.5449999999983,13.143000000003667
36577.5,0.26199101269881003,0,0.344,144.148,,FIELD_BEND,1,1021.5449999999983,13.143000000003667
36582.5,0.2680138846294152,0,0.344,144.445,4:49,METAL_LOSS,1,1013.8130000000019,19.55800000000454
36587.5,0.2650800905593671,0,0.344,144.445,4:49,METAL_LOSS,1,1013.8130000000019,19.55800000000454
36592.5,0.2961074226213085,0,0.344,145.194,,GIRTH_WELD,1,994.2549999999974,0.0
36597.5,0.28437769775926947,0,0.344,145.194,,GIRTH_WELD,1,994.2549999999974,0.0
36602.5,0.28437769775926947,0,0.344,145.194,,GIRTH_WELD,1,994.2549999999974,0.0
36607.5,0.28437769775926947,0,0.344,145.194,,GIRTH_WELD,1,994.2549999999974,0.0
36632.5,0.39654132909328477,0,0.344,148.769,,GIRTH_WELD,0,954.2520000000004,0.0
36637.5,0.41565454141648905,0,0.344,148.769,,GIRTH_WELD,0,954.2520000000004,0.0
36642.5,0.4143754442098668,0,0.344,148.769,,GIRTH_WELD,0,954.2520000000004,0.0
36647.5,0.4135846739351043,0,0.344,148.769,,GIRTH_WELD,0,954.2520000000004,0.0
36672.5,0.37236462512808477,0,0.344,152.321,,GIRTH_WELD,0,914.038999999997,0.0
36677.5,0.38886130470572317,0,0.344,152.321,,GIRTH_WELD,0,914.038999999997,0.0
36682.5,0.38886130470572317,0,0.344,152.321,,GIRTH_WELD,0,914.038999999997,0.0
36687.5,0.38886130470572317,0,0.344,152.321,,GIRTH_WELD,0,914.038999999997,0.0
36712.5,0.22641957328872947,0,0.344,154.706,,GIRTH_WELD,0,874.025999999998,0.0
36717.5,0.24887424796720276,0,0.344,154.706,,GIRTH_WELD,0,874.025999999998,0.0
36722.5,0.24887424796720276,0,0.344,154.706,,GIRTH_WELD,0,874.025999999998,0.0
36727.5,0.2479255933818101,0,0.344,154.706,,GIRTH_WELD,0,874.025999999998,0.0
36752.5,0.40675801181590804,0,0.344,157.091,,GIRTH_WELD,0,833.8090000000011,0.0
36757.5,0.4362996850161054,0,0.344,157.091,,GIRTH_WELD,0,833.8090000000011,0.0
36762.5,0.4388087209145653,0,0.344,157.091,,GIRTH_WELD,0,833.8090000000011,0.0
36767.5,0.38250951108029296,0,0.344,157.55,,FIELD_BEND,0,823.7010000000009,10.108000000000175
36772.5,0.4066296378373236,0,0.344,157.55,,FIELD_BEND,0,823.7010000000009,10.108000000000175
36777.5,0.4066296378373236,0,0.344,157.55,,FIELD_BEND,0,823.7010000000009,10.108000000000175
36792.5,0.4047087020248774,0,0.344,158.769,,GIRTH_WELD,1,793.8389999999999,0.0
36797.5,0.42367408243492244,0,0.344,158.769,,GIRTH_WELD,1,793.8389999999999,0.0
36802.5,0.42367408243492244,0,0.344,158.769,,GIRTH_WELD,1,793.8389999999999,0.0
36807.5,0.42367408243492244,0,0.344,158.769,,GIRTH_WELD,1,793.8389999999999,0.0
36832.5,0.33121455770971764,0,0.344,159.996,,GIRTH_WELD,4,753.6389999999956,0.0
36837.5,0.3115830542090664,0,0.344,159.996,,GIRTH_WELD,4,753.6389999999956,0.0
36842.5,0.3084410025539191,0,0.344,159.996,,GIRTH_WELD,4,753.6389999999956,0.0
36847.5,0.34094274130783697,0,0.344,160.236,2:22,METAL_LOSS,4,744.0820000000022,9.556999999993423
36852.5,0.3325889250884948,0,0.344,160.236,2:22,METAL_LOSS,4,744.0820000000022,9.556999999993423
36857.5,0.3356102791129665,0,0.344,160.463,2:39,METAL_LOSS,4,734.4159999999974,19.222999999998137
36862.5,0.3231016481905717,0,0.344,160.463,2:39,METAL_LOSS,4,734.4159999999974,19.222999999998137
36867.5,0.3231016481905717,0,0.344,160.463,2:39,METAL_LOSS,4,734.4159999999974,19.222999999998137
36872.5,0.29741218712496836,0,0.344,160.952,,GIRTH_WELD,4,713.5800000000017,0.0
36877.5,0.282718346215647,0,0.344,160.952,,GIRTH_WELD,4,713.5800000000017,0.0
36882.5,0.282718346215647,0,0.344,160.952,,GIRTH_WELD,4,713.5800000000017,0.0
36887.5,0.282718346215647,0,0.344,160.952,,GIRTH_WELD,4,713.5800000000017,0.0
36912.5,0.3694980571726063,0,0.344,161.582,,GIRTH_WELD,0,673.4749999999985,0.0
36917.5,0.38419014242155974,0,0.344,161.582,,GIRTH_WELD,0,673.4749999999985,0.0
36922.5,0.38419014242155974,0,0.344,161.582,,GIRTH_WELD,0,673.4749999999985,0.0
36927.5,0.38419014242155974,0,0.344,161.582,,GIRTH_WELD,0,673.4749999999985,0.0
36952.5,0.26927834825194413,0,0.344,162.238,,GIRTH_WELD,0,634.038999999997,0.0
36957.5,0.26982844961284685,0,0.344,162.238,,GIRTH_WELD,0,634.038999999997,0.0
36962.5,0.26982844961284685,0,0.344,162.238,,GIRTH_WELD,0,634.038999999997,0.0
36967.5,0.26982844961284685,0,0.344,162.238,,GIRTH_WELD,0,634.038999999997,0.0
36992.5,0.2330578396859466,0,0.344,162.149,,GIRTH_WELD,0,593.8059999999969,0.0
36997.5,0.23410152549590527,0,0.344,162.149,,GIRTH_WELD,0,593.8059999999969,0.0
37002.5,0.23410152549590527,0,0.344,162.149,,GIRTH_WELD,0,593.8059999999969,0.0
37007.5,0.23410152549590527,0,0.344,162.149,,GIRTH_WELD,0,593.8059999999969,0.0
37017.5,0.22270687385717403,0,0.344,162.015,,GIRTH_WELD,0,570.7289999999994,0.0
37022.5,0.23017337599775584,0,0.344,162.015,,GIRTH_WELD,0,570.7289999999994,0.0
37027.5,0.23017337599775584,0,0.344,162.015,,GIRTH_WELD,0,570.7289999999994,0.0
37032.5,0.23017337599775584,0,0.344,162.015,,GIRTH_WELD,0,570.7289999999994,0.0
37057.5,0.24833978440666946,0,0.5,161.297,,GIRTH_WELD,2,530.4689999999973,0.0
37062.5,0.2955247819197459,0,0.5,161.297,,GIRTH_WELD,2,530.4689999999973,0.0
37067.5,0.2955247819197459,0,0.5,161.297,,GIRTH_WELD,2,530.4689999999973,0.0
37072.5,0.3304937927948226,0,0.344,160.889,,GIRTH_WELD,2,521.4599999999991,0.0
37077.5,0.315604126719362,0,0.344,160.536,,AGM,2,516.512999999999,1.135999999998603
37082.5,0.3308883511410701,0,0.344,160.438,,GIRTH_WELD,2,515.3770000000004,0.0
37087.5,0.36122108544235126,0,0.344,160.438,,GIRTH_WELD,2,515.3770000000004,0.0
37112.5,0.39277019519828277,0,0.344,157.594,,GIRTH_WELD,2,477.33899999999994,0.0
37117.5,0.4147038352665548,0,0.344,157.594,,GIRTH_WELD,2,477.33899999999994,0.0
37122.5,0.4147038352665548,0,0.344,157.594,,GIRTH_WELD,2,477.33899999999994,0.0
37127.5,0.4147038352665548,0,0.344,157.594,,GIRTH_WELD,2,477.33899999999994,0.0
37152.5,0.3562759182495289,0,0.344,154.859,,GIRTH_WELD,5,437.06699999999546,0.0
37157.5,0.38297370159452826,0,0.344,154.859,,GIRTH_WELD,5,437.06699999999546,0.0
37162.5,0.38297370159452826,0,0.344,154.859,,GIRTH_WELD,5,437.06699999999546,0.0
37167.5,0.39398466323881864,0,0.344,154.164,12:06,METAL_LOSS,5,426.3130000000019,10.753999999993539
37172.5,0.3931146836399045,0,0.344,154.14,12:04,METAL_LOSS,5,425.9380000000019,11.128999999993539
37177.5,0.4234288254128223,0,0.344,154.14,12:04,METAL_LOSS,5,425.9380000000019,11.128999999993539
37182.5,0.29395675374345226,0,0.344,152.888,12:04,METAL_LOSS,5,406.3029999999999,9.239000000001397
37187.5,0.3251676948753798,0,0.344,152.888,12:04,METAL_LOSS,5,406.3029999999999,9.239000000001397
37192.5,0.29529119990035513,0,0.344,152.861,12:06,METAL_LOSS,5,405.87599999999657,8.81199999999808
37197.5,0.27876868363531676,0,0.344,152.299,,GIRTH_WELD,5,397.0639999999985,0.0
37202.5,0.2980511466755012,0,0.344,152.299,,GIRTH_WELD,5,397.0639999999985,0.0
37207.5,0.2980511466755012,0,0.344,152.299,,GIRTH_WELD,5,397.0639999999985,0.0
37232.5,0.3396328947975571,0,0.344,149.515,,GIRTH_WELD,2,357.1849999999977,0.0
37237.5,0.3716647890842962,0,0.344,149.515,,GIRTH_WELD,2,357.1849999999977,0.0
37242.5,0.36884691349865834,0,0.5,148.975,,GIRTH_WELD,0,350.2719999999972,0.0
37247.5,0.4143811506153171,0,0.5,148.975,,GIRTH_WELD,0,350.2719999999972,0.0
37252.5,0.3764108339425972,0,0.344,148.037,,GIRTH_WELD,0,341.8110000000015,0.0
37257.5,0.42339584121164053,0,0.344,148.037,,GIRTH_WELD,0,341.8110000000015,0.0
37262.5,0.36874270837134593,0,0.344,146.108,,GIRTH_WELD,0,330.4499999999971,0.0
37267.5,0.422004485545946,0,0.344,146.108,,GIRTH_WELD,0,330.4499999999971,0.0
37272.5,0.422004485545946,0,0.344,146.108,,GIRTH_WELD,0,330.4499999999971,0.0
37277.5,0.28892387072108283,0,0.344,142.624,,FIELD_BEND,0,309.18299999999726,12.788000000000466
37282.5,0.3080887134918509,0,0.344,142.624,,FIELD_BEND,0,309.18299999999726,12.788000000000466
37287.5,0.3080887134918509,0,0.344,142.624,,FIELD_BEND,0,309.18299999999726,12.788000000000466
37292.5,0.3080887134918509,0,0.344,142.624,,FIELD_BEND,0,309.18299999999726,12.788000000000466
37297.5,0.27824014623598864,0,0.344,140.563,,GIRTH_WELD,0,296.3949999999968,0.0
37302.5,0.32112394875096284,0,0.344,140.563,,GIRTH_WELD,0,296.3949999999968,0.0
37307.5,0.32112394875096284,0,0.344,140.563,,GIRTH_WELD,0,296.3949999999968,0.0
37332.5,0.1769736334159962,0,0.344,137.506,,GIRTH_WELD,0,256.16799999999785,0.0
37337.5,0.1640954388469827,0,0.344,137.506,,GIRTH_WELD,0,256.16799999999785,0.0
37342.5,0.1640954388469827,0,0.344,137.506,,GIRTH_WELD,0,256.16799999999785,0.0
37347.5,0.16587682580238358,0,0.344,137.506,,GIRTH_WELD,0,256.16799999999785,0.0
37372.5,0.1730642364544,0,0.344,136.664,,GIRTH_WELD,0,215.94799999999668,0.0
37377.5,0.16937872420148053,0,0.344,136.664,,GIRTH_WELD,0,215.94799999999668,0.0
37382.5,0.16937872420148053,0,0.344,136.664,,GIRTH_WELD,0,215.94799999999668,0.0
37387.5,0.16937872420148053,0,0.344,136.664,,GIRTH_WELD,0,215.94799999999668,0.0
37412.5,0.14660098972474864,0,0.344,139.294,,GIRTH_WELD,0,175.63999999999942,0.0
37417.5,0.16342903253866767,0,0.344,139.294,,GIRTH_WELD,0,175.63999999999942,0.0
37422.5,0.16342903253866767,0,0.344,139.294,,GIRTH_WELD,0,175.63999999999942,0.0
37427.5,0.16342903253866767,0,0.344,139.294,,GIRTH_WELD,0,175.63999999999942,0.0
37452.5,0.24665416997954684,0,0.344,148.344,,GIRTH_WELD,0,135.4629999999961,0.0
37457.5,0.25258238771429536,0,0.344,148.344,,GIRTH_WELD,0,135.4629999999961,0.0
37462.5,0.25258238771429536,0,0.344,148.344,,GIRTH_WELD,0,135.4629999999961,0.0
37467.5,0.25051252023291054,0,0.344,148.344,,GIRTH_WELD,0,135.4629999999961,0.0
37482.5,0.3170387169585801,0,0.344,156.055,,GIRTH_WELD,0,106.30599999999686,0.0
37487.5,0.3325927700163403,0,0.344,156.055,,GIRTH_WELD,0,106.30599999999686,0.0
37492.5,0.3077464692517636,0,0.344,156.746,7:56,UNKNOWN,0,103.69799999999668,2.6080000000001746
37497.5,0.3256810211254833,0,0.344,158.575,,FIELD_BEND,0,95.51499999999942,10.790999999997439
37502.5,0.34131090753302584,0,0.344,158.575,,FIELD_BEND,0,95.51499999999942,10.790999999997439
37507.5,0.3358069472095711,0,0.344,158.575,,FIELD_BEND,0,95.51499999999942,10.790999999997439
37512.5,0.3410878578229139,0,0.344,162.362,,GIRTH_WELD,0,78.56999999999971,0.0
37517.5,0.3463186128941236,0,0.344,162.362,,GIRTH_WELD,0,78.56999999999971,0.0
37522.5,0.3463186128941236,0,0.344,162.362,,GIRTH_WELD,0,78.56999999999971,0.0
37552.5,0.3683181516878903,0,0.344,167.028,,GIRTH_WELD,2,38.33999999999651,0.0
37557.5,0.35517079858312167,0,0.344,167.028,,GIRTH_WELD,2,38.33999999999651,0.0
37562.5,0.35517079858312167,0,0.344,167.028,,GIRTH_WELD,2,38.33999999999651,0.0
37567.5,0.35517079858312167,0,0.344,167.028,,GIRTH_WELD,2,38.33999999999651,0.0
37572.5,0.35493305668457764,0,0.344,168.822,7:30,METAL_LOSS,2,15.682999999997264,11.135999999998603
37577.5,0.33655143450519626,0,0.344,168.822,7:30,METAL_LOSS,2,15.682999999997264,11.135999999998603
37582.5,0.34919602182653814,0,0.344,168.941,7:30,METAL_LOSS,2,14.108000000000175,9.561000000001513
37587.5,0.3966523802153016,0,0.5,169.662,,GIRTH_WELD,5,4.546999999998661,0.0
37592.5,0.37161757533244666,0,0.5,169.662,,GIRTH_WELD,5,4.546999999998661,0.0
37597.5,0.4107676306502049,0,0.5,169.992,,BEND,6,0.0,4.546999999998661
37602.5,0.38973270864969967,0,0.344,170.327,,GIRTH_WELD,6,4.838999999999942,0.0
37607.5,0.3751268236937696,0,0.344,170.327,,GIRTH_WELD,6,4.838999999999942,0.0
37632.5,0.47188191590508366,0,0.344,175.837,,GIRTH_WELD,5,44.983000000000175,0.0
37637.5,0.4616861710258417,0,0.344,175.837,,GIRTH_WELD,5,44.983000000000175,0.0
37642.5,0.4616861710258417,0,0.344,175.837,,GIRTH_WELD,5,44.983000000000175,0.0
37647.5,0.47518715941948964,0,0.344,176.44,7:50,METAL_LOSS,5,48.596000000005006,3.6130000000048312
37652.5,0.4986871803494814,0,0.344,178.089,11:14,METAL_LOSS,5,56.020000000004075,11.0370000000039
37657.5,0.4876425110583495,0,0.344,178.089,11:14,METAL_LOSS,5,56.020000000004075,11.0370000000039
37672.5,0.4935086291118106,0,0.344,184.437,,GIRTH_WELD,7,42.63499999999476,0.0
37677.5,0.4914303572582166,0,0.344,184.437,,GIRTH_WELD,7,42.63499999999476,0.0
37682.5,0.49589680454932017,0,0.344,184.437,,GIRTH_WELD,7,42.63499999999476,0.0
37687.5,0.49589680454932017,0,0.344,184.437,,GIRTH_WELD,7,42.63499999999476,0.0
37707.5,0.3966836801033277,0,0.5,192.469,,GIRTH_WELD,1,5.737999999997555,0.0
37712.5,0.37234271256578294,0,0.5,192.469,,GIRTH_WELD,1,5.737999999997555,0.0
37717.5,0.37234271256578294,0,0.5,192.469,,GIRTH_WELD,1,5.737999999997555,0.0
37722.5,0.38757412152254156,0,0.5,193.438,,BEND,1,0.0,5.737999999997555
37727.5,0.3800506958661796,0,0.344,194.221,,GIRTH_WELD,1,5.955000000001746,0.0
37732.5,0.3463803274859189,0,0.344,194.404,5:23,METAL_LOSS,1,7.338999999999942,1.3839999999981956
37737.5,0.37998844001853904,0,0.344,194.907,,GIRTH_WELD,1,14.671999999998661,0.0
37742.5,0.3622991464574587,0,0.344,194.907,,GIRTH_WELD,1,14.671999999998661,0.0
37747.5,0.3629779153281366,0,0.344,194.907,,GIRTH_WELD,1,14.671999999998661,0.0
37772.5,0.22700026569288012,0,0.344,197.235,,GIRTH_WELD,1,54.68500000000495,0.0
37777.5,0.215684563513284,0,0.344,197.235,,GIRTH_WELD,1,54.68500000000495,0.0
37782.5,0.215684563513284,0,0.344,197.235,,GIRTH_WELD,1,54.68500000000495,0.0
37787.5,0.215684563513284,0,0.344,197.235,,GIRTH_WELD,1,54.68500000000495,0.0
37807.5,0.2551556039463957,0,0.344,198.736,,GIRTH_WELD,0,93.11300000000483,0.0
37812.5,0.24220638050922402,0,0.344,198.736,,GIRTH_WELD,0,93.11300000000483,0.0
37817.5,0.24220638050922402,0,0.344,198.736,,GIRTH_WELD,0,93.11300000000483,0.0
37822.5,0.24220638050922402,0,0.344,198.736,,GIRTH_WELD,0,93.11300000000483,0.0
37847.5,0.21840042999349016,0,0.344,200.161,,GIRTH_WELD,0,133.11000000000058,0.0
37852.5,0.20903713827806591,0,0.344,200.161,,GIRTH_WELD,0,133.11000000000058,0.0
37857.5,0.20903713827806591,0,0.344,200.161,,GIRTH_WELD,0,133.11000000000058,0.0
37862.5,0.20903713827806591,0,0.344,200.161,,GIRTH_WELD,0,133.11000000000058,0.0
37887.5,0.14280606905381288,0,0.344,201.479,,GIRTH_WELD,0,173.3530000000028,0.0
37892.5,0.16702387703241292,0,0.344,201.479,,GIRTH_WELD,0,173.3530000000028,0.0
37897.5,0.16541783871058413,0,0.344,201.479,,GIRTH_WELD,0,173.3530000000028,0.0
37902.5,0.16541783871058413,0,0.344,201.479,,GIRTH_WELD,0,173.3530000000028,0.0
37927.5,0.14001083195367325,0,0.344,202.995,,GIRTH_WELD,0,213.35599999999977,0.0
37932.5,0.15954322509133312,0,0.344,202.995,,GIRTH_WELD,0,213.35599999999977,0.0
37937.5,0.16021269634513807,0,0.344,202.995,,GIRTH_WELD,0,213.35599999999977,0.0
37942.5,0.16021269634513807,0,0.344,202.995,,GIRTH_WELD,0,213.35599999999977,0.0
37957.5,0.17949394226027546,0,0.344,205.184,,FIELD_BEND,0,243.20799999999872,10.388000000006286
37962.5,0.18863583513157922,0,0.344,205.184,,FIELD_BEND,0,243.20799999999872,10.388000000006286
37967.5,0.18863583513157922,0,0.344,205.184,,FIELD_BEND,0,243.20799999999872,10.388000000006286
37972.5,0.14377543350144945,0,0.344,205.979,,GIRTH_WELD,0,253.596000000005,0.0
37977.5,0.16078733994454336,0,0.344,205.979,,GIRTH_WELD,0,253.596000000005,0.0
37982.5,0.16078733994454336,0,0.344,205.979,,GIRTH_WELD,0,253.596000000005,0.0
38007.5,0.25299789159372876,0,0.344,212.059,,GIRTH_WELD,0,293.6710000000021,0.0
38012.5,0.24001648179393217,0,0.344,212.059,,GIRTH_WELD,0,293.6710000000021,0.0
38017.5,0.24001648179393217,0,0.344,212.059,,GIRTH_WELD,0,293.6710000000021,0.0
38022.5,0.23815468350678015,0,0.344,212.059,,GIRTH_WELD,0,293.6710000000021,0.0
38047.5,0.2549780767884792,0,0.344,218.837,,GIRTH_WELD,0,333.86500000000524,0.0
38052.5,0.24492318122138812,0,0.344,218.837,,GIRTH_WELD,0,333.86500000000524,0.0
38057.5,0.24492318122138812,0,0.344,218.837,,GIRTH_WELD,0,333.86500000000524,0.0
38062.5,0.24279241791470818,0,0.344,218.837,,GIRTH_WELD,0,333.86500000000524,0.0
38067.5,0.2641535824301805,0,0.344,220.554,1:23,UNKNOWN,0,347.04699999999866,13.181999999993423
38072.5,0.2579157513681038,0,0.344,220.554,1:23,UNKNOWN,0,347.04699999999866,13.181999999993423
38077.5,0.2579157513681038,0,0.344,220.554,1:23,UNKNOWN,0,347.04699999999866,13.181999999993423
38082.5,0.20896186192042054,0,0.344,222.463,,FIELD_BEND,2,362.8179999999993,9.377000000000407
38087.5,0.2147797053407379,0,0.344,222.463,,FIELD_BEND,2,362.8179999999993,9.377000000000407
38092.5,0.19530974424248312,0,0.344,223.043,1:19,UNKNOWN,2,367.60199999999895,4.593000000000757
38097.5,0.180336661627344,0,0.344,223.598,,GIRTH_WELD,2,372.1949999999997,0.0
38102.5,0.17336138099236512,0,0.344,223.598,,GIRTH_WELD,2,372.1949999999997,0.0
38117.5,0.20385968779774857,0,0.344,225.837,,FIELD_BEND,2,401.98099999999977,9.944999999999709
38122.5,0.18913921002215076,0,0.344,225.837,,FIELD_BEND,2,401.98099999999977,9.944999999999709
38127.5,0.18913921002215076,0,0.344,225.837,,FIELD_BEND,2,401.98099999999977,9.944999999999709
38132.5,0.17670061857326064,0,0.344,226.493,4:50,METAL_LOSS,2,411.22699999999895,0.6990000000005239
38137.5,0.18316070579711866,0,0.344,226.543,,GIRTH_WELD,2,411.9259999999995,0.0
38142.5,0.16760647497151382,0,0.344,226.543,,GIRTH_WELD,2,411.9259999999995,0.0
38167.5,0.18263641048576154,0,0.344,228.539,,GIRTH_WELD,2,451.89300000000367,0.0
38172.5,0.18171051397755456,0,0.344,228.539,,GIRTH_WELD,2,451.89300000000367,0.0
38177.5,0.18171051397755456,0,0.344,228.539,,GIRTH_WELD,2,451.89300000000367,0.0
38182.5,0.18171051397755456,0,0.344,228.539,,GIRTH_WELD,2,451.89300000000367,0.0
38207.5,0.2418557017184778,0,0.344,230.554,,GIRTH_WELD,0,492.09999999999854,0.0
38212.5,0.23359200024326246,0,0.344,230.554,,GIRTH_WELD,0,492.09999999999854,0.0
38217.5,0.23359200024326246,0,0.344,230.554,,GIRTH_WELD,0,492.09999999999854,0.0
38222.5,0.23359200024326246,0,0.344,230.554,,GIRTH_WELD,0,492.09999999999854,0.0
38247.5,0.2030987508761407,0,0.344,232.687,,GIRTH_WELD,0,532.1359999999986,0.0
38252.5,0.1944887642900925,0,0.344,232.687,,GIRTH_WELD,0,532.1359999999986,0.0
38257.5,0.1944887642900925,0,0.344,232.687,,GIRTH_WELD,0,532.1359999999986,0.0
38262.5,0.1944887642900925,0,0.344,232.687,,GIRTH_WELD,0,532.1359999999986,0.0
38287.5,0.138159567388417,0,0.344,234.893,,GIRTH_WELD,0,572.3919999999998,0.0
38292.5,0.15021732221756992,0,0.344,234.893,,GIRTH_WELD,0,572.3919999999998,0.0
38297.5,0.15021732221756992,0,0.344,234.893,,GIRTH_WELD,0,572.3919999999998,0.0
38302.5,0.15021732221756992,0,0.344,234.893,,GIRTH_WELD,0,572.3919999999998,0.0
38312.5,0.16187432901698318,0,0.344,236.209,,FIELD_BEND,0,599.1990000000005,13.205999999998312
38317.5,0.16813465132639194,0,0.344,236.209,,FIELD_BEND,0,599.1990000000005,13.205999999998312
38322.5,0.16813465132639194,0,0.344,236.209,,FIELD_BEND,0,599.1990000000005,13.205999999998312
38327.5,0.16813465132639194,0,0.344,236.209,,FIELD_BEND,0,599.1990000000005,13.205999999998312
38332.5,0.1280257405351966,0,0.344,236.849,,GIRTH_WELD,0,612.4049999999988,0.0
38337.5,0.14328305461455687,0,0.344,236.849,,GIRTH_WELD,0,612.4049999999988,0.0
38342.5,0.14328305461455687,0,0.344,236.849,,GIRTH_WELD,0,612.4049999999988,0.0
38367.5,0.11509218926414347,0,0.344,238.067,,GIRTH_WELD,0,652.6209999999992,0.0
38372.5,0.13408391143890902,0,0.344,238.067,,GIRTH_WELD,0,652.6209999999992,0.0
38377.5,0.13408391143890902,0,0.344,238.067,,GIRTH_WELD,0,652.6209999999992,0.0
38382.5,0.11509218926414347,0,0.344,238.287,,GIRTH_WELD,0,660.9279999999999,0.0
38387.5,0.13408391143890902,0,0.344,238.287,,GIRTH_WELD,0,660.9279999999999,0.0
38392.5,0.13408391143890902,0,0.344,238.287,,GIRTH_WELD,0,660.9279999999999,0.0
38417.5,0.11478039849715228,0,0.344,239.822,,GIRTH_WELD,0,701.1549999999988,0.0
38422.5,0.13530706853314184,0,0.344,239.822,,GIRTH_WELD,0,701.1549999999988,0.0
38427.5,0.13530706853314184,0,0.344,239.822,,GIRTH_WELD,0,701.1549999999988,0.0
38432.5,0.13530706853314184,0,0.344,239.822,,GIRTH_WELD,0,701.1549999999988,0.0
38437.5,0.16126548517571643,0,0.344,241.285,12:49,UNKNOWN,0,720.9409999999989,19.786000000000058
38442.5,0.16508900580551544,0,0.344,241.285,12:49,UNKNOWN,0,720.9409999999989,19.786000000000058
38447.5,0.16508900580551544,0,0.344,241.285,12:49,UNKNOWN,0,720.9409999999989,19.786000000000058
38452.5,0.15939336131228335,0,0.344,241.945,12:54,UNKNOWN,0,729.2940000000017,11.874000000003434
38457.5,0.15083009585633547,0,0.344,242.295,12:50,UNKNOWN,0,733.724000000002,7.444000000003143
38462.5,0.11783998214499176,0,0.344,242.883,,GIRTH_WELD,0,741.1680000000051,0.0
38467.5,0.1357326882224971,0,0.344,243.12,2:43,UNKNOWN,0,744.5570000000007,3.388999999995576
38472.5,0.144493954769059,0,0.344,243.12,2:43,UNKNOWN,0,744.5570000000007,3.388999999995576
38477.5,0.144493954769059,0,0.344,243.12,2:43,UNKNOWN,0,744.5570000000007,3.388999999995576
38492.5,0.11081804270369673,0,0.344,244.558,,GIRTH_WELD,0,776.4470000000001,0.0
38497.5,0.1251795612942963,0,0.344,244.558,,GIRTH_WELD,0,776.4470000000001,0.0
38502.5,0.1251795612942963,0,0.344,244.558,,GIRTH_WELD,0,776.4470000000001,0.0
38507.5,0.12612821587968895,0,0.344,244.558,,GIRTH_WELD,0,776.4470000000001,0.0
38527.5,0.1381249140874554,0,0.344,245.677,9:06,UNKNOWN,0,810.6630000000005,5.80000000000291
38532.5,0.13729704156296121,0,0.344,245.677,9:06,UNKNOWN,0,810.6630000000005,5.80000000000291
38537.5,0.10395315008597837,0,0.344,245.861,,GIRTH_WELD,0,816.4630000000034,0.0
38542.5,0.11371071547982597,0,0.344,245.861,,GIRTH_WELD,0,816.4630000000034,0.0
38547.5,0.11371071547982597,0,0.344,245.861,,GIRTH_WELD,0,816.4630000000034,0.0
38572.5,0.10994753369559106,0,0.344,246.221,,GIRTH_WELD,0,856.6990000000005,0.0
38577.5,0.11381208505109676,0,0.344,246.221,,GIRTH_WELD,0,856.6990000000005,0.0
38582.5,0.11381208505109676,0,0.344,246.221,,GIRTH_WELD,0,856.6990000000005,0.0
38587.5,0.11381208505109676,0,0.344,246.221,,GIRTH_WELD,0,856.6990000000005,0.0
38612.5,0.10103063859527175,0,0.344,246.962,,GIRTH_WELD,0,820.1209999999992,0.0
38617.5,0.10554472222751189,0,0.344,246.962,,GIRTH_WELD,0,820.1209999999992,0.0
38622.5,0.10554472222751189,0,0.344,246.962,,GIRTH_WELD,0,820.1209999999992,0.0
38627.5,0.10554472222751189,0,0.344,246.962,,GIRTH_WELD,0,820.1209999999992,0.0
38652.5,0.10524795853350177,0,0.344,248.434,,GIRTH_WELD,0,780.4290000000037,0.0
38657.5,0.11371071547982597,0,0.344,248.434,,GIRTH_WELD,0,780.4290000000037,0.0
38662.5,0.11371071547982597,0,0.344,248.434,,GIRTH_WELD,0,780.4290000000037,0.0
38667.5,0.11371071547982597,0,0.344,248.434,,GIRTH_WELD,0,780.4290000000037,0.0
38692.5,0.10804019971302274,0,0.344,249.196,,GIRTH_WELD,0,740.4290000000037,0.0
38697.5,0.11587144093323434,0,0.344,249.196,,GIRTH_WELD,0,740.4290000000037,0.0
38702.5,0.10790596985878659,0,0.344,249.204,,AGM,0,739.9700000000012,0.45900000000256114
38707.5,0.11911668997048559,0,0.344,249.204,,AGM,0,739.9700000000012,0.45900000000256114
38732.5,0.10708987275838354,0,0.344,248.612,,GIRTH_WELD,0,700.2490000000034,0.0
38737.5,0.128551246603208,0,0.344,248.612,,GIRTH_WELD,0,700.2490000000034,0.0
38742.5,0.128551246603208,0,0.344,248.612,,GIRTH_WELD,0,700.2490000000034,0.0
38747.5,0.128551246603208,0,0.344,248.612,,GIRTH_WELD,0,700.2490000000034,0.0
38772.5,0.11903896105423468,0,0.344,245.945,,GIRTH_WELD,0,660.2520000000004,0.0
38777.5,0.1326718390554864,0,0.344,245.945,,GIRTH_WELD,0,660.2520000000004,0.0
38782.5,0.1317231844700938,0,0.344,245.945,,GIRTH_WELD,0,660.2520000000004,0.0
38787.5,0.1317231844700938,0,0.344,245.945,,GIRTH_WELD,0,660.2520000000004,0.0
38812.5,0.1219936911134938,0,0.344,237.758,,GIRTH_WELD,0,619.9570000000022,0.0
38817.5,0.13397974151922265,0,0.344,237.758,,GIRTH_WELD,0,619.9570000000022,0.0
38822.5,0.13397974151922265,0,0.344,237.758,,GIRTH_WELD,0,619.9570000000022,0.0
38827.5,0.13397974151922265,0,0.344,237.758,,GIRTH_WELD,0,619.9570000000022,0.0
38837.5,0.15210866625741246,0,0.344,230.46,,FIELD_BEND,0,597.0930000000008,17.277000000001863
38842.5,0.16155495860183333,0,0.344,230.46,,FIELD_BEND,0,597.0930000000008,17.277000000001863
38847.5,0.1633363455572342,0,0.344,230.46,,FIELD_BEND,0,597.0930000000008,17.277000000001863
38852.5,0.13533810164595284,0,0.344,224.72,,GIRTH_WELD,0,579.8159999999989,0.0
38857.5,0.14033631806303123,0,0.344,224.72,,GIRTH_WELD,0,579.8159999999989,0.0
38862.5,0.14033631806303123,0,0.344,224.72,,GIRTH_WELD,0,579.8159999999989,0.0
38867.5,0.1358681630368522,0,0.344,224.72,,GIRTH_WELD,0,579.8159999999989,0.0
38892.5,0.15425379575996906,0,0.344,205.699,,GIRTH_WELD,0,539.724000000002,0.0
38897.5,0.16875597722578814,0,0.344,205.699,,GIRTH_WELD,0,539.724000000002,0.0
38902.5,0.16958094802413864,0,0.344,205.699,,GIRTH_WELD,0,539.724000000002,0.0
38907.5,0.16671907307582587,0,0.344,199.129,,FIELD_BEND,0,528.4210000000021,11.302999999999884
38912.5,0.19198786525366593,0,0.344,199.129,,FIELD_BEND,0,528.4210000000021,11.302999999999884
38917.5,0.19101858132065325,0,0.344,199.129,,FIELD_BEND,0,528.4210000000021,11.302999999999884
38932.5,0.14910869955422773,0,0.344,181.466,,GIRTH_WELD,0,499.4190000000017,0.0
38937.5,0.1551853598263441,0,0.344,181.466,,GIRTH_WELD,0,499.4190000000017,0.0
38942.5,0.1544137250822375,0,0.344,181.466,,GIRTH_WELD,0,499.4190000000017,0.0
38947.5,0.1544137250822375,0,0.344,181.466,,GIRTH_WELD,0,499.4190000000017,0.0
38972.5,0.21773073696326647,0,0.344,156.043,,GIRTH_WELD,0,459.44200000000274,0.0
38977.5,0.2369735600975905,0,0.344,156.043,,GIRTH_WELD,0,459.44200000000274,0.0
38982.5,0.23927922371353133,0,0.344,156.043,,GIRTH_WELD,0,459.44200000000274,0.0
38987.5,0.23816997181991412,0,0.344,156.043,,GIRTH_WELD,0,459.44200000000274,0.0
39012.5,0.28458863222002834,0,0.344,130.433,,GIRTH_WELD,0,419.2940000000017,0.0
39017.5,0.33685752596227725,0,0.344,130.433,,GIRTH_WELD,0,419.2940000000017,0.0
39022.5,0.3557484059518319,0,0.344,130.433,,GIRTH_WELD,0,419.2940000000017,0.0
39027.5,0.3587178685253541,0,0.344,130.433,,GIRTH_WELD,0,419.2940000000017,0.0
39052.5,0.29644042384159386,0,0.344,105.179,,GIRTH_WELD,3,379.22899999999936,0.0
39057.5,0.3153863206776397,0,0.344,105.179,,GIRTH_WELD,3,379.22899999999936,0.0
39062.5,0.3153863206776397,0,0.344,105.179,,GIRTH_WELD,3,379.22899999999936,0.0
39067.5,0.3153863206776397,0,0.344,105.179,,GIRTH_WELD,3,379.22899999999936,0.0
39072.5,0.29013989872217455,0,0.344,92.346,2:44,UNKNOWN,3,358.5400000000009,19.548000000002503
39077.5,0.2871660375393117,0,0.344,92.346,2:44,UNKNOWN,3,358.5400000000009,19.548000000002503
39082.5,0.2902594789590038,0,0.344,91.408,2:54,UNKNOWN,3,357.0239999999976,18.031999999999243
39087.5,0.29010873063051973,0,0.344,91.408,2:54,UNKNOWN,3,357.0239999999976,18.031999999999243
39092.5,0.26774227257670014,0,0.344,81.778,4:23,METAL_LOSS,3,341.46600000000035,2.474000000001979
39097.5,0.27135677186762663,0,0.344,81.778,4:23,METAL_LOSS,3,341.46600000000035,2.474000000001979
39102.5,0.28499891677275696,0,0.344,80.247,,GIRTH_WELD,3,338.99199999999837,0.0
39107.5,0.300248788928545,0,0.344,80.247,,GIRTH_WELD,3,338.99199999999837,0.0
39132.5,0.31809476191571123,0,0.344,58.288,,GIRTH_WELD,3,298.7920000000013,0.0
39137.5,0.3545461158052909,0,0.344,58.288,,GIRTH_WELD,3,298.7920000000013,0.0
39142.5,0.3545461158052909,0,0.344,58.288,,GIRTH_WELD,3,298.7920000000013,0.0
39147.5,0.32124161277412705,0,0.344,54.616,,GIRTH_WELD,3,291.4860000000044,0.0
39152.5,0.3536837643385834,0,0.344,54.616,,GIRTH_WELD,3,291.4860000000044,0.0
39157.5,0.3536837643385834,0,0.344,54.616,,GIRTH_WELD,3,291.4860000000044,0.0
39162.5,0.47203982135060746,0,0.344,45.309,,FIELD_BEND,0,268.1660000000047,16.9690000000046
39167.5,0.48633132146571206,0,0.344,45.309,,FIELD_BEND,0,268.1660000000047,16.9690000000046
39172.5,0.48633132146571206,0,0.344,45.309,,FIELD_BEND,0,268.1660000000047,16.9690000000046
39177.5,0.48633132146571206,0,0.344,45.309,,FIELD_BEND,0,268.1660000000047,16.9690000000046
39182.5,0.4845141174484872,0,0.344,38.709,,GIRTH_WELD,0,251.19700000000012,0.0
39187.5,0.5152849373184096,1,0.344,38.709,,GIRTH_WELD,0,251.19700000000012,0.0
39192.5,0.5152849373184096,1,0.344,38.709,,GIRTH_WELD,0,251.19700000000012,0.0
39197.5,0.5152849373184096,1,0.344,38.709,,GIRTH_WELD,0,251.19700000000012,0.0
39222.5,0.6140307677234413,1,0.344,29.862,,GIRTH_WELD,7,211.07600000000093,0.0
39227.5,0.6318081238186851,1,0.344,29.862,,GIRTH_WELD,7,211.07600000000093,0.0
39232.5,0.6318081238186851,1,0.344,29.862,,GIRTH_WELD,7,211.07600000000093,0.0
39237.5,0.6318081238186851,1,0.344,29.862,,GIRTH_WELD,7,211.07600000000093,0.0
39242.5,0.7488690978244307,1,0.344,28.194,8:40,METAL_LOSS,12,190.95100000000093,20.125
39247.5,0.776454492724831,1,0.344,28.194,8:40,METAL_LOSS,12,190.95100000000093,20.125
39252.5,0.7512839134291142,1,0.344,28.058,,FIELD_BEND,12,188.8550000000032,22.22099999999773
39257.5,0.7771938453695768,1,0.344,28.058,,FIELD_BEND,12,188.8550000000032,22.22099999999773
39262.5,0.8116505624093223,1,0.344,26.962,4:25,METAL_LOSS,12,171.98799999999756,29.779999999998836
39267.5,0.8355500550624447,1,0.344,26.962,4:25,METAL_LOSS,12,171.98799999999756,29.779999999998836
39272.5,0.8117154121407816,1,0.344,26.838,4:23,METAL_LOSS,12,170.07500000000437,27.867000000005646
39277.5,0.8373665906898161,1,0.344,26.838,4:23,METAL_LOSS,12,170.07500000000437,27.867000000005646
39287.5,0.7632915396679435,1,0.344,26.255,6:03,METAL_LOSS,12,142.69600000000355,0.48800000000483124
39292.5,0.7848922893638179,1,0.344,26.255,6:03,METAL_LOSS,12,142.69600000000355,0.48800000000483124
39297.5,0.7848922893638179,1,0.344,26.255,6:03,METAL_LOSS,12,142.69600000000355,0.48800000000483124
39302.5,0.7913911374812278,1,0.344,26.246,,GIRTH_WELD,12,142.20799999999872,0.0
39307.5,0.8084362412599648,1,0.344,26.246,,GIRTH_WELD,12,142.20799999999872,0.0
39332.5,0.6695611502349021,1,0.344,24.456,,GIRTH_WELD,7,102.15200000000186,0.0
39337.5,0.6899400634663935,1,0.344,24.456,,GIRTH_WELD,7,102.15200000000186,0.0
39342.5,0.6899400634663935,1,0.344,24.456,,GIRTH_WELD,7,102.15200000000186,0.0
39347.5,0.5909558639877543,1,0.344,23.218,,FIELD_BEND,4,92.54200000000128,9.610000000000582
39352.5,0.4642110561933862,0,0.344,22.205,8:13,METAL_LOSS,2,86.11499999999796,16.0370000000039
39357.5,0.4960454070601374,0,0.344,22.205,8:13,METAL_LOSS,2,86.11499999999796,16.0370000000039
39362.5,0.4960454070601374,0,0.344,22.205,8:13,METAL_LOSS,2,86.11499999999796,16.0370000000039
39372.5,0.41858747625197906,0,0.344,18.414,,GIRTH_WELD,2,62.06999999999971,0.0
39377.5,0.45384328554131725,0,0.344,18.414,,GIRTH_WELD,2,62.06999999999971,0.0
39382.5,0.4286607383886136,0,0.344,17.251,,FIELD_BEND,2,53.9690000000046,8.10099999999511
39387.5,0.4526102524080649,0,0.344,17.251,,FIELD_BEND,2,53.9690000000046,8.10099999999511
39392.5,0.5389772378805112,1,0.344,16.133,,GIRTH_WELD,2,45.83299999999872,0.0
39397.5,0.5720876260349277,1,0.344,16.133,,GIRTH_WELD,2,45.83299999999872,0.0
39402.5,0.5720876260349277,1,0.344,16.133,,GIRTH_WELD,2,45.83299999999872,0.0
39427.5,0.5467927602420297,1,0.5,12.695,,GIRTH_WELD,1,5.764000000002852,0.0
39432.5,0.5776065192852683,1,0.5,12.695,,GIRTH_WELD,1,5.764000000002852,0.0
39437.5,0.6005716683670401,1,0.5,13.471,,BEND,5,0.0,5.764000000002852
39442.5,0.5794318684160658,1,0.5,13.471,,BEND,5,0.0,5.764000000002852
39447.5,0.5934348691065485,1,0.344,15.37,,GIRTH_WELD,5,6.338999999999942,0.0
39452.5,0.5681591698681957,1,0.5,19.908,,GIRTH_WELD,5,5.88300000000163,0.0
39457.5,0.5698514830672967,1,0.5,22.678,,BEND,5,0.0,5.88300000000163
39462.5,0.5469602592784875,1,0.5,22.678,,BEND,5,0.0,5.88300000000163
39467.5,0.6073350880384442,1,0.344,24.779,4:46,METAL_LOSS,5,6.928999999996449,12.81199999999808
39472.5,0.6022464500054643,1,0.344,24.779,4:46,METAL_LOSS,5,6.928999999996449,12.81199999999808
39482.5,0.761759856630203,1,0.344,24.608,6:26,METAL_LOSS,10,27.948999999993248,0.9160000000047148
39487.5,0.7676705325752055,1,0.344,24.608,6:26,METAL_LOSS,10,27.948999999993248,0.9160000000047148
39492.5,0.7602301545285215,1,0.344,24.579,,GIRTH_WELD,10,28.864999999997963,0.0
39497.5,0.7802031314051473,1,0.344,24.579,,GIRTH_WELD,10,28.864999999997963,0.0
39507.5,0.8177986822101531,1,0.344,24.058,3:20,METAL_LOSS,12,57.112999999997555,0.8819999999977881
39512.5,0.824952170511726,1,0.344,24.058,3:20,METAL_LOSS,12,57.112999999997555,0.8819999999977881
39517.5,0.824952170511726,1,0.344,24.058,3:20,METAL_LOSS,12,57.112999999997555,0.8819999999977881
39522.5,0.7958831125694319,1,0.344,24.043,,GIRTH_WELD,12,57.99499999999534,0.0
39527.5,0.8081793936651444,1,0.344,24.043,,GIRTH_WELD,12,57.99499999999534,0.0
39552.5,0.8026358316010775,1,0.344,23.606,,GIRTH_WELD,13,81.00699999999779,0.0
39557.5,0.8105431558881534,1,0.344,23.606,,GIRTH_WELD,13,81.00699999999779,0.0
39562.5,0.8237410790931214,1,0.344,23.574,2:48,METAL_LOSS,13,76.62700000000041,4.379999999997381
39567.5,0.8424015384959579,1,0.344,23.562,2:02,METAL_LOSS,13,72.48700000000099,8.519999999996799
39572.5,0.6866906052285101,1,0.344,23.541,2:38,METAL_LOSS,8,65.59999999999854,15.406999999999243
39577.5,0.6952376307737947,1,0.344,23.532,2:20,METAL_LOSS,8,62.37199999999575,18.635000000002037
39582.5,0.7923960867458106,1,0.344,23.516,6:03,METAL_LOSS,10,57.080000000001746,16.27900000000227
39587.5,0.80480535342932,1,0.344,23.501,5:59,METAL_LOSS,11,52.000999999996566,11.19999999999709
39592.5,0.7981157692690121,1,0.344,23.488,6:03,METAL_LOSS,11,47.794999999998254,6.993999999998778
39597.5,0.8108553081912357,1,0.344,23.467,,GIRTH_WELD,15,40.800999999999476,0.0
39602.5,0.8275464142178803,1,0.344,23.457,8:17,UNKNOWN,15,37.65799999999581,3.143000000003667
39607.5,0.8278815579860413,1,0.344,23.457,8:17,UNKNOWN,15,37.65799999999581,3.143000000003667
39622.5,0.7699862580961452,1,0.344,23.354,7:10,METAL_LOSS,9,10.980999999999767,15.965000000003783
39627.5,0.770704859121912,1,0.344,23.354,7:10,METAL_LOSS,9,10.980999999999767,15.965000000003783
39632.5,0.6807522154496982,1,0.344,23.335,9:31,METAL_LOSS,8,6.052999999999884,11.0370000000039
39637.5,0.8205172082942456,1,0.5,23.784,,BEND,11,0.0,4.984000000004016
39642.5,0.7804213439093336,1,0.344,24.78,,GIRTH_WELD,10,4.984000000004016,0.0
39647.5,0.7922082575389018,1,0.344,26.064,7:32,METAL_LOSS,10,8.953000000001339,3.9689999999973224
39652.5,0.7921560585061239,1,0.344,26.064,7:32,METAL_LOSS,10,8.953000000001339,3.9689999999973224
39657.5,0.7921560585061239,1,0.344,26.064,7:32,METAL_LOSS,10,8.953000000001339,3.9689999999973224
39677.5,0.7638969595286638,1,0.344,45.061,6:27,METAL_LOSS,11,44.629000000000815,0.7320000000036089
39682.5,0.7688947629235356,1,0.344,45.061,6:27,METAL_LOSS,11,44.629000000000815,0.7320000000036089
39687.5,0.7834101768788448,1,0.344,45.45,,GIRTH_WELD,11,45.361000000004424,0.0
39692.5,0.7900821173938385,1,0.344,45.45,,GIRTH_WELD,11,45.361000000004424,0.0
39697.5,0.7885008191675332,1,0.344,58.892,,GIRTH_WELD,11,67.73300000000017,0.0
39702.5,0.7938648889154901,1,0.344,58.892,,GIRTH_WELD,11,67.73300000000017,0.0
39707.5,0.7872434890393815,1,0.344,59.416,4:56,METAL_LOSS,11,68.59200000000419,0.8590000000040163
39712.5,0.7864462766572795,1,0.344,59.447,6:21,METAL_LOSS,11,68.64500000000407,0.9120000000038999
39717.5,0.830603131956032,1,0.344,67.716,,FIELD_BEND,11,64.40299999999843,18.10700000000361
39722.5,0.8328760761858824,1,0.344,67.716,,FIELD_BEND,11,64.40299999999843,18.10700000000361
39727.5,0.8328760761858824,1,0.344,67.716,,FIELD_BEND,11,64.40299999999843,18.10700000000361
39732.5,0.8328760761858824,1,0.344,67.716,,FIELD_BEND,11,64.40299999999843,18.10700000000361
39737.5,0.6877118643419802,1,0.344,77.137,,UNKNOWN,8,44.271999999997206,38.23800000000483
39742.5,0.6916600701687371,1,0.344,77.137,,UNKNOWN,8,44.271999999997206,38.23800000000483
39747.5,0.7956490023662863,1,0.344,78.184,8:36,METAL_LOSS,10,42.03100000000268,36.98800000000483
39752.5,0.797330286212464,1,0.344,78.863,,UNKNOWN,10,40.58099999999831,35.538000000000466
39757.5,0.6410881096272534,1,0.344,82.015,,FIELD_BEND,6,28.631999999997788,23.588999999999942
39762.5,0.6392571663527883,1,0.344,82.015,,FIELD_BEND,6,28.631999999997788,23.588999999999942
39767.5,0.6392571663527883,1,0.344,82.015,,FIELD_BEND,6,28.631999999997788,23.588999999999942
39777.5,0.6442853877457018,1,0.5,87.898,,GIRTH_WELD,6,5.042999999997846,0.0
39782.5,0.6297747975013631,1,0.5,87.898,,GIRTH_WELD,6,5.042999999997846,0.0
39787.5,0.625563206651956,1,0.5,89.411,,BEND,6,0.0,5.042999999997846
39792.5,0.6139235952553436,1,0.344,91.316,,GIRTH_WELD,6,5.4429999999993015,0.0
39797.5,0.5904757923143518,1,0.344,92.031,8:03,METAL_LOSS,4,7.483000000000175,2.040000000000873
39802.5,0.5756699290805536,1,0.344,92.031,8:03,METAL_LOSS,4,7.483000000000175,2.040000000000873
39817.5,0.6285355079162622,1,0.344,110.249,,GIRTH_WELD,6,37.328999999997905,0.0
39822.5,0.6229667471791056,1,0.344,110.249,,GIRTH_WELD,6,37.328999999997905,0.0
39827.5,0.6229667471791056,1,0.344,110.249,,GIRTH_WELD,6,37.328999999997905,0.0
39832.5,0.6229667471791056,1,0.344,110.249,,GIRTH_WELD,6,37.328999999997905,0.0
39852.5,0.5821350255018317,1,0.344,130.514,,GIRTH_WELD,7,62.036999999996624,0.0
39857.5,0.574107648115795,1,0.344,130.514,,GIRTH_WELD,7,62.036999999996624,0.0
39862.5,0.5815918788282431,1,0.344,130.992,8:46,METAL_LOSS,7,61.23399999999674,0.8029999999998836
39867.5,0.5700287575048535,1,0.344,130.992,8:46,METAL_LOSS,7,61.23399999999674,0.8029999999998836
39877.5,0.6025482973459796,1,0.344,143.175,,FIELD_BEND,7,37.90400000000227,24.132999999994354
39882.5,0.6110901629823264,1,0.344,143.175,,FIELD_BEND,7,37.90400000000227,24.132999999994354
39887.5,0.611575332149543,1,0.344,143.175,,FIELD_BEND,7,37.90400000000227,24.132999999994354
39892.5,0.5362143010854191,1,0.344,150.473,5:25,METAL_LOSS,7,23.77599999999802,19.398999999997613
39897.5,0.5346636288476154,1,0.344,150.473,5:25,METAL_LOSS,7,23.77599999999802,19.398999999997613
39902.5,0.509762836821062,1,0.344,152.37,9:21,METAL_LOSS,7,20.1050000000032,15.728000000002794
39907.5,0.5129792129325816,1,0.344,152.984,,UNKNOWN,7,18.79899999999907,14.421999999998661
39912.5,0.3797156040306182,0,0.5,158.659,,GIRTH_WELD,3,4.3770000000004075,0.0
39917.5,0.3623394286914452,0,0.5,158.659,,GIRTH_WELD,3,4.3770000000004075,0.0
39922.5,0.3772433125999395,0,0.5,159.98,,BEND,3,0.0,4.3770000000004075
39927.5,0.36922845493803436,0,0.344,160.809,,GIRTH_WELD,3,4.586999999999534,0.0
39932.5,0.36636001141205865,0,0.344,161.343,,GIRTH_WELD,3,10.718999999997322,0.0
39937.5,0.35527643013104465,0,0.344,161.343,,GIRTH_WELD,3,10.718999999997322,0.0
39942.5,0.3787395931192077,0,0.344,161.637,8:48,UNKNOWN,3,21.470000000001164,10.751000000003842
39947.5,0.3762840389148879,0,0.344,161.637,8:48,UNKNOWN,3,21.470000000001164,10.751000000003842
39952.5,0.37686298979226085,0,0.344,161.958,8:47,UNKNOWN,0,32.67399999999907,8.038000000000466
39957.5,0.3620308196072356,0,0.344,161.958,8:47,UNKNOWN,0,32.67399999999907,8.038000000000466
39962.5,0.32123510045893433,0,0.344,162.189,,GIRTH_WELD,0,40.711999999999534,0.0
39967.5,0.314806852979888,0,0.344,162.189,,GIRTH_WELD,0,40.711999999999534,0.0
39972.5,0.3036284913820021,0,0.344,162.669,1:31,UNKNOWN,0,57.56900000000314,7.745999999999185
39977.5,0.28881119527787014,0,0.344,162.669,1:31,UNKNOWN,0,57.56900000000314,7.745999999999185
39982.5,0.28881119527787014,0,0.344,162.669,1:31,UNKNOWN,0,57.56900000000314,7.745999999999185
39987.5,0.28959106663845635,0,0.344,162.889,,GIRTH_WELD,0,65.31500000000233,0.0
39992.5,0.2852648547311286,0,0.344,162.889,,GIRTH_WELD,0,65.31500000000233,0.0
39997.5,0.2852648547311286,0,0.344,162.889,,GIRTH_WELD,0,65.31500000000233,0.0
40017.5,0.20265367864011022,0,0.344,163.343,,GIRTH_WELD,0,103.0480000000025,0.0
40022.5,0.1968856094525646,0,0.344,163.343,,GIRTH_WELD,0,103.0480000000025,0.0
40027.5,0.1968856094525646,0,0.344,163.343,,GIRTH_WELD,0,103.0480000000025,0.0
40032.5,0.1968856094525646,0,0.344,163.343,,GIRTH_WELD,0,103.0480000000025,0.0
40057.5,0.2581154391415436,0,0.344,163.651,,GIRTH_WELD,0,143.07099999999627,0.0
40062.5,0.2540592510081056,0,0.344,163.651,,GIRTH_WELD,0,143.07099999999627,0.0
40067.5,0.2540592510081056,0,0.344,163.651,,GIRTH_WELD,0,143.07099999999627,0.0
40072.5,0.2540592510081056,0,0.344,163.651,,GIRTH_WELD,0,143.07099999999627,0.0
40097.5,0.2701504594047705,0,0.344,163.764,,GIRTH_WELD,0,183.32400000000052,0.0
40102.5,0.27320018770724724,0,0.344,163.764,,GIRTH_WELD,0,183.32400000000052,0.0
40107.5,0.27320018770724724,0,0.344,163.764,,GIRTH_WELD,0,183.32400000000052,0.0
40112.5,0.27320018770724724,0,0.344,163.764,,GIRTH_WELD,0,183.32400000000052,0.0
40117.5,0.21229547744407093,0,0.344,163.687,12:28,UNKNOWN,3,202.44400000000314,19.12000000000262
40122.5,0.23265577622945974,0,0.344,163.687,12:28,UNKNOWN,3,202.44400000000314,19.12000000000262
40127.5,0.23265577622945974,0,0.344,163.687,12:28,UNKNOWN,3,202.44400000000314,19.12000000000262
40132.5,0.23265577622945974,0,0.344,163.687,12:28,UNKNOWN,3,202.44400000000314,19.12000000000262
40137.5,0.13816924786967832,0,0.344,163.582,,GIRTH_WELD,3,223.2940000000017,0.0
40142.5,0.15999695521174495,0,0.344,163.582,,GIRTH_WELD,3,223.2940000000017,0.0
40147.5,0.15999695521174495,0,0.344,163.582,,GIRTH_WELD,3,223.2940000000017,0.0
40152.5,0.15999695521174495,0,0.344,163.582,,GIRTH_WELD,3,223.2940000000017,0.0
40157.5,0.17666381967256728,0,0.344,163.336,11:07,METAL_LOSS,3,242.53899999999703,19.244999999995343
40162.5,0.18490277530451396,0,0.344,163.336,11:07,METAL_LOSS,3,242.53899999999703,19.244999999995343
40167.5,0.18490277530451396,0,0.344,163.336,11:07,METAL_LOSS,3,242.53899999999703,19.244999999995343
40172.5,0.18490277530451396,0,0.344,163.336,11:07,METAL_LOSS,3,242.53899999999703,19.244999999995343
40177.5,0.30346754398284115,0,0.344,163.045,,GIRTH_WELD,3,263.45500000000175,0.0
40182.5,0.32970917479017586,0,0.344,163.045,,GIRTH_WELD,3,263.45500000000175,0.0
40187.5,0.32970917479017586,0,0.344,163.045,,GIRTH_WELD,3,263.45500000000175,0.0
40192.5,0.33551128765350335,0,0.344,162.833,,AGM,3,273.6750000000029,10.220000000001164
40197.5,0.35901085197034843,0,0.344,162.833,,AGM,3,273.6750000000029,10.220000000001164
40202.5,0.35901085197034843,0,0.344,162.833,,AGM,3,273.6750000000029,10.220000000001164
40217.5,0.3136573372208756,0,0.344,162.147,,GIRTH_WELD,3,303.52700000000186,0.0
40222.5,0.35161141756795705,0,0.344,162.147,,GIRTH_WELD,3,303.52700000000186,0.0
40227.5,0.35161141756795705,0,0.344,162.147,,GIRTH_WELD,3,303.52700000000186,0.0
40232.5,0.35086975726867725,0,0.344,162.147,,GIRTH_WELD,3,303.52700000000186,0.0
40257.5,0.22567451516726614,0,0.344,160.28,,GIRTH_WELD,3,343.76000000000204,0.0
40262.5,0.2457516258149188,0,0.344,160.28,,GIRTH_WELD,3,343.76000000000204,0.0
40267.5,0.22105497093346604,0,0.344,160.259,4:37,METAL_LOSS,3,344.1860000000015,0.42599999999947613
40272.5,0.24571480023584527,0,0.344,160.259,4:37,METAL_LOSS,3,344.1860000000015,0.42599999999947613
40277.5,0.22890486126754553,0,0.344,159.179,,FIELD_BEND,3,360.7940000000017,17.03399999999965
40282.5,0.2459140229275038,0,0.344,159.179,,FIELD_BEND,3,360.7940000000017,17.03399999999965
40287.5,0.2459140229275038,0,0.344,159.179,,FIELD_BEND,3,360.7940000000017,17.03399999999965
40292.5,0.2459140229275038,0,0.344,159.179,,FIELD_BEND,3,360.7940000000017,17.03399999999965
40297.5,0.26829218785277864,0,0.344,157.628,,GIRTH_WELD,5,383.7699999999968,0.0
40302.5,0.29233991510768353,0,0.344,157.628,,GIRTH_WELD,5,383.7699999999968,0.0
40307.5,0.29233991510768353,0,0.344,157.628,,GIRTH_WELD,5,383.7699999999968,0.0
40312.5,0.29233991510768353,0,0.344,157.628,,GIRTH_WELD,5,383.7699999999968,0.0
40322.5,0.22629049430264525,0,0.344,155.89,7:04,UNKNOWN,1,407.525999999998,16.459999999999127
40327.5,0.24237321167340717,0,0.344,155.89,7:04,UNKNOWN,1,407.525999999998,16.459999999999127
40332.5,0.24237321167340717,0,0.344,155.89,7:04,UNKNOWN,1,407.525999999998,16.459999999999127
40337.5,0.21891240051895428,0,0.344,155.145,6:23,METAL_LOSS,1,417.6080000000002,6.377999999996973
40342.5,0.2318943304099757,0,0.344,155.145,6:23,METAL_LOSS,1,417.6080000000002,6.377999999996973
40347.5,0.30484771860214205,0,0.344,154.674,,GIRTH_WELD,1,423.98599999999715,0.0
40352.5,0.33370163581917306,0,0.344,154.674,,GIRTH_WELD,1,423.98599999999715,0.0
40377.5,0.2803884769739194,0,0.344,152.596,,GIRTH_WELD,1,445.50800000000163,0.0
40382.5,0.31661380151001095,0,0.344,152.596,,GIRTH_WELD,1,445.50800000000163,0.0
40387.5,0.31661380151001095,0,0.344,152.596,,GIRTH_WELD,1,445.50800000000163,0.0
40392.5,0.31903199923529524,0,0.344,152.596,,GIRTH_WELD,1,445.50800000000163,0.0
40417.5,0.3299133338862154,0,0.344,152.536,,GIRTH_WELD,2,405.2330000000002,0.0
40422.5,0.32982320088512923,0,0.344,152.536,,GIRTH_WELD,2,405.2330000000002,0.0
40427.5,0.32982320088512923,0,0.344,152.536,,GIRTH_WELD,2,405.2330000000002,0.0
40432.5,0.32982320088512923,0,0.344,152.536,,GIRTH_WELD,2,405.2330000000002,0.0
40437.5,0.35872303948645035,0,0.344,153.102,4:03,METAL_LOSS,2,390.6429999999964,14.590000000003783
40442.5,0.33772269267009103,0,0.344,153.102,4:03,METAL_LOSS,2,390.6429999999964,14.590000000003783
40447.5,0.33772269267009103,0,0.344,153.102,4:03,METAL_LOSS,2,390.6429999999964,14.590000000003783
40457.5,0.38172303921524803,0,0.344,154.284,,GIRTH_WELD,4,365.20700000000215,0.0
40462.5,0.36932760916002666,0,0.344,154.284,,GIRTH_WELD,4,365.20700000000215,0.0
40467.5,0.36932760916002666,0,0.344,154.284,,GIRTH_WELD,4,365.20700000000215,0.0
40472.5,0.36932760916002666,0,0.344,154.284,,GIRTH_WELD,4,365.20700000000215,0.0
40497.5,0.381453366411185,0,0.344,155.704,,GIRTH_WELD,5,324.997000000003,0.0
40502.5,0.36576897698011995,0,0.344,155.704,,GIRTH_WELD,5,324.997000000003,0.0
40507.5,0.36576897698011995,0,0.344,155.704,,GIRTH_WELD,5,324.997000000003,0.0
40512.5,0.411071664607155,0,0.344,155.888,1:54,METAL_LOSS,5,319.4060000000027,5.591000000000349
40517.5,0.39785772618605536,0,0.344,155.888,1:54,METAL_LOSS,5,319.4060000000027,5.591000000000349
40522.5,0.42302024009274425,0,0.344,156.187,2:09,METAL_LOSS,5,309.91100000000006,15.086000000002969
40527.5,0.40904192097640485,0,0.344,156.187,2:09,METAL_LOSS,5,309.91100000000006,15.086000000002969
40532.5,0.41721438823714146,0,0.344,156.621,2:25,METAL_LOSS,5,296.14800000000105,10.7870000000039
40537.5,0.4036633775507367,0,0.344,156.621,2:25,METAL_LOSS,5,296.14800000000105,10.7870000000039
40542.5,0.3051372514447749,0,0.344,156.962,,GIRTH_WELD,5,285.36099999999715,0.0
40547.5,0.28848590470933866,0,0.344,156.962,,GIRTH_WELD,5,285.36099999999715,0.0
40552.5,0.28848590470933866,0,0.344,156.962,,GIRTH_WELD,5,285.36099999999715,0.0
40577.5,0.3107666519835564,0,0.344,157.471,,GIRTH_WELD,0,245.08200000000215,0.0
40582.5,0.30888307004503496,0,0.344,157.471,,GIRTH_WELD,0,245.08200000000215,0.0
40587.5,0.30888307004503496,0,0.344,157.471,,GIRTH_WELD,0,245.08200000000215,0.0
40592.5,0.30888307004503496,0,0.344,157.471,,GIRTH_WELD,0,245.08200000000215,0.0
40617.5,0.28354411511990374,0,0.344,157.566,,GIRTH_WELD,0,205.10199999999895,0.0
40622.5,0.2884724968589934,0,0.344,157.566,,GIRTH_WELD,0,205.10199999999895,0.0
40627.5,0.2884724968589934,0,0.344,157.566,,GIRTH_WELD,0,205.10199999999895,0.0
40632.5,0.2884724968589934,0,0.344,157.566,,GIRTH_WELD,0,205.10199999999895,0.0
40647.5,0.21587356547807954,0,0.344,156.987,9:15,UNKNOWN,0,178.91399999999703,14.044999999998254
40652.5,0.2440734504010429,0,0.344,156.987,9:15,UNKNOWN,0,178.91399999999703,14.044999999998254
40657.5,0.24255809952384985,0,0.344,156.987,9:15,UNKNOWN,0,178.91399999999703,14.044999999998254
40662.5,0.16985680574677764,0,0.344,156.641,,GIRTH_WELD,0,164.86899999999878,0.0
40667.5,0.19806575370685933,0,0.344,156.641,,GIRTH_WELD,0,164.86899999999878,0.0
40672.5,0.19806575370685933,0,0.344,156.641,,GIRTH_WELD,0,164.86899999999878,0.0
40682.5,0.17322019739860262,0,0.344,155.599,,FIELD_BEND,0,141.64400000000023,16.925999999999476
40687.5,0.18772211089593124,0,0.344,155.599,,FIELD_BEND,0,141.64400000000023,16.925999999999476
40692.5,0.18772211089593124,0,0.344,155.599,,FIELD_BEND,0,141.64400000000023,16.925999999999476
40697.5,0.18772211089593124,0,0.344,155.599,,FIELD_BEND,0,141.64400000000023,16.925999999999476
40702.5,0.19125704691455347,0,0.344,154.798,,GIRTH_WELD,0,124.71800000000076,0.0
40707.5,0.20923672903077467,0,0.344,154.798,,GIRTH_WELD,0,124.71800000000076,0.0
40712.5,0.20923672903077467,0,0.344,154.798,,GIRTH_WELD,0,124.71800000000076,0.0
40717.5,0.20923672903077467,0,0.344,154.798,,GIRTH_WELD,0,124.71800000000076,0.0
40742.5,0.2775183956837051,0,0.344,148.284,,GIRTH_WELD,0,84.47499999999854,0.0
40747.5,0.3181216397202511,0,0.344,148.284,,GIRTH_WELD,0,84.47499999999854,0.0
40752.5,0.32019150720163586,0,0.344,148.284,,GIRTH_WELD,0,84.47499999999854,0.0
40757.5,0.3050138986473084,0,0.344,142.104,,FIELD_BEND,0,65.91199999999662,18.56300000000192
40762.5,0.3254641396163108,0,0.344,142.104,,FIELD_BEND,0,65.91199999999662,18.56300000000192
40767.5,0.3254641396163108,0,0.344,142.104,,FIELD_BEND,0,65.91199999999662,18.56300000000192
40772.5,0.3254641396163108,0,0.344,142.104,,FIELD_BEND,0,65.91199999999662,18.56300000000192
40782.5,0.3000844003354187,0,0.344,134.363,,GIRTH_WELD,3,44.307999999997264,0.0
40787.5,0.345951544091441,0,0.344,134.363,,GIRTH_WELD,3,44.307999999997264,0.0
40792.5,0.35609087566261755,0,0.344,134.363,,GIRTH_WELD,3,44.307999999997264,0.0
40797.5,0.368949849104363,0,0.344,134.363,,GIRTH_WELD,3,44.307999999997264,0.0
40817.5,0.5803820358824373,1,0.344,116.805,12:35,METAL_LOSS,6,5.150999999998021,9.510999999998603
40822.5,0.6128271463557623,1,0.344,116.805,12:35,METAL_LOSS,6,5.150999999998021,9.510999999998603
40827.5,0.5803820358824373,1,0.344,116.713,8:09,METAL_LOSS,6,4.947000000000116,9.307000000000698
40832.5,0.5927359951738097,1,0.5,114.75,,BEND,6,0.0,4.360000000000582
40837.5,0.5702315412596373,1,0.344,113.53,,GIRTH_WELD,6,4.360000000000582,0.0
40842.5,0.5783694888148958,1,0.5,112.006,,GIRTH_WELD,6,5.127999999996973,0.0
40847.5,0.616501472592285,1,0.5,112.006,,GIRTH_WELD,6,5.127999999996973,0.0
40852.5,0.7817838249312734,1,0.5,112.226,,BEND,9,0.0,5.127999999996973
40857.5,0.7695835801627469,1,0.344,113.221,,GIRTH_WELD,10,5.383999999998196,0.0
40862.5,0.7889387525899619,1,0.344,114.593,1:25,METAL_LOSS,11,10.072000000000116,4.688000000001921
40867.5,0.7918168722810631,1,0.344,114.593,1:25,METAL_LOSS,11,10.072000000000116,4.688000000001921
40892.5,0.7688470269699766,1,0.344,129.323,,GIRTH_WELD,10,45.55500000000029,0.0
40897.5,0.7678467579073514,1,0.344,129.323,,GIRTH_WELD,10,45.55500000000029,0.0
40902.5,0.7803989820949164,1,0.344,130.772,4:29,METAL_LOSS,10,49.442000000002736,3.8870000000024447
40907.5,0.7952924145995357,1,0.344,131.853,4:29,METAL_LOSS,10,53.09100000000035,7.536000000000058
40912.5,0.7643256868537004,1,0.344,133.732,4:30,METAL_LOSS,9,59.43300000000454,13.87800000000425
40917.5,0.675941499822441,1,0.344,135.219,4:24,METAL_LOSS,7,64.45200000000477,18.897000000004482
40922.5,0.674306184051082,1,0.344,136.834,7:11,METAL_LOSS,7,69.90200000000186,24.34700000000157
40927.5,0.6813414138566053,1,0.344,136.834,7:11,METAL_LOSS,7,69.90200000000186,24.34700000000157
40952.5,0.3725748674676923,0,0.344,143.137,,GIRTH_WELD,3,107.78600000000006,0.0
40957.5,0.3626906038009245,0,0.344,143.137,,GIRTH_WELD,3,107.78600000000006,0.0
40962.5,0.3626906038009245,0,0.344,143.137,,GIRTH_WELD,3,107.78600000000006,0.0
40967.5,0.38082630308313903,0,0.344,143.445,,FIELD_BEND,1,116.10900000000402,8.323000000003958
40972.5,0.3704481720301638,0,0.344,143.445,,FIELD_BEND,1,116.10900000000402,8.323000000003958
40977.5,0.3704481720301638,0,0.344,143.445,,FIELD_BEND,1,116.10900000000402,8.323000000003958
40982.5,0.339312607530922,0,0.344,143.065,,GIRTH_WELD,0,137.2410000000018,0.0
40987.5,0.3812570686324673,0,0.344,143.065,,GIRTH_WELD,0,137.2410000000018,0.0
40992.5,0.3812570686324673,0,0.344,143.065,,GIRTH_WELD,0,137.2410000000018,0.0
40997.5,0.3812570686324673,0,0.344,143.065,,GIRTH_WELD,0,137.2410000000018,0.0
41022.5,0.29866758023870105,0,0.344,141.023,,GIRTH_WELD,0,177.27700000000186,0.0
41027.5,0.3579946531905136,0,0.344,141.023,,GIRTH_WELD,0,177.27700000000186,0.0
41032.5,0.3579946531905136,0,0.344,141.023,,GIRTH_WELD,0,177.27700000000186,0.0
41037.5,0.3579946531905136,0,0.344,141.023,,GIRTH_WELD,0,177.27700000000186,0.0
41062.5,0.4397853951337132,0,0.344,138.386,,GIRTH_WELD,4,217.487000000001,0.0
41067.5,0.4817231402098516,0,0.344,138.386,,GIRTH_WELD,4,217.487000000001,0.0
41072.5,0.48109012445316407,0,0.344,138.386,,GIRTH_WELD,4,217.487000000001,0.0
41077.5,0.48109012445316407,0,0.344,138.386,,GIRTH_WELD,4,217.487000000001,0.0
41082.5,0.49596885816403224,0,0.344,138.245,5:58,METAL_LOSS,4,234.26200000000244,16.775000000001455
41087.5,0.5446394546898532,1,0.344,138.248,7:02,METAL_LOSS,4,235.9120000000039,18.42500000000291
41092.5,0.5433933061647462,1,0.344,138.259,5:45,METAL_LOSS,4,242.53600000000006,14.948000000003958
41097.5,0.5363123000687048,1,0.344,138.262,5:44,METAL_LOSS,4,244.08200000000215,13.402000000001863
41102.5,0.5577736536647809,1,0.344,138.273,4:17,METAL_LOSS,6,250.54100000000471,6.9429999999993015
41107.5,0.6301930526450683,1,0.344,138.286,,GIRTH_WELD,7,257.484000000004,0.0
41112.5,0.6203788447699966,1,0.344,138.286,,GIRTH_WELD,7,257.484000000004,0.0
41117.5,0.6203788447699966,1,0.344,138.286,,GIRTH_WELD,7,257.484000000004,0.0
41142.5,0.7353954055371895,1,0.344,140.185,,GIRTH_WELD,9,297.70700000000215,0.0
41147.5,0.7323201295958219,1,0.344,140.185,,GIRTH_WELD,9,297.70700000000215,0.0
41152.5,0.6221122220057336,1,0.344,140.47,9:30,METAL_LOSS,8,302.471000000005,4.764000000002852
41157.5,0.6402666546548292,1,0.344,140.86,9:14,METAL_LOSS,8,307.9630000000034,10.256000000001222
41162.5,0.6442906701351919,1,0.344,140.973,9:46,METAL_LOSS,8,309.5570000000007,11.849999999998545
41167.5,0.6585362227200549,1,0.344,141.48,9:13,METAL_LOSS,8,316.70900000000256,19.002000000000407
41172.5,0.6913461647744523,1,0.344,141.705,9:24,METAL_LOSS,8,319.8919999999998,17.743000000002212
41177.5,0.6713527215836821,1,0.344,141.918,9:23,METAL_LOSS,8,322.88700000000244,14.747999999999593
41182.5,0.6720074858613689,1,0.344,142.359,9:24,METAL_LOSS,8,329.1140000000014,8.52100000000064
41187.5,0.657785945826244,1,0.344,142.963,,GIRTH_WELD,8,337.63500000000204,0.0
41192.5,0.664904153439656,1,0.344,142.963,,GIRTH_WELD,8,337.63500000000204,0.0
41197.5,0.664904153439656,1,0.344,142.963,,GIRTH_WELD,8,337.63500000000204,0.0
41222.5,0.5306268373003066,1,0.344,145.86,,GIRTH_WELD,3,377.8709999999992,0.0
41227.5,0.5381313858983083,1,0.344,145.86,,GIRTH_WELD,3,377.8709999999992,0.0
41232.5,0.533976363564097,1,0.344,145.86,,GIRTH_WELD,3,377.8709999999992,0.0
41237.5,0.616715952226954,1,0.344,146.372,,FIELD_BEND,6,392.9270000000033,15.056000000004133
41242.5,0.6177568650645381,1,0.344,146.372,,FIELD_BEND,6,392.9270000000033,15.056000000004133
41247.5,0.6177568650645381,1,0.344,146.372,,FIELD_BEND,6,392.9270000000033,15.056000000004133
41252.5,0.6177568650645381,1,0.344,146.372,,FIELD_BEND,6,392.9270000000033,15.056000000004133
41262.5,0.7569015481962401,1,0.344,147.034,,GIRTH_WELD,9,417.95300000000134,0.0
41267.5,0.7677453609548079,1,0.344,147.034,,GIRTH_WELD,9,417.95300000000134,0.0
41272.5,0.7772878963456563,1,0.344,147.059,10:01,METAL_LOSS,9,418.9080000000031,0.9550000000017462
41277.5,0.8263026242697075,1,0.344,147.062,9:40,METAL_LOSS,11,429.71100000000297,11.75800000000163
41282.5,0.8254693702844911,1,0.344,147.062,9:40,METAL_LOSS,11,429.71100000000297,11.75800000000163
41287.5,0.8304007002290495,1,0.344,147.045,9:40,METAL_LOSS,12,433.82600000000093,15.872999999999593
41292.5,0.8328973156067865,1,0.344,147.023,10:06,METAL_LOSS,13,439.08200000000215,15.205999999998312
41297.5,0.8304960731462583,1,0.344,146.989,10:00,METAL_LOSS,16,447.26400000000285,7.0239999999976135
41302.5,0.8306107080316234,1,0.344,146.983,9:38,METAL_LOSS,16,448.75300000000425,5.5349999999962165
41307.5,0.802103580121372,1,0.344,146.96,,GIRTH_WELD,16,454.28800000000047,0.0
41312.5,0.8185170245403842,1,0.344,146.96,,GIRTH_WELD,16,454.28800000000047,0.0
41317.5,0.8236184836174911,1,0.344,146.74,1:42,METAL_LOSS,16,466.88300000000163,12.595000000001164
41322.5,0.8102523339443185,1,0.344,146.669,1:51,METAL_LOSS,13,470.3179999999993,16.029999999998836
41327.5,0.8146696173019979,1,0.344,146.532,2:01,METAL_LOSS,13,476.9520000000048,17.352999999995518
41332.5,0.7927987393328013,1,0.344,146.462,1:53,METAL_LOSS,11,480.32500000000437,13.979999999995925
41337.5,0.7809865280224463,1,0.344,146.342,1:57,METAL_LOSS,10,486.09300000000076,8.211999999999534
41342.5,0.7590898928753371,1,0.344,146.228,1:58,METAL_LOSS,9,491.59100000000035,2.713999999999942
41347.5,0.7395891230769223,1,0.344,146.172,,GIRTH_WELD,9,494.3050000000003,0.0
41352.5,0.764496479713643,1,0.344,146.172,,GIRTH_WELD,9,494.3050000000003,0.0
41377.5,0.4173518989016693,0,0.344,145.229,,GIRTH_WELD,3,534.5279999999984,0.0
41382.5,0.4481139628995053,0,0.344,145.229,,GIRTH_WELD,3,534.5279999999984,0.0
41387.5,0.4481139628995053,0,0.344,145.229,,GIRTH_WELD,3,534.5279999999984,0.0
41392.5,0.4522689852337168,0,0.344,145.229,,GIRTH_WELD,3,534.5279999999984,0.0
41417.5,0.28745804398386954,0,0.344,144.204,,GIRTH_WELD,0,574.5540000000037,0.0
41422.5,0.336709261420363,0,0.344,144.204,,GIRTH_WELD,0,574.5540000000037,0.0
41427.5,0.336709261420363,0,0.344,144.204,,GIRTH_WELD,0,574.5540000000037,0.0
41432.5,0.3383039994771366,0,0.344,144.204,,GIRTH_WELD,0,574.5540000000037,0.0
41457.5,0.21721084364715412,0,0.344,143.399,,GIRTH_WELD,0,614.7569999999978,0.0
41462.5,0.24418619494432703,0,0.344,143.399,,GIRTH_WELD,0,614.7569999999978,0.0
41467.5,0.24418619494432703,0,0.344,143.399,,GIRTH_WELD,0,614.7569999999978,0.0
41472.5,0.24418619494432703,0,0.344,143.399,,GIRTH_WELD,0,614.7569999999978,0.0
41497.5,0.2931293755728632,0,0.344,142.694,,GIRTH_WELD,0,654.7740000000049,0.0
41502.5,0.3402282158722273,0,0.344,142.694,,GIRTH_WELD,0,654.7740000000049,0.0
41507.5,0.3402282158722273,0,0.344,142.694,,GIRTH_WELD,0,654.7740000000049,0.0
41512.5,0.3402282158722273,0,0.344,142.694,,GIRTH_WELD,0,654.7740000000049,0.0
41537.5,0.46349743078359623,0,0.344,140.755,,GIRTH_WELD,4,695.0820000000022,0.0
41542.5,0.49679981380411575,0,0.344,140.755,,GIRTH_WELD,4,695.0820000000022,0.0
41547.5,0.49679981380411575,0,0.344,140.755,,GIRTH_WELD,4,695.0820000000022,0.0
41552.5,0.4961667980474283,0,0.344,140.755,,GIRTH_WELD,4,695.0820000000022,0.0
41577.5,0.6497443797598946,1,0.344,136.48,,GIRTH_WELD,8,734.4389999999985,0.0
41582.5,0.672551598668206,1,0.344,136.48,,GIRTH_WELD,8,734.4389999999985,0.0
41587.5,0.6479916479659434,1,0.344,136.43,7:48,UNKNOWN,8,734.885000000002,0.44600000000355067
41592.5,0.7715140300817807,1,0.344,135.705,7:43,UNKNOWN,9,740.6830000000045,6.244000000006054
41597.5,0.7875343975061374,1,0.344,135.186,7:44,UNKNOWN,10,744.6160000000018,10.177000000003318
41602.5,0.8002723282570245,1,0.344,134.47,,UNKNOWN,11,750.0429999999978,15.60399999999936
41607.5,0.8258550568371703,1,0.344,133.458,,UNKNOWN,13,757.7070000000022,23.268000000003667
41612.5,0.8612407250163794,1,0.344,133.458,,UNKNOWN,13,757.7070000000022,23.268000000003667
41617.5,0.8215411428810547,1,0.344,132.116,1:12,METAL_LOSS,15,767.8740000000034,33.43500000000495
41622.5,0.8052213151329471,1,0.344,131.481,7:25,METAL_LOSS,17,772.6840000000011,38.24500000000262
41627.5,0.7997546247576911,1,0.344,131.116,1:26,METAL_LOSS,17,775.4500000000044,41.01100000000588
41632.5,0.7776941699207173,1,0.344,130.551,7:06,METAL_LOSS,17,781.2530000000042,46.81400000000576
41637.5,0.7785748762959999,1,0.344,130.185,5:14,METAL_LOSS,14,785.6600000000035,51.221000000005006
41642.5,0.7759037651921229,1,0.344,129.638,1:37,METAL_LOSS,13,790.1209999999992,57.822000000000116
41647.5,0.7729507572607155,1,0.344,129.369,3:51,METAL_LOSS,12,786.8829999999944,61.06000000000495
41652.5,0.7714147023999034,1,0.344,128.879,4:08,METAL_LOSS,12,780.9809999999998,66.96199999999953
41657.5,0.777191799870446,1,0.344,128.61,11:26,METAL_LOSS,14,777.7389999999941,70.20400000000518
41662.5,0.759910555639789,1,0.344,128.093,9:31,METAL_LOSS,17,771.502999999997,76.44000000000233
41667.5,0.7570712810931974,1,0.344,127.707,8:05,METAL_LOSS,17,766.8539999999994,81.08899999999994
41672.5,0.7570712810931974,1,0.344,127.584,7:56,METAL_LOSS,16,764.3339999999953,83.60900000000402
41677.5,0.7823426722220969,1,0.344,127.584,7:56,METAL_LOSS,16,764.3339999999953,83.60900000000402
41697.5,0.7861100623925894,1,0.344,128.708,,UNKNOWN,16,728.9599999999991,118.98300000000017
41702.5,0.7827245484738928,1,0.344,128.708,,UNKNOWN,16,728.9599999999991,118.98300000000017
41707.5,0.785290843464661,1,0.344,128.778,9:55,METAL_LOSS,16,726.7519999999931,119.8949999999968
41712.5,0.7859429417270516,1,0.344,128.806,,UNKNOWN,16,725.8959999999934,119.03899999999703
41717.5,0.782557427808355,1,0.344,128.806,,UNKNOWN,16,725.8959999999934,119.03899999999703
41722.5,0.7865675302159687,1,0.344,129.75,1:32,METAL_LOSS,16,706.4569999999949,99.59999999999854
41727.5,0.7831120614758571,1,0.344,129.75,1:32,METAL_LOSS,16,706.4569999999949,99.59999999999854
41732.5,0.7865675302159687,1,0.344,129.942,11:05,METAL_LOSS,16,702.5819999999949,95.72499999999854
41737.5,0.7851240374229878,1,0.344,130.234,7:43,METAL_LOSS,18,696.6859999999942,89.8289999999979
41742.5,0.7851240374229878,1,0.344,130.46,8:24,METAL_LOSS,18,692.1189999999988,85.26200000000244
41747.5,0.7851240374229878,1,0.344,130.721,1:47,METAL_LOSS,19,686.8569999999963,80.0
41752.5,0.777418766968039,1,0.344,130.702,8:52,METAL_LOSS,21,681.7749999999942,74.91799999999785
41757.5,0.7790380208866311,1,0.344,130.525,10:18,METAL_LOSS,19,677.1289999999935,70.2719999999972
41762.5,0.7787473078132423,1,0.344,130.371,8:48,METAL_LOSS,17,673.1039999999994,66.24700000000303
41767.5,0.7787473078132423,1,0.344,130.13,8:46,METAL_LOSS,19,666.7909999999974,59.934000000001106
41772.5,0.7792083831779029,1,0.344,129.948,10:00,METAL_LOSS,19,662.0309999999954,55.17399999999907
41777.5,0.7968325579621762,1,0.344,129.763,1:44,METAL_LOSS,20,657.1849999999977,50.32800000000134
41782.5,0.7986772878873772,1,0.344,129.436,2:30,METAL_LOSS,19,648.6479999999938,41.79099999999744
41787.5,0.8099010248172651,1,0.344,129.366,4:14,METAL_LOSS,19,646.8139999999985,39.957000000002154
41792.5,0.8626369344209821,1,0.344,129.557,10:41,METAL_LOSS,20,637.676999999996,30.81999999999971
41797.5,0.8589355925190322,1,0.344,129.607,9:24,METAL_LOSS,19,636.429999999993,29.572999999996682
41802.5,0.8623665548148964,1,0.344,129.779,9:45,METAL_LOSS,20,632.1689999999944,25.31199999999808
41807.5,0.8627007935198456,1,0.344,129.99,2:49,METAL_LOSS,18,626.9359999999942,20.078999999997905
41812.5,0.8590781392888464,1,0.344,130.182,2:48,METAL_LOSS,17,622.1879999999946,15.330999999998312
41817.5,0.8529519873615026,1,0.344,130.399,2:48,METAL_LOSS,19,616.7949999999983,9.93800000000192
41822.5,0.847413235949727,1,0.344,130.599,8:27,METAL_LOSS,20,611.8239999999932,4.966999999996915
41827.5,0.817304779725847,1,0.344,130.8,,GIRTH_WELD,19,606.8569999999963,0.0
41832.5,0.8296059627251704,1,0.344,131.242,7:30,METAL_LOSS,19,602.5489999999991,4.307999999997264
41837.5,0.8503413350086437,1,0.344,132.388,4:10,METAL_LOSS,17,596.4799999999959,10.377000000000407
41842.5,0.8552728871743115,1,0.344,133.258,3:09,METAL_LOSS,17,591.8699999999953,14.98700000000099
41847.5,0.853906480071932,1,0.344,133.5,10:58,METAL_LOSS,17,590.3119999999981,16.544999999998254
41852.5,0.8506626275435116,1,0.344,134.285,7:07,METAL_LOSS,18,583.1529999999984,23.703999999997905
41857.5,0.8554471576062462,1,0.344,135.646,,UNKNOWN,18,570.7249999999985,36.13199999999779
41862.5,0.8515777220560236,1,0.344,135.646,,UNKNOWN,18,570.7249999999985,36.13199999999779
41867.5,0.8393674464441315,1,0.344,136.094,7:47,METAL_LOSS,18,566.6269999999931,40.20599999999831
41872.5,0.8326495801386403,1,0.344,136.377,6:33,METAL_LOSS,18,564.0489999999991,37.62800000000425
41877.5,0.8324170954934104,1,0.344,136.377,6:33,METAL_LOSS,18,564.0489999999991,37.62800000000425
41887.5,0.8424569619012441,1,0.344,136.735,5:34,METAL_LOSS,17,537.2009999999937,10.779999999998836
41892.5,0.8370859538915625,1,0.344,136.735,5:34,METAL_LOSS,17,537.2009999999937,10.779999999998836
41897.5,0.8370859538915625,1,0.344,136.735,5:34,METAL_LOSS,17,537.2009999999937,10.779999999998836
41902.5,0.8547724223073058,1,0.344,136.801,9:05,METAL_LOSS,19,532.1979999999967,5.777000000001863
41907.5,0.8256681035836939,1,0.344,136.877,,GIRTH_WELD,19,526.4209999999948,0.0
41912.5,0.8350717122417621,1,0.344,136.909,7:11,METAL_LOSS,19,521.9089999999997,4.511999999995169
41917.5,0.835896009075045,1,0.344,136.907,6:54,METAL_LOSS,20,517.8409999999931,8.580000000001746
41922.5,0.8472437750423985,1,0.344,136.904,10:05,METAL_LOSS,17,511.11499999999796,15.305999999996857
41927.5,0.8479314815818018,1,0.344,136.902,10:32,METAL_LOSS,17,508.43799999999464,17.983000000000175
41932.5,0.8586823940625069,1,0.344,136.9,10:20,METAL_LOSS,17,504.2089999999953,22.211999999999534
41937.5,0.8553825734572039,1,0.344,136.897,10:44,METAL_LOSS,17,497.59799999999814,28.822999999996682
41942.5,0.8469458260087019,1,0.344,136.894,9:25,METAL_LOSS,17,492.60199999999895,33.81899999999587
41947.5,0.8358333433004197,1,0.344,136.892,3:16,METAL_LOSS,14,486.9059999999954,39.51499999999942
41952.5,0.81812744143369,1,0.344,136.891,4:44,METAL_LOSS,14,485.64599999999336,39.41599999999744
41957.5,0.8223903735204509,1,0.344,136.891,4:44,METAL_LOSS,14,485.64599999999336,39.41599999999744
41962.5,0.8450206675841924,1,0.344,136.984,2:10,METAL_LOSS,11,467.97899999999936,21.749000000003434
41967.5,0.8344174300281163,1,0.344,136.984,2:10,METAL_LOSS,11,467.97899999999936,21.749000000003434
41972.5,0.8344174300281163,1,0.344,136.984,2:10,METAL_LOSS,11,467.97899999999936,21.749000000003434
41982.5,0.8081448148888113,1,0.344,137.115,,GIRTH_WELD,11,446.2299999999959,0.0
41987.5,0.8007803534731975,1,0.344,137.115,,GIRTH_WELD,11,446.2299999999959,0.0
41992.5,0.802622587152563,1,0.344,137.115,,GIRTH_WELD,11,446.2299999999959,0.0
41997.5,0.802622587152563,1,0.344,137.115,,GIRTH_WELD,11,446.2299999999959,0.0
42017.5,0.6901422599143975,1,0.344,137.587,8:36,METAL_LOSS,8,406.9649999999965,39.26499999999942
42022.5,0.6792870773587691,1,0.344,137.587,8:36,METAL_LOSS,8,406.9649999999965,39.26499999999942
42027.5,0.6935659514214452,1,0.344,137.588,9:55,METAL_LOSS,8,406.8469999999943,39.38300000000163
42032.5,0.6932679116682,1,0.344,137.604,9:45,METAL_LOSS,8,405.62699999999313,39.63999999999942
42037.5,0.6824127291125717,1,0.344,137.604,9:45,METAL_LOSS,8,405.62699999999313,39.63999999999942
42057.5,0.8269695081702748,1,0.344,137.383,9:56,METAL_LOSS,16,370.6229999999996,4.636000000005879
42062.5,0.8423531686146444,1,0.344,137.383,9:56,METAL_LOSS,16,370.6229999999996,4.636000000005879
42067.5,0.7945892652754236,1,0.344,137.349,,GIRTH_WELD,16,365.9869999999937,0.0
42072.5,0.8163789203113201,1,0.344,137.349,,GIRTH_WELD,16,365.9869999999937,0.0
42077.5,0.7917353986003178,1,0.344,137.097,5:27,METAL_LOSS,11,351.7779999999984,14.208999999995285
42082.5,0.8169612270362702,1,0.344,137.097,5:27,METAL_LOSS,11,351.7779999999984,14.208999999995285
42087.5,0.7816426958256524,1,0.344,137.085,5:34,METAL_LOSS,11,351.17399999999907,14.812999999994645
42092.5,0.8169612270362702,1,0.344,137.085,5:34,METAL_LOSS,11,351.17399999999907,14.812999999994645
42102.5,0.8140731199150061,1,0.344,136.6,1:38,METAL_LOSS,17,326.76199999999517,1.0239999999976135
42107.5,0.8379541566323297,1,0.344,136.6,1:38,METAL_LOSS,17,326.76199999999517,1.0239999999976135
42112.5,0.7806971935937334,1,0.344,136.58,,GIRTH_WELD,17,325.73799999999756,0.0
42117.5,0.8110276144803733,1,0.344,136.58,,GIRTH_WELD,17,325.73799999999756,0.0
42132.5,0.7537183166743957,1,0.344,135.837,4:17,METAL_LOSS,9,293.7729999999938,8.017999999996391
42137.5,0.785286562043057,1,0.344,135.837,4:17,METAL_LOSS,9,293.7729999999938,8.017999999996391
42142.5,0.7438236496395761,1,0.344,135.79,5:51,METAL_LOSS,9,291.75199999999313,5.996999999995751
42147.5,0.7409156571259266,1,0.344,135.649,,GIRTH_WELD,9,285.7549999999974,0.0
42152.5,0.7751404792990223,1,0.344,135.649,,GIRTH_WELD,9,285.7549999999974,0.0
42157.5,0.7751404792990223,1,0.344,135.649,,GIRTH_WELD,9,285.7549999999974,0.0
42182.5,0.3753066367325239,0,0.344,134.849,,GIRTH_WELD,5,245.5379999999932,0.0
42187.5,0.4137063460425414,0,0.344,134.849,,GIRTH_WELD,5,245.5379999999932,0.0
42192.5,0.4137063460425414,0,0.344,134.849,,GIRTH_WELD,5,245.5379999999932,0.0
42197.5,0.4137063460425414,0,0.344,134.849,,GIRTH_WELD,5,245.5379999999932,0.0
42222.5,0.3115203562315996,0,0.344,134.556,,GIRTH_WELD,0,205.54499999999825,0.0
42227.5,0.35664726286388737,0,0.344,134.556,,GIRTH_WELD,0,205.54499999999825,0.0
42232.5,0.35664726286388737,0,0.344,134.556,,GIRTH_WELD,0,205.54499999999825,0.0
42237.5,0.35664726286388737,0,0.344,134.556,,GIRTH_WELD,0,205.54499999999825,0.0
42247.5,0.26793792395135496,0,0.344,134.567,,FIELD_BEND,0,181.23399999999674,16.014000000002852
42252.5,0.25768314032972334,0,0.344,134.567,,FIELD_BEND,0,181.23399999999674,16.014000000002852
42257.5,0.25768314032972334,0,0.344,134.567,,FIELD_BEND,0,181.23399999999674,16.014000000002852
42262.5,0.27681533448066437,0,0.344,134.587,,GIRTH_WELD,0,165.2199999999939,0.0
42267.5,0.26616897764326525,0,0.344,134.587,,GIRTH_WELD,0,165.2199999999939,0.0
42272.5,0.26616897764326525,0,0.344,134.587,,GIRTH_WELD,0,165.2199999999939,0.0
42277.5,0.26616897764326525,0,0.344,134.587,,GIRTH_WELD,0,165.2199999999939,0.0
42302.5,0.14744336633191643,0,0.344,134.871,,GIRTH_WELD,0,125.16399999999703,0.0
42307.5,0.1596411909967955,0,0.344,134.871,,GIRTH_WELD,0,125.16399999999703,0.0
42312.5,0.1596411909967955,0,0.344,134.871,,GIRTH_WELD,0,125.16399999999703,0.0
42317.5,0.1596411909967955,0,0.344,134.871,,GIRTH_WELD,0,125.16399999999703,0.0
42342.5,0.16736934978894702,0,0.344,132.62,,GIRTH_WELD,0,84.81999999999971,0.0
42347.5,0.1595909854690548,0,0.344,132.62,,GIRTH_WELD,0,84.81999999999971,0.0
42352.5,0.1595909854690548,0,0.344,132.62,,GIRTH_WELD,0,84.81999999999971,0.0
42357.5,0.16867320843741734,0,0.344,132.62,,GIRTH_WELD,0,84.81999999999971,0.0
42382.5,0.18864081899619267,0,0.344,124.622,,GIRTH_WELD,0,44.73399999999674,0.0
42387.5,0.17147605402894,0,0.344,124.622,,GIRTH_WELD,0,44.73399999999674,0.0
42392.5,0.17147605402894,0,0.344,124.622,,GIRTH_WELD,0,44.73399999999674,0.0
42397.5,0.17147605402894,0,0.344,124.622,,GIRTH_WELD,0,44.73399999999674,0.0
42407.5,0.2128370551955412,0,0.344,119.489,,AGM,0,21.718999999997322,17.118999999998778
42412.5,0.20483473384281417,0,0.344,119.489,,AGM,0,21.718999999997322,17.118999999998778
42417.5,0.20483473384281417,0,0.344,119.489,,AGM,0,21.718999999997322,17.118999999998778
42422.5,0.20634248551306963,0,0.5,115.641,,GIRTH_WELD,0,4.599999999998545,0.0
42427.5,0.1965050111194135,0,0.5,115.641,,GIRTH_WELD,0,4.599999999998545,0.0
42432.5,0.20893389656846767,0,0.5,115.152,,BEND,0,0.0,4.599999999998545
42437.5,0.15826017227596828,0,0.344,115.334,,GIRTH_WELD,0,5.331000000005588,0.0
42442.5,0.16942402846051682,0,0.344,115.334,,GIRTH_WELD,0,5.331000000005588,0.0
42447.5,0.16942402846051682,0,0.344,115.334,,GIRTH_WELD,0,5.331000000005588,0.0
42457.5,0.16237275140723123,0,0.344,121.459,,GIRTH_WELD,0,28.780000000006112,0.0
42462.5,0.1716949574002874,0,0.344,121.459,,GIRTH_WELD,0,28.780000000006112,0.0
42467.5,0.1716949574002874,0,0.344,121.459,,GIRTH_WELD,0,28.780000000006112,0.0
42472.5,0.1716949574002874,0,0.344,121.459,,GIRTH_WELD,0,28.780000000006112,0.0
42497.5,0.15782973894712599,0,0.344,132.646,,GIRTH_WELD,0,68.97000000000116,0.0
42502.5,0.15997931149607222,0,0.344,132.646,,GIRTH_WELD,0,68.97000000000116,0.0
42507.5,0.1477440414906252,0,0.344,132.646,,GIRTH_WELD,0,68.97000000000116,0.0
42512.5,0.14419851198385675,0,0.344,132.646,,GIRTH_WELD,0,68.97000000000116,0.0
42537.5,0.12513834632000248,0,0.344,142.887,,GIRTH_WELD,0,109.0260000000053,0.0
42542.5,0.13098200050266387,0,0.344,142.887,,GIRTH_WELD,0,109.0260000000053,0.0
42547.5,0.13098200050266387,0,0.344,142.887,,GIRTH_WELD,0,109.0260000000053,0.0
42552.5,0.13437294924857446,0,0.344,142.887,,GIRTH_WELD,0,109.0260000000053,0.0
42577.5,0.14217967086389982,0,0.344,148.774,,GIRTH_WELD,0,149.3370000000068,0.0
42582.5,0.1539159923819389,0,0.344,148.774,,GIRTH_WELD,0,149.3370000000068,0.0
42587.5,0.15679096637819437,0,0.344,148.774,,GIRTH_WELD,0,149.3370000000068,0.0
42592.5,0.15257018273647174,0,0.344,148.774,,GIRTH_WELD,0,149.3370000000068,0.0
42617.5,0.12954343710013966,0,0.344,153.153,,GIRTH_WELD,0,189.38700000000244,0.0
42622.5,0.14077803291477484,0,0.344,153.153,,GIRTH_WELD,0,189.38700000000244,0.0
42627.5,0.14077803291477484,0,0.344,153.153,,GIRTH_WELD,0,189.38700000000244,0.0
42632.5,0.15019486254873105,0,0.344,154.031,,GIRTH_WELD,0,198.83200000000215,0.0
42637.5,0.1587344885506715,0,0.344,154.031,,GIRTH_WELD,0,198.83200000000215,0.0
42642.5,0.1587344885506715,0,0.344,154.031,,GIRTH_WELD,0,198.83200000000215,0.0
42662.5,0.2571847933086482,0,0.344,156.357,,UNKNOWN,0,233.5300000000061,5.498999999996158
42667.5,0.23300663733703067,0,0.344,156.357,,UNKNOWN,0,233.5300000000061,5.498999999996158
42672.5,0.26576870086283155,0,0.344,156.717,,GIRTH_WELD,0,239.02900000000227,0.0
42677.5,0.2664871721824427,0,0.344,156.717,,GIRTH_WELD,0,239.02900000000227,0.0
42682.5,0.2664871721824427,0,0.344,156.717,,GIRTH_WELD,0,239.02900000000227,0.0
42707.5,0.28330047243949996,0,0.344,156.589,,GIRTH_WELD,0,279.30100000000675,0.0
42712.5,0.3134236158154993,0,0.344,156.589,,GIRTH_WELD,0,279.30100000000675,0.0
42717.5,0.3134236158154993,0,0.344,156.589,,GIRTH_WELD,0,279.30100000000675,0.0
42722.5,0.3134236158154993,0,0.344,156.589,,GIRTH_WELD,0,279.30100000000675,0.0
42747.5,0.4889801614307757,0,0.344,154.751,,GIRTH_WELD,5,319.3240000000005,0.0
42752.5,0.512468756693696,1,0.344,154.751,,GIRTH_WELD,5,319.3240000000005,0.0
42757.5,0.512468756693696,1,0.344,154.751,,GIRTH_WELD,5,319.3240000000005,0.0
42762.5,0.6205075109024754,1,0.344,153.63,11:02,METAL_LOSS,8,335.9120000000039,16.588000000003376
42767.5,0.6502409419505577,1,0.344,153.63,11:02,METAL_LOSS,8,335.9120000000039,16.588000000003376
42772.5,0.6502409419505577,1,0.344,153.63,11:02,METAL_LOSS,8,335.9120000000039,16.588000000003376
42777.5,0.7182554175075773,1,0.344,153.176,11:02,METAL_LOSS,9,342.3000000000029,17.17500000000291
42782.5,0.7483286562824618,1,0.344,153.176,11:02,METAL_LOSS,9,342.3000000000029,17.17500000000291
42787.5,0.7379400413989353,1,0.344,151.957,,GIRTH_WELD,13,359.4750000000058,0.0
42792.5,0.7688255388182986,1,0.344,151.957,,GIRTH_WELD,13,359.4750000000058,0.0
42797.5,0.7688255388182986,1,0.344,151.957,,GIRTH_WELD,13,359.4750000000058,0.0
42802.5,0.7579479542641768,1,0.344,151.081,8:59,METAL_LOSS,13,369.15000000000146,9.674999999995634
42807.5,0.7592225927868125,1,0.344,151.007,,FIELD_BEND,13,369.9050000000061,10.430000000000291
42812.5,0.761838096783063,1,0.344,150.017,9:14,METAL_LOSS,13,380.06600000000617,19.336999999999534
42817.5,0.7989310272994308,1,0.344,150.017,9:14,METAL_LOSS,13,380.06600000000617,19.336999999999534
42822.5,0.7328577086231831,1,0.344,149.166,9:20,METAL_LOSS,10,388.80300000000716,10.599999999998545
42827.5,0.6040088399879131,1,0.344,148.474,9:12,METAL_LOSS,8,395.8990000000049,3.504000000000815
42832.5,0.6000035846280565,1,0.344,148.133,,GIRTH_WELD,8,399.4030000000057,0.0
42837.5,0.624464034397346,1,0.344,148.133,,GIRTH_WELD,8,399.4030000000057,0.0
42842.5,0.624464034397346,1,0.344,148.133,,GIRTH_WELD,8,399.4030000000057,0.0
42867.5,0.4258008437921104,0,0.344,142.767,,GIRTH_WELD,3,439.69200000000274,0.0
42872.5,0.459048595469784,0,0.344,142.767,,GIRTH_WELD,3,439.69200000000274,0.0
42877.5,0.459048595469784,0,0.344,142.767,,GIRTH_WELD,3,439.69200000000274,0.0
42882.5,0.459048595469784,0,0.344,142.767,,GIRTH_WELD,3,439.69200000000274,0.0
42907.5,0.30350341267976955,0,0.344,136.728,,GIRTH_WELD,0,429.9930000000022,0.0
42912.5,0.35183990839450147,0,0.344,136.728,,GIRTH_WELD,0,429.9930000000022,0.0
42917.5,0.3583946418416651,0,0.344,136.728,,GIRTH_WELD,0,429.9930000000022,0.0
42922.5,0.35779085887619183,0,0.344,136.728,,GIRTH_WELD,0,429.9930000000022,0.0
42947.5,0.2706573921075772,0,0.344,126.826,,GIRTH_WELD,0,389.60599999999977,0.0
42952.5,0.32112082193734554,0,0.344,126.826,,GIRTH_WELD,0,389.60599999999977,0.0
42957.5,0.32112082193734554,0,0.344,126.826,,GIRTH_WELD,0,389.60599999999977,0.0
42962.5,0.32112082193734554,0,0.344,126.826,,GIRTH_WELD,0,389.60599999999977,0.0
42987.5,0.2825939985407121,0,0.344,115.426,,GIRTH_WELD,0,349.6030000000028,0.0
42992.5,0.3260551547239547,0,0.344,115.426,,GIRTH_WELD,0,349.6030000000028,0.0
42997.5,0.3260551547239547,0,0.344,115.426,,GIRTH_WELD,0,349.6030000000028,0.0
43002.5,0.3260551547239547,0,0.344,115.426,,GIRTH_WELD,0,349.6030000000028,0.0
43027.5,0.2735383857062997,0,0.344,107.403,,GIRTH_WELD,2,309.3009999999995,0.0
43032.5,0.2927110370127412,0,0.344,107.403,,GIRTH_WELD,2,309.3009999999995,0.0
43037.5,0.2927110370127412,0,0.344,107.403,,GIRTH_WELD,2,309.3009999999995,0.0
43042.5,0.2927110370127412,0,0.344,107.403,,GIRTH_WELD,2,309.3009999999995,0.0
43047.5,0.27773843784827945,0,0.344,104.463,7:10,METAL_LOSS,2,292.0440000000017,17.256999999997788
43052.5,0.2748986785636982,0,0.344,104.463,7:10,METAL_LOSS,2,292.0440000000017,17.256999999997788
43057.5,0.2748986785636982,0,0.344,104.463,7:10,METAL_LOSS,2,292.0440000000017,17.256999999997788
43067.5,0.27626579490249026,0,0.344,100.664,,GIRTH_WELD,2,269.23199999999633,0.0
43072.5,0.29235400087304997,0,0.344,100.664,,GIRTH_WELD,2,269.23199999999633,0.0
43077.5,0.29235400087304997,0,0.344,100.664,,GIRTH_WELD,2,269.23199999999633,0.0
43082.5,0.29235400087304997,0,0.344,100.664,,GIRTH_WELD,2,269.23199999999633,0.0
43097.5,0.295127381260413,0,0.344,95.909,,GIRTH_WELD,0,241.59700000000157,0.0
43102.5,0.3179705410829064,0,0.344,95.909,,GIRTH_WELD,0,241.59700000000157,0.0
43107.5,0.3179705410829064,0,0.344,95.909,,GIRTH_WELD,0,241.59700000000157,0.0
43112.5,0.3179705410829064,0,0.344,95.909,,GIRTH_WELD,0,241.59700000000157,0.0
43117.5,0.3164241609266854,0,0.344,92.716,,GIRTH_WELD,0,221.28899999999703,0.0
43122.5,0.3460089547370891,0,0.344,92.716,,GIRTH_WELD,0,221.28899999999703,0.0
43127.5,0.3460089547370891,0,0.344,92.716,,GIRTH_WELD,0,221.28899999999703,0.0
43132.5,0.3460089547370891,0,0.344,92.716,,GIRTH_WELD,0,221.28899999999703,0.0
43157.5,0.28795157163169016,0,0.344,87.416,,GIRTH_WELD,0,181.3379999999961,0.0
43162.5,0.3263447513572016,0,0.344,87.416,,GIRTH_WELD,0,181.3379999999961,0.0
43167.5,0.3263447513572016,0,0.344,87.416,,GIRTH_WELD,0,181.3379999999961,0.0
43172.5,0.3263447513572016,0,0.344,87.416,,GIRTH_WELD,0,181.3379999999961,0.0
43197.5,0.34805912270011097,0,0.344,82.306,,GIRTH_WELD,0,141.09500000000116,0.0
43202.5,0.3938105935455393,0,0.344,82.306,,GIRTH_WELD,0,141.09500000000116,0.0
43207.5,0.3938105935455393,0,0.344,82.306,,GIRTH_WELD,0,141.09500000000116,0.0
43212.5,0.40592110723247826,0,0.344,81.037,8:18,UNKNOWN,0,130.63900000000285,10.455999999998312
43217.5,0.42375790652119344,0,0.344,81.037,8:18,UNKNOWN,0,130.63900000000285,10.455999999998312
43222.5,0.42375790652119344,0,0.344,81.037,8:18,UNKNOWN,0,130.63900000000285,10.455999999998312
43237.5,0.41191309492578354,0,0.344,77.518,,GIRTH_WELD,4,101.22299999999814,0.0
43242.5,0.44518415216334817,0,0.344,77.518,,GIRTH_WELD,4,101.22299999999814,0.0
43247.5,0.44518415216334817,0,0.344,77.518,,GIRTH_WELD,4,101.22299999999814,0.0
43252.5,0.5156560575577966,1,0.344,74.91,,FIELD_BEND,7,83.75,12.03399999999965
43257.5,0.5368978824108177,1,0.344,74.91,,FIELD_BEND,7,83.75,12.03399999999965
43262.5,0.5368978824108177,1,0.344,74.91,,FIELD_BEND,7,83.75,12.03399999999965
43267.5,0.5087504648887456,1,0.344,73.177,7:48,METAL_LOSS,8,72.50299999999697,0.786999999996624
43272.5,0.4829542602209489,0,0.344,73.055,,GIRTH_WELD,8,71.71600000000035,0.0
43277.5,0.48955863362710145,0,0.344,71.849,,GIRTH_WELD,8,65.09799999999814,0.0
43282.5,0.5114957966328855,1,0.344,71.628,3:25,METAL_LOSS,8,63.99199999999837,1.1059999999997672
43287.5,0.5294020093455619,1,0.344,71.628,3:25,METAL_LOSS,8,63.99199999999837,1.1059999999997672
43297.5,0.5730108743694997,1,0.344,66.063,3:39,METAL_LOSS,8,39.612999999997555,14.606999999996333
43302.5,0.6049872414184498,1,0.344,66.063,3:39,METAL_LOSS,8,39.612999999997555,14.606999999996333
43307.5,0.5699830668482864,1,0.344,65.3,3:40,METAL_LOSS,8,36.29899999999907,11.292999999997846
43312.5,0.5675951411779429,1,0.344,64.092,3:40,METAL_LOSS,8,31.046000000002095,6.040000000000873
43317.5,0.57008831500334,1,0.344,62.703,,GIRTH_WELD,8,25.006000000001222,0.0
43322.5,0.5993175603659857,1,0.344,62.703,,GIRTH_WELD,8,25.006000000001222,0.0
43327.5,0.5993175603659857,1,0.344,62.703,,GIRTH_WELD,8,25.006000000001222,0.0
43332.5,0.4922196201328953,0,0.5,57.708,,GIRTH_WELD,3,5.256000000001222,0.0
43337.5,0.5285220742645107,1,0.5,57.708,,GIRTH_WELD,3,5.256000000001222,0.0
43342.5,0.4937751103345498,0,0.5,57.198,,BEND,4,0.0,5.256000000001222
43347.5,0.5513270317689435,1,0.344,57.445,,GIRTH_WELD,6,5.368000000002212,0.0
43352.5,0.5423579027449957,1,0.344,57.445,,GIRTH_WELD,6,5.368000000002212,0.0
43357.5,0.5423579027449957,1,0.344,57.445,,GIRTH_WELD,6,5.368000000002212,0.0
43377.5,0.40712477770825095,0,0.344,69.328,,GIRTH_WELD,2,41.12200000000303,0.0
43382.5,0.37508995353882246,0,0.344,69.328,,GIRTH_WELD,2,41.12200000000303,0.0
43387.5,0.37508995353882246,0,0.344,69.328,,GIRTH_WELD,2,41.12200000000303,0.0
43392.5,0.389651950067966,0,0.344,72.021,8:43,METAL_LOSS,2,48.3269999999975,7.20499999999447
43397.5,0.3993883105870076,0,0.344,72.926,3:55,METAL_LOSS,2,50.682999999997264,9.560999999994237
43402.5,0.3658105530661762,0,0.344,72.926,3:55,METAL_LOSS,2,50.682999999997264,9.560999999994237
43417.5,0.3500614435600317,0,0.344,84.652,,GIRTH_WELD,2,81.2039999999979,0.0
43422.5,0.3354620997789275,0,0.344,84.652,,GIRTH_WELD,2,81.2039999999979,0.0
43427.5,0.3354620997789275,0,0.344,84.652,,GIRTH_WELD,2,81.2039999999979,0.0
43432.5,0.35756264450419223,0,0.344,89.105,,FIELD_BEND,2,94.63900000000285,13.435000000004948
43437.5,0.3551110086797018,0,0.344,89.105,,FIELD_BEND,2,94.63900000000285,13.435000000004948
43442.5,0.3551110086797018,0,0.344,89.105,,FIELD_BEND,2,94.63900000000285,13.435000000004948
43447.5,0.3551110086797018,0,0.344,89.105,,FIELD_BEND,2,94.63900000000285,13.435000000004948
43457.5,0.3363779666405805,0,0.344,97.685,,GIRTH_WELD,0,121.50300000000425,0.0
43462.5,0.33819418058621226,0,0.344,97.685,,GIRTH_WELD,0,121.50300000000425,0.0
43467.5,0.33819418058621226,0,0.344,97.685,,GIRTH_WELD,0,121.50300000000425,0.0
43472.5,0.33819418058621226,0,0.344,97.685,,GIRTH_WELD,0,121.50300000000425,0.0
43497.5,0.29809639502027613,0,0.344,108.633,,GIRTH_WELD,0,161.43699999999808,0.0
43502.5,0.3017192325165802,0,0.344,108.633,,GIRTH_WELD,0,161.43699999999808,0.0
43507.5,0.3017192325165802,0,0.344,108.633,,GIRTH_WELD,0,161.43699999999808,0.0
43512.5,0.3017192325165802,0,0.344,108.633,,GIRTH_WELD,0,161.43699999999808,0.0
43537.5,0.1968653247238169,0,0.344,118.277,,GIRTH_WELD,0,201.6800000000003,0.0
43542.5,0.21210014421691095,0,0.344,118.277,,GIRTH_WELD,0,201.6800000000003,0.0
43547.5,0.21210014421691095,0,0.344,118.277,,GIRTH_WELD,0,201.6800000000003,0.0
43552.5,0.21210014421691095,0,0.344,118.277,,GIRTH_WELD,0,201.6800000000003,0.0
43577.5,0.30306914367628424,0,0.344,127.617,,GIRTH_WELD,0,241.67399999999907,0.0
43582.5,0.3030673262560355,0,0.344,127.617,,GIRTH_WELD,0,241.67399999999907,0.0
43587.5,0.3030673262560355,0,0.344,127.617,,GIRTH_WELD,0,241.67399999999907,0.0
43592.5,0.3030673262560355,0,0.344,127.617,,GIRTH_WELD,0,241.67399999999907,0.0
43602.5,0.36851270072277825,0,0.344,132.21,7:22,UNKNOWN,0,264.8329999999987,17.135999999998603
43607.5,0.3469608354611907,0,0.344,132.21,7:22,UNKNOWN,0,264.8329999999987,17.135999999998603
43612.5,0.3569577520484655,0,0.344,132.733,7:22,UNKNOWN,0,267.52700000000186,14.44199999999546
43617.5,0.3865258249309634,0,0.344,134.284,7:26,UNKNOWN,0,275.5149999999994,6.4539999999979045
43622.5,0.3630649869092553,0,0.344,134.284,7:26,UNKNOWN,0,275.5149999999994,6.4539999999979045
43627.5,0.3986315999017643,0,0.344,135.536,,GIRTH_WELD,0,281.9689999999973,0.0
43632.5,0.3698526360272252,0,0.344,135.536,,GIRTH_WELD,0,281.9689999999973,0.0
43657.5,0.41957991685484464,0,0.344,139.415,,GIRTH_WELD,6,322.0939999999973,0.0
43662.5,0.40085823083628164,0,0.344,139.415,,GIRTH_WELD,6,322.0939999999973,0.0
43667.5,0.40085823083628164,0,0.344,139.415,,GIRTH_WELD,6,322.0939999999973,0.0
43672.5,0.639532784331601,1,0.344,139.591,,FIELD_BEND,8,332.4449999999997,10.351000000002387
43677.5,0.6241131902258151,1,0.344,139.591,,FIELD_BEND,8,332.4449999999997,10.351000000002387
43682.5,0.597502881633773,1,0.344,139.531,6:51,METAL_LOSS,8,341.9890000000014,0.9210000000020955
43687.5,0.5964284056799792,1,0.344,139.526,,GIRTH_WELD,8,342.9100000000035,0.0
43692.5,0.5829855416819413,1,0.344,139.317,12:24,METAL_LOSS,8,351.25,8.339999999996508
43697.5,0.6155345548313833,1,0.344,139.317,12:24,METAL_LOSS,8,351.25,8.339999999996508
43702.5,0.64849886024041,1,0.344,138.881,4:31,METAL_LOSS,8,364.4820000000036,18.464999999996508
43707.5,0.6851214583627762,1,0.344,138.881,4:31,METAL_LOSS,8,364.4820000000036,18.464999999996508
43712.5,0.6405129720258705,1,0.344,138.753,12:31,METAL_LOSS,8,368.3729999999996,14.574000000000524
43717.5,0.8024074524164422,1,0.344,138.535,3:37,METAL_LOSS,13,374.98099999999977,7.966000000000349
43722.5,0.8017388018567324,1,0.344,138.46,3:48,METAL_LOSS,13,377.25100000000384,5.695999999996275
43727.5,0.7816906612996161,1,0.344,138.272,,GIRTH_WELD,13,382.9470000000001,0.0
43732.5,0.8121722561090731,1,0.344,138.272,,GIRTH_WELD,13,382.9470000000001,0.0
43757.5,0.7785951775493797,1,0.344,136.882,4:26,METAL_LOSS,10,422.2669999999998,0.9219999999986612
43762.5,0.8014367779174779,1,0.344,136.882,4:26,METAL_LOSS,10,422.2669999999998,0.9219999999986612
43767.5,0.7516295415820449,1,0.344,136.849,,GIRTH_WELD,10,423.1889999999985,0.0
43772.5,0.778696240180653,1,0.344,136.821,5:17,METAL_LOSS,11,423.9830000000002,0.794000000001688
43777.5,0.8034511245182074,1,0.344,136.821,5:17,METAL_LOSS,11,423.9830000000002,0.794000000001688
43797.5,0.789141994503574,1,0.344,135.29,,GIRTH_WELD,16,462.6050000000032,0.0
43802.5,0.8258629644475411,1,0.344,135.29,,GIRTH_WELD,16,462.6050000000032,0.0
43807.5,0.8258629644475411,1,0.344,135.29,,GIRTH_WELD,16,462.6050000000032,0.0
43812.5,0.8292006718224624,1,0.344,135.183,7:33,METAL_LOSS,19,468.69800000000396,6.093000000000757
43817.5,0.8433697954867747,1,0.344,135.174,7:34,METAL_LOSS,16,473.3729999999996,10.767999999996391
43822.5,0.8522339325646938,1,0.344,135.156,8:28,METAL_LOSS,14,482.3029999999999,19.697999999996682
43827.5,0.8621323551522663,1,0.344,135.156,8:28,METAL_LOSS,14,482.3029999999999,19.697999999996682
43832.5,0.8445403664863461,1,0.344,135.141,4:50,METAL_LOSS,14,490.07600000000093,27.47099999999773
43837.5,0.8506032258155298,1,0.344,135.134,8:44,METAL_LOSS,14,493.36299999999756,30.757999999994354
43842.5,0.8335857210700689,1,0.344,135.117,4:19,METAL_LOSS,14,502.0049999999974,39.39999999999418
43847.5,0.819773954319979,1,0.344,135.114,5:14,METAL_LOSS,14,503.44200000000274,39.71099999999569
43852.5,0.8559852994541534,1,0.344,135.345,8:12,METAL_LOSS,14,508.3070000000007,34.84599999999773
43857.5,0.8320758962080822,1,0.344,135.763,5:27,METAL_LOSS,11,513.3340000000026,29.818999999995867
43862.5,0.8320758962080822,1,0.344,135.835,5:14,METAL_LOSS,11,514.1929999999993,28.959999999999127
43867.5,0.8301171501042383,1,0.344,135.835,5:14,METAL_LOSS,11,514.1929999999993,28.959999999999127
43877.5,0.7969371038530242,1,0.344,138.243,,GIRTH_WELD,10,543.1529999999984,0.0
43882.5,0.7969419684508935,1,0.344,138.243,,GIRTH_WELD,10,543.1529999999984,0.0
43887.5,0.7969419684508935,1,0.344,138.243,,GIRTH_WELD,10,543.1529999999984,0.0
43892.5,0.7969419684508935,1,0.344,138.243,,GIRTH_WELD,10,543.1529999999984,0.0
43907.5,0.5361538531675021,1,0.344,140.584,,GIRTH_WELD,3,571.3819999999978,0.0
43912.5,0.5207126407058044,1,0.344,140.584,,GIRTH_WELD,3,571.3819999999978,0.0
43917.5,0.5280102112686973,1,0.344,140.595,9:11,METAL_LOSS,3,571.525999999998,0.14400000000023283
43922.5,0.5144360653929752,1,0.344,140.595,9:11,METAL_LOSS,3,571.525999999998,0.14400000000023283
43947.5,0.3051560184838621,0,0.344,143.941,,GIRTH_WELD,3,611.385000000002,0.0
43952.5,0.2932439718614963,0,0.344,143.941,,GIRTH_WELD,3,611.385000000002,0.0
43957.5,0.2839653758768845,0,0.344,144.079,9:10,UNKNOWN,3,613.0290000000023,1.6440000000002328
43962.5,0.25238208979709253,0,0.344,144.528,9:08,UNKNOWN,3,619.1180000000022,7.733000000000175
43967.5,0.25420548918663033,0,0.344,144.528,9:08,UNKNOWN,3,619.1180000000022,7.733000000000175
43972.5,0.2500504668524189,0,0.344,144.528,9:08,UNKNOWN,3,619.1180000000022,7.733000000000175
43987.5,0.36483550708805956,0,0.344,146.88,,GIRTH_WELD,0,651.7330000000002,0.0
43992.5,0.35853875760656806,0,0.344,146.88,,GIRTH_WELD,0,651.7330000000002,0.0
43997.5,0.35853875760656806,0,0.344,146.88,,GIRTH_WELD,0,651.7330000000002,0.0
44002.5,0.35853875760656806,0,0.344,146.88,,GIRTH_WELD,0,651.7330000000002,0.0
44007.5,0.4891392163599059,0,0.344,146.883,,FIELD_BEND,0,671.0959999999977,19.362999999997555
44012.5,0.4883059623746895,0,0.344,146.883,,FIELD_BEND,0,671.0959999999977,19.362999999997555
44017.5,0.4883059623746895,0,0.344,146.883,,FIELD_BEND,0,671.0959999999977,19.362999999997555
44022.5,0.4883059623746895,0,0.344,146.883,,FIELD_BEND,0,671.0959999999977,19.362999999997555
44027.5,0.466831122920797,0,0.344,146.666,,GIRTH_WELD,3,691.7560000000012,0.0
44032.5,0.48882143994220917,0,0.344,146.666,,GIRTH_WELD,3,691.7560000000012,0.0
44037.5,0.48882143994220917,0,0.344,146.666,,GIRTH_WELD,3,691.7560000000012,0.0
44042.5,0.48882143994220917,0,0.344,146.666,,GIRTH_WELD,3,691.7560000000012,0.0
44052.5,0.6846407487165161,1,0.344,144.049,,FIELD_BEND,8,715.5290000000023,23.773000000001048
44057.5,0.7107769960026448,1,0.344,144.049,,FIELD_BEND,8,715.5290000000023,23.773000000001048
44062.5,0.710196284823315,1,0.344,144.049,,FIELD_BEND,8,715.5290000000023,23.773000000001048
44067.5,0.7921181189860309,1,0.344,142.188,4:48,METAL_LOSS,11,730.8139999999985,39.057999999997264
44072.5,0.8184938767965422,1,0.344,142.188,4:48,METAL_LOSS,11,730.8139999999985,39.057999999997264
44077.5,0.7841981289037382,1,0.344,141.806,6:46,METAL_LOSS,12,733.9539999999979,42.19799999999668
44082.5,0.7898731685735393,1,0.344,140.813,6:44,METAL_LOSS,13,740.4329999999973,48.67699999999604
44087.5,0.7694896052403252,1,0.344,140.024,4:52,METAL_LOSS,14,745.4599999999991,53.703999999997905
44092.5,0.766128918582771,1,0.344,139.609,4:43,METAL_LOSS,14,748.1109999999971,56.354999999995925
44097.5,0.7817155880746627,1,0.344,138.765,8:01,METAL_LOSS,15,753.4979999999996,61.74199999999837
44102.5,0.7819356525856896,1,0.344,137.985,3:37,METAL_LOSS,16,758.4709999999977,66.71499999999651
44107.5,0.7803838492796974,1,0.344,137.204,3:34,METAL_LOSS,19,763.4550000000017,71.69900000000052
44112.5,0.7467068902424796,1,0.344,136.332,6:56,METAL_LOSS,19,769.0160000000033,77.26000000000204
44117.5,0.7573146263551207,1,0.344,135.64,8:08,METAL_LOSS,19,773.4320000000007,81.67599999999948
44122.5,0.7865525553414687,1,0.344,135.775,2:28,METAL_LOSS,19,778.5210000000006,86.76499999999942
44127.5,0.7865525553414687,1,0.344,136.108,2:36,METAL_LOSS,17,783.3570000000036,91.60100000000239
44132.5,0.7866757909549323,1,0.344,136.461,2:31,METAL_LOSS,19,788.4850000000006,96.72899999999936
44137.5,0.7866757909549323,1,0.344,136.787,9:38,METAL_LOSS,18,793.2289999999994,101.47299999999814
44142.5,0.787466043348318,1,0.344,137.159,10:09,METAL_LOSS,18,798.622000000003,106.8660000000018
44147.5,0.7868501588406704,1,0.344,137.523,4:14,METAL_LOSS,19,803.9080000000031,112.15200000000186
44152.5,0.7881196968463392,1,0.344,137.875,9:14,METAL_LOSS,18,809.023000000001,114.62599999999657
44157.5,0.7881196968463392,1,0.344,138.155,10:21,METAL_LOSS,18,813.1010000000024,110.54799999999523
44162.5,0.7844512911670318,1,0.344,138.155,10:21,METAL_LOSS,18,813.1010000000024,110.54799999999523
44172.5,0.7929237359531843,1,0.344,140.967,11:49,METAL_LOSS,17,837.9170000000013,85.73199999999633
44177.5,0.7904343768171442,1,0.344,140.967,11:49,METAL_LOSS,17,837.9170000000013,85.73199999999633
44182.5,0.7929237359531843,1,0.344,141.027,11:43,METAL_LOSS,17,838.4349999999977,85.21399999999994
44187.5,0.7871731709557592,1,0.344,142.104,11:51,METAL_LOSS,15,847.6840000000011,75.96499999999651
44192.5,0.7885729142084479,1,0.344,142.159,11:46,METAL_LOSS,15,848.1600000000035,75.48899999999412
44197.5,0.8079513256216933,1,0.344,142.742,11:55,METAL_LOSS,14,853.1659999999974,70.48300000000017
44202.5,0.815997429282623,1,0.344,142.742,11:55,METAL_LOSS,14,853.1659999999974,70.48300000000017
44222.5,0.8201708452621026,1,0.344,145.063,5:22,METAL_LOSS,13,883.6290000000008,40.0199999999968
44227.5,0.8339034508545435,1,0.344,145.063,5:22,METAL_LOSS,13,883.6290000000008,40.0199999999968
44232.5,0.8239977879797267,1,0.344,145.103,5:17,METAL_LOSS,13,884.1699999999983,39.47899999999936
44237.5,0.8373087127977699,1,0.344,145.103,5:17,METAL_LOSS,13,884.1699999999983,39.47899999999936
44262.5,0.7993948050452816,1,0.344,147.172,,GIRTH_WELD,11,923.6489999999976,0.0
44267.5,0.8138239718191695,1,0.344,147.172,,GIRTH_WELD,11,923.6489999999976,0.0
44272.5,0.812033061709035,1,0.344,147.363,5:07,METAL_LOSS,11,928.75,5.1010000000023865
44277.5,0.8116381133519655,1,0.344,147.426,4:46,METAL_LOSS,11,931.3289999999979,7.680000000000291
44282.5,0.82676851672857,1,0.344,147.426,4:46,METAL_LOSS,11,931.3289999999979,7.680000000000291
44297.5,0.6694536026159267,1,0.344,148.192,4:23,METAL_LOSS,7,962.6999999999971,1.1190000000060536
44302.5,0.6790412029720541,1,0.344,148.192,4:23,METAL_LOSS,7,962.6999999999971,1.1190000000060536
44307.5,0.6762432950660074,1,0.344,148.219,,GIRTH_WELD,7,963.8190000000031,0.0
44312.5,0.6865902360814756,1,0.344,148.219,,GIRTH_WELD,7,963.8190000000031,0.0
44317.5,0.6865902360814756,1,0.344,148.219,,GIRTH_WELD,7,963.8190000000031,0.0
44342.5,0.7989764493625785,1,0.344,148.702,,GIRTH_WELD,10,1003.8090000000011,0.0
44347.5,0.8081031009982911,1,0.344,148.702,,GIRTH_WELD,10,1003.8090000000011,0.0
44352.5,0.8081031009982911,1,0.344,148.702,,GIRTH_WELD,10,1003.8090000000011,0.0
44357.5,0.8081031009982911,1,0.344,148.702,,GIRTH_WELD,10,1003.8090000000011,0.0
44377.5,0.7879459061894997,1,0.344,149.013,4:34,METAL_LOSS,9,1043.0149999999994,39.20599999999831
44382.5,0.7944905020050629,1,0.344,149.013,4:34,METAL_LOSS,9,1043.0149999999994,39.20599999999831
44387.5,0.7944905020050629,1,0.344,149.013,4:34,METAL_LOSS,9,1043.0149999999994,39.20599999999831
44392.5,0.8130723565523862,1,0.344,149.031,11:13,METAL_LOSS,9,1049.023000000001,34.983000000000175
44397.5,0.806593746393172,1,0.344,149.025,11:10,METAL_LOSS,9,1050.4630000000034,33.542999999997846
44402.5,0.8138258973935701,1,0.344,149.025,11:10,METAL_LOSS,9,1050.4630000000034,33.542999999997846
44407.5,0.8458856727974723,1,0.344,148.949,11:28,METAL_LOSS,14,1070.8600000000006,13.14600000000064
44412.5,0.8556059577134818,1,0.344,148.949,11:28,METAL_LOSS,14,1070.8600000000006,13.14600000000064
44417.5,0.8434506206515653,1,0.344,148.941,11:37,METAL_LOSS,14,1072.900999999998,11.105000000003201
44422.5,0.8534943365001102,1,0.344,148.941,11:37,METAL_LOSS,14,1072.900999999998,11.105000000003201
44427.5,0.824562752589317,1,0.344,148.899,,GIRTH_WELD,14,1084.0060000000012,0.0
44432.5,0.8324101996277382,1,0.344,148.899,,GIRTH_WELD,14,1084.0060000000012,0.0
44437.5,0.6983603062674074,1,0.344,148.876,12:13,METAL_LOSS,8,1100.8570000000036,16.851000000002387
44442.5,0.7058552107960239,1,0.344,148.876,12:13,METAL_LOSS,8,1100.8570000000036,16.851000000002387
44447.5,0.7058552107960239,1,0.344,148.876,12:13,METAL_LOSS,8,1100.8570000000036,16.851000000002387
44452.5,0.7008274480962069,1,0.344,148.869,12:07,METAL_LOSS,8,1107.372000000003,16.82499999999709
44457.5,0.7020485810156057,1,0.344,148.866,12:10,METAL_LOSS,8,1110.8760000000038,13.320999999996275
44462.5,0.567134416874246,1,0.344,148.852,,GIRTH_WELD,4,1124.1970000000001,0.0
44467.5,0.5666498306687201,1,0.344,148.852,,GIRTH_WELD,4,1124.1970000000001,0.0
44472.5,0.5666498306687201,1,0.344,148.852,,GIRTH_WELD,4,1124.1970000000001,0.0
44477.5,0.5666498306687201,1,0.344,148.852,,GIRTH_WELD,4,1124.1970000000001,0.0
44502.5,0.39152552756107073,0,0.344,148.625,,GIRTH_WELD,0,1164.1900000000023,0.0
44507.5,0.4120200722934269,0,0.344,148.625,,GIRTH_WELD,0,1164.1900000000023,0.0
44512.5,0.4120200722934269,0,0.344,148.625,,GIRTH_WELD,0,1164.1900000000023,0.0
44517.5,0.4120200722934269,0,0.344,148.625,,GIRTH_WELD,0,1164.1900000000023,0.0
44542.5,0.3163321815510777,0,0.344,148.244,,GIRTH_WELD,0,1172.8439999999973,0.0
44547.5,0.3362336986257152,0,0.344,148.244,,GIRTH_WELD,0,1172.8439999999973,0.0
44552.5,0.3362336986257152,0,0.344,148.244,,GIRTH_WELD,0,1172.8439999999973,0.0
44557.5,0.3362336986257152,0,0.344,148.244,,GIRTH_WELD,0,1172.8439999999973,0.0
44567.5,0.2661316867005184,0,0.344,147.921,12:06,UNKNOWN,0,1147.7750000000015,14.973000000005413
44572.5,0.28123230357395196,0,0.344,147.921,12:06,UNKNOWN,0,1147.7750000000015,14.973000000005413
44577.5,0.2587467490783126,0,0.344,147.85,12:08,UNKNOWN,0,1142.426999999996,9.625
44582.5,0.27272117542995,0,0.344,147.85,12:08,UNKNOWN,0,1142.426999999996,9.625
44587.5,0.2478302820911754,0,0.344,147.723,,GIRTH_WELD,0,1132.801999999996,0.0
44592.5,0.2741965617239771,0,0.344,147.723,,GIRTH_WELD,0,1132.801999999996,0.0
44597.5,0.2741965617239771,0,0.344,147.723,,GIRTH_WELD,0,1132.801999999996,0.0
44622.5,0.3029922171479733,0,0.344,146.893,,GIRTH_WELD,0,1092.600999999995,0.0
44627.5,0.3340554162817918,0,0.344,146.893,,GIRTH_WELD,0,1092.600999999995,0.0
44632.5,0.3340554162817918,0,0.344,146.893,,GIRTH_WELD,0,1092.600999999995,0.0
44637.5,0.3448484538798569,0,0.344,146.631,8:06,UNKNOWN,0,1078.637999999999,13.9629999999961
44642.5,0.3635091110657401,0,0.344,146.631,8:06,UNKNOWN,0,1078.637999999999,13.9629999999961
44647.5,0.35148411607086877,0,0.344,146.519,8:08,UNKNOWN,0,1072.502999999997,19.904999999998836
44652.5,0.3408979824881093,0,0.344,146.431,8:10,UNKNOWN,0,1067.7229999999981,15.125
44657.5,0.3309376421151021,0,0.344,146.389,8:08,UNKNOWN,0,1065.4000000000015,12.802000000003318
44662.5,0.3292582739978006,0,0.344,146.155,,GIRTH_WELD,2,1052.5979999999981,0.0
44667.5,0.3546768512062396,0,0.344,146.155,,GIRTH_WELD,2,1052.5979999999981,0.0
44672.5,0.3546768512062396,0,0.344,146.155,,GIRTH_WELD,2,1052.5979999999981,0.0
44677.5,0.3546768512062396,0,0.344,146.155,,GIRTH_WELD,2,1052.5979999999981,0.0
44702.5,0.41276153783913977,0,0.344,145.106,,GIRTH_WELD,5,1012.3489999999947,0.0
44707.5,0.4237396339454966,0,0.344,145.106,,GIRTH_WELD,5,1012.3489999999947,0.0
44712.5,0.4536417416323452,0,0.344,144.931,6:22,METAL_LOSS,5,1006.1970000000001,6.151999999994587
44717.5,0.4554020931233286,0,0.344,144.836,6:13,METAL_LOSS,5,1003.0279999999984,9.320999999996275
44722.5,0.47923345819127866,0,0.344,144.836,6:13,METAL_LOSS,5,1003.0279999999984,9.320999999996275
44727.5,0.5174936439986106,1,0.344,144.495,5:55,METAL_LOSS,5,991.5740000000005,2.3580000000001746
44732.5,0.5152513268773155,1,0.344,144.424,,GIRTH_WELD,5,989.2160000000003,0.0
44737.5,0.53100801755471,1,0.344,144.424,,GIRTH_WELD,5,989.2160000000003,0.0
44762.5,0.598041520227985,1,0.344,142.436,,GIRTH_WELD,6,948.9369999999981,0.0
44767.5,0.6081330399368355,1,0.344,142.436,,GIRTH_WELD,6,948.9369999999981,0.0
44772.5,0.6081330399368355,1,0.344,142.436,,GIRTH_WELD,6,948.9369999999981,0.0
44777.5,0.6081330399368355,1,0.344,142.436,,GIRTH_WELD,6,948.9369999999981,0.0
44802.5,0.8255720318541221,1,0.344,140.323,,UNKNOWN,11,912.7520000000004,3.8320000000021537
44807.5,0.8482605059474065,1,0.344,140.323,,UNKNOWN,11,912.7520000000004,3.8320000000021537
44812.5,0.8116743591926684,1,0.344,140.097,,GIRTH_WELD,12,908.9199999999983,0.0
44817.5,0.8334693467879188,1,0.344,139.84,,UNKNOWN,12,904.2940000000017,4.625999999996566
44822.5,0.8198558877370435,1,0.344,139.555,6:47,METAL_LOSS,14,898.75,10.169999999998254
44827.5,0.8223469754994178,1,0.344,139.294,4:35,METAL_LOSS,15,893.6909999999989,15.22899999999936
44832.5,0.8502684314540311,1,0.344,139.294,4:35,METAL_LOSS,15,893.6909999999989,15.22899999999936
44837.5,0.8496038003682022,1,0.344,139.294,4:35,METAL_LOSS,15,893.6909999999989,15.22899999999936
44842.5,0.829649322458493,1,0.344,138.252,7:51,METAL_LOSS,20,873.4379999999946,35.48200000000361
44847.5,0.8564551061921972,1,0.344,138.252,7:51,METAL_LOSS,20,873.4379999999946,35.48200000000361
44852.5,0.8157049279151728,1,0.344,138.02,8:47,METAL_LOSS,20,868.939999999995,39.9800000000032
44857.5,0.8234616368147708,1,0.344,138.155,8:01,METAL_LOSS,20,863.6809999999969,45.2390000000014
44862.5,0.8250338539248306,1,0.344,138.397,8:02,METAL_LOSS,18,859.9049999999988,49.01499999999942
44867.5,0.787274723123414,1,0.344,138.805,4:48,METAL_LOSS,16,853.5329999999958,55.387000000002445
44872.5,0.7883366266249057,1,0.344,139.097,4:43,METAL_LOSS,16,848.9689999999973,59.75
44877.5,0.8055276144024738,1,0.344,139.333,,UNKNOWN,15,845.2949999999983,56.07600000000093
44882.5,0.8278614219812621,1,0.344,140.016,1:11,METAL_LOSS,16,834.6319999999978,45.413000000000466
44887.5,0.8278614219812621,1,0.344,140.068,12:58,METAL_LOSS,16,833.8249999999971,44.60599999999977
44892.5,0.8483647789411647,1,0.344,140.415,12:10,METAL_LOSS,16,828.4150000000009,39.19600000000355
44897.5,0.8557232115958526,1,0.344,140.638,12:29,METAL_LOSS,17,825.064999999995,35.84599999999773
44902.5,0.859452115372307,1,0.344,140.638,12:29,METAL_LOSS,17,825.064999999995,35.84599999999773
44922.5,0.840707428062649,1,0.344,143.012,,UNKNOWN,16,790.4819999999963,1.2629999999990105
44927.5,0.853342868608729,1,0.344,143.012,,UNKNOWN,16,790.4819999999963,1.2629999999990105
44932.5,0.8173667761056232,1,0.344,143.098,,GIRTH_WELD,16,789.2189999999973,0.0
44937.5,0.8386901403086958,1,0.344,143.339,4:07,METAL_LOSS,16,785.0190000000002,4.19999999999709
44942.5,0.8488432493406199,1,0.344,143.63,4:02,METAL_LOSS,13,777.7750000000015,11.443999999995867
44947.5,0.8284429427808181,1,0.344,143.742,4:04,METAL_LOSS,11,774.9929999999949,14.226000000002387
44952.5,0.8317533662577051,1,0.344,143.865,4:07,METAL_LOSS,11,771.9389999999985,17.279999999998836
44957.5,0.8291366724376925,1,0.344,144.257,4:13,METAL_LOSS,11,762.2079999999987,12.968999999997322
44962.5,0.8371832325841987,1,0.344,144.257,4:13,METAL_LOSS,11,762.2079999999987,12.968999999997322
44967.5,0.822414029657169,1,0.344,144.779,,GIRTH_WELD,16,749.2390000000014,0.0
44972.5,0.8353169687010371,1,0.344,144.779,,GIRTH_WELD,16,749.2390000000014,0.0
44977.5,0.8489932926676663,1,0.344,144.991,,UNKNOWN,16,744.3209999999963,4.918000000005122
44982.5,0.8459055812306754,1,0.344,145.216,,UNKNOWN,14,739.4219999999987,9.817000000002736
44987.5,0.8554075475754845,1,0.344,145.216,,UNKNOWN,14,739.4219999999987,9.817000000002736
45002.5,0.8216165107211992,1,0.344,146.574,7:25,METAL_LOSS,12,709.862000000001,0.8960000000006403
45007.5,0.8331569223677459,1,0.344,146.574,7:25,METAL_LOSS,12,709.862000000001,0.8960000000006403
45012.5,0.8033298007990131,1,0.344,146.615,,GIRTH_WELD,12,708.9660000000003,0.0
45017.5,0.8216165107211992,1,0.344,146.654,4:31,METAL_LOSS,12,708.1330000000016,0.8329999999987194
45022.5,0.8331569223677459,1,0.344,146.654,4:31,METAL_LOSS,12,708.1330000000016,0.8329999999987194
45037.5,0.8354003768854755,1,0.344,148.485,12:43,METAL_LOSS,12,677.2339999999967,8.09100000000035
45042.5,0.8434626482086248,1,0.344,148.485,12:43,METAL_LOSS,12,677.2339999999967,8.09100000000035
45047.5,0.8269637622243371,1,0.344,148.721,12:43,METAL_LOSS,12,673.2869999999966,4.144000000000233
45052.5,0.8027635982878626,1,0.344,148.97,,GIRTH_WELD,14,669.1429999999964,0.0
45057.5,0.8142072973781745,1,0.344,148.97,,GIRTH_WELD,14,669.1429999999964,0.0
45082.5,0.8121782870927268,1,0.344,151.324,,GIRTH_WELD,17,629.0319999999992,0.0
45087.5,0.823116272030569,1,0.344,151.324,,GIRTH_WELD,17,629.0319999999992,0.0
45092.5,0.823116272030569,1,0.344,151.324,,GIRTH_WELD,17,629.0319999999992,0.0
45097.5,0.8357504435141544,1,0.344,151.788,4:17,METAL_LOSS,15,621.0299999999988,8.002000000000407
45102.5,0.8442680459190071,1,0.344,151.788,4:17,METAL_LOSS,15,621.0299999999988,8.002000000000407
45107.5,0.8510756501694242,1,0.344,152.601,7:57,METAL_LOSS,13,606.9549999999945,22.077000000004773
45112.5,0.8586595515600508,1,0.344,152.601,7:57,METAL_LOSS,13,606.9549999999945,22.077000000004773
45117.5,0.8586595515600508,1,0.344,152.601,7:57,METAL_LOSS,13,606.9549999999945,22.077000000004773
45122.5,0.8586595515600508,1,0.344,152.601,7:57,METAL_LOSS,13,606.9549999999945,22.077000000004773
45127.5,0.8302145366289609,1,0.344,153.556,6:38,METAL_LOSS,16,590.4099999999962,38.62200000000303
45132.5,0.8173062898275437,1,0.344,153.643,7:17,METAL_LOSS,17,588.890999999996,40.14100000000326
45137.5,0.8456959768510889,1,0.344,154.006,8:34,METAL_LOSS,17,583.5819999999949,34.995999999999185
45142.5,0.8432589879446348,1,0.344,154.349,7:30,METAL_LOSS,18,579.1270000000004,30.541000000004715
45147.5,0.8432589879446348,1,0.344,154.417,7:21,METAL_LOSS,16,578.2439999999988,29.658000000003085
45152.5,0.8466962984967331,1,0.344,155.843,,FIELD_BEND,17,559.6979999999967,11.11200000000099
45157.5,0.8567567014817861,1,0.344,155.843,,FIELD_BEND,17,559.6979999999967,11.11200000000099
45162.5,0.8567567014817861,1,0.344,155.843,,FIELD_BEND,17,559.6979999999967,11.11200000000099
45167.5,0.8194046525681868,1,0.344,156.611,5:45,METAL_LOSS,13,549.7139999999999,1.1280000000042492
45172.5,0.7981125925872615,1,0.344,156.698,,GIRTH_WELD,13,548.5859999999957,0.0
45177.5,0.8332283491435019,1,0.344,157.119,11:03,METAL_LOSS,13,543.5629999999946,5.023000000001048
45182.5,0.8287435587362966,1,0.344,157.475,7:07,METAL_LOSS,12,539.6290000000008,8.956999999994878
45187.5,0.8093562915928817,1,0.344,158.042,11:17,METAL_LOSS,10,533.3629999999976,15.222999999998137
45192.5,0.7871238456252384,1,0.344,158.443,7:09,METAL_LOSS,9,528.926999999996,19.65899999999965
45197.5,0.6826122789642851,1,0.344,158.851,10:56,METAL_LOSS,8,524.4219999999987,16.052999999999884
45202.5,0.6831284472183667,1,0.344,159.375,,FIELD_BEND,8,518.6319999999978,10.26299999999901
45207.5,0.8293319905130763,1,0.344,159.676,11:08,METAL_LOSS,12,515.3110000000015,6.942000000002736
45212.5,0.7917173692410922,1,0.344,160.304,,GIRTH_WELD,12,508.3689999999988,0.0
45217.5,0.802576631676831,1,0.344,160.304,,GIRTH_WELD,12,508.3689999999988,0.0
45222.5,0.802576631676831,1,0.344,160.304,,GIRTH_WELD,12,508.3689999999988,0.0
45247.5,0.7715632816699547,1,0.344,163.166,,GIRTH_WELD,11,468.1820000000007,0.0
45252.5,0.7814456875139393,1,0.344,163.166,,GIRTH_WELD,11,468.1820000000007,0.0
45257.5,0.7998127023763095,1,0.344,163.227,3:47,METAL_LOSS,11,467.3090000000011,0.8729999999995925
45262.5,0.8093469001376258,1,0.344,163.227,3:47,METAL_LOSS,11,467.3090000000011,0.8729999999995925
45272.5,0.8500193296101645,1,0.344,164.982,1:36,METAL_LOSS,15,439.16300000000047,29.019000000000233
45277.5,0.8584085067880232,1,0.344,164.982,1:36,METAL_LOSS,15,439.16300000000047,29.019000000000233
45282.5,0.8584085067880232,1,0.344,164.982,1:36,METAL_LOSS,15,439.16300000000047,29.019000000000233
45287.5,0.8469725564847195,1,0.344,165.33,,UNKNOWN,17,433.5400000000009,34.641999999999825
45292.5,0.846398543355419,1,0.344,165.565,2:38,METAL_LOSS,17,429.4059999999954,38.7760000000053
45297.5,0.8142558630907331,1,0.344,165.799,5:32,METAL_LOSS,18,425.17399999999907,43.00800000000163
45302.5,0.8228100530697583,1,0.344,166.184,3:56,METAL_LOSS,20,418.22099999999773,49.96100000000297
45307.5,0.8250599404367166,1,0.344,166.432,1:46,METAL_LOSS,16,413.7560000000012,48.015000000006694
45312.5,0.8288886522752823,1,0.344,166.666,,UNKNOWN,16,408.8119999999981,43.07100000000355
45317.5,0.8372256589398187,1,0.344,166.762,,UNKNOWN,16,405.60699999999633,39.866000000001804
45322.5,0.8463647886669476,1,0.344,166.96,3:13,METAL_LOSS,16,398.96600000000035,33.22500000000582
45327.5,0.849306466053272,1,0.344,167.083,3:37,METAL_LOSS,16,394.86499999999796,29.124000000003434
45332.5,0.8385494542028736,1,0.344,167.351,5:17,METAL_LOSS,13,385.8889999999956,20.148000000001048
45337.5,0.8385494542028736,1,0.344,167.38,5:26,METAL_LOSS,13,384.9209999999948,19.18000000000029
45342.5,0.8375505378376579,1,0.344,167.635,1:49,METAL_LOSS,13,376.400999999998,10.660000000003492
45347.5,0.8332615363798337,1,0.344,167.713,,UNKNOWN,14,373.77300000000105,8.03200000000652
45352.5,0.8271124686218454,1,0.344,167.823,,UNKNOWN,14,370.11099999999715,4.370000000002619
45357.5,0.8018140085300307,1,0.344,167.836,,GIRTH_WELD,13,365.74099999999453,0.0
45362.5,0.8055161881033199,1,0.344,167.836,,GIRTH_WELD,13,365.74099999999453,0.0
45372.5,0.6686821644578191,1,0.344,164.945,,FIELD_BEND,8,340.20300000000134,14.826000000000931
45377.5,0.6899184435408762,1,0.344,164.945,,FIELD_BEND,8,340.20300000000134,14.826000000000931
45382.5,0.6899184435408762,1,0.344,164.945,,FIELD_BEND,8,340.20300000000134,14.826000000000931
45387.5,0.5822190107111926,1,0.344,163.399,,AGM,6,327.8969999999972,2.5199999999967986
45392.5,0.5945198242168,1,0.344,163.399,,AGM,6,327.8969999999972,2.5199999999967986
45397.5,0.5514325689694256,1,0.344,163.083,,GIRTH_WELD,5,325.3770000000004,0.0
45402.5,0.5641104630415796,1,0.344,163.083,,GIRTH_WELD,5,325.3770000000004,0.0
45407.5,0.5371150416512832,1,0.344,158.3,,FIELD_BEND,3,306.03600000000006,19.34100000000035
45412.5,0.5480655246700162,1,0.344,158.3,,FIELD_BEND,3,306.03600000000006,19.34100000000035
45417.5,0.5458824249134352,1,0.344,158.3,,FIELD_BEND,3,306.03600000000006,19.34100000000035
45422.5,0.5458824249134352,1,0.344,158.3,,FIELD_BEND,3,306.03600000000006,19.34100000000035
45427.5,0.548346844532545,1,0.344,152.802,,GIRTH_WELD,7,285.3050000000003,0.0
45432.5,0.5827132445885199,1,0.344,152.802,,GIRTH_WELD,7,285.3050000000003,0.0
45437.5,0.581998794663916,1,0.344,152.802,,GIRTH_WELD,7,285.3050000000003,0.0
45442.5,0.581998794663916,1,0.344,152.802,,GIRTH_WELD,7,285.3050000000003,0.0
45467.5,0.36218984384554986,0,0.344,139.554,6:10,METAL_LOSS,3,246.49899999999616,38.80600000000413
45472.5,0.38209354655004757,0,0.344,139.554,6:10,METAL_LOSS,3,246.49899999999616,38.80600000000413
45477.5,0.3676948365806163,0,0.344,139.057,8:02,METAL_LOSS,3,245.06899999999587,39.99699999999575
45482.5,0.3844977148941375,0,0.344,139.057,8:02,METAL_LOSS,3,245.06899999999587,39.99699999999575
45507.5,0.24308671493228143,0,0.344,123.692,,GIRTH_WELD,3,205.07200000000012,0.0
45512.5,0.29283489555769043,0,0.344,123.692,,GIRTH_WELD,3,205.07200000000012,0.0
45517.5,0.29283489555769043,0,0.344,123.692,,GIRTH_WELD,3,205.07200000000012,0.0
45522.5,0.29283489555769043,0,0.344,123.692,,GIRTH_WELD,3,205.07200000000012,0.0
45547.5,0.3505619364644128,0,0.344,107.63,,GIRTH_WELD,0,164.85499999999593,0.0
45552.5,0.3839711536493373,0,0.344,107.63,,GIRTH_WELD,0,164.85499999999593,0.0
45557.5,0.3839711536493373,0,0.344,107.63,,GIRTH_WELD,0,164.85499999999593,0.0
45562.5,0.3839711536493373,0,0.344,107.63,,GIRTH_WELD,0,164.85499999999593,0.0
45587.5,0.3097680701601983,0,0.344,91.747,,GIRTH_WELD,3,124.84199999999691,0.0
45592.5,0.3339020148971031,0,0.344,91.747,,GIRTH_WELD,3,124.84199999999691,0.0
45597.5,0.3339020148971031,0,0.344,91.747,,GIRTH_WELD,3,124.84199999999691,0.0
45602.5,0.3339020148971031,0,0.344,91.747,,GIRTH_WELD,3,124.84199999999691,0.0
45607.5,0.32284155809753545,0,0.344,85.055,,FIELD_BEND,3,106.24299999999494,18.59900000000198
45612.5,0.31627543299608,0,0.344,85.055,,FIELD_BEND,3,106.24299999999494,18.59900000000198
45617.5,0.31627543299608,0,0.344,85.055,,FIELD_BEND,3,106.24299999999494,18.59900000000198
45622.5,0.31627543299608,0,0.344,85.055,,FIELD_BEND,3,106.24299999999494,18.59900000000198
45627.5,0.30950727265942807,0,0.344,77.824,6:09,METAL_LOSS,3,85.82299999999668,1.2469999999957508
45632.5,0.34236478221570893,0,0.344,77.824,6:09,METAL_LOSS,3,85.82299999999668,1.2469999999957508
45637.5,0.33926832071381896,0,0.344,77.382,,GIRTH_WELD,3,84.57600000000093,0.0
45642.5,0.3575960845949347,0,0.344,77.382,,GIRTH_WELD,3,84.57600000000093,0.0
45667.5,0.3980700144097552,0,0.344,65.464,,GIRTH_WELD,4,44.52399999999761,0.0
45672.5,0.4346680404645472,0,0.344,65.464,,GIRTH_WELD,4,44.52399999999761,0.0
45677.5,0.4346680404645472,0,0.344,65.464,,GIRTH_WELD,4,44.52399999999761,0.0
45682.5,0.4346680404645472,0,0.344,65.464,,GIRTH_WELD,4,44.52399999999761,0.0
45707.5,0.4778120046475932,0,0.5,55.002,,GIRTH_WELD,2,4.231999999996333,0.0
45712.5,0.5082367671769857,1,0.5,55.002,,GIRTH_WELD,2,4.231999999996333,0.0
45717.5,0.5082367671769857,1,0.5,55.002,,GIRTH_WELD,2,4.231999999996333,0.0
45722.5,0.4560716217011591,0,0.5,54.376,,BEND,2,0.0,4.231999999996333
45727.5,0.49278102107491883,0,0.344,54.417,,GIRTH_WELD,2,4.49199999999837,0.0
45732.5,0.5541477550219137,1,0.344,54.752,1:34,METAL_LOSS,2,8.435000000004948,3.9430000000065775
45737.5,0.5490485601536068,1,0.344,54.752,1:34,METAL_LOSS,2,8.435000000004948,3.9430000000065775
45757.5,0.6801462842305864,1,0.344,62.552,,GIRTH_WELD,7,44.5480000000025,0.0
45762.5,0.6901712581558412,1,0.344,62.552,,GIRTH_WELD,7,44.5480000000025,0.0
45767.5,0.6901712581558412,1,0.344,62.552,,GIRTH_WELD,7,44.5480000000025,0.0
45772.5,0.6901712581558412,1,0.344,62.552,,GIRTH_WELD,7,44.5480000000025,0.0
45777.5,0.6694729638679665,1,0.344,66.996,,GIRTH_WELD,8,65.971000000005,0.0
45782.5,0.6759826761653143,1,0.344,66.996,,GIRTH_WELD,8,65.971000000005,0.0
45787.5,0.6759826761653143,1,0.344,66.996,,GIRTH_WELD,8,65.971000000005,0.0
45792.5,0.7717634364021864,1,0.344,67.744,12:44,METAL_LOSS,9,69.43300000000454,3.4619999999995343
45797.5,0.7782992290177577,1,0.344,67.744,12:44,METAL_LOSS,9,69.43300000000454,3.4619999999995343
45817.5,0.7950003768728855,1,0.344,76.548,,GIRTH_WELD,14,106.04400000000169,0.0
45822.5,0.8045431318880399,1,0.344,76.548,,GIRTH_WELD,14,106.04400000000169,0.0
45827.5,0.8045431318880399,1,0.344,76.548,,GIRTH_WELD,14,106.04400000000169,0.0
45832.5,0.8173561342203047,1,0.344,77.354,3:22,METAL_LOSS,14,109.27200000000448,3.228000000002794
45837.5,0.8130226791350951,1,0.344,79.288,3:27,METAL_LOSS,11,116.18500000000495,10.14100000000326
45842.5,0.7912324622639365,1,0.344,80.827,3:15,METAL_LOSS,9,121.68700000000536,10.064999999995052
45847.5,0.8161645953434149,1,0.344,82.486,3:21,METAL_LOSS,12,127.61500000000524,4.136999999995169
45852.5,0.7951350866267346,1,0.344,83.643,,GIRTH_WELD,13,131.7520000000004,0.0
45857.5,0.7980514708154547,1,0.344,83.892,6:44,METAL_LOSS,13,132.64100000000326,0.8890000000028522
45862.5,0.8049102324301397,1,0.344,83.892,6:44,METAL_LOSS,13,132.64100000000326,0.8890000000028522
45887.5,0.7823009209943805,1,0.344,95.481,,GIRTH_WELD,12,171.75900000000547,0.0
45892.5,0.7911485662438815,1,0.344,95.481,,GIRTH_WELD,12,171.75900000000547,0.0
45897.5,0.8056825500743261,1,0.344,96.231,8:22,METAL_LOSS,12,174.28199999999924,2.522999999993772
45902.5,0.8034647750680081,1,0.344,98.206,8:34,METAL_LOSS,11,180.51499999999942,8.755999999993946
45907.5,0.6783281608437206,1,0.344,99.609,8:38,METAL_LOSS,8,184.9409999999989,13.181999999993423
45912.5,0.6845855543718505,1,0.344,101.51,8:34,METAL_LOSS,8,190.94200000000274,19.182999999997264
45917.5,0.6785902310672205,1,0.344,103.181,5:29,METAL_LOSS,8,196.21399999999994,24.45499999999447
45922.5,0.6785902310672205,1,0.344,103.524,5:42,METAL_LOSS,8,197.29699999999866,25.53799999999319
45927.5,0.6893365993303565,1,0.344,103.524,5:42,METAL_LOSS,8,197.29699999999866,25.53799999999319
45937.5,0.5647962180819145,1,0.344,113.037,2:54,UNKNOWN,5,225.9780000000028,11.152000000001863
45942.5,0.5509435052574891,1,0.344,113.037,2:54,UNKNOWN,5,225.9780000000028,11.152000000001863
45947.5,0.5509435052574891,1,0.344,113.037,2:54,UNKNOWN,5,225.9780000000028,11.152000000001863
45952.5,0.5509435052574891,1,0.344,113.037,2:54,UNKNOWN,5,225.9780000000028,11.152000000001863
45957.5,0.41870429046090346,0,0.344,116.749,,GIRTH_WELD,3,237.13000000000466,0.0
45962.5,0.4078632277450873,0,0.344,116.749,,GIRTH_WELD,3,237.13000000000466,0.0
45967.5,0.4078632277450873,0,0.344,116.749,,GIRTH_WELD,3,237.13000000000466,0.0
45982.5,0.38417689446652253,0,0.344,126.51,,FIELD_BEND,0,267.27100000000064,10.133999999998196
45987.5,0.3728359430516078,0,0.344,126.51,,FIELD_BEND,0,267.27100000000064,10.133999999998196
45992.5,0.3728359430516078,0,0.344,126.51,,FIELD_BEND,0,267.27100000000064,10.133999999998196
45997.5,0.36621840522464766,0,0.344,129.784,,GIRTH_WELD,0,277.40499999999884,0.0
46002.5,0.36043075919761913,0,0.344,129.784,,GIRTH_WELD,0,277.40499999999884,0.0
46007.5,0.34480798198605145,0,0.344,129.784,,GIRTH_WELD,0,277.40499999999884,0.0
46012.5,0.29087626218403306,0,0.344,135.126,,GIRTH_WELD,0,295.77500000000146,0.0
46017.5,0.2849345204282179,0,0.344,135.126,,GIRTH_WELD,0,295.77500000000146,0.0
46022.5,0.2783797869810541,0,0.344,135.126,,GIRTH_WELD,0,295.77500000000146,0.0
46047.5,0.37626691385239447,0,0.344,145.923,,GIRTH_WELD,0,336.0529999999999,0.0
46052.5,0.3648750120617772,0,0.344,145.923,,GIRTH_WELD,0,336.0529999999999,0.0
46057.5,0.3632802740050036,0,0.344,145.923,,GIRTH_WELD,0,336.0529999999999,0.0
46062.5,0.3591252516707922,0,0.344,145.923,,GIRTH_WELD,0,336.0529999999999,0.0
46082.5,0.350577041301008,0,0.344,153.28,,GIRTH_WELD,3,367.8680000000022,0.0
46087.5,0.34485064295497203,0,0.344,153.28,,GIRTH_WELD,3,367.8680000000022,0.0
46092.5,0.34243244522968774,0,0.344,153.28,,GIRTH_WELD,3,367.8680000000022,0.0
46097.5,0.33980088757561516,0,0.344,153.28,,GIRTH_WELD,3,367.8680000000022,0.0
46122.5,0.6712947354619435,1,0.344,161.938,7:09,METAL_LOSS,7,407.00500000000466,39.137000000002445
46127.5,0.6851684125355884,1,0.344,161.938,7:09,METAL_LOSS,7,407.00500000000466,39.137000000002445
46132.5,0.6685368072347712,1,0.344,162.316,7:14,METAL_LOSS,7,408.71800000000076,39.616000000001804
46137.5,0.6832622027535608,1,0.344,162.316,7:14,METAL_LOSS,7,408.71800000000076,39.616000000001804
46142.5,0.8115930754743075,1,0.344,164.267,,FIELD_BEND,10,425.5809999999983,22.75300000000425
46147.5,0.8187099664146176,1,0.344,164.267,,FIELD_BEND,10,425.5809999999983,22.75300000000425
46152.5,0.8087519607155397,1,0.344,164.57,4:52,METAL_LOSS,11,428.54699999999866,19.7870000000039
46157.5,0.8211512197668236,1,0.344,164.57,4:52,METAL_LOSS,11,428.54699999999866,19.7870000000039
46162.5,0.7956998006091206,1,0.344,166.585,,GIRTH_WELD,15,448.33400000000256,0.0
46167.5,0.8085080485258307,1,0.344,166.585,,GIRTH_WELD,15,448.33400000000256,0.0
46172.5,0.8085080485258307,1,0.344,166.585,,GIRTH_WELD,15,448.33400000000256,0.0
46177.5,0.8085080485258307,1,0.344,166.585,,GIRTH_WELD,15,448.33400000000256,0.0
46182.5,0.7822456418064774,1,0.344,166.152,5:02,METAL_LOSS,11,466.4800000000032,18.14600000000064
46187.5,0.8211512197668236,1,0.344,166.152,5:02,METAL_LOSS,11,466.4800000000032,18.14600000000064
46192.5,0.7995285707143692,1,0.344,165.95,5:08,METAL_LOSS,11,471.07600000000093,22.74199999999837
46197.5,0.772841082812901,1,0.344,165.737,3:48,METAL_LOSS,9,475.92199999999866,27.5879999999961
46202.5,0.6727905014625971,1,0.344,165.522,5:13,METAL_LOSS,7,480.83000000000175,32.495999999999185
46207.5,0.665794119225208,1,0.344,165.295,5:16,METAL_LOSS,7,485.98099999999977,37.646999999997206
46212.5,0.6668508202778877,1,0.344,165.148,5:21,METAL_LOSS,7,489.32800000000134,39.40600000000268
46217.5,0.688167846379307,1,0.344,165.148,5:21,METAL_LOSS,7,489.32800000000134,39.40600000000268
46242.5,0.6485463167716538,1,0.344,161.0,,GIRTH_WELD,7,528.734000000004,0.0
46247.5,0.6637741268903735,1,0.344,161.0,,GIRTH_WELD,7,528.734000000004,0.0
46252.5,0.6637741268903735,1,0.344,161.0,,GIRTH_WELD,7,528.734000000004,0.0
46257.5,0.6637741268903735,1,0.344,161.0,,GIRTH_WELD,7,528.734000000004,0.0
46282.5,0.7936968710160559,1,0.344,156.597,,UNKNOWN,10,566.9619999999995,1.9750000000058208
46287.5,0.810745809000799,1,0.344,156.597,,UNKNOWN,10,566.9619999999995,1.9750000000058208
46292.5,0.7725729562027133,1,0.344,156.369,,GIRTH_WELD,10,568.9370000000054,0.0
46297.5,0.791998602765953,1,0.344,156.369,,GIRTH_WELD,10,568.9370000000054,0.0
46302.5,0.8205134938309675,1,0.344,154.982,7:49,METAL_LOSS,14,577.461000000003,15.511999999995169
46307.5,0.811597130719416,1,0.344,154.875,6:38,METAL_LOSS,14,576.2010000000009,16.771999999997206
46312.5,0.8165487482044869,1,0.344,154.426,6:26,METAL_LOSS,15,570.8729999999996,18.0679999999993
46317.5,0.8138939015039359,1,0.344,154.193,5:38,METAL_LOSS,16,568.1140000000014,15.309000000001106
46322.5,0.8500190279945237,1,0.344,154.193,5:38,METAL_LOSS,16,568.1140000000014,15.309000000001106
46327.5,0.795383894831923,1,0.344,152.901,,GIRTH_WELD,19,552.8050000000003,0.0
46332.5,0.8100246818961498,1,0.344,152.724,5:20,METAL_LOSS,19,550.7059999999983,2.099000000001979
46337.5,0.823277543988557,1,0.344,152.361,8:50,METAL_LOSS,17,542.8780000000042,9.926999999996042
46342.5,0.8159717234037039,1,0.344,152.205,4:34,METAL_LOSS,18,539.3770000000004,13.427999999999884
46347.5,0.8141439736307261,1,0.344,152.06,5:43,METAL_LOSS,18,536.109000000004,16.695999999996275
46352.5,0.8334478010391352,1,0.344,151.821,8:56,METAL_LOSS,19,530.7249999999985,22.080000000001746
46357.5,0.8311206076455864,1,0.344,151.595,4:17,METAL_LOSS,18,525.6169999999984,27.18800000000192
46362.5,0.8274255193264404,1,0.344,151.377,9:05,METAL_LOSS,20,520.6990000000005,32.10599999999977
46367.5,0.8256912496299794,1,0.344,151.074,,UNKNOWN,18,513.8680000000022,38.93699999999808
46372.5,0.8117791172059087,1,0.344,150.962,5:12,METAL_LOSS,18,511.3420000000042,39.08100000000559
46377.5,0.8281319682095837,1,0.344,150.646,,UNKNOWN,18,504.34100000000035,32.080000000001746
46382.5,0.8215567678526781,1,0.344,150.481,6:24,METAL_LOSS,16,500.69200000000274,28.431000000004133
46387.5,0.8247546240499791,1,0.344,150.256,05:00,METAL_LOSS,16,495.73800000000483,23.477000000006228
46392.5,0.8279002816016695,1,0.344,150.038,9:13,METAL_LOSS,15,490.9190000000017,18.658000000003085
46397.5,0.811464894861171,1,0.344,149.817,6:24,METAL_LOSS,13,486.02999999999884,13.769000000000233
46402.5,0.8131639552937798,1,0.344,149.574,6:25,METAL_LOSS,16,480.66999999999825,8.40899999999965
46407.5,0.8227140861026407,1,0.344,149.281,11:39,METAL_LOSS,15,474.20300000000134,1.9420000000027358
46412.5,0.7875096183216628,1,0.344,149.193,,GIRTH_WELD,15,472.2609999999986,0.0
46417.5,0.8158283992638686,1,0.344,149.193,,GIRTH_WELD,15,472.2609999999986,0.0
46442.5,0.803822978247374,1,0.344,147.462,8:01,METAL_LOSS,11,434.43300000000454,37.82799999999406
46447.5,0.8297996848160564,1,0.344,147.462,8:01,METAL_LOSS,11,434.43300000000454,37.82799999999406
46452.5,0.8030612925321944,1,0.344,147.318,9:26,METAL_LOSS,14,431.27999999999884,40.98099999999977
46457.5,0.8334420442750157,1,0.344,147.318,9:26,METAL_LOSS,14,431.27999999999884,40.98099999999977
46477.5,0.753143225055586,1,0.344,145.932,4:41,METAL_LOSS,15,397.33899999999994,74.92199999999866
46482.5,0.7820195438498401,1,0.344,145.932,4:41,METAL_LOSS,15,397.33899999999994,74.92199999999866
46487.5,0.7509704704658255,1,0.344,145.874,6:02,METAL_LOSS,15,395.9160000000047,76.34499999999389
46492.5,0.7620871530801749,1,0.344,145.646,8:48,METAL_LOSS,17,390.29899999999907,78.51399999999558
46497.5,0.7843258652458793,1,0.344,145.451,8:52,METAL_LOSS,15,382.56900000000314,70.78399999999965
46502.5,0.8110742772072211,1,0.344,145.451,8:52,METAL_LOSS,15,382.56900000000314,70.78399999999965
46507.5,0.8110742772072211,1,0.344,145.451,8:52,METAL_LOSS,15,382.56900000000314,70.78399999999965
46512.5,0.7923059537847,1,0.344,144.997,7:50,METAL_LOSS,17,363.5529999999999,51.76799999999639
46517.5,0.8191954518023793,1,0.344,144.997,7:50,METAL_LOSS,17,363.5529999999999,51.76799999999639
46522.5,0.7998914028335068,1,0.344,144.934,7:33,METAL_LOSS,17,360.9120000000039,49.12700000000041
46527.5,0.7980893615329395,1,0.344,144.758,,UNKNOWN,17,353.52100000000064,41.73599999999715
46532.5,0.8150309902871267,1,0.344,144.698,3:43,METAL_LOSS,17,351.01400000000285,39.22899999999936
46537.5,0.8462597937959028,1,0.344,144.692,5:57,METAL_LOSS,14,344.0679999999993,32.28299999999581
46542.5,0.8456760208684951,1,0.344,144.698,5:47,METAL_LOSS,14,343.0420000000013,31.256999999997788
46547.5,0.8188351835419482,1,0.344,144.767,1:09,METAL_LOSS,10,331.5679999999993,19.78299999999581
46552.5,0.8201011668851776,1,0.344,144.767,1:09,METAL_LOSS,10,331.5679999999993,19.78299999999581
46557.5,0.813954852711916,1,0.344,144.8,7:37,METAL_LOSS,10,325.96800000000076,14.182999999997264
46562.5,0.8159262431402915,1,0.344,144.8,7:37,METAL_LOSS,10,325.96800000000076,14.182999999997264
46567.5,0.7999106948258148,1,0.344,144.885,,GIRTH_WELD,12,311.7850000000035,0.0
46572.5,0.8059044258012388,1,0.344,144.885,,GIRTH_WELD,12,311.7850000000035,0.0
46577.5,0.8059044258012388,1,0.344,144.885,,GIRTH_WELD,12,311.7850000000035,0.0
46602.5,0.5212531586821365,1,0.344,145.979,8:04,METAL_LOSS,3,272.5659999999989,22.43499999999767
46607.5,0.5226906268352838,1,0.344,145.979,8:04,METAL_LOSS,3,272.5659999999989,22.43499999999767
46612.5,0.5157866114529126,1,0.344,146.032,7:56,METAL_LOSS,3,270.7450000000026,20.614000000001397
46617.5,0.511092878652338,1,0.344,146.032,7:56,METAL_LOSS,3,270.7450000000026,20.614000000001397
46627.5,0.4908431488741571,0,0.344,146.796,,GIRTH_WELD,3,250.13100000000122,0.0
46632.5,0.47823709229087974,0,0.344,146.796,,GIRTH_WELD,3,250.13100000000122,0.0
46637.5,0.47823709229087974,0,0.344,146.796,,GIRTH_WELD,3,250.13100000000122,0.0
46642.5,0.47823709229087974,0,0.344,146.796,,GIRTH_WELD,3,250.13100000000122,0.0
46667.5,0.37222242849838766,0,0.344,148.597,,GIRTH_WELD,1,209.95799999999872,0.0
46672.5,0.3618735518889615,0,0.344,148.597,,GIRTH_WELD,1,209.95799999999872,0.0
46677.5,0.3618735518889615,0,0.344,148.597,,GIRTH_WELD,1,209.95799999999872,0.0
46682.5,0.3618735518889615,0,0.344,148.597,,GIRTH_WELD,1,209.95799999999872,0.0
46697.5,0.3579480763661096,0,0.344,149.323,,GIRTH_WELD,3,180.52500000000146,0.0
46702.5,0.34614265603996275,0,0.344,149.323,,GIRTH_WELD,3,180.52500000000146,0.0
46707.5,0.34614265603996275,0,0.344,149.323,,GIRTH_WELD,3,180.52500000000146,0.0
46712.5,0.34614265603996275,0,0.344,149.323,,GIRTH_WELD,3,180.52500000000146,0.0
46717.5,0.23665012922129075,0,0.344,149.424,1:58,METAL_LOSS,3,160.29899999999907,19.980999999999767
46722.5,0.23083237989549513,0,0.344,149.424,1:58,METAL_LOSS,3,160.29899999999907,19.980999999999767
46727.5,0.26990850012773254,0,0.344,149.437,2:07,METAL_LOSS,3,154.94400000000314,14.626000000003842
46732.5,0.26635310783551663,0,0.344,149.437,2:07,METAL_LOSS,3,154.94400000000314,14.626000000003842
46737.5,0.35919781469560946,0,0.344,149.474,,GIRTH_WELD,3,140.3179999999993,0.0
46742.5,0.35201735698189746,0,0.344,149.474,,GIRTH_WELD,3,140.3179999999993,0.0
46747.5,0.35201735698189746,0,0.344,149.474,,GIRTH_WELD,3,140.3179999999993,0.0
46752.5,0.41544281642063985,0,0.344,148.836,,FIELD_BEND,3,125.5679999999993,6.932999999997264
46757.5,0.44105182861904374,0,0.344,148.836,,FIELD_BEND,3,125.5679999999993,6.932999999997264
46762.5,0.4124520044555282,0,0.344,148.471,,GIRTH_WELD,3,118.63500000000204,0.0
46767.5,0.44667904172520173,0,0.344,148.471,,GIRTH_WELD,3,118.63500000000204,0.0
46772.5,0.44667904172520173,0,0.344,148.471,,GIRTH_WELD,3,118.63500000000204,0.0
46782.5,0.4217939738096662,0,0.344,144.522,,FIELD_BEND,3,90.97499999999854,12.611999999993714
46787.5,0.44601143063939114,0,0.344,144.522,,FIELD_BEND,3,90.97499999999854,12.611999999993714
46792.5,0.4501664529736026,0,0.344,144.522,,FIELD_BEND,3,90.97499999999854,12.611999999993714
46797.5,0.45176119103037615,0,0.344,144.522,,FIELD_BEND,3,90.97499999999854,12.611999999993714
46802.5,0.5978865911536455,1,0.344,142.609,,GIRTH_WELD,7,78.36300000000483,0.0
46807.5,0.6197364462769808,1,0.344,142.609,,GIRTH_WELD,7,78.36300000000483,0.0
46812.5,0.6197364462769808,1,0.344,142.609,,GIRTH_WELD,7,78.36300000000483,0.0
46822.5,0.6345156790809633,1,0.344,137.773,5:17,METAL_LOSS,7,55.29899999999907,9.940999999998894
46827.5,0.6608361901573369,1,0.344,137.773,5:17,METAL_LOSS,7,55.29899999999907,9.940999999998894
46832.5,0.6608361901573369,1,0.344,137.773,5:17,METAL_LOSS,7,55.29899999999907,9.940999999998894
46837.5,0.5499281012572722,1,0.344,135.62,,GIRTH_WELD,7,45.358000000000175,0.0
46842.5,0.5544914718538982,1,0.344,134.6,11:54,METAL_LOSS,7,40.525000000001455,4.832999999998719
46847.5,0.6262654561992607,1,0.344,133.579,8:52,METAL_LOSS,7,35.544999999998254,9.81300000000192
46852.5,0.6509013774606243,1,0.344,133.579,8:52,METAL_LOSS,7,35.544999999998254,9.81300000000192
46857.5,0.6509013774606243,1,0.344,133.579,8:52,METAL_LOSS,7,35.544999999998254,9.81300000000192
46872.5,0.7238315602080216,1,0.5,127.352,,GIRTH_WELD,9,5.168000000005122,0.0
46877.5,0.7600695715565121,1,0.5,127.352,,GIRTH_WELD,9,5.168000000005122,0.0
46882.5,0.7457479733659343,1,0.5,127.066,,BEND,9,0.0,5.168000000005122
46887.5,0.6577854169280313,1,0.344,127.508,,GIRTH_WELD,8,5.2129999999961,0.0
46892.5,0.6576164126043094,1,0.344,127.508,,GIRTH_WELD,8,5.2129999999961,0.0
46897.5,0.6590594266318166,1,0.344,130.466,12:36,METAL_LOSS,8,15.328000000001339,10.115000000005239
46902.5,0.6577866231215381,1,0.344,131.766,12:42,METAL_LOSS,8,18.93699999999808,13.724000000001979
46907.5,0.665820055683805,1,0.344,133.56,10:56,METAL_LOSS,8,23.911000000000058,18.698000000003958
46912.5,0.6566433148714258,1,0.344,135.432,7:58,METAL_LOSS,8,29.10399999999936,16.28299999999581
46917.5,0.6595321661129963,1,0.344,136.764,,FIELD_BEND,8,32.79799999999523,12.588999999999942
46922.5,0.6636555135169995,1,0.344,141.301,,GIRTH_WELD,8,45.38699999999517,0.0
46927.5,0.6705204687390437,1,0.344,141.301,,GIRTH_WELD,8,45.38699999999517,0.0
46932.5,0.6709690262413491,1,0.344,141.301,,GIRTH_WELD,8,45.38699999999517,0.0
46937.5,0.7248162951588146,1,0.344,146.04,,GIRTH_WELD,10,61.74799999999959,0.0
46942.5,0.7323988924369974,1,0.344,146.04,,GIRTH_WELD,10,61.74799999999959,0.0
46947.5,0.7124727023936352,1,0.344,146.188,5:55,METAL_LOSS,10,62.28299999999581,0.5349999999962165
46952.5,0.7192959590124772,1,0.344,146.188,5:55,METAL_LOSS,10,62.28299999999581,0.5349999999962165
46972.5,0.503513524040778,1,0.344,154.475,,FIELD_BEND,5,96.11899999999878,5.760999999998603
46977.5,0.4954002860392493,0,0.344,154.475,,FIELD_BEND,5,96.11899999999878,5.760999999998603
46982.5,0.49553397954114525,0,0.344,155.874,,GIRTH_WELD,5,101.87999999999738,0.0
46987.5,0.48843858118288247,0,0.344,155.874,,GIRTH_WELD,5,101.87999999999738,0.0
46992.5,0.4874899265974898,0,0.344,155.874,,GIRTH_WELD,5,101.87999999999738,0.0
47002.5,0.39065623012788153,0,0.344,159.452,,FIELD_BEND,1,125.58000000000175,16.54899999999907
47007.5,0.38078055439089525,0,0.344,159.452,,FIELD_BEND,1,125.58000000000175,16.54899999999907
47012.5,0.38078055439089525,0,0.344,159.452,,FIELD_BEND,1,125.58000000000175,16.54899999999907
47017.5,0.3073155873466721,0,0.344,161.771,,GIRTH_WELD,1,142.12900000000081,0.0
47022.5,0.3117446039209974,0,0.344,161.771,,GIRTH_WELD,1,142.12900000000081,0.0
47027.5,0.3117446039209974,0,0.344,161.771,,GIRTH_WELD,1,142.12900000000081,0.0
47032.5,0.31387847138244296,0,0.344,161.771,,GIRTH_WELD,1,142.12900000000081,0.0
47042.5,0.2526359389150763,0,0.344,163.838,11:15,UNKNOWN,0,168.3660000000018,13.847999999998137
47047.5,0.2357086994652306,0,0.344,163.838,11:15,UNKNOWN,0,168.3660000000018,13.847999999998137
47052.5,0.2357086994652306,0,0.344,163.838,11:15,UNKNOWN,0,168.3660000000018,13.847999999998137
47057.5,0.2357086994652306,0,0.344,163.838,11:15,UNKNOWN,0,168.3660000000018,13.847999999998137
47062.5,0.21444415690058666,0,0.344,164.839,,GIRTH_WELD,0,182.21399999999994,0.0
47067.5,0.2024079267111035,0,0.344,164.839,,GIRTH_WELD,0,182.21399999999994,0.0
47072.5,0.2024079267111035,0,0.344,164.839,,GIRTH_WELD,0,182.21399999999994,0.0
47097.5,0.13262893990136881,0,0.344,166.867,,GIRTH_WELD,0,222.3819999999978,0.0
47102.5,0.137279614531716,0,0.344,166.867,,GIRTH_WELD,0,222.3819999999978,0.0
47107.5,0.137279614531716,0,0.344,166.867,,GIRTH_WELD,0,222.3819999999978,0.0
47112.5,0.137279614531716,0,0.344,166.867,,GIRTH_WELD,0,222.3819999999978,0.0
47137.5,0.13955267573770602,0,0.344,167.581,,GIRTH_WELD,0,201.63699999999517,0.0
47142.5,0.143158682435307,0,0.344,167.581,,GIRTH_WELD,0,201.63699999999517,0.0
47147.5,0.143158682435307,0,0.344,167.581,,GIRTH_WELD,0,201.63699999999517,0.0
47152.5,0.17898166238557114,0,0.344,167.571,,FIELD_BEND,0,195.82299999999668,5.813999999998487
47157.5,0.16957147164111067,0,0.344,167.571,,FIELD_BEND,0,195.82299999999668,5.813999999998487
47177.5,0.15440936731470456,0,0.344,167.067,,GIRTH_WELD,0,162.0699999999997,0.0
47182.5,0.19501558478449724,0,0.344,167.067,,GIRTH_WELD,0,162.0699999999997,0.0
47187.5,0.19501558478449724,0,0.344,167.067,,GIRTH_WELD,0,162.0699999999997,0.0
47192.5,0.19501558478449724,0,0.344,167.067,,GIRTH_WELD,0,162.0699999999997,0.0
47197.5,0.215007115222583,0,0.344,166.221,,FIELD_BEND,0,146.9649999999965,15.105000000003201
47202.5,0.23506363307601297,0,0.344,166.221,,FIELD_BEND,0,146.9649999999965,15.105000000003201
47207.5,0.23506363307601297,0,0.344,166.221,,FIELD_BEND,0,146.9649999999965,15.105000000003201
47217.5,0.24339128005921395,0,0.344,164.62,,GIRTH_WELD,0,122.00099999999657,0.0
47222.5,0.27479274024104017,0,0.344,164.62,,GIRTH_WELD,0,122.00099999999657,0.0
47227.5,0.2715617552036337,0,0.344,164.62,,GIRTH_WELD,0,122.00099999999657,0.0
47232.5,0.2831394134707702,0,0.344,162.697,,FIELD_BEND,0,111.65999999999622,10.34100000000035
47237.5,0.3050536431907882,0,0.344,162.697,,FIELD_BEND,0,111.65999999999622,10.34100000000035
47242.5,0.3050536431907882,0,0.344,162.697,,FIELD_BEND,0,111.65999999999622,10.34100000000035
47257.5,0.34889454313735635,0,0.344,155.93,,GIRTH_WELD,4,81.57099999999627,0.0
47262.5,0.3787965757307088,0,0.344,155.93,,GIRTH_WELD,4,81.57099999999627,0.0
47267.5,0.37628753983224883,0,0.344,155.93,,GIRTH_WELD,4,81.57099999999627,0.0
47272.5,0.37965439214292585,0,0.344,155.93,,GIRTH_WELD,4,81.57099999999627,0.0
47292.5,0.42827625336428937,0,0.344,145.723,,UNKNOWN,5,48.60199999999895,32.96899999999732
47297.5,0.4473990463915801,0,0.344,145.723,,UNKNOWN,5,48.60199999999895,32.96899999999732
47302.5,0.4234063252671396,0,0.344,144.757,,UNKNOWN,5,45.550999999999476,36.0199999999968
47307.5,0.4373214950611905,0,0.344,142.909,4:46,METAL_LOSS,5,39.71399999999994,32.39100000000326
47312.5,0.4260677984190518,0,0.344,141.493,1:46,METAL_LOSS,5,34.68199999999342,27.35899999999674
47317.5,0.4229870624623381,0,0.344,140.197,9:42,METAL_LOSS,5,29.976999999998952,22.65400000000227
47322.5,0.44829834205437746,0,0.344,138.048,,UNKNOWN,5,22.17199999999866,14.849000000001979
47327.5,0.46453634683234546,0,0.344,137.24,,UNKNOWN,6,19.23899999999412,11.915999999997439
47332.5,0.48675863997334834,0,0.344,137.086,,UNKNOWN,6,18.680999999996857,11.358000000000175
47337.5,0.5863408827131532,1,0.344,133.958,,GIRTH_WELD,7,7.322999999996682,0.0
47342.5,0.601704178742804,1,0.5,133.152,,GIRTH_WELD,7,4.211999999999534,0.0
47347.5,0.6533470653880852,1,0.5,132.694,,BEND,7,0.0,4.211999999999534
47352.5,0.5801004467386318,1,0.344,132.755,,GIRTH_WELD,5,4.292000000001281,0.0
47357.5,0.5729022481076865,1,0.344,132.755,,GIRTH_WELD,5,4.292000000001281,0.0
47362.5,0.5318571717217869,1,0.344,137.346,,FIELD_BEND,3,22.69100000000617,18.39900000000489
47367.5,0.5156631651408642,1,0.344,137.346,,FIELD_BEND,3,22.69100000000617,18.39900000000489
47372.5,0.5176065853241877,1,0.344,137.346,,FIELD_BEND,3,22.69100000000617,18.39900000000489
47377.5,0.5754289371541904,1,0.344,139.557,02:00,METAL_LOSS,5,30.40700000000652,14.084999999999127
47382.5,0.5985923417318978,1,0.344,140.596,4:38,METAL_LOSS,6,34.03200000000652,10.459999999999127
47387.5,0.6415584547424664,1,0.344,143.594,,GIRTH_WELD,7,44.492000000005646,0.0
47392.5,0.6476210425051744,1,0.344,143.594,,GIRTH_WELD,7,44.492000000005646,0.0
47397.5,0.6476210425051744,1,0.344,143.594,,GIRTH_WELD,7,44.492000000005646,0.0
47412.5,0.8040191533678391,1,0.344,151.988,2:19,METAL_LOSS,12,70.81700000000274,9.192999999999302
47417.5,0.8139679889487561,1,0.344,151.988,2:19,METAL_LOSS,12,70.81700000000274,9.192999999999302
47422.5,0.7902189432344392,1,0.344,152.919,6:28,METAL_LOSS,12,73.708000000006,6.301999999996042
47427.5,0.768449799654747,1,0.344,154.994,,GIRTH_WELD,12,80.01000000000204,0.0
47432.5,0.7865489099072653,1,0.344,155.317,7:12,METAL_LOSS,12,80.98500000000058,0.9749999999985448
47437.5,0.7978238033962687,1,0.344,158.527,6:57,METAL_LOSS,14,90.6140000000014,10.60399999999936
47442.5,0.804100732454947,1,0.344,161.183,5:46,METAL_LOSS,14,98.6160000000018,18.605999999999767
47447.5,0.8154862306312338,1,0.344,161.502,,UNKNOWN,14,99.58400000000256,19.574000000000524
47452.5,0.8164210464919234,1,0.344,162.629,,UNKNOWN,14,102.99200000000565,19.730999999999767
47457.5,0.8104167636345888,1,0.344,164.305,12:48,METAL_LOSS,14,108.36000000000058,14.363000000004831
47462.5,0.81948633734897,1,0.344,164.305,12:48,METAL_LOSS,14,108.36000000000058,14.363000000004831
47467.5,0.7795115347724678,1,0.344,168.715,,GIRTH_WELD,16,122.72300000000541,0.0
47472.5,0.7911934501754152,1,0.344,168.715,,GIRTH_WELD,16,122.72300000000541,0.0
47477.5,0.8041559926913878,1,0.344,170.646,11:48,METAL_LOSS,17,130.14100000000326,7.417999999997846
47482.5,0.8170052016892216,1,0.344,171.904,,FIELD_BEND,18,135.45300000000134,12.729999999995925
47487.5,0.814411103539122,1,0.344,172.174,,UNKNOWN,18,136.58800000000338,13.864999999997963
47492.5,0.8237931115237871,1,0.344,172.174,,UNKNOWN,18,136.58800000000338,13.864999999997963
47497.5,0.8080252552639371,1,0.344,177.743,,UNKNOWN,12,160.10200000000623,37.379000000000815
47502.5,0.8126920881339617,1,0.344,177.743,,UNKNOWN,12,160.10200000000623,37.379000000000815
47507.5,0.8126920881339617,1,0.344,177.743,,UNKNOWN,12,160.10200000000623,37.379000000000815
47512.5,0.8075345462672004,1,0.344,178.668,4:26,METAL_LOSS,12,164.00900000000547,39.17399999999907
47517.5,0.8202403194562112,1,0.344,179.751,,UNKNOWN,12,172.7890000000043,30.394000000000233
47522.5,0.8223792799289157,1,0.344,180.037,,UNKNOWN,12,175.66600000000471,27.516999999999825
47527.5,0.8136775861765814,1,0.344,180.421,5:56,METAL_LOSS,12,179.53399999999965,23.64900000000489
47532.5,0.8045704068790677,1,0.344,180.889,,FIELD_BEND,11,184.2390000000014,18.944000000003143
47537.5,0.8091761282342622,1,0.344,180.889,,FIELD_BEND,11,184.2390000000014,18.944000000003143
47542.5,0.7687920602016479,1,0.344,182.773,,GIRTH_WELD,12,203.18300000000454,0.0
47547.5,0.7810580814974466,1,0.344,182.773,,GIRTH_WELD,12,203.18300000000454,0.0
47552.5,0.7810580814974466,1,0.344,182.773,,GIRTH_WELD,12,203.18300000000454,0.0
47557.5,0.7683490420343284,1,0.344,183.038,,FIELD_BEND,9,211.24000000000524,8.057000000000698
47562.5,0.77543035483756,1,0.344,183.038,,FIELD_BEND,9,211.24000000000524,8.057000000000698
47567.5,0.77543035483756,1,0.344,183.038,,FIELD_BEND,9,211.24000000000524,8.057000000000698
47582.5,0.465733682480253,0,0.344,183.139,5:06,METAL_LOSS,3,242.39199999999983,39.208999999995285
47587.5,0.4651976456414145,0,0.344,183.139,5:06,METAL_LOSS,3,242.39199999999983,39.208999999995285
47592.5,0.465733682480253,0,0.344,183.145,5:21,METAL_LOSS,3,244.14400000000023,39.18300000000454
47597.5,0.4651976456414145,0,0.344,183.145,5:21,METAL_LOSS,3,244.14400000000023,39.18300000000454
47622.5,0.21187983116958084,0,0.344,182.925,,GIRTH_WELD,3,245.1800000000003,0.0
47627.5,0.23196869238442602,0,0.344,182.925,,GIRTH_WELD,3,245.1800000000003,0.0
47632.5,0.23196869238442602,0,0.344,182.925,,GIRTH_WELD,3,245.1800000000003,0.0
47637.5,0.23196869238442602,0,0.344,182.925,,GIRTH_WELD,3,245.1800000000003,0.0
47662.5,0.29551274969674085,0,0.344,182.338,,GIRTH_WELD,0,204.93700000000536,0.0
47667.5,0.32395031954362713,0,0.344,182.338,,GIRTH_WELD,0,204.93700000000536,0.0
47672.5,0.32395031954362713,0,0.344,182.338,,GIRTH_WELD,0,204.93700000000536,0.0
47677.5,0.32395031954362713,0,0.344,182.338,,GIRTH_WELD,0,204.93700000000536,0.0
47687.5,0.4490035928542849,0,0.344,182.184,,GIRTH_WELD,4,182.12600000000384,0.0
47692.5,0.4678854390355775,0,0.344,182.184,,GIRTH_WELD,4,182.12600000000384,0.0
47697.5,0.4678854390355775,0,0.344,182.184,,GIRTH_WELD,4,182.12600000000384,0.0
47702.5,0.4678854390355775,0,0.344,182.184,,GIRTH_WELD,4,182.12600000000384,0.0
47722.5,0.5852410952742415,1,0.344,181.702,4:24,METAL_LOSS,8,143.40499999999884,1.525999999998021
47727.5,0.5969124585865242,1,0.344,181.702,4:24,METAL_LOSS,8,143.40499999999884,1.525999999998021
47732.5,0.5933433779421917,1,0.344,181.701,5:41,METAL_LOSS,8,143.3159999999989,1.4369999999980791
47737.5,0.6319164092481914,1,0.344,181.682,,GIRTH_WELD,8,141.87900000000081,0.0
47742.5,0.6455936705373279,1,0.344,181.682,,GIRTH_WELD,8,141.87900000000081,0.0
47767.5,0.7447246336229294,1,0.344,180.412,,GIRTH_WELD,12,101.8859999999986,0.0
47772.5,0.7742421594748653,1,0.344,180.412,,GIRTH_WELD,12,101.8859999999986,0.0
47777.5,0.7736388194275389,1,0.344,180.258,2:37,METAL_LOSS,12,97.6339999999982,4.2520000000004075
47782.5,0.7976852305533323,1,0.344,180.258,2:37,METAL_LOSS,12,97.6339999999982,4.2520000000004075
47787.5,0.7873995969423975,1,0.344,179.654,2:52,METAL_LOSS,12,82.78500000000349,19.10099999999511
47792.5,0.8193457383846707,1,0.344,179.654,2:52,METAL_LOSS,12,82.78500000000349,19.10099999999511
47797.5,0.7873995969423975,1,0.344,179.611,2:52,METAL_LOSS,12,81.74500000000262,19.40299999999843
47802.5,0.8193457383846707,1,0.344,179.611,2:52,METAL_LOSS,12,81.74500000000262,19.40299999999843
47807.5,0.7505813288270186,1,0.344,178.821,,GIRTH_WELD,12,62.34200000000419,0.0
47812.5,0.7757343429105096,1,0.344,178.821,,GIRTH_WELD,12,62.34200000000419,0.0
47817.5,0.7757343429105096,1,0.344,178.821,,GIRTH_WELD,12,62.34200000000419,0.0
47822.5,0.7757343429105096,1,0.344,178.821,,GIRTH_WELD,12,62.34200000000419,0.0
47827.5,0.7603090775187726,1,0.344,177.679,,UNKNOWN,10,42.234000000004016,20.108000000000175
47832.5,0.7843435979769964,1,0.344,177.679,,UNKNOWN,10,42.234000000004016,20.108000000000175
47837.5,0.7599416446043243,1,0.344,177.431,,UNKNOWN,10,38.04400000000169,24.298000000002503
47842.5,0.7828683001439507,1,0.344,177.431,,UNKNOWN,10,38.04400000000169,24.298000000002503
47847.5,0.7828683001439507,1,0.344,177.431,,UNKNOWN,10,38.04400000000169,24.298000000002503
47862.5,0.7122272762185726,1,0.5,172.587,,GIRTH_WELD,9,3.963000000003376,0.0
47867.5,0.74231352305089,1,0.5,172.587,,GIRTH_WELD,9,3.963000000003376,0.0
47872.5,0.74231352305089,1,0.5,172.587,,GIRTH_WELD,9,3.963000000003376,0.0
47877.5,0.7335665770931,1,0.5,172.304,,BEND,9,0.0,3.963000000003376
47882.5,0.7077786770250484,1,0.344,172.599,04:00,METAL_LOSS,9,5.836999999999534,9.80000000000291
47887.5,0.5119690105388695,1,0.344,174.283,2:46,METAL_LOSS,4,13.239000000001397,17.202000000004773
47892.5,0.5082971852295531,1,0.344,174.718,5:10,METAL_LOSS,4,14.980999999999767,18.944000000003143
47897.5,0.4947606481295803,0,0.344,174.718,5:10,METAL_LOSS,4,14.980999999999767,18.944000000003143
47902.5,0.4138443921935783,0,0.344,178.707,,FIELD_BEND,4,33.93699999999808,20.40099999999802
47907.5,0.4023111846395825,0,0.344,178.707,,FIELD_BEND,4,33.93699999999808,20.40099999999802
47912.5,0.4023111846395825,0,0.344,178.707,,FIELD_BEND,4,33.93699999999808,20.40099999999802
47917.5,0.4023111846395825,0,0.344,178.707,,FIELD_BEND,4,33.93699999999808,20.40099999999802
47922.5,0.3239378486122366,0,0.344,182.924,,GIRTH_WELD,3,54.3379999999961,0.0
47927.5,0.32218848893067437,0,0.344,182.924,,GIRTH_WELD,3,54.3379999999961,0.0
47932.5,0.32218848893067437,0,0.344,182.924,,GIRTH_WELD,3,54.3379999999961,0.0
47937.5,0.3360801657936674,0,0.344,183.678,,FIELD_BEND,2,59.51499999999942,5.177000000003318
47942.5,0.3307042685401496,0,0.344,183.678,,FIELD_BEND,2,59.51499999999942,5.177000000003318
47962.5,0.44319026881720314,0,0.344,186.788,,GIRTH_WELD,0,94.54799999999523,0.0
47967.5,0.4331785965884783,0,0.344,186.788,,GIRTH_WELD,0,94.54799999999523,0.0
47972.5,0.4352106276329015,0,0.344,186.849,,AGM,0,95.23300000000017,0.6850000000049477
47977.5,0.4251989554041768,0,0.344,186.849,,AGM,0,95.23300000000017,0.6850000000049477
48002.5,0.2576519199166146,0,0.344,188.595,,GIRTH_WELD,2,134.53800000000047,0.0
48007.5,0.24970163588098557,0,0.344,188.595,,GIRTH_WELD,2,134.53800000000047,0.0
48012.5,0.24970163588098557,0,0.344,188.595,,GIRTH_WELD,2,134.53800000000047,0.0
48017.5,0.24970163588098557,0,0.344,188.595,,GIRTH_WELD,2,134.53800000000047,0.0
48032.5,0.35588499557074293,0,0.344,189.577,8:51,METAL_LOSS,6,165.9449999999997,8.799999999995634
48037.5,0.3489614195409697,0,0.344,189.577,8:51,METAL_LOSS,6,165.9449999999997,8.799999999995634
48042.5,0.3476932698378084,0,0.344,189.603,8:50,METAL_LOSS,6,166.78899999999703,7.955999999998312
48047.5,0.31793769099363417,0,0.344,189.844,,GIRTH_WELD,6,174.74499999999534,0.0
48052.5,0.31327765395391827,0,0.344,189.844,,GIRTH_WELD,6,174.74499999999534,0.0
48057.5,0.31327765395391827,0,0.344,189.844,,GIRTH_WELD,6,174.74499999999534,0.0
48062.5,0.3559398089400018,0,0.344,190.062,,FIELD_BEND,6,191.8309999999983,17.08600000000297
48067.5,0.3493479285723246,0,0.344,190.062,,FIELD_BEND,6,191.8309999999983,17.08600000000297
48072.5,0.3734711452009384,0,0.344,190.076,5:54,METAL_LOSS,6,193.21899999999732,18.47400000000198
48077.5,0.3672366889741731,0,0.344,190.076,5:54,METAL_LOSS,6,193.21899999999732,18.47400000000198
48082.5,0.32066332878011067,0,0.344,190.286,,GIRTH_WELD,6,214.75099999999657,0.0
48087.5,0.31868388956872856,0,0.344,190.286,,GIRTH_WELD,6,214.75099999999657,0.0
48092.5,0.31868388956872856,0,0.344,190.286,,GIRTH_WELD,6,214.75099999999657,0.0
48097.5,0.31868388956872856,0,0.344,190.286,,GIRTH_WELD,6,214.75099999999657,0.0
48122.5,0.22657015974902883,0,0.344,189.982,,GIRTH_WELD,0,254.93799999999464,0.0
48127.5,0.26390111328364374,0,0.344,189.982,,GIRTH_WELD,0,254.93799999999464,0.0
48132.5,0.26390111328364374,0,0.344,189.982,,GIRTH_WELD,0,254.93799999999464,0.0
48137.5,0.26390111328364374,0,0.344,189.982,,GIRTH_WELD,0,254.93799999999464,0.0
48162.5,0.15888169081325873,0,0.344,189.557,,GIRTH_WELD,0,294.9739999999947,0.0
48167.5,0.20472230377513462,0,0.344,189.557,,GIRTH_WELD,0,294.9739999999947,0.0
48172.5,0.20472230377513462,0,0.344,189.557,,GIRTH_WELD,0,294.9739999999947,0.0
48177.5,0.20472230377513462,0,0.344,189.557,,GIRTH_WELD,0,294.9739999999947,0.0
48182.5,0.20352943725275086,0,0.344,189.162,2:31,UNKNOWN,0,311.3029999999999,16.32900000000518
48187.5,0.2197472366693794,0,0.344,189.162,2:31,UNKNOWN,0,311.3029999999999,16.32900000000518
48192.5,0.2197472366693794,0,0.344,189.162,2:31,UNKNOWN,0,311.3029999999999,16.32900000000518
48202.5,0.20986702066803845,0,0.344,188.526,,GIRTH_WELD,0,335.15499999999884,0.0
48207.5,0.24377181494456412,0,0.344,188.526,,GIRTH_WELD,0,335.15499999999884,0.0
48212.5,0.24377181494456412,0,0.344,188.526,,GIRTH_WELD,0,335.15499999999884,0.0
48217.5,0.31761811889104896,0,0.344,188.142,,GIRTH_WELD,0,346.2079999999987,0.0
48222.5,0.33663523868207507,0,0.344,188.142,,GIRTH_WELD,0,346.2079999999987,0.0
48227.5,0.33663523868207507,0,0.344,188.142,,GIRTH_WELD,0,346.2079999999987,0.0
48232.5,0.3167217837677699,0,0.344,187.476,,GIRTH_WELD,0,362.1559999999954,0.0
48237.5,0.3330280409997475,0,0.344,187.476,,GIRTH_WELD,0,362.1559999999954,0.0
48242.5,0.33170467735244025,0,0.344,187.476,,GIRTH_WELD,0,362.1559999999954,0.0
48247.5,0.33170467735244025,0,0.344,187.476,,GIRTH_WELD,0,362.1559999999954,0.0
48272.5,0.44130349059845275,0,0.344,185.579,,GIRTH_WELD,7,402.11699999999837,0.0
48277.5,0.46820845245920045,0,0.344,185.579,,GIRTH_WELD,7,402.11699999999837,0.0
48282.5,0.46820845245920045,0,0.344,185.579,,GIRTH_WELD,7,402.11699999999837,0.0
48287.5,0.4388012886290273,0,0.344,184.901,,GIRTH_WELD,7,415.2299999999959,0.0
48292.5,0.4642607881203877,0,0.344,184.901,,GIRTH_WELD,7,415.2299999999959,0.0
48297.5,0.47181386185646396,0,0.344,184.501,12:11,METAL_LOSS,7,410.7479999999996,4.819999999999709
48302.5,0.4771426195590171,0,0.344,183.414,12:13,METAL_LOSS,7,401.375,14.192999999999302
48307.5,0.4762991136996421,0,0.344,183.307,,FIELD_BEND,7,400.4499999999971,15.118000000002212
48312.5,0.4937105577545944,0,0.344,182.642,12:17,METAL_LOSS,7,394.7149999999965,19.35399999999936
48317.5,0.4777002990642063,0,0.344,181.601,12:27,METAL_LOSS,7,385.73199999999633,10.370999999999185
48322.5,0.4992952717076381,0,0.344,181.601,12:27,METAL_LOSS,7,385.73199999999633,10.370999999999185
48327.5,0.4340121955217684,0,0.344,180.399,,GIRTH_WELD,7,375.36099999999715,0.0
48332.5,0.4596201824553088,0,0.344,180.399,,GIRTH_WELD,7,375.36099999999715,0.0
48337.5,0.4596201824553088,0,0.344,180.399,,GIRTH_WELD,7,375.36099999999715,0.0
48347.5,0.32567486939764045,0,0.344,175.419,,FIELD_BEND,2,350.0659999999989,14.902000000001863
48352.5,0.3297753727607624,0,0.344,175.419,,FIELD_BEND,2,350.0659999999989,14.902000000001863
48357.5,0.324511677789188,0,0.344,175.419,,FIELD_BEND,2,350.0659999999989,14.902000000001863
48362.5,0.324511677789188,0,0.344,175.419,,FIELD_BEND,2,350.0659999999989,14.902000000001863
48367.5,0.31138549025776624,0,0.344,172.354,,GIRTH_WELD,0,335.16399999999703,0.0
48372.5,0.33300166310250034,0,0.344,172.354,,GIRTH_WELD,0,335.16399999999703,0.0
48377.5,0.33225381667827975,0,0.344,172.354,,GIRTH_WELD,0,335.16399999999703,0.0
48382.5,0.318137337003884,0,0.344,167.966,,FIELD_BEND,0,321.2729999999938,13.89100000000326
48387.5,0.3337670202276196,0,0.344,167.966,,FIELD_BEND,0,321.2729999999938,13.89100000000326
48392.5,0.3337670202276196,0,0.344,167.966,,FIELD_BEND,0,321.2729999999938,13.89100000000326
48402.5,0.2144820612629195,0,0.344,159.057,,GIRTH_WELD,0,295.0659999999989,0.0
48407.5,0.2477601407830098,0,0.344,159.057,,GIRTH_WELD,0,295.0659999999989,0.0
48412.5,0.25563240907429047,0,0.344,159.057,,GIRTH_WELD,0,295.0659999999989,0.0
48417.5,0.2524072358077748,0,0.344,159.057,,GIRTH_WELD,0,295.0659999999989,0.0
48442.5,0.18650899420412784,0,0.344,145.2,,GIRTH_WELD,0,254.7739999999976,0.0
48447.5,0.20939364468002697,0,0.344,145.2,,GIRTH_WELD,0,254.7739999999976,0.0
48452.5,0.20947682759724454,0,0.344,145.2,,GIRTH_WELD,0,254.7739999999976,0.0
48457.5,0.20947682759724454,0,0.344,145.2,,GIRTH_WELD,0,254.7739999999976,0.0
48462.5,0.1993020703619775,0,0.344,138.703,,FIELD_BEND,0,234.18699999999808,19.49199999999837
48467.5,0.19697305605830107,0,0.344,138.703,,FIELD_BEND,0,234.18699999999808,19.49199999999837
48472.5,0.19509009098078245,0,0.344,138.703,,FIELD_BEND,0,234.18699999999808,19.49199999999837
48477.5,0.19687147793618334,0,0.344,138.703,,FIELD_BEND,0,234.18699999999808,19.49199999999837
48482.5,0.21333517957358097,0,0.344,132.629,,GIRTH_WELD,0,214.6949999999997,0.0
48487.5,0.24324807359316186,0,0.344,132.629,,GIRTH_WELD,0,214.6949999999997,0.0
48492.5,0.25078471147303694,0,0.344,132.629,,GIRTH_WELD,0,214.6949999999997,0.0
48497.5,0.26527636760205675,0,0.344,132.629,,GIRTH_WELD,0,214.6949999999997,0.0
48512.5,0.2700853327837851,0,0.344,124.84,,FIELD_BEND,0,187.13899999999558,12.689999999995052
48517.5,0.27535516499783325,0,0.344,124.84,,FIELD_BEND,0,187.13899999999558,12.689999999995052
48522.5,0.27535516499783325,0,0.344,124.84,,FIELD_BEND,0,187.13899999999558,12.689999999995052
48527.5,0.2921066595919599,0,0.344,121.289,,GIRTH_WELD,0,174.44900000000052,0.0
48532.5,0.34225547485890095,0,0.344,121.289,,GIRTH_WELD,0,174.44900000000052,0.0
48537.5,0.34225547485890095,0,0.344,121.289,,GIRTH_WELD,0,174.44900000000052,0.0
48562.5,0.3705767156049727,0,0.344,113.631,,GIRTH_WELD,2,134.26499999999942,0.0
48567.5,0.4114115196277632,0,0.344,113.631,,GIRTH_WELD,2,134.26499999999942,0.0
48572.5,0.4114115196277632,0,0.344,113.631,,GIRTH_WELD,2,134.26499999999942,0.0
48577.5,0.4329730249258561,0,0.344,112.825,,FIELD_BEND,4,124.30099999999948,9.963999999999942
48582.5,0.4581168680219262,0,0.344,112.825,,FIELD_BEND,4,124.30099999999948,9.963999999999942
48587.5,0.4581168680219262,0,0.344,112.825,,FIELD_BEND,4,124.30099999999948,9.963999999999942
48607.5,0.46551173011811287,0,0.344,111.425,,GIRTH_WELD,7,93.96999999999389,0.0
48612.5,0.4953453620613116,0,0.344,111.425,,GIRTH_WELD,7,93.96999999999389,0.0
48617.5,0.4616650161448341,0,0.344,111.415,7:48,METAL_LOSS,7,93.75,0.2199999999938882
48622.5,0.5619524894439017,1,0.344,111.197,7:26,METAL_LOSS,7,82.44799999999668,11.521999999997206
48627.5,0.6032660288718261,1,0.344,111.197,7:26,METAL_LOSS,7,82.44799999999668,11.521999999997206
48632.5,0.5726841252829601,1,0.344,111.016,7:25,METAL_LOSS,7,67.9629999999961,13.966999999996915
48637.5,0.6019248725638132,1,0.344,111.016,7:25,METAL_LOSS,7,67.9629999999961,13.966999999996915
48642.5,0.6019248725638132,1,0.344,111.016,7:25,METAL_LOSS,7,67.9629999999961,13.966999999996915
48647.5,0.5693210547940617,1,0.344,110.841,,GIRTH_WELD,7,53.995999999999185,0.0
48652.5,0.5944081443710596,1,0.344,110.841,,GIRTH_WELD,7,53.995999999999185,0.0
48657.5,0.5944081443710596,1,0.344,110.841,,GIRTH_WELD,7,53.995999999999185,0.0
48662.5,0.5944081443710596,1,0.344,110.841,,GIRTH_WELD,7,53.995999999999185,0.0
48687.5,0.49692800591303565,0,0.344,110.435,,GIRTH_WELD,2,13.79599999999482,0.0
48692.5,0.5242403334319785,1,0.344,110.435,,GIRTH_WELD,2,13.79599999999482,0.0
48697.5,0.5405275071301685,1,0.5,110.493,,GIRTH_WELD,2,5.682999999997264,0.0
48702.5,0.5289101350975154,1,0.5,110.493,,GIRTH_WELD,2,5.682999999997264,0.0
48707.5,0.5184684268546778,1,0.5,109.563,,BEND,2,0.0,5.682999999997264
48712.5,0.5172243933159507,1,0.344,107.736,,GIRTH_WELD,2,6.030000000006112,0.0
48717.5,0.5164511385343968,1,0.344,106.256,1:04,METAL_LOSS,2,9.301000000006752,3.5759999999936554
48722.5,0.531851915934646,1,0.5,103.691,,GIRTH_WELD,3,5.485000000000582,0.0
48727.5,0.4944668997114324,0,0.5,101.114,,BEND,4,0.0,5.485000000000582
48732.5,0.5072534988041972,1,0.344,99.347,,GIRTH_WELD,5,5.888999999995576,0.0
48737.5,0.5373656740050354,1,0.344,99.347,,GIRTH_WELD,5,5.888999999995576,0.0
48752.5,0.6164034174669436,1,0.5,99.245,,GIRTH_WELD,9,5.642999999996391,0.0
48757.5,0.634927788215404,1,0.5,99.245,,GIRTH_WELD,9,5.642999999996391,0.0
48762.5,0.5594442477512588,1,0.5,100.377,,BEND,8,0.0,5.642999999996391
48767.5,0.5958549510439967,1,0.344,102.355,,GIRTH_WELD,7,5.843000000000757,0.0
48772.5,0.5425047181299734,1,0.344,104.563,1:06,METAL_LOSS,6,9.689000000005763,4.379999999997381
48777.5,0.5510450092862756,1,0.344,106.834,12:55,METAL_LOSS,6,6.556000000004133,7.5129999999990105
48782.5,0.5620170790748333,1,0.5,110.862,,BEND,6,0.0,4.880999999993946
48787.5,0.5613196619139228,1,0.344,112.874,,GIRTH_WELD,6,4.880999999993946,0.0
48792.5,0.5457506577565444,1,0.344,112.874,,GIRTH_WELD,6,4.880999999993946,0.0
48797.5,0.5513238105409494,1,0.344,116.49,2:02,METAL_LOSS,6,19.42199999999866,14.541000000004715
48802.5,0.5382114671992437,1,0.344,116.49,2:02,METAL_LOSS,6,19.42199999999866,14.541000000004715
48807.5,0.5641557878999016,1,0.344,117.29,1:55,METAL_LOSS,6,22.948999999993248,18.0679999999993
48812.5,0.5510434445581961,1,0.344,117.29,1:55,METAL_LOSS,6,22.948999999993248,18.0679999999993
48817.5,0.5648229745673433,1,0.344,121.194,,FIELD_BEND,8,37.57799999999406,22.26100000000588
48822.5,0.5652855129139814,1,0.344,121.194,,FIELD_BEND,8,37.57799999999406,22.26100000000588
48827.5,0.5652855129139814,1,0.344,121.194,,FIELD_BEND,8,37.57799999999406,22.26100000000588
48837.5,0.5877640958428132,1,0.344,127.134,,GIRTH_WELD,6,59.83899999999994,0.0
48842.5,0.5716014480528339,1,0.344,127.134,,GIRTH_WELD,6,59.83899999999994,0.0
48847.5,0.5716014480528339,1,0.344,127.134,,GIRTH_WELD,6,59.83899999999994,0.0
48852.5,0.5661360393091579,1,0.344,127.134,,GIRTH_WELD,6,59.83899999999994,0.0
48862.5,0.5315422563934636,1,0.344,138.407,2:35,METAL_LOSS,2,85.82999999999447,14.300999999999476
48867.5,0.5149263713744751,1,0.344,138.407,2:35,METAL_LOSS,2,85.82999999999447,14.300999999999476
48872.5,0.5135924248342169,1,0.344,138.407,2:35,METAL_LOSS,2,85.82999999999447,14.300999999999476
48877.5,0.5194410017253727,1,0.344,144.865,,GIRTH_WELD,2,100.13099999999395,0.0
48882.5,0.5152738641073277,1,0.344,144.865,,GIRTH_WELD,2,100.13099999999395,0.0
48887.5,0.5111188417731163,1,0.344,144.865,,GIRTH_WELD,2,100.13099999999395,0.0
48892.5,0.5110425214229576,1,0.344,144.865,,GIRTH_WELD,2,100.13099999999395,0.0
48917.5,0.5629749139207767,1,0.344,164.447,,GIRTH_WELD,8,65.17699999999604,0.0
48922.5,0.5734817392676791,1,0.344,164.447,,GIRTH_WELD,8,65.17699999999604,0.0
48927.5,0.5734817392676791,1,0.344,164.447,,GIRTH_WELD,8,65.17699999999604,0.0
48932.5,0.5833641940926,1,0.344,172.524,9:04,METAL_LOSS,8,50.58999999999651,14.586999999999534
48937.5,0.5882336146057473,1,0.344,172.524,9:04,METAL_LOSS,8,50.58999999999651,14.586999999999534
48942.5,0.5844199009983759,1,0.344,173.098,9:08,METAL_LOSS,8,49.57600000000093,15.60099999999511
48947.5,0.5911201634968435,1,0.344,173.098,9:08,METAL_LOSS,8,49.57600000000093,15.60099999999511
48952.5,0.642959368207705,1,0.344,185.795,9:10,METAL_LOSS,8,27.17199999999866,2.099999999998545
48957.5,0.6516711513130761,1,0.344,185.795,9:10,METAL_LOSS,8,27.17199999999866,2.099999999998545
48962.5,0.6528844963525845,1,0.344,185.795,9:10,METAL_LOSS,8,27.17199999999866,2.099999999998545
48967.5,0.6282349150551468,1,0.344,186.984,,GIRTH_WELD,8,25.072000000000116,0.0
48972.5,0.6381792207497905,1,0.344,186.984,,GIRTH_WELD,8,25.072000000000116,0.0
48977.5,0.5820020943068753,1,0.5,198.634,,GIRTH_WELD,8,5.133999999998196,0.0
48982.5,0.5870951638044334,1,0.5,198.634,,GIRTH_WELD,8,5.133999999998196,0.0
48987.5,0.5248227379621662,1,0.5,200.876,,BEND,6,0.0,5.1120000000009895
48992.5,0.4766469057368055,0,0.344,202.378,,GIRTH_WELD,4,5.1120000000009895,0.0
48997.5,0.47494415114650707,0,0.344,202.378,,GIRTH_WELD,4,5.1120000000009895,0.0
49002.5,0.4758343093096053,0,0.344,202.378,,GIRTH_WELD,4,5.1120000000009895,0.0
49007.5,0.5022898417900923,1,0.344,203.913,,FIELD_BEND,4,23.07800000000134,11.11200000000099
49012.5,0.5007610472448611,1,0.344,203.913,,FIELD_BEND,4,23.07800000000134,11.11200000000099
49017.5,0.5007610472448611,1,0.344,203.913,,FIELD_BEND,4,23.07800000000134,11.11200000000099
49022.5,0.44273645577153575,0,0.344,204.49,,GIRTH_WELD,2,34.19000000000233,0.0
49027.5,0.4458940256845221,0,0.344,204.49,,GIRTH_WELD,2,34.19000000000233,0.0
49032.5,0.44748876374129565,0,0.344,204.49,,GIRTH_WELD,2,34.19000000000233,0.0
49042.5,0.3483835387956621,0,0.344,206.183,4:30,DENT,2,58.93699999999808,15.246000000006461
49047.5,0.3417966177869627,0,0.344,206.183,4:30,DENT,2,58.93699999999808,15.246000000006461
49052.5,0.3417966177869627,0,0.344,206.183,4:30,DENT,2,58.93699999999808,15.246000000006461
49057.5,0.25982593209277255,0,0.344,207.254,,GIRTH_WELD,2,74.18300000000454,0.0
49062.5,0.26392580419303974,0,0.344,207.254,,GIRTH_WELD,2,74.18300000000454,0.0
49067.5,0.26518952035982835,0,0.344,207.254,,GIRTH_WELD,2,74.18300000000454,0.0
49072.5,0.26518952035982835,0,0.344,207.254,,GIRTH_WELD,2,74.18300000000454,0.0
49097.5,0.17577775331983309,0,0.344,209.165,,GIRTH_WELD,0,114.38700000000244,0.0
49102.5,0.17711215264494945,0,0.344,209.165,,GIRTH_WELD,0,114.38700000000244,0.0
49107.5,0.17711215264494945,0,0.344,209.165,,GIRTH_WELD,0,114.38700000000244,0.0
49112.5,0.17711215264494945,0,0.344,209.165,,GIRTH_WELD,0,114.38700000000244,0.0
49137.5,0.1593903374448091,0,0.344,209.486,,GIRTH_WELD,0,154.4230000000025,0.0
49142.5,0.17001508847704097,0,0.344,209.486,,GIRTH_WELD,0,154.4230000000025,0.0
49147.5,0.17001508847704097,0,0.344,209.486,,GIRTH_WELD,0,154.4230000000025,0.0
49152.5,0.17001508847704097,0,0.344,209.486,,GIRTH_WELD,0,154.4230000000025,0.0
49177.5,0.19403799881551576,0,0.344,209.378,,GIRTH_WELD,0,194.61000000000058,0.0
49182.5,0.2043295516812519,0,0.344,209.378,,GIRTH_WELD,0,194.61000000000058,0.0
49187.5,0.2043295516812519,0,0.344,209.378,,GIRTH_WELD,0,194.61000000000058,0.0
49192.5,0.2043295516812519,0,0.344,209.378,,GIRTH_WELD,0,194.61000000000058,0.0
49217.5,0.25122972028935747,0,0.344,209.52,,GIRTH_WELD,0,234.58000000000175,0.0
49222.5,0.25880586134978745,0,0.344,209.52,,GIRTH_WELD,0,234.58000000000175,0.0
49227.5,0.25880586134978745,0,0.344,209.52,,GIRTH_WELD,0,234.58000000000175,0.0
49232.5,0.25880586134978745,0,0.344,209.52,,GIRTH_WELD,0,234.58000000000175,0.0
49257.5,0.338001343583864,0,0.344,210.327,,GIRTH_WELD,3,274.79699999999866,0.0
49262.5,0.33902771524298997,0,0.344,210.327,,GIRTH_WELD,3,274.79699999999866,0.0
49267.5,0.33902771524298997,0,0.344,210.327,,GIRTH_WELD,3,274.79699999999866,0.0
49272.5,0.33902771524298997,0,0.344,210.327,,GIRTH_WELD,3,274.79699999999866,0.0
49282.5,0.5556977015381692,1,0.344,211.024,5:45,UNKNOWN,8,298.2190000000046,16.570999999996275
49287.5,0.5617048858524164,1,0.344,211.024,5:45,UNKNOWN,8,298.2190000000046,16.570999999996275
49292.5,0.5617048858524164,1,0.344,211.024,5:45,UNKNOWN,8,298.2190000000046,16.570999999996275
49297.5,0.483690998198373,0,0.344,211.533,,GIRTH_WELD,8,314.7900000000009,0.0
49302.5,0.49285639612496124,0,0.344,211.533,,GIRTH_WELD,8,314.7900000000009,0.0
49307.5,0.5139542948169555,1,0.344,211.622,7:40,METAL_LOSS,8,317.93300000000454,3.143000000003667
49312.5,0.531398264102159,1,0.344,211.705,7:43,METAL_LOSS,8,322.5430000000051,7.753000000004249
49317.5,0.5310738531931182,1,0.344,211.783,7:58,METAL_LOSS,8,326.9029999999984,5.637000000002445
49322.5,0.49084487774259167,0,0.344,211.885,,GIRTH_WELD,8,332.5400000000009,0.0
49327.5,0.5280762343463767,1,0.344,212.082,12:07,METAL_LOSS,8,341.1450000000041,8.605000000003201
49332.5,0.5326022302498036,1,0.344,212.082,12:07,METAL_LOSS,8,341.1450000000041,8.605000000003201
49337.5,0.5357511617932398,1,0.344,212.254,12:24,METAL_LOSS,8,348.03800000000047,15.497999999999593
49342.5,0.5404365990759579,1,0.344,212.254,12:24,METAL_LOSS,8,348.03800000000047,15.497999999999593
49352.5,0.3975017396149425,0,0.344,212.868,,GIRTH_WELD,4,372.68100000000413,0.0
49357.5,0.3979008089444982,0,0.344,212.868,,GIRTH_WELD,4,372.68100000000413,0.0
49362.5,0.3979008089444982,0,0.344,212.868,,GIRTH_WELD,4,372.68100000000413,0.0
49367.5,0.3979008089444982,0,0.344,212.868,,GIRTH_WELD,4,372.68100000000413,0.0
49392.5,0.35258279086748173,0,0.344,213.408,,GIRTH_WELD,0,412.82500000000437,0.0
49397.5,0.3483289645268357,0,0.344,213.408,,GIRTH_WELD,0,412.82500000000437,0.0
49402.5,0.3483289645268357,0,0.344,213.408,,GIRTH_WELD,0,412.82500000000437,0.0
49407.5,0.3483289645268357,0,0.344,213.408,,GIRTH_WELD,0,412.82500000000437,0.0
49432.5,0.16633157453551853,0,0.344,212.662,,GIRTH_WELD,0,452.8050000000003,0.0
49437.5,0.21394281818328603,0,0.344,212.662,,GIRTH_WELD,0,452.8050000000003,0.0
49442.5,0.21580461647043805,0,0.344,212.662,,GIRTH_WELD,0,452.8050000000003,0.0
49447.5,0.1965179042281351,0,0.344,212.5,10:45,UNKNOWN,0,458.03199999999924,5.226999999998952
49452.5,0.21567165974375918,0,0.344,212.275,10:49,UNKNOWN,0,463.63500000000204,10.830000000001746
49457.5,0.1931988026324555,0,0.344,212.082,10:49,UNKNOWN,0,468.4290000000037,15.624000000003434
49462.5,0.22166297230883145,0,0.344,212.082,10:49,UNKNOWN,0,468.4290000000037,15.624000000003434
49467.5,0.1542212079952766,0,0.344,211.338,10:52,UNKNOWN,0,486.9290000000037,6.161999999996624
49472.5,0.17472327098770268,0,0.344,211.338,10:52,UNKNOWN,0,486.9290000000037,6.161999999996624
49477.5,0.17472327098770268,0,0.344,211.338,10:52,UNKNOWN,0,486.9290000000037,6.161999999996624
49482.5,0.13009878803964592,0,0.344,211.09,,GIRTH_WELD,0,493.09100000000035,0.0
49487.5,0.15517686935259536,0,0.344,211.09,,GIRTH_WELD,0,493.09100000000035,0.0
49497.5,0.16558944687647112,0,0.344,209.999,4:55,UNKNOWN,0,517.599000000002,15.256000000001222
49502.5,0.1872737413442165,0,0.344,209.999,4:55,UNKNOWN,0,517.599000000002,15.256000000001222
49507.5,0.1872737413442165,0,0.344,209.999,4:55,UNKNOWN,0,517.599000000002,15.256000000001222
49512.5,0.1872737413442165,0,0.344,209.999,4:55,UNKNOWN,0,517.599000000002,15.256000000001222
49517.5,0.1342971297425689,0,0.344,209.312,,GIRTH_WELD,0,532.8550000000032,0.0
49522.5,0.15553809642651217,0,0.344,209.312,,GIRTH_WELD,0,532.8550000000032,0.0
49527.5,0.15553809642651217,0,0.344,209.312,,GIRTH_WELD,0,532.8550000000032,0.0
49552.5,0.1342347630596991,0,0.344,207.483,,GIRTH_WELD,0,573.1660000000047,0.0
49557.5,0.15306300333051026,0,0.344,207.483,,GIRTH_WELD,0,573.1660000000047,0.0
49562.5,0.15306300333051026,0,0.344,207.483,,GIRTH_WELD,0,573.1660000000047,0.0
49567.5,0.15306300333051026,0,0.344,207.483,,GIRTH_WELD,0,573.1660000000047,0.0
49592.5,0.1299723050848115,0,0.344,205.645,,GIRTH_WELD,0,613.1790000000037,0.0
49597.5,0.14947145021031263,0,0.344,205.645,,GIRTH_WELD,0,613.1790000000037,0.0
49602.5,0.14947145021031263,0,0.344,205.645,,GIRTH_WELD,0,613.1790000000037,0.0
49607.5,0.14798140297847467,0,0.344,205.645,,GIRTH_WELD,0,613.1790000000037,0.0
49632.5,0.1287161765405489,0,0.344,203.571,,GIRTH_WELD,0,653.1560000000027,0.0
49637.5,0.16619230806827853,0,0.344,203.571,,GIRTH_WELD,0,653.1560000000027,0.0
49642.5,0.16717147768709673,0,0.344,203.571,,GIRTH_WELD,0,653.1560000000027,0.0
49647.5,0.16717147768709673,0,0.344,203.571,,GIRTH_WELD,0,653.1560000000027,0.0
49652.5,0.17756119789996472,0,0.344,202.82,,FIELD_BEND,0,671.099000000002,17.9429999999993
49657.5,0.20591743737677415,0,0.344,202.82,,FIELD_BEND,0,671.099000000002,17.9429999999993
49662.5,0.20591743737677415,0,0.344,202.82,,FIELD_BEND,0,671.099000000002,17.9429999999993
49667.5,0.20591743737677415,0,0.344,202.82,,FIELD_BEND,0,671.099000000002,17.9429999999993
49677.5,0.1339075181272687,0,0.344,201.93,,GIRTH_WELD,0,686.1809999999969,0.0
49682.5,0.1717361735812149,0,0.344,201.93,,GIRTH_WELD,0,686.1809999999969,0.0
49687.5,0.1717361735812149,0,0.344,201.93,,GIRTH_WELD,0,686.1809999999969,0.0
49692.5,0.1717361735812149,0,0.344,201.93,,GIRTH_WELD,0,686.1809999999969,0.0
49717.5,0.12250444789866005,0,0.344,201.174,,GIRTH_WELD,0,646.0009999999966,0.0
49722.5,0.16739061194364319,0,0.344,201.174,,GIRTH_WELD,0,646.0009999999966,0.0
49727.5,0.16739061194364319,0,0.344,201.174,,GIRTH_WELD,0,646.0009999999966,0.0
49732.5,0.16739061194364319,0,0.344,201.174,,GIRTH_WELD,0,646.0009999999966,0.0
49752.5,0.14069513868380684,0,0.344,201.635,,GIRTH_WELD,0,607.1719999999987,0.0
49757.5,0.1540384947134639,0,0.344,201.635,,GIRTH_WELD,0,607.1719999999987,0.0
49762.5,0.15828124667146548,0,0.344,201.65,12:54,UNKNOWN,0,606.1449999999968,1.0270000000018626
49767.5,0.15871207128316622,0,0.344,201.65,12:54,UNKNOWN,0,606.1449999999968,1.0270000000018626
49772.5,0.15871207128316622,0,0.344,201.65,12:54,UNKNOWN,0,606.1449999999968,1.0270000000018626
49792.5,0.1471467911604064,0,0.344,202.552,,GIRTH_WELD,0,566.9320000000007,0.0
49797.5,0.15482931810563205,0,0.344,202.552,,GIRTH_WELD,0,566.9320000000007,0.0
49802.5,0.15482931810563205,0,0.344,202.552,,GIRTH_WELD,0,566.9320000000007,0.0
49807.5,0.17945542060344902,0,0.344,202.688,11:14,UNKNOWN,0,561.3320000000022,5.599999999998545
49812.5,0.18665725421895898,0,0.344,202.925,11:26,UNKNOWN,0,551.9519999999975,14.980000000003201
49817.5,0.1861905800044169,0,0.344,202.925,11:26,UNKNOWN,0,551.9519999999975,14.980000000003201
49822.5,0.1861905800044169,0,0.344,202.925,11:26,UNKNOWN,0,551.9519999999975,14.980000000003201
49832.5,0.14627942065304078,0,0.344,203.557,,GIRTH_WELD,0,526.9059999999954,0.0
49837.5,0.1530431517836771,0,0.344,203.557,,GIRTH_WELD,0,526.9059999999954,0.0
49842.5,0.1530431517836771,0,0.344,203.557,,GIRTH_WELD,0,526.9059999999954,0.0
49847.5,0.1530431517836771,0,0.344,203.557,,GIRTH_WELD,0,526.9059999999954,0.0
49872.5,0.1686100471863171,0,0.344,204.877,,GIRTH_WELD,0,486.6929999999993,0.0
49877.5,0.17257868558423048,0,0.344,204.877,,GIRTH_WELD,0,486.6929999999993,0.0
49882.5,0.17257868558423048,0,0.344,204.877,,GIRTH_WELD,0,486.6929999999993,0.0
49887.5,0.17257868558423048,0,0.344,204.877,,GIRTH_WELD,0,486.6929999999993,0.0
49892.5,0.21254341342102548,0,0.344,205.078,,FIELD_BEND,0,471.76200000000244,14.930999999996857
49897.5,0.2049300183569138,0,0.344,205.078,,FIELD_BEND,0,471.76200000000244,14.930999999996857
49902.5,0.2049300183569138,0,0.344,205.078,,FIELD_BEND,0,471.76200000000244,14.930999999996857
49912.5,0.20092158308600477,0,0.344,205.316,,GIRTH_WELD,2,446.6929999999993,0.0
49917.5,0.20406628804871246,0,0.344,205.316,,GIRTH_WELD,2,446.6929999999993,0.0
49922.5,0.20406628804871246,0,0.344,205.316,,GIRTH_WELD,2,446.6929999999993,0.0
49927.5,0.20406628804871246,0,0.344,205.316,,GIRTH_WELD,2,446.6929999999993,0.0
49952.5,0.3017744733144969,0,0.344,205.162,,GIRTH_WELD,2,406.5089999999982,0.0
49957.5,0.32921317431184954,0,0.344,205.162,,GIRTH_WELD,2,406.5089999999982,0.0
49962.5,0.3284180583278743,0,0.344,205.162,,GIRTH_WELD,2,406.5089999999982,0.0
49967.5,0.32930072077199735,0,0.344,204.991,10:25,UNKNOWN,2,399.7869999999966,6.722000000001572
49972.5,0.33933534941186916,0,0.344,204.991,10:25,UNKNOWN,2,399.7869999999966,6.722000000001572
49977.5,0.33857053989147035,0,0.344,204.7,,FIELD_BEND,2,392.0699999999997,14.438999999998487
49982.5,0.34888950829444343,0,0.344,204.7,,FIELD_BEND,2,392.0699999999997,14.438999999998487
49992.5,0.4398218227212232,0,0.344,203.734,,GIRTH_WELD,7,366.4300000000003,0.0
49997.5,0.4632946277661937,0,0.344,203.734,,GIRTH_WELD,7,366.4300000000003,0.0
50002.5,0.4632946277661937,0,0.344,203.734,,GIRTH_WELD,7,366.4300000000003,0.0
50007.5,0.4840693954863372,0,0.344,203.234,,FIELD_BEND,7,359.7829999999958,6.647000000004482
50012.5,0.5066588495957342,1,0.344,203.234,,FIELD_BEND,7,359.7829999999958,6.647000000004482
50017.5,0.5067767016982091,1,0.344,203.234,,FIELD_BEND,7,359.7829999999958,6.647000000004482
50032.5,0.46112932552728103,0,0.344,200.04,4:36,METAL_LOSS,4,327.09300000000076,0.8760000000038417
50037.5,0.4842109652298556,0,0.344,200.04,4:36,METAL_LOSS,4,327.09300000000076,0.8760000000038417
50042.5,0.47771149972645566,0,0.344,199.954,,GIRTH_WELD,4,326.2169999999969,0.0
50047.5,0.49598216648802207,0,0.344,199.954,,GIRTH_WELD,4,326.2169999999969,0.0
50052.5,0.49598216648802207,0,0.344,199.954,,GIRTH_WELD,4,326.2169999999969,0.0
50077.5,0.6729112551041557,1,0.344,194.842,,GIRTH_WELD,10,286.0919999999969,0.0
50082.5,0.7068668239898875,1,0.344,194.842,,GIRTH_WELD,10,286.0919999999969,0.0
50087.5,0.70718200269889,1,0.344,194.842,,GIRTH_WELD,10,286.0919999999969,0.0
50092.5,0.70718200269889,1,0.344,194.842,,GIRTH_WELD,10,286.0919999999969,0.0
50107.5,0.4489043560808683,0,0.344,190.33,1:13,METAL_LOSS,5,256.07600000000093,10.120999999999185
50112.5,0.4833968396977006,0,0.344,190.33,1:13,METAL_LOSS,5,256.07600000000093,10.120999999999185
50117.5,0.4451272302566873,0,0.344,190.022,1:15,METAL_LOSS,5,254.05199999999604,8.096999999994296
50122.5,0.4339298390049837,0,0.344,188.79,,GIRTH_WELD,5,245.95500000000175,0.0
50127.5,0.472409748902949,0,0.344,188.79,,GIRTH_WELD,5,245.95500000000175,0.0
50132.5,0.472409748902949,0,0.344,188.79,,GIRTH_WELD,5,245.95500000000175,0.0
50157.5,0.24211979997052782,0,0.344,183.562,,GIRTH_WELD,3,205.92499999999563,0.0
50162.5,0.25016499769838524,0,0.344,183.562,,GIRTH_WELD,3,205.92499999999563,0.0
50167.5,0.24569855040728167,0,0.344,183.562,,GIRTH_WELD,3,205.92499999999563,0.0
50172.5,0.24448520536777335,0,0.344,183.562,,GIRTH_WELD,3,205.92499999999563,0.0
50197.5,0.29584332021268017,0,0.344,178.362,,GIRTH_WELD,0,165.63999999999942,0.0
50202.5,0.3234208971973449,0,0.344,178.362,,GIRTH_WELD,0,165.63999999999942,0.0
50207.5,0.3234208971973449,0,0.344,178.362,,GIRTH_WELD,0,165.63999999999942,0.0
50212.5,0.3234208971973449,0,0.344,178.362,,GIRTH_WELD,0,165.63999999999942,0.0
50232.5,0.23871268685580893,0,0.344,174.256,,FIELD_BEND,3,131.0329999999958,5.445999999996275
50237.5,0.25042055327263163,0,0.344,174.256,,FIELD_BEND,3,131.0329999999958,5.445999999996275
50242.5,0.22674785073993103,0,0.344,173.614,,GIRTH_WELD,3,125.58699999999953,0.0
50247.5,0.24297177482038118,0,0.344,173.614,,GIRTH_WELD,3,125.58699999999953,0.0
50252.5,0.23943929675286513,0,0.344,172.176,,FIELD_BEND,3,116.79400000000169,8.792999999997846
50257.5,0.24499244701114062,0,0.344,172.176,,FIELD_BEND,3,116.79400000000169,8.792999999997846
50277.5,0.37793407812357704,0,0.344,166.629,5:23,METAL_LOSS,3,86.24699999999575,0.9089999999996508
50282.5,0.4125689610678973,0,0.344,166.629,5:23,METAL_LOSS,3,86.24699999999575,0.9089999999996508
50287.5,0.42270025992875077,0,0.344,166.463,,GIRTH_WELD,3,85.3379999999961,0.0
50292.5,0.4372083045184327,0,0.344,166.463,,GIRTH_WELD,3,85.3379999999961,0.0
50307.5,0.7455956837779871,1,0.344,161.062,,FIELD_BEND,9,53.96600000000035,8.781999999999243
50312.5,0.7743621353352165,1,0.344,161.062,,FIELD_BEND,9,53.96600000000035,8.781999999999243
50317.5,0.7743621353352165,1,0.344,161.062,,FIELD_BEND,9,53.96600000000035,8.781999999999243
50322.5,0.7239551015637278,1,0.344,159.557,,GIRTH_WELD,9,45.184000000001106,0.0
50327.5,0.7489361091751009,1,0.344,159.557,,GIRTH_WELD,9,45.184000000001106,0.0
50332.5,0.6460750142816037,1,0.344,156.199,7:41,METAL_LOSS,8,32.16900000000169,13.014999999999418
50337.5,0.674022988907715,1,0.344,156.199,7:41,METAL_LOSS,8,32.16900000000169,13.014999999999418
50342.5,0.6749716434931075,1,0.344,156.199,7:41,METAL_LOSS,8,32.16900000000169,13.014999999999418
50352.5,0.7631455869315019,1,0.344,149.18,5:38,METAL_LOSS,12,6.951999999997497,12.17899999999645
50357.5,0.8030907707813408,1,0.344,149.18,5:38,METAL_LOSS,12,6.951999999997497,12.17899999999645
50362.5,0.7737368493602149,1,0.344,148.969,11:31,METAL_LOSS,12,6.193999999995867,11.42099999999482
50367.5,0.7748022577257039,1,0.5,147.92,,BEND,12,0.0,5.226999999998952
50372.5,0.7495953026534806,1,0.344,147.859,,GIRTH_WELD,12,5.226999999998952,0.0
50377.5,0.7775677709658515,1,0.344,148.066,11:06,METAL_LOSS,12,9.052000000003318,3.8250000000043656
50382.5,0.7909031202956424,1,0.344,148.99,11:29,METAL_LOSS,12,14.25499999999738,9.027999999998428
50387.5,0.6943182295573312,1,0.344,149.757,12:06,METAL_LOSS,9,18.580000000001746,13.353000000002794
50392.5,0.6977680186035324,1,0.344,150.605,,UNKNOWN,9,23.353000000002794,18.12600000000384
50397.5,0.6953886088405783,1,0.344,151.562,,UNKNOWN,9,28.739999999997963,16.647000000004482
50402.5,0.6978507173075309,1,0.344,152.131,,UNKNOWN,9,31.94600000000355,13.440999999998894
50407.5,0.5358795422798138,1,0.344,154.517,,GIRTH_WELD,6,45.387000000002445,0.0
50412.5,0.5268088267272489,1,0.344,154.517,,GIRTH_WELD,6,45.387000000002445,0.0
50417.5,0.5268088267272489,1,0.344,154.517,,GIRTH_WELD,6,45.387000000002445,0.0
50422.5,0.5258601721418562,1,0.344,154.517,,GIRTH_WELD,6,45.387000000002445,0.0
50427.5,0.5112276775969107,1,0.344,156.359,,GIRTH_WELD,4,62.39800000000105,0.0
50432.5,0.5072185120604216,1,0.344,156.404,8:58,UNKNOWN,4,62.861000000004424,0.46300000000337604
50437.5,0.46007058302470355,0,0.344,156.688,8:58,UNKNOWN,3,66.38500000000204,3.9870000000009895
50442.5,0.3825710492861928,0,0.344,157.034,9:02,UNKNOWN,2,72.2019999999975,9.80399999999645
50447.5,0.38255424399818627,0,0.344,157.405,8:58,UNKNOWN,1,78.45799999999872,16.05999999999767
50452.5,0.37824889975916604,0,0.344,157.514,9:14,UNKNOWN,0,80.28900000000431,17.89100000000326
50457.5,0.37016532453076045,0,0.344,158.27,,FIELD_BEND,0,93.01499999999942,9.469000000004598
50462.5,0.3582888064793333,0,0.344,158.27,,FIELD_BEND,0,93.01499999999942,9.469000000004598
50467.5,0.3008998415504437,0,0.344,158.584,8:42,UNKNOWN,0,98.31700000000274,4.167000000001281
50472.5,0.3165901896901714,0,0.344,158.832,,GIRTH_WELD,0,102.48400000000402,0.0
50477.5,0.3020461424498845,0,0.344,158.832,,GIRTH_WELD,0,102.48400000000402,0.0
50502.5,0.22810917927374935,0,0.344,159.58,,GIRTH_WELD,0,142.7589999999982,0.0
50507.5,0.21175980370069716,0,0.344,159.58,,GIRTH_WELD,0,142.7589999999982,0.0
50512.5,0.21175980370069716,0,0.344,159.58,,GIRTH_WELD,0,142.7589999999982,0.0
50517.5,0.1768626485142489,0,0.344,159.426,11:29,UNKNOWN,0,154.26800000000367,11.509000000005472
50522.5,0.1959339563890779,0,0.344,159.426,11:29,UNKNOWN,0,154.26800000000367,11.509000000005472
50527.5,0.1959339563890779,0,0.344,159.426,11:29,UNKNOWN,0,154.26800000000367,11.509000000005472
50532.5,0.1959339563890779,0,0.344,159.426,11:29,UNKNOWN,0,154.26800000000367,11.509000000005472
50542.5,0.16026572576886314,0,0.344,158.814,,GIRTH_WELD,0,182.7589999999982,0.0
50547.5,0.2085474061793554,0,0.344,158.814,,GIRTH_WELD,0,182.7589999999982,0.0
50552.5,0.2085474061793554,0,0.344,158.814,,GIRTH_WELD,0,182.7589999999982,0.0
50557.5,0.2085474061793554,0,0.344,158.814,,GIRTH_WELD,0,182.7589999999982,0.0
50582.5,0.21214629983758648,0,0.344,157.653,,GIRTH_WELD,0,222.99599999999919,0.0
50587.5,0.25255091643806216,0,0.344,157.653,,GIRTH_WELD,0,222.99599999999919,0.0
50592.5,0.25255091643806216,0,0.344,157.653,,GIRTH_WELD,0,222.99599999999919,0.0
50597.5,0.25255091643806216,0,0.344,157.653,,GIRTH_WELD,0,222.99599999999919,0.0
50622.5,0.2034760923423426,0,0.344,156.444,,GIRTH_WELD,2,259.2360000000044,0.0
50627.5,0.2293257721216345,0,0.344,156.444,,GIRTH_WELD,2,259.2360000000044,0.0
50632.5,0.2293257721216345,0,0.344,156.444,,GIRTH_WELD,2,259.2360000000044,0.0
50637.5,0.2293257721216345,0,0.344,156.444,,GIRTH_WELD,2,259.2360000000044,0.0
50662.5,0.1678164899646751,0,0.344,154.625,,GIRTH_WELD,2,299.4360000000015,0.0
50667.5,0.1894604947014721,0,0.344,154.625,,GIRTH_WELD,2,299.4360000000015,0.0
50672.5,0.17379505372294965,0,0.344,154.472,8:32,METAL_LOSS,2,302.7360000000044,3.3000000000029104
50677.5,0.19177083731449523,0,0.344,154.185,8:41,UNKNOWN,2,308.8349999999991,9.398999999997613
50682.5,0.1936514019465992,0,0.344,153.941,8:38,UNKNOWN,2,314.03199999999924,14.59599999999773
50687.5,0.20503902125655735,0,0.344,153.789,8:36,UNKNOWN,2,317.2700000000041,17.83400000000256
50692.5,0.20721215504897486,0,0.344,153.789,8:36,UNKNOWN,2,317.2700000000041,17.83400000000256
50702.5,0.18366771431691795,0,0.344,152.747,,GIRTH_WELD,2,339.4290000000037,0.0
50707.5,0.20287568200908243,0,0.344,152.747,,GIRTH_WELD,2,339.4290000000037,0.0
50712.5,0.20287568200908243,0,0.344,152.747,,GIRTH_WELD,2,339.4290000000037,0.0
50717.5,0.20287568200908243,0,0.344,152.747,,GIRTH_WELD,2,339.4290000000037,0.0
50742.5,0.222150293746577,0,0.344,150.774,,GIRTH_WELD,0,379.41599999999744,0.0
50747.5,0.260572537821954,0,0.344,150.774,,GIRTH_WELD,0,379.41599999999744,0.0
50752.5,0.260572537821954,0,0.344,150.774,,GIRTH_WELD,0,379.41599999999744,0.0
50757.5,0.260572537821954,0,0.344,150.774,,GIRTH_WELD,0,379.41599999999744,0.0
50777.5,0.2238407452566414,0,0.344,149.488,1:05,UNKNOWN,0,413.83200000000215,5.695999999996275
50782.5,0.24835083376013883,0,0.344,149.488,1:05,UNKNOWN,0,413.83200000000215,5.695999999996275
50787.5,0.21442693372733931,0,0.344,149.281,,GIRTH_WELD,0,419.5279999999984,0.0
50792.5,0.2560233248993111,0,0.344,149.281,,GIRTH_WELD,0,419.5279999999984,0.0
50797.5,0.2568140951740736,0,0.344,149.281,,GIRTH_WELD,0,419.5279999999984,0.0
50822.5,0.2076390479837387,0,0.344,147.765,,GIRTH_WELD,2,459.56700000000274,0.0
50827.5,0.23965524286056145,0,0.344,147.765,,GIRTH_WELD,2,459.56700000000274,0.0
50832.5,0.23965524286056145,0,0.344,147.765,,GIRTH_WELD,2,459.56700000000274,0.0
50837.5,0.19764925337231992,0,0.344,147.366,11:16,UNKNOWN,2,468.03800000000047,8.47099999999773
50842.5,0.20750443356713036,0,0.344,146.848,11:06,UNKNOWN,2,478.19200000000274,18.625
50847.5,0.20532028617822648,0,0.344,146.848,11:06,UNKNOWN,2,478.19200000000274,18.625
50852.5,0.1973490259772803,0,0.344,146.567,11:05,UNKNOWN,2,483.70700000000215,15.905999999995402
50857.5,0.20046614465719992,0,0.344,146.567,11:05,UNKNOWN,2,483.70700000000215,15.905999999995402
50862.5,0.1812681923364668,0,0.344,145.757,,GIRTH_WELD,2,499.61299999999756,0.0
50867.5,0.1952449809391506,0,0.344,145.757,,GIRTH_WELD,2,499.61299999999756,0.0
50872.5,0.17358758948614006,0,0.344,145.698,3:25,METAL_LOSS,2,500.76800000000367,1.1550000000061118
50877.5,0.19792969901779864,0,0.344,145.203,9:32,UNKNOWN,2,510.1580000000031,10.54500000000553
50882.5,0.19946434425567122,0,0.344,145.004,9:30,UNKNOWN,2,509.43599999999424,14.314000000005763
50887.5,0.19842581229976142,0,0.344,145.004,9:30,UNKNOWN,2,509.43599999999424,14.314000000005763
50892.5,0.19842581229976142,0,0.344,145.004,9:30,UNKNOWN,2,509.43599999999424,14.314000000005763
50897.5,0.20182990462263117,0,0.344,143.79,9:29,UNKNOWN,2,486.528999999995,2.989000000001397
50902.5,0.21854430387308926,0,0.344,143.79,9:29,UNKNOWN,2,486.528999999995,2.989000000001397
50907.5,0.19261038598992752,0,0.344,143.632,,GIRTH_WELD,2,483.5399999999936,0.0
50912.5,0.22045674190514006,0,0.344,143.632,,GIRTH_WELD,2,483.5399999999936,0.0
50917.5,0.22045674190514006,0,0.344,143.632,,GIRTH_WELD,2,483.5399999999936,0.0
50942.5,0.24400841704513565,0,0.344,140.64,,GIRTH_WELD,0,443.4939999999988,0.0
50947.5,0.2893733831460237,0,0.344,140.64,,GIRTH_WELD,0,443.4939999999988,0.0
50952.5,0.24611919136391167,0,0.344,140.091,1:13,UNKNOWN,0,437.20099999999366,6.293000000005122
50957.5,0.24611919136391167,0,0.344,139.919,1:22,UNKNOWN,0,435.3839999999982,8.110000000000582
50962.5,0.2690826041621915,0,0.344,139.919,1:22,UNKNOWN,0,435.3839999999982,8.110000000000582
50972.5,0.24657598581357573,0,0.344,137.721,1:24,UNKNOWN,0,412.13299999999435,8.841999999996915
50977.5,0.2510972687524226,0,0.344,137.721,1:24,UNKNOWN,0,412.13299999999435,8.841999999996915
50982.5,0.25287865570782353,0,0.344,137.721,1:24,UNKNOWN,0,412.13299999999435,8.841999999996915
50987.5,0.2183666401446015,0,0.344,136.885,,GIRTH_WELD,0,403.29099999999744,0.0
50992.5,0.2464822369521505,0,0.344,136.885,,GIRTH_WELD,0,403.29099999999744,0.0
50997.5,0.24975960367573233,0,0.344,136.885,,GIRTH_WELD,0,403.29099999999744,0.0
51022.5,0.16692656099699954,0,0.344,133.462,,GIRTH_WELD,0,363.1959999999963,0.0
51027.5,0.15790171626223629,0,0.344,133.462,,GIRTH_WELD,0,363.1959999999963,0.0
51032.5,0.15790171626223629,0,0.344,133.462,,GIRTH_WELD,0,363.1959999999963,0.0
51037.5,0.16180315197767428,0,0.344,133.462,,GIRTH_WELD,0,363.1959999999963,0.0
51047.5,0.20762624618545186,0,0.344,131.053,,UNKNOWN,0,336.5619999999981,13.45799999999872
51052.5,0.2067274833338781,0,0.344,131.053,,UNKNOWN,0,336.5619999999981,13.45799999999872
51057.5,0.21206334899474288,0,0.344,130.82,,UNKNOWN,0,334.002999999997,10.898999999997613
51062.5,0.21812239614018966,0,0.344,130.721,,UNKNOWN,0,332.91999999999825,9.815999999998894
51067.5,0.17570027735009422,0,0.344,129.827,,GIRTH_WELD,0,323.10399999999936,0.0
51072.5,0.17749924072282852,0,0.344,129.827,,GIRTH_WELD,0,323.10399999999936,0.0
51077.5,0.17749924072282852,0,0.344,129.827,,GIRTH_WELD,0,323.10399999999936,0.0
51092.5,0.20653086122820366,0,0.344,125.734,,FIELD_BEND,0,291.55799999999726,7.900000000001455
51097.5,0.20579865441839915,0,0.344,125.734,,FIELD_BEND,0,291.55799999999726,7.900000000001455
51102.5,0.20579865441839915,0,0.344,125.734,,FIELD_BEND,0,291.55799999999726,7.900000000001455
51107.5,0.17996072901067856,0,0.344,124.682,,GIRTH_WELD,0,283.6579999999958,0.0
51112.5,0.17605743830236648,0,0.344,124.682,,GIRTH_WELD,0,283.6579999999958,0.0
51117.5,0.17605743830236648,0,0.344,124.682,,GIRTH_WELD,0,283.6579999999958,0.0
51142.5,0.17510693359894083,0,0.344,117.343,,GIRTH_WELD,0,243.48099999999977,0.0
51147.5,0.17250400364880003,0,0.344,117.343,,GIRTH_WELD,0,243.48099999999977,0.0
51152.5,0.17250400364880003,0,0.344,117.343,,GIRTH_WELD,0,243.48099999999977,0.0
51157.5,0.20152063860692615,0,0.344,115.525,,FIELD_BEND,0,227.1559999999954,16.325000000004366
51162.5,0.20673746228315132,0,0.344,115.525,,FIELD_BEND,0,227.1559999999954,16.325000000004366
51167.5,0.20673746228315132,0,0.344,115.525,,FIELD_BEND,0,227.1559999999954,16.325000000004366
51172.5,0.20673746228315132,0,0.344,115.525,,FIELD_BEND,0,227.1559999999954,16.325000000004366
51182.5,0.18064366501554635,0,0.344,113.194,,GIRTH_WELD,0,203.36599999999453,0.0
51187.5,0.18398836703844398,0,0.344,113.194,,GIRTH_WELD,0,203.36599999999453,0.0
51192.5,0.18398836703844398,0,0.344,113.194,,GIRTH_WELD,0,203.36599999999453,0.0
51197.5,0.18398836703844398,0,0.344,113.194,,GIRTH_WELD,0,203.36599999999453,0.0
51222.5,0.17533148490152584,0,0.344,109.686,,GIRTH_WELD,0,163.1629999999932,0.0
51227.5,0.17813710112233597,0,0.344,109.686,,GIRTH_WELD,0,163.1629999999932,0.0
51232.5,0.17813710112233597,0,0.344,109.686,,GIRTH_WELD,0,163.1629999999932,0.0
51237.5,0.2300473828138507,0,0.344,107.902,,FIELD_BEND,0,149.12699999999313,14.036000000000058
51242.5,0.2386812713350931,0,0.344,107.902,,FIELD_BEND,0,149.12699999999313,14.036000000000058
51247.5,0.2300473828138507,0,0.344,107.749,,AGM,0,147.99899999999616,15.163999999997031
51252.5,0.2386812713350931,0,0.344,107.749,,AGM,0,147.99899999999616,15.163999999997031
51262.5,0.2474370631419777,0,0.344,104.369,,GIRTH_WELD,0,123.12299999999959,0.0
51267.5,0.28676233533260437,0,0.344,104.369,,GIRTH_WELD,0,123.12299999999959,0.0
51272.5,0.28676233533260437,0,0.344,104.369,,GIRTH_WELD,0,123.12299999999959,0.0
51277.5,0.28676233533260437,0,0.344,104.369,,GIRTH_WELD,0,123.12299999999959,0.0
51302.5,0.2871810238836585,0,0.344,97.84,,GIRTH_WELD,0,83.02499999999418,0.0
51307.5,0.3181235096300901,0,0.344,97.84,,GIRTH_WELD,0,83.02499999999418,0.0
51312.5,0.3181235096300901,0,0.344,97.84,,GIRTH_WELD,0,83.02499999999418,0.0
51317.5,0.3181235096300901,0,0.344,97.84,,GIRTH_WELD,0,83.02499999999418,0.0
51342.5,0.3231051684541005,0,0.344,90.945,,GIRTH_WELD,3,44.133999999998196,0.0
51347.5,0.3462408422784569,0,0.344,90.945,,GIRTH_WELD,3,44.133999999998196,0.0
51352.5,0.3462408422784569,0,0.344,90.945,,GIRTH_WELD,3,44.133999999998196,0.0
51357.5,0.3462408422784569,0,0.344,90.945,,GIRTH_WELD,3,44.133999999998196,0.0
51377.5,0.4178948330485813,0,0.344,85.118,7:34,METAL_LOSS,3,5.576999999997497,9.474999999998545
51382.5,0.4264571007984358,0,0.344,85.118,7:34,METAL_LOSS,3,5.576999999997497,9.474999999998545
51387.5,0.41433863723190784,0,0.344,84.992,5:06,METAL_LOSS,3,4.730999999999767,8.629000000000815
51392.5,0.418557340206686,0,0.5,84.122,,BEND,3,0.0,3.8980000000010477
51397.5,0.408841894051922,0,0.344,83.048,,GIRTH_WELD,3,3.8980000000010477,0.0
51402.5,0.4281922986369163,0,0.344,83.048,,GIRTH_WELD,3,3.8980000000010477,0.0
51407.5,0.5240635007598633,1,0.5,77.436,,GIRTH_WELD,7,6.286999999996624,0.0
51412.5,0.5414514787283838,1,0.5,77.436,,GIRTH_WELD,7,6.286999999996624,0.0
51417.5,0.534924532264398,1,0.5,76.217,,BEND,7,0.0,6.286999999996624
51422.5,0.5063534362944508,1,0.344,76.028,,GIRTH_WELD,7,6.938999999998487,0.0
51427.5,0.5321169930329452,1,0.344,76.028,,GIRTH_WELD,7,6.938999999998487,0.0
51432.5,0.5429155277592774,1,0.5,79.404,,GIRTH_WELD,7,3.7819999999992433,0.0
51437.5,0.5038676398581483,1,0.5,80.768,,BEND,5,0.0,3.7819999999992433
51442.5,0.46578355731569,0,0.344,81.601,,GIRTH_WELD,4,3.8649999999979627,0.0
51447.5,0.45242496144999067,0,0.344,83.082,5:29,METAL_LOSS,3,15.014000000002852,11.14900000000489
51452.5,0.442451263035783,0,0.344,83.121,2:07,METAL_LOSS,3,15.368000000002212,11.50300000000425
51457.5,0.455418077998562,0,0.344,83.72,7:05,METAL_LOSS,3,20.85700000000361,16.992000000005646
51462.5,0.4525949651441832,0,0.344,83.903,7:09,METAL_LOSS,3,22.540000000000873,18.67500000000291
51467.5,0.4406498464557156,0,0.344,84.711,,FIELD_BEND,3,29.955000000001746,14.10099999999511
51472.5,0.42436712484600503,0,0.344,84.711,,FIELD_BEND,3,29.955000000001746,14.10099999999511
51477.5,0.461813413685896,0,0.344,86.248,,GIRTH_WELD,3,44.05599999999686,0.0
51482.5,0.4439720162691511,0,0.344,86.248,,GIRTH_WELD,3,44.05599999999686,0.0
51487.5,0.4439720162691511,0,0.344,86.248,,GIRTH_WELD,3,44.05599999999686,0.0
51512.5,0.4197603047378471,0,0.344,91.578,,GIRTH_WELD,0,83.53399999999965,0.0
51517.5,0.411661101155502,0,0.344,91.578,,GIRTH_WELD,0,83.53399999999965,0.0
51522.5,0.411661101155502,0,0.344,91.578,,GIRTH_WELD,0,83.53399999999965,0.0
51527.5,0.42463686509625925,0,0.344,93.115,,GIRTH_WELD,0,94.4230000000025,0.0
51532.5,0.4165376615139141,0,0.344,93.115,,GIRTH_WELD,0,94.4230000000025,0.0
51537.5,0.4165376615139141,0,0.344,93.115,,GIRTH_WELD,0,94.4230000000025,0.0
51542.5,0.40822213322356826,0,0.344,96.13,,FIELD_BEND,0,115.05000000000291,11.144999999996799
51547.5,0.40211304904820333,0,0.344,96.13,,FIELD_BEND,0,115.05000000000291,11.144999999996799
51552.5,0.40211304904820333,0,0.344,96.13,,FIELD_BEND,0,115.05000000000291,11.144999999996799
51557.5,0.40211304904820333,0,0.344,96.13,,FIELD_BEND,0,115.05000000000291,11.144999999996799
51562.5,0.39826186971173955,0,0.344,97.765,,GIRTH_WELD,3,126.19499999999971,0.0
51567.5,0.376609573523358,0,0.344,97.765,,GIRTH_WELD,3,126.19499999999971,0.0
51572.5,0.376609573523358,0,0.344,97.765,,GIRTH_WELD,3,126.19499999999971,0.0
51587.5,0.38475725372025193,0,0.344,100.145,,GIRTH_WELD,3,137.18800000000192,0.0
51592.5,0.353426924417568,0,0.344,100.145,,GIRTH_WELD,3,137.18800000000192,0.0
51597.5,0.3548763999341867,0,0.344,100.486,10:36,METAL_LOSS,3,131.4760000000024,4.7960000000020955
51602.5,0.4308087422715126,0,0.344,100.719,,GIRTH_WELD,6,126.68000000000029,0.0
51607.5,0.4031727222611163,0,0.344,100.719,,GIRTH_WELD,6,126.68000000000029,0.0
51612.5,0.4031727222611163,0,0.344,100.719,,GIRTH_WELD,6,126.68000000000029,0.0
51622.5,0.4451300513037781,0,0.344,101.253,,FIELD_BEND,6,102.41799999999785,15.75499999999738
51627.5,0.42603555754808725,0,0.344,101.253,,FIELD_BEND,6,102.41799999999785,15.75499999999738
51632.5,0.42603555754808725,0,0.344,101.253,,FIELD_BEND,6,102.41799999999785,15.75499999999738
51637.5,0.42953399076372084,0,0.344,101.553,,GIRTH_WELD,6,86.66300000000047,0.0
51642.5,0.4084107264556044,0,0.344,101.553,,GIRTH_WELD,6,86.66300000000047,0.0
51647.5,0.37069356233698975,0,0.344,100.976,5:32,METAL_LOSS,5,79.28199999999924,7.381000000001222
51652.5,0.4136310234060072,0,0.344,100.976,5:32,METAL_LOSS,5,79.28199999999924,7.381000000001222
51657.5,0.4136310234060072,0,0.344,100.976,5:32,METAL_LOSS,5,79.28199999999924,7.381000000001222
51662.5,0.47550539369751754,0,0.344,98.344,,FIELD_BEND,2,58.671000000002095,12.338999999999942
51667.5,0.48931724519075603,0,0.344,98.344,,FIELD_BEND,2,58.671000000002095,12.338999999999942
51672.5,0.48931724519075603,0,0.344,98.344,,FIELD_BEND,2,58.671000000002095,12.338999999999942
51677.5,0.4792174094973335,0,0.344,96.768,,GIRTH_WELD,2,46.332000000002154,0.0
51682.5,0.5129261948824795,1,0.344,96.768,,GIRTH_WELD,2,46.332000000002154,0.0
51687.5,0.5129261948824795,1,0.344,96.768,,GIRTH_WELD,2,46.332000000002154,0.0
51692.5,0.5129261948824795,1,0.344,96.768,,GIRTH_WELD,2,46.332000000002154,0.0
51717.5,0.5121381433539064,1,0.5,83.176,,GIRTH_WELD,3,5.94199999999546,0.0
51722.5,0.5394981304604186,1,0.5,83.176,,GIRTH_WELD,3,5.94199999999546,0.0
51727.5,0.48485028275838205,0,0.5,82.272,,BEND,3,0.0,5.94199999999546
51732.5,0.5227880684978259,1,0.5,82.272,,BEND,3,0.0,5.94199999999546
51737.5,0.5051504609093216,1,0.344,82.22,,GIRTH_WELD,3,6.381000000001222,0.0
51742.5,0.5241283318544765,1,0.344,82.22,,GIRTH_WELD,3,6.381000000001222,0.0
51752.5,0.5142362182169176,1,0.344,89.025,11:23,METAL_LOSS,6,27.756000000001222,18.713999999999942
51757.5,0.5022558970955778,1,0.344,89.025,11:23,METAL_LOSS,6,27.756000000001222,18.713999999999942
51762.5,0.5505841768733714,1,0.344,90.149,4:52,METAL_LOSS,7,30.866000000001804,15.60399999999936
51767.5,0.5471805712229894,1,0.344,90.149,4:52,METAL_LOSS,7,30.866000000001804,15.60399999999936
51772.5,0.5246988202767118,1,0.344,95.789,,GIRTH_WELD,7,46.470000000001164,0.0
51777.5,0.5165930123303881,1,0.344,95.789,,GIRTH_WELD,7,46.470000000001164,0.0
51782.5,0.5165930123303881,1,0.344,95.789,,GIRTH_WELD,7,46.470000000001164,0.0
51787.5,0.5180495799244994,1,0.344,101.583,,GIRTH_WELD,7,65.06199999999808,0.0
51792.5,0.5099437719781758,1,0.344,101.583,,GIRTH_WELD,7,65.06199999999808,0.0
51797.5,0.5437998366788042,1,0.344,102.017,7:30,METAL_LOSS,7,66.4890000000014,1.4270000000033178
51802.5,0.5438974864292517,1,0.344,103.457,,FIELD_BEND,7,72.35199999999895,5.824000000000524
51807.5,0.4751047926724485,0,0.344,104.811,,GIRTH_WELD,5,78.17599999999948,0.0
51812.5,0.44502020518378416,0,0.344,106.059,12:15,UNKNOWN,3,84.89800000000105,6.722000000001572
51817.5,0.44125658862604994,0,0.344,106.282,12:46,UNKNOWN,3,86.3090000000011,8.13300000000163
51822.5,0.45801972825383297,0,0.344,107.262,12:43,UNKNOWN,3,92.5,12.230999999999767
51827.5,0.45369815436422944,0,0.344,107.809,12:38,UNKNOWN,3,95.95799999999872,8.773000000001048
51832.5,0.4508445634512608,0,0.344,109.196,,GIRTH_WELD,3,104.73099999999977,0.0
51837.5,0.4365465043522176,0,0.344,109.196,,GIRTH_WELD,3,104.73099999999977,0.0
51842.5,0.4365465043522176,0,0.344,109.196,,GIRTH_WELD,3,104.73099999999977,0.0
51867.5,0.3286892471161086,0,0.344,114.157,,GIRTH_WELD,0,144.68800000000192,0.0
51872.5,0.31770319100697325,0,0.344,114.157,,GIRTH_WELD,0,144.68800000000192,0.0
51877.5,0.31770319100697325,0,0.344,114.157,,GIRTH_WELD,0,144.68800000000192,0.0
51882.5,0.31770319100697325,0,0.344,114.157,,GIRTH_WELD,0,144.68800000000192,0.0
51887.5,0.3833438026901647,0,0.344,116.138,,GIRTH_WELD,0,164.51800000000367,0.0
51892.5,0.36894395171086314,0,0.344,116.138,,GIRTH_WELD,0,164.51800000000367,0.0
51897.5,0.36894395171086314,0,0.344,116.138,,GIRTH_WELD,0,164.51800000000367,0.0
51902.5,0.36894395171086314,0,0.344,116.138,,GIRTH_WELD,0,164.51800000000367,0.0
51917.5,0.37350417324610574,0,0.344,118.204,,GIRTH_WELD,0,192.8640000000014,0.0
51922.5,0.36680938002631136,0,0.344,118.204,,GIRTH_WELD,0,192.8640000000014,0.0
51927.5,0.36680938002631136,0,0.344,118.204,,GIRTH_WELD,0,192.8640000000014,0.0
51932.5,0.36680938002631136,0,0.344,118.204,,GIRTH_WELD,0,192.8640000000014,0.0
51957.5,0.4641782619014772,0,0.344,119.955,,GIRTH_WELD,4,232.79499999999825,0.0
51962.5,0.43889919823147777,0,0.344,119.955,,GIRTH_WELD,4,232.79499999999825,0.0
51967.5,0.43889919823147777,0,0.344,119.955,,GIRTH_WELD,4,232.79499999999825,0.0
51972.5,0.4796141256312378,0,0.344,120.466,,FIELD_BEND,4,244.07100000000355,11.276000000005297
51977.5,0.45524881810286666,0,0.344,120.466,,FIELD_BEND,4,244.07100000000355,11.276000000005297
51982.5,0.47505051778251706,0,0.344,120.8,1:19,METAL_LOSS,4,251.2890000000043,13.72099999999773
51987.5,0.45068521025414576,0,0.344,120.8,1:19,METAL_LOSS,4,251.2890000000043,13.72099999999773
51992.5,0.5213154719195748,1,0.344,121.387,1:18,METAL_LOSS,4,263.9959999999992,1.0140000000028522
51997.5,0.5280800785634037,1,0.344,121.434,,GIRTH_WELD,4,265.01000000000204,0.0
52002.5,0.507724799619168,1,0.344,121.434,,GIRTH_WELD,4,265.01000000000204,0.0
52027.5,0.6298921222700083,1,0.344,122.985,,GIRTH_WELD,6,305.125,0.0
52032.5,0.6166853553971631,1,0.344,122.985,,GIRTH_WELD,6,305.125,0.0
52037.5,0.6166853553971631,1,0.344,122.985,,GIRTH_WELD,6,305.125,0.0
52042.5,0.687470708196715,1,0.344,123.423,12:04,METAL_LOSS,7,317.650999999998,12.525999999998021
52047.5,0.6861404622835157,1,0.344,123.423,12:04,METAL_LOSS,7,317.650999999998,12.525999999998021
52052.5,0.6877790399209374,1,0.344,123.58,12:06,METAL_LOSS,7,322.2439999999988,15.89600000000064
52057.5,0.6864487940077382,1,0.344,123.58,12:06,METAL_LOSS,7,322.2439999999988,15.89600000000064
52062.5,0.8097310355038135,1,0.344,124.124,,GIRTH_WELD,10,338.1399999999994,0.0
52067.5,0.8103939693856702,1,0.344,124.124,,GIRTH_WELD,10,338.1399999999994,0.0
52072.5,0.8103939693856702,1,0.344,124.124,,GIRTH_WELD,10,338.1399999999994,0.0
52077.5,0.8103939693856702,1,0.344,124.124,,GIRTH_WELD,10,338.1399999999994,0.0
52082.5,0.8222979498691232,1,0.344,125.024,,GIRTH_WELD,12,361.65000000000146,0.0
52087.5,0.8258277316150299,1,0.344,125.024,,GIRTH_WELD,12,361.65000000000146,0.0
52092.5,0.8258277316150299,1,0.344,125.024,,GIRTH_WELD,12,361.65000000000146,0.0
52097.5,0.7672400946236745,1,0.344,125.147,3:22,METAL_LOSS_MFG,12,365.19400000000314,3.544000000001688
52102.5,0.6280080705723152,1,0.344,125.369,12:54,METAL_LOSS,8,373.66100000000006,12.010999999998603
52107.5,0.6377661820533637,1,0.344,125.517,1:15,METAL_LOSS,8,379.33400000000256,17.684000000001106
52112.5,0.6377661820533637,1,0.344,125.537,1:16,METAL_LOSS,8,380.125,18.474999999998545
52117.5,0.6246258729701888,1,0.344,125.783,1:04,METAL_LOSS,8,389.5239999999976,12.330000000001746
52122.5,0.6191380078976974,1,0.344,125.783,1:04,METAL_LOSS,8,389.5239999999976,12.330000000001746
52127.5,0.6887362216450293,1,0.344,126.105,,GIRTH_WELD,8,401.85399999999936,0.0
52132.5,0.689198514899267,1,0.344,126.105,,GIRTH_WELD,8,401.85399999999936,0.0
52137.5,0.689198514899267,1,0.344,126.105,,GIRTH_WELD,8,401.85399999999936,0.0
52142.5,0.6348188351086089,1,0.344,126.717,,FIELD_BEND,4,421.32500000000437,19.471000000005006
52147.5,0.6246988218837088,1,0.344,126.717,,FIELD_BEND,4,421.32500000000437,19.471000000005006
52152.5,0.6246988218837088,1,0.344,126.717,,FIELD_BEND,4,421.32500000000437,19.471000000005006
52157.5,0.6246988218837088,1,0.344,126.717,,FIELD_BEND,4,421.32500000000437,19.471000000005006
52162.5,0.5281620787236332,1,0.344,127.38,,GIRTH_WELD,0,441.9029999999984,0.0
52167.5,0.5100332451430668,1,0.344,127.38,,GIRTH_WELD,0,441.9029999999984,0.0
52172.5,0.5100332451430668,1,0.344,127.38,,GIRTH_WELD,0,441.9029999999984,0.0
52177.5,0.5100332451430668,1,0.344,127.38,,GIRTH_WELD,0,441.9029999999984,0.0
52202.5,0.4337349628892706,0,0.344,128.107,,GIRTH_WELD,3,482.1319999999978,0.0
52207.5,0.41288309968111137,0,0.344,128.107,,GIRTH_WELD,3,482.1319999999978,0.0
52212.5,0.41288309968111137,0,0.344,128.107,,GIRTH_WELD,3,482.1319999999978,0.0
52217.5,0.41288309968111137,0,0.344,128.107,,GIRTH_WELD,3,482.1319999999978,0.0
52222.5,0.4010294548504868,0,0.344,128.083,3:06,METAL_LOSS,3,495.3150000000023,13.18300000000454
52227.5,0.38530998924157456,0,0.344,128.066,3:02,METAL_LOSS,3,498.11299999999756,15.980999999999767
52232.5,0.3934884631388055,0,0.344,128.044,3:12,METAL_LOSS,3,501.51600000000326,19.38400000000547
52237.5,0.40032354617814087,0,0.344,128.044,3:12,METAL_LOSS,3,501.51600000000326,19.38400000000547
52242.5,0.4844398028807059,0,0.344,127.916,,GIRTH_WELD,7,522.1589999999997,0.0
52247.5,0.5102140929724774,1,0.344,127.916,,GIRTH_WELD,7,522.1589999999997,0.0
52252.5,0.5102140929724774,1,0.344,127.916,,GIRTH_WELD,7,522.1589999999997,0.0
52257.5,0.5102140929724774,1,0.344,127.916,,GIRTH_WELD,7,522.1589999999997,0.0
52282.5,0.4623539460344518,0,0.344,127.616,3:39,METAL_LOSS,3,561.5030000000042,0.9279999999998836
52287.5,0.4783533442911809,0,0.344,127.616,3:39,METAL_LOSS,3,561.5030000000042,0.9279999999998836
52292.5,0.48151468532682495,0,0.344,127.609,,GIRTH_WELD,3,562.4310000000041,0.0
52297.5,0.5059540367857173,1,0.344,127.609,,GIRTH_WELD,3,562.4310000000041,0.0
52322.5,0.5960933075721541,1,0.344,127.496,,GIRTH_WELD,8,602.3790000000008,0.0
52327.5,0.6085715616021148,1,0.344,127.496,,GIRTH_WELD,8,602.3790000000008,0.0
52332.5,0.6085715616021148,1,0.344,127.496,,GIRTH_WELD,8,602.3790000000008,0.0
52337.5,0.6085715616021148,1,0.344,127.496,,GIRTH_WELD,8,602.3790000000008,0.0
52362.5,0.6663066511042506,1,0.344,127.481,8:05,METAL_LOSS,7,641.4369999999981,1.1090000000040163
52367.5,0.6663066511042506,1,0.344,127.481,8:05,METAL_LOSS,7,641.4369999999981,1.1090000000040163
52372.5,0.6707405499713768,1,0.344,127.481,,GIRTH_WELD,7,642.5460000000021,0.0
52377.5,0.6516718376601837,1,0.344,127.48,8:15,METAL_LOSS,7,643.2320000000036,0.6860000000015134
52382.5,0.6588633220405178,1,0.344,127.48,8:15,METAL_LOSS,7,643.2320000000036,0.6860000000015134
52402.5,0.7659669641871457,1,0.344,127.621,5:09,METAL_LOSS,12,680.4259999999995,2.2410000000018044
52407.5,0.7630807184182126,1,0.344,127.621,5:09,METAL_LOSS,12,680.4259999999995,2.2410000000018044
52412.5,0.7578339426641767,1,0.344,127.63,,GIRTH_WELD,12,682.6670000000013,0.0
52417.5,0.7560188229397633,1,0.344,127.886,,FIELD_BEND,10,691.7550000000047,9.088000000003376
52422.5,0.7506236493209518,1,0.344,127.886,,FIELD_BEND,10,691.7550000000047,9.088000000003376
52427.5,0.7506236493209518,1,0.344,127.886,,FIELD_BEND,10,691.7550000000047,9.088000000003376
52442.5,0.6786782564375571,1,0.344,128.887,7:13,METAL_LOSS,7,718.5630000000019,4.275000000001455
52447.5,0.6778065481494546,1,0.344,128.887,7:13,METAL_LOSS,7,718.5630000000019,4.275000000001455
52452.5,0.6800362383438708,1,0.344,129.047,,GIRTH_WELD,7,722.8380000000034,0.0
52457.5,0.6732981483766964,1,0.344,129.084,4:17,METAL_LOSS,7,723.8349999999991,0.9969999999957508
52462.5,0.6655438652052615,1,0.344,129.084,4:17,METAL_LOSS,7,723.8349999999991,0.9969999999957508
52487.5,0.6635762796630327,1,0.344,130.772,,GIRTH_WELD,7,762.8870000000024,0.0
52492.5,0.6553702244253533,1,0.344,130.772,,GIRTH_WELD,7,762.8870000000024,0.0
52497.5,0.6541296952294989,1,0.344,130.772,,GIRTH_WELD,7,762.8870000000024,0.0
52502.5,0.6541296952294989,1,0.344,130.772,,GIRTH_WELD,7,762.8870000000024,0.0
52527.5,0.5335763038312582,1,0.344,132.756,,GIRTH_WELD,5,803.0769999999975,0.0
52532.5,0.514432015505194,1,0.344,132.756,,GIRTH_WELD,5,803.0769999999975,0.0
52537.5,0.5262920262950624,1,0.344,132.958,10:43,METAL_LOSS,5,807.8669999999984,4.790000000000873
52542.5,0.5416863624185605,1,0.344,133.138,10:18,METAL_LOSS,5,813.2249999999985,10.148000000001048
52547.5,0.524961507156785,1,0.344,133.138,10:18,METAL_LOSS,5,813.2249999999985,10.148000000001048
52552.5,0.524961507156785,1,0.344,133.138,10:18,METAL_LOSS,5,813.2249999999985,10.148000000001048
52567.5,0.4579145417377244,0,0.344,134.146,,GIRTH_WELD,5,843.1300000000047,0.0
52572.5,0.4392841306710911,0,0.344,134.146,,GIRTH_WELD,5,843.1300000000047,0.0
52577.5,0.43700334824849785,0,0.344,134.146,,GIRTH_WELD,5,843.1300000000047,0.0
52582.5,0.43700334824849785,0,0.344,134.146,,GIRTH_WELD,5,843.1300000000047,0.0
52607.5,0.4242217565700249,0,0.344,135.88,,GIRTH_WELD,0,883.2550000000047,0.0
52612.5,0.4267607962183318,0,0.344,135.88,,GIRTH_WELD,0,883.2550000000047,0.0
52617.5,0.3771375920085549,0,0.344,136.212,9:24,UNKNOWN,0,891.0690000000031,7.813999999998487
52622.5,0.37771133694262665,0,0.344,136.212,9:24,UNKNOWN,0,891.0690000000031,7.813999999998487
52627.5,0.37771133694262665,0,0.344,136.212,9:24,UNKNOWN,0,891.0690000000031,7.813999999998487
52647.5,0.33424817112172456,0,0.344,137.556,,GIRTH_WELD,0,923.2680000000037,0.0
52652.5,0.3446637404365255,0,0.344,137.556,,GIRTH_WELD,0,923.2680000000037,0.0
52657.5,0.3438971501342345,0,0.344,137.556,,GIRTH_WELD,0,923.2680000000037,0.0
52662.5,0.3421157631788336,0,0.344,137.556,,GIRTH_WELD,0,923.2680000000037,0.0
52687.5,0.15991379947880097,0,0.344,139.414,,GIRTH_WELD,0,963.4709999999977,0.0
52692.5,0.16518173480368428,0,0.344,139.414,,GIRTH_WELD,0,963.4709999999977,0.0
52697.5,0.16706469988120287,0,0.344,139.414,,GIRTH_WELD,0,963.4709999999977,0.0
52702.5,0.16706469988120287,0,0.344,139.414,,GIRTH_WELD,0,963.4709999999977,0.0
52727.5,0.16394410336046175,0,0.344,141.612,,GIRTH_WELD,0,1003.4780000000028,0.0
52732.5,0.16935423422941945,0,0.344,141.612,,GIRTH_WELD,0,1003.4780000000028,0.0
52737.5,0.18016724815285712,0,0.344,141.792,12:26,UNKNOWN,0,1006.7750000000015,3.2969999999986612
52742.5,0.19371062452615356,0,0.344,141.921,12:27,UNKNOWN,0,1009.2030000000013,5.724999999998545
52747.5,0.20520419321340225,0,0.344,142.517,12:27,UNKNOWN,0,1020.4630000000034,16.985000000000582
52752.5,0.21081270162969395,0,0.344,142.717,12:21,UNKNOWN,0,1024.2260000000024,19.47099999999773
52757.5,0.21473266199873184,0,0.344,142.717,12:21,UNKNOWN,0,1024.2260000000024,19.47099999999773
52762.5,0.21473266199873184,0,0.344,142.717,12:21,UNKNOWN,0,1024.2260000000024,19.47099999999773
52767.5,0.16510660393300092,0,0.344,143.748,,GIRTH_WELD,0,1043.6970000000001,0.0
52772.5,0.17261136419982415,0,0.344,143.748,,GIRTH_WELD,0,1043.6970000000001,0.0
52777.5,0.17261136419982415,0,0.344,143.748,,GIRTH_WELD,0,1043.6970000000001,0.0
52782.5,0.17477208965323254,0,0.344,143.748,,GIRTH_WELD,0,1043.6970000000001,0.0
52807.5,0.2762869924892881,0,0.344,145.559,,GIRTH_WELD,0,1083.783000000003,0.0
52812.5,0.2711019810286999,0,0.344,145.559,,GIRTH_WELD,0,1083.783000000003,0.0
52817.5,0.27645039178014813,0,0.344,145.585,10:18,UNKNOWN,0,1084.3729999999996,0.5899999999965075
52822.5,0.3044465714506598,0,0.344,146.022,,FIELD_BEND,0,1093.3729999999996,9.589999999996508
52827.5,0.30718508421311824,0,0.344,146.022,,FIELD_BEND,0,1093.3729999999996,9.589999999996508
52832.5,0.3017545058472062,0,0.344,146.919,,FIELD_BEND,0,1111.4830000000002,12.661000000000058
52837.5,0.30933925610531215,0,0.344,146.919,,FIELD_BEND,0,1111.4830000000002,12.661000000000058
52842.5,0.30933925610531215,0,0.344,146.919,,FIELD_BEND,0,1111.4830000000002,12.661000000000058
52847.5,0.31080471722504677,0,0.344,146.919,,FIELD_BEND,0,1111.4830000000002,12.661000000000058
52852.5,0.37600183875764803,0,0.344,147.546,,GIRTH_WELD,0,1124.1440000000002,0.0
52857.5,0.38971917518817917,0,0.344,147.546,,GIRTH_WELD,0,1124.1440000000002,0.0
52862.5,0.38971917518817917,0,0.344,147.546,,GIRTH_WELD,0,1124.1440000000002,0.0
52887.5,0.47892227981706936,0,0.344,150.043,,GIRTH_WELD,4,1164.1860000000015,0.0
52892.5,0.4785074927590187,0,0.344,150.043,,GIRTH_WELD,4,1164.1860000000015,0.0
52897.5,0.4785074927590187,0,0.344,150.043,,GIRTH_WELD,4,1164.1860000000015,0.0
52902.5,0.4908552481711441,0,0.344,150.566,,FIELD_BEND,4,1172.037000000004,7.8510000000023865
52907.5,0.47763436627100636,0,0.344,150.566,,FIELD_BEND,4,1172.037000000004,7.8510000000023865
52927.5,0.5713293687967398,1,0.344,152.789,,GIRTH_WELD,7,1204.5469999999987,0.0
52932.5,0.5631985972597777,1,0.344,152.789,,GIRTH_WELD,7,1204.5469999999987,0.0
52937.5,0.5860385382623196,1,0.344,152.918,10:22,METAL_LOSS,7,1206.423999999999,1.8770000000004075
52942.5,0.5927772989704545,1,0.344,153.4,10:23,METAL_LOSS,7,1212.5290000000023,7.982000000003609
52947.5,0.5821963526909991,1,0.344,153.4,10:23,METAL_LOSS,7,1212.5290000000023,7.982000000003609
52952.5,0.6030315436980517,1,0.344,154.723,10:40,METAL_LOSS,7,1229.048999999999,15.569999999999709
52957.5,0.598701033376579,1,0.344,154.723,10:40,METAL_LOSS,7,1229.048999999999,15.569999999999709
52962.5,0.598701033376579,1,0.344,154.723,10:40,METAL_LOSS,7,1229.048999999999,15.569999999999709
52967.5,0.5742703949027085,1,0.344,155.97,,GIRTH_WELD,7,1244.6189999999988,0.0
52972.5,0.5671861173836169,1,0.344,155.97,,GIRTH_WELD,7,1244.6189999999988,0.0
52977.5,0.5671861173836169,1,0.344,155.97,,GIRTH_WELD,7,1244.6189999999988,0.0
52982.5,0.5671861173836169,1,0.344,155.97,,GIRTH_WELD,7,1244.6189999999988,0.0
52987.5,0.44099932371335604,0,0.344,157.564,,GIRTH_WELD,2,1263.2050000000017,0.0
52992.5,0.4315707594879066,0,0.344,157.564,,GIRTH_WELD,2,1263.2050000000017,0.0
52997.5,0.4315707594879066,0,0.344,157.564,,GIRTH_WELD,2,1263.2050000000017,0.0
53002.5,0.4337538592444876,0,0.344,157.564,,GIRTH_WELD,2,1263.2050000000017,0.0
53027.5,0.4415193558612319,0,0.344,160.696,,GIRTH_WELD,0,1266.5020000000004,0.0
53032.5,0.4299383509752841,0,0.344,160.696,,GIRTH_WELD,0,1266.5020000000004,0.0
53037.5,0.4299383509752841,0,0.344,160.696,,GIRTH_WELD,0,1266.5020000000004,0.0
53042.5,0.4299383509752841,0,0.344,160.696,,GIRTH_WELD,0,1266.5020000000004,0.0
53067.5,0.3055446624557241,0,0.344,163.263,,GIRTH_WELD,0,1226.2890000000043,0.0
53072.5,0.30072696015178285,0,0.344,163.263,,GIRTH_WELD,0,1226.2890000000043,0.0
53077.5,0.2893372382260081,0,0.344,163.604,10:06,UNKNOWN,0,1221.0270000000019,5.262000000002445
53082.5,0.2907182364766493,0,0.344,163.88,10:14,UNKNOWN,0,1216.8899999999994,9.39900000000489
53087.5,0.28704672540536474,0,0.344,163.88,10:14,UNKNOWN,0,1216.8899999999994,9.39900000000489
53092.5,0.29027771044277123,0,0.344,163.88,10:14,UNKNOWN,0,1216.8899999999994,9.39900000000489
53107.5,0.385205366868806,0,0.344,165.923,,GIRTH_WELD,0,1186.273000000001,0.0
53112.5,0.3890895071957896,0,0.344,165.923,,GIRTH_WELD,0,1186.273000000001,0.0
53117.5,0.38800206098432727,0,0.344,165.923,,GIRTH_WELD,0,1186.273000000001,0.0
53122.5,0.38800206098432727,0,0.344,165.923,,GIRTH_WELD,0,1186.273000000001,0.0
53147.5,0.39704537662155326,0,0.344,168.528,,GIRTH_WELD,3,1146.050000000003,0.0
53152.5,0.40197146181946275,0,0.344,168.528,,GIRTH_WELD,3,1146.050000000003,0.0
53157.5,0.40014061983414256,0,0.344,168.528,,GIRTH_WELD,3,1146.050000000003,0.0
53162.5,0.40014061983414256,0,0.344,168.528,,GIRTH_WELD,3,1146.050000000003,0.0
53182.5,0.538189718145631,1,0.344,170.98,,AGM,7,1108.5690000000031,2.552000000003318
53187.5,0.5319954963150626,1,0.344,170.98,,AGM,7,1108.5690000000031,2.552000000003318
53192.5,0.5218119086888592,1,0.344,171.147,,GIRTH_WELD,7,1106.0169999999998,0.0
53197.5,0.5379773670653197,1,0.344,171.26,12:02,METAL_LOSS,7,1104.2940000000017,1.7229999999981374
53202.5,0.5532033649139422,1,0.344,172.196,9:57,METAL_LOSS,7,1092.7560000000012,13.260999999998603
53207.5,0.5489706940249475,1,0.344,172.196,9:57,METAL_LOSS,7,1092.7560000000012,13.260999999998603
53212.5,0.5571444287620158,1,0.344,172.49,10:19,METAL_LOSS,7,1089.1860000000015,16.830999999998312
53217.5,0.552911757873021,1,0.344,172.49,10:19,METAL_LOSS,7,1089.1860000000015,16.830999999998312
53227.5,0.6162131269341465,1,0.344,174.385,,GIRTH_WELD,7,1066.1510000000053,0.0
53232.5,0.6103222668200718,1,0.344,174.385,,GIRTH_WELD,7,1066.1510000000053,0.0
53237.5,0.6103222668200718,1,0.344,174.385,,GIRTH_WELD,7,1066.1510000000053,0.0
53242.5,0.6103222668200718,1,0.344,174.385,,GIRTH_WELD,7,1066.1510000000053,0.0
53257.5,0.5364567497175466,1,0.344,177.575,,FIELD_BEND,0,1036.5980000000054,10.41700000000128
53262.5,0.5408032712371571,1,0.344,177.575,,FIELD_BEND,0,1036.5980000000054,10.41700000000128
53267.5,0.5408032712371571,1,0.344,177.575,,FIELD_BEND,0,1036.5980000000054,10.41700000000128
53272.5,0.5427970121335361,1,0.344,178.724,,GIRTH_WELD,2,1026.1810000000041,0.0
53277.5,0.5452827585388971,1,0.344,179.531,10:18,UNKNOWN,2,1020.0690000000031,6.1120000000009895
53282.5,0.5520938773032694,1,0.344,179.964,10:22,UNKNOWN,2,1017.1290000000008,9.052000000003318
53287.5,0.5593107747846782,1,0.344,180.777,10:19,UNKNOWN,2,1011.5980000000054,14.58299999999872
53292.5,0.5574682622217058,1,0.344,181.544,10:20,UNKNOWN,2,1006.3880000000063,19.792999999997846
53297.5,0.5549634487444713,1,0.344,182.402,10:22,UNKNOWN,2,1000.5509999999995,14.550999999999476
53302.5,0.5513898210669759,1,0.344,182.891,10:17,UNKNOWN,2,997.224000000002,11.224000000001979
53307.5,0.5436743918637141,1,0.344,182.891,10:17,UNKNOWN,2,997.224000000002,11.224000000001979
53312.5,0.5532594589213341,1,0.344,184.542,,GIRTH_WELD,6,986.0,0.0
53317.5,0.5611614147213522,1,0.344,184.689,4:41,METAL_LOSS,6,985.0060000000012,0.9939999999987776
53322.5,0.5523915765283786,1,0.344,184.689,4:41,METAL_LOSS,6,985.0060000000012,0.9939999999987776
53347.5,0.7514418867243164,1,0.344,190.753,,GIRTH_WELD,12,945.8660000000018,0.0
53352.5,0.7588271989123004,1,0.344,190.753,,GIRTH_WELD,12,945.8660000000018,0.0
53357.5,0.7672180802753039,1,0.344,191.219,11:01,METAL_LOSS,12,942.8940000000002,2.9720000000015716
53362.5,0.7719674806696086,1,0.344,191.219,11:01,METAL_LOSS,12,942.8940000000002,2.9720000000015716
53377.5,0.78653235809908,1,0.344,195.949,06:00,DENT,9,914.1110000000044,8.402999999998428
53382.5,0.7948045915197607,1,0.344,195.949,06:00,DENT,9,914.1110000000044,8.402999999998428
53387.5,0.7948045915197607,1,0.344,195.949,06:00,DENT,9,914.1110000000044,8.402999999998428
53392.5,0.7729501220508104,1,0.344,197.329,,GIRTH_WELD,9,905.708000000006,0.0
53397.5,0.7736040888277216,1,0.344,197.597,4:56,METAL_LOSS,9,904.0780000000013,1.6300000000046566
53402.5,0.782545856103934,1,0.344,197.597,4:56,METAL_LOSS,9,904.0780000000013,1.6300000000046566
53427.5,0.7456723068555469,1,0.344,203.743,,GIRTH_WELD,9,865.5640000000058,0.0
53432.5,0.7529701461750874,1,0.344,203.743,,GIRTH_WELD,9,865.5640000000058,0.0
53437.5,0.7528522940726126,1,0.344,203.743,,GIRTH_WELD,9,865.5640000000058,0.0
53442.5,0.7533105877481251,1,0.344,203.743,,GIRTH_WELD,9,865.5640000000058,0.0
53452.5,0.39252906527830383,0,0.344,207.767,,FIELD_BEND,3,839.6160000000018,14.333999999995285
53457.5,0.3807428338714467,0,0.344,207.767,,FIELD_BEND,3,839.6160000000018,14.333999999995285
53462.5,0.3807428338714467,0,0.344,207.767,,FIELD_BEND,3,839.6160000000018,14.333999999995285
53467.5,0.38232180312593833,0,0.344,209.984,,GIRTH_WELD,3,825.2820000000065,0.0
53472.5,0.3726865243260245,0,0.344,209.984,,GIRTH_WELD,3,825.2820000000065,0.0
53477.5,0.37152600890640597,0,0.344,210.137,4:29,METAL_LOSS,3,824.2880000000005,0.9940000000060536
53482.5,0.35761612781924457,0,0.344,210.137,4:29,METAL_LOSS,3,824.2880000000005,0.9940000000060536
53497.5,0.2354124722223288,0,0.344,213.378,,FIELD_BEND,3,794.2520000000004,9.10099999999511
53502.5,0.21867072515763603,0,0.344,213.378,,FIELD_BEND,3,794.2520000000004,9.10099999999511
53507.5,0.21867072515763603,0,0.344,213.378,,FIELD_BEND,3,794.2520000000004,9.10099999999511
53512.5,0.21071228491036803,0,0.344,214.337,,GIRTH_WELD,3,785.1510000000053,0.0
53517.5,0.20338298113530925,0,0.344,214.337,,GIRTH_WELD,3,785.1510000000053,0.0
53522.5,0.20338298113530925,0,0.344,214.337,,GIRTH_WELD,3,785.1510000000053,0.0
53532.5,0.2848524297392393,0,0.344,216.008,,FIELD_BEND,0,760.6130000000048,15.843000000000757
53537.5,0.2671356279684823,0,0.344,216.008,,FIELD_BEND,0,760.6130000000048,15.843000000000757
53542.5,0.2671356279684823,0,0.344,216.008,,FIELD_BEND,0,760.6130000000048,15.843000000000757
53547.5,0.27498690992660746,0,0.344,217.02,,GIRTH_WELD,0,744.7700000000041,0.0
53552.5,0.2660449493316983,0,0.344,217.02,,GIRTH_WELD,0,744.7700000000041,0.0
53557.5,0.2660449493316983,0,0.344,217.02,,GIRTH_WELD,0,744.7700000000041,0.0
53562.5,0.2660449493316983,0,0.344,217.02,,GIRTH_WELD,0,744.7700000000041,0.0
53587.5,0.27169014519375234,0,0.344,219.149,,GIRTH_WELD,0,704.7050000000017,0.0
53592.5,0.2558173540472995,0,0.344,219.149,,GIRTH_WELD,0,704.7050000000017,0.0
53597.5,0.2558173540472995,0,0.344,219.149,,GIRTH_WELD,0,704.7050000000017,0.0
53602.5,0.2544939903999922,0,0.344,219.149,,GIRTH_WELD,0,704.7050000000017,0.0
53627.5,0.173657798746829,0,0.344,221.222,,GIRTH_WELD,0,664.4680000000008,0.0
53632.5,0.17892855536815555,0,0.344,221.222,,GIRTH_WELD,0,664.4680000000008,0.0
53637.5,0.17892855536815555,0,0.344,221.222,,GIRTH_WELD,0,664.4680000000008,0.0
53642.5,0.17892855536815555,0,0.344,221.222,,GIRTH_WELD,0,664.4680000000008,0.0
53667.5,0.16990499280925214,0,0.344,223.422,,GIRTH_WELD,0,624.4190000000017,0.0
53672.5,0.1784931983424916,0,0.344,223.422,,GIRTH_WELD,0,624.4190000000017,0.0
53677.5,0.1784931983424916,0,0.344,223.422,,GIRTH_WELD,0,624.4190000000017,0.0
53682.5,0.1784931983424916,0,0.344,223.422,,GIRTH_WELD,0,624.4190000000017,0.0
53707.5,0.16408571617467238,0,0.344,225.699,,GIRTH_WELD,0,584.3080000000045,0.0
53712.5,0.17466277109550304,0,0.344,225.699,,GIRTH_WELD,0,584.3080000000045,0.0
53717.5,0.17466277109550304,0,0.344,225.699,,GIRTH_WELD,0,584.3080000000045,0.0
53722.5,0.17466277109550304,0,0.344,225.699,,GIRTH_WELD,0,584.3080000000045,0.0
53737.5,0.16480862368577998,0,0.344,227.736,,GIRTH_WELD,0,553.0740000000005,0.0
53742.5,0.17696163732428932,0,0.344,227.736,,GIRTH_WELD,0,553.0740000000005,0.0
53747.5,0.17696163732428932,0,0.344,227.736,,GIRTH_WELD,0,553.0740000000005,0.0
53752.5,0.17863433759917993,0,0.344,227.686,,FIELD_BEND,0,543.487000000001,9.586999999999534
53757.5,0.20216641052164394,0,0.344,227.686,,FIELD_BEND,0,543.487000000001,9.586999999999534
53762.5,0.20216641052164394,0,0.344,227.686,,FIELD_BEND,0,543.487000000001,9.586999999999534
53767.5,0.18308464127454546,0,0.344,227.176,,FIELD_BEND,0,526.5980000000054,13.918000000005122
53772.5,0.20584009891732383,0,0.344,227.176,,FIELD_BEND,0,526.5980000000054,13.918000000005122
53777.5,0.20584009891732383,0,0.344,227.176,,FIELD_BEND,0,526.5980000000054,13.918000000005122
53782.5,0.1419473726648317,0,0.344,226.755,,GIRTH_WELD,0,512.6800000000003,0.0
53787.5,0.17949106571769252,0,0.344,226.755,,GIRTH_WELD,0,512.6800000000003,0.0
53792.5,0.17949106571769252,0,0.344,226.755,,GIRTH_WELD,0,512.6800000000003,0.0
53797.5,0.1913383593481527,0,0.344,223.361,,FIELD_BEND,0,492.6670000000013,20.01299999999901
53802.5,0.20958569279918987,0,0.344,223.361,,FIELD_BEND,0,492.6670000000013,20.01299999999901
53807.5,0.20958569279918987,0,0.344,223.361,,FIELD_BEND,0,492.6670000000013,20.01299999999901
53812.5,0.20958569279918987,0,0.344,223.361,,FIELD_BEND,0,492.6670000000013,20.01299999999901
53817.5,0.15631195259761882,0,0.344,219.544,,GIRTH_WELD,0,472.51600000000326,0.0
53822.5,0.19771358518859347,0,0.344,219.544,,GIRTH_WELD,0,472.51600000000326,0.0
53827.5,0.19903694883590078,0,0.344,219.544,,GIRTH_WELD,0,472.51600000000326,0.0
53832.5,0.19381432459313946,0,0.344,218.091,,FIELD_BEND,0,467.083000000006,5.432999999997264
53837.5,0.21432671678010107,0,0.344,218.091,,FIELD_BEND,0,467.083000000006,5.432999999997264
53842.5,0.216257658953732,0,0.344,218.091,,FIELD_BEND,0,467.083000000006,5.432999999997264
53857.5,0.12436697942724495,0,0.344,206.452,,GIRTH_WELD,0,432.2270000000062,0.0
53862.5,0.15878188796736684,0,0.344,206.452,,GIRTH_WELD,0,432.2270000000062,0.0
53867.5,0.15973848956383616,0,0.344,206.452,,GIRTH_WELD,0,432.2270000000062,0.0
53872.5,0.15719797507228,0,0.344,206.452,,GIRTH_WELD,0,432.2270000000062,0.0
53877.5,0.1578538377676192,0,0.344,200.435,,FIELD_BEND,0,418.13300000000163,14.094000000004598
53882.5,0.17799347593393314,0,0.344,200.435,,FIELD_BEND,0,418.13300000000163,14.094000000004598
53887.5,0.17799347593393314,0,0.344,200.435,,FIELD_BEND,0,418.13300000000163,14.094000000004598
53902.5,0.1230521206622685,0,0.344,188.825,,GIRTH_WELD,0,392.1550000000061,0.0
53907.5,0.14878916093634487,0,0.344,188.825,,GIRTH_WELD,0,392.1550000000061,0.0
53912.5,0.14698313318723813,0,0.344,188.825,,GIRTH_WELD,0,392.1550000000061,0.0
53917.5,0.14698313318723813,0,0.344,188.825,,GIRTH_WELD,0,392.1550000000061,0.0
53942.5,0.12667633567133652,0,0.344,169.27,,GIRTH_WELD,0,352.04700000000594,0.0
53947.5,0.14613609627247798,0,0.344,169.27,,GIRTH_WELD,0,352.04700000000594,0.0
53952.5,0.1447181974963943,0,0.344,169.27,,GIRTH_WELD,0,352.04700000000594,0.0
53957.5,0.16656033345135893,0,0.344,164.257,,FIELD_BEND,0,340.83600000000297,11.211000000002969
53962.5,0.1726257162988155,0,0.344,164.257,,FIELD_BEND,0,340.83600000000297,11.211000000002969
53967.5,0.1726257162988155,0,0.344,164.257,,FIELD_BEND,0,340.83600000000297,11.211000000002969
53972.5,0.13883859398946444,0,0.344,155.018,,GIRTH_WELD,0,319.596000000005,0.0
53977.5,0.13888784041674235,0,0.344,155.018,,GIRTH_WELD,0,319.596000000005,0.0
53982.5,0.13418850870670923,0,0.344,155.018,,GIRTH_WELD,0,319.596000000005,0.0
53987.5,0.13570385958390221,0,0.344,155.018,,GIRTH_WELD,0,319.596000000005,0.0
54002.5,0.19006673139659278,0,0.344,143.839,,FIELD_BEND,0,290.5149999999994,11.151999999994587
54007.5,0.18816046165700648,0,0.344,143.839,,FIELD_BEND,0,290.5149999999994,11.151999999994587
54012.5,0.18829005512813338,0,0.344,143.839,,FIELD_BEND,0,290.5149999999994,11.151999999994587
54017.5,0.15272736394546646,0,0.344,139.605,,GIRTH_WELD,0,279.36300000000483,0.0
54022.5,0.15030163644496822,0,0.344,139.605,,GIRTH_WELD,0,279.36300000000483,0.0
54027.5,0.15128380989123194,0,0.344,139.605,,GIRTH_WELD,0,279.36300000000483,0.0
54052.5,0.15785346931204647,0,0.344,129.01,,GIRTH_WELD,0,239.21199999999953,0.0
54057.5,0.14997255518285468,0,0.344,129.01,,GIRTH_WELD,0,239.21199999999953,0.0
54062.5,0.15360775734729176,0,0.344,129.01,,GIRTH_WELD,0,239.21199999999953,0.0
54067.5,0.1621595036311062,0,0.344,129.01,,GIRTH_WELD,0,239.21199999999953,0.0
54072.5,0.2067076224828573,0,0.344,126.765,,FIELD_BEND,0,224.875,14.336999999999534
54077.5,0.20842519329621406,0,0.344,126.765,,FIELD_BEND,0,224.875,14.336999999999534
54082.5,0.20842519329621406,0,0.344,126.765,,FIELD_BEND,0,224.875,14.336999999999534
54092.5,0.18073247357145417,0,0.344,123.258,,GIRTH_WELD,0,198.98600000000442,0.0
54097.5,0.18119768114491264,0,0.344,123.258,,GIRTH_WELD,0,198.98600000000442,0.0
54102.5,0.18119768114491264,0,0.344,123.258,,GIRTH_WELD,0,198.98600000000442,0.0
54107.5,0.18119768114491264,0,0.344,123.258,,GIRTH_WELD,0,198.98600000000442,0.0
54132.5,0.17572443660881526,0,0.344,121.166,,GIRTH_WELD,0,158.82200000000012,0.0
54137.5,0.18491341908876463,0,0.344,121.166,,GIRTH_WELD,0,158.82200000000012,0.0
54142.5,0.18491341908876463,0,0.344,121.166,,GIRTH_WELD,0,158.82200000000012,0.0
54147.5,0.18491341908876463,0,0.344,121.166,,GIRTH_WELD,0,158.82200000000012,0.0
54172.5,0.1755691476926832,0,0.344,119.671,,GIRTH_WELD,0,118.74300000000221,0.0
54177.5,0.1824420250129479,0,0.344,119.671,,GIRTH_WELD,0,118.74300000000221,0.0
54182.5,0.1824420250129479,0,0.344,119.671,,GIRTH_WELD,0,118.74300000000221,0.0
54187.5,0.1824420250129479,0,0.344,119.671,,GIRTH_WELD,0,118.74300000000221,0.0
54202.5,0.20906763238565784,0,0.344,118.1,,FIELD_BEND,0,91.65700000000652,13.127000000000407
54207.5,0.21755070815193417,0,0.344,118.1,,FIELD_BEND,0,91.65700000000652,13.127000000000407
54212.5,0.21755070815193417,0,0.344,118.1,,FIELD_BEND,0,91.65700000000652,13.127000000000407
54217.5,0.180404346994421,0,0.344,117.31,,GIRTH_WELD,0,78.53000000000611,0.0
54222.5,0.1857771474126052,0,0.344,117.31,,GIRTH_WELD,0,78.53000000000611,0.0
54227.5,0.1857771474126052,0,0.344,117.31,,GIRTH_WELD,0,78.53000000000611,0.0
54232.5,0.21883896625932617,0,0.344,114.352,,FIELD_BEND,0,61.25600000000122,13.97899999999936
54237.5,0.2241866288787987,0,0.344,114.352,,FIELD_BEND,0,61.25600000000122,13.97899999999936
54242.5,0.2241866288787987,0,0.344,114.352,,FIELD_BEND,0,61.25600000000122,13.97899999999936
54247.5,0.19185803892761744,0,0.344,111.695,,GIRTH_WELD,0,47.27700000000186,0.0
54252.5,0.19476420367874236,0,0.344,111.695,,GIRTH_WELD,0,47.27700000000186,0.0
54257.5,0.2127997743065709,0,0.344,110.095,,FIELD_BEND,0,41.54200000000128,5.735000000000582
54262.5,0.2173867107786004,0,0.344,110.095,,FIELD_BEND,0,41.54200000000128,5.735000000000582
54267.5,0.2173867107786004,0,0.344,110.095,,FIELD_BEND,0,41.54200000000128,5.735000000000582
54287.5,0.2633085435385084,0,0.5,98.076,,GIRTH_WELD,0,6.958000000005995,0.0
54292.5,0.2763471651481142,0,0.5,98.076,,GIRTH_WELD,0,6.958000000005995,0.0
54297.5,0.2879472936910943,0,0.5,97.3,,BEND,0,0.0,6.958000000005995
54302.5,0.3041368958667816,0,0.5,97.3,,BEND,0,0.0,6.958000000005995
54307.5,0.3078898807496987,0,0.344,97.45,,GIRTH_WELD,0,7.47099999999773,0.0
54312.5,0.3001238327591916,0,0.344,97.45,,GIRTH_WELD,0,7.47099999999773,0.0
54317.5,0.29821185639459113,0,0.344,105.061,8:36,UNKNOWN,0,27.822000000000116,19.897999999993772
54322.5,0.29033272641140595,0,0.344,105.061,8:36,UNKNOWN,0,27.822000000000116,19.897999999993772
54327.5,0.29033272641140595,0,0.344,105.061,8:36,UNKNOWN,0,27.822000000000116,19.897999999993772
54332.5,0.3160265163624358,0,0.344,107.002,,FIELD_BEND,0,32.40799999999581,15.31199999999808
54337.5,0.3567333315556169,0,0.344,109.047,8:31,UNKNOWN,0,37.237999999997555,10.481999999996333
54342.5,0.3760690795242693,0,0.344,113.483,,GIRTH_WELD,0,47.71999999999389,0.0
54347.5,0.3724062248212625,0,0.344,113.483,,GIRTH_WELD,0,47.71999999999389,0.0
54352.5,0.3724062248212625,0,0.344,113.483,,GIRTH_WELD,0,47.71999999999389,0.0
54357.5,0.415157236586045,0,0.344,116.104,,UNKNOWN,0,61.78499999999622,14.065000000002328
54362.5,0.415157236586045,0,0.344,116.147,,UNKNOWN,0,62.099999999998545,14.380000000004657
54367.5,0.41881247313261816,0,0.344,116.453,,UNKNOWN,0,64.36699999999837,16.647000000004482
54372.5,0.4162694727101567,0,0.344,117.579,,UNKNOWN,0,72.69999999999709,15.345000000001164
54377.5,0.40946287624240313,0,0.344,118.54,,UNKNOWN,0,79.8070000000007,8.237999999997555
54382.5,0.4089805735707627,0,0.344,118.596,,UNKNOWN,0,80.22299999999814,7.822000000000116
54387.5,0.4763150982207956,0,0.344,119.653,,GIRTH_WELD,4,88.04499999999825,0.0
54392.5,0.47096848246351236,0,0.344,120.129,,GIRTH_WELD,4,96.22699999999895,0.0
54397.5,0.4580653291931791,0,0.344,120.129,,GIRTH_WELD,4,96.22699999999895,0.0
54402.5,0.4580653291931791,0,0.344,120.129,,GIRTH_WELD,4,96.22699999999895,0.0
54422.5,0.533689661109434,1,0.344,122.774,10:22,METAL_LOSS,8,131.7719999999972,4.743999999998778
54427.5,0.5332366839061582,1,0.344,122.774,10:22,METAL_LOSS,8,131.7719999999972,4.743999999998778
54432.5,0.5339979174918349,1,0.344,122.813,10:28,METAL_LOSS,8,132.26699999999983,4.248999999996158
54437.5,0.5144321170498954,1,0.344,123.145,,GIRTH_WELD,8,136.51599999999598,0.0
54442.5,0.5095609005948973,1,0.344,123.145,,GIRTH_WELD,8,136.51599999999598,0.0
54447.5,0.5637195249908399,1,0.344,125.693,4:54,METAL_LOSS,8,155.3509999999951,18.834999999999127
54452.5,0.5611410257888281,1,0.344,125.693,4:54,METAL_LOSS,8,155.3509999999951,18.834999999999127
54457.5,0.5611410257888281,1,0.344,125.693,4:54,METAL_LOSS,8,155.3509999999951,18.834999999999127
54462.5,0.5611410257888281,1,0.344,125.693,4:54,METAL_LOSS,8,155.3509999999951,18.834999999999127
54467.5,0.6133458068934434,1,0.344,128.761,,GIRTH_WELD,8,176.66399999999703,0.0
54472.5,0.6120179142923899,1,0.344,128.761,,GIRTH_WELD,8,176.66399999999703,0.0
54477.5,0.6120179142923899,1,0.344,128.761,,GIRTH_WELD,8,176.66399999999703,0.0
54482.5,0.5570293068092753,1,0.344,130.029,,UNKNOWN,5,182.77299999999377,6.10899999999674
54487.5,0.5510756928851588,1,0.344,130.689,,UNKNOWN,5,185.39999999999418,8.735999999997148
54492.5,0.5314564216849046,1,0.344,130.689,,UNKNOWN,5,185.39999999999418,8.735999999997148
54507.5,0.5647360708492237,1,0.344,138.623,,GIRTH_WELD,1,216.97499999999854,0.0
54512.5,0.5544118165727133,1,0.344,138.623,,GIRTH_WELD,1,216.97499999999854,0.0
54517.5,0.5526293125301496,1,0.344,138.623,,GIRTH_WELD,1,216.97499999999854,0.0
54522.5,0.5532623282868371,1,0.344,138.623,,GIRTH_WELD,1,216.97499999999854,0.0
54527.5,0.5405040999642863,1,0.344,142.286,,FIELD_BEND,1,229.10800000000017,12.13300000000163
54532.5,0.5326334111240371,1,0.344,142.286,,FIELD_BEND,1,229.10800000000017,12.13300000000163
54537.5,0.5326334111240371,1,0.344,142.286,,FIELD_BEND,1,229.10800000000017,12.13300000000163
54547.5,0.36513038814396337,0,0.344,151.076,,GIRTH_WELD,6,257.0109999999986,0.0
54552.5,0.3531254250038673,0,0.344,151.076,,GIRTH_WELD,6,257.0109999999986,0.0
54557.5,0.3531254250038673,0,0.344,151.076,,GIRTH_WELD,6,257.0109999999986,0.0
54562.5,0.4099825975723338,0,0.344,154.095,5:51,METAL_LOSS,6,265.86299999999756,8.851999999998952
54567.5,0.4099825975723338,0,0.344,154.116,4:56,METAL_LOSS,6,265.92199999999866,8.911000000000058
54572.5,0.3939088577250465,0,0.344,158.107,,FIELD_BEND,6,277.28399999999965,20.273000000001048
54577.5,0.38461942046406816,0,0.344,158.107,,FIELD_BEND,6,277.28399999999965,20.273000000001048
54582.5,0.38680252022064926,0,0.344,158.107,,FIELD_BEND,6,277.28399999999965,20.273000000001048
54587.5,0.36747341540875383,0,0.344,164.629,,UNKNOWN,6,295.84999999999854,35.799999999995634
54592.5,0.36235629555229815,0,0.344,164.629,,UNKNOWN,6,295.84999999999854,35.799999999995634
54597.5,0.3893810898686941,0,0.344,165.377,6:02,METAL_LOSS,6,297.97899999999936,33.67099999999482
54602.5,0.3669655511718647,0,0.344,165.512,,UNKNOWN,6,298.36299999999756,33.286999999996624
54607.5,0.3583272744454164,0,0.344,165.512,,UNKNOWN,6,298.36299999999756,33.286999999996624
54622.5,0.31979894994955466,0,0.344,177.777,,GIRTH_WELD,4,331.6499999999942,0.0
54627.5,0.32190504690431765,0,0.344,177.777,,GIRTH_WELD,4,331.6499999999942,0.0
54632.5,0.32085855288644693,0,0.344,177.777,,GIRTH_WELD,4,331.6499999999942,0.0
54637.5,0.3533199262293084,0,0.344,180.897,,FIELD_BEND,4,339.7079999999987,8.05800000000454
54642.5,0.3586230371540473,0,0.344,180.897,,FIELD_BEND,4,339.7079999999987,8.05800000000454
54647.5,0.3650744642287659,0,0.344,180.897,,FIELD_BEND,4,339.7079999999987,8.05800000000454
54662.5,0.2937794236848336,0,0.344,193.594,,GIRTH_WELD,0,371.83699999999953,0.0
54667.5,0.2900875340523156,0,0.344,193.594,,GIRTH_WELD,0,371.83699999999953,0.0
54672.5,0.2900875340523156,0,0.344,193.594,,GIRTH_WELD,0,371.83699999999953,0.0
54677.5,0.2891695018864375,0,0.344,196.14,1:15,UNKNOWN,0,378.2939999999944,6.456999999994878
54682.5,0.2936924591035124,0,0.344,197.043,1:14,UNKNOWN,0,380.59100000000035,8.754000000000815
54687.5,0.2851594132310493,0,0.344,197.043,1:14,UNKNOWN,0,380.59100000000035,8.754000000000815
54702.5,0.2863105319588231,0,0.344,209.378,,GIRTH_WELD,0,411.9459999999963,0.0
54707.5,0.2604990021180201,0,0.344,209.378,,GIRTH_WELD,0,411.9459999999963,0.0
54712.5,0.2661027747234176,0,0.344,209.378,,GIRTH_WELD,0,411.9459999999963,0.0
54717.5,0.2674024612437938,0,0.344,209.378,,GIRTH_WELD,0,411.9459999999963,0.0
54722.5,0.27156868402198836,0,0.344,213.713,,FIELD_BEND,0,430.4429999999993,18.497000000003027
54727.5,0.25056284075844215,0,0.344,213.713,,FIELD_BEND,0,430.4429999999993,18.497000000003027
54732.5,0.25056284075844215,0,0.344,213.713,,FIELD_BEND,0,430.4429999999993,18.497000000003027
54737.5,0.25056284075844215,0,0.344,213.713,,FIELD_BEND,0,430.4429999999993,18.497000000003027
54742.5,0.18818304674436528,0,0.344,218.061,,UNKNOWN,0,451.1909999999989,1.0829999999987194
54747.5,0.18647165754744358,0,0.344,218.061,,UNKNOWN,0,451.1909999999989,1.0829999999987194
54752.5,0.17820866718965522,0,0.344,218.288,,GIRTH_WELD,0,452.2739999999976,0.0
54757.5,0.19169277285459327,0,0.344,218.549,,UNKNOWN,0,453.5169999999998,1.243000000002212
54762.5,0.19352588224705347,0,0.344,218.549,,UNKNOWN,0,453.5169999999998,1.243000000002212
54767.5,0.2116645156162255,0,0.344,220.204,6:24,UNKNOWN,0,474.3469999999943,9.400000000001455
54772.5,0.21260199893956996,0,0.344,220.204,6:24,UNKNOWN,0,474.3469999999943,9.400000000001455
54777.5,0.21260199893956996,0,0.344,220.204,6:24,UNKNOWN,0,474.3469999999943,9.400000000001455
54782.5,0.2297804289649598,0,0.344,220.873,,GIRTH_WELD,0,483.74699999999575,0.0
54787.5,0.2185460412941732,0,0.344,220.873,,GIRTH_WELD,0,483.74699999999575,0.0
54792.5,0.2185460412941732,0,0.344,220.873,,GIRTH_WELD,0,483.74699999999575,0.0
54802.5,0.27038270106543644,0,0.344,221.92,,FIELD_BEND,0,511.0859999999957,12.919999999998254
54807.5,0.2462374507170205,0,0.344,221.92,,FIELD_BEND,0,511.0859999999957,12.919999999998254
54812.5,0.2462374507170205,0,0.344,221.92,,FIELD_BEND,0,511.0859999999957,12.919999999998254
54817.5,0.24042156363000594,0,0.344,222.373,,GIRTH_WELD,0,524.005999999994,0.0
54822.5,0.2220170914693352,0,0.344,222.373,,GIRTH_WELD,0,524.005999999994,0.0
54827.5,0.2220170914693352,0,0.344,222.373,,GIRTH_WELD,0,524.005999999994,0.0
54832.5,0.2220170914693352,0,0.344,222.373,,GIRTH_WELD,0,524.005999999994,0.0
54857.5,0.19986416866279683,0,0.344,222.488,,GIRTH_WELD,0,564.002999999997,0.0
54862.5,0.2023914452399285,0,0.344,222.488,,GIRTH_WELD,0,564.002999999997,0.0
54867.5,0.2023914452399285,0,0.344,222.488,,GIRTH_WELD,0,564.002999999997,0.0
54872.5,0.2023914452399285,0,0.344,222.488,,GIRTH_WELD,0,564.002999999997,0.0
54897.5,0.1830085954273475,0,0.344,222.49,,GIRTH_WELD,1,604.2029999999941,0.0
54902.5,0.1830085954273475,0,0.344,222.49,,GIRTH_WELD,1,604.2029999999941,0.0
54907.5,0.1830085954273475,0,0.344,222.49,,GIRTH_WELD,1,604.2029999999941,0.0
54912.5,0.19795572230882275,0,0.344,222.473,10:58,METAL_LOSS,1,615.426999999996,11.224000000001979
54917.5,0.19892206115454955,0,0.344,222.473,10:58,METAL_LOSS,1,615.426999999996,11.224000000001979
54922.5,0.18726834892899322,0,0.344,222.456,11:30,UNKNOWN,1,623.5139999999956,19.311000000001513
54927.5,0.19342567714439865,0,0.344,222.454,11:29,UNKNOWN,1,624.8689999999988,19.4059999999954
54932.5,0.1932682560291562,0,0.344,222.454,11:29,UNKNOWN,1,624.8689999999988,19.4059999999954
54937.5,0.1925328089858578,0,0.344,222.415,,GIRTH_WELD,1,644.2749999999942,0.0
54942.5,0.1975592823048872,0,0.344,222.415,,GIRTH_WELD,1,644.2749999999942,0.0
54947.5,0.1975592823048872,0,0.344,222.415,,GIRTH_WELD,1,644.2749999999942,0.0
54952.5,0.1975592823048872,0,0.344,222.415,,GIRTH_WELD,1,644.2749999999942,0.0
54977.5,0.1777647309702882,0,0.344,222.138,,GIRTH_WELD,0,684.4589999999953,0.0
54982.5,0.22913736628851836,0,0.344,222.138,,GIRTH_WELD,0,684.4589999999953,0.0
54987.5,0.22913736628851836,0,0.344,222.138,,GIRTH_WELD,0,684.4589999999953,0.0
54992.5,0.23013245023772125,0,0.344,222.133,2:45,UNKNOWN,0,691.6729999999952,7.213999999999942
54997.5,0.24700020849101775,0,0.344,222.144,,FIELD_BEND,0,695.8109999999942,11.351999999998952
55002.5,0.24767344430978788,0,0.344,222.144,,FIELD_BEND,0,695.8109999999942,11.351999999998952
55017.5,0.2567239024951979,0,0.344,222.223,,GIRTH_WELD,0,724.4979999999996,0.0
55022.5,0.2586250939842598,0,0.344,222.223,,GIRTH_WELD,0,724.4979999999996,0.0
55027.5,0.2586250939842598,0,0.344,222.223,,GIRTH_WELD,0,724.4979999999996,0.0
55032.5,0.2586250939842598,0,0.344,222.223,,GIRTH_WELD,0,724.4979999999996,0.0
55057.5,0.18943071125391442,0,0.344,222.127,,GIRTH_WELD,0,764.7339999999967,0.0
55062.5,0.18027840153838448,0,0.344,222.127,,GIRTH_WELD,0,764.7339999999967,0.0
55067.5,0.18027840153838448,0,0.344,222.127,,GIRTH_WELD,0,764.7339999999967,0.0
55072.5,0.18027840153838448,0,0.344,222.127,,GIRTH_WELD,0,764.7339999999967,0.0
55097.5,0.13844462136033772,0,0.344,221.782,,GIRTH_WELD,0,804.8159999999989,0.0
55102.5,0.17913677472914627,0,0.344,221.782,,GIRTH_WELD,0,804.8159999999989,0.0
55107.5,0.19112634274976664,0,0.344,221.794,,FIELD_BEND,0,808.976999999999,4.161000000000058
55112.5,0.19362927436682523,0,0.344,221.794,,FIELD_BEND,0,808.976999999999,4.161000000000058
55117.5,0.19362927436682523,0,0.344,221.794,,FIELD_BEND,0,808.976999999999,4.161000000000058
55137.5,0.15993969433254432,0,0.344,222.52,,GIRTH_WELD,0,844.9119999999966,0.0
55142.5,0.17062504044204513,0,0.344,222.52,,GIRTH_WELD,0,844.9119999999966,0.0
55147.5,0.17062504044204513,0,0.344,222.52,,GIRTH_WELD,0,844.9119999999966,0.0
55152.5,0.17062504044204513,0,0.344,222.52,,GIRTH_WELD,0,844.9119999999966,0.0
55177.5,0.16364770503166715,0,0.344,223.433,,GIRTH_WELD,0,884.9079999999958,0.0
55182.5,0.1790249699109367,0,0.344,223.433,,GIRTH_WELD,0,884.9079999999958,0.0
55187.5,0.1790249699109367,0,0.344,223.433,,GIRTH_WELD,0,884.9079999999958,0.0
55192.5,0.1790249699109367,0,0.344,223.433,,GIRTH_WELD,0,884.9079999999958,0.0
55217.5,0.17127074821820443,0,0.344,224.484,,GIRTH_WELD,0,925.153999999995,0.0
55222.5,0.1873384607393604,0,0.344,224.484,,GIRTH_WELD,0,925.153999999995,0.0
55227.5,0.1873384607393604,0,0.344,224.484,,GIRTH_WELD,0,925.153999999995,0.0
55232.5,0.1873384607393604,0,0.344,224.484,,GIRTH_WELD,0,925.153999999995,0.0
55257.5,0.18019149119700198,0,0.344,225.957,,GIRTH_WELD,0,965.2690000000002,0.0
55262.5,0.19143271504791973,0,0.344,225.957,,GIRTH_WELD,0,965.2690000000002,0.0
55267.5,0.19143271504791973,0,0.344,225.957,,GIRTH_WELD,0,965.2690000000002,0.0
55272.5,0.19143271504791973,0,0.344,225.957,,GIRTH_WELD,0,965.2690000000002,0.0
55297.5,0.17393175732948116,0,0.344,227.438,,GIRTH_WELD,0,1005.4329999999973,0.0
55302.5,0.18790999218381604,0,0.344,227.438,,GIRTH_WELD,0,1005.4329999999973,0.0
55307.5,0.18790999218381604,0,0.344,227.438,,GIRTH_WELD,0,1005.4329999999973,0.0
55312.5,0.18790999218381604,0,0.344,227.438,,GIRTH_WELD,0,1005.4329999999973,0.0
55337.5,0.17337231876218884,0,0.344,229.003,,GIRTH_WELD,0,1045.5349999999962,0.0
55342.5,0.1817921410054024,0,0.344,229.003,,GIRTH_WELD,0,1045.5349999999962,0.0
55347.5,0.1817921410054024,0,0.344,229.003,,GIRTH_WELD,0,1045.5349999999962,0.0
55352.5,0.1817921410054024,0,0.344,229.003,,GIRTH_WELD,0,1045.5349999999962,0.0
55377.5,0.17827089433690166,0,0.344,230.657,,GIRTH_WELD,0,1085.7059999999983,0.0
55382.5,0.18262610670540572,0,0.344,230.657,,GIRTH_WELD,0,1085.7059999999983,0.0
55387.5,0.18262610670540572,0,0.344,230.657,,GIRTH_WELD,0,1085.7059999999983,0.0
55392.5,0.18262610670540572,0,0.344,230.657,,GIRTH_WELD,0,1085.7059999999983,0.0
55397.5,0.22289541382094286,0,0.344,231.192,11:51,UNKNOWN,0,1100.3639999999941,14.657999999995809
55402.5,0.2174742211043307,0,0.344,231.192,11:51,UNKNOWN,0,1100.3639999999941,14.657999999995809
55407.5,0.2174742211043307,0,0.344,231.192,11:51,UNKNOWN,0,1100.3639999999941,14.657999999995809
55417.5,0.1836808505828661,0,0.344,232.091,,GIRTH_WELD,0,1125.7449999999953,0.0
55422.5,0.18373442831173853,0,0.344,232.091,,GIRTH_WELD,0,1125.7449999999953,0.0
55427.5,0.18373442831173853,0,0.344,232.091,,GIRTH_WELD,0,1125.7449999999953,0.0
55432.5,0.18373442831173853,0,0.344,232.091,,GIRTH_WELD,0,1125.7449999999953,0.0
55457.5,0.2886049458836942,0,0.344,233.409,,GIRTH_WELD,0,1165.9219999999987,0.0
55462.5,0.26802295611518057,0,0.344,233.409,,GIRTH_WELD,0,1165.9219999999987,0.0
55467.5,0.26802295611518057,0,0.344,233.409,,GIRTH_WELD,0,1165.9219999999987,0.0
55472.5,0.31381218669843763,0,0.344,233.69,12:08,UNKNOWN,0,1173.854999999996,7.932999999997264
55477.5,0.29406133906362814,0,0.344,233.69,12:08,UNKNOWN,0,1173.854999999996,7.932999999997264
55482.5,0.29406133906362814,0,0.344,233.69,12:08,UNKNOWN,0,1173.854999999996,7.932999999997264
55497.5,0.2910744191186462,0,0.344,234.868,,GIRTH_WELD,0,1205.9609999999957,0.0
55502.5,0.2764414850749278,0,0.344,234.868,,GIRTH_WELD,0,1205.9609999999957,0.0
55507.5,0.2764414850749278,0,0.344,234.868,,GIRTH_WELD,0,1205.9609999999957,0.0
55512.5,0.2909786062245451,0,0.344,235.049,,FIELD_BEND,0,1213.864999999998,7.90400000000227
55517.5,0.2683562464719811,0,0.344,235.049,,FIELD_BEND,0,1213.864999999998,7.90400000000227
55522.5,0.2683562464719811,0,0.344,235.049,,FIELD_BEND,0,1213.864999999998,7.90400000000227
55537.5,0.4078520360110936,0,0.344,235.579,,GIRTH_WELD,3,1246.0399999999936,0.0
55542.5,0.4062628797326018,0,0.344,235.579,,GIRTH_WELD,3,1246.0399999999936,0.0
55547.5,0.4062628797326018,0,0.344,235.579,,GIRTH_WELD,3,1246.0399999999936,0.0
55552.5,0.4237525428488302,0,0.344,235.62,,AGM,3,1257.8999999999942,11.860000000000582
55557.5,0.41721952335680096,0,0.344,235.62,,AGM,3,1257.8999999999942,11.860000000000582
55562.5,0.41721952335680096,0,0.344,235.62,,AGM,3,1257.8999999999942,11.860000000000582
55567.5,0.41721952335680096,0,0.344,235.62,,AGM,3,1257.8999999999942,11.860000000000582
55577.5,0.5537094900451404,1,0.344,235.62,,GIRTH_WELD,7,1286.0989999999947,0.0
55582.5,0.5537094900451404,1,0.344,235.62,,GIRTH_WELD,7,1286.0989999999947,0.0
55587.5,0.5626477287500224,1,0.344,235.62,1:29,METAL_LOSS,7,1286.059000000001,1.1620000000039
55592.5,0.5626477287500224,1,0.344,235.62,1:29,METAL_LOSS,7,1286.059000000001,1.1620000000039
55617.5,0.5504759081718622,1,0.344,235.386,1:29,METAL_LOSS,7,1248.589,1.5489999999990687
55622.5,0.5626477287500224,1,0.344,235.386,1:29,METAL_LOSS,7,1248.589,1.5489999999990687
55627.5,0.5385157669312611,1,0.344,235.376,,GIRTH_WELD,7,1247.0400000000009,0.0
55632.5,0.552701878287547,1,0.344,235.376,,GIRTH_WELD,7,1247.0400000000009,0.0
55637.5,0.40813109873928943,0,0.344,235.089,,FIELD_BEND,3,1233.9330000000045,13.106999999996333
55642.5,0.4034526540053256,0,0.344,235.089,,FIELD_BEND,3,1233.9330000000045,13.106999999996333
55647.5,0.4034526540053256,0,0.344,235.089,,FIELD_BEND,3,1233.9330000000045,13.106999999996333
55657.5,0.4021713685547029,0,0.344,234.404,,GIRTH_WELD,3,1207.024000000005,0.0
55662.5,0.4062628797326018,0,0.344,234.404,,GIRTH_WELD,3,1207.024000000005,0.0
55667.5,0.4062628797326018,0,0.344,234.404,,GIRTH_WELD,3,1207.024000000005,0.0
55672.5,0.39312847051230543,0,0.344,234.235,8:38,UNKNOWN,3,1201.3870000000024,5.637000000002445
55677.5,0.40066677819066554,0,0.344,234.133,8:38,UNKNOWN,1,1198.372000000003,8.652000000001863
55682.5,0.2628972735533785,0,0.344,233.676,8:37,UNKNOWN,0,1184.7540000000008,17.947000000000116
55687.5,0.2790053982273094,0,0.344,233.676,8:37,UNKNOWN,0,1184.7540000000008,17.947000000000116
55692.5,0.2790053982273094,0,0.344,233.676,8:37,UNKNOWN,0,1184.7540000000008,17.947000000000116
55697.5,0.2557417807637572,0,0.344,233.074,,GIRTH_WELD,0,1166.8070000000007,0.0
55702.5,0.28108720843187285,0,0.344,233.074,,GIRTH_WELD,0,1166.8070000000007,0.0
55707.5,0.28108720843187285,0,0.344,233.074,,GIRTH_WELD,0,1166.8070000000007,0.0
55712.5,0.28108720843187285,0,0.344,233.074,,GIRTH_WELD,0,1166.8070000000007,0.0
55737.5,0.22258330282308392,0,0.344,231.33,,GIRTH_WELD,0,1126.7289999999994,0.0
55742.5,0.27278367122892627,0,0.344,231.33,,GIRTH_WELD,0,1126.7289999999994,0.0
55747.5,0.27278367122892627,0,0.344,231.33,,GIRTH_WELD,0,1126.7289999999994,0.0
55752.5,0.2718415851725642,0,0.344,231.33,,GIRTH_WELD,0,1126.7289999999994,0.0
55777.5,0.17777370423695465,0,0.344,228.463,,GIRTH_WELD,0,1086.5509999999995,0.0
55782.5,0.18853712737860476,0,0.344,228.463,,GIRTH_WELD,0,1086.5509999999995,0.0
55787.5,0.18853712737860476,0,0.344,228.463,,GIRTH_WELD,0,1086.5509999999995,0.0
55792.5,0.18853712737860476,0,0.344,228.463,,GIRTH_WELD,0,1086.5509999999995,0.0
55817.5,0.17111349427676964,0,0.344,224.989,,GIRTH_WELD,0,1046.5380000000005,0.0
55822.5,0.18678169155196983,0,0.344,224.989,,GIRTH_WELD,0,1046.5380000000005,0.0
55827.5,0.18678169155196983,0,0.344,224.989,,GIRTH_WELD,0,1046.5380000000005,0.0
55832.5,0.20623606943403006,0,0.344,224.215,,FIELD_BEND,0,1036.9290000000037,9.60899999999674
55837.5,0.22689377318434847,0,0.344,224.215,,FIELD_BEND,0,1036.9290000000037,9.60899999999674
55842.5,0.22689377318434847,0,0.344,224.215,,FIELD_BEND,0,1036.9290000000037,9.60899999999674
55852.5,0.17501398848173494,0,0.344,222.374,,GIRTH_WELD,0,1013.310000000005,0.0
55857.5,0.18816350995219777,0,0.344,222.374,,GIRTH_WELD,0,1013.310000000005,0.0
55862.5,0.18816350995219777,0,0.344,222.374,,GIRTH_WELD,0,1013.310000000005,0.0
55867.5,0.18816350995219777,0,0.344,222.374,,GIRTH_WELD,0,1013.310000000005,0.0
55872.5,0.22645110413889502,0,0.344,220.786,12:00,TAP,0,991.3810000000012,18.070999999996275
55877.5,0.24641826905839512,0,0.344,220.786,12:00,TAP,0,991.3810000000012,18.070999999996275
55882.5,0.24641826905839512,0,0.344,220.786,12:00,TAP,0,991.3810000000012,18.070999999996275
55887.5,0.24641826905839512,0,0.344,220.786,12:00,TAP,0,991.3810000000012,18.070999999996275
55892.5,0.2144052742468697,0,0.344,219.655,11:36,UNKNOWN,0,975.6229999999996,2.312999999994645
55897.5,0.2412528809897091,0,0.344,219.655,11:36,UNKNOWN,0,975.6229999999996,2.312999999994645
55902.5,0.20657840557350882,0,0.344,219.489,,GIRTH_WELD,0,973.310000000005,0.0
55907.5,0.24062341943094004,0,0.344,219.489,,GIRTH_WELD,0,973.310000000005,0.0
55932.5,0.25957942352267377,0,0.344,216.702,,GIRTH_WELD,0,933.0869999999995,0.0
55937.5,0.2881557558677476,0,0.344,216.702,,GIRTH_WELD,0,933.0869999999995,0.0
55942.5,0.2881557558677476,0,0.344,216.702,,GIRTH_WELD,0,933.0869999999995,0.0
55947.5,0.2835184683821283,0,0.344,216.702,,GIRTH_WELD,0,933.0869999999995,0.0
55972.5,0.25937019124368155,0,0.344,214.017,,GIRTH_WELD,0,893.0670000000027,0.0
55977.5,0.27237342834393397,0,0.344,214.017,,GIRTH_WELD,0,893.0670000000027,0.0
55982.5,0.27237342834393397,0,0.344,214.017,,GIRTH_WELD,0,893.0670000000027,0.0
55987.5,0.24238039534732053,0,0.344,213.284,,FIELD_BEND,0,885.9900000000052,7.076999999997497
55992.5,0.25725949678742255,0,0.344,213.284,,FIELD_BEND,0,885.9900000000052,7.076999999997497
56012.5,0.3715704960278906,0,0.344,209.198,,GIRTH_WELD,2,852.9030000000057,0.0
56017.5,0.374419931288653,0,0.344,209.198,,GIRTH_WELD,2,852.9030000000057,0.0
56022.5,0.374419931288653,0,0.344,209.198,,GIRTH_WELD,2,852.9030000000057,0.0
56027.5,0.374419931288653,0,0.344,209.198,,GIRTH_WELD,2,852.9030000000057,0.0
56032.5,0.36894640968983383,0,0.344,206.991,2:48,METAL_LOSS,2,835.8000000000029,17.103000000002794
56037.5,0.36050876456947906,0,0.344,206.991,2:48,METAL_LOSS,2,835.8000000000029,17.103000000002794
56042.5,0.36050876456947906,0,0.344,206.991,2:48,METAL_LOSS,2,835.8000000000029,17.103000000002794
56047.5,0.3690559578066751,0,0.344,204.524,,GIRTH_WELD,3,816.8270000000048,0.0
56052.5,0.36796530567069063,0,0.344,204.524,,GIRTH_WELD,3,816.8270000000048,0.0
56057.5,0.36557545162994176,0,0.344,204.524,,GIRTH_WELD,3,816.8270000000048,0.0
56062.5,0.36557545162994176,0,0.344,204.524,,GIRTH_WELD,3,816.8270000000048,0.0
56087.5,0.40502578308144055,0,0.344,201.705,,GIRTH_WELD,4,776.4560000000056,0.0
56092.5,0.4105917741091678,0,0.344,201.705,,GIRTH_WELD,4,776.4560000000056,0.0
56097.5,0.4105917741091678,0,0.344,201.705,,GIRTH_WELD,4,776.4560000000056,0.0
56102.5,0.4411278458938516,0,0.344,201.804,6:09,METAL_LOSS,4,769.7570000000051,6.699000000000524
56107.5,0.44592392882930343,0,0.344,202.063,6:03,METAL_LOSS,4,765.6520000000019,10.804000000003725
56112.5,0.4486866700525544,0,0.344,202.237,6:05,METAL_LOSS,4,762.8870000000024,13.569000000003143
56117.5,0.4535681374324301,0,0.344,202.655,5:52,METAL_LOSS,4,756.2330000000002,19.838999999999942
56122.5,0.4448327391048098,0,0.344,202.655,5:52,METAL_LOSS,4,756.2330000000002,19.838999999999942
56127.5,0.4193777853750188,0,0.344,203.903,,GIRTH_WELD,4,736.3940000000002,0.0
56132.5,0.4140391577039969,0,0.344,203.903,,GIRTH_WELD,4,736.3940000000002,0.0
56137.5,0.4140391577039969,0,0.344,203.903,,GIRTH_WELD,4,736.3940000000002,0.0
56142.5,0.36032212456025525,0,0.344,204.487,,FIELD_BEND,4,725.7839999999997,10.610000000000582
56147.5,0.35591289266025616,0,0.344,204.487,,FIELD_BEND,4,725.7839999999997,10.610000000000582
56152.5,0.35591289266025616,0,0.344,204.487,,FIELD_BEND,4,725.7839999999997,10.610000000000582
56157.5,0.2812634267740128,0,0.344,205.429,,GIRTH_WELD,1,707.8970000000045,0.0
56162.5,0.29239183670582086,0,0.344,205.429,,GIRTH_WELD,1,707.8970000000045,0.0
56167.5,0.29239183670582086,0,0.344,205.429,,GIRTH_WELD,1,707.8970000000045,0.0
56172.5,0.29239183670582086,0,0.344,205.429,,GIRTH_WELD,1,707.8970000000045,0.0
56197.5,0.4691530861825008,0,0.344,206.32,,GIRTH_WELD,0,667.8110000000015,0.0
56202.5,0.46953401920249066,0,0.344,206.32,,GIRTH_WELD,0,667.8110000000015,0.0
56207.5,0.46953401920249066,0,0.344,206.32,,GIRTH_WELD,0,667.8110000000015,0.0
56212.5,0.46953401920249066,0,0.344,206.32,,GIRTH_WELD,0,667.8110000000015,0.0
56227.5,0.25772596128838465,0,0.344,206.113,,GIRTH_WELD,3,637.185000000005,0.0
56232.5,0.28246549671727517,0,0.344,206.113,,GIRTH_WELD,3,637.185000000005,0.0
56237.5,0.28246549671727517,0,0.344,206.113,,GIRTH_WELD,3,637.185000000005,0.0
56242.5,0.28246549671727517,0,0.344,206.113,,GIRTH_WELD,3,637.185000000005,0.0
56267.5,0.3183547586253179,0,0.344,204.402,,GIRTH_WELD,6,597.1390000000029,0.0
56272.5,0.32588315450612737,0,0.344,204.402,,GIRTH_WELD,6,597.1390000000029,0.0
56277.5,0.3301273278083406,0,0.344,204.358,2:41,METAL_LOSS,6,596.1580000000031,0.9809999999997672
56282.5,0.3322529351626325,0,0.344,204.012,2:41,METAL_LOSS,6,591.0760000000009,6.063000000001921
56287.5,0.3374379132772482,0,0.344,203.566,2:39,METAL_LOSS,6,585.3570000000036,11.781999999999243
56292.5,0.335845478072766,0,0.344,203.18,2:26,METAL_LOSS,6,580.3970000000045,9.694999999999709
56297.5,0.3325773460716732,0,0.344,203.051,2:16,METAL_LOSS,6,578.7459999999992,8.043999999994412
56302.5,0.3216593653519545,0,0.344,202.424,,GIRTH_WELD,6,570.7020000000048,0.0
56307.5,0.3349183015033547,0,0.344,202.424,,GIRTH_WELD,6,570.7020000000048,0.0
56332.5,0.2789204940735589,0,0.344,199.258,,GIRTH_WELD,1,530.5930000000008,0.0
56337.5,0.2870499540272586,0,0.344,199.258,,GIRTH_WELD,1,530.5930000000008,0.0
56342.5,0.2870499540272586,0,0.344,199.258,,GIRTH_WELD,1,530.5930000000008,0.0
56347.5,0.2870499540272586,0,0.344,199.258,,GIRTH_WELD,1,530.5930000000008,0.0
56352.5,0.2934545261866672,0,0.344,198.352,,FIELD_BEND,0,519.4160000000047,10.531999999999243
56357.5,0.30256858693919214,0,0.344,198.352,,FIELD_BEND,0,519.4160000000047,10.531999999999243
56362.5,0.286076044243164,0,0.344,197.493,,GIRTH_WELD,0,508.88400000000547,0.0
56367.5,0.30626187174417707,0,0.344,197.493,,GIRTH_WELD,0,508.88400000000547,0.0
56372.5,0.28005058193947013,0,0.344,196.792,,FIELD_BEND,0,496.5610000000015,12.323000000003958
56377.5,0.30139679305209816,0,0.344,196.792,,FIELD_BEND,0,496.5610000000015,12.323000000003958
56382.5,0.30139679305209816,0,0.344,196.792,,FIELD_BEND,0,496.5610000000015,12.323000000003958
56397.5,0.22566814828768422,0,0.344,195.386,,GIRTH_WELD,0,468.7760000000053,0.0
56402.5,0.26797492010854035,0,0.344,195.386,,GIRTH_WELD,0,468.7760000000053,0.0
56407.5,0.26797492010854035,0,0.344,195.386,,GIRTH_WELD,0,468.7760000000053,0.0
56412.5,0.26797492010854035,0,0.344,195.386,,GIRTH_WELD,0,468.7760000000053,0.0
56422.5,0.22561434728942456,0,0.344,194.509,,GIRTH_WELD,0,445.09100000000035,0.0
56427.5,0.26797492010854035,0,0.344,194.509,,GIRTH_WELD,0,445.09100000000035,0.0
56432.5,0.26797492010854035,0,0.344,194.509,,GIRTH_WELD,0,445.09100000000035,0.0
56437.5,0.2210280671042949,0,0.344,194.267,,FIELD_BEND,0,430.3440000000046,14.74699999999575
56442.5,0.2482684364666162,0,0.344,194.267,,FIELD_BEND,0,430.3440000000046,14.74699999999575
56447.5,0.2482684364666162,0,0.344,194.267,,FIELD_BEND,0,430.3440000000046,14.74699999999575
56452.5,0.2482684364666162,0,0.344,194.267,,FIELD_BEND,0,430.3440000000046,14.74699999999575
56462.5,0.20565462466789444,0,0.344,193.951,,GIRTH_WELD,0,405.0720000000001,0.0
56467.5,0.25104254545675847,0,0.344,193.951,,GIRTH_WELD,0,405.0720000000001,0.0
56472.5,0.25104254545675847,0,0.344,193.951,,GIRTH_WELD,0,405.0720000000001,0.0
56477.5,0.25104254545675847,0,0.344,193.951,,GIRTH_WELD,0,405.0720000000001,0.0
56482.5,0.19811868392727303,0,0.344,194.201,,GIRTH_WELD,2,384.724000000002,0.0
56487.5,0.2108149010817029,0,0.344,194.201,,GIRTH_WELD,2,384.724000000002,0.0
56492.5,0.2108149010817029,0,0.344,194.201,,GIRTH_WELD,2,384.724000000002,0.0
56497.5,0.2108149010817029,0,0.344,194.201,,GIRTH_WELD,2,384.724000000002,0.0
56517.5,0.27369132965488635,0,0.344,194.97,,GIRTH_WELD,2,345.8070000000007,0.0
56522.5,0.27140366773852326,0,0.344,194.97,,GIRTH_WELD,2,345.8070000000007,0.0
56527.5,0.27140366773852326,0,0.344,194.97,,GIRTH_WELD,2,345.8070000000007,0.0
56532.5,0.2837232936340456,0,0.344,195.146,5:33,METAL_LOSS,2,335.4650000000038,10.341999999996915
56537.5,0.2687799032250009,0,0.344,195.146,5:33,METAL_LOSS,2,335.4650000000038,10.341999999996915
56542.5,0.2687799032250009,0,0.344,195.146,5:33,METAL_LOSS,2,335.4650000000038,10.341999999996915
56547.5,0.2727597055177365,0,0.344,195.32,,GIRTH_WELD,2,324.6580000000031,0.0
56552.5,0.26995859148171725,0,0.344,195.32,,GIRTH_WELD,2,324.6580000000031,0.0
56557.5,0.26995859148171725,0,0.344,195.32,,GIRTH_WELD,2,324.6580000000031,0.0
56567.5,0.3654263711975574,0,0.344,194.735,7:08,UNKNOWN,6,298.474000000002,14.002999999996973
56572.5,0.40192389810478724,0,0.344,194.735,7:08,UNKNOWN,6,298.474000000002,14.002999999996973
56577.5,0.3517678947838762,0,0.344,194.679,,FIELD_BEND,6,296.3640000000014,11.892999999996391
56582.5,0.3974306224040274,0,0.344,194.679,,FIELD_BEND,6,296.3640000000014,11.892999999996391
56587.5,0.255347142242661,0,0.344,194.366,,GIRTH_WELD,3,284.471000000005,0.0
56592.5,0.24712574821910438,0,0.344,193.43,,FIELD_BEND,3,276.78800000000047,7.68300000000454
56597.5,0.25898373413055775,0,0.344,193.43,,FIELD_BEND,3,276.78800000000047,7.68300000000454
56602.5,0.2480589279811896,0,0.344,191.429,,GIRTH_WELD,3,264.84500000000116,0.0
56607.5,0.2619263237972461,0,0.344,191.429,,GIRTH_WELD,3,264.84500000000116,0.0
56612.5,0.2639164403292573,0,0.344,191.307,6:24,METAL_LOSS,3,264.12400000000343,0.7209999999977299
56617.5,0.2819949172544367,0,0.344,191.307,6:24,METAL_LOSS,3,264.12400000000343,0.7209999999977299
56622.5,0.2798349147705249,0,0.344,185.909,,FIELD_BEND,3,244.02200000000448,19.3440000000046
56627.5,0.288011011922768,0,0.344,185.909,,FIELD_BEND,3,244.02200000000448,19.3440000000046
56632.5,0.2822093129413246,0,0.344,185.909,,FIELD_BEND,3,244.02200000000448,19.3440000000046
56637.5,0.2822093129413246,0,0.344,185.909,,FIELD_BEND,3,244.02200000000448,19.3440000000046
56642.5,0.35757729253185017,0,0.344,180.524,,GIRTH_WELD,3,224.67799999999988,0.0
56647.5,0.3704056083176211,0,0.344,180.524,,GIRTH_WELD,3,224.67799999999988,0.0
56652.5,0.3704056083176211,0,0.344,180.524,,GIRTH_WELD,3,224.67799999999988,0.0
56657.5,0.3704056083176211,0,0.344,180.524,,GIRTH_WELD,3,224.67799999999988,0.0
56662.5,0.36338274232893364,0,0.344,173.268,,GIRTH_WELD,0,204.54000000000087,0.0
56667.5,0.3802472713482192,0,0.344,173.268,,GIRTH_WELD,0,204.54000000000087,0.0
56672.5,0.37902930627540443,0,0.344,173.268,,GIRTH_WELD,0,204.54000000000087,0.0
56677.5,0.38099906135014544,0,0.344,173.268,,GIRTH_WELD,0,204.54000000000087,0.0
56702.5,0.4514154928681098,0,0.344,157.814,,GIRTH_WELD,3,164.56300000000192,0.0
56707.5,0.48009172045651133,0,0.344,157.814,,GIRTH_WELD,3,164.56300000000192,0.0
56712.5,0.37058490923263643,0,0.344,155.888,8:16,UNKNOWN,3,159.471000000005,5.091999999996915
56717.5,0.3831285259484199,0,0.344,155.888,8:16,UNKNOWN,3,159.471000000005,5.091999999996915
56722.5,0.38061949004996004,0,0.344,155.888,8:16,UNKNOWN,3,159.471000000005,5.091999999996915
56727.5,0.34982500146894246,0,0.344,148.304,,GIRTH_WELD,3,138.96600000000035,0.0
56732.5,0.3790589252975451,0,0.344,148.304,,GIRTH_WELD,3,138.96600000000035,0.0
56737.5,0.34928629988827053,0,0.344,148.185,4:51,METAL_LOSS,3,138.64500000000407,0.3209999999962747
56742.5,0.388055819056203,0,0.344,148.185,4:51,METAL_LOSS,3,138.64500000000407,0.3209999999962747
56757.5,0.6058009779023787,1,0.344,137.836,,GIRTH_WELD,8,108.67700000000332,0.0
56762.5,0.6341965688568362,1,0.344,137.836,,GIRTH_WELD,8,108.67700000000332,0.0
56767.5,0.6298554966115598,1,0.344,137.836,,GIRTH_WELD,8,108.67700000000332,0.0
56772.5,0.6287145382735726,1,0.344,137.836,,GIRTH_WELD,8,108.67700000000332,0.0
56782.5,0.5335991854252363,1,0.344,129.875,5:42,METAL_LOSS_MFG,4,83.7300000000032,4.442000000002736
56787.5,0.5596740224805203,1,0.344,129.875,5:42,METAL_LOSS_MFG,4,83.7300000000032,4.442000000002736
56792.5,0.5706038987551575,1,0.344,128.47,,GIRTH_WELD,6,79.28800000000047,0.0
56797.5,0.5882895233736075,1,0.344,128.47,,GIRTH_WELD,6,79.28800000000047,0.0
56802.5,0.5882895233736075,1,0.344,128.47,,GIRTH_WELD,6,79.28800000000047,0.0
56807.5,0.6192154355981193,1,0.344,120.299,,FIELD_BEND,8,56.94800000000396,17.508999999998196
56812.5,0.649549434469397,1,0.344,120.299,,FIELD_BEND,8,56.94800000000396,17.508999999998196
56817.5,0.649549434469397,1,0.344,120.299,,FIELD_BEND,8,56.94800000000396,17.508999999998196
56822.5,0.649549434469397,1,0.344,120.299,,FIELD_BEND,8,56.94800000000396,17.508999999998196
56827.5,0.6084826240622165,1,0.344,113.787,,GIRTH_WELD,8,39.43900000000576,0.0
56832.5,0.634343493665626,1,0.344,113.787,,GIRTH_WELD,8,39.43900000000576,0.0
56837.5,0.5059819599766224,1,0.344,110.37,7:01,METAL_LOSS,6,32.19400000000314,7.245000000002619
56842.5,0.5140486293555412,1,0.344,109.526,2:48,METAL_LOSS,6,30.580000000001746,8.859000000004016
56847.5,0.4681675907053866,0,0.344,107.58,10:23,METAL_LOSS,3,26.86300000000483,12.576000000000931
56852.5,0.48499558419304895,0,0.344,107.58,10:23,METAL_LOSS,3,26.86300000000483,12.576000000000931
56857.5,0.49789846013077366,0,0.5,97.558,,GIRTH_WELD,3,7.723000000005413,0.0
56862.5,0.5329522735407721,1,0.5,97.558,,GIRTH_WELD,3,7.723000000005413,0.0
56867.5,0.5329522735407721,1,0.5,97.558,,GIRTH_WELD,3,7.723000000005413,0.0
56872.5,0.4800784471668973,0,0.5,96.095,,BEND,3,0.0,7.723000000005413
56877.5,0.5434675974772133,1,0.344,95.864,,GIRTH_WELD,3,7.7629999999990105,0.0
56882.5,0.5711076499163467,1,0.344,95.864,,GIRTH_WELD,3,7.7629999999990105,0.0
56887.5,0.5711076499163467,1,0.344,95.864,,GIRTH_WELD,3,7.7629999999990105,0.0
56897.5,0.5333472190216179,1,0.344,105.123,,FIELD_BEND,2,31.05999999999767,16.91599999999744
56902.5,0.5224542227228056,1,0.344,105.123,,FIELD_BEND,2,31.05999999999767,16.91599999999744
56907.5,0.5224542227228056,1,0.344,105.123,,FIELD_BEND,2,31.05999999999767,16.91599999999744
56912.5,0.5224542227228056,1,0.344,105.123,,FIELD_BEND,2,31.05999999999767,16.91599999999744
56917.5,0.6004624522527172,1,0.344,112.709,,GIRTH_WELD,2,47.97599999999511,0.0
56922.5,0.5965277395160902,1,0.344,112.709,,GIRTH_WELD,2,47.97599999999511,0.0
56927.5,0.5935190314832649,1,0.344,114.989,,FIELD_BEND,2,54.81699999999546,6.841000000000349
56932.5,0.5836715531353219,1,0.344,114.989,,FIELD_BEND,2,54.81699999999546,6.841000000000349
56937.5,0.6322175445785118,1,0.344,117.631,1:31,METAL_LOSS,5,64.71499999999651,16.739000000001397
56942.5,0.6303415098230166,1,0.344,118.113,6:35,METAL_LOSS,5,66.51599999999598,18.540000000000873
56947.5,0.6243819796972517,1,0.344,118.113,6:35,METAL_LOSS,5,66.51599999999598,18.540000000000873
56962.5,0.8142178610702492,1,0.344,123.639,,FIELD_BEND,11,96.16500000000087,9.477999999995518
56967.5,0.8167585035625846,1,0.344,123.639,,FIELD_BEND,11,96.16500000000087,9.477999999995518
56972.5,0.8167585035625846,1,0.344,123.639,,FIELD_BEND,11,96.16500000000087,9.477999999995518
56977.5,0.7936268806946585,1,0.344,125.365,,GIRTH_WELD,13,105.64299999999639,0.0
56982.5,0.819011885544856,1,0.344,125.585,9:27,METAL_LOSS,13,106.84799999999814,1.2050000000017462
56987.5,0.8059692525195274,1,0.344,126.33,7:12,METAL_LOSS,14,110.25,8.923999999999069
56992.5,0.8084747096426814,1,0.344,126.774,6:37,METAL_LOSS,13,104.63899999999558,14.535000000003492
56997.5,0.8136270888223707,1,0.344,127.152,6:51,METAL_LOSS,14,99.87199999999575,19.302000000003318
57002.5,0.8168047276668874,1,0.344,127.53,5:35,METAL_LOSS,15,95.09500000000116,24.078999999997905
57007.5,0.8337569871362936,1,0.344,127.902,12:37,METAL_LOSS,15,90.40099999999802,28.773000000001048
57012.5,0.8124419512390127,1,0.344,128.453,6:51,METAL_LOSS,17,83.46199999999953,35.711999999999534
57017.5,0.8055722060379396,1,0.344,128.732,6:08,METAL_LOSS,17,79.93499999999767,39.2390000000014
57022.5,0.8281245134656018,1,0.344,129.101,9:37,METAL_LOSS,17,75.08599999999569,36.25999999999476
57027.5,0.8310969927557491,1,0.344,129.398,9:37,METAL_LOSS,21,70.64299999999639,31.81699999999546
57032.5,0.8373996610260044,1,0.344,129.772,9:38,METAL_LOSS,19,65.04999999999563,26.223999999994703
57037.5,0.8361704579192301,1,0.344,130.212,,FIELD_BEND,18,58.4519999999975,19.625999999996566
57042.5,0.8303196541201866,1,0.344,130.442,10:05,METAL_LOSS,18,55.016999999999825,16.190999999998894
57047.5,0.8346054085068155,1,0.344,130.673,10:02,METAL_LOSS,17,51.55500000000029,12.72899999999936
57052.5,0.8173294998741509,1,0.344,131.081,10:01,METAL_LOSS,16,45.45300000000134,6.6270000000004075
57057.5,0.7962546034074554,1,0.344,131.523,,GIRTH_WELD,17,38.82600000000093,0.0
57062.5,0.801926530157349,1,0.344,131.523,,GIRTH_WELD,17,38.82600000000093,0.0
57067.5,0.8062276023847014,1,0.344,132.726,10:02,METAL_LOSS,14,23.805999999996857,2.2600000000020373
57072.5,0.811086704171517,1,0.344,132.726,10:02,METAL_LOSS,14,23.805999999996857,2.2600000000020373
57077.5,0.7770512481212266,1,0.344,132.914,,GIRTH_WELD,14,21.54599999999482,0.0
57082.5,0.7822585579907106,1,0.344,132.914,,GIRTH_WELD,14,21.54599999999482,0.0
57087.5,0.7698930598489189,1,0.344,134.963,,GIRTH_WELD,10,3.051999999996042,0.0
57092.5,0.7742056280231108,1,0.344,134.963,,GIRTH_WELD,10,3.051999999996042,0.0
57097.5,0.7740170145645118,1,0.344,135.35,,BEND,9,0.0,3.051999999996042
57102.5,0.662190596116893,1,0.344,136.364,5:22,METAL_LOSS,8,5.6229999999995925,8.674999999995634
57107.5,0.6692930177061776,1,0.344,136.364,5:22,METAL_LOSS,8,5.6229999999995925,8.674999999995634
57112.5,0.6691535803778784,1,0.344,136.364,5:22,METAL_LOSS,8,5.6229999999995925,8.674999999995634
57132.5,0.4860859679045084,0,0.344,144.517,,GIRTH_WELD,2,20.13799999999901,0.0
57137.5,0.4855193574610064,0,0.344,144.517,,GIRTH_WELD,2,20.13799999999901,0.0
57142.5,0.4855193574610064,0,0.344,144.517,,GIRTH_WELD,2,20.13799999999901,0.0
57147.5,0.4839246194042328,0,0.344,144.517,,GIRTH_WELD,2,20.13799999999901,0.0
57152.5,0.39449978026668125,0,0.344,147.804,,GIRTH_WELD,0,3.8320000000021537,0.0
57157.5,0.3863529792227205,0,0.344,147.804,,GIRTH_WELD,0,3.8320000000021537,0.0
57162.5,0.3584394287748748,0,0.344,148.65,,BEND,0,0.0,3.7699999999967986
57167.5,0.3742886823151769,0,0.344,149.637,,GIRTH_WELD,0,3.7699999999967986,0.0
57172.5,0.3541093839468247,0,0.344,149.637,,GIRTH_WELD,0,3.7699999999967986,0.0
57197.5,0.3006657537836522,0,0.344,163.156,,GIRTH_WELD,0,40.41700000000128,0.0
57202.5,0.2782981596055916,0,0.344,163.156,,GIRTH_WELD,0,40.41700000000128,0.0
57207.5,0.2782981596055916,0,0.344,163.156,,GIRTH_WELD,0,40.41700000000128,0.0
57212.5,0.2836684114507417,0,0.344,163.156,,GIRTH_WELD,0,40.41700000000128,0.0
57232.5,0.2095485724895213,0,0.344,175.807,,GIRTH_WELD,0,4.98399999999674,0.0
57237.5,0.22257893200746223,0,0.344,175.807,,GIRTH_WELD,0,4.98399999999674,0.0
57242.5,0.22235975340555672,0,0.344,175.807,,GIRTH_WELD,0,4.98399999999674,0.0
57247.5,0.2434981399345681,0,0.344,177.243,,BEND,0,0.0,4.98399999999674
57252.5,0.18187473443244898,0,0.344,178.427,,GIRTH_WELD,0,5.427000000003318,0.0
57257.5,0.1972657211067414,0,0.344,178.427,,GIRTH_WELD,0,5.427000000003318,0.0
57262.5,0.2276774319884173,0,0.344,180.22,,GIRTH_WELD,0,22.067000000002736,0.0
57267.5,0.22958337337460016,0,0.344,180.22,,GIRTH_WELD,0,22.067000000002736,0.0
57272.5,0.22958337337460016,0,0.344,180.22,,GIRTH_WELD,0,22.067000000002736,0.0
57297.5,0.26609292870742024,0,0.344,183.564,,GIRTH_WELD,0,11.181000000004133,0.0
57302.5,0.2510253794978414,0,0.344,183.564,,GIRTH_WELD,0,11.181000000004133,0.0
57307.5,0.25235228102514673,0,0.344,183.564,,GIRTH_WELD,0,11.181000000004133,0.0
57312.5,0.25235228102514673,0,0.344,183.564,,GIRTH_WELD,0,11.181000000004133,0.0
57317.5,0.30031543689774265,0,0.344,184.067,,BEND,0,0.0,11.039999999993597
57322.5,0.28136107333234767,0,0.344,184.067,,BEND,0,0.0,11.039999999993597
57327.5,0.27676260158905647,0,0.344,184.445,,GIRTH_WELD,0,11.039999999993597,0.0
57332.5,0.27020933674170244,0,0.344,184.445,,GIRTH_WELD,0,11.039999999993597,0.0
57337.5,0.2868577386275079,0,0.344,184.555,,UNKNOWN,0,16.721999999994296,5.6820000000006985
57342.5,0.26062558860749846,0,0.344,184.641,,GIRTH_WELD,0,7.391999999999825,0.0
57347.5,0.2553990116759032,0,0.344,184.65,,UNKNOWN,0,6.2370000000009895,1.1549999999988358
57352.5,0.2687109444154251,0,0.344,185.598,,BEND,2,0.0,7.282999999995809
57357.5,0.2319724037011911,0,0.344,186.992,,GIRTH_WELD,3,7.282999999995809,0.0
57362.5,0.24269481783043695,0,0.344,186.992,,GIRTH_WELD,3,7.282999999995809,0.0
57367.5,0.24269481783043695,0,0.344,186.992,,GIRTH_WELD,3,7.282999999995809,0.0
57392.5,0.22583865232032377,0,0.344,201.826,,GIRTH_WELD,3,47.33599999999569,0.0
57397.5,0.2213421821617648,0,0.344,201.826,,GIRTH_WELD,3,47.33599999999569,0.0
57402.5,0.24190828364720854,0,0.344,202.309,10:26,METAL_LOSS,3,48.5989999999947,1.2629999999990105
57407.5,0.22980998030773825,0,0.344,204.027,,GIRTH_WELD,3,53.1559999999954,0.0
57412.5,0.22969322219772098,0,0.344,205.892,,GIRTH_WELD,3,58.074000000000524,0.0
57417.5,0.2231993337832272,0,0.344,205.892,,GIRTH_WELD,3,58.074000000000524,0.0
57422.5,0.25860011114898296,0,0.344,210.129,03:00,TAP,3,71.99399999999878,13.919999999998254
