joint_number,joint_length_ft,wall_thickness_in,dist_to_upstream_gw_ft,distance_ft,Height[ft],feature_type,depth_pct,id_reduction_pct,anomaly_length_in,anomaly_width_in,burst_pressure_psi,clock_position,internal_external,comments,inspection_year,feature_id,is_anomaly,distance_ft_original,distance_ft_aligned
,,0.449,,-27.82,803.6748,Launcher Start,,,,,,nan,,,2007,Launcher Start_-27.8,False,-27.82,-27.43999999999989
,,,,-19.48,803.6644,Support,,,,,,06:00,,,2007,Support_-19.5,False,-19.48,-19.09999999999989
,,,,-15.78,803.6598,Support,,,,,,06:00,,,2007,Support_-15.8,False,-15.78,-15.39999999999989
,,,,-12.21,803.6553,Tap,,,,,,06:00,,,2007,Tap_-12.2,False,-12.21,-11.829999999999892
,,,,-6.49,803.6481,Support,,,,,,nan,,Strap,2007,Support_-6.5,False,-6.49,-6.109999999999891
10.0,26.46,0.5,,-5.3,803.6466,Flange,,,,,,nan,,,2007,Flange_-5.3,False,-5.3,-4.919999999999891
,,,,-1.38,803.6417,Tap,,,,,,09:00,,,2007,Tap_-1.4,False,-1.38,-0.9999999999998908
,,,,0.0,803.64,Valve,,,,,,nan,,,2007,Valve_0.0,False,0.0,0.38000000000010914
,,,,1.41,803.6382,Tap,,,,,,09:00,,,2007,Tap_1.4,False,1.41,1.790000000000109
,,,,8.08,803.6299,Tee,,,,,,09:00,,,2007,Tee_8.1,False,8.08,8.46000000000011
,,,,11.21,803.4864,Tap,,,,,,12:00,,,2007,Tap_11.2,False,11.21,11.59000000000011
,,,,15.36,802.9064,Bend,,,,,,nan,,5.1D - 32Â° - Over,2007,Bend_15.4,False,15.36,15.740000000000109
20.0,7.23,0.344,,21.15,801.7901,Launcher End,,,,,,nan,,"0.344""",2007,Launcher End_21.1,False,21.15,21.530000000000108
,,,,21.57,801.71,Magnet,,,,,,12:00,,ROSEN,2007,Magnet_21.6,False,21.57,21.95000000000011
30.0,10.62,0.5,,28.38,800.413,Girth Weld,,,,,,nan,,"0.500""",2007,Girth Weld_28.4,False,28.38,28.760000000000108
,,,,29.8,800.2077,Above Ground Marker,,,,,,nan,,Launcher,2007,Above Ground Marker_29.8,False,29.8,30.18000000000011
,,,,33.82,799.8962,Bend,,,,,,nan,,6.1D - 42Â° - Sag,2007,Bend_33.8,False,33.82,34.20000000000011
40.0,14.91,0.5,,39.0,799.8944,Girth Weld,,,,,,nan,,,2007,Girth Weld_39.0,False,39.0,39.38000000000011
,,,,46.17,799.9008,Bend,,,,,,nan,,5.8D - 45Â° - Right,2007,Bend_46.2,False,46.17,46.55000000000011
50.0,39.89,0.344,,53.91,799.9028,Girth Weld,,,,,,nan,,"0.344""",2007,Girth Weld_53.9,False,53.91,54.290000000000106
60.0,9.64,0.5,,93.8,799.8784,Girth Weld,,,,,,nan,,"0.500""",2007,Girth Weld_93.8,False,93.8,94.1800000000001
,,,,98.5,799.8591,Bend,,,,,,nan,,5.0D - 23Â° - Left,2007,Bend_98.5,False,98.5,98.88000000000011
70.0,25.02,0.344,,103.43,799.8257,Girth Weld,,,,,,nan,,"0.344""",2007,Girth Weld_103.4,False,103.43,103.81000000000012
,,,,107.46,799.493,Bend,,,,,,nan,,5.2D - 22Â° - Over,2007,Bend_107.5,False,107.46,107.8400000000001
,,0.344,-21.69,125.12,797.4828,Cluster,16.0,,3.55,2.64,,9:04,NO,,2007,Cluster_125.1,True,125.12,125.50000000000011
,,0.344,-24.15,127.58,797.199,Cluster,18.0,,2.0,3.44,,5:50,NO,,2007,Cluster_127.6,True,127.58,127.96000000000011
80.0,15.16,0.344,,128.45,797.0989,Girth Weld,,,,,,nan,,,2007,Girth Weld_128.4,False,128.45,128.8300000000001
90.0,31.57,0.344,,143.61,795.3491,Girth Weld,,,,,,nan,,,2007,Girth Weld_143.6,False,143.61,143.99000000000012
100.0,40.06,0.344,,175.18,791.6757,Girth Weld,,,,,,nan,,,2007,Girth Weld_175.2,False,175.18,175.56000000000012
110.0,40.04,0.344,,215.24,787.0014,Girth Weld,,,,,,nan,,,2007,Girth Weld_215.2,False,215.24,215.62000000000012
120.0,13.63,0.5,,255.28,782.303,Girth Weld,,,,,,nan,,"0.500""",2007,Girth Weld_255.3,False,255.28,255.6600000000001
,,,,262.31,781.775,Bend,,,,,,nan,,5.2D - 42Â° - Left,2007,Bend_262.3,False,262.31,262.6900000000001
130.0,40.08,0.344,,268.91,781.7673,Girth Weld,,,,,,nan,,"0.344""",2007,Girth Weld_268.9,False,268.91,269.29000000000013
140.0,40.03,0.344,,308.99,781.9334,Girth Weld,,,,,,nan,,,2007,Girth Weld_309.0,False,308.99,309.3700000000001
150.0,10.13,0.5,,349.02,781.8892,Girth Weld,,,,,,nan,,"0.500""",2007,Girth Weld_349.0,False,349.02,349.4000000000001
,,,,354.08,781.6514,Bend,,,,,,nan,,5.1D - 28Â° - Right,2007,Bend_354.1,False,354.08,354.4600000000001
160.0,16.99,0.344,,359.15,781.1295,Girth Weld,,,,,,nan,,"0.344""",2007,Girth Weld_359.1,False,359.15,359.5300000000001
170.0,8.13,0.5,,376.14,779.2908,Girth Weld,,,,,,nan,,"0.500""",2007,Girth Weld_376.1,False,376.14,376.5200000000001
,,,,379.98,779.0196,Bend,,,,,,nan,,5.7D - 18Â° - Sag,2007,Bend_380.0,False,379.98,380.3600000000001
180.0,23.07,0.344,,384.27,779.0088,Girth Weld,,,,,,nan,,"0.344""",2007,Girth Weld_384.3,False,384.27,384.6500000000001
190.0,10.09,0.5,,407.34,779.0063,Girth Weld,,,,,,nan,,"0.500""",2007,Girth Weld_407.3,False,407.34,407.7200000000001
,,,,412.26,779.2817,Bend,,,,,,nan,,5.3D - 25Â° - Sag,2007,Bend_412.3,False,412.26,412.6400000000001
200.0,12.15,0.344,,417.43,780.0987,Girth Weld,,,,,,nan,,"0.344""",2007,Girth Weld_417.4,False,417.43,417.8100000000001
210.0,16.42,0.5,,429.59,782.1364,Girth Weld,,,,,,nan,,"0.500""",2007,Girth Weld_429.6,False,429.59,429.9700000000001
,,,,434.06,782.6746,Bend,,,,,,nan,,5.4D - 33Â° - Over,2007,Bend_434.1,False,434.06,434.4400000000001
220.0,40.0,0.344,,446.01,783.0711,Girth Weld,,,,,,nan,,"0.344""",2007,Girth Weld_446.0,False,446.01,446.3900000000001
230.0,40.14,0.344,,486.01,783.967,Girth Weld,,,,,,nan,,,2007,Girth Weld_486.0,False,486.01,486.3900000000001
240.0,40.27,0.344,,526.15,786.286,Girth Weld,,,,,,nan,,,2007,Girth Weld_526.1,False,526.15,526.5300000000001
250.0,40.04,0.344,,566.41,790.952,Girth Weld,,,,,,nan,,,2007,Girth Weld_566.4,False,566.41,566.7900000000001
,,0.344,-39.17,605.58,797.0721,Cluster,10.0,,0.86,2.41,,9:48,NO,,2007,Cluster_605.6,True,605.58,605.9600000000002
260.0,31.32,0.344,,606.45,797.2095,Girth Weld,,,,,,nan,,,2007,Girth Weld_606.5,False,606.45,606.8300000000002
,,0.344,-30.35,636.8,802.0368,Cluster,15.0,,1.85,8.94,,4:38,NO,,2007,Cluster_636.8,True,636.8,637.1800000000001
270.0,9.63,0.5,,637.77,802.1902,Girth Weld,,,,,,nan,,"0.500""",2007,Girth Weld_637.8,False,637.77,638.1500000000001
,,,,642.57,802.7909,Bend,,,,,,nan,,5.0D - 25Â° - Over,2007,Bend_642.6,False,642.57,642.9500000000002
280.0,8.01,0.5,,647.4,802.9092,Girth Weld,,,,,,nan,,,2007,Girth Weld_647.4,False,647.4,647.7800000000001
,,,,651.09,802.9466,Bend,,,,,,nan,,6.0D - 19Â° - Left,2007,Bend_651.1,False,651.09,651.4700000000001
290.0,15.08,0.344,,655.41,803.0308,Girth Weld,,,,,,nan,,"0.344""",2007,Girth Weld_655.4,False,655.41,655.7900000000001
,,0.344,-13.32,668.73,803.305,Cluster,21.0,,4.67,10.14,1.74,1:34,NO,,2007,Cluster_668.7,True,668.73,669.1100000000001
,,0.344,-13.41,668.81,803.3067,Metal Loss,40.0,,1.02,0.94,1.85,9:38,NO,,2007,Metal Loss_668.8,True,668.81,669.19
300.0,7.87,0.5,,670.49,803.3409,Girth Weld,,,,,,nan,,"0.500""",2007,Girth Weld_670.5,False,670.49,670.8700000000001
,,,,674.53,803.4976,Bend,,,,,,nan,,6.6D - 18Â° - Sag,2007,Bend_674.5,False,674.53,674.9100000000001
310.0,8.75,0.344,,678.36,803.9424,Girth Weld,,,,,,nan,,"0.344""",2007,Girth Weld_678.4,False,678.36,678.7400000000001
,,0.344,-0.86,679.22,804.051,Metal Loss,25.0,,2.36,1.3,1.81,8:16,NO,,2007,Metal Loss_679.2,True,679.22,679.6000000000001
,,0.344,-0.92,679.28,804.058,Metal Loss,15.0,,1.61,5.95,,8:50,NO,,2007,Metal Loss_679.3,True,679.28,679.6600000000001
320.0,10.37,0.344,,687.11,805.0548,Girth Weld,,,,,,nan,,,2007,Girth Weld_687.1,False,687.11,687.4900000000001
330.0,39.97,0.344,,697.49,806.3648,Girth Weld,,,,,,nan,,,2007,Girth Weld_697.5,False,697.49,697.8700000000001
340.0,11.29,0.5,,737.46,811.3765,Girth Weld,,,,,,nan,,"0.500""",2007,Girth Weld_737.5,False,737.46,737.8400000000001
,,,,743.36,812.0506,Bend,,,,,,nan,,5.3D - 31Â° - Left,2007,Bend_743.4,False,743.36,743.7400000000001
350.0,6.0,0.344,,748.75,812.4028,Girth Weld,,,,,,nan,,"0.344""",2007,Girth Weld_748.8,False,748.75,749.1300000000001
360.0,30.57,0.344,,754.75,812.7252,Girth Weld,,,,,,nan,,,2007,Girth Weld_754.8,False,754.75,755.1300000000001
370.0,37.86,0.344,,785.32,814.0967,Girth Weld,,,,,,nan,,,2007,Girth Weld_785.3,False,785.32,785.7000000000002
380.0,40.01,0.344,,823.17,815.3422,Girth Weld,,,,,,nan,,,2007,Girth Weld_823.2,False,823.17,823.5500000000001
390.0,40.04,0.344,,863.19,816.5633,Girth Weld,,,,,,nan,,,2007,Girth Weld_863.2,False,863.19,863.5700000000002
400.0,40.08,0.344,,903.23,817.9138,Girth Weld,,,,,,nan,,,2007,Girth Weld_903.2,False,903.23,903.6100000000001
410.0,12.47,0.5,,943.31,819.4339,Girth Weld,,,,,,nan,,"0.500""",2007,Girth Weld_943.3,False,943.31,943.69
,,,,949.2,819.7213,Bend,,,,,,nan,,7.1D - 33Â° - Right,2007,Bend_949.2,False,949.2,949.5800000000002
420.0,29.6,0.344,,955.78,820.3454,Girth Weld,,,,,,nan,,"0.344""",2007,Girth Weld_955.8,False,955.78,956.1600000000001
,,0.344,-1.56,957.34,820.5215,Cluster,28.0,,3.46,3.33,1.74,4:17,NO,,2007,Cluster_957.3,True,957.34,957.7200000000001
,,0.344,-1.77,957.56,820.5458,Metal Loss,17.0,,1.14,1.14,,3:44,NO,,2007,Metal Loss_957.6,True,957.56,957.94
430.0,13.88,0.5,,985.38,823.7079,Girth Weld,,,,,,nan,,"0.500""",2007,Girth Weld_985.4,False,985.38,985.7600000000001
,,,,992.14,824.4797,Bend,,,,,,nan,,6.2D - 38Â° - Right,2007,Bend_992.1,False,992.14,992.5200000000001
440.0,40.04,0.344,,999.26,825.2617,Girth Weld,,,,,,nan,,"0.344""",2007,Girth Weld_999.3,False,999.26,999.6400000000001
450.0,39.96,0.344,,1039.3,828.7596,Girth Weld,,,,,,nan,,,2007,Girth Weld_1039.3,False,1039.3,1039.68
,,0.344,-32.37,1071.67,831.4453,Metal Loss-Manufacturing Anomaly,18.0,,0.67,0.83,,12:19,,,2007,Metal Loss-Manufacturing Anomaly_1071.7,True,1071.67,1072.0500000000002
460.0,39.98,0.344,,1079.26,832.0774,Girth Weld,,,,,,nan,,,2007,Girth Weld_1079.3,False,1079.26,1079.64
470.0,39.99,0.344,,1119.24,835.498,Girth Weld,,,,,,nan,,,2007,Girth Weld_1119.2,False,1119.24,1119.6200000000001
480.0,40.04,0.344,,1159.23,839.1296,Girth Weld,,,,,,nan,,,2007,Girth Weld_1159.2,False,1159.23,1159.6100000000001
,,0.344,-38.85,1198.08,842.8628,Cluster,13.0,,4.9,1.11,,4:10,YES,,2007,Cluster_1198.1,True,1198.08,1198.46
490.0,39.97,0.344,,1199.28,842.9833,Girth Weld,,,,,,nan,,,2007,Girth Weld_1199.3,False,1199.28,1199.66
,,0.344,-5.26,1204.54,843.5122,Cluster,13.0,,8.21,5.13,,3:56,YES,,2007,Cluster_1204.5,True,1204.54,1204.92
,,0.344,-27.45,1226.73,845.7444,Cluster,10.0,,2.05,0.73,,7:51,YES,,2007,Cluster_1226.7,True,1226.73,1227.1100000000001
,,0.344,-32.07,1231.34,846.2109,Cluster,10.0,,4.49,4.88,,3:44,YES,,2007,Cluster_1231.3,True,1231.34,1231.72
,,0.344,-38.85,1238.12,846.9762,Cluster,10.0,,0.97,1.78,,7:51,YES,,2007,Cluster_1238.1,True,1238.12,1238.5
500.0,39.98,0.344,,1239.25,847.1082,Girth Weld,,,,,,nan,,,2007,Girth Weld_1239.2,False,1239.25,1239.63
,,0.344,-0.16,1239.41,847.1265,Cluster,11.0,,0.94,3.88,,3:45,YES,,2007,Cluster_1239.4,True,1239.41,1239.7900000000002
,,0.344,-3.37,1242.62,847.502,Cluster,11.0,,8.17,5.95,,3:31,YES,,2007,Cluster_1242.6,True,1242.62,1243.0
,,0.344,-13.67,1252.92,848.7088,Cluster,10.0,,5.48,5.26,,7:41,YES,,2007,Cluster_1252.9,True,1252.92,1253.3000000000002
,,0.344,-17.53,1256.78,849.1625,Cluster,10.0,,1.02,2.2,,3:35,YES,,2007,Cluster_1256.8,True,1256.78,1257.16
,,0.344,-23.45,1262.7,849.8628,Cluster,11.0,,25.08,6.14,,7:45,YES,,2007,Cluster_1262.7,True,1262.7,1263.0800000000002
,,0.344,-25.02,1264.27,850.0493,Metal Loss,10.0,,0.47,0.59,,3:17,YES,,2007,Metal Loss_1264.3,True,1264.27,1264.65
,,0.344,-26.64,1265.9,850.2413,Cluster,11.0,,7.7,3.98,,3:20,YES,,2007,Cluster_1265.9,True,1265.9,1266.2800000000002
,,0.344,-36.54,1275.79,851.4171,Cluster,10.0,,5.03,3.86,,8:16,YES,,2007,Cluster_1275.8,True,1275.79,1276.17
,,0.344,-37.65,1276.9,851.5489,Cluster,11.0,,9.19,5.01,,7:59,YES,,2007,Cluster_1276.9,True,1276.9,1277.2800000000002
,,0.344,-39.55,1278.81,851.7731,Cluster,10.0,,5.35,9.59,,7:46,YES,,2007,Cluster_1278.8,True,1278.81,1279.19
510.0,40.03,0.344,,1279.23,851.8231,Girth Weld,,,,,,nan,,,2007,Girth Weld_1279.2,False,1279.23,1279.6100000000001
,,0.344,-5.12,1284.35,852.4263,Cluster,11.0,,2.45,7.96,,2:38,YES,,2007,Cluster_1284.3,True,1284.35,1284.73
,,0.344,-17.29,1296.52,853.8535,Cluster,10.0,,1.68,5.01,,8:41,YES,,2007,Cluster_1296.5,True,1296.52,1296.9
,,0.344,-17.74,1296.97,853.9065,Cluster,10.0,,2.5,3.56,,2:45,YES,,2007,Cluster_1297.0,True,1296.97,1297.3500000000001
,,0.344,-20.56,1299.79,854.2387,Cluster,10.0,,5.15,4.65,,8:33,YES,,2007,Cluster_1299.8,True,1299.79,1300.17
,,0.344,-23.44,1302.67,854.5774,Metal Loss,12.0,,0.55,0.55,,1:57,YES,,2007,Metal Loss_1302.7,True,1302.67,1303.0500000000002
520.0,40.02,0.344,,1319.26,856.5336,Girth Weld,,,,,,nan,,,2007,Girth Weld_1319.3,False,1319.26,1319.64
,,0.344,-3.65,1322.91,856.9639,Cluster,10.0,,1.82,2.26,,9:33,YES,,2007,Cluster_1322.9,True,1322.91,1323.2900000000002
,,0.344,-11.21,1330.47,857.8544,Cluster,10.0,,9.49,7.52,,8:40,YES,,2007,Cluster_1330.5,True,1330.47,1330.8500000000001
,,0.344,-21.77,1341.04,859.1039,Cluster,10.0,,27.71,19.52,,12:49,YES,,2007,Cluster_1341.0,True,1341.04,1341.42
,,0.344,-22.93,1342.19,859.2408,Metal Loss,10.0,,0.59,0.71,,12:24,YES,,2007,Metal Loss_1342.2,True,1342.19,1342.5700000000002
,,0.344,-29.41,1348.67,860.0116,Metal Loss,10.0,,0.55,0.71,,12:26,YES,,2007,Metal Loss_1348.7,True,1348.67,1349.0500000000002
,,0.344,-30.73,1349.99,860.1694,Cluster,11.0,,1.61,3.9,,1:40,YES,,2007,Cluster_1350.0,True,1349.99,1350.3700000000001
,,0.344,-39.98,1359.24,861.2799,Cluster,13.0,,7.85,12.23,,8:48,YES,,2007,Cluster_1359.2,True,1359.24,1359.6200000000001
530.0,40.0,0.344,,1359.29,861.2848,Girth Weld,,,,,,nan,,,2007,Girth Weld_1359.3,False,1359.29,1359.67
,,0.344,-4.19,1363.47,861.7895,Cluster,10.0,,3.68,17.3,,12:59,YES,,2007,Cluster_1363.5,True,1363.47,1363.8500000000001
,,0.344,-6.84,1366.12,862.1094,Cluster,12.0,,13.34,14.31,,1:45,YES,,2007,Cluster_1366.1,True,1366.12,1366.5
,,0.344,-7.39,1366.68,862.1763,Cluster,12.0,,2.83,3.31,,9:25,YES,,2007,Cluster_1366.7,True,1366.68,1367.0600000000002
,,0.344,-7.79,1367.08,862.2245,Cluster,11.0,,44.24,12.19,,8:15,YES,,2007,Cluster_1367.1,True,1367.08,1367.46
,,0.344,-8.89,1368.18,862.3573,Cluster,11.0,,26.45,12.59,,2:10,YES,,2007,Cluster_1368.2,True,1368.18,1368.5600000000002
,,0.344,-11.78,1371.07,862.7063,Cluster,10.0,,14.12,13.51,,8:09,YES,,2007,Cluster_1371.1,True,1371.07,1371.45
,,0.344,-12.24,1371.53,862.7616,Cluster,13.0,,12.13,11.86,,2:05,YES,,2007,Cluster_1371.5,True,1371.53,1371.91
,,0.344,-13.15,1372.43,862.871,Cluster,10.0,,15.32,11.54,,2:18,YES,,2007,Cluster_1372.4,True,1372.43,1372.8100000000002
,,0.344,-15.15,1374.44,863.113,Cluster,10.0,,7.01,11.81,,8:16,YES,,2007,Cluster_1374.4,True,1374.44,1374.8200000000002
,,0.344,-16.78,1376.07,863.3097,Cluster,11.0,,1.7,1.82,,9:46,YES,,2007,Cluster_1376.1,True,1376.07,1376.45
,,0.344,-20.62,1379.91,863.77,Cluster,10.0,,6.49,11.08,,8:27,YES,,2007,Cluster_1379.9,True,1379.91,1380.2900000000002
,,0.344,-20.79,1380.08,863.7899,Cluster,11.0,,13.16,12.61,,2:04,YES,,2007,Cluster_1380.1,True,1380.08,1380.46
,,0.344,-21.68,1380.97,863.8966,Cluster,10.0,,5.74,2.72,,8:22,YES,,2007,Cluster_1381.0,True,1380.97,1381.3500000000001
,,0.344,-21.96,1381.24,863.9297,Cluster,10.0,,2.18,3.77,,3:04,YES,,2007,Cluster_1381.2,True,1381.24,1381.6200000000001
,,0.344,-23.32,1382.61,864.0927,Cluster,11.0,,9.08,11.83,,2:04,YES,,2007,Cluster_1382.6,True,1382.61,1382.99
,,0.344,-24.35,1383.64,864.2158,Cluster,10.0,,4.88,11.98,,8:21,YES,,2007,Cluster_1383.6,True,1383.64,1384.0200000000002
,,0.344,-30.6,1389.89,864.9379,Cluster,13.0,,9.49,12.15,,1:56,YES,,2007,Cluster_1389.9,True,1389.89,1390.2700000000002
,,0.344,-35.26,1394.54,865.4626,Cluster,10.0,,7.66,14.01,,1:56,YES,,2007,Cluster_1394.5,True,1394.54,1394.92
,,0.344,-35.43,1394.71,865.4814,Cluster,11.0,,13.49,11.29,,8:29,YES,,2007,Cluster_1394.7,True,1394.71,1395.0900000000001
,,0.344,-36.63,1395.92,865.6171,Cluster,11.0,,4.52,9.59,,8:36,YES,,2007,Cluster_1395.9,True,1395.92,1396.3000000000002
,,0.344,-38.81,1398.09,865.8604,Cluster,11.0,,5.52,20.09,,6:48,YES,,2007,Cluster_1398.1,True,1398.09,1398.47
,,0.344,-39.42,1398.71,865.9294,Cluster,10.0,,8.11,17.45,,8:22,YES,,2007,Cluster_1398.7,True,1398.71,1399.0900000000001
,,0.344,-39.43,1398.71,865.9296,Cluster,12.0,,6.7,10.33,,2:13,YES,,2007,Cluster_1398.7,True,1398.71,1399.0900000000001
,,0.344,-39.45,1398.73,865.9318,Cluster,13.0,,7.19,5.91,,5:53,YES,,2007,Cluster_1398.7,True,1398.73,1399.1100000000001
540.0,39.94,0.344,,1399.29,865.994,Girth Weld,,,,,,nan,,,2007,Girth Weld_1399.3,False,1399.29,1399.67
,,0.344,-0.06,1399.35,866.0009,Cluster,11.0,,5.58,13.26,,1:53,YES,,2007,Cluster_1399.3,True,1399.35,1399.73
,,0.344,-0.53,1399.82,866.0529,Cluster,10.0,,12.95,14.68,,1:48,YES,,2007,Cluster_1399.8,True,1399.82,1400.2
,,0.344,-4.99,1404.28,866.5504,Cluster,10.0,,1.58,6.47,,2:43,YES,,2007,Cluster_1404.3,True,1404.28,1404.66
,,0.344,-5.63,1404.92,866.6216,Cluster,11.0,,3.47,2.81,,8:30,YES,,2007,Cluster_1404.9,True,1404.92,1405.3000000000002
,,0.344,-5.68,1404.97,866.6281,Cluster,10.0,,6.19,10.12,,8:38,YES,,2007,Cluster_1405.0,True,1404.97,1405.3500000000001
,,0.344,-6.75,1406.04,866.7475,Cluster,10.0,,5.17,8.04,,9:15,YES,,2007,Cluster_1406.0,True,1406.04,1406.42
,,0.344,-7.67,1406.96,866.8492,Cluster,10.0,,17.59,13.24,,8:23,YES,,2007,Cluster_1407.0,True,1406.96,1407.3400000000001
,,0.344,-9.24,1408.53,867.0232,Cluster,10.0,,9.12,11.21,,8:39,YES,,2007,Cluster_1408.5,True,1408.53,1408.91
,,0.344,-9.86,1409.15,867.0924,Cluster,10.0,,6.43,5.91,,2:10,YES,,2007,Cluster_1409.2,True,1409.15,1409.5300000000002
,,0.344,-13.25,1412.54,867.469,Cluster,11.0,,18.37,11.52,,8:51,YES,,2007,Cluster_1412.5,True,1412.54,1412.92
,,0.344,-15.8,1415.09,867.7519,Cluster,10.0,,4.85,6.79,,2:10,YES,,2007,Cluster_1415.1,True,1415.09,1415.47
,,0.344,-19.92,1419.21,868.2067,Metal Loss,10.0,,0.67,0.71,,12:22,YES,,2007,Metal Loss_1419.2,True,1419.21,1419.5900000000001
,,0.344,-20.2,1419.48,868.2372,Cluster,12.0,,33.85,14.64,,8:29,YES,,2007,Cluster_1419.5,True,1419.48,1419.8600000000001
,,0.344,-24.08,1423.37,868.6651,Cluster,10.0,,6.65,6.49,,1:53,YES,,2007,Cluster_1423.4,True,1423.37,1423.75
,,0.344,-25.11,1424.4,868.7783,Cluster,11.0,,37.4,13.43,,8:42,YES,,2007,Cluster_1424.4,True,1424.4,1424.7800000000002
,,0.344,-26.15,1425.43,868.8925,Cluster,14.0,,12.29,7.46,,2:17,YES,,2007,Cluster_1425.4,True,1425.43,1425.8100000000002
,,0.344,-29.65,1428.94,869.2758,Cluster,10.0,,6.01,8.48,,1:54,YES,,2007,Cluster_1428.9,True,1428.94,1429.3200000000002
,,0.344,-30.2,1429.49,869.3364,Cluster,12.0,,7.54,8.63,,1:49,YES,,2007,Cluster_1429.5,True,1429.49,1429.8700000000001
,,0.344,-31.62,1430.91,869.4911,Cluster,10.0,,3.85,6.58,,2:09,YES,,2007,Cluster_1430.9,True,1430.91,1431.2900000000002
,,0.344,-33.05,1432.34,869.6466,Cluster,10.0,,12.38,12.38,,1:44,YES,,2007,Cluster_1432.3,True,1432.34,1432.72
,,0.344,-34.03,1433.32,869.7533,Metal Loss-Manufacturing Anomaly,12.0,,0.63,0.71,,11:41,,,2007,Metal Loss-Manufacturing Anomaly_1433.3,True,1433.32,1433.7
,,0.344,-36.25,1435.54,869.9959,Cluster,10.0,,5.23,9.59,,1:56,YES,,2007,Cluster_1435.5,True,1435.54,1435.92
,,0.344,-39.21,1438.5,870.3163,Cluster,10.0,,6.94,7.96,,1:51,YES,,2007,Cluster_1438.5,True,1438.5,1438.88
,,0.344,-39.46,1438.75,870.3431,Cluster,17.0,,6.48,15.12,,8:03,YES,,2007,Cluster_1438.8,True,1438.75,1439.13
550.0,35.05,0.344,,1439.23,870.3956,Girth Weld,,,,,,nan,,,2007,Girth Weld_1439.2,False,1439.23,1439.6100000000001
,,0.344,-0.01,1439.24,870.3961,Cluster,12.0,,5.89,7.73,,9:11,YES,,2007,Cluster_1439.2,True,1439.24,1439.6200000000001
,,0.344,-0.02,1439.25,870.3977,Cluster,10.0,,4.03,5.74,,2:12,YES,,2007,Cluster_1439.2,True,1439.25,1439.63
,,0.344,-9.19,1448.43,871.3845,Cluster,10.0,,1.15,3.46,,7:38,YES,,2007,Cluster_1448.4,True,1448.43,1448.8100000000002
,,0.344,-15.41,1454.64,872.043,Cluster,11.0,,3.89,10.58,,9:12,YES,,2007,Cluster_1454.6,True,1454.64,1455.0200000000002
,,0.344,-19.3,1458.54,872.4545,Cluster,10.0,,0.62,1.8,,9:57,YES,,2007,Cluster_1458.5,True,1458.54,1458.92
,,0.344,-22.61,1461.84,872.8023,Cluster,11.0,,8.21,8.67,,9:27,YES,,2007,Cluster_1461.8,True,1461.84,1462.22
,,0.344,-23.36,1462.59,872.881,Cluster,10.0,,11.21,11.42,,8:49,YES,,2007,Cluster_1462.6,True,1462.59,1462.97
,,0.344,-24.14,1463.37,872.9627,Cluster,10.0,,19.98,11.21,,1:04,YES,,2007,Cluster_1463.4,True,1463.37,1463.75
,,0.344,-25.66,1464.89,873.1228,Cluster,10.0,,13.72,11.71,,1:04,YES,,2007,Cluster_1464.9,True,1464.89,1465.2700000000002
,,0.344,-26.78,1466.02,873.2407,Cluster,10.0,,21.9,12.67,,9:03,YES,,2007,Cluster_1466.0,True,1466.02,1466.4
,,0.344,-27.2,1466.43,873.2848,Cluster,10.0,,10.44,10.05,,1:09,YES,,2007,Cluster_1466.4,True,1466.43,1466.8100000000002
,,0.344,-34.64,1473.88,874.0644,Cluster,10.0,,5.68,10.33,,1:26,YES,,2007,Cluster_1473.9,True,1473.88,1474.2600000000002
560.0,39.99,0.344,,1474.28,874.1065,Girth Weld,,,,,,nan,,,2007,Girth Weld_1474.3,False,1474.28,1474.66
,,0.344,-3.61,1477.89,874.4844,Cluster,11.0,,34.78,13.8,,9:03,YES,,2007,Cluster_1477.9,True,1477.89,1478.2700000000002
,,0.344,-6.85,1481.13,874.8229,Metal Loss,10.0,,0.59,0.55,,3:23,YES,,2007,Metal Loss_1481.1,True,1481.13,1481.5100000000002
,,0.344,-6.97,1481.25,874.8359,Cluster,10.0,,5.84,12.13,,1:04,YES,,2007,Cluster_1481.2,True,1481.25,1481.63
,,0.344,-14.31,1488.59,875.6039,Metal Loss,10.0,,0.51,0.63,,9:19,YES,,2007,Metal Loss_1488.6,True,1488.59,1488.97
,,0.344,-19.76,1494.04,876.1739,Cluster,11.0,,20.58,12.23,,8:52,YES,,2007,Cluster_1494.0,True,1494.04,1494.42
,,0.344,-33.6,1507.88,877.6284,Cluster,10.0,,7.0,7.88,,1:14,YES,,2007,Cluster_1507.9,True,1507.88,1508.2600000000002
,,0.344,-36.69,1510.97,877.9545,Cluster,11.0,,4.04,6.24,,1:46,YES,,2007,Cluster_1511.0,True,1510.97,1511.3500000000001
,,0.344,-38.02,1512.3,878.0946,Cluster,10.0,,4.52,6.97,,9:43,YES,,2007,Cluster_1512.3,True,1512.3,1512.68
570.0,40.03,0.344,,1514.27,878.3024,Girth Weld,,,,,,nan,,,2007,Girth Weld_1514.3,False,1514.27,1514.65
,,0.344,-3.38,1517.65,878.6589,Cluster,10.0,,12.73,8.61,,1:33,YES,,2007,Cluster_1517.7,True,1517.65,1518.0300000000002
,,0.344,-4.14,1518.41,878.7387,Cluster,10.0,,10.87,6.7,,1:02,YES,,2007,Cluster_1518.4,True,1518.41,1518.7900000000002
,,0.344,-28.16,1542.43,881.2638,Cluster,10.0,,6.01,5.8,,1:47,YES,,2007,Cluster_1542.4,True,1542.43,1542.8100000000002
,,0.344,-39.61,1553.88,882.4519,Cluster,10.0,,4.56,8.27,,10:11,YES,,2007,Cluster_1553.9,True,1553.88,1554.2600000000002
580.0,39.99,0.344,,1554.3,882.4955,Girth Weld,,,,,,nan,,,2007,Girth Weld_1554.3,False,1554.3,1554.68
,,0.344,-5.75,1560.05,883.08,Metal Loss,11.0,,0.75,0.55,,9:56,YES,,2007,Metal Loss_1560.0,True,1560.05,1560.43
,,0.344,-9.49,1563.79,883.4539,Cluster,10.0,,10.93,6.66,,10:26,YES,,2007,Cluster_1563.8,True,1563.79,1564.17
,,0.344,-17.53,1571.84,884.2396,Cluster,11.0,,4.52,3.33,,10:40,YES,,2007,Cluster_1571.8,True,1571.84,1572.22
,,0.344,-21.56,1575.87,884.6258,Cluster,15.0,,7.39,6.91,,10:35,YES,,2007,Cluster_1575.9,True,1575.87,1576.25
,,0.344,-27.71,1582.01,885.2172,Cluster,10.0,,3.26,4.34,,10:37,YES,,2007,Cluster_1582.0,True,1582.01,1582.39
,,0.344,-29.84,1584.15,885.4233,Cluster,14.0,,3.89,3.14,,10:35,YES,,2007,Cluster_1584.2,True,1584.15,1584.5300000000002
,,0.344,-30.3,1584.61,885.4672,Cluster,11.0,,13.44,6.97,,10:37,YES,,2007,Cluster_1584.6,True,1584.61,1584.99
,,0.344,-33.22,1587.53,885.749,Cluster,10.0,,4.07,6.97,,10:14,YES,,2007,Cluster_1587.5,True,1587.53,1587.91
,,0.344,-39.49,1593.8,886.361,Cluster,10.0,,5.5,16.65,,9:06,YES,,2007,Cluster_1593.8,True,1593.8,1594.18
590.0,40.11,0.344,,1594.3,886.4096,Girth Weld,,,,,,nan,,,2007,Girth Weld_1594.3,False,1594.3,1594.68
,,0.344,-0.7,1595.0,886.478,Cluster,14.0,,5.1,20.55,,8:21,YES,,2007,Cluster_1595.0,True,1595.0,1595.38
,,0.344,-0.81,1595.1,886.4883,Metal Loss,20.0,,1.18,6.34,1.87,6:57,YES,,2007,Metal Loss_1595.1,True,1595.1,1595.48
,,0.344,-15.69,1609.99,887.9465,Metal Loss,10.0,,0.67,0.59,,12:24,YES,,2007,Metal Loss_1610.0,True,1609.99,1610.3700000000001
,,0.344,-34.48,1628.77,889.7887,Cluster,11.0,,0.8,2.12,,10:29,YES,,2007,Cluster_1628.8,True,1628.77,1629.15
,,0.344,-40.09,1634.38,890.3414,Cluster,10.0,,5.09,11.1,,9:54,YES,,2007,Cluster_1634.4,True,1634.38,1634.7600000000002
600.0,40.11,0.344,,1634.4,890.3433,Girth Weld,,,,,,nan,,,2007,Girth Weld_1634.4,False,1634.4,1634.7800000000002
,,0.344,-0.01,1634.41,890.3443,Cluster,10.0,,6.9,26.12,,12:16,YES,,2007,Cluster_1634.4,True,1634.41,1634.7900000000002
,,0.344,-0.91,1635.31,890.4325,Cluster,11.0,,4.88,22.14,,12:19,YES,,2007,Cluster_1635.3,True,1635.31,1635.69
,,0.344,-39.52,1673.93,894.1085,Cluster,11.0,,6.3,11.71,,9:27,YES,,2007,Cluster_1673.9,True,1673.93,1674.3100000000002
,,0.344,-40.11,1674.51,894.1603,Cluster,10.0,,5.08,12.73,,9:47,YES,,2007,Cluster_1674.5,True,1674.51,1674.89
610.0,40.0,0.344,,1674.51,894.1604,Girth Weld,,,,,,nan,,,2007,Girth Weld_1674.5,False,1674.51,1674.89
,,0.344,-22.33,1696.83,896.1156,Cluster,11.0,,0.92,2.85,,12:20,YES,,2007,Cluster_1696.8,True,1696.83,1697.21
,,0.344,-39.58,1714.09,897.5261,Cluster,11.0,,5.06,11.94,,9:52,YES,,2007,Cluster_1714.1,True,1714.09,1714.47
620.0,39.95,0.344,,1714.51,897.555,Girth Weld,,,,,,nan,,,2007,Girth Weld_1714.5,False,1714.51,1714.89
630.0,39.97,0.344,,1754.45,900.2311,Girth Weld,,,,,,nan,,,2007,Girth Weld_1754.5,False,1754.45,1754.8300000000002
,,0.344,-36.06,1790.51,902.3065,Cluster,10.0,,2.77,2.26,,11:07,YES,,2007,Cluster_1790.5,True,1790.51,1790.89
640.0,27.04,0.344,,1794.43,902.4966,Girth Weld,,,,,,nan,,,2007,Girth Weld_1794.4,False,1794.43,1794.8100000000002
650.0,40.01,0.344,,1821.46,903.6467,Girth Weld,,,,,,nan,,,2007,Girth Weld_1821.5,False,1821.46,1821.8400000000001
660.0,39.89,0.344,,1861.47,904.9192,Girth Weld,,,,,,nan,,,2007,Girth Weld_1861.5,False,1861.47,1861.8500000000001
670.0,38.83,0.344,,1901.36,905.8059,Girth Weld,,,,,,nan,,,2007,Girth Weld_1901.4,False,1901.36,1901.74
680.0,39.96,0.344,,1940.19,906.3068,Girth Weld,,,,,,nan,,,2007,Girth Weld_1940.2,False,1940.19,1940.5700000000002
690.0,40.06,0.344,,1980.16,906.7852,Girth Weld,,,,,,nan,,,2007,Girth Weld_1980.2,False,1980.16,1980.5400000000002
700.0,40.11,0.344,,2020.22,907.2594,Girth Weld,,,,,,nan,,,2007,Girth Weld_2020.2,False,2020.22,2020.6000000000001
710.0,40.1,0.344,,2060.32,908.0495,Girth Weld,,,,,,nan,,,2007,Girth Weld_2060.3,False,2060.32,2060.7000000000003
720.0,40.03,0.344,,2100.43,909.357,Girth Weld,,,,,,nan,,,2007,Girth Weld_2100.4,False,2100.43,2100.81
,,0.344,-4.02,2104.45,909.5225,Metal Loss,13.0,,0.51,0.59,,11:59,YES,,2007,Metal Loss_2104.4,True,2104.45,2104.83
,,0.344,-11.71,2112.13,909.841,Cluster,10.0,,2.84,2.81,,11:54,YES,,2007,Cluster_2112.1,True,2112.13,2112.51
,,0.344,-13.09,2113.52,909.8994,Metal Loss,14.0,,0.79,0.71,,6:42,YES,,2007,Metal Loss_2113.5,True,2113.52,2113.9
,,0.344,-13.82,2114.25,909.9303,Metal Loss,10.0,,1.34,0.79,,11:06,YES,,2007,Metal Loss_2114.2,True,2114.25,2114.63
,,0.344,-18.3,2118.73,910.1192,Cluster,13.0,,2.03,3.02,,6:09,YES,,2007,Cluster_2118.7,True,2118.73,2119.11
,,0.344,-20.1,2120.53,910.1957,Metal Loss,10.0,,0.35,0.71,,12:49,YES,,2007,Metal Loss_2120.5,True,2120.53,2120.9100000000003
,,0.344,-21.44,2121.87,910.2533,Cluster,11.0,,2.93,4.88,,12:44,YES,,2007,Cluster_2121.9,True,2121.87,2122.25
,,0.344,-22.62,2123.05,910.3039,Metal Loss,12.0,,0.75,0.83,,4:56,YES,,2007,Metal Loss_2123.1,True,2123.05,2123.4300000000003
,,0.344,-23.67,2124.09,910.3487,Metal Loss,10.0,,0.71,0.71,,5:21,YES,,2007,Metal Loss_2124.1,True,2124.09,2124.4700000000003
,,0.344,-25.92,2126.34,910.4453,Metal Loss,11.0,,0.79,1.14,,6:03,YES,,2007,Metal Loss_2126.3,True,2126.34,2126.7200000000003
,,0.344,-26.56,2126.98,910.4728,Cluster,22.0,,1.81,2.98,1.84,6:06,YES,,2007,Cluster_2127.0,True,2126.98,2127.36
,,0.344,-26.63,2127.06,910.476,Cluster,11.0,,2.38,2.05,,6:58,YES,,2007,Cluster_2127.1,True,2127.06,2127.44
,,0.344,-36.07,2136.49,910.9471,Metal Loss,15.0,,0.75,0.71,,12:00,YES,,2007,Metal Loss_2136.5,True,2136.49,2136.87
,,0.344,-37.34,2137.77,911.0257,Cluster,12.0,,4.24,4.38,,11:17,YES,,2007,Cluster_2137.8,True,2137.77,2138.15
,,0.344,-38.96,2139.38,911.1251,Metal Loss,11.0,,0.43,0.71,,11:57,YES,,2007,Metal Loss_2139.4,True,2139.38,2139.76
,,0.344,-39.88,2140.31,911.1823,Metal Loss,12.0,,0.67,0.71,,4:47,YES,,2007,Metal Loss_2140.3,True,2140.31,2140.69
730.0,40.04,0.344,,2140.46,911.1916,Girth Weld,,,,,,nan,,,2007,Girth Weld_2140.5,False,2140.46,2140.84
,,0.344,-5.88,2146.34,911.5635,Cluster,10.0,,1.81,1.4,,11:59,YES,,2007,Cluster_2146.3,True,2146.34,2146.7200000000003
,,0.344,-7.73,2148.19,911.6828,Metal Loss,19.0,,0.79,0.55,,5:36,YES,,2007,Metal Loss_2148.2,True,2148.19,2148.57
,,0.344,-9.98,2150.44,911.8277,Metal Loss,10.0,,0.71,0.71,,7:16,YES,,2007,Metal Loss_2150.4,True,2150.44,2150.82
,,0.344,-13.06,2153.51,912.0268,Metal Loss,15.0,,0.91,0.91,,6:39,YES,,2007,Metal Loss_2153.5,True,2153.51,2153.8900000000003
,,0.344,-17.03,2157.49,912.2906,Metal Loss,25.0,,0.71,0.63,1.88,6:58,YES,,2007,Metal Loss_2157.5,True,2157.49,2157.87
,,0.344,-19.12,2159.58,912.4296,Metal Loss,10.0,,1.26,1.06,,11:44,YES,,2007,Metal Loss_2159.6,True,2159.58,2159.96
,,0.344,-20.62,2161.08,912.529,Metal Loss,17.0,,0.63,0.55,,6:40,YES,,2007,Metal Loss_2161.1,True,2161.08,2161.46
,,0.344,-34.16,2174.62,913.456,Metal Loss,12.0,,0.87,0.91,,6:31,YES,,2007,Metal Loss_2174.6,True,2174.62,2175.0
,,0.344,-36.31,2176.77,913.6075,Metal Loss,14.0,,0.59,0.79,,12:04,YES,,2007,Metal Loss_2176.8,True,2176.77,2177.15
,,0.344,-38.82,2179.28,913.7847,Metal Loss,10.0,,0.59,0.71,,4:34,YES,,2007,Metal Loss_2179.3,True,2179.28,2179.6600000000003
,,0.344,-38.99,2179.45,913.7965,Cluster,11.0,,2.76,4.38,,5:04,YES,,2007,Cluster_2179.4,True,2179.45,2179.83
740.0,40.07,0.344,,2180.5,913.8707,Girth Weld,,,,,,nan,,,2007,Girth Weld_2180.5,False,2180.5,2180.88
,,0.344,-1.23,2181.73,913.9577,Metal Loss,12.0,,1.61,0.83,,5:17,YES,,2007,Metal Loss_2181.7,True,2181.73,2182.11
,,0.344,-3.76,2184.26,914.1366,Metal Loss,10.0,,0.51,0.71,,12:11,YES,,2007,Metal Loss_2184.3,True,2184.26,2184.6400000000003
,,0.344,-12.11,2192.61,914.7337,Metal Loss,12.0,,0.59,0.71,,7:18,YES,,2007,Metal Loss_2192.6,True,2192.61,2192.9900000000002
,,0.344,-13.63,2194.13,914.8433,Metal Loss,11.0,,0.71,0.59,,11:58,YES,,2007,Metal Loss_2194.1,True,2194.13,2194.51
,,0.344,-38.22,2218.72,916.6591,Metal Loss,12.0,,0.98,0.71,,5:13,YES,,2007,Metal Loss_2218.7,True,2218.72,2219.1
,,0.344,-39.74,2220.24,916.7737,Cluster,16.0,,3.12,2.77,,5:23,YES,,2007,Cluster_2220.2,True,2220.24,2220.62
,,0.344,-39.74,2220.24,916.7741,Metal Loss,11.0,,0.91,0.59,,6:19,YES,,2007,Metal Loss_2220.2,True,2220.24,2220.62
750.0,39.82,0.344,,2220.57,916.7985,Girth Weld,,,,,,nan,,,2007,Girth Weld_2220.6,False,2220.57,2220.9500000000003
,,0.344,-2.29,2222.85,916.9708,Metal Loss,15.0,,0.55,0.71,,7:15,YES,,2007,Metal Loss_2222.8,True,2222.85,2223.23
,,0.344,-6.11,2226.67,917.2614,Metal Loss,10.0,,0.59,0.71,,7:10,YES,,2007,Metal Loss_2226.7,True,2226.67,2227.05
,,0.344,-6.15,2226.72,917.2647,Metal Loss,10.0,,0.91,0.63,,6:24,YES,,2007,Metal Loss_2226.7,True,2226.72,2227.1
,,0.344,-7.41,2227.98,917.3608,Metal Loss,12.0,,0.63,0.71,,7:20,YES,,2007,Metal Loss_2228.0,True,2227.98,2228.36
,,0.344,-8.24,2228.8,917.4236,Metal Loss,10.0,,0.71,0.71,,6:27,YES,,2007,Metal Loss_2228.8,True,2228.8,2229.1800000000003
,,0.344,-12.48,2233.04,917.7464,Metal Loss,13.0,,0.79,0.94,,6:24,YES,,2007,Metal Loss_2233.0,True,2233.04,2233.42
,,0.344,-12.61,2233.17,917.7564,Cluster,11.0,,1.76,1.11,,4:57,YES,,2007,Cluster_2233.2,True,2233.17,2233.55
,,0.344,-13.8,2234.36,917.8472,Cluster,11.0,,2.12,0.73,,7:33,YES,,2007,Cluster_2234.4,True,2234.36,2234.7400000000002
,,0.344,-14.13,2234.69,917.8724,Metal Loss,12.0,,0.63,0.71,,5:14,YES,,2007,Metal Loss_2234.7,True,2234.69,2235.07
,,0.344,-14.68,2235.25,917.9148,Metal Loss,10.0,,1.1,0.83,,6:23,YES,,2007,Metal Loss_2235.2,True,2235.25,2235.63
,,0.344,-18.33,2238.9,918.1934,Cluster,15.0,,2.34,1.11,,5:19,YES,,2007,Cluster_2238.9,True,2238.9,2239.28
,,0.344,-20.64,2241.2,918.3697,Metal Loss,15.0,,0.67,0.71,,4:59,YES,,2007,Metal Loss_2241.2,True,2241.2,2241.58
,,0.344,-21.28,2241.84,918.4186,Metal Loss,12.0,,0.59,0.71,,5:26,YES,,2007,Metal Loss_2241.8,True,2241.84,2242.2200000000003
,,0.344,-23.35,2243.92,918.5765,Metal Loss,17.0,,0.71,0.71,,6:21,YES,,2007,Metal Loss_2243.9,True,2243.92,2244.3
,,0.344,-24.32,2244.89,918.6503,Metal Loss,11.0,,0.75,0.63,,6:11,YES,,2007,Metal Loss_2244.9,True,2244.89,2245.27
,,0.344,-26.45,2247.01,918.811,Metal Loss,17.0,,0.87,0.71,,5:31,YES,,2007,Metal Loss_2247.0,True,2247.01,2247.3900000000003
,,0.344,-28.19,2248.76,918.943,Metal Loss,16.0,,0.63,0.59,,6:26,YES,,2007,Metal Loss_2248.8,True,2248.76,2249.1400000000003
,,0.344,-28.72,2249.29,918.9831,Metal Loss,10.0,,0.71,0.71,,6:01,YES,,2007,Metal Loss_2249.3,True,2249.29,2249.67
,,0.344,-28.93,2249.5,918.9989,Metal Loss,11.0,,0.71,0.71,,6:28,YES,,2007,Metal Loss_2249.5,True,2249.5,2249.88
,,0.344,-33.35,2253.91,919.3328,Metal Loss,13.0,,0.47,0.71,,5:23,YES,,2007,Metal Loss_2253.9,True,2253.91,2254.29
,,0.344,-35.19,2255.76,919.4699,Cluster,18.0,,1.94,0.69,,5:25,YES,,2007,Cluster_2255.8,True,2255.76,2256.1400000000003
,,0.344,-36.84,2257.41,919.5927,Metal Loss,13.0,,0.79,0.67,,6:25,YES,,2007,Metal Loss_2257.4,True,2257.41,2257.79
,,0.344,-37.56,2258.13,919.646,Cluster,11.0,,4.56,3.83,,4:55,YES,,2007,Cluster_2258.1,True,2258.13,2258.51
,,0.344,-39.55,2260.11,919.7917,Cluster,15.0,,3.11,3.31,,5:32,YES,,2007,Cluster_2260.1,True,2260.11,2260.4900000000002
760.0,40.06,0.344,,2260.38,919.8114,Girth Weld,,,,,,nan,,,2007,Girth Weld_2260.4,False,2260.38,2260.76
,,0.344,-0.08,2260.47,919.8172,Cluster,13.0,,1.57,4.48,,5:35,YES,,2007,Cluster_2260.5,True,2260.47,2260.85
,,0.344,-1.62,2262.01,919.9293,Metal Loss,10.0,,0.67,0.71,,7:07,YES,,2007,Metal Loss_2262.0,True,2262.01,2262.3900000000003
,,0.344,-3.59,2263.98,920.0726,Cluster,13.0,,1.66,0.69,,5:57,YES,,2007,Cluster_2264.0,True,2263.98,2264.36
,,0.344,-5.62,2266.01,920.2201,Metal Loss,10.0,,0.47,0.71,,11:47,YES,,2007,Metal Loss_2266.0,True,2266.01,2266.3900000000003
,,0.344,-6.88,2267.26,920.3112,Metal Loss,10.0,,0.79,0.59,,6:03,YES,,2007,Metal Loss_2267.3,True,2267.26,2267.6400000000003
,,0.344,-8.13,2268.51,920.4023,Metal Loss,12.0,,0.55,0.71,,5:25,YES,,2007,Metal Loss_2268.5,True,2268.51,2268.8900000000003
,,0.344,-10.6,2270.99,920.5809,Cluster,10.0,,1.86,1.43,,6:27,YES,,2007,Cluster_2271.0,True,2270.99,2271.37
,,0.344,-30.04,2290.43,921.9339,Cluster,10.0,,3.88,0.71,,5:30,YES,,2007,Cluster_2290.4,True,2290.43,2290.81
,,0.344,-30.6,2290.98,921.9714,Cluster,12.0,,1.62,3.27,,5:42,YES,,2007,Cluster_2291.0,True,2290.98,2291.36
,,0.344,-39.67,2300.05,922.556,Cluster,15.0,,4.56,4.34,,5:52,YES,,2007,Cluster_2300.1,True,2300.05,2300.4300000000003
,,0.344,-39.74,2300.12,922.5602,Cluster,16.0,,4.03,8.09,,3:49,YES,,2007,Cluster_2300.1,True,2300.12,2300.5
770.0,10.39,0.344,,2300.45,922.5808,Girth Weld,,,,,,nan,,,2007,Girth Weld_2300.4,False,2300.45,2300.83
,,0.344,-1.84,2302.29,922.6964,Metal Loss,13.0,,0.67,0.71,,5:47,YES,,2007,Metal Loss_2302.3,True,2302.29,2302.67
,,0.344,-9.55,2310.0,923.1627,Metal Loss,10.0,,1.02,0.87,,6:09,YES,,2007,Metal Loss_2310.0,True,2310.0,2310.38
,,0.344,-10.08,2310.53,923.1944,Metal Loss,14.0,,0.98,0.87,,6:03,YES,,2007,Metal Loss_2310.5,True,2310.53,2310.9100000000003
780.0,40.03,0.344,,2310.84,923.2127,Girth Weld,,,,,,nan,,,2007,Girth Weld_2310.8,False,2310.84,2311.2200000000003
790.0,15.06,0.5,,2350.86,925.498,Girth Weld,,,,,,nan,,"0.500""",2007,Girth Weld_2350.9,False,2350.86,2351.2400000000002
,,,,2358.48,925.9077,Bend,,,,,,nan,,5.0D - 47Â° - Left,2007,Bend_2358.5,False,2358.48,2358.86
800.0,23.8,0.344,,2365.92,926.2426,Girth Weld,,,,,,nan,,"0.344""",2007,Girth Weld_2365.9,False,2365.92,2366.3
,,0.344,-2.37,2368.29,926.2914,Cluster,13.0,,5.62,5.97,,5:40,YES,,2007,Cluster_2368.3,True,2368.29,2368.67
810.0,40.14,0.344,,2389.72,926.2387,Girth Weld,,,,,,nan,,,2007,Girth Weld_2389.7,False,2389.72,2390.1
820.0,40.1,0.344,,2429.86,926.1467,Girth Weld,,,,,,nan,,,2007,Girth Weld_2429.9,False,2429.86,2430.2400000000002
830.0,40.09,0.344,,2469.96,926.181,Girth Weld,,,,,,nan,,,2007,Girth Weld_2470.0,False,2469.96,2470.34
840.0,40.08,0.344,,2510.05,926.2885,Girth Weld,,,,,,nan,,,2007,Girth Weld_2510.1,False,2510.05,2510.4300000000003
850.0,40.1,0.344,,2550.13,926.9249,Girth Weld,,,,,,nan,,,2007,Girth Weld_2550.1,False,2550.13,2550.51
860.0,40.1,0.344,,2590.23,928.7713,Girth Weld,,,,,,nan,,,2007,Girth Weld_2590.2,False,2590.23,2590.61
870.0,40.07,0.344,,2630.32,931.6633,Girth Weld,,,,,,nan,,,2007,Girth Weld_2630.3,False,2630.32,2630.7000000000003
880.0,40.06,0.344,,2670.39,935.4431,Girth Weld,,,,,,nan,,,2007,Girth Weld_2670.4,False,2670.39,2670.77
890.0,40.08,0.344,,2710.45,939.9295,Girth Weld,,,,,,nan,,,2007,Girth Weld_2710.4,False,2710.45,2710.83
900.0,40.06,0.344,,2750.53,945.1271,Girth Weld,,,,,,nan,,,2007,Girth Weld_2750.5,False,2750.53,2750.9100000000003
910.0,40.04,0.344,,2790.6,951.0335,Girth Weld,,,,,,nan,,,2007,Girth Weld_2790.6,False,2790.6,2790.98
920.0,40.0,0.344,,2830.64,957.1712,Girth Weld,,,,,,nan,,,2007,Girth Weld_2830.6,False,2830.64,2831.02
930.0,8.28,0.5,,2870.64,962.9958,Girth Weld,,,,,,nan,,"0.500""",2007,Girth Weld_2870.6,False,2870.64,2871.02
,,,,2874.56,963.4886,Bend,,,,,,nan,,5.9D - 21Â° - Left,2007,Bend_2874.6,False,2874.56,2874.94
940.0,30.78,0.344,,2878.92,964.0185,Girth Weld,,,,,,nan,,"0.344""",2007,Girth Weld_2878.9,False,2878.92,2879.3
950.0,40.03,0.344,,2909.7,967.5674,Girth Weld,,,,,,nan,,,2007,Girth Weld_2909.7,False,2909.7,2910.08
960.0,39.94,0.344,,2949.73,970.3446,Girth Weld,,,,,,nan,,,2007,Girth Weld_2949.7,False,2949.73,2950.11
,,0.344,-32.93,2982.66,971.2751,Metal Loss,10.0,,0.51,0.71,,11:01,YES,,2007,Metal Loss_2982.7,True,2982.66,2983.04
970.0,39.79,0.344,,2989.67,971.4205,Girth Weld,,,,,,nan,,,2007,Girth Weld_2989.7,False,2989.67,2990.05
,,0.344,-1.76,2991.42,971.457,Cluster,12.0,,0.77,1.72,,9:37,YES,,2007,Cluster_2991.4,True,2991.42,2991.8
,,0.344,-1.94,2991.61,971.4608,Metal Loss,13.0,,0.55,0.55,,9:42,YES,,2007,Metal Loss_2991.6,True,2991.61,2991.9900000000002
,,0.344,-3.94,2993.61,971.5022,Cluster,10.0,,1.58,1.36,,9:30,YES,,2007,Cluster_2993.6,True,2993.61,2993.9900000000002
,,0.344,-4.24,2993.91,971.5085,Cluster,12.0,,1.63,0.67,,2:16,YES,,2007,Cluster_2993.9,True,2993.91,2994.29
,,0.344,-4.83,2994.5,971.5207,Cluster,10.0,,4.84,2.81,,9:17,YES,,2007,Cluster_2994.5,True,2994.5,2994.88
,,0.344,-12.41,3002.07,971.677,Metal Loss,10.0,,0.51,0.55,,8:30,YES,,2007,Metal Loss_3002.1,True,3002.07,3002.4500000000003
,,0.344,-12.57,3002.24,971.6804,Metal Loss,11.0,,0.67,0.71,,8:29,YES,,2007,Metal Loss_3002.2,True,3002.24,3002.62
,,0.344,-28.38,3018.05,971.9395,Metal Loss,10.0,,0.63,0.63,,3:09,YES,,2007,Metal Loss_3018.1,True,3018.05,3018.4300000000003
,,0.344,-30.21,3019.88,971.941,Cluster,10.0,,1.76,1.24,,8:31,YES,,2007,Cluster_3019.9,True,3019.88,3020.26
980.0,39.99,0.344,,3029.46,971.9483,Girth Weld,,,,,,nan,,,2007,Girth Weld_3029.5,False,3029.46,3029.84
,,0.344,-21.59,3051.05,971.9481,Cluster,10.0,,4.02,0.71,,4:35,YES,,2007,Cluster_3051.1,True,3051.05,3051.4300000000003
,,0.344,-25.37,3054.83,971.9454,Cluster,10.0,,3.74,1.05,,4:18,YES,,2007,Cluster_3054.8,True,3054.83,3055.21
,,0.344,-25.79,3055.25,971.945,Metal Loss,11.0,,0.67,0.71,,4:22,YES,,2007,Metal Loss_3055.2,True,3055.25,3055.63
,,0.344,-27.05,3056.51,971.9441,Cluster,11.0,,3.52,0.69,,4:17,YES,,2007,Cluster_3056.5,True,3056.51,3056.8900000000003
,,0.344,-27.34,3056.8,971.9439,Cluster,11.0,,4.99,3.83,,7:17,YES,,2007,Cluster_3056.8,True,3056.8,3057.1800000000003
,,0.344,-28.41,3057.87,971.9432,Cluster,11.0,,3.41,1.2,,4:12,YES,,2007,Cluster_3057.9,True,3057.87,3058.25
,,0.344,-28.89,3058.36,971.9428,Metal Loss,12.0,,0.71,0.55,,4:17,YES,,2007,Metal Loss_3058.4,True,3058.36,3058.7400000000002
,,0.344,-29.11,3058.57,971.9426,Cluster,11.0,,6.88,2.77,,3:57,YES,,2007,Cluster_3058.6,True,3058.57,3058.9500000000003
,,0.344,-29.62,3059.08,971.9421,Cluster,11.0,,9.0,3.37,,7:18,YES,,2007,Cluster_3059.1,True,3059.08,3059.46
,,0.344,-29.81,3059.27,971.942,Metal Loss,10.0,,0.91,0.71,,4:14,YES,,2007,Metal Loss_3059.3,True,3059.27,3059.65
,,0.344,-30.3,3059.76,971.9415,Cluster,11.0,,13.36,5.59,,3:47,YES,,2007,Cluster_3059.8,True,3059.76,3060.1400000000003
,,0.344,-30.45,3059.92,971.9414,Cluster,11.0,,7.37,3.88,,7:18,YES,,2007,Cluster_3059.9,True,3059.92,3060.3
,,0.344,-31.23,3060.69,971.9407,Cluster,15.0,,7.08,1.34,,7:42,YES,,2007,Cluster_3060.7,True,3060.69,3061.07
,,0.344,-31.92,3061.38,971.9401,Cluster,15.0,,11.11,2.28,,7:39,YES,,2007,Cluster_3061.4,True,3061.38,3061.76
,,0.344,-32.01,3061.47,971.94,Cluster,15.0,,4.7,5.41,,3:59,YES,,2007,Cluster_3061.5,True,3061.47,3061.85
,,0.344,-32.51,3061.97,971.9396,Cluster,10.0,,6.55,5.03,,3:37,YES,,2007,Cluster_3062.0,True,3061.97,3062.35
,,0.344,-32.95,3062.41,971.9392,Cluster,13.0,,5.17,3.33,,7:34,YES,,2007,Cluster_3062.4,True,3062.41,3062.79
,,0.344,-33.63,3063.09,971.9386,Cluster,11.0,,5.63,3.44,,7:39,YES,,2007,Cluster_3063.1,True,3063.09,3063.4700000000003
,,0.344,-34.09,3063.55,971.9382,Cluster,11.0,,4.67,2.98,,3:46,YES,,2007,Cluster_3063.6,True,3063.55,3063.9300000000003
,,0.344,-39.61,3069.07,971.929,Cluster,12.0,,4.69,5.59,,8:17,YES,,2007,Cluster_3069.1,True,3069.07,3069.4500000000003
990.0,39.95,0.344,,3069.45,971.9267,Girth Weld,,,,,,nan,,,2007,Girth Weld_3069.4,False,3069.45,3069.83
,,,,3075.31,971.8719,Tap,,,,,,12:00,,,2007,Tap_3075.3,False,3075.31,3075.69
1000.0,38.43,0.344,,3109.4,971.1733,Girth Weld,,,,,,nan,,,2007,Girth Weld_3109.4,False,3109.4,3109.78
1010.0,40.03,0.344,,3147.83,970.2689,Girth Weld,,,,,,nan,,,2007,Girth Weld_3147.8,False,3147.83,3148.21
1020.0,40.03,0.344,,3187.86,968.6961,Girth Weld,,,,,,nan,,,2007,Girth Weld_3187.9,False,3187.86,3188.2400000000002
1030.0,40.03,0.344,,3227.9,967.0689,Girth Weld,,,,,,nan,,,2007,Girth Weld_3227.9,False,3227.9,3228.28
1040.0,40.06,0.344,,3267.93,965.3444,Girth Weld,,,,,,nan,,,2007,Girth Weld_3267.9,False,3267.93,3268.31
1050.0,40.12,0.344,,3307.98,963.5412,Girth Weld,,,,,,nan,,,2007,Girth Weld_3308.0,False,3307.98,3308.36
,,0.344,-39.24,3347.22,961.6587,Metal Loss,14.0,,1.18,2.24,,3:48,NO,,2007,Metal Loss_3347.2,True,3347.22,3347.6
,,0.344,-39.32,3347.3,961.6548,Metal Loss,11.0,,0.71,0.94,,7:29,NO,,2007,Metal Loss_3347.3,True,3347.3,3347.6800000000003
1060.0,40.05,0.344,,3348.1,961.6137,Girth Weld,,,,,,nan,,,2007,Girth Weld_3348.1,False,3348.1,3348.48
1070.0,40.01,0.344,,3388.15,959.366,Girth Weld,,,,,,nan,,,2007,Girth Weld_3388.2,False,3388.15,3388.53
,,0.344,-17.89,3406.04,958.2962,Cluster,18.0,,2.56,2.85,,5:32,NO,,2007,Cluster_3406.0,True,3406.04,3406.42
,,0.344,-39.15,3427.3,957.0421,Metal Loss,12.0,,0.87,1.93,,7:45,NO,,2007,Metal Loss_3427.3,True,3427.3,3427.6800000000003
1080.0,39.96,0.344,,3428.16,956.9925,Girth Weld,,,,,,nan,,,2007,Girth Weld_3428.2,False,3428.16,3428.54
1090.0,39.99,0.344,,3468.12,955.056,Girth Weld,,,,,,nan,,,2007,Girth Weld_3468.1,False,3468.12,3468.5
1100.0,39.94,0.344,,3508.11,953.1344,Girth Weld,,,,,,nan,,,2007,Girth Weld_3508.1,False,3508.11,3508.4900000000002
1110.0,40.03,0.344,,3548.05,951.4131,Girth Weld,,,,,,nan,,,2007,Girth Weld_3548.1,False,3548.05,3548.4300000000003
1120.0,40.0,0.344,,3588.09,949.802,Girth Weld,,,,,,nan,,,2007,Girth Weld_3588.1,False,3588.09,3588.4700000000003
1130.0,40.0,0.344,,3628.09,947.3644,Girth Weld,,,,,,nan,,,2007,Girth Weld_3628.1,False,3628.09,3628.4700000000003
1140.0,39.94,0.344,,3668.09,944.505,Girth Weld,,,,,,nan,,,2007,Girth Weld_3668.1,False,3668.09,3668.4700000000003
1150.0,34.57,0.344,,3708.03,941.5769,Girth Weld,,,,,,nan,,,2007,Girth Weld_3708.0,False,3708.03,3708.4100000000003
1160.0,39.51,0.344,,3742.6,939.0385,Girth Weld,,,,,,nan,,,2007,Girth Weld_3742.6,False,3742.6,3742.98
1170.0,39.93,0.344,,3782.11,936.3824,Girth Weld,,,,,,nan,,,2007,Girth Weld_3782.1,False,3782.11,3782.4900000000002
1180.0,39.98,0.344,,3822.05,934.0519,Girth Weld,,,,,,nan,,,2007,Girth Weld_3822.1,False,3822.05,3822.4300000000003
1190.0,39.96,0.344,,3862.02,931.6898,Girth Weld,,,,,,nan,,,2007,Girth Weld_3862.0,False,3862.02,3862.4
1200.0,39.97,0.344,,3901.98,929.1844,Girth Weld,,,,,,nan,,,2007,Girth Weld_3902.0,False,3901.98,3902.36
1210.0,39.97,0.344,,3941.95,926.6442,Girth Weld,,,,,,nan,,,2007,Girth Weld_3941.9,False,3941.95,3942.33
1220.0,39.94,0.344,,3981.92,924.1225,Girth Weld,,,,,,nan,,,2007,Girth Weld_3981.9,False,3981.92,3982.3
1230.0,39.92,0.344,,4021.85,921.9051,Girth Weld,,,,,,nan,,,2007,Girth Weld_4021.8,False,4021.85,4022.23
1240.0,28.1,0.344,,4061.77,919.6469,Girth Weld,,,,,,nan,,,2007,Girth Weld_4061.8,False,4061.77,4062.15
1250.0,39.94,0.344,,4089.87,918.1456,Girth Weld,,,,,,nan,,,2007,Girth Weld_4089.9,False,4089.87,4090.25
1260.0,39.91,0.344,,4129.81,917.3029,Girth Weld,,,,,,nan,,,2007,Girth Weld_4129.8,False,4129.81,4130.1900000000005
1270.0,39.9,0.344,,4169.72,915.6626,Girth Weld,,,,,,nan,,,2007,Girth Weld_4169.7,False,4169.72,4170.1
1280.0,39.95,0.344,,4209.61,913.9698,Girth Weld,,,,,,nan,,,2007,Girth Weld_4209.6,False,4209.61,4209.99
1290.0,40.0,0.344,,4249.57,912.4998,Girth Weld,,,,,,nan,,,2007,Girth Weld_4249.6,False,4249.57,4249.95
1300.0,40.15,0.344,,4289.56,911.4006,Girth Weld,,,,,,nan,,,2007,Girth Weld_4289.6,False,4289.56,4289.9400000000005
1310.0,40.17,0.344,,4329.71,910.3436,Girth Weld,,,,,,nan,,,2007,Girth Weld_4329.7,False,4329.71,4330.09
1320.0,40.06,0.344,,4369.88,909.4641,Girth Weld,,,,,,nan,,,2007,Girth Weld_4369.9,False,4369.88,4370.26
1330.0,40.07,0.344,,4409.94,908.813,Girth Weld,,,,,,nan,,,2007,Girth Weld_4409.9,False,4409.94,4410.32
1340.0,40.03,0.344,,4450.01,908.1672,Girth Weld,,,,,,nan,,,2007,Girth Weld_4450.0,False,4450.01,4450.39
1350.0,40.04,0.344,,4490.05,907.6447,Girth Weld,,,,,,nan,,,2007,Girth Weld_4490.1,False,4490.05,4490.43
1360.0,40.06,0.344,,4530.09,907.7787,Girth Weld,,,,,,nan,,,2007,Girth Weld_4530.1,False,4530.09,4530.47
,,0.344,-0.81,4530.89,907.7889,Metal Loss,15.0,,1.02,2.32,,4:11,NO,,2007,Metal Loss_4530.9,True,4530.89,4531.27
1370.0,40.03,0.344,,4570.15,908.2358,Girth Weld,,,,,,nan,,,2007,Girth Weld_4570.1,False,4570.15,4570.53
,,0.344,-38.94,4609.09,909.2472,Cluster,17.0,,3.47,6.35,,6:16,NO,,2007,Cluster_4609.1,True,4609.09,4609.47
1380.0,40.02,0.344,,4610.18,909.2817,Girth Weld,,,,,,nan,,,2007,Girth Weld_4610.2,False,4610.18,4610.56
1390.0,39.94,0.344,,4650.21,910.5192,Girth Weld,,,,,,nan,,,2007,Girth Weld_4650.2,False,4650.21,4650.59
1400.0,39.97,0.344,,4690.15,911.8068,Girth Weld,,,,,,nan,,,2007,Girth Weld_4690.1,False,4690.15,4690.53
1410.0,39.97,0.344,,4730.12,912.9988,Girth Weld,,,,,,nan,,,2007,Girth Weld_4730.1,False,4730.12,4730.5
1420.0,39.99,0.344,,4770.09,913.118,Girth Weld,,,,,,nan,,,2007,Girth Weld_4770.1,False,4770.09,4770.47
1430.0,39.93,0.344,,4810.08,912.5711,Girth Weld,,,,,,nan,,,2007,Girth Weld_4810.1,False,4810.08,4810.46
1440.0,40.04,0.344,,4850.01,911.6846,Girth Weld,,,,,,nan,,,2007,Girth Weld_4850.0,False,4850.01,4850.39
1450.0,27.99,0.344,,4890.05,910.4276,Girth Weld,,,,,,nan,,,2007,Girth Weld_4890.1,False,4890.05,4890.43
1460.0,39.87,0.344,,4918.04,909.604,Girth Weld,,,,,,nan,,,2007,Girth Weld_4918.0,False,4918.04,4918.42
,,,,4957.85,908.7731,Cathodic Protection Point,,,,,,06:00,,,2007,Cathodic Protection Point_4957.9,False,4957.85,4958.2300000000005
1470.0,39.81,0.344,,4957.91,908.7721,Girth Weld,,,,,,nan,,,2007,Girth Weld_4957.9,False,4957.91,4958.29
1480.0,36.5,0.344,,4997.71,907.9843,Girth Weld,,,,,,nan,,,2007,Girth Weld_4997.7,False,4997.71,4998.09
,,0.344,-26.58,5024.29,907.4257,Metal Loss-Manufacturing Anomaly,15.0,,0.67,0.55,,3:43,,,2007,Metal Loss-Manufacturing Anomaly_5024.3,True,5024.29,5024.67
1490.0,40.04,0.344,,5034.22,907.2056,Girth Weld,,,,,,nan,,,2007,Girth Weld_5034.2,False,5034.22,5034.6
1500.0,30.47,0.344,,5074.25,906.3419,Girth Weld,,,,,,nan,,,2007,Girth Weld_5074.2,False,5074.25,5074.63
1510.0,40.02,0.344,,5104.73,905.6904,Girth Weld,,,,,,nan,,,2007,Girth Weld_5104.7,False,5104.73,5105.11
1520.0,40.11,0.344,,5144.75,904.8239,Girth Weld,,,,,,nan,,,2007,Girth Weld_5144.8,False,5144.75,5145.13
1530.0,38.74,0.344,,5184.86,903.9136,Girth Weld,,,,,,nan,,,2007,Girth Weld_5184.9,False,5184.86,5185.24
,,,,5202.44,903.8152,Above Ground Marker,,,,,,nan,,AGM 1,2007,Above Ground Marker_5202.4,False,5202.44,5202.82
1540.0,40.05,0.344,,5223.59,903.8025,Girth Weld,,,,,,nan,,,2007,Girth Weld_5223.6,False,5223.59,5223.97
1550.0,39.88,0.344,,5263.65,903.9213,Girth Weld,,,,,,nan,,,2007,Girth Weld_5263.6,False,5263.65,5264.03
,,0.344,-28.9,5292.54,904.1469,Cluster,14.0,,2.69,2.22,,6:14,NO,,2007,Cluster_5292.5,True,5292.54,5292.92
,,0.344,-30.37,5294.02,904.1541,Cluster,12.0,,1.72,0.69,,5:59,NO,,2007,Cluster_5294.0,True,5294.02,5294.400000000001
1560.0,40.03,0.344,,5303.53,904.1931,Girth Weld,,,,,,nan,,,2007,Girth Weld_5303.5,False,5303.53,5303.91
,,0.344,-38.65,5342.18,904.168,Cluster,43.0,,6.68,36.53,1.45,3:18,NO,,2007,Cluster_5342.2,True,5342.18,5342.56
1570.0,40.11,0.344,,5343.56,904.1627,Girth Weld,,,,,,nan,,,2007,Girth Weld_5343.6,False,5343.56,5343.9400000000005
,,0.344,-0.79,5344.35,904.1596,Cluster,16.0,,2.0,12.63,,9:41,NO,,2007,Cluster_5344.4,True,5344.35,5344.7300000000005
,,0.344,-0.99,5344.55,904.1589,Cluster,16.0,,1.02,3.67,,2:33,NO,,2007,Cluster_5344.6,True,5344.55,5344.93
,,0.344,-17.57,5361.13,904.1821,Cluster,21.0,,4.13,6.03,1.76,6:20,NO,,2007,Cluster_5361.1,True,5361.13,5361.51
,,0.344,-18.29,5361.85,904.1877,Metal Loss,15.0,,0.94,0.55,,6:06,NO,,2007,Metal Loss_5361.9,True,5361.85,5362.2300000000005
,,0.344,-18.4,5361.96,904.1885,Metal Loss,29.0,,1.73,1.14,1.83,6:40,NO,,2007,Metal Loss_5362.0,True,5361.96,5362.34
,,0.344,-18.47,5362.03,904.1891,Cluster,54.0,,4.21,2.14,1.46,7:18,NO,,2007,Cluster_5362.0,True,5362.03,5362.41
,,0.344,-18.58,5362.14,904.19,Cluster,28.0,,4.5,2.77,1.69,4:39,NO,,2007,Cluster_5362.1,True,5362.14,5362.52
,,0.344,-18.94,5362.5,904.1928,Cluster,40.0,,4.68,5.72,1.57,7:01,NO,,2007,Cluster_5362.5,True,5362.5,5362.88
,,0.344,-19.06,5362.62,904.1937,Cluster,13.0,,2.05,2.33,,4:50,NO,,2007,Cluster_5362.6,True,5362.62,5363.0
,,0.344,-19.46,5363.02,904.1969,Metal Loss,32.0,,3.31,1.65,1.72,4:26,NO,,2007,Metal Loss_5363.0,True,5363.02,5363.400000000001
,,0.344,-19.59,5363.15,904.1979,Cluster,19.0,,3.37,8.23,,6:46,NO,,2007,Cluster_5363.1,True,5363.15,5363.53
,,0.344,-20.03,5363.59,904.2013,Cluster,37.0,,1.91,2.2,1.79,4:21,NO,,2007,Cluster_5363.6,True,5363.59,5363.97
,,0.344,-21.03,5364.59,904.2091,Cluster,35.0,,2.35,2.12,1.77,4:25,NO,,2007,Cluster_5364.6,True,5364.59,5364.97
,,0.344,-21.51,5365.07,904.213,Cluster,22.0,,4.85,2.56,1.73,4:23,NO,,2007,Cluster_5365.1,True,5365.07,5365.45
,,0.344,-22.16,5365.72,904.2181,Cluster,59.0,,14.66,17.01,1.08,5:34,NO,,2007,Cluster_5365.7,True,5365.72,5366.1
,,0.344,-22.31,5365.86,904.2192,Cluster,11.0,,3.59,5.2,,4:43,NO,,2007,Cluster_5365.9,True,5365.86,5366.24
,,0.344,-35.87,5379.43,904.345,Cluster,40.0,,3.78,19.14,1.63,4:36,NO,,2007,Cluster_5379.4,True,5379.43,5379.81
1580.0,40.03,0.344,,5383.67,904.4144,Girth Weld,,,,,,nan,,,2007,Girth Weld_5383.7,False,5383.67,5384.05
1590.0,22.89,0.344,,5423.7,905.5913,Girth Weld,,,,,,nan,,,2007,Girth Weld_5423.7,False,5423.7,5424.08
1600.0,40.07,0.344,,5446.59,906.3864,Girth Weld,,,,,,nan,,,2007,Girth Weld_5446.6,False,5446.59,5446.97
,,0.344,-0.74,5447.33,906.411,Cluster,12.0,,2.09,16.57,,6:42,NO,,2007,Cluster_5447.3,True,5447.33,5447.71
,,0.344,-12.36,5458.94,906.7782,Metal Loss-Manufacturing Anomaly,11.0,,3.82,1.06,,12:40,,,2007,Metal Loss-Manufacturing Anomaly_5458.9,True,5458.94,5459.32
1610.0,40.06,0.344,,5486.66,907.8257,Girth Weld,,,,,,nan,,,2007,Girth Weld_5486.7,False,5486.66,5487.04
1620.0,22.95,0.344,,5526.72,909.6275,Girth Weld,,,,,,nan,,,2007,Girth Weld_5526.7,False,5526.72,5527.1
1630.0,40.09,0.344,,5549.67,910.6666,Girth Weld,,,,,,nan,,,2007,Girth Weld_5549.7,False,5549.67,5550.05
1640.0,15.29,0.344,,5589.75,912.5187,Girth Weld,,,,,,nan,,,2007,Girth Weld_5589.8,False,5589.75,5590.13
1650.0,40.04,0.344,,5605.04,913.2674,Girth Weld,,,,,,nan,,,2007,Girth Weld_5605.0,False,5605.04,5605.42
1660.0,40.03,0.344,,5645.08,915.212,Girth Weld,,,,,,nan,,,2007,Girth Weld_5645.1,False,5645.08,5645.46
1670.0,40.01,0.344,,5685.11,917.2726,Girth Weld,,,,,,nan,,,2007,Girth Weld_5685.1,False,5685.11,5685.49
1680.0,26.47,0.344,,5725.11,919.0636,Girth Weld,,,,,,nan,,,2007,Girth Weld_5725.1,False,5725.11,5725.49
1690.0,40.04,0.344,,5751.59,919.9531,Girth Weld,,,,,,nan,,,2007,Girth Weld_5751.6,False,5751.59,5751.97
1700.0,40.01,0.344,,5791.63,921.1714,Girth Weld,,,,,,nan,,,2007,Girth Weld_5791.6,False,5791.63,5792.01
,,0.344,-39.06,5830.69,921.9398,Cluster,19.0,,1.66,6.26,,6:47,NO,,2007,Cluster_5830.7,True,5830.69,5831.07
1710.0,40.01,0.344,,5831.64,921.9583,Girth Weld,,,,,,nan,,,2007,Girth Weld_5831.6,False,5831.64,5832.02
1720.0,40.01,0.344,,5871.65,921.9821,Girth Weld,,,,,,nan,,,2007,Girth Weld_5871.6,False,5871.65,5872.03
1730.0,39.98,0.344,,5911.65,921.4777,Girth Weld,,,,,,nan,,,2007,Girth Weld_5911.6,False,5911.65,5912.03
1740.0,39.98,0.344,,5951.63,919.4853,Girth Weld,,,,,,nan,,,2007,Girth Weld_5951.6,False,5951.63,5952.01
1750.0,40.04,0.344,,5991.61,916.8787,Girth Weld,,,,,,nan,,,2007,Girth Weld_5991.6,False,5991.61,5991.99
1760.0,36.91,0.344,,6031.65,913.6173,Girth Weld,,,,,,nan,,,2007,Girth Weld_6031.6,False,6031.65,6032.03
1770.0,40.03,0.344,,6068.56,910.3758,Girth Weld,,,,,,nan,,,2007,Girth Weld_6068.6,False,6068.56,6068.9400000000005
1780.0,40.03,0.344,,6108.59,906.8486,Girth Weld,,,,,,nan,,,2007,Girth Weld_6108.6,False,6108.59,6108.97
1790.0,39.99,0.344,,6148.61,903.5946,Girth Weld,,,,,,nan,,,2007,Girth Weld_6148.6,False,6148.61,6148.99
1800.0,40.02,0.344,,6188.61,900.4542,Girth Weld,,,,,,nan,,,2007,Girth Weld_6188.6,False,6188.61,6188.99
1810.0,40.11,0.344,,6228.63,897.2149,Girth Weld,,,,,,nan,,,2007,Girth Weld_6228.6,False,6228.63,6229.01
1820.0,40.22,0.344,,6268.74,893.2467,Girth Weld,,,,,,nan,,,2007,Girth Weld_6268.7,False,6268.74,6269.12
1830.0,40.09,0.344,,6308.97,889.1443,Girth Weld,,,,,,nan,,,2007,Girth Weld_6309.0,False,6308.97,6309.35
1840.0,40.05,0.344,,6349.05,887.8045,Girth Weld,,,,,,nan,,,2007,Girth Weld_6349.1,False,6349.05,6349.43
1850.0,19.37,0.344,,6389.1,885.4031,Girth Weld,,,,,,nan,,,2007,Girth Weld_6389.1,False,6389.1,6389.4800000000005
1860.0,39.91,0.344,,6408.47,883.5791,Girth Weld,,,,,,nan,,,2007,Girth Weld_6408.5,False,6408.47,6408.85
1870.0,39.99,0.344,,6448.38,879.9305,Girth Weld,,,,,,nan,,,2007,Girth Weld_6448.4,False,6448.38,6448.76
1880.0,39.99,0.344,,6488.37,876.2629,Girth Weld,,,,,,nan,,,2007,Girth Weld_6488.4,False,6488.37,6488.75
1890.0,39.98,0.344,,6528.36,872.6116,Girth Weld,,,,,,nan,,,2007,Girth Weld_6528.4,False,6528.36,6528.74
1900.0,39.98,0.344,,6568.34,868.9932,Girth Weld,,,,,,nan,,,2007,Girth Weld_6568.3,False,6568.34,6568.72
1910.0,39.96,0.344,,6608.32,865.4877,Girth Weld,,,,,,nan,,,2007,Girth Weld_6608.3,False,6608.32,6608.7
1920.0,39.98,0.344,,6648.28,862.113,Girth Weld,,,,,,nan,,,2007,Girth Weld_6648.3,False,6648.28,6648.66
1930.0,39.91,0.344,,6688.26,858.7998,Girth Weld,,,,,,nan,,,2007,Girth Weld_6688.3,False,6688.26,6688.64
1940.0,39.93,0.344,,6728.16,855.4117,Girth Weld,,,,,,nan,,,2007,Girth Weld_6728.2,False,6728.16,6728.54
1950.0,31.91,0.344,,6768.1,852.0526,Girth Weld,,,,,,nan,,,2007,Girth Weld_6768.1,False,6768.1,6768.4800000000005
1960.0,39.98,0.344,,6800.01,849.7043,Girth Weld,,,,,,nan,,,2007,Girth Weld_6800.0,False,6800.01,6800.39
1970.0,20.62,0.344,,6839.98,847.2605,Girth Weld,,,,,,nan,,,2007,Girth Weld_6840.0,False,6839.98,6840.36
1980.0,39.97,0.344,,6860.61,846.2284,Girth Weld,,,,,,nan,,,2007,Girth Weld_6860.6,False,6860.61,6860.99
1990.0,39.98,0.344,,6900.58,844.0846,Girth Weld,,,,,,nan,,,2007,Girth Weld_6900.6,False,6900.58,6900.96
,,0.344,-23.68,6924.26,842.9271,Metal Loss-Manufacturing Anomaly,14.0,,0.59,0.55,,12:28,,,2007,Metal Loss-Manufacturing Anomaly_6924.3,True,6924.26,6924.64
,,0.344,-24.96,6925.53,842.8694,Metal Loss-Manufacturing Anomaly,20.0,,0.55,0.59,,9:45,,,2007,Metal Loss-Manufacturing Anomaly_6925.5,True,6925.53,6925.91
2000.0,39.92,0.344,,6940.56,842.2147,Girth Weld,,,,,,nan,,,2007,Girth Weld_6940.6,False,6940.56,6940.9400000000005
,,0.344,-39.06,6979.62,840.5392,Metal Loss,17.0,,1.65,2.01,,5:21,NO,,2007,Metal Loss_6979.6,True,6979.62,6980.0
,,0.344,-39.08,6979.64,840.5385,Metal Loss,25.0,,1.26,3.9,1.86,6:42,NO,,2007,Metal Loss_6979.6,True,6979.64,6980.02
2010.0,32.83,0.344,,6980.48,840.5042,Girth Weld,,,,,,nan,,,2007,Girth Weld_6980.5,False,6980.48,6980.86
2020.0,39.94,0.344,,7013.31,839.3914,Girth Weld,,,,,,nan,,,2007,Girth Weld_7013.3,False,7013.31,7013.6900000000005
,,0.344,-39.05,7052.36,838.1095,Cluster,18.0,,1.99,5.38,,3:50,NO,,2007,Cluster_7052.4,True,7052.36,7052.74
2030.0,39.99,0.344,,7053.25,838.0806,Girth Weld,,,,,,nan,,,2007,Girth Weld_7053.2,False,7053.25,7053.63
2040.0,39.96,0.344,,7093.24,836.9602,Girth Weld,,,,,,nan,,,2007,Girth Weld_7093.2,False,7093.24,7093.62
2050.0,39.97,0.344,,7133.2,836.0004,Girth Weld,,,,,,nan,,,2007,Girth Weld_7133.2,False,7133.2,7133.58
2060.0,39.9,0.344,,7173.17,835.0986,Girth Weld,,,,,,nan,,,2007,Girth Weld_7173.2,False,7173.17,7173.55
2070.0,40.03,0.344,,7213.06,834.4001,Girth Weld,,,,,,nan,,,2007,Girth Weld_7213.1,False,7213.06,7213.4400000000005
2080.0,39.98,0.344,,7253.1,834.0561,Girth Weld,,,,,,nan,,,2007,Girth Weld_7253.1,False,7253.1,7253.4800000000005
2090.0,40.04,0.344,,7293.07,833.2611,Girth Weld,,,,,,nan,,,2007,Girth Weld_7293.1,False,7293.07,7293.45
,,,,7297.32,833.1656,Tap,,,,,,12:00,,,2007,Tap_7297.3,False,7297.32,7297.7
,,,,7299.32,833.12,Tap,,,,,,12:00,,,2007,Tap_7299.3,False,7299.32,7299.7
2100.0,40.01,0.344,,7333.11,832.2681,Girth Weld,,,,,,nan,,,2007,Girth Weld_7333.1,False,7333.11,7333.49
2110.0,39.89,0.344,,7373.12,830.4167,Girth Weld,,,,,,nan,,,2007,Girth Weld_7373.1,False,7373.12,7373.5
2120.0,39.95,0.344,,7413.01,828.3557,Girth Weld,,,,,,nan,,,2007,Girth Weld_7413.0,False,7413.01,7413.39
2130.0,39.93,0.344,,7452.96,826.2356,Girth Weld,,,,,,nan,,,2007,Girth Weld_7453.0,False,7452.96,7453.34
2140.0,39.98,0.344,,7492.89,823.6085,Girth Weld,,,,,,nan,,,2007,Girth Weld_7492.9,False,7492.89,7493.27
2150.0,39.97,0.344,,7532.87,821.0858,Girth Weld,,,,,,nan,,,2007,Girth Weld_7532.9,False,7532.87,7533.25
2160.0,39.87,0.344,,7572.84,818.928,Girth Weld,,,,,,nan,,,2007,Girth Weld_7572.8,False,7572.84,7573.22
2170.0,39.87,0.344,,7612.71,816.841,Girth Weld,,,,,,nan,,,2007,Girth Weld_7612.7,False,7612.71,7613.09
,,0.344,-24.7,7637.41,815.6535,Metal Loss,19.0,,1.38,1.18,,9:07,NO,,2007,Metal Loss_7637.4,True,7637.41,7637.79
,,0.344,-25.04,7637.75,815.6391,Metal Loss,14.0,,1.46,1.53,,9:05,NO,,2007,Metal Loss_7637.8,True,7637.75,7638.13
,,0.344,-26.09,7638.8,815.5944,Cluster,11.0,,3.06,3.46,,9:38,NO,,2007,Cluster_7638.8,True,7638.8,7639.18
,,0.344,-38.53,7651.24,815.0541,Cluster,11.0,,3.41,1.38,,6:27,NO,,2007,Cluster_7651.2,True,7651.24,7651.62
2180.0,39.94,0.344,,7652.58,814.9942,Girth Weld,,,,,,nan,,,2007,Girth Weld_7652.6,False,7652.58,7652.96
2190.0,39.87,0.344,,7692.53,813.2727,Girth Weld,,,,,,nan,,,2007,Girth Weld_7692.5,False,7692.53,7692.91
2200.0,39.9,0.344,,7732.39,811.7682,Girth Weld,,,,,,nan,,,2007,Girth Weld_7732.4,False,7732.39,7732.77
2210.0,10.89,0.344,,7772.29,810.3112,Girth Weld,,,,,,nan,,,2007,Girth Weld_7772.3,False,7772.29,7772.67
2220.0,39.94,0.344,,7783.18,810.0367,Girth Weld,,,,,,nan,,,2007,Girth Weld_7783.2,False,7783.18,7783.56
2230.0,39.99,0.344,,7823.12,809.2136,Girth Weld,,,,,,nan,,,2007,Girth Weld_7823.1,False,7823.12,7823.5
2240.0,39.94,0.344,,7863.12,808.5754,Girth Weld,,,,,,nan,,,2007,Girth Weld_7863.1,False,7863.12,7863.5
2250.0,39.65,0.344,,7903.06,807.9884,Girth Weld,,,,,,nan,,,2007,Girth Weld_7903.1,False,7903.06,7903.4400000000005
2260.0,39.89,0.344,,7942.72,807.2028,Girth Weld,,,,,,nan,,,2007,Girth Weld_7942.7,False,7942.72,7943.1
2270.0,39.89,0.344,,7982.61,806.5524,Girth Weld,,,,,,nan,,,2007,Girth Weld_7982.6,False,7982.61,7982.99
2280.0,39.95,0.344,,8022.5,806.4375,Girth Weld,,,,,,nan,,,2007,Girth Weld_8022.5,False,8022.5,8022.88
2290.0,39.99,0.344,,8062.45,807.2133,Girth Weld,,,,,,nan,,,2007,Girth Weld_8062.4,False,8062.45,8062.83
2300.0,39.99,0.344,,8102.44,808.5642,Girth Weld,,,,,,nan,,,2007,Girth Weld_8102.4,False,8102.44,8102.82
2310.0,39.99,0.344,,8142.43,809.9439,Girth Weld,,,,,,nan,,,2007,Girth Weld_8142.4,False,8142.43,8142.81
2320.0,39.93,0.344,,8182.43,811.2744,Girth Weld,,,,,,nan,,,2007,Girth Weld_8182.4,False,8182.43,8182.81
2330.0,39.95,0.344,,8222.36,812.5486,Girth Weld,,,,,,nan,,,2007,Girth Weld_8222.4,False,8222.36,8222.740000000002
2340.0,40.01,0.344,,8262.31,813.6609,Girth Weld,,,,,,nan,,,2007,Girth Weld_8262.3,False,8262.31,8262.689999999999
2350.0,40.0,0.344,,8302.32,814.5975,Girth Weld,,,,,,nan,,,2007,Girth Weld_8302.3,False,8302.32,8302.7
2360.0,39.94,0.344,,8342.32,815.1418,Girth Weld,,,,,,nan,,,2007,Girth Weld_8342.3,False,8342.32,8342.7
2370.0,40.05,0.344,,8382.27,815.3629,Girth Weld,,,,,,nan,,,2007,Girth Weld_8382.3,False,8382.27,8382.650000000001
,,0.344,-39.13,8421.4,815.445,Metal Loss,11.0,,0.87,1.1,,6:52,NO,,2007,Metal Loss_8421.4,True,8421.4,8421.779999999999
2380.0,25.12,0.344,,8422.32,815.4437,Girth Weld,,,,,,nan,,,2007,Girth Weld_8422.3,False,8422.32,8422.7
2390.0,40.0,0.344,,8447.44,814.7974,Girth Weld,,,,,,nan,,,2007,Girth Weld_8447.4,False,8447.44,8447.82
2400.0,40.03,0.344,,8487.44,812.2403,Girth Weld,,,,,,nan,,,2007,Girth Weld_8487.4,False,8487.44,8487.82
2410.0,39.98,0.344,,8527.47,810.0484,Girth Weld,,,,,,nan,,,2007,Girth Weld_8527.5,False,8527.47,8527.849999999999
2420.0,39.96,0.344,,8567.45,808.6726,Girth Weld,,,,,,nan,,,2007,Girth Weld_8567.5,False,8567.45,8567.830000000002
2430.0,39.9,0.344,,8607.42,808.114,Girth Weld,,,,,,nan,,,2007,Girth Weld_8607.4,False,8607.42,8607.8
2440.0,38.73,0.344,,8647.32,807.7303,Girth Weld,,,,,,nan,,,2007,Girth Weld_8647.3,False,8647.32,8647.7
2450.0,39.92,0.344,,8686.05,807.5471,Girth Weld,,,,,,nan,,,2007,Girth Weld_8686.0,False,8686.05,8686.43
,,0.344,-38.95,8725.0,807.2579,Cluster,10.0,,3.94,4.61,,4:50,NO,,2007,Cluster_8725.0,True,8725.0,8725.380000000001
2460.0,39.92,0.344,,8725.97,807.2478,Girth Weld,,,,,,nan,,,2007,Girth Weld_8726.0,False,8725.97,8726.349999999999
2470.0,39.93,0.344,,8765.89,807.0731,Girth Weld,,,,,,nan,,,2007,Girth Weld_8765.9,False,8765.89,8766.27
2480.0,39.88,0.344,,8805.81,807.2022,Girth Weld,,,,,,nan,,,2007,Girth Weld_8805.8,False,8805.81,8806.189999999999
2490.0,39.94,0.344,,8845.69,807.3927,Girth Weld,,,,,,nan,,,2007,Girth Weld_8845.7,False,8845.69,8846.07
2500.0,39.92,0.344,,8885.64,807.6392,Girth Weld,,,,,,nan,,,2007,Girth Weld_8885.6,False,8885.64,8886.02
,,0.344,-3.72,8889.36,807.6581,Metal Loss-Manufacturing Anomaly,13.0,,0.47,0.71,,10:52,,,2007,Metal Loss-Manufacturing Anomaly_8889.4,True,8889.36,8889.740000000002
,,0.344,-4.23,8889.87,807.6607,Metal Loss-Manufacturing Anomaly,14.0,,1.61,0.71,,7:07,,,2007,Metal Loss-Manufacturing Anomaly_8889.9,True,8889.87,8890.25
2510.0,37.76,0.344,,8925.56,807.9329,Girth Weld,,,,,,nan,,,2007,Girth Weld_8925.6,False,8925.56,8925.939999999999
2520.0,40.08,0.344,,8963.32,808.0802,Girth Weld,,,,,,nan,,,2007,Girth Weld_8963.3,False,8963.32,8963.7
2530.0,40.0,0.344,,9003.4,808.0476,Girth Weld,,,,,,nan,,,2007,Girth Weld_9003.4,False,9003.4,9003.779999999999
2540.0,39.98,0.344,,9043.4,806.762,Girth Weld,,,,,,nan,,,2007,Girth Weld_9043.4,False,9043.4,9043.779999999999
2550.0,39.97,0.344,,9083.38,802.8685,Girth Weld,,,,,,nan,,,2007,Girth Weld_9083.4,False,9083.38,9083.759999999998
2560.0,39.94,0.344,,9123.35,798.7699,Girth Weld,,,,,,nan,,,2007,Girth Weld_9123.4,False,9123.35,9123.73
2570.0,39.94,0.344,,9163.29,795.0676,Girth Weld,,,,,,nan,,,2007,Girth Weld_9163.3,False,9163.29,9163.670000000002
2580.0,39.97,0.344,,9203.22,791.9365,Girth Weld,,,,,,nan,,,2007,Girth Weld_9203.2,False,9203.22,9203.599999999999
2590.0,40.02,0.344,,9243.19,788.9919,Girth Weld,,,,,,nan,,,2007,Girth Weld_9243.2,False,9243.19,9243.57
2600.0,40.06,0.344,,9283.21,786.8014,Girth Weld,,,,,,nan,,,2007,Girth Weld_9283.2,False,9283.21,9283.59
,,,,9308.18,786.278,Tap,,,,,,12:00,,,2007,Tap_9308.2,False,9308.18,9308.560000000001
2610.0,40.05,0.344,,9323.26,786.262,Girth Weld,,,,,,nan,,,2007,Girth Weld_9323.3,False,9323.26,9323.64
2620.0,39.91,0.344,,9363.32,785.4457,Girth Weld,,,,,,nan,,,2007,Girth Weld_9363.3,False,9363.32,9363.7
2630.0,11.48,0.5,,9403.23,782.2962,Girth Weld,,,,,,nan,,"0.500""",2007,Girth Weld_9403.2,False,9403.23,9403.61
,,,,9408.73,781.8069,Bend,,,,,,nan,,6.0D - 32Â° - Sag,2007,Bend_9408.7,False,9408.73,9409.11
2640.0,40.06,0.344,,9414.71,781.277,Girth Weld,,,,,,nan,,"0.344""",2007,Girth Weld_9414.7,False,9414.71,9415.09
2650.0,16.85,0.344,,9454.77,778.5411,Girth Weld,,,,,,nan,,,2007,Girth Weld_9454.8,False,9454.77,9455.150000000001
2660.0,20.51,0.344,,9471.61,780.3274,Girth Weld,,,,,,nan,,,2007,Girth Weld_9471.6,False,9471.61,9471.990000000002
,,0.344,-1.44,9473.05,780.4636,Metal Loss,10.0,,0.71,0.59,,5:15,YES,,2007,Metal Loss_9473.0,True,9473.05,9473.43
2670.0,40.1,0.344,,9492.12,781.8155,Girth Weld,,,,,,nan,,,2007,Girth Weld_9492.1,False,9492.12,9492.5
2680.0,40.07,0.344,,9532.22,783.5125,Girth Weld,,,,,,nan,,,2007,Girth Weld_9532.2,False,9532.22,9532.599999999999
2690.0,40.02,0.344,,9572.29,787.0344,Girth Weld,,,,,,nan,,,2007,Girth Weld_9572.3,False,9572.29,9572.670000000002
2700.0,40.02,0.344,,9612.32,791.9578,Girth Weld,,,,,,nan,,,2007,Girth Weld_9612.3,False,9612.32,9612.7
2710.0,36.59,0.344,,9652.34,798.4054,Girth Weld,,,,,,nan,,,2007,Girth Weld_9652.3,False,9652.34,9652.720000000001
2720.0,40.05,0.344,,9688.93,804.5102,Girth Weld,,,,,,nan,,,2007,Girth Weld_9688.9,False,9688.93,9689.310000000001
2730.0,40.0,0.344,,9728.98,811.5882,Girth Weld,,,,,,nan,,,2007,Girth Weld_9729.0,False,9728.98,9729.36
2740.0,8.37,0.5,,9768.99,818.5523,Girth Weld,,,,,,nan,,"0.500""",2007,Girth Weld_9769.0,False,9768.99,9769.369999999999
,,,,9773.11,819.2255,Bend,,,,,,nan,,5.8D - 20Â° - Over,2007,Bend_9773.1,False,9773.11,9773.490000000002
2750.0,14.99,0.344,,9777.36,819.9203,Girth Weld,,,,,,nan,,"0.344""",2007,Girth Weld_9777.4,False,9777.36,9777.740000000002
2760.0,40.0,0.344,,9792.35,822.3859,Girth Weld,,,,,,nan,,,2007,Girth Weld_9792.4,False,9792.35,9792.73
2770.0,37.65,0.344,,9832.35,826.7875,Girth Weld,,,,,,nan,,,2007,Girth Weld_9832.4,False,9832.35,9832.73
2780.0,40.01,0.344,,9869.99,828.1032,Girth Weld,,,,,,nan,,,2007,Girth Weld_9870.0,False,9869.99,9870.369999999999
2790.0,39.99,0.344,,9910.0,828.8316,Girth Weld,,,,,,nan,,,2007,Girth Weld_9910.0,False,9910.0,9910.380000000001
2800.0,39.98,0.344,,9949.99,829.2074,Girth Weld,,,,,,nan,,,2007,Girth Weld_9950.0,False,9949.99,9950.369999999999
2810.0,40.02,0.344,,9989.97,829.1495,Girth Weld,,,,,,nan,,,2007,Girth Weld_9990.0,False,9989.97,9990.349999999999
2820.0,40.24,0.344,,10029.99,829.1206,Girth Weld,,,,,,nan,,,2007,Girth Weld_10030.0,False,10029.99,10030.369999999999
2830.0,40.25,0.344,,10070.24,829.2361,Girth Weld,,,,,,nan,,,2007,Girth Weld_10070.2,False,10070.24,10070.619999999999
2840.0,13.44,0.344,,10110.48,829.17,Girth Weld,,,,,,nan,,,2007,Girth Weld_10110.5,False,10110.48,10110.86
2850.0,39.98,0.344,,10123.92,829.0158,Girth Weld,,,,,,nan,,,2007,Girth Weld_10123.9,False,10123.92,10124.3
2860.0,40.04,0.344,,10163.9,827.9683,Girth Weld,,,,,,nan,,,2007,Girth Weld_10163.9,False,10163.9,10164.279999999999
,,0.344,-38.82,10202.72,826.6514,Cluster,13.0,,2.65,3.81,,7:11,NO,,2007,Cluster_10202.7,True,10202.72,10203.099999999999
2870.0,40.03,0.344,,10203.94,826.612,Girth Weld,,,,,,nan,,,2007,Girth Weld_10203.9,False,10203.94,10204.32
2880.0,40.05,0.344,,10243.98,825.5744,Girth Weld,,,,,,nan,,,2007,Girth Weld_10244.0,False,10243.98,10244.36
2890.0,40.01,0.344,,10284.03,824.9994,Girth Weld,,,,,,nan,,,2007,Girth Weld_10284.0,False,10284.03,10284.41
2900.0,40.01,0.344,,10324.04,824.7206,Girth Weld,,,,,,nan,,,2007,Girth Weld_10324.0,False,10324.04,10324.420000000002
2910.0,20.52,0.344,,10364.04,824.5069,Girth Weld,,,,,,nan,,,2007,Girth Weld_10364.0,False,10364.04,10364.420000000002
2920.0,39.9,0.344,,10384.56,824.3358,Girth Weld,,,,,,nan,,,2007,Girth Weld_10384.6,False,10384.56,10384.939999999999
,,0.344,-8.37,10392.93,824.2547,Metal Loss-Manufacturing Anomaly,17.0,,3.66,0.71,,8:22,,,2007,Metal Loss-Manufacturing Anomaly_10392.9,True,10392.93,10393.310000000001
,,0.344,-19.7,10404.26,824.1441,Metal Loss-Manufacturing Anomaly,17.0,,3.58,0.63,,2:23,,,2007,Metal Loss-Manufacturing Anomaly_10404.3,True,10404.26,10404.64
2930.0,40.01,0.344,,10424.46,823.9431,Girth Weld,,,,,,nan,,,2007,Girth Weld_10424.5,False,10424.46,10424.84
,,,,10431.4,823.8735,Above Ground Marker,,,,,,nan,,AGM 2    U,2007,Above Ground Marker_10431.4,False,10431.4,10431.779999999999
2940.0,39.94,0.344,,10464.47,823.4679,Girth Weld,,,,,,nan,,,2007,Girth Weld_10464.5,False,10464.47,10464.849999999999
2950.0,40.01,0.344,,10504.41,822.7946,Girth Weld,,,,,,nan,,,2007,Girth Weld_10504.4,False,10504.41,10504.79
,,0.344,-0.76,10505.17,822.7847,Cluster,10.0,,4.09,13.28,,5:10,NO,,2007,Cluster_10505.2,True,10505.17,10505.55
2960.0,40.0,0.344,,10544.42,822.0126,Girth Weld,,,,,,nan,,,2007,Girth Weld_10544.4,False,10544.42,10544.8
,,0.344,-29.95,10574.38,820.8848,Cluster,21.0,,6.8,5.8,1.69,4:21,NO,,2007,Cluster_10574.4,True,10574.38,10574.759999999998
,,0.344,-30.7,10575.13,820.8552,Cluster,17.0,,6.35,2.87,,4:19,NO,,2007,Cluster_10575.1,True,10575.13,10575.509999999998
,,0.344,-33.09,10577.51,820.7606,Cluster,12.0,,2.87,1.43,,6:20,NO,,2007,Cluster_10577.5,True,10577.51,10577.89
,,0.344,-39.0,10583.42,820.523,Cluster,19.0,,2.99,2.91,,6:27,NO,,2007,Cluster_10583.4,True,10583.42,10583.8
,,0.344,-39.15,10583.57,820.5169,Metal Loss,26.0,,1.06,2.28,1.86,3:53,NO,,2007,Metal Loss_10583.6,True,10583.57,10583.95
2970.0,39.99,0.344,,10584.42,820.482,Girth Weld,,,,,,nan,,,2007,Girth Weld_10584.4,False,10584.42,10584.8
,,,,10618.52,819.7015,Tap,,,,,,12:00,,,2007,Tap_10618.5,False,10618.52,10618.900000000001
,,,,10620.51,819.7165,Tap,,,,,,12:00,,,2007,Tap_10620.5,False,10620.51,10620.89
2980.0,39.91,0.344,,10624.41,819.7459,Girth Weld,,,,,,nan,,,2007,Girth Weld_10624.4,False,10624.41,10624.79
2990.0,39.93,0.344,,10664.32,820.0225,Girth Weld,,,,,,nan,,,2007,Girth Weld_10664.3,False,10664.32,10664.7
3000.0,38.73,0.344,,10704.25,820.3489,Girth Weld,,,,,,nan,,,2007,Girth Weld_10704.2,False,10704.25,10704.630000000001
3010.0,19.74,0.344,,10742.98,820.7043,Girth Weld,,,,,,nan,,,2007,Girth Weld_10743.0,False,10742.98,10743.36
,,0.344,-0.54,10743.51,820.7096,Cluster,23.0,,2.6,2.39,1.8,5:18,NO,,2007,Cluster_10743.5,True,10743.51,10743.89
3020.0,40.13,0.344,,10762.72,820.8836,Girth Weld,,,,,,nan,,,2007,Girth Weld_10762.7,False,10762.72,10763.099999999999
3030.0,39.98,0.344,,10802.85,820.9673,Girth Weld,,,,,,nan,,,2007,Girth Weld_10802.9,False,10802.85,10803.23
3040.0,39.98,0.344,,10842.83,822.2899,Girth Weld,,,,,,nan,,,2007,Girth Weld_10842.8,False,10842.83,10843.21
3050.0,39.92,0.344,,10882.82,825.1324,Girth Weld,,,,,,nan,,,2007,Girth Weld_10882.8,False,10882.82,10883.2
3060.0,39.95,0.344,,10922.74,826.699,Girth Weld,,,,,,nan,,,2007,Girth Weld_10922.7,False,10922.74,10923.119999999999
3070.0,39.98,0.344,,10962.69,827.6767,Girth Weld,,,,,,nan,,,2007,Girth Weld_10962.7,False,10962.69,10963.07
3080.0,39.97,0.344,,11002.66,828.4034,Girth Weld,,,,,,nan,,,2007,Girth Weld_11002.7,False,11002.66,11003.04
3090.0,39.97,0.344,,11042.63,829.1032,Girth Weld,,,,,,nan,,,2007,Girth Weld_11042.6,False,11042.63,11043.009999999998
,,0.344,-4.3,11046.93,829.1849,Metal Loss-Manufacturing Anomaly,12.0,,0.63,0.75,,3:25,,,2007,Metal Loss-Manufacturing Anomaly_11046.9,True,11046.93,11047.310000000001
3100.0,39.94,0.344,,11082.6,830.137,Girth Weld,,,,,,nan,,,2007,Girth Weld_11082.6,False,11082.6,11082.98
3110.0,39.87,0.344,,11122.54,831.1737,Girth Weld,,,,,,nan,,,2007,Girth Weld_11122.5,False,11122.54,11122.920000000002
3120.0,39.95,0.344,,11162.41,832.2356,Girth Weld,,,,,,nan,,,2007,Girth Weld_11162.4,False,11162.41,11162.79
3130.0,39.95,0.344,,11202.37,833.4085,Girth Weld,,,,,,nan,,,2007,Girth Weld_11202.4,False,11202.37,11202.75
3140.0,39.91,0.344,,11242.31,834.6077,Girth Weld,,,,,,nan,,,2007,Girth Weld_11242.3,False,11242.31,11242.689999999999
3150.0,39.99,0.344,,11282.22,835.8365,Girth Weld,,,,,,nan,,,2007,Girth Weld_11282.2,False,11282.22,11282.599999999999
3160.0,39.99,0.344,,11322.21,837.6544,Girth Weld,,,,,,nan,,,2007,Girth Weld_11322.2,False,11322.21,11322.59
3170.0,39.95,0.344,,11362.19,839.5826,Girth Weld,,,,,,nan,,,2007,Girth Weld_11362.2,False,11362.19,11362.57
3180.0,39.97,0.344,,11402.14,841.351,Girth Weld,,,,,,nan,,,2007,Girth Weld_11402.1,False,11402.14,11402.52
3190.0,39.91,0.344,,11442.11,842.9048,Girth Weld,,,,,,nan,,,2007,Girth Weld_11442.1,False,11442.11,11442.490000000002
3200.0,39.92,0.344,,11482.02,843.7978,Girth Weld,,,,,,nan,,,2007,Girth Weld_11482.0,False,11482.02,11482.400000000001
3210.0,39.98,0.344,,11521.94,844.4853,Girth Weld,,,,,,nan,,,2007,Girth Weld_11521.9,False,11521.94,11522.32
3220.0,39.31,0.344,,11561.92,844.9886,Girth Weld,,,,,,nan,,,2007,Girth Weld_11561.9,False,11561.92,11562.3
3230.0,39.79,0.344,,11601.23,846.5251,Girth Weld,,,,,,nan,,,2007,Girth Weld_11601.2,False,11601.23,11601.61
3240.0,39.94,0.344,,11641.02,848.6798,Girth Weld,,,,,,nan,,,2007,Girth Weld_11641.0,False,11641.02,11641.400000000001
3250.0,39.92,0.344,,11680.96,849.7608,Girth Weld,,,,,,nan,,,2007,Girth Weld_11681.0,False,11680.96,11681.34
3260.0,39.94,0.344,,11720.88,850.0503,Girth Weld,,,,,,nan,,,2007,Girth Weld_11720.9,False,11720.88,11721.259999999998
3270.0,40.05,0.344,,11760.82,849.8926,Girth Weld,,,,,,nan,,,2007,Girth Weld_11760.8,False,11760.82,11761.2
3280.0,39.87,0.344,,11800.88,849.4501,Girth Weld,,,,,,nan,,,2007,Girth Weld_11800.9,False,11800.88,11801.259999999998
3290.0,39.96,0.344,,11840.74,850.0526,Girth Weld,,,,,,nan,,,2007,Girth Weld_11840.7,False,11840.74,11841.119999999999
3300.0,40.03,0.344,,11880.7,852.5755,Girth Weld,,,,,,nan,,,2007,Girth Weld_11880.7,False,11880.7,11881.080000000002
3310.0,39.97,0.344,,11920.74,854.8436,Girth Weld,,,,,,nan,,,2007,Girth Weld_11920.7,False,11920.74,11921.119999999999
3320.0,39.98,0.344,,11960.71,856.4503,Girth Weld,,,,,,nan,,,2007,Girth Weld_11960.7,False,11960.71,11961.09
3330.0,39.94,0.344,,12000.69,857.736,Girth Weld,,,,,,nan,,,2007,Girth Weld_12000.7,False,12000.69,12001.07
3340.0,39.92,0.344,,12040.63,858.7553,Girth Weld,,,,,,nan,,,2007,Girth Weld_12040.6,False,12040.63,12041.009999999998
3350.0,39.95,0.344,,12080.55,859.8149,Girth Weld,,,,,,nan,,,2007,Girth Weld_12080.5,False,12080.55,12080.93
3360.0,39.95,0.344,,12120.5,860.9063,Girth Weld,,,,,,nan,,,2007,Girth Weld_12120.5,False,12120.5,12120.880000000001
3370.0,39.96,0.344,,12160.45,861.8663,Girth Weld,,,,,,nan,,,2007,Girth Weld_12160.5,False,12160.45,12160.830000000002
,,0.344,-19.85,12180.29,862.3529,Metal Loss-Manufacturing Anomaly,13.0,,3.78,1.46,,10:32,,,2007,Metal Loss-Manufacturing Anomaly_12180.3,True,12180.29,12180.670000000002
3380.0,39.92,0.344,,12200.4,863.0888,Girth Weld,,,,,,nan,,,2007,Girth Weld_12200.4,False,12200.4,12200.779999999999
3390.0,39.98,0.344,,12240.32,864.6579,Girth Weld,,,,,,nan,,,2007,Girth Weld_12240.3,False,12240.32,12240.7
3400.0,39.97,0.344,,12280.29,865.6199,Girth Weld,,,,,,nan,,,2007,Girth Weld_12280.3,False,12280.29,12280.670000000002
3410.0,39.95,0.344,,12320.26,867.05,Girth Weld,,,,,,nan,,,2007,Girth Weld_12320.3,False,12320.26,12320.64
3420.0,33.5,0.344,,12360.22,869.2006,Girth Weld,,,,,,nan,,,2007,Girth Weld_12360.2,False,12360.22,12360.599999999999
,,0.344,-20.9,12381.12,870.4641,Metal Loss-Manufacturing Anomaly,20.0,,3.66,2.68,,5:02,,,2007,Metal Loss-Manufacturing Anomaly_12381.1,True,12381.12,12381.5
3430.0,39.91,0.344,,12393.72,871.373,Girth Weld,,,,,,nan,,,2007,Girth Weld_12393.7,False,12393.72,12394.099999999999
3440.0,39.93,0.344,,12433.63,874.3226,Girth Weld,,,,,,nan,,,2007,Girth Weld_12433.6,False,12433.63,12434.009999999998
3450.0,39.95,0.344,,12473.56,877.4811,Girth Weld,,,,,,nan,,,2007,Girth Weld_12473.6,False,12473.56,12473.939999999999
3460.0,39.88,0.344,,12513.51,881.2307,Girth Weld,,,,,,nan,,,2007,Girth Weld_12513.5,False,12513.51,12513.89
3470.0,27.75,0.344,,12553.39,884.9166,Girth Weld,,,,,,nan,,,2007,Girth Weld_12553.4,False,12553.39,12553.77
3480.0,40.05,0.344,,12581.14,886.9941,Girth Weld,,,,,,nan,,,2007,Girth Weld_12581.1,False,12581.14,12581.52
3490.0,13.26,0.5,,12621.19,889.3023,Girth Weld,,,,,,nan,,"0.500""",2007,Girth Weld_12621.2,False,12621.19,12621.57
,,,,12627.69,889.6405,Bend,,,,,,nan,,6.3D - 36Â° - Left,2007,Bend_12627.7,False,12627.69,12628.07
3500.0,28.75,0.344,,12634.45,889.9876,Girth Weld,,,,,,nan,,"0.344""",2007,Girth Weld_12634.5,False,12634.45,12634.830000000002
3510.0,39.86,0.344,,12663.2,891.0695,Girth Weld,,,,,,nan,,,2007,Girth Weld_12663.2,False,12663.2,12663.580000000002
3520.0,39.92,0.344,,12703.06,891.7243,Girth Weld,,,,,,nan,,,2007,Girth Weld_12703.1,False,12703.06,12703.439999999999
3530.0,39.98,0.344,,12742.98,891.7812,Girth Weld,,,,,,nan,,,2007,Girth Weld_12743.0,False,12742.98,12743.36
3540.0,39.97,0.344,,12782.96,890.6279,Girth Weld,,,,,,nan,,,2007,Girth Weld_12783.0,False,12782.96,12783.34
3550.0,39.95,0.344,,12822.92,890.2389,Girth Weld,,,,,,nan,,,2007,Girth Weld_12822.9,False,12822.92,12823.3
3560.0,39.94,0.344,,12862.87,889.6225,Girth Weld,,,,,,nan,,,2007,Girth Weld_12862.9,False,12862.87,12863.25
3570.0,40.03,0.344,,12902.81,888.8835,Girth Weld,,,,,,nan,,,2007,Girth Weld_12902.8,False,12902.81,12903.189999999999
3580.0,39.85,0.344,,12942.84,887.4879,Girth Weld,,,,,,nan,,,2007,Girth Weld_12942.8,False,12942.84,12943.220000000001
3590.0,35.73,0.344,,12982.69,885.79,Girth Weld,,,,,,nan,,,2007,Girth Weld_12982.7,False,12982.69,12983.07
3600.0,39.89,0.344,,13018.42,883.8514,Girth Weld,,,,,,nan,,,2007,Girth Weld_13018.4,False,13018.42,13018.8
3610.0,40.0,0.344,,13058.31,881.4757,Girth Weld,,,,,,nan,,,2007,Girth Weld_13058.3,False,13058.31,13058.689999999999
3620.0,39.99,0.344,,13098.3,879.0755,Girth Weld,,,,,,nan,,,2007,Girth Weld_13098.3,False,13098.3,13098.68
3630.0,39.99,0.344,,13138.29,876.6822,Girth Weld,,,,,,nan,,,2007,Girth Weld_13138.3,False,13138.29,13138.670000000002
,,0.344,-0.6,13138.89,876.6469,Metal Loss,33.0,,5.51,0.63,1.61,4:05,NO,,2007,Metal Loss_13138.9,True,13138.89,13139.27
,,0.344,-0.61,13138.9,876.646,Cluster,34.0,,8.47,25.13,1.52,4:35,NO,,2007,Cluster_13138.9,True,13138.9,13139.279999999999
,,0.344,-0.82,13139.11,876.6339,Metal Loss,11.0,,0.98,1.77,,3:15,NO,,2007,Metal Loss_13139.1,True,13139.11,13139.490000000002
3640.0,39.94,0.344,,13178.28,874.3668,Girth Weld,,,,,,nan,,,2007,Girth Weld_13178.3,False,13178.28,13178.66
3650.0,39.99,0.344,,13218.22,871.9099,Girth Weld,,,,,,nan,,,2007,Girth Weld_13218.2,False,13218.22,13218.599999999999
3660.0,39.87,0.344,,13258.21,868.6308,Girth Weld,,,,,,nan,,,2007,Girth Weld_13258.2,False,13258.21,13258.59
3670.0,39.96,0.344,,13298.08,864.5027,Girth Weld,,,,,,nan,,,2007,Girth Weld_13298.1,False,13298.08,13298.46
3680.0,39.97,0.344,,13338.04,859.0906,Girth Weld,,,,,,nan,,,2007,Girth Weld_13338.0,False,13338.04,13338.420000000002
3690.0,15.08,0.5,,13378.0,853.5816,Girth Weld,,,,,,nan,,"0.500""",2007,Girth Weld_13378.0,False,13378.0,13378.380000000001
,,,,13385.85,852.4992,Bend,,,,,,nan,,6.6D - 43Â° - Sag,2007,Bend_13385.9,False,13385.85,13386.23
3700.0,40.02,0.344,,13393.08,851.502,Girth Weld,,,,,,nan,,"0.344""",2007,Girth Weld_13393.1,False,13393.08,13393.46
,,0.344,-0.76,13393.85,851.3967,Cluster,14.0,,2.52,8.15,,11:48,NO,,2007,Cluster_13393.9,True,13393.85,13394.23
3710.0,39.99,0.344,,13433.1,847.2316,Girth Weld,,,,,,nan,,,2007,Girth Weld_13433.1,False,13433.1,13433.48
3720.0,39.97,0.344,,13473.1,853.1646,Girth Weld,,,,,,nan,,,2007,Girth Weld_13473.1,False,13473.1,13473.48
3730.0,40.02,0.344,,13513.06,858.8295,Girth Weld,,,,,,nan,,,2007,Girth Weld_13513.1,False,13513.06,13513.439999999999
3740.0,40.05,0.344,,13553.08,864.0554,Girth Weld,,,,,,nan,,,2007,Girth Weld_13553.1,False,13553.08,13553.46
3750.0,37.55,0.344,,13593.14,868.2145,Girth Weld,,,,,,nan,,,2007,Girth Weld_13593.1,False,13593.14,13593.52
3760.0,38.88,0.344,,13630.69,871.3712,Girth Weld,,,,,,nan,,,2007,Girth Weld_13630.7,False,13630.69,13631.07
3770.0,39.91,0.344,,13669.57,873.693,Girth Weld,,,,,,nan,,,2007,Girth Weld_13669.6,False,13669.57,13669.95
3780.0,24.28,0.344,,13709.48,874.4402,Girth Weld,,,,,,nan,,,2007,Girth Weld_13709.5,False,13709.48,13709.86
3790.0,39.93,0.344,,13733.76,874.6951,Girth Weld,,,,,,nan,,,2007,Girth Weld_13733.8,False,13733.76,13734.14
3800.0,39.99,0.344,,13773.69,873.3893,Girth Weld,,,,,,nan,,,2007,Girth Weld_13773.7,False,13773.69,13774.07
3810.0,39.98,0.344,,13813.67,870.7333,Girth Weld,,,,,,nan,,,2007,Girth Weld_13813.7,False,13813.67,13814.05
,,0.344,-22.51,13836.19,869.0829,Metal Loss-Manufacturing Anomaly,14.0,,0.83,0.87,,10:39,,,2007,Metal Loss-Manufacturing Anomaly_13836.2,True,13836.19,13836.57
3820.0,40.01,0.344,,13853.66,867.9237,Girth Weld,,,,,,nan,,,2007,Girth Weld_13853.7,False,13853.66,13854.04
3830.0,39.95,0.344,,13893.67,865.638,Girth Weld,,,,,,nan,,,2007,Girth Weld_13893.7,False,13893.67,13894.05
3840.0,11.27,0.344,,13933.62,863.9765,Girth Weld,,,,,,nan,,,2007,Girth Weld_13933.6,False,13933.62,13934.0
3850.0,39.87,0.344,,13944.89,863.7232,Girth Weld,,,,,,nan,,,2007,Girth Weld_13944.9,False,13944.89,13945.27
3860.0,27.06,0.344,,13984.76,863.0659,Girth Weld,,,,,,nan,,,2007,Girth Weld_13984.8,False,13984.76,13985.14
3870.0,14.7,0.5,,14011.82,862.6895,Girth Weld,,,,,,nan,,"0.500""",2007,Girth Weld_14011.8,False,14011.82,14012.2
,,,,14019.21,862.5854,Bend,,,,,,nan,,6.6D - 41Â° - Left,2007,Bend_14019.2,False,14019.21,14019.59
3880.0,12.86,0.344,,14026.52,862.466,Girth Weld,,,,,,nan,,"0.344""",2007,Girth Weld_14026.5,False,14026.52,14026.900000000001
3890.0,40.01,0.344,,14039.38,862.2299,Girth Weld,,,,,,nan,,,2007,Girth Weld_14039.4,False,14039.38,14039.759999999998
3900.0,39.97,0.344,,14079.39,860.9956,Girth Weld,,,,,,nan,,,2007,Girth Weld_14079.4,False,14079.39,14079.77
3910.0,40.05,0.344,,14119.36,859.7298,Girth Weld,,,,,,nan,,,2007,Girth Weld_14119.4,False,14119.36,14119.740000000002
3920.0,14.73,0.5,,14159.41,859.2727,Girth Weld,,,,,,nan,,"0.500""",2007,Girth Weld_14159.4,False,14159.41,14159.79
,,,,14166.84,859.2045,Bend,,,,,,nan,,6.1D - 45Â° - Right,2007,Bend_14166.8,False,14166.84,14167.220000000001
3930.0,22.61,0.344,,14174.14,859.1425,Girth Weld,,,,,,nan,,"0.344""",2007,Girth Weld_14174.1,False,14174.14,14174.52
3940.0,40.11,0.344,,14196.75,858.9912,Girth Weld,,,,,,nan,,,2007,Girth Weld_14196.8,False,14196.75,14197.130000000001
3950.0,40.23,0.344,,14236.85,859.3376,Girth Weld,,,,,,nan,,,2007,Girth Weld_14236.9,False,14236.85,14237.23
3960.0,39.97,0.344,,14277.08,859.5892,Girth Weld,,,,,,nan,,,2007,Girth Weld_14277.1,False,14277.08,14277.46
3970.0,39.95,0.344,,14317.04,857.9129,Girth Weld,,,,,,nan,,,2007,Girth Weld_14317.0,False,14317.04,14317.420000000002
3980.0,40.01,0.344,,14356.99,854.5966,Girth Weld,,,,,,nan,,,2007,Girth Weld_14357.0,False,14356.99,14357.369999999999
3990.0,40.0,0.344,,14397.0,850.0425,Girth Weld,,,,,,nan,,,2007,Girth Weld_14397.0,False,14397.0,14397.380000000001
4000.0,40.01,0.344,,14437.0,845.1346,Girth Weld,,,,,,nan,,,2007,Girth Weld_14437.0,False,14437.0,14437.380000000001
4010.0,39.95,0.344,,14477.02,841.1681,Girth Weld,,,,,,nan,,,2007,Girth Weld_14477.0,False,14477.02,14477.400000000001
4020.0,40.06,0.344,,14516.97,838.8856,Girth Weld,,,,,,nan,,,2007,Girth Weld_14517.0,False,14516.97,14517.349999999999
4030.0,39.99,0.344,,14557.02,837.2641,Girth Weld,,,,,,nan,,,2007,Girth Weld_14557.0,False,14557.02,14557.400000000001
4040.0,40.0,0.344,,14597.01,835.1487,Girth Weld,,,,,,nan,,,2007,Girth Weld_14597.0,False,14597.01,14597.39
4050.0,40.03,0.344,,14637.01,831.8602,Girth Weld,,,,,,nan,,,2007,Girth Weld_14637.0,False,14637.01,14637.39
4060.0,6.87,0.344,,14677.04,827.4114,Girth Weld,,,,,,nan,,,2007,Girth Weld_14677.0,False,14677.04,14677.420000000002
4070.0,37.87,0.344,,14683.91,826.5727,Girth Weld,,,,,,nan,,,2007,Girth Weld_14683.9,False,14683.91,14684.29
4080.0,29.69,0.344,,14721.78,823.2322,Girth Weld,,,,,,nan,,,2007,Girth Weld_14721.8,False,14721.78,14722.16
4090.0,6.04,0.344,,14751.47,821.8322,Girth Weld,,,,,,nan,,,2007,Girth Weld_14751.5,False,14751.47,14751.849999999999
4100.0,39.54,0.5,,14757.51,821.6308,Girth Weld,,,,,,nan,,"0.500""",2007,Girth Weld_14757.5,False,14757.51,14757.89
4110.0,40.03,0.5,,14797.06,821.0003,Girth Weld,,,,,,nan,,,2007,Girth Weld_14797.1,False,14797.06,14797.439999999999
4120.0,40.04,0.5,,14837.09,821.375,Girth Weld,,,,,,nan,,,2007,Girth Weld_14837.1,False,14837.09,14837.470000000001
4130.0,5.99,0.344,,14877.13,821.7105,Girth Weld,,,,,,nan,,"0.344""",2007,Girth Weld_14877.1,False,14877.13,14877.509999999998
4140.0,19.19,0.344,,14883.11,821.7476,Girth Weld,,,,,,nan,,,2007,Girth Weld_14883.1,False,14883.11,14883.490000000002
4150.0,39.87,0.344,,14902.3,821.8068,Girth Weld,,,,,,nan,,,2007,Girth Weld_14902.3,False,14902.3,14902.68
,,0.344,-25.71,14928.01,821.8759,Metal Loss,26.0,,0.91,0.94,1.87,1:11,NO,,2007,Metal Loss_14928.0,True,14928.01,14928.39
,,0.344,-25.9,14928.2,821.8769,Cluster,10.0,,1.57,3.31,,1:07,NO,,2007,Cluster_14928.2,True,14928.2,14928.580000000002
4160.0,3.0,0.344,,14942.17,822.0831,Girth Weld,,,,,,nan,,,2007,Girth Weld_14942.2,False,14942.17,14942.55
,,0.344,-1.48,14943.65,822.1251,Cluster,14.0,,3.23,2.16,,6:08,NO,,2007,Cluster_14943.6,True,14943.65,14944.029999999999
,,0.344,-2.22,14944.39,822.146,Cluster,13.0,,4.16,3.35,,05:00,NO,,2007,Cluster_14944.4,True,14944.39,14944.77
,,0.344,-2.27,14944.44,822.1474,Cluster,14.0,,7.08,6.14,,6:48,NO,,2007,Cluster_14944.4,True,14944.44,14944.82
4170.0,4.54,0.5,,14945.17,822.1691,Area Start Installation,,,,,,nan,,"0.500""",2007,Area Start Installation_14945.2,False,14945.17,14945.55
,,0.5,-0.03,14945.2,822.1702,Cluster,10.0,,8.15,6.03,,4:46,NO,,2007,Cluster_14945.2,True,14945.2,14945.580000000002
,,,,14946.03,822.1963,Tap,,,,,,03:00,,,2007,Tap_14946.0,False,14946.03,14946.41
,,,,14947.44,822.2404,Valve,,,,,,nan,,,2007,Valve_14947.4,False,14947.44,14947.82
,,0.5,-3.79,14948.96,822.2879,Cluster,14.0,,5.27,8.84,,4:44,NO,,2007,Cluster_14949.0,True,14948.96,14949.34
4180.0,2.98,0.344,,14949.71,822.3112,Area End Installation,,,,,,nan,,"0.344""",2007,Area End Installation_14949.7,False,14949.71,14950.09
,,0.344,-1.08,14950.79,822.3451,Cluster,15.0,,3.43,3.5,,5:04,NO,,2007,Cluster_14950.8,True,14950.79,14951.170000000002
,,0.344,-1.42,14951.13,822.3559,Cluster,25.0,,6.48,10.52,1.66,3:51,NO,,2007,Cluster_14951.1,True,14951.13,14951.509999999998
4190.0,13.2,0.344,,14952.69,822.4046,Girth Weld,,,,,,nan,,,2007,Girth Weld_14952.7,False,14952.69,14953.07
,,0.344,-0.07,14952.76,822.4068,Metal Loss,31.0,,0.98,4.09,1.86,5:46,NO,,2007,Metal Loss_14952.8,True,14952.76,14953.14
4200.0,39.93,0.344,,14965.88,822.8174,Girth Weld,,,,,,nan,,,2007,Girth Weld_14965.9,False,14965.88,14966.259999999998
4210.0,39.94,0.344,,15005.81,822.6651,Girth Weld,,,,,,nan,,,2007,Girth Weld_15005.8,False,15005.81,15006.189999999999
,,0.344,-28.46,15034.27,821.1598,Metal Loss,11.0,,0.71,0.67,,8:57,NO,,2007,Metal Loss_15034.3,True,15034.27,15034.650000000001
,,0.344,-30.19,15036.01,821.0611,Cluster,13.0,,3.04,3.31,,8:37,NO,,2007,Cluster_15036.0,True,15036.01,15036.39
4220.0,39.91,0.344,,15045.75,820.6058,Girth Weld,,,,,,nan,,,2007,Girth Weld_15045.8,False,15045.75,15046.130000000001
,,0.344,-8.4,15054.15,820.2092,Cluster,15.0,,5.14,5.32,,5:18,NO,,2007,Cluster_15054.1,True,15054.15,15054.529999999999
,,0.344,-20.74,15066.49,819.6019,Metal Loss,12.0,,1.1,1.02,,3:09,NO,,2007,Metal Loss_15066.5,True,15066.49,15066.869999999999
,,0.344,-27.23,15072.99,819.2671,Metal Loss,14.0,,0.75,0.59,,8:29,NO,,2007,Metal Loss_15073.0,True,15072.99,15073.369999999999
,,0.344,-28.43,15074.18,819.2055,Metal Loss,18.0,,0.71,0.71,,9:28,NO,,2007,Metal Loss_15074.2,True,15074.18,15074.560000000001
,,0.344,-29.49,15075.24,819.1509,Cluster,29.0,,4.66,2.95,1.68,9:16,NO,,2007,Cluster_15075.2,True,15075.24,15075.619999999999
,,0.344,-30.08,15075.83,819.1202,Metal Loss,22.0,,0.71,0.71,1.88,9:38,NO,,2007,Metal Loss_15075.8,True,15075.83,15076.21
,,0.344,-32.52,15078.28,818.9927,Metal Loss,11.0,,0.71,0.79,,9:17,NO,,2007,Metal Loss_15078.3,True,15078.28,15078.66
,,0.344,-32.83,15078.58,818.9767,Cluster,25.0,,3.47,1.28,1.76,9:18,NO,,2007,Cluster_15078.6,True,15078.58,15078.96
,,0.344,-38.97,15084.72,818.6563,Cluster,18.0,,1.81,6.3,,3:44,NO,,2007,Cluster_15084.7,True,15084.72,15085.099999999999
4230.0,39.9,0.344,,15085.66,818.6073,Girth Weld,,,,,,nan,,,2007,Girth Weld_15085.7,False,15085.66,15086.04
,,0.344,-0.73,15086.39,818.5693,Cluster,19.0,,4.32,10.74,,3:12,NO,,2007,Cluster_15086.4,True,15086.39,15086.77
4240.0,39.89,0.344,,15125.56,816.613,Girth Weld,,,,,,nan,,,2007,Girth Weld_15125.6,False,15125.56,15125.939999999999
4250.0,39.83,0.344,,15165.45,814.6774,Girth Weld,,,,,,nan,,,2007,Girth Weld_15165.5,False,15165.45,15165.830000000002
4260.0,39.29,0.344,,15205.28,812.8523,Girth Weld,,,,,,nan,,,2007,Girth Weld_15205.3,False,15205.28,15205.66
4270.0,10.88,0.344,,15244.57,811.1183,Girth Weld,,,,,,nan,,,2007,Girth Weld_15244.6,False,15244.57,15244.95
4280.0,9.98,0.344,,15255.45,810.6447,Girth Weld,,,,,,nan,,,2007,Girth Weld_15255.5,False,15255.45,15255.830000000002
4290.0,9.47,0.5,,15265.43,810.2097,Girth Weld,,,,,,nan,,"0.500""",2007,Girth Weld_15265.4,False,15265.43,15265.810000000001
,,,,15270.01,810.0105,Bend,,,,,,nan,,5.9D - 24Â° - Over,2007,Bend_15270.0,False,15270.01,15270.39
4300.0,16.59,0.344,,15274.9,809.7983,Girth Weld,,,,,,nan,,"0.344""",2007,Girth Weld_15274.9,False,15274.9,15275.279999999999
,,0.344,-0.78,15275.68,809.7644,Metal Loss,10.0,,2.09,0.71,,4:48,NO,,2007,Metal Loss_15275.7,True,15275.68,15276.060000000001
4310.0,8.57,0.5,,15291.49,809.0989,Girth Weld,,,,,,nan,,"0.500""",2007,Girth Weld_15291.5,False,15291.49,15291.869999999999
,,,,15295.9,808.9181,Bend,,,,,,nan,,5.9D - 21Â° - Sag,2007,Bend_15295.9,False,15295.9,15296.279999999999
4320.0,20.46,0.344,,15300.06,808.7529,Girth Weld,,,,,,nan,,"0.344""",2007,Girth Weld_15300.1,False,15300.06,15300.439999999999
4330.0,12.38,0.5,,15320.52,806.7525,Girth Weld,,,,,,nan,,"0.500""",2007,Girth Weld_15320.5,False,15320.52,15320.900000000001
,,,,15326.71,805.5315,Bend,,,,,,nan,,6.3D - 33Â° - Sag,2007,Bend_15326.7,False,15326.71,15327.09
4340.0,12.99,0.344,,15332.91,804.318,Girth Weld,,,,,,nan,,"0.344""",2007,Girth Weld_15332.9,False,15332.91,15333.29
,,0.344,-12.78,15345.69,802.6387,Metal Loss,24.0,,2.05,6.02,1.83,4:20,NO,,2007,Metal Loss_15345.7,True,15345.69,15346.07
4350.0,9.05,0.5,,15345.9,802.6233,Girth Weld,,,,,,nan,,"0.500""",2007,Girth Weld_15345.9,False,15345.9,15346.279999999999
,,,,15350.31,802.2949,Bend,,,,,,nan,,5.3D - 27Â° - Over,2007,Bend_15350.3,False,15350.31,15350.689999999999
4360.0,11.94,0.344,,15354.94,801.9484,Girth Weld,,,,,,nan,,"0.344""",2007,Girth Weld_15354.9,False,15354.94,15355.32
,,0.344,-2.52,15357.47,801.7592,Metal Loss,16.0,,1.1,1.18,,5:03,NO,,2007,Metal Loss_15357.5,True,15357.47,15357.849999999999
4370.0,39.99,0.344,,15366.89,801.0799,Girth Weld,,,,,,nan,,,2007,Girth Weld_15366.9,False,15366.89,15367.27
4380.0,11.31,0.5,,15406.87,804.4363,Area Start Installation,,,,,,nan,,"0.500""",2007,Area Start Installation_15406.9,False,15406.87,15407.25
,,,,15412.8,804.5082,Valve,,,,,,nan,,,2007,Valve_15412.8,False,15412.8,15413.18
4390.0,25.16,0.344,,15418.18,804.5844,Area End Installation,,,,,,nan,,"0.344""",2007,Area End Installation_15418.2,False,15418.18,15418.560000000001
,,0.344,-15.48,15433.66,805.158,Metal Loss-Manufacturing Anomaly,20.0,,0.51,0.71,,9:43,,,2007,Metal Loss-Manufacturing Anomaly_15433.7,True,15433.66,15434.04
4400.0,40.14,0.344,,15443.34,805.5929,Girth Weld,,,,,,nan,,,2007,Girth Weld_15443.3,False,15443.34,15443.720000000001
4410.0,40.14,0.344,,15483.48,807.0763,Girth Weld,,,,,,nan,,,2007,Girth Weld_15483.5,False,15483.48,15483.86
4420.0,39.94,0.344,,15523.62,809.2363,Girth Weld,,,,,,nan,,,2007,Girth Weld_15523.6,False,15523.62,15524.0
4430.0,40.03,0.344,,15563.57,812.1721,Girth Weld,,,,,,nan,,,2007,Girth Weld_15563.6,False,15563.57,15563.95
,,0.344,-0.71,15564.27,812.2334,Cluster,24.0,,2.72,2.28,1.79,4:49,NO,,2007,Cluster_15564.3,True,15564.27,15564.650000000001
4440.0,40.04,0.344,,15603.59,815.6691,Girth Weld,,,,,,nan,,,2007,Girth Weld_15603.6,False,15603.59,15603.970000000001
4450.0,40.03,0.344,,15643.63,819.0653,Girth Weld,,,,,,nan,,,2007,Girth Weld_15643.6,False,15643.63,15644.009999999998
4460.0,39.98,0.344,,15683.66,821.7523,Girth Weld,,,,,,nan,,,2007,Girth Weld_15683.7,False,15683.66,15684.04
,,,,15720.98,822.9972,Above Ground Marker,,,,,,nan,,AGM 3,2007,Above Ground Marker_15721.0,False,15720.98,15721.36
4470.0,39.87,0.344,,15723.64,823.0141,Girth Weld,,,,,,nan,,,2007,Girth Weld_15723.6,False,15723.64,15724.02
4480.0,40.01,0.344,,15763.51,823.1364,Girth Weld,,,,,,nan,,,2007,Girth Weld_15763.5,False,15763.51,15763.89
4490.0,34.78,0.344,,15803.52,824.4619,Girth Weld,,,,,,nan,,,2007,Girth Weld_15803.5,False,15803.52,15803.900000000001
4500.0,39.97,0.344,,15838.3,825.8162,Girth Weld,,,,,,nan,,,2007,Girth Weld_15838.3,False,15838.3,15838.68
4510.0,40.01,0.344,,15878.27,827.2829,Girth Weld,,,,,,nan,,,2007,Girth Weld_15878.3,False,15878.27,15878.650000000001
4520.0,40.08,0.344,,15918.28,828.5738,Girth Weld,,,,,,nan,,,2007,Girth Weld_15918.3,False,15918.28,15918.66
,,0.344,-39.71,15957.99,829.9187,Metal Loss,10.0,,0.75,0.83,,3:57,NO,,2007,Metal Loss_15958.0,True,15957.99,15958.369999999999
4530.0,40.02,0.344,,15958.36,829.9381,Girth Weld,,,,,,nan,,,2007,Girth Weld_15958.4,False,15958.36,15958.740000000002
4540.0,39.88,0.344,,15998.39,833.1906,Girth Weld,,,,,,nan,,,2007,Girth Weld_15998.4,False,15998.39,15998.77
,,0.344,-2.36,16000.75,833.4444,Metal Loss-Manufacturing Anomaly,16.0,,0.71,0.59,,7:30,,,2007,Metal Loss-Manufacturing Anomaly_16000.8,True,16000.75,16001.130000000001
,,0.344,-18.8,16017.19,835.2104,Metal Loss-Manufacturing Anomaly,10.0,,0.79,0.71,,7:29,,,2007,Metal Loss-Manufacturing Anomaly_16017.2,True,16017.19,16017.57
4550.0,39.0,0.344,,16038.27,837.2717,Girth Weld,,,,,,nan,,,2007,Girth Weld_16038.3,False,16038.27,16038.650000000001
4560.0,39.98,0.344,,16077.27,840.8298,Girth Weld,,,,,,nan,,,2007,Girth Weld_16077.3,False,16077.27,16077.650000000001
4570.0,39.94,0.344,,16117.25,844.8402,Girth Weld,,,,,,nan,,,2007,Girth Weld_16117.2,False,16117.25,16117.630000000001
4580.0,39.99,0.344,,16157.19,847.8642,Girth Weld,,,,,,nan,,,2007,Girth Weld_16157.2,False,16157.19,16157.57
4590.0,39.95,0.344,,16197.17,849.4126,Girth Weld,,,,,,nan,,,2007,Girth Weld_16197.2,False,16197.17,16197.55
4600.0,40.0,0.344,,16237.12,849.7761,Girth Weld,,,,,,nan,,,2007,Girth Weld_16237.1,False,16237.12,16237.5
4610.0,39.99,0.344,,16277.12,849.8702,Girth Weld,,,,,,nan,,,2007,Girth Weld_16277.1,False,16277.12,16277.5
4620.0,39.92,0.344,,16317.11,849.8271,Girth Weld,,,,,,nan,,,2007,Girth Weld_16317.1,False,16317.11,16317.490000000002
4630.0,40.01,0.344,,16357.03,849.4279,Girth Weld,,,,,,nan,,,2007,Girth Weld_16357.0,False,16357.03,16357.41
4640.0,39.9,0.344,,16397.04,848.8621,Girth Weld,,,,,,nan,,,2007,Girth Weld_16397.0,False,16397.04,16397.420000000002
,,0.344,-39.03,16436.07,848.2261,Metal Loss,10.0,,0.94,0.67,,4:55,NO,,2007,Metal Loss_16436.1,True,16436.07,16436.45
4650.0,39.86,0.344,,16436.94,848.2123,Girth Weld,,,,,,nan,,,2007,Girth Weld_16436.9,False,16436.94,16437.32
4660.0,39.94,0.344,,16476.79,847.5869,Girth Weld,,,,,,nan,,,2007,Girth Weld_16476.8,False,16476.79,16477.170000000002
,,0.344,-32.57,16509.36,846.9837,Cluster,35.0,,4.56,11.58,1.63,4:54,NO,,2007,Cluster_16509.4,True,16509.36,16509.74
,,0.344,-33.08,16509.87,846.9737,Metal Loss,10.0,,1.81,2.09,,6:37,NO,,2007,Metal Loss_16509.9,True,16509.87,16510.25
,,0.344,-38.9,16515.7,846.8592,Cluster,20.0,,3.48,16.19,1.79,6:39,NO,,2007,Cluster_16515.7,True,16515.7,16516.08
4670.0,40.01,0.344,,16516.74,846.84,Girth Weld,,,,,,nan,,,2007,Girth Weld_16516.7,False,16516.74,16517.120000000003
4680.0,39.99,0.344,,16556.75,846.3296,Girth Weld,,,,,,nan,,,2007,Girth Weld_16556.8,False,16556.75,16557.13
,,0.344,-39.01,16595.76,846.2931,Metal Loss,14.0,,2.84,0.71,,8:17,NO,,2007,Metal Loss_16595.8,True,16595.76,16596.14
4690.0,40.01,0.344,,16596.74,846.2914,Girth Weld,,,,,,nan,,,2007,Girth Weld_16596.7,False,16596.74,16597.120000000003
,,0.344,-0.83,16597.57,846.29,Metal Loss,12.0,,1.61,0.79,,6:29,NO,,2007,Metal Loss_16597.6,True,16597.57,16597.95
,,0.344,-0.83,16597.57,846.29,Metal Loss,10.0,,1.69,8.19,,4:50,NO,,2007,Metal Loss_16597.6,True,16597.57,16597.95
4700.0,39.94,0.344,,16636.75,846.1436,Girth Weld,,,,,,nan,,,2007,Girth Weld_16636.8,False,16636.75,16637.13
4710.0,39.98,0.344,,16676.68,845.8867,Girth Weld,,,,,,nan,,,2007,Girth Weld_16676.7,False,16676.68,16677.06
,,0.344,-0.69,16677.37,845.8829,Cluster,18.0,,4.88,24.86,,2:26,NO,,2007,Cluster_16677.4,True,16677.37,16677.75
4720.0,39.99,0.344,,16716.67,845.6386,Girth Weld,,,,,,nan,,,2007,Girth Weld_16716.7,False,16716.67,16717.05
4730.0,39.99,0.344,,16756.66,845.4099,Girth Weld,,,,,,nan,,,2007,Girth Weld_16756.7,False,16756.66,16757.04
,,0.344,-0.03,16756.69,845.4098,Cluster,12.0,,4.25,3.86,,3:15,NO,,2007,Cluster_16756.7,True,16756.69,16757.07
4740.0,39.95,0.344,,16796.65,845.2626,Girth Weld,,,,,,nan,,,2007,Girth Weld_16796.7,False,16796.65,16797.030000000002
4750.0,40.0,0.344,,16836.6,845.108,Girth Weld,,,,,,nan,,,2007,Girth Weld_16836.6,False,16836.6,16836.98
4760.0,39.94,0.344,,16876.6,845.0137,Girth Weld,,,,,,nan,,,2007,Girth Weld_16876.6,False,16876.6,16876.98
4770.0,39.96,0.344,,16916.54,844.7981,Girth Weld,,,,,,nan,,,2007,Girth Weld_16916.5,False,16916.54,16916.920000000002
4780.0,39.93,0.344,,16956.5,844.4206,Girth Weld,,,,,,nan,,,2007,Girth Weld_16956.5,False,16956.5,16956.88
4790.0,39.91,0.344,,16996.43,844.0332,Girth Weld,,,,,,nan,,,2007,Girth Weld_16996.4,False,16996.43,16996.81
4800.0,39.99,0.344,,17036.34,843.7525,Girth Weld,,,,,,nan,,,2007,Girth Weld_17036.3,False,17036.34,17036.72
4810.0,40.18,0.344,,17076.33,843.8376,Girth Weld,,,,,,nan,,,2007,Girth Weld_17076.3,False,17076.33,17076.710000000003
4820.0,40.22,0.344,,17116.51,844.0982,Girth Weld,,,,,,nan,,,2007,Girth Weld_17116.5,False,17116.51,17116.89
4830.0,11.82,0.344,,17156.73,844.8993,Girth Weld,,,,,,nan,,,2007,Girth Weld_17156.7,False,17156.73,17157.11
4840.0,40.01,0.344,,17168.55,845.4954,Girth Weld,,,,,,nan,,,2007,Girth Weld_17168.5,False,17168.55,17168.93
4850.0,39.92,0.344,,17208.55,848.6305,Girth Weld,,,,,,nan,,,2007,Girth Weld_17208.5,False,17208.55,17208.93
4860.0,40.0,0.344,,17248.47,852.9325,Girth Weld,,,,,,nan,,,2007,Girth Weld_17248.5,False,17248.47,17248.850000000002
4870.0,39.98,0.344,,17288.47,857.9929,Girth Weld,,,,,,nan,,,2007,Girth Weld_17288.5,False,17288.47,17288.850000000002
4880.0,40.01,0.344,,17328.45,863.362,Girth Weld,,,,,,nan,,,2007,Girth Weld_17328.5,False,17328.45,17328.83
4890.0,40.01,0.344,,17368.47,869.4305,Girth Weld,,,,,,nan,,,2007,Girth Weld_17368.5,False,17368.47,17368.850000000002
4900.0,40.0,0.344,,17408.48,875.6269,Girth Weld,,,,,,nan,,,2007,Girth Weld_17408.5,False,17408.48,17408.86
4910.0,39.92,0.344,,17448.47,881.3154,Girth Weld,,,,,,nan,,,2007,Girth Weld_17448.5,False,17448.47,17448.850000000002
4920.0,39.91,0.344,,17488.39,886.1287,Girth Weld,,,,,,nan,,,2007,Girth Weld_17488.4,False,17488.39,17488.77
4930.0,9.87,0.5,,17528.3,889.7806,Girth Weld,,,,,,nan,,"0.500""",2007,Girth Weld_17528.3,False,17528.3,17528.68
,,,,17533.11,890.0481,Bend,,,,,,nan,,6.0D - 24Â° - Over,2007,Bend_17533.1,False,17533.11,17533.49
4940.0,24.94,0.344,,17538.17,890.3196,Girth Weld,,,,,,nan,,"0.344""",2007,Girth Weld_17538.2,False,17538.17,17538.55
4950.0,31.26,0.344,,17563.11,890.9884,Girth Weld,,,,,,nan,,,2007,Girth Weld_17563.1,False,17563.11,17563.49
4960.0,39.95,0.344,,17594.37,888.3675,Girth Weld,,,,,,nan,,,2007,Girth Weld_17594.4,False,17594.37,17594.75
4970.0,40.04,0.344,,17634.32,882.2407,Girth Weld,,,,,,nan,,,2007,Girth Weld_17634.3,False,17634.32,17634.7
4980.0,39.93,0.344,,17674.36,876.8111,Girth Weld,,,,,,nan,,,2007,Girth Weld_17674.4,False,17674.36,17674.74
4990.0,39.97,0.344,,17714.28,873.0757,Girth Weld,,,,,,nan,,,2007,Girth Weld_17714.3,False,17714.28,17714.66
5000.0,40.01,0.344,,17754.25,870.8867,Girth Weld,,,,,,nan,,,2007,Girth Weld_17754.2,False,17754.25,17754.63
5010.0,40.07,0.344,,17794.26,869.6388,Girth Weld,,,,,,nan,,,2007,Girth Weld_17794.3,False,17794.26,17794.64
5020.0,31.65,0.344,,17834.32,869.3028,Girth Weld,,,,,,nan,,,2007,Girth Weld_17834.3,False,17834.32,17834.7
5030.0,40.03,0.344,,17865.98,869.3317,Girth Weld,,,,,,nan,,,2007,Girth Weld_17866.0,False,17865.98,17866.36
5040.0,39.97,0.344,,17906.01,870.0095,Girth Weld,,,,,,nan,,,2007,Girth Weld_17906.0,False,17906.01,17906.39
5050.0,40.06,0.344,,17945.98,870.9112,Girth Weld,,,,,,nan,,,2007,Girth Weld_17946.0,False,17945.98,17946.36
5060.0,31.26,0.344,,17986.04,872.0171,Girth Weld,,,,,,nan,,,2007,Girth Weld_17986.0,False,17986.04,17986.420000000002
5070.0,39.94,0.344,,18017.29,873.1709,Girth Weld,,,,,,nan,,,2007,Girth Weld_18017.3,False,18017.29,18017.670000000002
5080.0,39.91,0.344,,18057.24,874.3753,Girth Weld,,,,,,nan,,,2007,Girth Weld_18057.2,False,18057.24,18057.620000000003
5090.0,39.94,0.344,,18097.15,874.9225,Girth Weld,,,,,,nan,,,2007,Girth Weld_18097.2,False,18097.15,18097.530000000002
5100.0,39.88,0.344,,18137.09,874.2097,Girth Weld,,,,,,nan,,,2007,Girth Weld_18137.1,False,18137.09,18137.47
,,0.344,-38.78,18175.87,873.1097,Cluster,20.0,,4.97,6.79,1.74,4:24,NO,,2007,Cluster_18175.9,True,18175.87,18176.25
,,0.344,-38.81,18175.91,873.1085,Metal Loss,18.0,,0.87,0.59,,6:45,NO,,2007,Metal Loss_18175.9,True,18175.91,18176.29
,,0.344,-38.83,18175.92,873.1082,Metal Loss,23.0,,0.87,0.87,1.87,5:58,NO,,2007,Metal Loss_18175.9,True,18175.92,18176.3
5110.0,8.21,0.344,,18176.97,873.0721,Girth Weld,,,,,,nan,,,2007,Girth Weld_18177.0,False,18176.97,18177.350000000002
5120.0,40.02,0.344,,18185.18,872.79,Girth Weld,,,,,,nan,,,2007,Girth Weld_18185.2,False,18185.18,18185.56
,,0.344,-0.83,18186.01,872.7616,Metal Loss,14.0,,1.1,3.42,,6:02,NO,,2007,Metal Loss_18186.0,True,18186.01,18186.39
5130.0,39.98,0.344,,18225.2,871.5543,Girth Weld,,,,,,nan,,,2007,Girth Weld_18225.2,False,18225.2,18225.58
5140.0,39.94,0.344,,18265.17,870.8599,Girth Weld,,,,,,nan,,,2007,Girth Weld_18265.2,False,18265.17,18265.55
5150.0,39.86,0.344,,18305.11,870.7747,Girth Weld,,,,,,nan,,,2007,Girth Weld_18305.1,False,18305.11,18305.49
5160.0,40.03,0.344,,18344.97,871.4204,Girth Weld,,,,,,nan,,,2007,Girth Weld_18345.0,False,18344.97,18345.350000000002
5170.0,40.11,0.344,,18385.01,872.3166,Girth Weld,,,,,,nan,,,2007,Girth Weld_18385.0,False,18385.01,18385.39
5180.0,40.07,0.344,,18425.12,873.8279,Girth Weld,,,,,,nan,,,2007,Girth Weld_18425.1,False,18425.12,18425.5
5190.0,34.56,0.344,,18465.18,876.6211,Girth Weld,,,,,,nan,,,2007,Girth Weld_18465.2,False,18465.18,18465.56
5200.0,40.06,0.344,,18499.75,880.0664,Girth Weld,,,,,,nan,,,2007,Girth Weld_18499.8,False,18499.75,18500.13
5210.0,39.89,0.344,,18539.81,885.0386,Girth Weld,,,,,,nan,,,2007,Girth Weld_18539.8,False,18539.81,18540.190000000002
5220.0,39.94,0.344,,18579.7,890.31,Girth Weld,,,,,,nan,,,2007,Girth Weld_18579.7,False,18579.7,18580.08
5230.0,40.0,0.344,,18619.65,896.2165,Girth Weld,,,,,,nan,,,2007,Girth Weld_18619.7,False,18619.65,18620.030000000002
5240.0,39.97,0.344,,18659.65,902.3154,Girth Weld,,,,,,nan,,,2007,Girth Weld_18659.7,False,18659.65,18660.030000000002
5250.0,40.02,0.344,,18699.62,908.5615,Girth Weld,,,,,,nan,,,2007,Girth Weld_18699.6,False,18699.62,18700.0
5260.0,40.01,0.344,,18739.64,914.8843,Girth Weld,,,,,,nan,,,2007,Girth Weld_18739.6,False,18739.64,18740.02
5270.0,35.11,0.344,,18779.65,921.2024,Girth Weld,,,,,,nan,,,2007,Girth Weld_18779.7,False,18779.65,18780.030000000002
,,0.344,-34.87,18814.52,926.6041,Cluster,67.0,,1.88,3.5,1.64,7:23,NO,,2007,Cluster_18814.5,True,18814.52,18814.9
5280.0,11.97,0.5,,18814.76,926.6411,Girth Weld,,,,,,nan,,"0.500""",2007,Girth Weld_18814.8,False,18814.76,18815.14
,,,,18820.48,927.5206,Bend,,,,,,nan,,5.8D - 35Â° - Left,2007,Bend_18820.5,False,18820.48,18820.86
5290.0,40.07,0.344,,18826.74,928.4815,Girth Weld,,,,,,nan,,"0.344""",2007,Girth Weld_18826.7,False,18826.74,18827.120000000003
5300.0,39.75,0.344,,18866.81,933.9287,Girth Weld,,,,,,nan,,,2007,Girth Weld_18866.8,False,18866.81,18867.190000000002
5310.0,40.04,0.344,,18906.55,935.4292,Girth Weld,,,,,,nan,,,2007,Girth Weld_18906.5,False,18906.55,18906.93
,,,,18911.82,935.5569,Tap,,,,,,12:00,,,2007,Tap_18911.8,False,18911.82,18912.2
5320.0,30.18,0.344,,18946.6,935.6758,Girth Weld,,,,,,nan,,,2007,Girth Weld_18946.6,False,18946.6,18946.98
5330.0,39.97,0.344,,18976.77,934.7741,Girth Weld,,,,,,nan,,,2007,Girth Weld_18976.8,False,18976.77,18977.15
5340.0,40.06,0.344,,19016.74,932.4625,Girth Weld,,,,,,nan,,,2007,Girth Weld_19016.7,False,19016.74,19017.120000000003
5350.0,40.04,0.344,,19056.8,930.0627,Girth Weld,,,,,,nan,,,2007,Girth Weld_19056.8,False,19056.8,19057.18
5360.0,40.08,0.344,,19096.84,927.7261,Girth Weld,,,,,,nan,,,2007,Girth Weld_19096.8,False,19096.84,19097.22
5370.0,40.0,0.344,,19136.92,925.9325,Girth Weld,,,,,,nan,,,2007,Girth Weld_19136.9,False,19136.92,19137.3
5380.0,39.38,0.344,,19176.92,924.231,Girth Weld,,,,,,nan,,,2007,Girth Weld_19176.9,False,19176.92,19177.3
5390.0,39.99,0.344,,19216.29,922.6578,Girth Weld,,,,,,nan,,,2007,Girth Weld_19216.3,False,19216.29,19216.670000000002
5400.0,39.99,0.344,,19256.28,920.9642,Girth Weld,,,,,,nan,,,2007,Girth Weld_19256.3,False,19256.28,19256.66
,,0.344,-39.12,19295.4,918.9961,Metal Loss,12.0,,1.02,2.99,,5:17,NO,,2007,Metal Loss_19295.4,True,19295.4,19295.780000000002
5410.0,39.97,0.344,,19296.27,918.9471,Girth Weld,,,,,,nan,,,2007,Girth Weld_19296.3,False,19296.27,19296.65
5420.0,39.98,0.344,,19336.24,916.4906,Girth Weld,,,,,,nan,,,2007,Girth Weld_19336.2,False,19336.24,19336.620000000003
5430.0,40.01,0.344,,19376.22,913.9004,Girth Weld,,,,,,nan,,,2007,Girth Weld_19376.2,False,19376.22,19376.600000000002
5440.0,40.0,0.344,,19416.24,911.4288,Girth Weld,,,,,,nan,,,2007,Girth Weld_19416.2,False,19416.24,19416.620000000003
5450.0,40.0,0.344,,19456.24,908.9218,Girth Weld,,,,,,nan,,,2007,Girth Weld_19456.2,False,19456.24,19456.620000000003
5460.0,39.97,0.344,,19496.24,906.3832,Girth Weld,,,,,,nan,,,2007,Girth Weld_19496.2,False,19496.24,19496.620000000003
5470.0,40.01,0.344,,19536.21,903.6774,Girth Weld,,,,,,nan,,,2007,Girth Weld_19536.2,False,19536.21,19536.59
5480.0,40.04,0.344,,19576.22,900.8399,Girth Weld,,,,,,nan,,,2007,Girth Weld_19576.2,False,19576.22,19576.600000000002
5490.0,40.0,0.344,,19616.26,897.7843,Girth Weld,,,,,,nan,,,2007,Girth Weld_19616.3,False,19616.26,19616.64
5500.0,39.99,0.344,,19656.25,894.6504,Girth Weld,,,,,,nan,,,2007,Girth Weld_19656.2,False,19656.25,19656.63
5510.0,40.0,0.344,,19696.24,891.4772,Girth Weld,,,,,,nan,,,2007,Girth Weld_19696.2,False,19696.24,19696.620000000003
5520.0,40.01,0.344,,19736.25,888.3513,Girth Weld,,,,,,nan,,,2007,Girth Weld_19736.2,False,19736.25,19736.63
5530.0,40.03,0.344,,19776.25,885.2165,Girth Weld,,,,,,nan,,,2007,Girth Weld_19776.2,False,19776.25,19776.63
5540.0,40.05,0.344,,19816.29,882.4061,Girth Weld,,,,,,nan,,,2007,Girth Weld_19816.3,False,19816.29,19816.670000000002
5550.0,40.05,0.344,,19856.34,879.6819,Girth Weld,,,,,,nan,,,2007,Girth Weld_19856.3,False,19856.34,19856.72
5560.0,39.95,0.344,,19896.39,877.0277,Girth Weld,,,,,,nan,,,2007,Girth Weld_19896.4,False,19896.39,19896.77
,,0.344,-14.48,19910.87,876.2111,Metal Loss,10.0,,0.59,0.71,,6:40,NO,,2007,Metal Loss_19910.9,True,19910.87,19911.25
5570.0,39.96,0.344,,19936.33,874.7981,Girth Weld,,,,,,nan,,,2007,Girth Weld_19936.3,False,19936.33,19936.710000000003
5580.0,39.97,0.344,,19976.3,872.6346,Girth Weld,,,,,,nan,,,2007,Girth Weld_19976.3,False,19976.3,19976.68
5590.0,39.95,0.344,,20016.26,870.4776,Girth Weld,,,,,,nan,,,2007,Girth Weld_20016.3,False,20016.26,20016.64
,,0.344,-0.34,20016.6,870.459,Metal Loss,10.0,,0.71,0.67,,4:06,NO,,2007,Metal Loss_20016.6,True,20016.6,20016.98
5600.0,40.01,0.344,,20056.21,868.1201,Girth Weld,,,,,,nan,,,2007,Girth Weld_20056.2,False,20056.21,20056.59
5610.0,39.97,0.344,,20096.22,865.4281,Girth Weld,,,,,,nan,,,2007,Girth Weld_20096.2,False,20096.22,20096.600000000002
5620.0,40.01,0.344,,20136.18,862.7636,Girth Weld,,,,,,nan,,,2007,Girth Weld_20136.2,False,20136.18,20136.56
5630.0,39.99,0.344,,20176.2,859.9458,Girth Weld,,,,,,nan,,,2007,Girth Weld_20176.2,False,20176.2,20176.58
5640.0,39.98,0.344,,20216.19,856.1621,Girth Weld,,,,,,nan,,,2007,Girth Weld_20216.2,False,20216.19,20216.57
5650.0,40.0,0.344,,20256.17,852.0033,Girth Weld,,,,,,nan,,,2007,Girth Weld_20256.2,False,20256.17,20256.55
5660.0,40.01,0.344,,20296.17,847.691,Girth Weld,,,,,,nan,,,2007,Girth Weld_20296.2,False,20296.17,20296.55
,,0.344,-38.97,20335.14,843.5754,Cluster,21.0,,3.59,5.01,1.78,6:36,NO,,2007,Cluster_20335.1,True,20335.14,20335.52
,,0.344,-39.16,20335.33,843.5562,Metal Loss,11.0,,1.18,1.89,,7:17,NO,,2007,Metal Loss_20335.3,True,20335.33,20335.710000000003
5670.0,40.02,0.344,,20336.18,843.4668,Girth Weld,,,,,,nan,,,2007,Girth Weld_20336.2,False,20336.18,20336.56
5680.0,38.63,0.344,,20376.2,839.3206,Girth Weld,,,,,,nan,,,2007,Girth Weld_20376.2,False,20376.2,20376.58
,,0.344,-37.5,20413.71,835.537,Metal Loss,11.0,,1.81,2.87,,5:47,NO,,2007,Metal Loss_20413.7,True,20413.71,20414.09
5690.0,40.0,0.344,,20414.83,835.4205,Girth Weld,,,,,,nan,,,2007,Girth Weld_20414.8,False,20414.83,20415.210000000003
5700.0,39.98,0.344,,20454.83,831.0633,Girth Weld,,,,,,nan,,,2007,Girth Weld_20454.8,False,20454.83,20455.210000000003
5710.0,40.04,0.344,,20494.81,826.5618,Girth Weld,,,,,,nan,,,2007,Girth Weld_20494.8,False,20494.81,20495.190000000002
5720.0,40.04,0.344,,20534.85,822.0667,Girth Weld,,,,,,nan,,,2007,Girth Weld_20534.8,False,20534.85,20535.23
5730.0,40.01,0.344,,20574.89,817.2602,Girth Weld,,,,,,nan,,,2007,Girth Weld_20574.9,False,20574.89,20575.27
5740.0,40.04,0.344,,20614.9,812.3748,Girth Weld,,,,,,nan,,,2007,Girth Weld_20614.9,False,20614.9,20615.280000000002
5750.0,40.04,0.344,,20654.94,807.4647,Girth Weld,,,,,,nan,,,2007,Girth Weld_20654.9,False,20654.94,20655.32
5760.0,40.07,0.344,,20694.99,802.5559,Girth Weld,,,,,,nan,,,2007,Girth Weld_20695.0,False,20694.99,20695.370000000003
5770.0,40.05,0.344,,20735.06,797.8108,Girth Weld,,,,,,nan,,,2007,Girth Weld_20735.1,False,20735.06,20735.440000000002
5780.0,40.15,0.344,,20775.1,793.3048,Girth Weld,,,,,,nan,,,2007,Girth Weld_20775.1,False,20775.1,20775.48
5790.0,11.7,0.344,,20815.25,789.2764,Girth Weld,,,,,,nan,,,2007,Girth Weld_20815.2,False,20815.25,20815.63
5800.0,40.1,0.344,,20826.95,788.2476,Girth Weld,,,,,,nan,,,2007,Girth Weld_20827.0,False,20826.95,20827.33
5810.0,40.01,0.344,,20867.05,786.2035,Girth Weld,,,,,,nan,,,2007,Girth Weld_20867.0,False,20867.05,20867.43
5820.0,33.44,0.344,,20907.06,785.331,Girth Weld,,,,,,nan,,,2007,Girth Weld_20907.1,False,20907.06,20907.440000000002
5830.0,40.09,0.344,,20940.5,784.7282,Girth Weld,,,,,,nan,,,2007,Girth Weld_20940.5,False,20940.5,20940.88
5840.0,40.14,0.344,,20980.59,783.9852,Girth Weld,,,,,,nan,,,2007,Girth Weld_20980.6,False,20980.59,20980.97
,,0.344,-39.22,21019.81,783.2616,Cluster,25.0,,1.85,8.88,1.83,5:07,NO,,2007,Cluster_21019.8,True,21019.81,21020.190000000002
5850.0,20.93,0.344,,21020.73,783.2443,Girth Weld,,,,,,nan,,,2007,Girth Weld_21020.7,False,21020.73,21021.11
5860.0,40.23,0.344,,21041.66,782.8422,Girth Weld,,,,,,nan,,,2007,Girth Weld_21041.7,False,21041.66,21042.04
5870.0,39.96,0.344,,21081.9,781.9827,Girth Weld,,,,,,nan,,,2007,Girth Weld_21081.9,False,21081.9,21082.280000000002
5880.0,40.04,0.344,,21121.85,781.0966,Girth Weld,,,,,,nan,,,2007,Girth Weld_21121.8,False,21121.85,21122.23
5890.0,40.02,0.344,,21161.9,780.5305,Girth Weld,,,,,,nan,,,2007,Girth Weld_21161.9,False,21161.9,21162.280000000002
5900.0,39.97,0.344,,21201.92,780.0289,Girth Weld,,,,,,nan,,,2007,Girth Weld_21201.9,False,21201.92,21202.3
,,,,21223.76,779.7347,Above Ground Marker,,,,,,nan,,AGM 4,2007,Above Ground Marker_21223.8,False,21223.76,21224.14
5910.0,39.99,0.344,,21241.88,779.4593,Girth Weld,,,,,,nan,,,2007,Girth Weld_21241.9,False,21241.88,21242.260000000002
5920.0,39.94,0.344,,21281.87,778.8174,Girth Weld,,,,,,nan,,,2007,Girth Weld_21281.9,False,21281.87,21282.25
,,0.344,-0.68,21282.56,778.8138,Cluster,28.0,,4.84,8.11,1.68,3:53,NO,,2007,Cluster_21282.6,True,21282.56,21282.940000000002
,,0.344,-0.7,21282.57,778.8137,Metal Loss,11.0,,1.65,2.28,,8:23,NO,,2007,Metal Loss_21282.6,True,21282.57,21282.95
,,0.344,-0.71,21282.59,778.8136,Metal Loss,14.0,,1.3,2.05,,9:10,NO,,2007,Metal Loss_21282.6,True,21282.59,21282.97
,,0.344,-0.71,21282.59,778.8136,Metal Loss,17.0,,1.65,4.21,,7:18,NO,,2007,Metal Loss_21282.6,True,21282.59,21282.97
,,0.344,-22.6,21304.48,778.7127,Metal Loss-Manufacturing Anomaly,14.0,,0.59,0.59,,3:09,,,2007,Metal Loss-Manufacturing Anomaly_21304.5,True,21304.48,21304.86
,,0.344,-25.76,21307.63,778.7003,Cluster,39.0,,7.13,2.98,1.49,6:21,NO,,2007,Cluster_21307.6,True,21307.63,21308.010000000002
5930.0,39.99,0.344,,21321.81,778.6609,Girth Weld,,,,,,nan,,,2007,Girth Weld_21321.8,False,21321.81,21322.190000000002
,,0.344,-19.97,21341.79,778.6263,Metal Loss,11.0,,3.54,6.1,,5:43,NO,,2007,Metal Loss_21341.8,True,21341.79,21342.170000000002
,,0.344,-31.22,21353.03,778.6063,Cluster,23.0,,4.99,17.47,1.72,4:43,NO,,2007,Cluster_21353.0,True,21353.03,21353.41
,,0.344,-33.64,21355.45,778.6014,Cluster,19.0,,3.02,6.45,,4:01,NO,,2007,Cluster_21355.5,True,21355.45,21355.83
,,0.344,-39.09,21360.9,778.5886,Metal Loss,26.0,,1.5,7.17,1.85,7:22,NO,,2007,Metal Loss_21360.9,True,21360.9,21361.280000000002
5940.0,40.03,0.344,,21361.81,778.5862,Girth Weld,,,,,,nan,,,2007,Girth Weld_21361.8,False,21361.81,21362.190000000002
,,0.344,-0.62,21362.42,778.5846,Cluster,28.0,,3.66,14.43,1.73,7:11,NO,,2007,Cluster_21362.4,True,21362.42,21362.8
,,0.344,-0.69,21362.49,778.5844,Cluster,32.0,,4.5,9.68,1.66,5:02,NO,,2007,Cluster_21362.5,True,21362.49,21362.870000000003
,,0.344,-0.73,21362.53,778.5843,Metal Loss,40.0,,3.27,0.63,1.67,4:23,NO,,2007,Metal Loss_21362.5,True,21362.53,21362.91
,,0.344,-0.75,21362.56,778.5843,Metal Loss,20.0,,0.83,1.89,1.88,3:26,NO,,2007,Metal Loss_21362.6,True,21362.56,21362.940000000002
,,0.344,-0.77,21362.58,778.5842,Metal Loss,13.0,,1.3,1.42,,10:47,NO,,2007,Metal Loss_21362.6,True,21362.58,21362.960000000003
5950.0,40.02,0.344,,21401.83,778.486,Girth Weld,,,,,,nan,,,2007,Girth Weld_21401.8,False,21401.83,21402.210000000003
,,0.344,-36.95,21438.79,778.6576,Cluster,64.0,,7.79,19.23,1.12,5:28,NO,,2007,Cluster_21438.8,True,21438.79,21439.170000000002
5960.0,39.98,0.344,,21441.85,778.6752,Girth Weld,,,,,,nan,,,2007,Girth Weld_21441.8,False,21441.85,21442.23
5970.0,40.0,0.344,,21481.83,778.8812,Girth Weld,,,,,,nan,,,2007,Girth Weld_21481.8,False,21481.83,21482.210000000003
5980.0,39.96,0.344,,21521.84,779.0777,Girth Weld,,,,,,nan,,,2007,Girth Weld_21521.8,False,21521.84,21522.22
5990.0,39.95,0.344,,21561.79,779.3481,Girth Weld,,,,,,nan,,,2007,Girth Weld_21561.8,False,21561.79,21562.170000000002
6000.0,40.02,0.344,,21601.74,779.7254,Girth Weld,,,,,,nan,,,2007,Girth Weld_21601.7,False,21601.74,21602.120000000003
6010.0,39.88,0.344,,21641.77,779.9839,Girth Weld,,,,,,nan,,,2007,Girth Weld_21641.8,False,21641.77,21642.15
,,0.344,-38.65,21680.42,780.2876,Metal Loss,15.0,,0.75,1.3,,5:27,NO,,2007,Metal Loss_21680.4,True,21680.42,21680.8
,,0.344,-39.61,21681.38,780.2943,Metal Loss,10.0,,2.24,1.3,,6:40,NO,,2007,Metal Loss_21681.4,True,21681.38,21681.760000000002
6020.0,32.81,0.344,,21681.65,780.2962,Girth Weld,,,,,,nan,,,2007,Girth Weld_21681.7,False,21681.65,21682.030000000002
6030.0,9.73,0.344,,21714.46,779.9144,Girth Weld,,,,,,nan,,,2007,Girth Weld_21714.5,False,21714.46,21714.84
6040.0,39.98,0.344,,21724.19,779.4304,Girth Weld,,,,,,nan,,,2007,Girth Weld_21724.2,False,21724.19,21724.57
6050.0,40.13,0.344,,21764.17,776.9182,Girth Weld,,,,,,nan,,,2007,Girth Weld_21764.2,False,21764.17,21764.55
6060.0,40.16,0.344,,21804.3,773.9291,Girth Weld,,,,,,nan,,,2007,Girth Weld_21804.3,False,21804.3,21804.68
,,0.344,-11.02,21815.32,773.1062,Metal Loss,10.0,,0.91,0.87,,6:57,NO,,2007,Metal Loss_21815.3,True,21815.32,21815.7
6070.0,40.01,0.344,,21844.46,771.2823,Girth Weld,,,,,,nan,,,2007,Girth Weld_21844.5,False,21844.46,21844.84
,,0.344,-0.77,21845.23,771.2559,Cluster,10.0,,1.36,4.92,,7:22,NO,,2007,Cluster_21845.2,True,21845.23,21845.61
,,0.344,-0.82,21845.28,771.2542,Metal Loss,11.0,,1.53,6.34,,3:55,NO,,2007,Metal Loss_21845.3,True,21845.28,21845.66
6080.0,39.93,0.344,,21884.47,770.9291,Girth Weld,,,,,,nan,,,2007,Girth Weld_21884.5,False,21884.47,21884.850000000002
6090.0,40.02,0.344,,21924.4,772.7985,Girth Weld,,,,,,nan,,,2007,Girth Weld_21924.4,False,21924.4,21924.780000000002
6100.0,39.99,0.344,,21964.43,774.3393,Girth Weld,,,,,,nan,,,2007,Girth Weld_21964.4,False,21964.43,21964.81
6110.0,40.02,0.344,,22004.41,774.4842,Girth Weld,,,,,,nan,,,2007,Girth Weld_22004.4,False,22004.41,22004.79
6120.0,40.0,0.344,,22044.44,774.5361,Girth Weld,,,,,,nan,,,2007,Girth Weld_22044.4,False,22044.44,22044.82
,,0.344,-39.04,22083.48,774.7476,Cluster,48.0,,2.83,11.63,1.65,4:39,NO,,2007,Cluster_22083.5,True,22083.48,22083.86
,,0.344,-39.06,22083.5,774.7477,Cluster,16.0,,2.48,11.02,,6:58,NO,,2007,Cluster_22083.5,True,22083.5,22083.88
6130.0,39.97,0.344,,22084.44,774.7526,Girth Weld,,,,,,nan,,,2007,Girth Weld_22084.4,False,22084.44,22084.82
6140.0,40.08,0.344,,22124.41,774.9511,Girth Weld,,,,,,nan,,,2007,Girth Weld_22124.4,False,22124.41,22124.79
6150.0,39.91,0.344,,22164.49,775.2519,Girth Weld,,,,,,nan,,,2007,Girth Weld_22164.5,False,22164.49,22164.870000000003
6160.0,39.97,0.344,,22204.4,775.4402,Girth Weld,,,,,,nan,,,2007,Girth Weld_22204.4,False,22204.4,22204.780000000002
6170.0,39.96,0.344,,22244.37,775.5494,Girth Weld,,,,,,nan,,,2007,Girth Weld_22244.4,False,22244.37,22244.75
6180.0,39.96,0.344,,22284.33,775.5735,Girth Weld,,,,,,nan,,,2007,Girth Weld_22284.3,False,22284.33,22284.710000000003
6190.0,40.02,0.344,,22324.29,775.5006,Girth Weld,,,,,,nan,,,2007,Girth Weld_22324.3,False,22324.29,22324.670000000002
6200.0,39.99,0.344,,22364.31,775.5558,Girth Weld,,,,,,nan,,,2007,Girth Weld_22364.3,False,22364.31,22364.690000000002
6210.0,39.98,0.344,,22404.31,775.3218,Girth Weld,,,,,,nan,,,2007,Girth Weld_22404.3,False,22404.31,22404.690000000002
6220.0,40.01,0.344,,22444.29,775.0808,Girth Weld,,,,,,nan,,,2007,Girth Weld_22444.3,False,22444.29,22444.670000000002
,,0.344,-39.05,22483.34,774.7232,Metal Loss,10.0,,2.6,0.71,,6:55,NO,,2007,Metal Loss_22483.3,True,22483.34,22483.72
6230.0,39.84,0.344,,22484.3,774.7121,Girth Weld,,,,,,nan,,,2007,Girth Weld_22484.3,False,22484.3,22484.68
,,0.344,-0.92,22485.22,774.7015,Metal Loss-Manufacturing Anomaly,11.0,,3.39,0.71,,12:26,,,2007,Metal Loss-Manufacturing Anomaly_22485.2,True,22485.22,22485.600000000002
6240.0,39.98,0.344,,22524.14,774.2782,Girth Weld,,,,,,nan,,,2007,Girth Weld_22524.1,False,22524.14,22524.52
6250.0,16.98,0.344,,22564.11,773.9553,Girth Weld,,,,,,nan,,,2007,Girth Weld_22564.1,False,22564.11,22564.49
6260.0,40.04,0.344,,22581.09,773.8274,Girth Weld,,,,,,nan,,,2007,Girth Weld_22581.1,False,22581.09,22581.47
6270.0,40.07,0.344,,22621.13,773.6504,Girth Weld,,,,,,nan,,,2007,Girth Weld_22621.1,False,22621.13,22621.510000000002
,,0.344,-30.62,22651.75,773.3812,Metal Loss-Manufacturing Anomaly,13.0,,0.83,0.55,,2:52,,,2007,Metal Loss-Manufacturing Anomaly_22651.8,True,22651.75,22652.13
6280.0,40.0,0.344,,22661.2,773.2343,Girth Weld,,,,,,nan,,,2007,Girth Weld_22661.2,False,22661.2,22661.58
6290.0,39.93,0.344,,22701.2,772.791,Girth Weld,,,,,,nan,,,2007,Girth Weld_22701.2,False,22701.2,22701.58
6300.0,39.93,0.344,,22741.13,772.6345,Girth Weld,,,,,,nan,,,2007,Girth Weld_22741.1,False,22741.13,22741.510000000002
6310.0,40.02,0.344,,22781.06,772.3028,Girth Weld,,,,,,nan,,,2007,Girth Weld_22781.1,False,22781.06,22781.440000000002
,,0.344,-0.87,22781.94,772.2973,Cluster,18.0,,3.26,5.59,,5:45,NO,,2007,Cluster_22781.9,True,22781.94,22782.32
6320.0,39.96,0.344,,22821.08,772.1646,Girth Weld,,,,,,nan,,,2007,Girth Weld_22821.1,False,22821.08,22821.460000000003
6330.0,39.97,0.344,,22861.04,772.0126,Girth Weld,,,,,,nan,,,2007,Girth Weld_22861.0,False,22861.04,22861.420000000002
6340.0,39.88,0.344,,22901.01,771.8878,Girth Weld,,,,,,nan,,,2007,Girth Weld_22901.0,False,22901.01,22901.39
6350.0,40.09,0.344,,22940.89,771.6769,Girth Weld,,,,,,nan,,,2007,Girth Weld_22940.9,False,22940.89,22941.27
,,0.344,-0.76,22941.65,771.6572,Cluster,15.0,,3.23,7.6,,5:59,NO,,2007,Cluster_22941.7,True,22941.65,22942.030000000002
6360.0,40.21,0.344,,22980.98,770.4177,Girth Weld,,,,,,nan,,,2007,Girth Weld_22981.0,False,22980.98,22981.36
6370.0,40.07,0.344,,23021.18,768.2358,Girth Weld,,,,,,nan,,,2007,Girth Weld_23021.2,False,23021.18,23021.56
,,0.344,-0.82,23022.0,768.1988,Metal Loss,14.0,,1.06,0.94,,5:20,NO,,2007,Metal Loss_23022.0,True,23022.0,23022.38
,,0.344,-8.2,23029.38,767.9388,Metal Loss-Manufacturing Anomaly,12.0,,0.47,0.71,,7:20,,,2007,Metal Loss-Manufacturing Anomaly_23029.4,True,23029.38,23029.760000000002
,,0.344,-11.15,23032.33,767.8694,Metal Loss-Manufacturing Anomaly,10.0,,0.63,0.71,,3:33,,,2007,Metal Loss-Manufacturing Anomaly_23032.3,True,23032.33,23032.710000000003
6380.0,40.07,0.344,,23061.26,768.0302,Girth Weld,,,,,,nan,,,2007,Girth Weld_23061.3,False,23061.26,23061.64
6390.0,39.95,0.344,,23101.33,770.3084,Girth Weld,,,,,,nan,,,2007,Girth Weld_23101.3,False,23101.33,23101.710000000003
6400.0,39.99,0.344,,23141.28,771.6155,Girth Weld,,,,,,nan,,,2007,Girth Weld_23141.3,False,23141.28,23141.66
,,0.344,-20.19,23161.46,771.7922,Metal Loss-Manufacturing Anomaly,10.0,,3.35,1.22,,1:50,,,2007,Metal Loss-Manufacturing Anomaly_23161.5,True,23161.46,23161.84
,,0.344,-20.8,23162.08,771.7985,Metal Loss-Manufacturing Anomaly,25.0,,5.2,0.71,,1:40,,,2007,Metal Loss-Manufacturing Anomaly_23162.1,True,23162.08,23162.460000000003
6410.0,27.47,0.344,,23181.26,772.0464,Girth Weld,,,,,,nan,,,2007,Girth Weld_23181.3,False,23181.26,23181.64
6420.0,39.9,0.344,,23208.74,772.5101,Girth Weld,,,,,,nan,,,2007,Girth Weld_23208.7,False,23208.74,23209.120000000003
6430.0,39.89,0.344,,23248.63,773.3291,Girth Weld,,,,,,nan,,,2007,Girth Weld_23248.6,False,23248.63,23249.010000000002
6440.0,40.03,0.344,,23288.52,774.0665,Girth Weld,,,,,,nan,,,2007,Girth Weld_23288.5,False,23288.52,23288.9
6450.0,40.0,0.344,,23328.55,774.6876,Girth Weld,,,,,,nan,,,2007,Girth Weld_23328.5,False,23328.55,23328.93
6460.0,39.83,0.344,,23368.55,775.2669,Girth Weld,,,,,,nan,,,2007,Girth Weld_23368.5,False,23368.55,23368.93
6470.0,39.86,0.344,,23408.38,775.5208,Girth Weld,,,,,,nan,,,2007,Girth Weld_23408.4,False,23408.38,23408.760000000002
6480.0,39.81,0.344,,23448.24,775.7563,Girth Weld,,,,,,nan,,,2007,Girth Weld_23448.2,False,23448.24,23448.620000000003
6490.0,39.93,0.344,,23488.04,775.8696,Girth Weld,,,,,,nan,,,2007,Girth Weld_23488.0,False,23488.04,23488.420000000002
6500.0,39.94,0.344,,23527.97,775.6256,Girth Weld,,,,,,nan,,,2007,Girth Weld_23528.0,False,23527.97,23528.350000000002
6510.0,39.74,0.344,,23567.92,775.3803,Girth Weld,,,,,,nan,,,2007,Girth Weld_23567.9,False,23567.92,23568.3
6520.0,39.94,0.344,,23607.66,775.1401,Girth Weld,,,,,,nan,,,2007,Girth Weld_23607.7,False,23607.66,23608.04
,,0.344,-0.71,23608.37,775.1361,Cluster,15.0,,2.78,17.2,,2:39,YES,,2007,Cluster_23608.4,True,23608.37,23608.75
,,0.344,-28.08,23635.74,774.9633,Cluster,23.0,,5.95,8.4,1.69,12:17,NO,,2007,Cluster_23635.7,True,23635.74,23636.120000000003
,,0.344,-37.27,23644.93,774.898,Metal Loss-Manufacturing Anomaly,10.0,,0.51,0.71,,8:36,,,2007,Metal Loss-Manufacturing Anomaly_23644.9,True,23644.93,23645.31
6530.0,27.64,0.344,,23647.6,774.8808,Girth Weld,,,,,,nan,,,2007,Girth Weld_23647.6,False,23647.6,23647.98
,,0.344,-26.68,23674.28,774.7318,Cluster,29.0,,2.45,28.97,1.79,3:05,NO,,2007,Cluster_23674.3,True,23674.28,23674.66
,,0.344,-26.69,23674.29,774.7317,Metal Loss,14.0,,2.09,1.3,,8:03,NO,,2007,Metal Loss_23674.3,True,23674.29,23674.670000000002
,,0.344,-26.74,23674.34,774.7315,Cluster,16.0,,1.39,6.24,,8:54,NO,,2007,Cluster_23674.3,True,23674.34,23674.72
6540.0,39.94,0.344,,23675.24,774.7275,Girth Weld,,,,,,nan,,,2007,Girth Weld_23675.2,False,23675.24,23675.620000000003
,,0.344,-0.74,23675.98,774.7247,Metal Loss,26.0,,0.98,1.14,1.87,5:09,NO,,2007,Metal Loss_23676.0,True,23675.98,23676.36
6550.0,39.94,0.344,,23715.17,774.7303,Girth Weld,,,,,,nan,,,2007,Girth Weld_23715.2,False,23715.17,23715.55
,,0.344,-38.92,23754.1,774.7485,Cluster,38.0,,3.04,10.01,1.7,5:28,NO,,2007,Cluster_23754.1,True,23754.1,23754.48
6560.0,39.99,0.344,,23755.11,774.7494,Girth Weld,,,,,,nan,,,2007,Girth Weld_23755.1,False,23755.11,23755.49
6570.0,39.97,0.344,,23795.1,774.8689,Girth Weld,,,,,,nan,,,2007,Girth Weld_23795.1,False,23795.1,23795.48
6580.0,39.93,0.344,,23835.06,775.0588,Girth Weld,,,,,,nan,,,2007,Girth Weld_23835.1,False,23835.06,23835.440000000002
6590.0,39.94,0.344,,23874.99,775.2583,Girth Weld,,,,,,nan,,,2007,Girth Weld_23875.0,False,23874.99,23875.370000000003
6600.0,39.93,0.344,,23914.94,775.3458,Girth Weld,,,,,,nan,,,2007,Girth Weld_23914.9,False,23914.94,23915.32
6610.0,39.99,0.344,,23954.87,775.6371,Girth Weld,,,,,,nan,,,2007,Girth Weld_23954.9,False,23954.87,23955.25
6620.0,39.98,0.344,,23994.87,776.4844,Girth Weld,,,,,,nan,,,2007,Girth Weld_23994.9,False,23994.87,23995.25
6630.0,39.93,0.344,,24034.85,777.1848,Girth Weld,,,,,,nan,,,2007,Girth Weld_24034.8,False,24034.85,24035.23
6640.0,36.4,0.344,,24074.78,777.4468,Girth Weld,,,,,,nan,,,2007,Girth Weld_24074.8,False,24074.78,24075.16
6650.0,39.92,0.344,,24111.18,777.5702,Girth Weld,,,,,,nan,,,2007,Girth Weld_24111.2,False,24111.18,24111.56
6660.0,39.95,0.344,,24151.09,777.8097,Girth Weld,,,,,,nan,,,2007,Girth Weld_24151.1,False,24151.09,24151.47
6670.0,39.88,0.344,,24191.04,778.0528,Girth Weld,,,,,,nan,,,2007,Girth Weld_24191.0,False,24191.04,24191.420000000002
6680.0,39.97,0.344,,24230.92,778.4589,Girth Weld,,,,,,nan,,,2007,Girth Weld_24230.9,False,24230.92,24231.3
6690.0,39.92,0.344,,24270.89,778.9766,Girth Weld,,,,,,nan,,,2007,Girth Weld_24270.9,False,24270.89,24271.27
6700.0,39.92,0.344,,24310.81,779.6355,Girth Weld,,,,,,nan,,,2007,Girth Weld_24310.8,False,24310.81,24311.190000000002
6710.0,39.93,0.344,,24350.73,780.586,Girth Weld,,,,,,nan,,,2007,Girth Weld_24350.7,False,24350.73,24351.11
6720.0,40.12,0.344,,24390.66,782.0976,Girth Weld,,,,,,nan,,,2007,Girth Weld_24390.7,False,24390.66,24391.04
6730.0,39.95,0.344,,24430.78,783.365,Girth Weld,,,,,,nan,,,2007,Girth Weld_24430.8,False,24430.78,24431.16
6740.0,39.9,0.344,,24470.73,784.0119,Girth Weld,,,,,,nan,,,2007,Girth Weld_24470.7,False,24470.73,24471.11
6750.0,39.94,0.344,,24510.63,784.5177,Girth Weld,,,,,,nan,,,2007,Girth Weld_24510.6,False,24510.63,24511.010000000002
6760.0,28.01,0.344,,24550.57,785.7004,Girth Weld,,,,,,nan,,,2007,Girth Weld_24550.6,False,24550.57,24550.95
6770.0,40.02,0.344,,24578.58,786.6638,Girth Weld,,,,,,nan,,,2007,Girth Weld_24578.6,False,24578.58,24578.960000000003
6780.0,39.85,0.344,,24618.61,788.0762,Girth Weld,,,,,,nan,,,2007,Girth Weld_24618.6,False,24618.61,24618.99
6790.0,39.79,0.344,,24658.46,789.4439,Girth Weld,,,,,,nan,,,2007,Girth Weld_24658.5,False,24658.46,24658.84
,,0.344,-3.76,24662.22,789.5692,Metal Loss-Manufacturing Anomaly,13.0,,3.78,2.01,,8:55,,,2007,Metal Loss-Manufacturing Anomaly_24662.2,True,24662.22,24662.600000000002
6800.0,39.96,0.344,,24698.25,790.6822,Girth Weld,,,,,,nan,,,2007,Girth Weld_24698.2,False,24698.25,24698.63
6810.0,40.16,0.344,,24738.2,792.2811,Girth Weld,,,,,,nan,,,2007,Girth Weld_24738.2,False,24738.2,24738.58
6820.0,39.98,0.344,,24778.37,794.5005,Girth Weld,,,,,,nan,,,2007,Girth Weld_24778.4,False,24778.37,24778.75
6830.0,39.74,0.344,,24818.35,796.4506,Girth Weld,,,,,,nan,,,2007,Girth Weld_24818.3,False,24818.35,24818.73
6840.0,39.94,0.344,,24858.08,796.9632,Girth Weld,,,,,,nan,,,2007,Girth Weld_24858.1,False,24858.08,24858.460000000003
6850.0,39.9,0.344,,24898.02,797.7673,Girth Weld,,,,,,nan,,,2007,Girth Weld_24898.0,False,24898.02,24898.4
6860.0,39.83,0.344,,24937.92,799.6171,Girth Weld,,,,,,nan,,,2007,Girth Weld_24937.9,False,24937.92,24938.3
6870.0,39.97,0.344,,24977.75,802.6113,Girth Weld,,,,,,nan,,,2007,Girth Weld_24977.8,False,24977.75,24978.13
6880.0,32.77,0.344,,25017.72,805.6039,Girth Weld,,,,,,nan,,,2007,Girth Weld_25017.7,False,25017.72,25018.100000000002
6890.0,40.09,0.344,,25050.48,807.662,Girth Weld,,,,,,nan,,,2007,Girth Weld_25050.5,False,25050.48,25050.86
6900.0,40.16,0.344,,25090.57,809.1873,Girth Weld,,,,,,nan,,,2007,Girth Weld_25090.6,False,25090.57,25090.95
6910.0,40.08,0.344,,25130.73,809.2261,Girth Weld,,,,,,nan,,,2007,Girth Weld_25130.7,False,25130.73,25131.11
6920.0,39.95,0.344,,25170.81,807.3671,Girth Weld,,,,,,nan,,,2007,Girth Weld_25170.8,False,25170.81,25171.190000000002
6930.0,39.93,0.344,,25210.76,803.6679,Girth Weld,,,,,,nan,,,2007,Girth Weld_25210.8,False,25210.76,25211.14
,,0.344,-39.04,25249.8,799.1802,Cluster,14.0,,1.14,5.8,,5:52,NO,,2007,Cluster_25249.8,True,25249.8,25250.18
6940.0,39.88,0.344,,25250.69,799.0761,Girth Weld,,,,,,nan,,,2007,Girth Weld_25250.7,False,25250.69,25251.07
6950.0,39.9,0.344,,25290.57,794.4723,Girth Weld,,,,,,nan,,,2007,Girth Weld_25290.6,False,25290.57,25290.95
6960.0,39.99,0.344,,25330.46,790.1044,Girth Weld,,,,,,nan,,,2007,Girth Weld_25330.5,False,25330.46,25330.84
6970.0,39.88,0.344,,25370.46,786.1976,Girth Weld,,,,,,nan,,,2007,Girth Weld_25370.5,False,25370.46,25370.84
6980.0,40.0,0.344,,25410.34,782.3059,Girth Weld,,,,,,nan,,,2007,Girth Weld_25410.3,False,25410.34,25410.72
6990.0,39.97,0.344,,25450.34,778.015,Girth Weld,,,,,,nan,,,2007,Girth Weld_25450.3,False,25450.34,25450.72
7000.0,19.87,0.344,,25490.32,773.7291,Girth Weld,,,,,,nan,,,2007,Girth Weld_25490.3,False,25490.32,25490.7
7010.0,39.99,0.344,,25510.19,772.1957,Girth Weld,,,,,,nan,,,2007,Girth Weld_25510.2,False,25510.19,25510.57
7020.0,13.87,0.344,,25550.17,768.5686,Girth Weld,,,,,,nan,,,2007,Girth Weld_25550.2,False,25550.17,25550.55
7030.0,39.73,0.344,,25564.05,767.0223,Girth Weld,,,,,,nan,,,2007,Girth Weld_25564.0,False,25564.05,25564.43
7040.0,27.67,0.344,,25603.78,764.2483,Girth Weld,,,,,,nan,,,2007,Girth Weld_25603.8,False,25603.78,25604.16
7050.0,39.93,0.344,,25631.45,763.4539,Girth Weld,,,,,,nan,,,2007,Girth Weld_25631.5,False,25631.45,25631.83
7060.0,37.56,0.344,,25671.38,762.1289,Girth Weld,,,,,,nan,,,2007,Girth Weld_25671.4,False,25671.38,25671.760000000002
7070.0,39.94,0.344,,25708.94,761.7519,Girth Weld,,,,,,nan,,,2007,Girth Weld_25708.9,False,25708.94,25709.32
7080.0,29.58,0.344,,25748.88,763.1411,Girth Weld,,,,,,nan,,,2007,Girth Weld_25748.9,False,25748.88,25749.260000000002
7090.0,9.55,0.344,,25778.46,763.5562,Girth Weld,,,,,,nan,,,2007,Girth Weld_25778.5,False,25778.46,25778.84
7100.0,39.99,0.344,,25788.01,763.6555,Girth Weld,,,,,,nan,,,2007,Girth Weld_25788.0,False,25788.01,25788.39
7110.0,9.35,0.5,,25828.0,764.199,Girth Weld,,,,,,nan,,"0.500""",2007,Girth Weld_25828.0,False,25828.0,25828.38
,,,,25832.46,764.265,Bend,,,,,,nan,,3D - 40Â° - Sag,2007,Bend_25832.5,False,25832.46,25832.84
7120.0,39.96,0.344,,25837.35,764.3389,Girth Weld,,,,,,nan,,"0.344""",2007,Girth Weld_25837.3,False,25837.35,25837.73
,,0.344,-37.76,25875.11,764.8979,Metal Loss-Manufacturing Anomaly,12.0,,0.55,0.71,,2:14,,,2007,Metal Loss-Manufacturing Anomaly_25875.1,True,25875.11,25875.49
7130.0,39.95,0.344,,25877.31,764.9249,Girth Weld,,,,,,nan,,,2007,Girth Weld_25877.3,False,25877.31,25877.690000000002
7140.0,39.94,0.344,,25917.26,769.1722,Girth Weld,,,,,,nan,,,2007,Girth Weld_25917.3,False,25917.26,25917.64
7150.0,39.83,0.344,,25957.2,775.2303,Girth Weld,,,,,,nan,,,2007,Girth Weld_25957.2,False,25957.2,25957.58
7160.0,39.99,0.344,,25997.02,781.3341,Girth Weld,,,,,,nan,,,2007,Girth Weld_25997.0,False,25997.02,25997.4
7170.0,40.02,0.344,,26037.01,786.1904,Girth Weld,,,,,,nan,,,2007,Girth Weld_26037.0,False,26037.01,26037.39
,,,,26043.94,786.9568,Above Ground Marker,,,,,,nan,,AGM 5,2007,Above Ground Marker_26043.9,False,26043.94,26044.32
7180.0,20.02,0.344,,26077.03,790.5885,Girth Weld,,,,,,nan,,,2007,Girth Weld_26077.0,False,26077.03,26077.41
,,0.344,-3.85,26080.87,791.0148,Metal Loss-Manufacturing Anomaly,10.0,,0.67,0.59,,12:05,,,2007,Metal Loss-Manufacturing Anomaly_26080.9,True,26080.87,26081.25
7190.0,39.99,0.344,,26097.05,792.8192,Girth Weld,,,,,,nan,,,2007,Girth Weld_26097.0,False,26097.05,26097.43
7200.0,40.01,0.344,,26137.04,797.0136,Girth Weld,,,,,,nan,,,2007,Girth Weld_26137.0,False,26137.04,26137.420000000002
7210.0,39.94,0.344,,26177.05,800.971,Girth Weld,,,,,,nan,,,2007,Girth Weld_26177.0,False,26177.05,26177.43
7220.0,40.01,0.344,,26216.99,804.0856,Girth Weld,,,,,,nan,,,2007,Girth Weld_26217.0,False,26216.99,26217.370000000003
7230.0,40.0,0.344,,26256.99,804.9177,Girth Weld,,,,,,nan,,,2007,Girth Weld_26257.0,False,26256.99,26257.370000000003
7240.0,39.96,0.344,,26296.99,805.0577,Girth Weld,,,,,,nan,,,2007,Girth Weld_26297.0,False,26296.99,26297.370000000003
7250.0,39.97,0.344,,26336.95,805.2595,Girth Weld,,,,,,nan,,,2007,Girth Weld_26337.0,False,26336.95,26337.33
7260.0,40.02,0.344,,26376.92,805.4561,Girth Weld,,,,,,nan,,,2007,Girth Weld_26376.9,False,26376.92,26377.3
,,0.344,-39.13,26416.04,805.8494,Metal Loss-Manufacturing Anomaly,21.0,,3.62,0.59,,3:32,,,2007,Metal Loss-Manufacturing Anomaly_26416.0,True,26416.04,26416.420000000002
7270.0,40.01,0.344,,26416.94,805.8619,Girth Weld,,,,,,nan,,,2007,Girth Weld_26416.9,False,26416.94,26417.32
7280.0,39.87,0.344,,26456.95,806.4409,Girth Weld,,,,,,nan,,,2007,Girth Weld_26457.0,False,26456.95,26457.33
7290.0,39.97,0.344,,26496.81,806.9036,Girth Weld,,,,,,nan,,,2007,Girth Weld_26496.8,False,26496.81,26497.190000000002
7300.0,40.0,0.344,,26536.78,807.4271,Girth Weld,,,,,,nan,,,2007,Girth Weld_26536.8,False,26536.78,26537.16
7310.0,40.04,0.344,,26576.78,808.0914,Girth Weld,,,,,,nan,,,2007,Girth Weld_26576.8,False,26576.78,26577.16
7320.0,40.01,0.344,,26616.82,808.3412,Girth Weld,,,,,,nan,,,2007,Girth Weld_26616.8,False,26616.82,26617.2
7330.0,39.92,0.344,,26656.83,808.3056,Girth Weld,,,,,,nan,,,2007,Girth Weld_26656.8,False,26656.83,26657.210000000003
7340.0,40.0,0.344,,26696.75,808.3504,Girth Weld,,,,,,nan,,,2007,Girth Weld_26696.8,False,26696.75,26697.13
7350.0,40.03,0.344,,26736.75,808.4879,Girth Weld,,,,,,nan,,,2007,Girth Weld_26736.8,False,26736.75,26737.13
7360.0,12.32,0.344,,26776.78,808.5172,Girth Weld,,,,,,nan,,,2007,Girth Weld_26776.8,False,26776.78,26777.16
7370.0,39.89,0.344,,26789.1,808.3001,Girth Weld,,,,,,nan,,,2007,Girth Weld_26789.1,False,26789.1,26789.48
7380.0,39.81,0.344,,26828.99,807.3808,Girth Weld,,,,,,nan,,,2007,Girth Weld_26829.0,False,26828.99,26829.370000000003
,,0.344,-38.59,26867.58,805.9027,Metal Loss,15.0,,1.38,1.5,,7:27,NO,,2007,Metal Loss_26867.6,True,26867.58,26867.960000000003
,,0.344,-38.92,26867.91,805.8889,Metal Loss,14.0,,1.58,2.01,,7:48,NO,,2007,Metal Loss_26867.9,True,26867.91,26868.29
,,0.344,-38.93,26867.93,805.8881,Cluster,31.0,,1.33,11.88,1.85,4:23,NO,,2007,Cluster_26867.9,True,26867.93,26868.31
,,0.344,-39.18,26868.17,805.878,Cluster,22.0,,2.58,2.83,1.81,6:05,NO,,2007,Cluster_26868.2,True,26868.17,26868.55
7390.0,22.77,0.344,,26868.81,805.8513,Girth Weld,,,,,,nan,,,2007,Girth Weld_26868.8,False,26868.81,26869.190000000002
7400.0,40.05,0.344,,26891.58,804.3689,Girth Weld,,,,,,nan,,,2007,Girth Weld_26891.6,False,26891.58,26891.960000000003
,,0.344,-39.0,26930.57,799.6205,Cluster,12.0,,3.12,4.82,,2:11,NO,,2007,Cluster_26930.6,True,26930.57,26930.95
7410.0,13.93,0.5,,26931.62,799.463,Girth Weld,,,,,,nan,,"0.500""",2007,Girth Weld_26931.6,False,26931.62,26932.0
,,,,26938.74,798.3941,Bend,,,,,,nan,,6.1D - 43Â° - Sag,2007,Bend_26938.7,False,26938.74,26939.120000000003
7420.0,29.84,0.344,,26945.55,797.3513,Girth Weld,,,,,,nan,,"0.344""",2007,Girth Weld_26945.5,False,26945.55,26945.93
,,0.344,-0.74,26946.29,797.2376,Metal Loss,25.0,,2.68,0.71,1.79,12:24,NO,,2007,Metal Loss_26946.3,True,26946.29,26946.670000000002
7430.0,31.51,0.344,,26975.39,792.688,Girth Weld,,,,,,nan,,,2007,Girth Weld_26975.4,False,26975.39,26975.77
7440.0,39.81,0.344,,27006.9,790.0582,Girth Weld,,,,,,nan,,,2007,Girth Weld_27006.9,False,27006.9,27007.280000000002
7450.0,39.85,0.344,,27046.71,794.7397,Girth Weld,,,,,,nan,,,2007,Girth Weld_27046.7,False,27046.71,27047.09
7460.0,39.9,0.344,,27086.56,799.7464,Girth Weld,,,,,,nan,,,2007,Girth Weld_27086.6,False,27086.56,27086.940000000002
7470.0,39.98,0.344,,27126.46,803.3708,Girth Weld,,,,,,nan,,,2007,Girth Weld_27126.5,False,27126.46,27126.84
7480.0,40.04,0.344,,27166.44,805.652,Girth Weld,,,,,,nan,,,2007,Girth Weld_27166.4,False,27166.44,27166.82
7490.0,39.99,0.344,,27206.48,806.4011,Girth Weld,,,,,,nan,,,2007,Girth Weld_27206.5,False,27206.48,27206.86
7500.0,29.29,0.344,,27246.47,806.6569,Girth Weld,,,,,,nan,,,2007,Girth Weld_27246.5,False,27246.47,27246.850000000002
7510.0,39.99,0.344,,27275.76,806.8225,Girth Weld,,,,,,nan,,,2007,Girth Weld_27275.8,False,27275.76,27276.14
7520.0,39.97,0.344,,27315.75,806.7654,Girth Weld,,,,,,nan,,,2007,Girth Weld_27315.8,False,27315.75,27316.13
,,0.344,-0.86,27316.61,806.7631,Metal Loss-Manufacturing Anomaly,16.0,,0.91,0.83,,5:54,,,2007,Metal Loss-Manufacturing Anomaly_27316.6,True,27316.61,27316.99
7530.0,39.98,0.344,,27355.73,806.6364,Girth Weld,,,,,,nan,,,2007,Girth Weld_27355.7,False,27355.73,27356.11
7540.0,40.01,0.344,,27395.71,806.5214,Girth Weld,,,,,,nan,,,2007,Girth Weld_27395.7,False,27395.71,27396.09
7550.0,40.01,0.344,,27435.72,806.3636,Girth Weld,,,,,,nan,,,2007,Girth Weld_27435.7,False,27435.72,27436.100000000002
7560.0,40.05,0.344,,27475.73,805.9128,Girth Weld,,,,,,nan,,,2007,Girth Weld_27475.7,False,27475.73,27476.11
7570.0,39.97,0.344,,27515.78,805.5408,Girth Weld,,,,,,nan,,,2007,Girth Weld_27515.8,False,27515.78,27516.16
7580.0,39.97,0.344,,27555.75,805.3013,Girth Weld,,,,,,nan,,,2007,Girth Weld_27555.8,False,27555.75,27556.13
,,0.344,-23.68,27579.43,805.2976,Metal Loss-Manufacturing Anomaly,12.0,,5.24,1.38,,1:21,,,2007,Metal Loss-Manufacturing Anomaly_27579.4,True,27579.43,27579.81
,,0.344,-25.46,27581.21,805.3021,Metal Loss-Manufacturing Anomaly,24.0,,3.9,0.87,,1:09,,,2007,Metal Loss-Manufacturing Anomaly_27581.2,True,27581.21,27581.59
,,0.344,-26.35,27582.11,805.3051,Metal Loss-Manufacturing Anomaly,21.0,,3.42,0.75,,1:04,,,2007,Metal Loss-Manufacturing Anomaly_27582.1,True,27582.11,27582.49
,,0.344,-26.81,27582.56,805.3066,Metal Loss-Manufacturing Anomaly,11.0,,3.46,2.17,,1:01,,,2007,Metal Loss-Manufacturing Anomaly_27582.6,True,27582.56,27582.940000000002
,,0.344,-27.12,27582.88,805.3076,Metal Loss-Manufacturing Anomaly,21.0,,3.39,0.75,,1:15,,,2007,Metal Loss-Manufacturing Anomaly_27582.9,True,27582.88,27583.260000000002
7590.0,40.05,0.344,,27595.72,805.3573,Girth Weld,,,,,,nan,,,2007,Girth Weld_27595.7,False,27595.72,27596.100000000002
7600.0,40.06,0.344,,27635.77,805.579,Girth Weld,,,,,,nan,,,2007,Girth Weld_27635.8,False,27635.77,27636.15
7610.0,40.08,0.344,,27675.83,805.8754,Girth Weld,,,,,,nan,,,2007,Girth Weld_27675.8,False,27675.83,27676.210000000003
7620.0,39.98,0.344,,27715.9,806.2001,Girth Weld,,,,,,nan,,,2007,Girth Weld_27715.9,False,27715.9,27716.280000000002
7630.0,40.14,0.344,,27755.88,806.3842,Girth Weld,,,,,,nan,,,2007,Girth Weld_27755.9,False,27755.88,27756.260000000002
7640.0,40.03,0.344,,27796.02,806.3881,Girth Weld,,,,,,nan,,,2007,Girth Weld_27796.0,False,27796.02,27796.4
7650.0,39.88,0.344,,27836.05,806.2223,Girth Weld,,,,,,nan,,,2007,Girth Weld_27836.0,False,27836.05,27836.43
7660.0,39.91,0.344,,27875.93,806.0222,Girth Weld,,,,,,nan,,,2007,Girth Weld_27875.9,False,27875.93,27876.31
,,0.344,-16.37,27892.3,805.9289,Metal Loss-Manufacturing Anomaly,10.0,,3.23,1.06,,8:17,,,2007,Metal Loss-Manufacturing Anomaly_27892.3,True,27892.3,27892.68
7670.0,39.74,0.344,,27915.84,805.5067,Girth Weld,,,,,,nan,,,2007,Girth Weld_27915.8,False,27915.84,27916.22
,,0.344,-28.97,27944.8,803.8386,Metal Loss-Manufacturing Anomaly,20.0,,1.06,1.18,,10:04,,,2007,Metal Loss-Manufacturing Anomaly_27944.8,True,27944.8,27945.18
7680.0,13.17,0.5,,27955.58,803.0959,Girth Weld,,,,,,nan,,"0.500""",2007,Girth Weld_27955.6,False,27955.58,27955.960000000003
,,,,27962.1,802.5301,Bend,,,,,,nan,,5.9D - 42Â° - Sag,2007,Bend_27962.1,False,27962.1,27962.48
7690.0,39.96,0.344,,27968.75,801.8564,Girth Weld,,,,,,nan,,"0.344""",2007,Girth Weld_27968.8,False,27968.75,27969.13
7700.0,39.98,0.344,,28008.71,796.9964,Girth Weld,,,,,,nan,,,2007,Girth Weld_28008.7,False,28008.71,28009.09
,,0.344,-18.8,28027.51,795.4539,Metal Loss-Manufacturing Anomaly,10.0,,0.43,0.71,,7:02,,,2007,Metal Loss-Manufacturing Anomaly_28027.5,True,28027.51,28027.89
7710.0,20.53,0.344,,28048.69,797.7941,Girth Weld,,,,,,nan,,,2007,Girth Weld_28048.7,False,28048.69,28049.07
7720.0,39.99,0.344,,28069.22,799.2571,Girth Weld,,,,,,nan,,,2007,Girth Weld_28069.2,False,28069.22,28069.600000000002
7730.0,39.92,0.344,,28109.2,799.797,Girth Weld,,,,,,nan,,,2007,Girth Weld_28109.2,False,28109.2,28109.58
7740.0,39.99,0.344,,28149.12,798.8763,Girth Weld,,,,,,nan,,,2007,Girth Weld_28149.1,False,28149.12,28149.5
7750.0,32.58,0.344,,28189.11,797.232,Girth Weld,,,,,,nan,,,2007,Girth Weld_28189.1,False,28189.11,28189.49
,,0.344,-17.92,28207.03,796.3722,Metal Loss-Manufacturing Anomaly,17.0,,4.33,1.42,,10:31,,,2007,Metal Loss-Manufacturing Anomaly_28207.0,True,28207.03,28207.41
7760.0,40.08,0.344,,28221.69,795.6374,Girth Weld,,,,,,nan,,,2007,Girth Weld_28221.7,False,28221.69,28222.07
7770.0,32.85,0.344,,28261.77,793.6672,Girth Weld,,,,,,nan,,,2007,Girth Weld_28261.8,False,28261.77,28262.15
7780.0,39.91,0.344,,28294.62,792.1478,Girth Weld,,,,,,nan,,,2007,Girth Weld_28294.6,False,28294.62,28295.0
7790.0,40.07,0.344,,28334.54,790.3706,Girth Weld,,,,,,nan,,,2007,Girth Weld_28334.5,False,28334.54,28334.920000000002
7800.0,39.91,0.344,,28374.6,788.4817,Girth Weld,,,,,,nan,,,2007,Girth Weld_28374.6,False,28374.6,28374.98
7810.0,39.91,0.344,,28414.51,786.5029,Girth Weld,,,,,,nan,,,2007,Girth Weld_28414.5,False,28414.51,28414.89
7820.0,39.96,0.344,,28454.42,785.3491,Girth Weld,,,,,,nan,,,2007,Girth Weld_28454.4,False,28454.42,28454.8
7830.0,39.95,0.344,,28494.39,784.2604,Girth Weld,,,,,,nan,,,2007,Girth Weld_28494.4,False,28494.39,28494.77
7840.0,39.95,0.344,,28534.33,783.1833,Girth Weld,,,,,,nan,,,2007,Girth Weld_28534.3,False,28534.33,28534.710000000003
7850.0,40.0,0.344,,28574.28,781.7674,Girth Weld,,,,,,nan,,,2007,Girth Weld_28574.3,False,28574.28,28574.66
7860.0,39.97,0.344,,28614.29,779.8753,Girth Weld,,,,,,nan,,,2007,Girth Weld_28614.3,False,28614.29,28614.670000000002
7870.0,39.85,0.344,,28654.26,778.9943,Girth Weld,,,,,,nan,,,2007,Girth Weld_28654.3,False,28654.26,28654.64
7880.0,39.99,0.344,,28694.11,778.764,Girth Weld,,,,,,nan,,,2007,Girth Weld_28694.1,False,28694.11,28694.49
7890.0,40.0,0.344,,28734.1,779.1543,Girth Weld,,,,,,nan,,,2007,Girth Weld_28734.1,False,28734.1,28734.48
7900.0,39.97,0.344,,28774.1,779.5638,Girth Weld,,,,,,nan,,,2007,Girth Weld_28774.1,False,28774.1,28774.48
,,0.344,-8.91,28783.01,779.511,Metal Loss-Manufacturing Anomaly,13.0,,6.3,1.89,,4:47,,,2007,Metal Loss-Manufacturing Anomaly_28783.0,True,28783.01,28783.39
7910.0,40.01,0.344,,28814.06,779.3603,Girth Weld,,,,,,nan,,,2007,Girth Weld_28814.1,False,28814.06,28814.440000000002
,,0.344,-0.61,28814.67,779.3579,Cluster,30.0,,4.73,21.05,1.66,4:06,NO,,2007,Cluster_28814.7,True,28814.67,28815.05
7920.0,40.04,0.344,,28854.07,778.6432,Girth Weld,,,,,,nan,,,2007,Girth Weld_28854.1,False,28854.07,28854.45
7930.0,40.07,0.344,,28894.11,777.7053,Girth Weld,,,,,,nan,,,2007,Girth Weld_28894.1,False,28894.11,28894.49
7940.0,39.93,0.344,,28934.19,776.7905,Girth Weld,,,,,,nan,,,2007,Girth Weld_28934.2,False,28934.19,28934.57
7950.0,40.01,0.344,,28974.12,775.8289,Girth Weld,,,,,,nan,,,2007,Girth Weld_28974.1,False,28974.12,28974.5
7960.0,40.0,0.344,,29014.13,775.5272,Girth Weld,,,,,,nan,,,2007,Girth Weld_29014.1,False,29014.13,29014.510000000002
,,0.344,-38.85,29052.98,775.465,Cluster,42.0,,5.77,42.81,1.5,3:20,NO,,2007,Cluster_29053.0,True,29052.98,29053.36
7970.0,33.36,0.344,,29054.14,775.4662,Girth Weld,,,,,,nan,,,2007,Girth Weld_29054.1,False,29054.14,29054.52
7980.0,40.01,0.344,,29087.49,775.5144,Girth Weld,,,,,,nan,,,2007,Girth Weld_29087.5,False,29087.49,29087.870000000003
7990.0,40.0,0.344,,29127.5,775.1707,Girth Weld,,,,,,nan,,,2007,Girth Weld_29127.5,False,29127.5,29127.88
,,0.344,-0.62,29128.12,775.1613,Cluster,38.0,,3.5,20.36,1.66,3:54,NO,,2007,Cluster_29128.1,True,29128.12,29128.5
,,0.344,-19.04,29146.54,774.8961,Cluster,35.0,,8.46,10.87,1.5,5:29,NO,,2007,Cluster_29146.5,True,29146.54,29146.920000000002
8000.0,39.91,0.344,,29167.5,774.6123,Girth Weld,,,,,,nan,,,2007,Girth Weld_29167.5,False,29167.5,29167.88
,,0.344,-38.99,29206.49,773.7111,Metal Loss,38.0,,2.09,9.8,1.77,7:27,NO,,2007,Metal Loss_29206.5,True,29206.49,29206.870000000003
,,0.344,-39.04,29206.54,773.7098,Metal Loss,17.0,,1.18,5.95,,3:42,NO,,2007,Metal Loss_29206.5,True,29206.54,29206.920000000002
,,0.344,-39.1,29206.61,773.708,Cluster,32.0,,4.13,10.41,1.67,5:14,YES,,2007,Cluster_29206.6,True,29206.61,29206.99
8010.0,39.98,0.344,,29207.41,773.686,Girth Weld,,,,,,nan,,,2007,Girth Weld_29207.4,False,29207.41,29207.79
,,0.344,-0.58,29207.99,773.67,Cluster,21.0,,6.46,3.65,1.7,4:48,NO,,2007,Cluster_29208.0,True,29207.99,29208.370000000003
,,0.344,-0.67,29208.08,773.6676,Cluster,11.0,,4.93,6.08,,6:29,NO,,2007,Cluster_29208.1,True,29208.08,29208.460000000003
,,0.344,-0.72,29208.13,773.6661,Metal Loss,36.0,,4.41,1.18,1.63,5:52,NO,,2007,Metal Loss_29208.1,True,29208.13,29208.510000000002
8020.0,39.98,0.344,,29247.39,772.6113,Girth Weld,,,,,,nan,,,2007,Girth Weld_29247.4,False,29247.39,29247.77
8030.0,40.07,0.344,,29287.37,771.4651,Girth Weld,,,,,,nan,,,2007,Girth Weld_29287.4,False,29287.37,29287.75
8040.0,40.14,0.344,,29327.44,770.5852,Girth Weld,,,,,,nan,,,2007,Girth Weld_29327.4,False,29327.44,29327.82
8050.0,40.1,0.344,,29367.58,769.9023,Girth Weld,,,,,,nan,,,2007,Girth Weld_29367.6,False,29367.58,29367.960000000003
8060.0,40.09,0.344,,29407.68,769.0147,Girth Weld,,,,,,nan,,,2007,Girth Weld_29407.7,False,29407.68,29408.06
,,0.344,-3.26,29410.95,768.9311,Metal Loss,13.0,,1.38,1.06,,5:40,NO,,2007,Metal Loss_29411.0,True,29410.95,29411.33
,,0.344,-7.14,29414.83,768.8315,Cluster,11.0,,4.56,6.12,,5:57,NO,,2007,Cluster_29414.8,True,29414.83,29415.210000000003
,,0.344,-9.95,29417.63,768.759,Cluster,22.0,,6.3,3.35,1.69,5:18,NO,,2007,Cluster_29417.6,True,29417.63,29418.010000000002
,,0.344,-11.84,29419.53,768.7094,Cluster,22.0,,4.18,2.91,1.75,5:17,NO,,2007,Cluster_29419.5,True,29419.53,29419.91
,,0.344,-39.22,29446.91,767.9813,Metal Loss,15.0,,0.91,1.22,,4:57,NO,,2007,Metal Loss_29446.9,True,29446.91,29447.29
,,0.344,-39.24,29446.92,767.9809,Metal Loss,42.0,,1.02,3.86,1.85,8:22,NO,,2007,Metal Loss_29446.9,True,29446.92,29447.3
8070.0,39.97,0.344,,29447.78,767.9575,Girth Weld,,,,,,nan,,,2007,Girth Weld_29447.8,False,29447.78,29448.16
,,0.344,-5.08,29452.86,767.7999,Metal Loss-Manufacturing Anomaly,15.0,,0.55,0.71,,6:28,,,2007,Metal Loss-Manufacturing Anomaly_29452.9,True,29452.86,29453.24
8080.0,40.01,0.344,,29487.75,766.287,Girth Weld,,,,,,nan,,,2007,Girth Weld_29487.8,False,29487.75,29488.13
8090.0,40.0,0.344,,29527.76,765.7541,Girth Weld,,,,,,nan,,,2007,Girth Weld_29527.8,False,29527.76,29528.14
8100.0,39.95,0.344,,29567.76,765.5291,Girth Weld,,,,,,nan,,,2007,Girth Weld_29567.8,False,29567.76,29568.14
8110.0,37.59,0.344,,29607.7,765.3463,Girth Weld,,,,,,nan,,,2007,Girth Weld_29607.7,False,29607.7,29608.08
8120.0,40.16,0.344,,29645.29,765.2116,Girth Weld,,,,,,nan,,,2007,Girth Weld_29645.3,False,29645.29,29645.670000000002
8130.0,12.29,0.5,,29685.45,764.805,Girth Weld,,,,,,nan,,"0.500""",2007,Girth Weld_29685.5,False,29685.45,29685.83
,,,,29691.51,764.7219,Bend,,,,,,nan,,5.9D - 39Â° - Sag,2007,Bend_29691.5,False,29691.51,29691.89
8140.0,40.1,0.344,,29697.75,764.6062,Girth Weld,,,,,,nan,,"0.344""",2007,Girth Weld_29697.8,False,29697.75,29698.13
8150.0,20.06,0.344,,29737.85,761.9936,Girth Weld,,,,,,nan,,,2007,Girth Weld_29737.8,False,29737.85,29738.23
8160.0,34.27,0.344,,29757.91,760.2542,Girth Weld,,,,,,nan,,,2007,Girth Weld_29757.9,False,29757.91,29758.29
8170.0,40.02,0.344,,29792.18,763.8476,Girth Weld,,,,,,nan,,,2007,Girth Weld_29792.2,False,29792.18,29792.56
8180.0,39.97,0.344,,29832.21,765.993,Girth Weld,,,,,,nan,,,2007,Girth Weld_29832.2,False,29832.21,29832.59
8190.0,40.02,0.344,,29872.18,767.5078,Girth Weld,,,,,,nan,,,2007,Girth Weld_29872.2,False,29872.18,29872.56
8200.0,39.99,0.344,,29912.2,768.46,Girth Weld,,,,,,nan,,,2007,Girth Weld_29912.2,False,29912.2,29912.58
8210.0,39.96,0.344,,29952.18,769.0493,Girth Weld,,,,,,nan,,,2007,Girth Weld_29952.2,False,29952.18,29952.56
8220.0,40.02,0.344,,29992.14,769.3607,Girth Weld,,,,,,nan,,,2007,Girth Weld_29992.1,False,29992.14,29992.52
8230.0,39.99,0.344,,30032.16,769.4106,Girth Weld,,,,,,nan,,,2007,Girth Weld_30032.2,False,30032.16,30032.54
8240.0,40.03,0.344,,30072.15,769.3687,Girth Weld,,,,,,nan,,,2007,Girth Weld_30072.2,False,30072.15,30072.530000000002
8250.0,39.81,0.344,,30112.18,769.1585,Girth Weld,,,,,,nan,,,2007,Girth Weld_30112.2,False,30112.18,30112.56
8260.0,40.01,0.344,,30151.99,768.5913,Girth Weld,,,,,,nan,,,2007,Girth Weld_30152.0,False,30151.99,30152.370000000003
8270.0,39.91,0.344,,30192.0,767.7626,Girth Weld,,,,,,nan,,,2007,Girth Weld_30192.0,False,30192.0,30192.38
8280.0,39.92,0.344,,30231.91,766.7417,Girth Weld,,,,,,nan,,,2007,Girth Weld_30231.9,False,30231.91,30232.29
,,0.344,-30.33,30262.24,765.6902,Metal Loss,10.0,,1.26,1.65,,6:20,NO,,2007,Metal Loss_30262.2,True,30262.24,30262.620000000003
,,0.344,-32.09,30264.0,765.6245,Metal Loss,10.0,,1.06,1.14,,4:47,NO,,2007,Metal Loss_30264.0,True,30264.0,30264.38
8290.0,39.78,0.344,,30271.83,765.3241,Girth Weld,,,,,,nan,,,2007,Girth Weld_30271.8,False,30271.83,30272.210000000003
8300.0,39.9,0.344,,30311.61,763.5189,Girth Weld,,,,,,nan,,,2007,Girth Weld_30311.6,False,30311.61,30311.99
8310.0,39.95,0.344,,30351.5,762.2403,Girth Weld,,,,,,nan,,,2007,Girth Weld_30351.5,False,30351.5,30351.88
8320.0,40.02,0.344,,30391.46,761.6713,Girth Weld,,,,,,nan,,,2007,Girth Weld_30391.5,False,30391.46,30391.84
8330.0,39.93,0.344,,30431.48,761.3056,Girth Weld,,,,,,nan,,,2007,Girth Weld_30431.5,False,30431.48,30431.86
8340.0,39.96,0.344,,30471.4,761.7198,Girth Weld,,,,,,nan,,,2007,Girth Weld_30471.4,False,30471.4,30471.780000000002
,,0.344,-0.56,30471.96,761.7262,Cluster,17.0,,4.76,11.46,,6:06,NO,,2007,Cluster_30472.0,True,30471.96,30472.34
8350.0,39.92,0.344,,30511.36,761.8387,Girth Weld,,,,,,nan,,,2007,Girth Weld_30511.4,False,30511.36,30511.74
8360.0,40.01,0.344,,30551.28,761.8228,Girth Weld,,,,,,nan,,,2007,Girth Weld_30551.3,False,30551.28,30551.66
,,0.344,-19.71,30570.99,761.7328,Metal Loss-Manufacturing Anomaly,19.0,,3.31,0.55,,11:29,,,2007,Metal Loss-Manufacturing Anomaly_30571.0,True,30570.99,30571.370000000003
,,0.344,-22.16,30573.44,761.7224,Metal Loss-Manufacturing Anomaly,10.0,,4.17,4.25,,11:38,,,2007,Metal Loss-Manufacturing Anomaly_30573.4,True,30573.44,30573.82
,,0.344,-22.74,30574.03,761.7199,Metal Loss-Manufacturing Anomaly,26.0,,3.66,0.71,,11:51,,,2007,Metal Loss-Manufacturing Anomaly_30574.0,True,30574.03,30574.41
,,0.344,-23.47,30574.76,761.7168,Metal Loss-Manufacturing Anomaly,10.0,,3.11,0.87,,11:36,,,2007,Metal Loss-Manufacturing Anomaly_30574.8,True,30574.76,30575.14
,,0.344,-24.82,30576.1,761.7112,Metal Loss-Manufacturing Anomaly,15.0,,3.58,7.01,,11:33,,,2007,Metal Loss-Manufacturing Anomaly_30576.1,True,30576.1,30576.48
,,0.344,-25.58,30576.86,761.7079,Metal Loss-Manufacturing Anomaly,10.0,,3.23,1.58,,11:42,,,2007,Metal Loss-Manufacturing Anomaly_30576.9,True,30576.86,30577.24
,,0.344,-26.01,30577.29,761.7061,Metal Loss-Manufacturing Anomaly,14.0,,4.02,3.74,,11:30,,,2007,Metal Loss-Manufacturing Anomaly_30577.3,True,30577.29,30577.670000000002
,,0.344,-26.71,30577.99,761.7032,Metal Loss-Manufacturing Anomaly,10.0,,4.13,8.66,,11:20,,,2007,Metal Loss-Manufacturing Anomaly_30578.0,True,30577.99,30578.370000000003
,,0.344,-27.33,30578.61,761.7006,Metal Loss-Manufacturing Anomaly,28.0,,3.94,6.38,,11:28,,,2007,Metal Loss-Manufacturing Anomaly_30578.6,True,30578.61,30578.99
8370.0,39.97,0.344,,30591.29,761.6502,Girth Weld,,,,,,nan,,,2007,Girth Weld_30591.3,False,30591.29,30591.670000000002
8380.0,39.97,0.344,,30631.25,761.5275,Girth Weld,,,,,,nan,,,2007,Girth Weld_30631.2,False,30631.25,30631.63
8390.0,39.93,0.344,,30671.23,761.3539,Girth Weld,,,,,,nan,,,2007,Girth Weld_30671.2,False,30671.23,30671.61
,,0.344,-5.65,30676.87,761.3112,Metal Loss-Manufacturing Anomaly,17.0,,3.03,0.55,,6:24,,,2007,Metal Loss-Manufacturing Anomaly_30676.9,True,30676.87,30677.25
,,0.344,-5.65,30676.88,761.3111,Metal Loss-Manufacturing Anomaly,13.0,,2.79,0.63,,6:34,,,2007,Metal Loss-Manufacturing Anomaly_30676.9,True,30676.88,30677.260000000002
8400.0,28.81,0.344,,30711.15,761.0021,Girth Weld,,,,,,nan,,,2007,Girth Weld_30711.2,False,30711.15,30711.530000000002
8410.0,35.39,0.344,,30739.96,760.7137,Girth Weld,,,,,,nan,,,2007,Girth Weld_30740.0,False,30739.96,30740.34
8420.0,36.59,0.344,,30775.35,760.5204,Girth Weld,,,,,,nan,,,2007,Girth Weld_30775.3,False,30775.35,30775.73
8430.0,39.98,0.344,,30811.94,760.4891,Girth Weld,,,,,,nan,,,2007,Girth Weld_30811.9,False,30811.94,30812.32
8440.0,10.94,0.5,,30851.92,760.7601,Girth Weld,,,,,,nan,,"0.500""",2007,Girth Weld_30851.9,False,30851.92,30852.3
,,,,30857.47,760.8025,Bend,,,,,,nan,,6.2D - 29Â° - Left,2007,Bend_30857.5,False,30857.47,30857.850000000002
8450.0,21.51,0.344,,30862.86,760.8388,Girth Weld,,,,,,nan,,"0.344""",2007,Girth Weld_30862.9,False,30862.86,30863.24
8460.0,39.99,0.344,,30884.37,760.9289,Girth Weld,,,,,,nan,,,2007,Girth Weld_30884.4,False,30884.37,30884.75
8470.0,10.35,0.5,,30924.36,760.828,Girth Weld,,,,,,nan,,"0.500""",2007,Girth Weld_30924.4,False,30924.36,30924.74
,,,,30929.58,760.7593,Bend,,,,,,nan,,5.7D - 29Â° - Right,2007,Bend_30929.6,False,30929.58,30929.960000000003
8480.0,33.68,0.344,,30934.71,760.6891,Girth Weld,,,,,,nan,,"0.344""",2007,Girth Weld_30934.7,False,30934.71,30935.09
8490.0,39.99,0.344,,30968.4,760.2341,Girth Weld,,,,,,nan,,,2007,Girth Weld_30968.4,False,30968.4,30968.780000000002
8500.0,39.9,0.344,,31008.39,759.4888,Girth Weld,,,,,,nan,,,2007,Girth Weld_31008.4,False,31008.39,31008.77
,,0.344,-5.28,31013.67,759.3892,Metal Loss-Manufacturing Anomaly,15.0,,0.47,0.71,,4:16,,,2007,Metal Loss-Manufacturing Anomaly_31013.7,True,31013.67,31014.05
8510.0,40.0,0.344,,31048.29,758.8495,Girth Weld,,,,,,nan,,,2007,Girth Weld_31048.3,False,31048.29,31048.670000000002
8520.0,40.01,0.344,,31088.29,758.4124,Girth Weld,,,,,,nan,,,2007,Girth Weld_31088.3,False,31088.29,31088.670000000002
8530.0,39.89,0.344,,31128.31,758.1301,Girth Weld,,,,,,nan,,,2007,Girth Weld_31128.3,False,31128.31,31128.690000000002
8540.0,39.85,0.344,,31168.2,757.8686,Girth Weld,,,,,,nan,,,2007,Girth Weld_31168.2,False,31168.2,31168.58
8550.0,39.92,0.344,,31208.05,758.4418,Girth Weld,,,,,,nan,,,2007,Girth Weld_31208.0,False,31208.05,31208.43
8560.0,39.94,0.344,,31247.97,759.3994,Girth Weld,,,,,,nan,,,2007,Girth Weld_31248.0,False,31247.97,31248.350000000002
8570.0,35.4,0.344,,31287.91,760.0025,Girth Weld,,,,,,nan,,,2007,Girth Weld_31287.9,False,31287.91,31288.29
8580.0,39.95,0.344,,31323.31,760.143,Girth Weld,,,,,,nan,,,2007,Girth Weld_31323.3,False,31323.31,31323.690000000002
8590.0,39.98,0.344,,31363.26,760.4535,Girth Weld,,,,,,nan,,,2007,Girth Weld_31363.3,False,31363.26,31363.64
8600.0,39.96,0.344,,31403.24,760.8045,Girth Weld,,,,,,nan,,,2007,Girth Weld_31403.2,False,31403.24,31403.620000000003
8610.0,39.97,0.344,,31443.2,760.4857,Girth Weld,,,,,,nan,,,2007,Girth Weld_31443.2,False,31443.2,31443.58
8620.0,9.67,0.344,,31483.17,760.0575,Girth Weld,,,,,,nan,,,2007,Girth Weld_31483.2,False,31483.17,31483.55
8630.0,9.46,0.5,,31492.84,759.9664,Girth Weld,,,,,,nan,,"0.500""",2007,Girth Weld_31492.8,False,31492.84,31493.22
,,,,31497.61,759.9764,Bend,,,,,,nan,,6.2D - 22Â° - Left,2007,Bend_31497.6,False,31497.61,31497.99
8640.0,6.14,0.344,,31502.29,759.9959,Girth Weld,,,,,,nan,,"0.344""",2007,Girth Weld_31502.3,False,31502.29,31502.670000000002
8650.0,40.07,0.344,,31508.43,760.0238,Girth Weld,,,,,,nan,,,2007,Girth Weld_31508.4,False,31508.43,31508.81
,,0.344,-0.68,31509.12,760.0275,Cluster,31.0,,6.41,31.02,1.6,2:17,NO,,2007,Cluster_31509.1,True,31509.12,31509.5
,,0.344,-0.79,31509.22,760.0281,Cluster,14.0,,3.59,14.6,,10:05,NO,,2007,Cluster_31509.2,True,31509.22,31509.600000000002
,,,,31547.58,760.2166,Above Ground Marker,,,,,,nan,,AGM 6,2007,Above Ground Marker_31547.6,False,31547.58,31547.960000000003
8660.0,15.91,0.344,,31548.5,760.2197,Girth Weld,,,,,,nan,,,2007,Girth Weld_31548.5,False,31548.5,31548.88
,,0.344,-0.7,31549.2,760.2205,Cluster,28.0,,5.63,6.43,1.65,2:54,NO,,2007,Cluster_31549.2,True,31549.2,31549.58
,,0.344,-0.7,31549.2,760.2205,Cluster,12.0,,4.92,4.34,,5:24,NO,,2007,Cluster_31549.2,True,31549.2,31549.58
,,0.344,-2.56,31551.06,760.2221,Cluster,11.0,,6.3,7.92,,11:30,NO,,2007,Cluster_31551.1,True,31551.06,31551.440000000002
8670.0,9.74,0.5,,31564.41,760.1928,Girth Weld,,,,,,nan,,"0.500""",2007,Girth Weld_31564.4,False,31564.41,31564.79
,,,,31569.39,760.0463,Bend,,,,,,nan,,6.1D - 25Â° - Right,2007,Bend_31569.4,False,31569.39,31569.77
8680.0,10.89,0.344,,31574.15,759.8862,Girth Weld,,,,,,nan,,"0.344""",2007,Girth Weld_31574.2,False,31574.15,31574.530000000002
,,0.344,-0.77,31574.91,759.8604,Cluster,52.0,,4.91,8.27,1.43,6:22,NO,,2007,Cluster_31574.9,True,31574.91,31575.29
,,0.344,-0.8,31574.95,759.8592,Cluster,10.0,,3.01,5.43,,3:58,NO,,2007,Cluster_31575.0,True,31574.95,31575.33
,,0.344,-0.81,31574.96,759.8589,Metal Loss,24.0,,4.13,2.28,1.74,5:29,NO,,2007,Metal Loss_31575.0,True,31574.96,31575.34
,,0.344,-9.33,31583.48,759.5674,Metal Loss,19.0,,1.42,1.77,,6:28,NO,,2007,Metal Loss_31583.5,True,31583.48,31583.86
8690.0,21.15,0.344,,31585.04,759.5139,Girth Weld,,,,,,nan,,,2007,Girth Weld_31585.0,False,31585.04,31585.420000000002
,,0.344,-1.53,31586.57,759.4611,Metal Loss,16.0,,1.3,3.62,,5:46,NO,,2007,Metal Loss_31586.6,True,31586.57,31586.95
8700.0,39.96,0.344,,31606.19,758.77,Girth Weld,,,,,,nan,,,2007,Girth Weld_31606.2,False,31606.19,31606.57
8710.0,10.61,0.344,,31646.15,757.8239,Girth Weld,,,,,,nan,,,2007,Girth Weld_31646.2,False,31646.15,31646.530000000002
8720.0,24.87,0.344,,31656.76,757.9887,Girth Weld,,,,,,nan,,,2007,Girth Weld_31656.8,False,31656.76,31657.14
8730.0,10.56,0.344,,31681.63,758.3551,Girth Weld,,,,,,nan,,,2007,Girth Weld_31681.6,False,31681.63,31682.010000000002
8740.0,39.95,0.344,,31692.19,758.5107,Girth Weld,,,,,,nan,,,2007,Girth Weld_31692.2,False,31692.19,31692.57
8750.0,8.64,0.344,,31732.15,759.0143,Girth Weld,,,,,,nan,,,2007,Girth Weld_31732.2,False,31732.15,31732.530000000002
8760.0,40.01,0.344,,31740.78,759.0858,Girth Weld,,,,,,nan,,,2007,Girth Weld_31740.8,False,31740.78,31741.16
8770.0,38.02,0.344,,31780.8,759.2732,Girth Weld,,,,,,nan,,,2007,Girth Weld_31780.8,False,31780.8,31781.18
8780.0,14.08,0.344,,31818.81,759.3188,Girth Weld,,,,,,nan,,,2007,Girth Weld_31818.8,False,31818.81,31819.190000000002
8790.0,40.0,0.344,,31832.89,759.3206,Girth Weld,,,,,,nan,,,2007,Girth Weld_31832.9,False,31832.89,31833.27
8800.0,11.72,0.344,,31872.88,759.0155,Girth Weld,,,,,,nan,,,2007,Girth Weld_31872.9,False,31872.88,31873.260000000002
8810.0,40.01,0.344,,31884.6,758.4377,Girth Weld,,,,,,nan,,,2007,Girth Weld_31884.6,False,31884.6,31884.98
8820.0,16.79,0.344,,31924.61,756.4331,Girth Weld,,,,,,nan,,,2007,Girth Weld_31924.6,False,31924.61,31924.99
8830.0,40.04,0.344,,31941.4,755.9575,Girth Weld,,,,,,nan,,,2007,Girth Weld_31941.4,False,31941.4,31941.780000000002
,,0.344,-39.04,31980.44,754.9454,Cluster,13.0,,3.34,16.86,,4:26,NO,,2007,Cluster_31980.4,True,31980.44,31980.82
8840.0,39.94,0.344,,31981.44,754.9188,Girth Weld,,,,,,nan,,,2007,Girth Weld_31981.4,False,31981.44,31981.82
8850.0,12.19,0.344,,32021.38,753.847,Girth Weld,,,,,,nan,,,2007,Girth Weld_32021.4,False,32021.38,32021.760000000002
8860.0,39.99,0.344,,32033.57,753.2885,Girth Weld,,,,,,nan,,,2007,Girth Weld_32033.6,False,32033.57,32033.95
8870.0,6.28,0.344,,32073.56,749.8581,Girth Weld,,,,,,nan,,,2007,Girth Weld_32073.6,False,32073.56,32073.940000000002
8880.0,39.99,0.344,,32079.84,749.0478,Girth Weld,,,,,,nan,,,2007,Girth Weld_32079.8,False,32079.84,32080.22
8890.0,40.1,0.344,,32119.82,743.7245,Girth Weld,,,,,,nan,,,2007,Girth Weld_32119.8,False,32119.82,32120.2
8900.0,19.37,0.344,,32159.93,738.7704,Girth Weld,,,,,,nan,,,2007,Girth Weld_32159.9,False,32159.93,32160.31
8910.0,39.67,0.344,,32179.29,736.6895,Girth Weld,,,,,,nan,,,2007,Girth Weld_32179.3,False,32179.29,32179.670000000002
8920.0,39.93,0.344,,32218.96,733.255,Girth Weld,,,,,,nan,,,2007,Girth Weld_32219.0,False,32218.96,32219.34
8930.0,14.72,0.344,,32258.9,730.4973,Girth Weld,,,,,,nan,,,2007,Girth Weld_32258.9,False,32258.9,32259.280000000002
8940.0,31.92,0.344,,32273.61,729.1622,Girth Weld,,,,,,nan,,,2007,Girth Weld_32273.6,False,32273.61,32273.99
8950.0,11.62,0.5,,32305.53,725.357,Girth Weld,,,,,,nan,,"0.500""",2007,Girth Weld_32305.5,False,32305.53,32305.91
,,,,32311.21,724.6597,Bend,,,,,,nan,,6.1D - 33Â° - Sag,2007,Bend_32311.2,False,32311.21,32311.59
8960.0,33.78,0.344,,32317.15,723.9291,Girth Weld,,,,,,nan,,"0.344""",2007,Girth Weld_32317.2,False,32317.15,32317.530000000002
8970.0,10.56,0.5,,32350.93,719.8251,Girth Weld,,,,,,nan,,"0.500""",2007,Girth Weld_32350.9,False,32350.93,32351.31
,,,,32356.11,719.2095,Bend,,,,,,nan,,6.1D - 27Â° - Left,2007,Bend_32356.1,False,32356.11,32356.49
8980.0,10.45,0.344,,32361.49,718.5709,Girth Weld,,,,,,nan,,"0.344""",2007,Girth Weld_32361.5,False,32361.49,32361.870000000003
8990.0,39.89,0.344,,32371.94,717.278,Girth Weld,,,,,,nan,,,2007,Girth Weld_32371.9,False,32371.94,32372.32
9000.0,10.31,0.5,,32411.84,718.4058,Girth Weld,,,,,,nan,,"0.500""",2007,Girth Weld_32411.8,False,32411.84,32412.22
,,,,32416.75,718.7556,Bend,,,,,,nan,,6.1D - 27Â° - Sag,2007,Bend_32416.8,False,32416.75,32417.13
9010.0,22.99,0.344,,32422.15,719.1366,Girth Weld,,,,,,nan,,"0.344""",2007,Girth Weld_32422.2,False,32422.15,32422.530000000002
9020.0,39.96,0.344,,32445.14,720.0183,Girth Weld,,,,,,nan,,,2007,Girth Weld_32445.1,False,32445.14,32445.52
9030.0,29.35,0.344,,32485.09,721.0692,Girth Weld,,,,,,nan,,,2007,Girth Weld_32485.1,False,32485.09,32485.47
,,0.344,-28.99,32514.08,725.6285,Cluster,16.0,,4.18,2.2,,11:34,NO,,2007,Cluster_32514.1,True,32514.08,32514.460000000003
9040.0,39.73,0.344,,32514.44,725.6928,Girth Weld,,,,,,nan,,,2007,Girth Weld_32514.4,False,32514.44,32514.82
9050.0,39.92,0.344,,32554.17,732.6616,Girth Weld,,,,,,nan,,,2007,Girth Weld_32554.2,False,32554.17,32554.55
9060.0,39.99,0.344,,32594.09,739.231,Girth Weld,,,,,,nan,,,2007,Girth Weld_32594.1,False,32594.09,32594.47
,,0.344,-0.77,32594.86,739.352,Cluster,28.0,,1.45,3.58,1.84,6:40,NO,,2007,Cluster_32594.9,True,32594.86,32595.24
,,0.344,-0.82,32594.9,739.3589,Metal Loss,10.0,,0.94,1.34,,4:25,NO,,2007,Metal Loss_32594.9,True,32594.9,32595.280000000002
9070.0,7.98,0.344,,32634.07,744.9207,Girth Weld,,,,,,nan,,,2007,Girth Weld_32634.1,False,32634.07,32634.45
9080.0,8.86,0.5,,32642.05,745.991,Girth Weld,,,,,,nan,,"0.500""",2007,Girth Weld_32642.0,False,32642.05,32642.43
,,,,32646.53,746.5768,Bend,,,,,,nan,,5.5D - 23Â° - Over,2007,Bend_32646.5,False,32646.53,32646.91
9090.0,38.8,0.344,,32650.92,747.1236,Girth Weld,,,,,,nan,,"0.344""",2007,Girth Weld_32650.9,False,32650.92,32651.3
9100.0,40.04,0.344,,32689.71,751.8671,Girth Weld,,,,,,nan,,,2007,Girth Weld_32689.7,False,32689.71,32690.09
9110.0,39.96,0.344,,32729.75,755.3506,Girth Weld,,,,,,nan,,,2007,Girth Weld_32729.8,False,32729.75,32730.13
9120.0,32.07,0.344,,32769.71,754.6787,Girth Weld,,,,,,nan,,,2007,Girth Weld_32769.7,False,32769.71,32770.09
9130.0,30.45,0.344,,32801.78,753.2472,Girth Weld,,,,,,nan,,,2007,Girth Weld_32801.8,False,32801.78,32802.159999999996
9140.0,39.9,0.344,,32832.23,752.2754,Girth Weld,,,,,,nan,,,2007,Girth Weld_32832.2,False,32832.23,32832.61
9150.0,39.97,0.344,,32872.13,751.0648,Girth Weld,,,,,,nan,,,2007,Girth Weld_32872.1,False,32872.13,32872.509999999995
9160.0,39.93,0.344,,32912.1,749.9425,Girth Weld,,,,,,nan,,,2007,Girth Weld_32912.1,False,32912.1,32912.479999999996
,,0.344,-13.11,32925.21,749.6401,Cluster,31.0,,21.61,16.78,1.46,7:20,NO,,2007,Cluster_32925.2,True,32925.21,32925.59
,,0.344,-13.89,32925.99,749.6223,Cluster,21.0,,4.21,2.89,1.75,6:17,NO,,2007,Cluster_32926.0,True,32925.99,32926.369999999995
,,0.344,-15.03,32927.13,749.5958,Metal Loss,19.0,,1.46,0.75,,6:53,NO,,2007,Metal Loss_32927.1,True,32927.13,32927.509999999995
,,0.344,-16.2,32928.3,749.5687,Cluster,14.0,,2.57,5.09,,7:17,NO,,2007,Cluster_32928.3,True,32928.3,32928.68
9170.0,40.04,0.344,,32952.03,749.0423,Girth Weld,,,,,,nan,,,2007,Girth Weld_32952.0,False,32952.03,32952.409999999996
,,0.344,-0.74,32952.77,749.0267,Cluster,10.0,,2.57,2.49,,7:12,NO,,2007,Cluster_32952.8,True,32952.77,32953.149999999994
9180.0,40.02,0.344,,32992.07,748.4491,Girth Weld,,,,,,nan,,,2007,Girth Weld_32992.1,False,32992.07,32992.45
,,0.344,-39.04,33031.11,747.9919,Cluster,10.0,,2.95,5.63,,7:25,NO,,2007,Cluster_33031.1,True,33031.11,33031.49
,,0.344,-39.07,33031.14,747.9916,Cluster,15.0,,1.87,10.12,,4:42,NO,,2007,Cluster_33031.1,True,33031.14,33031.52
9190.0,40.03,0.344,,33032.09,747.9796,Girth Weld,,,,,,nan,,,2007,Girth Weld_33032.1,False,33032.09,33032.469999999994
,,0.344,-0.79,33032.88,747.9696,Cluster,10.0,,0.88,2.51,,3:34,NO,,2007,Cluster_33032.9,True,33032.88,33033.259999999995
9200.0,40.0,0.344,,33072.12,747.5064,Girth Weld,,,,,,nan,,,2007,Girth Weld_33072.1,False,33072.12,33072.5
9210.0,40.0,0.344,,33112.12,747.1487,Girth Weld,,,,,,nan,,,2007,Girth Weld_33112.1,False,33112.12,33112.5
,,0.344,-0.79,33112.92,747.1422,Cluster,12.0,,2.48,4.75,,4:02,NO,,2007,Cluster_33112.9,True,33112.92,33113.299999999996
9220.0,40.02,0.344,,33152.12,746.9137,Girth Weld,,,,,,nan,,,2007,Girth Weld_33152.1,False,33152.12,33152.5
,,0.344,-38.72,33190.85,746.5087,Metal Loss,11.0,,3.66,7.36,,7:24,NO,,2007,Metal Loss_33190.8,True,33190.85,33191.229999999996
9230.0,40.02,0.344,,33192.15,746.4878,Girth Weld,,,,,,nan,,,2007,Girth Weld_33192.2,False,33192.15,33192.53
9240.0,40.01,0.344,,33232.17,745.803,Girth Weld,,,,,,nan,,,2007,Girth Weld_33232.2,False,33232.17,33232.549999999996
9250.0,40.01,0.344,,33272.18,745.1524,Girth Weld,,,,,,nan,,,2007,Girth Weld_33272.2,False,33272.18,33272.56
,,0.344,-32.28,33304.46,744.7818,Cluster,28.0,,4.36,6.72,1.7,11:47,NO,,2007,Cluster_33304.5,True,33304.46,33304.84
,,0.344,-32.8,33304.98,744.7765,Cluster,11.0,,3.67,5.55,,11:35,NO,,2007,Cluster_33305.0,True,33304.98,33305.36
9260.0,39.39,0.344,,33312.19,744.7073,Girth Weld,,,,,,nan,,,2007,Girth Weld_33312.2,False,33312.19,33312.57
9270.0,40.0,0.344,,33351.58,744.384,Girth Weld,,,,,,nan,,,2007,Girth Weld_33351.6,False,33351.58,33351.96
,,0.344,-23.38,33374.95,744.1882,Cluster,23.0,,3.55,1.91,1.76,6:10,NO,,2007,Cluster_33374.9,True,33374.95,33375.329999999994
,,0.344,-29.78,33381.36,744.1271,Cluster,31.0,,1.76,1.32,1.82,5:32,NO,,2007,Cluster_33381.4,True,33381.36,33381.74
,,0.344,-30.26,33381.84,744.1223,Cluster,29.0,,4.33,4.63,1.69,5:24,NO,,2007,Cluster_33381.8,True,33381.84,33382.219999999994
,,0.344,-31.6,33383.18,744.1089,Cluster,13.0,,4.98,1.64,,5:52,NO,,2007,Cluster_33383.2,True,33383.18,33383.56
,,0.344,-38.71,33390.29,744.034,Cluster,20.0,,6.35,4.38,1.71,5:33,NO,,2007,Cluster_33390.3,True,33390.29,33390.67
9280.0,40.06,0.344,,33391.58,744.0176,Girth Weld,,,,,,nan,,,2007,Girth Weld_33391.6,False,33391.58,33391.96
,,0.344,-14.08,33405.66,743.7271,Metal Loss,15.0,,2.05,1.5,,4:30,NO,,2007,Metal Loss_33405.7,True,33405.66,33406.04
,,0.344,-14.38,33405.96,743.7201,Metal Loss,10.0,,1.69,1.58,,4:20,NO,,2007,Metal Loss_33406.0,True,33405.96,33406.34
,,0.344,-39.13,33430.71,743.1343,Cluster,21.0,,2.27,10.7,1.83,7:48,NO,,2007,Cluster_33430.7,True,33430.71,33431.09
9290.0,40.01,0.344,,33431.63,743.113,Girth Weld,,,,,,nan,,,2007,Girth Weld_33431.6,False,33431.63,33432.009999999995
9300.0,40.0,0.344,,33471.65,742.3539,Girth Weld,,,,,,nan,,,2007,Girth Weld_33471.7,False,33471.65,33472.03
,,0.344,-8.19,33479.84,742.2173,Metal Loss,13.0,,0.75,0.63,,11:34,NO,,2007,Metal Loss_33479.8,True,33479.84,33480.219999999994
,,0.344,-8.58,33480.23,742.2106,Cluster,26.0,,3.61,3.29,1.74,12:28,NO,,2007,Cluster_33480.2,True,33480.23,33480.61
,,0.344,-8.7,33480.35,742.2086,Cluster,13.0,,3.37,2.1,,11:17,NO,,2007,Cluster_33480.3,True,33480.35,33480.729999999996
,,0.344,-9.4,33481.04,742.1967,Metal Loss,15.0,,0.79,0.71,,10:56,NO,,2007,Metal Loss_33481.0,True,33481.04,33481.42
9310.0,39.97,0.344,,33511.65,742.0713,Girth Weld,,,,,,nan,,,2007,Girth Weld_33511.7,False,33511.65,33512.03
,,0.344,-0.65,33512.3,742.0768,Cluster,33.0,,4.28,21.68,1.66,5:03,NO,,2007,Cluster_33512.3,True,33512.3,33512.68
9320.0,39.92,0.344,,33551.63,742.5337,Girth Weld,,,,,,nan,,,2007,Girth Weld_33551.6,False,33551.63,33552.009999999995
9330.0,39.92,0.344,,33591.55,742.8563,Girth Weld,,,,,,nan,,,2007,Girth Weld_33591.6,False,33591.55,33591.93
,,0.344,-0.74,33592.28,742.8578,Cluster,25.0,,4.87,17.39,1.7,4:46,NO,,2007,Cluster_33592.3,True,33592.28,33592.659999999996
9340.0,39.91,0.344,,33631.47,742.7312,Girth Weld,,,,,,nan,,,2007,Girth Weld_33631.5,False,33631.47,33631.85
,,0.344,-7.35,33638.82,742.6487,Metal Loss,10.0,,2.99,0.67,,2:35,NO,,2007,Metal Loss_33638.8,True,33638.82,33639.2
,,0.344,-38.93,33670.4,742.2473,Cluster,10.0,,2.71,8.94,,6:53,NO,,2007,Cluster_33670.4,True,33670.4,33670.78
9350.0,39.99,0.344,,33671.38,742.2349,Girth Weld,,,,,,nan,,,2007,Girth Weld_33671.4,False,33671.38,33671.759999999995
9360.0,40.18,0.344,,33711.37,741.5692,Girth Weld,,,,,,nan,,,2007,Girth Weld_33711.4,False,33711.37,33711.75
,,0.344,-39.28,33750.65,740.3107,Cluster,34.0,,0.94,5.43,1.86,7:58,YES,,2007,Cluster_33750.7,True,33750.65,33751.03
9370.0,24.73,0.344,,33751.55,740.2717,Girth Weld,,,,,,nan,,,2007,Girth Weld_33751.6,False,33751.55,33751.93
,,0.344,-1.96,33753.51,740.186,Metal Loss,13.0,,1.06,1.1,,12:25,NO,,2007,Metal Loss_33753.5,True,33753.51,33753.89
9380.0,40.05,0.344,,33776.28,739.1762,Girth Weld,,,,,,nan,,,2007,Girth Weld_33776.3,False,33776.28,33776.659999999996
9390.0,39.99,0.344,,33816.33,737.7478,Girth Weld,,,,,,nan,,,2007,Girth Weld_33816.3,False,33816.33,33816.71
,,0.344,-0.78,33817.11,737.7441,Metal Loss,36.0,,0.91,8.35,1.86,12:26,NO,,2007,Metal Loss_33817.1,True,33817.11,33817.49
,,0.344,-36.73,33853.06,738.0195,Metal Loss,10.0,,1.1,1.18,,11:57,NO,,2007,Metal Loss_33853.1,True,33853.06,33853.439999999995
,,0.344,-37.04,33853.37,738.0185,Metal Loss,12.0,,0.71,0.71,,12:04,NO,,2007,Metal Loss_33853.4,True,33853.37,33853.75
9400.0,39.98,0.344,,33856.32,738.0082,Girth Weld,,,,,,nan,,,2007,Girth Weld_33856.3,False,33856.32,33856.7
,,0.344,-39.1,33895.42,737.4701,Metal Loss,16.0,,0.71,1.53,,11:00,NO,,2007,Metal Loss_33895.4,True,33895.42,33895.799999999996
9410.0,40.01,0.344,,33896.3,737.4563,Girth Weld,,,,,,nan,,,2007,Girth Weld_33896.3,False,33896.3,33896.68
9420.0,40.04,0.344,,33936.31,736.9518,Girth Weld,,,,,,nan,,,2007,Girth Weld_33936.3,False,33936.31,33936.689999999995
,,0.344,-12.79,33949.1,736.746,Metal Loss,13.0,,2.84,2.36,,4:01,NO,,2007,Metal Loss_33949.1,True,33949.1,33949.479999999996
,,0.344,-38.98,33975.28,736.1627,Metal Loss,18.0,,3.7,0.87,,9:10,NO,,2007,Metal Loss_33975.3,True,33975.28,33975.659999999996
,,0.344,-39.02,33975.32,736.1619,Cluster,10.0,,2.64,8.5,,7:27,NO,,2007,Cluster_33975.3,True,33975.32,33975.7
,,0.344,-39.08,33975.39,736.1604,Cluster,16.0,,2.63,7.23,,9:43,NO,,2007,Cluster_33975.4,True,33975.39,33975.77
9430.0,40.04,0.344,,33976.35,736.1386,Girth Weld,,,,,,nan,,,2007,Girth Weld_33976.3,False,33976.35,33976.729999999996
9440.0,40.06,0.344,,34016.39,735.2001,Girth Weld,,,,,,nan,,,2007,Girth Weld_34016.4,False,34016.39,34016.77
,,0.344,-8.15,34024.54,735.0509,Cluster,18.0,,4.12,3.94,,6:25,YES,,2007,Cluster_34024.5,True,34024.54,34024.92
,,0.344,-8.66,34025.04,735.0451,Cluster,25.0,,2.81,3.37,1.79,6:19,YES,,2007,Cluster_34025.0,True,34025.04,34025.42
,,0.344,-39.18,34055.57,734.6328,Metal Loss,21.0,,1.38,4.41,1.86,10:28,NO,,2007,Metal Loss_34055.6,True,34055.57,34055.95
9450.0,39.96,0.344,,34056.45,734.6189,Girth Weld,,,,,,nan,,,2007,Girth Weld_34056.4,False,34056.45,34056.829999999994
,,0.344,-0.77,34057.22,734.6066,Metal Loss,11.0,,0.71,0.67,,10:43,NO,,2007,Metal Loss_34057.2,True,34057.22,34057.6
9460.0,39.99,0.344,,34096.41,733.9837,Girth Weld,,,,,,nan,,,2007,Girth Weld_34096.4,False,34096.41,34096.79
9470.0,39.99,0.344,,34136.4,733.6135,Girth Weld,,,,,,nan,,,2007,Girth Weld_34136.4,False,34136.4,34136.78
,,0.344,-0.71,34137.11,733.6085,Cluster,22.0,,2.92,11.5,1.8,6:35,NO,,2007,Cluster_34137.1,True,34137.11,34137.49
,,0.344,-0.72,34137.13,733.6084,Cluster,19.0,,2.6,14.89,,3:40,NO,,2007,Cluster_34137.1,True,34137.13,34137.509999999995
,,0.344,-0.75,34137.15,733.6083,Metal Loss,14.0,,2.72,3.5,,2:39,NO,,2007,Metal Loss_34137.2,True,34137.15,34137.53
9480.0,40.02,0.344,,34176.39,733.2408,Girth Weld,,,,,,nan,,,2007,Girth Weld_34176.4,False,34176.39,34176.77
9490.0,40.04,0.344,,34216.41,732.9966,Girth Weld,,,,,,nan,,,2007,Girth Weld_34216.4,False,34216.41,34216.79
9500.0,39.98,0.344,,34256.46,732.9048,Girth Weld,,,,,,nan,,,2007,Girth Weld_34256.5,False,34256.46,34256.84
9510.0,32.25,0.344,,34296.44,732.7178,Girth Weld,,,,,,nan,,,2007,Girth Weld_34296.4,False,34296.44,34296.82
9520.0,39.97,0.344,,34328.69,732.6016,Girth Weld,,,,,,nan,,,2007,Girth Weld_34328.7,False,34328.69,34329.07
9530.0,40.05,0.344,,34368.66,732.4637,Girth Weld,,,,,,nan,,,2007,Girth Weld_34368.7,False,34368.66,34369.04
9540.0,40.02,0.344,,34408.71,732.3813,Girth Weld,,,,,,nan,,,2007,Girth Weld_34408.7,False,34408.71,34409.09
9550.0,29.86,0.344,,34448.73,732.0064,Girth Weld,,,,,,nan,,,2007,Girth Weld_34448.7,False,34448.73,34449.11
9560.0,40.03,0.344,,34478.59,731.604,Girth Weld,,,,,,nan,,,2007,Girth Weld_34478.6,False,34478.59,34478.969999999994
9570.0,40.0,0.344,,34518.63,731.0682,Girth Weld,,,,,,nan,,,2007,Girth Weld_34518.6,False,34518.63,34519.009999999995
9580.0,39.67,0.344,,34558.63,730.0964,Girth Weld,,,,,,nan,,,2007,Girth Weld_34558.6,False,34558.63,34559.009999999995
9590.0,40.0,0.344,,34598.3,728.9865,Girth Weld,,,,,,nan,,,2007,Girth Weld_34598.3,False,34598.3,34598.68
9600.0,40.11,0.344,,34638.3,727.7996,Girth Weld,,,,,,nan,,,2007,Girth Weld_34638.3,False,34638.3,34638.68
9610.0,40.08,0.344,,34678.41,726.2975,Girth Weld,,,,,,nan,,,2007,Girth Weld_34678.4,False,34678.41,34678.79
9620.0,39.99,0.344,,34718.49,725.7654,Girth Weld,,,,,,nan,,,2007,Girth Weld_34718.5,False,34718.49,34718.869999999995
9630.0,40.02,0.344,,34758.48,725.8369,Girth Weld,,,,,,nan,,,2007,Girth Weld_34758.5,False,34758.48,34758.86
9640.0,39.99,0.344,,34798.51,725.0863,Girth Weld,,,,,,nan,,,2007,Girth Weld_34798.5,False,34798.51,34798.89
9650.0,40.05,0.344,,34838.5,723.6533,Girth Weld,,,,,,nan,,,2007,Girth Weld_34838.5,False,34838.5,34838.88
,,0.344,-21.29,34859.79,722.8022,Metal Loss-Manufacturing Anomaly,15.0,,0.59,0.87,,6:58,,,2007,Metal Loss-Manufacturing Anomaly_34859.8,True,34859.79,34860.17
,,0.344,-22.81,34861.31,722.7324,Metal Loss-Manufacturing Anomaly,17.0,,0.71,0.71,,10:50,,,2007,Metal Loss-Manufacturing Anomaly_34861.3,True,34861.31,34861.689999999995
9660.0,39.93,0.344,,34878.54,721.9392,Girth Weld,,,,,,nan,,,2007,Girth Weld_34878.5,False,34878.54,34878.92
9670.0,39.9,0.344,,34918.47,720.0809,Girth Weld,,,,,,nan,,,2007,Girth Weld_34918.5,False,34918.47,34918.85
,,0.344,-0.8,34919.27,720.0421,Cluster,10.0,,0.61,3.27,,11:18,NO,,2007,Cluster_34919.3,True,34919.27,34919.649999999994
9680.0,39.91,0.344,,34958.37,717.7238,Girth Weld,,,,,,nan,,,2007,Girth Weld_34958.4,False,34958.37,34958.75
9690.0,27.34,0.344,,34998.28,715.1638,Girth Weld,,,,,,nan,,,2007,Girth Weld_34998.3,False,34998.28,34998.659999999996
9700.0,40.02,0.344,,35025.61,714.0702,Girth Weld,,,,,,nan,,,2007,Girth Weld_35025.6,False,35025.61,35025.99
9710.0,40.03,0.344,,35065.64,713.85,Girth Weld,,,,,,nan,,,2007,Girth Weld_35065.6,False,35065.64,35066.02
9720.0,39.97,0.344,,35105.67,715.7535,Girth Weld,,,,,,nan,,,2007,Girth Weld_35105.7,False,35105.67,35106.049999999996
9730.0,39.97,0.344,,35145.64,717.7015,Girth Weld,,,,,,nan,,,2007,Girth Weld_35145.6,False,35145.64,35146.02
9740.0,40.08,0.344,,35185.61,718.725,Girth Weld,,,,,,nan,,,2007,Girth Weld_35185.6,False,35185.61,35185.99
9750.0,39.85,0.344,,35225.69,719.4094,Girth Weld,,,,,,nan,,,2007,Girth Weld_35225.7,False,35225.69,35226.07
9760.0,40.05,0.344,,35265.54,720.1696,Girth Weld,,,,,,nan,,,2007,Girth Weld_35265.5,False,35265.54,35265.92
9770.0,40.01,0.344,,35305.6,720.8291,Girth Weld,,,,,,nan,,,2007,Girth Weld_35305.6,False,35305.6,35305.979999999996
9780.0,40.0,0.344,,35345.61,721.0957,Girth Weld,,,,,,nan,,,2007,Girth Weld_35345.6,False,35345.61,35345.99
9790.0,3.98,0.344,,35385.61,721.1012,Girth Weld,,,,,,nan,,,2007,Girth Weld_35385.6,False,35385.61,35385.99
9800.0,39.99,0.5,,35389.6,721.083,Girth Weld,,,,,,nan,,"0.500""",2007,Girth Weld_35389.6,False,35389.6,35389.979999999996
9810.0,3.98,0.344,,35429.59,720.9451,Girth Weld,,,,,,nan,,"0.344""",2007,Girth Weld_35429.6,False,35429.59,35429.969999999994
9820.0,39.9,0.344,,35433.57,720.9164,Girth Weld,,,,,,nan,,,2007,Girth Weld_35433.6,False,35433.57,35433.95
9830.0,27.14,0.344,,35473.47,720.536,Girth Weld,,,,,,nan,,,2007,Girth Weld_35473.5,False,35473.47,35473.85
9840.0,39.93,0.344,,35500.61,720.2943,Girth Weld,,,,,,nan,,,2007,Girth Weld_35500.6,False,35500.61,35500.99
9850.0,39.9,0.344,,35540.54,720.1282,Girth Weld,,,,,,nan,,,2007,Girth Weld_35540.5,False,35540.54,35540.92
9860.0,39.92,0.344,,35580.43,720.0586,Girth Weld,,,,,,nan,,,2007,Girth Weld_35580.4,False,35580.43,35580.81
,,0.344,-0.85,35581.29,720.0574,Metal Loss,15.0,,0.83,1.06,,5:59,NO,,2007,Metal Loss_35581.3,True,35581.29,35581.67
9870.0,39.87,0.344,,35620.35,720.0962,Girth Weld,,,,,,nan,,,2007,Girth Weld_35620.3,False,35620.35,35620.729999999996
9880.0,40.02,0.344,,35660.23,720.2735,Girth Weld,,,,,,nan,,,2007,Girth Weld_35660.2,False,35660.23,35660.61
9890.0,39.99,0.344,,35700.25,720.6173,Girth Weld,,,,,,nan,,,2007,Girth Weld_35700.2,False,35700.25,35700.63
9900.0,39.96,0.344,,35740.24,720.9906,Girth Weld,,,,,,nan,,,2007,Girth Weld_35740.2,False,35740.24,35740.619999999995
9910.0,39.99,0.344,,35780.19,721.1624,Girth Weld,,,,,,nan,,,2007,Girth Weld_35780.2,False,35780.19,35780.57
,,0.344,-18.23,35798.42,721.1338,Metal Loss-Manufacturing Anomaly,18.0,,0.47,0.71,,6:16,,,2007,Metal Loss-Manufacturing Anomaly_35798.4,True,35798.42,35798.799999999996
9920.0,39.98,0.344,,35820.19,721.0742,Girth Weld,,,,,,nan,,,2007,Girth Weld_35820.2,False,35820.19,35820.57
,,0.344,-0.51,35820.7,721.0735,Cluster,32.0,,4.37,2.54,1.66,4:02,NO,,2007,Cluster_35820.7,True,35820.7,35821.079999999994
,,0.344,-0.66,35820.85,721.0733,Metal Loss,18.0,,2.28,9.8,,4:54,NO,,2007,Metal Loss_35820.8,True,35820.85,35821.229999999996
,,0.344,-0.71,35820.89,721.0732,Cluster,22.0,,1.6,7.23,1.85,8:16,NO,,2007,Cluster_35820.9,True,35820.89,35821.27
,,0.344,-0.74,35820.93,721.0731,Metal Loss,13.0,,0.71,1.69,,10:53,NO,,2007,Metal Loss_35820.9,True,35820.93,35821.31
9930.0,39.96,0.344,,35860.17,721.0579,Girth Weld,,,,,,nan,,,2007,Girth Weld_35860.2,False,35860.17,35860.549999999996
9940.0,39.98,0.344,,35900.13,720.9715,Girth Weld,,,,,,nan,,,2007,Girth Weld_35900.1,False,35900.13,35900.509999999995
9950.0,39.96,0.344,,35940.11,720.881,Girth Weld,,,,,,nan,,,2007,Girth Weld_35940.1,False,35940.11,35940.49
9960.0,39.93,0.344,,35980.07,720.8381,Girth Weld,,,,,,nan,,,2007,Girth Weld_35980.1,False,35980.07,35980.45
9970.0,39.99,0.344,,36020.0,720.7986,Girth Weld,,,,,,nan,,,2007,Girth Weld_36020.0,False,36020.0,36020.38
9980.0,39.96,0.344,,36059.99,720.6728,Girth Weld,,,,,,nan,,,2007,Girth Weld_36060.0,False,36059.99,36060.369999999995
9990.0,39.97,0.344,,36099.95,720.5109,Girth Weld,,,,,,nan,,,2007,Girth Weld_36099.9,False,36099.95,36100.329999999994
10000.0,39.75,0.344,,36139.93,720.5761,Girth Weld,,,,,,nan,,,2007,Girth Weld_36139.9,False,36139.93,36140.31
10010.0,40.0,0.344,,36179.68,720.7073,Girth Weld,,,,,,nan,,,2007,Girth Weld_36179.7,False,36179.68,36180.06
10020.0,39.8,0.344,,36219.68,720.7856,Girth Weld,,,,,,nan,,,2007,Girth Weld_36219.7,False,36219.68,36220.06
10030.0,39.94,0.344,,36259.48,720.8686,Girth Weld,,,,,,nan,,,2007,Girth Weld_36259.5,False,36259.48,36259.86
10040.0,40.0,0.344,,36299.41,720.9874,Girth Weld,,,,,,nan,,,2007,Girth Weld_36299.4,False,36299.41,36299.79
10050.0,39.9,0.344,,36339.41,720.8896,Girth Weld,,,,,,nan,,,2007,Girth Weld_36339.4,False,36339.41,36339.79
10060.0,39.97,0.344,,36379.31,720.5881,Girth Weld,,,,,,nan,,,2007,Girth Weld_36379.3,False,36379.31,36379.689999999995
10070.0,40.14,0.344,,36419.28,720.1728,Girth Weld,,,,,,nan,,,2007,Girth Weld_36419.3,False,36419.28,36419.659999999996
10080.0,39.98,0.344,,36459.43,719.6211,Girth Weld,,,,,,nan,,,2007,Girth Weld_36459.4,False,36459.43,36459.81
,,0.344,-0.85,36460.28,719.5979,Metal Loss-Manufacturing Anomaly,10.0,,1.02,0.71,,6:58,,,2007,Metal Loss-Manufacturing Anomaly_36460.3,True,36460.28,36460.659999999996
10090.0,40.01,0.344,,36499.41,718.5315,Girth Weld,,,,,,nan,,,2007,Girth Weld_36499.4,False,36499.41,36499.79
10100.0,39.96,0.344,,36539.42,718.2113,Girth Weld,,,,,,nan,,,2007,Girth Weld_36539.4,False,36539.42,36539.799999999996
10110.0,39.98,0.344,,36579.38,718.9061,Girth Weld,,,,,,nan,,,2007,Girth Weld_36579.4,False,36579.38,36579.759999999995
10120.0,39.9,0.344,,36619.36,719.691,Girth Weld,,,,,,nan,,,2007,Girth Weld_36619.4,False,36619.36,36619.74
10130.0,39.99,0.344,,36659.26,720.1087,Girth Weld,,,,,,nan,,,2007,Girth Weld_36659.3,False,36659.26,36659.64
10140.0,39.99,0.344,,36699.25,720.3987,Girth Weld,,,,,,nan,,,2007,Girth Weld_36699.2,False,36699.25,36699.63
10150.0,39.88,0.344,,36739.24,720.6363,Girth Weld,,,,,,nan,,,2007,Girth Weld_36739.2,False,36739.24,36739.619999999995
10160.0,39.43,0.344,,36779.11,720.6365,Girth Weld,,,,,,nan,,,2007,Girth Weld_36779.1,False,36779.11,36779.49
10170.0,40.0,0.344,,36818.54,720.5843,Girth Weld,,,,,,nan,,,2007,Girth Weld_36818.5,False,36818.54,36818.92
10180.0,23.11,0.344,,36858.54,720.3768,Girth Weld,,,,,,nan,,,2007,Girth Weld_36858.5,False,36858.54,36858.92
10190.0,39.95,0.344,,36881.65,720.3033,Girth Weld,,,,,,nan,,,2007,Girth Weld_36881.7,False,36881.65,36882.03
,,,,36901.27,720.227,Above Ground Marker,,,,,,nan,,AGM 7    D,2007,Above Ground Marker_36901.3,False,36901.27,36901.649999999994
10200.0,9.07,0.5,,36921.6,720.0818,Girth Weld,,,,,,nan,,"0.500""",2007,Girth Weld_36921.6,False,36921.6,36921.979999999996
,,,,36926.14,720.0387,Bend,,,,,,nan,,6.2D - 18Â° - Left,2007,Bend_36926.1,False,36926.14,36926.52
10210.0,6.06,0.344,,36930.67,719.9937,Girth Weld,,,,,,nan,,"0.344""",2007,Girth Weld_36930.7,False,36930.67,36931.049999999996
10220.0,37.99,0.344,,36936.73,719.9285,Girth Weld,,,,,,nan,,,2007,Girth Weld_36936.7,False,36936.73,36937.11
10230.0,39.96,0.344,,36974.72,719.514,Girth Weld,,,,,,nan,,,2007,Girth Weld_36974.7,False,36974.72,36975.1
10240.0,39.98,0.344,,37014.68,719.0578,Girth Weld,,,,,,nan,,,2007,Girth Weld_37014.7,False,37014.68,37015.06
10250.0,39.64,0.344,,37054.66,718.1487,Girth Weld,,,,,,nan,,,2007,Girth Weld_37054.7,False,37054.66,37055.04
10260.0,6.94,0.344,,37094.29,717.2842,Girth Weld,,,,,,nan,,,2007,Girth Weld_37094.3,False,37094.29,37094.67
10270.0,7.85,0.5,,37101.23,717.1348,Girth Weld,,,,,,nan,,"0.500""",2007,Girth Weld_37101.2,False,37101.23,37101.61
,,,,37105.1,717.0496,Bend,,,,,,nan,,5.4D - 18Â° - Right,2007,Bend_37105.1,False,37105.1,37105.479999999996
10280.0,11.34,0.344,,37109.08,716.9613,Girth Weld,,,,,,nan,,"0.344""",2007,Girth Weld_37109.1,False,37109.08,37109.46
10290.0,33.95,0.344,,37120.42,716.7162,Girth Weld,,,,,,nan,,,2007,Girth Weld_37120.4,False,37120.42,37120.799999999996
10300.0,40.01,0.344,,37154.37,716.035,Girth Weld,,,,,,nan,,,2007,Girth Weld_37154.4,False,37154.37,37154.75
10310.0,40.02,0.344,,37194.38,715.1012,Girth Weld,,,,,,nan,,,2007,Girth Weld_37194.4,False,37194.38,37194.759999999995
10320.0,40.07,0.344,,37234.4,713.0419,Girth Weld,,,,,,nan,,,2007,Girth Weld_37234.4,False,37234.4,37234.78
10330.0,39.97,0.344,,37274.47,711.7149,Girth Weld,,,,,,nan,,,2007,Girth Weld_37274.5,False,37274.47,37274.85
10340.0,29.06,0.344,,37314.43,711.3832,Girth Weld,,,,,,nan,,,2007,Girth Weld_37314.4,False,37314.43,37314.81
10350.0,27.63,0.344,,37343.49,711.304,Girth Weld,,,,,,nan,,,2007,Girth Weld_37343.5,False,37343.49,37343.869999999995
10360.0,39.99,0.344,,37371.12,712.2537,Girth Weld,,,,,,nan,,,2007,Girth Weld_37371.1,False,37371.12,37371.5
10370.0,33.78,0.344,,37411.1,715.1677,Girth Weld,,,,,,nan,,,2007,Girth Weld_37411.1,False,37411.1,37411.479999999996
10380.0,9.04,0.5,,37444.88,717.8647,Girth Weld,,,,,,nan,,"0.500""",2007,Girth Weld_37444.9,False,37444.88,37445.259999999995
,,,,37449.19,718.1906,Bend,,,,,,nan,,6.1D - 21Â° - Right,2007,Bend_37449.2,False,37449.19,37449.57
10390.0,40.08,0.344,,37453.92,718.5005,Girth Weld,,,,,,nan,,"0.344""",2007,Girth Weld_37453.9,False,37453.92,37454.299999999996
10400.0,39.45,0.344,,37494.0,720.1416,Girth Weld,,,,,,nan,,,2007,Girth Weld_37494.0,False,37494.0,37494.38
10410.0,36.75,0.344,,37533.45,721.0603,Girth Weld,,,,,,nan,,,2007,Girth Weld_37533.4,False,37533.45,37533.829999999994
10420.0,11.53,0.5,,37570.2,722.0379,Girth Weld,,,,,,nan,,"0.500""",2007,Girth Weld_37570.2,False,37570.2,37570.579999999994
,,,,37575.87,722.2956,Bend,,,,,,nan,,6.0D - 32Â° - Left,2007,Bend_37575.9,False,37575.87,37576.25
10430.0,8.71,0.344,,37581.73,722.6166,Girth Weld,,,,,,nan,,"0.344""",2007,Girth Weld_37581.7,False,37581.73,37582.11
10440.0,40.0,0.344,,37590.44,723.1852,Girth Weld,,,,,,nan,,,2007,Girth Weld_37590.4,False,37590.44,37590.82
10450.0,38.17,0.344,,37630.44,725.8501,Girth Weld,,,,,,nan,,,2007,Girth Weld_37630.4,False,37630.44,37630.82
10460.0,40.03,0.344,,37668.61,728.3103,Girth Weld,,,,,,nan,,,2007,Girth Weld_37668.6,False,37668.61,37668.99
10470.0,40.02,0.344,,37708.64,729.0806,Girth Weld,,,,,,nan,,,2007,Girth Weld_37708.6,False,37708.64,37709.02
10480.0,40.04,0.344,,37748.67,729.6426,Girth Weld,,,,,,nan,,,2007,Girth Weld_37748.7,False,37748.67,37749.049999999996
10490.0,39.94,0.344,,37788.71,729.9795,Girth Weld,,,,,,nan,,,2007,Girth Weld_37788.7,False,37788.71,37789.09
10500.0,40.08,0.344,,37828.65,730.3619,Girth Weld,,,,,,nan,,,2007,Girth Weld_37828.7,False,37828.65,37829.03
10510.0,39.94,0.344,,37868.74,730.7237,Girth Weld,,,,,,nan,,,2007,Girth Weld_37868.7,False,37868.74,37869.119999999995
10520.0,38.14,0.344,,37908.67,731.374,Girth Weld,,,,,,nan,,,2007,Girth Weld_37908.7,False,37908.67,37909.049999999996
10530.0,39.51,0.344,,37946.81,732.7767,Girth Weld,,,,,,nan,,,2007,Girth Weld_37946.8,False,37946.81,37947.189999999995
10540.0,40.0,0.344,,37986.32,734.9201,Girth Weld,,,,,,nan,,,2007,Girth Weld_37986.3,False,37986.32,37986.7
10550.0,39.98,0.344,,38026.32,736.6679,Girth Weld,,,,,,nan,,,2007,Girth Weld_38026.3,False,38026.32,38026.7
10560.0,40.03,0.344,,38066.29,737.6699,Girth Weld,,,,,,nan,,,2007,Girth Weld_38066.3,False,38066.29,38066.67
10570.0,40.05,0.344,,38106.32,738.2819,Girth Weld,,,,,,nan,,,2007,Girth Weld_38106.3,False,38106.32,38106.7
10580.0,39.96,0.344,,38146.38,738.8699,Girth Weld,,,,,,nan,,,2007,Girth Weld_38146.4,False,38146.38,38146.759999999995
10590.0,40.01,0.344,,38186.34,739.4728,Girth Weld,,,,,,nan,,,2007,Girth Weld_38186.3,False,38186.34,38186.719999999994
10600.0,8.38,0.344,,38226.35,740.1166,Girth Weld,,,,,,nan,,,2007,Girth Weld_38226.3,False,38226.35,38226.729999999996
10610.0,40.04,0.344,,38234.73,740.2492,Girth Weld,,,,,,nan,,,2007,Girth Weld_38234.7,False,38234.73,38235.11
10620.0,40.07,0.344,,38274.77,740.8332,Girth Weld,,,,,,nan,,,2007,Girth Weld_38274.8,False,38274.77,38275.149999999994
10630.0,35.0,0.344,,38314.84,741.1417,Girth Weld,,,,,,nan,,,2007,Girth Weld_38314.8,False,38314.84,38315.219999999994
10640.0,40.01,0.344,,38349.84,741.3573,Girth Weld,,,,,,nan,,,2007,Girth Weld_38349.8,False,38349.84,38350.219999999994
,,0.344,-34.12,38383.95,741.9433,Metal Loss-Manufacturing Anomaly,16.0,,3.78,2.52,,9:43,,,2007,Metal Loss-Manufacturing Anomaly_38383.9,True,38383.95,38384.329999999994
10650.0,40.0,0.344,,38389.85,742.0722,Girth Weld,,,,,,nan,,,2007,Girth Weld_38389.8,False,38389.85,38390.229999999996
10660.0,39.97,0.344,,38429.85,742.7967,Girth Weld,,,,,,nan,,,2007,Girth Weld_38429.8,False,38429.85,38430.229999999996
10670.0,39.48,0.344,,38469.82,743.1559,Girth Weld,,,,,,nan,,,2007,Girth Weld_38469.8,False,38469.82,38470.2
10680.0,39.95,0.344,,38509.29,743.2642,Girth Weld,,,,,,nan,,,2007,Girth Weld_38509.3,False,38509.29,38509.67
10690.0,39.98,0.344,,38549.24,743.2721,Girth Weld,,,,,,nan,,,2007,Girth Weld_38549.2,False,38549.24,38549.619999999995
10700.0,39.94,0.344,,38589.22,743.629,Girth Weld,,,,,,nan,,,2007,Girth Weld_38589.2,False,38589.22,38589.6
10710.0,39.97,0.344,,38629.17,743.9445,Girth Weld,,,,,,nan,,,2007,Girth Weld_38629.2,False,38629.17,38629.549999999996
10720.0,39.83,0.344,,38669.13,743.8147,Girth Weld,,,,,,nan,,,2007,Girth Weld_38669.1,False,38669.13,38669.509999999995
10730.0,39.71,0.344,,38708.96,743.253,Girth Weld,,,,,,nan,,,2007,Girth Weld_38709.0,False,38708.96,38709.34
10740.0,39.93,0.344,,38748.68,741.4545,Girth Weld,,,,,,nan,,,2007,Girth Weld_38748.7,False,38748.68,38749.06
10750.0,39.95,0.344,,38788.61,737.9629,Girth Weld,,,,,,nan,,,2007,Girth Weld_38788.6,False,38788.61,38788.99
10760.0,40.0,0.344,,38828.56,732.7248,Girth Weld,,,,,,nan,,,2007,Girth Weld_38828.6,False,38828.56,38828.939999999995
10770.0,40.04,0.344,,38868.56,725.5795,Girth Weld,,,,,,nan,,,2007,Girth Weld_38868.6,False,38868.56,38868.939999999995
10780.0,40.04,0.344,,38908.61,717.8374,Girth Weld,,,,,,nan,,,2007,Girth Weld_38908.6,False,38908.61,38908.99
10790.0,40.1,0.344,,38948.65,710.0046,Girth Weld,,,,,,nan,,,2007,Girth Weld_38948.7,False,38948.65,38949.03
10800.0,7.39,0.344,,38988.75,702.2385,Girth Weld,,,,,,nan,,,2007,Girth Weld_38988.8,False,38988.75,38989.13
10810.0,40.2,0.344,,38996.14,700.8236,Girth Weld,,,,,,nan,,,2007,Girth Weld_38996.1,False,38996.14,38996.52
10820.0,40.17,0.344,,39036.35,693.1751,Girth Weld,,,,,,nan,,,2007,Girth Weld_39036.3,False,39036.35,39036.729999999996
10830.0,40.13,0.344,,39076.52,686.1972,Girth Weld,,,,,,nan,,,2007,Girth Weld_39076.5,False,39076.52,39076.899999999994
10840.0,28.59,0.344,,39116.65,680.7413,Girth Weld,,,,,,nan,,,2007,Girth Weld_39116.7,False,39116.65,39117.03
,,0.344,-28.08,39144.72,678.0669,Metal Loss,10.0,,0.98,1.18,,6:32,NO,,2007,Metal Loss_39144.7,True,39144.72,39145.1
10850.0,39.91,0.344,,39145.24,678.0292,Girth Weld,,,,,,nan,,,2007,Girth Weld_39145.2,False,39145.24,39145.619999999995
10860.0,39.96,0.344,,39185.15,676.2576,Girth Weld,,,,,,nan,,,2007,Girth Weld_39185.2,False,39185.15,39185.53
10870.0,16.12,0.344,,39225.12,675.8787,Girth Weld,,,,,,nan,,,2007,Girth Weld_39225.1,False,39225.12,39225.5
10880.0,40.03,0.344,,39241.24,675.7728,Girth Weld,,,,,,nan,,,2007,Girth Weld_39241.2,False,39241.24,39241.619999999995
10890.0,11.79,0.5,,39281.26,675.1718,Girth Weld,,,,,,nan,,"0.500""",2007,Girth Weld_39281.3,False,39281.26,39281.64
,,,,39287.27,675.0296,Bend,,,,,,nan,,6.2D - 32Â° - Sag,2007,Bend_39287.3,False,39287.27,39287.649999999994
10900.0,8.0,0.344,,39293.06,674.8451,Girth Weld,,,,,,nan,,"0.344""",2007,Girth Weld_39293.1,False,39293.06,39293.439999999995
10910.0,11.75,0.5,,39301.05,674.449,Girth Weld,,,,,,nan,,"0.500""",2007,Girth Weld_39301.1,False,39301.05,39301.43
,,,,39307.26,674.0351,Bend,,,,,,nan,,5.6D - 40Â° - Over,2007,Bend_39307.3,False,39307.26,39307.64
10920.0,22.86,0.344,,39312.81,673.6522,Girth Weld,,,,,,nan,,"0.344""",2007,Girth Weld_39312.8,False,39312.81,39313.189999999995
,,0.344,-21.94,39334.75,672.6224,Cluster,16.0,,4.36,8.99,,5:25,NO,,2007,Cluster_39334.8,True,39334.75,39335.13
10930.0,29.22,0.344,,39335.67,672.5925,Girth Weld,,,,,,nan,,,2007,Girth Weld_39335.7,False,39335.67,39336.049999999996
,,0.344,-0.03,39335.7,672.5915,Cluster,10.0,,2.33,12.3,,2:06,NO,,2007,Cluster_39335.7,True,39335.7,39336.079999999994
10940.0,39.99,0.344,,39364.89,671.6839,Girth Weld,,,,,,nan,,,2007,Girth Weld_39364.9,False,39364.89,39365.27
10950.0,40.01,0.344,,39404.87,675.4764,Girth Weld,,,,,,nan,,,2007,Girth Weld_39404.9,False,39404.87,39405.25
,,0.344,-0.68,39405.56,675.4804,Cluster,17.0,,3.44,9.03,,8:55,NO,,2007,Cluster_39405.6,True,39405.56,39405.939999999995
10960.0,35.9,0.344,,39444.88,675.1783,Girth Weld,,,,,,nan,,,2007,Girth Weld_39444.9,False,39444.88,39445.259999999995
,,0.344,-35.02,39479.9,675.0699,Metal Loss,17.0,,0.79,0.91,,8:12,NO,,2007,Metal Loss_39479.9,True,39479.9,39480.28
10970.0,9.48,0.5,,39480.79,675.0682,Girth Weld,,,,,,nan,,"0.500""",2007,Girth Weld_39480.8,False,39480.79,39481.17
,,,,39485.48,675.0591,Bend,,,,,,nan,,5.8D - 26Â° - Sag,2007,Bend_39485.5,False,39485.48,39485.86
10980.0,40.08,0.344,,39490.27,675.0504,Girth Weld,,,,,,nan,,"0.344""",2007,Girth Weld_39490.3,False,39490.27,39490.649999999994
10990.0,22.34,0.344,,39530.35,674.9909,Girth Weld,,,,,,nan,,,2007,Girth Weld_39530.3,False,39530.35,39530.729999999996
,,0.344,-0.5,39530.85,674.9919,Metal Loss,15.0,,1.18,1.81,,5:56,NO,,2007,Metal Loss_39530.8,True,39530.85,39531.229999999996
11000.0,39.91,0.344,,39552.69,675.065,Girth Weld,,,,,,nan,,,2007,Girth Weld_39552.7,False,39552.69,39553.07
,,0.344,-0.67,39553.36,675.067,Cluster,39.0,,4.88,30.98,1.57,3:01,NO,,2007,Cluster_39553.4,True,39553.36,39553.74
11010.0,37.06,0.344,,39592.6,676.6137,Girth Weld,,,,,,nan,,,2007,Girth Weld_39592.6,False,39592.6,39592.979999999996
,,0.344,-0.07,39592.67,676.6229,Cluster,25.0,,4.07,6.33,1.73,8:40,NO,,2007,Cluster_39592.7,True,39592.67,39593.049999999996
,,0.344,-0.72,39593.33,676.7097,Cluster,18.0,,2.83,6.62,,7:38,NO,,2007,Cluster_39593.3,True,39593.33,39593.71
,,0.344,-0.76,39593.37,676.7153,Cluster,27.0,,3.28,9.26,1.75,2:27,NO,,2007,Cluster_39593.4,True,39593.37,39593.75
11020.0,10.02,0.5,,39629.66,682.9371,Girth Weld,,,,,,nan,,"0.500""",2007,Girth Weld_39629.7,False,39629.66,39630.04
,,,,39634.72,683.879,Bend,,,,,,nan,,5.5D - 32Â° - Sag,2007,Bend_39634.7,False,39634.72,39635.1
11030.0,31.87,0.344,,39639.68,684.8009,Girth Weld,,,,,,nan,,"0.344""",2007,Girth Weld_39639.7,False,39639.68,39640.06
,,0.344,-1.4,39641.08,685.0586,Cluster,31.0,,5.05,14.2,1.64,2:02,NO,,2007,Cluster_39641.1,True,39641.08,39641.46
,,0.344,-2.06,39641.74,685.1808,Cluster,33.0,,3.32,9.3,1.71,6:58,NO,,2007,Cluster_39641.7,True,39641.74,39642.119999999995
11040.0,33.89,0.344,,39671.55,690.116,Girth Weld,,,,,,nan,,,2007,Girth Weld_39671.6,False,39671.55,39671.93
11050.0,39.95,0.344,,39705.45,693.7868,Girth Weld,,,,,,nan,,,2007,Girth Weld_39705.4,False,39705.45,39705.829999999994
11060.0,17.38,0.344,,39745.4,697.9468,Girth Weld,,,,,,nan,,,2007,Girth Weld_39745.4,False,39745.4,39745.78
,,0.344,-2.17,39747.57,698.3476,Metal Loss,11.0,,1.42,1.34,,4:10,NO,,2007,Metal Loss_39747.6,True,39747.57,39747.95
11070.0,8.71,0.5,,39762.77,701.1461,Girth Weld,,,,,,nan,,"0.500""",2007,Girth Weld_39762.8,False,39762.77,39763.149999999994
,,,,39767.18,701.9515,Bend,,,,,,nan,,6.0D - 19Â° - Over,2007,Bend_39767.2,False,39767.18,39767.56
11080.0,6.04,0.344,,39771.49,702.7391,Girth Weld,,,,,,nan,,"0.344""",2007,Girth Weld_39771.5,False,39771.49,39771.869999999995
11090.0,29.94,0.344,,39777.53,703.8385,Girth Weld,,,,,,nan,,,2007,Girth Weld_39777.5,False,39777.53,39777.909999999996
11100.0,24.67,0.344,,39807.47,709.2721,Girth Weld,,,,,,nan,,,2007,Girth Weld_39807.5,False,39807.47,39807.85
11110.0,37.5,0.344,,39832.14,713.2397,Girth Weld,,,,,,nan,,,2007,Girth Weld_39832.1,False,39832.14,39832.52
11120.0,40.02,0.344,,39869.64,716.9018,Girth Weld,,,,,,nan,,,2007,Girth Weld_39869.6,False,39869.64,39870.02
11130.0,40.03,0.344,,39909.66,717.2825,Girth Weld,,,,,,nan,,,2007,Girth Weld_39909.7,False,39909.66,39910.04
11140.0,40.01,0.344,,39949.69,717.5638,Girth Weld,,,,,,nan,,,2007,Girth Weld_39949.7,False,39949.69,39950.07
11150.0,39.99,0.344,,39989.7,717.6794,Girth Weld,,,,,,nan,,,2007,Girth Weld_39989.7,False,39989.7,39990.079999999994
,,0.344,-18.92,40008.62,717.7519,Metal Loss-Manufacturing Anomaly,10.0,,1.46,0.71,,5:02,,,2007,Metal Loss-Manufacturing Anomaly_40008.6,True,40008.62,40009.0
,,0.344,-19.8,40009.5,717.7555,Metal Loss-Manufacturing Anomaly,10.0,,0.59,0.71,,8:37,,,2007,Metal Loss-Manufacturing Anomaly_40009.5,True,40009.5,40009.88
11160.0,40.01,0.344,,40029.68,717.811,Girth Weld,,,,,,nan,,,2007,Girth Weld_40029.7,False,40029.68,40030.06
11170.0,40.02,0.344,,40069.69,717.7818,Girth Weld,,,,,,nan,,,2007,Girth Weld_40069.7,False,40069.69,40070.07
11180.0,39.98,0.344,,40109.71,717.6684,Girth Weld,,,,,,nan,,,2007,Girth Weld_40109.7,False,40109.71,40110.09
11190.0,40.04,0.344,,40149.7,717.4705,Girth Weld,,,,,,nan,,,2007,Girth Weld_40149.7,False,40149.7,40150.079999999994
11200.0,40.06,0.344,,40189.73,716.9573,Girth Weld,,,,,,nan,,,2007,Girth Weld_40189.7,False,40189.73,40190.11
11210.0,40.1,0.344,,40229.79,716.2556,Girth Weld,,,,,,nan,,,2007,Girth Weld_40229.8,False,40229.79,40230.17
11220.0,40.02,0.344,,40269.89,715.2851,Girth Weld,,,,,,nan,,,2007,Girth Weld_40269.9,False,40269.89,40270.27
11230.0,40.02,0.344,,40309.91,714.5368,Girth Weld,,,,,,nan,,,2007,Girth Weld_40309.9,False,40309.91,40310.29
11240.0,39.64,0.344,,40349.93,714.2827,Girth Weld,,,,,,nan,,,2007,Girth Weld_40349.9,False,40349.93,40350.31
11250.0,40.08,0.344,,40389.57,714.7866,Girth Weld,,,,,,nan,,,2007,Girth Weld_40389.6,False,40389.57,40389.95
11260.0,39.97,0.344,,40429.65,715.2759,Girth Weld,,,,,,nan,,,2007,Girth Weld_40429.7,False,40429.65,40430.03
11270.0,39.99,0.344,,40469.62,715.6949,Girth Weld,,,,,,nan,,,2007,Girth Weld_40469.6,False,40469.62,40470.0
11280.0,40.03,0.344,,40509.61,715.9645,Girth Weld,,,,,,nan,,,2007,Girth Weld_40509.6,False,40509.61,40509.99
11290.0,40.03,0.344,,40549.64,715.9863,Girth Weld,,,,,,nan,,,2007,Girth Weld_40549.6,False,40549.64,40550.02
11300.0,40.06,0.344,,40589.67,715.7819,Girth Weld,,,,,,nan,,,2007,Girth Weld_40589.7,False,40589.67,40590.049999999996
11310.0,40.0,0.344,,40629.73,715.3529,Girth Weld,,,,,,nan,,,2007,Girth Weld_40629.7,False,40629.73,40630.11
,,0.344,-39.01,40668.73,714.1151,Cluster,18.0,,1.97,1.47,,7:57,NO,,2007,Cluster_40668.7,True,40668.73,40669.11
11320.0,8.59,0.5,,40669.73,714.0498,Girth Weld,,,,,,nan,,"0.500""",2007,Girth Weld_40669.7,False,40669.73,40670.11
,,,,40673.95,713.7479,Bend,,,,,,nan,,6.6D - 18Â° - Sag,2007,Bend_40673.9,False,40673.95,40674.329999999994
11330.0,10.14,0.344,,40678.32,713.3879,Girth Weld,,,,,,nan,,"0.344""",2007,Girth Weld_40678.3,False,40678.32,40678.7
11340.0,10.69,0.5,,40688.46,712.496,Girth Weld,,,,,,nan,,"0.500""",2007,Girth Weld_40688.5,False,40688.46,40688.84
,,,,40693.84,712.0041,Bend,,,,,,nan,,6.8D - 22Â° - Sag,2007,Bend_40693.8,False,40693.84,40694.219999999994
11350.0,40.01,0.344,,40699.15,711.4889,Girth Weld,,,,,,nan,,"0.344""",2007,Girth Weld_40699.2,False,40699.15,40699.53
11360.0,21.97,0.344,,40739.16,706.4523,Girth Weld,,,,,,nan,,,2007,Girth Weld_40739.2,False,40739.16,40739.54
11370.0,39.95,0.344,,40761.14,703.28,Girth Weld,,,,,,nan,,,2007,Girth Weld_40761.1,False,40761.14,40761.52
11380.0,29.22,0.344,,40801.09,703.3014,Girth Weld,,,,,,nan,,,2007,Girth Weld_40801.1,False,40801.09,40801.469999999994
11390.0,40.03,0.344,,40830.31,706.8561,Girth Weld,,,,,,nan,,,2007,Girth Weld_40830.3,False,40830.31,40830.689999999995
11400.0,39.99,0.344,,40870.34,710.306,Girth Weld,,,,,,nan,,,2007,Girth Weld_40870.3,False,40870.34,40870.719999999994
11410.0,39.92,0.344,,40910.33,711.171,Girth Weld,,,,,,nan,,,2007,Girth Weld_40910.3,False,40910.33,40910.71
11420.0,39.95,0.344,,40950.25,710.5849,Girth Weld,,,,,,nan,,,2007,Girth Weld_40950.2,False,40950.25,40950.63
11430.0,39.92,0.344,,40990.2,709.6527,Girth Weld,,,,,,nan,,,2007,Girth Weld_40990.2,False,40990.2,40990.579999999994
,,0.344,-20.89,41011.08,709.3366,Metal Loss-Manufacturing Anomaly,10.0,,3.03,1.3,,10:13,,,2007,Metal Loss-Manufacturing Anomaly_41011.1,True,41011.08,41011.46
11440.0,39.95,0.344,,41030.11,709.2562,Girth Weld,,,,,,nan,,,2007,Girth Weld_41030.1,False,41030.11,41030.49
11450.0,40.01,0.344,,41070.06,709.6838,Girth Weld,,,,,,nan,,,2007,Girth Weld_41070.1,False,41070.06,41070.439999999995
11460.0,36.15,0.344,,41110.07,710.488,Girth Weld,,,,,,nan,,,2007,Girth Weld_41110.1,False,41110.07,41110.45
,,0.344,-20.98,41131.05,710.941,Metal Loss-Manufacturing Anomaly,14.0,,3.66,1.02,,10:09,,,2007,Metal Loss-Manufacturing Anomaly_41131.1,True,41131.05,41131.43
11470.0,39.95,0.344,,41146.22,711.2702,Girth Weld,,,,,,nan,,,2007,Girth Weld_41146.2,False,41146.22,41146.6
,,0.344,-17.77,41163.99,711.6486,Metal Loss-Manufacturing Anomaly,12.0,,4.17,1.77,,2:09,,,2007,Metal Loss-Manufacturing Anomaly_41164.0,True,41163.99,41164.369999999995
,,0.344,-19.55,41165.77,711.6819,Metal Loss-Manufacturing Anomaly,16.0,,0.59,0.63,,8:12,,,2007,Metal Loss-Manufacturing Anomaly_41165.8,True,41165.77,41166.149999999994
,,0.344,-20.75,41166.98,711.7044,Metal Loss-Manufacturing Anomaly,11.0,,3.78,1.42,,2:06,,,2007,Metal Loss-Manufacturing Anomaly_41167.0,True,41166.98,41167.36
,,0.344,-24.07,41170.29,711.7665,Metal Loss-Manufacturing Anomaly,30.0,,3.82,5.55,,1:54,,,2007,Metal Loss-Manufacturing Anomaly_41170.3,True,41170.29,41170.67
,,0.344,-28.33,41174.55,711.8432,Metal Loss-Manufacturing Anomaly,11.0,,0.47,0.59,,11:58,,,2007,Metal Loss-Manufacturing Anomaly_41174.6,True,41174.55,41174.93
11480.0,39.98,0.344,,41186.18,711.9518,Girth Weld,,,,,,nan,,,2007,Girth Weld_41186.2,False,41186.18,41186.56
11490.0,39.99,0.344,,41226.16,711.9853,Girth Weld,,,,,,nan,,,2007,Girth Weld_41226.2,False,41226.16,41226.54
11500.0,39.93,0.344,,41266.15,711.7645,Girth Weld,,,,,,nan,,,2007,Girth Weld_41266.2,False,41266.15,41266.53
11510.0,39.99,0.344,,41306.08,711.5016,Girth Weld,,,,,,nan,,,2007,Girth Weld_41306.1,False,41306.08,41306.46
11520.0,40.09,0.344,,41346.07,711.1525,Girth Weld,,,,,,nan,,,2007,Girth Weld_41346.1,False,41346.07,41346.45
11530.0,39.31,0.344,,41386.16,710.864,Girth Weld,,,,,,nan,,,2007,Girth Weld_41386.2,False,41386.16,41386.54
11540.0,39.98,0.344,,41425.47,710.619,Girth Weld,,,,,,nan,,,2007,Girth Weld_41425.5,False,41425.47,41425.85
11550.0,39.95,0.344,,41465.45,710.365,Girth Weld,,,,,,nan,,,2007,Girth Weld_41465.4,False,41465.45,41465.829999999994
,,0.344,-0.72,41466.16,710.3511,Cluster,29.0,,5.0,10.54,1.66,4:44,NO,,2007,Cluster_41466.2,True,41466.16,41466.54
,,0.344,-0.73,41466.18,710.3507,Cluster,21.0,,5.56,2.58,1.72,6:45,NO,,2007,Cluster_41466.2,True,41466.18,41466.56
,,0.344,-0.82,41466.26,710.3486,Cluster,14.0,,0.97,3.27,,3:19,NO,,2007,Cluster_41466.3,True,41466.26,41466.64
,,0.344,-20.52,41485.96,709.7136,Cluster,15.0,,4.38,3.16,,9:33,NO,,2007,Cluster_41486.0,True,41485.96,41486.34
,,0.344,-20.8,41486.24,709.7041,Cluster,17.0,,2.56,2.39,,10:16,NO,,2007,Cluster_41486.2,True,41486.24,41486.619999999995
,,0.344,-21.15,41486.59,709.6922,Metal Loss,15.0,,1.14,1.26,,10:09,NO,,2007,Metal Loss_41486.6,True,41486.59,41486.969999999994
,,0.344,-21.34,41486.78,709.6857,Cluster,12.0,,4.25,3.16,,10:13,NO,,2007,Cluster_41486.8,True,41486.78,41487.159999999996
,,0.344,-35.98,41501.43,709.1821,Metal Loss,10.0,,2.52,0.75,,9:33,NO,,2007,Metal Loss_41501.4,True,41501.43,41501.81
,,0.344,-36.87,41502.32,709.151,Metal Loss,14.0,,4.25,0.94,,8:10,NO,,2007,Metal Loss_41502.3,True,41502.32,41502.7
,,0.344,-37.98,41503.42,709.1124,Metal Loss,10.0,,1.18,0.83,,9:22,NO,,2007,Metal Loss_41503.4,True,41503.42,41503.799999999996
,,0.344,-38.56,41504.01,709.092,Cluster,10.0,,4.39,5.72,,9:28,NO,,2007,Cluster_41504.0,True,41504.01,41504.39
11560.0,39.95,0.344,,41505.39,709.0434,Girth Weld,,,,,,nan,,,2007,Girth Weld_41505.4,False,41505.39,41505.77
,,0.344,-39.02,41544.42,707.4963,Metal Loss,23.0,,0.94,1.3,1.87,7:47,NO,,2007,Metal Loss_41544.4,True,41544.42,41544.799999999996
,,0.344,-39.06,41544.45,707.4949,Metal Loss,11.0,,0.79,0.79,,8:49,NO,,2007,Metal Loss_41544.4,True,41544.45,41544.829999999994
11570.0,39.94,0.344,,41545.34,707.4552,Girth Weld,,,,,,nan,,,2007,Girth Weld_41545.3,False,41545.34,41545.719999999994
,,0.344,-0.74,41546.08,707.4225,Metal Loss,17.0,,2.76,0.59,,9:36,NO,,2007,Metal Loss_41546.1,True,41546.08,41546.46
,,0.344,-31.12,41576.47,706.2497,Cluster,19.0,,2.21,1.8,,7:44,NO,,2007,Cluster_41576.5,True,41576.47,41576.85
,,0.344,-36.01,41581.35,706.0938,Cluster,18.0,,5.2,4.15,,7:17,NO,,2007,Cluster_41581.3,True,41581.35,41581.729999999996
11580.0,40.09,0.344,,41585.28,705.9975,Girth Weld,,,,,,nan,,,2007,Girth Weld_41585.3,False,41585.28,41585.659999999996
,,0.344,-7.88,41593.16,705.8334,Metal Loss,10.0,,3.03,0.59,,7:57,NO,,2007,Metal Loss_41593.2,True,41593.16,41593.54
,,0.344,-8.33,41593.61,705.8259,Cluster,16.0,,3.71,3.96,,6:58,NO,,2007,Cluster_41593.6,True,41593.61,41593.99
,,0.344,-20.19,41605.47,705.8339,Cluster,15.0,,3.43,1.22,,3:25,NO,,2007,Cluster_41605.5,True,41605.47,41605.85
,,0.344,-21.05,41606.33,705.8384,Metal Loss,13.0,,1.53,1.38,,3:21,NO,,2007,Metal Loss_41606.3,True,41606.33,41606.71
,,0.344,-21.88,41607.15,705.8426,Cluster,23.0,,5.15,3.54,1.71,2:04,NO,,2007,Cluster_41607.2,True,41607.15,41607.53
,,0.344,-22.21,41607.49,705.8444,Metal Loss,11.0,,1.42,0.91,,3:27,NO,,2007,Metal Loss_41607.5,True,41607.49,41607.869999999995
,,0.344,-22.4,41607.68,705.8453,Cluster,25.0,,3.62,2.81,1.75,1:54,NO,,2007,Cluster_41607.7,True,41607.68,41608.06
,,0.344,-23.08,41608.36,705.8488,Cluster,13.0,,1.69,1.2,,2:29,NO,,2007,Cluster_41608.4,True,41608.36,41608.74
,,0.344,-24.84,41610.12,705.8634,Cluster,13.0,,3.25,6.37,,9:19,NO,,2007,Cluster_41610.1,True,41610.12,41610.5
,,0.344,-25.38,41610.66,705.8678,Cluster,10.0,,2.63,4.13,,9:46,NO,,2007,Cluster_41610.7,True,41610.66,41611.04
,,0.344,-25.96,41611.24,705.8726,Cluster,17.0,,3.25,3.71,,9:44,NO,,2007,Cluster_41611.2,True,41611.24,41611.619999999995
,,0.344,-29.18,41614.46,705.8991,Metal Loss,16.0,,1.1,0.59,,10:17,NO,,2007,Metal Loss_41614.5,True,41614.46,41614.84
11590.0,40.02,0.344,,41625.37,706.005,Girth Weld,,,,,,nan,,,2007,Girth Weld_41625.4,False,41625.37,41625.75
,,0.344,-11.37,41636.74,706.14,Metal Loss,25.0,,2.09,1.26,1.82,9:46,NO,,2007,Metal Loss_41636.7,True,41636.74,41637.119999999995
,,0.344,-12.44,41637.81,706.1532,Metal Loss,14.0,,2.09,1.89,,9:56,NO,,2007,Metal Loss_41637.8,True,41637.81,41638.189999999995
,,0.344,-20.6,41645.97,706.2698,Cluster,20.0,,5.22,4.96,1.73,9:21,NO,,2007,Cluster_41646.0,True,41645.97,41646.35
,,0.344,-21.8,41647.17,706.2872,Metal Loss,16.0,,0.63,0.87,,10:15,NO,,2007,Metal Loss_41647.2,True,41647.17,41647.549999999996
,,0.344,-21.96,41647.33,706.2894,Cluster,16.0,,2.06,3.94,,9:43,NO,,2007,Cluster_41647.3,True,41647.33,41647.71
,,0.344,-23.26,41648.63,706.3085,Cluster,12.0,,2.66,3.92,,9:45,NO,,2007,Cluster_41648.6,True,41648.63,41649.009999999995
,,0.344,-23.76,41649.13,706.3163,Metal Loss,15.0,,0.75,0.71,,10:23,NO,,2007,Metal Loss_41649.1,True,41649.13,41649.509999999995
,,0.344,-24.22,41649.59,706.3234,Metal Loss,24.0,,0.94,0.71,1.87,9:38,NO,,2007,Metal Loss_41649.6,True,41649.59,41649.969999999994
,,0.344,-25.04,41650.41,706.3363,Cluster,15.0,,3.7,3.56,,9:32,NO,,2007,Cluster_41650.4,True,41650.41,41650.79
,,0.344,-26.06,41651.43,706.3523,Cluster,14.0,,2.66,2.64,,9:39,NO,,2007,Cluster_41651.4,True,41651.43,41651.81
,,0.344,-26.51,41651.88,706.3593,Cluster,14.0,,2.84,4.19,,9:38,NO,,2007,Cluster_41651.9,True,41651.88,41652.259999999995
,,0.344,-27.03,41652.4,706.3675,Cluster,12.0,,2.08,2.26,,9:39,NO,,2007,Cluster_41652.4,True,41652.4,41652.78
,,0.344,-27.43,41652.8,706.3738,Metal Loss,11.0,,1.02,1.26,,9:54,NO,,2007,Metal Loss_41652.8,True,41652.8,41653.18
,,0.344,-27.89,41653.26,706.3809,Cluster,19.0,,3.68,2.75,,8:52,NO,,2007,Cluster_41653.3,True,41653.26,41653.64
,,0.344,-28.52,41653.89,706.3908,Cluster,21.0,,2.99,2.54,1.8,9:48,NO,,2007,Cluster_41653.9,True,41653.89,41654.27
,,0.344,-30.06,41655.43,706.415,Cluster,13.0,,2.38,2.16,,9:40,NO,,2007,Cluster_41655.4,True,41655.43,41655.81
,,0.344,-33.26,41658.63,706.4653,Cluster,16.0,,3.28,1.43,,2:41,NO,,2007,Cluster_41658.6,True,41658.63,41659.009999999995
,,0.344,-33.65,41659.02,706.4719,Cluster,15.0,,7.88,2.75,,2:28,NO,,2007,Cluster_41659.0,True,41659.02,41659.399999999994
11600.0,13.17,0.344,,41665.39,706.5791,Girth Weld,,,,,,nan,,,2007,Girth Weld_41665.4,False,41665.39,41665.77
,,0.344,-10.96,41676.35,706.7396,Cluster,33.0,,5.5,11.56,1.61,8:16,NO,,2007,Cluster_41676.3,True,41676.35,41676.729999999996
,,0.344,-11.23,41676.62,706.7421,Metal Loss,16.0,,0.83,0.55,,2:49,NO,,2007,Metal Loss_41676.6,True,41676.62,41677.0
11610.0,26.88,0.344,,41678.56,706.7595,Girth Weld,,,,,,nan,,,2007,Girth Weld_41678.6,False,41678.56,41678.939999999995
,,0.344,-24.97,41703.53,706.7294,Cluster,33.0,,5.21,3.73,1.62,4:57,NO,,2007,Cluster_41703.5,True,41703.53,41703.909999999996
,,0.344,-25.57,41704.14,706.7175,Cluster,16.0,,2.22,2.47,,6:41,NO,,2007,Cluster_41704.1,True,41704.14,41704.52
,,0.344,-25.68,41704.24,706.715,Cluster,14.0,,5.59,14.6,,6:18,NO,,2007,Cluster_41704.2,True,41704.24,41704.619999999995
,,0.344,-25.91,41704.47,706.7093,Cluster,23.0,,4.01,2.87,1.75,5:01,NO,,2007,Cluster_41704.5,True,41704.47,41704.85
11620.0,39.99,0.344,,41705.44,706.6858,Girth Weld,,,,,,nan,,,2007,Girth Weld_41705.4,False,41705.44,41705.82
,,0.344,-0.53,41705.97,706.6729,Cluster,11.0,,4.12,17.76,,7:43,NO,,2007,Cluster_41706.0,True,41705.97,41706.35
,,0.344,-0.82,41706.26,706.6661,Cluster,23.0,,2.44,9.05,1.81,3:44,NO,,2007,Cluster_41706.3,True,41706.26,41706.64
,,0.344,-0.82,41706.26,706.6659,Metal Loss,10.0,,1.3,3.42,,2:44,NO,,2007,Metal Loss_41706.3,True,41706.26,41706.64
11630.0,39.93,0.344,,41745.43,706.0998,Girth Weld,,,,,,nan,,,2007,Girth Weld_41745.4,False,41745.43,41745.81
,,0.344,-0.95,41746.38,706.1254,Metal Loss,11.0,,0.71,0.55,,9:55,NO,,2007,Metal Loss_41746.4,True,41746.38,41746.759999999995
,,0.344,-1.78,41747.21,706.148,Metal Loss,13.0,,0.91,1.3,,9:30,NO,,2007,Metal Loss_41747.2,True,41747.21,41747.59
,,0.344,-38.9,41784.33,708.0211,Cluster,13.0,,3.85,6.24,,3:20,NO,,2007,Cluster_41784.3,True,41784.33,41784.71
11640.0,39.73,0.344,,41785.36,708.0607,Girth Weld,,,,,,nan,,,2007,Girth Weld_41785.4,False,41785.36,41785.74
,,0.344,-0.84,41786.2,708.0931,Metal Loss,11.0,,0.79,0.71,,4:12,NO,,2007,Metal Loss_41786.2,True,41786.2,41786.579999999994
,,0.344,-2.1,41787.46,708.138,Metal Loss-Manufacturing Anomaly,11.0,,0.43,0.71,,8:12,,,2007,Metal Loss-Manufacturing Anomaly_41787.5,True,41787.46,41787.84
11650.0,39.96,0.344,,41825.08,708.4861,Girth Weld,,,,,,nan,,,2007,Girth Weld_41825.1,False,41825.08,41825.46
11660.0,40.0,0.344,,41865.05,708.4957,Girth Weld,,,,,,nan,,,2007,Girth Weld_41865.1,False,41865.05,41865.43
,,0.344,-0.67,41865.72,708.4951,Cluster,11.0,,2.05,9.82,,8:30,NO,,2007,Cluster_41865.7,True,41865.72,41866.1
11670.0,39.9,0.344,,41905.04,708.5053,Girth Weld,,,,,,nan,,,2007,Girth Weld_41905.0,False,41905.04,41905.42
11680.0,39.96,0.344,,41944.95,708.6471,Girth Weld,,,,,,nan,,,2007,Girth Weld_41944.9,False,41944.95,41945.329999999994
11690.0,39.92,0.344,,41984.91,708.6852,Girth Weld,,,,,,nan,,,2007,Girth Weld_41984.9,False,41984.91,41985.29
11700.0,39.93,0.344,,42024.83,708.4561,Girth Weld,,,,,,nan,,,2007,Girth Weld_42024.8,False,42024.83,42025.21
11710.0,40.05,0.344,,42064.76,708.1797,Girth Weld,,,,,,nan,,,2007,Girth Weld_42064.8,False,42064.76,42065.14
11720.0,40.0,0.344,,42104.81,707.8912,Girth Weld,,,,,,nan,,,2007,Girth Weld_42104.8,False,42104.81,42105.189999999995
11730.0,40.08,0.344,,42144.82,707.7569,Girth Weld,,,,,,nan,,,2007,Girth Weld_42144.8,False,42144.82,42145.2
11740.0,39.99,0.344,,42184.89,707.7216,Girth Weld,,,,,,nan,,,2007,Girth Weld_42184.9,False,42184.89,42185.27
11750.0,39.98,0.344,,42224.88,707.7698,Girth Weld,,,,,,nan,,,2007,Girth Weld_42224.9,False,42224.88,42225.259999999995
,,,,42243.95,707.8266,Above Ground Marker,,,,,,nan,,AGM 8,2007,Above Ground Marker_42243.9,False,42243.95,42244.329999999994
11760.0,9.85,0.5,,42264.86,707.7215,Girth Weld,,,,,,nan,,"0.500""",2007,Girth Weld_42264.9,False,42264.86,42265.24
,,,,42269.82,707.5445,Bend,,,,,,nan,,6.2D - 24Â° - Sag,2007,Bend_42269.8,False,42269.82,42270.2
11770.0,23.4,0.344,,42274.71,707.3146,Girth Weld,,,,,,nan,,"0.344""",2007,Girth Weld_42274.7,False,42274.71,42275.09
11780.0,39.96,0.344,,42298.11,706.0348,Girth Weld,,,,,,nan,,,2007,Girth Weld_42298.1,False,42298.11,42298.49
11790.0,40.05,0.344,,42338.07,703.2453,Girth Weld,,,,,,nan,,,2007,Girth Weld_42338.1,False,42338.07,42338.45
11800.0,40.02,0.344,,42378.12,702.3615,Girth Weld,,,,,,nan,,,2007,Girth Weld_42378.1,False,42378.12,42378.5
11810.0,40.0,0.344,,42418.14,705.5428,Girth Weld,,,,,,nan,,,2007,Girth Weld_42418.1,False,42418.14,42418.52
11820.0,9.36,0.344,,42458.14,708.6457,Girth Weld,,,,,,nan,,,2007,Girth Weld_42458.1,False,42458.14,42458.52
11830.0,40.19,0.344,,42467.5,709.2571,Girth Weld,,,,,,nan,,,2007,Girth Weld_42467.5,False,42467.5,42467.88
11840.0,40.14,0.344,,42507.69,710.9166,Girth Weld,,,,,,nan,,,2007,Girth Weld_42507.7,False,42507.69,42508.07
11850.0,39.97,0.344,,42547.83,712.0739,Girth Weld,,,,,,nan,,,2007,Girth Weld_42547.8,False,42547.83,42548.21
11860.0,39.89,0.344,,42587.8,712.8774,Girth Weld,,,,,,nan,,,2007,Girth Weld_42587.8,False,42587.8,42588.18
11870.0,39.93,0.344,,42627.69,712.9039,Girth Weld,,,,,,nan,,,2007,Girth Weld_42627.7,False,42627.69,42628.07
11880.0,39.98,0.344,,42667.62,712.2365,Girth Weld,,,,,,nan,,,2007,Girth Weld_42667.6,False,42667.62,42668.0
11890.0,39.99,0.344,,42707.6,711.2749,Girth Weld,,,,,,nan,,,2007,Girth Weld_42707.6,False,42707.6,42707.979999999996
11900.0,40.01,0.344,,42747.59,710.0315,Girth Weld,,,,,,nan,,,2007,Girth Weld_42747.6,False,42747.59,42747.969999999994
11910.0,39.99,0.344,,42787.6,708.339,Girth Weld,,,,,,nan,,,2007,Girth Weld_42787.6,False,42787.6,42787.979999999996
11920.0,40.03,0.344,,42827.58,706.3488,Girth Weld,,,,,,nan,,,2007,Girth Weld_42827.6,False,42827.58,42827.96
11930.0,40.01,0.344,,42867.61,703.6342,Girth Weld,,,,,,nan,,,2007,Girth Weld_42867.6,False,42867.61,42867.99
11940.0,27.49,0.344,,42907.62,699.7617,Girth Weld,,,,,,nan,,,2007,Girth Weld_42907.6,False,42907.62,42908.0
11950.0,20.26,0.344,,42935.11,697.3363,Girth Weld,,,,,,nan,,,2007,Girth Weld_42935.1,False,42935.11,42935.49
11960.0,39.95,0.344,,42955.37,696.123,Girth Weld,,,,,,nan,,,2007,Girth Weld_42955.4,False,42955.37,42955.75
11970.0,40.0,0.344,,42995.32,693.8452,Girth Weld,,,,,,nan,,,2007,Girth Weld_42995.3,False,42995.32,42995.7
11980.0,39.87,0.344,,43035.33,691.4755,Girth Weld,,,,,,nan,,,2007,Girth Weld_43035.3,False,43035.33,43035.71
11990.0,29.33,0.344,,43075.2,689.4811,Girth Weld,,,,,,nan,,,2007,Girth Weld_43075.2,False,43075.2,43075.579999999994
12000.0,6.66,0.344,,43104.53,688.134,Girth Weld,,,,,,nan,,,2007,Girth Weld_43104.5,False,43104.53,43104.909999999996
12010.0,39.94,0.344,,43111.19,687.829,Girth Weld,,,,,,nan,,,2007,Girth Weld_43111.2,False,43111.19,43111.57
12020.0,19.63,0.344,,43151.13,686.0757,Girth Weld,,,,,,nan,,,2007,Girth Weld_43151.1,False,43151.13,43151.509999999995
12030.0,10.39,0.5,,43170.76,685.23,Girth Weld,,,,,,nan,,"0.500""",2007,Girth Weld_43170.8,False,43170.76,43171.14
,,,,43176.04,684.9935,Bend,,,,,,nan,,5.9D - 28Â° - Sag,2007,Bend_43176.0,False,43176.04,43176.42
12040.0,35.62,0.344,,43181.15,684.753,Girth Weld,,,,,,nan,,"0.344""",2007,Girth Weld_43181.2,False,43181.15,43181.53
12050.0,40.03,0.344,,43216.77,682.5123,Girth Weld,,,,,,nan,,,2007,Girth Weld_43216.8,False,43216.77,43217.149999999994
12060.0,39.96,0.344,,43256.8,679.2587,Girth Weld,,,,,,nan,,,2007,Girth Weld_43256.8,False,43256.8,43257.18
12070.0,39.93,0.344,,43296.76,680.6947,Girth Weld,,,,,,nan,,,2007,Girth Weld_43296.8,False,43296.76,43297.14
12080.0,40.03,0.344,,43336.69,684.9046,Girth Weld,,,,,,nan,,,2007,Girth Weld_43336.7,False,43336.69,43337.07
12090.0,40.01,0.344,,43376.72,689.1197,Girth Weld,,,,,,nan,,,2007,Girth Weld_43376.7,False,43376.72,43377.1
12100.0,39.91,0.344,,43416.72,692.2795,Girth Weld,,,,,,nan,,,2007,Girth Weld_43416.7,False,43416.72,43417.1
12110.0,39.94,0.344,,43456.64,695.112,Girth Weld,,,,,,nan,,,2007,Girth Weld_43456.6,False,43456.64,43457.02
12120.0,20.47,0.344,,43496.58,697.718,Girth Weld,,,,,,nan,,,2007,Girth Weld_43496.6,False,43496.58,43496.96
12130.0,40.11,0.344,,43517.05,699.0309,Girth Weld,,,,,,nan,,,2007,Girth Weld_43517.1,False,43517.05,43517.43
12140.0,39.96,0.344,,43557.15,700.9822,Girth Weld,,,,,,nan,,,2007,Girth Weld_43557.2,False,43557.15,43557.53
12150.0,39.48,0.344,,43597.12,701.6467,Girth Weld,,,,,,nan,,,2007,Girth Weld_43597.1,False,43597.12,43597.5
,,0.344,-0.77,43597.89,701.6441,Cluster,14.0,,2.4,7.67,,4:45,NO,,2007,Cluster_43597.9,True,43597.89,43598.27
12160.0,40.09,0.344,,43636.59,701.0828,Girth Weld,,,,,,nan,,,2007,Girth Weld_43636.6,False,43636.59,43636.969999999994
,,0.344,-39.27,43675.86,700.3919,Cluster,10.0,,2.64,4.11,,06:00,NO,,2007,Cluster_43675.9,True,43675.86,43676.24
12170.0,40.03,0.344,,43676.68,700.3778,Girth Weld,,,,,,nan,,,2007,Girth Weld_43676.7,False,43676.68,43677.06
,,0.344,-0.8,43677.48,700.3641,Cluster,16.0,,1.32,7.54,,4:36,NO,,2007,Cluster_43677.5,True,43677.48,43677.86
12180.0,27.92,0.344,,43716.71,699.6903,Girth Weld,,,,,,nan,,,2007,Girth Weld_43716.7,False,43716.71,43717.09
12190.0,40.03,0.344,,43744.64,699.158,Girth Weld,,,,,,nan,,,2007,Girth Weld_43744.6,False,43744.64,43745.02
12200.0,40.02,0.344,,43784.67,699.3824,Girth Weld,,,,,,nan,,,2007,Girth Weld_43784.7,False,43784.67,43785.049999999996
12210.0,39.92,0.344,,43824.68,700.1649,Girth Weld,,,,,,nan,,,2007,Girth Weld_43824.7,False,43824.68,43825.06
12220.0,39.93,0.344,,43864.61,700.9767,Girth Weld,,,,,,nan,,,2007,Girth Weld_43864.6,False,43864.61,43864.99
12230.0,39.85,0.344,,43904.53,701.769,Girth Weld,,,,,,nan,,,2007,Girth Weld_43904.5,False,43904.53,43904.909999999996
,,0.344,-20.73,43925.26,701.9519,Metal Loss-Manufacturing Anomaly,15.0,,2.32,0.59,,7:51,,,2007,Metal Loss-Manufacturing Anomaly_43925.3,True,43925.26,43925.64
,,0.344,-24.44,43928.97,701.9672,Metal Loss-Manufacturing Anomaly,14.0,,3.03,0.71,,9:08,,,2007,Metal Loss-Manufacturing Anomaly_43929.0,True,43928.97,43929.35
,,0.344,-25.96,43930.49,701.9641,Metal Loss-Manufacturing Anomaly,13.0,,3.46,0.94,,9:33,,,2007,Metal Loss-Manufacturing Anomaly_43930.5,True,43930.49,43930.869999999995
,,0.344,-25.98,43930.51,701.964,Metal Loss-Manufacturing Anomaly,27.0,,3.42,0.55,,9:23,,,2007,Metal Loss-Manufacturing Anomaly_43930.5,True,43930.51,43930.89
12240.0,40.18,0.344,,43944.39,701.9041,Girth Weld,,,,,,nan,,,2007,Girth Weld_43944.4,False,43944.39,43944.77
,,0.344,-5.46,43949.85,701.8126,Metal Loss,13.0,,1.58,1.42,,2:25,NO,,2007,Metal Loss_43949.8,True,43949.85,43950.229999999996
,,0.344,-5.91,43950.29,701.8019,Metal Loss,10.0,,1.65,2.48,,2:28,NO,,2007,Metal Loss_43950.3,True,43950.29,43950.67
,,0.344,-9.79,43954.18,701.7088,Cluster,13.0,,1.81,2.93,,9:26,NO,,2007,Cluster_43954.2,True,43954.18,43954.56
,,0.344,-11.93,43956.32,701.6575,Cluster,11.0,,2.28,1.91,,2:15,NO,,2007,Cluster_43956.3,True,43956.32,43956.7
,,0.344,-12.36,43956.74,701.6473,Cluster,12.0,,5.46,5.22,,1:43,NO,,2007,Cluster_43956.7,True,43956.74,43957.119999999995
,,0.344,-13.09,43957.47,701.6297,Metal Loss,12.0,,2.4,1.93,,2:21,NO,,2007,Metal Loss_43957.5,True,43957.47,43957.85
,,0.344,-15.5,43959.89,701.5719,Metal Loss,12.0,,3.35,0.83,,9:25,NO,,2007,Metal Loss_43959.9,True,43959.89,43960.27
,,0.344,-18.37,43962.76,701.504,Metal Loss,10.0,,2.24,1.42,,2:21,NO,,2007,Metal Loss_43962.8,True,43962.76,43963.14
,,0.344,-37.18,43981.57,700.8596,Metal Loss,11.0,,0.87,1.18,,5:14,YES,,2007,Metal Loss_43981.6,True,43981.57,43981.95
12250.0,40.0,0.344,,43984.57,700.7119,Girth Weld,,,,,,nan,,,2007,Girth Weld_43984.6,False,43984.57,43984.95
,,0.344,-0.71,43985.28,700.6769,Cluster,16.0,,3.58,7.42,,10:38,NO,,2007,Cluster_43985.3,True,43985.28,43985.659999999996
12260.0,31.12,0.344,,44024.57,698.2204,Girth Weld,,,,,,nan,,,2007,Girth Weld_44024.6,False,44024.57,44024.95
12270.0,39.97,0.344,,44055.69,697.6535,Girth Weld,,,,,,nan,,,2007,Girth Weld_44055.7,False,44055.69,44056.07
,,0.344,-0.62,44056.31,697.6612,Metal Loss,13.0,,5.04,0.59,,7:15,YES,,2007,Metal Loss_44056.3,True,44056.31,44056.689999999995
,,0.344,-0.73,44056.42,697.6626,Cluster,30.0,,1.85,10.89,1.82,5:04,YES,,2007,Cluster_44056.4,True,44056.42,44056.799999999996
12280.0,39.9,0.344,,44095.66,698.9577,Girth Weld,,,,,,nan,,,2007,Girth Weld_44095.7,False,44095.66,44096.04
,,0.344,-5.25,44100.91,699.1291,Cluster,23.0,,10.97,12.82,1.62,5:42,YES,,2007,Cluster_44100.9,True,44100.91,44101.29
,,0.344,-38.94,44134.6,699.8636,Cluster,26.0,,2.95,9.22,1.77,4:16,NO,,2007,Cluster_44134.6,True,44134.6,44134.979999999996
12290.0,39.97,0.344,,44135.55,699.8808,Girth Weld,,,,,,nan,,,2007,Girth Weld_44135.6,False,44135.55,44135.93
12300.0,40.01,0.344,,44175.53,700.3976,Girth Weld,,,,,,nan,,,2007,Girth Weld_44175.5,False,44175.53,44175.909999999996
,,0.344,-38.93,44214.46,700.6012,Cluster,25.0,,4.15,10.91,1.73,3:44,NO,,2007,Cluster_44214.5,True,44214.46,44214.84
12310.0,40.01,0.344,,44215.54,700.6022,Girth Weld,,,,,,nan,,,2007,Girth Weld_44215.5,False,44215.54,44215.92
12320.0,40.01,0.344,,44255.55,700.5637,Girth Weld,,,,,,nan,,,2007,Girth Weld_44255.6,False,44255.55,44255.93
12330.0,39.99,0.344,,44295.57,700.4623,Girth Weld,,,,,,nan,,,2007,Girth Weld_44295.6,False,44295.57,44295.95
12340.0,39.99,0.344,,44335.56,700.2381,Girth Weld,,,,,,nan,,,2007,Girth Weld_44335.6,False,44335.56,44335.939999999995
12350.0,40.03,0.344,,44375.54,700.0114,Girth Weld,,,,,,nan,,,2007,Girth Weld_44375.5,False,44375.54,44375.92
12360.0,40.01,0.344,,44415.58,699.7335,Girth Weld,,,,,,nan,,,2007,Girth Weld_44415.6,False,44415.58,44415.96
12370.0,40.03,0.344,,44455.58,699.4386,Girth Weld,,,,,,nan,,,2007,Girth Weld_44455.6,False,44455.58,44455.96
12380.0,40.03,0.344,,44495.61,699.0476,Girth Weld,,,,,,nan,,,2007,Girth Weld_44495.6,False,44495.61,44495.99
12390.0,23.21,0.344,,44535.64,698.6006,Girth Weld,,,,,,nan,,,2007,Girth Weld_44535.6,False,44535.64,44536.02
12400.0,40.02,0.344,,44558.85,698.3137,Girth Weld,,,,,,nan,,,2007,Girth Weld_44558.8,False,44558.85,44559.229999999996
12410.0,40.07,0.344,,44598.87,697.8775,Girth Weld,,,,,,nan,,,2007,Girth Weld_44598.9,False,44598.87,44599.25
12420.0,39.03,0.344,,44638.93,697.3063,Girth Weld,,,,,,nan,,,2007,Girth Weld_44638.9,False,44638.93,44639.31
,,0.344,-1.18,44640.11,697.2894,Metal Loss,13.0,,0.87,0.83,,6:38,NO,,2007,Metal Loss_44640.1,True,44640.11,44640.49
,,0.344,-2.41,44641.35,697.2719,Metal Loss,12.0,,1.02,0.98,,4:49,NO,,2007,Metal Loss_44641.3,True,44641.35,44641.729999999996
,,0.344,-3.02,44641.95,697.2633,Metal Loss,20.0,,1.38,1.3,1.86,4:51,NO,,2007,Metal Loss_44641.9,True,44641.95,44642.329999999994
,,0.344,-3.55,44642.49,697.2557,Metal Loss,22.0,,1.1,0.83,1.87,4:46,NO,,2007,Metal Loss_44642.5,True,44642.49,44642.869999999995
,,0.344,-9.05,44647.98,697.1778,Cluster,16.0,,6.84,3.81,,4:42,NO,,2007,Cluster_44648.0,True,44647.98,44648.36
12430.0,40.2,0.344,,44677.96,696.6826,Girth Weld,,,,,,nan,,,2007,Girth Weld_44678.0,False,44677.96,44678.34
,,0.344,-20.15,44698.12,696.1631,Metal Loss,13.0,,1.22,1.1,,4:16,NO,,2007,Metal Loss_44698.1,True,44698.12,44698.5
,,0.344,-20.75,44698.71,696.1486,Metal Loss,11.0,,1.1,1.1,,4:35,NO,,2007,Metal Loss_44698.7,True,44698.71,44699.09
,,0.344,-21.25,44699.21,696.1362,Cluster,20.0,,3.23,3.77,1.79,7:38,NO,,2007,Cluster_44699.2,True,44699.21,44699.59
,,0.344,-22.98,44700.94,696.0937,Metal Loss,10.0,,1.3,1.26,,7:56,NO,,2007,Metal Loss_44700.9,True,44700.94,44701.32
,,0.344,-23.27,44701.23,696.0865,Metal Loss,10.0,,0.91,0.91,,4:43,NO,,2007,Metal Loss_44701.2,True,44701.23,44701.61
,,0.344,-25.85,44703.81,696.023,Metal Loss-Manufacturing Anomaly,11.0,,0.47,0.83,,3:55,,,2007,Metal Loss-Manufacturing Anomaly_44703.8,True,44703.81,44704.189999999995
12440.0,39.95,0.344,,44718.17,695.6982,Girth Weld,,,,,,nan,,,2007,Girth Weld_44718.2,False,44718.17,44718.549999999996
,,0.344,-38.87,44757.04,694.8058,Cluster,14.0,,2.92,2.66,,6:17,NO,,2007,Cluster_44757.0,True,44757.04,44757.42
12450.0,40.01,0.344,,44758.11,694.7799,Girth Weld,,,,,,nan,,,2007,Girth Weld_44758.1,False,44758.11,44758.49
12460.0,40.09,0.344,,44798.13,694.7464,Girth Weld,,,,,,nan,,,2007,Girth Weld_44798.1,False,44798.13,44798.509999999995
12470.0,39.87,0.344,,44838.22,695.7125,Girth Weld,,,,,,nan,,,2007,Girth Weld_44838.2,False,44838.22,44838.6
12480.0,39.94,0.344,,44878.09,696.0318,Girth Weld,,,,,,nan,,,2007,Girth Weld_44878.1,False,44878.09,44878.469999999994
12490.0,40.05,0.344,,44918.03,696.2948,Girth Weld,,,,,,nan,,,2007,Girth Weld_44918.0,False,44918.03,44918.409999999996
,,0.344,-0.74,44918.76,696.3026,Metal Loss,17.0,,1.02,8.54,,8:55,NO,,2007,Metal Loss_44918.8,True,44918.76,44919.14
,,0.344,-21.98,44940.0,696.5491,Cluster,15.0,,3.73,5.82,,8:17,NO,,2007,Cluster_44940.0,True,44940.0,44940.38
12500.0,40.13,0.344,,44958.08,696.7703,Girth Weld,,,,,,nan,,,2007,Girth Weld_44958.1,False,44958.08,44958.46
,,0.344,-5.24,44963.32,696.8365,Metal Loss,17.0,,1.06,1.06,,9:07,NO,,2007,Metal Loss_44963.3,True,44963.32,44963.7
,,0.344,-39.01,44997.09,697.265,Cluster,12.0,,4.68,9.8,,4:55,NO,,2007,Cluster_44997.1,True,44997.09,44997.469999999994
12510.0,40.14,0.344,,44998.21,697.2776,Girth Weld,,,,,,nan,,,2007,Girth Weld_44998.2,False,44998.21,44998.59
,,0.344,-14.9,45013.1,697.4398,Metal Loss,17.0,,0.98,0.63,,6:29,NO,,2007,Metal Loss_45013.1,True,45013.1,45013.479999999996
12520.0,39.98,0.344,,45038.35,697.7037,Girth Weld,,,,,,nan,,,2007,Girth Weld_45038.3,False,45038.35,45038.729999999996
12530.0,33.05,0.344,,45078.33,698.2766,Girth Weld,,,,,,nan,,,2007,Girth Weld_45078.3,False,45078.33,45078.71
12540.0,22.19,0.344,,45111.38,698.9762,Girth Weld,,,,,,nan,,,2007,Girth Weld_45111.4,False,45111.38,45111.759999999995
,,0.344,-0.76,45112.14,698.9924,Metal Loss,38.0,,1.1,1.22,1.85,12:30,NO,,2007,Metal Loss_45112.1,True,45112.14,45112.52
,,0.344,-0.76,45112.14,698.9924,Metal Loss,39.0,,1.22,0.59,1.84,12:01,NO,,2007,Metal Loss_45112.1,True,45112.14,45112.52
12550.0,40.04,0.344,,45133.57,699.4208,Girth Weld,,,,,,nan,,,2007,Girth Weld_45133.6,False,45133.57,45133.95
,,0.344,-4.88,45138.44,699.5063,Metal Loss,14.0,,0.98,1.1,,3:57,NO,,2007,Metal Loss_45138.4,True,45138.44,45138.82
,,0.344,-5.64,45139.21,699.5193,Cluster,47.0,,5.47,5.59,1.46,3:34,NO,,2007,Cluster_45139.2,True,45139.21,45139.59
,,0.344,-17.81,45151.38,699.7154,Metal Loss,14.0,,1.22,1.34,,4:21,NO,,2007,Metal Loss_45151.4,True,45151.38,45151.759999999995
,,0.344,-33.26,45166.83,699.9389,Metal Loss-Manufacturing Anomaly,21.0,,0.47,0.55,,5:55,,,2007,Metal Loss-Manufacturing Anomaly_45166.8,True,45166.83,45167.21
12560.0,6.67,0.344,,45173.61,700.0325,Girth Weld,,,,,,nan,,,2007,Girth Weld_45173.6,False,45173.61,45173.99
,,0.344,-1.52,45175.13,700.0533,Metal Loss,22.0,,0.83,1.42,1.88,5:30,NO,,2007,Metal Loss_45175.1,True,45175.13,45175.509999999995
,,0.344,-1.74,45175.35,700.0563,Metal Loss,23.0,,0.94,2.17,1.87,4:54,NO,,2007,Metal Loss_45175.3,True,45175.35,45175.729999999996
12570.0,39.91,0.344,,45180.28,700.1224,Girth Weld,,,,,,nan,,,2007,Girth Weld_45180.3,False,45180.28,45180.659999999996
12580.0,39.89,0.344,,45220.19,700.6343,Girth Weld,,,,,,nan,,,2007,Girth Weld_45220.2,False,45220.19,45220.57
12590.0,39.98,0.344,,45260.07,700.8783,Girth Weld,,,,,,nan,,,2007,Girth Weld_45260.1,False,45260.07,45260.45
12600.0,39.99,0.344,,45300.06,700.0412,Girth Weld,,,,,,nan,,,2007,Girth Weld_45300.1,False,45300.06,45300.439999999995
12610.0,40.01,0.344,,45340.05,697.0301,Girth Weld,,,,,,nan,,,2007,Girth Weld_45340.1,False,45340.05,45340.43
12620.0,40.02,0.344,,45380.06,692.8162,Girth Weld,,,,,,nan,,,2007,Girth Weld_45380.1,False,45380.06,45380.439999999995
12630.0,40.05,0.344,,45420.08,688.0937,Girth Weld,,,,,,nan,,,2007,Girth Weld_45420.1,False,45420.08,45420.46
12640.0,40.01,0.344,,45460.13,683.0006,Girth Weld,,,,,,nan,,,2007,Girth Weld_45460.1,False,45460.13,45460.509999999995
12650.0,40.04,0.344,,45500.14,677.9465,Girth Weld,,,,,,nan,,,2007,Girth Weld_45500.1,False,45500.14,45500.52
12660.0,8.53,0.5,,45540.18,673.1279,Girth Weld,,,,,,nan,,"0.500""",2007,Girth Weld_45540.2,False,45540.18,45540.56
,,,,45544.54,672.6721,Bend,,,,,,nan,,5.8D - 20Â° - Sag,2007,Bend_45544.5,False,45544.54,45544.92
12670.0,39.99,0.344,,45548.71,672.2441,Girth Weld,,,,,,nan,,"0.344""",2007,Girth Weld_45548.7,False,45548.71,45549.09
12680.0,21.28,0.344,,45588.7,668.3896,Girth Weld,,,,,,nan,,,2007,Girth Weld_45588.7,False,45588.7,45589.079999999994
12690.0,40.1,0.344,,45609.98,666.4433,Girth Weld,,,,,,nan,,,2007,Girth Weld_45610.0,False,45609.98,45610.36
12700.0,25.52,0.344,,45650.07,664.9737,Girth Weld,,,,,,nan,,,2007,Girth Weld_45650.1,False,45650.07,45650.45
12710.0,40.04,0.344,,45675.6,666.512,Girth Weld,,,,,,nan,,,2007,Girth Weld_45675.6,False,45675.6,45675.979999999996
,,0.344,-0.81,45676.4,666.559,Cluster,36.0,,3.82,6.49,1.66,6:20,NO,,2007,Cluster_45676.4,True,45676.4,45676.78
12720.0,25.25,0.344,,45715.64,668.8806,Girth Weld,,,,,,nan,,,2007,Girth Weld_45715.6,False,45715.64,45716.02
12730.0,39.99,0.344,,45740.89,670.6509,Girth Weld,,,,,,nan,,,2007,Girth Weld_45740.9,False,45740.89,45741.27
12740.0,39.94,0.344,,45780.89,673.9064,Girth Weld,,,,,,nan,,,2007,Girth Weld_45780.9,False,45780.89,45781.27
12750.0,18.45,0.344,,45820.83,677.396,Girth Weld,,,,,,nan,,,2007,Girth Weld_45820.8,False,45820.83,45821.21
12760.0,39.96,0.344,,45839.28,679.1444,Girth Weld,,,,,,nan,,,2007,Girth Weld_45839.3,False,45839.28,45839.659999999996
12770.0,31.86,0.344,,45879.24,683.0501,Girth Weld,,,,,,nan,,,2007,Girth Weld_45879.2,False,45879.24,45879.619999999995
12780.0,39.97,0.344,,45911.1,686.0843,Girth Weld,,,,,,nan,,,2007,Girth Weld_45911.1,False,45911.1,45911.479999999996
,,0.344,-38.95,45950.05,689.282,Cluster,11.0,,2.63,16.36,,4:27,NO,,2007,Cluster_45950.1,True,45950.05,45950.43
,,0.344,-39.05,45950.15,689.2903,Cluster,14.0,,1.25,2.24,,7:27,NO,,2007,Cluster_45950.2,True,45950.15,45950.53
12790.0,39.82,0.344,,45951.07,689.3637,Girth Weld,,,,,,nan,,,2007,Girth Weld_45951.1,False,45951.07,45951.45
,,0.344,-0.49,45951.57,689.4027,Cluster,10.0,,2.4,5.82,,7:14,NO,,2007,Cluster_45951.6,True,45951.57,45951.95
,,0.344,-0.78,45951.85,689.4256,Cluster,14.0,,2.63,19.0,,5:14,NO,,2007,Cluster_45951.8,True,45951.85,45952.229999999996
12800.0,39.8,0.344,,45990.9,692.1132,Girth Weld,,,,,,nan,,,2007,Girth Weld_45990.9,False,45990.9,45991.28
12810.0,40.04,0.344,,46030.7,694.7511,Girth Weld,,,,,,nan,,,2007,Girth Weld_46030.7,False,46030.7,46031.079999999994
12820.0,40.0,0.344,,46070.74,696.5456,Girth Weld,,,,,,nan,,,2007,Girth Weld_46070.7,False,46070.74,46071.119999999995
,,0.344,-38.9,46109.65,696.3652,Cluster,26.0,,4.52,5.7,1.71,4:49,NO,,2007,Cluster_46109.7,True,46109.65,46110.03
,,0.344,-38.91,46109.65,696.3651,Cluster,24.0,,3.65,5.03,1.75,7:07,NO,,2007,Cluster_46109.7,True,46109.65,46110.03
12830.0,40.18,0.344,,46110.74,696.3379,Girth Weld,,,,,,nan,,,2007,Girth Weld_46110.7,False,46110.74,46111.119999999995
12840.0,40.2,0.344,,46150.92,695.0106,Girth Weld,,,,,,nan,,,2007,Girth Weld_46150.9,False,46150.92,46151.299999999996
,,0.344,-39.1,46190.01,693.4018,Cluster,15.0,,2.56,9.59,,5:32,NO,,2007,Cluster_46190.0,True,46190.01,46190.39
,,0.344,-39.16,46190.08,693.3991,Cluster,14.0,,2.17,4.65,,4:11,NO,,2007,Cluster_46190.1,True,46190.08,46190.46
12850.0,40.18,0.344,,46191.12,693.3585,Girth Weld,,,,,,nan,,,2007,Girth Weld_46191.1,False,46191.12,46191.5
,,0.344,-0.77,46191.89,693.3283,Cluster,12.0,,0.91,7.39,,6:26,NO,,2007,Cluster_46191.9,True,46191.89,46192.27
,,0.344,-0.79,46191.91,693.3277,Metal Loss,11.0,,0.75,1.22,,8:05,NO,,2007,Metal Loss_46191.9,True,46191.91,46192.29
,,0.344,-0.8,46191.92,693.3271,Metal Loss,15.0,,0.87,1.93,,3:44,NO,,2007,Metal Loss_46191.9,True,46191.92,46192.299999999996
,,0.344,-5.74,46196.86,693.1403,Cluster,10.0,,3.97,2.39,,8:11,NO,,2007,Cluster_46196.9,True,46196.86,46197.24
,,0.344,-8.19,46199.31,693.0482,Cluster,11.0,,1.06,3.39,,8:25,NO,,2007,Cluster_46199.3,True,46199.31,46199.689999999995
12860.0,40.0,0.344,,46231.3,691.9705,Girth Weld,,,,,,nan,,,2007,Girth Weld_46231.3,False,46231.3,46231.68
12870.0,39.91,0.344,,46271.31,691.1178,Girth Weld,,,,,,nan,,,2007,Girth Weld_46271.3,False,46271.31,46271.689999999995
,,0.344,-0.79,46272.09,691.1071,Metal Loss,21.0,,1.02,0.91,1.87,9:23,NO,,2007,Metal Loss_46272.1,True,46272.09,46272.469999999994
12880.0,40.05,0.344,,46311.21,690.4431,Girth Weld,,,,,,nan,,,2007,Girth Weld_46311.2,False,46311.21,46311.59
,,0.344,-22.62,46333.84,690.0619,Metal Loss-Manufacturing Anomaly,24.0,,4.57,0.71,,9:03,,,2007,Metal Loss-Manufacturing Anomaly_46333.8,True,46333.84,46334.219999999994
,,0.344,-31.85,46343.06,689.8947,Metal Loss-Manufacturing Anomaly,10.0,,3.98,1.73,,8:57,,,2007,Metal Loss-Manufacturing Anomaly_46343.1,True,46343.06,46343.439999999995
12890.0,40.06,0.344,,46351.26,689.7413,Girth Weld,,,,,,nan,,,2007,Girth Weld_46351.3,False,46351.26,46351.64
,,0.344,-26.55,46377.81,689.2407,Metal Loss-Manufacturing Anomaly,12.0,,0.94,1.06,,7:36,,,2007,Metal Loss-Manufacturing Anomaly_46377.8,True,46377.81,46378.189999999995
12900.0,40.0,0.344,,46391.32,689.0145,Girth Weld,,,,,,nan,,,2007,Girth Weld_46391.3,False,46391.32,46391.7
,,0.344,-39.09,46430.41,688.4641,Metal Loss,38.0,,1.65,1.14,1.81,7:31,NO,,2007,Metal Loss_46430.4,True,46430.41,46430.79
,,0.344,-39.12,46430.44,688.4638,Metal Loss,28.0,,1.06,2.13,1.86,8:03,NO,,2007,Metal Loss_46430.4,True,46430.44,46430.82
12910.0,21.52,0.344,,46431.33,688.4549,Girth Weld,,,,,,nan,,,2007,Girth Weld_46431.3,False,46431.33,46431.71
,,0.344,-0.81,46432.14,688.4468,Metal Loss,10.0,,0.91,0.87,,5:08,NO,,2007,Metal Loss_46432.1,True,46432.14,46432.52
,,0.344,-6.01,46437.34,688.405,Metal Loss-Manufacturing Anomaly,14.0,,0.59,0.71,,7:18,,,2007,Metal Loss-Manufacturing Anomaly_46437.3,True,46437.34,46437.719999999994
12920.0,40.01,0.344,,46452.85,688.2783,Girth Weld,,,,,,nan,,,2007,Girth Weld_46452.8,False,46452.85,46453.229999999996
12930.0,29.43,0.344,,46492.86,688.2593,Girth Weld,,,,,,nan,,,2007,Girth Weld_46492.9,False,46492.86,46493.24
12940.0,39.97,0.344,,46522.29,688.3858,Girth Weld,,,,,,nan,,,2007,Girth Weld_46522.3,False,46522.29,46522.67
12950.0,21.66,0.344,,46562.26,688.6884,Girth Weld,,,,,,nan,,,2007,Girth Weld_46562.3,False,46562.26,46562.64
12960.0,39.94,0.344,,46583.92,688.8914,Girth Weld,,,,,,nan,,,2007,Girth Weld_46583.9,False,46583.92,46584.299999999996
12970.0,33.0,0.344,,46623.86,688.9722,Girth Weld,,,,,,nan,,,2007,Girth Weld_46623.9,False,46623.86,46624.24
12980.0,39.94,0.344,,46656.86,688.8341,Girth Weld,,,,,,nan,,,2007,Girth Weld_46656.9,False,46656.86,46657.24
,,0.344,-7.96,46664.82,688.7538,Metal Loss,20.0,,0.94,0.67,1.87,4:49,NO,,2007,Metal Loss_46664.8,True,46664.82,46665.2
12990.0,10.44,0.5,,46696.8,687.5733,Girth Weld,,,,,,nan,,"0.500""",2007,Girth Weld_46696.8,False,46696.8,46697.18
,,,,46701.98,687.3295,Bend,,,,,,nan,,6.2D - 27Â° - Sag,2007,Bend_46702.0,False,46701.98,46702.36
13000.0,40.04,0.344,,46707.24,687.0396,Girth Weld,,,,,,nan,,"0.344""",2007,Girth Weld_46707.2,False,46707.24,46707.619999999995
,,0.344,-25.88,46733.12,685.3023,Metal Loss,15.0,,0.87,0.94,,8:25,NO,,2007,Metal Loss_46733.1,True,46733.12,46733.5
13010.0,16.23,0.344,,46747.28,684.2921,Girth Weld,,,,,,nan,,,2007,Girth Weld_46747.3,False,46747.28,46747.659999999996
13020.0,39.98,0.344,,46763.51,683.164,Girth Weld,,,,,,nan,,,2007,Girth Weld_46763.5,False,46763.51,46763.89
,,0.344,-0.61,46764.12,683.1255,Cluster,12.0,,3.56,3.48,,4:13,NO,,2007,Cluster_46764.1,True,46764.12,46764.5
,,0.344,-0.75,46764.26,683.1164,Cluster,28.0,,5.63,13.45,1.65,5:15,NO,,2007,Cluster_46764.3,True,46764.26,46764.64
13030.0,40.11,0.344,,46803.49,681.9469,Girth Weld,,,,,,nan,,,2007,Girth Weld_46803.5,False,46803.49,46803.869999999995
13040.0,40.08,0.344,,46843.6,686.0333,Girth Weld,,,,,,nan,,,2007,Girth Weld_46843.6,False,46843.6,46843.979999999996
,,0.344,-26.23,46869.83,688.1264,Metal Loss-Manufacturing Anomaly,12.0,,3.42,4.53,,11:25,,,2007,Metal Loss-Manufacturing Anomaly_46869.8,True,46869.83,46870.21
13050.0,39.88,0.344,,46883.68,689.0854,Girth Weld,,,,,,nan,,,2007,Girth Weld_46883.7,False,46883.68,46884.06
13060.0,40.0,0.344,,46923.56,691.1117,Girth Weld,,,,,,nan,,,2007,Girth Weld_46923.6,False,46923.56,46923.939999999995
13070.0,39.34,0.344,,46963.56,691.8419,Girth Weld,,,,,,nan,,,2007,Girth Weld_46963.6,False,46963.56,46963.939999999995
13080.0,40.0,0.344,,47002.9,692.4095,Girth Weld,,,,,,nan,,,2007,Girth Weld_47002.9,False,47002.9,47003.28
13090.0,39.99,0.344,,47042.9,692.4166,Girth Weld,,,,,,nan,,,2007,Girth Weld_47042.9,False,47042.9,47043.28
13100.0,40.01,0.344,,47082.89,692.1128,Girth Weld,,,,,,nan,,,2007,Girth Weld_47082.9,False,47082.89,47083.27
13110.0,33.94,0.344,,47122.9,691.4038,Girth Weld,,,,,,nan,,,2007,Girth Weld_47122.9,False,47122.9,47123.28
13120.0,3.15,0.344,,47156.85,689.7688,Girth Weld,,,,,,nan,,,2007,Girth Weld_47156.8,False,47156.85,47157.229999999996
13130.0,8.39,0.5,,47160.0,689.5131,Girth Weld,,,,,,nan,,"0.500""",2007,Girth Weld_47160.0,False,47160.0,47160.38
,,,,47164.09,689.1498,Bend,,,,,,nan,,6.8D - 16Â° - Sag,2007,Bend_47164.1,False,47164.09,47164.469999999994
13140.0,40.11,0.344,,47168.39,688.7357,Girth Weld,,,,,,nan,,"0.344""",2007,Girth Weld_47168.4,False,47168.39,47168.77
13150.0,28.21,0.344,,47208.5,684.7874,Girth Weld,,,,,,nan,,,2007,Girth Weld_47208.5,False,47208.5,47208.88
13160.0,7.14,0.344,,47236.71,681.7666,Girth Weld,,,,,,nan,,,2007,Girth Weld_47236.7,False,47236.71,47237.09
13170.0,11.71,0.344,,47243.85,681.2745,Girth Weld,,,,,,nan,,,2007,Girth Weld_47243.8,False,47243.85,47244.229999999996
13180.0,9.91,0.344,,47255.56,680.5365,Girth Weld,,,,,,nan,,,2007,Girth Weld_47255.6,False,47255.56,47255.939999999995
13190.0,21.04,0.344,,47265.47,680.8728,Girth Weld,,,,,,nan,,,2007,Girth Weld_47265.5,False,47265.47,47265.85
,,0.344,-0.75,47266.22,680.9187,Cluster,11.0,,3.04,7.08,,3:19,NO,,2007,Cluster_47266.2,True,47266.22,47266.6
,,0.344,-0.77,47266.24,680.9203,Metal Loss,12.0,,0.94,1.97,,1:47,NO,,2007,Metal Loss_47266.2,True,47266.24,47266.619999999995
13200.0,40.06,0.344,,47286.51,682.4632,Girth Weld,,,,,,nan,,,2007,Girth Weld_47286.5,False,47286.51,47286.89
,,0.344,-11.8,47298.31,683.6045,Cluster,11.0,,4.48,1.49,,12:16,NO,,2007,Cluster_47298.3,True,47298.31,47298.689999999995
,,0.344,-12.71,47299.22,683.6899,Metal Loss,14.0,,0.71,0.87,,12:15,NO,,2007,Metal Loss_47299.2,True,47299.22,47299.6
,,0.344,-38.92,47325.43,686.1354,Cluster,21.0,,5.09,23.79,1.73,3:43,NO,,2007,Cluster_47325.4,True,47325.43,47325.81
,,0.344,-38.99,47325.5,686.1422,Cluster,10.0,,3.55,7.37,,8:37,NO,,2007,Cluster_47325.5,True,47325.5,47325.88
13210.0,40.08,0.344,,47326.57,686.2447,Girth Weld,,,,,,nan,,,2007,Girth Weld_47326.6,False,47326.57,47326.95
,,0.344,-0.79,47327.36,686.32,Cluster,20.0,,1.61,9.17,1.85,1:15,NO,,2007,Cluster_47327.4,True,47327.36,47327.74
13220.0,39.89,0.344,,47366.65,690.0776,Girth Weld,,,,,,nan,,,2007,Girth Weld_47366.7,False,47366.65,47367.03
,,0.344,-6.96,47373.61,690.6943,Metal Loss-Manufacturing Anomaly,11.0,,0.43,0.71,,4:39,,,2007,Metal Loss-Manufacturing Anomaly_47373.6,True,47373.61,47373.99
,,0.344,-7.11,47373.76,690.7073,Metal Loss-Manufacturing Anomaly,14.0,,0.63,0.71,,4:34,,,2007,Metal Loss-Manufacturing Anomaly_47373.8,True,47373.76,47374.14
13230.0,39.97,0.344,,47406.54,693.2754,Girth Weld,,,,,,nan,,,2007,Girth Weld_47406.5,False,47406.54,47406.92
13240.0,40.0,0.344,,47446.51,694.842,Girth Weld,,,,,,nan,,,2007,Girth Weld_47446.5,False,47446.51,47446.89
13250.0,22.83,0.344,,47486.51,694.9198,Girth Weld,,,,,,nan,,,2007,Girth Weld_47486.5,False,47486.51,47486.89
13260.0,39.99,0.344,,47509.34,694.7847,Girth Weld,,,,,,nan,,,2007,Girth Weld_47509.3,False,47509.34,47509.719999999994
,,0.344,-38.8,47548.14,694.5206,Cluster,33.0,,4.97,18.45,1.63,4:45,NO,,2007,Cluster_47548.1,True,47548.14,47548.52
,,0.344,-39.08,47548.42,694.5181,Metal Loss,15.0,,0.91,1.42,,4:05,NO,,2007,Metal Loss_47548.4,True,47548.42,47548.799999999996
13270.0,39.94,0.344,,47549.33,694.5094,Girth Weld,,,,,,nan,,,2007,Girth Weld_47549.3,False,47549.33,47549.71
13280.0,39.32,0.344,,47589.26,694.159,Girth Weld,,,,,,nan,,,2007,Girth Weld_47589.3,False,47589.26,47589.64
13290.0,22.1,0.344,,47628.58,693.894,Girth Weld,,,,,,nan,,,2007,Girth Weld_47628.6,False,47628.58,47628.96
13300.0,36.01,0.344,,47650.68,693.6067,Girth Weld,,,,,,nan,,,2007,Girth Weld_47650.7,False,47650.68,47651.06
13310.0,8.11,0.5,,47686.69,693.043,Girth Weld,,,,,,nan,,"0.500""",2007,Girth Weld_47686.7,False,47686.69,47687.07
,,,,47690.82,692.973,Bend,,,,,,nan,,6.0D - 18Â° - Sag,2007,Bend_47690.8,False,47690.82,47691.2
13320.0,10.0,0.344,,47694.8,692.9055,Girth Weld,,,,,,nan,,"0.344""",2007,Girth Weld_47694.8,False,47694.8,47695.18
13330.0,40.06,0.344,,47704.8,692.7326,Girth Weld,,,,,,nan,,,2007,Girth Weld_47704.8,False,47704.8,47705.18
,,0.344,-0.84,47705.64,692.7179,Metal Loss,10.0,,1.18,0.94,,5:35,NO,,2007,Metal Loss_47705.6,True,47705.64,47706.02
13340.0,39.96,0.344,,47744.86,691.8446,Girth Weld,,,,,,nan,,,2007,Girth Weld_47744.9,False,47744.86,47745.24
13350.0,39.95,0.344,,47784.82,690.0371,Girth Weld,,,,,,nan,,,2007,Girth Weld_47784.8,False,47784.82,47785.2
,,,,47797.69,690.9036,Above Ground Marker,,,,,,nan,,AGM 9,2007,Above Ground Marker_47797.7,False,47797.69,47798.07
13360.0,39.98,0.344,,47824.77,692.6482,Girth Weld,,,,,,nan,,,2007,Girth Weld_47824.8,False,47824.77,47825.149999999994
13370.0,39.99,0.344,,47864.75,694.0339,Girth Weld,,,,,,nan,,,2007,Girth Weld_47864.8,False,47864.75,47865.13
13380.0,39.98,0.344,,47904.74,694.4448,Girth Weld,,,,,,nan,,,2007,Girth Weld_47904.7,False,47904.74,47905.119999999995
13390.0,40.03,0.344,,47944.71,694.8851,Girth Weld,,,,,,nan,,,2007,Girth Weld_47944.7,False,47944.71,47945.09
13400.0,40.06,0.344,,47984.74,695.1269,Girth Weld,,,,,,nan,,,2007,Girth Weld_47984.7,False,47984.74,47985.119999999995
13410.0,10.95,0.344,,48024.8,695.0752,Girth Weld,,,,,,nan,,,2007,Girth Weld_48024.8,False,48024.8,48025.18
13420.0,15.92,0.344,,48035.75,695.0495,Girth Weld,,,,,,nan,,,2007,Girth Weld_48035.8,False,48035.75,48036.13
13430.0,39.98,0.344,,48051.67,695.0058,Girth Weld,,,,,,nan,,,2007,Girth Weld_48051.7,False,48051.67,48052.049999999996
13440.0,13.02,0.344,,48091.65,694.8514,Girth Weld,,,,,,nan,,,2007,Girth Weld_48091.7,False,48091.65,48092.03
13450.0,40.08,0.344,,48104.66,694.7578,Girth Weld,,,,,,nan,,,2007,Girth Weld_48104.7,False,48104.66,48105.04
13460.0,40.04,0.344,,48144.75,694.306,Girth Weld,,,,,,nan,,,2007,Girth Weld_48144.8,False,48144.75,48145.13
13470.0,40.09,0.344,,48184.79,693.7447,Girth Weld,,,,,,nan,,,2007,Girth Weld_48184.8,False,48184.79,48185.17
13480.0,40.03,0.344,,48224.88,692.7518,Girth Weld,,,,,,nan,,,2007,Girth Weld_48224.9,False,48224.88,48225.259999999995
13490.0,39.96,0.344,,48264.9,690.8214,Girth Weld,,,,,,nan,,,2007,Girth Weld_48264.9,False,48264.9,48265.28
13500.0,40.03,0.344,,48304.86,687.1425,Girth Weld,,,,,,nan,,,2007,Girth Weld_48304.9,False,48304.86,48305.24
13510.0,39.95,0.344,,48344.9,682.7493,Girth Weld,,,,,,nan,,,2007,Girth Weld_48344.9,False,48344.9,48345.28
13520.0,39.94,0.344,,48384.85,678.8764,Girth Weld,,,,,,nan,,,2007,Girth Weld_48384.8,False,48384.85,48385.229999999996
13530.0,39.95,0.344,,48424.79,675.2872,Girth Weld,,,,,,nan,,,2007,Girth Weld_48424.8,False,48424.79,48425.17
13540.0,39.95,0.344,,48464.74,672.5162,Girth Weld,,,,,,nan,,,2007,Girth Weld_48464.7,False,48464.74,48465.119999999995
13550.0,8.18,0.344,,48504.69,671.4204,Girth Weld,,,,,,nan,,,2007,Girth Weld_48504.7,False,48504.69,48505.07
13560.0,11.6,0.5,,48512.87,671.357,Girth Weld,,,,,,nan,,"0.500""",2007,Girth Weld_48512.9,False,48512.87,48513.25
,,,,48518.68,671.325,Bend,,,,,,nan,,6.4D - 30Â° - Over,2007,Bend_48518.7,False,48518.68,48519.06
13570.0,7.32,0.344,,48524.47,671.2964,Girth Weld,,,,,,nan,,"0.344""",2007,Girth Weld_48524.5,False,48524.47,48524.85
13580.0,11.16,0.5,,48531.79,671.272,Girth Weld,,,,,,nan,,"0.500""",2007,Girth Weld_48531.8,False,48531.79,48532.17
,,,,48537.35,671.2558,Bend,,,,,,nan,,5.4D - 39Â° - Sag,2007,Bend_48537.3,False,48537.35,48537.729999999996
13590.0,26.93,0.344,,48542.94,671.2408,Girth Weld,,,,,,nan,,"0.344""",2007,Girth Weld_48542.9,False,48542.94,48543.32
13600.0,11.22,0.5,,48569.87,671.1134,Girth Weld,,,,,,nan,,"0.500""",2007,Girth Weld_48569.9,False,48569.87,48570.25
,,,,48575.34,671.0826,Bend,,,,,,nan,,6.2D - 28Â° - Sag,2007,Bend_48575.3,False,48575.34,48575.719999999994
13610.0,9.31,0.344,,48581.09,671.0544,Girth Weld,,,,,,nan,,"0.344""",2007,Girth Weld_48581.1,False,48581.09,48581.469999999994
13620.0,9.59,0.5,,48590.4,671.0278,Girth Weld,,,,,,nan,,"0.500""",2007,Girth Weld_48590.4,False,48590.4,48590.78
,,,,48595.23,671.0359,Bend,,,,,,nan,,5.5D - 31Â° - Over,2007,Bend_48595.2,False,48595.23,48595.61
13630.0,14.62,0.344,,48599.99,671.0535,Girth Weld,,,,,,nan,,"0.344""",2007,Girth Weld_48600.0,False,48599.99,48600.369999999995
13640.0,40.0,0.344,,48614.61,670.912,Girth Weld,,,,,,nan,,,2007,Girth Weld_48614.6,False,48614.61,48614.99
13650.0,39.91,0.344,,48654.61,667.5953,Girth Weld,,,,,,nan,,,2007,Girth Weld_48654.6,False,48654.61,48654.99
,,0.344,-25.8,48680.41,669.5126,Metal Loss-Manufacturing Anomaly,22.0,,4.02,0.59,,3:46,,,2007,Metal Loss-Manufacturing Anomaly_48680.4,True,48680.41,48680.79
13660.0,39.95,0.344,,48694.52,672.013,Girth Weld,,,,,,nan,,,2007,Girth Weld_48694.5,False,48694.52,48694.899999999994
13670.0,39.74,0.344,,48734.47,674.6374,Girth Weld,,,,,,nan,,,2007,Girth Weld_48734.5,False,48734.47,48734.85
13680.0,19.94,0.344,,48774.21,679.3526,Girth Weld,,,,,,nan,,,2007,Girth Weld_48774.2,False,48774.21,48774.59
13690.0,10.18,0.5,,48794.14,682.2839,Girth Weld,,,,,,nan,,"0.500""",2007,Girth Weld_48794.1,False,48794.14,48794.52
,,,,48799.17,683.0261,Bend,,,,,,nan,,6.1D - 25Â° - Over,2007,Bend_48799.2,False,48799.17,48799.549999999996
13700.0,28.99,0.344,,48804.32,683.7882,Girth Weld,,,,,,nan,,"0.344""",2007,Girth Weld_48804.3,False,48804.32,48804.7
,,0.344,-0.51,48804.83,683.8631,Cluster,36.0,,6.95,8.27,1.53,5:14,NO,,2007,Cluster_48804.8,True,48804.83,48805.21
13710.0,39.8,0.344,,48833.32,688.156,Girth Weld,,,,,,nan,,,2007,Girth Weld_48833.3,False,48833.32,48833.7
13720.0,40.0,0.344,,48873.12,695.0594,Girth Weld,,,,,,nan,,,2007,Girth Weld_48873.1,False,48873.12,48873.5
13730.0,39.97,0.344,,48913.12,699.4417,Girth Weld,,,,,,nan,,,2007,Girth Weld_48913.1,False,48913.12,48913.5
13740.0,39.83,0.344,,48953.1,700.2637,Girth Weld,,,,,,nan,,,2007,Girth Weld_48953.1,False,48953.1,48953.479999999996
13750.0,39.89,0.344,,48992.93,700.9696,Girth Weld,,,,,,nan,,,2007,Girth Weld_48992.9,False,48992.93,48993.31
13760.0,39.82,0.344,,49032.82,701.2614,Girth Weld,,,,,,nan,,,2007,Girth Weld_49032.8,False,49032.82,49033.2
13770.0,40.0,0.344,,49072.64,701.19,Girth Weld,,,,,,nan,,,2007,Girth Weld_49072.6,False,49072.64,49073.02
13780.0,17.57,0.344,,49112.64,701.1608,Girth Weld,,,,,,nan,,,2007,Girth Weld_49112.6,False,49112.64,49113.02
13790.0,39.99,0.344,,49130.2,701.1813,Girth Weld,,,,,,nan,,,2007,Girth Weld_49130.2,False,49130.2,49130.579999999994
13800.0,39.99,0.344,,49170.19,701.3826,Girth Weld,,,,,,nan,,,2007,Girth Weld_49170.2,False,49170.19,49170.57
13810.0,39.99,0.344,,49210.18,701.6884,Girth Weld,,,,,,nan,,,2007,Girth Weld_49210.2,False,49210.18,49210.56
13820.0,39.99,0.344,,49250.17,701.9085,Girth Weld,,,,,,nan,,,2007,Girth Weld_49250.2,False,49250.17,49250.549999999996
13830.0,39.73,0.344,,49290.15,702.1251,Girth Weld,,,,,,nan,,,2007,Girth Weld_49290.2,False,49290.15,49290.53
13840.0,40.02,0.344,,49329.88,702.0328,Girth Weld,,,,,,nan,,,2007,Girth Weld_49329.9,False,49329.88,49330.259999999995
13850.0,39.98,0.344,,49369.9,701.604,Girth Weld,,,,,,nan,,,2007,Girth Weld_49369.9,False,49369.9,49370.28
13860.0,39.69,0.344,,49409.88,701.0546,Girth Weld,,,,,,nan,,,2007,Girth Weld_49409.9,False,49409.88,49410.259999999995
13870.0,39.94,0.344,,49449.57,700.4645,Girth Weld,,,,,,nan,,,2007,Girth Weld_49449.6,False,49449.57,49449.95
13880.0,39.94,0.344,,49489.51,699.911,Girth Weld,,,,,,nan,,,2007,Girth Weld_49489.5,False,49489.51,49489.89
13890.0,38.81,0.344,,49529.46,699.3055,Girth Weld,,,,,,nan,,,2007,Girth Weld_49529.5,False,49529.46,49529.84
13900.0,39.98,0.344,,49568.26,698.7208,Girth Weld,,,,,,nan,,,2007,Girth Weld_49568.3,False,49568.26,49568.64
13910.0,39.97,0.344,,49608.24,698.3822,Girth Weld,,,,,,nan,,,2007,Girth Weld_49608.2,False,49608.24,49608.619999999995
13920.0,39.97,0.344,,49648.21,698.3705,Girth Weld,,,,,,nan,,,2007,Girth Weld_49648.2,False,49648.21,49648.59
13930.0,39.96,0.344,,49688.18,698.656,Girth Weld,,,,,,nan,,,2007,Girth Weld_49688.2,False,49688.18,49688.56
13940.0,39.92,0.344,,49728.14,698.9004,Girth Weld,,,,,,nan,,,2007,Girth Weld_49728.1,False,49728.14,49728.52
13950.0,40.07,0.344,,49768.06,699.2712,Girth Weld,,,,,,nan,,,2007,Girth Weld_49768.1,False,49768.06,49768.439999999995
,,0.344,-0.57,49768.63,699.2772,Cluster,26.0,,5.08,10.77,1.69,3:55,NO,,2007,Cluster_49768.6,True,49768.63,49769.009999999995
13960.0,40.0,0.344,,49808.13,699.5896,Girth Weld,,,,,,nan,,,2007,Girth Weld_49808.1,False,49808.13,49808.509999999995
13970.0,40.02,0.344,,49848.12,699.5023,Girth Weld,,,,,,nan,,,2007,Girth Weld_49848.1,False,49848.12,49848.5
13980.0,39.96,0.344,,49888.14,699.3507,Girth Weld,,,,,,nan,,,2007,Girth Weld_49888.1,False,49888.14,49888.52
13990.0,39.97,0.344,,49928.1,698.4258,Girth Weld,,,,,,nan,,,2007,Girth Weld_49928.1,False,49928.1,49928.479999999996
14000.0,40.02,0.344,,49968.07,697.0881,Girth Weld,,,,,,nan,,,2007,Girth Weld_49968.1,False,49968.07,49968.45
14010.0,39.99,0.344,,50008.09,695.3183,Girth Weld,,,,,,nan,,,2007,Girth Weld_50008.1,False,50008.09,50008.469999999994
14020.0,40.0,0.344,,50048.08,693.5312,Girth Weld,,,,,,nan,,,2007,Girth Weld_50048.1,False,50048.08,50048.46
14030.0,39.99,0.344,,50088.07,692.0064,Girth Weld,,,,,,nan,,,2007,Girth Weld_50088.1,False,50088.07,50088.45
14040.0,39.93,0.344,,50128.07,690.5383,Girth Weld,,,,,,nan,,,2007,Girth Weld_50128.1,False,50128.07,50128.45
14050.0,10.22,0.5,,50168.0,688.8038,Girth Weld,,,,,,nan,,"0.500""",2007,Girth Weld_50168.0,False,50168.0,50168.38
,,,,50173.33,688.489,Bend,,,,,,nan,,6.2D - 26Â° - Sag,2007,Bend_50173.3,False,50173.33,50173.71
14060.0,40.06,0.344,,50178.22,688.1972,Girth Weld,,,,,,nan,,"0.344""",2007,Girth Weld_50178.2,False,50178.22,50178.6
,,0.344,-14.11,50192.33,687.4183,Cluster,20.0,,4.67,1.53,1.75,8:37,NO,,2007,Cluster_50192.3,True,50192.33,50192.71
,,0.344,-15.8,50194.02,687.3295,Metal Loss,12.0,,0.98,1.06,,8:48,NO,,2007,Metal Loss_50194.0,True,50194.02,50194.399999999994
,,0.344,-18.35,50196.57,687.1957,Metal Loss,10.0,,0.87,0.91,,9:07,NO,,2007,Metal Loss_50196.6,True,50196.57,50196.95
,,0.344,-20.95,50199.17,687.0591,Cluster,33.0,,10.43,5.57,1.5,4:15,YES,,2007,Cluster_50199.2,True,50199.17,50199.549999999996
,,0.344,-21.94,50200.15,687.0075,Cluster,17.0,,4.44,0.98,,4:37,YES,,2007,Cluster_50200.2,True,50200.15,50200.53
,,0.344,-22.43,50200.65,686.982,Metal Loss,19.0,,3.15,1.73,,4:29,YES,,2007,Metal Loss_50200.7,True,50200.65,50201.03
,,0.344,-22.82,50201.03,686.9637,Metal Loss,16.0,,0.63,0.71,,4:38,YES,,2007,Metal Loss_50201.0,True,50201.03,50201.409999999996
14070.0,16.85,0.344,,50218.28,686.2226,Girth Weld,,,,,,nan,,,2007,Girth Weld_50218.3,False,50218.28,50218.659999999996
14080.0,39.94,0.344,,50235.13,685.0993,Girth Weld,,,,,,nan,,,2007,Girth Weld_50235.1,False,50235.13,50235.509999999995
14090.0,39.99,0.344,,50275.07,681.6718,Girth Weld,,,,,,nan,,,2007,Girth Weld_50275.1,False,50275.07,50275.45
14100.0,39.97,0.344,,50315.06,683.8547,Girth Weld,,,,,,nan,,,2007,Girth Weld_50315.1,False,50315.06,50315.439999999995
14110.0,39.96,0.344,,50355.03,684.9084,Girth Weld,,,,,,nan,,,2007,Girth Weld_50355.0,False,50355.03,50355.409999999996
14120.0,36.2,0.344,,50394.98,685.4024,Girth Weld,,,,,,nan,,,2007,Girth Weld_50395.0,False,50394.98,50395.36
14130.0,39.95,0.344,,50431.18,685.3991,Girth Weld,,,,,,nan,,,2007,Girth Weld_50431.2,False,50431.18,50431.56
14140.0,39.99,0.344,,50471.13,685.115,Girth Weld,,,,,,nan,,,2007,Girth Weld_50471.1,False,50471.13,50471.509999999995
14150.0,39.78,0.344,,50511.12,684.7667,Girth Weld,,,,,,nan,,,2007,Girth Weld_50511.1,False,50511.12,50511.5
14160.0,39.98,0.344,,50550.9,684.3339,Girth Weld,,,,,,nan,,,2007,Girth Weld_50550.9,False,50550.9,50551.28
14170.0,39.91,0.344,,50590.87,683.7875,Girth Weld,,,,,,nan,,,2007,Girth Weld_50590.9,False,50590.87,50591.25
14180.0,39.92,0.344,,50630.78,683.2049,Girth Weld,,,,,,nan,,,2007,Girth Weld_50630.8,False,50630.78,50631.159999999996
14190.0,39.96,0.344,,50670.7,682.6575,Girth Weld,,,,,,nan,,,2007,Girth Weld_50670.7,False,50670.7,50671.079999999994
,,0.344,-10.34,50681.04,682.5446,Metal Loss-Manufacturing Anomaly,15.0,,1.97,0.59,,10:07,,,2007,Metal Loss-Manufacturing Anomaly_50681.0,True,50681.04,50681.42
14200.0,39.99,0.344,,50710.66,682.2742,Girth Weld,,,,,,nan,,,2007,Girth Weld_50710.7,False,50710.66,50711.04
,,0.344,-28.03,50738.69,681.9054,Metal Loss,16.0,,0.59,0.71,,6:38,YES,,2007,Metal Loss_50738.7,True,50738.69,50739.07
14210.0,39.99,0.344,,50750.64,681.7075,Girth Weld,,,,,,nan,,,2007,Girth Weld_50750.6,False,50750.64,50751.02
14220.0,39.96,0.344,,50790.63,681.1106,Girth Weld,,,,,,nan,,,2007,Girth Weld_50790.6,False,50790.63,50791.009999999995
14230.0,39.98,0.344,,50830.6,680.382,Girth Weld,,,,,,nan,,,2007,Girth Weld_50830.6,False,50830.6,50830.979999999996
14240.0,39.4,0.344,,50870.58,679.3184,Girth Weld,,,,,,nan,,,2007,Girth Weld_50870.6,False,50870.58,50870.96
14250.0,39.91,0.344,,50909.98,678.2375,Girth Weld,,,,,,nan,,,2007,Girth Weld_50910.0,False,50909.98,50910.36
14260.0,39.98,0.344,,50949.88,677.2478,Girth Weld,,,,,,nan,,,2007,Girth Weld_50949.9,False,50949.88,50950.259999999995
14270.0,39.94,0.344,,50989.86,675.9984,Girth Weld,,,,,,nan,,,2007,Girth Weld_50989.9,False,50989.86,50990.24
14280.0,39.93,0.344,,51029.8,674.169,Girth Weld,,,,,,nan,,,2007,Girth Weld_51029.8,False,51029.8,51030.18
14290.0,39.84,0.344,,51069.73,672.0218,Girth Weld,,,,,,nan,,,2007,Girth Weld_51069.7,False,51069.73,51070.11
14300.0,38.94,0.344,,51109.57,671.25,Girth Weld,,,,,,nan,,,2007,Girth Weld_51109.6,False,51109.57,51109.95
,,0.344,-11.02,51120.59,670.9346,Metal Loss-Manufacturing Anomaly,14.0,,0.47,0.71,,10:34,,,2007,Metal Loss-Manufacturing Anomaly_51120.6,True,51120.59,51120.969999999994
14310.0,40.28,0.344,,51148.51,670.0549,Girth Weld,,,,,,nan,,,2007,Girth Weld_51148.5,False,51148.51,51148.89
,,0.344,-39.51,51188.03,668.1886,Cluster,10.0,,2.48,5.22,,7:28,NO,,2007,Cluster_51188.0,True,51188.03,51188.409999999996
14320.0,7.56,0.5,,51188.79,668.1494,Girth Weld,,,,,,nan,,"0.500""",2007,Girth Weld_51188.8,False,51188.79,51189.17
,,,,51192.47,667.9623,Bend,,,,,,nan,,5.6D - 17Â° - Over,2007,Bend_51192.5,False,51192.47,51192.85
14330.0,13.36,0.344,,51196.36,667.7648,Girth Weld,,,,,,nan,,"0.344""",2007,Girth Weld_51196.4,False,51196.36,51196.74
14340.0,12.67,0.5,,51209.71,667.0852,Girth Weld,,,,,,nan,,"0.500""",2007,Girth Weld_51209.7,False,51209.71,51210.09
,,,,51216.51,666.7344,Bend,,,,,,nan,,5.7D - 42Â° - Sag,2007,Bend_51216.5,False,51216.51,51216.89
14350.0,10.46,0.344,,51222.38,666.4216,Girth Weld,,,,,,nan,,"0.344""",2007,Girth Weld_51222.4,False,51222.38,51222.759999999995
14360.0,7.58,0.5,,51232.84,665.8496,Girth Weld,,,,,,nan,,"0.500""",2007,Girth Weld_51232.8,False,51232.84,51233.219999999994
,,,,51236.72,665.6334,Bend,,,,,,nan,,5.4D - 20Â° - Over,2007,Bend_51236.7,False,51236.72,51237.1
14370.0,40.26,0.344,,51240.43,665.424,Girth Weld,,,,,,nan,,"0.344""",2007,Girth Weld_51240.4,False,51240.43,51240.81
14380.0,39.31,0.344,,51280.69,663.3019,Girth Weld,,,,,,nan,,,2007,Girth Weld_51280.7,False,51280.69,51281.07
14390.0,10.84,0.344,,51319.99,659.8516,Girth Weld,,,,,,nan,,,2007,Girth Weld_51320.0,False,51319.99,51320.369999999995
14400.0,31.65,0.344,,51330.83,660.2038,Girth Weld,,,,,,nan,,,2007,Girth Weld_51330.8,False,51330.83,51331.21
14410.0,29.36,0.344,,51362.48,662.2911,Girth Weld,,,,,,nan,,,2007,Girth Weld_51362.5,False,51362.48,51362.86
14420.0,10.49,0.344,,51391.84,663.3579,Girth Weld,,,,,,nan,,,2007,Girth Weld_51391.8,False,51391.84,51392.219999999994
14430.0,39.83,0.344,,51402.33,663.7855,Girth Weld,,,,,,nan,,,2007,Girth Weld_51402.3,False,51402.33,51402.71
14440.0,39.92,0.344,,51442.16,665.4374,Girth Weld,,,,,,nan,,,2007,Girth Weld_51442.2,False,51442.16,51442.54
14450.0,39.99,0.344,,51482.08,666.9941,Girth Weld,,,,,,nan,,,2007,Girth Weld_51482.1,False,51482.08,51482.46
14460.0,11.97,0.5,,51522.07,667.6325,Girth Weld,,,,,,nan,,"0.500""",2007,Girth Weld_51522.1,False,51522.07,51522.45
,,,,51528.13,667.7262,Bend,,,,,,nan,,5.7D - 37Â° - Sag,2007,Bend_51528.1,False,51528.13,51528.509999999995
14470.0,40.05,0.344,,51534.04,667.785,Girth Weld,,,,,,nan,,"0.344""",2007,Girth Weld_51534.0,False,51534.04,51534.42
14480.0,18.42,0.344,,51574.08,667.226,Girth Weld,,,,,,nan,,,2007,Girth Weld_51574.1,False,51574.08,51574.46
14490.0,12.99,0.344,,51592.51,665.9563,Girth Weld,,,,,,nan,,,2007,Girth Weld_51592.5,False,51592.51,51592.89
14500.0,26.38,0.344,,51605.5,664.7436,Girth Weld,,,,,,nan,,,2007,Girth Weld_51605.5,False,51605.5,51605.88
14510.0,39.59,0.344,,51631.88,661.6842,Girth Weld,,,,,,nan,,,2007,Girth Weld_51631.9,False,51631.88,51632.259999999995
14520.0,19.87,0.344,,51671.47,664.867,Girth Weld,,,,,,nan,,,2007,Girth Weld_51671.5,False,51671.47,51671.85
14530.0,28.14,0.344,,51691.33,666.9375,Girth Weld,,,,,,nan,,,2007,Girth Weld_51691.3,False,51691.33,51691.71
14540.0,39.9,0.344,,51719.48,668.9896,Girth Weld,,,,,,nan,,,2007,Girth Weld_51719.5,False,51719.48,51719.86
14550.0,32.04,0.344,,51759.38,670.7397,Girth Weld,,,,,,nan,,,2007,Girth Weld_51759.4,False,51759.38,51759.759999999995
14560.0,40.03,0.344,,51791.42,671.7677,Girth Weld,,,,,,nan,,,2007,Girth Weld_51791.4,False,51791.42,51791.799999999996
14570.0,32.95,0.344,,51831.45,672.6388,Girth Weld,,,,,,nan,,,2007,Girth Weld_51831.4,False,51831.45,51831.829999999994
14580.0,23.57,0.344,,51864.4,673.0388,Girth Weld,,,,,,nan,,,2007,Girth Weld_51864.4,False,51864.4,51864.78
14590.0,40.01,0.344,,51887.97,673.3307,Girth Weld,,,,,,nan,,,2007,Girth Weld_51888.0,False,51887.97,51888.35
,,0.344,-2.84,51890.81,673.3727,Metal Loss-Manufacturing Anomaly,18.0,,0.59,0.71,,7:06,,,2007,Metal Loss-Manufacturing Anomaly_51890.8,True,51890.81,51891.189999999995
14600.0,40.01,0.344,,51927.99,673.8404,Girth Weld,,,,,,nan,,,2007,Girth Weld_51928.0,False,51927.99,51928.369999999995
14610.0,40.0,0.344,,51968.0,674.2345,Girth Weld,,,,,,nan,,,2007,Girth Weld_51968.0,False,51968.0,51968.38
14620.0,40.01,0.344,,52008.0,674.6763,Girth Weld,,,,,,nan,,,2007,Girth Weld_52008.0,False,52008.0,52008.38
14630.0,40.04,0.344,,52048.02,674.9811,Girth Weld,,,,,,nan,,,2007,Girth Weld_52048.0,False,52048.02,52048.399999999994
14640.0,39.87,0.344,,52088.06,675.3789,Girth Weld,,,,,,nan,,,2007,Girth Weld_52088.1,False,52088.06,52088.439999999995
14650.0,40.03,0.344,,52127.93,675.5352,Girth Weld,,,,,,nan,,,2007,Girth Weld_52127.9,False,52127.93,52128.31
14660.0,40.02,0.344,,52167.96,675.4096,Girth Weld,,,,,,nan,,,2007,Girth Weld_52168.0,False,52167.96,52168.34
14670.0,40.05,0.344,,52207.98,675.3593,Girth Weld,,,,,,nan,,,2007,Girth Weld_52208.0,False,52207.98,52208.36
14680.0,40.05,0.344,,52248.02,675.3429,Girth Weld,,,,,,nan,,,2007,Girth Weld_52248.0,False,52248.02,52248.399999999994
14690.0,40.03,0.344,,52288.07,675.3506,Girth Weld,,,,,,nan,,,2007,Girth Weld_52288.1,False,52288.07,52288.45
14700.0,40.03,0.344,,52328.1,675.4152,Girth Weld,,,,,,nan,,,2007,Girth Weld_52328.1,False,52328.1,52328.479999999996
14710.0,39.93,0.344,,52368.14,675.972,Girth Weld,,,,,,nan,,,2007,Girth Weld_52368.1,False,52368.14,52368.52
14720.0,40.0,0.344,,52408.06,676.5448,Girth Weld,,,,,,nan,,,2007,Girth Weld_52408.1,False,52408.06,52408.439999999995
14730.0,40.05,0.344,,52448.07,677.1115,Girth Weld,,,,,,nan,,,2007,Girth Weld_52448.1,False,52448.07,52448.45
14740.0,40.03,0.344,,52488.11,677.5571,Girth Weld,,,,,,nan,,,2007,Girth Weld_52488.1,False,52488.11,52488.49
14750.0,40.02,0.344,,52528.15,678.1184,Girth Weld,,,,,,nan,,,2007,Girth Weld_52528.2,False,52528.15,52528.53
14760.0,40.01,0.344,,52568.17,678.6274,Girth Weld,,,,,,nan,,,2007,Girth Weld_52568.2,False,52568.17,52568.549999999996
14770.0,40.0,0.344,,52608.18,679.2301,Girth Weld,,,,,,nan,,,2007,Girth Weld_52608.2,False,52608.18,52608.56
14780.0,39.95,0.344,,52648.18,679.9132,Girth Weld,,,,,,nan,,,2007,Girth Weld_52648.2,False,52648.18,52648.56
14790.0,40.04,0.344,,52688.13,680.5564,Girth Weld,,,,,,nan,,,2007,Girth Weld_52688.1,False,52688.13,52688.509999999995
14800.0,39.95,0.344,,52728.17,681.0741,Girth Weld,,,,,,nan,,,2007,Girth Weld_52728.2,False,52728.17,52728.549999999996
14810.0,18.48,0.344,,52768.12,681.7127,Girth Weld,,,,,,nan,,,2007,Girth Weld_52768.1,False,52768.12,52768.5
14820.0,40.01,0.344,,52786.59,682.0527,Girth Weld,,,,,,nan,,,2007,Girth Weld_52786.6,False,52786.59,52786.969999999994
14830.0,40.03,0.344,,52826.6,682.8782,Girth Weld,,,,,,nan,,,2007,Girth Weld_52826.6,False,52826.6,52826.979999999996
14840.0,40.05,0.344,,52866.63,683.8171,Girth Weld,,,,,,nan,,,2007,Girth Weld_52866.6,False,52866.63,52867.009999999995
14850.0,40.02,0.344,,52906.69,684.9061,Girth Weld,,,,,,nan,,,2007,Girth Weld_52906.7,False,52906.69,52907.07
14860.0,39.97,0.344,,52946.7,685.8372,Girth Weld,,,,,,nan,,,2007,Girth Weld_52946.7,False,52946.7,52947.079999999994
,,,,52971.15,686.3154,Above Ground Marker,,,,,,nan,,AGM 10   U,2007,Above Ground Marker_52971.2,False,52971.15,52971.53
14870.0,39.89,0.344,,52986.67,686.6315,Girth Weld,,,,,,nan,,,2007,Girth Weld_52986.7,False,52986.67,52987.049999999996
14880.0,39.89,0.344,,53026.56,687.4475,Girth Weld,,,,,,nan,,,2007,Girth Weld_53026.6,False,53026.56,53026.939999999995
14890.0,39.93,0.344,,53066.45,688.2188,Girth Weld,,,,,,nan,,,2007,Girth Weld_53066.4,False,53066.45,53066.829999999994
14900.0,40.06,0.344,,53106.38,688.9486,Girth Weld,,,,,,nan,,,2007,Girth Weld_53106.4,False,53106.38,53106.759999999995
,,0.344,-0.73,53107.12,688.9615,Cluster,15.0,,4.16,7.29,,8:11,NO,,2007,Cluster_53107.1,True,53107.12,53107.5
14910.0,40.05,0.344,,53146.45,689.7742,Girth Weld,,,,,,nan,,,2007,Girth Weld_53146.4,False,53146.45,53146.829999999994
14920.0,40.01,0.344,,53186.5,690.9746,Girth Weld,,,,,,nan,,,2007,Girth Weld_53186.5,False,53186.5,53186.88
,,0.344,-0.6,53187.09,690.9981,Cluster,12.0,,3.23,8.71,,5:19,NO,,2007,Cluster_53187.1,True,53187.09,53187.469999999994
,,0.344,-1.48,53187.97,691.0328,Metal Loss,21.0,,4.05,1.53,1.76,6:30,NO,,2007,Metal Loss_53188.0,True,53187.97,53188.35
,,0.344,-1.52,53188.01,691.0344,Cluster,24.0,,3.7,3.0,1.75,5:33,NO,,2007,Cluster_53188.0,True,53188.01,53188.39
,,0.344,-1.62,53188.12,691.0387,Metal Loss,12.0,,1.73,1.85,,4:54,NO,,2007,Metal Loss_53188.1,True,53188.12,53188.5
,,0.344,-1.97,53188.47,691.0524,Metal Loss,10.0,,1.1,0.91,,5:14,NO,,2007,Metal Loss_53188.5,True,53188.47,53188.85
14930.0,39.93,0.344,,53226.51,692.5587,Girth Weld,,,,,,nan,,,2007,Girth Weld_53226.5,False,53226.51,53226.89
14940.0,40.06,0.344,,53266.43,694.2451,Girth Weld,,,,,,nan,,,2007,Girth Weld_53266.4,False,53266.43,53266.81
14950.0,40.1,0.344,,53306.5,696.0414,Girth Weld,,,,,,nan,,,2007,Girth Weld_53306.5,False,53306.5,53306.88
14960.0,40.07,0.344,,53346.59,697.7711,Girth Weld,,,,,,nan,,,2007,Girth Weld_53346.6,False,53346.59,53346.969999999994
14970.0,40.05,0.344,,53386.66,699.4075,Girth Weld,,,,,,nan,,,2007,Girth Weld_53386.7,False,53386.66,53387.04
14980.0,40.06,0.344,,53426.71,700.3989,Girth Weld,,,,,,nan,,,2007,Girth Weld_53426.7,False,53426.71,53427.09
14990.0,39.96,0.344,,53466.77,700.925,Girth Weld,,,,,,nan,,,2007,Girth Weld_53466.8,False,53466.77,53467.149999999994
15000.0,31.28,0.344,,53506.72,701.3528,Girth Weld,,,,,,nan,,,2007,Girth Weld_53506.7,False,53506.72,53507.1
15010.0,39.92,0.344,,53538.01,701.6837,Girth Weld,,,,,,nan,,,2007,Girth Weld_53538.0,False,53538.01,53538.39
15020.0,39.94,0.344,,53577.92,702.1461,Girth Weld,,,,,,nan,,,2007,Girth Weld_53577.9,False,53577.92,53578.299999999996
15030.0,39.9,0.344,,53617.86,702.6467,Girth Weld,,,,,,nan,,,2007,Girth Weld_53617.9,False,53617.86,53618.24
15040.0,39.8,0.344,,53657.77,703.2395,Girth Weld,,,,,,nan,,,2007,Girth Weld_53657.8,False,53657.77,53658.149999999994
15050.0,40.03,0.344,,53697.57,702.4343,Girth Weld,,,,,,nan,,,2007,Girth Weld_53697.6,False,53697.57,53697.95
15060.0,32.47,0.344,,53737.6,699.6919,Girth Weld,,,,,,nan,,,2007,Girth Weld_53737.6,False,53737.6,53737.979999999996
15070.0,40.11,0.344,,53770.07,696.1714,Girth Weld,,,,,,nan,,,2007,Girth Weld_53770.1,False,53770.07,53770.45
15080.0,40.05,0.344,,53810.18,690.5501,Girth Weld,,,,,,nan,,,2007,Girth Weld_53810.2,False,53810.18,53810.56
15090.0,40.16,0.344,,53850.23,684.3618,Girth Weld,,,,,,nan,,,2007,Girth Weld_53850.2,False,53850.23,53850.61
15100.0,40.05,0.344,,53890.39,678.8369,Girth Weld,,,,,,nan,,,2007,Girth Weld_53890.4,False,53890.39,53890.77
,,0.344,-29.77,53920.16,675.2186,Metal Loss-Manufacturing Anomaly,10.0,,0.51,0.71,,4:36,,,2007,Metal Loss-Manufacturing Anomaly_53920.2,True,53920.16,53920.54
15110.0,40.03,0.344,,53930.44,674.1921,Girth Weld,,,,,,nan,,,2007,Girth Weld_53930.4,False,53930.44,53930.82
15120.0,39.98,0.344,,53970.47,670.9959,Girth Weld,,,,,,nan,,,2007,Girth Weld_53970.5,False,53970.47,53970.85
15130.0,31.17,0.344,,54010.45,669.3898,Girth Weld,,,,,,nan,,,2007,Girth Weld_54010.4,False,54010.45,54010.829999999994
15140.0,39.94,0.344,,54041.62,668.8313,Girth Weld,,,,,,nan,,,2007,Girth Weld_54041.6,False,54041.62,54042.0
15150.0,13.78,0.5,,54081.56,668.2028,Girth Weld,,,,,,nan,,"0.500""",2007,Girth Weld_54081.6,False,54081.56,54081.939999999995
,,,,54088.45,668.0974,Bend,,,,,,nan,,5.7D - 48Â° - Sag,2007,Bend_54088.4,False,54088.45,54088.829999999994
15160.0,40.06,0.344,,54095.34,667.9921,Girth Weld,,,,,,nan,,"0.344""",2007,Girth Weld_54095.3,False,54095.34,54095.719999999994
15170.0,40.02,0.344,,54135.4,666.8563,Girth Weld,,,,,,nan,,,2007,Girth Weld_54135.4,False,54135.4,54135.78
15180.0,8.26,0.344,,54175.42,663.4152,Girth Weld,,,,,,nan,,,2007,Girth Weld_54175.4,False,54175.42,54175.799999999996
15190.0,40.1,0.344,,54183.68,662.512,Girth Weld,,,,,,nan,,,2007,Girth Weld_54183.7,False,54183.68,54184.06
15200.0,40.14,0.344,,54223.78,663.1476,Girth Weld,,,,,,nan,,,2007,Girth Weld_54223.8,False,54223.78,54224.159999999996
15210.0,40.08,0.344,,54263.92,666.9306,Girth Weld,,,,,,nan,,,2007,Girth Weld_54263.9,False,54263.92,54264.299999999996
15220.0,40.07,0.344,,54304.0,667.5357,Girth Weld,,,,,,nan,,,2007,Girth Weld_54304.0,False,54304.0,54304.38
15230.0,40.06,0.344,,54344.07,668.5162,Girth Weld,,,,,,nan,,,2007,Girth Weld_54344.1,False,54344.07,54344.45
15240.0,34.42,0.344,,54384.13,670.2743,Girth Weld,,,,,,nan,,,2007,Girth Weld_54384.1,False,54384.13,54384.509999999995
15250.0,40.03,0.344,,54418.55,672.8746,Girth Weld,,,,,,nan,,,2007,Girth Weld_54418.6,False,54418.55,54418.93
15260.0,40.03,0.344,,54458.58,676.5668,Girth Weld,,,,,,nan,,,2007,Girth Weld_54458.6,False,54458.58,54458.96
15270.0,39.97,0.344,,54498.61,680.7296,Girth Weld,,,,,,nan,,,2007,Girth Weld_54498.6,False,54498.61,54498.99
15280.0,31.45,0.344,,54538.58,685.0733,Girth Weld,,,,,,nan,,,2007,Girth Weld_54538.6,False,54538.58,54538.96
15290.0,40.01,0.344,,54570.03,688.7882,Girth Weld,,,,,,nan,,,2007,Girth Weld_54570.0,False,54570.03,54570.409999999996
15300.0,39.99,0.344,,54610.04,693.4862,Girth Weld,,,,,,nan,,,2007,Girth Weld_54610.0,False,54610.04,54610.42
15310.0,39.98,0.344,,54650.02,696.0697,Girth Weld,,,,,,nan,,,2007,Girth Weld_54650.0,False,54650.02,54650.399999999994
15320.0,40.01,0.344,,54690.0,696.7601,Girth Weld,,,,,,nan,,,2007,Girth Weld_54690.0,False,54690.0,54690.38
15330.0,40.01,0.344,,54730.01,696.9515,Girth Weld,,,,,,nan,,,2007,Girth Weld_54730.0,False,54730.01,54730.39
15340.0,40.02,0.344,,54770.02,696.7815,Girth Weld,,,,,,nan,,,2007,Girth Weld_54770.0,False,54770.02,54770.399999999994
15350.0,40.01,0.344,,54810.04,696.6029,Girth Weld,,,,,,nan,,,2007,Girth Weld_54810.0,False,54810.04,54810.42
15360.0,40.01,0.344,,54850.05,696.4139,Girth Weld,,,,,,nan,,,2007,Girth Weld_54850.1,False,54850.05,54850.43
15370.0,39.96,0.344,,54890.06,696.1423,Girth Weld,,,,,,nan,,,2007,Girth Weld_54890.1,False,54890.06,54890.439999999995
15380.0,39.97,0.344,,54930.03,696.0629,Girth Weld,,,,,,nan,,,2007,Girth Weld_54930.0,False,54930.03,54930.409999999996
15390.0,39.99,0.344,,54970.0,695.8786,Girth Weld,,,,,,nan,,,2007,Girth Weld_54970.0,False,54970.0,54970.38
15400.0,40.0,0.344,,55009.99,695.6506,Girth Weld,,,,,,nan,,,2007,Girth Weld_55010.0,False,55009.99,55010.369999999995
15410.0,39.99,0.344,,55049.99,695.7997,Girth Weld,,,,,,nan,,,2007,Girth Weld_55050.0,False,55049.99,55050.369999999995
15420.0,40.0,0.344,,55089.97,695.9337,Girth Weld,,,,,,nan,,,2007,Girth Weld_55090.0,False,55089.97,55090.35
,,0.344,-0.71,55090.68,695.9362,Cluster,12.0,,3.08,9.28,,4:30,NO,,2007,Cluster_55090.7,True,55090.68,55091.06
15430.0,39.99,0.344,,55129.97,696.1086,Girth Weld,,,,,,nan,,,2007,Girth Weld_55130.0,False,55129.97,55130.35
15440.0,40.04,0.344,,55169.96,696.3984,Girth Weld,,,,,,nan,,,2007,Girth Weld_55170.0,False,55169.96,55170.34
15450.0,39.96,0.344,,55210.0,696.636,Girth Weld,,,,,,nan,,,2007,Girth Weld_55210.0,False,55210.0,55210.38
15460.0,39.97,0.344,,55249.96,696.9073,Girth Weld,,,,,,nan,,,2007,Girth Weld_55250.0,False,55249.96,55250.34
15470.0,39.88,0.344,,55289.93,697.1887,Girth Weld,,,,,,nan,,,2007,Girth Weld_55289.9,False,55289.93,55290.31
15480.0,40.03,0.344,,55329.81,697.3888,Girth Weld,,,,,,nan,,,2007,Girth Weld_55329.8,False,55329.81,55330.189999999995
15490.0,39.89,0.344,,55369.84,697.568,Girth Weld,,,,,,nan,,,2007,Girth Weld_55369.8,False,55369.84,55370.219999999994
15500.0,39.99,0.344,,55409.72,697.8182,Girth Weld,,,,,,nan,,,2007,Girth Weld_55409.7,False,55409.72,55410.1
15510.0,40.01,0.344,,55449.71,697.7606,Girth Weld,,,,,,nan,,,2007,Girth Weld_55449.7,False,55449.71,55450.09
15520.0,40.02,0.344,,55489.72,697.5734,Girth Weld,,,,,,nan,,,2007,Girth Weld_55489.7,False,55489.72,55490.1
15530.0,40.01,0.344,,55529.73,697.3377,Girth Weld,,,,,,nan,,,2007,Girth Weld_55529.7,False,55529.73,55530.11
15540.0,40.01,0.344,,55569.74,696.8396,Girth Weld,,,,,,nan,,,2007,Girth Weld_55569.7,False,55569.74,55570.119999999995
,,0.344,-36.9,55606.64,696.325,Metal Loss-Manufacturing Anomaly,23.0,,0.51,0.63,,3:06,,,2007,Metal Loss-Manufacturing Anomaly_55606.6,True,55606.64,55607.02
15550.0,32.98,0.344,,55609.76,696.2777,Girth Weld,,,,,,nan,,,2007,Girth Weld_55609.8,False,55609.76,55610.14
15560.0,39.98,0.344,,55642.74,695.7249,Girth Weld,,,,,,nan,,,2007,Girth Weld_55642.7,False,55642.74,55643.119999999995
,,,,55664.51,695.2578,Tap,,,,,,12:00,,,2007,Tap_55664.5,False,55664.51,55664.89
15570.0,39.97,0.344,,55682.72,694.7236,Girth Weld,,,,,,nan,,,2007,Girth Weld_55682.7,False,55682.72,55683.1
15580.0,40.01,0.344,,55722.68,693.5317,Girth Weld,,,,,,nan,,,2007,Girth Weld_55722.7,False,55722.68,55723.06
15590.0,40.02,0.344,,55762.7,692.4689,Girth Weld,,,,,,nan,,,2007,Girth Weld_55762.7,False,55762.7,55763.079999999994
15600.0,36.06,0.344,,55802.72,691.4717,Girth Weld,,,,,,nan,,,2007,Girth Weld_55802.7,False,55802.72,55803.1
15610.0,39.92,0.344,,55838.78,690.5965,Girth Weld,,,,,,nan,,,2007,Girth Weld_55838.8,False,55838.78,55839.159999999996
15620.0,39.93,0.344,,55878.7,689.6142,Girth Weld,,,,,,nan,,,2007,Girth Weld_55878.7,False,55878.7,55879.079999999994
15630.0,28.27,0.344,,55918.63,687.9461,Girth Weld,,,,,,nan,,,2007,Girth Weld_55918.6,False,55918.63,55919.009999999995
15640.0,40.05,0.344,,55946.89,686.7216,Girth Weld,,,,,,nan,,,2007,Girth Weld_55946.9,False,55946.89,55947.27
15650.0,30.47,0.344,,55986.95,685.5895,Girth Weld,,,,,,nan,,,2007,Girth Weld_55986.9,False,55986.95,55987.329999999994
15660.0,40.07,0.344,,56017.41,685.7818,Girth Weld,,,,,,nan,,,2007,Girth Weld_56017.4,False,56017.41,56017.79
,,0.344,-8.43,56025.84,686.0071,Metal Loss-Manufacturing Anomaly,13.0,,0.59,0.59,,12:54,,,2007,Metal Loss-Manufacturing Anomaly_56025.8,True,56025.84,56026.219999999994
15670.0,26.29,0.344,,56057.48,686.537,Girth Weld,,,,,,nan,,,2007,Girth Weld_56057.5,False,56057.48,56057.86
15680.0,40.01,0.344,,56083.77,686.6952,Girth Weld,,,,,,nan,,,2007,Girth Weld_56083.8,False,56083.77,56084.149999999994
15690.0,21.52,0.344,,56123.79,686.5413,Girth Weld,,,,,,nan,,,2007,Girth Weld_56123.8,False,56123.79,56124.17
15700.0,39.93,0.344,,56145.31,686.3803,Girth Weld,,,,,,nan,,,2007,Girth Weld_56145.3,False,56145.31,56145.689999999995
15710.0,23.52,0.344,,56185.24,685.4592,Girth Weld,,,,,,nan,,,2007,Girth Weld_56185.2,False,56185.24,56185.619999999995
15720.0,39.95,0.344,,56208.76,684.8055,Girth Weld,,,,,,nan,,,2007,Girth Weld_56208.8,False,56208.76,56209.14
15730.0,20.17,0.344,,56248.71,683.7019,Girth Weld,,,,,,nan,,,2007,Girth Weld_56248.7,False,56248.71,56249.09
15740.0,38.81,0.344,,56268.88,683.1547,Girth Weld,,,,,,nan,,,2007,Girth Weld_56268.9,False,56268.88,56269.259999999995
15750.0,21.06,0.344,,56307.69,682.5535,Girth Weld,,,,,,nan,,,2007,Girth Weld_56307.7,False,56307.69,56308.07
15760.0,40.12,0.344,,56328.75,682.2509,Girth Weld,,,,,,nan,,,2007,Girth Weld_56328.8,False,56328.75,56329.13
15770.0,19.43,0.344,,56368.87,682.0721,Girth Weld,,,,,,nan,,,2007,Girth Weld_56368.9,False,56368.87,56369.25
,,0.344,-18.47,56387.34,682.1086,Cluster,14.0,,2.64,3.69,,8:50,NO,,2007,Cluster_56387.3,True,56387.34,56387.719999999994
,,0.344,-18.52,56387.38,682.1088,Cluster,10.0,,1.03,3.62,,6:59,NO,,2007,Cluster_56387.4,True,56387.38,56387.759999999995
,,0.344,-18.54,56387.4,682.1088,Metal Loss,10.0,,0.87,1.18,,8:10,NO,,2007,Metal Loss_56387.4,True,56387.4,56387.78
,,0.344,-18.58,56387.44,682.1089,Metal Loss,10.0,,0.71,1.65,,6:02,NO,,2007,Metal Loss_56387.4,True,56387.44,56387.82
15780.0,40.15,0.344,,56388.3,682.111,Girth Weld,,,,,,nan,,,2007,Girth Weld_56388.3,False,56388.3,56388.68
15790.0,19.96,0.344,,56428.45,682.2264,Girth Weld,,,,,,nan,,,2007,Girth Weld_56428.4,False,56428.45,56428.829999999994
15800.0,39.99,0.344,,56448.41,682.2519,Girth Weld,,,,,,nan,,,2007,Girth Weld_56448.4,False,56448.41,56448.79
15810.0,25.39,0.344,,56488.4,681.5428,Girth Weld,,,,,,nan,,,2007,Girth Weld_56488.4,False,56488.4,56488.78
15820.0,30.26,0.344,,56513.79,679.8974,Girth Weld,,,,,,nan,,,2007,Girth Weld_56513.8,False,56513.79,56514.17
15830.0,29.29,0.344,,56544.05,676.9688,Girth Weld,,,,,,nan,,,2007,Girth Weld_56544.1,False,56544.05,56544.43
15840.0,40.13,0.344,,56573.34,673.4788,Girth Weld,,,,,,nan,,,2007,Girth Weld_56573.3,False,56573.34,56573.719999999994
15850.0,31.7,0.344,,56613.46,668.6218,Girth Weld,,,,,,nan,,,2007,Girth Weld_56613.5,False,56613.46,56613.84
15860.0,15.96,0.5,,56645.16,665.0939,Girth Weld,,,,,,nan,,"0.500""",2007,Girth Weld_56645.2,False,56645.16,56645.54
,,,,56653.07,664.2626,Bend,,,,,,nan,,6.6D - 47Â° - Sag,2007,Bend_56653.1,False,56653.07,56653.45
15870.0,40.05,0.344,,56661.12,663.4304,Girth Weld,,,,,,nan,,"0.344""",2007,Girth Weld_56661.1,False,56661.12,56661.5
15880.0,17.34,0.344,,56701.17,659.5047,Girth Weld,,,,,,nan,,,2007,Girth Weld_56701.2,False,56701.17,56701.549999999996
15890.0,40.05,0.344,,56718.51,657.3673,Girth Weld,,,,,,nan,,,2007,Girth Weld_56718.5,False,56718.51,56718.89
15900.0,39.92,0.344,,56758.56,651.0226,Girth Weld,,,,,,nan,,,2007,Girth Weld_56758.6,False,56758.56,56758.939999999995
15910.0,39.89,0.344,,56798.48,654.3575,Girth Weld,,,,,,nan,,,2007,Girth Weld_56798.5,False,56798.48,56798.86
15920.0,17.12,0.344,,56838.37,657.9266,Girth Weld,,,,,,nan,,,2007,Girth Weld_56838.4,False,56838.37,56838.75
15930.0,18.42,0.344,,56855.49,658.9804,Girth Weld,,,,,,nan,,,2007,Girth Weld_56855.5,False,56855.49,56855.869999999995
15940.0,6.19,0.344,,56873.91,659.5978,Girth Weld,,,,,,nan,,,2007,Girth Weld_56873.9,False,56873.91,56874.29
,,,,56876.96,659.6758,Bend,,,,,,nan,,6.6D - 48Â° - Sag,2007,Bend_56877.0,False,56876.96,56877.34
15950.0,39.94,0.344,,56880.11,659.7522,Girth Weld,,,,,,nan,,,2007,Girth Weld_56880.1,False,56880.11,56880.49
15960.0,16.1,0.344,,56920.04,660.4671,Girth Weld,,,,,,nan,,,2007,Girth Weld_56920.0,False,56920.04,56920.42
15970.0,7.61,0.344,,56936.15,660.6994,Girth Weld,,,,,,nan,,,2007,Girth Weld_56936.2,False,56936.15,56936.53
,,,,56939.89,660.7682,Bend,,,,,,nan,,9D - 30Â° - Left,2007,Bend_56939.9,False,56939.89,56940.27
15980.0,40.04,0.344,,56943.76,660.8469,Girth Weld,,,,,,nan,,,2007,Girth Weld_56943.8,False,56943.76,56944.14
15990.0,35.17,0.344,,56983.8,661.8636,Girth Weld,,,,,,nan,,,2007,Girth Weld_56983.8,False,56983.8,56984.18
16000.0,10.3,0.344,,57018.97,663.9435,Girth Weld,,,,,,nan,,,2007,Girth Weld_57019.0,False,57018.97,57019.35
,,,,57023.88,664.251,Bend,,,,,,nan,,17.0D -  8Â° - Over,2007,Bend_57023.9,False,57023.88,57024.259999999995
16010.0,16.69,0.344,,57029.27,664.5813,Girth Weld,,,,,,nan,,,2007,Girth Weld_57029.3,False,57029.27,57029.649999999994
16020.0,39.94,0.344,,57045.96,665.5661,Girth Weld,,,,,,nan,,,2007,Girth Weld_57046.0,False,57045.96,57046.34
16030.0,21.64,0.344,,57085.89,669.2199,Girth Weld,,,,,,nan,,,2007,Girth Weld_57085.9,False,57085.89,57086.27
,,,,57093.25,669.9792,Bend,,,,,,nan,,17.7D - 13Â° - Right,2007,Bend_57093.2,False,57093.25,57093.63
16040.0,16.74,0.344,,57107.54,671.477,Girth Weld,,,,,,nan,,,2007,Girth Weld_57107.5,False,57107.54,57107.92
16050.0,14.51,0.344,,57124.28,673.2506,Girth Weld,,,,,,nan,,,2007,Girth Weld_57124.3,False,57124.28,57124.659999999996
,,,,57132.04,674.0548,Bend,,,,,,nan,,18.1D - 10Â° - Sag,2007,Bend_57132.0,False,57132.04,57132.42
16060.0,39.99,0.344,,57138.79,674.607,Girth Weld,,,,,,nan,,,2007,Girth Weld_57138.8,False,57138.79,57139.17
,,,,57157.25,675.0444,Above Ground Marker,,,,,,nan,,Receiver U,2007,Above Ground Marker_57157.2,False,57157.25,57157.63
16070.0,5.78,0.344,,57178.77,675.4897,Girth Weld,,,,,,nan,,,2007,Girth Weld_57178.8,False,57178.77,57179.149999999994
16080.0,4.98,0.344,,57184.56,675.6076,Girth Weld,,,,,,nan,,,2007,Girth Weld_57184.6,False,57184.56,57184.939999999995
16090.0,18.2,0.344,,57189.54,675.7084,Girth Weld,,,,,,nan,,,2007,Girth Weld_57189.5,False,57189.54,57189.92
,,,,57192.57,675.7693,Magnet,,,,,,12:00,,ROSEN,2007,Magnet_57192.6,False,57192.57,57192.95
,,,,57194.19,675.8016,Bend,,,,,,nan,,17D - 10Â° - Sag,2007,Bend_57194.2,False,57194.19,57194.57
,,,,57202.82,675.9684,Bend,,,,,,nan,,17.7D - 10Â° - Over,2007,Bend_57202.8,False,57202.82,57203.2
16100.0,4.1,0.5,,57207.74,676.0236,Area Start Receiver,,,,,,nan,,"0.500""",2007,Area Start Receiver_57207.7,False,57207.74,57208.119999999995
,,,,57209.48,676.0312,Tee,,,,,,09:00,,,2007,Tee_57209.5,False,57209.48,57209.86
16110.0,,0.374,,57211.84,676.0343,Flange,,,,,,nan,,,2007,Flange_57211.8,False,57211.84,57212.219999999994
,,,,57218.11,676.0271,Tap,,,,,,03:00,,,2007,Tap_57218.1,False,57218.11,57218.49
,,,,57218.48,676.0266,Tap,,,,,,09:00,,,2007,Tap_57218.5,False,57218.48,57218.86
,,,,57219.88,676.0248,Valve,,,,,,nan,,,2007,Valve_57219.9,False,57219.88,57220.259999999995
,,,,57221.29,676.023,Tap,,,,,,09:00,,,2007,Tap_57221.3,False,57221.29,57221.67
,,,,57221.61,676.0225,Tap,,,,,,03:00,,,2007,Tap_57221.6,False,57221.61,57221.99
,,,,57224.14,676.0174,Tap,,,,,,12:00,,,2007,Tap_57224.1,False,57224.14,57224.52
,,,,57237.58,675.9882,Support,,,,,,06:00,,,2007,Support_57237.6,False,57237.58,57237.96
,,,,57240.17,675.9835,Support,,,,,,06:00,,,2007,Support_57240.2,False,57240.17,57240.549999999996
,,0.988,,57266.64,678.4057,Area End Receiver,,,,,,nan,,,2007,Area End Receiver_57266.6,False,57266.64,57267.02
