Joint num,Joint len [ft],t [in],to u/s w. [ft],log dist. [ft],Height [ft],event,depth [%],ID Reduction [%],length [in],width [in],P2 Burst / MOP,o'clock,internal,comment
,,0.449,,-27.82,803.6748,Area Start Launcher,,,,,,,,
,,,,-19.48,803.6644,Support,,,,,,6:00,,
,,,,-15.78,803.6598,Support,,,,,,6:00,,
,,,,-12.21,803.6553,Tap,,,,,,6:00,,
,,,,-6.49,803.6481,Support,,,,,,,,Strap
10,26.46,0.5,,-5.3,803.6466,Flange,,,,,,,,
,,,,-1.38,803.6417,Tap,,,,,,9:00,,
,,,,0,803.64,Valve,,,,,,,,
,,,,1.41,803.6382,Tap,,,,,,9:00,,
,,,,8.08,803.6299,Tee,,,,,,9:00,,
,,,,11.21,803.4864,Tap,,,,,,12:00,,
,,,,15.36,802.9064,Bend,,,,,,,,5.1D - 32° - Over
20,7.23,0.344,,21.15,801.7901,Area End Launcher,,,,,,,,"0.344"""
,,,,21.57,801.71,Magnet,,,,,,12:00,,ROSEN
30,10.62,0.5,,28.38,800.413,Girth Weld,,,,,,,,"0.500"""
,,,,29.8,800.2077,Above Ground Marker,,,,,,,,Launcher
,,,,33.82,799.8962,Bend,,,,,,,,6.1D - 42° - Sag
40,14.91,0.5,,39,799.8944,Girth Weld,,,,,,,,
,,,,46.17,799.9008,Bend,,,,,,,,5.8D - 45° - Right
50,39.89,0.344,,53.91,799.9028,Girth Weld,,,,,,,,"0.344"""
60,9.64,0.5,,93.8,799.8784,Girth Weld,,,,,,,,"0.500"""
,,,,98.5,799.8591,Bend,,,,,,,,5.0D - 23° - Left
70,25.02,0.344,,103.43,799.8257,Girth Weld,,,,,,,,"0.344"""
,,,,107.46,799.493,Bend,,,,,,,,5.2D - 22° - Over
,,0.344,-21.69,125.12,797.4828,Cluster,16,,3.55,2.64,,9:04,NO,
,,0.344,-24.15,127.58,797.199,Cluster,18,,2,3.44,,5:50,NO,
80,15.16,0.344,,128.45,797.0989,Girth Weld,,,,,,,,
90,31.57,0.344,,143.61,795.3491,Girth Weld,,,,,,,,
100,40.06,0.344,,175.18,791.6757,Girth Weld,,,,,,,,
110,40.04,0.344,,215.24,787.0014,Girth Weld,,,,,,,,
120,13.63,0.5,,255.28,782.303,Girth Weld,,,,,,,,"0.500"""
,,,,262.31,781.775,Bend,,,,,,,,5.2D - 42° - Left
130,40.08,0.344,,268.91,781.7673,Girth Weld,,,,,,,,"0.344"""
140,40.03,0.344,,308.99,781.9334,Girth Weld,,,,,,,,
150,10.13,0.5,,349.02,781.8892,Girth Weld,,,,,,,,"0.500"""
,,,,354.08,781.6514,Bend,,,,,,,,5.1D - 28° - Right
160,16.99,0.344,,359.15,781.1295,Girth Weld,,,,,,,,"0.344"""
170,8.13,0.5,,376.14,779.2908,Girth Weld,,,,,,,,"0.500"""
,,,,379.98,779.0196,Bend,,,,,,,,5.7D - 18° - Sag
180,23.07,0.344,,384.27,779.0088,Girth Weld,,,,,,,,"0.344"""
190,10.09,0.5,,407.34,779.0063,Girth Weld,,,,,,,,"0.500"""
,,,,412.26,779.2817,Bend,,,,,,,,5.3D - 25° - Sag
200,12.15,0.344,,417.43,780.0987,Girth Weld,,,,,,,,"0.344"""
210,16.42,0.5,,429.59,782.1364,Girth Weld,,,,,,,,"0.500"""
,,,,434.06,782.6746,Bend,,,,,,,,5.4D - 33° - Over
220,40,0.344,,446.01,783.0711,Girth Weld,,,,,,,,"0.344"""
230,40.14,0.344,,486.01,783.967,Girth Weld,,,,,,,,
240,40.27,0.344,,526.15,786.286,Girth Weld,,,,,,,,
250,40.04,0.344,,566.41,790.952,Girth Weld,,,,,,,,
,,0.344,-39.17,605.58,797.0721,Cluster,10,,0.86,2.41,,9:48,NO,
260,31.32,0.344,,606.45,797.2095,Girth Weld,,,,,,,,
,,0.344,-30.35,636.8,802.0368,Cluster,15,,1.85,8.94,,4:38,NO,
270,9.63,0.5,,637.77,802.1902,Girth Weld,,,,,,,,"0.500"""
,,,,642.57,802.7909,Bend,,,,,,,,5.0D - 25° - Over
280,8.01,0.5,,647.4,802.9092,Girth Weld,,,,,,,,
,,,,651.09,802.9466,Bend,,,,,,,,6.0D - 19° - Left
290,15.08,0.344,,655.41,803.0308,Girth Weld,,,,,,,,"0.344"""
,,0.344,-13.32,668.73,803.305,Cluster,21,,4.67,10.14,1.74,1:34,NO,
,,0.344,-13.41,668.81,803.3067,metal loss,40,,1.02,0.94,1.85,9:38,NO,
300,7.87,0.5,,670.49,803.3409,Girth Weld,,,,,,,,"0.500"""
,,,,674.53,803.4976,Bend,,,,,,,,6.6D - 18° - Sag
310,8.75,0.344,,678.36,803.9424,Girth Weld,,,,,,,,"0.344"""
,,0.344,-0.86,679.22,804.051,metal loss,25,,2.36,1.3,1.81,8:16,NO,
,,0.344,-0.92,679.28,804.058,metal loss,15,,1.61,5.95,,8:50,NO,
320,10.37,0.344,,687.11,805.0548,Girth Weld,,,,,,,,
330,39.97,0.344,,697.49,806.3648,Girth Weld,,,,,,,,
340,11.29,0.5,,737.46,811.3765,Girth Weld,,,,,,,,"0.500"""
,,,,743.36,812.0506,Bend,,,,,,,,5.3D - 31° - Left
350,6,0.344,,748.75,812.4028,Girth Weld,,,,,,,,"0.344"""
360,30.57,0.344,,754.75,812.7252,Girth Weld,,,,,,,,
370,37.86,0.344,,785.32,814.0967,Girth Weld,,,,,,,,
380,40.01,0.344,,823.17,815.3422,Girth Weld,,,,,,,,
390,40.04,0.344,,863.19,816.5633,Girth Weld,,,,,,,,
400,40.08,0.344,,903.23,817.9138,Girth Weld,,,,,,,,
410,12.47,0.5,,943.31,819.4339,Girth Weld,,,,,,,,"0.500"""
,,,,949.2,819.7213,Bend,,,,,,,,7.1D - 33° - Right
420,29.6,0.344,,955.78,820.3454,Girth Weld,,,,,,,,"0.344"""
,,0.344,-1.56,957.34,820.5215,Cluster,28,,3.46,3.33,1.74,4:17,NO,
,,0.344,-1.77,957.56,820.5458,metal loss,17,,1.14,1.14,,3:44,NO,
430,13.88,0.5,,985.38,823.7079,Girth Weld,,,,,,,,"0.500"""
,,,,992.14,824.4797,Bend,,,,,,,,6.2D - 38° - Right
440,40.04,0.344,,999.26,825.2617,Girth Weld,,,,,,,,"0.344"""
450,39.96,0.344,,1039.3,828.7596,Girth Weld,,,,,,,,
,,0.344,-32.37,1071.67,831.4453,metal loss-manufacturing anomaly,18,,0.67,0.83,,12:19,N/A,
460,39.98,0.344,,1079.26,832.0774,Girth Weld,,,,,,,,
470,39.99,0.344,,1119.24,835.498,Girth Weld,,,,,,,,
480,40.04,0.344,,1159.23,839.1296,Girth Weld,,,,,,,,
,,0.344,-38.85,1198.08,842.8628,Cluster,13,,4.9,1.11,,4:10,YES,
490,39.97,0.344,,1199.28,842.9833,Girth Weld,,,,,,,,
,,0.344,-5.26,1204.54,843.5122,Cluster,13,,8.21,5.13,,3:56,YES,
,,0.344,-27.45,1226.73,845.7444,Cluster,10,,2.05,0.73,,7:51,YES,
,,0.344,-32.07,1231.34,846.2109,Cluster,10,,4.49,4.88,,3:44,YES,
,,0.344,-38.85,1238.12,846.9762,Cluster,10,,0.97,1.78,,7:51,YES,
500,39.98,0.344,,1239.25,847.1082,Girth Weld,,,,,,,,
,,0.344,-0.16,1239.41,847.1265,Cluster,11,,0.94,3.88,,3:45,YES,
,,0.344,-3.37,1242.62,847.502,Cluster,11,,8.17,5.95,,3:31,YES,
,,0.344,-13.67,1252.92,848.7088,Cluster,10,,5.48,5.26,,7:41,YES,
,,0.344,-17.53,1256.78,849.1625,Cluster,10,,1.02,2.2,,3:35,YES,
,,0.344,-23.45,1262.7,849.8628,Cluster,11,,25.08,6.14,,7:45,YES,
,,0.344,-25.02,1264.27,850.0493,metal loss,10,,0.47,0.59,,3:17,YES,
,,0.344,-26.64,1265.9,850.2413,Cluster,11,,7.7,3.98,,3:20,YES,
,,0.344,-36.54,1275.79,851.4171,Cluster,10,,5.03,3.86,,8:16,YES,
,,0.344,-37.65,1276.9,851.5489,Cluster,11,,9.19,5.01,,7:59,YES,
,,0.344,-39.55,1278.81,851.7731,Cluster,10,,5.35,9.59,,7:46,YES,
510,40.03,0.344,,1279.23,851.8231,Girth Weld,,,,,,,,
,,0.344,-5.12,1284.35,852.4263,Cluster,11,,2.45,7.96,,2:38,YES,
,,0.344,-17.29,1296.52,853.8535,Cluster,10,,1.68,5.01,,8:41,YES,
,,0.344,-17.74,1296.97,853.9065,Cluster,10,,2.5,3.56,,2:45,YES,
,,0.344,-20.56,1299.79,854.2387,Cluster,10,,5.15,4.65,,8:33,YES,
,,0.344,-23.44,1302.67,854.5774,metal loss,12,,0.55,0.55,,1:57,YES,
520,40.02,0.344,,1319.26,856.5336,Girth Weld,,,,,,,,
,,0.344,-3.65,1322.91,856.9639,Cluster,10,,1.82,2.26,,9:33,YES,
,,0.344,-11.21,1330.47,857.8544,Cluster,10,,9.49,7.52,,8:40,YES,
,,0.344,-21.77,1341.04,859.1039,Cluster,10,,27.71,19.52,,12:49,YES,
,,0.344,-22.93,1342.19,859.2408,metal loss,10,,0.59,0.71,,12:24,YES,
,,0.344,-29.41,1348.67,860.0116,metal loss,10,,0.55,0.71,,12:26,YES,
,,0.344,-30.73,1349.99,860.1694,Cluster,11,,1.61,3.9,,1:40,YES,
,,0.344,-39.98,1359.24,861.2799,Cluster,13,,7.85,12.23,,8:48,YES,
530,40,0.344,,1359.29,861.2848,Girth Weld,,,,,,,,
,,0.344,-4.19,1363.47,861.7895,Cluster,10,,3.68,17.3,,12:59,YES,
,,0.344,-6.84,1366.12,862.1094,Cluster,12,,13.34,14.31,,1:45,YES,
,,0.344,-7.39,1366.68,862.1763,Cluster,12,,2.83,3.31,,9:25,YES,
,,0.344,-7.79,1367.08,862.2245,Cluster,11,,44.24,12.19,,8:15,YES,
,,0.344,-8.89,1368.18,862.3573,Cluster,11,,26.45,12.59,,2:10,YES,
,,0.344,-11.78,1371.07,862.7063,Cluster,10,,14.12,13.51,,8:09,YES,
,,0.344,-12.24,1371.53,862.7616,Cluster,13,,12.13,11.86,,2:05,YES,
,,0.344,-13.15,1372.43,862.871,Cluster,10,,15.32,11.54,,2:18,YES,
,,0.344,-15.15,1374.44,863.113,Cluster,10,,7.01,11.81,,8:16,YES,
,,0.344,-16.78,1376.07,863.3097,Cluster,11,,1.7,1.82,,9:46,YES,
,,0.344,-20.62,1379.91,863.77,Cluster,10,,6.49,11.08,,8:27,YES,
,,0.344,-20.79,1380.08,863.7899,Cluster,11,,13.16,12.61,,2:04,YES,
,,0.344,-21.68,1380.97,863.8966,Cluster,10,,5.74,2.72,,8:22,YES,
,,0.344,-21.96,1381.24,863.9297,Cluster,10,,2.18,3.77,,3:04,YES,
,,0.344,-23.32,1382.61,864.0927,Cluster,11,,9.08,11.83,,2:04,YES,
,,0.344,-24.35,1383.64,864.2158,Cluster,10,,4.88,11.98,,8:21,YES,
,,0.344,-30.6,1389.89,864.9379,Cluster,13,,9.49,12.15,,1:56,YES,
,,0.344,-35.26,1394.54,865.4626,Cluster,10,,7.66,14.01,,1:56,YES,
,,0.344,-35.43,1394.71,865.4814,Cluster,11,,13.49,11.29,,8:29,YES,
,,0.344,-36.63,1395.92,865.6171,Cluster,11,,4.52,9.59,,8:36,YES,
,,0.344,-38.81,1398.09,865.8604,Cluster,11,,5.52,20.09,,6:48,YES,
,,0.344,-39.42,1398.71,865.9294,Cluster,10,,8.11,17.45,,8:22,YES,
,,0.344,-39.43,1398.71,865.9296,Cluster,12,,6.7,10.33,,2:13,YES,
,,0.344,-39.45,1398.73,865.9318,Cluster,13,,7.19,5.91,,5:53,YES,
540,39.94,0.344,,1399.29,865.994,Girth Weld,,,,,,,,
,,0.344,-0.06,1399.35,866.0009,Cluster,11,,5.58,13.26,,1:53,YES,
,,0.344,-0.53,1399.82,866.0529,Cluster,10,,12.95,14.68,,1:48,YES,
,,0.344,-4.99,1404.28,866.5504,Cluster,10,,1.58,6.47,,2:43,YES,
,,0.344,-5.63,1404.92,866.6216,Cluster,11,,3.47,2.81,,8:30,YES,
,,0.344,-5.68,1404.97,866.6281,Cluster,10,,6.19,10.12,,8:38,YES,
,,0.344,-6.75,1406.04,866.7475,Cluster,10,,5.17,8.04,,9:15,YES,
,,0.344,-7.67,1406.96,866.8492,Cluster,10,,17.59,13.24,,8:23,YES,
,,0.344,-9.24,1408.53,867.0232,Cluster,10,,9.12,11.21,,8:39,YES,
,,0.344,-9.86,1409.15,867.0924,Cluster,10,,6.43,5.91,,2:10,YES,
,,0.344,-13.25,1412.54,867.469,Cluster,11,,18.37,11.52,,8:51,YES,
,,0.344,-15.8,1415.09,867.7519,Cluster,10,,4.85,6.79,,2:10,YES,
,,0.344,-19.92,1419.21,868.2067,metal loss,10,,0.67,0.71,,12:22,YES,
,,0.344,-20.2,1419.48,868.2372,Cluster,12,,33.85,14.64,,8:29,YES,
,,0.344,-24.08,1423.37,868.6651,Cluster,10,,6.65,6.49,,1:53,YES,
,,0.344,-25.11,1424.4,868.7783,Cluster,11,,37.4,13.43,,8:42,YES,
,,0.344,-26.15,1425.43,868.8925,Cluster,14,,12.29,7.46,,2:17,YES,
,,0.344,-29.65,1428.94,869.2758,Cluster,10,,6.01,8.48,,1:54,YES,
,,0.344,-30.2,1429.49,869.3364,Cluster,12,,7.54,8.63,,1:49,YES,
,,0.344,-31.62,1430.91,869.4911,Cluster,10,,3.85,6.58,,2:09,YES,
,,0.344,-33.05,1432.34,869.6466,Cluster,10,,12.38,12.38,,1:44,YES,
,,0.344,-34.03,1433.32,869.7533,metal loss-manufacturing anomaly,12,,0.63,0.71,,11:41,N/A,
,,0.344,-36.25,1435.54,869.9959,Cluster,10,,5.23,9.59,,1:56,YES,
,,0.344,-39.21,1438.5,870.3163,Cluster,10,,6.94,7.96,,1:51,YES,
,,0.344,-39.46,1438.75,870.3431,Cluster,17,,6.48,15.12,,8:03,YES,
550,35.05,0.344,,1439.23,870.3956,Girth Weld,,,,,,,,
,,0.344,-0.01,1439.24,870.3961,Cluster,12,,5.89,7.73,,9:11,YES,
,,0.344,-0.02,1439.25,870.3977,Cluster,10,,4.03,5.74,,2:12,YES,
,,0.344,-9.19,1448.43,871.3845,Cluster,10,,1.15,3.46,,7:38,YES,
,,0.344,-15.41,1454.64,872.043,Cluster,11,,3.89,10.58,,9:12,YES,
,,0.344,-19.3,1458.54,872.4545,Cluster,10,,0.62,1.8,,9:57,YES,
,,0.344,-22.61,1461.84,872.8023,Cluster,11,,8.21,8.67,,9:27,YES,
,,0.344,-23.36,1462.59,872.881,Cluster,10,,11.21,11.42,,8:49,YES,
,,0.344,-24.14,1463.37,872.9627,Cluster,10,,19.98,11.21,,1:04,YES,
,,0.344,-25.66,1464.89,873.1228,Cluster,10,,13.72,11.71,,1:04,YES,
,,0.344,-26.78,1466.02,873.2407,Cluster,10,,21.9,12.67,,9:03,YES,
,,0.344,-27.2,1466.43,873.2848,Cluster,10,,10.44,10.05,,1:09,YES,
,,0.344,-34.64,1473.88,874.0644,Cluster,10,,5.68,10.33,,1:26,YES,
560,39.99,0.344,,1474.28,874.1065,Girth Weld,,,,,,,,
,,0.344,-3.61,1477.89,874.4844,Cluster,11,,34.78,13.8,,9:03,YES,
,,0.344,-6.85,1481.13,874.8229,metal loss,10,,0.59,0.55,,3:23,YES,
,,0.344,-6.97,1481.25,874.8359,Cluster,10,,5.84,12.13,,1:04,YES,
,,0.344,-14.31,1488.59,875.6039,metal loss,10,,0.51,0.63,,9:19,YES,
,,0.344,-19.76,1494.04,876.1739,Cluster,11,,20.58,12.23,,8:52,YES,
,,0.344,-33.6,1507.88,877.6284,Cluster,10,,7,7.88,,1:14,YES,
,,0.344,-36.69,1510.97,877.9545,Cluster,11,,4.04,6.24,,1:46,YES,
,,0.344,-38.02,1512.3,878.0946,Cluster,10,,4.52,6.97,,9:43,YES,
570,40.03,0.344,,1514.27,878.3024,Girth Weld,,,,,,,,
,,0.344,-3.38,1517.65,878.6589,Cluster,10,,12.73,8.61,,1:33,YES,
,,0.344,-4.14,1518.41,878.7387,Cluster,10,,10.87,6.7,,1:02,YES,
,,0.344,-28.16,1542.43,881.2638,Cluster,10,,6.01,5.8,,1:47,YES,
,,0.344,-39.61,1553.88,882.4519,Cluster,10,,4.56,8.27,,10:11,YES,
580,39.99,0.344,,1554.3,882.4955,Girth Weld,,,,,,,,
,,0.344,-5.75,1560.05,883.08,metal loss,11,,0.75,0.55,,9:56,YES,
,,0.344,-9.49,1563.79,883.4539,Cluster,10,,10.93,6.66,,10:26,YES,
,,0.344,-17.53,1571.84,884.2396,Cluster,11,,4.52,3.33,,10:40,YES,
,,0.344,-21.56,1575.87,884.6258,Cluster,15,,7.39,6.91,,10:35,YES,
,,0.344,-27.71,1582.01,885.2172,Cluster,10,,3.26,4.34,,10:37,YES,
,,0.344,-29.84,1584.15,885.4233,Cluster,14,,3.89,3.14,,10:35,YES,
,,0.344,-30.3,1584.61,885.4672,Cluster,11,,13.44,6.97,,10:37,YES,
,,0.344,-33.22,1587.53,885.749,Cluster,10,,4.07,6.97,,10:14,YES,
,,0.344,-39.49,1593.8,886.361,Cluster,10,,5.5,16.65,,9:06,YES,
590,40.11,0.344,,1594.3,886.4096,Girth Weld,,,,,,,,
,,0.344,-0.7,1595,886.478,Cluster,14,,5.1,20.55,,8:21,YES,
,,0.344,-0.81,1595.1,886.4883,metal loss,20,,1.18,6.34,1.87,6:57,YES,
,,0.344,-15.69,1609.99,887.9465,metal loss,10,,0.67,0.59,,12:24,YES,
,,0.344,-34.48,1628.77,889.7887,Cluster,11,,0.8,2.12,,10:29,YES,
,,0.344,-40.09,1634.38,890.3414,Cluster,10,,5.09,11.1,,9:54,YES,
600,40.11,0.344,,1634.4,890.3433,Girth Weld,,,,,,,,
,,0.344,-0.01,1634.41,890.3443,Cluster,10,,6.9,26.12,,12:16,YES,
,,0.344,-0.91,1635.31,890.4325,Cluster,11,,4.88,22.14,,12:19,YES,
,,0.344,-39.52,1673.93,894.1085,Cluster,11,,6.3,11.71,,9:27,YES,
,,0.344,-40.11,1674.51,894.1603,Cluster,10,,5.08,12.73,,9:47,YES,
610,40,0.344,,1674.51,894.1604,Girth Weld,,,,,,,,
,,0.344,-22.33,1696.83,896.1156,Cluster,11,,0.92,2.85,,12:20,YES,
,,0.344,-39.58,1714.09,897.5261,Cluster,11,,5.06,11.94,,9:52,YES,
620,39.95,0.344,,1714.51,897.555,Girth Weld,,,,,,,,
630,39.97,0.344,,1754.45,900.2311,Girth Weld,,,,,,,,
,,0.344,-36.06,1790.51,902.3065,Cluster,10,,2.77,2.26,,11:07,YES,
640,27.04,0.344,,1794.43,902.4966,Girth Weld,,,,,,,,
650,40.01,0.344,,1821.46,903.6467,Girth Weld,,,,,,,,
660,39.89,0.344,,1861.47,904.9192,Girth Weld,,,,,,,,
670,38.83,0.344,,1901.36,905.8059,Girth Weld,,,,,,,,
680,39.96,0.344,,1940.19,906.3068,Girth Weld,,,,,,,,
690,40.06,0.344,,1980.16,906.7852,Girth Weld,,,,,,,,
700,40.11,0.344,,2020.22,907.2594,Girth Weld,,,,,,,,
710,40.1,0.344,,2060.32,908.0495,Girth Weld,,,,,,,,
720,40.03,0.344,,2100.43,909.357,Girth Weld,,,,,,,,
,,0.344,-4.02,2104.45,909.5225,metal loss,13,,0.51,0.59,,11:59,YES,
,,0.344,-11.71,2112.13,909.841,Cluster,10,,2.84,2.81,,11:54,YES,
,,0.344,-13.09,2113.52,909.8994,metal loss,14,,0.79,0.71,,6:42,YES,
,,0.344,-13.82,2114.25,909.9303,metal loss,10,,1.34,0.79,,11:06,YES,
,,0.344,-18.3,2118.73,910.1192,Cluster,13,,2.03,3.02,,6:09,YES,
,,0.344,-20.1,2120.53,910.1957,metal loss,10,,0.35,0.71,,12:49,YES,
,,0.344,-21.44,2121.87,910.2533,Cluster,11,,2.93,4.88,,12:44,YES,
,,0.344,-22.62,2123.05,910.3039,metal loss,12,,0.75,0.83,,4:56,YES,
,,0.344,-23.67,2124.09,910.3487,metal loss,10,,0.71,0.71,,5:21,YES,
,,0.344,-25.92,2126.34,910.4453,metal loss,11,,0.79,1.14,,6:03,YES,
,,0.344,-26.56,2126.98,910.4728,Cluster,22,,1.81,2.98,1.84,6:06,YES,
,,0.344,-26.63,2127.06,910.476,Cluster,11,,2.38,2.05,,6:58,YES,
,,0.344,-36.07,2136.49,910.9471,metal loss,15,,0.75,0.71,,12:00,YES,
,,0.344,-37.34,2137.77,911.0257,Cluster,12,,4.24,4.38,,11:17,YES,
,,0.344,-38.96,2139.38,911.1251,metal loss,11,,0.43,0.71,,11:57,YES,
,,0.344,-39.88,2140.31,911.1823,metal loss,12,,0.67,0.71,,4:47,YES,
730,40.04,0.344,,2140.46,911.1916,Girth Weld,,,,,,,,
,,0.344,-5.88,2146.34,911.5635,Cluster,10,,1.81,1.4,,11:59,YES,
,,0.344,-7.73,2148.19,911.6828,metal loss,19,,0.79,0.55,,5:36,YES,
,,0.344,-9.98,2150.44,911.8277,metal loss,10,,0.71,0.71,,7:16,YES,
,,0.344,-13.06,2153.51,912.0268,metal loss,15,,0.91,0.91,,6:39,YES,
,,0.344,-17.03,2157.49,912.2906,metal loss,25,,0.71,0.63,1.88,6:58,YES,
,,0.344,-19.12,2159.58,912.4296,metal loss,10,,1.26,1.06,,11:44,YES,
,,0.344,-20.62,2161.08,912.529,metal loss,17,,0.63,0.55,,6:40,YES,
,,0.344,-34.16,2174.62,913.456,metal loss,12,,0.87,0.91,,6:31,YES,
,,0.344,-36.31,2176.77,913.6075,metal loss,14,,0.59,0.79,,12:04,YES,
,,0.344,-38.82,2179.28,913.7847,metal loss,10,,0.59,0.71,,4:34,YES,
,,0.344,-38.99,2179.45,913.7965,Cluster,11,,2.76,4.38,,5:04,YES,
740,40.07,0.344,,2180.5,913.8707,Girth Weld,,,,,,,,
,,0.344,-1.23,2181.73,913.9577,metal loss,12,,1.61,0.83,,5:17,YES,
,,0.344,-3.76,2184.26,914.1366,metal loss,10,,0.51,0.71,,12:11,YES,
,,0.344,-12.11,2192.61,914.7337,metal loss,12,,0.59,0.71,,7:18,YES,
,,0.344,-13.63,2194.13,914.8433,metal loss,11,,0.71,0.59,,11:58,YES,
,,0.344,-38.22,2218.72,916.6591,metal loss,12,,0.98,0.71,,5:13,YES,
,,0.344,-39.74,2220.24,916.7737,Cluster,16,,3.12,2.77,,5:23,YES,
,,0.344,-39.74,2220.24,916.7741,metal loss,11,,0.91,0.59,,6:19,YES,
750,39.82,0.344,,2220.57,916.7985,Girth Weld,,,,,,,,
,,0.344,-2.29,2222.85,916.9708,metal loss,15,,0.55,0.71,,7:15,YES,
,,0.344,-6.11,2226.67,917.2614,metal loss,10,,0.59,0.71,,7:10,YES,
,,0.344,-6.15,2226.72,917.2647,metal loss,10,,0.91,0.63,,6:24,YES,
,,0.344,-7.41,2227.98,917.3608,metal loss,12,,0.63,0.71,,7:20,YES,
,,0.344,-8.24,2228.8,917.4236,metal loss,10,,0.71,0.71,,6:27,YES,
,,0.344,-12.48,2233.04,917.7464,metal loss,13,,0.79,0.94,,6:24,YES,
,,0.344,-12.61,2233.17,917.7564,Cluster,11,,1.76,1.11,,4:57,YES,
,,0.344,-13.8,2234.36,917.8472,Cluster,11,,2.12,0.73,,7:33,YES,
,,0.344,-14.13,2234.69,917.8724,metal loss,12,,0.63,0.71,,5:14,YES,
,,0.344,-14.68,2235.25,917.9148,metal loss,10,,1.1,0.83,,6:23,YES,
,,0.344,-18.33,2238.9,918.1934,Cluster,15,,2.34,1.11,,5:19,YES,
,,0.344,-20.64,2241.2,918.3697,metal loss,15,,0.67,0.71,,4:59,YES,
,,0.344,-21.28,2241.84,918.4186,metal loss,12,,0.59,0.71,,5:26,YES,
,,0.344,-23.35,2243.92,918.5765,metal loss,17,,0.71,0.71,,6:21,YES,
,,0.344,-24.32,2244.89,918.6503,metal loss,11,,0.75,0.63,,6:11,YES,
,,0.344,-26.45,2247.01,918.811,metal loss,17,,0.87,0.71,,5:31,YES,
,,0.344,-28.19,2248.76,918.943,metal loss,16,,0.63,0.59,,6:26,YES,
,,0.344,-28.72,2249.29,918.9831,metal loss,10,,0.71,0.71,,6:01,YES,
,,0.344,-28.93,2249.5,918.9989,metal loss,11,,0.71,0.71,,6:28,YES,
,,0.344,-33.35,2253.91,919.3328,metal loss,13,,0.47,0.71,,5:23,YES,
,,0.344,-35.19,2255.76,919.4699,Cluster,18,,1.94,0.69,,5:25,YES,
,,0.344,-36.84,2257.41,919.5927,metal loss,13,,0.79,0.67,,6:25,YES,
,,0.344,-37.56,2258.13,919.646,Cluster,11,,4.56,3.83,,4:55,YES,
,,0.344,-39.55,2260.11,919.7917,Cluster,15,,3.11,3.31,,5:32,YES,
760,40.06,0.344,,2260.38,919.8114,Girth Weld,,,,,,,,
,,0.344,-0.08,2260.47,919.8172,Cluster,13,,1.57,4.48,,5:35,YES,
,,0.344,-1.62,2262.01,919.9293,metal loss,10,,0.67,0.71,,7:07,YES,
,,0.344,-3.59,2263.98,920.0726,Cluster,13,,1.66,0.69,,5:57,YES,
,,0.344,-5.62,2266.01,920.2201,metal loss,10,,0.47,0.71,,11:47,YES,
,,0.344,-6.88,2267.26,920.3112,metal loss,10,,0.79,0.59,,6:03,YES,
,,0.344,-8.13,2268.51,920.4023,metal loss,12,,0.55,0.71,,5:25,YES,
,,0.344,-10.6,2270.99,920.5809,Cluster,10,,1.86,1.43,,6:27,YES,
,,0.344,-30.04,2290.43,921.9339,Cluster,10,,3.88,0.71,,5:30,YES,
,,0.344,-30.6,2290.98,921.9714,Cluster,12,,1.62,3.27,,5:42,YES,
,,0.344,-39.67,2300.05,922.556,Cluster,15,,4.56,4.34,,5:52,YES,
,,0.344,-39.74,2300.12,922.5602,Cluster,16,,4.03,8.09,,3:49,YES,
770,10.39,0.344,,2300.45,922.5808,Girth Weld,,,,,,,,
,,0.344,-1.84,2302.29,922.6964,metal loss,13,,0.67,0.71,,5:47,YES,
,,0.344,-9.55,2310,923.1627,metal loss,10,,1.02,0.87,,6:09,YES,
,,0.344,-10.08,2310.53,923.1944,metal loss,14,,0.98,0.87,,6:03,YES,
780,40.03,0.344,,2310.84,923.2127,Girth Weld,,,,,,,,
790,15.06,0.5,,2350.86,925.498,Girth Weld,,,,,,,,"0.500"""
,,,,2358.48,925.9077,Bend,,,,,,,,5.0D - 47° - Left
800,23.8,0.344,,2365.92,926.2426,Girth Weld,,,,,,,,"0.344"""
,,0.344,-2.37,2368.29,926.2914,Cluster,13,,5.62,5.97,,5:40,YES,
810,40.14,0.344,,2389.72,926.2387,Girth Weld,,,,,,,,
820,40.1,0.344,,2429.86,926.1467,Girth Weld,,,,,,,,
830,40.09,0.344,,2469.96,926.181,Girth Weld,,,,,,,,
840,40.08,0.344,,2510.05,926.2885,Girth Weld,,,,,,,,
850,40.1,0.344,,2550.13,926.9249,Girth Weld,,,,,,,,
860,40.1,0.344,,2590.23,928.7713,Girth Weld,,,,,,,,
870,40.07,0.344,,2630.32,931.6633,Girth Weld,,,,,,,,
880,40.06,0.344,,2670.39,935.4431,Girth Weld,,,,,,,,
890,40.08,0.344,,2710.45,939.9295,Girth Weld,,,,,,,,
900,40.06,0.344,,2750.53,945.1271,Girth Weld,,,,,,,,
910,40.04,0.344,,2790.6,951.0335,Girth Weld,,,,,,,,
920,40,0.344,,2830.64,957.1712,Girth Weld,,,,,,,,
930,8.28,0.5,,2870.64,962.9958,Girth Weld,,,,,,,,"0.500"""
,,,,2874.56,963.4886,Bend,,,,,,,,5.9D - 21° - Left
940,30.78,0.344,,2878.92,964.0185,Girth Weld,,,,,,,,"0.344"""
950,40.03,0.344,,2909.7,967.5674,Girth Weld,,,,,,,,
960,39.94,0.344,,2949.73,970.3446,Girth Weld,,,,,,,,
,,0.344,-32.93,2982.66,971.2751,metal loss,10,,0.51,0.71,,11:01,YES,
970,39.79,0.344,,2989.67,971.4205,Girth Weld,,,,,,,,
,,0.344,-1.76,2991.42,971.457,Cluster,12,,0.77,1.72,,9:37,YES,
,,0.344,-1.94,2991.61,971.4608,metal loss,13,,0.55,0.55,,9:42,YES,
,,0.344,-3.94,2993.61,971.5022,Cluster,10,,1.58,1.36,,9:30,YES,
,,0.344,-4.24,2993.91,971.5085,Cluster,12,,1.63,0.67,,2:16,YES,
,,0.344,-4.83,2994.5,971.5207,Cluster,10,,4.84,2.81,,9:17,YES,
,,0.344,-12.41,3002.07,971.677,metal loss,10,,0.51,0.55,,8:30,YES,
,,0.344,-12.57,3002.24,971.6804,metal loss,11,,0.67,0.71,,8:29,YES,
,,0.344,-28.38,3018.05,971.9395,metal loss,10,,0.63,0.63,,3:09,YES,
,,0.344,-30.21,3019.88,971.941,Cluster,10,,1.76,1.24,,8:31,YES,
980,39.99,0.344,,3029.46,971.9483,Girth Weld,,,,,,,,
,,0.344,-21.59,3051.05,971.9481,Cluster,10,,4.02,0.71,,4:35,YES,
,,0.344,-25.37,3054.83,971.9454,Cluster,10,,3.74,1.05,,4:18,YES,
,,0.344,-25.79,3055.25,971.945,metal loss,11,,0.67,0.71,,4:22,YES,
,,0.344,-27.05,3056.51,971.9441,Cluster,11,,3.52,0.69,,4:17,YES,
,,0.344,-27.34,3056.8,971.9439,Cluster,11,,4.99,3.83,,7:17,YES,
,,0.344,-28.41,3057.87,971.9432,Cluster,11,,3.41,1.2,,4:12,YES,
,,0.344,-28.89,3058.36,971.9428,metal loss,12,,0.71,0.55,,4:17,YES,
,,0.344,-29.11,3058.57,971.9426,Cluster,11,,6.88,2.77,,3:57,YES,
,,0.344,-29.62,3059.08,971.9421,Cluster,11,,9,3.37,,7:18,YES,
,,0.344,-29.81,3059.27,971.942,metal loss,10,,0.91,0.71,,4:14,YES,
,,0.344,-30.3,3059.76,971.9415,Cluster,11,,13.36,5.59,,3:47,YES,
,,0.344,-30.45,3059.92,971.9414,Cluster,11,,7.37,3.88,,7:18,YES,
,,0.344,-31.23,3060.69,971.9407,Cluster,15,,7.08,1.34,,7:42,YES,
,,0.344,-31.92,3061.38,971.9401,Cluster,15,,11.11,2.28,,7:39,YES,
,,0.344,-32.01,3061.47,971.94,Cluster,15,,4.7,5.41,,3:59,YES,
,,0.344,-32.51,3061.97,971.9396,Cluster,10,,6.55,5.03,,3:37,YES,
,,0.344,-32.95,3062.41,971.9392,Cluster,13,,5.17,3.33,,7:34,YES,
,,0.344,-33.63,3063.09,971.9386,Cluster,11,,5.63,3.44,,7:39,YES,
,,0.344,-34.09,3063.55,971.9382,Cluster,11,,4.67,2.98,,3:46,YES,
,,0.344,-39.61,3069.07,971.929,Cluster,12,,4.69,5.59,,8:17,YES,
990,39.95,0.344,,3069.45,971.9267,Girth Weld,,,,,,,,
,,,,3075.31,971.8719,Tap,,,,,,12:00,,
1000,38.43,0.344,,3109.4,971.1733,Girth Weld,,,,,,,,
1010,40.03,0.344,,3147.83,970.2689,Girth Weld,,,,,,,,
1020,40.03,0.344,,3187.86,968.6961,Girth Weld,,,,,,,,
1030,40.03,0.344,,3227.9,967.0689,Girth Weld,,,,,,,,
1040,40.06,0.344,,3267.93,965.3444,Girth Weld,,,,,,,,
1050,40.12,0.344,,3307.98,963.5412,Girth Weld,,,,,,,,
,,0.344,-39.24,3347.22,961.6587,metal loss,14,,1.18,2.24,,3:48,NO,
,,0.344,-39.32,3347.3,961.6548,metal loss,11,,0.71,0.94,,7:29,NO,
1060,40.05,0.344,,3348.1,961.6137,Girth Weld,,,,,,,,
1070,40.01,0.344,,3388.15,959.366,Girth Weld,,,,,,,,
,,0.344,-17.89,3406.04,958.2962,Cluster,18,,2.56,2.85,,5:32,NO,
,,0.344,-39.15,3427.3,957.0421,metal loss,12,,0.87,1.93,,7:45,NO,
1080,39.96,0.344,,3428.16,956.9925,Girth Weld,,,,,,,,
1090,39.99,0.344,,3468.12,955.056,Girth Weld,,,,,,,,
1100,39.94,0.344,,3508.11,953.1344,Girth Weld,,,,,,,,
1110,40.03,0.344,,3548.05,951.4131,Girth Weld,,,,,,,,
1120,40,0.344,,3588.09,949.802,Girth Weld,,,,,,,,
1130,40,0.344,,3628.09,947.3644,Girth Weld,,,,,,,,
1140,39.94,0.344,,3668.09,944.505,Girth Weld,,,,,,,,
1150,34.57,0.344,,3708.03,941.5769,Girth Weld,,,,,,,,
1160,39.51,0.344,,3742.6,939.0385,Girth Weld,,,,,,,,
1170,39.93,0.344,,3782.11,936.3824,Girth Weld,,,,,,,,
1180,39.98,0.344,,3822.05,934.0519,Girth Weld,,,,,,,,
1190,39.96,0.344,,3862.02,931.6898,Girth Weld,,,,,,,,
1200,39.97,0.344,,3901.98,929.1844,Girth Weld,,,,,,,,
1210,39.97,0.344,,3941.95,926.6442,Girth Weld,,,,,,,,
1220,39.94,0.344,,3981.92,924.1225,Girth Weld,,,,,,,,
1230,39.92,0.344,,4021.85,921.9051,Girth Weld,,,,,,,,
1240,28.1,0.344,,4061.77,919.6469,Girth Weld,,,,,,,,
1250,39.94,0.344,,4089.87,918.1456,Girth Weld,,,,,,,,
1260,39.91,0.344,,4129.81,917.3029,Girth Weld,,,,,,,,
1270,39.9,0.344,,4169.72,915.6626,Girth Weld,,,,,,,,
1280,39.95,0.344,,4209.61,913.9698,Girth Weld,,,,,,,,
1290,40,0.344,,4249.57,912.4998,Girth Weld,,,,,,,,
1300,40.15,0.344,,4289.56,911.4006,Girth Weld,,,,,,,,
1310,40.17,0.344,,4329.71,910.3436,Girth Weld,,,,,,,,
1320,40.06,0.344,,4369.88,909.4641,Girth Weld,,,,,,,,
1330,40.07,0.344,,4409.94,908.813,Girth Weld,,,,,,,,
1340,40.03,0.344,,4450.01,908.1672,Girth Weld,,,,,,,,
1350,40.04,0.344,,4490.05,907.6447,Girth Weld,,,,,,,,
1360,40.06,0.344,,4530.09,907.7787,Girth Weld,,,,,,,,
,,0.344,-0.81,4530.89,907.7889,metal loss,15,,1.02,2.32,,4:11,NO,
1370,40.03,0.344,,4570.15,908.2358,Girth Weld,,,,,,,,
,,0.344,-38.94,4609.09,909.2472,Cluster,17,,3.47,6.35,,6:16,NO,
1380,40.02,0.344,,4610.18,909.2817,Girth Weld,,,,,,,,
1390,39.94,0.344,,4650.21,910.5192,Girth Weld,,,,,,,,
1400,39.97,0.344,,4690.15,911.8068,Girth Weld,,,,,,,,
1410,39.97,0.344,,4730.12,912.9988,Girth Weld,,,,,,,,
1420,39.99,0.344,,4770.09,913.118,Girth Weld,,,,,,,,
1430,39.93,0.344,,4810.08,912.5711,Girth Weld,,,,,,,,
1440,40.04,0.344,,4850.01,911.6846,Girth Weld,,,,,,,,
1450,27.99,0.344,,4890.05,910.4276,Girth Weld,,,,,,,,
1460,39.87,0.344,,4918.04,909.604,Girth Weld,,,,,,,,
,,,,4957.85,908.7731,Cathodic Protection Point,,,,,,6:00,,
1470,39.81,0.344,,4957.91,908.7721,Girth Weld,,,,,,,,
1480,36.5,0.344,,4997.71,907.9843,Girth Weld,,,,,,,,
,,0.344,-26.58,5024.29,907.4257,metal loss-manufacturing anomaly,15,,0.67,0.55,,3:43,N/A,
1490,40.04,0.344,,5034.22,907.2056,Girth Weld,,,,,,,,
1500,30.47,0.344,,5074.25,906.3419,Girth Weld,,,,,,,,
1510,40.02,0.344,,5104.73,905.6904,Girth Weld,,,,,,,,
1520,40.11,0.344,,5144.75,904.8239,Girth Weld,,,,,,,,
1530,38.74,0.344,,5184.86,903.9136,Girth Weld,,,,,,,,
,,,,5202.44,903.8152,Above Ground Marker,,,,,,,,AGM 1
1540,40.05,0.344,,5223.59,903.8025,Girth Weld,,,,,,,,
1550,39.88,0.344,,5263.65,903.9213,Girth Weld,,,,,,,,
,,0.344,-28.9,5292.54,904.1469,Cluster,14,,2.69,2.22,,6:14,NO,
,,0.344,-30.37,5294.02,904.1541,Cluster,12,,1.72,0.69,,5:59,NO,
1560,40.03,0.344,,5303.53,904.1931,Girth Weld,,,,,,,,
,,0.344,-38.65,5342.18,904.168,Cluster,43,,6.68,36.53,1.45,3:18,NO,
1570,40.11,0.344,,5343.56,904.1627,Girth Weld,,,,,,,,
,,0.344,-0.79,5344.35,904.1596,Cluster,16,,2,12.63,,9:41,NO,
,,0.344,-0.99,5344.55,904.1589,Cluster,16,,1.02,3.67,,2:33,NO,
,,0.344,-17.57,5361.13,904.1821,Cluster,21,,4.13,6.03,1.76,6:20,NO,
,,0.344,-18.29,5361.85,904.1877,metal loss,15,,0.94,0.55,,6:06,NO,
,,0.344,-18.4,5361.96,904.1885,metal loss,29,,1.73,1.14,1.83,6:40,NO,
,,0.344,-18.47,5362.03,904.1891,Cluster,54,,4.21,2.14,1.46,7:18,NO,
,,0.344,-18.58,5362.14,904.19,Cluster,28,,4.5,2.77,1.69,4:39,NO,
,,0.344,-18.94,5362.5,904.1928,Cluster,40,,4.68,5.72,1.57,7:01,NO,
,,0.344,-19.06,5362.62,904.1937,Cluster,13,,2.05,2.33,,4:50,NO,
,,0.344,-19.46,5363.02,904.1969,metal loss,32,,3.31,1.65,1.72,4:26,NO,
,,0.344,-19.59,5363.15,904.1979,Cluster,19,,3.37,8.23,,6:46,NO,
,,0.344,-20.03,5363.59,904.2013,Cluster,37,,1.91,2.2,1.79,4:21,NO,
,,0.344,-21.03,5364.59,904.2091,Cluster,35,,2.35,2.12,1.77,4:25,NO,
,,0.344,-21.51,5365.07,904.213,Cluster,22,,4.85,2.56,1.73,4:23,NO,
,,0.344,-22.16,5365.72,904.2181,Cluster,59,,14.66,17.01,1.08,5:34,NO,
,,0.344,-22.31,5365.86,904.2192,Cluster,11,,3.59,5.2,,4:43,NO,
,,0.344,-35.87,5379.43,904.345,Cluster,40,,3.78,19.14,1.63,4:36,NO,
1580,40.03,0.344,,5383.67,904.4144,Girth Weld,,,,,,,,
1590,22.89,0.344,,5423.7,905.5913,Girth Weld,,,,,,,,
1600,40.07,0.344,,5446.59,906.3864,Girth Weld,,,,,,,,
,,0.344,-0.74,5447.33,906.411,Cluster,12,,2.09,16.57,,6:42,NO,
,,0.344,-12.36,5458.94,906.7782,metal loss-manufacturing anomaly,11,,3.82,1.06,,12:40,N/A,
1610,40.06,0.344,,5486.66,907.8257,Girth Weld,,,,,,,,
1620,22.95,0.344,,5526.72,909.6275,Girth Weld,,,,,,,,
1630,40.09,0.344,,5549.67,910.6666,Girth Weld,,,,,,,,
1640,15.29,0.344,,5589.75,912.5187,Girth Weld,,,,,,,,
1650,40.04,0.344,,5605.04,913.2674,Girth Weld,,,,,,,,
1660,40.03,0.344,,5645.08,915.212,Girth Weld,,,,,,,,
1670,40.01,0.344,,5685.11,917.2726,Girth Weld,,,,,,,,
1680,26.47,0.344,,5725.11,919.0636,Girth Weld,,,,,,,,
1690,40.04,0.344,,5751.59,919.9531,Girth Weld,,,,,,,,
1700,40.01,0.344,,5791.63,921.1714,Girth Weld,,,,,,,,
,,0.344,-39.06,5830.69,921.9398,Cluster,19,,1.66,6.26,,6:47,NO,
1710,40.01,0.344,,5831.64,921.9583,Girth Weld,,,,,,,,
1720,40.01,0.344,,5871.65,921.9821,Girth Weld,,,,,,,,
1730,39.98,0.344,,5911.65,921.4777,Girth Weld,,,,,,,,
1740,39.98,0.344,,5951.63,919.4853,Girth Weld,,,,,,,,
1750,40.04,0.344,,5991.61,916.8787,Girth Weld,,,,,,,,
1760,36.91,0.344,,6031.65,913.6173,Girth Weld,,,,,,,,
1770,40.03,0.344,,6068.56,910.3758,Girth Weld,,,,,,,,
1780,40.03,0.344,,6108.59,906.8486,Girth Weld,,,,,,,,
1790,39.99,0.344,,6148.61,903.5946,Girth Weld,,,,,,,,
1800,40.02,0.344,,6188.61,900.4542,Girth Weld,,,,,,,,
1810,40.11,0.344,,6228.63,897.2149,Girth Weld,,,,,,,,
1820,40.22,0.344,,6268.74,893.2467,Girth Weld,,,,,,,,
1830,40.09,0.344,,6308.97,889.1443,Girth Weld,,,,,,,,
1840,40.05,0.344,,6349.05,887.8045,Girth Weld,,,,,,,,
1850,19.37,0.344,,6389.1,885.4031,Girth Weld,,,,,,,,
1860,39.91,0.344,,6408.47,883.5791,Girth Weld,,,,,,,,
1870,39.99,0.344,,6448.38,879.9305,Girth Weld,,,,,,,,
1880,39.99,0.344,,6488.37,876.2629,Girth Weld,,,,,,,,
1890,39.98,0.344,,6528.36,872.6116,Girth Weld,,,,,,,,
1900,39.98,0.344,,6568.34,868.9932,Girth Weld,,,,,,,,
1910,39.96,0.344,,6608.32,865.4877,Girth Weld,,,,,,,,
1920,39.98,0.344,,6648.28,862.113,Girth Weld,,,,,,,,
1930,39.91,0.344,,6688.26,858.7998,Girth Weld,,,,,,,,
1940,39.93,0.344,,6728.16,855.4117,Girth Weld,,,,,,,,
1950,31.91,0.344,,6768.1,852.0526,Girth Weld,,,,,,,,
1960,39.98,0.344,,6800.01,849.7043,Girth Weld,,,,,,,,
1970,20.62,0.344,,6839.98,847.2605,Girth Weld,,,,,,,,
1980,39.97,0.344,,6860.61,846.2284,Girth Weld,,,,,,,,
1990,39.98,0.344,,6900.58,844.0846,Girth Weld,,,,,,,,
,,0.344,-23.68,6924.26,842.9271,metal loss-manufacturing anomaly,14,,0.59,0.55,,12:28,N/A,
,,0.344,-24.96,6925.53,842.8694,metal loss-manufacturing anomaly,20,,0.55,0.59,,9:45,N/A,
2000,39.92,0.344,,6940.56,842.2147,Girth Weld,,,,,,,,
,,0.344,-39.06,6979.62,840.5392,metal loss,17,,1.65,2.01,,5:21,NO,
,,0.344,-39.08,6979.64,840.5385,metal loss,25,,1.26,3.9,1.86,6:42,NO,
2010,32.83,0.344,,6980.48,840.5042,Girth Weld,,,,,,,,
2020,39.94,0.344,,7013.31,839.3914,Girth Weld,,,,,,,,
,,0.344,-39.05,7052.36,838.1095,Cluster,18,,1.99,5.38,,3:50,NO,
2030,39.99,0.344,,7053.25,838.0806,Girth Weld,,,,,,,,
2040,39.96,0.344,,7093.24,836.9602,Girth Weld,,,,,,,,
2050,39.97,0.344,,7133.2,836.0004,Girth Weld,,,,,,,,
2060,39.9,0.344,,7173.17,835.0986,Girth Weld,,,,,,,,
2070,40.03,0.344,,7213.06,834.4001,Girth Weld,,,,,,,,
2080,39.98,0.344,,7253.1,834.0561,Girth Weld,,,,,,,,
2090,40.04,0.344,,7293.07,833.2611,Girth Weld,,,,,,,,
,,,,7297.32,833.1656,Tap,,,,,,12:00,,
,,,,7299.32,833.12,Tap,,,,,,12:00,,
2100,40.01,0.344,,7333.11,832.2681,Girth Weld,,,,,,,,
2110,39.89,0.344,,7373.12,830.4167,Girth Weld,,,,,,,,
2120,39.95,0.344,,7413.01,828.3557,Girth Weld,,,,,,,,
2130,39.93,0.344,,7452.96,826.2356,Girth Weld,,,,,,,,
2140,39.98,0.344,,7492.89,823.6085,Girth Weld,,,,,,,,
2150,39.97,0.344,,7532.87,821.0858,Girth Weld,,,,,,,,
2160,39.87,0.344,,7572.84,818.928,Girth Weld,,,,,,,,
2170,39.87,0.344,,7612.71,816.841,Girth Weld,,,,,,,,
,,0.344,-24.7,7637.41,815.6535,metal loss,19,,1.38,1.18,,9:07,NO,
,,0.344,-25.04,7637.75,815.6391,metal loss,14,,1.46,1.53,,9:05,NO,
,,0.344,-26.09,7638.8,815.5944,Cluster,11,,3.06,3.46,,9:38,NO,
,,0.344,-38.53,7651.24,815.0541,Cluster,11,,3.41,1.38,,6:27,NO,
2180,39.94,0.344,,7652.58,814.9942,Girth Weld,,,,,,,,
2190,39.87,0.344,,7692.53,813.2727,Girth Weld,,,,,,,,
2200,39.9,0.344,,7732.39,811.7682,Girth Weld,,,,,,,,
2210,10.89,0.344,,7772.29,810.3112,Girth Weld,,,,,,,,
2220,39.94,0.344,,7783.18,810.0367,Girth Weld,,,,,,,,
2230,39.99,0.344,,7823.12,809.2136,Girth Weld,,,,,,,,
2240,39.94,0.344,,7863.12,808.5754,Girth Weld,,,,,,,,
2250,39.65,0.344,,7903.06,807.9884,Girth Weld,,,,,,,,
2260,39.89,0.344,,7942.72,807.2028,Girth Weld,,,,,,,,
2270,39.89,0.344,,7982.61,806.5524,Girth Weld,,,,,,,,
2280,39.95,0.344,,8022.5,806.4375,Girth Weld,,,,,,,,
2290,39.99,0.344,,8062.45,807.2133,Girth Weld,,,,,,,,
2300,39.99,0.344,,8102.44,808.5642,Girth Weld,,,,,,,,
2310,39.99,0.344,,8142.43,809.9439,Girth Weld,,,,,,,,
2320,39.93,0.344,,8182.43,811.2744,Girth Weld,,,,,,,,
2330,39.95,0.344,,8222.36,812.5486,Girth Weld,,,,,,,,
2340,40.01,0.344,,8262.31,813.6609,Girth Weld,,,,,,,,
2350,40,0.344,,8302.32,814.5975,Girth Weld,,,,,,,,
2360,39.94,0.344,,8342.32,815.1418,Girth Weld,,,,,,,,
2370,40.05,0.344,,8382.27,815.3629,Girth Weld,,,,,,,,
,,0.344,-39.13,8421.4,815.445,metal loss,11,,0.87,1.1,,6:52,NO,
2380,25.12,0.344,,8422.32,815.4437,Girth Weld,,,,,,,,
2390,40,0.344,,8447.44,814.7974,Girth Weld,,,,,,,,
2400,40.03,0.344,,8487.44,812.2403,Girth Weld,,,,,,,,
2410,39.98,0.344,,8527.47,810.0484,Girth Weld,,,,,,,,
2420,39.96,0.344,,8567.45,808.6726,Girth Weld,,,,,,,,
2430,39.9,0.344,,8607.42,808.114,Girth Weld,,,,,,,,
2440,38.73,0.344,,8647.32,807.7303,Girth Weld,,,,,,,,
2450,39.92,0.344,,8686.05,807.5471,Girth Weld,,,,,,,,
,,0.344,-38.95,8725,807.2579,Cluster,10,,3.94,4.61,,4:50,NO,
2460,39.92,0.344,,8725.97,807.2478,Girth Weld,,,,,,,,
2470,39.93,0.344,,8765.89,807.0731,Girth Weld,,,,,,,,
2480,39.88,0.344,,8805.81,807.2022,Girth Weld,,,,,,,,
2490,39.94,0.344,,8845.69,807.3927,Girth Weld,,,,,,,,
2500,39.92,0.344,,8885.64,807.6392,Girth Weld,,,,,,,,
,,0.344,-3.72,8889.36,807.6581,metal loss-manufacturing anomaly,13,,0.47,0.71,,10:52,N/A,
,,0.344,-4.23,8889.87,807.6607,metal loss-manufacturing anomaly,14,,1.61,0.71,,7:07,N/A,
2510,37.76,0.344,,8925.56,807.9329,Girth Weld,,,,,,,,
2520,40.08,0.344,,8963.32,808.0802,Girth Weld,,,,,,,,
2530,40,0.344,,9003.4,808.0476,Girth Weld,,,,,,,,
2540,39.98,0.344,,9043.4,806.762,Girth Weld,,,,,,,,
2550,39.97,0.344,,9083.38,802.8685,Girth Weld,,,,,,,,
2560,39.94,0.344,,9123.35,798.7699,Girth Weld,,,,,,,,
2570,39.94,0.344,,9163.29,795.0676,Girth Weld,,,,,,,,
2580,39.97,0.344,,9203.22,791.9365,Girth Weld,,,,,,,,
2590,40.02,0.344,,9243.19,788.9919,Girth Weld,,,,,,,,
2600,40.06,0.344,,9283.21,786.8014,Girth Weld,,,,,,,,
,,,,9308.18,786.278,Tap,,,,,,12:00,,
2610,40.05,0.344,,9323.26,786.262,Girth Weld,,,,,,,,
2620,39.91,0.344,,9363.32,785.4457,Girth Weld,,,,,,,,
2630,11.48,0.5,,9403.23,782.2962,Girth Weld,,,,,,,,"0.500"""
,,,,9408.73,781.8069,Bend,,,,,,,,6.0D - 32° - Sag
2640,40.06,0.344,,9414.71,781.277,Girth Weld,,,,,,,,"0.344"""
2650,16.85,0.344,,9454.77,778.5411,Girth Weld,,,,,,,,
2660,20.51,0.344,,9471.61,780.3274,Girth Weld,,,,,,,,
,,0.344,-1.44,9473.05,780.4636,metal loss,10,,0.71,0.59,,5:15,YES,
2670,40.1,0.344,,9492.12,781.8155,Girth Weld,,,,,,,,
2680,40.07,0.344,,9532.22,783.5125,Girth Weld,,,,,,,,
2690,40.02,0.344,,9572.29,787.0344,Girth Weld,,,,,,,,
2700,40.02,0.344,,9612.32,791.9578,Girth Weld,,,,,,,,
2710,36.59,0.344,,9652.34,798.4054,Girth Weld,,,,,,,,
2720,40.05,0.344,,9688.93,804.5102,Girth Weld,,,,,,,,
2730,40,0.344,,9728.98,811.5882,Girth Weld,,,,,,,,
2740,8.37,0.5,,9768.99,818.5523,Girth Weld,,,,,,,,"0.500"""
,,,,9773.11,819.2255,Bend,,,,,,,,5.8D - 20° - Over
2750,14.99,0.344,,9777.36,819.9203,Girth Weld,,,,,,,,"0.344"""
2760,40,0.344,,9792.35,822.3859,Girth Weld,,,,,,,,
2770,37.65,0.344,,9832.35,826.7875,Girth Weld,,,,,,,,
2780,40.01,0.344,,9869.99,828.1032,Girth Weld,,,,,,,,
2790,39.99,0.344,,9910,828.8316,Girth Weld,,,,,,,,
2800,39.98,0.344,,9949.99,829.2074,Girth Weld,,,,,,,,
2810,40.02,0.344,,9989.97,829.1495,Girth Weld,,,,,,,,
2820,40.24,0.344,,10029.99,829.1206,Girth Weld,,,,,,,,
2830,40.25,0.344,,10070.24,829.2361,Girth Weld,,,,,,,,
2840,13.44,0.344,,10110.48,829.17,Girth Weld,,,,,,,,
2850,39.98,0.344,,10123.92,829.0158,Girth Weld,,,,,,,,
2860,40.04,0.344,,10163.9,827.9683,Girth Weld,,,,,,,,
,,0.344,-38.82,10202.72,826.6514,Cluster,13,,2.65,3.81,,7:11,NO,
2870,40.03,0.344,,10203.94,826.612,Girth Weld,,,,,,,,
2880,40.05,0.344,,10243.98,825.5744,Girth Weld,,,,,,,,
2890,40.01,0.344,,10284.03,824.9994,Girth Weld,,,,,,,,
2900,40.01,0.344,,10324.04,824.7206,Girth Weld,,,,,,,,
2910,20.52,0.344,,10364.04,824.5069,Girth Weld,,,,,,,,
2920,39.9,0.344,,10384.56,824.3358,Girth Weld,,,,,,,,
,,0.344,-8.37,10392.93,824.2547,metal loss-manufacturing anomaly,17,,3.66,0.71,,8:22,N/A,
,,0.344,-19.7,10404.26,824.1441,metal loss-manufacturing anomaly,17,,3.58,0.63,,2:23,N/A,
2930,40.01,0.344,,10424.46,823.9431,Girth Weld,,,,,,,,
,,,,10431.4,823.8735,Above Ground Marker,,,,,,,,AGM 2    U
2940,39.94,0.344,,10464.47,823.4679,Girth Weld,,,,,,,,
2950,40.01,0.344,,10504.41,822.7946,Girth Weld,,,,,,,,
,,0.344,-0.76,10505.17,822.7847,Cluster,10,,4.09,13.28,,5:10,NO,
2960,40,0.344,,10544.42,822.0126,Girth Weld,,,,,,,,
,,0.344,-29.95,10574.38,820.8848,Cluster,21,,6.8,5.8,1.69,4:21,NO,
,,0.344,-30.7,10575.13,820.8552,Cluster,17,,6.35,2.87,,4:19,NO,
,,0.344,-33.09,10577.51,820.7606,Cluster,12,,2.87,1.43,,6:20,NO,
,,0.344,-39,10583.42,820.523,Cluster,19,,2.99,2.91,,6:27,NO,
,,0.344,-39.15,10583.57,820.5169,metal loss,26,,1.06,2.28,1.86,3:53,NO,
2970,39.99,0.344,,10584.42,820.482,Girth Weld,,,,,,,,
,,,,10618.52,819.7015,Tap,,,,,,12:00,,
,,,,10620.51,819.7165,Tap,,,,,,12:00,,
2980,39.91,0.344,,10624.41,819.7459,Girth Weld,,,,,,,,
2990,39.93,0.344,,10664.32,820.0225,Girth Weld,,,,,,,,
3000,38.73,0.344,,10704.25,820.3489,Girth Weld,,,,,,,,
3010,19.74,0.344,,10742.98,820.7043,Girth Weld,,,,,,,,
,,0.344,-0.54,10743.51,820.7096,Cluster,23,,2.6,2.39,1.8,5:18,NO,
3020,40.13,0.344,,10762.72,820.8836,Girth Weld,,,,,,,,
3030,39.98,0.344,,10802.85,820.9673,Girth Weld,,,,,,,,
3040,39.98,0.344,,10842.83,822.2899,Girth Weld,,,,,,,,
3050,39.92,0.344,,10882.82,825.1324,Girth Weld,,,,,,,,
3060,39.95,0.344,,10922.74,826.699,Girth Weld,,,,,,,,
3070,39.98,0.344,,10962.69,827.6767,Girth Weld,,,,,,,,
3080,39.97,0.344,,11002.66,828.4034,Girth Weld,,,,,,,,
3090,39.97,0.344,,11042.63,829.1032,Girth Weld,,,,,,,,
,,0.344,-4.3,11046.93,829.1849,metal loss-manufacturing anomaly,12,,0.63,0.75,,3:25,N/A,
3100,39.94,0.344,,11082.6,830.137,Girth Weld,,,,,,,,
3110,39.87,0.344,,11122.54,831.1737,Girth Weld,,,,,,,,
3120,39.95,0.344,,11162.41,832.2356,Girth Weld,,,,,,,,
3130,39.95,0.344,,11202.37,833.4085,Girth Weld,,,,,,,,
3140,39.91,0.344,,11242.31,834.6077,Girth Weld,,,,,,,,
3150,39.99,0.344,,11282.22,835.8365,Girth Weld,,,,,,,,
3160,39.99,0.344,,11322.21,837.6544,Girth Weld,,,,,,,,
3170,39.95,0.344,,11362.19,839.5826,Girth Weld,,,,,,,,
3180,39.97,0.344,,11402.14,841.351,Girth Weld,,,,,,,,
3190,39.91,0.344,,11442.11,842.9048,Girth Weld,,,,,,,,
3200,39.92,0.344,,11482.02,843.7978,Girth Weld,,,,,,,,
3210,39.98,0.344,,11521.94,844.4853,Girth Weld,,,,,,,,
3220,39.31,0.344,,11561.92,844.9886,Girth Weld,,,,,,,,
3230,39.79,0.344,,11601.23,846.5251,Girth Weld,,,,,,,,
3240,39.94,0.344,,11641.02,848.6798,Girth Weld,,,,,,,,
3250,39.92,0.344,,11680.96,849.7608,Girth Weld,,,,,,,,
3260,39.94,0.344,,11720.88,850.0503,Girth Weld,,,,,,,,
3270,40.05,0.344,,11760.82,849.8926,Girth Weld,,,,,,,,
3280,39.87,0.344,,11800.88,849.4501,Girth Weld,,,,,,,,
3290,39.96,0.344,,11840.74,850.0526,Girth Weld,,,,,,,,
3300,40.03,0.344,,11880.7,852.5755,Girth Weld,,,,,,,,
3310,39.97,0.344,,11920.74,854.8436,Girth Weld,,,,,,,,
3320,39.98,0.344,,11960.71,856.4503,Girth Weld,,,,,,,,
3330,39.94,0.344,,12000.69,857.736,Girth Weld,,,,,,,,
3340,39.92,0.344,,12040.63,858.7553,Girth Weld,,,,,,,,
3350,39.95,0.344,,12080.55,859.8149,Girth Weld,,,,,,,,
3360,39.95,0.344,,12120.5,860.9063,Girth Weld,,,,,,,,
3370,39.96,0.344,,12160.45,861.8663,Girth Weld,,,,,,,,
,,0.344,-19.85,12180.29,862.3529,metal loss-manufacturing anomaly,13,,3.78,1.46,,10:32,N/A,
3380,39.92,0.344,,12200.4,863.0888,Girth Weld,,,,,,,,
3390,39.98,0.344,,12240.32,864.6579,Girth Weld,,,,,,,,
3400,39.97,0.344,,12280.29,865.6199,Girth Weld,,,,,,,,
3410,39.95,0.344,,12320.26,867.05,Girth Weld,,,,,,,,
3420,33.5,0.344,,12360.22,869.2006,Girth Weld,,,,,,,,
,,0.344,-20.9,12381.12,870.4641,metal loss-manufacturing anomaly,20,,3.66,2.68,,5:02,N/A,
3430,39.91,0.344,,12393.72,871.373,Girth Weld,,,,,,,,
3440,39.93,0.344,,12433.63,874.3226,Girth Weld,,,,,,,,
3450,39.95,0.344,,12473.56,877.4811,Girth Weld,,,,,,,,
3460,39.88,0.344,,12513.51,881.2307,Girth Weld,,,,,,,,
3470,27.75,0.344,,12553.39,884.9166,Girth Weld,,,,,,,,
3480,40.05,0.344,,12581.14,886.9941,Girth Weld,,,,,,,,
3490,13.26,0.5,,12621.19,889.3023,Girth Weld,,,,,,,,"0.500"""
,,,,12627.69,889.6405,Bend,,,,,,,,6.3D - 36° - Left
3500,28.75,0.344,,12634.45,889.9876,Girth Weld,,,,,,,,"0.344"""
3510,39.86,0.344,,12663.2,891.0695,Girth Weld,,,,,,,,
3520,39.92,0.344,,12703.06,891.7243,Girth Weld,,,,,,,,
3530,39.98,0.344,,12742.98,891.7812,Girth Weld,,,,,,,,
3540,39.97,0.344,,12782.96,890.6279,Girth Weld,,,,,,,,
3550,39.95,0.344,,12822.92,890.2389,Girth Weld,,,,,,,,
3560,39.94,0.344,,12862.87,889.6225,Girth Weld,,,,,,,,
3570,40.03,0.344,,12902.81,888.8835,Girth Weld,,,,,,,,
3580,39.85,0.344,,12942.84,887.4879,Girth Weld,,,,,,,,
3590,35.73,0.344,,12982.69,885.79,Girth Weld,,,,,,,,
3600,39.89,0.344,,13018.42,883.8514,Girth Weld,,,,,,,,
3610,40,0.344,,13058.31,881.4757,Girth Weld,,,,,,,,
3620,39.99,0.344,,13098.3,879.0755,Girth Weld,,,,,,,,
3630,39.99,0.344,,13138.29,876.6822,Girth Weld,,,,,,,,
,,0.344,-0.6,13138.89,876.6469,metal loss,33,,5.51,0.63,1.61,4:05,NO,
,,0.344,-0.61,13138.9,876.646,Cluster,34,,8.47,25.13,1.52,4:35,NO,
,,0.344,-0.82,13139.11,876.6339,metal loss,11,,0.98,1.77,,3:15,NO,
3640,39.94,0.344,,13178.28,874.3668,Girth Weld,,,,,,,,
3650,39.99,0.344,,13218.22,871.9099,Girth Weld,,,,,,,,
3660,39.87,0.344,,13258.21,868.6308,Girth Weld,,,,,,,,
3670,39.96,0.344,,13298.08,864.5027,Girth Weld,,,,,,,,
3680,39.97,0.344,,13338.04,859.0906,Girth Weld,,,,,,,,
3690,15.08,0.5,,13378,853.5816,Girth Weld,,,,,,,,"0.500"""
,,,,13385.85,852.4992,Bend,,,,,,,,6.6D - 43° - Sag
3700,40.02,0.344,,13393.08,851.502,Girth Weld,,,,,,,,"0.344"""
,,0.344,-0.76,13393.85,851.3967,Cluster,14,,2.52,8.15,,11:48,NO,
3710,39.99,0.344,,13433.1,847.2316,Girth Weld,,,,,,,,
3720,39.97,0.344,,13473.1,853.1646,Girth Weld,,,,,,,,
3730,40.02,0.344,,13513.06,858.8295,Girth Weld,,,,,,,,
3740,40.05,0.344,,13553.08,864.0554,Girth Weld,,,,,,,,
3750,37.55,0.344,,13593.14,868.2145,Girth Weld,,,,,,,,
3760,38.88,0.344,,13630.69,871.3712,Girth Weld,,,,,,,,
3770,39.91,0.344,,13669.57,873.693,Girth Weld,,,,,,,,
3780,24.28,0.344,,13709.48,874.4402,Girth Weld,,,,,,,,
3790,39.93,0.344,,13733.76,874.6951,Girth Weld,,,,,,,,
3800,39.99,0.344,,13773.69,873.3893,Girth Weld,,,,,,,,
3810,39.98,0.344,,13813.67,870.7333,Girth Weld,,,,,,,,
,,0.344,-22.51,13836.19,869.0829,metal loss-manufacturing anomaly,14,,0.83,0.87,,10:39,N/A,
3820,40.01,0.344,,13853.66,867.9237,Girth Weld,,,,,,,,
3830,39.95,0.344,,13893.67,865.638,Girth Weld,,,,,,,,
3840,11.27,0.344,,13933.62,863.9765,Girth Weld,,,,,,,,
3850,39.87,0.344,,13944.89,863.7232,Girth Weld,,,,,,,,
3860,27.06,0.344,,13984.76,863.0659,Girth Weld,,,,,,,,
3870,14.7,0.5,,14011.82,862.6895,Girth Weld,,,,,,,,"0.500"""
,,,,14019.21,862.5854,Bend,,,,,,,,6.6D - 41° - Left
3880,12.86,0.344,,14026.52,862.466,Girth Weld,,,,,,,,"0.344"""
3890,40.01,0.344,,14039.38,862.2299,Girth Weld,,,,,,,,
3900,39.97,0.344,,14079.39,860.9956,Girth Weld,,,,,,,,
3910,40.05,0.344,,14119.36,859.7298,Girth Weld,,,,,,,,
3920,14.73,0.5,,14159.41,859.2727,Girth Weld,,,,,,,,"0.500"""
,,,,14166.84,859.2045,Bend,,,,,,,,6.1D - 45° - Right
3930,22.61,0.344,,14174.14,859.1425,Girth Weld,,,,,,,,"0.344"""
3940,40.11,0.344,,14196.75,858.9912,Girth Weld,,,,,,,,
3950,40.23,0.344,,14236.85,859.3376,Girth Weld,,,,,,,,
3960,39.97,0.344,,14277.08,859.5892,Girth Weld,,,,,,,,
3970,39.95,0.344,,14317.04,857.9129,Girth Weld,,,,,,,,
3980,40.01,0.344,,14356.99,854.5966,Girth Weld,,,,,,,,
3990,40,0.344,,14397,850.0425,Girth Weld,,,,,,,,
4000,40.01,0.344,,14437,845.1346,Girth Weld,,,,,,,,
4010,39.95,0.344,,14477.02,841.1681,Girth Weld,,,,,,,,
4020,40.06,0.344,,14516.97,838.8856,Girth Weld,,,,,,,,
4030,39.99,0.344,,14557.02,837.2641,Girth Weld,,,,,,,,
4040,40,0.344,,14597.01,835.1487,Girth Weld,,,,,,,,
4050,40.03,0.344,,14637.01,831.8602,Girth Weld,,,,,,,,
4060,6.87,0.344,,14677.04,827.4114,Girth Weld,,,,,,,,
4070,37.87,0.344,,14683.91,826.5727,Girth Weld,,,,,,,,
4080,29.69,0.344,,14721.78,823.2322,Girth Weld,,,,,,,,
4090,6.04,0.344,,14751.47,821.8322,Girth Weld,,,,,,,,
4100,39.54,0.5,,14757.51,821.6308,Girth Weld,,,,,,,,"0.500"""
4110,40.03,0.5,,14797.06,821.0003,Girth Weld,,,,,,,,
4120,40.04,0.5,,14837.09,821.375,Girth Weld,,,,,,,,
4130,5.99,0.344,,14877.13,821.7105,Girth Weld,,,,,,,,"0.344"""
4140,19.19,0.344,,14883.11,821.7476,Girth Weld,,,,,,,,
4150,39.87,0.344,,14902.3,821.8068,Girth Weld,,,,,,,,
,,0.344,-25.71,14928.01,821.8759,metal loss,26,,0.91,0.94,1.87,1:11,NO,
,,0.344,-25.9,14928.2,821.8769,Cluster,10,,1.57,3.31,,1:07,NO,
4160,3,0.344,,14942.17,822.0831,Girth Weld,,,,,,,,
,,0.344,-1.48,14943.65,822.1251,Cluster,14,,3.23,2.16,,6:08,NO,
,,0.344,-2.22,14944.39,822.146,Cluster,13,,4.16,3.35,,5:00,NO,
,,0.344,-2.27,14944.44,822.1474,Cluster,14,,7.08,6.14,,6:48,NO,
4170,4.54,0.5,,14945.17,822.1691,Area Start Installation,,,,,,,,"0.500"""
,,0.5,-0.03,14945.2,822.1702,Cluster,10,,8.15,6.03,,4:46,NO,
,,,,14946.03,822.1963,Tap,,,,,,3:00,,
,,,,14947.44,822.2404,Valve,,,,,,,,
,,0.5,-3.79,14948.96,822.2879,Cluster,14,,5.27,8.84,,4:44,NO,
4180,2.98,0.344,,14949.71,822.3112,Area End Installation,,,,,,,,"0.344"""
,,0.344,-1.08,14950.79,822.3451,Cluster,15,,3.43,3.5,,5:04,NO,
,,0.344,-1.42,14951.13,822.3559,Cluster,25,,6.48,10.52,1.66,3:51,NO,
4190,13.2,0.344,,14952.69,822.4046,Girth Weld,,,,,,,,
,,0.344,-0.07,14952.76,822.4068,metal loss,31,,0.98,4.09,1.86,5:46,NO,
4200,39.93,0.344,,14965.88,822.8174,Girth Weld,,,,,,,,
4210,39.94,0.344,,15005.81,822.6651,Girth Weld,,,,,,,,
,,0.344,-28.46,15034.27,821.1598,metal loss,11,,0.71,0.67,,8:57,NO,
,,0.344,-30.19,15036.01,821.0611,Cluster,13,,3.04,3.31,,8:37,NO,
4220,39.91,0.344,,15045.75,820.6058,Girth Weld,,,,,,,,
,,0.344,-8.4,15054.15,820.2092,Cluster,15,,5.14,5.32,,5:18,NO,
,,0.344,-20.74,15066.49,819.6019,metal loss,12,,1.1,1.02,,3:09,NO,
,,0.344,-27.23,15072.99,819.2671,metal loss,14,,0.75,0.59,,8:29,NO,
,,0.344,-28.43,15074.18,819.2055,metal loss,18,,0.71,0.71,,9:28,NO,
,,0.344,-29.49,15075.24,819.1509,Cluster,29,,4.66,2.95,1.68,9:16,NO,
,,0.344,-30.08,15075.83,819.1202,metal loss,22,,0.71,0.71,1.88,9:38,NO,
,,0.344,-32.52,15078.28,818.9927,metal loss,11,,0.71,0.79,,9:17,NO,
,,0.344,-32.83,15078.58,818.9767,Cluster,25,,3.47,1.28,1.76,9:18,NO,
,,0.344,-38.97,15084.72,818.6563,Cluster,18,,1.81,6.3,,3:44,NO,
4230,39.9,0.344,,15085.66,818.6073,Girth Weld,,,,,,,,
,,0.344,-0.73,15086.39,818.5693,Cluster,19,,4.32,10.74,,3:12,NO,
4240,39.89,0.344,,15125.56,816.613,Girth Weld,,,,,,,,
4250,39.83,0.344,,15165.45,814.6774,Girth Weld,,,,,,,,
4260,39.29,0.344,,15205.28,812.8523,Girth Weld,,,,,,,,
4270,10.88,0.344,,15244.57,811.1183,Girth Weld,,,,,,,,
4280,9.98,0.344,,15255.45,810.6447,Girth Weld,,,,,,,,
4290,9.47,0.5,,15265.43,810.2097,Girth Weld,,,,,,,,"0.500"""
,,,,15270.01,810.0105,Bend,,,,,,,,5.9D - 24° - Over
4300,16.59,0.344,,15274.9,809.7983,Girth Weld,,,,,,,,"0.344"""
,,0.344,-0.78,15275.68,809.7644,metal loss,10,,2.09,0.71,,4:48,NO,
4310,8.57,0.5,,15291.49,809.0989,Girth Weld,,,,,,,,"0.500"""
,,,,15295.9,808.9181,Bend,,,,,,,,5.9D - 21° - Sag
4320,20.46,0.344,,15300.06,808.7529,Girth Weld,,,,,,,,"0.344"""
4330,12.38,0.5,,15320.52,806.7525,Girth Weld,,,,,,,,"0.500"""
,,,,15326.71,805.5315,Bend,,,,,,,,6.3D - 33° - Sag
4340,12.99,0.344,,15332.91,804.318,Girth Weld,,,,,,,,"0.344"""
,,0.344,-12.78,15345.69,802.6387,metal loss,24,,2.05,6.02,1.83,4:20,NO,
4350,9.05,0.5,,15345.9,802.6233,Girth Weld,,,,,,,,"0.500"""
,,,,15350.31,802.2949,Bend,,,,,,,,5.3D - 27° - Over
4360,11.94,0.344,,15354.94,801.9484,Girth Weld,,,,,,,,"0.344"""
,,0.344,-2.52,15357.47,801.7592,metal loss,16,,1.1,1.18,,5:03,NO,
4370,39.99,0.344,,15366.89,801.0799,Girth Weld,,,,,,,,
4380,11.31,0.5,,15406.87,804.4363,Area Start Installation,,,,,,,,"0.500"""
,,,,15412.8,804.5082,Valve,,,,,,,,
4390,25.16,0.344,,15418.18,804.5844,Area End Installation,,,,,,,,"0.344"""
,,0.344,-15.48,15433.66,805.158,metal loss-manufacturing anomaly,20,,0.51,0.71,,9:43,N/A,
4400,40.14,0.344,,15443.34,805.5929,Girth Weld,,,,,,,,
4410,40.14,0.344,,15483.48,807.0763,Girth Weld,,,,,,,,
4420,39.94,0.344,,15523.62,809.2363,Girth Weld,,,,,,,,
4430,40.03,0.344,,15563.57,812.1721,Girth Weld,,,,,,,,
,,0.344,-0.71,15564.27,812.2334,Cluster,24,,2.72,2.28,1.79,4:49,NO,
4440,40.04,0.344,,15603.59,815.6691,Girth Weld,,,,,,,,
4450,40.03,0.344,,15643.63,819.0653,Girth Weld,,,,,,,,
4460,39.98,0.344,,15683.66,821.7523,Girth Weld,,,,,,,,
,,,,15720.98,822.9972,Above Ground Marker,,,,,,,,AGM 3
4470,39.87,0.344,,15723.64,823.0141,Girth Weld,,,,,,,,
4480,40.01,0.344,,15763.51,823.1364,Girth Weld,,,,,,,,
4490,34.78,0.344,,15803.52,824.4619,Girth Weld,,,,,,,,
4500,39.97,0.344,,15838.3,825.8162,Girth Weld,,,,,,,,
4510,40.01,0.344,,15878.27,827.2829,Girth Weld,,,,,,,,
4520,40.08,0.344,,15918.28,828.5738,Girth Weld,,,,,,,,
,,0.344,-39.71,15957.99,829.9187,metal loss,10,,0.75,0.83,,3:57,NO,
4530,40.02,0.344,,15958.36,829.9381,Girth Weld,,,,,,,,
4540,39.88,0.344,,15998.39,833.1906,Girth Weld,,,,,,,,
,,0.344,-2.36,16000.75,833.4444,metal loss-manufacturing anomaly,16,,0.71,0.59,,7:30,N/A,
,,0.344,-18.8,16017.19,835.2104,metal loss-manufacturing anomaly,10,,0.79,0.71,,7:29,N/A,
4550,39,0.344,,16038.27,837.2717,Girth Weld,,,,,,,,
4560,39.98,0.344,,16077.27,840.8298,Girth Weld,,,,,,,,
4570,39.94,0.344,,16117.25,844.8402,Girth Weld,,,,,,,,
4580,39.99,0.344,,16157.19,847.8642,Girth Weld,,,,,,,,
4590,39.95,0.344,,16197.17,849.4126,Girth Weld,,,,,,,,
4600,40,0.344,,16237.12,849.7761,Girth Weld,,,,,,,,
4610,39.99,0.344,,16277.12,849.8702,Girth Weld,,,,,,,,
4620,39.92,0.344,,16317.11,849.8271,Girth Weld,,,,,,,,
4630,40.01,0.344,,16357.03,849.4279,Girth Weld,,,,,,,,
4640,39.9,0.344,,16397.04,848.8621,Girth Weld,,,,,,,,
,,0.344,-39.03,16436.07,848.2261,metal loss,10,,0.94,0.67,,4:55,NO,
4650,39.86,0.344,,16436.94,848.2123,Girth Weld,,,,,,,,
4660,39.94,0.344,,16476.79,847.5869,Girth Weld,,,,,,,,
,,0.344,-32.57,16509.36,846.9837,Cluster,35,,4.56,11.58,1.63,4:54,NO,
,,0.344,-33.08,16509.87,846.9737,metal loss,10,,1.81,2.09,,6:37,NO,
,,0.344,-38.9,16515.7,846.8592,Cluster,20,,3.48,16.19,1.79,6:39,NO,
4670,40.01,0.344,,16516.74,846.84,Girth Weld,,,,,,,,
4680,39.99,0.344,,16556.75,846.3296,Girth Weld,,,,,,,,
,,0.344,-39.01,16595.76,846.2931,metal loss,14,,2.84,0.71,,8:17,NO,
4690,40.01,0.344,,16596.74,846.2914,Girth Weld,,,,,,,,
,,0.344,-0.83,16597.57,846.29,metal loss,12,,1.61,0.79,,6:29,NO,
,,0.344,-0.83,16597.57,846.29,metal loss,10,,1.69,8.19,,4:50,NO,
4700,39.94,0.344,,16636.75,846.1436,Girth Weld,,,,,,,,
4710,39.98,0.344,,16676.68,845.8867,Girth Weld,,,,,,,,
,,0.344,-0.69,16677.37,845.8829,Cluster,18,,4.88,24.86,,2:26,NO,
4720,39.99,0.344,,16716.67,845.6386,Girth Weld,,,,,,,,
4730,39.99,0.344,,16756.66,845.4099,Girth Weld,,,,,,,,
,,0.344,-0.03,16756.69,845.4098,Cluster,12,,4.25,3.86,,3:15,NO,
4740,39.95,0.344,,16796.65,845.2626,Girth Weld,,,,,,,,
4750,40,0.344,,16836.6,845.108,Girth Weld,,,,,,,,
4760,39.94,0.344,,16876.6,845.0137,Girth Weld,,,,,,,,
4770,39.96,0.344,,16916.54,844.7981,Girth Weld,,,,,,,,
4780,39.93,0.344,,16956.5,844.4206,Girth Weld,,,,,,,,
4790,39.91,0.344,,16996.43,844.0332,Girth Weld,,,,,,,,
4800,39.99,0.344,,17036.34,843.7525,Girth Weld,,,,,,,,
4810,40.18,0.344,,17076.33,843.8376,Girth Weld,,,,,,,,
4820,40.22,0.344,,17116.51,844.0982,Girth Weld,,,,,,,,
4830,11.82,0.344,,17156.73,844.8993,Girth Weld,,,,,,,,
4840,40.01,0.344,,17168.55,845.4954,Girth Weld,,,,,,,,
4850,39.92,0.344,,17208.55,848.6305,Girth Weld,,,,,,,,
4860,40,0.344,,17248.47,852.9325,Girth Weld,,,,,,,,
4870,39.98,0.344,,17288.47,857.9929,Girth Weld,,,,,,,,
4880,40.01,0.344,,17328.45,863.362,Girth Weld,,,,,,,,
4890,40.01,0.344,,17368.47,869.4305,Girth Weld,,,,,,,,
4900,40,0.344,,17408.48,875.6269,Girth Weld,,,,,,,,
4910,39.92,0.344,,17448.47,881.3154,Girth Weld,,,,,,,,
4920,39.91,0.344,,17488.39,886.1287,Girth Weld,,,,,,,,
4930,9.87,0.5,,17528.3,889.7806,Girth Weld,,,,,,,,"0.500"""
,,,,17533.11,890.0481,Bend,,,,,,,,6.0D - 24° - Over
4940,24.94,0.344,,17538.17,890.3196,Girth Weld,,,,,,,,"0.344"""
4950,31.26,0.344,,17563.11,890.9884,Girth Weld,,,,,,,,
4960,39.95,0.344,,17594.37,888.3675,Girth Weld,,,,,,,,
4970,40.04,0.344,,17634.32,882.2407,Girth Weld,,,,,,,,
4980,39.93,0.344,,17674.36,876.8111,Girth Weld,,,,,,,,
4990,39.97,0.344,,17714.28,873.0757,Girth Weld,,,,,,,,
5000,40.01,0.344,,17754.25,870.8867,Girth Weld,,,,,,,,
5010,40.07,0.344,,17794.26,869.6388,Girth Weld,,,,,,,,
5020,31.65,0.344,,17834.32,869.3028,Girth Weld,,,,,,,,
5030,40.03,0.344,,17865.98,869.3317,Girth Weld,,,,,,,,
5040,39.97,0.344,,17906.01,870.0095,Girth Weld,,,,,,,,
5050,40.06,0.344,,17945.98,870.9112,Girth Weld,,,,,,,,
5060,31.26,0.344,,17986.04,872.0171,Girth Weld,,,,,,,,
5070,39.94,0.344,,18017.29,873.1709,Girth Weld,,,,,,,,
5080,39.91,0.344,,18057.24,874.3753,Girth Weld,,,,,,,,
5090,39.94,0.344,,18097.15,874.9225,Girth Weld,,,,,,,,
5100,39.88,0.344,,18137.09,874.2097,Girth Weld,,,,,,,,
,,0.344,-38.78,18175.87,873.1097,Cluster,20,,4.97,6.79,1.74,4:24,NO,
,,0.344,-38.81,18175.91,873.1085,metal loss,18,,0.87,0.59,,6:45,NO,
,,0.344,-38.83,18175.92,873.1082,metal loss,23,,0.87,0.87,1.87,5:58,NO,
5110,8.21,0.344,,18176.97,873.0721,Girth Weld,,,,,,,,
5120,40.02,0.344,,18185.18,872.79,Girth Weld,,,,,,,,
,,0.344,-0.83,18186.01,872.7616,metal loss,14,,1.1,3.42,,6:02,NO,
5130,39.98,0.344,,18225.2,871.5543,Girth Weld,,,,,,,,
5140,39.94,0.344,,18265.17,870.8599,Girth Weld,,,,,,,,
5150,39.86,0.344,,18305.11,870.7747,Girth Weld,,,,,,,,
5160,40.03,0.344,,18344.97,871.4204,Girth Weld,,,,,,,,
5170,40.11,0.344,,18385.01,872.3166,Girth Weld,,,,,,,,
5180,40.07,0.344,,18425.12,873.8279,Girth Weld,,,,,,,,
5190,34.56,0.344,,18465.18,876.6211,Girth Weld,,,,,,,,
5200,40.06,0.344,,18499.75,880.0664,Girth Weld,,,,,,,,
5210,39.89,0.344,,18539.81,885.0386,Girth Weld,,,,,,,,
5220,39.94,0.344,,18579.7,890.31,Girth Weld,,,,,,,,
5230,40,0.344,,18619.65,896.2165,Girth Weld,,,,,,,,
5240,39.97,0.344,,18659.65,902.3154,Girth Weld,,,,,,,,
5250,40.02,0.344,,18699.62,908.5615,Girth Weld,,,,,,,,
5260,40.01,0.344,,18739.64,914.8843,Girth Weld,,,,,,,,
5270,35.11,0.344,,18779.65,921.2024,Girth Weld,,,,,,,,
,,0.344,-34.87,18814.52,926.6041,Cluster,67,,1.88,3.5,1.64,7:23,NO,
5280,11.97,0.5,,18814.76,926.6411,Girth Weld,,,,,,,,"0.500"""
,,,,18820.48,927.5206,Bend,,,,,,,,5.8D - 35° - Left
5290,40.07,0.344,,18826.74,928.4815,Girth Weld,,,,,,,,"0.344"""
5300,39.75,0.344,,18866.81,933.9287,Girth Weld,,,,,,,,
5310,40.04,0.344,,18906.55,935.4292,Girth Weld,,,,,,,,
,,,,18911.82,935.5569,Tap,,,,,,12:00,,
5320,30.18,0.344,,18946.6,935.6758,Girth Weld,,,,,,,,
5330,39.97,0.344,,18976.77,934.7741,Girth Weld,,,,,,,,
5340,40.06,0.344,,19016.74,932.4625,Girth Weld,,,,,,,,
5350,40.04,0.344,,19056.8,930.0627,Girth Weld,,,,,,,,
5360,40.08,0.344,,19096.84,927.7261,Girth Weld,,,,,,,,
5370,40,0.344,,19136.92,925.9325,Girth Weld,,,,,,,,
5380,39.38,0.344,,19176.92,924.231,Girth Weld,,,,,,,,
5390,39.99,0.344,,19216.29,922.6578,Girth Weld,,,,,,,,
5400,39.99,0.344,,19256.28,920.9642,Girth Weld,,,,,,,,
,,0.344,-39.12,19295.4,918.9961,metal loss,12,,1.02,2.99,,5:17,NO,
5410,39.97,0.344,,19296.27,918.9471,Girth Weld,,,,,,,,
5420,39.98,0.344,,19336.24,916.4906,Girth Weld,,,,,,,,
5430,40.01,0.344,,19376.22,913.9004,Girth Weld,,,,,,,,
5440,40,0.344,,19416.24,911.4288,Girth Weld,,,,,,,,
5450,40,0.344,,19456.24,908.9218,Girth Weld,,,,,,,,
5460,39.97,0.344,,19496.24,906.3832,Girth Weld,,,,,,,,
5470,40.01,0.344,,19536.21,903.6774,Girth Weld,,,,,,,,
5480,40.04,0.344,,19576.22,900.8399,Girth Weld,,,,,,,,
5490,40,0.344,,19616.26,897.7843,Girth Weld,,,,,,,,
5500,39.99,0.344,,19656.25,894.6504,Girth Weld,,,,,,,,
5510,40,0.344,,19696.24,891.4772,Girth Weld,,,,,,,,
5520,40.01,0.344,,19736.25,888.3513,Girth Weld,,,,,,,,
5530,40.03,0.344,,19776.25,885.2165,Girth Weld,,,,,,,,
5540,40.05,0.344,,19816.29,882.4061,Girth Weld,,,,,,,,
5550,40.05,0.344,,19856.34,879.6819,Girth Weld,,,,,,,,
5560,39.95,0.344,,19896.39,877.0277,Girth Weld,,,,,,,,
,,0.344,-14.48,19910.87,876.2111,metal loss,10,,0.59,0.71,,6:40,NO,
5570,39.96,0.344,,19936.33,874.7981,Girth Weld,,,,,,,,
5580,39.97,0.344,,19976.3,872.6346,Girth Weld,,,,,,,,
5590,39.95,0.344,,20016.26,870.4776,Girth Weld,,,,,,,,
,,0.344,-0.34,20016.6,870.459,metal loss,10,,0.71,0.67,,4:06,NO,
5600,40.01,0.344,,20056.21,868.1201,Girth Weld,,,,,,,,
5610,39.97,0.344,,20096.22,865.4281,Girth Weld,,,,,,,,
5620,40.01,0.344,,20136.18,862.7636,Girth Weld,,,,,,,,
5630,39.99,0.344,,20176.2,859.9458,Girth Weld,,,,,,,,
5640,39.98,0.344,,20216.19,856.1621,Girth Weld,,,,,,,,
5650,40,0.344,,20256.17,852.0033,Girth Weld,,,,,,,,
5660,40.01,0.344,,20296.17,847.691,Girth Weld,,,,,,,,
,,0.344,-38.97,20335.14,843.5754,Cluster,21,,3.59,5.01,1.78,6:36,NO,
,,0.344,-39.16,20335.33,843.5562,metal loss,11,,1.18,1.89,,7:17,NO,
5670,40.02,0.344,,20336.18,843.4668,Girth Weld,,,,,,,,
5680,38.63,0.344,,20376.2,839.3206,Girth Weld,,,,,,,,
,,0.344,-37.5,20413.71,835.537,metal loss,11,,1.81,2.87,,5:47,NO,
5690,40,0.344,,20414.83,835.4205,Girth Weld,,,,,,,,
5700,39.98,0.344,,20454.83,831.0633,Girth Weld,,,,,,,,
5710,40.04,0.344,,20494.81,826.5618,Girth Weld,,,,,,,,
5720,40.04,0.344,,20534.85,822.0667,Girth Weld,,,,,,,,
5730,40.01,0.344,,20574.89,817.2602,Girth Weld,,,,,,,,
5740,40.04,0.344,,20614.9,812.3748,Girth Weld,,,,,,,,
5750,40.04,0.344,,20654.94,807.4647,Girth Weld,,,,,,,,
5760,40.07,0.344,,20694.99,802.5559,Girth Weld,,,,,,,,
5770,40.05,0.344,,20735.06,797.8108,Girth Weld,,,,,,,,
5780,40.15,0.344,,20775.1,793.3048,Girth Weld,,,,,,,,
5790,11.7,0.344,,20815.25,789.2764,Girth Weld,,,,,,,,
5800,40.1,0.344,,20826.95,788.2476,Girth Weld,,,,,,,,
5810,40.01,0.344,,20867.05,786.2035,Girth Weld,,,,,,,,
5820,33.44,0.344,,20907.06,785.331,Girth Weld,,,,,,,,
5830,40.09,0.344,,20940.5,784.7282,Girth Weld,,,,,,,,
5840,40.14,0.344,,20980.59,783.9852,Girth Weld,,,,,,,,
,,0.344,-39.22,21019.81,783.2616,Cluster,25,,1.85,8.88,1.83,5:07,NO,
5850,20.93,0.344,,21020.73,783.2443,Girth Weld,,,,,,,,
5860,40.23,0.344,,21041.66,782.8422,Girth Weld,,,,,,,,
5870,39.96,0.344,,21081.9,781.9827,Girth Weld,,,,,,,,
5880,40.04,0.344,,21121.85,781.0966,Girth Weld,,,,,,,,
5890,40.02,0.344,,21161.9,780.5305,Girth Weld,,,,,,,,
5900,39.97,0.344,,21201.92,780.0289,Girth Weld,,,,,,,,
,,,,21223.76,779.7347,Above Ground Marker,,,,,,,,AGM 4
5910,39.99,0.344,,21241.88,779.4593,Girth Weld,,,,,,,,
5920,39.94,0.344,,21281.87,778.8174,Girth Weld,,,,,,,,
,,0.344,-0.68,21282.56,778.8138,Cluster,28,,4.84,8.11,1.68,3:53,NO,
,,0.344,-0.7,21282.57,778.8137,metal loss,11,,1.65,2.28,,8:23,NO,
,,0.344,-0.71,21282.59,778.8136,metal loss,14,,1.3,2.05,,9:10,NO,
,,0.344,-0.71,21282.59,778.8136,metal loss,17,,1.65,4.21,,7:18,NO,
,,0.344,-22.6,21304.48,778.7127,metal loss-manufacturing anomaly,14,,0.59,0.59,,3:09,N/A,
,,0.344,-25.76,21307.63,778.7003,Cluster,39,,7.13,2.98,1.49,6:21,NO,
5930,39.99,0.344,,21321.81,778.6609,Girth Weld,,,,,,,,
,,0.344,-19.97,21341.79,778.6263,metal loss,11,,3.54,6.1,,5:43,NO,
,,0.344,-31.22,21353.03,778.6063,Cluster,23,,4.99,17.47,1.72,4:43,NO,
,,0.344,-33.64,21355.45,778.6014,Cluster,19,,3.02,6.45,,4:01,NO,
,,0.344,-39.09,21360.9,778.5886,metal loss,26,,1.5,7.17,1.85,7:22,NO,
5940,40.03,0.344,,21361.81,778.5862,Girth Weld,,,,,,,,
,,0.344,-0.62,21362.42,778.5846,Cluster,28,,3.66,14.43,1.73,7:11,NO,
,,0.344,-0.69,21362.49,778.5844,Cluster,32,,4.5,9.68,1.66,5:02,NO,
,,0.344,-0.73,21362.53,778.5843,metal loss,40,,3.27,0.63,1.67,4:23,NO,
,,0.344,-0.75,21362.56,778.5843,metal loss,20,,0.83,1.89,1.88,3:26,NO,
,,0.344,-0.77,21362.58,778.5842,metal loss,13,,1.3,1.42,,10:47,NO,
5950,40.02,0.344,,21401.83,778.486,Girth Weld,,,,,,,,
,,0.344,-36.95,21438.79,778.6576,Cluster,64,,7.79,19.23,1.12,5:28,NO,
5960,39.98,0.344,,21441.85,778.6752,Girth Weld,,,,,,,,
5970,40,0.344,,21481.83,778.8812,Girth Weld,,,,,,,,
5980,39.96,0.344,,21521.84,779.0777,Girth Weld,,,,,,,,
5990,39.95,0.344,,21561.79,779.3481,Girth Weld,,,,,,,,
6000,40.02,0.344,,21601.74,779.7254,Girth Weld,,,,,,,,
6010,39.88,0.344,,21641.77,779.9839,Girth Weld,,,,,,,,
,,0.344,-38.65,21680.42,780.2876,metal loss,15,,0.75,1.3,,5:27,NO,
,,0.344,-39.61,21681.38,780.2943,metal loss,10,,2.24,1.3,,6:40,NO,
6020,32.81,0.344,,21681.65,780.2962,Girth Weld,,,,,,,,
6030,9.73,0.344,,21714.46,779.9144,Girth Weld,,,,,,,,
6040,39.98,0.344,,21724.19,779.4304,Girth Weld,,,,,,,,
6050,40.13,0.344,,21764.17,776.9182,Girth Weld,,,,,,,,
6060,40.16,0.344,,21804.3,773.9291,Girth Weld,,,,,,,,
,,0.344,-11.02,21815.32,773.1062,metal loss,10,,0.91,0.87,,6:57,NO,
6070,40.01,0.344,,21844.46,771.2823,Girth Weld,,,,,,,,
,,0.344,-0.77,21845.23,771.2559,Cluster,10,,1.36,4.92,,7:22,NO,
,,0.344,-0.82,21845.28,771.2542,metal loss,11,,1.53,6.34,,3:55,NO,
6080,39.93,0.344,,21884.47,770.9291,Girth Weld,,,,,,,,
6090,40.02,0.344,,21924.4,772.7985,Girth Weld,,,,,,,,
6100,39.99,0.344,,21964.43,774.3393,Girth Weld,,,,,,,,
6110,40.02,0.344,,22004.41,774.4842,Girth Weld,,,,,,,,
6120,40,0.344,,22044.44,774.5361,Girth Weld,,,,,,,,
,,0.344,-39.04,22083.48,774.7476,Cluster,48,,2.83,11.63,1.65,4:39,NO,
,,0.344,-39.06,22083.5,774.7477,Cluster,16,,2.48,11.02,,6:58,NO,
6130,39.97,0.344,,22084.44,774.7526,Girth Weld,,,,,,,,
6140,40.08,0.344,,22124.41,774.9511,Girth Weld,,,,,,,,
6150,39.91,0.344,,22164.49,775.2519,Girth Weld,,,,,,,,
6160,39.97,0.344,,22204.4,775.4402,Girth Weld,,,,,,,,
6170,39.96,0.344,,22244.37,775.5494,Girth Weld,,,,,,,,
6180,39.96,0.344,,22284.33,775.5735,Girth Weld,,,,,,,,
6190,40.02,0.344,,22324.29,775.5006,Girth Weld,,,,,,,,
6200,39.99,0.344,,22364.31,775.5558,Girth Weld,,,,,,,,
6210,39.98,0.344,,22404.31,775.3218,Girth Weld,,,,,,,,
6220,40.01,0.344,,22444.29,775.0808,Girth Weld,,,,,,,,
,,0.344,-39.05,22483.34,774.7232,metal loss,10,,2.6,0.71,,6:55,NO,
6230,39.84,0.344,,22484.3,774.7121,Girth Weld,,,,,,,,
,,0.344,-0.92,22485.22,774.7015,metal loss-manufacturing anomaly,11,,3.39,0.71,,12:26,N/A,
6240,39.98,0.344,,22524.14,774.2782,Girth Weld,,,,,,,,
6250,16.98,0.344,,22564.11,773.9553,Girth Weld,,,,,,,,
6260,40.04,0.344,,22581.09,773.8274,Girth Weld,,,,,,,,
6270,40.07,0.344,,22621.13,773.6504,Girth Weld,,,,,,,,
,,0.344,-30.62,22651.75,773.3812,metal loss-manufacturing anomaly,13,,0.83,0.55,,2:52,N/A,
6280,40,0.344,,22661.2,773.2343,Girth Weld,,,,,,,,
6290,39.93,0.344,,22701.2,772.791,Girth Weld,,,,,,,,
6300,39.93,0.344,,22741.13,772.6345,Girth Weld,,,,,,,,
6310,40.02,0.344,,22781.06,772.3028,Girth Weld,,,,,,,,
,,0.344,-0.87,22781.94,772.2973,Cluster,18,,3.26,5.59,,5:45,NO,
6320,39.96,0.344,,22821.08,772.1646,Girth Weld,,,,,,,,
6330,39.97,0.344,,22861.04,772.0126,Girth Weld,,,,,,,,
6340,39.88,0.344,,22901.01,771.8878,Girth Weld,,,,,,,,
6350,40.09,0.344,,22940.89,771.6769,Girth Weld,,,,,,,,
,,0.344,-0.76,22941.65,771.6572,Cluster,15,,3.23,7.6,,5:59,NO,
6360,40.21,0.344,,22980.98,770.4177,Girth Weld,,,,,,,,
6370,40.07,0.344,,23021.18,768.2358,Girth Weld,,,,,,,,
,,0.344,-0.82,23022,768.1988,metal loss,14,,1.06,0.94,,5:20,NO,
,,0.344,-8.2,23029.38,767.9388,metal loss-manufacturing anomaly,12,,0.47,0.71,,7:20,N/A,
,,0.344,-11.15,23032.33,767.8694,metal loss-manufacturing anomaly,10,,0.63,0.71,,3:33,N/A,
6380,40.07,0.344,,23061.26,768.0302,Girth Weld,,,,,,,,
6390,39.95,0.344,,23101.33,770.3084,Girth Weld,,,,,,,,
6400,39.99,0.344,,23141.28,771.6155,Girth Weld,,,,,,,,
,,0.344,-20.19,23161.46,771.7922,metal loss-manufacturing anomaly,10,,3.35,1.22,,1:50,N/A,
,,0.344,-20.8,23162.08,771.7985,metal loss-manufacturing anomaly,25,,5.2,0.71,,1:40,N/A,
6410,27.47,0.344,,23181.26,772.0464,Girth Weld,,,,,,,,
6420,39.9,0.344,,23208.74,772.5101,Girth Weld,,,,,,,,
6430,39.89,0.344,,23248.63,773.3291,Girth Weld,,,,,,,,
6440,40.03,0.344,,23288.52,774.0665,Girth Weld,,,,,,,,
6450,40,0.344,,23328.55,774.6876,Girth Weld,,,,,,,,
6460,39.83,0.344,,23368.55,775.2669,Girth Weld,,,,,,,,
6470,39.86,0.344,,23408.38,775.5208,Girth Weld,,,,,,,,
6480,39.81,0.344,,23448.24,775.7563,Girth Weld,,,,,,,,
6490,39.93,0.344,,23488.04,775.8696,Girth Weld,,,,,,,,
6500,39.94,0.344,,23527.97,775.6256,Girth Weld,,,,,,,,
6510,39.74,0.344,,23567.92,775.3803,Girth Weld,,,,,,,,
6520,39.94,0.344,,23607.66,775.1401,Girth Weld,,,,,,,,
,,0.344,-0.71,23608.37,775.1361,Cluster,15,,2.78,17.2,,2:39,YES,
,,0.344,-28.08,23635.74,774.9633,Cluster,23,,5.95,8.4,1.69,12:17,NO,
,,0.344,-37.27,23644.93,774.898,metal loss-manufacturing anomaly,10,,0.51,0.71,,8:36,N/A,
6530,27.64,0.344,,23647.6,774.8808,Girth Weld,,,,,,,,
,,0.344,-26.68,23674.28,774.7318,Cluster,29,,2.45,28.97,1.79,3:05,NO,
,,0.344,-26.69,23674.29,774.7317,metal loss,14,,2.09,1.3,,8:03,NO,
,,0.344,-26.74,23674.34,774.7315,Cluster,16,,1.39,6.24,,8:54,NO,
6540,39.94,0.344,,23675.24,774.7275,Girth Weld,,,,,,,,
,,0.344,-0.74,23675.98,774.7247,metal loss,26,,0.98,1.14,1.87,5:09,NO,
6550,39.94,0.344,,23715.17,774.7303,Girth Weld,,,,,,,,
,,0.344,-38.92,23754.1,774.7485,Cluster,38,,3.04,10.01,1.7,5:28,NO,
6560,39.99,0.344,,23755.11,774.7494,Girth Weld,,,,,,,,
6570,39.97,0.344,,23795.1,774.8689,Girth Weld,,,,,,,,
6580,39.93,0.344,,23835.06,775.0588,Girth Weld,,,,,,,,
6590,39.94,0.344,,23874.99,775.2583,Girth Weld,,,,,,,,
6600,39.93,0.344,,23914.94,775.3458,Girth Weld,,,,,,,,
6610,39.99,0.344,,23954.87,775.6371,Girth Weld,,,,,,,,
6620,39.98,0.344,,23994.87,776.4844,Girth Weld,,,,,,,,
6630,39.93,0.344,,24034.85,777.1848,Girth Weld,,,,,,,,
6640,36.4,0.344,,24074.78,777.4468,Girth Weld,,,,,,,,
6650,39.92,0.344,,24111.18,777.5702,Girth Weld,,,,,,,,
6660,39.95,0.344,,24151.09,777.8097,Girth Weld,,,,,,,,
6670,39.88,0.344,,24191.04,778.0528,Girth Weld,,,,,,,,
6680,39.97,0.344,,24230.92,778.4589,Girth Weld,,,,,,,,
6690,39.92,0.344,,24270.89,778.9766,Girth Weld,,,,,,,,
6700,39.92,0.344,,24310.81,779.6355,Girth Weld,,,,,,,,
6710,39.93,0.344,,24350.73,780.586,Girth Weld,,,,,,,,
6720,40.12,0.344,,24390.66,782.0976,Girth Weld,,,,,,,,
6730,39.95,0.344,,24430.78,783.365,Girth Weld,,,,,,,,
6740,39.9,0.344,,24470.73,784.0119,Girth Weld,,,,,,,,
6750,39.94,0.344,,24510.63,784.5177,Girth Weld,,,,,,,,
6760,28.01,0.344,,24550.57,785.7004,Girth Weld,,,,,,,,
6770,40.02,0.344,,24578.58,786.6638,Girth Weld,,,,,,,,
6780,39.85,0.344,,24618.61,788.0762,Girth Weld,,,,,,,,
6790,39.79,0.344,,24658.46,789.4439,Girth Weld,,,,,,,,
,,0.344,-3.76,24662.22,789.5692,metal loss-manufacturing anomaly,13,,3.78,2.01,,8:55,N/A,
6800,39.96,0.344,,24698.25,790.6822,Girth Weld,,,,,,,,
6810,40.16,0.344,,24738.2,792.2811,Girth Weld,,,,,,,,
6820,39.98,0.344,,24778.37,794.5005,Girth Weld,,,,,,,,
6830,39.74,0.344,,24818.35,796.4506,Girth Weld,,,,,,,,
6840,39.94,0.344,,24858.08,796.9632,Girth Weld,,,,,,,,
6850,39.9,0.344,,24898.02,797.7673,Girth Weld,,,,,,,,
6860,39.83,0.344,,24937.92,799.6171,Girth Weld,,,,,,,,
6870,39.97,0.344,,24977.75,802.6113,Girth Weld,,,,,,,,
6880,32.77,0.344,,25017.72,805.6039,Girth Weld,,,,,,,,
6890,40.09,0.344,,25050.48,807.662,Girth Weld,,,,,,,,
6900,40.16,0.344,,25090.57,809.1873,Girth Weld,,,,,,,,
6910,40.08,0.344,,25130.73,809.2261,Girth Weld,,,,,,,,
6920,39.95,0.344,,25170.81,807.3671,Girth Weld,,,,,,,,
6930,39.93,0.344,,25210.76,803.6679,Girth Weld,,,,,,,,
,,0.344,-39.04,25249.8,799.1802,Cluster,14,,1.14,5.8,,5:52,NO,
6940,39.88,0.344,,25250.69,799.0761,Girth Weld,,,,,,,,
6950,39.9,0.344,,25290.57,794.4723,Girth Weld,,,,,,,,
6960,39.99,0.344,,25330.46,790.1044,Girth Weld,,,,,,,,
6970,39.88,0.344,,25370.46,786.1976,Girth Weld,,,,,,,,
6980,40,0.344,,25410.34,782.3059,Girth Weld,,,,,,,,
6990,39.97,0.344,,25450.34,778.015,Girth Weld,,,,,,,,
7000,19.87,0.344,,25490.32,773.7291,Girth Weld,,,,,,,,
7010,39.99,0.344,,25510.19,772.1957,Girth Weld,,,,,,,,
7020,13.87,0.344,,25550.17,768.5686,Girth Weld,,,,,,,,
7030,39.73,0.344,,25564.05,767.0223,Girth Weld,,,,,,,,
7040,27.67,0.344,,25603.78,764.2483,Girth Weld,,,,,,,,
7050,39.93,0.344,,25631.45,763.4539,Girth Weld,,,,,,,,
7060,37.56,0.344,,25671.38,762.1289,Girth Weld,,,,,,,,
7070,39.94,0.344,,25708.94,761.7519,Girth Weld,,,,,,,,
7080,29.58,0.344,,25748.88,763.1411,Girth Weld,,,,,,,,
7090,9.55,0.344,,25778.46,763.5562,Girth Weld,,,,,,,,
7100,39.99,0.344,,25788.01,763.6555,Girth Weld,,,,,,,,
7110,9.35,0.5,,25828,764.199,Girth Weld,,,,,,,,"0.500"""
,,,,25832.46,764.265,Bend,,,,,,,,3D - 40° - Sag
7120,39.96,0.344,,25837.35,764.3389,Girth Weld,,,,,,,,"0.344"""
,,0.344,-37.76,25875.11,764.8979,metal loss-manufacturing anomaly,12,,0.55,0.71,,2:14,N/A,
7130,39.95,0.344,,25877.31,764.9249,Girth Weld,,,,,,,,
7140,39.94,0.344,,25917.26,769.1722,Girth Weld,,,,,,,,
7150,39.83,0.344,,25957.2,775.2303,Girth Weld,,,,,,,,
7160,39.99,0.344,,25997.02,781.3341,Girth Weld,,,,,,,,
7170,40.02,0.344,,26037.01,786.1904,Girth Weld,,,,,,,,
,,,,26043.94,786.9568,Above Ground Marker,,,,,,,,AGM 5
7180,20.02,0.344,,26077.03,790.5885,Girth Weld,,,,,,,,
,,0.344,-3.85,26080.87,791.0148,metal loss-manufacturing anomaly,10,,0.67,0.59,,12:05,N/A,
7190,39.99,0.344,,26097.05,792.8192,Girth Weld,,,,,,,,
7200,40.01,0.344,,26137.04,797.0136,Girth Weld,,,,,,,,
7210,39.94,0.344,,26177.05,800.971,Girth Weld,,,,,,,,
7220,40.01,0.344,,26216.99,804.0856,Girth Weld,,,,,,,,
7230,40,0.344,,26256.99,804.9177,Girth Weld,,,,,,,,
7240,39.96,0.344,,26296.99,805.0577,Girth Weld,,,,,,,,
7250,39.97,0.344,,26336.95,805.2595,Girth Weld,,,,,,,,
7260,40.02,0.344,,26376.92,805.4561,Girth Weld,,,,,,,,
,,0.344,-39.13,26416.04,805.8494,metal loss-manufacturing anomaly,21,,3.62,0.59,,3:32,N/A,
7270,40.01,0.344,,26416.94,805.8619,Girth Weld,,,,,,,,
7280,39.87,0.344,,26456.95,806.4409,Girth Weld,,,,,,,,
7290,39.97,0.344,,26496.81,806.9036,Girth Weld,,,,,,,,
7300,40,0.344,,26536.78,807.4271,Girth Weld,,,,,,,,
7310,40.04,0.344,,26576.78,808.0914,Girth Weld,,,,,,,,
7320,40.01,0.344,,26616.82,808.3412,Girth Weld,,,,,,,,
7330,39.92,0.344,,26656.83,808.3056,Girth Weld,,,,,,,,
7340,40,0.344,,26696.75,808.3504,Girth Weld,,,,,,,,
7350,40.03,0.344,,26736.75,808.4879,Girth Weld,,,,,,,,
7360,12.32,0.344,,26776.78,808.5172,Girth Weld,,,,,,,,
7370,39.89,0.344,,26789.1,808.3001,Girth Weld,,,,,,,,
7380,39.81,0.344,,26828.99,807.3808,Girth Weld,,,,,,,,
,,0.344,-38.59,26867.58,805.9027,metal loss,15,,1.38,1.5,,7:27,NO,
,,0.344,-38.92,26867.91,805.8889,metal loss,14,,1.58,2.01,,7:48,NO,
,,0.344,-38.93,26867.93,805.8881,Cluster,31,,1.33,11.88,1.85,4:23,NO,
,,0.344,-39.18,26868.17,805.878,Cluster,22,,2.58,2.83,1.81,6:05,NO,
7390,22.77,0.344,,26868.81,805.8513,Girth Weld,,,,,,,,
7400,40.05,0.344,,26891.58,804.3689,Girth Weld,,,,,,,,
,,0.344,-39,26930.57,799.6205,Cluster,12,,3.12,4.82,,2:11,NO,
7410,13.93,0.5,,26931.62,799.463,Girth Weld,,,,,,,,"0.500"""
,,,,26938.74,798.3941,Bend,,,,,,,,6.1D - 43° - Sag
7420,29.84,0.344,,26945.55,797.3513,Girth Weld,,,,,,,,"0.344"""
,,0.344,-0.74,26946.29,797.2376,metal loss,25,,2.68,0.71,1.79,12:24,NO,
7430,31.51,0.344,,26975.39,792.688,Girth Weld,,,,,,,,
7440,39.81,0.344,,27006.9,790.0582,Girth Weld,,,,,,,,
7450,39.85,0.344,,27046.71,794.7397,Girth Weld,,,,,,,,
7460,39.9,0.344,,27086.56,799.7464,Girth Weld,,,,,,,,
7470,39.98,0.344,,27126.46,803.3708,Girth Weld,,,,,,,,
7480,40.04,0.344,,27166.44,805.652,Girth Weld,,,,,,,,
7490,39.99,0.344,,27206.48,806.4011,Girth Weld,,,,,,,,
7500,29.29,0.344,,27246.47,806.6569,Girth Weld,,,,,,,,
7510,39.99,0.344,,27275.76,806.8225,Girth Weld,,,,,,,,
7520,39.97,0.344,,27315.75,806.7654,Girth Weld,,,,,,,,
,,0.344,-0.86,27316.61,806.7631,metal loss-manufacturing anomaly,16,,0.91,0.83,,5:54,N/A,
7530,39.98,0.344,,27355.73,806.6364,Girth Weld,,,,,,,,
7540,40.01,0.344,,27395.71,806.5214,Girth Weld,,,,,,,,
7550,40.01,0.344,,27435.72,806.3636,Girth Weld,,,,,,,,
7560,40.05,0.344,,27475.73,805.9128,Girth Weld,,,,,,,,
7570,39.97,0.344,,27515.78,805.5408,Girth Weld,,,,,,,,
7580,39.97,0.344,,27555.75,805.3013,Girth Weld,,,,,,,,
,,0.344,-23.68,27579.43,805.2976,metal loss-manufacturing anomaly,12,,5.24,1.38,,1:21,N/A,
,,0.344,-25.46,27581.21,805.3021,metal loss-manufacturing anomaly,24,,3.9,0.87,,1:09,N/A,
,,0.344,-26.35,27582.11,805.3051,metal loss-manufacturing anomaly,21,,3.42,0.75,,1:04,N/A,
,,0.344,-26.81,27582.56,805.3066,metal loss-manufacturing anomaly,11,,3.46,2.17,,1:01,N/A,
,,0.344,-27.12,27582.88,805.3076,metal loss-manufacturing anomaly,21,,3.39,0.75,,1:15,N/A,
7590,40.05,0.344,,27595.72,805.3573,Girth Weld,,,,,,,,
7600,40.06,0.344,,27635.77,805.579,Girth Weld,,,,,,,,
7610,40.08,0.344,,27675.83,805.8754,Girth Weld,,,,,,,,
7620,39.98,0.344,,27715.9,806.2001,Girth Weld,,,,,,,,
7630,40.14,0.344,,27755.88,806.3842,Girth Weld,,,,,,,,
7640,40.03,0.344,,27796.02,806.3881,Girth Weld,,,,,,,,
7650,39.88,0.344,,27836.05,806.2223,Girth Weld,,,,,,,,
7660,39.91,0.344,,27875.93,806.0222,Girth Weld,,,,,,,,
,,0.344,-16.37,27892.3,805.9289,metal loss-manufacturing anomaly,10,,3.23,1.06,,8:17,N/A,
7670,39.74,0.344,,27915.84,805.5067,Girth Weld,,,,,,,,
,,0.344,-28.97,27944.8,803.8386,metal loss-manufacturing anomaly,20,,1.06,1.18,,10:04,N/A,
7680,13.17,0.5,,27955.58,803.0959,Girth Weld,,,,,,,,"0.500"""
,,,,27962.1,802.5301,Bend,,,,,,,,5.9D - 42° - Sag
7690,39.96,0.344,,27968.75,801.8564,Girth Weld,,,,,,,,"0.344"""
7700,39.98,0.344,,28008.71,796.9964,Girth Weld,,,,,,,,
,,0.344,-18.8,28027.51,795.4539,metal loss-manufacturing anomaly,10,,0.43,0.71,,7:02,N/A,
7710,20.53,0.344,,28048.69,797.7941,Girth Weld,,,,,,,,
7720,39.99,0.344,,28069.22,799.2571,Girth Weld,,,,,,,,
7730,39.92,0.344,,28109.2,799.797,Girth Weld,,,,,,,,
7740,39.99,0.344,,28149.12,798.8763,Girth Weld,,,,,,,,
7750,32.58,0.344,,28189.11,797.232,Girth Weld,,,,,,,,
,,0.344,-17.92,28207.03,796.3722,metal loss-manufacturing anomaly,17,,4.33,1.42,,10:31,N/A,
7760,40.08,0.344,,28221.69,795.6374,Girth Weld,,,,,,,,
7770,32.85,0.344,,28261.77,793.6672,Girth Weld,,,,,,,,
7780,39.91,0.344,,28294.62,792.1478,Girth Weld,,,,,,,,
7790,40.07,0.344,,28334.54,790.3706,Girth Weld,,,,,,,,
7800,39.91,0.344,,28374.6,788.4817,Girth Weld,,,,,,,,
7810,39.91,0.344,,28414.51,786.5029,Girth Weld,,,,,,,,
7820,39.96,0.344,,28454.42,785.3491,Girth Weld,,,,,,,,
7830,39.95,0.344,,28494.39,784.2604,Girth Weld,,,,,,,,
7840,39.95,0.344,,28534.33,783.1833,Girth Weld,,,,,,,,
7850,40,0.344,,28574.28,781.7674,Girth Weld,,,,,,,,
7860,39.97,0.344,,28614.29,779.8753,Girth Weld,,,,,,,,
7870,39.85,0.344,,28654.26,778.9943,Girth Weld,,,,,,,,
7880,39.99,0.344,,28694.11,778.764,Girth Weld,,,,,,,,
7890,40,0.344,,28734.1,779.1543,Girth Weld,,,,,,,,
7900,39.97,0.344,,28774.1,779.5638,Girth Weld,,,,,,,,
,,0.344,-8.91,28783.01,779.511,metal loss-manufacturing anomaly,13,,6.3,1.89,,4:47,N/A,
7910,40.01,0.344,,28814.06,779.3603,Girth Weld,,,,,,,,
,,0.344,-0.61,28814.67,779.3579,Cluster,30,,4.73,21.05,1.66,4:06,NO,
7920,40.04,0.344,,28854.07,778.6432,Girth Weld,,,,,,,,
7930,40.07,0.344,,28894.11,777.7053,Girth Weld,,,,,,,,
7940,39.93,0.344,,28934.19,776.7905,Girth Weld,,,,,,,,
7950,40.01,0.344,,28974.12,775.8289,Girth Weld,,,,,,,,
7960,40,0.344,,29014.13,775.5272,Girth Weld,,,,,,,,
,,0.344,-38.85,29052.98,775.465,Cluster,42,,5.77,42.81,1.5,3:20,NO,
7970,33.36,0.344,,29054.14,775.4662,Girth Weld,,,,,,,,
7980,40.01,0.344,,29087.49,775.5144,Girth Weld,,,,,,,,
7990,40,0.344,,29127.5,775.1707,Girth Weld,,,,,,,,
,,0.344,-0.62,29128.12,775.1613,Cluster,38,,3.5,20.36,1.66,3:54,NO,
,,0.344,-19.04,29146.54,774.8961,Cluster,35,,8.46,10.87,1.5,5:29,NO,
8000,39.91,0.344,,29167.5,774.6123,Girth Weld,,,,,,,,
,,0.344,-38.99,29206.49,773.7111,metal loss,38,,2.09,9.8,1.77,7:27,NO,
,,0.344,-39.04,29206.54,773.7098,metal loss,17,,1.18,5.95,,3:42,NO,
,,0.344,-39.1,29206.61,773.708,Cluster,32,,4.13,10.41,1.67,5:14,YES,
8010,39.98,0.344,,29207.41,773.686,Girth Weld,,,,,,,,
,,0.344,-0.58,29207.99,773.67,Cluster,21,,6.46,3.65,1.7,4:48,NO,
,,0.344,-0.67,29208.08,773.6676,Cluster,11,,4.93,6.08,,6:29,NO,
,,0.344,-0.72,29208.13,773.6661,metal loss,36,,4.41,1.18,1.63,5:52,NO,
8020,39.98,0.344,,29247.39,772.6113,Girth Weld,,,,,,,,
8030,40.07,0.344,,29287.37,771.4651,Girth Weld,,,,,,,,
8040,40.14,0.344,,29327.44,770.5852,Girth Weld,,,,,,,,
8050,40.1,0.344,,29367.58,769.9023,Girth Weld,,,,,,,,
8060,40.09,0.344,,29407.68,769.0147,Girth Weld,,,,,,,,
,,0.344,-3.26,29410.95,768.9311,metal loss,13,,1.38,1.06,,5:40,NO,
,,0.344,-7.14,29414.83,768.8315,Cluster,11,,4.56,6.12,,5:57,NO,
,,0.344,-9.95,29417.63,768.759,Cluster,22,,6.3,3.35,1.69,5:18,NO,
,,0.344,-11.84,29419.53,768.7094,Cluster,22,,4.18,2.91,1.75,5:17,NO,
,,0.344,-39.22,29446.91,767.9813,metal loss,15,,0.91,1.22,,4:57,NO,
,,0.344,-39.24,29446.92,767.9809,metal loss,42,,1.02,3.86,1.85,8:22,NO,
8070,39.97,0.344,,29447.78,767.9575,Girth Weld,,,,,,,,
,,0.344,-5.08,29452.86,767.7999,metal loss-manufacturing anomaly,15,,0.55,0.71,,6:28,N/A,
8080,40.01,0.344,,29487.75,766.287,Girth Weld,,,,,,,,
8090,40,0.344,,29527.76,765.7541,Girth Weld,,,,,,,,
8100,39.95,0.344,,29567.76,765.5291,Girth Weld,,,,,,,,
8110,37.59,0.344,,29607.7,765.3463,Girth Weld,,,,,,,,
8120,40.16,0.344,,29645.29,765.2116,Girth Weld,,,,,,,,
8130,12.29,0.5,,29685.45,764.805,Girth Weld,,,,,,,,"0.500"""
,,,,29691.51,764.7219,Bend,,,,,,,,5.9D - 39° - Sag
8140,40.1,0.344,,29697.75,764.6062,Girth Weld,,,,,,,,"0.344"""
8150,20.06,0.344,,29737.85,761.9936,Girth Weld,,,,,,,,
8160,34.27,0.344,,29757.91,760.2542,Girth Weld,,,,,,,,
8170,40.02,0.344,,29792.18,763.8476,Girth Weld,,,,,,,,
8180,39.97,0.344,,29832.21,765.993,Girth Weld,,,,,,,,
8190,40.02,0.344,,29872.18,767.5078,Girth Weld,,,,,,,,
8200,39.99,0.344,,29912.2,768.46,Girth Weld,,,,,,,,
8210,39.96,0.344,,29952.18,769.0493,Girth Weld,,,,,,,,
8220,40.02,0.344,,29992.14,769.3607,Girth Weld,,,,,,,,
8230,39.99,0.344,,30032.16,769.4106,Girth Weld,,,,,,,,
8240,40.03,0.344,,30072.15,769.3687,Girth Weld,,,,,,,,
8250,39.81,0.344,,30112.18,769.1585,Girth Weld,,,,,,,,
8260,40.01,0.344,,30151.99,768.5913,Girth Weld,,,,,,,,
8270,39.91,0.344,,30192,767.7626,Girth Weld,,,,,,,,
8280,39.92,0.344,,30231.91,766.7417,Girth Weld,,,,,,,,
,,0.344,-30.33,30262.24,765.6902,metal loss,10,,1.26,1.65,,6:20,NO,
,,0.344,-32.09,30264,765.6245,metal loss,10,,1.06,1.14,,4:47,NO,
8290,39.78,0.344,,30271.83,765.3241,Girth Weld,,,,,,,,
8300,39.9,0.344,,30311.61,763.5189,Girth Weld,,,,,,,,
8310,39.95,0.344,,30351.5,762.2403,Girth Weld,,,,,,,,
8320,40.02,0.344,,30391.46,761.6713,Girth Weld,,,,,,,,
8330,39.93,0.344,,30431.48,761.3056,Girth Weld,,,,,,,,
8340,39.96,0.344,,30471.4,761.7198,Girth Weld,,,,,,,,
,,0.344,-0.56,30471.96,761.7262,Cluster,17,,4.76,11.46,,6:06,NO,
8350,39.92,0.344,,30511.36,761.8387,Girth Weld,,,,,,,,
8360,40.01,0.344,,30551.28,761.8228,Girth Weld,,,,,,,,
,,0.344,-19.71,30570.99,761.7328,metal loss-manufacturing anomaly,19,,3.31,0.55,,11:29,N/A,
,,0.344,-22.16,30573.44,761.7224,metal loss-manufacturing anomaly,10,,4.17,4.25,,11:38,N/A,
,,0.344,-22.74,30574.03,761.7199,metal loss-manufacturing anomaly,26,,3.66,0.71,,11:51,N/A,
,,0.344,-23.47,30574.76,761.7168,metal loss-manufacturing anomaly,10,,3.11,0.87,,11:36,N/A,
,,0.344,-24.82,30576.1,761.7112,metal loss-manufacturing anomaly,15,,3.58,7.01,,11:33,N/A,
,,0.344,-25.58,30576.86,761.7079,metal loss-manufacturing anomaly,10,,3.23,1.58,,11:42,N/A,
,,0.344,-26.01,30577.29,761.7061,metal loss-manufacturing anomaly,14,,4.02,3.74,,11:30,N/A,
,,0.344,-26.71,30577.99,761.7032,metal loss-manufacturing anomaly,10,,4.13,8.66,,11:20,N/A,
,,0.344,-27.33,30578.61,761.7006,metal loss-manufacturing anomaly,28,,3.94,6.38,,11:28,N/A,
8370,39.97,0.344,,30591.29,761.6502,Girth Weld,,,,,,,,
8380,39.97,0.344,,30631.25,761.5275,Girth Weld,,,,,,,,
8390,39.93,0.344,,30671.23,761.3539,Girth Weld,,,,,,,,
,,0.344,-5.65,30676.87,761.3112,metal loss-manufacturing anomaly,17,,3.03,0.55,,6:24,N/A,
,,0.344,-5.65,30676.88,761.3111,metal loss-manufacturing anomaly,13,,2.79,0.63,,6:34,N/A,
8400,28.81,0.344,,30711.15,761.0021,Girth Weld,,,,,,,,
8410,35.39,0.344,,30739.96,760.7137,Girth Weld,,,,,,,,
8420,36.59,0.344,,30775.35,760.5204,Girth Weld,,,,,,,,
8430,39.98,0.344,,30811.94,760.4891,Girth Weld,,,,,,,,
8440,10.94,0.5,,30851.92,760.7601,Girth Weld,,,,,,,,"0.500"""
,,,,30857.47,760.8025,Bend,,,,,,,,6.2D - 29° - Left
8450,21.51,0.344,,30862.86,760.8388,Girth Weld,,,,,,,,"0.344"""
8460,39.99,0.344,,30884.37,760.9289,Girth Weld,,,,,,,,
8470,10.35,0.5,,30924.36,760.828,Girth Weld,,,,,,,,"0.500"""
,,,,30929.58,760.7593,Bend,,,,,,,,5.7D - 29° - Right
8480,33.68,0.344,,30934.71,760.6891,Girth Weld,,,,,,,,"0.344"""
8490,39.99,0.344,,30968.4,760.2341,Girth Weld,,,,,,,,
8500,39.9,0.344,,31008.39,759.4888,Girth Weld,,,,,,,,
,,0.344,-5.28,31013.67,759.3892,metal loss-manufacturing anomaly,15,,0.47,0.71,,4:16,N/A,
8510,40,0.344,,31048.29,758.8495,Girth Weld,,,,,,,,
8520,40.01,0.344,,31088.29,758.4124,Girth Weld,,,,,,,,
8530,39.89,0.344,,31128.31,758.1301,Girth Weld,,,,,,,,
8540,39.85,0.344,,31168.2,757.8686,Girth Weld,,,,,,,,
8550,39.92,0.344,,31208.05,758.4418,Girth Weld,,,,,,,,
8560,39.94,0.344,,31247.97,759.3994,Girth Weld,,,,,,,,
8570,35.4,0.344,,31287.91,760.0025,Girth Weld,,,,,,,,
8580,39.95,0.344,,31323.31,760.143,Girth Weld,,,,,,,,
8590,39.98,0.344,,31363.26,760.4535,Girth Weld,,,,,,,,
8600,39.96,0.344,,31403.24,760.8045,Girth Weld,,,,,,,,
8610,39.97,0.344,,31443.2,760.4857,Girth Weld,,,,,,,,
8620,9.67,0.344,,31483.17,760.0575,Girth Weld,,,,,,,,
8630,9.46,0.5,,31492.84,759.9664,Girth Weld,,,,,,,,"0.500"""
,,,,31497.61,759.9764,Bend,,,,,,,,6.2D - 22° - Left
8640,6.14,0.344,,31502.29,759.9959,Girth Weld,,,,,,,,"0.344"""
8650,40.07,0.344,,31508.43,760.0238,Girth Weld,,,,,,,,
,,0.344,-0.68,31509.12,760.0275,Cluster,31,,6.41,31.02,1.6,2:17,NO,
,,0.344,-0.79,31509.22,760.0281,Cluster,14,,3.59,14.6,,10:05,NO,
,,,,31547.58,760.2166,Above Ground Marker,,,,,,,,AGM 6
8660,15.91,0.344,,31548.5,760.2197,Girth Weld,,,,,,,,
,,0.344,-0.7,31549.2,760.2205,Cluster,28,,5.63,6.43,1.65,2:54,NO,
,,0.344,-0.7,31549.2,760.2205,Cluster,12,,4.92,4.34,,5:24,NO,
,,0.344,-2.56,31551.06,760.2221,Cluster,11,,6.3,7.92,,11:30,NO,
8670,9.74,0.5,,31564.41,760.1928,Girth Weld,,,,,,,,"0.500"""
,,,,31569.39,760.0463,Bend,,,,,,,,6.1D - 25° - Right
8680,10.89,0.344,,31574.15,759.8862,Girth Weld,,,,,,,,"0.344"""
,,0.344,-0.77,31574.91,759.8604,Cluster,52,,4.91,8.27,1.43,6:22,NO,
,,0.344,-0.8,31574.95,759.8592,Cluster,10,,3.01,5.43,,3:58,NO,
,,0.344,-0.81,31574.96,759.8589,metal loss,24,,4.13,2.28,1.74,5:29,NO,
,,0.344,-9.33,31583.48,759.5674,metal loss,19,,1.42,1.77,,6:28,NO,
8690,21.15,0.344,,31585.04,759.5139,Girth Weld,,,,,,,,
,,0.344,-1.53,31586.57,759.4611,metal loss,16,,1.3,3.62,,5:46,NO,
8700,39.96,0.344,,31606.19,758.77,Girth Weld,,,,,,,,
8710,10.61,0.344,,31646.15,757.8239,Girth Weld,,,,,,,,
8720,24.87,0.344,,31656.76,757.9887,Girth Weld,,,,,,,,
8730,10.56,0.344,,31681.63,758.3551,Girth Weld,,,,,,,,
8740,39.95,0.344,,31692.19,758.5107,Girth Weld,,,,,,,,
8750,8.64,0.344,,31732.15,759.0143,Girth Weld,,,,,,,,
8760,40.01,0.344,,31740.78,759.0858,Girth Weld,,,,,,,,
8770,38.02,0.344,,31780.8,759.2732,Girth Weld,,,,,,,,
8780,14.08,0.344,,31818.81,759.3188,Girth Weld,,,,,,,,
8790,40,0.344,,31832.89,759.3206,Girth Weld,,,,,,,,
8800,11.72,0.344,,31872.88,759.0155,Girth Weld,,,,,,,,
8810,40.01,0.344,,31884.6,758.4377,Girth Weld,,,,,,,,
8820,16.79,0.344,,31924.61,756.4331,Girth Weld,,,,,,,,
8830,40.04,0.344,,31941.4,755.9575,Girth Weld,,,,,,,,
,,0.344,-39.04,31980.44,754.9454,Cluster,13,,3.34,16.86,,4:26,NO,
8840,39.94,0.344,,31981.44,754.9188,Girth Weld,,,,,,,,
8850,12.19,0.344,,32021.38,753.847,Girth Weld,,,,,,,,
8860,39.99,0.344,,32033.57,753.2885,Girth Weld,,,,,,,,
8870,6.28,0.344,,32073.56,749.8581,Girth Weld,,,,,,,,
8880,39.99,0.344,,32079.84,749.0478,Girth Weld,,,,,,,,
8890,40.1,0.344,,32119.82,743.7245,Girth Weld,,,,,,,,
8900,19.37,0.344,,32159.93,738.7704,Girth Weld,,,,,,,,
8910,39.67,0.344,,32179.29,736.6895,Girth Weld,,,,,,,,
8920,39.93,0.344,,32218.96,733.255,Girth Weld,,,,,,,,
8930,14.72,0.344,,32258.9,730.4973,Girth Weld,,,,,,,,
8940,31.92,0.344,,32273.61,729.1622,Girth Weld,,,,,,,,
8950,11.62,0.5,,32305.53,725.357,Girth Weld,,,,,,,,"0.500"""
,,,,32311.21,724.6597,Bend,,,,,,,,6.1D - 33° - Sag
8960,33.78,0.344,,32317.15,723.9291,Girth Weld,,,,,,,,"0.344"""
8970,10.56,0.5,,32350.93,719.8251,Girth Weld,,,,,,,,"0.500"""
,,,,32356.11,719.2095,Bend,,,,,,,,6.1D - 27° - Left
8980,10.45,0.344,,32361.49,718.5709,Girth Weld,,,,,,,,"0.344"""
8990,39.89,0.344,,32371.94,717.278,Girth Weld,,,,,,,,
9000,10.31,0.5,,32411.84,718.4058,Girth Weld,,,,,,,,"0.500"""
,,,,32416.75,718.7556,Bend,,,,,,,,6.1D - 27° - Sag
9010,22.99,0.344,,32422.15,719.1366,Girth Weld,,,,,,,,"0.344"""
9020,39.96,0.344,,32445.14,720.0183,Girth Weld,,,,,,,,
9030,29.35,0.344,,32485.09,721.0692,Girth Weld,,,,,,,,
,,0.344,-28.99,32514.08,725.6285,Cluster,16,,4.18,2.2,,11:34,NO,
9040,39.73,0.344,,32514.44,725.6928,Girth Weld,,,,,,,,
9050,39.92,0.344,,32554.17,732.6616,Girth Weld,,,,,,,,
9060,39.99,0.344,,32594.09,739.231,Girth Weld,,,,,,,,
,,0.344,-0.77,32594.86,739.352,Cluster,28,,1.45,3.58,1.84,6:40,NO,
,,0.344,-0.82,32594.9,739.3589,metal loss,10,,0.94,1.34,,4:25,NO,
9070,7.98,0.344,,32634.07,744.9207,Girth Weld,,,,,,,,
9080,8.86,0.5,,32642.05,745.991,Girth Weld,,,,,,,,"0.500"""
,,,,32646.53,746.5768,Bend,,,,,,,,5.5D - 23° - Over
9090,38.8,0.344,,32650.92,747.1236,Girth Weld,,,,,,,,"0.344"""
9100,40.04,0.344,,32689.71,751.8671,Girth Weld,,,,,,,,
9110,39.96,0.344,,32729.75,755.3506,Girth Weld,,,,,,,,
9120,32.07,0.344,,32769.71,754.6787,Girth Weld,,,,,,,,
9130,30.45,0.344,,32801.78,753.2472,Girth Weld,,,,,,,,
9140,39.9,0.344,,32832.23,752.2754,Girth Weld,,,,,,,,
9150,39.97,0.344,,32872.13,751.0648,Girth Weld,,,,,,,,
9160,39.93,0.344,,32912.1,749.9425,Girth Weld,,,,,,,,
,,0.344,-13.11,32925.21,749.6401,Cluster,31,,21.61,16.78,1.46,7:20,NO,
,,0.344,-13.89,32925.99,749.6223,Cluster,21,,4.21,2.89,1.75,6:17,NO,
,,0.344,-15.03,32927.13,749.5958,metal loss,19,,1.46,0.75,,6:53,NO,
,,0.344,-16.2,32928.3,749.5687,Cluster,14,,2.57,5.09,,7:17,NO,
9170,40.04,0.344,,32952.03,749.0423,Girth Weld,,,,,,,,
,,0.344,-0.74,32952.77,749.0267,Cluster,10,,2.57,2.49,,7:12,NO,
9180,40.02,0.344,,32992.07,748.4491,Girth Weld,,,,,,,,
,,0.344,-39.04,33031.11,747.9919,Cluster,10,,2.95,5.63,,7:25,NO,
,,0.344,-39.07,33031.14,747.9916,Cluster,15,,1.87,10.12,,4:42,NO,
9190,40.03,0.344,,33032.09,747.9796,Girth Weld,,,,,,,,
,,0.344,-0.79,33032.88,747.9696,Cluster,10,,0.88,2.51,,3:34,NO,
9200,40,0.344,,33072.12,747.5064,Girth Weld,,,,,,,,
9210,40,0.344,,33112.12,747.1487,Girth Weld,,,,,,,,
,,0.344,-0.79,33112.92,747.1422,Cluster,12,,2.48,4.75,,4:02,NO,
9220,40.02,0.344,,33152.12,746.9137,Girth Weld,,,,,,,,
,,0.344,-38.72,33190.85,746.5087,metal loss,11,,3.66,7.36,,7:24,NO,
9230,40.02,0.344,,33192.15,746.4878,Girth Weld,,,,,,,,
9240,40.01,0.344,,33232.17,745.803,Girth Weld,,,,,,,,
9250,40.01,0.344,,33272.18,745.1524,Girth Weld,,,,,,,,
,,0.344,-32.28,33304.46,744.7818,Cluster,28,,4.36,6.72,1.7,11:47,NO,
,,0.344,-32.8,33304.98,744.7765,Cluster,11,,3.67,5.55,,11:35,NO,
9260,39.39,0.344,,33312.19,744.7073,Girth Weld,,,,,,,,
9270,40,0.344,,33351.58,744.384,Girth Weld,,,,,,,,
,,0.344,-23.38,33374.95,744.1882,Cluster,23,,3.55,1.91,1.76,6:10,NO,
,,0.344,-29.78,33381.36,744.1271,Cluster,31,,1.76,1.32,1.82,5:32,NO,
,,0.344,-30.26,33381.84,744.1223,Cluster,29,,4.33,4.63,1.69,5:24,NO,
,,0.344,-31.6,33383.18,744.1089,Cluster,13,,4.98,1.64,,5:52,NO,
,,0.344,-38.71,33390.29,744.034,Cluster,20,,6.35,4.38,1.71,5:33,NO,
9280,40.06,0.344,,33391.58,744.0176,Girth Weld,,,,,,,,
,,0.344,-14.08,33405.66,743.7271,metal loss,15,,2.05,1.5,,4:30,NO,
,,0.344,-14.38,33405.96,743.7201,metal loss,10,,1.69,1.58,,4:20,NO,
,,0.344,-39.13,33430.71,743.1343,Cluster,21,,2.27,10.7,1.83,7:48,NO,
9290,40.01,0.344,,33431.63,743.113,Girth Weld,,,,,,,,
9300,40,0.344,,33471.65,742.3539,Girth Weld,,,,,,,,
,,0.344,-8.19,33479.84,742.2173,metal loss,13,,0.75,0.63,,11:34,NO,
,,0.344,-8.58,33480.23,742.2106,Cluster,26,,3.61,3.29,1.74,12:28,NO,
,,0.344,-8.7,33480.35,742.2086,Cluster,13,,3.37,2.1,,11:17,NO,
,,0.344,-9.4,33481.04,742.1967,metal loss,15,,0.79,0.71,,10:56,NO,
9310,39.97,0.344,,33511.65,742.0713,Girth Weld,,,,,,,,
,,0.344,-0.65,33512.3,742.0768,Cluster,33,,4.28,21.68,1.66,5:03,NO,
9320,39.92,0.344,,33551.63,742.5337,Girth Weld,,,,,,,,
9330,39.92,0.344,,33591.55,742.8563,Girth Weld,,,,,,,,
,,0.344,-0.74,33592.28,742.8578,Cluster,25,,4.87,17.39,1.7,4:46,NO,
9340,39.91,0.344,,33631.47,742.7312,Girth Weld,,,,,,,,
,,0.344,-7.35,33638.82,742.6487,metal loss,10,,2.99,0.67,,2:35,NO,
,,0.344,-38.93,33670.4,742.2473,Cluster,10,,2.71,8.94,,6:53,NO,
9350,39.99,0.344,,33671.38,742.2349,Girth Weld,,,,,,,,
9360,40.18,0.344,,33711.37,741.5692,Girth Weld,,,,,,,,
,,0.344,-39.28,33750.65,740.3107,Cluster,34,,0.94,5.43,1.86,7:58,YES,
9370,24.73,0.344,,33751.55,740.2717,Girth Weld,,,,,,,,
,,0.344,-1.96,33753.51,740.186,metal loss,13,,1.06,1.1,,12:25,NO,
9380,40.05,0.344,,33776.28,739.1762,Girth Weld,,,,,,,,
9390,39.99,0.344,,33816.33,737.7478,Girth Weld,,,,,,,,
,,0.344,-0.78,33817.11,737.7441,metal loss,36,,0.91,8.35,1.86,12:26,NO,
,,0.344,-36.73,33853.06,738.0195,metal loss,10,,1.1,1.18,,11:57,NO,
,,0.344,-37.04,33853.37,738.0185,metal loss,12,,0.71,0.71,,12:04,NO,
9400,39.98,0.344,,33856.32,738.0082,Girth Weld,,,,,,,,
,,0.344,-39.1,33895.42,737.4701,metal loss,16,,0.71,1.53,,11:00,NO,
9410,40.01,0.344,,33896.3,737.4563,Girth Weld,,,,,,,,
9420,40.04,0.344,,33936.31,736.9518,Girth Weld,,,,,,,,
,,0.344,-12.79,33949.1,736.746,metal loss,13,,2.84,2.36,,4:01,NO,
,,0.344,-38.98,33975.28,736.1627,metal loss,18,,3.7,0.87,,9:10,NO,
,,0.344,-39.02,33975.32,736.1619,Cluster,10,,2.64,8.5,,7:27,NO,
,,0.344,-39.08,33975.39,736.1604,Cluster,16,,2.63,7.23,,9:43,NO,
9430,40.04,0.344,,33976.35,736.1386,Girth Weld,,,,,,,,
9440,40.06,0.344,,34016.39,735.2001,Girth Weld,,,,,,,,
,,0.344,-8.15,34024.54,735.0509,Cluster,18,,4.12,3.94,,6:25,YES,
,,0.344,-8.66,34025.04,735.0451,Cluster,25,,2.81,3.37,1.79,6:19,YES,
,,0.344,-39.18,34055.57,734.6328,metal loss,21,,1.38,4.41,1.86,10:28,NO,
9450,39.96,0.344,,34056.45,734.6189,Girth Weld,,,,,,,,
,,0.344,-0.77,34057.22,734.6066,metal loss,11,,0.71,0.67,,10:43,NO,
9460,39.99,0.344,,34096.41,733.9837,Girth Weld,,,,,,,,
9470,39.99,0.344,,34136.4,733.6135,Girth Weld,,,,,,,,
,,0.344,-0.71,34137.11,733.6085,Cluster,22,,2.92,11.5,1.8,6:35,NO,
,,0.344,-0.72,34137.13,733.6084,Cluster,19,,2.6,14.89,,3:40,NO,
,,0.344,-0.75,34137.15,733.6083,metal loss,14,,2.72,3.5,,2:39,NO,
9480,40.02,0.344,,34176.39,733.2408,Girth Weld,,,,,,,,
9490,40.04,0.344,,34216.41,732.9966,Girth Weld,,,,,,,,
9500,39.98,0.344,,34256.46,732.9048,Girth Weld,,,,,,,,
9510,32.25,0.344,,34296.44,732.7178,Girth Weld,,,,,,,,
9520,39.97,0.344,,34328.69,732.6016,Girth Weld,,,,,,,,
9530,40.05,0.344,,34368.66,732.4637,Girth Weld,,,,,,,,
9540,40.02,0.344,,34408.71,732.3813,Girth Weld,,,,,,,,
9550,29.86,0.344,,34448.73,732.0064,Girth Weld,,,,,,,,
9560,40.03,0.344,,34478.59,731.604,Girth Weld,,,,,,,,
9570,40,0.344,,34518.63,731.0682,Girth Weld,,,,,,,,
9580,39.67,0.344,,34558.63,730.0964,Girth Weld,,,,,,,,
9590,40,0.344,,34598.3,728.9865,Girth Weld,,,,,,,,
9600,40.11,0.344,,34638.3,727.7996,Girth Weld,,,,,,,,
9610,40.08,0.344,,34678.41,726.2975,Girth Weld,,,,,,,,
9620,39.99,0.344,,34718.49,725.7654,Girth Weld,,,,,,,,
9630,40.02,0.344,,34758.48,725.8369,Girth Weld,,,,,,,,
9640,39.99,0.344,,34798.51,725.0863,Girth Weld,,,,,,,,
9650,40.05,0.344,,34838.5,723.6533,Girth Weld,,,,,,,,
,,0.344,-21.29,34859.79,722.8022,metal loss-manufacturing anomaly,15,,0.59,0.87,,6:58,N/A,
,,0.344,-22.81,34861.31,722.7324,metal loss-manufacturing anomaly,17,,0.71,0.71,,10:50,N/A,
9660,39.93,0.344,,34878.54,721.9392,Girth Weld,,,,,,,,
9670,39.9,0.344,,34918.47,720.0809,Girth Weld,,,,,,,,
,,0.344,-0.8,34919.27,720.0421,Cluster,10,,0.61,3.27,,11:18,NO,
9680,39.91,0.344,,34958.37,717.7238,Girth Weld,,,,,,,,
9690,27.34,0.344,,34998.28,715.1638,Girth Weld,,,,,,,,
9700,40.02,0.344,,35025.61,714.0702,Girth Weld,,,,,,,,
9710,40.03,0.344,,35065.64,713.85,Girth Weld,,,,,,,,
9720,39.97,0.344,,35105.67,715.7535,Girth Weld,,,,,,,,
9730,39.97,0.344,,35145.64,717.7015,Girth Weld,,,,,,,,
9740,40.08,0.344,,35185.61,718.725,Girth Weld,,,,,,,,
9750,39.85,0.344,,35225.69,719.4094,Girth Weld,,,,,,,,
9760,40.05,0.344,,35265.54,720.1696,Girth Weld,,,,,,,,
9770,40.01,0.344,,35305.6,720.8291,Girth Weld,,,,,,,,
9780,40,0.344,,35345.61,721.0957,Girth Weld,,,,,,,,
9790,3.98,0.344,,35385.61,721.1012,Girth Weld,,,,,,,,
9800,39.99,0.5,,35389.6,721.083,Girth Weld,,,,,,,,"0.500"""
9810,3.98,0.344,,35429.59,720.9451,Girth Weld,,,,,,,,"0.344"""
9820,39.9,0.344,,35433.57,720.9164,Girth Weld,,,,,,,,
9830,27.14,0.344,,35473.47,720.536,Girth Weld,,,,,,,,
9840,39.93,0.344,,35500.61,720.2943,Girth Weld,,,,,,,,
9850,39.9,0.344,,35540.54,720.1282,Girth Weld,,,,,,,,
9860,39.92,0.344,,35580.43,720.0586,Girth Weld,,,,,,,,
,,0.344,-0.85,35581.29,720.0574,metal loss,15,,0.83,1.06,,5:59,NO,
9870,39.87,0.344,,35620.35,720.0962,Girth Weld,,,,,,,,
9880,40.02,0.344,,35660.23,720.2735,Girth Weld,,,,,,,,
9890,39.99,0.344,,35700.25,720.6173,Girth Weld,,,,,,,,
9900,39.96,0.344,,35740.24,720.9906,Girth Weld,,,,,,,,
9910,39.99,0.344,,35780.19,721.1624,Girth Weld,,,,,,,,
,,0.344,-18.23,35798.42,721.1338,metal loss-manufacturing anomaly,18,,0.47,0.71,,6:16,N/A,
9920,39.98,0.344,,35820.19,721.0742,Girth Weld,,,,,,,,
,,0.344,-0.51,35820.7,721.0735,Cluster,32,,4.37,2.54,1.66,4:02,NO,
,,0.344,-0.66,35820.85,721.0733,metal loss,18,,2.28,9.8,,4:54,NO,
,,0.344,-0.71,35820.89,721.0732,Cluster,22,,1.6,7.23,1.85,8:16,NO,
,,0.344,-0.74,35820.93,721.0731,metal loss,13,,0.71,1.69,,10:53,NO,
9930,39.96,0.344,,35860.17,721.0579,Girth Weld,,,,,,,,
9940,39.98,0.344,,35900.13,720.9715,Girth Weld,,,,,,,,
9950,39.96,0.344,,35940.11,720.881,Girth Weld,,,,,,,,
9960,39.93,0.344,,35980.07,720.8381,Girth Weld,,,,,,,,
9970,39.99,0.344,,36020,720.7986,Girth Weld,,,,,,,,
9980,39.96,0.344,,36059.99,720.6728,Girth Weld,,,,,,,,
9990,39.97,0.344,,36099.95,720.5109,Girth Weld,,,,,,,,
10000,39.75,0.344,,36139.93,720.5761,Girth Weld,,,,,,,,
10010,40,0.344,,36179.68,720.7073,Girth Weld,,,,,,,,
10020,39.8,0.344,,36219.68,720.7856,Girth Weld,,,,,,,,
10030,39.94,0.344,,36259.48,720.8686,Girth Weld,,,,,,,,
10040,40,0.344,,36299.41,720.9874,Girth Weld,,,,,,,,
10050,39.9,0.344,,36339.41,720.8896,Girth Weld,,,,,,,,
10060,39.97,0.344,,36379.31,720.5881,Girth Weld,,,,,,,,
10070,40.14,0.344,,36419.28,720.1728,Girth Weld,,,,,,,,
10080,39.98,0.344,,36459.43,719.6211,Girth Weld,,,,,,,,
,,0.344,-0.85,36460.28,719.5979,metal loss-manufacturing anomaly,10,,1.02,0.71,,6:58,N/A,
10090,40.01,0.344,,36499.41,718.5315,Girth Weld,,,,,,,,
10100,39.96,0.344,,36539.42,718.2113,Girth Weld,,,,,,,,
10110,39.98,0.344,,36579.38,718.9061,Girth Weld,,,,,,,,
10120,39.9,0.344,,36619.36,719.691,Girth Weld,,,,,,,,
10130,39.99,0.344,,36659.26,720.1087,Girth Weld,,,,,,,,
10140,39.99,0.344,,36699.25,720.3987,Girth Weld,,,,,,,,
10150,39.88,0.344,,36739.24,720.6363,Girth Weld,,,,,,,,
10160,39.43,0.344,,36779.11,720.6365,Girth Weld,,,,,,,,
10170,40,0.344,,36818.54,720.5843,Girth Weld,,,,,,,,
10180,23.11,0.344,,36858.54,720.3768,Girth Weld,,,,,,,,
10190,39.95,0.344,,36881.65,720.3033,Girth Weld,,,,,,,,
,,,,36901.27,720.227,Above Ground Marker,,,,,,,,AGM 7    D
10200,9.07,0.5,,36921.6,720.0818,Girth Weld,,,,,,,,"0.500"""
,,,,36926.14,720.0387,Bend,,,,,,,,6.2D - 18° - Left
10210,6.06,0.344,,36930.67,719.9937,Girth Weld,,,,,,,,"0.344"""
10220,37.99,0.344,,36936.73,719.9285,Girth Weld,,,,,,,,
10230,39.96,0.344,,36974.72,719.514,Girth Weld,,,,,,,,
10240,39.98,0.344,,37014.68,719.0578,Girth Weld,,,,,,,,
10250,39.64,0.344,,37054.66,718.1487,Girth Weld,,,,,,,,
10260,6.94,0.344,,37094.29,717.2842,Girth Weld,,,,,,,,
10270,7.85,0.5,,37101.23,717.1348,Girth Weld,,,,,,,,"0.500"""
,,,,37105.1,717.0496,Bend,,,,,,,,5.4D - 18° - Right
10280,11.34,0.344,,37109.08,716.9613,Girth Weld,,,,,,,,"0.344"""
10290,33.95,0.344,,37120.42,716.7162,Girth Weld,,,,,,,,
10300,40.01,0.344,,37154.37,716.035,Girth Weld,,,,,,,,
10310,40.02,0.344,,37194.38,715.1012,Girth Weld,,,,,,,,
10320,40.07,0.344,,37234.4,713.0419,Girth Weld,,,,,,,,
10330,39.97,0.344,,37274.47,711.7149,Girth Weld,,,,,,,,
10340,29.06,0.344,,37314.43,711.3832,Girth Weld,,,,,,,,
10350,27.63,0.344,,37343.49,711.304,Girth Weld,,,,,,,,
10360,39.99,0.344,,37371.12,712.2537,Girth Weld,,,,,,,,
10370,33.78,0.344,,37411.1,715.1677,Girth Weld,,,,,,,,
10380,9.04,0.5,,37444.88,717.8647,Girth Weld,,,,,,,,"0.500"""
,,,,37449.19,718.1906,Bend,,,,,,,,6.1D - 21° - Right
10390,40.08,0.344,,37453.92,718.5005,Girth Weld,,,,,,,,"0.344"""
10400,39.45,0.344,,37494,720.1416,Girth Weld,,,,,,,,
10410,36.75,0.344,,37533.45,721.0603,Girth Weld,,,,,,,,
10420,11.53,0.5,,37570.2,722.0379,Girth Weld,,,,,,,,"0.500"""
,,,,37575.87,722.2956,Bend,,,,,,,,6.0D - 32° - Left
10430,8.71,0.344,,37581.73,722.6166,Girth Weld,,,,,,,,"0.344"""
10440,40,0.344,,37590.44,723.1852,Girth Weld,,,,,,,,
10450,38.17,0.344,,37630.44,725.8501,Girth Weld,,,,,,,,
10460,40.03,0.344,,37668.61,728.3103,Girth Weld,,,,,,,,
10470,40.02,0.344,,37708.64,729.0806,Girth Weld,,,,,,,,
10480,40.04,0.344,,37748.67,729.6426,Girth Weld,,,,,,,,
10490,39.94,0.344,,37788.71,729.9795,Girth Weld,,,,,,,,
10500,40.08,0.344,,37828.65,730.3619,Girth Weld,,,,,,,,
10510,39.94,0.344,,37868.74,730.7237,Girth Weld,,,,,,,,
10520,38.14,0.344,,37908.67,731.374,Girth Weld,,,,,,,,
10530,39.51,0.344,,37946.81,732.7767,Girth Weld,,,,,,,,
10540,40,0.344,,37986.32,734.9201,Girth Weld,,,,,,,,
10550,39.98,0.344,,38026.32,736.6679,Girth Weld,,,,,,,,
10560,40.03,0.344,,38066.29,737.6699,Girth Weld,,,,,,,,
10570,40.05,0.344,,38106.32,738.2819,Girth Weld,,,,,,,,
10580,39.96,0.344,,38146.38,738.8699,Girth Weld,,,,,,,,
10590,40.01,0.344,,38186.34,739.4728,Girth Weld,,,,,,,,
10600,8.38,0.344,,38226.35,740.1166,Girth Weld,,,,,,,,
10610,40.04,0.344,,38234.73,740.2492,Girth Weld,,,,,,,,
10620,40.07,0.344,,38274.77,740.8332,Girth Weld,,,,,,,,
10630,35,0.344,,38314.84,741.1417,Girth Weld,,,,,,,,
10640,40.01,0.344,,38349.84,741.3573,Girth Weld,,,,,,,,
,,0.344,-34.12,38383.95,741.9433,metal loss-manufacturing anomaly,16,,3.78,2.52,,9:43,N/A,
10650,40,0.344,,38389.85,742.0722,Girth Weld,,,,,,,,
10660,39.97,0.344,,38429.85,742.7967,Girth Weld,,,,,,,,
10670,39.48,0.344,,38469.82,743.1559,Girth Weld,,,,,,,,
10680,39.95,0.344,,38509.29,743.2642,Girth Weld,,,,,,,,
10690,39.98,0.344,,38549.24,743.2721,Girth Weld,,,,,,,,
10700,39.94,0.344,,38589.22,743.629,Girth Weld,,,,,,,,
10710,39.97,0.344,,38629.17,743.9445,Girth Weld,,,,,,,,
10720,39.83,0.344,,38669.13,743.8147,Girth Weld,,,,,,,,
10730,39.71,0.344,,38708.96,743.253,Girth Weld,,,,,,,,
10740,39.93,0.344,,38748.68,741.4545,Girth Weld,,,,,,,,
10750,39.95,0.344,,38788.61,737.9629,Girth Weld,,,,,,,,
10760,40,0.344,,38828.56,732.7248,Girth Weld,,,,,,,,
10770,40.04,0.344,,38868.56,725.5795,Girth Weld,,,,,,,,
10780,40.04,0.344,,38908.61,717.8374,Girth Weld,,,,,,,,
10790,40.1,0.344,,38948.65,710.0046,Girth Weld,,,,,,,,
10800,7.39,0.344,,38988.75,702.2385,Girth Weld,,,,,,,,
10810,40.2,0.344,,38996.14,700.8236,Girth Weld,,,,,,,,
10820,40.17,0.344,,39036.35,693.1751,Girth Weld,,,,,,,,
10830,40.13,0.344,,39076.52,686.1972,Girth Weld,,,,,,,,
10840,28.59,0.344,,39116.65,680.7413,Girth Weld,,,,,,,,
,,0.344,-28.08,39144.72,678.0669,metal loss,10,,0.98,1.18,,6:32,NO,
10850,39.91,0.344,,39145.24,678.0292,Girth Weld,,,,,,,,
10860,39.96,0.344,,39185.15,676.2576,Girth Weld,,,,,,,,
10870,16.12,0.344,,39225.12,675.8787,Girth Weld,,,,,,,,
10880,40.03,0.344,,39241.24,675.7728,Girth Weld,,,,,,,,
10890,11.79,0.5,,39281.26,675.1718,Girth Weld,,,,,,,,"0.500"""
,,,,39287.27,675.0296,Bend,,,,,,,,6.2D - 32° - Sag
10900,8,0.344,,39293.06,674.8451,Girth Weld,,,,,,,,"0.344"""
10910,11.75,0.5,,39301.05,674.449,Girth Weld,,,,,,,,"0.500"""
,,,,39307.26,674.0351,Bend,,,,,,,,5.6D - 40° - Over
10920,22.86,0.344,,39312.81,673.6522,Girth Weld,,,,,,,,"0.344"""
,,0.344,-21.94,39334.75,672.6224,Cluster,16,,4.36,8.99,,5:25,NO,
10930,29.22,0.344,,39335.67,672.5925,Girth Weld,,,,,,,,
,,0.344,-0.03,39335.7,672.5915,Cluster,10,,2.33,12.3,,2:06,NO,
10940,39.99,0.344,,39364.89,671.6839,Girth Weld,,,,,,,,
10950,40.01,0.344,,39404.87,675.4764,Girth Weld,,,,,,,,
,,0.344,-0.68,39405.56,675.4804,Cluster,17,,3.44,9.03,,8:55,NO,
10960,35.9,0.344,,39444.88,675.1783,Girth Weld,,,,,,,,
,,0.344,-35.02,39479.9,675.0699,metal loss,17,,0.79,0.91,,8:12,NO,
10970,9.48,0.5,,39480.79,675.0682,Girth Weld,,,,,,,,"0.500"""
,,,,39485.48,675.0591,Bend,,,,,,,,5.8D - 26° - Sag
10980,40.08,0.344,,39490.27,675.0504,Girth Weld,,,,,,,,"0.344"""
10990,22.34,0.344,,39530.35,674.9909,Girth Weld,,,,,,,,
,,0.344,-0.5,39530.85,674.9919,metal loss,15,,1.18,1.81,,5:56,NO,
11000,39.91,0.344,,39552.69,675.065,Girth Weld,,,,,,,,
,,0.344,-0.67,39553.36,675.067,Cluster,39,,4.88,30.98,1.57,3:01,NO,
11010,37.06,0.344,,39592.6,676.6137,Girth Weld,,,,,,,,
,,0.344,-0.07,39592.67,676.6229,Cluster,25,,4.07,6.33,1.73,8:40,NO,
,,0.344,-0.72,39593.33,676.7097,Cluster,18,,2.83,6.62,,7:38,NO,
,,0.344,-0.76,39593.37,676.7153,Cluster,27,,3.28,9.26,1.75,2:27,NO,
11020,10.02,0.5,,39629.66,682.9371,Girth Weld,,,,,,,,"0.500"""
,,,,39634.72,683.879,Bend,,,,,,,,5.5D - 32° - Sag
11030,31.87,0.344,,39639.68,684.8009,Girth Weld,,,,,,,,"0.344"""
,,0.344,-1.4,39641.08,685.0586,Cluster,31,,5.05,14.2,1.64,2:02,NO,
,,0.344,-2.06,39641.74,685.1808,Cluster,33,,3.32,9.3,1.71,6:58,NO,
11040,33.89,0.344,,39671.55,690.116,Girth Weld,,,,,,,,
11050,39.95,0.344,,39705.45,693.7868,Girth Weld,,,,,,,,
11060,17.38,0.344,,39745.4,697.9468,Girth Weld,,,,,,,,
,,0.344,-2.17,39747.57,698.3476,metal loss,11,,1.42,1.34,,4:10,NO,
11070,8.71,0.5,,39762.77,701.1461,Girth Weld,,,,,,,,"0.500"""
,,,,39767.18,701.9515,Bend,,,,,,,,6.0D - 19° - Over
11080,6.04,0.344,,39771.49,702.7391,Girth Weld,,,,,,,,"0.344"""
11090,29.94,0.344,,39777.53,703.8385,Girth Weld,,,,,,,,
11100,24.67,0.344,,39807.47,709.2721,Girth Weld,,,,,,,,
11110,37.5,0.344,,39832.14,713.2397,Girth Weld,,,,,,,,
11120,40.02,0.344,,39869.64,716.9018,Girth Weld,,,,,,,,
11130,40.03,0.344,,39909.66,717.2825,Girth Weld,,,,,,,,
11140,40.01,0.344,,39949.69,717.5638,Girth Weld,,,,,,,,
11150,39.99,0.344,,39989.7,717.6794,Girth Weld,,,,,,,,
,,0.344,-18.92,40008.62,717.7519,metal loss-manufacturing anomaly,10,,1.46,0.71,,5:02,N/A,
,,0.344,-19.8,40009.5,717.7555,metal loss-manufacturing anomaly,10,,0.59,0.71,,8:37,N/A,
11160,40.01,0.344,,40029.68,717.811,Girth Weld,,,,,,,,
11170,40.02,0.344,,40069.69,717.7818,Girth Weld,,,,,,,,
11180,39.98,0.344,,40109.71,717.6684,Girth Weld,,,,,,,,
11190,40.04,0.344,,40149.7,717.4705,Girth Weld,,,,,,,,
11200,40.06,0.344,,40189.73,716.9573,Girth Weld,,,,,,,,
11210,40.1,0.344,,40229.79,716.2556,Girth Weld,,,,,,,,
11220,40.02,0.344,,40269.89,715.2851,Girth Weld,,,,,,,,
11230,40.02,0.344,,40309.91,714.5368,Girth Weld,,,,,,,,
11240,39.64,0.344,,40349.93,714.2827,Girth Weld,,,,,,,,
11250,40.08,0.344,,40389.57,714.7866,Girth Weld,,,,,,,,
11260,39.97,0.344,,40429.65,715.2759,Girth Weld,,,,,,,,
11270,39.99,0.344,,40469.62,715.6949,Girth Weld,,,,,,,,
11280,40.03,0.344,,40509.61,715.9645,Girth Weld,,,,,,,,
11290,40.03,0.344,,40549.64,715.9863,Girth Weld,,,,,,,,
11300,40.06,0.344,,40589.67,715.7819,Girth Weld,,,,,,,,
11310,40,0.344,,40629.73,715.3529,Girth Weld,,,,,,,,
,,0.344,-39.01,40668.73,714.1151,Cluster,18,,1.97,1.47,,7:57,NO,
11320,8.59,0.5,,40669.73,714.0498,Girth Weld,,,,,,,,"0.500"""
,,,,40673.95,713.7479,Bend,,,,,,,,6.6D - 18° - Sag
11330,10.14,0.344,,40678.32,713.3879,Girth Weld,,,,,,,,"0.344"""
11340,10.69,0.5,,40688.46,712.496,Girth Weld,,,,,,,,"0.500"""
,,,,40693.84,712.0041,Bend,,,,,,,,6.8D - 22° - Sag
11350,40.01,0.344,,40699.15,711.4889,Girth Weld,,,,,,,,"0.344"""
11360,21.97,0.344,,40739.16,706.4523,Girth Weld,,,,,,,,
11370,39.95,0.344,,40761.14,703.28,Girth Weld,,,,,,,,
11380,29.22,0.344,,40801.09,703.3014,Girth Weld,,,,,,,,
11390,40.03,0.344,,40830.31,706.8561,Girth Weld,,,,,,,,
11400,39.99,0.344,,40870.34,710.306,Girth Weld,,,,,,,,
11410,39.92,0.344,,40910.33,711.171,Girth Weld,,,,,,,,
11420,39.95,0.344,,40950.25,710.5849,Girth Weld,,,,,,,,
11430,39.92,0.344,,40990.2,709.6527,Girth Weld,,,,,,,,
,,0.344,-20.89,41011.08,709.3366,metal loss-manufacturing anomaly,10,,3.03,1.3,,10:13,N/A,
11440,39.95,0.344,,41030.11,709.2562,Girth Weld,,,,,,,,
11450,40.01,0.344,,41070.06,709.6838,Girth Weld,,,,,,,,
11460,36.15,0.344,,41110.07,710.488,Girth Weld,,,,,,,,
,,0.344,-20.98,41131.05,710.941,metal loss-manufacturing anomaly,14,,3.66,1.02,,10:09,N/A,
11470,39.95,0.344,,41146.22,711.2702,Girth Weld,,,,,,,,
,,0.344,-17.77,41163.99,711.6486,metal loss-manufacturing anomaly,12,,4.17,1.77,,2:09,N/A,
,,0.344,-19.55,41165.77,711.6819,metal loss-manufacturing anomaly,16,,0.59,0.63,,8:12,N/A,
,,0.344,-20.75,41166.98,711.7044,metal loss-manufacturing anomaly,11,,3.78,1.42,,2:06,N/A,
,,0.344,-24.07,41170.29,711.7665,metal loss-manufacturing anomaly,30,,3.82,5.55,,1:54,N/A,
,,0.344,-28.33,41174.55,711.8432,metal loss-manufacturing anomaly,11,,0.47,0.59,,11:58,N/A,
11480,39.98,0.344,,41186.18,711.9518,Girth Weld,,,,,,,,
11490,39.99,0.344,,41226.16,711.9853,Girth Weld,,,,,,,,
11500,39.93,0.344,,41266.15,711.7645,Girth Weld,,,,,,,,
11510,39.99,0.344,,41306.08,711.5016,Girth Weld,,,,,,,,
11520,40.09,0.344,,41346.07,711.1525,Girth Weld,,,,,,,,
11530,39.31,0.344,,41386.16,710.864,Girth Weld,,,,,,,,
11540,39.98,0.344,,41425.47,710.619,Girth Weld,,,,,,,,
11550,39.95,0.344,,41465.45,710.365,Girth Weld,,,,,,,,
,,0.344,-0.72,41466.16,710.3511,Cluster,29,,5,10.54,1.66,4:44,NO,
,,0.344,-0.73,41466.18,710.3507,Cluster,21,,5.56,2.58,1.72,6:45,NO,
,,0.344,-0.82,41466.26,710.3486,Cluster,14,,0.97,3.27,,3:19,NO,
,,0.344,-20.52,41485.96,709.7136,Cluster,15,,4.38,3.16,,9:33,NO,
,,0.344,-20.8,41486.24,709.7041,Cluster,17,,2.56,2.39,,10:16,NO,
,,0.344,-21.15,41486.59,709.6922,metal loss,15,,1.14,1.26,,10:09,NO,
,,0.344,-21.34,41486.78,709.6857,Cluster,12,,4.25,3.16,,10:13,NO,
,,0.344,-35.98,41501.43,709.1821,metal loss,10,,2.52,0.75,,9:33,NO,
,,0.344,-36.87,41502.32,709.151,metal loss,14,,4.25,0.94,,8:10,NO,
,,0.344,-37.98,41503.42,709.1124,metal loss,10,,1.18,0.83,,9:22,NO,
,,0.344,-38.56,41504.01,709.092,Cluster,10,,4.39,5.72,,9:28,NO,
11560,39.95,0.344,,41505.39,709.0434,Girth Weld,,,,,,,,
,,0.344,-39.02,41544.42,707.4963,metal loss,23,,0.94,1.3,1.87,7:47,NO,
,,0.344,-39.06,41544.45,707.4949,metal loss,11,,0.79,0.79,,8:49,NO,
11570,39.94,0.344,,41545.34,707.4552,Girth Weld,,,,,,,,
,,0.344,-0.74,41546.08,707.4225,metal loss,17,,2.76,0.59,,9:36,NO,
,,0.344,-31.12,41576.47,706.2497,Cluster,19,,2.21,1.8,,7:44,NO,
,,0.344,-36.01,41581.35,706.0938,Cluster,18,,5.2,4.15,,7:17,NO,
11580,40.09,0.344,,41585.28,705.9975,Girth Weld,,,,,,,,
,,0.344,-7.88,41593.16,705.8334,metal loss,10,,3.03,0.59,,7:57,NO,
,,0.344,-8.33,41593.61,705.8259,Cluster,16,,3.71,3.96,,6:58,NO,
,,0.344,-20.19,41605.47,705.8339,Cluster,15,,3.43,1.22,,3:25,NO,
,,0.344,-21.05,41606.33,705.8384,metal loss,13,,1.53,1.38,,3:21,NO,
,,0.344,-21.88,41607.15,705.8426,Cluster,23,,5.15,3.54,1.71,2:04,NO,
,,0.344,-22.21,41607.49,705.8444,metal loss,11,,1.42,0.91,,3:27,NO,
,,0.344,-22.4,41607.68,705.8453,Cluster,25,,3.62,2.81,1.75,1:54,NO,
,,0.344,-23.08,41608.36,705.8488,Cluster,13,,1.69,1.2,,2:29,NO,
,,0.344,-24.84,41610.12,705.8634,Cluster,13,,3.25,6.37,,9:19,NO,
,,0.344,-25.38,41610.66,705.8678,Cluster,10,,2.63,4.13,,9:46,NO,
,,0.344,-25.96,41611.24,705.8726,Cluster,17,,3.25,3.71,,9:44,NO,
,,0.344,-29.18,41614.46,705.8991,metal loss,16,,1.1,0.59,,10:17,NO,
11590,40.02,0.344,,41625.37,706.005,Girth Weld,,,,,,,,
,,0.344,-11.37,41636.74,706.14,metal loss,25,,2.09,1.26,1.82,9:46,NO,
,,0.344,-12.44,41637.81,706.1532,metal loss,14,,2.09,1.89,,9:56,NO,
,,0.344,-20.6,41645.97,706.2698,Cluster,20,,5.22,4.96,1.73,9:21,NO,
,,0.344,-21.8,41647.17,706.2872,metal loss,16,,0.63,0.87,,10:15,NO,
,,0.344,-21.96,41647.33,706.2894,Cluster,16,,2.06,3.94,,9:43,NO,
,,0.344,-23.26,41648.63,706.3085,Cluster,12,,2.66,3.92,,9:45,NO,
,,0.344,-23.76,41649.13,706.3163,metal loss,15,,0.75,0.71,,10:23,NO,
,,0.344,-24.22,41649.59,706.3234,metal loss,24,,0.94,0.71,1.87,9:38,NO,
,,0.344,-25.04,41650.41,706.3363,Cluster,15,,3.7,3.56,,9:32,NO,
,,0.344,-26.06,41651.43,706.3523,Cluster,14,,2.66,2.64,,9:39,NO,
,,0.344,-26.51,41651.88,706.3593,Cluster,14,,2.84,4.19,,9:38,NO,
,,0.344,-27.03,41652.4,706.3675,Cluster,12,,2.08,2.26,,9:39,NO,
,,0.344,-27.43,41652.8,706.3738,metal loss,11,,1.02,1.26,,9:54,NO,
,,0.344,-27.89,41653.26,706.3809,Cluster,19,,3.68,2.75,,8:52,NO,
,,0.344,-28.52,41653.89,706.3908,Cluster,21,,2.99,2.54,1.8,9:48,NO,
,,0.344,-30.06,41655.43,706.415,Cluster,13,,2.38,2.16,,9:40,NO,
,,0.344,-33.26,41658.63,706.4653,Cluster,16,,3.28,1.43,,2:41,NO,
,,0.344,-33.65,41659.02,706.4719,Cluster,15,,7.88,2.75,,2:28,NO,
11600,13.17,0.344,,41665.39,706.5791,Girth Weld,,,,,,,,
,,0.344,-10.96,41676.35,706.7396,Cluster,33,,5.5,11.56,1.61,8:16,NO,
,,0.344,-11.23,41676.62,706.7421,metal loss,16,,0.83,0.55,,2:49,NO,
11610,26.88,0.344,,41678.56,706.7595,Girth Weld,,,,,,,,
,,0.344,-24.97,41703.53,706.7294,Cluster,33,,5.21,3.73,1.62,4:57,NO,
,,0.344,-25.57,41704.14,706.7175,Cluster,16,,2.22,2.47,,6:41,NO,
,,0.344,-25.68,41704.24,706.715,Cluster,14,,5.59,14.6,,6:18,NO,
,,0.344,-25.91,41704.47,706.7093,Cluster,23,,4.01,2.87,1.75,5:01,NO,
11620,39.99,0.344,,41705.44,706.6858,Girth Weld,,,,,,,,
,,0.344,-0.53,41705.97,706.6729,Cluster,11,,4.12,17.76,,7:43,NO,
,,0.344,-0.82,41706.26,706.6661,Cluster,23,,2.44,9.05,1.81,3:44,NO,
,,0.344,-0.82,41706.26,706.6659,metal loss,10,,1.3,3.42,,2:44,NO,
11630,39.93,0.344,,41745.43,706.0998,Girth Weld,,,,,,,,
,,0.344,-0.95,41746.38,706.1254,metal loss,11,,0.71,0.55,,9:55,NO,
,,0.344,-1.78,41747.21,706.148,metal loss,13,,0.91,1.3,,9:30,NO,
,,0.344,-38.9,41784.33,708.0211,Cluster,13,,3.85,6.24,,3:20,NO,
11640,39.73,0.344,,41785.36,708.0607,Girth Weld,,,,,,,,
,,0.344,-0.84,41786.2,708.0931,metal loss,11,,0.79,0.71,,4:12,NO,
,,0.344,-2.1,41787.46,708.138,metal loss-manufacturing anomaly,11,,0.43,0.71,,8:12,N/A,
11650,39.96,0.344,,41825.08,708.4861,Girth Weld,,,,,,,,
11660,40,0.344,,41865.05,708.4957,Girth Weld,,,,,,,,
,,0.344,-0.67,41865.72,708.4951,Cluster,11,,2.05,9.82,,8:30,NO,
11670,39.9,0.344,,41905.04,708.5053,Girth Weld,,,,,,,,
11680,39.96,0.344,,41944.95,708.6471,Girth Weld,,,,,,,,
11690,39.92,0.344,,41984.91,708.6852,Girth Weld,,,,,,,,
11700,39.93,0.344,,42024.83,708.4561,Girth Weld,,,,,,,,
11710,40.05,0.344,,42064.76,708.1797,Girth Weld,,,,,,,,
11720,40,0.344,,42104.81,707.8912,Girth Weld,,,,,,,,
11730,40.08,0.344,,42144.82,707.7569,Girth Weld,,,,,,,,
11740,39.99,0.344,,42184.89,707.7216,Girth Weld,,,,,,,,
11750,39.98,0.344,,42224.88,707.7698,Girth Weld,,,,,,,,
,,,,42243.95,707.8266,Above Ground Marker,,,,,,,,AGM 8
11760,9.85,0.5,,42264.86,707.7215,Girth Weld,,,,,,,,"0.500"""
,,,,42269.82,707.5445,Bend,,,,,,,,6.2D - 24° - Sag
11770,23.4,0.344,,42274.71,707.3146,Girth Weld,,,,,,,,"0.344"""
11780,39.96,0.344,,42298.11,706.0348,Girth Weld,,,,,,,,
11790,40.05,0.344,,42338.07,703.2453,Girth Weld,,,,,,,,
11800,40.02,0.344,,42378.12,702.3615,Girth Weld,,,,,,,,
11810,40,0.344,,42418.14,705.5428,Girth Weld,,,,,,,,
11820,9.36,0.344,,42458.14,708.6457,Girth Weld,,,,,,,,
11830,40.19,0.344,,42467.5,709.2571,Girth Weld,,,,,,,,
11840,40.14,0.344,,42507.69,710.9166,Girth Weld,,,,,,,,
11850,39.97,0.344,,42547.83,712.0739,Girth Weld,,,,,,,,
11860,39.89,0.344,,42587.8,712.8774,Girth Weld,,,,,,,,
11870,39.93,0.344,,42627.69,712.9039,Girth Weld,,,,,,,,
11880,39.98,0.344,,42667.62,712.2365,Girth Weld,,,,,,,,
11890,39.99,0.344,,42707.6,711.2749,Girth Weld,,,,,,,,
11900,40.01,0.344,,42747.59,710.0315,Girth Weld,,,,,,,,
11910,39.99,0.344,,42787.6,708.339,Girth Weld,,,,,,,,
11920,40.03,0.344,,42827.58,706.3488,Girth Weld,,,,,,,,
11930,40.01,0.344,,42867.61,703.6342,Girth Weld,,,,,,,,
11940,27.49,0.344,,42907.62,699.7617,Girth Weld,,,,,,,,
11950,20.26,0.344,,42935.11,697.3363,Girth Weld,,,,,,,,
11960,39.95,0.344,,42955.37,696.123,Girth Weld,,,,,,,,
11970,40,0.344,,42995.32,693.8452,Girth Weld,,,,,,,,
11980,39.87,0.344,,43035.33,691.4755,Girth Weld,,,,,,,,
11990,29.33,0.344,,43075.2,689.4811,Girth Weld,,,,,,,,
12000,6.66,0.344,,43104.53,688.134,Girth Weld,,,,,,,,
12010,39.94,0.344,,43111.19,687.829,Girth Weld,,,,,,,,
12020,19.63,0.344,,43151.13,686.0757,Girth Weld,,,,,,,,
12030,10.39,0.5,,43170.76,685.23,Girth Weld,,,,,,,,"0.500"""
,,,,43176.04,684.9935,Bend,,,,,,,,5.9D - 28° - Sag
12040,35.62,0.344,,43181.15,684.753,Girth Weld,,,,,,,,"0.344"""
12050,40.03,0.344,,43216.77,682.5123,Girth Weld,,,,,,,,
12060,39.96,0.344,,43256.8,679.2587,Girth Weld,,,,,,,,
12070,39.93,0.344,,43296.76,680.6947,Girth Weld,,,,,,,,
12080,40.03,0.344,,43336.69,684.9046,Girth Weld,,,,,,,,
12090,40.01,0.344,,43376.72,689.1197,Girth Weld,,,,,,,,
12100,39.91,0.344,,43416.72,692.2795,Girth Weld,,,,,,,,
12110,39.94,0.344,,43456.64,695.112,Girth Weld,,,,,,,,
12120,20.47,0.344,,43496.58,697.718,Girth Weld,,,,,,,,
12130,40.11,0.344,,43517.05,699.0309,Girth Weld,,,,,,,,
12140,39.96,0.344,,43557.15,700.9822,Girth Weld,,,,,,,,
12150,39.48,0.344,,43597.12,701.6467,Girth Weld,,,,,,,,
,,0.344,-0.77,43597.89,701.6441,Cluster,14,,2.4,7.67,,4:45,NO,
12160,40.09,0.344,,43636.59,701.0828,Girth Weld,,,,,,,,
,,0.344,-39.27,43675.86,700.3919,Cluster,10,,2.64,4.11,,6:00,NO,
12170,40.03,0.344,,43676.68,700.3778,Girth Weld,,,,,,,,
,,0.344,-0.8,43677.48,700.3641,Cluster,16,,1.32,7.54,,4:36,NO,
12180,27.92,0.344,,43716.71,699.6903,Girth Weld,,,,,,,,
12190,40.03,0.344,,43744.64,699.158,Girth Weld,,,,,,,,
12200,40.02,0.344,,43784.67,699.3824,Girth Weld,,,,,,,,
12210,39.92,0.344,,43824.68,700.1649,Girth Weld,,,,,,,,
12220,39.93,0.344,,43864.61,700.9767,Girth Weld,,,,,,,,
12230,39.85,0.344,,43904.53,701.769,Girth Weld,,,,,,,,
,,0.344,-20.73,43925.26,701.9519,metal loss-manufacturing anomaly,15,,2.32,0.59,,7:51,N/A,
,,0.344,-24.44,43928.97,701.9672,metal loss-manufacturing anomaly,14,,3.03,0.71,,9:08,N/A,
,,0.344,-25.96,43930.49,701.9641,metal loss-manufacturing anomaly,13,,3.46,0.94,,9:33,N/A,
,,0.344,-25.98,43930.51,701.964,metal loss-manufacturing anomaly,27,,3.42,0.55,,9:23,N/A,
12240,40.18,0.344,,43944.39,701.9041,Girth Weld,,,,,,,,
,,0.344,-5.46,43949.85,701.8126,metal loss,13,,1.58,1.42,,2:25,NO,
,,0.344,-5.91,43950.29,701.8019,metal loss,10,,1.65,2.48,,2:28,NO,
,,0.344,-9.79,43954.18,701.7088,Cluster,13,,1.81,2.93,,9:26,NO,
,,0.344,-11.93,43956.32,701.6575,Cluster,11,,2.28,1.91,,2:15,NO,
,,0.344,-12.36,43956.74,701.6473,Cluster,12,,5.46,5.22,,1:43,NO,
,,0.344,-13.09,43957.47,701.6297,metal loss,12,,2.4,1.93,,2:21,NO,
,,0.344,-15.5,43959.89,701.5719,metal loss,12,,3.35,0.83,,9:25,NO,
,,0.344,-18.37,43962.76,701.504,metal loss,10,,2.24,1.42,,2:21,NO,
,,0.344,-37.18,43981.57,700.8596,metal loss,11,,0.87,1.18,,5:14,YES,
12250,40,0.344,,43984.57,700.7119,Girth Weld,,,,,,,,
,,0.344,-0.71,43985.28,700.6769,Cluster,16,,3.58,7.42,,10:38,NO,
12260,31.12,0.344,,44024.57,698.2204,Girth Weld,,,,,,,,
12270,39.97,0.344,,44055.69,697.6535,Girth Weld,,,,,,,,
,,0.344,-0.62,44056.31,697.6612,metal loss,13,,5.04,0.59,,7:15,YES,
,,0.344,-0.73,44056.42,697.6626,Cluster,30,,1.85,10.89,1.82,5:04,YES,
12280,39.9,0.344,,44095.66,698.9577,Girth Weld,,,,,,,,
,,0.344,-5.25,44100.91,699.1291,Cluster,23,,10.97,12.82,1.62,5:42,YES,
,,0.344,-38.94,44134.6,699.8636,Cluster,26,,2.95,9.22,1.77,4:16,NO,
12290,39.97,0.344,,44135.55,699.8808,Girth Weld,,,,,,,,
12300,40.01,0.344,,44175.53,700.3976,Girth Weld,,,,,,,,
,,0.344,-38.93,44214.46,700.6012,Cluster,25,,4.15,10.91,1.73,3:44,NO,
12310,40.01,0.344,,44215.54,700.6022,Girth Weld,,,,,,,,
12320,40.01,0.344,,44255.55,700.5637,Girth Weld,,,,,,,,
12330,39.99,0.344,,44295.57,700.4623,Girth Weld,,,,,,,,
12340,39.99,0.344,,44335.56,700.2381,Girth Weld,,,,,,,,
12350,40.03,0.344,,44375.54,700.0114,Girth Weld,,,,,,,,
12360,40.01,0.344,,44415.58,699.7335,Girth Weld,,,,,,,,
12370,40.03,0.344,,44455.58,699.4386,Girth Weld,,,,,,,,
12380,40.03,0.344,,44495.61,699.0476,Girth Weld,,,,,,,,
12390,23.21,0.344,,44535.64,698.6006,Girth Weld,,,,,,,,
12400,40.02,0.344,,44558.85,698.3137,Girth Weld,,,,,,,,
12410,40.07,0.344,,44598.87,697.8775,Girth Weld,,,,,,,,
12420,39.03,0.344,,44638.93,697.3063,Girth Weld,,,,,,,,
,,0.344,-1.18,44640.11,697.2894,metal loss,13,,0.87,0.83,,6:38,NO,
,,0.344,-2.41,44641.35,697.2719,metal loss,12,,1.02,0.98,,4:49,NO,
,,0.344,-3.02,44641.95,697.2633,metal loss,20,,1.38,1.3,1.86,4:51,NO,
,,0.344,-3.55,44642.49,697.2557,metal loss,22,,1.1,0.83,1.87,4:46,NO,
,,0.344,-9.05,44647.98,697.1778,Cluster,16,,6.84,3.81,,4:42,NO,
12430,40.2,0.344,,44677.96,696.6826,Girth Weld,,,,,,,,
,,0.344,-20.15,44698.12,696.1631,metal loss,13,,1.22,1.1,,4:16,NO,
,,0.344,-20.75,44698.71,696.1486,metal loss,11,,1.1,1.1,,4:35,NO,
,,0.344,-21.25,44699.21,696.1362,Cluster,20,,3.23,3.77,1.79,7:38,NO,
,,0.344,-22.98,44700.94,696.0937,metal loss,10,,1.3,1.26,,7:56,NO,
,,0.344,-23.27,44701.23,696.0865,metal loss,10,,0.91,0.91,,4:43,NO,
,,0.344,-25.85,44703.81,696.023,metal loss-manufacturing anomaly,11,,0.47,0.83,,3:55,N/A,
12440,39.95,0.344,,44718.17,695.6982,Girth Weld,,,,,,,,
,,0.344,-38.87,44757.04,694.8058,Cluster,14,,2.92,2.66,,6:17,NO,
12450,40.01,0.344,,44758.11,694.7799,Girth Weld,,,,,,,,
12460,40.09,0.344,,44798.13,694.7464,Girth Weld,,,,,,,,
12470,39.87,0.344,,44838.22,695.7125,Girth Weld,,,,,,,,
12480,39.94,0.344,,44878.09,696.0318,Girth Weld,,,,,,,,
12490,40.05,0.344,,44918.03,696.2948,Girth Weld,,,,,,,,
,,0.344,-0.74,44918.76,696.3026,metal loss,17,,1.02,8.54,,8:55,NO,
,,0.344,-21.98,44940,696.5491,Cluster,15,,3.73,5.82,,8:17,NO,
12500,40.13,0.344,,44958.08,696.7703,Girth Weld,,,,,,,,
,,0.344,-5.24,44963.32,696.8365,metal loss,17,,1.06,1.06,,9:07,NO,
,,0.344,-39.01,44997.09,697.265,Cluster,12,,4.68,9.8,,4:55,NO,
12510,40.14,0.344,,44998.21,697.2776,Girth Weld,,,,,,,,
,,0.344,-14.9,45013.1,697.4398,metal loss,17,,0.98,0.63,,6:29,NO,
12520,39.98,0.344,,45038.35,697.7037,Girth Weld,,,,,,,,
12530,33.05,0.344,,45078.33,698.2766,Girth Weld,,,,,,,,
12540,22.19,0.344,,45111.38,698.9762,Girth Weld,,,,,,,,
,,0.344,-0.76,45112.14,698.9924,metal loss,38,,1.1,1.22,1.85,12:30,NO,
,,0.344,-0.76,45112.14,698.9924,metal loss,39,,1.22,0.59,1.84,12:01,NO,
12550,40.04,0.344,,45133.57,699.4208,Girth Weld,,,,,,,,
,,0.344,-4.88,45138.44,699.5063,metal loss,14,,0.98,1.1,,3:57,NO,
,,0.344,-5.64,45139.21,699.5193,Cluster,47,,5.47,5.59,1.46,3:34,NO,
,,0.344,-17.81,45151.38,699.7154,metal loss,14,,1.22,1.34,,4:21,NO,
,,0.344,-33.26,45166.83,699.9389,metal loss-manufacturing anomaly,21,,0.47,0.55,,5:55,N/A,
12560,6.67,0.344,,45173.61,700.0325,Girth Weld,,,,,,,,
,,0.344,-1.52,45175.13,700.0533,metal loss,22,,0.83,1.42,1.88,5:30,NO,
,,0.344,-1.74,45175.35,700.0563,metal loss,23,,0.94,2.17,1.87,4:54,NO,
12570,39.91,0.344,,45180.28,700.1224,Girth Weld,,,,,,,,
12580,39.89,0.344,,45220.19,700.6343,Girth Weld,,,,,,,,
12590,39.98,0.344,,45260.07,700.8783,Girth Weld,,,,,,,,
12600,39.99,0.344,,45300.06,700.0412,Girth Weld,,,,,,,,
12610,40.01,0.344,,45340.05,697.0301,Girth Weld,,,,,,,,
12620,40.02,0.344,,45380.06,692.8162,Girth Weld,,,,,,,,
12630,40.05,0.344,,45420.08,688.0937,Girth Weld,,,,,,,,
12640,40.01,0.344,,45460.13,683.0006,Girth Weld,,,,,,,,
12650,40.04,0.344,,45500.14,677.9465,Girth Weld,,,,,,,,
12660,8.53,0.5,,45540.18,673.1279,Girth Weld,,,,,,,,"0.500"""
,,,,45544.54,672.6721,Bend,,,,,,,,5.8D - 20° - Sag
12670,39.99,0.344,,45548.71,672.2441,Girth Weld,,,,,,,,"0.344"""
12680,21.28,0.344,,45588.7,668.3896,Girth Weld,,,,,,,,
12690,40.1,0.344,,45609.98,666.4433,Girth Weld,,,,,,,,
12700,25.52,0.344,,45650.07,664.9737,Girth Weld,,,,,,,,
12710,40.04,0.344,,45675.6,666.512,Girth Weld,,,,,,,,
,,0.344,-0.81,45676.4,666.559,Cluster,36,,3.82,6.49,1.66,6:20,NO,
12720,25.25,0.344,,45715.64,668.8806,Girth Weld,,,,,,,,
12730,39.99,0.344,,45740.89,670.6509,Girth Weld,,,,,,,,
12740,39.94,0.344,,45780.89,673.9064,Girth Weld,,,,,,,,
12750,18.45,0.344,,45820.83,677.396,Girth Weld,,,,,,,,
12760,39.96,0.344,,45839.28,679.1444,Girth Weld,,,,,,,,
12770,31.86,0.344,,45879.24,683.0501,Girth Weld,,,,,,,,
12780,39.97,0.344,,45911.1,686.0843,Girth Weld,,,,,,,,
,,0.344,-38.95,45950.05,689.282,Cluster,11,,2.63,16.36,,4:27,NO,
,,0.344,-39.05,45950.15,689.2903,Cluster,14,,1.25,2.24,,7:27,NO,
12790,39.82,0.344,,45951.07,689.3637,Girth Weld,,,,,,,,
,,0.344,-0.49,45951.57,689.4027,Cluster,10,,2.4,5.82,,7:14,NO,
,,0.344,-0.78,45951.85,689.4256,Cluster,14,,2.63,19,,5:14,NO,
12800,39.8,0.344,,45990.9,692.1132,Girth Weld,,,,,,,,
12810,40.04,0.344,,46030.7,694.7511,Girth Weld,,,,,,,,
12820,40,0.344,,46070.74,696.5456,Girth Weld,,,,,,,,
,,0.344,-38.9,46109.65,696.3652,Cluster,26,,4.52,5.7,1.71,4:49,NO,
,,0.344,-38.91,46109.65,696.3651,Cluster,24,,3.65,5.03,1.75,7:07,NO,
12830,40.18,0.344,,46110.74,696.3379,Girth Weld,,,,,,,,
12840,40.2,0.344,,46150.92,695.0106,Girth Weld,,,,,,,,
,,0.344,-39.1,46190.01,693.4018,Cluster,15,,2.56,9.59,,5:32,NO,
,,0.344,-39.16,46190.08,693.3991,Cluster,14,,2.17,4.65,,4:11,NO,
12850,40.18,0.344,,46191.12,693.3585,Girth Weld,,,,,,,,
,,0.344,-0.77,46191.89,693.3283,Cluster,12,,0.91,7.39,,6:26,NO,
,,0.344,-0.79,46191.91,693.3277,metal loss,11,,0.75,1.22,,8:05,NO,
,,0.344,-0.8,46191.92,693.3271,metal loss,15,,0.87,1.93,,3:44,NO,
,,0.344,-5.74,46196.86,693.1403,Cluster,10,,3.97,2.39,,8:11,NO,
,,0.344,-8.19,46199.31,693.0482,Cluster,11,,1.06,3.39,,8:25,NO,
12860,40,0.344,,46231.3,691.9705,Girth Weld,,,,,,,,
12870,39.91,0.344,,46271.31,691.1178,Girth Weld,,,,,,,,
,,0.344,-0.79,46272.09,691.1071,metal loss,21,,1.02,0.91,1.87,9:23,NO,
12880,40.05,0.344,,46311.21,690.4431,Girth Weld,,,,,,,,
,,0.344,-22.62,46333.84,690.0619,metal loss-manufacturing anomaly,24,,4.57,0.71,,9:03,N/A,
,,0.344,-31.85,46343.06,689.8947,metal loss-manufacturing anomaly,10,,3.98,1.73,,8:57,N/A,
12890,40.06,0.344,,46351.26,689.7413,Girth Weld,,,,,,,,
,,0.344,-26.55,46377.81,689.2407,metal loss-manufacturing anomaly,12,,0.94,1.06,,7:36,N/A,
12900,40,0.344,,46391.32,689.0145,Girth Weld,,,,,,,,
,,0.344,-39.09,46430.41,688.4641,metal loss,38,,1.65,1.14,1.81,7:31,NO,
,,0.344,-39.12,46430.44,688.4638,metal loss,28,,1.06,2.13,1.86,8:03,NO,
12910,21.52,0.344,,46431.33,688.4549,Girth Weld,,,,,,,,
,,0.344,-0.81,46432.14,688.4468,metal loss,10,,0.91,0.87,,5:08,NO,
,,0.344,-6.01,46437.34,688.405,metal loss-manufacturing anomaly,14,,0.59,0.71,,7:18,N/A,
12920,40.01,0.344,,46452.85,688.2783,Girth Weld,,,,,,,,
12930,29.43,0.344,,46492.86,688.2593,Girth Weld,,,,,,,,
12940,39.97,0.344,,46522.29,688.3858,Girth Weld,,,,,,,,
12950,21.66,0.344,,46562.26,688.6884,Girth Weld,,,,,,,,
12960,39.94,0.344,,46583.92,688.8914,Girth Weld,,,,,,,,
12970,33,0.344,,46623.86,688.9722,Girth Weld,,,,,,,,
12980,39.94,0.344,,46656.86,688.8341,Girth Weld,,,,,,,,
,,0.344,-7.96,46664.82,688.7538,metal loss,20,,0.94,0.67,1.87,4:49,NO,
12990,10.44,0.5,,46696.8,687.5733,Girth Weld,,,,,,,,"0.500"""
,,,,46701.98,687.3295,Bend,,,,,,,,6.2D - 27° - Sag
13000,40.04,0.344,,46707.24,687.0396,Girth Weld,,,,,,,,"0.344"""
,,0.344,-25.88,46733.12,685.3023,metal loss,15,,0.87,0.94,,8:25,NO,
13010,16.23,0.344,,46747.28,684.2921,Girth Weld,,,,,,,,
13020,39.98,0.344,,46763.51,683.164,Girth Weld,,,,,,,,
,,0.344,-0.61,46764.12,683.1255,Cluster,12,,3.56,3.48,,4:13,NO,
,,0.344,-0.75,46764.26,683.1164,Cluster,28,,5.63,13.45,1.65,5:15,NO,
13030,40.11,0.344,,46803.49,681.9469,Girth Weld,,,,,,,,
13040,40.08,0.344,,46843.6,686.0333,Girth Weld,,,,,,,,
,,0.344,-26.23,46869.83,688.1264,metal loss-manufacturing anomaly,12,,3.42,4.53,,11:25,N/A,
13050,39.88,0.344,,46883.68,689.0854,Girth Weld,,,,,,,,
13060,40,0.344,,46923.56,691.1117,Girth Weld,,,,,,,,
13070,39.34,0.344,,46963.56,691.8419,Girth Weld,,,,,,,,
13080,40,0.344,,47002.9,692.4095,Girth Weld,,,,,,,,
13090,39.99,0.344,,47042.9,692.4166,Girth Weld,,,,,,,,
13100,40.01,0.344,,47082.89,692.1128,Girth Weld,,,,,,,,
13110,33.94,0.344,,47122.9,691.4038,Girth Weld,,,,,,,,
13120,3.15,0.344,,47156.85,689.7688,Girth Weld,,,,,,,,
13130,8.39,0.5,,47160,689.5131,Girth Weld,,,,,,,,"0.500"""
,,,,47164.09,689.1498,Bend,,,,,,,,6.8D - 16° - Sag
13140,40.11,0.344,,47168.39,688.7357,Girth Weld,,,,,,,,"0.344"""
13150,28.21,0.344,,47208.5,684.7874,Girth Weld,,,,,,,,
13160,7.14,0.344,,47236.71,681.7666,Girth Weld,,,,,,,,
13170,11.71,0.344,,47243.85,681.2745,Girth Weld,,,,,,,,
13180,9.91,0.344,,47255.56,680.5365,Girth Weld,,,,,,,,
13190,21.04,0.344,,47265.47,680.8728,Girth Weld,,,,,,,,
,,0.344,-0.75,47266.22,680.9187,Cluster,11,,3.04,7.08,,3:19,NO,
,,0.344,-0.77,47266.24,680.9203,metal loss,12,,0.94,1.97,,1:47,NO,
13200,40.06,0.344,,47286.51,682.4632,Girth Weld,,,,,,,,
,,0.344,-11.8,47298.31,683.6045,Cluster,11,,4.48,1.49,,12:16,NO,
,,0.344,-12.71,47299.22,683.6899,metal loss,14,,0.71,0.87,,12:15,NO,
,,0.344,-38.92,47325.43,686.1354,Cluster,21,,5.09,23.79,1.73,3:43,NO,
,,0.344,-38.99,47325.5,686.1422,Cluster,10,,3.55,7.37,,8:37,NO,
13210,40.08,0.344,,47326.57,686.2447,Girth Weld,,,,,,,,
,,0.344,-0.79,47327.36,686.32,Cluster,20,,1.61,9.17,1.85,1:15,NO,
13220,39.89,0.344,,47366.65,690.0776,Girth Weld,,,,,,,,
,,0.344,-6.96,47373.61,690.6943,metal loss-manufacturing anomaly,11,,0.43,0.71,,4:39,N/A,
,,0.344,-7.11,47373.76,690.7073,metal loss-manufacturing anomaly,14,,0.63,0.71,,4:34,N/A,
13230,39.97,0.344,,47406.54,693.2754,Girth Weld,,,,,,,,
13240,40,0.344,,47446.51,694.842,Girth Weld,,,,,,,,
13250,22.83,0.344,,47486.51,694.9198,Girth Weld,,,,,,,,
13260,39.99,0.344,,47509.34,694.7847,Girth Weld,,,,,,,,
,,0.344,-38.8,47548.14,694.5206,Cluster,33,,4.97,18.45,1.63,4:45,NO,
,,0.344,-39.08,47548.42,694.5181,metal loss,15,,0.91,1.42,,4:05,NO,
13270,39.94,0.344,,47549.33,694.5094,Girth Weld,,,,,,,,
13280,39.32,0.344,,47589.26,694.159,Girth Weld,,,,,,,,
13290,22.1,0.344,,47628.58,693.894,Girth Weld,,,,,,,,
13300,36.01,0.344,,47650.68,693.6067,Girth Weld,,,,,,,,
13310,8.11,0.5,,47686.69,693.043,Girth Weld,,,,,,,,"0.500"""
,,,,47690.82,692.973,Bend,,,,,,,,6.0D - 18° - Sag
13320,10,0.344,,47694.8,692.9055,Girth Weld,,,,,,,,"0.344"""
13330,40.06,0.344,,47704.8,692.7326,Girth Weld,,,,,,,,
,,0.344,-0.84,47705.64,692.7179,metal loss,10,,1.18,0.94,,5:35,NO,
13340,39.96,0.344,,47744.86,691.8446,Girth Weld,,,,,,,,
13350,39.95,0.344,,47784.82,690.0371,Girth Weld,,,,,,,,
,,,,47797.69,690.9036,Above Ground Marker,,,,,,,,AGM 9
13360,39.98,0.344,,47824.77,692.6482,Girth Weld,,,,,,,,
13370,39.99,0.344,,47864.75,694.0339,Girth Weld,,,,,,,,
13380,39.98,0.344,,47904.74,694.4448,Girth Weld,,,,,,,,
13390,40.03,0.344,,47944.71,694.8851,Girth Weld,,,,,,,,
13400,40.06,0.344,,47984.74,695.1269,Girth Weld,,,,,,,,
13410,10.95,0.344,,48024.8,695.0752,Girth Weld,,,,,,,,
13420,15.92,0.344,,48035.75,695.0495,Girth Weld,,,,,,,,
13430,39.98,0.344,,48051.67,695.0058,Girth Weld,,,,,,,,
13440,13.02,0.344,,48091.65,694.8514,Girth Weld,,,,,,,,
13450,40.08,0.344,,48104.66,694.7578,Girth Weld,,,,,,,,
13460,40.04,0.344,,48144.75,694.306,Girth Weld,,,,,,,,
13470,40.09,0.344,,48184.79,693.7447,Girth Weld,,,,,,,,
13480,40.03,0.344,,48224.88,692.7518,Girth Weld,,,,,,,,
13490,39.96,0.344,,48264.9,690.8214,Girth Weld,,,,,,,,
13500,40.03,0.344,,48304.86,687.1425,Girth Weld,,,,,,,,
13510,39.95,0.344,,48344.9,682.7493,Girth Weld,,,,,,,,
13520,39.94,0.344,,48384.85,678.8764,Girth Weld,,,,,,,,
13530,39.95,0.344,,48424.79,675.2872,Girth Weld,,,,,,,,
13540,39.95,0.344,,48464.74,672.5162,Girth Weld,,,,,,,,
13550,8.18,0.344,,48504.69,671.4204,Girth Weld,,,,,,,,
13560,11.6,0.5,,48512.87,671.357,Girth Weld,,,,,,,,"0.500"""
,,,,48518.68,671.325,Bend,,,,,,,,6.4D - 30° - Over
13570,7.32,0.344,,48524.47,671.2964,Girth Weld,,,,,,,,"0.344"""
13580,11.16,0.5,,48531.79,671.272,Girth Weld,,,,,,,,"0.500"""
,,,,48537.35,671.2558,Bend,,,,,,,,5.4D - 39° - Sag
13590,26.93,0.344,,48542.94,671.2408,Girth Weld,,,,,,,,"0.344"""
13600,11.22,0.5,,48569.87,671.1134,Girth Weld,,,,,,,,"0.500"""
,,,,48575.34,671.0826,Bend,,,,,,,,6.2D - 28° - Sag
13610,9.31,0.344,,48581.09,671.0544,Girth Weld,,,,,,,,"0.344"""
13620,9.59,0.5,,48590.4,671.0278,Girth Weld,,,,,,,,"0.500"""
,,,,48595.23,671.0359,Bend,,,,,,,,5.5D - 31° - Over
13630,14.62,0.344,,48599.99,671.0535,Girth Weld,,,,,,,,"0.344"""
13640,40,0.344,,48614.61,670.912,Girth Weld,,,,,,,,
13650,39.91,0.344,,48654.61,667.5953,Girth Weld,,,,,,,,
,,0.344,-25.8,48680.41,669.5126,metal loss-manufacturing anomaly,22,,4.02,0.59,,3:46,N/A,
13660,39.95,0.344,,48694.52,672.013,Girth Weld,,,,,,,,
13670,39.74,0.344,,48734.47,674.6374,Girth Weld,,,,,,,,
13680,19.94,0.344,,48774.21,679.3526,Girth Weld,,,,,,,,
13690,10.18,0.5,,48794.14,682.2839,Girth Weld,,,,,,,,"0.500"""
,,,,48799.17,683.0261,Bend,,,,,,,,6.1D - 25° - Over
13700,28.99,0.344,,48804.32,683.7882,Girth Weld,,,,,,,,"0.344"""
,,0.344,-0.51,48804.83,683.8631,Cluster,36,,6.95,8.27,1.53,5:14,NO,
13710,39.8,0.344,,48833.32,688.156,Girth Weld,,,,,,,,
13720,40,0.344,,48873.12,695.0594,Girth Weld,,,,,,,,
13730,39.97,0.344,,48913.12,699.4417,Girth Weld,,,,,,,,
13740,39.83,0.344,,48953.1,700.2637,Girth Weld,,,,,,,,
13750,39.89,0.344,,48992.93,700.9696,Girth Weld,,,,,,,,
13760,39.82,0.344,,49032.82,701.2614,Girth Weld,,,,,,,,
13770,40,0.344,,49072.64,701.19,Girth Weld,,,,,,,,
13780,17.57,0.344,,49112.64,701.1608,Girth Weld,,,,,,,,
13790,39.99,0.344,,49130.2,701.1813,Girth Weld,,,,,,,,
13800,39.99,0.344,,49170.19,701.3826,Girth Weld,,,,,,,,
13810,39.99,0.344,,49210.18,701.6884,Girth Weld,,,,,,,,
13820,39.99,0.344,,49250.17,701.9085,Girth Weld,,,,,,,,
13830,39.73,0.344,,49290.15,702.1251,Girth Weld,,,,,,,,
13840,40.02,0.344,,49329.88,702.0328,Girth Weld,,,,,,,,
13850,39.98,0.344,,49369.9,701.604,Girth Weld,,,,,,,,
13860,39.69,0.344,,49409.88,701.0546,Girth Weld,,,,,,,,
13870,39.94,0.344,,49449.57,700.4645,Girth Weld,,,,,,,,
13880,39.94,0.344,,49489.51,699.911,Girth Weld,,,,,,,,
13890,38.81,0.344,,49529.46,699.3055,Girth Weld,,,,,,,,
13900,39.98,0.344,,49568.26,698.7208,Girth Weld,,,,,,,,
13910,39.97,0.344,,49608.24,698.3822,Girth Weld,,,,,,,,
13920,39.97,0.344,,49648.21,698.3705,Girth Weld,,,,,,,,
13930,39.96,0.344,,49688.18,698.656,Girth Weld,,,,,,,,
13940,39.92,0.344,,49728.14,698.9004,Girth Weld,,,,,,,,
13950,40.07,0.344,,49768.06,699.2712,Girth Weld,,,,,,,,
,,0.344,-0.57,49768.63,699.2772,Cluster,26,,5.08,10.77,1.69,3:55,NO,
13960,40,0.344,,49808.13,699.5896,Girth Weld,,,,,,,,
13970,40.02,0.344,,49848.12,699.5023,Girth Weld,,,,,,,,
13980,39.96,0.344,,49888.14,699.3507,Girth Weld,,,,,,,,
13990,39.97,0.344,,49928.1,698.4258,Girth Weld,,,,,,,,
14000,40.02,0.344,,49968.07,697.0881,Girth Weld,,,,,,,,
14010,39.99,0.344,,50008.09,695.3183,Girth Weld,,,,,,,,
14020,40,0.344,,50048.08,693.5312,Girth Weld,,,,,,,,
14030,39.99,0.344,,50088.07,692.0064,Girth Weld,,,,,,,,
14040,39.93,0.344,,50128.07,690.5383,Girth Weld,,,,,,,,
14050,10.22,0.5,,50168,688.8038,Girth Weld,,,,,,,,"0.500"""
,,,,50173.33,688.489,Bend,,,,,,,,6.2D - 26° - Sag
14060,40.06,0.344,,50178.22,688.1972,Girth Weld,,,,,,,,"0.344"""
,,0.344,-14.11,50192.33,687.4183,Cluster,20,,4.67,1.53,1.75,8:37,NO,
,,0.344,-15.8,50194.02,687.3295,metal loss,12,,0.98,1.06,,8:48,NO,
,,0.344,-18.35,50196.57,687.1957,metal loss,10,,0.87,0.91,,9:07,NO,
,,0.344,-20.95,50199.17,687.0591,Cluster,33,,10.43,5.57,1.5,4:15,YES,
,,0.344,-21.94,50200.15,687.0075,Cluster,17,,4.44,0.98,,4:37,YES,
,,0.344,-22.43,50200.65,686.982,metal loss,19,,3.15,1.73,,4:29,YES,
,,0.344,-22.82,50201.03,686.9637,metal loss,16,,0.63,0.71,,4:38,YES,
14070,16.85,0.344,,50218.28,686.2226,Girth Weld,,,,,,,,
14080,39.94,0.344,,50235.13,685.0993,Girth Weld,,,,,,,,
14090,39.99,0.344,,50275.07,681.6718,Girth Weld,,,,,,,,
14100,39.97,0.344,,50315.06,683.8547,Girth Weld,,,,,,,,
14110,39.96,0.344,,50355.03,684.9084,Girth Weld,,,,,,,,
14120,36.2,0.344,,50394.98,685.4024,Girth Weld,,,,,,,,
14130,39.95,0.344,,50431.18,685.3991,Girth Weld,,,,,,,,
14140,39.99,0.344,,50471.13,685.115,Girth Weld,,,,,,,,
14150,39.78,0.344,,50511.12,684.7667,Girth Weld,,,,,,,,
14160,39.98,0.344,,50550.9,684.3339,Girth Weld,,,,,,,,
14170,39.91,0.344,,50590.87,683.7875,Girth Weld,,,,,,,,
14180,39.92,0.344,,50630.78,683.2049,Girth Weld,,,,,,,,
14190,39.96,0.344,,50670.7,682.6575,Girth Weld,,,,,,,,
,,0.344,-10.34,50681.04,682.5446,metal loss-manufacturing anomaly,15,,1.97,0.59,,10:07,N/A,
14200,39.99,0.344,,50710.66,682.2742,Girth Weld,,,,,,,,
,,0.344,-28.03,50738.69,681.9054,metal loss,16,,0.59,0.71,,6:38,YES,
14210,39.99,0.344,,50750.64,681.7075,Girth Weld,,,,,,,,
14220,39.96,0.344,,50790.63,681.1106,Girth Weld,,,,,,,,
14230,39.98,0.344,,50830.6,680.382,Girth Weld,,,,,,,,
14240,39.4,0.344,,50870.58,679.3184,Girth Weld,,,,,,,,
14250,39.91,0.344,,50909.98,678.2375,Girth Weld,,,,,,,,
14260,39.98,0.344,,50949.88,677.2478,Girth Weld,,,,,,,,
14270,39.94,0.344,,50989.86,675.9984,Girth Weld,,,,,,,,
14280,39.93,0.344,,51029.8,674.169,Girth Weld,,,,,,,,
14290,39.84,0.344,,51069.73,672.0218,Girth Weld,,,,,,,,
14300,38.94,0.344,,51109.57,671.25,Girth Weld,,,,,,,,
,,0.344,-11.02,51120.59,670.9346,metal loss-manufacturing anomaly,14,,0.47,0.71,,10:34,N/A,
14310,40.28,0.344,,51148.51,670.0549,Girth Weld,,,,,,,,
,,0.344,-39.51,51188.03,668.1886,Cluster,10,,2.48,5.22,,7:28,NO,
14320,7.56,0.5,,51188.79,668.1494,Girth Weld,,,,,,,,"0.500"""
,,,,51192.47,667.9623,Bend,,,,,,,,5.6D - 17° - Over
14330,13.36,0.344,,51196.36,667.7648,Girth Weld,,,,,,,,"0.344"""
14340,12.67,0.5,,51209.71,667.0852,Girth Weld,,,,,,,,"0.500"""
,,,,51216.51,666.7344,Bend,,,,,,,,5.7D - 42° - Sag
14350,10.46,0.344,,51222.38,666.4216,Girth Weld,,,,,,,,"0.344"""
14360,7.58,0.5,,51232.84,665.8496,Girth Weld,,,,,,,,"0.500"""
,,,,51236.72,665.6334,Bend,,,,,,,,5.4D - 20° - Over
14370,40.26,0.344,,51240.43,665.424,Girth Weld,,,,,,,,"0.344"""
14380,39.31,0.344,,51280.69,663.3019,Girth Weld,,,,,,,,
14390,10.84,0.344,,51319.99,659.8516,Girth Weld,,,,,,,,
14400,31.65,0.344,,51330.83,660.2038,Girth Weld,,,,,,,,
14410,29.36,0.344,,51362.48,662.2911,Girth Weld,,,,,,,,
14420,10.49,0.344,,51391.84,663.3579,Girth Weld,,,,,,,,
14430,39.83,0.344,,51402.33,663.7855,Girth Weld,,,,,,,,
14440,39.92,0.344,,51442.16,665.4374,Girth Weld,,,,,,,,
14450,39.99,0.344,,51482.08,666.9941,Girth Weld,,,,,,,,
14460,11.97,0.5,,51522.07,667.6325,Girth Weld,,,,,,,,"0.500"""
,,,,51528.13,667.7262,Bend,,,,,,,,5.7D - 37° - Sag
14470,40.05,0.344,,51534.04,667.785,Girth Weld,,,,,,,,"0.344"""
14480,18.42,0.344,,51574.08,667.226,Girth Weld,,,,,,,,
14490,12.99,0.344,,51592.51,665.9563,Girth Weld,,,,,,,,
14500,26.38,0.344,,51605.5,664.7436,Girth Weld,,,,,,,,
14510,39.59,0.344,,51631.88,661.6842,Girth Weld,,,,,,,,
14520,19.87,0.344,,51671.47,664.867,Girth Weld,,,,,,,,
14530,28.14,0.344,,51691.33,666.9375,Girth Weld,,,,,,,,
14540,39.9,0.344,,51719.48,668.9896,Girth Weld,,,,,,,,
14550,32.04,0.344,,51759.38,670.7397,Girth Weld,,,,,,,,
14560,40.03,0.344,,51791.42,671.7677,Girth Weld,,,,,,,,
14570,32.95,0.344,,51831.45,672.6388,Girth Weld,,,,,,,,
14580,23.57,0.344,,51864.4,673.0388,Girth Weld,,,,,,,,
14590,40.01,0.344,,51887.97,673.3307,Girth Weld,,,,,,,,
,,0.344,-2.84,51890.81,673.3727,metal loss-manufacturing anomaly,18,,0.59,0.71,,7:06,N/A,
14600,40.01,0.344,,51927.99,673.8404,Girth Weld,,,,,,,,
14610,40,0.344,,51968,674.2345,Girth Weld,,,,,,,,
14620,40.01,0.344,,52008,674.6763,Girth Weld,,,,,,,,
14630,40.04,0.344,,52048.02,674.9811,Girth Weld,,,,,,,,
14640,39.87,0.344,,52088.06,675.3789,Girth Weld,,,,,,,,
14650,40.03,0.344,,52127.93,675.5352,Girth Weld,,,,,,,,
14660,40.02,0.344,,52167.96,675.4096,Girth Weld,,,,,,,,
14670,40.05,0.344,,52207.98,675.3593,Girth Weld,,,,,,,,
14680,40.05,0.344,,52248.02,675.3429,Girth Weld,,,,,,,,
14690,40.03,0.344,,52288.07,675.3506,Girth Weld,,,,,,,,
14700,40.03,0.344,,52328.1,675.4152,Girth Weld,,,,,,,,
14710,39.93,0.344,,52368.14,675.972,Girth Weld,,,,,,,,
14720,40,0.344,,52408.06,676.5448,Girth Weld,,,,,,,,
14730,40.05,0.344,,52448.07,677.1115,Girth Weld,,,,,,,,
14740,40.03,0.344,,52488.11,677.5571,Girth Weld,,,,,,,,
14750,40.02,0.344,,52528.15,678.1184,Girth Weld,,,,,,,,
14760,40.01,0.344,,52568.17,678.6274,Girth Weld,,,,,,,,
14770,40,0.344,,52608.18,679.2301,Girth Weld,,,,,,,,
14780,39.95,0.344,,52648.18,679.9132,Girth Weld,,,,,,,,
14790,40.04,0.344,,52688.13,680.5564,Girth Weld,,,,,,,,
14800,39.95,0.344,,52728.17,681.0741,Girth Weld,,,,,,,,
14810,18.48,0.344,,52768.12,681.7127,Girth Weld,,,,,,,,
14820,40.01,0.344,,52786.59,682.0527,Girth Weld,,,,,,,,
14830,40.03,0.344,,52826.6,682.8782,Girth Weld,,,,,,,,
14840,40.05,0.344,,52866.63,683.8171,Girth Weld,,,,,,,,
14850,40.02,0.344,,52906.69,684.9061,Girth Weld,,,,,,,,
14860,39.97,0.344,,52946.7,685.8372,Girth Weld,,,,,,,,
,,,,52971.15,686.3154,Above Ground Marker,,,,,,,,AGM 10   U
14870,39.89,0.344,,52986.67,686.6315,Girth Weld,,,,,,,,
14880,39.89,0.344,,53026.56,687.4475,Girth Weld,,,,,,,,
14890,39.93,0.344,,53066.45,688.2188,Girth Weld,,,,,,,,
14900,40.06,0.344,,53106.38,688.9486,Girth Weld,,,,,,,,
,,0.344,-0.73,53107.12,688.9615,Cluster,15,,4.16,7.29,,8:11,NO,
14910,40.05,0.344,,53146.45,689.7742,Girth Weld,,,,,,,,
14920,40.01,0.344,,53186.5,690.9746,Girth Weld,,,,,,,,
,,0.344,-0.6,53187.09,690.9981,Cluster,12,,3.23,8.71,,5:19,NO,
,,0.344,-1.48,53187.97,691.0328,metal loss,21,,4.05,1.53,1.76,6:30,NO,
,,0.344,-1.52,53188.01,691.0344,Cluster,24,,3.7,3,1.75,5:33,NO,
,,0.344,-1.62,53188.12,691.0387,metal loss,12,,1.73,1.85,,4:54,NO,
,,0.344,-1.97,53188.47,691.0524,metal loss,10,,1.1,0.91,,5:14,NO,
14930,39.93,0.344,,53226.51,692.5587,Girth Weld,,,,,,,,
14940,40.06,0.344,,53266.43,694.2451,Girth Weld,,,,,,,,
14950,40.1,0.344,,53306.5,696.0414,Girth Weld,,,,,,,,
14960,40.07,0.344,,53346.59,697.7711,Girth Weld,,,,,,,,
14970,40.05,0.344,,53386.66,699.4075,Girth Weld,,,,,,,,
14980,40.06,0.344,,53426.71,700.3989,Girth Weld,,,,,,,,
14990,39.96,0.344,,53466.77,700.925,Girth Weld,,,,,,,,
15000,31.28,0.344,,53506.72,701.3528,Girth Weld,,,,,,,,
15010,39.92,0.344,,53538.01,701.6837,Girth Weld,,,,,,,,
15020,39.94,0.344,,53577.92,702.1461,Girth Weld,,,,,,,,
15030,39.9,0.344,,53617.86,702.6467,Girth Weld,,,,,,,,
15040,39.8,0.344,,53657.77,703.2395,Girth Weld,,,,,,,,
15050,40.03,0.344,,53697.57,702.4343,Girth Weld,,,,,,,,
15060,32.47,0.344,,53737.6,699.6919,Girth Weld,,,,,,,,
15070,40.11,0.344,,53770.07,696.1714,Girth Weld,,,,,,,,
15080,40.05,0.344,,53810.18,690.5501,Girth Weld,,,,,,,,
15090,40.16,0.344,,53850.23,684.3618,Girth Weld,,,,,,,,
15100,40.05,0.344,,53890.39,678.8369,Girth Weld,,,,,,,,
,,0.344,-29.77,53920.16,675.2186,metal loss-manufacturing anomaly,10,,0.51,0.71,,4:36,N/A,
15110,40.03,0.344,,53930.44,674.1921,Girth Weld,,,,,,,,
15120,39.98,0.344,,53970.47,670.9959,Girth Weld,,,,,,,,
15130,31.17,0.344,,54010.45,669.3898,Girth Weld,,,,,,,,
15140,39.94,0.344,,54041.62,668.8313,Girth Weld,,,,,,,,
15150,13.78,0.5,,54081.56,668.2028,Girth Weld,,,,,,,,"0.500"""
,,,,54088.45,668.0974,Bend,,,,,,,,5.7D - 48° - Sag
15160,40.06,0.344,,54095.34,667.9921,Girth Weld,,,,,,,,"0.344"""
15170,40.02,0.344,,54135.4,666.8563,Girth Weld,,,,,,,,
15180,8.26,0.344,,54175.42,663.4152,Girth Weld,,,,,,,,
15190,40.1,0.344,,54183.68,662.512,Girth Weld,,,,,,,,
15200,40.14,0.344,,54223.78,663.1476,Girth Weld,,,,,,,,
15210,40.08,0.344,,54263.92,666.9306,Girth Weld,,,,,,,,
15220,40.07,0.344,,54304,667.5357,Girth Weld,,,,,,,,
15230,40.06,0.344,,54344.07,668.5162,Girth Weld,,,,,,,,
15240,34.42,0.344,,54384.13,670.2743,Girth Weld,,,,,,,,
15250,40.03,0.344,,54418.55,672.8746,Girth Weld,,,,,,,,
15260,40.03,0.344,,54458.58,676.5668,Girth Weld,,,,,,,,
15270,39.97,0.344,,54498.61,680.7296,Girth Weld,,,,,,,,
15280,31.45,0.344,,54538.58,685.0733,Girth Weld,,,,,,,,
15290,40.01,0.344,,54570.03,688.7882,Girth Weld,,,,,,,,
15300,39.99,0.344,,54610.04,693.4862,Girth Weld,,,,,,,,
15310,39.98,0.344,,54650.02,696.0697,Girth Weld,,,,,,,,
15320,40.01,0.344,,54690,696.7601,Girth Weld,,,,,,,,
15330,40.01,0.344,,54730.01,696.9515,Girth Weld,,,,,,,,
15340,40.02,0.344,,54770.02,696.7815,Girth Weld,,,,,,,,
15350,40.01,0.344,,54810.04,696.6029,Girth Weld,,,,,,,,
15360,40.01,0.344,,54850.05,696.4139,Girth Weld,,,,,,,,
15370,39.96,0.344,,54890.06,696.1423,Girth Weld,,,,,,,,
15380,39.97,0.344,,54930.03,696.0629,Girth Weld,,,,,,,,
15390,39.99,0.344,,54970,695.8786,Girth Weld,,,,,,,,
15400,40,0.344,,55009.99,695.6506,Girth Weld,,,,,,,,
15410,39.99,0.344,,55049.99,695.7997,Girth Weld,,,,,,,,
15420,40,0.344,,55089.97,695.9337,Girth Weld,,,,,,,,
,,0.344,-0.71,55090.68,695.9362,Cluster,12,,3.08,9.28,,4:30,NO,
15430,39.99,0.344,,55129.97,696.1086,Girth Weld,,,,,,,,
15440,40.04,0.344,,55169.96,696.3984,Girth Weld,,,,,,,,
15450,39.96,0.344,,55210,696.636,Girth Weld,,,,,,,,
15460,39.97,0.344,,55249.96,696.9073,Girth Weld,,,,,,,,
15470,39.88,0.344,,55289.93,697.1887,Girth Weld,,,,,,,,
15480,40.03,0.344,,55329.81,697.3888,Girth Weld,,,,,,,,
15490,39.89,0.344,,55369.84,697.568,Girth Weld,,,,,,,,
15500,39.99,0.344,,55409.72,697.8182,Girth Weld,,,,,,,,
15510,40.01,0.344,,55449.71,697.7606,Girth Weld,,,,,,,,
15520,40.02,0.344,,55489.72,697.5734,Girth Weld,,,,,,,,
15530,40.01,0.344,,55529.73,697.3377,Girth Weld,,,,,,,,
15540,40.01,0.344,,55569.74,696.8396,Girth Weld,,,,,,,,
,,0.344,-36.9,55606.64,696.325,metal loss-manufacturing anomaly,23,,0.51,0.63,,3:06,N/A,
15550,32.98,0.344,,55609.76,696.2777,Girth Weld,,,,,,,,
15560,39.98,0.344,,55642.74,695.7249,Girth Weld,,,,,,,,
,,,,55664.51,695.2578,Tap,,,,,,12:00,,
15570,39.97,0.344,,55682.72,694.7236,Girth Weld,,,,,,,,
15580,40.01,0.344,,55722.68,693.5317,Girth Weld,,,,,,,,
15590,40.02,0.344,,55762.7,692.4689,Girth Weld,,,,,,,,
15600,36.06,0.344,,55802.72,691.4717,Girth Weld,,,,,,,,
15610,39.92,0.344,,55838.78,690.5965,Girth Weld,,,,,,,,
15620,39.93,0.344,,55878.7,689.6142,Girth Weld,,,,,,,,
15630,28.27,0.344,,55918.63,687.9461,Girth Weld,,,,,,,,
15640,40.05,0.344,,55946.89,686.7216,Girth Weld,,,,,,,,
15650,30.47,0.344,,55986.95,685.5895,Girth Weld,,,,,,,,
15660,40.07,0.344,,56017.41,685.7818,Girth Weld,,,,,,,,
,,0.344,-8.43,56025.84,686.0071,metal loss-manufacturing anomaly,13,,0.59,0.59,,12:54,N/A,
15670,26.29,0.344,,56057.48,686.537,Girth Weld,,,,,,,,
15680,40.01,0.344,,56083.77,686.6952,Girth Weld,,,,,,,,
15690,21.52,0.344,,56123.79,686.5413,Girth Weld,,,,,,,,
15700,39.93,0.344,,56145.31,686.3803,Girth Weld,,,,,,,,
15710,23.52,0.344,,56185.24,685.4592,Girth Weld,,,,,,,,
15720,39.95,0.344,,56208.76,684.8055,Girth Weld,,,,,,,,
15730,20.17,0.344,,56248.71,683.7019,Girth Weld,,,,,,,,
15740,38.81,0.344,,56268.88,683.1547,Girth Weld,,,,,,,,
15750,21.06,0.344,,56307.69,682.5535,Girth Weld,,,,,,,,
15760,40.12,0.344,,56328.75,682.2509,Girth Weld,,,,,,,,
15770,19.43,0.344,,56368.87,682.0721,Girth Weld,,,,,,,,
,,0.344,-18.47,56387.34,682.1086,Cluster,14,,2.64,3.69,,8:50,NO,
,,0.344,-18.52,56387.38,682.1088,Cluster,10,,1.03,3.62,,6:59,NO,
,,0.344,-18.54,56387.4,682.1088,metal loss,10,,0.87,1.18,,8:10,NO,
,,0.344,-18.58,56387.44,682.1089,metal loss,10,,0.71,1.65,,6:02,NO,
15780,40.15,0.344,,56388.3,682.111,Girth Weld,,,,,,,,
15790,19.96,0.344,,56428.45,682.2264,Girth Weld,,,,,,,,
15800,39.99,0.344,,56448.41,682.2519,Girth Weld,,,,,,,,
15810,25.39,0.344,,56488.4,681.5428,Girth Weld,,,,,,,,
15820,30.26,0.344,,56513.79,679.8974,Girth Weld,,,,,,,,
15830,29.29,0.344,,56544.05,676.9688,Girth Weld,,,,,,,,
15840,40.13,0.344,,56573.34,673.4788,Girth Weld,,,,,,,,
15850,31.7,0.344,,56613.46,668.6218,Girth Weld,,,,,,,,
15860,15.96,0.5,,56645.16,665.0939,Girth Weld,,,,,,,,"0.500"""
,,,,56653.07,664.2626,Bend,,,,,,,,6.6D - 47° - Sag
15870,40.05,0.344,,56661.12,663.4304,Girth Weld,,,,,,,,"0.344"""
15880,17.34,0.344,,56701.17,659.5047,Girth Weld,,,,,,,,
15890,40.05,0.344,,56718.51,657.3673,Girth Weld,,,,,,,,
15900,39.92,0.344,,56758.56,651.0226,Girth Weld,,,,,,,,
15910,39.89,0.344,,56798.48,654.3575,Girth Weld,,,,,,,,
15920,17.12,0.344,,56838.37,657.9266,Girth Weld,,,,,,,,
15930,18.42,0.344,,56855.49,658.9804,Girth Weld,,,,,,,,
15940,6.19,0.344,,56873.91,659.5978,Girth Weld,,,,,,,,
,,,,56876.96,659.6758,Bend,,,,,,,,6.6D - 48° - Sag
15950,39.94,0.344,,56880.11,659.7522,Girth Weld,,,,,,,,
15960,16.1,0.344,,56920.04,660.4671,Girth Weld,,,,,,,,
15970,7.61,0.344,,56936.15,660.6994,Girth Weld,,,,,,,,
,,,,56939.89,660.7682,Bend,,,,,,,,9D - 30° - Left
15980,40.04,0.344,,56943.76,660.8469,Girth Weld,,,,,,,,
15990,35.17,0.344,,56983.8,661.8636,Girth Weld,,,,,,,,
16000,10.3,0.344,,57018.97,663.9435,Girth Weld,,,,,,,,
,,,,57023.88,664.251,Bend,,,,,,,,17.0D -  8° - Over
16010,16.69,0.344,,57029.27,664.5813,Girth Weld,,,,,,,,
16020,39.94,0.344,,57045.96,665.5661,Girth Weld,,,,,,,,
16030,21.64,0.344,,57085.89,669.2199,Girth Weld,,,,,,,,
,,,,57093.25,669.9792,Bend,,,,,,,,17.7D - 13° - Right
16040,16.74,0.344,,57107.54,671.477,Girth Weld,,,,,,,,
16050,14.51,0.344,,57124.28,673.2506,Girth Weld,,,,,,,,
,,,,57132.04,674.0548,Bend,,,,,,,,18.1D - 10° - Sag
16060,39.99,0.344,,57138.79,674.607,Girth Weld,,,,,,,,
,,,,57157.25,675.0444,Above Ground Marker,,,,,,,,Receiver U
16070,5.78,0.344,,57178.77,675.4897,Girth Weld,,,,,,,,
16080,4.98,0.344,,57184.56,675.6076,Girth Weld,,,,,,,,
16090,18.2,0.344,,57189.54,675.7084,Girth Weld,,,,,,,,
,,,,57192.57,675.7693,Magnet,,,,,,12:00,,ROSEN
,,,,57194.19,675.8016,Bend,,,,,,,,17D - 10° - Sag
,,,,57202.82,675.9684,Bend,,,,,,,,17.7D - 10° - Over
16100,4.1,0.5,,57207.74,676.0236,Area Start Receiver,,,,,,,,"0.500"""
,,,,57209.48,676.0312,Tee,,,,,,9:00,,
16110,,0.374,,57211.84,676.0343,Flange,,,,,,,,
,,,,57218.11,676.0271,Tap,,,,,,3:00,,
,,,,57218.48,676.0266,Tap,,,,,,9:00,,
,,,,57219.88,676.0248,Valve,,,,,,,,
,,,,57221.29,676.023,Tap,,,,,,9:00,,
,,,,57221.61,676.0225,Tap,,,,,,3:00,,
,,,,57224.14,676.0174,Tap,,,,,,12:00,,
,,,,57237.58,675.9882,Support,,,,,,6:00,,
,,,,57240.17,675.9835,Support,,,,,,6:00,,
,,0.988,,57266.64,678.4057,Area End Receiver,,,,,,,,