Joint num,Joint len,Wt [in],to u/s w. [ft],to d/s w. [ft],Log Dist. [ft],Event Description,ID/OD,Depth [%],Depth [in],OD Reduction [%],OD Reduction [in],Length [in],Width [in],O'clock,Comments,Anomalies per Joint,Tool Velocity [ft/s],Elevation [ft],Seam Position (TFI),Tool   (TFI),Seam Anomaly  (TFI),MOP [PSI],SMYS [PSI],Seam Type,Pdesign [PSI],B31G Psafe [PSI],B31G Pburst [PSI],Mod B31G Psafe [PSI],Mod B31G Pburst [PSI],Effective Area Psafe [PSI],Effective Area Pburst [PSI],ERF,RPR
,,,,,-14.6,Area Start Launcher,,,,,,,,,,,,233.7,,,,,,,,,,,,,,,
,,,,,-1.39,Tap,,,,,,,,9:00,,,,233.5,,,,,,,,,,,,,,,
,,,,,0,Valve,,,,,,,,,,,,233.47,,,,,,,,,,,,,,,
,,,,,1.4,Tap,,,,,,,,9:00,,,,233.45,,,,,,,,,,,,,,,
,,,,,8.16,Tee,,,,,,,,9:00,,,,233.29,,,,,,,,,,,,,,,
,,,,,11.12,Tap,,,,,,,,12:00,,,,233.22,,,,,,,,,,,,,,,
,,,,,15.13,Bend,,,,,,,,,6.2D -  31° - Over,,,232.5,,,,,,,,,,,,,,,
,,,,,19.09,Magnet,,,,,,,,12:00,ROSEN,,,230.46,,,,,,,,,,,,,,,
0.01,7.7,0.344,,,20.99,Area End Launch Trap,,,,,,,,,,,0.7,229.22,,,,1160,65000,,1342,,,,,,,,
0.01,,,,,26.53,AGM,,,,,,,,,"LAUNCHER VALVE 22'6"" D/S OF DOOR",,,225.52,,,,,,,,,,,,,,,
30,10.14,0.5,,,28.69,GirthWeld,,,,,,,,,,,0.7,224.08,,,,1160,60000,,1800,,,,,,,,
30,,,,,34.13,Bend,,,,,,,,,5.5D -  42° - Sag,,,221.04,,,,,,,,,,,,,,,
40,14.89,0.5,,,38.83,GirthWeld,,,,,,,,,,,0.7,220.32,,,,1160,60000,,1800,,,,,,,,
40,,,,,46.35,Bend,,,,,,,,,5.7D -  53° - Right,,,220.25,,,,,,,,,,,,,,,
50,40.34,0.344,,,53.72,GirthWeld,,,,,,,,,,,0.7,220.11,,,,1160,65000,,1342,,,,,,,,
60,9.27,0.5,,,94.06,GirthWeld,,,,,,,,,,,0.7,219.03,,,,1160,60000,,1800,,,,,,,,
60,,,,,98.98,Bend,,,,,,,,,5.7D -  23° - Left,,,218.88,,,,,,,,,,,,,,,
70,8.19,0.5,,,103.33,GirthWeld,,,,,,,,,,,0.7,218.74,,,,1160,60000,,1800,,,,,,,,
70,,,,,107.6,Bend,,,,,,,,,5.2D -  18° - Over,,,218.56,,,,,,,,,,,,,,,
70.01,17.36,0.344,,,111.52,GirthWeld,,,,,,,,,,,0.7,218.01,,,,1160,65000,,1342,,,,,,,,
80,15.14,0.344,,,128.88,GirthWeld,,,,,,,,,,,0.7,211.68,,,,1160,65000,,1342,,,,,,,,
90,31.6,0.344,,,144.02,GirthWeld,,,,,,,,,,,0.7,205.65,,,,1160,65000,,1342,,,,,,,,
100,40.08,0.344,,,175.63,GirthWeld,,,,,,,,,,,0.7,193,,,,1160,65000,,1342,,,,,,,,
110,40.16,0.344,,,215.7,GirthWeld,,,,,,,,,,,0.7,176.75,,,,1160,65000,,1342,,,,,,,,
120,13.14,0.5,,,255.86,GirthWeld,,,,,,,,,,,0.7,160.33,,,,1160,60000,,1800,,,,,,,,
120,,,,,262.71,Bend,,,,,,,,,6.3D -  37° - Left,,,157.57,,,,,,,,,,,,,,,
130,40.49,0.344,,,269,GirthWeld,,,,,,,,,,,0.7,156.83,,,,1160,65000,,1342,,,,,,,,
140,40.16,0.344,,,309.49,GirthWeld,,,,,,,,,,,0.7,152.92,,,,1160,65000,,1342,,,,,,,,
150,9.68,0.5,,,349.65,GirthWeld,,,,,,,,,,,0.7,155.83,,,,1160,60000,,1800,,,,,,,,
150,,,,,354.84,Bend,,,,,,,,,5.7D -  26° - Right,,,156.07,,,,,,,,,,,,,,,
160,17.58,0.344,,,359.33,GirthWeld,,,,,,,,,,,0.7,156.23,,,,1160,65000,,1342,,,,,,,,
170,7.61,0.5,,,376.91,GirthWeld,,,,,,,,,,,0.7,157.27,,,,1160,60000,,1800,,,,,,,,
170,,,,,381.04,Bend,,,,,,,,,6.0D -  18° - Sag,,,157.85,,,,,,,,,,,,,,,
180,23.34,0.344,,,384.52,GirthWeld,,,,,,,,,,,0.7,158.5,,,,1160,65000,,1342,,,,,,,,
190,9.48,0.5,,,407.86,GirthWeld,,,,,,,,,,,0.7,164.67,,,,1160,60000,,1800,,,,,,,,
190,,,,,413.15,Bend,,,,,,,,,5.8D -  25° - Sag,,,166.59,,,,,,,,,,,,,,,
200,12.61,0.344,,,417.34,GirthWeld,,,,,,,,,,,0.7,168.31,,,,1160,65000,,1342,,,,,,,,
210,8.8,0.5,,,429.95,GirthWeld,,,,,,,,,,,0.7,174.49,,,,1160,60000,,1800,,,,,,,,
210,,,,,434.43,Bend,,,,,,,,,5.2D -  25° - Over,,,175.44,,,,,,,,,,,,,,,
210.01,7.51,0.344,,,438.75,GirthWeld,,,,,,,,,,,0.7,175.62,,,,1160,65000,,1342,,,,,,,,
220,40.04,0.344,,,446.26,GirthWeld,,,,,,,,,,,0.7,178.3,,,,1160,65000,,1342,,,,,,,,
230,39.85,0.344,,,486.3,GirthWeld,,,,,,,,,,,0.7,187.27,,,,1160,65000,,1342,,,,,,,,
240,39.97,0.344,,,526.15,GirthWeld,,,,,,,,,,,0.7,190.39,,,,1160,65000,,1342,,,,,,,,
250,39.99,0.344,,,566.12,GirthWeld,,,,,,,,,,,0.7,193.62,,,,1160,65000,,1342,,,,,,,,
260,31.41,0.344,,,606.11,GirthWeld,,,,,,,,,,,0.7,196.65,,,,1160,65000,,1342,,,,,,,,
270,9.27,0.5,,,637.51,GirthWeld,,,,,,,,,,,0.7,198.77,,,,1160,60000,,1800,,,,,,,,
270,,,,,642.47,Bend,,,,,,,,,5.5D -  24° - Over,,,199.1,,,,,,,,,,,,,,,
280,8.1,0.5,,,646.78,GirthWeld,,,,,,,,,,,0.7,199.39,,,,1160,60000,,1800,,,,,,,,
280,,,,,651.2,Bend,,,,,,,,,5.9D -  18° - Left,,,199.69,,,,,,,,,,,,,,,
290,15.46,0.344,,,654.88,GirthWeld,,,,,,,,,,,0.7,199.94,,,,1160,65000,,1342,,,,,,,,
300,7.65,0.5,,,670.33,GirthWeld,,,,,,,,,,,0.7,201,,,,1160,60000,,1800,,,,,,,,
300,,,,,674.44,Bend,,,,,,,,,5.6D -  20° - Sag,,,201.29,,,,,,,,,,,,,,,
310,8.94,0.344,,,677.99,GirthWeld,,,,,,,,,,,0.7,201.54,,,,1160,65000,,1342,,,,,,,,
320,10.36,0.344,,,686.92,GirthWeld,,,,,,,,,,,0.7,202.2,,,,1160,65000,,1342,,,,,,,,
330,39.98,0.344,,,697.29,GirthWeld,,,,,,,,,,,0.7,203,,,,1160,65000,,1342,,,,,,,,
340,10.68,0.5,,,737.27,GirthWeld,,,,,,,,,,,0.7,206.23,,,,1160,60000,,1800,,,,,,,,
340,,,,,742.69,Bend,,,,,,,,,5.8D -  28° - Left,,,206.68,,,,,,,,,,,,,,,
350,6.28,0.344,,,747.95,GirthWeld,,,,,,,,,,,0.7,207.12,,,,1160,65000,,1342,,,,,,,,
360,30.55,0.344,,,754.23,GirthWeld,,,,,,,,,,,0.7,207.65,,,,1160,65000,,1342,,,,,,,,
370,37.86,0.344,,,784.79,GirthWeld,,,,,,,,,,,0.7,210.25,,,,1160,65000,,1342,,,,,,,,
380,40.06,0.344,,,822.65,GirthWeld,,,,,,,,,,,0.7,213.94,,,,1160,65000,,1342,,,,,,,,
390,40.04,0.344,,,862.71,GirthWeld,,,,,,,,,,,0.7,225.41,,,,1160,65000,,1342,,,,,,,,
400,40.15,0.344,,,902.75,GirthWeld,,,,,,,,,,,0.7,237.79,,,,1160,65000,,1342,,,,,,,,
410,11.86,0.5,,,942.9,GirthWeld,,,,,,,,,,,0.7,247.8,,,,1160,60000,,1800,,,,,,,,
410,,,,,949.14,Bend,,,,,,,,,5.9D -  33° - Right,,,249.36,,,,,,,,,,,,,,,
420,30.08,0.344,,,954.76,GirthWeld,,,,,,,,,,,0.7,250.77,,,,1160,65000,,1342,,,,,,,,
430,13.2,0.5,,,984.83,GirthWeld,,,,,,,,,,,0.7,258.59,,,,1160,60000,,1800,,,,,,,,
430,,,,,991.56,Bend,,,,,,,,,6.1D -  37° - Right,,,260.42,,,,,,,,,,,,,,,
440,40.32,0.344,,,998.04,GirthWeld,,,,,,,,,,,0.7,262.18,,,,1160,65000,,1342,,,,,,,,
450,40.05,0.344,,,1038.36,GirthWeld,,,,,,,,,,,0.7,273.12,,,,1160,65000,,1342,,,,,,,,
460,40.09,0.344,,,1078.41,GirthWeld,,,,,,,,,,,0.7,284.09,,,,1160,65000,,1342,,,,,,,,
470,40.09,0.344,,,1118.5,GirthWeld,,,,,,,,,,,0.7,295.19,,,,1160,65000,,1342,,,,,,,,
480,40.14,0.344,,,1158.59,GirthWeld,,,,,,,,,,,0.7,306.46,,,,1160,65000,,1342,,,,,,,,
490,40.13,0.344,,,1198.74,GirthWeld,,,,,,,,,,,0.7,318.68,,,,1160,65000,,1342,,,,,,,,
500,40.13,0.344,,,1238.87,GirthWeld,,,,,,,,,,,0.7,330.91,,,,1160,65000,,1342,,,,,,,,
510,40.13,0.344,,,1279,GirthWeld,,,,,,,,,,,0.7,343.6,,,,1160,65000,,1342,,,,,,,,
520,40.13,0.344,,,1319.13,GirthWeld,,,,,,,,,,,0.7,358.13,,,,1160,65000,,1342,,,,,,,,
530,40.07,0.344,,,1359.26,GirthWeld,,,,,,,,,,,0.7,372.83,,,,1160,65000,,1342,,,,,,,,
540,40.08,0.344,,,1399.33,GirthWeld,,,,,,,,,,,0.7,387.41,,,,1160,65000,,1342,,,,,,,,
550,35.11,0.344,,,1439.41,GirthWeld,,,,,,,,,,,0.7,402.08,,,,1160,65000,,1342,,,,,,,,
560,40.08,0.344,,,1474.52,GirthWeld,,,,,,,,,,,0.7,414.89,,,,1160,65000,,1342,,,,,,,,
570,40.07,0.344,,,1514.6,GirthWeld,,,,,,,,,,,0.7,429.58,,,,1160,65000,,1342,,,,,,,,
580,40.01,0.344,,,1554.67,GirthWeld,,,,,,,,,,,0.7,444.49,,,,1160,65000,,1342,,,,,,,,
590,39.97,0.344,,,1594.69,GirthWeld,,,,,,,,,,,0.7,459.42,,,,1160,65000,,1342,,,,,,,,
600,40.02,0.344,,,1634.65,GirthWeld,,,,,,,,,,,0.7,473.32,,,,1160,65000,,1342,,,,,,,,
610,39.99,0.344,,,1674.68,GirthWeld,,,,,,,,,,,0.7,486.96,,,,1160,65000,,1342,,,,,,,,
620,39.95,0.344,,,1714.66,GirthWeld,,,,,,,,,,,0.7,500.45,,,,1160,65000,,1342,,,,,,,,
630,40.06,0.344,,,1754.61,GirthWeld,,,,,,,,,,,0.7,513.7,,,,1160,65000,,1342,,,,,,,,
640,27.03,0.344,,,1794.68,GirthWeld,,,,,,,,,,,0.7,526.68,,,,1160,65000,,1342,,,,,,,,
650,40.04,0.344,,,1821.71,GirthWeld,,,,,,,,,,,0.7,535.38,,,,1160,65000,,1342,,,,,,,,
660,39.95,0.344,,,1861.75,GirthWeld,,,,,,,,,,,0.7,548.18,,,,1160,65000,,1342,,,,,,,,
670,38.86,0.344,,,1901.7,GirthWeld,,,,,,,,,,,0.7,560.99,,,,1160,65000,,1342,,,,,,,,
680,40.06,0.344,,,1940.56,GirthWeld,,,,,,,,,,,0.7,573.53,,,,1160,65000,,1342,,,,,,,,
690,40.1,0.344,,,1980.62,GirthWeld,,,,,,,,,,,0.7,586.43,,,,1160,65000,,1342,,,,,,,,
700,40.09,0.344,,,2020.72,GirthWeld,,,,,,,,,,,0.7,599.1,,,,1160,65000,,1342,,,,,,,,
710,40.1,0.344,,,2060.81,GirthWeld,,,,,,,,,,,0.7,611.05,,,,1160,65000,,1342,,,,,,,,
720,39.99,0.344,,,2100.91,GirthWeld,,,,,,,,,,,0.7,622.83,,,,1160,65000,,1342,,,,,,,,
730,40.04,0.344,,,2140.9,GirthWeld,,,,,,,,,,,0.7,634.75,,,,1160,65000,,1342,,,,,,,,
740,40.06,0.344,,,2180.93,GirthWeld,,,,,,,,,,,0.7,646.82,,,,1160,65000,,1342,,,,,,,,
750,39.84,0.344,,,2220.99,GirthWeld,,,,,,,,,,,0.7,658.65,,,,1160,65000,,1342,,,,,,,,
760,40.04,0.344,,,2260.83,GirthWeld,,,,,,,,,,,0.7,669.33,,,,1160,65000,,1342,,,,,,,,
770,10.4,0.344,,,2300.87,GirthWeld,,,,,,,,,,,0.7,679.82,,,,1160,65000,,1342,,,,,,,,
780,40.08,0.344,,,2311.27,GirthWeld,,,,,,,,,,,0.7,682.54,,,,1160,65000,,1342,,,,,,,,
790,14.53,0.5,,,2351.35,GirthWeld,,,,,,,,,,,0.7,691.71,,,,1160,60000,,1800,,,,,,,,
790,,,,,2358.82,Bend,,,,,,,,,6.3D -  43° - Left,,,693.21,,,,,,,,,,,,,,,
800,23.93,0.344,,,2365.88,GirthWeld,,,,,,,,,,,0.7,694.62,,,,1160,65000,,1342,,,,,,,,
810,40.04,0.344,,,2389.82,GirthWeld,,,,,,,,,,,0.7,699.35,,,,1160,65000,,1342,,,,,,,,
820,40,0.344,,,2429.86,GirthWeld,,,,,,,,,,,0.7,707.12,,,,1160,65000,,1342,,,,,,,,
830,40.06,0.344,,,2469.86,GirthWeld,,,,,,,,,,,0.7,714.69,,,,1160,65000,,1342,,,,,,,,
840,40.04,0.344,,,2509.92,GirthWeld,,,,,,,,,,,0.7,721.82,,,,1160,65000,,1342,,,,,,,,
850,40.06,0.344,,,2549.96,GirthWeld,,,,,,,,,,,0.7,727.32,,,,1160,65000,,1342,,,,,,,,
860,40.06,0.344,,,2590.02,GirthWeld,,,,,,,,,,,0.7,732.65,,,,1160,65000,,1342,,,,,,,,
870,40.03,0.344,,,2630.08,GirthWeld,,,,,,,,,,,0.7,736.68,,,,1160,65000,,1342,,,,,,,,
880,40.05,0.344,,,2670.11,GirthWeld,,,,,,,,,,,0.7,740.05,,,,1160,65000,,1342,,,,,,,,
890,40.1,0.344,,,2710.16,GirthWeld,,,,,,,,,,,0.7,743.11,,,,1160,65000,,1342,,,,,,,,
900,40.09,0.344,,,2750.26,GirthWeld,,,,,,,,,,,0.7,745.9,,,,1160,65000,,1342,,,,,,,,
910,40.08,0.344,,,2790.34,GirthWeld,,,,,,,,,,,0.7,746.85,,,,1160,65000,,1342,,,,,,,,
920,40.11,0.344,,,2830.42,GirthWeld,,,,,,,,,,,0.7,747.57,,,,1160,65000,,1342,,,,,,,,
930,8.06,0.5,,,2870.53,GirthWeld,,,,,,,,,,,0.7,748.21,,,,1160,60000,,1800,,,,,,,,
930,,,,,2874.78,Bend,,,,,,,,,5.4D -  19° - Left,,,748.27,,,,,,,,,,,,,,,
940,31.2,0.344,,,2878.59,GirthWeld,,,,,,,,,,,0.7,748.32,,,,1160,65000,,1342,,,,,,,,
950,39.98,0.344,,,2909.79,GirthWeld,,,,,,,,,,,0.7,748.63,,,,1160,65000,,1342,,,,,,,,
960,40.03,0.344,,,2949.78,GirthWeld,,,,,,,,,,,0.7,748.95,,,,1160,65000,,1342,,,,,,,,
970,39.77,0.344,,,2989.81,GirthWeld,,,,,,,,,,,0.7,749.59,,,,1160,65000,,1342,,,,,,,,
980,40.04,0.344,,,3029.58,GirthWeld,,,,,,,,,,,0.7,750.63,,,,1160,65000,,1342,,,,,,,,
980,,,,,3036.06,AGM,,,,,,,,,AGM#1 AT PLM/ ON ROW,,,750.84,,,,,,,,,,,,,,,
990,39.99,0.344,,,3069.62,GirthWeld,,,,,,,,,,,0.7,749.09,,,,1160,65000,,1342,,,,,,,,
990,,,,,3075.49,Tap,,,,,,,,12:00,,,,748.83,,,,,,,,,,,,,,,
1000,38.46,0.344,,,3109.62,GirthWeld,,,,,,,,,,,0.7,747.44,,,,1160,65000,,1342,,,,,,,,
1010,40.08,0.344,,,3148.08,GirthWeld,,,,,,,,,,,0.7,746.61,,,,1160,65000,,1342,,,,,,,,
1020,40.11,0.344,,,3188.15,GirthWeld,,,,,,,,,,,0.7,746.43,,,,1160,65000,,1342,,,,,,,,
1030,40.04,0.344,,,3228.27,GirthWeld,,,,,,,,,,,0.7,748.43,,,,1160,65000,,1342,,,,,,,,
1040,40.08,0.344,,,3268.31,GirthWeld,,,,,,,,,,,0.7,751.21,,,,1160,65000,,1342,,,,,,,,
1050,40.07,0.344,,,3308.39,GirthWeld,,,,,,,,,,,0.7,754.31,,,,1160,65000,,1342,,,,,,,,
1060,40.07,0.344,,,3348.46,GirthWeld,,,,,,,,,,,0.7,757.75,,,,1160,65000,,1342,,,,,,,,
1070,40.1,0.344,,,3388.53,GirthWeld,,,,,,,,,,,0.7,761.36,,,,1160,65000,,1342,,,,,,,,
1080,40.04,0.344,,,3428.63,GirthWeld,,,,,,,,,,,0.7,765.38,,,,1160,65000,,1342,,,,,,,,
1090,40.09,0.344,,,3468.67,GirthWeld,,,,,,,,,,,0.7,769.55,,,,1160,65000,,1342,,,,,,,,
1100,40.11,0.344,,,3508.76,GirthWeld,,,,,,,,,,,0.7,773.5,,,,1160,65000,,1342,,,,,,,,
1110,39.99,0.344,,,3548.87,GirthWeld,,,,,,,,,,,0.7,776.91,,,,1160,65000,,1342,,,,,,,,
1120,40.02,0.344,,,3588.86,GirthWeld,,,,,,,,,,,0.7,778.99,,,,1160,65000,,1342,,,,,,,,
1130,40.05,0.344,,,3628.88,GirthWeld,,,,,,,,,,,0.7,780.44,,,,1160,65000,,1342,,,,,,,,
1140,40.01,0.344,,,3668.93,GirthWeld,,,,,,,,,,,0.7,777.25,,,,1160,65000,,1342,,,,,,,,
1150,34.67,0.344,,,3708.93,GirthWeld,,,,,,,,,,,0.7,770.87,,,,1160,65000,,1342,,,,,,,,
1160,39.61,0.344,,,3743.6,GirthWeld,,,,,,,,,,,0.7,769.27,,,,1160,65000,,1342,,,,,,,,
1170,40.03,0.344,,,3783.21,GirthWeld,,,,,,,,,,,0.7,778.5,,,,1160,65000,,1342,,,,,,,,
1180,40.06,0.344,,,3823.24,GirthWeld,,,,,,,,,,,0.7,790.46,,,,1160,65000,,1342,,,,,,,,
1190,40.02,0.344,,,3863.29,GirthWeld,,,,,,,,,,,0.7,804.66,,,,1160,65000,,1342,,,,,,,,
1200,40.03,0.344,,,3903.31,GirthWeld,,,,,,,,,,,0.7,816.92,,,,1160,65000,,1342,,,,,,,,
1210,40.06,0.344,,,3943.33,GirthWeld,,,,,,,,,,,0.7,818.01,,,,1160,65000,,1342,,,,,,,,
1220,40.07,0.344,,,3983.39,GirthWeld,,,,,,,,,,,0.7,812.18,,,,1160,65000,,1342,,,,,,,,
1230,40.14,0.344,,,4023.46,GirthWeld,,,,,,,,,,,0.7,805.14,,,,1160,65000,,1342,,,,,,,,
1240,28.04,0.344,,,4063.6,GirthWeld,,,,,,,,,,,0.7,794.67,,,,1160,65000,,1342,,,,,,,,
1250,40.15,0.344,,,4091.65,GirthWeld,,,,,,,,,,,0.7,788.39,,,,1160,65000,,1342,,,,,,,,
1260,40.06,0.344,,,4131.8,GirthWeld,,,,,,,,,,,0.7,780.77,,,,1160,65000,,1342,,,,,,,,
1270,39.99,0.344,,,4171.86,GirthWeld,,,,,,,,,,,0.7,775.45,,,,1160,65000,,1342,,,,,,,,
1280,39.96,0.344,,,4211.84,GirthWeld,,,,,,,,,,,0.7,770.09,,,,1160,65000,,1342,,,,,,,,
1290,39.99,0.344,,,4251.81,GirthWeld,,,,,,,,,,,0.7,764.75,,,,1160,65000,,1342,,,,,,,,
1300,40,0.344,,,4291.8,GirthWeld,,,,,,,,,,,0.7,759.27,,,,1160,65000,,1342,,,,,,,,
1310,40.02,0.344,,,4331.8,GirthWeld,,,,,,,,,,,0.7,752.81,,,,1160,65000,,1342,,,,,,,,
1320,39.98,0.344,,,4371.82,GirthWeld,,,,,,,,,,,0.7,742.92,,,,1160,65000,,1342,,,,,,,,
1330,40.04,0.344,,,4411.8,GirthWeld,,,,,,,,,,,0.7,730.32,,,,1160,65000,,1342,,,,,,,,
1340,40,0.344,,,4451.84,GirthWeld,,,,,,,,,,,0.7,715.86,,,,1160,65000,,1342,,,,,,,,
1350,40.02,0.344,,,4491.84,GirthWeld,,,,,,,,,,,0.7,701.41,,,,1160,65000,,1342,,,,,,,,
1360,40.04,0.344,,,4531.86,GirthWeld,,,,,,,,,,,0.7,686.87,,,,1160,65000,,1342,,,,,,,,
1370,40,0.344,,,4571.9,GirthWeld,,,,,,,,,,,0.7,672.27,,,,1160,65000,,1342,,,,,,,,
1380,40.01,0.344,,,4611.9,GirthWeld,,,,,,,,,,,0.7,657.68,,,,1160,65000,,1342,,,,,,,,
1390,39.85,0.344,,,4651.91,GirthWeld,,,,,,,,,,,0.7,644.16,,,,1160,65000,,1342,,,,,,,,
1400,40.1,0.344,,,4691.76,GirthWeld,,,,,,,,,,,0.7,631.03,,,,1160,65000,,1342,,,,,,,,
1410,40.09,0.344,,,4731.85,GirthWeld,,,,,,,,,,,0.7,617.82,,,,1160,65000,,1342,,,,,,,,
1420,40,0.344,,,4771.94,GirthWeld,,,,,,,,,,,0.7,604.63,,,,1160,65000,,1342,,,,,,,,
1430,39.99,0.344,,,4811.94,GirthWeld,,,,,,,,,,,0.7,591.43,,,,1160,65000,,1342,,,,,,,,
1440,40.05,0.344,,,4851.93,GirthWeld,,,,,,,,,,,0.7,578.46,,,,1160,65000,,1342,,,,,,,,
1450,27.98,0.344,,,4891.97,GirthWeld,,,,,,,,,,,0.7,566.87,,,,1160,65000,,1342,,,,,,,,
1460,39.89,0.344,,,4919.95,GirthWeld,,,,,,,,,,,0.7,559.05,,,,1160,65000,,1342,,,,,,,,
1470,39.86,0.344,,,4959.83,GirthWeld,,,,,,,,,,,0.7,549.07,,,,1160,65000,,1342,,,,,,,,
1480,36.52,0.344,,,4999.69,GirthWeld,,,,,,,,,,,0.7,540.99,,,,1160,65000,,1342,,,,,,,,
1490,40.08,0.344,,,5036.21,GirthWeld,,,,,,,,,,,0.7,533.82,,,,1160,65000,,1342,,,,,,,,
1500,30.51,0.344,,,5076.28,GirthWeld,,,,,,,,,,,0.7,525.94,,,,1160,65000,,1342,,,,,,,,
1510,40.05,0.344,,,5106.79,GirthWeld,,,,,,,,,,,0.7,519.96,,,,1160,65000,,1342,,,,,,,,
1520,40.15,0.344,,,5146.85,GirthWeld,,,,,,,,,,,0.7,512.16,,,,1160,65000,,1342,,,,,,,,
1530,38.78,0.344,,,5186.99,GirthWeld,,,,,,,,,,,0.7,504.39,,,,1160,65000,,1342,,,,,,,,
1530,,,,,5207.38,AGM,,,,,,,,,AGM#2 AT PLM/ ON ROW,,,500.42,,,,,,,,,,,,,,,
1540,40.1,0.344,,,5225.78,GirthWeld,,,,,,,,,,,0.7,499.38,,,,1160,65000,,1342,,,,,,,,
1550,40.05,0.344,,,5265.88,GirthWeld,,,,,,,,,,,0.7,497.08,,,,1160,65000,,1342,,,,,,,,
1560,40.11,0.344,,,5305.93,GirthWeld,,,,,,,,,,,0.7,494.71,,,,1160,65000,,1342,,,,,,,,
1570,40.16,0.344,,,5346.04,GirthWeld,,,,,,,,,,,0.7,493.5,,,,1160,65000,,1342,,,,,,,,
1580,40.09,0.344,,,5386.2,GirthWeld,,,,,,,,,,,0.7,492.51,,,,1160,65000,,1342,,,,,,,,
1590,22.91,0.344,,,5426.28,GirthWeld,,,,,,,,,,,0.7,491.58,,,,1160,65000,,1342,,,,,,,,
1600,40.13,0.344,,,5449.19,GirthWeld,,,,,,,,,,,0.7,491.07,,,,1160,65000,,1342,,,,,,,,
1610,40.07,0.344,,,5489.32,GirthWeld,,,,,,,,,,,0.7,490.18,,,,1160,65000,,1342,,,,,,,,
1620,22.96,0.344,,,5529.39,GirthWeld,,,,,,,,,,,0.7,489.28,,,,1160,65000,,1342,,,,,,,,
1630,40.09,0.344,,,5552.35,GirthWeld,,,,,,,,,,,0.7,488.76,,,,1160,65000,,1342,,,,,,,,
1640,15.31,0.344,,,5592.44,GirthWeld,,,,,,,,,,,0.7,487.84,,,,1160,65000,,1342,,,,,,,,
1650,40.06,0.344,,,5607.75,GirthWeld,,,,,,,,,,,0.7,487.49,,,,1160,65000,,1342,,,,,,,,
1660,40.06,0.344,,,5647.81,GirthWeld,,,,,,,,,,,0.7,486.59,,,,1160,65000,,1342,,,,,,,,
1670,40.04,0.344,,,5687.87,GirthWeld,,,,,,,,,,,0.7,485.61,,,,1160,65000,,1342,,,,,,,,
1680,26.45,0.344,,,5727.92,GirthWeld,,,,,,,,,,,0.7,484.47,,,,1160,65000,,1342,,,,,,,,
1690,40,0.344,,,5754.37,GirthWeld,,,,,,,,,,,0.7,483.6,,,,1160,65000,,1342,,,,,,,,
1700,40.05,0.344,,,5794.37,GirthWeld,,,,,,,,,,,0.7,482,,,,1160,65000,,1342,,,,,,,,
1710,40.03,0.344,,,5834.42,GirthWeld,,,,,,,,,,,0.7,480.29,,,,1160,65000,,1342,,,,,,,,
1720,40.09,0.344,,,5874.45,GirthWeld,,,,,,,,,,,0.7,478.64,,,,1160,65000,,1342,,,,,,,,
1730,40.08,0.344,,,5914.54,GirthWeld,,,,,,,,,,,0.7,477.11,,,,1160,65000,,1342,,,,,,,,
1740,40.03,0.344,,,5954.62,GirthWeld,,,,,,,,,,,0.7,475.9,,,,1160,65000,,1342,,,,,,,,
1750,40.06,0.344,,,5994.65,GirthWeld,,,,,,,,,,,0.7,476.19,,,,1160,65000,,1342,,,,,,,,
1760,36.93,0.344,,,6034.71,GirthWeld,,,,,,,,,,,0.7,476.59,,,,1160,65000,,1342,,,,,,,,
1770,40.05,0.344,,,6071.64,GirthWeld,,,,,,,,,,,0.7,476.88,,,,1160,65000,,1342,,,,,,,,
1780,40.04,0.344,,,6111.68,GirthWeld,,,,,,,,,,,0.7,477.11,,,,1160,65000,,1342,,,,,,,,
1790,40.01,0.344,,,6151.73,GirthWeld,,,,,,,,,,,0.7,477.13,,,,1160,65000,,1342,,,,,,,,
1800,40.04,0.344,,,6191.74,GirthWeld,,,,,,,,,,,0.7,477.06,,,,1160,65000,,1342,,,,,,,,
1810,40.07,0.344,,,6231.78,GirthWeld,,,,,,,,,,,0.7,477.01,,,,1160,65000,,1342,,,,,,,,
1820,39.92,0.344,,,6271.85,GirthWeld,,,,,,,,,,,0.7,477.07,,,,1160,65000,,1342,,,,,,,,
1830,40.13,0.344,,,6311.77,GirthWeld,,,,,,,,,,,0.7,477.28,,,,1160,65000,,1342,,,,,,,,
1840,40.11,0.344,,,6351.91,GirthWeld,,,,,,,,,,,0.7,477.61,,,,1160,65000,,1342,,,,,,,,
1850,19.36,0.344,,,6392.02,GirthWeld,,,,,,,,,,,0.7,478.06,,,,1160,65000,,1342,,,,,,,,
1860,39.94,0.344,,,6411.38,GirthWeld,,,,,,,,,,,0.7,478.32,,,,1160,65000,,1342,,,,,,,,
1870,40.01,0.344,,,6451.32,GirthWeld,,,,,,,,,,,0.7,478.98,,,,1160,65000,,1342,,,,,,,,
1880,39.97,0.344,,,6491.33,GirthWeld,,,,,,,,,,,0.7,479.6,,,,1160,65000,,1342,,,,,,,,
1890,40,0.344,,,6531.29,GirthWeld,,,,,,,,,,,0.7,480.13,,,,1160,65000,,1342,,,,,,,,
1900,40,0.344,,,6571.3,GirthWeld,,,,,,,,,,,0.7,480.53,,,,1160,65000,,1342,,,,,,,,
1910,39.93,0.344,,,6611.29,GirthWeld,,,,,,,,,,,0.7,480.82,,,,1160,65000,,1342,,,,,,,,
1920,39.99,0.344,,,6651.22,GirthWeld,,,,,,,,,,,0.7,481.06,,,,1160,65000,,1342,,,,,,,,
1930,39.93,0.344,,,6691.21,GirthWeld,,,,,,,,,,,0.7,481.41,,,,1160,65000,,1342,,,,,,,,
1940,39.98,0.344,,,6731.14,GirthWeld,,,,,,,,,,,0.7,481.93,,,,1160,65000,,1342,,,,,,,,
1950,31.98,0.344,,,6771.13,GirthWeld,,,,,,,,,,,0.7,482.64,,,,1160,65000,,1342,,,,,,,,
1960,40.1,0.344,,,6803.11,GirthWeld,,,,,,,,,,,0.7,483.3,,,,1160,65000,,1342,,,,,,,,
1970,20.66,0.344,,,6843.2,GirthWeld,,,,,,,,,,,0.7,484.19,,,,1160,65000,,1342,,,,,,,,
1980,39.99,0.344,,,6863.86,GirthWeld,,,,,,,,,,,0.7,484.64,,,,1160,65000,,1342,,,,,,,,
1990,39.99,0.344,,,6903.85,GirthWeld,,,,,,,,,,,0.7,485.47,,,,1160,65000,,1342,,,,,,,,
2000,39.92,0.344,,,6943.85,GirthWeld,,,,,,,,,,,0.7,486.14,,,,1160,65000,,1342,,,,,,,,
2010,32.86,0.344,,,6983.77,GirthWeld,,,,,,,,,,,0.7,485.55,,,,1160,65000,,1342,,,,,,,,
2020,40.01,0.344,,,7016.64,GirthWeld,,,,,,,,,,,0.7,484.87,,,,1160,65000,,1342,,,,,,,,
2030,40.03,0.344,,,7056.65,GirthWeld,,,,,,,,,,,0.7,484.06,,,,1160,65000,,1342,,,,,,,,
2040,39.95,0.344,,,7096.68,GirthWeld,,,,,,,,,,,0.7,483.34,,,,1160,65000,,1342,,,,,,,,
2050,40.04,0.344,,,7136.64,GirthWeld,,,,,,,,,,,0.7,482.79,,,,1160,65000,,1342,,,,,,,,
2060,40.06,0.344,,,7176.67,GirthWeld,,,,,,,,,,,0.7,482.42,,,,1160,65000,,1342,,,,,,,,
2070,40.05,0.344,,,7216.73,GirthWeld,,,,,,,,,,,0.7,482.21,,,,1160,65000,,1342,,,,,,,,
2080,40.05,0.344,,,7256.79,GirthWeld,,,,,,,,,,,0.7,481.88,,,,1160,65000,,1342,,,,,,,,
2090,40.05,0.344,,,7296.84,GirthWeld,,,,,,,,,,,0.7,480.98,,,,1160,65000,,1342,,,,,,,,
2090,,,,,7301.09,Tap,,,,,,,,12:00,,,,480.75,,,,,,,,,,,,,,,
2090,,,,,7303.08,Tap,,,,,,,,12:00,,,,480.62,,,,,,,,,,,,,,,
2100,40.1,0.344,,,7336.88,GirthWeld,,,,,,,,,,,0.7,477.46,,,,1160,65000,,1342,,,,,,,,
2110,40.1,0.344,,,7376.98,GirthWeld,,,,,,,,,,,0.7,470.89,,,,1160,65000,,1342,,,,,,,,
2120,39.96,0.344,,,7417.07,GirthWeld,,,,,,,,,,,0.7,461.56,,,,1160,65000,,1342,,,,,,,,
2130,40.07,0.344,,,7457.04,GirthWeld,,,,,,,,,,,0.7,451.47,,,,1160,65000,,1342,,,,,,,,
2140,40.12,0.344,,,7497.1,GirthWeld,,,,,,,,,,,0.7,439.05,,,,1160,65000,,1342,,,,,,,,
2150,40.09,0.344,,,7537.23,GirthWeld,,,,,,,,,,,0.7,424.81,,,,1160,65000,,1342,,,,,,,,
2160,40.1,0.344,,,7577.32,GirthWeld,,,,,,,,,,,0.7,410.55,,,,1160,65000,,1342,,,,,,,,
2170,40.09,0.344,,,7617.42,GirthWeld,,,,,,,,,,,0.7,396.31,,,,1160,65000,,1342,,,,,,,,
2180,40.12,0.344,,,7657.51,GirthWeld,,,,,,,,,,,0.7,382.13,,,,1160,65000,,1342,,,,,,,,
2190,40.1,0.344,,,7697.63,GirthWeld,,,,,,,,,,,0.7,368.02,,,,1160,65000,,1342,,,,,,,,
2200,40.05,0.344,,,7737.73,GirthWeld,,,,,,,,,,,0.7,353.99,,,,1160,65000,,1342,,,,,,,,
2210,10.9,0.344,,,7777.78,GirthWeld,,,,,,,,,,,0.7,340.07,,,,1160,65000,,1342,,,,,,,,
2220,40.1,0.344,,,7788.68,GirthWeld,,,,,,,,,,,0.7,336.29,,,,1160,65000,,1342,,,,,,,,
2230,40.09,0.344,,,7828.78,GirthWeld,,,,,,,,,,,0.7,322.48,,,,1160,65000,,1342,,,,,,,,
2240,40.08,0.344,,,7868.87,GirthWeld,,,,,,,,,,,0.7,308.69,,,,1160,65000,,1342,,,,,,,,
2250,39.86,0.344,,,7908.95,GirthWeld,,,,,,,,,,,0.7,295,,,,1160,65000,,1342,,,,,,,,
2260,40.1,0.344,,,7948.8,GirthWeld,,,,,,,,,,,0.7,281.51,,,,1160,65000,,1342,,,,,,,,
2270,40.16,0.344,,,7988.9,GirthWeld,,,,,,,,,,,0.7,269.41,,,,1160,65000,,1342,,,,,,,,
2280,40.12,0.344,,,8029.06,GirthWeld,,,,,,,,,,,0.7,258.64,,,,1160,65000,,1342,,,,,,,,
2290,40.03,0.344,,,8069.19,GirthWeld,,,,,,,,,,,0.7,247.93,,,,1160,65000,,1342,,,,,,,,
2300,40.08,0.344,,,8109.22,GirthWeld,,,,,,,,,,,0.7,237.22,,,,1160,65000,,1342,,,,,,,,
2310,40.06,0.344,,,8149.3,GirthWeld,,,,,,,,,,,0.7,226.45,,,,1160,65000,,1342,,,,,,,,
2320,40.08,0.344,,,8189.36,GirthWeld,,,,,,,,,,,0.7,215.63,,,,1160,65000,,1342,,,,,,,,
2330,40.08,0.344,,,8229.44,GirthWeld,,,,,,,,,,,0.7,204.78,,,,1160,65000,,1342,,,,,,,,
2340,40.07,0.344,,,8269.53,GirthWeld,,,,,,,,,,,0.7,193.99,,,,1160,65000,,1342,,,,,,,,
2350,40.1,0.344,,,8309.59,GirthWeld,,,,,,,,,,,0.7,183.21,,,,1160,65000,,1342,,,,,,,,
2360,40.04,0.344,,,8349.7,GirthWeld,,,,,,,,,,,0.7,172.47,,,,1160,65000,,1342,,,,,,,,
2360,,,,,8366.7,AGM,,,,,,,,,AGM#3 33' U/S OF 2 TRACK/ AT PLM,,,167.94,,,,,,,,,,,,,,,
2370,40.11,0.344,,,8389.73,GirthWeld,,,,,,,,,,,0.7,162.95,,,,1160,65000,,1342,,,,,,,,
2380,25.18,0.344,,,8429.85,GirthWeld,,,,,,,,,,,0.7,155.22,,,,1160,65000,,1342,,,,,,,,
2390,40.09,0.344,,,8455.03,GirthWeld,,,,,,,,,,,0.7,150.52,,,,1160,65000,,1342,,,,,,,,
2400,40.09,0.344,,,8495.11,GirthWeld,,,,,,,,,,,0.7,143.23,,,,1160,65000,,1342,,,,,,,,
2410,40.08,0.344,,,8535.2,GirthWeld,,,,,,,,,,,0.7,136.1,,,,1160,65000,,1342,,,,,,,,
2420,40.05,0.344,,,8575.28,GirthWeld,,,,,,,,,,,0.7,129.09,,,,1160,65000,,1342,,,,,,,,
2430,40.07,0.344,,,8615.33,GirthWeld,,,,,,,,,,,0.7,123.18,,,,1160,65000,,1342,,,,,,,,
2440,38.82,0.344,,,8655.39,GirthWeld,,,,,,,,,,,0.7,118.64,,,,1160,65000,,1342,,,,,,,,
2450,40,0.344,,,8694.21,GirthWeld,,,,,,,,,,,0.7,115.53,,,,1160,65000,,1342,,,,,,,,
2460,40.07,0.344,,,8734.21,GirthWeld,,,,,,,,,,,0.7,113.64,,,,1160,65000,,1342,,,,,,,,
2470,40.06,0.344,,,8774.28,GirthWeld,,,,,,,,,,,0.7,114,,,,1160,65000,,1342,,,,,,,,
2480,39.97,0.344,,,8814.34,GirthWeld,,,,,,,,,,,0.7,114.61,,,,1160,65000,,1342,,,,,,,,
2490,40,0.344,,,8854.31,GirthWeld,,,,,,,,,,,0.7,115.03,,,,1160,65000,,1342,,,,,,,,
2500,40.05,0.344,,,8894.31,GirthWeld,,,,,,,,,,,0.7,115.12,,,,1160,65000,,1342,,,,,,,,
2510,37.85,0.344,,,8934.36,GirthWeld,,,,,,,,,,,0.7,114.49,,,,1160,65000,,1342,,,,,,,,
2520,40.25,0.344,,,8972.21,GirthWeld,,,,,,,,,,,0.7,113.06,,,,1160,65000,,1342,,,,,,,,
2530,40.18,0.344,,,9012.46,GirthWeld,,,,,,,,,,,0.7,108.99,,,,1160,65000,,1342,,,,,,,,
2540,40.08,0.344,,,9052.64,GirthWeld,,,,,,,,,,,0.7,103.28,,,,1160,65000,,1342,,,,,,,,
2550,40.04,0.344,,,9092.72,GirthWeld,,,,,,,,,,,0.7,96.17,,,,1160,65000,,1342,,,,,,,,
2560,40.03,0.344,,,9132.76,GirthWeld,,,,,,,,,,,0.7,86.48,,,,1160,65000,,1342,,,,,,,,
2570,40.04,0.344,,,9172.79,GirthWeld,,,,,,,,,,,0.7,75.07,,,,1160,65000,,1342,,,,,,,,
2580,39.98,0.344,,,9212.83,GirthWeld,,,,,,,,,,,0.7,63.68,,,,1160,65000,,1342,,,,,,,,
2590,39.93,0.344,,,9252.81,GirthWeld,,,,,,,,,,,0.7,52.47,,,,1160,65000,,1342,,,,,,,,
2600,40.15,0.344,,,9292.73,GirthWeld,,,,,,,,,,,0.7,41.46,,,,1160,65000,,1342,,,,,,,,
2600,,,,,9317.77,Tee,,,,,,,,12:00,,,,34.61,,,,,,,,,,,,,,,
2610,40.2,0.344,,,9332.89,GirthWeld,,,,,,,,,,,0.7,30.48,,,,1160,65000,,1342,,,,,,,,
2620,39.86,0.344,,,9373.09,GirthWeld,,,,,,,,,,,0.7,18.53,,,,1160,65000,,1342,,,,,,,,
2630,10.99,0.5,,,9412.95,GirthWeld,,,,,,,,,,,0.7,5.69,,,,1160,60000,,1800,,,,,,,,
2630,,,,,9418.91,Bend,,,,,,,,,5.8D -  30° - Sag,,,4.52,,,,,,,,,,,,,,,
2640,40.65,0.344,,,9423.94,GirthWeld,,,,,,,,,,8,0.7,5.98,,,,1160,65000,,1342,,,,,,,,
2640,,0.344,-28.19,12.46,9452.13,metal loss,External,16,0.055,,,2.09,1.89,9:26,,,0.7,15.59,,MFL-A/XT,,1160,65000,,1342,1448.26,2010.88,,,,,,
2640,,0.344,-28.91,11.74,9452.84,metal loss,External,13,0.045,,,1.1,1.58,1:38,,,0.7,15.77,,MFL-A/XT,,1160,65000,,1342,1468.63,2039.16,,,,,,
2640,,0.344,-29.11,11.54,9453.04,metal loss,External,13,0.045,,,1.34,1.73,2:58,,,0.7,15.82,,MFL-A/XT,,1160,65000,,1342,1465.59,2034.94,,,,,,
2640,,0.344,-34.26,6.39,9458.19,metal loss,External,17,0.058,,,1.22,1.81,8:07,,,0.7,16.95,,MFL-A/XT,,1160,65000,,1342,1463.94,2032.64,,,,,,
2640,,0.344,-34.84,5.8,9458.78,metal loss,External,30,0.103,,,0.63,1.34,8:05,,,0.7,17.07,,MFL-A/XT,,1160,65000,,1342,1469.21,2039.96,1540.59,2139.08,1541.47,2140.29,0.75,1.84
2640,,0.344,-35.57,5.08,9459.51,metal loss,External,23,0.079,,,0.94,1.69,7:54,,,0.7,17.21,,MFL-A/XT,,1160,65000,,1342,1465.35,2034.6,1536.39,2133.24,1537.3,2134.51,0.76,1.84
2640,,0.344,-35.94,4.71,9459.88,metal loss,External,35,0.12,,,0.94,1.42,5:14,,,0.7,17.28,,MFL-A/XT,,1160,65000,,1342,1458.05,2024.47,1527.5,2120.9,1530.17,2124.6,0.76,1.83
2640,,0.344,-36.07,4.57,9460.01,metal loss,External,39,0.134,,,1.42,1.81,6:02,,,0.7,17.3,,MFL-A/XT,,1160,65000,,1342,1433.42,1990.26,1497.73,2079.56,1504.65,2089.16,0.77,1.79
2650,16.97,0.344,,,9464.58,GirthWeld,,,,,,,,,,,0.7,18.14,,,,1160,65000,,1342,,,,,,,,
2660,20.49,0.344,,,9481.55,GirthWeld,,,,,,,,,,,0.7,20.59,,,,1160,65000,,1342,,,,,,,,
2670,40.09,0.344,,,9502.04,GirthWeld,,,,,,,,,,,0.7,23.86,,,,1160,65000,,1342,,,,,,,,
2680,40.11,0.344,,,9542.13,GirthWeld,,,,,,,,,,,0.7,36.07,,,,1160,65000,,1342,,,,,,,,
2690,40.05,0.344,,,9582.24,GirthWeld,,,,,,,,,,,0.7,53.03,,,,1160,65000,,1342,,,,,,,,
2700,40.05,0.344,,,9622.29,GirthWeld,,,,,,,,,,,0.7,74.99,,,,1160,65000,,1342,,,,,,,,
2710,36.63,0.344,,,9662.34,GirthWeld,,,,,,,,,,,0.7,97.81,,,,1160,65000,,1342,,,,,,,,
2720,40.12,0.344,,,9698.96,GirthWeld,,,,,,,,,,,0.7,119.7,,,,1160,65000,,1342,,,,,,,,
2730,40.21,0.344,,,9739.09,GirthWeld,,,,,,,,,,,0.7,143.31,,,,1160,65000,,1342,,,,,,,,
2740,7.89,0.5,,,9779.3,GirthWeld,,,,,,,,,,,0.7,165.69,,,,1160,60000,,1800,,,,,,,,
2740,,,,,9783.62,Bend,,,,,,,,,5.2D -  20° - Over,,,167.78,,,,,,,,,,,,,,,
2750,15.09,0.344,,,9787.19,GirthWeld,,,,,,,,,,,1,168.51,,,,1160,65000,,1342,,,,,,,,
2760,40.06,0.344,,,9802.28,GirthWeld,,,,,,,,,,,1,170.79,,,,1160,65000,,1342,,,,,,,,
2760,,,,,9837.86,Attachment,,,,,,,,,Circumferential,,,175.4,,,,,,,,,,,,,,,
2760,,,,,9839.56,Area Start Tee,,,,,,,,,,,,175.59,,,,,,,,,,,,,,,
2760,,,,,9840.23,Tee,,,,,,,,12:00,,,,175.67,,,,,,,,,,,,,,,
2760,,,,,9841.02,Area End Tee,,,,,,,,,,,,175.75,,,,,,,,,,,,,,,
2770,37.77,0.344,,,9842.33,GirthWeld,,,,,,,,,,,0.7,175.89,,,,1160,65000,,1342,,,,,,,,
2770,,,,,9846.62,Attachment,,,,,,,,,Circumferential,,,176.34,,,,,,,,,,,,,,,
2780,40.08,0.344,,,9880.1,GirthWeld,,,,,,,,,,,0.7,178.52,,,,1160,65000,,1342,,,,,,,,
2790,40.06,0.344,,,9920.18,GirthWeld,,,,,,,,,,,0.7,180.32,,,,1160,65000,,1342,,,,,,,,
2800,40.02,0.344,,,9960.23,GirthWeld,,,,,,,,,,,0.7,180.63,,,,1160,65000,,1342,,,,,,,,
2810,40.06,0.344,,,10000.25,GirthWeld,,,,,,,,,,,0.7,181.16,,,,1160,65000,,1342,,,,,,,,
2820,40.33,0.344,,,10040.32,GirthWeld,,,,,,,,,,,0.7,182.16,,,,1160,65000,,1342,,,,,,,,
2830,40.39,0.344,,,10080.65,GirthWeld,,,,,,,,,,1,0.7,182.5,,,,1160,65000,,1342,,,,,,,,
2830,,0.344,-39.34,1.05,10119.99,cluster,External,20,0.069,,,0.96,4.86,6:21,,,0.7,180.49,,,,1160,65000,,1342,1467.03,2036.93,1538.35,2135.95,1538.61,2136.33,0.75,1.84
2840,13.48,0.344,,,10121.04,GirthWeld,,,,,,,,,,,0.7,180.4,,,,1160,65000,,1342,,,,,,,,
2850,40.07,0.344,,,10134.53,GirthWeld,,,,,,,,,,,0.7,179.21,,,,1160,65000,,1342,,,,,,,,
2860,40.18,0.344,,,10174.6,GirthWeld,,,,,,,,,,,0.7,175.37,,,,1160,65000,,1342,,,,,,,,
2870,40.14,0.344,,,10214.78,GirthWeld,,,,,,,,,,,0.7,172.79,,,,1160,65000,,1342,,,,,,,,
2880,40.21,0.344,,,10254.92,GirthWeld,,,,,,,,,,,0.7,171.67,,,,1160,65000,,1342,,,,,,,,
2890,40.09,0.344,,,10295.13,GirthWeld,,,,,,,,,,,0.7,171.41,,,,1160,65000,,1342,,,,,,,,
2900,40.08,0.344,,,10335.22,GirthWeld,,,,,,,,,,,1,171.26,,,,1160,65000,,1342,,,,,,,,
2910,20.55,0.344,,,10375.3,GirthWeld,,,,,,,,,,,0.7,170.55,,,,1160,65000,,1342,,,,,,,,
2920,40.05,0.344,,,10395.84,GirthWeld,,,,,,,,,,,0.7,170.13,,,,1160,65000,,1342,,,,,,,,
2930,40.09,0.344,,,10435.89,GirthWeld,,,,,,,,,,,0.7,168.96,,,,1160,65000,,1342,,,,,,,,
2930,,,,,10460.1,AGM,,,,,,,,,AGM#4 AT PLM/ ON ROW,,,167.67,,,,,,,,,,,,,,,
2940,40.05,0.344,,,10475.98,GirthWeld,,,,,,,,,,1,0.7,166.47,,,,1160,65000,,1342,,,,,,,,
2940,,0.344,-39.17,0.88,10515.15,metal loss,External,10,0.034,,,0.94,2.36,4:28,,,0.7,162.54,,MFL-A/XT,,1160,65000,,1342,,,,,,,,
2950,40.11,0.344,,,10516.03,GirthWeld,,,,,,,,,,,0.7,162.41,,,,1160,65000,,1342,,,,,,,,
2960,40.2,0.344,,,10556.14,GirthWeld,,,,,,,,,,21,0.7,156.18,,,,1160,65000,,1342,,,,,,,,
2960,,0.344,-27.99,12.21,10584.12,metal loss,External,12,0.041,,,1.02,1.73,6:13,,,0.7,153.42,,MFL-A/XT,,1160,65000,,1342,,,,,,,,
2960,,0.344,-28.06,12.13,10584.2,metal loss,External,10,0.034,,,0.79,1.5,4:33,,,0.7,153.42,,MFL-A/XT,,1160,65000,,1342,,,,,,,,
2960,,0.344,-28.07,12.13,10584.2,metal loss,External,13,0.045,,,0.59,0.98,5:41,,,0.7,153.42,,MFL-A/XT,,1160,65000,,1342,1473.91,2046.49,,,,,,
2960,,0.344,-28.61,11.59,10584.75,metal loss,External,13,0.045,,,0.79,1.18,7:08,,,0.7,153.42,,MFL-A/XT,,1160,65000,,1342,1472.14,2044.03,,,,,,
2960,,0.344,-30.43,9.77,10586.57,cluster,External,33,0.114,,,1.8,3.5,4:20,,,0.7,153.41,,,,1160,65000,,1342,1424.42,1977.77,1487.55,2065.43,1490.25,2069.18,0.78,1.78
2960,,0.344,-30.84,9.36,10586.97,metal loss,External,12,0.041,,,1.3,2.09,4:26,,,0.7,153.41,,MFL-A/XT,,1160,65000,,1342,,,,,,,,
2960,,0.344,-31.02,9.18,10587.15,metal loss,External,12,0.041,,,0.59,1.42,6:02,,,0.7,153.41,,MFL-A/XT,,1160,65000,,1342,,,,,,,,
2960,,0.344,-31.2,8.99,10587.34,metal loss,External,20,0.069,,,0.47,1.26,4:23,,,0.7,153.41,,MFL-A/XT,,1160,65000,,1342,1473.71,2046.21,1545.78,2146.28,1545.92,2146.48,0.75,1.85
2960,,0.344,-31.42,8.78,10587.56,metal loss,External,13,0.045,,,0.55,0.98,4:35,,,0.7,153.41,,MFL-A/XT,,1160,65000,,1342,1474.18,2046.86,,,,,,
2960,,0.344,-31.61,8.59,10587.75,metal loss,External,10,0.034,,,1.18,1.1,4:17,,,0.7,153.41,,MFL-A/XT,,1160,65000,,1342,,,,,,,,
2960,,0.344,-31.78,8.41,10587.92,metal loss,External,13,0.045,,,0.43,1.22,4:21,,,0.7,153.41,,MFL-A/XT,,1160,65000,,1342,1474.95,2047.93,,,,,,
2960,,0.344,-31.84,8.36,10587.98,metal loss,External,22,0.076,,,1.18,2.21,4:16,,,0.7,153.41,,MFL-A/XT,,1160,65000,,1342,1460.62,2028.03,1531.04,2125.81,1532.23,2127.47,0.76,1.83
2960,,0.344,-32.06,8.13,10588.2,metal loss,External,13,0.045,,,0.94,1.69,4:06,,,0.7,153.41,,MFL-A/XT,,1160,65000,,1342,1470.49,2041.74,,,,,,
2960,,0.344,-32.33,7.87,10588.47,cluster,External,45,0.155,,,1.85,2.37,4:14,,,0.7,153.4,,,,1160,65000,,1342,1396.33,1938.77,1450.57,2014.08,1450.79,2014.39,0.8,1.74
2960,,0.344,-32.61,7.58,10588.75,metal loss,External,16,0.055,,,0.51,1.97,4:25,,,0.7,153.4,,MFL-A/XT,,1160,65000,,1342,1474.07,2046.71,,,,,,
2960,,0.344,-32.76,7.44,10588.9,metal loss,External,19,0.065,,,0.47,0.91,4:30,,,0.7,153.4,,MFL-A/XT,,1160,65000,,1342,1473.97,2046.57,,,,,,
2960,,0.344,-32.89,7.3,10589.03,metal loss,External,20,0.069,,,1.18,2.4,4:37,,,0.7,153.4,,MFL-A/XT,,1160,65000,,1342,1462.49,2030.63,1533.22,2128.84,1534.02,2129.95,0.76,1.84
2960,,0.344,-33.3,6.9,10589.43,metal loss,External,10,0.034,,,1.65,2.21,5:52,,,0.7,153.4,,MFL-A/XT,,1160,65000,,1342,,,,,,,,
2960,,,,,10593.83,Attachment,,,,,,,,6:00,Repair Marker 2012 Dig #8 Recoat,,,153.39,,,,,,,,,,,,,,,
2960,,0.344,-39.2,0.99,10595.34,metal loss,External,13,0.045,,,0.47,1.02,6:32,Recoat,,0.7,153.39,,MFL-A/XT,,1160,65000,,1342,1474.74,2047.64,,,,,,
2960,,0.344,-39.34,0.86,10595.48,metal loss,External,35,0.12,,,1.02,2.6,6:25,Recoat,,0.7,153.39,,MFL-A/XT,,1160,65000,,1342,1455.43,2020.83,1524.43,2116.63,1527.47,2120.86,0.76,1.82
2960,,0.344,-39.35,0.85,10595.49,metal loss,External,50,0.172,,,0.67,2.17,3:47,Recoat,,0.7,153.39,,MFL-A/XT,,1160,65000,,1342,1460.73,2028.18,1529.6,2123.82,1532.8,2128.26,0.76,1.83
2970,40.06,0.344,,,10596.33,GirthWeld,,,,,,,,,,1,0.7,153.39,,,,1160,65000,,1342,,,,,,,,
2970,,0.344,-0.8,39.25,10597.14,metal loss,External,11,0.038,,,0.55,1.89,5:16,Recoat,,0.7,153.39,,MFL-A/XT,,1160,65000,,1342,,,,,,,,
2970,,,,,10597.21,Attachment,,,,,,,,6:00,Repair Marker 2012 Dig #8 Recoat,,,153.39,,,,,,,,,,,,,,,
2970,,,,,10630.49,Tap,,,,,,,,12:00,,,,153.23,,,,,,,,,,,,,,,
2970,,,,,10632.49,Tap,,,,,,,,12:00,,,,153.22,,,,,,,,,,,,,,,
2980,40.09,0.344,,,10636.39,GirthWeld,,,,,,,,,,,1,153.19,,,,1160,65000,,1342,,,,,,,,
2990,40.1,0.344,,,10676.48,GirthWeld,,,,,,,,,,,0.7,153.29,,,,1160,65000,,1342,,,,,,,,
3000,38.76,0.344,,,10716.58,GirthWeld,,,,,,,,,,,0.7,153.46,,,,1160,65000,,1342,,,,,,,,
3010,19.8,0.344,,,10755.34,GirthWeld,,,,,,,,,,2,0.7,153.19,,,,1160,65000,,1342,,,,,,,,
3010,,0.344,-0.58,19.22,10755.92,cluster,External,20,0.069,,,1.8,2.89,5:13,,,0.7,153.18,,,,1160,65000,,1342,1447.5,2009.81,1515.88,2104.76,1516.56,2105.71,0.77,1.81
3010,,0.344,-1.01,18.79,10756.35,metal loss,External,10,0.034,,,0.75,1.46,3:58,,,0.7,153.17,,MFL-A/XT,,1160,65000,,1342,,,,,,,,
3020,40.34,0.344,,,10775.14,GirthWeld,,,,,,,,,,,0.7,152.7,,,,1160,65000,,1342,,,,,,,,
3030,40.04,0.344,,,10815.48,GirthWeld,,,,,,,,,,,0.7,157.16,,,,1160,65000,,1342,,,,,,,,
3040,40.03,0.344,,,10855.52,GirthWeld,,,,,,,,,,,0.7,165.04,,,,1160,65000,,1342,,,,,,,,
3050,40.02,0.344,,,10895.55,GirthWeld,,,,,,,,,,,0.7,168.85,,,,1160,65000,,1342,,,,,,,,
3060,40.05,0.344,,,10935.57,GirthWeld,,,,,,,,,,,0.7,170.85,,,,1160,65000,,1342,,,,,,,,
3070,40.06,0.344,,,10975.62,GirthWeld,,,,,,,,,,,0.7,172.13,,,,1160,65000,,1342,,,,,,,,
3080,40.04,0.344,,,11015.67,GirthWeld,,,,,,,,,,,1,173.33,,,,1160,65000,,1342,,,,,,,,
3090,40,0.344,,,11055.71,GirthWeld,,,,,,,,,,1,0.7,175.75,,,,1160,65000,,1342,,,,,,,,
3090,,0.344,-4.29,35.71,11060,metal loss manufacturing,N/A,15,0.052,,,0.39,0.63,3:24,,,0.7,176.02,,MFL-A/XT,,1160,65000,,1342,,,,,,,,
3100,40.03,0.344,,,11095.72,GirthWeld,,,,,,,,,,,0.7,177.99,,,,1160,65000,,1342,,,,,,,,
3110,39.99,0.344,,,11135.74,GirthWeld,,,,,,,,,,,1,180.4,,,,1160,65000,,1342,,,,,,,,
3120,40.03,0.344,,,11175.73,GirthWeld,,,,,,,,,,,0.7,183.11,,,,1160,65000,,1342,,,,,,,,
3130,40.08,0.344,,,11215.76,GirthWeld,,,,,,,,,,,1,185.85,,,,1160,65000,,1342,,,,,,,,
3140,40.07,0.344,,,11255.83,GirthWeld,,,,,,,,,,,0.7,188.81,,,,1160,65000,,1342,,,,,,,,
3150,40.06,0.344,,,11295.9,GirthWeld,,,,,,,,,,,1,193.78,,,,1160,65000,,1342,,,,,,,,
3160,40.08,0.344,,,11335.96,GirthWeld,,,,,,,,,,,0.7,198.9,,,,1160,65000,,1342,,,,,,,,
3170,40.03,0.344,,,11376.04,GirthWeld,,,,,,,,,,,0.7,203.51,,,,1160,65000,,1342,,,,,,,,
3180,40.16,0.344,,,11416.08,GirthWeld,,,,,,,,,,,0.7,207.17,,,,1160,65000,,1342,,,,,,,,
3190,40.14,0.344,,,11456.24,GirthWeld,,,,,,,,,,,0.7,208.96,,,,1160,65000,,1342,,,,,,,,
3200,40.08,0.344,,,11496.38,GirthWeld,,,,,,,,,,,0.7,209.97,,,,1160,65000,,1342,,,,,,,,
3210,40.1,0.344,,,11536.46,GirthWeld,,,,,,,,,,,0.7,210.7,,,,1160,65000,,1342,,,,,,,,
3220,39.41,0.344,,,11576.56,GirthWeld,,,,,,,,,,1,1,215.2,,,,1160,65000,,1342,,,,,,,,
3220,,0.344,-39.28,0.13,11615.85,metal loss,External,10,0.034,,,0.51,1.42,9:59,near girth weld,,1,220.81,,MFL-A/XT,,1160,65000,,1342,,,,,,,,
3230,39.83,0.344,,,11615.97,GirthWeld,,,,,,,,,,,0.7,220.83,,,,1160,65000,,1342,,,,,,,,
3240,40.02,0.344,,,11655.8,GirthWeld,,,,,,,,,,,0.7,222.89,,,,1160,65000,,1342,,,,,,,,
3250,40.03,0.344,,,11695.83,GirthWeld,,,,,,,,,,,1,222.6,,,,1160,65000,,1342,,,,,,,,
3260,40.04,0.344,,,11735.85,GirthWeld,,,,,,,,,,,0.7,220.77,,,,1160,65000,,1342,,,,,,,,
3270,40.01,0.344,,,11775.89,GirthWeld,,,,,,,,,,,0.7,218.15,,,,1160,65000,,1342,,,,,,,,
3280,40,0.344,,,11815.91,GirthWeld,,,,,,,,,,,1,219.66,,,,1160,65000,,1342,,,,,,,,
3290,40.03,0.344,,,11855.91,GirthWeld,,,,,,,,,,,0.7,226.96,,,,1160,65000,,1342,,,,,,,,
3300,40.06,0.344,,,11895.94,GirthWeld,,,,,,,,,,,0.7,232.95,,,,1160,65000,,1342,,,,,,,,
3310,40.05,0.344,,,11936,GirthWeld,,,,,,,,,,,0.7,236.89,,,,1160,65000,,1342,,,,,,,,
3320,40.06,0.344,,,11976.04,GirthWeld,,,,,,,,,,,0.7,239.79,,,,1160,65000,,1342,,,,,,,,
3330,39.99,0.344,,,12016.1,GirthWeld,,,,,,,,,,,0.7,241.93,,,,1160,65000,,1342,,,,,,,,
3340,40,0.344,,,12056.09,GirthWeld,,,,,,,,,,,0.7,244.28,,,,1160,65000,,1342,,,,,,,,
3350,40.02,0.344,,,12096.09,GirthWeld,,,,,,,,,,,0.7,246.62,,,,1160,65000,,1342,,,,,,,,
3360,39.94,0.344,,,12136.11,GirthWeld,,,,,,,,,,,0.7,248.55,,,,1160,65000,,1342,,,,,,,,
3370,39.96,0.344,,,12176.05,GirthWeld,,,,,,,,,,1,1,251.6,,,,1160,65000,,1342,,,,,,,,
3370,,0.344,-19.86,20.1,12195.91,metal loss,External,10,0.034,,,2.21,1.61,10:32,,,1,253.77,,MFL-A/XT,,1160,65000,,1342,,,,,,,,
3380,40.05,0.344,,,12216.01,GirthWeld,,,,,,,,,,,0.7,255.28,,,,1160,65000,,1342,,,,,,,,
3390,40.05,0.344,,,12256.05,GirthWeld,,,,,,,,,,,0.7,257.25,,,,1160,65000,,1342,,,,,,,,
3400,40.02,0.344,,,12296.1,GirthWeld,,,,,,,,,,,0.7,260.96,,,,1160,65000,,1342,,,,,,,,
3410,39.96,0.344,,,12336.12,GirthWeld,,,,,,,,,,,0.7,266.99,,,,1160,65000,,1342,,,,,,,,
3420,33.51,0.344,,,12376.08,GirthWeld,,,,,,,,,,,0.7,274.73,,,,1160,65000,,1342,,,,,,,,
3430,39.91,0.344,,,12409.59,GirthWeld,,,,,,,,,,1,1,281.8,,,,1160,65000,,1342,,,,,,,,
3430,,0.344,-17.57,22.34,12427.16,metal loss manufacturing,N/A,16,0.055,,,2.17,1.73,7:54,,,1,285.55,,MFL-A/XT,,1160,65000,,1342,,,,,,,,
3440,39.97,0.344,,,12449.51,GirthWeld,,,,,,,,,,,0.7,291.16,,,,1160,65000,,1342,,,,,,,,
3450,40.03,0.344,,,12489.48,GirthWeld,,,,,,,,,,,0.7,302.4,,,,1160,65000,,1342,,,,,,,,
3460,39.99,0.344,,,12529.5,GirthWeld,,,,,,,,,,,0.7,313.23,,,,1160,65000,,1342,,,,,,,,
3470,27.79,0.344,,,12569.49,GirthWeld,,,,,,,,,,,0.7,321.19,,,,1160,65000,,1342,,,,,,,,
3480,40.18,0.344,,,12597.28,GirthWeld,,,,,,,,,,,1,325.28,,,,1160,65000,,1342,,,,,,,,
3490,12.71,0.5,,,12637.46,GirthWeld,,,,,,,,,,,1,329.51,,,,1160,60000,,1800,,,,,,,,
3490,,,,,12644.17,Bend,,,,,,,,,5.7D -  38° - Left,,,329.91,,,,,,,,,,,,,,,
3500,28.91,0.344,,,12650.16,GirthWeld,,,,,,,,,,,1,330.04,,,,1160,65000,,1342,,,,,,,,
3510,40.05,0.344,,,12679.07,GirthWeld,,,,,,,,,,,1,330.45,,,,1160,65000,,1342,,,,,,,,
3520,40.05,0.344,,,12719.12,GirthWeld,,,,,,,,,,,0.7,329.09,,,,1160,65000,,1342,,,,,,,,
3530,40.01,0.344,,,12759.17,GirthWeld,,,,,,,,,,,0.7,324.25,,,,1160,65000,,1342,,,,,,,,
3540,40.01,0.344,,,12799.18,GirthWeld,,,,,,,,,,,0.7,321.78,,,,1160,65000,,1342,,,,,,,,
3550,40.06,0.344,,,12839.18,GirthWeld,,,,,,,,,,,0.7,318.54,,,,1160,65000,,1342,,,,,,,,
3560,40.02,0.344,,,12879.25,GirthWeld,,,,,,,,,,,0.7,314.71,,,,1160,65000,,1342,,,,,,,,
3570,40.1,0.344,,,12919.27,GirthWeld,,,,,,,,,,,0.7,308.85,,,,1160,65000,,1342,,,,,,,,
3580,39.91,0.344,,,12959.37,GirthWeld,,,,,,,,,,,0.7,301.88,,,,1160,65000,,1342,,,,,,,,
3590,35.75,0.344,,,12999.29,GirthWeld,,,,,,,,,,,0.7,293.3,,,,1160,65000,,1342,,,,,,,,
3600,39.98,0.344,,,13035.04,GirthWeld,,,,,,,,,,,1,285.2,,,,1160,65000,,1342,,,,,,,,
3610,40.04,0.344,,,13075.02,GirthWeld,,,,,,,,,,,0.7,276.07,,,,1160,65000,,1342,,,,,,,,
3620,40.05,0.344,,,13115.05,GirthWeld,,,,,,,,,,,0.7,267.05,,,,1160,65000,,1342,,,,,,,,
3630,40.06,0.344,,,13155.1,GirthWeld,,,,,,,,,,3,0.7,258.31,,,,1160,65000,,1342,,,,,,,,
3630,,0.344,-0.81,39.25,13155.91,metal loss,External,12,0.041,,,0.59,1.34,3:20,,,0.7,258.13,,MFL-A/XT,,1160,65000,,1342,,,,,,,,
3630,,0.344,-0.83,39.22,13155.93,metal loss,External,24,0.083,,,1.61,3.7,7:07,,,0.7,258.13,,MFL-A/XT,,1160,65000,,1342,1447.05,2009.19,1515.24,2103.88,1517.93,2107.6,0.77,1.81
3630,,0.344,-1.07,38.98,13156.18,metal loss,External,23,0.079,,,0.67,1.3,3:29,,,0.7,258.08,,MFL-A/XT,,1160,65000,,1342,1470.75,2042.1,1542.46,2141.67,1542.92,2142.31,0.75,1.85
3640,40.01,0.344,,,13195.16,GirthWeld,,,,,,,,,,,0.7,248.9,,,,1160,65000,,1342,,,,,,,,
3650,40.06,0.344,,,13235.17,GirthWeld,,,,,,,,,,,0.7,236.88,,,,1160,65000,,1342,,,,,,,,
3660,39.97,0.344,,,13275.22,GirthWeld,,,,,,,,,,,1,221.92,,,,1160,65000,,1342,,,,,,,,
3670,40.05,0.344,,,13315.19,GirthWeld,,,,,,,,,,,0.7,202.9,,,,1160,65000,,1342,,,,,,,,
3680,40.16,0.344,,,13355.24,GirthWeld,,,,,,,,,,2,0.7,183.72,,,,1160,65000,,1342,,,,,,,,
3680,,0.344,-39.2,0.96,13394.44,metal loss,External,10,0.034,,,0.63,1.22,6:05,,,0.7,164.89,,MFL-A/XT,,1160,65000,,1342,,,,,,,,
3680,,0.344,-39.2,0.96,13394.44,metal loss,External,25,0.086,,,0.71,3.23,1:43,,,0.7,164.89,,MFL-A/XT,,1160,65000,,1342,1469.31,2040.1,1540.82,2139.39,1541.49,2140.32,0.75,1.84
3690,14.31,0.5,,,13395.4,GirthWeld,,,,,,,,,,,1,164.43,,,,1160,60000,,1800,,,,,,,,
3690,,,,,13403.12,Bend,,,,,,,,,6.4D -  37° - Sag,,,162.29,,,,,,,,,,,,,,,
3700,40.38,0.344,,,13409.71,GirthWeld,,,,,,,,,,,0.7,164.42,,,,1160,65000,,1342,,,,,,,,
3710,40.08,0.344,,,13450.09,GirthWeld,,,,,,,,,,,0.7,182.94,,,,1160,65000,,1342,,,,,,,,
3720,40.07,0.344,,,13490.17,GirthWeld,,,,,,,,,,,0.7,200.47,,,,1160,65000,,1342,,,,,,,,
3730,40.03,0.344,,,13530.24,GirthWeld,,,,,,,,,,,1,216.46,,,,1160,65000,,1342,,,,,,,,
3740,40.17,0.344,,,13570.27,GirthWeld,,,,,,,,,,,0.7,228.63,,,,1160,65000,,1342,,,,,,,,
3750,37.46,0.344,,,13610.44,GirthWeld,,,,,,,,,,2,0.7,238.58,,,,1160,65000,,1342,,,,,,,,
3750,,,,,13618.82,AGM,,,,,,,,,AGM#5 AT PLM/ ON FENCE,,,240.59,,,,,,,,,,,,,,,
3750,,0.344,-35.12,2.34,13645.56,metal loss,External,11,0.038,,,0.71,1.46,3:40,,,0.7,243.92,,MFL-A/XT,,1160,65000,,1342,,,,,,,,
3750,,0.344,-35.3,2.16,13645.75,metal loss,External,16,0.055,,,0.55,1.02,5:19,,,0.7,243.92,,MFL-A/XT,,1160,65000,,1342,1473.66,2046.14,,,,,,
3760,38.98,0.344,,,13647.91,GirthWeld,,,,,,,,,,,0.7,244.01,,,,1160,65000,,1342,,,,,,,,
3770,40.05,0.344,,,13686.89,GirthWeld,,,,,,,,,,,0.7,245.38,,,,1160,65000,,1342,,,,,,,,
3780,24.29,0.344,,,13726.94,GirthWeld,,,,,,,,,,,0.7,243.7,,,,1160,65000,,1342,,,,,,,,
3790,39.93,0.344,,,13751.23,GirthWeld,,,,,,,,,,,1,239.57,,,,1160,65000,,1342,,,,,,,,
3800,40.15,0.344,,,13791.16,GirthWeld,,,,,,,,,,,0.7,229.59,,,,1160,65000,,1342,,,,,,,,
3810,40.11,0.344,,,13831.31,GirthWeld,,,,,,,,,,3,0.7,219.39,,,,1160,65000,,1342,,,,,,,,
3810,,0.344,-21.23,18.88,13852.54,metal loss,External,10,0.034,,,0.39,0.59,1:36,,,0.7,214.81,,MFL-A/XT,,1160,65000,,1342,,,,,,,,
3810,,0.344,-22.48,17.63,13853.79,metal loss,External,14,0.048,,,1.26,0.79,1:28,,,0.7,214.54,,MFL-A/XT,,1160,65000,,1342,1465.78,2035.2,,,,,,
3810,,0.344,-22.62,17.49,13853.93,metal loss,External,14,0.048,,,0.47,0.94,10:36,,,0.7,214.51,,MFL-A/XT,,1160,65000,,1342,1474.53,2047.35,,,,,,
3820,40.15,0.344,,,13871.43,GirthWeld,,,,,,,,,,,0.7,210.82,,,,1160,65000,,1342,,,,,,,,
3830,40.09,0.344,,,13911.58,GirthWeld,,,,,,,,,,,1,204.56,,,,1160,65000,,1342,,,,,,,,
3840,11.28,0.344,,,13951.67,GirthWeld,,,,,,,,,,,1,201.08,,,,1160,65000,,1342,,,,,,,,
3850,40.08,0.344,,,13962.95,GirthWeld,,,,,,,,,,1,1,200.23,,,,1160,65000,,1342,,,,,,,,
3850,,0.344,-39.07,1.01,14002.02,metal loss,External,12,0.041,,,0.51,1.26,6:45,,,1,197.37,,MFL-A/XT,,1160,65000,,1342,,,,,,,,
3860,27.2,0.344,,,14003.03,GirthWeld,,,,,,,,,,,1,197.29,,,,1160,65000,,1342,,,,,,,,
3870,13.88,0.5,,,14030.23,GirthWeld,,,,,,,,,,,1,194.81,,,,1160,60000,,1800,,,,,,,,
3870,,,,,14037.59,Bend,,,,,,,,,5.8D -  46° - Left,,,193.94,,,,,,,,,,,,,,,
3880,13.27,0.344,,,14044.12,GirthWeld,,,,,,,,,,,1,192.9,,,,1160,65000,,1342,,,,,,,,
3890,40.13,0.344,,,14057.38,GirthWeld,,,,,,,,,,,1,190.81,,,,1160,65000,,1342,,,,,,,,
3900,40.05,0.344,,,14097.51,GirthWeld,,,,,,,,,,,1,185.9,,,,1160,65000,,1342,,,,,,,,
3910,40.18,0.344,,,14137.56,GirthWeld,,,,,,,,,,,1,183.4,,,,1160,65000,,1342,,,,,,,,
3920,14.91,0.5,,,14177.74,GirthWeld,,,,,,,,,,,1,181.4,,,,1160,60000,,1800,,,,,,,,
3920,,,,,14185.37,Bend,,,,,,,,,6.2D -  45° - Right,,,181.15,,,,,,,,,,,,,,,
3930,22.88,0.344,,,14192.65,GirthWeld,,,,,,,,,,,1,181.26,,,,1160,65000,,1342,,,,,,,,
3940,40.08,0.344,,,14215.54,GirthWeld,,,,,,,,,,,1,181.86,,,,1160,65000,,1342,,,,,,,,
3950,40.11,0.344,,,14255.62,GirthWeld,,,,,,,,,,,0.7,181.29,,,,1160,65000,,1342,,,,,,,,
3960,40.04,0.344,,,14295.73,GirthWeld,,,,,,,,,,,0.7,174.3,,,,1160,65000,,1342,,,,,,,,
3970,40.02,0.344,,,14335.77,GirthWeld,,,,,,,,,,,1,161.99,,,,1160,65000,,1342,,,,,,,,
3980,40.1,0.344,,,14375.79,GirthWeld,,,,,,,,,,,1,145.79,,,,1160,65000,,1342,,,,,,,,
3990,40.02,0.344,,,14415.89,GirthWeld,,,,,,,,,,,1,128.69,,,,1160,65000,,1342,,,,,,,,
4000,40.08,0.344,,,14455.91,GirthWeld,,,,,,,,,,,0.7,114.9,,,,1160,65000,,1342,,,,,,,,
4010,40.07,0.344,,,14495.99,GirthWeld,,,,,,,,,,,1,106.61,,,,1160,65000,,1342,,,,,,,,
4020,40.12,0.344,,,14536.06,GirthWeld,,,,,,,,,,,0.7,100.14,,,,1160,65000,,1342,,,,,,,,
4030,40.06,0.344,,,14576.18,GirthWeld,,,,,,,,,,,0.7,91.87,,,,1160,65000,,1342,,,,,,,,
4040,40.1,0.344,,,14616.24,GirthWeld,,,,,,,,,,1,0.7,79.64,,,,1160,65000,,1342,,,,,,,,
4040,,0.344,-14.65,25.45,14630.88,Dent,N/A,,,1.2,0.288,27.54,8.38,6:27,,,0.7,74.11,,MFL-A/XT,,1160,65000,,1342,,,,,,,,
4050,39.84,0.344,,,14656.33,GirthWeld,,,,,,,,,,,1,63.79,,,,1160,65000,,1342,,,,,,,,
4060,6.89,0.344,,,14696.18,GirthWeld,,,,,,,,,,,0.7,50.52,,,,1160,65000,,1342,,,,,,,,
4070,37.98,0.344,,,14703.07,GirthWeld,,,,,,,,,,,0.7,49,,,,1160,65000,,1342,,,,,,,,
4080,29.62,0.344,,,14741.05,GirthWeld,,,,,,,,,,8,0.7,42.81,,,,1160,65000,,1342,,,,,,,,
4080,,0.344,-10.57,19.06,14751.62,metal loss,External,29,0.1,,,0.71,1.18,9:41,,,0.7,41.44,,MFL-A/XT,,1160,65000,,1342,1467.95,2038.22,1539.19,2137.13,1540.18,2138.5,0.75,1.84
4080,,0.344,-10.79,18.83,14751.84,metal loss,External,29,0.1,,,0.83,1.38,9:40,,,0.7,41.41,,MFL-A/XT,,1160,65000,,1342,1465.09,2034.24,1535.92,2132.59,1537.26,2134.44,0.76,1.84
4080,,0.344,-12.05,17.57,14753.1,metal loss,External,19,0.065,,,0.67,1.1,2:35,,,0.7,41.27,,MFL-A/XT,,1160,65000,,1342,1471.68,2043.39,,,,,,
4080,,0.344,-12.31,17.32,14753.35,cluster,External,16,0.055,,,1.64,1.17,2:37,,,0.7,41.25,,,,1160,65000,,1342,1456.91,2022.89,,,,,,
4080,,0.344,-12.6,17.02,14753.65,metal loss,External,22,0.076,,,0.98,1.38,2:36,,,0.7,41.22,,MFL-A/XT,,1160,65000,,1342,1465.16,2034.33,1536.2,2132.97,1537.04,2134.14,0.76,1.84
4080,,0.344,-12.86,16.76,14753.91,metal loss,External,12,0.041,,,0.47,0.94,2:19,,,0.7,41.2,,MFL-A/XT,,1160,65000,,1342,,,,,,,,
4080,,0.344,-13.93,15.69,14754.98,metal loss,External,12,0.041,,,2.21,1.18,9:48,,,0.7,41.09,,MFL-A/XT,,1160,65000,,1342,,,,,,,,
4080,,0.344,-16.52,13.1,14757.57,metal loss,External,11,0.038,,,0.94,2.01,9:29,,,0.7,40.9,,MFL-A/XT,,1160,65000,,1342,,,,,,,,
4090,6.17,0.344,,,14770.67,GirthWeld,,,,,,,,,,,0.7,40.65,,,,1160,65000,,1342,,,,,,,,
4100,39.46,0.5,,,14776.84,GirthWeld,,,,,,,,,,,0.7,40.71,,,,1160,60000,,1800,,,,,,,,
4110,40.04,0.5,,,14816.3,GirthWeld,,,,,,,,,,,0.7,40.93,,,,1160,60000,,1800,,,,,,,,
4120,39.99,0.5,,,14856.33,GirthWeld,,,,,,,,,,,0.7,41.03,,,,1160,60000,,1800,,,,,,,,
4130,6.08,0.344,,,14896.33,GirthWeld,,,,,,,,,,,0.7,40.43,,,,1160,65000,,1342,,,,,,,,
4140,19.19,0.344,,,14902.4,GirthWeld,,,,,,,,,,1,1,40.34,,,,1160,65000,,1342,,,,,,,,
4140,,0.344,-7.02,12.17,14909.43,metal loss,External,11,0.038,,,0.67,1.18,2:22,,,1,40.26,,MFL-A/XT,,1160,65000,,1342,,,,,,,,
4150,36.37,0.344,,,14921.6,GirthWeld,,,,,,,,,,4,0.7,40.8,,,,1160,65000,,1342,,,,,,,,
4150,,0.344,-10.59,25.78,14932.19,metal loss,External,27,0.093,,,0.55,1.3,1:18,,,0.7,41.6,,MFL-A/XT,,1160,65000,,1342,1471.53,2043.19,1543.28,2142.81,1543.8,2143.52,0.75,1.85
4150,,0.344,-13.1,23.28,14934.69,metal loss,External,14,0.048,,,1.89,2.17,12:47,,,0.7,41.8,,MFL-A/XT,,1160,65000,,1342,1455.61,2021.08,,,,,,
4150,,0.344,-23.54,12.84,14945.13,metal loss,External,36,0.124,,,0.59,1.26,1:04,,,0.7,42.43,,MFL-A/XT,,1160,65000,,1342,1468.62,2039.14,1539.77,2137.93,1540.91,2139.52,0.75,1.84
4150,,0.344,-23.73,12.64,14945.33,metal loss,External,44,0.151,,,0.71,1.38,1:18,,,0.7,42.43,,MFL-A/XT,,1160,65000,,1342,1461.98,2029.92,1531.57,2126.55,1534.16,2130.14,0.76,1.83
4160,2.87,0.5,,,14957.97,GirthWeld,,,,,,,,,,3,0.7,42.52,,,,1160,60000,,1800,,,,,,,,
4160,,0.5,-2.12,0.75,14960.09,metal loss,External,19,0.095,,,1.89,0.59,6:45,,,0.7,42.53,,MFL-A/XT,,1160,60000,,1800,1951.48,2710.39,,,,,,
4160,,0.5,-2.7,0.17,14960.67,metal loss,External,10,0.05,,,0.75,3.19,4:46,near girth weld,,0.7,42.54,,MFL-A/XT,,1160,60000,,1800,,,,,,,,
4160,,0.5,-2.86,0.01,14960.83,metal loss,External,10,0.05,,,1.3,3.42,5:21,affecting girth weld,,0.7,42.54,,MFL-A/XT,,1160,60000,,1800,,,,,,,,
4160.01,7.43,0.5,,,14960.84,Area Start Installation,,,,,,,,,,11,0.7,42.54,,,,1160,60000,,1800,,,,,,,,
4160.01,,0.5,-0.03,7.4,14960.87,metal loss,External,24,0.12,,,1.02,0.59,5:14,affecting girth weld,,0.7,42.54,,MFL-A/XT,,1160,60000,,1800,1967.64,2732.84,2086.11,2897.37,2087.25,2898.96,0.56,2.5
4160.01,,0.5,-0.43,7,14961.27,metal loss,External,13,0.065,,,1.26,1.42,4:46,,,0.7,42.54,,MFL-A/XT,,1160,60000,,1800,1970.83,2737.26,,,,,,
4160.01,,,,,14961.58,Tap,,,,,,,,3:00,,,,42.55,,,,,,,,,,,,,,,
4160.01,,,,,14964.96,Valve,,,,,,,,,,,,42.55,,,,,,,,,,,,,,,
4160.01,,0.5,-5.18,2.26,14966.01,metal loss,External,11,0.055,,,2.4,1.38,5:57,,,0.7,42.55,,MFL-A/XT,,1160,60000,,1800,,,,,,,,
4160.01,,0.5,-5.29,2.14,14966.13,metal loss,External,10,0.05,,,1.69,1.42,6:28,,,0.7,42.56,,MFL-A/XT,,1160,60000,,1800,,,,,,,,
4160.01,,0.5,-5.57,1.86,14966.41,metal loss,External,19,0.095,,,0.71,0.83,5:40,,,0.7,42.56,,MFL-A/XT,,1160,60000,,1800,1975.33,2743.51,,,,,,
4160.01,,0.5,-5.71,1.72,14966.55,metal loss,External,13,0.065,,,0.59,0.71,5:47,,,0.7,42.56,,MFL-A/XT,,1160,60000,,1800,1977.87,2747.05,,,,,,
4160.01,,,,,14966.93,Tap,,,,,,,,3:00,,,,42.56,,,,,,,,,,,,,,,
4160.01,,0.5,-6.22,1.21,14967.06,cluster,External,51,0.255,,,1.74,5.2,4:41,,,0.7,42.56,,,,1160,60000,,1800,1894.93,2631.84,1993.01,2768.07,2006.36,2786.6,0.58,2.39
4160.01,,0.5,-6.65,0.78,14967.49,metal loss,External,19,0.095,,,1.69,1.5,5:01,,,0.7,42.56,,MFL-A/XT,,1160,60000,,1800,1956.27,2717.04,,,,,,
4160.01,,0.5,-6.67,0.76,14967.51,metal loss,External,14,0.07,,,2.24,0.71,5:45,,,0.7,42.56,,MFL-A/XT,,1160,60000,,1800,1952.91,2712.38,,,,,,
4160.01,,0.5,-7.09,0.35,14967.92,cluster,External,24,0.12,,,2.7,3.1,5:49,near girth weld,,0.7,42.56,,,,1160,60000,,1800,1913.9,2658.2,2022.25,2808.69,2031.08,2820.94,0.57,2.42
4160.01,,0.5,-7.22,0.21,14968.06,metal loss,External,10,0.05,,,0.79,1.53,7:36,near girth weld,,0.7,42.56,,MFL-A/XT,,1160,60000,,1800,,,,,,,,
4160.02,3.81,0.5,,,14968.27,Area End Installation,,,,,,,,,,15,0.7,42.57,,,,1160,60000,,1800,,,,,,,,
4160.02,,0.5,-0.04,3.77,14968.31,metal loss,External,15,0.075,,,0.87,1.38,4:12,affecting girth weld,,0.7,42.57,,MFL-A/XT,,1160,60000,,1800,1974.74,2742.69,,,,,,
4160.02,,0.5,-0.21,3.6,14968.48,metal loss,External,12,0.06,,,1.69,1.34,6:58,,,0.7,42.57,,MFL-A/XT,,1160,60000,,1800,,,,,,,,
4160.02,,0.5,-0.26,3.55,14968.53,metal loss,External,19,0.095,,,1.34,1.42,7:30,,,0.7,42.57,,MFL-A/XT,,1160,60000,,1800,1964.25,2728.13,,,,,,
4160.02,,0.5,-0.31,3.5,14968.58,metal loss,External,15,0.075,,,1.5,1.38,6:03,,,0.7,42.57,,MFL-A/XT,,1160,60000,,1800,1965.26,2729.53,,,,,,
4160.02,,0.5,-0.56,3.25,14968.83,metal loss,External,10,0.05,,,1.61,1.65,4:13,,,0.7,42.57,,MFL-A/XT,,1160,60000,,1800,,,,,,,,
4160.02,,0.5,-1.14,2.67,14969.41,metal loss,External,11,0.055,,,0.63,0.59,6:58,,,0.7,42.57,,MFL-A/XT,,1160,60000,,1800,,,,,,,,
4160.02,,0.5,-1.36,2.46,14969.63,metal loss,External,11,0.055,,,0.87,1.22,5:25,,,0.7,42.57,,MFL-A/XT,,1160,60000,,1800,,,,,,,,
4160.02,,0.5,-1.54,2.27,14969.81,cluster,External,26,0.13,,,1.93,8.36,4:11,,,0.7,42.57,,,,1160,60000,,1800,1937.39,2690.82,2050.66,2848.14,2050.82,2848.37,0.57,2.46
4160.02,,0.5,-1.74,2.07,14970.01,metal loss,External,15,0.075,,,1.02,0.94,6:47,,,0.7,42.57,,MFL-A/XT,,1160,60000,,1800,1972.77,2739.96,,,,,,
4160.02,,0.5,-1.85,1.96,14970.12,metal loss,External,11,0.055,,,1.46,2.99,4:03,,,0.7,42.57,,MFL-A/XT,,1160,60000,,1800,,,,,,,,
4160.02,,0.5,-1.9,1.91,14970.17,metal loss,External,14,0.07,,,1.58,1.18,4:46,,,0.7,42.57,,MFL-A/XT,,1160,60000,,1800,1965.15,2729.37,,,,,,
4160.02,,0.5,-2.3,1.51,14970.57,metal loss,External,10,0.05,,,1.3,2.87,4:51,,,0.7,42.58,,MFL-A/XT,,1160,60000,,1800,,,,,,,,
4160.02,,0.5,-2.31,1.5,14970.58,metal loss,External,22,0.11,,,1.14,1.34,4:09,,,0.7,42.58,,MFL-A/XT,,1160,60000,,1800,1966.25,2730.9,2084.58,2895.25,2085.64,2896.73,0.56,2.5
4160.02,,0.5,-3.55,0.26,14971.82,metal loss,External,13,0.065,,,1.02,1.06,3:52,near girth weld,,0.7,42.57,,MFL-A/XT,,1160,60000,,1800,1973.82,2741.42,,,,,,
4160.02,,0.5,-3.58,0.23,14971.85,metal loss,External,13,0.065,,,1.14,2.09,2:38,near girth weld,,0.7,42.57,,MFL-A/XT,,1160,60000,,1800,1972.38,2739.42,,,,,,
4190,13.22,0.344,,,14972.08,GirthWeld,,,,,,,,,,6,1,42.57,,,,1160,65000,,1342,,,,,,,,
4190,,0.344,-0.09,13.13,14972.17,metal loss,External,40,0.138,,,0.99,3.03,5:43,near girth weld Recoat,,1,42.57,,MFL-A/XT,,1160,65000,,1342,1453.03,2017.5,1521.2,2112.14,1525.05,2117.49,0.76,1.82
4190,,0.344,-0.26,12.96,14972.34,metal loss,External,14,0.048,,,0.79,0.59,3:37,Recoat,,1,42.57,,MFL-A/XT,,1160,65000,,1342,1471.8,2043.55,,,,,,
4190,,0.344,-0.27,12.95,14972.35,metal loss,External,11,0.038,,,0.94,2.36,3:01,Recoat,,1,42.57,,MFL-A/XT,,1160,65000,,1342,,,,,,,,
4190,,0.344,-1.62,11.6,14973.7,cluster,External,27,0.093,,,2.17,3.77,4:51,Recoat,,1,42.57,,,,1160,65000,,1342,1422.86,1975.6,1486.1,2063.41,1490.78,2069.91,0.78,1.78
4190,,0.344,-2.08,11.14,14974.16,metal loss,External,21,0.072,,,0.67,1.38,2:58,Recoat,,1,42.57,,MFL-A/XT,,1160,65000,,1342,1471.13,2042.62,1542.91,2142.29,1543.25,2142.76,0.75,1.85
4190,,0.344,-2.18,11.04,14974.26,metal loss,External,10,0.034,,,1.93,2.32,3:47,Recoat,,1,42.57,,MFL-A/XT,,1160,65000,,1342,,,,,,,,
4190,,,,,14974.97,Attachment,,,,,,,,6:00,Repair Marker 2012 Dig #9 Recoat,,,42.57,,,,,,,,,,,,,,,
4200,40.04,0.344,,,14985.3,GirthWeld,,,,,,,,,,4,1,42.56,,,,1160,65000,,1342,,,,,,,,
4200,,0.344,-30.52,9.52,15015.82,metal loss,External,15,0.052,,,0.59,1.02,1:55,,,1,41.43,,MFL-A/XT,,1160,65000,,1342,1473.52,2045.95,,,,,,
4200,,0.344,-39.17,0.87,15024.47,metal loss,External,11,0.038,,,0.87,0.59,5:19,,,1,41.34,,MFL-A/XT,,1160,65000,,1342,,,,,,,,
4200,,0.344,-39.18,0.86,15024.48,metal loss,External,10,0.034,,,0.59,2.48,3:02,,,1,41.34,,MFL-A/XT,,1160,65000,,1342,,,,,,,,
4200,,0.344,-39.18,0.86,15024.49,metal loss,External,10,0.034,,,0.75,1.81,7:56,,,1,41.34,,MFL-A/XT,,1160,65000,,1342,,,,,,,,
4210,40.04,0.344,,,15025.35,GirthWeld,,,,,,,,,,14,0.7,41.33,,,,1160,65000,,1342,,,,,,,,
4210,,0.344,-0.81,39.23,15026.16,metal loss,External,11,0.038,,,0.83,1.42,12:59,,,0.7,41.32,,MFL-A/XT,,1160,65000,,1342,,,,,,,,
4210,,0.344,-24.44,15.6,15049.79,metal loss,External,13,0.045,,,0.67,1.38,8:45,,,0.7,40.78,,MFL-A/XT,,1160,65000,,1342,1473.34,2045.7,,,,,,
4210,,0.344,-27.08,12.96,15052.42,metal loss,External,10,0.034,,,2.13,1.93,8:44,,,0.7,40.69,,MFL-A/XT,,1160,65000,,1342,,,,,,,,
4210,,0.344,-28.02,12.01,15053.37,metal loss,External,17,0.058,,,0.79,1.02,8:49,,,0.7,40.66,,MFL-A/XT,,1160,65000,,1342,1470.73,2042.08,,,,,,
4210,,0.344,-28.54,11.5,15053.89,metal loss,External,13,0.045,,,0.43,0.94,8:50,,,0.7,40.64,,MFL-A/XT,,1160,65000,,1342,1474.95,2047.93,,,,,,
4210,,0.344,-29.57,10.47,15054.91,metal loss,External,12,0.041,,,0.83,1.26,8:51,,,0.7,40.61,,MFL-A/XT,,1160,65000,,1342,,,,,,,,
4210,,0.344,-29.61,10.43,15054.95,metal loss,External,18,0.062,,,0.67,1.06,8:14,,,0.7,40.61,,MFL-A/XT,,1160,65000,,1342,1472.09,2043.96,,,,,,
4210,,0.344,-29.82,10.22,15055.17,cluster,External,30,0.103,,,2.22,2.95,8:34,,,0.7,40.6,,,,1160,65000,,1342,1414.16,1963.52,1475.24,2048.34,1498.29,2080.33,0.79,1.77
4210,,0.344,-30.32,9.71,15055.67,metal loss,External,23,0.079,,,1.58,1.77,8:05,,,0.7,40.58,,MFL-A/XT,,1160,65000,,1342,1449.14,2012.1,1517.74,2107.34,1520.03,2110.53,0.76,1.82
4210,,0.344,-30.35,9.68,15055.7,metal loss,External,46,0.158,,,1.18,1.61,8:47,,,0.7,40.58,,MFL-A/XT,,1160,65000,,1342,1437.45,1995.87,1501.56,2084.88,1508.87,2095.03,0.77,1.8
4210,,0.344,-30.7,9.34,15056.04,metal loss,External,13,0.045,,,1.85,1.1,8:52,,,0.7,40.57,,MFL-A/XT,,1160,65000,,1342,1457.78,2024.09,,,,,,
4210,,0.344,-30.81,9.23,15056.15,cluster,External,21,0.072,,,2.09,3.21,8:04,,,0.7,40.57,,,,1160,65000,,1342,1438.41,1997.2,1505.06,2089.74,1506.25,2091.39,0.77,1.8
4210,,0.344,-34.14,5.9,15059.49,metal loss,External,17,0.058,,,1.89,1.38,9:00,,,0.7,40.46,,MFL-A/XT,,1160,65000,,1342,1450.47,2013.94,,,,,,
4210,,0.344,-36.09,3.95,15061.44,metal loss,External,15,0.052,,,0.83,1.22,9:54,,,0.7,40.4,,MFL-A/XT,,1160,65000,,1342,1471.03,2042.48,,,,,,
4220,40.1,0.344,,,15065.38,GirthWeld,,,,,,,,,,29,0.7,40.28,,,,1160,65000,,1342,,,,,,,,
4220,,0.344,-4.09,36.02,15069.47,metal loss,External,23,0.079,,,1.61,2.91,3:53,,,0.7,40.15,,MFL-A/XT,,1160,65000,,1342,1448.11,2010.66,1516.53,2105.66,1518.91,2108.97,0.76,1.82
4220,,0.344,-4.35,35.75,15069.74,metal loss,External,10,0.034,,,0.75,1.61,3:53,,,0.7,40.14,,MFL-A/XT,,1160,65000,,1342,,,,,,,,
4220,,0.344,-8.23,31.87,15073.61,metal loss,External,10,0.034,,,0.75,1.38,5:10,,,0.7,40.03,,MFL-A/XT,,1160,65000,,1342,,,,,,,,
4220,,0.344,-8.46,31.64,15073.85,metal loss,External,19,0.065,,,0.75,1.5,5:12,,,0.7,40.02,,MFL-A/XT,,1160,65000,,1342,1470.7,2042.03,,,,,,
4220,,0.344,-8.64,31.47,15074.02,metal loss,External,20,0.069,,,0.71,1.3,5:33,,,0.7,40.02,,MFL-A/XT,,1160,65000,,1342,1470.9,2042.3,1542.66,2141.95,1542.97,2142.38,0.75,1.85
4220,,0.344,-8.8,31.31,15074.18,metal loss,External,26,0.089,,,0.59,0.94,5:40,,,0.7,40.01,,MFL-A/XT,,1160,65000,,1342,1471.16,2042.67,1542.88,2142.24,1543.4,2142.97,0.75,1.85
4220,,0.344,-10.73,29.37,15076.11,metal loss,External,10,0.034,,,0.35,0.67,12:42,,,0.7,39.96,,MFL-A/XT,,1160,65000,,1342,,,,,,,,
4220,,0.344,-10.9,29.2,15076.28,metal loss,External,20,0.069,,,0.75,2.01,12:17,,,0.7,39.96,,MFL-A/XT,,1160,65000,,1342,1470.37,2041.57,1542.08,2141.13,1542.41,2141.6,0.75,1.85
4220,,0.344,-20.69,19.41,15086.08,metal loss,External,12,0.041,,,0.87,2.17,4:14,,,0.7,39.72,,MFL-A/XT,,1160,65000,,1342,,,,,,,,
4220,,0.344,-20.84,19.27,15086.22,metal loss,External,22,0.076,,,0.67,1.02,3:07,,,0.7,39.72,,MFL-A/XT,,1160,65000,,1342,1470.84,2042.23,1542.58,2141.83,1542.99,2142.4,0.75,1.85
4220,,0.344,-21.09,19.02,15086.47,metal loss,External,10,0.034,,,0.55,0.94,5:07,,,0.7,39.71,,MFL-A/XT,,1160,65000,,1342,,,,,,,,
4220,,0.344,-21.22,18.88,15086.61,metal loss,External,10,0.034,,,0.67,0.79,5:06,,,0.7,39.71,,MFL-A/XT,,1160,65000,,1342,,,,,,,,
4220,,0.344,-27.4,12.71,15092.78,metal loss,External,41,0.141,,,0.67,1.1,8:15,,,0.7,39.57,,MFL-A/XT,,1160,65000,,1342,1464.53,2033.46,1534.78,2131.01,1536.77,2133.77,0.76,1.84
4220,,0.344,-27.59,12.52,15092.97,metal loss,External,11,0.038,,,0.83,0.63,7:57,,,0.7,39.57,,MFL-A/XT,,1160,65000,,1342,,,,,,,,
4220,,0.344,-27.6,12.5,15092.99,metal loss,External,31,0.107,,,0.98,1.38,8:17,,,0.7,39.57,,MFL-A/XT,,1160,65000,,1342,1459.53,2026.52,1529.44,2123.59,1531.6,2126.59,0.76,1.83
4220,,0.344,-28.51,11.6,15093.89,metal loss,External,10,0.034,,,1.38,1.89,6:19,,,0.7,39.55,,MFL-A/XT,,1160,65000,,1342,,,,,,,,
4220,,0.344,-28.59,11.51,15093.97,metal loss,External,10,0.034,,,0.59,1.06,9:19,,,0.7,39.55,,MFL-A/XT,,1160,65000,,1342,,,,,,,,
4220,,0.344,-29.48,10.63,15094.86,metal loss,External,19,0.065,,,0.67,1.61,1:08,,,0.7,39.53,,MFL-A/XT,,1160,65000,,1342,1471.68,2043.39,,,,,,
4220,,0.344,-29.56,10.54,15094.95,metal loss,External,27,0.093,,,0.47,0.94,9:16,,,0.7,39.53,,MFL-A/XT,,1160,65000,,1342,1472.82,2044.98,1544.73,2144.82,1545.1,2145.34,0.75,1.85
4220,,0.344,-29.69,10.42,15095.07,metal loss,External,49,0.169,,,1.02,1.89,9:09,,,0.7,39.53,,MFL-A/XT,,1160,65000,,1342,1443.37,2004.08,1508.34,2094.29,1514.94,2103.46,0.77,1.81
4220,,0.344,-29.91,10.2,15095.29,cluster,External,43,0.148,,,1.38,1.78,9:22,,,0.7,39.52,,,,1160,65000,,1342,1429.68,1985.07,1492.54,2072.35,1522.17,2113.5,0.78,1.79
4220,,0.344,-30.25,9.85,15095.63,metal loss,External,29,0.1,,,0.51,1.02,9:30,,,0.7,39.52,,MFL-A/XT,,1160,65000,,1342,1471.74,2043.47,1543.48,2143.09,1544.02,2143.83,0.75,1.85
4220,,0.344,-30.56,9.54,15095.94,metal loss,External,14,0.048,,,1.93,2.05,6:10,,,0.7,39.51,,MFL-A/XT,,1160,65000,,1342,1454.99,2020.21,,,,,,
4220,,0.344,-30.92,9.18,15096.31,metal loss,External,10,0.034,,,0.59,1.02,12:14,,,0.7,39.5,,MFL-A/XT,,1160,65000,,1342,,,,,,,,
4220,,0.344,-31.5,8.6,15096.88,metal loss,External,40,0.138,,,0.75,1.36,9:05,,,0.7,39.49,,MFL-A/XT,,1160,65000,,1342,1462.49,2030.63,1532.42,2127.73,1534.7,2130.9,0.76,1.83
4220,,0.344,-31.7,8.4,15097.09,metal loss,External,30,0.103,,,1.65,1.97,8:59,,,0.7,39.49,,MFL-A/XT,,1160,65000,,1342,1436.29,1994.25,1502.15,2085.7,1507.15,2092.64,0.77,1.8
4220,,0.344,-32.99,7.11,15098.37,cluster,External,38,0.131,,,3.24,1.38,9:10,,,0.7,39.47,,,,1160,65000,,1342,1342.04,1863.39,1382.38,1919.41,1464.57,2033.52,0.84,1.65
4220,,0.344,-33.48,6.63,15098.86,metal loss,External,13,0.045,,,0.55,0.94,8:57,,,0.7,39.46,,MFL-A/XT,,1160,65000,,1342,1474.18,2046.86,,,,,,
4220,,0.344,-39.2,0.9,15104.59,cluster,External,17,0.058,,,0.83,8.9,3:08,,,0.7,39.34,,,,1160,65000,,1342,1470.27,2041.43,,,,,,
4230,39.97,0.344,,,15105.49,GirthWeld,,,,,,,,,,1,0.7,39.32,,,,1160,65000,,1342,,,,,,,,
4230,,0.344,-0.78,39.19,15106.27,metal loss,External,14,0.048,,,0.59,1.3,11:43,,,0.7,39.31,,MFL-A/XT,,1160,65000,,1342,1473.62,2046.09,,,,,,
4240,39.93,0.344,,,15145.46,GirthWeld,,,,,,,,,,3,0.7,38.46,,,,1160,65000,,1342,,,,,,,,
4240,,0.344,-39.04,0.89,15184.5,metal loss,External,11,0.038,,,1.02,2.01,2:21,,,0.7,38.01,,MFL-A/XT,,1160,65000,,1342,,,,,,,,
4240,,0.344,-39.05,0.88,15184.5,metal loss,External,10,0.034,,,0.79,2.24,4:16,,,0.7,38.01,,MFL-A/XT,,1160,65000,,1342,,,,,,,,
4240,,0.344,-39.09,0.84,15184.54,metal loss,External,24,0.083,,,0.71,2.05,5:08,,,0.7,38.01,,MFL-A/XT,,1160,65000,,1342,1469.64,2040.56,1541.2,2139.92,1541.8,2140.75,0.75,1.84
4250,39.94,0.344,,,15185.39,GirthWeld,,,,,,,,,,1,0.7,38,,,,1160,65000,,1342,,,,,,,,
4250,,0.344,-0.81,39.13,15186.2,metal loss,External,10,0.034,,,1.1,2.44,3:10,,,0.7,38,,MFL-A/XT,,1160,65000,,1342,,,,,,,,
4260,39.34,0.344,,,15225.33,GirthWeld,,,,,,,,,,1,0.7,37.78,,,,1160,65000,,1342,,,,,,,,
4260,,0.344,-38.46,0.88,15263.79,metal loss,External,14,0.048,,,0.98,5.08,7:45,,,0.7,37.7,,MFL-A/XT,,1160,65000,,1342,1469.57,2040.46,,,,,,
4270,10.9,0.344,,,15264.67,GirthWeld,,,,,,,,,,4,0.7,37.7,,,,1160,65000,,1342,,,,,,,,
4270,,0.344,-10.76,0.14,15275.43,metal loss,External,12,0.041,,,0.55,1.1,2:41,near girth weld,,0.7,37.77,,MFL-A/XT,,1160,65000,,1342,,,,,,,,
4270,,0.344,-10.76,0.13,15275.43,metal loss,External,10,0.034,,,1.22,1.81,9:07,affecting girth weld,,0.7,37.77,,MFL-A/XT,,1160,65000,,1342,,,,,,,,
4270,,0.344,-10.78,0.12,15275.44,metal loss,External,18,0.062,,,1.5,5.2,3:17,affecting girth weld,,0.7,37.77,,MFL-A/XT,,1160,65000,,1342,1457.79,2024.1,,,,,,
4270,,0.344,-10.78,0.11,15275.45,metal loss,External,17,0.058,,,1.1,2.79,8:01,affecting girth weld,,0.7,37.77,,MFL-A/XT,,1160,65000,,1342,1466.03,2035.54,,,,,,
4280,10.12,0.344,,,15275.56,GirthWeld,,,,,,,,,,,0.7,37.77,,,,1160,65000,,1342,,,,,,,,
4290,9.27,0.5,,,15285.68,GirthWeld,,,,,,,,,,,0.7,37.91,,,,1160,60000,,1800,,,,,,,,
4290,,,,,15290.67,Bend,,,,,,,,,5.6D -  27° - Over,,,37.45,,,,,,,,,,,,,,,
4300,17.29,0.344,,,15294.95,GirthWeld,,,,,,,,,,1,1,35.53,,,,1160,65000,,1342,,,,,,,,
4300,,0.344,-0.67,16.62,15295.63,metal loss,External,10,0.034,,,1.38,2.72,2:23,,,1,35.18,,MFL-A/XT,,1160,65000,,1342,,,,,,,,
4310,8.01,0.5,,,15312.24,GirthWeld,,,,,,,,,,,0.7,26.81,,,,1160,60000,,1800,,,,,,,,
4310,,,,,15316.41,Bend,,,,,,,,,5.4D -  22° - Sag,,,25,,,,,,,,,,,,,,,
4320,20.82,0.344,,,15320.25,GirthWeld,,,,,,,,,,,0.7,24.38,,,,1160,65000,,1342,,,,,,,,
4330,11.71,0.5,,,15341.07,GirthWeld,,,,,,,,,,,0.7,22.24,,,,1160,60000,,1800,,,,,,,,
4330,,,,,15347.34,Bend,,,,,,,,,5.7D -  35° - Sag,,,22.48,,,,,,,,,,,,,,,
4340,13.53,0.344,,,15352.78,GirthWeld,,,,,,,,,,2,1,25.27,,,,1160,65000,,1342,,,,,,,,
4340,,0.344,-13.3,0.23,15366.08,metal loss,External,12,0.041,,,1.02,4.05,2:53,near girth weld,,1,33.58,,MFL-A/XT,,1160,65000,,1342,,,,,,,,
4340,,0.344,-13.3,0.23,15366.08,metal loss,External,15,0.052,,,0.91,7.36,4:05,near girth weld,,1,33.58,,MFL-A/XT,,1160,65000,,1342,1469.99,2041.05,,,,,,
4350,8.78,0.5,,,15366.31,GirthWeld,,,,,,,,,,,0.7,33.72,,,,1160,60000,,1800,,,,,,,,
4350,,,,,15371.09,Bend,,,,,,,,,5.1D -  28° - Over,,,36.31,,,,,,,,,,,,,,,
4360,12.47,0.344,,,15375.09,GirthWeld,,,,,,,,,,2,0.7,37.2,,,,1160,65000,,1342,,,,,,,,
4360,,0.344,-2.34,10.13,15377.43,metal loss,External,11,0.038,,,0.87,2.44,10:04,,,0.7,37.6,,MFL-A/XT,,1160,65000,,1342,,,,,,,,
4360,,0.344,-2.49,9.98,15377.59,metal loss,External,19,0.065,,,0.67,1.14,5:01,,,0.7,37.63,,MFL-A/XT,,1160,65000,,1342,1471.68,2043.39,,,,,,
4370,40.19,0.344,,,15387.56,GirthWeld,,,,,,,,,,,0.7,39.39,,,,1160,65000,,1342,,,,,,,,
4380,11.35,0.5,,,15427.75,GirthWeld,,,,,,,,,,,0.7,49.74,,,,1160,60000,,1800,,,,,,,,
4380,,,,,15433.92,Valve,,,,,,,,,,,,51.35,,,,,,,,,,,,,,,
4390,25.2,0.344,,,15439.11,GirthWeld,,,,,,,,,,1,3.6,52.72,,,,1160,65000,,1342,,,,,,,,
4390,,0.344,-15.61,9.58,15454.72,metal loss,External,21,0.072,,,0.35,0.67,9:45,,,3.6,56.83,,MFL-A/XT,,1160,65000,,1342,1474.71,2047.59,1546.87,2147.79,1546.97,2147.93,0.75,1.85
4400,40.03,0.344,,,15464.3,GirthWeld,,,,,,,,,,,0.7,59.62,,,,1160,65000,,1342,,,,,,,,
4410,40.07,0.344,,,15504.34,GirthWeld,,,,,,,,,,1,0.7,72.71,,,,1160,65000,,1342,,,,,,,,
4410,,0.344,-0.78,39.29,15505.12,metal loss,External,13,0.045,,,0.71,1.69,2:54,,,0.7,72.99,,MFL-A/XT,,1160,65000,,1342,1472.92,2045.12,,,,,,
4420,40.01,0.344,,,15544.4,GirthWeld,,,,,,,,,,,0.7,88.39,,,,1160,65000,,1342,,,,,,,,
4430,40.08,0.344,,,15584.42,GirthWeld,,,,,,,,,,1,0.7,105.67,,,,1160,65000,,1342,,,,,,,,
4430,,0.344,-0.78,39.3,15585.19,metal loss,External,21,0.072,,,1.06,1.34,4:53,,,0.7,106.01,,MFL-A/XT,,1160,65000,,1342,1464.03,2032.77,1534.94,2131.23,1535.77,2132.38,0.76,1.84
4440,40.18,0.344,,,15624.49,GirthWeld,,,,,,,,,,,0.7,122.49,,,,1160,65000,,1342,,,,,,,,
4450,40.16,0.344,,,15664.67,GirthWeld,,,,,,,,,,,0.7,136.85,,,,1160,65000,,1342,,,,,,,,
4460,40.08,0.344,,,15704.83,GirthWeld,,,,,,,,,,,0.7,146.3,,,,1160,65000,,1342,,,,,,,,
4470,40.01,0.344,,,15744.92,GirthWeld,,,,,,,,,,,0.7,152.42,,,,1160,65000,,1342,,,,,,,,
4480,40.02,0.344,,,15784.93,GirthWeld,,,,,,,,,,,0.7,158.64,,,,1160,65000,,1342,,,,,,,,
4490,34.86,0.344,,,15824.95,GirthWeld,,,,,,,,,,,0.7,164.99,,,,1160,65000,,1342,,,,,,,,
4500,39.92,0.344,,,15859.81,GirthWeld,,,,,,,,,,,1,170.18,,,,1160,65000,,1342,,,,,,,,
4500,,,,,15860.33,AGM,,,,,,,,,AGM#6 AT PLM/ ON ROW,,,170.26,,,,,,,,,,,,,,,
4510,40.08,0.344,,,15899.73,GirthWeld,,,,,,,,,,,1,175.33,,,,1160,65000,,1342,,,,,,,,
4520,40.1,0.344,,,15939.81,GirthWeld,,,,,,,,,,,0.7,181.03,,,,1160,65000,,1342,,,,,,,,
4530,40.12,0.344,,,15979.91,GirthWeld,,,,,,,,,,,0.7,193.34,,,,1160,65000,,1342,,,,,,,,
4540,39.96,0.344,,,16020.03,GirthWeld,,,,,,,,,,1,0.7,207.5,,,,1160,65000,,1342,,,,,,,,
4540,,0.344,-18.84,21.13,16038.87,metal loss,External,13,0.045,,,0.35,0.63,7:25,,,0.7,213.47,,MFL-A/XT,,1160,65000,,1342,1475.33,2048.46,,,,,,
4550,39.08,0.344,,,16060,GirthWeld,,,,,,,,,,,0.7,220.55,,,,1160,65000,,1342,,,,,,,,
4560,40.06,0.344,,,16099.07,GirthWeld,,,,,,,,,,,0.7,234.33,,,,1160,65000,,1342,,,,,,,,
4570,40.06,0.344,,,16139.14,GirthWeld,,,,,,,,,,,0.7,244.57,,,,1160,65000,,1342,,,,,,,,
4580,40.06,0.344,,,16179.2,GirthWeld,,,,,,,,,,,0.7,250.23,,,,1160,65000,,1342,,,,,,,,
4590,40.03,0.344,,,16219.25,GirthWeld,,,,,,,,,,,0.7,252.15,,,,1160,65000,,1342,,,,,,,,
4600,40.07,0.344,,,16259.28,GirthWeld,,,,,,,,,,,0.7,253.37,,,,1160,65000,,1342,,,,,,,,
4610,40.06,0.344,,,16299.36,GirthWeld,,,,,,,,,,,0.7,254.09,,,,1160,65000,,1342,,,,,,,,
4620,39.91,0.344,,,16339.42,GirthWeld,,,,,,,,,,1,0.7,253.67,,,,1160,65000,,1342,,,,,,,,
4620,,0.344,-38.29,1.62,16377.71,metal loss,External,11,0.038,,,0.67,1.42,4:44,,,0.7,252.82,,MFL-A/XT,,1160,65000,,1342,,,,,,,,
4630,40.1,0.344,,,16379.33,GirthWeld,,,,,,,,,,,0.7,252.78,,,,1160,65000,,1342,,,,,,,,
4640,40.02,0.344,,,16419.43,GirthWeld,,,,,,,,,,1,0.7,251.54,,,,1160,65000,,1342,,,,,,,,
4640,,0.344,-39.05,0.97,16458.49,metal loss,External,12,0.041,,,1.85,3.42,5:39,,,0.7,250.42,,MFL-A/XT,,1160,65000,,1342,,,,,,,,
4650,39.99,0.344,,,16459.45,GirthWeld,,,,,,,,,,1,0.7,250.39,,,,1160,65000,,1342,,,,,,,,
4650,,0.344,-1.16,38.82,16460.62,metal loss,External,36,0.124,,,0.75,1.93,6:57,,,0.7,250.35,,MFL-A/XT,,1160,65000,,1342,1464.28,2033.11,1534.72,2130.92,1536.52,2133.42,0.76,1.84
4660,40.1,0.344,,,16499.44,GirthWeld,,,,,,,,,,6,1,248.79,,,,1160,65000,,1342,,,,,,,,
4660,,0.344,-32.67,7.42,16532.12,cluster,External,29,0.1,,,2.56,6.51,4:34,,,1,248.13,,,,1160,65000,,1342,1402.95,1947.97,1461.36,2029.06,1464.69,2033.68,0.79,1.75
4660,,0.344,-33.2,6.9,16532.64,metal loss,External,12,0.041,,,1.02,1.69,6:36,,,1,248.14,,MFL-A/XT,,1160,65000,,1342,,,,,,,,
4660,,0.344,-39.11,0.99,16538.55,metal loss,External,11,0.038,,,1.26,4.57,6:55,,,1,248.22,,MFL-A/XT,,1160,65000,,1342,,,,,,,,
4660,,0.344,-39.21,0.88,16538.65,metal loss,External,12,0.041,,,1.18,1.61,4:02,,,1,248.22,,MFL-A/XT,,1160,65000,,1342,,,,,,,,
4660,,0.344,-39.21,0.88,16538.65,cluster,External,29,0.1,,,1.67,5.24,8:25,,,1,248.22,,,,1160,65000,,1342,1437.99,1996.61,1504.25,2088.62,1510.82,2097.74,0.77,1.8
4660,,0.344,-39.23,0.87,16538.67,metal loss,External,35,0.12,,,0.67,2.01,10:03,,,1,248.22,,MFL-A/XT,,1160,65000,,1342,1467.07,2036.98,1538,2135.47,1539.34,2137.33,0.75,1.84
4670,40.11,0.344,,,16539.54,GirthWeld,,,,,,,,,,,0.7,248.24,,,,1160,65000,,1342,,,,,,,,
4680,40.08,0.344,,,16579.65,GirthWeld,,,,,,,,,,1,0.7,248.99,,,,1160,65000,,1342,,,,,,,,
4680,,0.344,-39.14,0.94,16618.79,metal loss,External,12,0.041,,,0.94,0.59,5:20,,,0.7,249.3,,MFL-A/XT,,1160,65000,,1342,,,,,,,,
4690,40.13,0.344,,,16619.73,GirthWeld,,,,,,,,,,5,0.7,249.3,,,,1160,65000,,1342,,,,,,,,
4690,,0.344,-0.81,39.32,16620.54,metal loss,External,13,0.045,,,0.51,0.94,7:30,,,0.7,249.3,,MFL-A/XT,,1160,65000,,1342,1474.51,2047.32,,,,,,
4690,,0.344,-0.82,39.31,16620.54,metal loss,External,16,0.055,,,1.38,5.55,4:56,,,0.7,249.3,,MFL-A/XT,,1160,65000,,1342,1462.03,2029.99,,,,,,
4690,,0.344,-0.82,39.31,16620.54,metal loss,External,10,0.034,,,2.05,2.21,6:56,,,0.7,249.3,,MFL-A/XT,,1160,65000,,1342,,,,,,,,
4690,,0.344,-0.84,39.28,16620.57,metal loss,External,16,0.055,,,0.71,1.73,6:22,,,0.7,249.3,,MFL-A/XT,,1160,65000,,1342,1472.08,2043.95,,,,,,
4690,,0.344,-0.93,39.2,16620.66,metal loss,External,10,0.034,,,0.55,0.59,6:32,,,0.7,249.3,,MFL-A/XT,,1160,65000,,1342,,,,,,,,
4700,40.1,0.344,,,16659.85,GirthWeld,,,,,,,,,,4,1,249.33,,,,1160,65000,,1342,,,,,,,,
4700,,,,,16698.65,Attachment,,,,,,,,6:00,Repair Marker 2012 Dig #10 Recoat,,,249.37,,,,,,,,,,,,,,,
4700,,0.344,-39.23,0.87,16699.09,metal loss,External,13,0.045,,,0.94,3.11,8:13,Recoat,,1,249.37,,MFL-A/XT,,1160,65000,,1342,1470.49,2041.74,,,,,,
4700,,0.344,-39.24,0.87,16699.09,metal loss,External,13,0.045,,,0.71,2.52,5:56,Recoat,,1,249.37,,MFL-A/XT,,1160,65000,,1342,1472.92,2045.12,,,,,,
4700,,0.344,-39.24,0.86,16699.1,metal loss,External,17,0.058,,,0.67,4.25,4:17,Recoat,,1,249.37,,MFL-A/XT,,1160,65000,,1342,1472.21,2044.13,,,,,,
4700,,0.344,-39.26,0.84,16699.12,metal loss,External,16,0.055,,,0.59,1.02,9:01,Recoat,,1,249.37,,MFL-A/XT,,1160,65000,,1342,1473.33,2045.68,,,,,,
4710,40.12,0.344,,,16699.96,GirthWeld,,,,,,,,,,6,0.7,249.37,,,,1160,65000,,1342,,,,,,,,
4710,,,,,16700.12,Area Start Composite Wrap,,,,,,,,,Repair Marker @12:00 2012 Dig #10,,,249.37,,,,,,,,,,,,,,,
4710,,0.344,-0.75,39.37,16700.71,metal loss,External,13,0.045,,,0.91,2.48,6:04,Repaired?,,0.7,249.36,,MFL-A/XT,,1160,65000,,1342,1470.89,2042.3,,,,,,
4710,,0.344,-0.82,39.3,16700.78,metal loss,External,22,0.076,,,1.3,4.84,3:33,Repaired?,,0.7,249.36,,MFL-A/XT,,1160,65000,,1342,1457.7,2023.98,1527.7,2121.17,1529.12,2123.15,0.76,1.83
4710,,0.344,-0.84,39.28,16700.8,metal loss,External,45,0.155,,,0.87,3.98,4:54,Repaired?,,0.7,249.36,,MFL-A/XT,,1160,65000,,1342,1454.8,2019.96,1522.85,2114.44,1526.83,2119.96,0.76,1.82
4710,,0.344,-0.84,39.28,16700.8,cluster,External,22,0.076,,,2.4,4.61,6:08,Repaired?,,0.7,249.36,,,,1160,65000,,1342,1427.36,1981.86,1491.66,2071.13,1489.98,2068.8,0.78,1.79
4710,,0.344,-0.85,39.27,16700.81,metal loss,External,12,0.041,,,0.98,4.61,2:17,Repaired?,,0.7,249.36,,MFL-A/XT,,1160,65000,,1342,,,,,,,,
4710,,0.344,-0.87,39.25,16700.83,metal loss,External,13,0.045,,,0.91,1.77,7:02,Repaired?,,0.7,249.36,,MFL-A/XT,,1160,65000,,1342,1471.02,2042.48,,,,,,
4710,,,,,16701.55,Area End Composite Wrap,,,,,,,,,Repair Marker @12:00 2012 Dig #10,,,249.36,,,,,,,,,,,,,,,
4710,,,,,16701.63,Attachment,,,,,,,,6:00,Repair Marker 2012 Dig #10 Recoat,,,249.36,,,,,,,,,,,,,,,
4720,40.11,0.344,,,16740.08,GirthWeld,,,,,,,,,,,1,249.55,,,,1160,65000,,1342,,,,,,,,
4730,40.1,0.344,,,16780.19,GirthWeld,,,,,,,,,,2,0.7,249.93,,,,1160,65000,,1342,,,,,,,,
4730,,0.344,-0.25,39.85,16780.45,metal loss,External,10,0.034,,,0.32,0.63,4:02,,,0.7,249.93,,MFL-A/XT,,1160,65000,,1342,,,,,,,,
4730,,0.344,-0.58,39.52,16780.77,metal loss,External,13,0.045,,,0.51,1.34,3:40,,,0.7,249.93,,MFL-A/XT,,1160,65000,,1342,1474.51,2047.32,,,,,,
4740,40.05,0.344,,,16820.29,GirthWeld,,,,,,,,,,,0.7,250.3,,,,1160,65000,,1342,,,,,,,,
4750,40.08,0.344,,,16860.34,GirthWeld,,,,,,,,,,,0.7,250.86,,,,1160,65000,,1342,,,,,,,,
4760,39.97,0.344,,,16900.42,GirthWeld,,,,,,,,,,,0.7,250.95,,,,1160,65000,,1342,,,,,,,,
4770,40.11,0.344,,,16940.39,GirthWeld,,,,,,,,,,,0.7,250.56,,,,1160,65000,,1342,,,,,,,,
4780,40.12,0.344,,,16980.5,GirthWeld,,,,,,,,,,,0.7,250.2,,,,1160,65000,,1342,,,,,,,,
4790,40.13,0.344,,,17020.62,GirthWeld,,,,,,,,,,,0.7,250.22,,,,1160,65000,,1342,,,,,,,,
4800,40.1,0.344,,,17060.75,GirthWeld,,,,,,,,,,,0.7,251.58,,,,1160,65000,,1342,,,,,,,,
4810,40.27,0.344,,,17100.85,GirthWeld,,,,,,,,,,,0.7,253.28,,,,1160,65000,,1342,,,,,,,,
4820,40.32,0.344,,,17141.12,GirthWeld,,,,,,,,,,,0.7,257.59,,,,1160,65000,,1342,,,,,,,,
4830,11.86,0.344,,,17181.45,GirthWeld,,,,,,,,,,,0.7,268.15,,,,1160,65000,,1342,,,,,,,,
4840,40.24,0.344,,,17193.31,GirthWeld,,,,,,,,,,,0.7,272,,,,1160,65000,,1342,,,,,,,,
4850,40.1,0.344,,,17233.54,GirthWeld,,,,,,,,,,,0.7,287.7,,,,1160,65000,,1342,,,,,,,,
4860,40.16,0.344,,,17273.64,GirthWeld,,,,,,,,,,,0.7,305.37,,,,1160,65000,,1342,,,,,,,,
4870,40.12,0.344,,,17313.8,GirthWeld,,,,,,,,,,,0.7,324.4,,,,1160,65000,,1342,,,,,,,,
4880,40.04,0.344,,,17353.93,GirthWeld,,,,,,,,,,,0.7,345.56,,,,1160,65000,,1342,,,,,,,,
4890,40.06,0.344,,,17393.97,GirthWeld,,,,,,,,,,,0.7,366.79,,,,1160,65000,,1342,,,,,,,,
4900,40.02,0.344,,,17434.03,GirthWeld,,,,,,,,,,1,0.7,386.11,,,,1160,65000,,1342,,,,,,,,
4900,,,,,17473.09,Attachment,,,,,,,,6:00,Repair Marker 2012 Dig #11 Recoat,,,402.17,,,,,,,,,,,,,,,
4900,,0.344,-39.15,0.87,17473.17,metal loss,External,10,0.034,,,0.98,3.78,6:11,Recoat,,0.7,402.21,,MFL-A/XT,,1160,65000,,1342,,,,,,,,
4910,40.01,0.344,,,17474.05,GirthWeld,,,,,,,,,,,0.7,402.54,,,,1160,65000,,1342,,,,,,,,
4910,,,,,17474.86,Attachment,,,,,,,,6:00,Repair Marker 2012 Dig #11 Recoat,,,402.84,,,,,,,,,,,,,,,
4920,40.16,0.344,,,17514.06,GirthWeld,,,,,,,,,,,0.7,414.51,,,,1160,65000,,1342,,,,,,,,
4930,9.35,0.5,,,17554.21,GirthWeld,,,,,,,,,,,0.7,418.21,,,,1160,60000,,1800,,,,,,,,
4930,,,,,17559.53,Bend,,,,,,,,,5.5D -  23° - Over,,,417.63,,,,,,,,,,,,,,,
4940,25.44,0.344,,,17563.57,GirthWeld,,,,,,,,,,,0.7,415.7,,,,1160,65000,,1342,,,,,,,,
4950,31.3,0.344,,,17589.01,GirthWeld,,,,,,,,,,,0.7,402.98,,,,1160,65000,,1342,,,,,,,,
4960,40.11,0.344,,,17620.31,GirthWeld,,,,,,,,,,,0.7,388.14,,,,1160,65000,,1342,,,,,,,,
4970,40.16,0.344,,,17660.43,GirthWeld,,,,,,,,,,,0.7,372.09,,,,1160,65000,,1342,,,,,,,,
4980,40.17,0.344,,,17700.59,GirthWeld,,,,,,,,,,,1,361.26,,,,1160,65000,,1342,,,,,,,,
4990,40.04,0.344,,,17740.76,GirthWeld,,,,,,,,,,,0.7,355.62,,,,1160,65000,,1342,,,,,,,,
5000,40.1,0.344,,,17780.81,GirthWeld,,,,,,,,,,,0.7,353.02,,,,1160,65000,,1342,,,,,,,,
5010,40.13,0.344,,,17820.91,GirthWeld,,,,,,,,,,,0.7,353.38,,,,1160,65000,,1342,,,,,,,,
5020,31.82,0.344,,,17861.04,GirthWeld,,,,,,,,,,,0.7,355.21,,,,1160,65000,,1342,,,,,,,,
5030,40.08,0.344,,,17892.86,GirthWeld,,,,,,,,,,,0.7,358.16,,,,1160,65000,,1342,,,,,,,,
5040,40.15,0.344,,,17932.93,GirthWeld,,,,,,,,,,,0.7,362.24,,,,1160,65000,,1342,,,,,,,,
5050,40.11,0.344,,,17973.09,GirthWeld,,,,,,,,,,,0.7,367.28,,,,1160,65000,,1342,,,,,,,,
5060,31.32,0.344,,,18013.2,GirthWeld,,,,,,,,,,,0.7,373.27,,,,1160,65000,,1342,,,,,,,,
5070,40.06,0.344,,,18044.52,GirthWeld,,,,,,,,,,,0.7,376.6,,,,1160,65000,,1342,,,,,,,,
5080,39.98,0.344,,,18084.58,GirthWeld,,,,,,,,,,,0.7,379.06,,,,1160,65000,,1342,,,,,,,,
5090,39.99,0.344,,,18124.56,GirthWeld,,,,,,,,,,,1,377.33,,,,1160,65000,,1342,,,,,,,,
5100,40.01,0.344,,,18164.55,GirthWeld,,,,,,,,,,2,0.7,374.48,,,,1160,65000,,1342,,,,,,,,
5100,,0.344,-38.91,1.1,18203.47,cluster,External,28,0.096,,,1.69,6.41,5:52,,,0.7,371.46,,,,1160,65000,,1342,1438.14,1996.82,1504.49,2088.95,1509.91,2096.47,0.77,1.8
5100,,0.344,-39.06,0.95,18203.62,metal loss,External,12,0.041,,,0.67,0.75,5:56,,,0.7,371.45,,MFL-A/XT,,1160,65000,,1342,,,,,,,,
5110,8.21,0.344,,,18204.57,GirthWeld,,,,,,,,,,,0.7,371.39,,,,1160,65000,,1342,,,,,,,,
5120,39.98,0.344,,,18212.77,GirthWeld,,,,,,,,,,2,0.7,370.87,,,,1160,65000,,1342,,,,,,,,
5120,,0.344,-0.74,39.24,18213.52,metal loss,External,10,0.034,,,1.5,2.28,5:04,,,0.7,370.82,,MFL-A/XT,,1160,65000,,1342,,,,,,,,
5120,,0.344,-0.81,39.17,18213.58,metal loss,External,31,0.107,,,0.83,2.48,6:05,,,0.7,370.82,,MFL-A/XT,,1160,65000,,1342,1464.13,2032.91,1534.75,2130.96,1536.32,2133.14,0.76,1.84
5130,39.97,0.344,,,18252.75,GirthWeld,,,,,,,,,,,0.7,370.17,,,,1160,65000,,1342,,,,,,,,
5140,39.91,0.344,,,18292.72,GirthWeld,,,,,,,,,,,0.7,371.18,,,,1160,65000,,1342,,,,,,,,
5150,39.86,0.344,,,18332.63,GirthWeld,,,,,,,,,,,0.7,374.58,,,,1160,65000,,1342,,,,,,,,
5160,40,0.344,,,18372.49,GirthWeld,,,,,,,,,,,0.7,378.77,,,,1160,65000,,1342,,,,,,,,
5170,40,0.344,,,18412.49,GirthWeld,,,,,,,,,,,0.7,385.14,,,,1160,65000,,1342,,,,,,,,
5180,39.91,0.344,,,18452.49,GirthWeld,,,,,,,,,,1,0.7,396.09,,,,1160,65000,,1342,,,,,,,,
5180,,0.344,-0.87,39.04,18453.36,metal loss,External,23,0.079,,,0.55,1.1,6:36,,,0.7,396.38,,MFL-A/XT,,1160,65000,,1342,1472.35,2044.32,1544.24,2144.15,1544.57,2144.59,0.75,1.85
5190,34.54,0.344,,,18492.4,GirthWeld,,,,,,,,,,,1,410.86,,,,1160,65000,,1342,,,,,,,,
5200,40.03,0.344,,,18526.94,GirthWeld,,,,,,,,,,,0.7,426.29,,,,1160,65000,,1342,,,,,,,,
5210,39.9,0.344,,,18566.97,GirthWeld,,,,,,,,,,,0.7,444.94,,,,1160,65000,,1342,,,,,,,,
5220,39.89,0.344,,,18606.87,GirthWeld,,,,,,,,,,,0.7,465.43,,,,1160,65000,,1342,,,,,,,,
5230,40,0.344,,,18646.76,GirthWeld,,,,,,,,,,,0.7,486.51,,,,1160,65000,,1342,,,,,,,,
5240,39.99,0.344,,,18686.76,GirthWeld,,,,,,,,,,,0.7,508.11,,,,1160,65000,,1342,,,,,,,,
5250,40.05,0.344,,,18726.75,GirthWeld,,,,,,,,,,,0.7,529.91,,,,1160,65000,,1342,,,,,,,,
5260,40.03,0.344,,,18766.8,GirthWeld,,,,,,,,,,,0.7,551.64,,,,1160,65000,,1342,,,,,,,,
5270,35.32,0.344,,,18806.83,GirthWeld,,,,,,,,,,4,0.7,572.96,,,,1160,65000,,1342,,,,,,,,
5270,,,,,18839.54,Attachment,,,,,,,,6:00,Repair Marker,,,589,,,,,,,,,,,,,,,
5270,,0.344,-35.01,0.31,18841.84,metal loss,External,10,0.034,,,1.38,4.45,11:42,near girth weld Recoat,,0.7,589.95,,MFL-A/XT,,1160,65000,,1342,,,,,,,,
5270,,0.344,-35.05,0.27,18841.88,cluster,External,54,0.186,,,2.53,18.14,6:17,affecting girth weld Recoat,,0.7,589.97,,,,1160,65000,,1342,1318.15,1830.22,1345.19,1867.76,1421.64,1973.91,0.86,1.61
5270,,0.344,-35.19,0.13,18842.02,metal loss,External,12,0.041,,,0.63,5.35,12:03,near girth weld Recoat,,0.7,590.03,,MFL-A/XT,,1160,65000,,1342,,,,,,,,
5270,,0.344,-35.2,0.12,18842.02,metal loss,External,18,0.062,,,0.47,1.22,11:38,near girth weld Recoat,,0.7,590.03,,MFL-A/XT,,1160,65000,,1342,1473.99,2046.6,,,,,,
5280,11.82,0.5,,,18842.14,GirthWeld,,,,,,,,,,,0.7,590.08,,,,1160,60000,,1800,,,,,,,,
5280,,,,,18848.15,Bend,,,,,,,,,5.7D -  36° - Left,,,592.34,,,,,,,,,,,,,,,
5290,40.35,0.344,,,18853.96,GirthWeld,,,,,,,,,,,0.7,593.43,,,,1160,65000,,1342,,,,,,,,
5290,,,,,18883.46,AGM,,,,,,,,,AGM#7 AT PLM/ ON FENCE,,,597.54,,,,,,,,,,,,,,,
5300,40.18,0.344,,,18894.32,GirthWeld,,,,,,,,,,,0.7,598.71,,,,1160,65000,,1342,,,,,,,,
5310,40.14,0.344,,,18934.5,GirthWeld,,,,,,,,,,,1,599.51,,,,1160,65000,,1342,,,,,,,,
5310,,,,,18939.78,Tap,,,,,,,,12:00,,,,599.2,,,,,,,,,,,,,,,
5320,30.26,0.344,,,18974.64,GirthWeld,,,,,,,,,,,1,595.08,,,,1160,65000,,1342,,,,,,,,
5330,39.95,0.344,,,19004.9,GirthWeld,,,,,,,,,,,0.7,589.88,,,,1160,65000,,1342,,,,,,,,
5340,40.03,0.344,,,19044.85,GirthWeld,,,,,,,,,,,0.7,583.1,,,,1160,65000,,1342,,,,,,,,
5350,40.06,0.344,,,19084.88,GirthWeld,,,,,,,,,,,0.7,576.77,,,,1160,65000,,1342,,,,,,,,
5360,40.07,0.344,,,19124.93,GirthWeld,,,,,,,,,,,0.7,571.95,,,,1160,65000,,1342,,,,,,,,
5370,39.99,0.344,,,19165,GirthWeld,,,,,,,,,,,0.7,567.38,,,,1160,65000,,1342,,,,,,,,
5380,39.42,0.344,,,19205,GirthWeld,,,,,,,,,,,1,563.13,,,,1160,65000,,1342,,,,,,,,
5390,40.03,0.344,,,19244.41,GirthWeld,,,,,,,,,,,0.7,558.47,,,,1160,65000,,1342,,,,,,,,
5400,39.93,0.344,,,19284.44,GirthWeld,,,,,,,,,,2,0.7,552.56,,,,1160,65000,,1342,,,,,,,,
5400,,0.344,-39.07,0.86,19323.51,metal loss,External,16,0.055,,,0.63,2.21,5:19,,,0.7,545.43,,MFL-A/XT,,1160,65000,,1342,1472.97,2045.19,,,,,,
5400,,0.344,-39.79,0.14,19324.23,metal loss,External,11,0.038,,,0.47,0.91,7:42,near girth weld,,0.7,545.29,,MFL-A/XT,,1160,65000,,1342,,,,,,,,
5410,39.94,0.344,,,19324.37,GirthWeld,,,,,,,,,,,0.7,545.26,,,,1160,65000,,1342,,,,,,,,
5420,39.98,0.344,,,19364.31,GirthWeld,,,,,,,,,,,0.7,537.88,,,,1160,65000,,1342,,,,,,,,
5430,39.98,0.344,,,19404.28,GirthWeld,,,,,,,,,,,0.7,530.72,,,,1160,65000,,1342,,,,,,,,
5440,40,0.344,,,19444.27,GirthWeld,,,,,,,,,,,0.7,523.48,,,,1160,65000,,1342,,,,,,,,
5450,40.02,0.344,,,19484.27,GirthWeld,,,,,,,,,,,0.7,516.01,,,,1160,65000,,1342,,,,,,,,
5460,39.92,0.344,,,19524.29,GirthWeld,,,,,,,,,,,0.7,508.05,,,,1160,65000,,1342,,,,,,,,
5470,40.03,0.344,,,19564.2,GirthWeld,,,,,,,,,,,0.7,499.47,,,,1160,65000,,1342,,,,,,,,
5480,40.05,0.344,,,19604.24,GirthWeld,,,,,,,,,,,0.7,490.39,,,,1160,65000,,1342,,,,,,,,
5490,39.99,0.344,,,19644.28,GirthWeld,,,,,,,,,,,0.7,480.99,,,,1160,65000,,1342,,,,,,,,
5500,40,0.344,,,19684.27,GirthWeld,,,,,,,,,,,0.7,471.57,,,,1160,65000,,1342,,,,,,,,
5510,39.98,0.344,,,19724.27,GirthWeld,,,,,,,,,,,0.7,462.25,,,,1160,65000,,1342,,,,,,,,
5520,39.91,0.344,,,19764.25,GirthWeld,,,,,,,,,,,0.7,453.05,,,,1160,65000,,1342,,,,,,,,
5530,40.03,0.344,,,19804.16,GirthWeld,,,,,,,,,,,0.7,444.97,,,,1160,65000,,1342,,,,,,,,
5540,39.98,0.344,,,19844.19,GirthWeld,,,,,,,,,,,0.7,437.03,,,,1160,65000,,1342,,,,,,,,
5550,40.06,0.344,,,19884.17,GirthWeld,,,,,,,,,,,0.7,429.61,,,,1160,65000,,1342,,,,,,,,
5560,39.93,0.344,,,19924.23,GirthWeld,,,,,,,,,,,0.7,423.32,,,,1160,65000,,1342,,,,,,,,
5570,39.89,0.344,,,19964.16,GirthWeld,,,,,,,,,,,0.7,417.24,,,,1160,65000,,1342,,,,,,,,
5580,40.03,0.344,,,20004.05,GirthWeld,,,,,,,,,,,0.7,411.13,,,,1160,65000,,1342,,,,,,,,
5590,40,0.344,,,20044.08,GirthWeld,,,,,,,,,,,0.7,404.02,,,,1160,65000,,1342,,,,,,,,
5600,40.06,0.344,,,20084.08,GirthWeld,,,,,,,,,,,0.7,396.15,,,,1160,65000,,1342,,,,,,,,
5610,40.19,0.344,,,20124.14,GirthWeld,,,,,,,,,,,0.7,388.28,,,,1160,65000,,1342,,,,,,,,
5620,40.15,0.344,,,20164.33,GirthWeld,,,,,,,,,,1,0.7,379.37,,,,1160,65000,,1342,,,,,,,,
5620,,0.344,-39.29,0.86,20203.62,metal loss,External,10,0.034,,,0.43,1.34,5:48,,,0.7,367.68,,MFL-A/XT,,1160,65000,,1342,,,,,,,,
5630,40.05,0.344,,,20204.48,GirthWeld,,,,,,,,,,,0.7,367.41,,,,1160,65000,,1342,,,,,,,,
5640,39.94,0.344,,,20244.53,GirthWeld,,,,,,,,,,,0.7,354.46,,,,1160,65000,,1342,,,,,,,,
5650,40.07,0.344,,,20284.47,GirthWeld,,,,,,,,,,,0.7,341.21,,,,1160,65000,,1342,,,,,,,,
5660,40.12,0.344,,,20324.54,GirthWeld,,,,,,,,,,2,0.7,328.28,,,,1160,65000,,1342,,,,,,,,
5660,,0.344,-39.09,1.04,20363.63,cluster,External,34,0.117,,,1.98,1.68,6:41,,,0.7,316.04,,,,1160,65000,,1342,1415.09,1964.81,1476.02,2049.42,1510.75,2097.64,0.79,1.77
5660,,0.344,-39.28,0.84,20363.82,metal loss,External,25,0.086,,,0.75,1.89,7:17,,,0.7,315.98,,MFL-A/XT,,1160,65000,,1342,1468.39,2038.82,1539.78,2137.94,1540.54,2139,0.75,1.84
5670,40.23,0.344,,,20364.66,GirthWeld,,,,,,,,,,,0.7,315.72,,,,1160,65000,,1342,,,,,,,,
5680,38.7,0.344,,,20404.89,GirthWeld,,,,,,,,,,1,0.7,303.21,,,,1160,65000,,1342,,,,,,,,
5680,,0.344,-37.59,1.11,20442.48,metal loss,External,19,0.065,,,1.22,2.09,5:54,,,0.7,290.5,,MFL-A/XT,,1160,65000,,1342,1462.3,2030.37,,,,,,
5690,40.08,0.344,,,20443.59,GirthWeld,,,,,,,,,,,0.7,290.12,,,,1160,65000,,1342,,,,,,,,
5700,40.03,0.344,,,20483.66,GirthWeld,,,,,,,,,,,0.7,276.4,,,,1160,65000,,1342,,,,,,,,
5710,40.08,0.344,,,20523.69,GirthWeld,,,,,,,,,,,1,262.49,,,,1160,65000,,1342,,,,,,,,
5720,40.1,0.344,,,20563.77,GirthWeld,,,,,,,,,,,1,247.71,,,,1160,65000,,1342,,,,,,,,
5730,40.06,0.344,,,20603.86,GirthWeld,,,,,,,,,,,0.7,232.69,,,,1160,65000,,1342,,,,,,,,
5740,39.99,0.344,,,20643.92,GirthWeld,,,,,,,,,,,0.7,217.64,,,,1160,65000,,1342,,,,,,,,
5750,40.08,0.344,,,20683.91,GirthWeld,,,,,,,,,,,0.7,202.72,,,,1160,65000,,1342,,,,,,,,
5760,40.12,0.344,,,20723.99,GirthWeld,,,,,,,,,,,0.7,188.2,,,,1160,65000,,1342,,,,,,,,
5770,40.1,0.344,,,20764.11,GirthWeld,,,,,,,,,,,0.7,174.93,,,,1160,65000,,1342,,,,,,,,
5780,40.26,0.344,,,20804.2,GirthWeld,,,,,,,,,,,0.7,163.1,,,,1160,65000,,1342,,,,,,,,
5790,11.71,0.344,,,20844.46,GirthWeld,,,,,,,,,,,0.7,156.84,,,,1160,65000,,1342,,,,,,,,
5800,40.1,0.344,,,20856.18,GirthWeld,,,,,,,,,,,0.7,156.28,,,,1160,65000,,1342,,,,,,,,
5810,39.98,0.344,,,20896.27,GirthWeld,,,,,,,,,,,0.7,154.51,,,,1160,65000,,1342,,,,,,,,
5820,33.42,0.344,,,20936.25,GirthWeld,,,,,,,,,,,0.7,153.12,,,,1160,65000,,1342,,,,,,,,
5830,40.07,0.344,,,20969.67,GirthWeld,,,,,,,,,,,0.7,151.78,,,,1160,65000,,1342,,,,,,,,
5840,40.02,0.344,,,21009.74,GirthWeld,,,,,,,,,,1,0.7,150.25,,,,1160,65000,,1342,,,,,,,,
5840,,0.344,-39.16,0.86,21048.9,metal loss,External,25,0.086,,,0.55,1.73,6:11,,,0.7,148.6,,MFL-A/XT,,1160,65000,,1342,1471.95,2043.76,1543.77,2143.49,1544.19,2144.07,0.75,1.85
5850,20.98,0.344,,,21049.76,GirthWeld,,,,,,,,,,,0.7,148.56,,,,1160,65000,,1342,,,,,,,,
5860,40.11,0.344,,,21070.74,GirthWeld,,,,,,,,,,,0.7,147.42,,,,1160,65000,,1342,,,,,,,,
5870,40.01,0.344,,,21110.85,GirthWeld,,,,,,,,,,2,0.7,145.76,,,,1160,65000,,1342,,,,,,,,
5870,,0.344,-0.04,39.97,21110.89,Girth Weld Anomaly,N/A,,,,,,,3:22,affecting girth weld,,0.7,145.76,,MFL-A/XT,,1160,65000,,1342,,,,,,,,
5870,,0.344,-39.16,0.85,21150.01,metal loss,External,11,0.038,,,0.47,0.98,6:32,,,0.7,144.88,,MFL-A/XT,,1160,65000,,1342,,,,,,,,
5880,40.1,0.344,,,21150.86,GirthWeld,,,,,,,,,,,0.7,144.86,,,,1160,65000,,1342,,,,,,,,
5890,40.08,0.344,,,21190.97,GirthWeld,,,,,,,,,,,0.7,144.15,,,,1160,65000,,1342,,,,,,,,
5900,40.01,0.344,,,21231.05,GirthWeld,,,,,,,,,,,0.7,143.11,,,,1160,65000,,1342,,,,,,,,
5900,,,,,21254.3,AGM,,,,,,,,,AGM#8 AT A/M LF 4/ ON ROW,,,142.3,,,,,,,,,,,,,,,
5910,40.05,0.344,,,21271.06,GirthWeld,,,,,,,,,,2,0.7,141.76,,,,1160,65000,,1342,,,,,,,,
5910,,,,,21310.13,Attachment,,,,,,,,6:00,Repair Marker 2012 Dig #12 Recoat,,,140.75,,,,,,,,,,,,,,,
5910,,0.344,-39.18,0.87,21310.24,metal loss,External,32,0.11,,,0.75,2.32,5:29,Recoat,,0.7,140.75,,MFL-A/XT,,1160,65000,,1342,1465.95,2035.43,1536.81,2133.82,1538.18,2135.73,0.75,1.84
5910,,0.344,-39.2,0.85,21310.26,metal loss,External,17,0.058,,,0.55,1.06,4:36,Recoat,,0.7,140.75,,MFL-A/XT,,1160,65000,,1342,1473.48,2045.89,,,,,,
5920,40,0.344,,,21311.11,GirthWeld,,,,,,,,,,10,0.7,140.73,,,,1160,65000,,1342,,,,,,,,
5920,,0.344,-0.64,39.36,21311.75,metal loss,External,11,0.038,,,1.06,0.94,5:27,Recoat,,0.7,140.72,,MFL-A/XT,,1160,65000,,1342,,,,,,,,
5920,,0.344,-0.72,39.29,21311.82,cluster,External,49,0.169,,,1.62,8.48,7:22,Recoat,,0.7,140.72,,,,1160,65000,,1342,1403.7,1949.01,1458.71,2025.38,1471.3,2042.86,0.8,1.75
5920,,0.344,-0.73,39.27,21311.84,metal loss,External,24,0.083,,,0.94,1.89,9:04,Recoat,,0.7,140.72,,MFL-A/XT,,1160,65000,,1342,1464.79,2033.83,1535.73,2132.33,1536.78,2133.77,0.76,1.84
5920,,0.344,-0.75,39.25,21311.86,metal loss,External,17,0.058,,,0.87,3.03,3:37,Recoat,,0.7,140.72,,MFL-A/XT,,1160,65000,,1342,1469.75,2040.72,,,,,,
5920,,0.344,-0.75,39.25,21311.86,metal loss,External,14,0.048,,,0.35,0.59,4:30,Recoat,,0.7,140.72,,MFL-A/XT,,1160,65000,,1342,1475.26,2048.36,,,,,,
5920,,0.344,-0.81,39.19,21311.92,metal loss,External,26,0.089,,,0.59,1.5,5:21,Recoat,,0.7,140.72,,MFL-A/XT,,1160,65000,,1342,1470.96,2042.39,1542.65,2141.93,1543.19,2142.69,0.75,1.85
5920,,0.344,-0.83,39.18,21311.94,metal loss,External,31,0.107,,,0.55,2.44,4:37,Recoat,,0.7,140.72,,MFL-A/XT,,1160,65000,,1342,1470.67,2041.98,1542.24,2141.36,1542.95,2142.35,0.75,1.85
5920,,0.344,-0.99,39.01,21312.1,metal loss,External,17,0.058,,,0.47,0.98,4:24,Recoat,,0.7,140.71,,MFL-A/XT,,1160,65000,,1342,1474.23,2046.93,,,,,,
5920,,,,,21312.4,Attachment,,,,,,,,6:00,Repair Marker 2012 Dig #12 Recoat,,,140.71,,,,,,,,,,,,,,,
5920,,,,,21335.81,Attachment,,,,,,,,6:00,Repair Marker,,,140.18,,,,,,,,,,,,,,,
5920,,,,,21336.46,Area Start Composite Wrap,,,,,,,,,Repair Marker @12:00,,,140.16,,,,,,,,,,,,,,,
5920,,0.344,-25.86,14.14,21336.97,metal loss,External,24,0.083,,,1.18,1.61,6:23,Repaired?,,0.7,140.15,,MFL-A/XT,,1160,65000,,1342,1459.26,2026.15,1529.42,2123.57,1530.98,2125.72,0.76,1.83
5920,,0.344,-26.1,13.91,21337.2,cluster,External,35,0.12,,,1.92,4.23,6:16,Repaired?,,0.7,140.15,,,,1160,65000,,1342,1414.76,1964.35,1475.49,2048.68,1482.5,2058.41,0.79,1.77
5920,,,,,21337.88,Area End Composite Wrap,,,,,,,,,Repair Marker @12:00,,,140.13,,,,,,,,,,,,,,,
5920,,,,,21338.91,Attachment,,,,,,,,6:00,Repair Marker,,,140.11,,,,,,,,,,,,,,,
5930,40.07,0.344,,,21351.11,GirthWeld,,,,,,,,,,27,0.7,139.83,,,,1160,65000,,1342,,,,,,,,
5930,,0.344,-16,24.07,21367.11,metal loss,External,11,0.038,,,1.61,2.21,5:25,,,0.7,139.46,,MFL-A/XT,,1160,65000,,1342,,,,,,,,
5930,,0.344,-16.56,23.51,21367.67,metal loss,External,15,0.052,,,1.93,2.6,6:04,,,0.7,139.44,,MFL-A/XT,,1160,65000,,1342,1453.11,2017.6,,,,,,
5930,,0.344,-17.32,22.75,21368.43,metal loss,External,10,0.034,,,1.93,1.93,7:03,,,0.7,139.42,,MFL-A/XT,,1160,65000,,1342,,,,,,,,
5930,,0.344,-17.77,22.29,21368.88,metal loss,External,11,0.038,,,1.14,2.09,6:54,,,0.7,139.41,,MFL-A/XT,,1160,65000,,1342,,,,,,,,
5930,,0.344,-18.15,21.91,21369.26,metal loss,External,14,0.048,,,1.14,0.67,6:34,,,0.7,139.4,,MFL-A/XT,,1160,65000,,1342,1467.5,2037.59,,,,,,
5930,,0.344,-18.21,21.86,21369.32,metal loss,External,19,0.065,,,1.73,1.81,4:57,,,0.7,139.4,,MFL-A/XT,,1160,65000,,1342,1451.09,2014.8,,,,,,
5930,,0.344,-18.38,21.68,21369.49,metal loss,External,13,0.045,,,1.06,1.97,5:46,,,0.7,139.4,,MFL-A/XT,,1160,65000,,1342,1469.08,2039.78,,,,,,
5930,,0.344,-18.45,21.62,21369.56,cluster,External,28,0.096,,,3.19,9.3,5:50,,,0.7,139.4,,,,1160,65000,,1342,1383.99,1921.63,1437.24,1995.57,1470.31,2041.49,0.81,1.72
5930,,0.344,-18.46,21.61,21369.57,metal loss,External,10,0.034,,,0.39,0.59,6:24,,,0.7,139.4,,MFL-A/XT,,1160,65000,,1342,,,,,,,,
5930,,0.344,-18.88,21.19,21369.99,metal loss,External,14,0.048,,,0.59,1.69,6:18,,,0.7,139.39,,MFL-A/XT,,1160,65000,,1342,1473.62,2046.09,,,,,,
5930,,0.344,-19.02,21.05,21370.13,cluster,External,18,0.062,,,0.82,3.19,6:32,,,0.7,139.38,,,,1160,65000,,1342,1469.87,2040.88,,,,,,
5930,,0.344,-19.27,20.8,21370.38,metal loss,External,10,0.034,,,1.18,5.04,5:02,,,0.7,139.38,,MFL-A/XT,,1160,65000,,1342,,,,,,,,
5930,,0.344,-19.37,20.7,21370.48,metal loss,External,20,0.069,,,1.89,2.21,6:18,,,0.7,139.37,,MFL-A/XT,,1160,65000,,1342,1445.34,2006.81,1513.32,2101.21,1515.14,2103.73,0.77,1.81
5930,,0.344,-20.1,19.96,21371.21,metal loss,External,14,0.048,,,1.97,3.58,5:38,,,0.7,139.36,,MFL-A/XT,,1160,65000,,1342,1454.15,2019.05,,,,,,
5930,,0.344,-31.29,8.77,21382.4,cluster,External,38,0.131,,,3.3,8.57,5:55,,,0.7,139.17,,,,1160,65000,,1342,1338.49,1858.47,1377.72,1912.93,1408.98,1956.34,0.84,1.65
5930,,0.344,-31.29,8.77,21382.4,metal loss,External,24,0.083,,,1.42,3.23,4:49,,,0.7,139.17,,MFL-A/XT,,1160,65000,,1342,1452.69,2017.03,1521.84,2113.04,1524,2116.04,0.76,1.82
5930,,0.344,-32.76,7.3,21383.87,metal loss,External,12,0.041,,,1.81,1.85,4:38,,,0.7,139.17,,MFL-A/XT,,1160,65000,,1342,,,,,,,,
5930,,0.344,-33.06,7.01,21384.17,metal loss,External,13,0.045,,,0.55,1.02,4:19,,,0.7,139.17,,MFL-A/XT,,1160,65000,,1342,1474.18,2046.86,,,,,,
5930,,0.344,-33.27,6.8,21384.38,cluster,External,23,0.079,,,3,3.44,4:43,,,0.7,139.17,,,,1160,65000,,1342,1407.81,1954.71,1467.33,2037.35,1485.78,2062.96,0.79,1.76
5930,,0.344,-33.27,6.79,21384.38,metal loss,External,47,0.162,,,1.1,1.22,3:57,,,0.7,139.17,,MFL-A/XT,,1160,65000,,1342,1440.52,2000.12,1505.16,2089.88,1512.04,2099.43,0.77,1.8
5930,,0.344,-33.28,6.78,21384.39,metal loss,External,12,0.041,,,0.63,1.89,4:34,,,0.7,139.17,,MFL-A/XT,,1160,65000,,1342,,,,,,,,
5930,,0.344,-33.43,6.63,21384.54,metal loss,External,10,0.034,,,0.51,0.98,4:25,,,0.7,139.17,,MFL-A/XT,,1160,65000,,1342,,,,,,,,
5930,,0.344,-33.47,6.59,21384.58,cluster,External,47,0.162,,,5.38,5.45,4:05,,,0.7,139.17,,,,1160,65000,,1342,1207.22,1676.19,1198.93,1664.69,1370.96,1903.54,0.97,1.44
5930,,0.344,-33.52,6.54,21384.63,metal loss,External,11,0.038,,,0.32,0.75,4:24,,,0.7,139.17,,MFL-A/XT,,1160,65000,,1342,,,,,,,,
5930,,0.344,-34.28,5.78,21385.39,metal loss,External,25,0.086,,,1.46,1.89,4:40,,,0.7,139.17,,MFL-A/XT,,1160,65000,,1342,1450.45,2013.92,1519.19,2109.36,1521.73,2112.88,0.76,1.82
5930,,0.344,-34.58,5.49,21385.69,metal loss,External,14,0.048,,,1.5,1.97,4:39,,,0.7,139.17,,MFL-A/XT,,1160,65000,,1342,1462.07,2030.04,,,,,,
5930,,,,,21389.35,Area Start Composite Wrap,,,,,,,,,Repair Marker @12:00 2012 Dig #13,,,139.16,,,,,,,,,,,,,,,
5930,,,,,21389.52,Attachment,,,,,,,,5:30,Repair Marker 2012 Dig #13 Recoat,,,139.16,,,,,,,,,,,,,,,
5930,,0.344,-39.17,0.89,21390.28,metal loss,External,54,0.186,,,1.14,3.64,7:23,Repaired?,,0.7,139.16,,MFL-A/XT,,1160,65000,,1342,1429.89,1985.36,1490.39,2069.36,1500.65,2083.61,0.78,1.78
5930,,,,,21391.06,Area End Composite Wrap,,,,,,,,,Repair Marker @12:00 2012 Dig #13,,,139.16,,,,,,,,,,,,,,,
5940,40.09,0.344,,,21391.18,GirthWeld,,,,,,,,,,5,0.7,139.16,,,,1160,65000,,1342,,,,,,,,
5940,,0.344,-0.65,39.45,21391.82,cluster,External,45,0.155,,,2.11,5.13,8:41,Recoat,,0.7,139.16,,,,1160,65000,,1342,1378.11,1913.47,1427.43,1981.95,1501.61,2084.95,0.81,1.71
5940,,0.344,-0.66,39.43,21391.84,cluster,External,27,0.093,,,1.82,3.06,3:21,Recoat,,0.7,139.16,,,,1160,65000,,1342,1435.58,1993.27,1501.5,2084.79,1514.44,2102.76,0.77,1.8
5940,,0.344,-0.72,39.38,21391.89,cluster,External,23,0.079,,,1.34,8.59,6:54,Recoat,,0.7,139.16,,,,1160,65000,,1342,1455.92,2021.5,1525.61,2118.27,1526.65,2119.71,0.76,1.83
5940,,0.344,-0.77,39.32,21391.95,metal loss,External,13,0.045,,,2.09,11.57,4:32,Recoat,,0.7,139.16,,MFL-A/XT,,1160,65000,,1342,1454.11,2018.99,,,,,,
5940,,0.344,-0.78,39.31,21391.96,metal loss,External,19,0.065,,,0.83,1.38,10:43,Recoat,,0.7,139.16,,MFL-A/XT,,1160,65000,,1342,1469.45,2040.3,,,,,,
5940,,,,,21392.68,Attachment,,,,,,,,6:00,Repair Marker 2012 Dig #13 Recoat,,,139.16,,,,,,,,,,,,,,,
5950,40.07,0.344,,,21431.27,GirthWeld,,,,,,,,,,8,0.7,139.29,,,,1160,65000,,1342,,,,,,,,
5950,,,,,21467.08,Attachment,,,,,,,,6:00,Repair Marker,,,139.35,,,,,,,,,,,,,,,
5950,,0.344,-37.06,3.01,21468.32,cluster,External,26,0.089,,,2.33,8.4,6:09,Recoat,,0.7,139.35,,,,1160,65000,,1342,1419.74,1971.28,1482.31,2058.14,1502.26,2085.86,0.78,1.77
5950,,0.344,-37.08,2.99,21468.35,metal loss,External,12,0.041,,,0.59,0.98,5:40,Recoat,,0.7,139.35,,MFL-A/XT,,1160,65000,,1342,,,,,,,,
5950,,0.344,-37.15,2.92,21468.42,metal loss,External,11,0.038,,,0.71,0.59,5:53,Recoat,,0.7,139.35,,MFL-A/XT,,1160,65000,,1342,,,,,,,,
5950,,0.344,-37.16,2.9,21468.43,metal loss,External,13,0.045,,,0.51,0.63,5:39,Recoat,,0.7,139.35,,MFL-A/XT,,1160,65000,,1342,1474.51,2047.32,,,,,,
5950,,0.344,-37.31,2.75,21468.58,metal loss,External,13,0.045,,,1.61,1.85,5:46,Recoat,,0.7,139.35,,MFL-A/XT,,1160,65000,,1342,1461.53,2029.3,,,,,,
5950,,0.344,-37.32,2.75,21468.59,metal loss,External,12,0.041,,,0.43,0.59,6:00,Recoat,,0.7,139.35,,MFL-A/XT,,1160,65000,,1342,,,,,,,,
5950,,0.344,-37.41,2.66,21468.68,metal loss,External,38,0.131,,,1.3,0.79,6:28,Recoat,,0.7,139.35,,MFL-A/XT,,1160,65000,,1342,1440.7,2000.38,1506.65,2091.94,1512.26,2099.74,0.77,1.8
5950,,0.344,-37.42,2.65,21468.69,metal loss,External,32,0.11,,,1.89,5.35,7:07,Recoat,,0.7,139.35,,MFL-A/XT,,1160,65000,,1342,1422.65,1975.31,1485.5,2062.57,1492.68,2072.54,0.78,1.78
5950,,,,,21470.41,Attachment,,,,,,,,6:00,Repair Marker,,,139.36,,,,,,,,,,,,,,,
5960,40.06,0.344,,,21471.34,GirthWeld,,,,,,,,,,,0.7,139.36,,,,1160,65000,,1342,,,,,,,,
5970,40.08,0.344,,,21511.39,GirthWeld,,,,,,,,,,,0.7,139.41,,,,1160,65000,,1342,,,,,,,,
5980,40.03,0.344,,,21551.47,GirthWeld,,,,,,,,,,1,0.7,139.88,,,,1160,65000,,1342,,,,,,,,
5980,,0.344,-0.86,39.17,21552.33,metal loss,External,11,0.038,,,0.59,0.67,5:29,,,0.7,139.9,,MFL-A/XT,,1160,65000,,1342,,,,,,,,
5990,40.05,0.344,,,21591.49,GirthWeld,,,,,,,,,,,0.7,140.41,,,,1160,65000,,1342,,,,,,,,
6000,40.08,0.344,,,21631.54,GirthWeld,,,,,,,,,,,0.7,140.64,,,,1160,65000,,1342,,,,,,,,
6010,39.89,0.344,,,21671.62,GirthWeld,,,,,,,,,,1,0.7,140.86,,,,1160,65000,,1342,,,,,,,,
6010,,0.344,-38.67,1.22,21710.28,metal loss,External,16,0.055,,,0.55,1.3,5:26,,,0.7,136.01,,MFL-A/XT,,1160,65000,,1342,1473.66,2046.14,,,,,,
6020,32.88,0.344,,,21711.5,GirthWeld,,,,,,,,,,,0.7,135.76,,,,1160,65000,,1342,,,,,,,,
6030,9.71,0.344,,,21744.38,GirthWeld,,,,,,,,,,,0.7,128.27,,,,1160,65000,,1342,,,,,,,,
6040,40.06,0.344,,,21754.09,GirthWeld,,,,,,,,,,,0.7,125.73,,,,1160,65000,,1342,,,,,,,,
6050,40.15,0.344,,,21794.15,GirthWeld,,,,,,,,,,,0.7,115.3,,,,1160,65000,,1342,,,,,,,,
6060,40.1,0.344,,,21834.3,GirthWeld,,,,,,,,,,3,0.7,107.78,,,,1160,65000,,1342,,,,,,,,
6060,,0.344,-11.13,28.98,21845.43,metal loss,External,19,0.065,,,0.75,1.46,6:54,,,0.7,106.91,,MFL-A/XT,,1160,65000,,1342,1470.7,2042.03,,,,,,
6060,,0.344,-39.22,0.88,21873.53,metal loss,External,34,0.117,,,0.75,1.5,5:21,,,0.7,107.89,,MFL-A/XT,,1160,65000,,1342,1464.78,2033.82,1535.39,2131.85,1537.02,2134.11,0.76,1.84
6060,,0.344,-39.23,0.87,21873.53,metal loss,External,11,0.038,,,0.63,1.3,4:19,,,0.7,107.89,,MFL-A/XT,,1160,65000,,1342,,,,,,,,
6070,40.1,0.344,,,21874.41,GirthWeld,,,,,,,,,,3,0.7,107.99,,,,1160,65000,,1342,,,,,,,,
6070,,0.344,-0.81,39.29,21875.21,metal loss,External,18,0.062,,,0.79,5.75,7:34,,,0.7,108.09,,MFL-A/XT,,1160,65000,,1342,1470.54,2041.81,,,,,,
6070,,0.344,-0.82,39.27,21875.23,metal loss,External,12,0.041,,,1.34,0.98,3:44,,,0.7,108.09,,MFL-A/XT,,1160,65000,,1342,,,,,,,,
6070,,0.344,-0.85,39.24,21875.26,metal loss,External,19,0.065,,,0.91,4.17,4:24,,,0.7,108.1,,MFL-A/XT,,1160,65000,,1342,1468.11,2038.43,,,,,,
6080,40.02,0.344,,,21914.5,GirthWeld,,,,,,,,,,,0.7,114.17,,,,1160,65000,,1342,,,,,,,,
6090,40.09,0.344,,,21954.53,GirthWeld,,,,,,,,,,1,0.7,116.73,,,,1160,65000,,1342,,,,,,,,
6090,,0.344,-0.75,39.34,21955.27,metal loss,External,11,0.038,,,1.22,2.72,5:01,,,0.7,116.72,,MFL-A/XT,,1160,65000,,1342,,,,,,,,
6100,40.07,0.344,,,21994.61,GirthWeld,,,,,,,,,,4,0.7,116.46,,,,1160,65000,,1342,,,,,,,,
6100,,0.344,-39.16,0.91,22033.77,cluster,External,51,0.175,,,3.56,12.51,5:10,,,0.7,116.08,,,,1160,65000,,1342,1260.37,1750,1269.62,1762.84,1420.52,1972.35,0.91,1.52
6100,,0.344,-39.17,0.89,22033.79,metal loss,External,21,0.072,,,1.42,3.78,8:51,,,0.7,116.08,,MFL-A/XT,,1160,65000,,1342,1456.06,2021.71,1525.84,2118.59,1527.21,2120.5,0.76,1.83
6100,,0.344,-39.42,0.65,22034.04,metal loss,External,14,0.048,,,0.91,0.59,5:29,,,0.7,116.08,,MFL-A/XT,,1160,65000,,1342,1470.45,2041.68,,,,,,
6100,,0.344,-39.44,0.63,22034.05,metal loss,External,13,0.045,,,0.43,0.67,6:33,,,0.7,116.08,,MFL-A/XT,,1160,65000,,1342,1474.95,2047.93,,,,,,
6110,40.08,0.344,,,22034.68,GirthWeld,,,,,,,,,,2,0.7,116.08,,,,1160,65000,,1342,,,,,,,,
6110,,0.344,-0.73,39.35,22035.41,metal loss,External,27,0.093,,,2.21,0.63,7:17,,,0.7,116.08,,MFL-A/XT,,1160,65000,,1342,1421.75,1974.07,1484.74,2061.53,1490.77,2069.89,0.78,1.78
6110,,0.344,-0.78,39.3,22035.46,metal loss,External,14,0.048,,,1.89,2.01,6:46,,,0.7,116.08,,MFL-A/XT,,1160,65000,,1342,1455.4,2020.79,,,,,,
6120,40.08,0.344,,,22074.76,GirthWeld,,,,,,,,,,4,1,116.13,,,,1160,65000,,1342,,,,,,,,
6120,,,,,22112.9,Attachment,,,,,,,,6:00,Repair Marker,,,116.13,,,,,,,,,,,,,,,
6120,,0.344,-39.17,0.9,22113.93,metal loss,External,10,0.034,,,1.38,4.61,9:08,Recoat,,1,116.14,,MFL-A/XT,,1160,65000,,1342,,,,,,,,
6120,,0.344,-39.18,0.9,22113.94,metal loss,External,28,0.096,,,1.38,7.99,7:24,Recoat,,1,116.14,,MFL-A/XT,,1160,65000,,1342,1449.2,2012.17,1517.57,2107.11,1520.69,2111.44,0.76,1.82
6120,,0.344,-39.2,0.88,22113.96,metal loss,External,47,0.162,,,0.98,2.32,6:05,Recoat,,1,116.14,,MFL-A/XT,,1160,65000,,1342,1446.59,2008.56,1512.62,2100.23,1518.34,2108.17,0.77,1.81
6120,,0.344,-39.2,0.88,22113.96,metal loss,External,54,0.186,,,1.02,4.33,4:42,Recoat,,1,116.14,,MFL-A/XT,,1160,65000,,1342,1437.45,1995.87,1499.97,2082.67,1508.59,2094.63,0.77,1.8
6120,,,,,22114.64,Attachment,,,,,,,,6:00,Repair Marker,,,116.14,,,,,,,,,,,,,,,
6130,40.02,0.344,,,22114.84,GirthWeld,,,,,,,,,,,0.7,116.14,,,,1160,65000,,1342,,,,,,,,
6140,40.13,0.344,,,22154.86,GirthWeld,,,,,,,,,,,0.7,116.46,,,,1160,65000,,1342,,,,,,,,
6150,39.95,0.344,,,22194.99,GirthWeld,,,,,,,,,,,0.7,116.27,,,,1160,65000,,1342,,,,,,,,
6160,40.03,0.344,,,22234.95,GirthWeld,,,,,,,,,,,0.7,116.01,,,,1160,65000,,1342,,,,,,,,
6170,40.03,0.344,,,22274.98,GirthWeld,,,,,,,,,,,0.7,115.17,,,,1160,65000,,1342,,,,,,,,
6180,40.06,0.344,,,22315,GirthWeld,,,,,,,,,,2,0.7,114.46,,,,1160,65000,,1342,,,,,,,,
6180,,0.344,-39.19,0.87,22354.2,metal loss,External,10,0.034,,,0.63,2.79,6:18,,,0.7,113.72,,MFL-A/XT,,1160,65000,,1342,,,,,,,,
6180,,0.344,-39.19,0.87,22354.2,metal loss,External,15,0.052,,,0.75,2.84,4:45,,,0.7,113.72,,MFL-A/XT,,1160,65000,,1342,1471.98,2043.81,,,,,,
6190,40.05,0.344,,,22355.06,GirthWeld,,,,,,,,,,,0.7,113.69,,,,1160,65000,,1342,,,,,,,,
6200,40.05,0.344,,,22395.11,GirthWeld,,,,,,,,,,,0.7,112.26,,,,1160,65000,,1342,,,,,,,,
6210,40.06,0.344,,,22435.16,GirthWeld,,,,,,,,,,,0.7,110.78,,,,1160,65000,,1342,,,,,,,,
6220,39.95,0.344,,,22475.21,GirthWeld,,,,,,,,,,,0.7,108.74,,,,1160,65000,,1342,,,,,,,,
6230,39.9,0.344,,,22515.16,GirthWeld,,,,,,,,,,,0.7,106.82,,,,1160,65000,,1342,,,,,,,,
6240,39.99,0.344,,,22555.07,GirthWeld,,,,,,,,,,,0.7,105.16,,,,1160,65000,,1342,,,,,,,,
6250,16.99,0.344,,,22595.05,GirthWeld,,,,,,,,,,,0.7,103.89,,,,1160,65000,,1342,,,,,,,,
6260,40.04,0.344,,,22612.04,GirthWeld,,,,,,,,,,,0.7,103.39,,,,1160,65000,,1342,,,,,,,,
6270,40,0.344,,,22652.08,GirthWeld,,,,,,,,,,2,0.7,100.99,,,,1160,65000,,1342,,,,,,,,
6270,,0.344,-30.57,9.42,22682.66,metal loss,External,10,0.034,,,0.51,0.83,2:50,,,0.7,99.58,,MFL-A/XT,,1160,65000,,1342,,,,,,,,
6270,,0.344,-30.9,9.09,22682.99,metal loss manufacturing,N/A,14,0.048,,,0.35,0.67,5:59,,,0.7,99.57,,MFL-A/XT,,1160,65000,,1342,,,,,,,,
6280,39.99,0.344,,,22692.08,GirthWeld,,,,,,,,,,,1,99.35,,,,1160,65000,,1342,,,,,,,,
6290,39.94,0.344,,,22732.07,GirthWeld,,,,,,,,,,,0.7,97.92,,,,1160,65000,,1342,,,,,,,,
6300,39.93,0.344,,,22772.01,GirthWeld,,,,,,,,,,,0.7,96.25,,,,1160,65000,,1342,,,,,,,,
6310,40.04,0.344,,,22811.93,GirthWeld,,,,,,,,,,1,0.7,95.11,,,,1160,65000,,1342,,,,,,,,
6310,,0.344,-0.98,39.06,22812.91,metal loss,External,11,0.038,,,0.83,1.61,6:15,,,0.7,95.07,,MFL-A/XT,,1160,65000,,1342,,,,,,,,
6320,40.01,0.344,,,22851.97,GirthWeld,,,,,,,,,,,0.7,93.86,,,,1160,65000,,1342,,,,,,,,
6330,40.1,0.344,,,22891.98,GirthWeld,,,,,,,,,,,0.7,92.73,,,,1160,65000,,1342,,,,,,,,
6340,40.02,0.344,,,22932.08,GirthWeld,,,,,,,,,,,1,90.33,,,,1160,65000,,1342,,,,,,,,
6350,40.06,0.344,,,22972.1,GirthWeld,,,,,,,,,,6,0.7,84.46,,,,1160,65000,,1342,,,,,,,,
6350,,0.344,-34.62,5.44,23006.72,metal loss,External,12,0.041,,,0.59,1.22,6:49,,,0.7,78.06,,MFL-A/XT,,1160,65000,,1342,,,,,,,,
6350,,0.344,-34.9,5.16,23007,metal loss,External,13,0.045,,,0.59,0.67,6:33,,,0.7,78.03,,MFL-A/XT,,1160,65000,,1342,1473.91,2046.49,,,,,,
6350,,0.344,-34.95,5.11,23007.05,metal loss,External,19,0.065,,,0.47,0.79,6:54,,,0.7,78.03,,MFL-A/XT,,1160,65000,,1342,1473.85,2046.41,,,,,,
6350,,0.344,-35.39,4.67,23007.49,cluster,External,32,0.11,,,1.42,1.55,6:20,,,0.7,77.98,,,,1160,65000,,1342,1442.91,2003.44,1509.87,2096.42,1525.19,2117.69,0.77,1.81
6350,,0.344,-35.61,4.45,23007.71,metal loss,External,15,0.052,,,0.47,0.94,6:41,,,0.7,77.96,,MFL-A/XT,,1160,65000,,1342,1474.49,2047.29,,,,,,
6350,,0.344,-36.44,3.62,23008.54,metal loss,External,16,0.055,,,0.55,1.1,6:19,,,0.7,77.88,,MFL-A/XT,,1160,65000,,1342,1473.66,2046.14,,,,,,
6360,40.15,0.344,,,23012.16,GirthWeld,,,,,,,,,,26,0.7,77.54,,,,1160,65000,,1342,,,,,,,,
6360,,0.344,-6.43,33.73,23018.59,metal loss,External,11,0.038,,,0.59,1.06,4:42,,,0.7,76.99,,MFL-A/XT,,1160,65000,,1342,,,,,,,,
6360,,0.344,-6.79,33.36,23018.95,metal loss,External,16,0.055,,,1.5,1.46,4:33,,,0.7,76.96,,MFL-A/XT,,1160,65000,,1342,1460.05,2027.25,,,,,,
6360,,0.344,-7.06,33.09,23019.23,metal loss,External,12,0.041,,,1.5,1.81,4:28,,,0.7,76.95,,MFL-A/XT,,1160,65000,,1342,,,,,,,,
6360,,0.344,-7.44,32.71,23019.6,metal loss,External,14,0.048,,,1.73,1.26,4:04,,,0.7,76.92,,MFL-A/XT,,1160,65000,,1342,1458.29,2024.8,,,,,,
6360,,0.344,-8.67,31.49,23020.83,metal loss,External,14,0.048,,,0.91,1.3,4:08,,,0.7,76.86,,MFL-A/XT,,1160,65000,,1342,1470.45,2041.68,,,,,,
6360,,0.344,-9.14,31.01,23021.31,metal loss,External,10,0.034,,,0.59,1.18,4:20,,,0.7,76.84,,MFL-A/XT,,1160,65000,,1342,,,,,,,,
6360,,0.344,-9.62,30.53,23021.79,metal loss,External,24,0.083,,,1.22,1.89,3:57,,,0.7,76.82,,MFL-A/XT,,1160,65000,,1342,1458,2024.4,1527.98,2121.56,1529.65,2123.88,0.76,1.83
6360,,0.344,-10.69,29.47,23022.85,metal loss,External,21,0.072,,,0.71,1.38,7:37,,,0.7,76.79,,MFL-A/XT,,1160,65000,,1342,1470.59,2041.88,1542.31,2141.46,1542.69,2141.99,0.75,1.85
6360,,0.344,-10.72,29.43,23022.89,metal loss,External,13,0.045,,,0.75,1.26,4:10,,,0.7,76.79,,MFL-A/XT,,1160,65000,,1342,1472.48,2044.51,,,,,,
6360,,0.344,-10.83,29.32,23023,metal loss,External,11,0.038,,,0.63,1.18,4:11,,,0.7,76.78,,MFL-A/XT,,1160,65000,,1342,,,,,,,,
6360,,0.344,-11.13,29.02,23023.3,metal loss,External,14,0.048,,,0.79,1.22,4:18,,,0.7,76.78,,MFL-A/XT,,1160,65000,,1342,1471.92,2043.73,,,,,,
6360,,0.344,-11.54,28.62,23023.7,metal loss,External,10,0.034,,,0.63,0.94,7:30,,,0.7,76.77,,MFL-A/XT,,1160,65000,,1342,,,,,,,,
6360,,0.344,-11.64,28.51,23023.8,metal loss,External,11,0.038,,,1.34,1.34,7:29,,,0.7,76.76,,MFL-A/XT,,1160,65000,,1342,,,,,,,,
6360,,0.344,-12.23,27.93,23024.39,metal loss,External,17,0.058,,,0.91,1.73,7:19,,,0.7,76.76,,MFL-A/XT,,1160,65000,,1342,1469.24,2040,,,,,,
6360,,0.344,-12.66,27.49,23024.82,metal loss,External,13,0.045,,,1.53,1.73,4:17,,,0.7,76.75,,MFL-A/XT,,1160,65000,,1342,1462.62,2030.82,,,,,,
6360,,0.344,-12.71,27.44,23024.88,metal loss,External,49,0.169,,,0.87,2.03,7:47,,,0.7,76.75,,MFL-A/XT,,1160,65000,,1342,1452.03,2016.1,1519.02,2109.12,1523.9,2115.89,0.76,1.82
6360,,0.344,-16.21,23.94,23028.38,metal loss,External,10,0.034,,,0.63,1.1,4:22,,,0.7,76.79,,MFL-A/XT,,1160,65000,,1342,,,,,,,,
6360,,0.344,-16.49,23.66,23028.66,cluster,External,29,0.1,,,1.38,3.65,3:52,,,0.7,76.8,,,,1160,65000,,1342,1448.1,2010.64,1516.22,2105.23,1522.21,2113.56,0.77,1.81
6360,,0.344,-16.7,23.46,23028.86,metal loss,External,12,0.041,,,1.1,1.5,4:20,,,0.7,76.81,,MFL-A/XT,,1160,65000,,1342,,,,,,,,
6360,,0.344,-17.6,22.55,23029.76,metal loss,External,16,0.055,,,0.83,1.26,4:08,,,0.7,76.84,,MFL-A/XT,,1160,65000,,1342,1470.64,2041.95,,,,,,
6360,,0.344,-17.98,22.18,23030.14,metal loss,External,12,0.041,,,0.79,2.05,7:47,,,0.7,76.86,,MFL-A/XT,,1160,65000,,1342,,,,,,,,
6360,,0.344,-18.24,21.91,23030.41,metal loss,External,11,0.038,,,0.98,1.38,4:21,,,0.7,76.88,,MFL-A/XT,,1160,65000,,1342,,,,,,,,
6360,,0.344,-19.59,20.56,23031.76,metal loss,External,23,0.079,,,1.26,1.53,4:02,,,0.7,76.95,,MFL-A/XT,,1160,65000,,1342,1457.97,2024.35,1527.98,2121.56,1529.52,2123.7,0.76,1.83
6360,,0.344,-20.27,19.88,23032.43,metal loss,External,11,0.038,,,0.79,1.42,4:20,,,0.7,77,,MFL-A/XT,,1160,65000,,1342,,,,,,,,
6360,,0.344,-28.08,12.07,23040.25,metal loss,External,22,0.076,,,0.51,1.3,4:45,,,0.7,77.89,,MFL-A/XT,,1160,65000,,1342,1473,2045.22,1544.97,2145.16,1545.22,2145.5,0.75,1.85
6360,,0.344,-28.41,11.74,23040.57,metal loss,External,20,0.069,,,1.85,2.4,4:37,,,0.7,77.94,,MFL-A/XT,,1160,65000,,1342,1446.56,2008.51,1514.77,2103.22,1516.51,2105.64,0.77,1.81
6370,39.97,0.344,,,23052.31,GirthWeld,,,,,,,,,,4,0.7,79.98,,,,1160,65000,,1342,,,,,,,,
6370,,0.344,-0.83,39.15,23053.14,metal loss,External,37,0.127,,,0.67,1.1,5:21,,,0.7,80.13,,MFL-A/XT,,1160,65000,,1342,1466.03,2035.55,1536.72,2133.7,1538.3,2135.89,0.75,1.84
6370,,0.344,-8.24,31.73,23060.55,metal loss,External,10,0.034,,,0.32,0.71,7:17,,,0.7,81.48,,MFL-A/XT,,1160,65000,,1342,,,,,,,,
6370,,0.344,-11.17,28.81,23063.48,metal loss,External,12,0.041,,,0.39,0.67,3:34,,,0.7,82.02,,MFL-A/XT,,1160,65000,,1342,,,,,,,,
6370,,0.344,-22.29,17.69,23074.6,metal loss,External,10,0.034,,,0.39,0.63,3:39,,,0.7,83.9,,MFL-A/XT,,1160,65000,,1342,,,,,,,,
6380,40.11,0.344,,,23092.29,GirthWeld,,,,,,,,,,,0.7,86.54,,,,1160,65000,,1342,,,,,,,,
6390,39.99,0.344,,,23132.4,GirthWeld,,,,,,,,,,,0.7,88.6,,,,1160,65000,,1342,,,,,,,,
6400,40.02,0.344,,,23172.39,GirthWeld,,,,,,,,,,1,0.7,89.87,,,,1160,65000,,1342,,,,,,,,
6400,,0.344,-26.28,13.74,23198.67,metal loss manufacturing,N/A,11,0.038,,,2.17,1.77,1:14,,,0.7,91.17,,MFL-A/XT,,1160,65000,,1342,,,,,,,,
6410,27.49,0.344,,,23212.4,GirthWeld,,,,,,,,,,,0.7,91.96,,,,1160,65000,,1342,,,,,,,,
6420,39.99,0.344,,,23239.89,GirthWeld,,,,,,,,,,,0.7,93.4,,,,1160,65000,,1342,,,,,,,,
6430,39.91,0.344,,,23279.88,GirthWeld,,,,,,,,,,,0.7,95.27,,,,1160,65000,,1342,,,,,,,,
6440,40.01,0.344,,,23319.79,GirthWeld,,,,,,,,,,,0.7,96.71,,,,1160,65000,,1342,,,,,,,,
6450,40.05,0.344,,,23359.8,GirthWeld,,,,,,,,,,,0.7,97.82,,,,1160,65000,,1342,,,,,,,,
6460,39.85,0.344,,,23399.85,GirthWeld,,,,,,,,,,,0.7,98.04,,,,1160,65000,,1342,,,,,,,,
6470,39.87,0.344,,,23439.7,GirthWeld,,,,,,,,,,,0.7,98.41,,,,1160,65000,,1342,,,,,,,,
6480,39.84,0.344,,,23479.57,GirthWeld,,,,,,,,,,,0.7,97.71,,,,1160,65000,,1342,,,,,,,,
6490,39.99,0.344,,,23519.41,GirthWeld,,,,,,,,,,,0.7,96.32,,,,1160,65000,,1342,,,,,,,,
6500,39.96,0.344,,,23559.4,GirthWeld,,,,,,,,,,,0.7,94.95,,,,1160,65000,,1342,,,,,,,,
6510,39.74,0.344,,,23599.36,GirthWeld,,,,,,,,,,,0.7,93.6,,,,1160,65000,,1342,,,,,,,,
6520,39.96,0.344,,,23639.09,GirthWeld,,,,,,,,,,8,0.7,92.12,,,,1160,65000,,1342,,,,,,,,
6520,,0.344,-0.75,39.21,23639.84,metal loss,External,19,0.065,,,0.79,3.98,3:51,,,0.7,92.1,,MFL-A/XT,,1160,65000,,1342,1470.18,2041.31,,,,,,
6520,,0.344,-27.94,12.02,23667.04,metal loss,External,15,0.052,,,0.87,3.66,11:28,,,0.7,91.34,,MFL-A/XT,,1160,65000,,1342,1470.59,2041.88,,,,,,
6520,,0.344,-28.22,11.75,23667.31,cluster,External,31,0.107,,,3.48,8.23,12:24,,,0.7,91.34,,,,1160,65000,,1342,1362.59,1891.92,1409.57,1957.16,1441.16,2001.01,0.82,1.69
6520,,0.344,-28.41,11.55,23667.5,metal loss,External,12,0.041,,,0.51,0.59,1:18,,,0.7,91.33,,MFL-A/XT,,1160,65000,,1342,,,,,,,,
6520,,0.344,-29.08,10.89,23668.17,metal loss,External,10,0.034,,,0.39,0.83,1:39,,,0.7,91.32,,MFL-A/XT,,1160,65000,,1342,,,,,,,,
6520,,0.344,-29.6,10.36,23668.7,metal loss,External,10,0.034,,,1.26,2.48,1:27,,,0.7,91.31,,MFL-A/XT,,1160,65000,,1342,,,,,,,,
6520,,0.344,-29.91,10.05,23669,metal loss,External,20,0.069,,,0.79,2.4,10:29,,,0.7,91.31,,MFL-A/XT,,1160,65000,,1342,1469.63,2040.54,1541.25,2139.99,1541.63,2140.52,0.75,1.84
6520,,0.344,-30,9.97,23669.09,metal loss,External,18,0.062,,,0.75,2.05,12:36,,,0.7,91.31,,MFL-A/XT,,1160,65000,,1342,1471.03,2042.48,,,,,,
6530,27.66,0.344,,,23679.06,GirthWeld,,,,,,,,,,5,0.7,91.21,,,,1160,65000,,1342,,,,,,,,
6530,,,,,23705,Attachment,,,,,,,,6:00,Repair Marker 2012 Dig #14 Recoat,,,90.95,,,,,,,,,,,,,,,
6530,,,,,23705.14,Area Start Composite Wrap,,,,,,,,,Repair Marker @12:00 2012 Dig#14,,,90.95,,,,,,,,,,,,,,,
6530,,0.344,-26.73,0.93,23705.79,cluster,External,48,0.165,,,1.81,5.32,2:52,Repaired?,,0.7,90.94,,,,1160,65000,,1342,1391.78,1932.46,1443.9,2004.82,1457.99,2024.39,0.8,1.73
6530,,0.344,-26.75,0.91,23705.81,metal loss,External,61,0.21,,,1.42,7.24,6:17,Repaired?,,0.7,90.94,,MFL-A/XT,,1160,65000,,1342,1394.98,1936.89,1442.31,2002.6,1462.76,2031,0.8,1.73
6530,,0.344,-26.75,0.91,23705.81,metal loss,External,42,0.144,,,1.1,5.04,4:12,Repaired?,,0.7,90.94,,MFL-A/XT,,1160,65000,,1342,1445.68,2007.29,1512.16,2099.6,1517.46,2106.96,0.77,1.81
6530,,0.344,-26.76,0.91,23705.81,metal loss,External,21,0.072,,,1.22,3.9,7:47,Repaired?,,0.7,90.94,,MFL-A/XT,,1160,65000,,1342,1460.89,2028.41,1531.38,2126.28,1532.42,2127.73,0.76,1.83
6530,,0.344,-26.78,0.88,23705.83,metal loss,External,23,0.079,,,1.1,6.26,9:05,Repaired?,,0.7,90.94,,MFL-A/XT,,1160,65000,,1342,1461.83,2029.71,1532.39,2127.69,1533.61,2129.37,0.76,1.83
6530,,,,,23706.56,Area End Composite Wrap,,,,,,,,,Repair Marker @12:00 2012 Dig#14,,,90.93,,,,,,,,,,,,,,,
6540,40,0.344,,,23706.72,GirthWeld,,,,,,,,,,1,0.7,90.92,,,,1160,65000,,1342,,,,,,,,
6540,,0.344,-0.77,39.23,23707.49,metal loss,External,70,0.241,,,0.55,1.14,5:10,Recoat,,0.7,90.91,,MFL-A/XT,,1160,65000,,1342,1457.78,2024.09,1523.05,2114.72,1529.01,2122.99,0.76,1.82
6540,,,,,23707.88,Attachment,,,,,,,,6:00,Repair Marker 2012 Dig #14 Recoat,,,90.91,,,,,,,,,,,,,,,
6550,39.98,0.344,,,23746.71,GirthWeld,,,,,,,,,,1,0.7,90.34,,,,1160,65000,,1342,,,,,,,,
6550,,0.344,-39.06,0.92,23785.78,cluster,External,85,0.292,,,1.02,4.65,5:17,,,0.7,90.28,,,,1160,65000,,1342,,,,,,,,
6560,40.05,0.344,,,23786.7,GirthWeld,,,,,,,,,,,0.7,90.29,,,,1160,65000,,1342,,,,,,,,
6570,39.97,0.344,,,23826.75,GirthWeld,,,,,,,,,,,0.7,90.15,,,,1160,65000,,1342,,,,,,,,
6580,40.01,0.344,,,23866.72,GirthWeld,,,,,,,,,,1,0.7,90.1,,,,1160,65000,,1342,,,,,,,,
6580,,0.344,-0.88,39.13,23867.6,metal loss,External,22,0.076,,,0.71,1.38,5:38,,,0.7,90.1,,MFL-A/XT,,1160,65000,,1342,1470.28,2041.44,1541.95,2140.96,1542.4,2141.58,0.75,1.85
6590,40.04,0.344,,,23906.73,GirthWeld,,,,,,,,,,1,0.7,89.71,,,,1160,65000,,1342,,,,,,,,
6590,,0.344,-38.95,1.09,23945.68,metal loss,External,19,0.065,,,0.47,0.94,4:57,,,0.7,90.8,,MFL-A/XT,,1160,65000,,1342,1473.97,2046.57,,,,,,
6600,40.05,0.344,,,23946.77,GirthWeld,,,,,,,,,,1,0.7,90.86,,,,1160,65000,,1342,,,,,,,,
6600,,0.344,-0.85,39.2,23947.62,metal loss,External,16,0.055,,,0.75,2.01,4:24,,,0.7,90.91,,MFL-A/XT,,1160,65000,,1342,1471.53,2043.18,,,,,,
6600,,,,,23961.36,AGM,,,,,,,,,AGM#9 AT PLM/ ON ROW,,,91.65,,,,,,,,,,,,,,,
6610,40.02,0.344,,,23986.81,GirthWeld,,,,,,,,,,,0.7,92.95,,,,1160,65000,,1342,,,,,,,,
6620,40.05,0.344,,,24026.84,GirthWeld,,,,,,,,,,,0.7,93.84,,,,1160,65000,,1342,,,,,,,,
6630,40.03,0.344,,,24066.88,GirthWeld,,,,,,,,,,,1,93.82,,,,1160,65000,,1342,,,,,,,,
6640,36.5,0.344,,,24106.91,GirthWeld,,,,,,,,,,,0.7,93.72,,,,1160,65000,,1342,,,,,,,,
6650,40.04,0.344,,,24143.42,GirthWeld,,,,,,,,,,,0.7,93.82,,,,1160,65000,,1342,,,,,,,,
6660,40.1,0.344,,,24183.46,GirthWeld,,,,,,,,,,,0.7,94.03,,,,1160,65000,,1342,,,,,,,,
6670,40.04,0.344,,,24223.56,GirthWeld,,,,,,,,,,,0.7,95.02,,,,1160,65000,,1342,,,,,,,,
6680,40.1,0.344,,,24263.6,GirthWeld,,,,,,,,,,,0.7,96.22,,,,1160,65000,,1342,,,,,,,,
6690,40.03,0.344,,,24303.7,GirthWeld,,,,,,,,,,,0.7,97.82,,,,1160,65000,,1342,,,,,,,,
6700,40.06,0.344,,,24343.73,GirthWeld,,,,,,,,,,,0.7,101.2,,,,1160,65000,,1342,,,,,,,,
6710,40,0.344,,,24383.79,GirthWeld,,,,,,,,,,,0.7,105.43,,,,1160,65000,,1342,,,,,,,,
6720,40.18,0.344,,,24423.79,GirthWeld,,,,,,,,,,,0.7,107.93,,,,1160,65000,,1342,,,,,,,,
6730,40.14,0.344,,,24463.97,GirthWeld,,,,,,,,,,,0.7,108.74,,,,1160,65000,,1342,,,,,,,,
6740,40.1,0.344,,,24504.11,GirthWeld,,,,,,,,,,,0.7,110.73,,,,1160,65000,,1342,,,,,,,,
6750,40.07,0.344,,,24544.21,GirthWeld,,,,,,,,,,,0.7,114.25,,,,1160,65000,,1342,,,,,,,,
6760,28.11,0.344,,,24584.28,GirthWeld,,,,,,,,,,,0.7,118.04,,,,1160,65000,,1342,,,,,,,,
6770,40.09,0.344,,,24612.39,GirthWeld,,,,,,,,,,,0.7,120.8,,,,1160,65000,,1342,,,,,,,,
6780,39.98,0.344,,,24652.48,GirthWeld,,,,,,,,,,,0.7,124.46,,,,1160,65000,,1342,,,,,,,,
6790,40.06,0.344,,,24692.46,GirthWeld,,,,,,,,,,1,0.7,127.88,,,,1160,65000,,1342,,,,,,,,
6790,,0.344,-3.86,36.19,24696.32,metal loss,External,20,0.069,,,2.28,1.3,8:51,,,0.7,128.28,,MFL-A/XT,,1160,65000,,1342,1435.45,1993.09,1501.48,2084.76,1503.88,2088.1,0.77,1.8
6800,40.12,0.344,,,24732.51,GirthWeld,,,,,,,,,,,0.7,133.27,,,,1160,65000,,1342,,,,,,,,
6810,40,0.344,,,24772.63,GirthWeld,,,,,,,,,,,0.7,140.28,,,,1160,65000,,1342,,,,,,,,
6820,40.1,0.344,,,24812.63,GirthWeld,,,,,,,,,,,0.7,143.52,,,,1160,65000,,1342,,,,,,,,
6830,40.01,0.344,,,24852.74,GirthWeld,,,,,,,,,,,1,144.47,,,,1160,65000,,1342,,,,,,,,
6840,40.21,0.344,,,24892.75,GirthWeld,,,,,,,,,,,0.7,147.7,,,,1160,65000,,1342,,,,,,,,
6850,40.07,0.344,,,24932.96,GirthWeld,,,,,,,,,,,0.7,154.64,,,,1160,65000,,1342,,,,,,,,
6860,39.87,0.344,,,24973.03,GirthWeld,,,,,,,,,,,0.7,164.17,,,,1160,65000,,1342,,,,,,,,
6870,39.92,0.344,,,25012.89,GirthWeld,,,,,,,,,,,0.7,172.7,,,,1160,65000,,1342,,,,,,,,
6880,32.73,0.344,,,25052.82,GirthWeld,,,,,,,,,,,0.7,178.38,,,,1160,65000,,1342,,,,,,,,
6890,39.91,0.344,,,25085.55,GirthWeld,,,,,,,,,,,0.7,180.27,,,,1160,65000,,1342,,,,,,,,
6900,40,0.344,,,25125.46,GirthWeld,,,,,,,,,,,0.7,176.71,,,,1160,65000,,1342,,,,,,,,
6910,40.02,0.344,,,25165.46,GirthWeld,,,,,,,,,,,0.7,167.78,,,,1160,65000,,1342,,,,,,,,
6920,40.03,0.344,,,25205.48,GirthWeld,,,,,,,,,,,0.7,153.16,,,,1160,65000,,1342,,,,,,,,
6930,40.06,0.344,,,25245.51,GirthWeld,,,,,,,,,,,0.7,137.03,,,,1160,65000,,1342,,,,,,,,
6940,40.1,0.344,,,25285.57,GirthWeld,,,,,,,,,,,0.7,121.35,,,,1160,65000,,1342,,,,,,,,
6950,40.04,0.344,,,25325.67,GirthWeld,,,,,,,,,,,0.7,106.86,,,,1160,65000,,1342,,,,,,,,
6960,40.01,0.344,,,25365.71,GirthWeld,,,,,,,,,,,0.7,93.69,,,,1160,65000,,1342,,,,,,,,
6970,39.96,0.344,,,25405.72,GirthWeld,,,,,,,,,,,0.7,79.48,,,,1160,65000,,1342,,,,,,,,
6980,40.21,0.344,,,25445.68,GirthWeld,,,,,,,,,,,0.7,64.55,,,,1160,65000,,1342,,,,,,,,
6990,40.18,0.344,,,25485.89,GirthWeld,,,,,,,,,,2,0.7,51.31,,,,1160,65000,,1342,,,,,,,,
6990,,0.344,-1.29,38.89,25487.18,metal loss,External,15,0.052,,,0.59,1.26,3:46,,,0.7,51.01,,MFL-A/XT,,1160,65000,,1342,1473.52,2045.95,,,,,,
6990,,0.344,-39.16,1.01,25525.05,metal loss,External,10,0.034,,,0.75,1.26,6:30,,,0.7,39.48,,MFL-A/XT,,1160,65000,,1342,,,,,,,,
7000,19.97,0.344,,,25526.07,GirthWeld,,,,,,,,,,,0.7,39.07,,,,1160,65000,,1342,,,,,,,,
7010,40.27,0.344,,,25546.04,GirthWeld,,,,,,,,,,1,0.7,31.44,,,,1160,65000,,1342,,,,,,,,
7010,,0.344,-23.97,16.3,25570.01,metal loss,External,12,0.041,,,1.26,1.77,4:17,,,0.7,24.56,,MFL-A/XT,,1160,65000,,1342,,,,,,,,
7020,13.98,0.344,,,25586.31,GirthWeld,,,,,,,,,,,0.7,22.23,,,,1160,65000,,1342,,,,,,,,
7030,39.9,0.344,,,25600.29,GirthWeld,,,,,,,,,,,0.7,20.65,,,,1160,65000,,1342,,,,,,,,
7040,27.82,0.344,,,25640.19,GirthWeld,,,,,,,,,,,0.7,15.75,,,,1160,65000,,1342,,,,,,,,
7050,40.09,0.344,,,25668,GirthWeld,,,,,,,,,,,0.7,12.84,,,,1160,65000,,1342,,,,,,,,
7060,37.64,0.344,,,25708.1,GirthWeld,,,,,,,,,,,0.7,14.32,,,,1160,65000,,1342,,,,,,,,
7070,40.07,0.344,,,25745.74,GirthWeld,,,,,,,,,,,0.7,16.98,,,,1160,65000,,1342,,,,,,,,
7080,29.69,0.344,,,25785.81,GirthWeld,,,,,,,,,,,0.7,17.71,,,,1160,65000,,1342,,,,,,,,
7090,9.55,0.344,,,25815.49,GirthWeld,,,,,,,,,,,1,18.63,,,,1160,65000,,1342,,,,,,,,
7100,40.2,0.344,,,25825.05,GirthWeld,,,,,,,,,,,1,18.95,,,,1160,65000,,1342,,,,,,,,
7110,8.78,0.5,,,25865.25,GirthWeld,,,,,,,,,,,0.7,20.16,,,,1160,60000,,1800,,,,,,,,
7110,,,,,25869.95,Bend,,,,,,,,,5.5D -  23° - Sag,,,20.64,,,,,,,,,,,,,,,
7120,40.28,0.344,,,25874.03,GirthWeld,,,,,,,,,,2,1,22.36,,,,1160,65000,,1342,,,,,,,,
7120,,0.344,-1.1,39.18,25875.13,metal loss,External,14,0.048,,,1.3,2.91,2:10,,,1,22.89,,MFL-A/XT,,1160,65000,,1342,1465.25,2034.46,,,,,,
7120,,0.344,-38.1,2.18,25912.13,metal loss manufacturing,N/A,11,0.038,,,0.35,0.87,2:12,,,1,40.96,,MFL-A/XT,,1160,65000,,1342,,,,,,,,
7130,40.02,0.344,,,25914.31,GirthWeld,,,,,,,,,,,0.7,42.02,,,,1160,65000,,1342,,,,,,,,
7140,40.05,0.344,,,25954.33,GirthWeld,,,,,,,,,,,0.7,61.48,,,,1160,65000,,1342,,,,,,,,
7150,40,0.344,,,25994.38,GirthWeld,,,,,,,,,,,0.7,79.73,,,,1160,65000,,1342,,,,,,,,
7160,40.06,0.344,,,26034.38,GirthWeld,,,,,,,,,,1,0.7,94.11,,,,1160,65000,,1342,,,,,,,,
7160,,0.344,-0.83,39.23,26035.21,metal loss,External,12,0.041,,,0.98,1.58,6:35,,,0.7,94.4,,MFL-A/XT,,1160,65000,,1342,,,,,,,,
7170,40.09,0.344,,,26074.44,GirthWeld,,,,,,,,,,,0.7,108.14,,,,1160,65000,,1342,,,,,,,,
7170,,,,,26084.38,AGM,,,,,,,,,AGM#10 11' D/S OF DRIVEWAY/ AT PLM,,,111.71,,,,,,,,,,,,,,,
7180,20.02,0.344,,,26114.54,GirthWeld,,,,,,,,,,,0.7,122.73,,,,1160,65000,,1342,,,,,,,,
7190,40.02,0.344,,,26134.55,GirthWeld,,,,,,,,,,,0.7,129.97,,,,1160,65000,,1342,,,,,,,,
7200,40.18,0.344,,,26174.57,GirthWeld,,,,,,,,,,,0.7,143.59,,,,1160,65000,,1342,,,,,,,,
7210,40.02,0.344,,,26214.75,GirthWeld,,,,,,,,,,,0.7,151.13,,,,1160,65000,,1342,,,,,,,,
7220,40.07,0.344,,,26254.77,GirthWeld,,,,,,,,,,,0.7,153.63,,,,1160,65000,,1342,,,,,,,,
7230,40.06,0.344,,,26294.84,GirthWeld,,,,,,,,,,,1,155.32,,,,1160,65000,,1342,,,,,,,,
7240,40.08,0.344,,,26334.9,GirthWeld,,,,,,,,,,,0.7,157.02,,,,1160,65000,,1342,,,,,,,,
7250,40.05,0.344,,,26374.97,GirthWeld,,,,,,,,,,,0.7,158.93,,,,1160,65000,,1342,,,,,,,,
7260,40.06,0.344,,,26415.02,GirthWeld,,,,,,,,,,2,0.7,161.71,,,,1160,65000,,1342,,,,,,,,
7260,,0.344,-29.23,10.83,26444.25,metal loss manufacturing,N/A,15,0.052,,,0.43,0.71,9:27,,,0.7,163.83,,MFL-A/XT,,1160,65000,,1342,,,,,,,,
7260,,0.344,-39.24,0.82,26454.26,metal loss,External,12,0.041,,,2.32,1.26,3:29,,,0.7,164.47,,MFL-A/XT,,1160,65000,,1342,,,,,,,,
7270,40.07,0.344,,,26455.08,GirthWeld,,,,,,,,,,,0.7,164.52,,,,1160,65000,,1342,,,,,,,,
7280,39.91,0.344,,,26495.15,GirthWeld,,,,,,,,,,,0.7,167.11,,,,1160,65000,,1342,,,,,,,,
7290,39.97,0.344,,,26535.07,GirthWeld,,,,,,,,,,,0.7,170.09,,,,1160,65000,,1342,,,,,,,,
7300,40.06,0.344,,,26575.04,GirthWeld,,,,,,,,,,,0.7,172.97,,,,1160,65000,,1342,,,,,,,,
7310,40.02,0.344,,,26615.09,GirthWeld,,,,,,,,,,,0.7,174.14,,,,1160,65000,,1342,,,,,,,,
7320,40.02,0.344,,,26655.11,GirthWeld,,,,,,,,,,,0.7,175.18,,,,1160,65000,,1342,,,,,,,,
7330,39.91,0.344,,,26695.13,GirthWeld,,,,,,,,,,,0.7,176.6,,,,1160,65000,,1342,,,,,,,,
7340,40.13,0.344,,,26735.04,GirthWeld,,,,,,,,,,,0.7,178.09,,,,1160,65000,,1342,,,,,,,,
7350,40.09,0.344,,,26775.18,GirthWeld,,,,,,,,,,,0.7,178.03,,,,1160,65000,,1342,,,,,,,,
7360,12.39,0.344,,,26815.26,GirthWeld,,,,,,,,,,,0.7,175.72,,,,1160,65000,,1342,,,,,,,,
7370,40.14,0.344,,,26827.65,GirthWeld,,,,,,,,,,,0.7,174.52,,,,1160,65000,,1342,,,,,,,,
7380,40.22,0.344,,,26867.78,GirthWeld,,,,,,,,,,6,1,168.96,,,,1160,65000,,1342,,,,,,,,
7380,,,,,26906.77,Attachment,,,,,,,,6:00,Repair Marker 2012 Dig #1 Recoat,,,155.26,,,,,,,,,,,,,,,
7380,,0.344,-39,1.22,26906.78,metal loss,External,35,0.12,,,0.71,1.3,7:25,Recoat,,1,155.25,,MFL-A/XT,,1160,65000,,1342,1465.75,2035.15,1536.47,2133.35,1538,2135.48,0.75,1.84
7380,,0.344,-39.33,0.89,26907.12,metal loss,External,40,0.138,,,0.94,1.81,7:44,Recoat,,1,155.1,,MFL-A/XT,,1160,65000,,1342,1455.08,2020.34,1523.63,2115.53,1527.14,2120.4,0.76,1.82
7380,,0.344,-39.34,0.88,26907.12,metal loss,External,44,0.151,,,0.67,1.06,6:04,Recoat,,1,155.1,,MFL-A/XT,,1160,65000,,1342,1463.33,2031.8,1533.19,2128.8,1535.54,2132.05,0.76,1.84
7380,,0.344,-39.34,0.88,26907.12,metal loss,External,13,0.045,,,0.63,1.18,8:51,Recoat,,1,155.1,,MFL-A/XT,,1160,65000,,1342,1473.54,2045.97,,,,,,
7380,,0.344,-39.35,0.86,26907.14,metal loss,External,55,0.189,,,0.87,4.84,4:39,Recoat,,1,155.09,,MFL-A/XT,,1160,65000,,1342,1447.44,2009.74,1512.4,2099.92,1518.95,2109.03,0.77,1.81
7380,,0.344,-39.58,0.64,26907.36,cluster,External,62,0.213,,,1.98,2.87,5:57,Recoat,,1,154.99,,,,1160,65000,,1342,1337.36,1856.9,1364.77,1894.96,1486.01,2063.29,0.85,1.63
7390,22.82,0.344,,,26908,GirthWeld,,,,,,,,,,,1,154.69,,,,1160,65000,,1342,,,,,,,,
7390,,,,,26909.84,Attachment,,,,,,,,6:00,Repair Marker 2012 Dig #1 Recoat,,,153.85,,,,,,,,,,,,,,,
7400,40.17,0.344,,,26930.83,GirthWeld,,,,,,,,,,5,0.7,143.92,,,,1160,65000,,1342,,,,,,,,
7400,,0.344,-39.11,1.06,26969.94,metal loss,External,14,0.048,,,0.55,0.75,4:04,,,0.7,124.82,,MFL-A/XT,,1160,65000,,1342,1474.01,2046.62,,,,,,
7400,,0.344,-39.17,1,26970,metal loss,External,10,0.034,,,0.94,2.05,3:36,,,0.7,124.79,,MFL-A/XT,,1160,65000,,1342,,,,,,,,
7400,,0.344,-39.9,0.27,26970.73,metal loss,External,12,0.041,,,0.55,0.91,1:53,near girth weld,,0.7,124.43,,MFL-A/XT,,1160,65000,,1342,,,,,,,,
7400,,0.344,-39.91,0.26,26970.74,metal loss,External,24,0.083,,,0.51,1.02,2:48,near girth weld,,0.7,124.43,,MFL-A/XT,,1160,65000,,1342,1472.65,2044.74,1544.57,2144.6,1544.89,2145.05,0.75,1.85
7400,,0.344,-40.01,0.16,26970.84,metal loss,External,12,0.041,,,0.98,7.17,2:13,near girth weld,,0.7,124.38,,MFL-A/XT,,1160,65000,,1342,,,,,,,,
7410,13.22,0.5,,,26971,GirthWeld,,,,,,,,,,,0.7,124.3,,,,1160,60000,,1800,,,,,,,,
7410,,,,,26977.76,Bend,,,,,,,,,6.1D -  40° - Sag,,,121.97,,,,,,,,,,,,,,,
7420,30.18,0.344,,,26984.21,GirthWeld,,,,,,,,,,5,0.7,123.49,,,,1160,65000,,1342,,,,,,,,
7420,,0.344,-0.88,29.29,26985.1,metal loss,External,23,0.079,,,0.63,2.01,11:56,,,0.7,123.83,,MFL-A/XT,,1160,65000,,1342,1471.13,2042.62,1542.88,2142.25,1543.31,2142.85,0.75,1.85
7420,,0.344,-0.9,29.28,26985.11,metal loss,External,11,0.038,,,0.55,1.18,5:22,,,0.7,123.84,,MFL-A/XT,,1160,65000,,1342,,,,,,,,
7420,,0.344,-0.92,29.26,26985.13,metal loss,External,11,0.038,,,0.75,1.58,2:11,,,0.7,123.84,,MFL-A/XT,,1160,65000,,1342,,,,,,,,
7420,,0.344,-1.1,29.08,26985.31,metal loss,External,29,0.1,,,0.91,2.24,3:46,,,0.7,123.91,,MFL-A/XT,,1160,65000,,1342,1462.87,2031.16,1533.38,2129.06,1534.98,2131.29,0.76,1.84
7420,,0.344,-1.21,28.97,26985.43,metal loss,External,20,0.069,,,1.06,2.91,10:43,,,0.7,123.96,,MFL-A/XT,,1160,65000,,1342,1464.69,2033.69,1535.72,2132.3,1536.39,2133.23,0.76,1.84
7430,31.44,0.344,,,27014.39,GirthWeld,,,,,,,,,,,0.7,135.72,,,,1160,65000,,1342,,,,,,,,
7440,40.11,0.344,,,27045.83,GirthWeld,,,,,,,,,,,0.7,149.44,,,,1160,65000,,1342,,,,,,,,
7450,40.13,0.344,,,27085.94,GirthWeld,,,,,,,,,,,0.7,165.51,,,,1160,65000,,1342,,,,,,,,
7460,40.14,0.344,,,27126.08,GirthWeld,,,,,,,,,,,0.7,175.88,,,,1160,65000,,1342,,,,,,,,
7470,40.07,0.344,,,27166.22,GirthWeld,,,,,,,,,,,0.7,182.16,,,,1160,65000,,1342,,,,,,,,
7480,40.08,0.344,,,27206.28,GirthWeld,,,,,,,,,,,0.7,184.23,,,,1160,65000,,1342,,,,,,,,
7490,39.95,0.344,,,27246.37,GirthWeld,,,,,,,,,,2,0.7,186.02,,,,1160,65000,,1342,,,,,,,,
7490,,0.344,-38.3,1.65,27284.67,metal loss,External,13,0.045,,,1.22,2.13,5:53,,,0.7,187.04,,MFL-A/XT,,1160,65000,,1342,1467.24,2037.22,,,,,,
7490,,0.344,-38.69,1.26,27285.06,metal loss,External,17,0.058,,,0.67,1.42,6:07,,,0.7,187.05,,MFL-A/XT,,1160,65000,,1342,1472.35,2044.32,,,,,,
7500,29.28,0.344,,,27286.32,GirthWeld,,,,,,,,,,,0.7,187.07,,,,1160,65000,,1342,,,,,,,,
7510,39.99,0.344,,,27315.6,GirthWeld,,,,,,,,,,,0.7,187.49,,,,1160,65000,,1342,,,,,,,,
7520,39.98,0.344,,,27355.59,GirthWeld,,,,,,,,,,1,0.7,188.1,,,,1160,65000,,1342,,,,,,,,
7520,,0.344,-0.89,39.09,27356.48,metal loss,External,11,0.038,,,0.51,1.14,5:50,,,0.7,188.11,,MFL-A/XT,,1160,65000,,1342,,,,,,,,
7530,40,0.344,,,27395.57,GirthWeld,,,,,,,,,,,0.7,188.65,,,,1160,65000,,1342,,,,,,,,
7540,40.02,0.344,,,27435.57,GirthWeld,,,,,,,,,,,0.7,188.61,,,,1160,65000,,1342,,,,,,,,
7550,40,0.344,,,27475.59,GirthWeld,,,,,,,,,,2,0.7,188.15,,,,1160,65000,,1342,,,,,,,,
7550,,0.344,-39.47,0.53,27515.06,metal loss,External,12,0.041,,,0.63,1.1,7:25,,,0.7,188.14,,MFL-A/XT,,1160,65000,,1342,,,,,,,,
7550,,0.344,-39.69,0.31,27515.29,cluster,External,19,0.065,,,1.08,4.23,7:58,near girth weld,,0.7,188.14,,,,1160,65000,,1342,1465.44,2034.73,,,,,,
7560,40.04,0.344,,,27515.59,GirthWeld,,,,,,,,,,,0.7,188.14,,,,1160,65000,,1342,,,,,,,,
7570,39.96,0.344,,,27555.63,GirthWeld,,,,,,,,,,,0.7,188.75,,,,1160,65000,,1342,,,,,,,,
7580,39.97,0.344,,,27595.59,GirthWeld,,,,,,,,,,,0.7,190.29,,,,1160,65000,,1342,,,,,,,,
7590,40.04,0.344,,,27635.56,GirthWeld,,,,,,,,,,,0.7,192.07,,,,1160,65000,,1342,,,,,,,,
7600,40.09,0.344,,,27675.6,GirthWeld,,,,,,,,,,,0.7,194.2,,,,1160,65000,,1342,,,,,,,,
7610,40.22,0.344,,,27715.69,GirthWeld,,,,,,,,,,,0.7,196,,,,1160,65000,,1342,,,,,,,,
7620,40.06,0.344,,,27755.92,GirthWeld,,,,,,,,,,,0.7,197.34,,,,1160,65000,,1342,,,,,,,,
7630,40.19,0.344,,,27795.98,GirthWeld,,,,,,,,,,,0.7,197.96,,,,1160,65000,,1342,,,,,,,,
7640,40.1,0.344,,,27836.17,GirthWeld,,,,,,,,,,,0.7,198.35,,,,1160,65000,,1342,,,,,,,,
7650,40.07,0.344,,,27876.26,GirthWeld,,,,,,,,,,,0.7,198.62,,,,1160,65000,,1342,,,,,,,,
7660,40.15,0.344,,,27916.34,GirthWeld,,,,,,,,,,,0.7,194.45,,,,1160,65000,,1342,,,,,,,,
7670,39.95,0.344,,,27956.49,GirthWeld,,,,,,,,,,4,0.7,184.36,,,,1160,65000,,1342,,,,,,,,
7670,,0.344,-29.12,10.83,27985.61,metal loss,External,18,0.062,,,0.79,1.46,10:07,,,0.7,173.32,,MFL-A/XT,,1160,65000,,1342,1470.54,2041.81,,,,,,
7670,,0.344,-31.33,8.62,27987.82,cluster,External,23,0.079,,,1.74,2.45,7:49,,,0.7,172.37,,,,1160,65000,,1342,1444.85,2006.14,1512.69,2100.33,1520.1,2110.63,0.77,1.81
7670,,0.344,-35.55,4.4,27992.04,metal loss,External,24,0.083,,,0.71,1.26,1:54,,,0.7,170.53,,MFL-A/XT,,1160,65000,,1342,1469.64,2040.56,1541.2,2139.92,1541.8,2140.75,0.75,1.84
7670,,0.344,-35.84,4.11,27992.33,metal loss,External,11,0.038,,,0.63,1.26,1:56,,,0.7,170.4,,MFL-A/XT,,1160,65000,,1342,,,,,,,,
7680,12.69,0.5,,,27996.44,GirthWeld,,,,,,,,,,,0.7,168.61,,,,1160,60000,,1800,,,,,,,,
7680,,,,,28003.02,Bend,,,,,,,,,5.8D -  38° - Sag,,,166.73,,,,,,,,,,,,,,,
7690,40.31,0.344,,,28009.13,GirthWeld,,,,,,,,,,,0.7,168.32,,,,1160,65000,,1342,,,,,,,,
7700,39.96,0.344,,,28049.45,GirthWeld,,,,,,,,,,,0.7,181.19,,,,1160,65000,,1342,,,,,,,,
7710,20.56,0.344,,,28089.41,GirthWeld,,,,,,,,,,,0.7,183.75,,,,1160,65000,,1342,,,,,,,,
7720,40.06,0.344,,,28109.97,GirthWeld,,,,,,,,,,,0.7,182.7,,,,1160,65000,,1342,,,,,,,,
7730,40.03,0.344,,,28150.03,GirthWeld,,,,,,,,,,,0.7,179.5,,,,1160,65000,,1342,,,,,,,,
7740,40.06,0.344,,,28190.06,GirthWeld,,,,,,,,,,,0.7,174.28,,,,1160,65000,,1342,,,,,,,,
7750,32.62,0.344,,,28230.12,GirthWeld,,,,,,,,,,,0.7,168.65,,,,1160,65000,,1342,,,,,,,,
7760,40.12,0.344,,,28262.74,GirthWeld,,,,,,,,,,1,0.7,164.43,,,,1160,65000,,1342,,,,,,,,
7760,,0.344,-39.63,0.49,28302.37,metal loss,External,12,0.041,,,1.85,0.71,4:35,,,0.7,159.61,,MFL-A/XT,,1160,65000,,1342,,,,,,,,
7770,32.9,0.344,,,28302.86,GirthWeld,,,,,,,,,,,0.7,159.55,,,,1160,65000,,1342,,,,,,,,
7780,40.03,0.344,,,28335.76,GirthWeld,,,,,,,,,,,0.7,155.5,,,,1160,65000,,1342,,,,,,,,
7790,40.16,0.344,,,28375.79,GirthWeld,,,,,,,,,,,0.7,150.07,,,,1160,65000,,1342,,,,,,,,
7800,40.06,0.344,,,28415.95,GirthWeld,,,,,,,,,,,0.7,146.05,,,,1160,65000,,1342,,,,,,,,
7810,40.11,0.344,,,28456,GirthWeld,,,,,,,,,,,0.7,143.57,,,,1160,65000,,1342,,,,,,,,
7820,39.99,0.344,,,28496.11,GirthWeld,,,,,,,,,,,0.7,141.31,,,,1160,65000,,1342,,,,,,,,
7830,40.02,0.344,,,28536.1,GirthWeld,,,,,,,,,,,0.7,138.25,,,,1160,65000,,1342,,,,,,,,
7840,40.06,0.344,,,28576.12,GirthWeld,,,,,,,,,,,0.7,133.33,,,,1160,65000,,1342,,,,,,,,
7850,40.12,0.344,,,28616.19,GirthWeld,,,,,,,,,,,0.7,130.25,,,,1160,65000,,1342,,,,,,,,
7860,40.06,0.344,,,28656.3,GirthWeld,,,,,,,,,,2,0.7,129.51,,,,1160,65000,,1342,,,,,,,,
7860,,0.344,-17.97,22.08,28674.28,metal loss,External,12,0.041,,,0.67,1.06,7:17,,,0.7,129.85,,MFL-A/XT,,1160,65000,,1342,,,,,,,,
7860,,0.344,-18.12,21.93,28674.43,metal loss,External,12,0.041,,,1.06,2.13,7:08,,,0.7,129.85,,MFL-A/XT,,1160,65000,,1342,,,,,,,,
7870,39.92,0.344,,,28696.36,GirthWeld,,,,,,,,,,,0.7,130.82,,,,1160,65000,,1342,,,,,,,,
7880,40.05,0.344,,,28736.28,GirthWeld,,,,,,,,,,,0.7,133.96,,,,1160,65000,,1342,,,,,,,,
7890,40.09,0.344,,,28776.33,GirthWeld,,,,,,,,,,,0.7,134.74,,,,1160,65000,,1342,,,,,,,,
7900,40.04,0.344,,,28816.42,GirthWeld,,,,,,,,,,,1,134.54,,,,1160,65000,,1342,,,,,,,,
7900,,,,,28845.3,AGM,,,,,,,,,AGM#11 AT PLM/ ON ROW,,,132.99,,,,,,,,,,,,,,,
7900,,,,,28855.32,Attachment,,,,,,,,6:00,Repair Marker 2012 Dig #15 Recoat,,,132.44,,,,,,,,,,,,,,,
7910,40.1,0.344,,,28856.46,GirthWeld,,,,,,,,,,3,0.7,132.38,,,,1160,65000,,1342,,,,,,,,
7910,,0.344,-0.72,39.38,28857.18,metal loss,External,46,0.158,,,1.73,2.4,6:43,Recoat,,0.7,132.35,,MFL-A/XT,,1160,65000,,1342,1402.2,1946.91,1457.69,2023.96,1471.47,2043.1,0.8,1.74
7910,,0.344,-0.74,39.36,28857.2,metal loss,External,31,0.107,,,1.69,6.58,4:26,Recoat,,0.7,132.35,,MFL-A/XT,,1160,65000,,1342,1433.18,1989.94,1498.34,2080.41,1503.93,2088.16,0.77,1.79
7910,,0.344,-0.76,39.34,28857.22,metal loss,External,57,0.196,,,1.06,2.56,5:56,Recoat,,0.7,132.34,,MFL-A/XT,,1160,65000,,1342,1431.4,1987.46,1491.48,2070.88,1502.05,2085.56,0.78,1.79
7910,,,,,28857.97,Attachment,,,,,,,,6:00,Repair Marker 2012 Dig #15 Recoat,,,132.31,,,,,,,,,,,,,,,
7920,40.1,0.344,,,28896.56,GirthWeld,,,,,,,,,,,0.7,130.51,,,,1160,65000,,1342,,,,,,,,
7930,40.17,0.344,,,28936.66,GirthWeld,,,,,,,,,,,0.7,128.28,,,,1160,65000,,1342,,,,,,,,
7940,40.09,0.344,,,28976.83,GirthWeld,,,,,,,,,,,0.7,127.16,,,,1160,65000,,1342,,,,,,,,
7950,40.07,0.344,,,29016.91,GirthWeld,,,,,,,,,,,0.7,127.54,,,,1160,65000,,1342,,,,,,,,
7960,40.08,0.344,,,29056.98,GirthWeld,,,,,,,,,,,0.7,128.67,,,,1160,65000,,1342,,,,,,,,
7960,,,,,29095.07,Attachment,,,,,,,,6:00,Repair Marker,,,129.15,,,,,,,,,,,,,,,
7960,,,,,29095.49,Area Start Sleeve,,,,,,,,,,,,129.14,,,,,,,,,,,,,,,
7960,,,,,29096.68,Area End Sleeve,,,,,,,,,,,,129.11,,,,,,,,,,,,,,,
7970,33.4,0.344,,,29097.07,GirthWeld,,,,,,,,,,,0.7,129.1,,,,1160,65000,,1342,,,,,,,,
7970,,,,,29097.91,Attachment,,,,,,,,6:00,Repair Marker,,,129.07,,,,,,,,,,,,,,,
7980,40.04,0.344,,,29130.47,GirthWeld,,,,,,,,,,,0.7,128.33,,,,1160,65000,,1342,,,,,,,,
7990,40.07,0.344,,,29170.51,GirthWeld,,,,,,,,,,2,0.7,127.05,,,,1160,65000,,1342,,,,,,,,
7990,,0.344,-0.68,39.39,29171.19,cluster,External,49,0.169,,,1.69,7.08,5:58,,,0.7,127.01,,,,1160,65000,,1342,1397.98,1941.07,1451.45,2015.31,1494.99,2075.75,0.8,1.74
7990,,0.344,-0.7,39.37,29171.21,cluster,External,55,0.189,,,1.74,6.91,4:05,,,0.7,127,,,,1160,65000,,1342,1380.44,1916.71,1426.46,1980.61,1442.46,2002.82,0.81,1.71
8000,39.96,0.344,,,29210.59,GirthWeld,,,,,,,,,,3,0.7,124.48,,,,1160,65000,,1342,,,,,,,,
8000,,,,,29248.63,Attachment,,,,,,,,6:00,Repair Marker,,,122.04,,,,,,,,,,,,,,,
8000,,0.344,-39.07,0.9,29249.65,metal loss,External,48,0.165,,,1.26,4.8,7:55,Recoat,,0.7,121.97,,MFL-A/XT,,1160,65000,,1342,1429.74,1985.16,1491.65,2071.12,1500.75,2083.76,0.78,1.79
8000,,0.344,-39.1,0.87,29249.68,metal loss,External,31,0.107,,,0.67,3.74,3:59,Recoat,,0.7,121.97,,MFL-A/XT,,1160,65000,,1342,1468.1,2038.42,1539.3,2137.28,1540.35,2138.74,0.75,1.84
8000,,0.344,-39.27,0.69,29249.86,metal loss,External,35,0.12,,,1.65,4.05,5:33,Recoat,,0.7,121.96,,MFL-A/XT,,1160,65000,,1342,1427.9,1982.6,1491.55,2070.98,1498.62,2080.8,0.78,1.79
8010,40.08,0.344,,,29250.55,GirthWeld,,,,,,,,,,2,0.7,121.91,,,,1160,65000,,1342,,,,,,,,
8010,,0.344,-0.83,39.25,29251.38,metal loss,External,14,0.048,,,1.34,2.36,5:55,Recoat,,0.7,121.85,,MFL-A/XT,,1160,65000,,1342,1464.52,2033.45,,,,,,
8010,,0.344,-0.84,39.24,29251.39,metal loss,External,15,0.052,,,1.81,1.06,5:33,Recoat,,0.7,121.85,,MFL-A/XT,,1160,65000,,1342,1455.34,2020.7,,,,,,
8010,,,,,29252.85,Attachment,,,,,,,,6:00,Repair Marker,,,121.75,,,,,,,,,,,,,,,
8020,40.04,0.344,,,29290.63,GirthWeld,,,,,,,,,,,0.7,119.46,,,,1160,65000,,1342,,,,,,,,
8030,40.14,0.344,,,29330.67,GirthWeld,,,,,,,,,,,0.7,118.24,,,,1160,65000,,1342,,,,,,,,
8040,40.25,0.344,,,29370.81,GirthWeld,,,,,,,,,,,0.7,116.82,,,,1160,65000,,1342,,,,,,,,
8050,40.19,0.344,,,29411.06,GirthWeld,,,,,,,,,,,0.7,114.48,,,,1160,65000,,1342,,,,,,,,
8060,40.06,0.344,,,29451.25,GirthWeld,,,,,,,,,,24,1,110.85,,,,1160,65000,,1342,,,,,,,,
8060,,0.344,-2.31,37.74,29453.57,metal loss,External,17,0.058,,,1.26,1.89,6:05,,,1,110.57,,MFL-A/XT,,1160,65000,,1342,1463.29,2031.74,,,,,,
8060,,0.344,-3.04,37.02,29454.29,metal loss,External,10,0.034,,,0.91,1.3,5:41,,,1,110.48,,MFL-A/XT,,1160,65000,,1342,,,,,,,,
8060,,0.344,-3.36,36.7,29454.61,metal loss,External,44,0.151,,,0.75,0.93,5:42,,,1,110.44,,MFL-A/XT,,1160,65000,,1342,1460.57,2027.96,1529.88,2124.2,1532.73,2128.15,0.76,1.83
8060,,0.344,-4.11,35.95,29455.36,metal loss,External,13,0.045,,,1.89,1.1,6:32,,,1,110.35,,MFL-A/XT,,1160,65000,,1342,1457.01,2023.02,,,,,,
8060,,0.344,-4.11,35.95,29455.36,metal loss,External,15,0.052,,,0.35,1.26,6:13,,,1,110.35,,MFL-A/XT,,1160,65000,,1342,1475.18,2048.25,,,,,,
8060,,0.344,-4.65,35.4,29455.91,metal loss,External,14,0.048,,,2.05,1.53,6:04,,,1,110.29,,MFL-A/XT,,1160,65000,,1342,1452.68,2017.02,,,,,,
8060,,0.344,-7.4,32.66,29458.65,metal loss,External,12,0.041,,,1.18,1.42,5:51,,,1,109.97,,MFL-A/XT,,1160,65000,,1342,,,,,,,,
8060,,0.344,-13.07,26.99,29464.32,metal loss,External,11,0.038,,,2.36,2.05,5:03,,,1,109.34,,MFL-A/XT,,1160,65000,,1342,,,,,,,,
8060,,0.344,-13.08,26.98,29464.33,metal loss,External,13,0.045,,,2.21,2.09,5:28,,,1,109.34,,MFL-A/XT,,1160,65000,,1342,1451.97,2016.02,,,,,,
8060,,0.344,-13.71,26.35,29464.97,metal loss,External,12,0.041,,,1.65,2.17,4:59,,,1,109.27,,MFL-A/XT,,1160,65000,,1342,,,,,,,,
8060,,0.344,-14.25,25.81,29465.5,metal loss,External,29,0.1,,,1.61,1.61,7:29,,,1,109.21,,MFL-A/XT,,1160,65000,,1342,1439.25,1998.37,1505.76,2090.71,1510.21,2096.89,0.77,1.8
8060,,0.344,-14.39,25.67,29465.64,metal loss,External,13,0.045,,,0.43,0.87,5:19,,,1,109.2,,MFL-A/XT,,1160,65000,,1342,1474.95,2047.93,,,,,,
8060,,0.344,-15.5,24.56,29466.75,metal loss,External,33,0.114,,,1.89,1.14,4:29,,,1,109.08,,MFL-A/XT,,1160,65000,,1342,1420.58,1972.44,1482.87,2058.93,1490.56,2069.61,0.78,1.77
8060,,0.344,-15.52,24.54,29466.77,metal loss,External,11,0.038,,,1.42,1.18,5:05,,,1,109.08,,MFL-A/XT,,1160,65000,,1342,,,,,,,,
8060,,0.344,-16.71,23.34,29467.97,metal loss,External,22,0.076,,,0.75,1.3,7:25,,,1,108.95,,MFL-A/XT,,1160,65000,,1342,1469.48,2040.34,1541.06,2139.72,1541.57,2140.44,0.75,1.84
8060,,0.344,-17.81,22.25,29469.06,metal loss,External,67,0.23,,,0.83,0.6,7:43,,,1,108.84,,MFL-A/XT,,1160,65000,,1342,1439.43,1998.61,1498.81,2081.06,1509.72,2096.2,0.77,1.79
8060,,0.344,-19.7,20.35,29470.96,metal loss,External,14,0.048,,,0.63,0.98,5:11,,,1,108.65,,MFL-A/XT,,1160,65000,,1342,1473.42,2045.8,,,,,,
8060,,0.344,-19.76,20.3,29471.01,metal loss,External,21,0.072,,,0.71,1.06,7:37,,,1,108.65,,MFL-A/XT,,1160,65000,,1342,1470.59,2041.88,1542.31,2141.46,1542.69,2141.99,0.75,1.85
8060,,0.344,-34.08,5.98,29485.33,metal loss,External,11,0.038,,,0.91,1.22,7:59,,,1,107.94,,MFL-A/XT,,1160,65000,,1342,,,,,,,,
8060,,0.344,-34.09,5.97,29485.34,metal loss,External,13,0.045,,,1.02,0.63,8:18,,,1,107.94,,MFL-A/XT,,1160,65000,,1342,1469.66,2040.59,,,,,,
8060,,0.344,-34.37,5.68,29485.63,metal loss,External,13,0.045,,,0.67,1.1,8:04,,,1,107.94,,MFL-A/XT,,1160,65000,,1342,1473.24,2045.55,,,,,,
8060,,0.344,-34.89,5.17,29486.15,metal loss,External,22,0.076,,,0.79,1.65,8:00,,,1,107.94,,MFL-A/XT,,1160,65000,,1342,1469.07,2039.77,1540.6,2139.08,1541.14,2139.84,0.75,1.84
8060,,,,,29490.01,Attachment,,,,,,,,6:00,Repair Marker 2012 Dig #16 Recoat,,,107.97,,,,,,,,,,,,,,,
8060,,0.344,-39.19,0.87,29490.44,metal loss,External,44,0.151,,,0.71,2.28,8:26,Recoat,,1,107.97,,MFL-A/XT,,1160,65000,,1342,1461.98,2029.92,1531.57,2126.55,1534.16,2130.14,0.76,1.83
8060,,0.344,-39.19,0.87,29490.45,metal loss,External,66,0.227,,,0.75,1.58,4:56,Recoat,,1,107.97,,MFL-A/XT,,1160,65000,,1342,1445.99,2007.72,1507.99,2093.81,1516.77,2106,0.77,1.81
8070,40.07,0.344,,,29491.31,GirthWeld,,,,,,,,,,1,0.7,107.98,,,,1160,65000,,1342,,,,,,,,
8070,,,,,29492.62,Attachment,,,,,,,,6:00,Repair Marker 2012 Dig #16 Recoat,,,108,,,,,,,,,,,,,,,
8070,,0.344,-5.36,34.7,29496.67,metal loss manufacturing,N/A,15,0.052,,,0.35,0.63,6:31,,,0.7,108.05,,MFL-A/XT,,1160,65000,,1342,,,,,,,,
8080,40.04,0.344,,,29531.38,GirthWeld,,,,,,,,,,,0.7,108.3,,,,1160,65000,,1342,,,,,,,,
8090,40.05,0.344,,,29571.42,GirthWeld,,,,,,,,,,,0.7,108.58,,,,1160,65000,,1342,,,,,,,,
8100,40.05,0.344,,,29611.46,GirthWeld,,,,,,,,,,,1,109.04,,,,1160,65000,,1342,,,,,,,,
8110,37.63,0.344,,,29651.51,GirthWeld,,,,,,,,,,,1,109.2,,,,1160,65000,,1342,,,,,,,,
8120,40.38,0.344,,,29689.14,GirthWeld,,,,,,,,,,,1,107.4,,,,1160,65000,,1342,,,,,,,,
8130,11.79,0.5,,,29729.52,GirthWeld,,,,,,,,,,,0.7,96.63,,,,1160,60000,,1800,,,,,,,,
8130,,,,,29735.46,Bend,,,,,,,,,5.7D -  41° - Sag,,,95.18,,,,,,,,,,,,,,,
8140,40.64,0.344,,,29741.31,GirthWeld,,,,,,,,,,1,0.7,97,,,,1160,65000,,1342,,,,,,,,
8140,,0.344,-0.71,39.94,29742.02,metal loss,External,47,0.162,,,0.67,2.01,10:29,,,0.7,97.3,,MFL-A/XT,,1160,65000,,1342,1462.07,2030.04,1531.47,2126.41,1534.22,2130.22,0.76,1.83
8150,20.1,0.344,,,29781.95,GirthWeld,,,,,,,,,,,0.7,110.68,,,,1160,65000,,1342,,,,,,,,
8160,34.32,0.344,,,29802.06,GirthWeld,,,,,,,,,,,0.7,114.55,,,,1160,65000,,1342,,,,,,,,
8170,40.07,0.344,,,29836.38,GirthWeld,,,,,,,,,,,0.7,120.17,,,,1160,65000,,1342,,,,,,,,
8180,40.07,0.344,,,29876.45,GirthWeld,,,,,,,,,,,0.7,124.94,,,,1160,65000,,1342,,,,,,,,
8190,40.06,0.344,,,29916.51,GirthWeld,,,,,,,,,,,0.7,128.36,,,,1160,65000,,1342,,,,,,,,
8200,40,0.344,,,29956.58,GirthWeld,,,,,,,,,,,1,130.54,,,,1160,65000,,1342,,,,,,,,
8210,39.99,0.344,,,29996.58,GirthWeld,,,,,,,,,,,0.7,131.91,,,,1160,65000,,1342,,,,,,,,
8220,40.07,0.344,,,30036.57,GirthWeld,,,,,,,,,,,0.7,132.87,,,,1160,65000,,1342,,,,,,,,
8230,40.05,0.344,,,30076.64,GirthWeld,,,,,,,,,,,0.7,133.35,,,,1160,65000,,1342,,,,,,,,
8240,40.1,0.344,,,30116.69,GirthWeld,,,,,,,,,,,0.7,132.82,,,,1160,65000,,1342,,,,,,,,
8250,39.88,0.344,,,30156.79,GirthWeld,,,,,,,,,,,1,131.5,,,,1160,65000,,1342,,,,,,,,
8260,40.09,0.344,,,30196.67,GirthWeld,,,,,,,,,,,0.7,129.22,,,,1160,65000,,1342,,,,,,,,
8270,40,0.344,,,30236.76,GirthWeld,,,,,,,,,,,0.7,126.07,,,,1160,65000,,1342,,,,,,,,
8280,39.99,0.344,,,30276.76,GirthWeld,,,,,,,,,,6,0.7,121.51,,,,1160,65000,,1342,,,,,,,,
8280,,0.344,-30.39,9.61,30307.15,cluster,External,48,0.165,,,1.37,4.84,6:09,,,0.7,117.88,,,,1160,65000,,1342,1422.01,1974.43,1482.01,2057.74,1509.9,2096.46,0.78,1.77
8280,,0.344,-31.63,8.36,30308.39,metal loss,External,11,0.038,,,1.38,1.18,4:28,,,0.7,117.78,,MFL-A/XT,,1160,65000,,1342,,,,,,,,
8280,,0.344,-31.87,8.12,30308.63,metal loss,External,10,0.034,,,0.79,1.42,4:26,,,0.7,117.76,,MFL-A/XT,,1160,65000,,1342,,,,,,,,
8280,,0.344,-32.15,7.84,30308.91,metal loss,External,16,0.055,,,0.75,1.46,4:45,,,0.7,117.74,,MFL-A/XT,,1160,65000,,1342,1471.67,2043.38,,,,,,
8280,,0.344,-32.46,7.53,30309.22,metal loss,External,23,0.079,,,0.63,1.18,4:27,,,0.7,117.72,,MFL-A/XT,,1160,65000,,1342,1471.31,2042.88,1543.09,2142.54,1543.5,2143.11,0.75,1.85
8280,,0.344,-32.69,7.31,30309.45,metal loss,External,10,0.034,,,0.51,0.79,4:29,,,0.7,117.7,,MFL-A/XT,,1160,65000,,1342,,,,,,,,
8290,39.93,0.344,,,30316.75,GirthWeld,,,,,,,,,,1,0.7,117.15,,,,1160,65000,,1342,,,,,,,,
8290,,0.344,-16.37,23.56,30333.12,metal loss,External,19,0.065,,,0.59,1.06,4:11,,,0.7,116.26,,MFL-A/XT,,1160,65000,,1342,1472.71,2044.82,,,,,,
8300,40.03,0.344,,,30356.68,GirthWeld,,,,,,,,,,3,0.7,115.69,,,,1160,65000,,1342,,,,,,,,
8300,,0.344,-0.8,39.23,30357.49,metal loss,External,10,0.034,,,0.59,2.05,5:20,,,0.7,115.68,,MFL-A/XT,,1160,65000,,1342,,,,,,,,
8300,,0.344,-39.27,0.76,30395.95,metal loss,External,11,0.038,,,1.5,2.05,6:01,,,0.7,115.05,,MFL-A/XT,,1160,65000,,1342,,,,,,,,
8300,,0.344,-39.64,0.39,30396.32,metal loss,External,12,0.041,,,0.75,1.14,5:37,,,0.7,115.04,,MFL-A/XT,,1160,65000,,1342,,,,,,,,
8310,40.06,0.344,,,30396.72,GirthWeld,,,,,,,,,,,0.7,115.04,,,,1160,65000,,1342,,,,,,,,
8320,40.08,0.344,,,30436.78,GirthWeld,,,,,,,,,,,0.7,116.49,,,,1160,65000,,1342,,,,,,,,
8330,40.06,0.344,,,30476.86,GirthWeld,,,,,,,,,,,0.7,118.26,,,,1160,65000,,1342,,,,,,,,
8340,40.06,0.344,,,30516.92,GirthWeld,,,,,,,,,,1,0.7,119.47,,,,1160,65000,,1342,,,,,,,,
8340,,0.344,-0.73,39.34,30517.65,metal loss,External,11,0.038,,,1.73,1.1,7:41,,,0.7,119.48,,MFL-A/XT,,1160,65000,,1342,,,,,,,,
8350,39.94,0.344,,,30556.99,GirthWeld,,,,,,,,,,,0.7,119.78,,,,1160,65000,,1342,,,,,,,,
8360,40.07,0.344,,,30596.93,GirthWeld,,,,,,,,,,2,0.7,120.21,,,,1160,65000,,1342,,,,,,,,
8360,,0.344,-24.9,15.17,30621.83,metal loss manufacturing,N/A,13,0.045,,,2.28,4.84,11:27,,,0.7,120.49,,MFL-A/XT,,1160,65000,,1342,,,,,,,,
8360,,0.344,-27.42,12.65,30624.35,metal loss manufacturing,N/A,10,0.034,,,2.17,5.47,11:39,,,0.7,120.52,,MFL-A/XT,,1160,65000,,1342,,,,,,,,
8370,40.05,0.344,,,30637,GirthWeld,,,,,,,,,,,0.7,120.67,,,,1160,65000,,1342,,,,,,,,
8380,40.09,0.344,,,30677.04,GirthWeld,,,,,,,,,,,0.7,120.62,,,,1160,65000,,1342,,,,,,,,
8390,40,0.344,,,30717.13,GirthWeld,,,,,,,,,,,0.7,120.23,,,,1160,65000,,1342,,,,,,,,
8400,28.89,0.344,,,30757.13,GirthWeld,,,,,,,,,,,0.7,120.49,,,,1160,65000,,1342,,,,,,,,
8410,35.51,0.344,,,30786.03,GirthWeld,,,,,,,,,,,0.7,121.13,,,,1160,65000,,1342,,,,,,,,
8420,36.74,0.344,,,30821.53,GirthWeld,,,,,,,,,,,0.7,122.68,,,,1160,65000,,1342,,,,,,,,
8430,40.15,0.344,,,30858.27,GirthWeld,,,,,,,,,,,0.7,124.52,,,,1160,65000,,1342,,,,,,,,
8440,10.38,0.5,,,30898.42,GirthWeld,,,,,,,,,,,0.7,125.61,,,,1160,60000,,1800,,,,,,,,
8440,,,,,30904.03,Bend,,,,,,,,,5.7D -  29° - Left,,,125.64,,,,,,,,,,,,,,,
8450,21.99,0.344,,,30908.8,GirthWeld,,,,,,,,,,,0.7,125.58,,,,1160,65000,,1342,,,,,,,,
8460,40.19,0.344,,,30930.8,GirthWeld,,,,,,,,,,2,0.7,125.27,,,,1160,65000,,1342,,,,,,,,
8460,,0.344,-39.99,0.19,30970.79,metal loss,External,14,0.048,,,0.75,1.5,5:51,near girth weld,,0.7,124.44,,MFL-A/XT,,1160,65000,,1342,1472.29,2044.24,,,,,,
8460,,0.344,-40.09,0.1,30970.88,metal loss,External,18,0.062,,,0.47,6.97,5:44,affecting girth weld,,0.7,124.44,,MFL-A/XT,,1160,65000,,1342,1474.1,2046.75,,,,,,
8470,10.43,0.5,,,30970.98,GirthWeld,,,,,,,,,,,0.7,124.43,,,,1160,60000,,1800,,,,,,,,
8470,,,,,30976.73,Bend,,,,,,,,,5.6D -  29° - Right,,,124.19,,,,,,,,,,,,,,,
8480,34.11,0.344,,,30981.41,GirthWeld,,,,,,,,,,,0.7,123.97,,,,1160,65000,,1342,,,,,,,,
8490,40.07,0.344,,,31015.52,GirthWeld,,,,,,,,,,,0.7,122.94,,,,1160,65000,,1342,,,,,,,,
8500,40.12,0.344,,,31055.59,GirthWeld,,,,,,,,,,1,0.7,122.4,,,,1160,65000,,1342,,,,,,,,
8500,,0.344,-5.31,34.81,31060.9,metal loss manufacturing,N/A,15,0.052,,,0.32,0.63,4:15,,,0.7,122.39,,MFL-A/XT,,1160,65000,,1342,,,,,,,,
8510,40.12,0.344,,,31095.71,GirthWeld,,,,,,,,,,,0.7,122.58,,,,1160,65000,,1342,,,,,,,,
8520,40.2,0.344,,,31135.83,GirthWeld,,,,,,,,,,4,0.7,122.8,,,,1160,65000,,1342,,,,,,,,
8520,,0.344,-17.7,22.5,31153.53,metal loss,External,12,0.041,,,1.69,2.36,4:17,,,0.7,123.07,,MFL-A/XT,,1160,65000,,1342,,,,,,,,
8520,,0.344,-18.03,22.17,31153.86,metal loss,External,18,0.062,,,1.14,1.77,7:05,,,0.7,123.09,,MFL-A/XT,,1160,65000,,1342,1464.48,2033.39,,,,,,
8520,,0.344,-18.47,21.73,31154.3,metal loss,External,19,0.065,,,1.97,1.42,6:59,,,0.7,123.1,,MFL-A/XT,,1160,65000,,1342,1445.32,2006.8,,,,,,
8520,,0.344,-19.14,21.05,31154.98,metal loss,External,13,0.045,,,0.98,2.01,7:04,,,0.7,123.13,,MFL-A/XT,,1160,65000,,1342,1470.08,2041.17,,,,,,
8530,40.15,0.344,,,31176.03,GirthWeld,,,,,,,,,,,0.7,124.53,,,,1160,65000,,1342,,,,,,,,
8540,39.93,0.344,,,31216.18,GirthWeld,,,,,,,,,,,0.7,128.82,,,,1160,65000,,1342,,,,,,,,
8550,40.05,0.344,,,31256.11,GirthWeld,,,,,,,,,,,0.7,132.61,,,,1160,65000,,1342,,,,,,,,
8560,40.12,0.344,,,31296.16,GirthWeld,,,,,,,,,,,0.7,134.58,,,,1160,65000,,1342,,,,,,,,
8570,35.48,0.344,,,31336.28,GirthWeld,,,,,,,,,,,0.7,136.31,,,,1160,65000,,1342,,,,,,,,
8580,39.99,0.344,,,31371.76,GirthWeld,,,,,,,,,,,0.7,138.47,,,,1160,65000,,1342,,,,,,,,
8590,40.07,0.344,,,31411.76,GirthWeld,,,,,,,,,,2,0.7,139.15,,,,1160,65000,,1342,,,,,,,,
8590,,0.344,-39.12,0.95,31450.88,metal loss,External,13,0.045,,,1.85,0.91,5:10,,,0.7,138.94,,MFL-A/XT,,1160,65000,,1342,1457.78,2024.09,,,,,,
8590,,0.344,-39.2,0.87,31450.96,metal loss,External,19,0.065,,,0.79,1.61,8:03,,,0.7,138.93,,MFL-A/XT,,1160,65000,,1342,1470,2041.06,,,,,,
8600,40.12,0.344,,,31451.83,GirthWeld,,,,,,,,,,,0.7,138.92,,,,1160,65000,,1342,,,,,,,,
8610,40.09,0.344,,,31491.95,GirthWeld,,,,,,,,,,,0.7,139.29,,,,1160,65000,,1342,,,,,,,,
8620,9.8,0.344,,,31532.04,GirthWeld,,,,,,,,,,,0.7,140.95,,,,1160,65000,,1342,,,,,,,,
8630,8.94,0.5,,,31541.83,GirthWeld,,,,,,,,,,,0.7,141.24,,,,1160,60000,,1800,,,,,,,,
8630,,,,,31546.96,Bend,,,,,,,,,5.4D -  26° - Left,,,141.26,,,,,,,,,,,,,,,
8640,6.46,0.344,,,31550.78,GirthWeld,,,,,,,,,,3,0.7,141,,,,1160,65000,,1342,,,,,,,,
8640,,0.344,-4.62,1.84,31555.39,metal loss,External,67,0.23,,,1.02,0.7,11:56,,,0.7,140.6,,MFL-A/XT,,1160,65000,,1342,1421.22,1973.33,1474.13,2046.79,1490.23,2069.15,0.79,1.76
8640,,0.344,-4.67,1.79,31555.44,metal loss,External,28,0.096,,,0.87,1.3,1:13,,,0.7,140.6,,MFL-A/XT,,1160,65000,,1342,1464.66,2033.65,1535.47,2131.96,1536.8,2133.8,0.76,1.84
8640,,0.344,-4.93,1.53,31555.71,metal loss,External,14,0.048,,,0.75,1.06,1:57,,,0.7,140.57,,MFL-A/XT,,1160,65000,,1342,1472.29,2044.24,,,,,,
8650,40.05,0.344,,,31557.24,GirthWeld,,,,,,,,,,3,0.7,140.44,,,,1160,65000,,1342,,,,,,,,
8650,,0.344,-0.83,39.22,31558.06,metal loss,External,10,0.034,,,1.22,3.35,4:40,,,0.7,140.37,,MFL-A/XT,,1160,65000,,1342,,,,,,,,
8650,,0.344,-0.83,39.22,31558.06,metal loss,External,16,0.055,,,0.67,0.63,5:26,,,0.7,140.37,,MFL-A/XT,,1160,65000,,1342,1472.48,2044.49,,,,,,
8650,,0.344,-0.87,39.18,31558.11,metal loss,External,10,0.034,,,0.98,5.28,10:10,,,0.7,140.37,,MFL-A/XT,,1160,65000,,1342,,,,,,,,
8660,16.09,0.344,,,31597.28,GirthWeld,,,,,,,,,,10,0.7,136.85,,,,1160,65000,,1342,,,,,,,,
8660,,0.344,-0.47,15.61,31597.75,metal loss,External,11,0.038,,,1.38,1.22,5:55,,,0.7,136.81,,MFL-A/XT,,1160,65000,,1342,,,,,,,,
8660,,0.344,-0.83,15.25,31598.12,metal loss,External,11,0.038,,,1.1,0.94,8:37,,,0.7,136.77,,MFL-A/XT,,1160,65000,,1342,,,,,,,,
8660,,0.344,-0.85,15.23,31598.14,metal loss,External,14,0.048,,,0.79,1.1,5:18,,,0.7,136.77,,MFL-A/XT,,1160,65000,,1342,1471.8,2043.55,,,,,,
8660,,0.344,-0.89,15.2,31598.17,metal loss,External,12,0.041,,,2.13,1.1,4:55,,,0.7,136.77,,MFL-A/XT,,1160,65000,,1342,,,,,,,,
8660,,0.344,-0.89,15.19,31598.18,cluster,External,21,0.072,,,1.62,3.98,5:55,,,0.7,136.77,,,,1160,65000,,1342,1451.05,2014.75,1520.03,2110.52,1519.09,2109.21,0.76,1.82
8660,,0.344,-0.93,15.16,31598.21,metal loss,External,30,0.103,,,0.91,2.09,7:11,,,0.7,136.76,,MFL-A/XT,,1160,65000,,1342,1462.3,2030.37,1532.69,2128.1,1534.43,2130.51,0.76,1.83
8660,,0.344,-1,15.09,31598.28,metal loss,External,23,0.079,,,0.71,1.22,3:33,,,0.7,136.76,,MFL-A/XT,,1160,65000,,1342,1469.96,2041,1541.58,2140.44,1542.1,2141.17,0.75,1.85
8660,,0.344,-2.61,13.48,31599.89,metal loss,External,10,0.034,,,0.91,1.65,11:57,,,0.7,136.6,,MFL-A/XT,,1160,65000,,1342,,,,,,,,
8660,,0.344,-2.95,13.13,31600.23,metal loss,External,10,0.034,,,0.75,0.79,11:27,,,0.7,136.57,,MFL-A/XT,,1160,65000,,1342,,,,,,,,
8660,,,,,31600.89,AGM,,,,,,,,,AGM#12 AT PLM/ ON ROW,,,136.5,,,,,,,,,,,,,,,
8660,,0.344,-15.49,0.6,31612.77,metal loss,External,13,0.045,,,0.63,1.02,2:28,,,0.7,135.34,,MFL-A/XT,,1160,65000,,1342,1473.54,2045.97,,,,,,
8670,9.34,0.5,,,31613.37,GirthWeld,,,,,,,,,,,0.7,135.29,,,,1160,60000,,1800,,,,,,,,
8670,,,,,31618.27,Bend,,,,,,,,,5.5D -  26° - Right,,,134.96,,,,,,,,,,,,,,,
8680,11.16,0.344,,,31622.71,GirthWeld,,,,,,,,,,6,1,135.18,,,,1160,65000,,1342,,,,,,,,
8680,,0.344,-0.97,10.19,31623.69,metal loss,External,14,0.048,,,0.91,2.91,4:04,Recoat,,1,135.26,,MFL-A/XT,,1160,65000,,1342,1470.59,2041.87,,,,,,
8680,,0.344,-0.99,10.17,31623.7,cluster,External,21,0.072,,,3.49,4.5,6:03,Recoat,,1,135.26,,,,1160,65000,,1342,1402.19,1946.91,1459.89,2027.02,1471.51,2043.16,0.79,1.75
8680,,0.344,-1.02,10.14,31623.73,metal loss,External,18,0.062,,,1.61,0.59,5:03,Recoat,,1,135.27,,MFL-A/XT,,1160,65000,,1342,1455.21,2020.52,,,,,,
8680,,0.344,-1.15,10.01,31623.87,metal loss,External,13,0.045,,,0.51,1.26,6:25,Recoat,,1,135.28,,MFL-A/XT,,1160,65000,,1342,1474.43,2047.21,,,,,,
8680,,,,,31625.39,Attachment,,,,,,,,6:00,Repair Marker,,,135.4,,,,,,,,,,,,,,,
8680,,0.344,-9.48,1.68,31632.19,metal loss,External,13,0.045,,,0.67,1.18,5:03,,,1,135.97,,MFL-A/XT,,1160,65000,,1342,1473.24,2045.55,,,,,,
8680,,0.344,-9.63,1.53,31632.34,metal loss,External,22,0.076,,,0.79,1.42,6:21,,,1,135.98,,MFL-A/XT,,1160,65000,,1342,1468.86,2039.48,1540.36,2138.76,1540.92,2139.53,0.75,1.84
8690,21.18,0.344,,,31633.87,GirthWeld,,,,,,,,,,2,1,136.11,,,,1160,65000,,1342,,,,,,,,
8690,,0.344,-0.37,20.81,31634.25,metal loss,External,12,0.041,,,0.75,1.14,8:35,,,1,136.14,,MFL-A/XT,,1160,65000,,1342,,,,,,,,
8690,,0.344,-1.53,19.65,31635.4,metal loss,External,23,0.079,,,0.91,2.64,5:54,,,1,136.24,,MFL-A/XT,,1160,65000,,1342,1466.35,2036,1537.52,2134.81,1538.35,2135.97,0.75,1.84
8700,40.02,0.344,,,31655.05,GirthWeld,,,,,,,,,,2,0.7,137.78,,,,1160,65000,,1342,,,,,,,,
8700,,0.344,-1.36,38.66,31656.41,metal loss,External,13,0.045,,,0.63,1.14,6:06,,,0.7,137.88,,MFL-A/XT,,1160,65000,,1342,1473.63,2046.1,,,,,,
8700,,0.344,-40.02,0,31695.07,metal loss,External,15,0.052,,,1.73,2.36,5:19,affecting girth weld,,0.7,140.84,,MFL-A/XT,,1160,65000,,1342,1456.88,2022.85,,,,,,
8710,10.62,0.344,,,31695.07,GirthWeld,,,,,,,,,,,0.7,140.84,,,,1160,65000,,1342,,,,,,,,
8720,24.87,0.344,,,31705.7,GirthWeld,,,,,,,,,,,0.7,141.58,,,,1160,65000,,1342,,,,,,,,
8730,10.56,0.344,,,31730.57,GirthWeld,,,,,,,,,,,0.7,143.05,,,,1160,65000,,1342,,,,,,,,
8740,40.01,0.344,,,31741.13,GirthWeld,,,,,,,,,,,0.7,143.59,,,,1160,65000,,1342,,,,,,,,
8750,8.66,0.344,,,31781.14,GirthWeld,,,,,,,,,,,0.7,145.17,,,,1160,65000,,1342,,,,,,,,
8760,40.08,0.344,,,31789.8,GirthWeld,,,,,,,,,,,0.7,145.46,,,,1160,65000,,1342,,,,,,,,
8770,38.25,0.344,,,31829.88,GirthWeld,,,,,,,,,,,0.7,146.71,,,,1160,65000,,1342,,,,,,,,
8780,14.1,0.344,,,31868.13,GirthWeld,,,,,,,,,,,0.7,144.6,,,,1160,65000,,1342,,,,,,,,
8790,40.16,0.344,,,31882.23,GirthWeld,,,,,,,,,,,0.7,142.46,,,,1160,65000,,1342,,,,,,,,
8800,11.72,0.344,,,31922.4,GirthWeld,,,,,,,,,,,0.7,138.47,,,,1160,65000,,1342,,,,,,,,
8810,40.07,0.344,,,31934.11,GirthWeld,,,,,,,,,,,0.7,137.8,,,,1160,65000,,1342,,,,,,,,
8820,16.86,0.344,,,31974.18,GirthWeld,,,,,,,,,,,0.7,135.52,,,,1160,65000,,1342,,,,,,,,
8830,40.05,0.344,,,31991.04,GirthWeld,,,,,,,,,,,0.7,134.56,,,,1160,65000,,1342,,,,,,,,
8840,40.08,0.344,,,32031.09,GirthWeld,,,,,,,,,,,0.7,128.88,,,,1160,65000,,1342,,,,,,,,
8850,12.19,0.344,,,32071.17,GirthWeld,,,,,,,,,,,0.7,115.38,,,,1160,65000,,1342,,,,,,,,
8860,40.05,0.344,,,32083.36,GirthWeld,,,,,,,,,,,0.7,110.29,,,,1160,65000,,1342,,,,,,,,
8870,6.28,0.344,,,32123.41,GirthWeld,,,,,,,,,,,0.7,94.65,,,,1160,65000,,1342,,,,,,,,
8880,40.06,0.344,,,32129.69,GirthWeld,,,,,,,,,,,0.7,92.27,,,,1160,65000,,1342,,,,,,,,
8890,39.94,0.344,,,32169.75,GirthWeld,,,,,,,,,,,0.7,78.98,,,,1160,65000,,1342,,,,,,,,
8900,19.39,0.344,,,32209.69,GirthWeld,,,,,,,,,,,0.7,69.79,,,,1160,65000,,1342,,,,,,,,
8910,39.89,0.344,,,32229.07,GirthWeld,,,,,,,,,,2,0.7,65.96,,,,1160,65000,,1342,,,,,,,,
8910,,0.344,-39.03,0.86,32268.11,metal loss,External,14,0.048,,,0.67,2.52,6:55,,,0.7,54.7,,MFL-A/XT,,1160,65000,,1342,1473.1,2045.36,,,,,,
8910,,0.344,-39.15,0.74,32268.22,metal loss,External,11,0.038,,,1.3,3.19,5:57,,,0.7,54.66,,MFL-A/XT,,1160,65000,,1342,,,,,,,,
8920,39.98,0.344,,,32268.96,GirthWeld,,,,,,,,,,,0.7,54.39,,,,1160,65000,,1342,,,,,,,,
8930,14.71,0.344,,,32308.95,GirthWeld,,,,,,,,,,,1,39.34,,,,1160,65000,,1342,,,,,,,,
8940,32.13,0.344,,,32323.65,GirthWeld,,,,,,,,,,,1,33.84,,,,1160,65000,,1342,,,,,,,,
8950,10.75,0.5,,,32355.79,GirthWeld,,,,,,,,,,,0.7,21.9,,,,1160,60000,,1800,,,,,,,,
8950,,,,,32361.54,Bend,,,,,,,,,5.5D -  33° - Sag,,,20.46,,,,,,,,,,,,,,,
8960,34.26,0.344,,,32366.54,GirthWeld,,,,,,,,,,1,1,21.65,,,,1160,65000,,1342,,,,,,,,
8960,,0.344,-34.16,0.1,32400.7,metal loss,External,15,0.052,,,0.55,5.87,6:17,affecting girth weld,,1,31.1,,MFL-A/XT,,1160,65000,,1342,1473.83,2046.38,,,,,,
8970,10.1,0.5,,,32400.8,GirthWeld,,,,,,,,,,,0.7,31.12,,,,1160,60000,,1800,,,,,,,,
8970,,,,,32406.26,Bend,,,,,,,,,5.5D -  30° - Left,,,32.42,,,,,,,,,,,,,,,
8980,10.84,0.344,,,32410.9,GirthWeld,,,,,,,,,,1,1,33.1,,,,1160,65000,,1342,,,,,,,,
8980,,0.344,-0.09,10.75,32410.99,cluster,External,21,0.072,,,2.17,12.07,8:46,near girth weld,,1,33.11,,,,1160,65000,,1342,1436.27,1994.22,1502.48,2086.15,1508.44,2094.43,0.77,1.8
8990,40.1,0.344,,,32421.74,GirthWeld,,,,,,,,,,,0.7,34.4,,,,1160,65000,,1342,,,,,,,,
9000,9.57,0.5,,,32461.84,GirthWeld,,,,,,,,,,,0.7,39.07,,,,1160,60000,,1800,,,,,,,,
9000,,,,,32467.15,Bend,,,,,,,,,5.7D -  28° - Sag,,,40.07,,,,,,,,,,,,,,,
9010,23.33,0.344,,,32471.41,GirthWeld,,,,,,,,,,,0.7,42.37,,,,1160,65000,,1342,,,,,,,,
9020,39.98,0.344,,,32494.74,GirthWeld,,,,,,,,,,,0.7,56.37,,,,1160,65000,,1342,,,,,,,,
9030,29.46,0.344,,,32534.72,GirthWeld,,,,,,,,,,2,0.7,80.59,,,,1160,65000,,1342,,,,,,,,
9030,,0.344,-29.23,0.23,32563.95,metal loss,External,12,0.041,,,1.85,1.77,10:27,near girth weld,,0.7,97.39,,MFL-A/XT,,1160,65000,,1342,,,,,,,,
9030,,0.344,-29.3,0.15,32564.03,metal loss,External,12,0.041,,,1.3,2.01,1:04,affecting girth weld,,0.7,97.43,,MFL-A/XT,,1160,65000,,1342,,,,,,,,
9040,39.84,0.344,,,32564.18,GirthWeld,,,,,,,,,,2,0.7,97.52,,,,1160,65000,,1342,,,,,,,,
9040,,0.344,-0.62,39.22,32564.8,metal loss,External,11,0.038,,,1.18,0.94,11:59,,,0.7,97.86,,MFL-A/XT,,1160,65000,,1342,,,,,,,,
9040,,0.344,-0.68,39.16,32564.85,metal loss,External,11,0.038,,,1.69,1.02,1:22,,,0.7,97.89,,MFL-A/XT,,1160,65000,,1342,,,,,,,,
9050,40.05,0.344,,,32604.02,GirthWeld,,,,,,,,,,,0.7,117.93,,,,1160,65000,,1342,,,,,,,,
9060,40.01,0.344,,,32644.07,GirthWeld,,,,,,,,,,2,0.7,136,,,,1160,65000,,1342,,,,,,,,
9060,,0.344,-0.82,39.19,32644.89,metal loss,External,15,0.052,,,0.75,2.01,6:50,,,0.7,136.35,,MFL-A/XT,,1160,65000,,1342,1471.98,2043.81,,,,,,
9060,,0.344,-0.86,39.15,32644.93,metal loss,External,14,0.048,,,0.55,1.18,4:19,,,0.7,136.37,,MFL-A/XT,,1160,65000,,1342,1474.01,2046.62,,,,,,
9070,8.12,0.344,,,32684.08,GirthWeld,,,,,,,,,,,0.7,153.35,,,,1160,65000,,1342,,,,,,,,
9080,8.68,0.5,,,32692.2,GirthWeld,,,,,,,,,,,1,156.93,,,,1160,60000,,1800,,,,,,,,
9080,,,,,32696.22,Bend,,,,,,,,,5.3D -  24° - Over,,,158.47,,,,,,,,,,,,,,,
9090,39.15,0.344,,,32700.88,GirthWeld,,,,,,,,,,,1,158.79,,,,1160,65000,,1342,,,,,,,,
9090,,,,,32730.9,Attachment,,,,,,,,6:00,Repair Marker,,,158.68,,,,,,,,,,,,,,,
9090,,,,,32731.98,Area Start Sleeve,,,,,,,,,2012 Dig #17,,,158.66,,,,,,,,,,,,,,,
9090,,,,,32733.85,Area End Sleeve,,,,,,,,,2012 Dig #17,,,158.59,,,,,,,,,,,,,,,
9090,,,,,32734.62,Attachment,,,,,,,,6:00,Repair Marker,,,158.55,,,,,,,,,,,,,,,
9100,40.15,0.344,,,32740.03,GirthWeld,,,,,,,,,,,0.7,158.24,,,,1160,65000,,1342,,,,,,,,
9110,39.92,0.344,,,32780.19,GirthWeld,,,,,,,,,,,0.7,153.79,,,,1160,65000,,1342,,,,,,,,
9120,32.02,0.344,,,32820.11,GirthWeld,,,,,,,,,,,0.7,150.66,,,,1160,65000,,1342,,,,,,,,
9130,30.4,0.344,,,32852.12,GirthWeld,,,,,,,,,,,0.7,148.27,,,,1160,65000,,1342,,,,,,,,
9140,39.83,0.344,,,32882.53,GirthWeld,,,,,,,,,,,0.7,146.11,,,,1160,65000,,1342,,,,,,,,
9150,39.81,0.344,,,32922.36,GirthWeld,,,,,,,,,,,0.7,144.05,,,,1160,65000,,1342,,,,,,,,
9150,,,,,32953.13,Attachment,,,,,,,,6:00,Repair Marker,,,142.99,,,,,,,,,,,,,,,
9150,,,,,32953.66,Area Start Sleeve,,,,,,,,,2012 Dig #18,,,142.99,,,,,,,,,,,,,,,
9150,,,,,32956.06,Area End Sleeve,,,,,,,,,2012 Dig #18,,,142.96,,,,,,,,,,,,,,,
9150,,,,,32956.66,Attachment,,,,,,,,6:00,Repair Marker,,,142.96,,,,,,,,,,,,,,,
9160,39.88,0.344,,,32962.17,GirthWeld,,,,,,,,,,15,0.7,142.91,,,,1160,65000,,1342,,,,,,,,
9160,,0.344,-0.05,39.83,32962.22,metal loss,External,12,0.041,,,1.5,2.48,9:03,near girth weld,,0.7,142.91,,MFL-A/XT,,1160,65000,,1342,,,,,,,,
9160,,0.344,-13.31,26.57,32975.48,cluster,External,42,0.144,,,1.06,9.15,7:41,,,0.7,142.76,,,,1160,65000,,1342,1447.7,2010.09,1514.6,2102.98,1520.48,2111.15,0.77,1.81
9160,,0.344,-13.58,26.3,32975.75,metal loss,External,20,0.069,,,1.61,3.54,7:55,,,0.7,142.76,,MFL-A/XT,,1160,65000,,1342,1452.27,2016.44,1521.47,2112.52,1522.87,2114.46,0.76,1.82
9160,,0.344,-13.59,26.29,32975.76,cluster,External,41,0.141,,,2.2,2.26,8:49,,,0.7,142.76,,,,1160,65000,,1342,1384.79,1922.74,1436.98,1995.21,1441.05,2000.86,0.81,1.72
9160,,0.344,-13.88,26,32976.05,metal loss,External,10,0.034,,,1.73,0.91,6:37,,,0.7,142.75,,MFL-A/XT,,1160,65000,,1342,,,,,,,,
9160,,0.344,-13.89,25.99,32976.06,metal loss,External,10,0.034,,,0.43,0.63,8:40,,,0.7,142.75,,MFL-A/XT,,1160,65000,,1342,,,,,,,,
9160,,0.344,-13.89,25.99,32976.06,metal loss,External,14,0.048,,,0.67,0.63,7:52,,,0.7,142.75,,MFL-A/XT,,1160,65000,,1342,1472.99,2045.21,,,,,,
9160,,0.344,-13.89,25.99,32976.06,metal loss,External,26,0.089,,,0.59,1.42,8:16,,,0.7,142.75,,MFL-A/XT,,1160,65000,,1342,1470.96,2042.39,1542.65,2141.93,1543.19,2142.69,0.75,1.85
9160,,0.344,-13.9,25.98,32976.07,metal loss,External,12,0.041,,,1.89,1.69,6:11,,,0.7,142.75,,MFL-A/XT,,1160,65000,,1342,,,,,,,,
9160,,0.344,-14.03,25.85,32976.19,metal loss,External,10,0.034,,,0.55,2.13,7:55,,,0.7,142.75,,MFL-A/XT,,1160,65000,,1342,,,,,,,,
9160,,0.344,-14.07,25.81,32976.23,metal loss,External,17,0.058,,,0.59,1.53,8:46,,,0.7,142.75,,MFL-A/XT,,1160,65000,,1342,1473.12,2045.39,,,,,,
9160,,0.344,-14.53,25.35,32976.69,cluster,External,32,0.11,,,3.37,8.32,7:39,,,0.7,142.75,,,,1160,65000,,1342,1361.14,1889.91,1407.71,1954.57,1457.93,2024.3,0.82,1.68
9160,,0.344,-14.96,24.91,32977.13,metal loss,External,18,0.062,,,0.63,1.34,6:45,,,0.7,142.74,,MFL-A/XT,,1160,65000,,1342,1472.38,2044.36,,,,,,
9160,,0.344,-14.97,24.91,32977.14,metal loss,External,13,0.045,,,1.46,0.83,7:16,,,0.7,142.74,,MFL-A/XT,,1160,65000,,1342,1463.87,2032.55,,,,,,
9160,,0.344,-16.18,23.7,32978.35,metal loss,External,11,0.038,,,1.38,1.97,7:18,,,0.7,142.73,,MFL-A/XT,,1160,65000,,1342,,,,,,,,
9170,40.03,0.344,,,33002.05,GirthWeld,,,,,,,,,,,0.7,142.37,,,,1160,65000,,1342,,,,,,,,
9180,39.97,0.344,,,33042.07,GirthWeld,,,,,,,,,,1,1,141.75,,,,1160,65000,,1342,,,,,,,,
9180,,,,,33080.72,Attachment,,,,,,,,6:00,Repair Marker 2012 Dig #19 Recoat,,,141.56,,,,,,,,,,,,,,,
9180,,0.344,-39.11,0.86,33081.18,cluster,External,43,0.148,,,0.67,4.84,5:33,Recoat,,1,141.56,,,,1160,65000,,1342,1463.83,2032.5,1533.85,2129.71,1537.58,2134.89,0.76,1.84
9190,40.01,0.344,,,33082.04,GirthWeld,,,,,,,,,,,0.7,141.56,,,,1160,65000,,1342,,,,,,,,
9190,,,,,33083.19,Attachment,,,,,,,,6:00,Repair Marker 2012 Dig #19 Recoat,,,141.55,,,,,,,,,,,,,,,
9200,40.05,0.344,,,33122.06,GirthWeld,,,,,,,,,,1,1,141.77,,,,1160,65000,,1342,,,,,,,,
9200,,0.344,-39.11,0.94,33161.16,metal loss,External,10,0.034,,,0.55,1.18,3:12,,,1,141.7,,MFL-A/XT,,1160,65000,,1342,,,,,,,,
9210,40.04,0.344,,,33162.11,GirthWeld,,,,,,,,,,1,0.7,141.69,,,,1160,65000,,1342,,,,,,,,
9210,,0.344,-0.82,39.22,33162.93,metal loss,External,19,0.065,,,1.42,0.87,3:44,,,0.7,141.68,,MFL-A/XT,,1160,65000,,1342,1458.23,2024.72,,,,,,
9220,40.04,0.344,,,33202.15,GirthWeld,,,,,,,,,,4,0.7,140.7,,,,1160,65000,,1342,,,,,,,,
9220,,0.344,-38.77,1.27,33240.91,metal loss,External,11,0.038,,,1.42,1.1,8:15,,,0.7,139.67,,MFL-A/XT,,1160,65000,,1342,,,,,,,,
9220,,0.344,-39.19,0.85,33241.33,metal loss,External,17,0.058,,,0.79,0.98,4:29,,,0.7,139.66,,MFL-A/XT,,1160,65000,,1342,1470.73,2042.08,,,,,,
9220,,0.344,-39.38,0.65,33241.53,metal loss,External,18,0.062,,,0.91,1.93,7:11,,,0.7,139.66,,MFL-A/XT,,1160,65000,,1342,1468.59,2039.1,,,,,,
9220,,0.344,-39.44,0.6,33241.58,metal loss,External,18,0.062,,,1.02,1.38,8:23,,,0.7,139.66,,MFL-A/XT,,1160,65000,,1342,1466.62,2036.36,,,,,,
9230,39.99,0.344,,,33242.18,GirthWeld,,,,,,,,,,1,0.7,139.66,,,,1160,65000,,1342,,,,,,,,
9230,,0.344,-0.02,39.97,33242.21,metal loss,External,17,0.058,,,0.55,1.73,7:05,affecting girth weld,,0.7,139.66,,MFL-A/XT,,1160,65000,,1342,1473.48,2045.89,,,,,,
9240,40.01,0.344,,,33282.17,GirthWeld,,,,,,,,,,,0.7,139.37,,,,1160,65000,,1342,,,,,,,,
9250,40.04,0.344,,,33322.18,GirthWeld,,,,,,,,,,9,0.7,139.46,,,,1160,65000,,1342,,,,,,,,
9250,,0.344,-0.78,39.27,33322.96,metal loss,External,16,0.055,,,0.87,3.07,7:49,,,0.7,139.46,,MFL-A/XT,,1160,65000,,1342,1470.02,2041.08,,,,,,
9250,,0.344,-32.41,7.63,33354.59,metal loss,External,41,0.141,,,2.28,2.17,12:03,,,0.7,139.55,,MFL-A/XT,,1160,65000,,1342,1380.39,1916.64,1431.4,1987.46,1447.37,2009.64,0.81,1.71
9250,,0.344,-32.96,7.08,33355.15,metal loss,External,33,0.114,,,0.79,1.38,11:34,,,0.7,139.54,,MFL-A/XT,,1160,65000,,1342,1464.54,2033.47,1535.15,2131.51,1536.76,2133.75,0.76,1.84
9250,,0.344,-34.61,5.44,33356.79,metal loss,External,15,0.052,,,2.05,2.09,12:41,,,0.7,139.54,,MFL-A/XT,,1160,65000,,1342,1450.85,2014.47,,,,,,
9250,,0.344,-34.62,5.43,33356.8,metal loss,External,12,0.041,,,1.89,0.67,1:16,,,0.7,139.54,,MFL-A/XT,,1160,65000,,1342,,,,,,,,
9250,,0.344,-37.24,2.8,33359.42,metal loss,External,23,0.079,,,1.93,1.58,1:09,,,0.7,139.53,,MFL-A/XT,,1160,65000,,1342,1438.93,1997.91,1505.65,2090.56,1508.82,2094.96,0.77,1.8
9250,,0.344,-38.29,1.76,33360.47,metal loss,External,10,0.034,,,0.55,1.58,12:47,,,0.7,139.53,,MFL-A/XT,,1160,65000,,1342,,,,,,,,
9250,,0.344,-38.63,1.41,33360.82,cluster,External,18,0.062,,,2.53,7.63,12:40,,,0.7,139.53,,,,1160,65000,,1342,1434.5,1991.77,,,,,,
9250,,0.344,-38.81,1.23,33361,metal loss,External,14,0.048,,,0.35,0.59,1:25,,,0.7,139.53,,MFL-A/XT,,1160,65000,,1342,1475.32,2048.44,,,,,,
9260,39.43,0.344,,,33362.23,GirthWeld,,,,,,,,,,5,0.7,139.52,,,,1160,65000,,1342,,,,,,,,
9260,,0.344,-9.45,29.98,33371.68,metal loss,External,12,0.041,,,0.39,0.87,6:46,,,0.7,139.36,,MFL-A/XT,,1160,65000,,1342,,,,,,,,
9260,,0.344,-9.57,29.87,33371.79,metal loss,External,28,0.096,,,0.75,1.38,6:52,,,0.7,139.36,,MFL-A/XT,,1160,65000,,1342,1467.52,2037.61,1538.72,2136.47,1539.72,2137.86,0.75,1.84
9260,,0.344,-9.6,29.83,33371.83,metal loss,External,10,0.034,,,0.98,0.87,6:18,,,0.7,139.36,,MFL-A/XT,,1160,65000,,1342,,,,,,,,
9260,,0.344,-9.91,29.52,33372.14,metal loss,External,12,0.041,,,0.83,1.58,6:26,,,0.7,139.34,,MFL-A/XT,,1160,65000,,1342,,,,,,,,
9260,,0.344,-38.48,0.95,33400.71,metal loss,External,14,0.048,,,1.58,1.42,7:34,,,0.7,137.95,,MFL-A/XT,,1160,65000,,1342,1460.89,2028.42,,,,,,
9270,40.01,0.344,,,33401.66,GirthWeld,,,,,,,,,,11,0.7,137.9,,,,1160,65000,,1342,,,,,,,,
9270,,0.344,-1.03,38.98,33402.69,metal loss,External,31,0.107,,,0.59,0.94,6:40,,,0.7,137.85,,MFL-A/XT,,1160,65000,,1342,1469.94,2040.98,1541.41,2140.21,1542.22,2141.34,0.75,1.85
9270,,0.344,-23.56,16.45,33425.22,metal loss,External,23,0.079,,,0.63,1.1,5:32,,,0.7,136.93,,MFL-A/XT,,1160,65000,,1342,1471.13,2042.62,1542.88,2142.25,1543.31,2142.85,0.75,1.85
9270,,0.344,-29.87,10.14,33431.52,metal loss,External,46,0.158,,,0.67,0.87,5:34,,,0.7,136.75,,MFL-A/XT,,1160,65000,,1342,1462.96,2031.29,1532.62,2128.01,1535.14,2131.5,0.76,1.83
9270,,0.344,-34.59,5.42,33436.25,cluster,External,21,0.072,,,2.18,1.3,5:56,,,0.7,136.62,,,,1160,65000,,1342,1436.27,1994.22,1502.48,2086.15,1512.53,2100.11,0.77,1.8
9270,,0.344,-38.73,1.27,33440.39,metal loss,External,37,0.127,,,0.75,1.14,5:35,,,0.7,136.53,,MFL-A/XT,,1160,65000,,1342,1463.84,2032.51,1534.17,2130.15,1536.08,2132.81,0.76,1.84
9270,,0.344,-38.96,1.05,33440.62,cluster,External,62,0.213,,,3.29,3.96,5:29,,,0.7,136.52,,,,1160,65000,,1342,1216.34,1688.86,1200.87,1667.37,1361.58,1890.52,0.97,1.44
9270,,0.344,-39.45,0.55,33441.11,metal loss,External,22,0.076,,,1.14,1.61,5:32,,,0.7,136.51,,MFL-A/XT,,1160,65000,,1342,1461.73,2029.58,1532.31,2127.58,1533.42,2129.12,0.76,1.83
9270,,0.344,-39.59,0.42,33441.24,metal loss,External,11,0.038,,,0.79,1.42,5:32,,,0.7,136.51,,MFL-A/XT,,1160,65000,,1342,,,,,,,,
9270,,0.344,-39.94,0.07,33441.59,metal loss,External,23,0.079,,,0.79,0.63,5:44,affecting girth weld,,0.7,136.5,,MFL-A/XT,,1160,65000,,1342,1468.69,2039.24,1540.15,2138.47,1540.79,2139.34,0.75,1.84
9270,,0.344,-39.94,0.07,33441.6,metal loss,External,33,0.114,,,0.79,0.59,6:13,affecting girth weld,,0.7,136.5,,MFL-A/XT,,1160,65000,,1342,1464.19,2033,1534.75,2130.96,1536.41,2133.27,0.76,1.84
9270,,0.344,-40,0.01,33441.66,metal loss,External,35,0.12,,,1.15,2.21,5:55,affecting girth weld,,0.7,136.5,,MFL-A/XT,,1160,65000,,1342,1450.29,2013.7,1518.37,2108.22,1522.17,2113.5,0.76,1.82
9280,40.07,0.344,,,33441.67,GirthWeld,,,,,,,,,,56,1,136.5,,,,1160,65000,,1342,,,,,,,,
9280,,0.344,-2.29,37.78,33443.96,metal loss,External,17,0.058,,,0.98,1.5,6:25,,,1,136.45,,MFL-A/XT,,1160,65000,,1342,1467.97,2038.24,,,,,,
9280,,0.344,-10.83,29.24,33452.49,metal loss,External,14,0.048,,,0.47,0.94,5:01,,,1,136.25,,MFL-A/XT,,1160,65000,,1342,1474.61,2047.47,,,,,,
9280,,0.344,-11.71,28.35,33453.38,metal loss,External,17,0.058,,,1.38,1.89,4:41,,,1,136.23,,MFL-A/XT,,1160,65000,,1342,1461.04,2028.61,,,,,,
9280,,0.344,-12.38,27.69,33454.04,metal loss,External,15,0.052,,,0.91,1.38,4:26,,,1,136.21,,MFL-A/XT,,1160,65000,,1342,1470.14,2041.26,,,,,,
9280,,0.344,-12.62,27.45,33454.28,metal loss,External,15,0.052,,,0.55,1.1,4:32,,,1,136.21,,MFL-A/XT,,1160,65000,,1342,1473.83,2046.38,,,,,,
9280,,0.344,-14.11,25.96,33455.77,metal loss,External,13,0.045,,,0.67,1.73,4:27,,,1,136.17,,MFL-A/XT,,1160,65000,,1342,1473.24,2045.55,,,,,,
9280,,0.344,-14.33,25.73,33456,metal loss,External,24,0.083,,,1.02,1.69,4:19,,,1,136.17,,MFL-A/XT,,1160,65000,,1342,1462.85,2031.13,1533.52,2129.26,1534.75,2130.96,0.76,1.84
9280,,0.344,-14.59,25.48,33456.25,metal loss,External,12,0.041,,,0.71,1.1,4:33,,,1,136.16,,MFL-A/XT,,1160,65000,,1342,,,,,,,,
9280,,0.344,-16.11,23.95,33457.78,metal loss,External,10,0.034,,,0.43,0.87,7:35,,,1,136.12,,MFL-A/XT,,1160,65000,,1342,,,,,,,,
9280,,0.344,-17.02,23.05,33458.68,metal loss,External,13,0.045,,,0.91,1.5,7:34,,,1,136.09,,MFL-A/XT,,1160,65000,,1342,1471.02,2042.48,,,,,,
9280,,0.344,-17.04,23.03,33458.7,metal loss,External,26,0.089,,,0.98,1.77,4:11,,,1,136.09,,MFL-A/XT,,1160,65000,,1342,1462.75,2030.99,1533.35,2129.02,1534.75,2130.96,0.76,1.84
9280,,0.344,-17.61,22.46,33459.28,metal loss,External,17,0.058,,,0.47,1.1,7:34,,,1,136.07,,MFL-A/XT,,1160,65000,,1342,1474.23,2046.93,,,,,,
9280,,0.344,-18.41,21.66,33460.07,metal loss,External,17,0.058,,,1.3,1.61,7:42,,,1,136.05,,MFL-A/XT,,1160,65000,,1342,1462.4,2030.51,,,,,,
9280,,0.344,-19.08,20.99,33460.75,metal loss,External,10,0.034,,,0.63,1.34,4:02,,,1,136.02,,MFL-A/XT,,1160,65000,,1342,,,,,,,,
9280,,0.344,-27.86,12.21,33469.53,metal loss,External,14,0.048,,,0.63,1.02,4:32,,,1,135.88,,MFL-A/XT,,1160,65000,,1342,1473.42,2045.8,,,,,,
9280,,0.344,-28.01,12.06,33469.68,metal loss,External,14,0.048,,,0.59,1.69,4:24,,,1,135.88,,MFL-A/XT,,1160,65000,,1342,1473.62,2046.09,,,,,,
9280,,0.344,-28.2,11.87,33469.86,metal loss,External,16,0.055,,,0.79,0.63,4:59,,,1,135.88,,MFL-A/XT,,1160,65000,,1342,1471.09,2042.58,,,,,,
9280,,0.344,-28.76,11.3,33470.43,metal loss,External,12,0.041,,,1.18,1.42,4:23,,,1,135.89,,MFL-A/XT,,1160,65000,,1342,,,,,,,,
9280,,0.344,-28.95,11.12,33470.61,metal loss,External,10,0.034,,,0.47,0.75,4:25,,,1,135.89,,MFL-A/XT,,1160,65000,,1342,,,,,,,,
9280,,0.344,-30.63,9.44,33472.3,metal loss,External,10,0.034,,,0.98,2.21,3:55,,,1,135.94,,MFL-A/XT,,1160,65000,,1342,,,,,,,,
9280,,0.344,-30.74,9.33,33472.4,metal loss,External,12,0.041,,,0.87,1.14,4:20,,,1,135.95,,MFL-A/XT,,1160,65000,,1342,,,,,,,,
9280,,0.344,-31.8,8.26,33473.47,metal loss,External,23,0.079,,,1.26,2.17,3:48,,,1,135.99,,MFL-A/XT,,1160,65000,,1342,1457.97,2024.35,1527.98,2121.56,1529.52,2123.7,0.76,1.83
9280,,0.344,-32.27,7.79,33473.94,metal loss,External,18,0.062,,,0.63,1.97,4:04,,,1,136.02,,MFL-A/XT,,1160,65000,,1342,1472.38,2044.36,,,,,,
9280,,0.344,-32.41,7.66,33474.08,metal loss,External,18,0.062,,,0.55,1.38,3:56,,,1,136.02,,MFL-A/XT,,1160,65000,,1342,1473.42,2045.81,,,,,,
9280,,0.344,-32.73,7.33,33474.4,metal loss,External,14,0.048,,,1.73,1.65,4:20,,,1,136.04,,MFL-A/XT,,1160,65000,,1342,1458.08,2024.51,,,,,,
9280,,0.344,-32.73,7.33,33474.4,metal loss,External,13,0.045,,,0.79,1.1,3:50,,,1,136.04,,MFL-A/XT,,1160,65000,,1342,1472.14,2044.03,,,,,,
9280,,0.344,-32.79,7.27,33474.46,metal loss,External,12,0.041,,,1.85,0.75,7:13,,,1,136.04,,MFL-A/XT,,1160,65000,,1342,,,,,,,,
9280,,0.344,-32.82,7.25,33474.48,metal loss,External,31,0.107,,,1.77,1.77,7:56,,,1,136.04,,MFL-A/XT,,1160,65000,,1342,1430.2,1985.8,1494.75,2075.43,1500.72,2083.72,0.78,1.79
9280,,0.344,-32.82,7.25,33474.49,metal loss,External,14,0.048,,,1.34,0.94,7:27,,,1,136.04,,MFL-A/XT,,1160,65000,,1342,1464.7,2033.7,,,,,,
9280,,0.344,-32.89,7.18,33474.55,metal loss,External,10,0.034,,,2.17,1.3,5:04,,,1,136.04,,MFL-A/XT,,1160,65000,,1342,,,,,,,,
9280,,0.344,-32.95,7.12,33474.61,metal loss,External,22,0.076,,,0.79,1.34,4:26,,,1,136.05,,MFL-A/XT,,1160,65000,,1342,1468.86,2039.48,1540.36,2138.76,1540.92,2139.53,0.75,1.84
9280,,0.344,-33.18,6.89,33474.85,metal loss,External,23,0.079,,,0.67,1.14,4:05,,,1,136.06,,MFL-A/XT,,1160,65000,,1342,1470.75,2042.1,1542.46,2141.67,1542.92,2142.31,0.75,1.85
9280,,0.344,-33.27,6.8,33474.94,metal loss,External,10,0.034,,,0.35,0.59,4:55,,,1,136.06,,MFL-A/XT,,1160,65000,,1342,,,,,,,,
9280,,0.344,-33.3,6.77,33474.96,metal loss,External,15,0.052,,,0.75,1.61,7:59,,,1,136.07,,MFL-A/XT,,1160,65000,,1342,1471.98,2043.81,,,,,,
9280,,0.344,-33.52,6.55,33475.18,metal loss,External,12,0.041,,,0.43,0.79,7:58,,,1,136.08,,MFL-A/XT,,1160,65000,,1342,,,,,,,,
9280,,0.344,-33.74,6.32,33475.41,metal loss,External,19,0.065,,,0.71,1.61,5:09,,,1,136.09,,MFL-A/XT,,1160,65000,,1342,1471.2,2042.72,,,,,,
9280,,0.344,-33.77,6.3,33475.43,metal loss,External,10,0.034,,,0.67,1.02,5:44,,,1,136.09,,MFL-A/XT,,1160,65000,,1342,,,,,,,,
9280,,0.344,-33.94,6.13,33475.6,metal loss,External,28,0.096,,,0.79,1.18,7:57,,,1,136.1,,MFL-A/XT,,1160,65000,,1342,1466.42,2036.08,1537.47,2134.73,1538.59,2136.3,0.75,1.84
9280,,0.344,-34.35,5.71,33476.02,metal loss,External,12,0.041,,,0.59,1.1,3:48,,,1,136.12,,MFL-A/XT,,1160,65000,,1342,,,,,,,,
9280,,0.344,-34.41,5.66,33476.08,metal loss,External,21,0.072,,,0.71,1.18,7:54,,,1,136.12,,MFL-A/XT,,1160,65000,,1342,1470.59,2041.88,1542.31,2141.46,1542.69,2141.99,0.75,1.85
9280,,0.344,-34.59,5.48,33476.26,cluster,External,23,0.079,,,2.75,1.78,5:06,,,1,136.13,,,,1160,65000,,1342,1414.46,1963.94,1475.71,2048.98,1489.62,2068.3,0.79,1.77
9280,,0.344,-34.66,5.41,33476.32,metal loss,External,48,0.165,,,0.75,1.46,4:11,,,1,136.14,,MFL-A/XT,,1160,65000,,1342,1457.96,2024.34,1526.39,2119.36,1530,2124.37,0.76,1.83
9280,,0.344,-34.9,5.17,33476.57,metal loss,External,17,0.058,,,0.51,1.22,4:20,,,1,136.15,,MFL-A/XT,,1160,65000,,1342,1473.82,2046.36,,,,,,
9280,,0.344,-35.08,4.99,33476.75,cluster,External,26,0.089,,,1.54,4.44,7:28,,,1,136.16,,,,1160,65000,,1342,1446.55,2008.5,1514.57,2102.94,1523.02,2114.67,0.77,1.81
9280,,0.344,-35.24,4.83,33476.9,metal loss,External,15,0.052,,,0.59,1.14,3:45,,,1,136.17,,MFL-A/XT,,1160,65000,,1342,1473.52,2045.95,,,,,,
9280,,0.344,-35.49,4.58,33477.16,metal loss,External,12,0.041,,,0.51,1.06,8:03,,,1,136.18,,MFL-A/XT,,1160,65000,,1342,,,,,,,,
9280,,0.344,-35.7,4.37,33477.36,metal loss,External,11,0.038,,,0.87,0.63,4:13,,,1,136.19,,MFL-A/XT,,1160,65000,,1342,,,,,,,,
9280,,0.344,-35.71,4.36,33477.37,metal loss,External,12,0.041,,,1.97,3.03,4:18,,,1,136.19,,MFL-A/XT,,1160,65000,,1342,,,,,,,,
9280,,0.344,-35.83,4.24,33477.5,metal loss,External,14,0.048,,,0.83,1.26,7:10,,,1,136.2,,MFL-A/XT,,1160,65000,,1342,1471.41,2043.01,,,,,,
9280,,0.344,-35.83,4.24,33477.5,metal loss,External,11,0.038,,,0.55,1.14,7:52,,,1,136.2,,MFL-A/XT,,1160,65000,,1342,,,,,,,,
9280,,0.344,-35.89,4.18,33477.56,metal loss,External,12,0.041,,,0.43,0.98,4:19,,,1,136.2,,MFL-A/XT,,1160,65000,,1342,,,,,,,,
9280,,0.344,-36,4.07,33477.66,metal loss,External,14,0.048,,,0.43,0.98,7:49,,,1,136.2,,MFL-A/XT,,1160,65000,,1342,1474.85,2047.79,,,,,,
9280,,0.344,-36.08,3.98,33477.75,metal loss,External,18,0.062,,,0.43,0.87,3:58,,,1,136.21,,MFL-A/XT,,1160,65000,,1342,1474.41,2047.18,,,,,,
9280,,0.344,-36.36,3.71,33478.02,metal loss,External,11,0.038,,,0.63,1.42,4:20,,,1,136.22,,MFL-A/XT,,1160,65000,,1342,,,,,,,,
9280,,0.344,-36.7,3.36,33478.37,metal loss,External,12,0.041,,,0.47,1.02,7:57,,,1,136.24,,MFL-A/XT,,1160,65000,,1342,,,,,,,,
9280,,0.344,-38.19,1.88,33479.85,metal loss,External,11,0.038,,,0.35,0.59,4:25,,,1,136.32,,MFL-A/XT,,1160,65000,,1342,,,,,,,,
9280,,,,,33480.07,Area Start Sleeve,,,,,,,,,2012 Dig #2,,,136.33,,,,,,,,,,,,,,,
9280,,,,,33481.14,Area End Sleeve,,,,,,,,,2012 Dig #2,,,136.39,,,,,,,,,,,,,,,
9290,40.02,0.344,,,33481.73,GirthWeld,,,,,,,,,,3,0.7,136.42,,,,1160,65000,,1342,,,,,,,,
9290,,0.344,-0.64,39.38,33482.37,metal loss,External,12,0.041,,,2.09,1.73,11:58,,,0.7,136.45,,MFL-A/XT,,1160,65000,,1342,,,,,,,,
9290,,0.344,-0.65,39.37,33482.38,metal loss,External,14,0.048,,,1.69,1.38,11:30,,,0.7,136.46,,MFL-A/XT,,1160,65000,,1342,1458.9,2025.64,,,,,,
9290,,0.344,-0.69,39.33,33482.42,metal loss,External,13,0.045,,,0.83,4.37,8:16,,,0.7,136.46,,MFL-A/XT,,1160,65000,,1342,1471.78,2043.53,,,,,,
9300,40.09,0.344,,,33521.75,GirthWeld,,,,,,,,,,15,1,139.02,,,,1160,65000,,1342,,,,,,,,
9300,,0.344,-5.94,34.15,33527.69,metal loss,External,19,0.065,,,0.59,1.1,12:40,,,1,139.49,,MFL-A/XT,,1160,65000,,1342,1472.71,2044.82,,,,,,
9300,,0.344,-6.23,33.85,33527.99,metal loss,External,17,0.058,,,0.67,1.18,12:37,,,1,139.51,,MFL-A/XT,,1160,65000,,1342,1472.21,2044.13,,,,,,
9300,,0.344,-7,33.08,33528.75,metal loss,External,12,0.041,,,1.58,1.06,11:31,,,1,139.57,,MFL-A/XT,,1160,65000,,1342,,,,,,,,
9300,,0.344,-7.08,33.01,33528.83,metal loss,External,14,0.048,,,0.87,1.22,12:01,,,1,139.58,,MFL-A/XT,,1160,65000,,1342,1471,2042.45,,,,,,
9300,,0.344,-7.43,32.66,33529.18,metal loss,External,10,0.034,,,0.71,1.69,11:45,,,1,139.61,,MFL-A/XT,,1160,65000,,1342,,,,,,,,
9300,,0.344,-7.75,32.34,33529.5,metal loss,External,11,0.038,,,2.05,1.22,12:32,,,1,139.63,,MFL-A/XT,,1160,65000,,1342,,,,,,,,
9300,,0.344,-7.76,32.33,33529.51,metal loss,External,14,0.048,,,1.02,1.93,1:03,,,1,139.63,,MFL-A/XT,,1160,65000,,1342,1469.11,2039.82,,,,,,
9300,,0.344,-8.21,31.88,33529.96,metal loss,External,15,0.052,,,0.43,0.71,11:30,,,1,139.67,,MFL-A/XT,,1160,65000,,1342,1474.74,2047.64,,,,,,
9300,,0.344,-8.64,31.44,33530.39,cluster,External,35,0.12,,,2.69,3.56,12:25,,,1,139.7,,,,1160,65000,,1342,1378.92,1914.6,1430.53,1986.26,1477.06,2050.86,0.81,1.71
9300,,0.344,-8.72,31.37,33530.47,metal loss,External,10,0.034,,,0.35,0.59,11:18,,,1,139.71,,MFL-A/XT,,1160,65000,,1342,,,,,,,,
9300,,0.344,-8.81,31.27,33530.56,cluster,External,23,0.079,,,1.96,1.3,11:21,,,1,139.72,,,,1160,65000,,1342,1437.83,1996.39,1504.34,2088.74,1515.19,2103.8,0.77,1.8
9300,,0.344,-9.24,30.85,33530.99,metal loss,External,12,0.041,,,0.79,1.73,12:00,,,1,139.75,,MFL-A/XT,,1160,65000,,1342,,,,,,,,
9300,,0.344,-9.27,30.81,33531.02,cluster,External,19,0.065,,,1.61,1.03,12:43,,,1,139.75,,,,1160,65000,,1342,1453.75,2018.5,,,,,,
9300,,0.344,-9.29,30.79,33531.04,metal loss,External,14,0.048,,,0.83,1.02,11:29,,,1,139.76,,MFL-A/XT,,1160,65000,,1342,1471.41,2043.01,,,,,,
9300,,0.344,-9.44,30.65,33531.19,metal loss,External,22,0.076,,,0.55,1.1,11:34,,,1,139.77,,MFL-A/XT,,1160,65000,,1342,1472.54,2044.59,1544.47,2144.46,1544.75,2144.85,0.75,1.85
9310,40.09,0.344,,,33561.84,GirthWeld,,,,,,,,,,3,0.7,141.42,,,,1160,65000,,1342,,,,,,,,
9310,,0.344,-0.72,39.37,33562.56,cluster,External,35,0.12,,,3.82,9.49,5:10,,,0.7,141.45,,,,1160,65000,,1342,1331.79,1849.16,1369.02,1900.86,1417.99,1968.85,0.85,1.64
9310,,0.344,-0.78,39.31,33562.61,metal loss,External,17,0.058,,,1.14,8.74,7:14,,,0.7,141.45,,MFL-A/XT,,1160,65000,,1342,1465.41,2034.69,,,,,,
9310,,0.344,-0.96,39.13,33562.8,metal loss,External,12,0.041,,,0.71,1.34,4:32,,,0.7,141.46,,MFL-A/XT,,1160,65000,,1342,,,,,,,,
9320,39.9,0.344,,,33601.93,GirthWeld,,,,,,,,,,,0.7,142.28,,,,1160,65000,,1342,,,,,,,,
9330,39.97,0.344,,,33641.83,GirthWeld,,,,,,,,,,,1,141.79,,,,1160,65000,,1342,,,,,,,,
9340,39.95,0.344,,,33681.8,GirthWeld,,,,,,,,,,,0.7,140.75,,,,1160,65000,,1342,,,,,,,,
9350,40.03,0.344,,,33721.75,GirthWeld,,,,,,,,,,,0.7,137.8,,,,1160,65000,,1342,,,,,,,,
9360,40.07,0.344,,,33761.78,GirthWeld,,,,,,,,,,13,1,132.99,,,,1160,65000,,1342,,,,,,,,
9360,,0.344,-2.6,37.47,33764.38,metal loss,External,16,0.055,,,1.06,1.61,7:27,,,1,132.65,,MFL-A/XT,,1160,65000,,1342,1467.25,2037.24,,,,,,
9360,,0.344,-2.88,37.19,33764.65,metal loss,External,30,0.103,,,0.75,1.46,7:23,,,1,132.62,,MFL-A/XT,,1160,65000,,1342,1466.45,2036.13,1537.45,2134.71,1538.67,2136.4,0.75,1.84
9360,,0.344,-3.12,36.95,33764.89,metal loss,External,15,0.052,,,1.46,2.09,7:10,,,1,132.59,,MFL-A/XT,,1160,65000,,1342,1461.78,2029.65,,,,,,
9360,,0.344,-3.42,36.64,33765.2,metal loss,External,12,0.041,,,0.91,2.01,6:56,,,1,132.55,,MFL-A/XT,,1160,65000,,1342,,,,,,,,
9360,,0.344,-4.56,35.51,33766.34,metal loss,External,18,0.062,,,0.67,1.22,7:14,,,1,132.4,,MFL-A/XT,,1160,65000,,1342,1472.09,2043.96,,,,,,
9360,,0.344,-4.84,35.22,33766.62,metal loss,External,15,0.052,,,0.98,1.81,7:12,,,1,132.36,,MFL-A/XT,,1160,65000,,1342,1469.04,2039.73,,,,,,
9360,,0.344,-5.11,34.96,33766.89,metal loss,External,10,0.034,,,1.22,1.73,7:20,,,1,132.33,,MFL-A/XT,,1160,65000,,1342,,,,,,,,
9360,,0.344,-26.87,13.2,33788.65,metal loss,External,11,0.038,,,0.79,1.42,7:51,,,1,130.81,,MFL-A/XT,,1160,65000,,1342,,,,,,,,
9360,,0.344,-27.7,12.37,33789.47,metal loss,External,11,0.038,,,0.55,0.59,7:47,,,1,130.82,,MFL-A/XT,,1160,65000,,1342,,,,,,,,
9360,,0.344,-27.77,12.3,33789.54,metal loss,External,11,0.038,,,0.47,0.79,7:49,,,1,130.82,,MFL-A/XT,,1160,65000,,1342,,,,,,,,
9360,,0.344,-27.93,12.14,33789.71,metal loss,External,17,0.058,,,0.98,1.73,7:52,,,1,130.82,,MFL-A/XT,,1160,65000,,1342,1467.97,2038.24,,,,,,
9360,,,,,33800.23,Attachment,,,,,,,,6:30,Repair Marker,,,131.32,,,,,,,,,,,,,,,
9360,,,,,33800.29,Area Start Composite Wrap,,,,,,,,,Repair Marker @12:00 2012 Dig #20,,,131.32,,,,,,,,,,,,,,,
9360,,0.344,-39.19,0.87,33800.97,metal loss,External,25,0.086,,,0.51,2.6,8:07,Repaired?,,1,131.36,,MFL-A/XT,,1160,65000,,1342,1472.64,2044.72,1544.55,2144.57,1544.9,2145.05,0.75,1.85
9360,,0.344,-39.2,0.86,33800.98,metal loss,External,10,0.034,,,0.63,1.42,2:11,Repaired?,,1,131.36,,MFL-A/XT,,1160,65000,,1342,,,,,,,,
9360,,,,,33801.74,Area End Composite Wrap,,,,,,,,,Repair Marker @12:00 2012 Dig #20,,,131.41,,,,,,,,,,,,,,,
9370,24.8,0.344,,,33801.85,GirthWeld,,,,,,,,,,5,0.7,131.42,,,,1160,65000,,1342,,,,,,,,
9370,,0.344,-1.89,22.91,33803.74,metal loss,External,23,0.079,,,0.67,1.81,10:51,Recoat,,0.7,131.54,,MFL-A/XT,,1160,65000,,1342,1470.56,2041.83,1542.25,2141.37,1542.72,2142.03,0.75,1.85
9370,,0.344,-1.94,22.86,33803.79,metal loss,External,11,0.038,,,0.47,1.14,1:10,Recoat,,0.7,131.54,,MFL-A/XT,,1160,65000,,1342,,,,,,,,
9370,,0.344,-1.98,22.83,33803.82,metal loss,External,15,0.052,,,0.63,1.06,12:23,Recoat,,0.7,131.54,,MFL-A/XT,,1160,65000,,1342,1473.2,2045.5,,,,,,
9370,,0.344,-1.99,22.81,33803.84,metal loss,External,15,0.052,,,0.67,1.3,4:18,Recoat,,0.7,131.54,,MFL-A/XT,,1160,65000,,1342,1472.73,2044.85,,,,,,
9370,,0.344,-1.99,22.81,33803.84,metal loss,External,11,0.038,,,2.17,1.22,3:54,Recoat,,0.7,131.54,,MFL-A/XT,,1160,65000,,1342,,,,,,,,
9370,,,,,33804.26,Attachment,,,,,,,,6:00,Repair Marker,,,131.57,,,,,,,,,,,,,,,
9370,,,,,33818.34,Attachment,,,,,,,,6:00,Repair Marker,,,132.49,,,,,,,,,,,,,,,
9370,,,,,33818.54,Area Start Sleeve,,,,,,,,,2012 Dig #20,,,132.51,,,,,,,,,,,,,,,
9370,,,,,33821.38,Area End Sleeve,,,,,,,,,2012 Dig #20,,,132.63,,,,,,,,,,,,,,,
9370,,,,,33822.18,Attachment,,,,,,,,6:00,Repair Marker,,,132.66,,,,,,,,,,,,,,,
9380,40.08,0.344,,,33826.65,GirthWeld,,,,,,,,,,,0.7,132.74,,,,1160,65000,,1342,,,,,,,,
9390,40.11,0.344,,,33866.72,GirthWeld,,,,,,,,,,7,0.7,132.09,,,,1160,65000,,1342,,,,,,,,
9390,,0.344,-0.8,39.31,33867.52,metal loss,External,34,0.117,,,0.59,5.83,12:27,,,0.7,132.06,,MFL-A/XT,,1160,65000,,1342,1468.88,2039.51,1540.12,2138.42,1541.17,2139.87,0.75,1.84
9390,,0.344,-36.37,3.74,33903.09,metal loss,External,10,0.034,,,0.67,0.94,11:57,,,0.7,131.45,,MFL-A/XT,,1160,65000,,1342,,,,,,,,
9390,,0.344,-36.58,3.53,33903.3,metal loss,External,13,0.045,,,0.39,1.1,11:59,,,0.7,131.45,,MFL-A/XT,,1160,65000,,1342,1475.21,2048.29,,,,,,
9390,,0.344,-36.64,3.47,33903.37,metal loss,External,14,0.048,,,0.47,1.38,11:49,,,0.7,131.45,,MFL-A/XT,,1160,65000,,1342,1474.61,2047.47,,,,,,
9390,,0.344,-36.88,3.23,33903.6,metal loss,External,39,0.134,,,0.55,1.1,11:55,,,0.7,131.45,,MFL-A/XT,,1160,65000,,1342,1468.75,2039.32,1539.83,2138.01,1541.04,2139.69,0.75,1.84
9390,,0.344,-37.18,2.93,33903.9,metal loss,External,10,0.034,,,0.47,1.02,11:59,,,0.7,131.44,,MFL-A/XT,,1160,65000,,1342,,,,,,,,
9390,,0.344,-37.36,2.75,33904.08,metal loss,External,10,0.034,,,2.09,1.02,12:50,,,0.7,131.44,,MFL-A/XT,,1160,65000,,1342,,,,,,,,
9400,40.1,0.344,,,33906.84,GirthWeld,,,,,,,,,,2,0.7,131.42,,,,1160,65000,,1342,,,,,,,,
9400,,,,,33945.79,Attachment,,,,,,,,6:00,Repair Marker 2012 Dig #21 Recoat,,,129.93,,,,,,,,,,,,,,,
9400,,0.344,-39.22,0.88,33946.06,metal loss,External,19,0.065,,,0.51,1.5,10:56,,,0.7,129.92,,MFL-A/XT,,1160,65000,,1342,1473.5,2045.91,,,,,,
9400,,0.344,-39.25,0.85,33946.08,metal loss,External,36,0.124,,,0.47,1.89,1:04,,,0.7,129.92,,MFL-A/XT,,1160,65000,,1342,1471.35,2042.93,1542.92,2142.31,1543.66,2143.33,0.75,1.85
9410,40.11,0.344,,,33946.93,GirthWeld,,,,,,,,,,,0.7,129.88,,,,1160,65000,,1342,,,,,,,,
9410,,,,,33947.89,Attachment,,,,,,,,6:00,Repair Marker 2012 Dig #21 Recoat,,,129.84,,,,,,,,,,,,,,,
9420,40.14,0.344,,,33987.05,GirthWeld,,,,,,,,,,14,0.7,127.85,,,,1160,65000,,1342,,,,,,,,
9420,,,,,33991.86,Attachment,,,,,,,,6:00,Repair Marker,,,127.61,,,,,,,,,,,,,,,
9420,,,,,33992.4,Area Start Sleeve,,,,,,,,,2012 Dig#21,,,127.59,,,,,,,,,,,,,,,
9420,,,,,33994.61,Area End Sleeve,,,,,,,,,2012 Dig#21,,,127.53,,,,,,,,,,,,,,,
9420,,,,,33995.36,Attachment,,,,,,,,6:00,Repair Marker,,,127.51,,,,,,,,,,,,,,,
9420,,0.344,-11.95,28.19,33999,metal loss,External,14,0.048,,,1.89,0.67,3:56,,,0.7,127.48,,MFL-A/XT,,1160,65000,,1342,1455.4,2020.79,,,,,,
9420,,0.344,-12.02,28.12,33999.07,metal loss,External,17,0.058,,,1.69,1.69,4:15,,,0.7,127.48,,MFL-A/XT,,1160,65000,,1342,1454.77,2019.92,,,,,,
9420,,0.344,-12.27,27.87,33999.32,cluster,External,22,0.076,,,1.96,1.49,4:13,,,0.7,127.48,,,,1160,65000,,1342,1439.74,1999.04,1506.64,2091.93,1513.42,2101.35,0.77,1.8
9420,,0.344,-12.55,27.59,33999.59,metal loss,External,17,0.058,,,1.06,2.17,4:04,,,0.7,127.47,,MFL-A/XT,,1160,65000,,1342,1466.63,2036.37,,,,,,
9420,,0.344,-12.69,27.46,33999.73,metal loss,External,11,0.038,,,0.79,1.85,7:15,,,0.7,127.47,,MFL-A/XT,,1160,65000,,1342,,,,,,,,
9420,,0.344,-12.81,27.33,33999.86,metal loss,External,56,0.193,,,1.14,1.53,4:05,,,0.7,127.47,,MFL-A/XT,,1160,65000,,1342,1427.24,1981.69,1486.44,2063.89,1497.74,2079.57,0.78,1.78
9420,,0.344,-13.13,27.01,34000.18,metal loss,External,23,0.079,,,0.63,1.18,4:20,,,0.7,127.47,,MFL-A/XT,,1160,65000,,1342,1471.31,2042.88,1543.09,2142.54,1543.5,2143.11,0.75,1.85
9420,,0.344,-13.35,26.79,34000.4,metal loss,External,19,0.065,,,1.26,1.73,4:06,,,0.7,127.47,,MFL-A/XT,,1160,65000,,1342,1461.56,2029.34,,,,,,
9420,,0.344,-13.54,26.61,34000.58,metal loss,External,11,0.038,,,0.59,1.18,4:18,,,0.7,127.47,,MFL-A/XT,,1160,65000,,1342,,,,,,,,
9420,,0.344,-39.17,0.97,34026.21,metal loss,External,13,0.045,,,1.61,4.65,8:26,,,0.7,127.03,,MFL-A/XT,,1160,65000,,1342,1461.35,2029.04,,,,,,
9420,,0.344,-39.18,0.97,34026.22,metal loss,External,33,0.114,,,1.81,1.53,9:37,,,0.7,127.03,,MFL-A/XT,,1160,65000,,1342,1424.37,1977.71,1487.5,2065.35,1494.66,2075.3,0.78,1.78
9420,,0.344,-39.18,0.96,34026.22,metal loss,External,34,0.117,,,1.53,0.59,8:10,,,0.7,127.03,,MFL-A/XT,,1160,65000,,1342,1435.05,1992.54,1500.31,2083.14,1506.17,2091.28,0.77,1.8
9420,,0.344,-39.19,0.95,34026.24,metal loss,External,12,0.041,,,1.14,2.91,7:26,,,0.7,127.03,,MFL-A/XT,,1160,65000,,1342,,,,,,,,
9420,,0.344,-39.24,0.9,34026.28,metal loss,External,37,0.127,,,0.87,3.23,10:18,,,0.7,127.03,,MFL-A/XT,,1160,65000,,1342,1459.8,2026.89,1529.43,2123.57,1531.96,2127.09,0.76,1.83
9430,40.11,0.344,,,34027.19,GirthWeld,,,,,,,,,,4,0.7,127.01,,,,1160,65000,,1342,,,,,,,,
9430,,0.344,-31.81,8.3,34059,metal loss,External,31,0.107,,,0.71,1.22,6:00,,,0.7,126.2,,MFL-A/XT,,1160,65000,,1342,1467.24,2037.23,1538.32,2135.93,1539.49,2137.54,0.75,1.84
9430,,0.344,-36.43,3.68,34063.61,metal loss,External,43,0.148,,,0.51,1.1,6:24,,,0.7,126.09,,MFL-A/XT,,1160,65000,,1342,1468.73,2039.29,1539.68,2137.8,1541.01,2139.65,0.75,1.84
9430,,0.344,-36.58,3.54,34063.76,metal loss,External,21,0.072,,,0.59,1.06,6:19,,,0.7,126.09,,MFL-A/XT,,1160,65000,,1342,1472.28,2044.23,1544.19,2144.07,1544.46,2144.44,0.75,1.85
9430,,0.344,-36.74,3.37,34063.93,metal loss,External,15,0.052,,,0.59,1.02,6:19,,,0.7,126.08,,MFL-A/XT,,1160,65000,,1342,1473.52,2045.95,,,,,,
9440,40.13,0.344,,,34067.3,GirthWeld,,,,,,,,,,8,1,126.01,,,,1160,65000,,1342,,,,,,,,
9440,,,,,34074.4,Attachment,,,,,,,,6:00,Repair Marker,,,125.88,,,,,,,,,,,,,,,
9440,,0.344,-7.95,32.18,34075.25,metal loss,External,22,0.076,,,1.34,1.53,6:47,Recoat,,1,125.87,,MFL-A/XT,,1160,65000,,1342,1456.8,2022.73,1526.66,2119.73,1528.15,2121.8,0.76,1.83
9440,,0.344,-7.99,32.14,34075.29,metal loss,External,14,0.048,,,0.91,1.26,6:22,Recoat,,1,125.87,,MFL-A/XT,,1160,65000,,1342,1470.45,2041.68,,,,,,
9440,,0.344,-8.18,31.95,34075.48,metal loss,External,27,0.093,,,0.91,1.5,6:37,Recoat,,1,125.86,,MFL-A/XT,,1160,65000,,1342,1463.98,2032.7,1534.72,2130.93,1536.07,2132.79,0.76,1.84
9440,,0.344,-8.28,31.85,34075.58,metal loss,External,13,0.045,,,0.51,1.02,5:57,Recoat,,1,125.86,,MFL-A/XT,,1160,65000,,1342,1474.51,2047.32,,,,,,
9440,,0.344,-8.44,31.69,34075.74,metal loss,External,12,0.041,,,0.47,0.87,6:16,Recoat,,1,125.86,,MFL-A/XT,,1160,65000,,1342,,,,,,,,
9440,,0.344,-8.61,31.53,34075.9,metal loss,External,29,0.1,,,0.59,0.94,6:20,Recoat,,1,125.86,,MFL-A/XT,,1160,65000,,1342,1470.21,2041.35,1541.75,2140.69,1542.47,2141.69,0.75,1.85
9440,,,,,34077.68,Attachment,,,,,,,,6:00,Repair Marker,,,125.83,,,,,,,,,,,,,,,
9440,,,,,34097.46,AGM,,,,,,,,,AGM#13 AT PLM/ ON FENCE,,,125.85,,,,,,,,,,,,,,,
9440,,,,,34105.76,Attachment,,,,,,,,5:30,Repair Marker,,,125.91,,,,,,,,,,,,,,,
9440,,,,,34105.84,Area Start Composite Wrap,,,,,,,,,Repair Marker @12:00 2012 Dig#22,,,125.91,,,,,,,,,,,,,,,
9440,,0.344,-39.25,0.89,34106.55,metal loss,External,45,0.155,,,0.98,4.49,10:27,Repaired?,,1,125.92,,MFL-A/XT,,1160,65000,,1342,1448.97,2011.86,1515.78,2104.63,1520.83,2111.63,0.77,1.81
9440,,,,,34107.29,Area End Composite Wrap,,,,,,,,,Repair Marker @12:00 2012 Dig#22,,,125.93,,,,,,,,,,,,,,,
9440,,0.344,-40.02,0.11,34107.32,metal loss,External,14,0.048,,,0.94,1.58,11:45,affecting girth weld; Recoat,,1,125.93,,MFL-A/XT,,1160,65000,,1342,1470.01,2041.08,,,,,,
9450,40.08,0.344,,,34107.43,GirthWeld,,,,,,,,,,3,0.7,125.93,,,,1160,65000,,1342,,,,,,,,
9450,,0.344,-0.8,39.28,34108.23,metal loss,External,11,0.038,,,0.51,1.1,10:37,Recoat,,0.7,125.93,,MFL-A/XT,,1160,65000,,1342,,,,,,,,
9450,,,,,34108.7,Attachment,,,,,,,,6:00,Repair Marker,,,125.93,,,,,,,,,,,,,,,
9450,,0.344,-32.49,7.59,34139.92,metal loss,External,11,0.038,,,0.79,1.65,4:58,,,0.7,125.92,,MFL-A/XT,,1160,65000,,1342,,,,,,,,
9450,,0.344,-33.31,6.78,34140.74,metal loss,External,41,0.141,,,0.94,1.46,5:39,,,0.7,125.92,,MFL-A/XT,,1160,65000,,1342,1454.36,2019.34,1522.69,2114.22,1526.41,2119.38,0.76,1.82
9460,40.14,0.344,,,34147.51,GirthWeld,,,,,,,,,,3,1,125.88,,,,1160,65000,,1342,,,,,,,,
9460,,0.344,-9.07,31.07,34156.58,metal loss,External,19,0.065,,,1.97,1.73,4:07,,,1,125.85,,MFL-A/XT,,1160,65000,,1342,1445.32,2006.8,,,,,,
9460,,0.344,-9.98,30.16,34157.5,metal loss,External,31,0.107,,,1.85,2.32,5:04,,,1,125.85,,MFL-A/XT,,1160,65000,,1342,1426.2,1980.24,1489.9,2068.69,1496.39,2077.7,0.78,1.78
9460,,0.344,-10.72,29.42,34158.24,metal loss,External,12,0.041,,,0.59,1.81,5:38,,,1,125.84,,MFL-A/XT,,1160,65000,,1342,,,,,,,,
9460,,,,,34186.91,Attachment,,,,,,,,6:00,Repair Marker 2012 Dig #23 Recoat,,,126.26,,,,,,,,,,,,,,,
9470,40.09,0.344,,,34187.65,GirthWeld,,,,,,,,,,5,0.7,126.28,,,,1160,65000,,1342,,,,,,,,
9470,,0.344,-0.76,39.34,34188.41,metal loss,External,34,0.117,,,1.65,5.08,5:10,Recoat,,0.7,126.3,,MFL-A/XT,,1160,65000,,1342,1430.17,1985.76,1494.42,2074.97,1500.98,2084.07,0.78,1.79
9470,,0.344,-0.78,39.31,34188.43,metal loss,External,31,0.107,,,1.81,2.05,2:47,Recoat,,0.7,126.3,,MFL-A/XT,,1160,65000,,1342,1428.2,1983.03,1492.34,2072.07,1498.57,2080.72,0.78,1.79
9470,,0.344,-0.78,39.31,34188.44,metal loss,External,21,0.072,,,1.38,4.17,7:17,Recoat,,0.7,126.3,,MFL-A/XT,,1160,65000,,1342,1456.94,2022.93,1526.86,2120,1528.17,2121.82,0.76,1.83
9470,,0.344,-0.79,39.3,34188.44,metal loss,External,29,0.1,,,1.22,4.57,3:53,Recoat,,0.7,126.3,,MFL-A/XT,,1160,65000,,1342,1453.37,2017.97,1522.4,2113.81,1525.14,2117.62,0.76,1.82
9470,,0.344,-0.79,39.3,34188.45,metal loss,External,29,0.1,,,1.14,1.81,6:34,Recoat,,0.7,126.3,,MFL-A/XT,,1160,65000,,1342,1456.11,2021.77,1525.57,2118.22,1527.99,2121.58,0.76,1.83
9470,,,,,34189.44,Attachment,,,,,,,,6:00,Repair Marker 2012 Dig #23 Recoat,,,126.32,,,,,,,,,,,,,,,
9480,40.09,0.344,,,34227.74,GirthWeld,,,,,,,,,,,0.7,127.19,,,,1160,65000,,1342,,,,,,,,
9490,40.13,0.344,,,34267.84,GirthWeld,,,,,,,,,,,0.7,127.74,,,,1160,65000,,1342,,,,,,,,
9500,40.11,0.344,,,34307.96,GirthWeld,,,,,,,,,,,0.7,128.44,,,,1160,65000,,1342,,,,,,,,
9510,32.31,0.344,,,34348.08,GirthWeld,,,,,,,,,,,0.7,129.11,,,,1160,65000,,1342,,,,,,,,
9520,40.05,0.344,,,34380.39,GirthWeld,,,,,,,,,,,0.7,129.84,,,,1160,65000,,1342,,,,,,,,
9530,40.13,0.344,,,34420.43,GirthWeld,,,,,,,,,,,0.7,129.69,,,,1160,65000,,1342,,,,,,,,
9540,40.05,0.344,,,34460.57,GirthWeld,,,,,,,,,,,0.7,129.01,,,,1160,65000,,1342,,,,,,,,
9550,29.9,0.344,,,34500.61,GirthWeld,,,,,,,,,,,0.7,127.97,,,,1160,65000,,1342,,,,,,,,
9560,40.08,0.344,,,34530.51,GirthWeld,,,,,,,,,,,1,126.36,,,,1160,65000,,1342,,,,,,,,
9570,40.07,0.344,,,34570.59,GirthWeld,,,,,,,,,,,1,123.74,,,,1160,65000,,1342,,,,,,,,
9580,39.69,0.344,,,34610.66,GirthWeld,,,,,,,,,,,1,120.92,,,,1160,65000,,1342,,,,,,,,
9590,40.25,0.344,,,34650.35,GirthWeld,,,,,,,,,,1,0.7,116.98,,,,1160,65000,,1342,,,,,,,,
9590,,0.344,-19.91,20.33,34670.26,metal loss,External,13,0.045,,,0.87,1.18,7:24,,,0.7,115.5,,MFL-A/XT,,1160,65000,,1342,1471.41,2043.01,,,,,,
9600,40.07,0.344,,,34690.59,GirthWeld,,,,,,,,,,,0.7,116.72,,,,1160,65000,,1342,,,,,,,,
9610,40.08,0.344,,,34730.66,GirthWeld,,,,,,,,,,,0.7,117.85,,,,1160,65000,,1342,,,,,,,,
9620,40.06,0.344,,,34770.73,GirthWeld,,,,,,,,,,,0.7,116.29,,,,1160,65000,,1342,,,,,,,,
9630,40.07,0.344,,,34810.79,GirthWeld,,,,,,,,,,,0.7,112.59,,,,1160,65000,,1342,,,,,,,,
9640,40.09,0.344,,,34850.86,GirthWeld,,,,,,,,,,,1,107.94,,,,1160,65000,,1342,,,,,,,,
9650,40.03,0.344,,,34890.95,GirthWeld,,,,,,,,,,2,0.7,102.85,,,,1160,65000,,1342,,,,,,,,
9650,,0.344,-21.29,18.74,34912.23,metal loss manufacturing,N/A,21,0.072,,,0.39,0.75,6:59,,,0.7,99.51,,MFL-A/XT,,1160,65000,,1342,,,,,,,,
9650,,0.344,-22.8,17.23,34913.75,metal loss manufacturing,N/A,18,0.062,,,0.43,0.67,10:50,,,0.7,99.22,,MFL-A/XT,,1160,65000,,1342,,,,,,,,
9660,40.11,0.344,,,34930.98,GirthWeld,,,,,,,,,,1,0.7,95.95,,,,1160,65000,,1342,,,,,,,,
9660,,0.344,-31.51,8.6,34962.49,metal loss,External,10,0.034,,,0.79,1.38,2:16,,,0.7,89.93,,MFL-A/XT,,1160,65000,,1342,,,,,,,,
9670,40.13,0.344,,,34971.09,GirthWeld,,,,,,,,,,1,0.7,88.74,,,,1160,65000,,1342,,,,,,,,
9670,,0.344,-0.8,39.33,34971.89,metal loss,External,14,0.048,,,0.43,1.18,11:39,,,0.7,88.63,,MFL-A/XT,,1160,65000,,1342,1474.85,2047.79,,,,,,
9680,40.21,0.344,,,35011.22,GirthWeld,,,,,,,,,,,0.7,85.91,,,,1160,65000,,1342,,,,,,,,
9690,27.46,0.344,,,35051.44,GirthWeld,,,,,,,,,,1,1,89.6,,,,1160,65000,,1342,,,,,,,,
9690,,0.344,-0.03,27.43,35051.46,metal loss,External,11,0.038,,,0.39,1.14,2:07,affecting girth weld,,1,89.6,,MFL-A/XT,,1160,65000,,1342,,,,,,,,
9700,40.02,0.344,,,35078.89,GirthWeld,,,,,,,,,,,0.7,95.11,,,,1160,65000,,1342,,,,,,,,
9710,40.01,0.344,,,35118.91,GirthWeld,,,,,,,,,,,0.7,102.41,,,,1160,65000,,1342,,,,,,,,
9720,40.07,0.344,,,35158.92,GirthWeld,,,,,,,,,,,0.7,106.57,,,,1160,65000,,1342,,,,,,,,
9730,40.08,0.344,,,35198.99,GirthWeld,,,,,,,,,,,0.7,109.97,,,,1160,65000,,1342,,,,,,,,
9740,40.23,0.344,,,35239.07,GirthWeld,,,,,,,,,,,0.7,113.63,,,,1160,65000,,1342,,,,,,,,
9750,40.08,0.344,,,35279.3,GirthWeld,,,,,,,,,,,0.7,116.8,,,,1160,65000,,1342,,,,,,,,
9760,40.09,0.344,,,35319.37,GirthWeld,,,,,,,,,,,1,118.69,,,,1160,65000,,1342,,,,,,,,
9770,40.1,0.344,,,35359.46,GirthWeld,,,,,,,,,,,1,119.61,,,,1160,65000,,1342,,,,,,,,
9780,40.07,0.344,,,35399.57,GirthWeld,,,,,,,,,,,1,120.22,,,,1160,65000,,1342,,,,,,,,
9790,4.05,0.344,,,35439.64,GirthWeld,,,,,,,,,,,0.7,119.98,,,,1160,65000,,1342,,,,,,,,
9800,39.92,0.5,,,35443.69,GirthWeld,,,,,,,,,,,0.7,119.95,,,,1160,60000,,1800,,,,,,,,
9810,4.06,0.344,,,35483.61,GirthWeld,,,,,,,,,,,0.7,120.09,,,,1160,65000,,1342,,,,,,,,
9820,39.99,0.344,,,35487.68,GirthWeld,,,,,,,,,,,1,120.12,,,,1160,65000,,1342,,,,,,,,
9830,27.26,0.344,,,35527.67,GirthWeld,,,,,,,,,,,0.7,120.86,,,,1160,65000,,1342,,,,,,,,
9840,40.07,0.344,,,35554.93,GirthWeld,,,,,,,,,,,0.7,121.45,,,,1160,65000,,1342,,,,,,,,
9850,39.99,0.344,,,35595,GirthWeld,,,,,,,,,,,0.7,122.67,,,,1160,65000,,1342,,,,,,,,
9860,40.03,0.344,,,35634.99,GirthWeld,,,,,,,,,,1,0.7,124.43,,,,1160,65000,,1342,,,,,,,,
9860,,0.344,-0.86,39.17,35635.85,metal loss,External,35,0.12,,,0.51,1.22,5:55,,,0.7,124.48,,MFL-A/XT,,1160,65000,,1342,1470.54,2041.8,1542.01,2141.04,1542.84,2142.19,0.75,1.85
9870,40.03,0.344,,,35675.02,GirthWeld,,,,,,,,,,,0.7,126.77,,,,1160,65000,,1342,,,,,,,,
9880,40.08,0.344,,,35715.04,GirthWeld,,,,,,,,,,,0.7,129.11,,,,1160,65000,,1342,,,,,,,,
9890,40.06,0.344,,,35755.13,GirthWeld,,,,,,,,,,2,1,130.77,,,,1160,65000,,1342,,,,,,,,
9890,,0.344,-39.16,0.9,35794.29,metal loss,External,27,0.093,,,0.79,2.28,7:01,,,1,131.7,,MFL-A/XT,,1160,65000,,1342,1467.11,2037.04,1538.28,2135.86,1539.28,2137.25,0.75,1.84
9890,,0.344,-39.19,0.87,35794.32,metal loss,External,14,0.048,,,0.87,0.63,6:05,,,1,131.7,,MFL-A/XT,,1160,65000,,1342,1471,2042.45,,,,,,
9900,40.02,0.344,,,35795.19,GirthWeld,,,,,,,,,,,0.7,131.72,,,,1160,65000,,1342,,,,,,,,
9910,40.05,0.344,,,35835.21,GirthWeld,,,,,,,,,,2,1,132.99,,,,1160,65000,,1342,,,,,,,,
9910,,0.344,-18.27,21.77,35853.48,metal loss manufacturing,N/A,15,0.052,,,0.32,0.79,6:12,,,1,133.48,,MFL-A/XT,,1160,65000,,1342,,,,,,,,
9910,,0.344,-18.35,21.69,35853.56,metal loss manufacturing,N/A,10,0.034,,,0.32,0.63,6:00,,,1,133.48,,MFL-A/XT,,1160,65000,,1342,,,,,,,,
9920,40.03,0.344,,,35875.25,GirthWeld,,,,,,,,,,7,1,133.95,,,,1160,65000,,1342,,,,,,,,
9920,,0.344,-0.7,39.33,35875.95,metal loss,External,26,0.089,,,1.22,6.46,4:46,,,1,133.97,,MFL-A/XT,,1160,65000,,1342,1456.19,2021.88,1525.81,2118.55,1527.9,2121.45,0.76,1.83
9920,,0.344,-0.71,39.32,35875.96,metal loss,External,14,0.048,,,0.91,1.93,6:34,,,1,133.97,,MFL-A/XT,,1160,65000,,1342,1470.59,2041.87,,,,,,
9920,,0.344,-0.73,39.3,35875.98,metal loss,External,16,0.055,,,1.26,2.28,3:52,,,1,133.97,,MFL-A/XT,,1160,65000,,1342,1464.13,2032.91,,,,,,
9920,,0.344,-0.73,39.3,35875.98,cluster,External,22,0.076,,,1.18,4.73,7:39,,,1,133.97,,,,1160,65000,,1342,1460.78,2028.25,1531.22,2126.06,1531.89,2127,0.76,1.83
9920,,0.344,-0.75,39.28,35876,metal loss,External,25,0.086,,,0.79,3.46,8:55,,,1,133.97,,MFL-A/XT,,1160,65000,,1342,1467.67,2037.82,1538.96,2136.81,1539.8,2137.97,0.75,1.84
9920,,0.344,-0.77,39.26,35876.02,metal loss,External,19,0.065,,,0.63,2.95,10:42,,,1,133.97,,MFL-A/XT,,1160,65000,,1342,1472.28,2044.23,,,,,,
9920,,0.344,-0.77,39.26,35876.02,metal loss,External,11,0.038,,,0.83,2.52,1:29,,,1,133.97,,MFL-A/XT,,1160,65000,,1342,,,,,,,,
9930,40.04,0.344,,,35915.28,GirthWeld,,,,,,,,,,,0.7,135.07,,,,1160,65000,,1342,,,,,,,,
9940,40.05,0.344,,,35955.32,GirthWeld,,,,,,,,,,,0.7,136.23,,,,1160,65000,,1342,,,,,,,,
9940,,,,,35973.21,Attachment,,,,,,,,6:00,Repair Marker 2012 Dig #24,,,136.67,,,,,,,,,,,,,,,
9940,,,,,35973.92,Area Start Sleeve,,,,,,,,,2012 Dig #24,,,136.69,,,,,,,,,,,,,,,
9940,,,,,35976.29,Area End Sleeve,,,,,,,,,2012 Dig #24,,,136.77,,,,,,,,,,,,,,,
9940,,,,,35976.78,Attachment,,,,,,,,6:00,Repair Marker 2012 Dig #24,,,136.79,,,,,,,,,,,,,,,
9950,40.04,0.344,,,35995.37,GirthWeld,,,,,,,,,,,1,137.42,,,,1160,65000,,1342,,,,,,,,
9960,40,0.344,,,36035.4,GirthWeld,,,,,,,,,,,0.7,138.2,,,,1160,65000,,1342,,,,,,,,
9970,40,0.344,,,36075.4,GirthWeld,,,,,,,,,,,0.7,139.1,,,,1160,65000,,1342,,,,,,,,
9980,40.01,0.344,,,36115.4,GirthWeld,,,,,,,,,,,0.7,140.68,,,,1160,65000,,1342,,,,,,,,
9990,40.02,0.344,,,36155.42,GirthWeld,,,,,,,,,,,0.7,142.32,,,,1160,65000,,1342,,,,,,,,
10000,39.86,0.344,,,36195.43,GirthWeld,,,,,,,,,,,0.7,143.78,,,,1160,65000,,1342,,,,,,,,
10010,40.08,0.344,,,36235.3,GirthWeld,,,,,,,,,,,0.7,145.44,,,,1160,65000,,1342,,,,,,,,
10020,39.87,0.344,,,36275.38,GirthWeld,,,,,,,,,,,0.7,146.79,,,,1160,65000,,1342,,,,,,,,
10030,40.04,0.344,,,36315.25,GirthWeld,,,,,,,,,,,0.7,147.73,,,,1160,65000,,1342,,,,,,,,
10040,40.04,0.344,,,36355.29,GirthWeld,,,,,,,,,,,0.7,147.49,,,,1160,65000,,1342,,,,,,,,
10050,40.07,0.344,,,36395.33,GirthWeld,,,,,,,,,,,0.7,147.37,,,,1160,65000,,1342,,,,,,,,
10060,40.03,0.344,,,36435.4,GirthWeld,,,,,,,,,,,0.7,146.05,,,,1160,65000,,1342,,,,,,,,
10070,40.18,0.344,,,36475.42,GirthWeld,,,,,,,,,,1,0.7,143.74,,,,1160,65000,,1342,,,,,,,,
10070,,0.344,-21.26,18.92,36496.68,metal loss,External,10,0.034,,,0.51,0.98,5:03,,,0.7,143.81,,MFL-A/XT,,1160,65000,,1342,,,,,,,,
10080,40.03,0.344,,,36515.6,GirthWeld,,,,,,,,,,,0.7,145.29,,,,1160,65000,,1342,,,,,,,,
10090,40.08,0.344,,,36555.63,GirthWeld,,,,,,,,,,,1,149,,,,1160,65000,,1342,,,,,,,,
10100,40.05,0.344,,,36595.7,GirthWeld,,,,,,,,,,,0.7,152.54,,,,1160,65000,,1342,,,,,,,,
10110,40.03,0.344,,,36635.75,GirthWeld,,,,,,,,,,,0.7,154.85,,,,1160,65000,,1342,,,,,,,,
10120,39.95,0.344,,,36675.78,GirthWeld,,,,,,,,,,,0.7,157.24,,,,1160,65000,,1342,,,,,,,,
10130,40.05,0.344,,,36715.72,GirthWeld,,,,,,,,,,,1,158.87,,,,1160,65000,,1342,,,,,,,,
10140,40.04,0.344,,,36755.77,GirthWeld,,,,,,,,,,,0.7,160.07,,,,1160,65000,,1342,,,,,,,,
10150,39.97,0.344,,,36795.82,GirthWeld,,,,,,,,,,,0.7,161.01,,,,1160,65000,,1342,,,,,,,,
10160,39.47,0.344,,,36835.78,GirthWeld,,,,,,,,,,,0.7,161.62,,,,1160,65000,,1342,,,,,,,,
10170,40.06,0.344,,,36875.25,GirthWeld,,,,,,,,,,,0.7,162.28,,,,1160,65000,,1342,,,,,,,,
10180,23.15,0.344,,,36915.31,GirthWeld,,,,,,,,,,,0.7,162.14,,,,1160,65000,,1342,,,,,,,,
10190,40.19,0.344,,,36938.46,GirthWeld,,,,,,,,,,,0.7,162,,,,1160,65000,,1342,,,,,,,,
10200,8.54,0.5,,,36978.65,GirthWeld,,,,,,,,,,,0.7,161.25,,,,1160,60000,,1800,,,,,,,,
10200,,,,,36983.14,Bend,,,,,,,,,5.6D -  23° - Left,,,161.08,,,,,,,,,,,,,,,
10210,6.54,0.344,,,36987.19,GirthWeld,,,,,,,,,,,0.7,160.75,,,,1160,65000,,1342,,,,,,,,
10220,38.07,0.344,,,36993.73,GirthWeld,,,,,,,,,,,0.7,160.22,,,,1160,65000,,1342,,,,,,,,
10220,,,,,36994.95,AGM,,,,,,,,,AGM#14 34' U/S OF PAVED RD/ AT PLM,,,160.12,,,,,,,,,,,,,,,
10230,40.06,0.344,,,37031.8,GirthWeld,,,,,,,,,,,0.7,157.41,,,,1160,65000,,1342,,,,,,,,
10240,40.03,0.344,,,37071.86,GirthWeld,,,,,,,,,,,0.7,154.69,,,,1160,65000,,1342,,,,,,,,
10250,39.71,0.344,,,37111.88,GirthWeld,,,,,,,,,,,0.7,152.14,,,,1160,65000,,1342,,,,,,,,
10260,7.07,0.344,,,37151.6,GirthWeld,,,,,,,,,,,0.7,149.34,,,,1160,65000,,1342,,,,,,,,
10270,7.87,0.5,,,37158.67,GirthWeld,,,,,,,,,,,0.7,148.77,,,,1160,60000,,1800,,,,,,,,
10270,,,,,37162.83,Bend,,,,,,,,,5.3D -  20° - Right,,,148.34,,,,,,,,,,,,,,,
10280,11.74,0.344,,,37166.54,GirthWeld,,,,,,,,,,,0.7,147.73,,,,1160,65000,,1342,,,,,,,,
10290,34.06,0.344,,,37178.28,GirthWeld,,,,,,,,,,,0.7,145.65,,,,1160,65000,,1342,,,,,,,,
10300,40.14,0.344,,,37212.34,GirthWeld,,,,,,,,,,,1,140.16,,,,1160,65000,,1342,,,,,,,,
10310,40.14,0.344,,,37252.48,GirthWeld,,,,,,,,,,,0.7,137.33,,,,1160,65000,,1342,,,,,,,,
10320,40.16,0.344,,,37292.62,GirthWeld,,,,,,,,,,,0.7,136.62,,,,1160,65000,,1342,,,,,,,,
10330,40.12,0.344,,,37332.78,GirthWeld,,,,,,,,,,,0.7,139.47,,,,1160,65000,,1342,,,,,,,,
10340,29.1,0.344,,,37372.91,GirthWeld,,,,,,,,,,,0.7,148.93,,,,1160,65000,,1342,,,,,,,,
10350,27.69,0.344,,,37402.01,GirthWeld,,,,,,,,,,,0.7,156.72,,,,1160,65000,,1342,,,,,,,,
10360,40,0.344,,,37429.69,GirthWeld,,,,,,,,,,,0.7,162.92,,,,1160,65000,,1342,,,,,,,,
10370,33.99,0.344,,,37469.69,GirthWeld,,,,,,,,,,,0.7,167.3,,,,1160,65000,,1342,,,,,,,,
10380,8.66,0.5,,,37503.68,GirthWeld,,,,,,,,,,,0.7,169.85,,,,1160,60000,,1800,,,,,,,,
10380,,,,,37508.25,Bend,,,,,,,,,5.7D -  23° - Right,,,170.17,,,,,,,,,,,,,,,
10390,40.63,0.344,,,37512.34,GirthWeld,,,,,,,,,,,0.7,170.5,,,,1160,65000,,1342,,,,,,,,
10400,39.55,0.344,,,37552.97,GirthWeld,,,,,,,,,,,0.7,176.19,,,,1160,65000,,1342,,,,,,,,
10410,36.99,0.344,,,37592.52,GirthWeld,,,,,,,,,,,0.7,184.99,,,,1160,65000,,1342,,,,,,,,
10420,11.02,0.5,,,37629.51,GirthWeld,,,,,,,,,,,0.7,193.01,,,,1160,60000,,1800,,,,,,,,
10420,,,,,37635.21,Bend,,,,,,,,,5.6D -  35° - Left,,,194.08,,,,,,,,,,,,,,,
10430,8.97,0.344,,,37640.54,GirthWeld,,,,,,,,,,,1,194.55,,,,1160,65000,,1342,,,,,,,,
10440,40.08,0.344,,,37649.5,GirthWeld,,,,,,,,,,,1,195.05,,,,1160,65000,,1342,,,,,,,,
10450,38.23,0.344,,,37689.58,GirthWeld,,,,,,,,,,,0.7,197.38,,,,1160,65000,,1342,,,,,,,,
10460,40.11,0.344,,,37727.81,GirthWeld,,,,,,,,,,,0.7,198.83,,,,1160,65000,,1342,,,,,,,,
10470,40.09,0.344,,,37767.92,GirthWeld,,,,,,,,,,,0.7,200.25,,,,1160,65000,,1342,,,,,,,,
10480,40.11,0.344,,,37808.01,GirthWeld,,,,,,,,,,,1,201.56,,,,1160,65000,,1342,,,,,,,,
10490,40.07,0.344,,,37848.13,GirthWeld,,,,,,,,,,,1,203.09,,,,1160,65000,,1342,,,,,,,,
10500,40.2,0.344,,,37888.2,GirthWeld,,,,,,,,,,,1,206.17,,,,1160,65000,,1342,,,,,,,,
10510,40.01,0.344,,,37928.4,GirthWeld,,,,,,,,,,1,0.7,212.45,,,,1160,65000,,1342,,,,,,,,
10510,,0.344,-22.91,17.1,37951.31,metal loss manufacturing,N/A,10,0.034,,,0.32,0.59,9:58,,,0.7,216.56,,MFL-A/XT,,1160,65000,,1342,,,,,,,,
10520,38.24,0.344,,,37968.41,GirthWeld,,,,,,,,,,,0.7,219.26,,,,1160,65000,,1342,,,,,,,,
10530,39.56,0.344,,,38006.65,GirthWeld,,,,,,,,,,,0.7,223.9,,,,1160,65000,,1342,,,,,,,,
10540,40.04,0.344,,,38046.21,GirthWeld,,,,,,,,,,1,0.7,226.72,,,,1160,65000,,1342,,,,,,,,
10540,,0.344,-0.5,39.54,38046.71,metal loss,External,18,0.062,,,1.26,2.48,2:05,,,0.7,226.75,,MFL-A/XT,,1160,65000,,1342,1462.43,2030.55,,,,,,
10550,40.04,0.344,,,38086.25,GirthWeld,,,,,,,,,,,0.7,228.66,,,,1160,65000,,1342,,,,,,,,
10560,40.07,0.344,,,38126.28,GirthWeld,,,,,,,,,,,1,230.68,,,,1160,65000,,1342,,,,,,,,
10570,40.1,0.344,,,38166.35,GirthWeld,,,,,,,,,,,0.7,232.82,,,,1160,65000,,1342,,,,,,,,
10580,40.03,0.344,,,38206.46,GirthWeld,,,,,,,,,,,0.7,235.03,,,,1160,65000,,1342,,,,,,,,
10590,40.04,0.344,,,38246.49,GirthWeld,,,,,,,,,,,0.7,236.97,,,,1160,65000,,1342,,,,,,,,
10600,8.41,0.344,,,38286.53,GirthWeld,,,,,,,,,,,0.7,238.14,,,,1160,65000,,1342,,,,,,,,
10610,40.09,0.344,,,38294.94,GirthWeld,,,,,,,,,,,0.7,238.35,,,,1160,65000,,1342,,,,,,,,
10620,40.11,0.344,,,38335.03,GirthWeld,,,,,,,,,,1,0.7,239.92,,,,1160,65000,,1342,,,,,,,,
10620,,0.344,-28.67,11.45,38363.7,metal loss,External,11,0.038,,,2.09,0.59,1:08,,,0.7,242.12,,MFL-A/XT,,1160,65000,,1342,,,,,,,,
10630,35.07,0.344,,,38375.14,GirthWeld,,,,,,,,,,,1,243.08,,,,1160,65000,,1342,,,,,,,,
10640,40.07,0.344,,,38410.21,GirthWeld,,,,,,,,,,3,0.7,244.67,,,,1160,65000,,1342,,,,,,,,
10640,,0.344,-34.19,5.88,38444.41,metal loss,External,18,0.062,,,2.17,1.5,9:40,,,0.7,245.83,,MFL-A/XT,,1160,65000,,1342,1442.73,2003.19,,,,,,
10640,,0.344,-34.21,5.86,38444.42,metal loss,External,11,0.038,,,2.01,0.83,9:11,,,0.7,245.83,,MFL-A/XT,,1160,65000,,1342,,,,,,,,
10640,,0.344,-34.22,5.86,38444.43,metal loss,External,13,0.045,,,1.73,0.83,10:06,,,0.7,245.83,,MFL-A/XT,,1160,65000,,1342,1459.67,2026.72,,,,,,
10650,40.07,0.344,,,38450.29,GirthWeld,,,,,,,,,,,1,245.94,,,,1160,65000,,1342,,,,,,,,
10660,40.11,0.344,,,38490.36,GirthWeld,,,,,,,,,,,0.7,246.24,,,,1160,65000,,1342,,,,,,,,
10670,39.55,0.344,,,38530.47,GirthWeld,,,,,,,,,,,0.7,247.01,,,,1160,65000,,1342,,,,,,,,
10680,40.05,0.344,,,38570.01,GirthWeld,,,,,,,,,,,0.7,248.53,,,,1160,65000,,1342,,,,,,,,
10690,40.02,0.344,,,38610.06,GirthWeld,,,,,,,,,,,0.7,249.24,,,,1160,65000,,1342,,,,,,,,
10690,,,,,38614.14,AGM,,,,,,,,,AGM#15 AT PLM/ ON FENCE,,,249.22,,,,,,,,,,,,,,,
10700,40.02,0.344,,,38650.08,GirthWeld,,,,,,,,,,,0.7,248.57,,,,1160,65000,,1342,,,,,,,,
10710,40.16,0.344,,,38690.09,GirthWeld,,,,,,,,,,,1,245.77,,,,1160,65000,,1342,,,,,,,,
10720,40.04,0.344,,,38730.26,GirthWeld,,,,,,,,,,,1,237.23,,,,1160,65000,,1342,,,,,,,,
10730,39.95,0.344,,,38770.29,GirthWeld,,,,,,,,,,,0.7,223.89,,,,1160,65000,,1342,,,,,,,,
10740,40.04,0.344,,,38810.24,GirthWeld,,,,,,,,,,,0.7,204.49,,,,1160,65000,,1342,,,,,,,,
10750,40.02,0.344,,,38850.28,GirthWeld,,,,,,,,,,,0.7,179.95,,,,1160,65000,,1342,,,,,,,,
10760,40.03,0.344,,,38890.3,GirthWeld,,,,,,,,,,,0.7,154.45,,,,1160,65000,,1342,,,,,,,,
10770,40.04,0.344,,,38930.33,GirthWeld,,,,,,,,,,,0.7,128.84,,,,1160,65000,,1342,,,,,,,,
10780,40.04,0.344,,,38970.38,GirthWeld,,,,,,,,,,,1,103.61,,,,1160,65000,,1342,,,,,,,,
10790,39.85,0.344,,,39010.42,GirthWeld,,,,,,,,,,,0.7,78.7,,,,1160,65000,,1342,,,,,,,,
10800,7.37,0.344,,,39050.26,GirthWeld,,,,,,,,,,,0.7,56.94,,,,1160,65000,,1342,,,,,,,,
10810,40.03,0.344,,,39057.63,GirthWeld,,,,,,,,,,,1,53.41,,,,1160,65000,,1342,,,,,,,,
10820,39.95,0.344,,,39097.66,GirthWeld,,,,,,,,,,,0.7,37.74,,,,1160,65000,,1342,,,,,,,,
10830,39.96,0.344,,,39137.61,GirthWeld,,,,,,,,,,4,0.7,29.34,,,,1160,65000,,1342,,,,,,,,
10830,,0.344,-22.35,17.6,39159.96,metal loss,External,10,0.034,,,0.91,1.73,8:28,,,0.7,27.07,,MFL-A/XT,,1160,65000,,1342,,,,,,,,
10830,,0.344,-38.96,0.99,39176.57,metal loss,External,10,0.034,,,0.67,1.3,4:43,,,0.7,26.74,,MFL-A/XT,,1160,65000,,1342,,,,,,,,
10830,,0.344,-38.96,0.99,39176.57,metal loss,External,19,0.065,,,0.67,1.1,5:40,,,0.7,26.74,,MFL-A/XT,,1160,65000,,1342,1471.68,2043.39,,,,,,
10830,,0.344,-39.05,0.91,39176.66,metal loss,External,13,0.045,,,0.83,1.69,6:29,,,0.7,26.74,,MFL-A/XT,,1160,65000,,1342,1471.78,2043.53,,,,,,
10840,28.64,0.344,,,39177.57,GirthWeld,,,,,,,,,,1,0.7,26.73,,,,1160,65000,,1342,,,,,,,,
10840,,0.344,-28.09,0.54,39205.66,metal loss,External,12,0.041,,,0.63,1.22,6:25,,,0.7,26.21,,MFL-A/XT,,1160,65000,,1342,,,,,,,,
10850,39.99,0.344,,,39206.2,GirthWeld,,,,,,,,,,,1,26.2,,,,1160,65000,,1342,,,,,,,,
10860,40.16,0.344,,,39246.19,GirthWeld,,,,,,,,,,,0.7,24.34,,,,1160,65000,,1342,,,,,,,,
10870,16.09,0.344,,,39286.35,GirthWeld,,,,,,,,,,,0.7,18.02,,,,1160,65000,,1342,,,,,,,,
10880,40.1,0.344,,,39302.45,GirthWeld,,,,,,,,,,,0.7,15.79,,,,1160,65000,,1342,,,,,,,,
10890,11.19,0.5,,,39342.55,GirthWeld,,,,,,,,,,,0.7,12.49,,,,1160,60000,,1800,,,,,,,,
10890,,,,,39348.7,Bend,,,,,,,,,6.0D -  30° - Sag,,,13.29,,,,,,,,,,,,,,,
10900,8.51,0.344,,,39353.74,GirthWeld,,,,,,,,,,,0.7,16.12,,,,1160,65000,,1342,,,,,,,,
10910,11.3,0.5,,,39362.25,GirthWeld,,,,,,,,,,,0.7,21.65,,,,1160,60000,,1800,,,,,,,,
10910,,,,,39368.21,Bend,,,,,,,,,5.3D -  44° - Over,,,24.73,,,,,,,,,,,,,,,
10920,23.4,0.344,,,39373.55,GirthWeld,,,,,,,,,,3,1,25.23,,,,1160,65000,,1342,,,,,,,,
10920,,0.344,-1.69,21.71,39375.25,metal loss,External,14,0.048,,,1.85,2.48,6:22,,,1,25.17,,MFL-A/XT,,1160,65000,,1342,1456.23,2021.94,,,,,,
10920,,0.344,-1.76,21.64,39375.31,metal loss,External,10,0.034,,,1.97,1.14,5:57,,,1,25.17,,MFL-A/XT,,1160,65000,,1342,,,,,,,,
10920,,0.344,-22.56,0.84,39396.11,metal loss,External,13,0.045,,,0.32,0.59,8:06,,,1,24.53,,MFL-A/XT,,1160,65000,,1342,1475.54,2048.76,,,,,,
10930,29.18,0.344,,,39396.95,GirthWeld,,,,,,,,,,1,1,24.5,,,,1160,65000,,1342,,,,,,,,
10930,,0.344,-28.12,1.06,39425.07,metal loss,External,15,0.052,,,1.46,3.07,3:54,,,1,24.01,,MFL-A/XT,,1160,65000,,1342,1461.58,2029.36,,,,,,
10940,39.98,0.344,,,39426.13,GirthWeld,,,,,,,,,,,0.7,24,,,,1160,65000,,1342,,,,,,,,
10950,40.05,0.344,,,39466.11,GirthWeld,,,,,,,,,,11,0.7,23.58,,,,1160,65000,,1342,,,,,,,,
10950,,0.344,-0.85,39.2,39466.96,metal loss,External,10,0.034,,,0.71,0.67,9:09,,,0.7,23.57,,MFL-A/XT,,1160,65000,,1342,,,,,,,,
10950,,0.344,-0.93,39.12,39467.04,metal loss,External,13,0.045,,,0.83,7.4,8:56,,,0.7,23.57,,MFL-A/XT,,1160,65000,,1342,1471.78,2043.53,,,,,,
10950,,0.344,-0.95,39.1,39467.06,metal loss,External,28,0.096,,,1.34,0.59,4:07,,,0.7,23.57,,MFL-A/XT,,1160,65000,,1342,1450.81,2014.41,1519.46,2109.73,1522.39,2113.8,0.76,1.82
10950,,0.344,-0.98,39.08,39467.08,metal loss,External,13,0.045,,,1.22,2.64,4:20,,,0.7,23.57,,MFL-A/XT,,1160,65000,,1342,1467.08,2037,,,,,,
10950,,0.344,-0.99,39.07,39467.09,metal loss,External,18,0.062,,,1.14,3.54,3:10,,,0.7,23.57,,MFL-A/XT,,1160,65000,,1342,1464.7,2033.7,,,,,,
10950,,0.344,-1.12,38.93,39467.23,metal loss,External,15,0.052,,,0.91,1.3,8:30,,,0.7,23.57,,MFL-A/XT,,1160,65000,,1342,1469.99,2041.05,,,,,,
10950,,0.344,-4.82,35.23,39470.93,metal loss,External,34,0.117,,,0.79,1.14,3:44,,,0.7,23.53,,MFL-A/XT,,1160,65000,,1342,1463.73,2032.35,1534.17,2130.15,1535.95,2132.62,0.76,1.84
10950,,0.344,-5.45,34.6,39471.56,metal loss,External,11,0.038,,,2.01,1.22,4:04,,,0.7,23.52,,MFL-A/XT,,1160,65000,,1342,,,,,,,,
10950,,0.344,-19.41,20.65,39485.51,metal loss,External,24,0.083,,,1.06,1.3,3:00,,,0.7,23.37,,MFL-A/XT,,1160,65000,,1342,1462.27,2030.33,1532.87,2128.35,1534.14,2130.12,0.76,1.83
10950,,0.344,-26.6,13.45,39492.71,metal loss,External,10,0.034,,,1.02,1.46,6:49,,,0.7,23.36,,MFL-A/XT,,1160,65000,,1342,,,,,,,,
10950,,0.344,-26.92,13.13,39493.03,metal loss,External,12,0.041,,,1.26,1.5,6:39,,,0.7,23.36,,MFL-A/XT,,1160,65000,,1342,,,,,,,,
10960,36.12,0.344,,,39506.16,GirthWeld,,,,,,,,,,4,0.7,23.46,,,,1160,65000,,1342,,,,,,,,
10960,,0.344,-0.76,35.36,39506.92,metal loss,External,10,0.034,,,1.5,0.71,12:50,,,0.7,23.46,,MFL-A/XT,,1160,65000,,1342,,,,,,,,
10960,,0.344,-34.76,1.35,39540.92,metal loss,External,15,0.052,,,1.22,1.3,9:34,,,0.7,23.37,,MFL-A/XT,,1160,65000,,1342,1465.53,2034.85,,,,,,
10960,,0.344,-35.18,0.94,39541.34,metal loss,External,21,0.072,,,0.71,0.98,8:09,,,0.7,23.35,,MFL-A/XT,,1160,65000,,1342,1470.59,2041.88,1542.31,2141.46,1542.69,2141.99,0.75,1.85
10960,,0.344,-35.41,0.7,39541.57,metal loss,External,11,0.038,,,1.42,1.46,11:01,,,0.7,23.35,,MFL-A/XT,,1160,65000,,1342,,,,,,,,
10970,9.07,0.5,,,39542.28,GirthWeld,,,,,,,,,,,0.7,23.32,,,,1160,60000,,1800,,,,,,,,
10970,,,,,39547.12,Bend,,,,,,,,,5.5D -  26° - Sag,,,23.63,,,,,,,,,,,,,,,
10980,40.71,0.344,,,39551.34,GirthWeld,,,,,,,,,,3,0.7,25.28,,,,1160,65000,,1342,,,,,,,,
10980,,0.344,-0.07,40.65,39551.41,metal loss,External,16,0.055,,,0.51,7.21,12:28,affecting girth weld,,0.7,25.31,,MFL-A/XT,,1160,65000,,1342,1474.07,2046.71,,,,,,
10980,,0.344,-0.64,40.08,39551.98,metal loss,External,10,0.034,,,0.63,1.58,9:33,,,0.7,25.55,,MFL-A/XT,,1160,65000,,1342,,,,,,,,
10980,,0.344,-3.05,37.66,39554.39,metal loss,External,12,0.041,,,1.58,1.58,3:18,,,0.7,26.58,,MFL-A/XT,,1160,65000,,1342,,,,,,,,
10990,22.37,0.344,,,39592.06,GirthWeld,,,,,,,,,,2,0.7,46.78,,,,1160,65000,,1342,,,,,,,,
10990,,0.344,-0.11,22.26,39592.17,metal loss,External,10,0.034,,,0.83,4.21,5:30,near girth weld,,0.7,46.85,,MFL-A/XT,,1160,65000,,1342,,,,,,,,
10990,,0.344,-0.38,21.99,39592.44,metal loss,External,21,0.072,,,0.35,1.69,5:56,,,0.7,47.02,,MFL-A/XT,,1160,65000,,1342,1474.8,2047.73,1546.98,2147.94,1547.07,2148.07,0.75,1.85
11000,40.21,0.344,,,39614.43,GirthWeld,,,,,,,,,,7,0.7,60.41,,,,1160,65000,,1342,,,,,,,,
11000,,0.344,-0.25,39.96,39614.68,metal loss,External,11,0.038,,,1.14,1.1,3:56,,,0.7,60.56,,MFL-A/XT,,1160,65000,,1342,,,,,,,,
11000,,0.344,-0.74,39.47,39615.17,metal loss,External,17,0.058,,,1.93,1.38,5:28,,,0.7,60.86,,MFL-A/XT,,1160,65000,,1342,1449.69,2012.87,,,,,,
11000,,0.344,-0.8,39.41,39615.22,metal loss,External,15,0.052,,,1.5,2.76,4:41,,,0.7,60.89,,MFL-A/XT,,1160,65000,,1342,1461.16,2028.79,,,,,,
11000,,0.344,-0.93,39.28,39615.36,metal loss,External,11,0.038,,,1.1,0.94,6:50,,,0.7,60.98,,MFL-A/XT,,1160,65000,,1342,,,,,,,,
11000,,0.344,-0.94,39.27,39615.36,metal loss,External,10,0.034,,,1.3,2.05,6:06,,,0.7,60.98,,MFL-A/XT,,1160,65000,,1342,,,,,,,,
11000,,0.344,-1.04,39.17,39615.47,metal loss,External,14,0.048,,,0.51,1.06,6:35,,,0.7,61.04,,MFL-A/XT,,1160,65000,,1342,1474.37,2047.12,,,,,,
11000,,,,,39652.68,Attachment,,,,,,,,6:00,Repair Marker,,,78.53,,,,,,,,,,,,,,,
11000,,,,,39653.01,Area Start Composite Wrap,,,,,,,,,Repair Marker @12:00 2012 Dig #25,,,78.64,,,,,,,,,,,,,,,
11000,,0.344,-40.07,0.14,39654.5,metal loss,External,19,0.065,,,0.79,1.81,3:16,near girth weld Repaired?,,0.7,79.18,,MFL-A/XT,,1160,65000,,1342,1470,2041.06,,,,,,
11010,37.27,0.344,,,39654.64,GirthWeld,,,,,,,,,,7,0.7,79.23,,,,1160,65000,,1342,,,,,,,,
11010,,0.344,-0.01,37.25,39654.65,metal loss,External,10,0.034,,,0.32,0.98,3:38,affecting girth weld Repaired?,,0.7,79.24,,MFL-A/XT,,1160,65000,,1342,,,,,,,,
11010,,0.344,-0.01,37.25,39654.65,metal loss,External,16,0.055,,,0.32,0.75,3:48,affecting girth weld Repaired?,,0.7,79.24,,MFL-A/XT,,1160,65000,,1342,1475.37,2048.52,,,,,,
11010,,0.344,-0.03,37.24,39654.67,metal loss,External,10,0.034,,,0.32,2.79,4:37,affecting girth weld Repaired?,,0.7,79.24,,MFL-A/XT,,1160,65000,,1342,,,,,,,,
11010,,0.344,-0.08,37.19,39654.72,metal loss,External,10,0.034,,,0.32,1.77,2:01,affecting girth weld Repaired?,,0.7,79.26,,MFL-A/XT,,1160,65000,,1342,,,,,,,,
11010,,0.344,-0.22,37.05,39654.86,metal loss,External,57,0.196,,,0.94,3.11,7:33,Repaired?,,0.7,79.31,,MFL-A/XT,,1160,65000,,1342,1440.94,2000.71,1503.71,2087.87,1512.07,2099.48,0.77,1.8
11010,,0.344,-0.31,36.96,39654.94,cluster,External,31,0.107,,,2.45,5.51,2:52,Repaired?,,0.7,79.34,,,,1160,65000,,1342,1401.79,1946.35,1459.8,2026.9,1488.04,2066.11,0.79,1.75
11010,,0.344,-0.7,36.57,39655.34,metal loss,External,12,0.041,,,0.94,1.42,8:20,Repaired?,,0.7,79.48,,MFL-A/XT,,1160,65000,,1342,,,,,,,,
11010,,,,,39655.86,Area End Composite Wrap,,,,,,,,,Repair Marker @12:00 2012 Dig #25,,,79.67,,,,,,,,,,,,,,,
11010,,,,,39655.94,Attachment,,,,,,,,6:00,Repair Marker,,,79.7,,,,,,,,,,,,,,,
11020,9.79,0.5,,,39691.9,GirthWeld,,,,,,,,,,,0.7,88.52,,,,1160,60000,,1800,,,,,,,,
11020,,,,,39697.33,Bend,,,,,,,,,5.5D -  31° - Sag,,,89.64,,,,,,,,,,,,,,,
11030,32.34,0.344,,,39701.69,GirthWeld,,,,,,,,,,3,1,92.19,,,,1160,65000,,1342,,,,,,,,
11030,,0.344,-1.42,30.92,39703.12,metal loss,External,14,0.048,,,1.53,3.35,2:22,,,1,93.08,,MFL-A/XT,,1160,65000,,1342,1461.48,2029.23,,,,,,
11030,,0.344,-1.67,30.67,39703.36,metal loss,External,12,0.041,,,0.63,1.26,1:26,,,1,93.23,,MFL-A/XT,,1160,65000,,1342,,,,,,,,
11030,,0.344,-1.75,30.59,39703.44,metal loss,External,10,0.034,,,0.75,1.26,8:57,,,1,93.28,,MFL-A/XT,,1160,65000,,1342,,,,,,,,
11040,33.97,0.344,,,39734.03,GirthWeld,,,,,,,,,,,0.7,111.78,,,,1160,65000,,1342,,,,,,,,
11050,40.07,0.344,,,39768.01,GirthWeld,,,,,,,,,,1,0.7,132,,,,1160,65000,,1342,,,,,,,,
11050,,0.344,-0.18,39.89,39768.19,metal loss,External,13,0.045,,,0.51,0.67,7:27,near girth weld,,0.7,132.11,,MFL-A/XT,,1160,65000,,1342,1474.51,2047.32,,,,,,
11060,17.59,0.344,,,39808.08,GirthWeld,,,,,,,,,,1,0.7,152.79,,,,1160,65000,,1342,,,,,,,,
11060,,0.344,-2.24,15.35,39810.31,metal loss,External,47,0.162,,,0.67,1.06,4:08,,,0.7,153.73,,MFL-A/XT,,1160,65000,,1342,1462.07,2030.04,1531.47,2126.41,1534.22,2130.22,0.76,1.83
11070,8.32,0.5,,,39825.67,GirthWeld,,,,,,,,,,,0.7,159.64,,,,1160,60000,,1800,,,,,,,,
11070,,,,,39830.07,Bend,,,,,,,,,5.7D -  20° - Over,,,161.02,,,,,,,,,,,,,,,
11080,6.34,0.344,,,39833.98,GirthWeld,,,,,,,,,,,0.7,161.26,,,,1160,65000,,1342,,,,,,,,
11090,29.97,0.344,,,39840.32,GirthWeld,,,,,,,,,,,1,161.4,,,,1160,65000,,1342,,,,,,,,
11100,24.69,0.344,,,39870.3,GirthWeld,,,,,,,,,,,0.7,162.26,,,,1160,65000,,1342,,,,,,,,
11110,37.54,0.344,,,39894.99,GirthWeld,,,,,,,,,,,0.7,162.96,,,,1160,65000,,1342,,,,,,,,
11120,40.07,0.344,,,39932.53,GirthWeld,,,,,,,,,,,0.7,163.37,,,,1160,65000,,1342,,,,,,,,
11130,40.05,0.344,,,39972.6,GirthWeld,,,,,,,,,,,0.7,163.67,,,,1160,65000,,1342,,,,,,,,
11140,40.05,0.344,,,40012.65,GirthWeld,,,,,,,,,,,0.7,163.77,,,,1160,65000,,1342,,,,,,,,
11150,40.02,0.344,,,40052.7,GirthWeld,,,,,,,,,,,0.7,163.57,,,,1160,65000,,1342,,,,,,,,
11160,39.96,0.344,,,40092.71,GirthWeld,,,,,,,,,,,0.7,163.01,,,,1160,65000,,1342,,,,,,,,
11160,,,,,40114.67,AGM,,,,,,,,,AGM#16 AT PLM/ ON FENCE,,,162.63,,,,,,,,,,,,,,,
11170,40.09,0.344,,,40132.67,GirthWeld,,,,,,,,,,,1,162.09,,,,1160,65000,,1342,,,,,,,,
11180,40.07,0.344,,,40172.76,GirthWeld,,,,,,,,,,,0.7,160.16,,,,1160,65000,,1342,,,,,,,,
11190,40.11,0.344,,,40212.83,GirthWeld,,,,,,,,,,,0.7,157.46,,,,1160,65000,,1342,,,,,,,,
11200,40.12,0.344,,,40252.94,GirthWeld,,,,,,,,,,,0.7,154.49,,,,1160,65000,,1342,,,,,,,,
11210,40.16,0.344,,,40293.06,GirthWeld,,,,,,,,,,,0.7,152.47,,,,1160,65000,,1342,,,,,,,,
11220,40.12,0.344,,,40333.22,GirthWeld,,,,,,,,,,,0.7,152.54,,,,1160,65000,,1342,,,,,,,,
11230,40.08,0.344,,,40373.34,GirthWeld,,,,,,,,,,,0.7,154.4,,,,1160,65000,,1342,,,,,,,,
11240,39.73,0.344,,,40413.43,GirthWeld,,,,,,,,,,,0.7,155.79,,,,1160,65000,,1342,,,,,,,,
11250,40.13,0.344,,,40453.15,GirthWeld,,,,,,,,,,,0.7,157.04,,,,1160,65000,,1342,,,,,,,,
11260,40.03,0.344,,,40493.28,GirthWeld,,,,,,,,,,,0.7,157.5,,,,1160,65000,,1342,,,,,,,,
11270,40.08,0.344,,,40533.31,GirthWeld,,,,,,,,,,,0.7,157.57,,,,1160,65000,,1342,,,,,,,,
11280,40.08,0.344,,,40573.39,GirthWeld,,,,,,,,,,,0.7,156.58,,,,1160,65000,,1342,,,,,,,,
11290,40.08,0.344,,,40613.46,GirthWeld,,,,,,,,,,,0.7,154.68,,,,1160,65000,,1342,,,,,,,,
11300,40.03,0.344,,,40653.54,GirthWeld,,,,,,,,,,,0.7,147.86,,,,1160,65000,,1342,,,,,,,,
11310,40.05,0.344,,,40693.57,GirthWeld,,,,,,,,,,3,0.7,133.47,,,,1160,65000,,1342,,,,,,,,
11310,,0.344,-38.96,1.09,40732.53,metal loss,External,27,0.093,,,0.75,1.18,8:03,,,0.7,115.74,,MFL-A/XT,,1160,65000,,1342,1467.89,2038.13,1539.17,2137.1,1540.08,2138.36,0.75,1.84
11310,,0.344,-39.06,0.98,40732.63,metal loss,External,10,0.034,,,0.67,1.58,12:17,,,0.7,115.69,,MFL-A/XT,,1160,65000,,1342,,,,,,,,
11310,,0.344,-39.08,0.97,40732.64,metal loss,External,14,0.048,,,0.59,0.87,3:13,,,0.7,115.68,,MFL-A/XT,,1160,65000,,1342,1473.72,2046.22,,,,,,
11320,8.01,0.5,,,40733.61,GirthWeld,,,,,,,,,,,0.7,115.21,,,,1160,60000,,1800,,,,,,,,
11320,,,,,40737.9,Bend,,,,,,,,,6.1D -  20° - Sag,,,113.41,,,,,,,,,,,,,,,
11330,10.74,0.344,,,40741.62,GirthWeld,,,,,,,,,,4,0.7,112.83,,,,1160,65000,,1342,,,,,,,,
11330,,0.344,-10.37,0.37,40751.99,metal loss,External,10,0.034,,,1.53,0.59,10:19,,,0.7,111.78,,MFL-A/XT,,1160,65000,,1342,,,,,,,,
11330,,0.344,-10.44,0.31,40752.06,metal loss,External,16,0.055,,,0.43,0.59,10:03,,,0.7,111.78,,MFL-A/XT,,1160,65000,,1342,1474.63,2047.49,,,,,,
11330,,0.344,-10.51,0.24,40752.13,metal loss,External,18,0.062,,,0.87,3.07,10:41,near girth weld,,0.7,111.77,,MFL-A/XT,,1160,65000,,1342,1469.14,2039.87,,,,,,
11330,,0.344,-10.51,0.23,40752.13,metal loss,External,10,0.034,,,1.14,2.84,10:05,near girth weld,,0.7,111.77,,MFL-A/XT,,1160,65000,,1342,,,,,,,,
11340,10.07,0.5,,,40752.36,GirthWeld,,,,,,,,,,,0.7,111.74,,,,1160,60000,,1800,,,,,,,,
11340,,,,,40757.64,Bend,,,,,,,,,5.9D -  26° - Sag,,,111.78,,,,,,,,,,,,,,,
11350,40.53,0.344,,,40762.44,GirthWeld,,,,,,,,,,,0.7,113.68,,,,1160,65000,,1342,,,,,,,,
11360,21.94,0.344,,,40802.97,GirthWeld,,,,,,,,,,,0.7,130.36,,,,1160,65000,,1342,,,,,,,,
11370,39.93,0.344,,,40824.91,GirthWeld,,,,,,,,,,,0.7,136.91,,,,1160,65000,,1342,,,,,,,,
11380,29.18,0.344,,,40864.83,GirthWeld,,,,,,,,,,,0.7,143.55,,,,1160,65000,,1342,,,,,,,,
11390,40.05,0.344,,,40894.01,GirthWeld,,,,,,,,,,,0.7,143.02,,,,1160,65000,,1342,,,,,,,,
11400,40.11,0.344,,,40934.06,GirthWeld,,,,,,,,,,,0.7,140.89,,,,1160,65000,,1342,,,,,,,,
11410,40.08,0.344,,,40974.17,GirthWeld,,,,,,,,,,9,0.7,138.22,,,,1160,65000,,1342,,,,,,,,
11410,,0.344,-17.49,22.59,40991.66,metal loss,External,12,0.041,,,1.61,2.79,5:45,,,0.7,137.74,,MFL-A/XT,,1160,65000,,1342,,,,,,,,
11410,,0.344,-17.5,22.58,40991.67,metal loss,External,15,0.052,,,1.14,0.59,5:25,,,0.7,137.74,,MFL-A/XT,,1160,65000,,1342,1466.82,2036.64,,,,,,
11410,,0.344,-18.07,22,40992.25,metal loss,External,18,0.062,,,0.59,0.94,4:44,,,0.7,137.74,,MFL-A/XT,,1160,65000,,1342,1472.92,2045.11,,,,,,
11410,,0.344,-19.38,20.69,40993.55,metal loss,External,11,0.038,,,0.35,0.59,4:34,,,0.7,137.74,,MFL-A/XT,,1160,65000,,1342,,,,,,,,
11410,,0.344,-19.42,20.65,40993.59,cluster,External,32,0.11,,,1.73,3.56,4:23,,,0.7,137.74,,,,1160,65000,,1342,1429.74,1985.16,1494.11,2074.53,1498.41,2080.5,0.78,1.79
11410,,0.344,-25.13,14.94,40999.3,metal loss,External,13,0.045,,,0.91,1.46,6:05,,,0.7,137.76,,MFL-A/XT,,1160,65000,,1342,1471.02,2042.48,,,,,,
11410,,0.344,-25.37,14.71,40999.54,metal loss,External,14,0.048,,,0.71,1.34,5:48,,,0.7,137.76,,MFL-A/XT,,1160,65000,,1342,1472.65,2044.73,,,,,,
11410,,0.344,-25.48,14.6,40999.65,metal loss,External,11,0.038,,,0.71,1.02,6:18,,,0.7,137.76,,MFL-A/XT,,1160,65000,,1342,,,,,,,,
11410,,0.344,-25.51,14.56,40999.68,metal loss,External,13,0.045,,,1.02,1.58,5:32,,,0.7,137.76,,MFL-A/XT,,1160,65000,,1342,1469.66,2040.59,,,,,,
11420,40.13,0.344,,,41014.25,GirthWeld,,,,,,,,,,,0.7,138.29,,,,1160,65000,,1342,,,,,,,,
11430,40.01,0.344,,,41054.38,GirthWeld,,,,,,,,,,,0.7,140.31,,,,1160,65000,,1342,,,,,,,,
11440,40.07,0.344,,,41094.39,GirthWeld,,,,,,,,,,,1,143.14,,,,1160,65000,,1342,,,,,,,,
11450,40.07,0.344,,,41134.46,GirthWeld,,,,,,,,,,,0.7,146.04,,,,1160,65000,,1342,,,,,,,,
11460,36.2,0.344,,,41174.52,GirthWeld,,,,,,,,,,1,1,147.1,,,,1160,65000,,1342,,,,,,,,
11460,,0.344,-30.66,5.55,41205.18,metal loss,External,18,0.062,,,2.17,0.98,10:12,,,1,147.03,,MFL-A/XT,,1160,65000,,1342,1442.45,2002.81,,,,,,
11470,40.05,0.344,,,41210.73,GirthWeld,,,,,,,,,,3,0.7,146.95,,,,1160,65000,,1342,,,,,,,,
11470,,0.344,-19.6,20.45,41230.32,metal loss manufacturing,N/A,13,0.045,,,0.39,0.83,8:09,,,0.7,146.53,,MFL-A/XT,,1160,65000,,1342,,,,,,,,
11470,,0.344,-24.16,15.88,41234.89,metal loss,External,12,0.041,,,2.32,1.77,1:42,,,0.7,146.43,,MFL-A/XT,,1160,65000,,1342,,,,,,,,
11470,,0.344,-24.19,15.85,41234.92,metal loss,External,10,0.034,,,1.81,2.32,2:26,,,0.7,146.43,,MFL-A/XT,,1160,65000,,1342,,,,,,,,
11480,40.05,0.344,,,41250.77,GirthWeld,,,,,,,,,,,0.7,146.12,,,,1160,65000,,1342,,,,,,,,
11490,40.1,0.344,,,41290.83,GirthWeld,,,,,,,,,,,0.7,145.17,,,,1160,65000,,1342,,,,,,,,
11500,40.09,0.344,,,41330.92,GirthWeld,,,,,,,,,,,0.7,144.14,,,,1160,65000,,1342,,,,,,,,
11510,40.1,0.344,,,41371.02,GirthWeld,,,,,,,,,,,0.7,143.35,,,,1160,65000,,1342,,,,,,,,
11520,40.07,0.344,,,41411.11,GirthWeld,,,,,,,,,,,0.7,142.65,,,,1160,65000,,1342,,,,,,,,
11530,39.42,0.344,,,41451.18,GirthWeld,,,,,,,,,,,1,140.63,,,,1160,65000,,1342,,,,,,,,
11540,40.09,0.344,,,41490.6,GirthWeld,,,,,,,,,,44,1,136.2,,,,1160,65000,,1342,,,,,,,,
11540,,0.344,-16.18,23.9,41506.78,metal loss,External,11,0.038,,,0.98,1.46,6:28,,,1,134.1,,MFL-A/XT,,1160,65000,,1342,,,,,,,,
11540,,0.344,-17.23,22.86,41507.83,metal loss,External,20,0.069,,,0.79,1.22,6:31,,,1,133.95,,MFL-A/XT,,1160,65000,,1342,1469.63,2040.54,1541.25,2139.99,1541.63,2140.52,0.75,1.84
11540,,0.344,-17.66,22.42,41508.26,metal loss,External,21,0.072,,,0.59,1.18,6:38,,,1,133.9,,MFL-A/XT,,1160,65000,,1342,1472.13,2044.01,1544.02,2143.83,1544.29,2144.21,0.75,1.85
11540,,0.344,-18.23,21.86,41508.82,metal loss,External,16,0.055,,,0.71,1.42,6:42,,,1,133.82,,MFL-A/XT,,1160,65000,,1342,1472.08,2043.95,,,,,,
11540,,0.344,-18.28,21.81,41508.88,metal loss,External,21,0.072,,,0.98,1.53,5:18,,,1,133.81,,MFL-A/XT,,1160,65000,,1342,1465.74,2035.14,1536.87,2133.91,1537.58,2134.89,0.75,1.84
11540,,0.344,-18.46,21.63,41509.06,metal loss,External,15,0.052,,,1.89,2.21,6:27,,,1,133.79,,MFL-A/XT,,1160,65000,,1342,1453.78,2018.54,,,,,,
11540,,0.344,-18.66,21.43,41509.26,metal loss,External,31,0.107,,,0.83,1.42,5:16,,,1,133.76,,MFL-A/XT,,1160,65000,,1342,1464.13,2032.91,1534.75,2130.96,1536.32,2133.14,0.76,1.84
11540,,0.344,-19.06,21.02,41509.66,metal loss,External,16,0.055,,,1.06,1.26,6:48,,,1,133.7,,MFL-A/XT,,1160,65000,,1342,1467.25,2037.24,,,,,,
11540,,0.344,-19.19,20.9,41509.79,metal loss,External,29,0.1,,,0.71,1.34,5:09,,,1,133.69,,MFL-A/XT,,1160,65000,,1342,1467.68,2037.84,1538.88,2136.7,1539.91,2138.12,0.75,1.84
11540,,0.344,-19.33,20.76,41509.93,metal loss,External,15,0.052,,,0.75,1.42,6:42,,,1,133.67,,MFL-A/XT,,1160,65000,,1342,1471.85,2043.63,,,,,,
11540,,0.344,-19.38,20.71,41509.97,metal loss,External,13,0.045,,,1.26,0.98,6:11,,,1,133.66,,MFL-A/XT,,1160,65000,,1342,1466.59,2036.32,,,,,,
11540,,0.344,-19.42,20.67,41510.01,metal loss,External,11,0.038,,,0.59,0.91,7:20,,,1,133.65,,MFL-A/XT,,1160,65000,,1342,,,,,,,,
11540,,0.344,-19.45,20.64,41510.05,metal loss,External,11,0.038,,,0.59,1.18,4:49,,,1,133.65,,MFL-A/XT,,1160,65000,,1342,,,,,,,,
11540,,0.344,-19.58,20.51,41510.17,metal loss,External,21,0.072,,,0.63,1.1,7:16,,,1,133.63,,MFL-A/XT,,1160,65000,,1342,1471.64,2043.33,1543.48,2143.08,1543.79,2143.51,0.75,1.85
11540,,0.344,-19.73,20.36,41510.32,metal loss,External,15,0.052,,,0.75,1.18,4:52,,,1,133.61,,MFL-A/XT,,1160,65000,,1342,1471.85,2043.63,,,,,,
11540,,0.344,-19.87,20.21,41510.47,metal loss,External,16,0.055,,,0.51,0.98,4:52,,,1,133.59,,MFL-A/XT,,1160,65000,,1342,1473.97,2046.57,,,,,,
11540,,0.344,-20.06,20.03,41510.65,metal loss,External,18,0.062,,,0.94,1.22,5:03,,,1,133.57,,MFL-A/XT,,1160,65000,,1342,1468.01,2038.3,,,,,,
11540,,0.344,-20.25,19.83,41510.85,metal loss,External,35,0.12,,,1.1,1.18,5:03,,,1,133.54,,MFL-A/XT,,1160,65000,,1342,1452.21,2016.35,1520.63,2111.36,1524.15,2116.25,0.76,1.82
11540,,0.344,-20.26,19.83,41510.86,metal loss,External,15,0.052,,,0.87,1.34,6:48,,,1,133.54,,MFL-A/XT,,1160,65000,,1342,1470.59,2041.88,,,,,,
11540,,0.344,-20.58,19.51,41511.18,metal loss,External,11,0.038,,,0.47,0.71,7:24,,,1,133.49,,MFL-A/XT,,1160,65000,,1342,,,,,,,,
11540,,0.344,-20.6,19.49,41511.19,metal loss,External,25,0.086,,,0.67,1.77,4:35,,,1,133.49,,MFL-A/XT,,1160,65000,,1342,1469.97,2041.02,1541.56,2140.41,1542.17,2141.26,0.75,1.85
11540,,0.344,-20.68,19.4,41511.28,metal loss,External,15,0.052,,,0.55,0.94,7:21,,,1,133.48,,MFL-A/XT,,1160,65000,,1342,1473.83,2046.38,,,,,,
11540,,0.344,-20.74,19.35,41511.33,metal loss,External,41,0.141,,,0.75,1.34,4:45,,,1,133.47,,MFL-A/XT,,1160,65000,,1342,1461.58,2029.37,1531.29,2126.16,1533.78,2129.61,0.76,1.83
11540,,0.344,-20.8,19.28,41511.4,metal loss,External,13,0.045,,,0.55,0.87,7:21,,,1,133.46,,MFL-A/XT,,1160,65000,,1342,1474.18,2046.86,,,,,,
11540,,0.344,-20.97,19.11,41511.57,metal loss,External,19,0.065,,,0.71,1.38,7:17,,,1,133.44,,MFL-A/XT,,1160,65000,,1342,1471.2,2042.72,,,,,,
11540,,0.344,-21,19.09,41511.6,metal loss,External,14,0.048,,,1.18,1.22,4:56,,,1,133.44,,MFL-A/XT,,1160,65000,,1342,1466.83,2036.65,,,,,,
11540,,0.344,-21.21,18.88,41511.81,metal loss,External,16,0.055,,,1.3,2.36,6:58,,,1,133.41,,MFL-A/XT,,1160,65000,,1342,1463.51,2032.05,,,,,,
11540,,0.344,-21.47,18.62,41512.07,metal loss,External,32,0.11,,,0.98,1.38,7:12,,,1,133.37,,MFL-A/XT,,1160,65000,,1342,1458.85,2025.58,1528.6,2122.43,1530.93,2125.66,0.76,1.83
11540,,0.344,-21.56,18.52,41512.16,metal loss,External,14,0.048,,,0.63,2.56,6:33,,,1,133.36,,MFL-A/XT,,1160,65000,,1342,1473.31,2045.66,,,,,,
11540,,0.344,-21.64,18.44,41512.24,metal loss,External,27,0.093,,,0.75,0.71,7:14,,,1,133.35,,MFL-A/XT,,1160,65000,,1342,1467.63,2037.77,1538.88,2136.69,1539.82,2138,0.75,1.84
11540,,0.344,-21.67,18.42,41512.26,metal loss,External,13,0.045,,,0.51,0.87,4:33,,,1,133.34,,MFL-A/XT,,1160,65000,,1342,1474.51,2047.32,,,,,,
11540,,0.344,-21.78,18.31,41512.37,metal loss,External,11,0.038,,,1.14,1.26,5:22,,,1,133.33,,MFL-A/XT,,1160,65000,,1342,,,,,,,,
11540,,0.344,-21.82,18.27,41512.42,metal loss,External,10,0.034,,,0.35,0.59,6:57,,,1,133.32,,MFL-A/XT,,1160,65000,,1342,,,,,,,,
11540,,0.344,-21.84,18.24,41512.44,metal loss,External,26,0.089,,,0.67,0.94,4:57,,,1,133.32,,MFL-A/XT,,1160,65000,,1342,1469.89,2040.91,1541.45,2140.27,1542.11,2141.18,0.75,1.85
11540,,0.344,-21.87,18.22,41512.46,metal loss,External,34,0.117,,,0.98,1.97,7:12,,,1,133.31,,MFL-A/XT,,1160,65000,,1342,1457.47,2023.66,1526.88,2120.03,1529.55,2123.74,0.76,1.83
11540,,0.344,-21.9,18.18,41512.5,cluster,External,22,0.076,,,2.68,2.33,6:44,,,1,133.31,,,,1160,65000,,1342,1419.64,1971.14,1482.12,2057.89,1484.6,2061.34,0.78,1.77
11540,,0.344,-22.14,17.95,41512.74,metal loss,External,30,0.103,,,1.42,2.44,4:31,,,1,133.28,,MFL-A/XT,,1160,65000,,1342,1445.5,2007.04,1513.1,2100.9,1516.94,2106.24,0.77,1.81
11540,,0.344,-22.41,17.68,41513.01,metal loss,External,11,0.038,,,1.14,2.24,4:46,,,1,133.24,,MFL-A/XT,,1160,65000,,1342,,,,,,,,
11540,,0.344,-22.42,17.67,41513.01,cluster,External,26,0.089,,,0.9,3.27,6:29,,,1,133.24,,,,1160,65000,,1342,1464.68,2033.67,1535.55,2132.07,1537.72,2135.09,0.76,1.84
11540,,0.344,-22.44,17.65,41513.04,metal loss,External,11,0.038,,,0.67,0.75,5:41,,,1,133.23,,MFL-A/XT,,1160,65000,,1342,,,,,,,,
11540,,0.344,-22.44,17.64,41513.04,metal loss,External,25,0.086,,,1.1,0.59,5:25,,,1,133.23,,MFL-A/XT,,1160,65000,,1342,1460.34,2027.65,1530.63,2125.24,1532.19,2127.41,0.76,1.83
11540,,0.344,-22.5,17.59,41513.1,metal loss,External,11,0.038,,,0.35,0.67,5:41,,,1,133.23,,MFL-A/XT,,1160,65000,,1342,,,,,,,,
11540,,0.344,-22.5,17.59,41513.1,metal loss,External,12,0.041,,,0.43,0.63,4:57,,,1,133.23,,MFL-A/XT,,1160,65000,,1342,,,,,,,,
11540,,0.344,-39.91,0.18,41530.5,metal loss,External,15,0.052,,,0.32,0.83,2:31,near girth weld,,1,130.91,,MFL-A/XT,,1160,65000,,1342,1475.37,2048.52,,,,,,
11550,40.08,0.344,,,41530.68,GirthWeld,,,,,,,,,,37,0.7,130.89,,,,1160,65000,,1342,,,,,,,,
11550,,0.344,-0.8,39.28,41531.48,metal loss,External,11,0.038,,,1.58,1.46,9:21,,,0.7,130.79,,MFL-A/XT,,1160,65000,,1342,,,,,,,,
11550,,0.344,-0.83,39.24,41531.52,metal loss,External,11,0.038,,,0.79,1.53,9:00,,,0.7,130.79,,MFL-A/XT,,1160,65000,,1342,,,,,,,,
11550,,0.344,-0.84,39.24,41531.52,metal loss,External,12,0.041,,,0.59,2.84,1:21,,,0.7,130.79,,MFL-A/XT,,1160,65000,,1342,,,,,,,,
11550,,0.344,-0.84,39.23,41531.53,metal loss,External,10,0.034,,,0.98,1.58,5:49,,,0.7,130.78,,MFL-A/XT,,1160,65000,,1342,,,,,,,,
11550,,0.344,-0.85,39.23,41531.53,metal loss,External,11,0.038,,,0.59,1.18,3:12,,,0.7,130.78,,MFL-A/XT,,1160,65000,,1342,,,,,,,,
11550,,0.344,-0.85,39.23,41531.53,metal loss,External,23,0.079,,,0.83,2.09,10:25,,,0.7,130.78,,MFL-A/XT,,1160,65000,,1342,1468.02,2038.3,1539.4,2137.42,1540.09,2138.37,0.75,1.84
11550,,0.344,-0.85,39.22,41531.54,metal loss,External,13,0.045,,,1.06,2.4,4:56,,,0.7,130.78,,MFL-A/XT,,1160,65000,,1342,1469.08,2039.78,,,,,,
11550,,0.344,-1,39.07,41531.69,metal loss,External,11,0.038,,,0.71,1.26,9:15,,,0.7,130.77,,MFL-A/XT,,1160,65000,,1342,,,,,,,,
11550,,0.344,-1.03,39.05,41531.71,metal loss,External,17,0.058,,,1.1,0.63,5:34,,,0.7,130.76,,MFL-A/XT,,1160,65000,,1342,1466.03,2035.54,,,,,,
11550,,0.344,-1.03,39.04,41531.71,metal loss,External,12,0.041,,,0.87,2.21,5:49,,,0.7,130.76,,MFL-A/XT,,1160,65000,,1342,,,,,,,,
11550,,0.344,-7.96,32.11,41538.65,metal loss,External,21,0.072,,,0.63,1.02,7:17,,,0.7,129.93,,MFL-A/XT,,1160,65000,,1342,1471.64,2043.33,1543.48,2143.08,1543.79,2143.51,0.75,1.85
11550,,0.344,-8.47,31.61,41539.15,metal loss,External,11,0.038,,,2.21,1.65,6:58,,,0.7,129.87,,MFL-A/XT,,1160,65000,,1342,,,,,,,,
11550,,0.344,-20.25,19.83,41550.93,metal loss,External,15,0.052,,,0.47,0.94,9:52,,,0.7,128.53,,MFL-A/XT,,1160,65000,,1342,1474.4,2047.17,,,,,,
11550,,0.344,-20.38,19.7,41551.06,metal loss,External,11,0.038,,,1.85,1.53,9:33,,,0.7,128.52,,MFL-A/XT,,1160,65000,,1342,,,,,,,,
11550,,0.344,-20.58,19.5,41551.26,metal loss,External,14,0.048,,,0.63,1.02,10:14,,,0.7,128.5,,MFL-A/XT,,1160,65000,,1342,1473.31,2045.66,,,,,,
11550,,0.344,-20.79,19.28,41551.48,metal loss,External,14,0.048,,,0.63,1.58,10:53,,,0.7,128.48,,MFL-A/XT,,1160,65000,,1342,1473.42,2045.8,,,,,,
11550,,0.344,-20.91,19.16,41551.6,metal loss,External,13,0.045,,,0.75,1.3,10:08,,,0.7,128.47,,MFL-A/XT,,1160,65000,,1342,1472.48,2044.51,,,,,,
11550,,0.344,-21.12,18.96,41551.8,metal loss,External,13,0.045,,,0.91,1.14,10:18,,,0.7,128.46,,MFL-A/XT,,1160,65000,,1342,1471.02,2042.48,,,,,,
11550,,0.344,-21.27,18.81,41551.95,metal loss,External,16,0.055,,,2.17,2.87,12:57,,,0.7,128.44,,MFL-A/XT,,1160,65000,,1342,1446.81,2008.86,,,,,,
11550,,0.344,-21.29,18.79,41551.97,cluster,External,26,0.089,,,1.48,5.66,11:38,,,0.7,128.44,,,,1160,65000,,1342,1449.08,2012.01,1517.54,2107.07,1522.5,2113.96,0.76,1.82
11550,,0.344,-21.29,18.79,41551.97,metal loss,External,11,0.038,,,1.1,0.83,10:13,,,0.7,128.44,,MFL-A/XT,,1160,65000,,1342,,,,,,,,
11550,,0.344,-21.29,18.78,41551.98,metal loss,External,12,0.041,,,1.85,1.26,1:50,,,0.7,128.44,,MFL-A/XT,,1160,65000,,1342,,,,,,,,
11550,,0.344,-21.97,18.1,41552.66,metal loss,External,10,0.034,,,1.38,2.32,11:57,,,0.7,128.39,,MFL-A/XT,,1160,65000,,1342,,,,,,,,
11550,,0.344,-22.04,18.03,41552.72,metal loss,External,12,0.041,,,1.34,3.19,12:54,,,0.7,128.38,,MFL-A/XT,,1160,65000,,1342,,,,,,,,
11550,,0.344,-22.53,17.55,41553.21,metal loss,External,10,0.034,,,1.26,2.28,12:35,,,0.7,128.35,,MFL-A/XT,,1160,65000,,1342,,,,,,,,
11550,,0.344,-22.56,17.51,41553.25,metal loss,External,14,0.048,,,0.91,2.72,1:22,,,0.7,128.34,,MFL-A/XT,,1160,65000,,1342,1470.45,2041.68,,,,,,
11550,,0.344,-29.86,10.21,41560.55,metal loss,External,12,0.041,,,1.85,0.59,2:34,,,0.7,127.79,,MFL-A/XT,,1160,65000,,1342,,,,,,,,
11550,,0.344,-31.75,8.33,41562.43,metal loss,External,10,0.034,,,1.93,0.91,2:26,,,0.7,127.68,,MFL-A/XT,,1160,65000,,1342,,,,,,,,
11550,,0.344,-31.75,8.32,41562.44,metal loss,External,11,0.038,,,0.67,1.34,2:02,,,0.7,127.68,,MFL-A/XT,,1160,65000,,1342,,,,,,,,
11550,,0.344,-32.69,7.39,41563.37,metal loss,External,10,0.034,,,0.79,1.26,2:22,,,0.7,127.64,,MFL-A/XT,,1160,65000,,1342,,,,,,,,
11550,,0.344,-34.32,5.75,41565.01,metal loss,External,11,0.038,,,1.42,1.97,7:27,,,0.7,127.58,,MFL-A/XT,,1160,65000,,1342,,,,,,,,
11550,,0.344,-34.62,5.46,41565.3,metal loss,External,10,0.034,,,1.18,1.5,7:40,,,0.7,127.57,,MFL-A/XT,,1160,65000,,1342,,,,,,,,
11550,,0.344,-34.94,5.14,41565.62,metal loss,External,14,0.048,,,1.18,1.53,7:20,,,0.7,127.56,,MFL-A/XT,,1160,65000,,1342,1467,2036.89,,,,,,
11550,,0.344,-35.57,4.5,41566.26,metal loss,External,11,0.038,,,0.51,0.75,7:49,,,0.7,127.55,,MFL-A/XT,,1160,65000,,1342,,,,,,,,
11550,,0.344,-35.66,4.42,41566.34,cluster,External,17,0.058,,,1.68,2.12,7:51,,,0.7,127.54,,,,1160,65000,,1342,1454.76,2019.89,,,,,,
11550,,0.344,-38.87,1.21,41569.55,metal loss,External,11,0.038,,,1.42,1.73,9:29,,,0.7,127.54,,MFL-A/XT,,1160,65000,,1342,,,,,,,,
11550,,0.344,-38.94,1.14,41569.62,metal loss,External,10,0.034,,,0.79,1.73,11:03,,,0.7,127.54,,MFL-A/XT,,1160,65000,,1342,,,,,,,,
11560,40.07,0.344,,,41570.76,GirthWeld,,,,,,,,,,7,1,127.56,,,,1160,65000,,1342,,,,,,,,
11560,,0.344,-0.02,40.05,41570.78,metal loss,External,15,0.052,,,0.71,1.77,7:45,affecting girth weld,,1,127.56,,MFL-A/XT,,1160,65000,,1342,1472.37,2044.34,,,,,,
11560,,0.344,-0.62,39.45,41571.38,metal loss,External,11,0.038,,,0.94,1.53,7:34,,,1,127.57,,MFL-A/XT,,1160,65000,,1342,,,,,,,,
11560,,0.344,-0.62,39.44,41571.38,metal loss,External,10,0.034,,,0.55,1.3,8:02,,,1,127.57,,MFL-A/XT,,1160,65000,,1342,,,,,,,,
11560,,0.344,-0.92,39.15,41571.68,metal loss,External,29,0.1,,,0.83,1.1,8:06,,,1,127.57,,MFL-A/XT,,1160,65000,,1342,1465.09,2034.24,1535.92,2132.59,1537.26,2134.44,0.76,1.84
11560,,0.344,-1.25,38.82,41572.01,metal loss,External,10,0.034,,,0.43,0.75,7:57,,,1,127.58,,MFL-A/XT,,1160,65000,,1342,,,,,,,,
11560,,,,,41609.33,Attachment,,,,,,,,6:00,Repair Marker,,,128.77,,,,,,,,,,,,,,,
11560,,,,,41609.4,Area Start Composite Wrap,,,,,,,,,Repair Marker @12:00 2012 Dig #26,,,128.78,,,,,,,,,,,,,,,
11560,,0.344,-39.09,0.97,41609.85,metal loss,External,53,0.182,,,0.55,1.38,7:48,Repaired?,,1,128.8,,MFL-A/XT,,1160,65000,,1342,1464.64,2033.62,1534.2,2130.2,1536.75,2133.74,0.76,1.84
11560,,0.344,-39.11,0.95,41609.87,metal loss,External,21,0.072,,,0.55,1.1,8:49,Repaired?,,1,128.8,,MFL-A/XT,,1160,65000,,1342,1472.74,2044.86,1544.7,2144.77,1544.93,2145.1,0.75,1.85
11560,,,,,41610.63,Area End Composite Wrap,,,,,,,,,Repair Marker @12:00 2012 Dig #26,,,128.83,,,,,,,,,,,,,,,
11570,40,0.344,,,41610.83,GirthWeld,,,,,,,,,,11,0.7,128.84,,,,1160,65000,,1342,,,,,,,,
11570,,0.344,-0.82,39.18,41611.64,metal loss,External,19,0.065,,,2.17,1.26,10:11,Recoat,,0.7,128.88,,MFL-A/XT,,1160,65000,,1342,1440.65,2000.3,,,,,,
11570,,0.344,-0.86,39.14,41611.68,cluster,External,30,0.103,,,1.92,3.27,9:15,Recoat,,0.7,128.88,,,,1160,65000,,1342,1425.35,1979.06,1488.96,2067.38,1503.52,2087.6,0.78,1.78
11570,,0.344,-0.86,39.13,41611.69,metal loss,External,11,0.038,,,1.53,2.01,8:30,Recoat,,0.7,128.88,,MFL-A/XT,,1160,65000,,1342,,,,,,,,
11570,,0.344,-0.87,39.12,41611.7,metal loss,External,13,0.045,,,1.93,1.38,7:57,Recoat,,0.7,128.89,,MFL-A/XT,,1160,65000,,1342,1456.62,2022.49,,,,,,
11570,,0.344,-0.89,39.11,41611.71,metal loss,External,19,0.065,,,0.71,1.85,7:10,Recoat,,0.7,128.89,,MFL-A/XT,,1160,65000,,1342,1471.2,2042.72,,,,,,
11570,,0.344,-0.89,39.1,41611.72,metal loss,External,11,0.038,,,1.65,2.79,6:19,Recoat,,0.7,128.89,,MFL-A/XT,,1160,65000,,1342,,,,,,,,
11570,,,,,41612.4,Attachment,,,,,,,,6:00,Repair Marker,,,128.92,,,,,,,,,,,,,,,
11570,,0.344,-30.86,9.14,41641.68,metal loss,External,15,0.052,,,1.58,2.21,6:38,,,0.7,130.49,,MFL-A/XT,,1160,65000,,1342,1459.69,2026.75,,,,,,
11570,,0.344,-31.81,8.18,41642.64,metal loss,External,10,0.034,,,1.1,1.18,4:28,,,0.7,130.54,,MFL-A/XT,,1160,65000,,1342,,,,,,,,
11570,,0.344,-34.85,5.15,41645.67,metal loss,External,25,0.086,,,0.67,1.5,10:30,,,0.7,130.67,,MFL-A/XT,,1160,65000,,1342,1469.97,2041.02,1541.56,2140.41,1542.17,2141.26,0.75,1.85
11570,,0.344,-35.53,4.47,41646.35,metal loss,External,10,0.034,,,1.42,1.85,9:56,,,0.7,130.69,,MFL-A/XT,,1160,65000,,1342,,,,,,,,
11570,,0.344,-35.73,4.26,41646.56,metal loss,External,11,0.038,,,0.75,1.3,8:05,,,0.7,130.69,,MFL-A/XT,,1160,65000,,1342,,,,,,,,
11570,,,,,41650.54,Attachment,,,,,,,,5:30,Repair Marker 2012 Dig #26 Recoat,,,130.81,,,,,,,,,,,,,,,
11580,40.1,0.344,,,41650.82,GirthWeld,,,,,,,,,,80,1,130.82,,,,1160,65000,,1342,,,,,,,,
11580,,0.344,-2.37,37.73,41653.19,metal loss,External,10,0.034,,,1.89,0.91,1:32,Recoat,,1,130.9,,MFL-A/XT,,1160,65000,,1342,,,,,,,,
11580,,0.344,-2.94,37.16,41653.76,cluster,External,28,0.096,,,1.81,4.4,7:14,Recoat,,1,130.92,,,,1160,65000,,1342,1433.79,1990.78,1499.29,2081.72,1501.99,2085.47,0.77,1.79
11580,,0.344,-3.19,36.91,41654.01,metal loss,External,16,0.055,,,1.46,2.24,9:54,Recoat,,1,130.93,,MFL-A/XT,,1160,65000,,1342,1460.5,2027.87,,,,,,
11580,,0.344,-3.21,36.89,41654.03,cluster,External,17,0.058,,,1.93,4.32,8:41,Recoat,,1,130.93,,,,1160,65000,,1342,1449.76,2012.95,,,,,,
11580,,0.344,-3.5,36.6,41654.32,metal loss,External,12,0.041,,,0.75,1.02,9:35,Recoat,,1,130.93,,MFL-A/XT,,1160,65000,,1342,,,,,,,,
11580,,0.344,-3.66,36.44,41654.48,metal loss,External,12,0.041,,,1.69,1.81,8:27,Recoat,,1,130.94,,MFL-A/XT,,1160,65000,,1342,,,,,,,,
11580,,0.344,-3.7,36.4,41654.52,metal loss,External,11,0.038,,,0.59,0.87,10:03,Recoat,,1,130.94,,MFL-A/XT,,1160,65000,,1342,,,,,,,,
11580,,0.344,-4.51,35.58,41655.34,metal loss,External,10,0.034,,,1.65,1.22,9:35,Recoat,,1,130.96,,MFL-A/XT,,1160,65000,,1342,,,,,,,,
11580,,0.344,-6.43,33.67,41657.25,metal loss,External,17,0.058,,,1.65,2.13,10:09,Recoat,,1,130.98,,MFL-A/XT,,1160,65000,,1342,1455.52,2020.96,,,,,,
11580,,0.344,-8.01,32.09,41658.83,metal loss,External,11,0.038,,,1.14,1.42,6:57,Recoat,,1,131,,MFL-A/XT,,1160,65000,,1342,,,,,,,,
11580,,0.344,-8.52,31.57,41659.35,metal loss,External,11,0.038,,,1.02,1.42,4:55,Recoat,,1,131,,MFL-A/XT,,1160,65000,,1342,,,,,,,,
11580,,0.344,-9.5,30.6,41660.32,metal loss,External,11,0.038,,,2.01,0.63,12:57,Recoat,,1,131.01,,MFL-A/XT,,1160,65000,,1342,,,,,,,,
11580,,0.344,-9.57,30.53,41660.39,metal loss,External,40,0.138,,,1.3,1.38,1:43,Recoat,,1,131.01,,MFL-A/XT,,1160,65000,,1342,1438.22,1996.93,1503.41,2087.44,1509.7,2096.18,0.77,1.8
11580,,,,,41660.8,Area Start Composite Wrap,,,,,,,,,Repair Marker @12:00 2012 Dig #26,,,131.01,,,,,,,,,,,,,,,
11580,,0.344,-10.54,29.56,41661.36,metal loss,External,69,0.237,,,1.02,0.87,2:01,Repaired?,,1,131.02,,MFL-A/XT,,1160,65000,,1342,1418.3,1969.28,1469.03,2039.71,1486.8,2064.38,0.79,1.76
11580,,,,,41662.26,Area End Composite Wrap,,,,,,,,,Repair Marker @12:00 2012 Dig #26,,,131.02,,,,,,,,,,,,,,,
11580,,0.344,-11.71,28.39,41662.54,cluster,External,21,0.072,,,1.97,1.3,8:08,Recoat,,1,131.02,,,,1160,65000,,1342,1441.62,2001.65,1508.9,2095.07,1515.34,2104.01,0.77,1.81
11580,,,,,41668.5,Area Start Composite Wrap,,,,,,,,,Repair Marker @12:00 2012 Dig #26,,,130.94,,,,,,,,,,,,,,,
11580,,0.344,-18.11,21.99,41668.93,metal loss,External,14,0.048,,,0.59,0.59,3:45,Repaired?,,1,130.93,,MFL-A/XT,,1160,65000,,1342,1473.62,2046.09,,,,,,
11580,,0.344,-18.19,21.91,41669.01,cluster,External,38,0.131,,,2.59,4.32,10:37,Repaired?,,1,130.92,,,,1160,65000,,1342,1372.58,1905.8,1422.01,1974.43,1481.6,2057.16,0.82,1.7
11580,,0.344,-18.38,21.72,41669.2,metal loss,External,11,0.038,,,0.32,0.94,10:21,Repaired?,,1,130.92,,MFL-A/XT,,1160,65000,,1342,,,,,,,,
11580,,0.344,-18.54,21.56,41669.36,cluster,External,45,0.155,,,2.36,1.61,10:18,Repaired?,,1,130.91,,,,1160,65000,,1342,1362.69,1892.06,1407.63,1954.46,1474.84,2047.77,0.82,1.68
11580,,0.344,-19.54,20.56,41670.36,metal loss,External,11,0.038,,,0.32,0.63,3:11,Repaired?,,1,130.87,,MFL-A/XT,,1160,65000,,1342,,,,,,,,
11580,,0.344,-19.54,20.56,41670.36,metal loss,External,10,0.034,,,0.32,0.59,3:46,Repaired?,,1,130.87,,MFL-A/XT,,1160,65000,,1342,,,,,,,,
11580,,0.344,-19.96,20.14,41670.78,metal loss,External,15,0.052,,,1.93,0.91,1:31,Repaired?,,1,130.85,,MFL-A/XT,,1160,65000,,1342,1453.11,2017.6,,,,,,
11580,,0.344,-20,20.1,41670.82,metal loss,External,12,0.041,,,0.59,1.14,1:49,Repaired?,,1,130.85,,MFL-A/XT,,1160,65000,,1342,,,,,,,,
11580,,0.344,-20.1,19.99,41670.93,metal loss,External,11,0.038,,,0.63,1.18,1:57,Repaired?,,1,130.84,,MFL-A/XT,,1160,65000,,1342,,,,,,,,
11580,,0.344,-20.15,19.94,41670.98,cluster,External,20,0.069,,,1.57,3.96,3:14,Repaired?,,1,130.84,,,,1160,65000,,1342,1453.37,2017.97,1522.75,2114.3,1525.14,2117.62,0.76,1.82
11580,,0.344,-20.27,19.83,41671.09,metal loss,External,12,0.041,,,0.59,0.87,2:06,Repaired?,,1,130.83,,MFL-A/XT,,1160,65000,,1342,,,,,,,,
11580,,0.344,-20.94,19.16,41671.76,metal loss,External,12,0.041,,,1.53,1.22,3:17,Repaired?,,1,130.8,,MFL-A/XT,,1160,65000,,1342,,,,,,,,
11580,,0.344,-21.42,18.68,41672.24,metal loss,External,22,0.076,,,0.79,1.3,2:24,Repaired?,,1,130.77,,MFL-A/XT,,1160,65000,,1342,1468.86,2039.48,1540.36,2138.76,1540.92,2139.53,0.75,1.84
11580,,0.344,-21.48,18.62,41672.3,metal loss,External,16,0.055,,,0.94,0.83,3:25,Repaired?,,1,130.77,,MFL-A/XT,,1160,65000,,1342,1469.03,2039.71,,,,,,
11580,,0.344,-21.72,18.38,41672.54,metal loss,External,14,0.048,,,0.47,0.59,3:29,Repaired?,,1,130.75,,MFL-A/XT,,1160,65000,,1342,1474.53,2047.35,,,,,,
11580,,0.344,-21.77,18.33,41672.59,metal loss,External,13,0.045,,,0.59,1.02,2:07,Repaired?,,1,130.75,,MFL-A/XT,,1160,65000,,1342,1473.91,2046.49,,,,,,
11580,,0.344,-21.86,18.23,41672.69,metal loss,External,13,0.045,,,0.59,1.1,2:10,Repaired?,,1,130.74,,MFL-A/XT,,1160,65000,,1342,1473.91,2046.49,,,,,,
11580,,0.344,-22.08,18.02,41672.9,metal loss,External,10,0.034,,,0.63,0.59,3:29,Repaired?,,1,130.72,,MFL-A/XT,,1160,65000,,1342,,,,,,,,
11580,,0.344,-22.2,17.9,41673.02,cluster,External,40,0.138,,,0.83,2.58,3:28,Repaired?,,1,130.71,,,,1160,65000,,1342,1459.45,2026.41,1528.83,2122.74,1533.5,2129.23,0.76,1.83
11580,,0.344,-22.27,17.83,41673.09,metal loss,External,11,0.038,,,0.51,0.87,2:28,Repaired?,,1,130.71,,MFL-A/XT,,1160,65000,,1342,,,,,,,,
11580,,0.344,-22.35,17.75,41673.17,metal loss,External,11,0.038,,,0.55,0.87,2:32,Repaired?,,1,130.7,,MFL-A/XT,,1160,65000,,1342,,,,,,,,
11580,,0.344,-22.4,17.7,41673.22,metal loss,External,15,0.052,,,0.43,0.59,3:31,Repaired?,,1,130.7,,MFL-A/XT,,1160,65000,,1342,1474.74,2047.64,,,,,,
11580,,0.344,-22.48,17.62,41673.3,metal loss,External,13,0.045,,,0.43,0.63,3:27,Repaired?,,1,130.69,,MFL-A/XT,,1160,65000,,1342,1474.95,2047.93,,,,,,
11580,,0.344,-22.49,17.61,41673.31,metal loss,External,10,0.034,,,1.02,1.34,8:49,Repaired?,,1,130.69,,MFL-A/XT,,1160,65000,,1342,,,,,,,,
11580,,0.344,-22.67,17.43,41673.49,metal loss,External,11,0.038,,,0.51,0.94,2:25,Repaired?,,1,130.68,,MFL-A/XT,,1160,65000,,1342,,,,,,,,
11580,,0.344,-22.72,17.38,41673.54,metal loss,External,14,0.048,,,0.71,0.98,10:11,Repaired?,,1,130.68,,MFL-A/XT,,1160,65000,,1342,1472.65,2044.73,,,,,,
11580,,0.344,-22.87,17.23,41673.69,cluster,External,21,0.072,,,1.14,3.06,3:29,Repaired?,,1,130.67,,,,1160,65000,,1342,1462.45,2030.58,1533.16,2128.75,1533.5,2129.23,0.76,1.84
11580,,0.344,-23.08,17.02,41673.9,cluster,External,33,0.114,,,1.1,2.89,3:27,Repaired?,,1,130.65,,,,1160,65000,,1342,1454,2018.84,1522.88,2114.48,1526.3,2119.22,0.76,1.82
11580,,0.344,-23.1,17,41673.92,metal loss,External,17,0.058,,,0.43,1.26,2:14,Repaired?,,1,130.65,,MFL-A/XT,,1160,65000,,1342,1474.52,2047.33,,,,,,
11580,,0.344,-23.25,16.85,41674.07,metal loss,External,23,0.079,,,0.63,1.02,10:12,Repaired?,,1,130.64,,MFL-A/XT,,1160,65000,,1342,1471.31,2042.88,1543.09,2142.54,1543.5,2143.11,0.75,1.85
11580,,0.344,-23.26,16.84,41674.08,metal loss,External,18,0.062,,,0.79,1.06,2:18,Repaired?,,1,130.64,,MFL-A/XT,,1160,65000,,1342,1470.37,2041.57,,,,,,
11580,,0.344,-23.31,16.79,41674.14,metal loss,External,10,0.034,,,0.67,0.67,3:28,Repaired?,,1,130.64,,MFL-A/XT,,1160,65000,,1342,,,,,,,,
11580,,0.344,-23.47,16.63,41674.29,metal loss,External,22,0.076,,,0.75,2.4,3:29,Repaired?,,1,130.62,,MFL-A/XT,,1160,65000,,1342,1469.69,2040.62,1541.29,2140.04,1541.78,2140.73,0.75,1.84
11580,,0.344,-23.48,16.62,41674.3,metal loss,External,22,0.076,,,0.67,1.06,8:46,Repaired?,,1,130.62,,MFL-A/XT,,1160,65000,,1342,1470.84,2042.23,1542.58,2141.83,1542.99,2142.4,0.75,1.85
11580,,0.344,-23.54,16.56,41674.36,metal loss,External,10,0.034,,,1.93,1.69,4:49,Repaired?,,1,130.62,,MFL-A/XT,,1160,65000,,1342,,,,,,,,
11580,,0.344,-23.55,16.55,41674.37,metal loss,External,14,0.048,,,0.71,1.18,10:12,Repaired?,,1,130.62,,MFL-A/XT,,1160,65000,,1342,1472.65,2044.73,,,,,,
11580,,0.344,-23.72,16.38,41674.54,metal loss,External,18,0.062,,,0.43,0.79,3:49,Repaired?,,1,130.6,,MFL-A/XT,,1160,65000,,1342,1474.41,2047.18,,,,,,
11580,,0.344,-23.8,16.29,41674.63,metal loss,External,14,0.048,,,0.43,0.59,3:48,Repaired?,,1,130.6,,MFL-A/XT,,1160,65000,,1342,1474.85,2047.79,,,,,,
11580,,0.344,-23.81,16.29,41674.63,metal loss,External,39,0.134,,,0.79,1.18,2:26,Repaired?,,1,130.6,,MFL-A/XT,,1160,65000,,1342,1461.27,2028.94,1531.05,2125.82,1533.47,2129.19,0.76,1.83
11580,,0.344,-23.81,16.29,41674.63,metal loss,External,17,0.058,,,0.67,1.5,10:06,Repaired?,,1,130.6,,MFL-A/XT,,1160,65000,,1342,1472.35,2044.32,,,,,,
11580,,0.344,-23.87,16.22,41674.7,metal loss,External,29,0.1,,,1.53,2.52,3:35,Repaired?,,1,130.59,,MFL-A/XT,,1160,65000,,1342,1442.38,2002.71,1509.48,2095.87,1513.55,2101.53,0.77,1.81
11580,,0.344,-24.01,16.09,41674.83,metal loss,External,14,0.048,,,0.83,1.22,10:11,Repaired?,,1,130.58,,MFL-A/XT,,1160,65000,,1342,1471.41,2043.01,,,,,,
11580,,0.344,-24.05,16.05,41674.87,metal loss,External,16,0.055,,,1.06,0.83,3:06,Repaired?,,1,130.58,,MFL-A/XT,,1160,65000,,1342,1467.25,2037.24,,,,,,
11580,,0.344,-24.07,16.03,41674.89,cluster,External,18,0.062,,,2.8,2.85,9:23,Repaired?,,1,130.58,,,,1160,65000,,1342,1428.36,1983.24,,,,,,
11580,,0.344,-24.37,15.73,41675.19,metal loss,External,10,0.034,,,0.47,0.94,10:04,Repaired?,,1,130.55,,MFL-A/XT,,1160,65000,,1342,,,,,,,,
11580,,0.344,-24.4,15.7,41675.22,cluster,External,50,0.172,,,0.97,4.88,1:52,Repaired?,,1,130.55,,,,1160,65000,,1342,1444.51,2005.67,1509.6,2096.04,1518.97,2109.05,0.77,1.81
11580,,0.344,-24.51,15.59,41675.33,metal loss,External,10,0.034,,,0.87,1.26,9:51,Repaired?,,1,130.54,,MFL-A/XT,,1160,65000,,1342,,,,,,,,
11580,,0.344,-24.52,15.58,41675.34,metal loss,External,11,0.038,,,1.1,0.59,3:30,Repaired?,,1,130.54,,MFL-A/XT,,1160,65000,,1342,,,,,,,,
11580,,0.344,-24.55,15.55,41675.37,metal loss,External,17,0.058,,,1.1,0.83,3:48,Repaired?,,1,130.54,,MFL-A/XT,,1160,65000,,1342,1466.03,2035.54,,,,,,
11580,,0.344,-24.64,15.46,41675.46,metal loss,External,11,0.038,,,0.51,0.94,10:16,Repaired?,,1,130.53,,MFL-A/XT,,1160,65000,,1342,,,,,,,,
11580,,0.344,-24.74,15.36,41675.56,metal loss,External,13,0.045,,,0.98,1.1,9:48,Repaired?,,1,130.52,,MFL-A/XT,,1160,65000,,1342,1470.08,2041.17,,,,,,
11580,,0.344,-24.82,15.28,41675.64,metal loss,External,38,0.131,,,0.71,0.98,10:15,Repaired?,,1,130.52,,MFL-A/XT,,1160,65000,,1342,1464.55,2033.5,1534.96,2131.25,1536.8,2133.81,0.76,1.84
11580,,0.344,-24.98,15.12,41675.8,metal loss,External,34,0.117,,,0.91,1.3,2:25,Repaired?,,1,130.5,,MFL-A/XT,,1160,65000,,1342,1460.33,2027.63,1530.22,2124.67,1532.48,2127.81,0.76,1.83
11580,,0.344,-25.35,14.75,41676.17,metal loss,External,17,0.058,,,1.93,3.07,9:43,Repaired?,,1,130.48,,MFL-A/XT,,1160,65000,,1342,1449.69,2012.87,,,,,,
11580,,0.344,-25.49,14.61,41676.31,metal loss,External,36,0.124,,,0.75,1.34,8:30,Repaired?,,1,130.46,,MFL-A/XT,,1160,65000,,1342,1464.28,2033.11,1534.72,2130.92,1536.52,2133.42,0.76,1.84
11580,,0.344,-25.64,14.46,41676.46,metal loss,External,39,0.134,,,0.63,1.39,8:35,Repaired?,,1,130.45,,MFL-A/XT,,1160,65000,,1342,1466.39,2036.05,1537.06,2134.18,1538.66,2136.39,0.75,1.84
11580,,0.344,-25.96,14.14,41676.78,metal loss,External,17,0.058,,,0.79,1.34,8:37,Repaired?,,1,130.43,,MFL-A/XT,,1160,65000,,1342,1470.73,2042.08,,,,,,
11580,,0.344,-26.38,13.72,41677.2,metal loss,External,19,0.065,,,0.63,1.06,10:17,Repaired?,,1,130.39,,MFL-A/XT,,1160,65000,,1342,1472.13,2044.02,,,,,,
11580,,0.344,-26.6,13.5,41677.42,metal loss,External,20,0.069,,,1.5,1.77,9:42,Repaired?,,1,130.38,,MFL-A/XT,,1160,65000,,1342,1455.18,2020.48,1524.84,2117.2,1526.07,2118.91,0.76,1.83
11580,,0.344,-26.99,13.11,41677.81,metal loss,External,12,0.041,,,1.81,1.73,10:06,Repaired?,,1,130.34,,MFL-A/XT,,1160,65000,,1342,,,,,,,,
11580,,,,,41677.92,Area End Composite Wrap,,,,,,,,,Repair Marker @12:00 2012 Dig #26,,,130.34,,,,,,,,,,,,,,,
11580,,,,,41678.08,Attachment,,,,,,,,5:30,Repair Marker 2012 Dig #26 Recoat,,,130.32,,,,,,,,,,,,,,,
11580,,0.344,-27.83,12.27,41678.65,metal loss,External,10,0.034,,,1.85,2.87,10:07,,,1,130.28,,MFL-A/XT,,1160,65000,,1342,,,,,,,,
11580,,0.344,-28.66,11.44,41679.48,metal loss,External,16,0.055,,,1.18,1.34,10:13,,,1,130.21,,MFL-A/XT,,1160,65000,,1342,1465.54,2034.86,,,,,,
11580,,0.344,-39.03,1.07,41689.85,metal loss,External,13,0.045,,,0.83,3.39,2:50,,,1,129.37,,MFL-A/XT,,1160,65000,,1342,1471.78,2043.53,,,,,,
11580,,0.344,-39.86,0.24,41690.68,metal loss,External,13,0.045,,,0.83,1.02,3:29,near girth weld,,1,129.3,,MFL-A/XT,,1160,65000,,1342,1471.78,2043.53,,,,,,
11580,,0.344,-39.95,0.15,41690.77,metal loss,External,11,0.038,,,0.43,1.26,2:27,near girth weld,,1,129.29,,MFL-A/XT,,1160,65000,,1342,,,,,,,,
11590,39.98,0.344,,,41690.92,GirthWeld,,,,,,,,,,131,0.7,129.28,,,,1160,65000,,1342,,,,,,,,
11590,,0.344,-0.04,39.94,41690.96,metal loss,External,11,0.038,,,0.59,0.79,3:55,affecting girth weld,,0.7,129.27,,MFL-A/XT,,1160,65000,,1342,,,,,,,,
11590,,0.344,-0.23,39.75,41691.15,metal loss,External,15,0.052,,,0.79,1.34,4:09,,,0.7,129.26,,MFL-A/XT,,1160,65000,,1342,1471.45,2043.07,,,,,,
11590,,0.344,-0.23,39.75,41691.15,metal loss,External,13,0.045,,,1.61,0.71,4:33,,,0.7,129.26,,MFL-A/XT,,1160,65000,,1342,1461.53,2029.3,,,,,,
11590,,0.344,-0.83,39.15,41691.75,metal loss,External,13,0.045,,,1.61,3.62,1:19,,,0.7,129.21,,MFL-A/XT,,1160,65000,,1342,1461.35,2029.04,,,,,,
11590,,0.344,-0.91,39.07,41691.83,metal loss,External,11,0.038,,,1.06,3.03,2:29,,,0.7,129.2,,MFL-A/XT,,1160,65000,,1342,,,,,,,,
11590,,0.344,-0.94,39.04,41691.86,cluster,External,23,0.079,,,1.73,2.49,3:36,,,0.7,129.2,,,,1160,65000,,1342,1444.85,2006.14,1512.69,2100.33,1518.3,2108.13,0.77,1.81
11590,,0.344,-9.51,30.47,41700.43,metal loss,External,14,0.048,,,0.59,1.14,10:01,,,0.7,128.56,,MFL-A/XT,,1160,65000,,1342,1473.62,2046.09,,,,,,
11590,,0.344,-9.82,30.16,41700.74,metal loss,External,13,0.045,,,0.94,1.3,9:40,,,0.7,128.54,,MFL-A/XT,,1160,65000,,1342,1470.63,2041.93,,,,,,
11590,,0.344,-10.06,29.92,41700.98,metal loss,External,11,0.038,,,0.83,1.26,1:45,,,0.7,128.53,,MFL-A/XT,,1160,65000,,1342,,,,,,,,
11590,,0.344,-10.08,29.9,41701,metal loss,External,16,0.055,,,0.87,1.18,9:38,,,0.7,128.53,,MFL-A/XT,,1160,65000,,1342,1470.18,2041.3,,,,,,
11590,,0.344,-10.43,29.55,41701.36,metal loss,External,12,0.041,,,1.5,1.3,2:29,,,0.7,128.51,,MFL-A/XT,,1160,65000,,1342,,,,,,,,
11590,,0.344,-10.49,29.49,41701.41,metal loss,External,16,0.055,,,0.47,0.94,2:02,,,0.7,128.51,,MFL-A/XT,,1160,65000,,1342,1474.36,2047.11,,,,,,
11590,,0.344,-10.53,29.45,41701.45,cluster,External,23,0.079,,,1.14,3.92,10:12,,,0.7,128.51,,,,1160,65000,,1342,1460.92,2028.46,1531.36,2126.25,1534.97,2131.26,0.76,1.83
11590,,0.344,-10.58,29.4,41701.5,metal loss,External,13,0.045,,,0.32,0.59,9:42,,,0.7,128.51,,MFL-A/XT,,1160,65000,,1342,1475.54,2048.76,,,,,,
11590,,0.344,-10.59,29.39,41701.51,metal loss,External,18,0.062,,,0.32,1.85,2:38,,,0.7,128.51,,MFL-A/XT,,1160,65000,,1342,1475.26,2048.36,,,,,,
11590,,0.344,-10.63,29.35,41701.56,metal loss,External,10,0.034,,,1.46,2.28,8:03,,,0.7,128.5,,MFL-A/XT,,1160,65000,,1342,,,,,,,,
11590,,0.344,-10.81,29.17,41701.73,cluster,External,25,0.086,,,3.32,2.54,8:32,,,0.7,128.5,,,,1160,65000,,1342,1391.79,1932.47,1447.06,2009.2,1466.93,2036.79,0.8,1.73
11590,,0.344,-10.94,29.04,41701.86,metal loss,External,38,0.131,,,1.42,2.13,9:41,,,0.7,128.49,,MFL-A/XT,,1160,65000,,1342,1434.25,1991.42,1498.87,2081.14,1505.49,2090.34,0.77,1.79
11590,,0.344,-11,28.98,41701.92,metal loss,External,12,0.041,,,0.55,0.59,8:32,,,0.7,128.49,,MFL-A/XT,,1160,65000,,1342,,,,,,,,
11590,,0.344,-11.13,28.85,41702.05,metal loss,External,11,0.038,,,1.34,1.69,2:32,,,0.7,128.48,,MFL-A/XT,,1160,65000,,1342,,,,,,,,
11590,,0.344,-11.2,28.78,41702.12,metal loss,External,12,0.041,,,1.65,0.59,8:34,,,0.7,128.48,,MFL-A/XT,,1160,65000,,1342,,,,,,,,
11590,,0.344,-11.21,28.77,41702.13,metal loss,External,10,0.034,,,1.14,0.94,8:45,,,0.7,128.48,,MFL-A/XT,,1160,65000,,1342,,,,,,,,
11590,,0.344,-11.45,28.53,41702.37,metal loss,External,10,0.034,,,1.58,1.69,8:06,,,0.7,128.47,,MFL-A/XT,,1160,65000,,1342,,,,,,,,
11590,,0.344,-11.46,28.52,41702.39,metal loss,External,12,0.041,,,1.38,0.59,8:32,,,0.7,128.47,,MFL-A/XT,,1160,65000,,1342,,,,,,,,
11590,,0.344,-11.53,28.45,41702.45,metal loss,External,12,0.041,,,1.46,0.67,7:32,,,0.7,128.47,,MFL-A/XT,,1160,65000,,1342,,,,,,,,
11590,,0.344,-11.74,28.24,41702.66,metal loss,External,15,0.052,,,0.32,0.75,9:17,,,0.7,128.46,,MFL-A/XT,,1160,65000,,1342,1475.43,2048.6,,,,,,
11590,,0.344,-11.78,28.2,41702.7,metal loss,External,11,0.038,,,0.32,1.26,9:50,,,0.7,128.46,,MFL-A/XT,,1160,65000,,1342,,,,,,,,
11590,,0.344,-11.8,28.18,41702.72,metal loss,External,10,0.034,,,0.32,0.98,9:20,,,0.7,128.46,,MFL-A/XT,,1160,65000,,1342,,,,,,,,
11590,,0.344,-11.82,28.16,41702.74,metal loss,External,14,0.048,,,0.43,1.89,8:48,,,0.7,128.46,,MFL-A/XT,,1160,65000,,1342,1474.85,2047.79,,,,,,
11590,,0.344,-11.83,28.15,41702.75,metal loss,External,11,0.038,,,0.32,0.59,8:32,,,0.7,128.46,,MFL-A/XT,,1160,65000,,1342,,,,,,,,
11590,,0.344,-11.84,28.14,41702.76,metal loss,External,13,0.045,,,0.55,1.73,9:47,,,0.7,128.46,,MFL-A/XT,,1160,65000,,1342,1474.26,2046.98,,,,,,
11590,,0.344,-11.92,28.06,41702.85,metal loss,External,11,0.038,,,0.91,0.71,7:46,,,0.7,128.45,,MFL-A/XT,,1160,65000,,1342,,,,,,,,
11590,,0.344,-11.97,28.01,41702.89,metal loss,External,18,0.062,,,0.94,1.1,8:51,,,0.7,128.45,,MFL-A/XT,,1160,65000,,1342,1468.21,2038.57,,,,,,
11590,,0.344,-12.14,27.84,41703.06,metal loss,External,13,0.045,,,0.91,1.85,8:47,,,0.7,128.45,,MFL-A/XT,,1160,65000,,1342,1471.02,2042.48,,,,,,
11590,,0.344,-12.14,27.84,41703.06,metal loss,External,16,0.055,,,0.98,0.63,8:32,,,0.7,128.45,,MFL-A/XT,,1160,65000,,1342,1468.51,2038.99,,,,,,
11590,,0.344,-12.15,27.83,41703.07,metal loss,External,23,0.079,,,1.14,1.85,10:17,,,0.7,128.45,,MFL-A/XT,,1160,65000,,1342,1460.67,2028.11,1531.07,2125.86,1532.39,2127.68,0.76,1.83
11590,,0.344,-12.41,27.57,41703.33,metal loss,External,10,0.034,,,1.73,1.73,2:30,,,0.7,128.44,,MFL-A/XT,,1160,65000,,1342,,,,,,,,
11590,,0.344,-12.88,27.1,41703.8,metal loss,External,14,0.048,,,0.71,1.14,9:34,,,0.7,128.42,,MFL-A/XT,,1160,65000,,1342,1472.65,2044.73,,,,,,
11590,,0.344,-16.35,23.63,41707.27,metal loss,External,11,0.038,,,1.81,1.18,9:47,,,0.7,128.39,,MFL-A/XT,,1160,65000,,1342,,,,,,,,
11590,,0.344,-16.79,23.19,41707.71,metal loss,External,12,0.041,,,1.18,0.91,9:37,,,0.7,128.39,,MFL-A/XT,,1160,65000,,1342,,,,,,,,
11590,,0.344,-16.8,23.18,41707.72,metal loss,External,20,0.069,,,0.87,0.98,10:00,,,0.7,128.39,,MFL-A/XT,,1160,65000,,1342,1468.24,2038.62,1539.71,2137.84,1540.17,2138.48,0.75,1.84
11590,,0.344,-17.05,22.93,41707.97,metal loss,External,15,0.052,,,1.3,1.69,10:33,,,0.7,128.39,,MFL-A/XT,,1160,65000,,1342,1464.19,2032.99,,,,,,
11590,,0.344,-17.12,22.86,41708.04,metal loss,External,15,0.052,,,0.67,0.59,9:59,,,0.7,128.39,,MFL-A/XT,,1160,65000,,1342,1472.85,2045.02,,,,,,
11590,,0.344,-18.32,21.66,41709.24,metal loss,External,13,0.045,,,1.38,1.77,9:40,,,0.7,128.42,,MFL-A/XT,,1160,65000,,1342,1465.09,2034.23,,,,,,
11590,,0.344,-19.04,20.94,41709.96,metal loss,External,15,0.052,,,0.55,0.87,10:01,,,0.7,128.44,,MFL-A/XT,,1160,65000,,1342,1473.83,2046.38,,,,,,
11590,,0.344,-20.26,19.72,41711.18,metal loss,External,14,0.048,,,0.59,1.18,10:02,,,0.7,128.48,,MFL-A/XT,,1160,65000,,1342,1473.72,2046.22,,,,,,
11590,,0.344,-20.94,19.04,41711.86,metal loss,External,14,0.048,,,0.67,1.77,9:55,,,0.7,128.51,,MFL-A/XT,,1160,65000,,1342,1472.99,2045.21,,,,,,
11590,,0.344,-21.02,18.96,41711.94,metal loss,External,11,0.038,,,0.63,0.59,8:37,,,0.7,128.51,,MFL-A/XT,,1160,65000,,1342,,,,,,,,
11590,,0.344,-21.02,18.96,41711.95,metal loss,External,14,0.048,,,0.59,0.59,8:45,,,0.7,128.51,,MFL-A/XT,,1160,65000,,1342,1473.62,2046.09,,,,,,
11590,,0.344,-21.2,18.78,41712.12,metal loss,External,10,0.034,,,0.98,1.34,10:25,,,0.7,128.52,,MFL-A/XT,,1160,65000,,1342,,,,,,,,
11590,,0.344,-21.27,18.71,41712.2,metal loss,External,17,0.058,,,1.46,1.69,9:14,,,0.7,128.52,,MFL-A/XT,,1160,65000,,1342,1459.4,2026.35,,,,,,
11590,,0.344,-21.29,18.69,41712.21,metal loss,External,11,0.038,,,1.06,0.75,9:47,,,0.7,128.52,,MFL-A/XT,,1160,65000,,1342,,,,,,,,
11590,,0.344,-21.62,18.36,41712.54,metal loss,External,12,0.041,,,1.65,0.75,7:54,,,0.7,128.54,,MFL-A/XT,,1160,65000,,1342,,,,,,,,
11590,,0.344,-21.79,18.19,41712.71,metal loss,External,10,0.034,,,0.55,1.14,9:47,,,0.7,128.55,,MFL-A/XT,,1160,65000,,1342,,,,,,,,
11590,,0.344,-21.88,18.1,41712.8,metal loss,External,11,0.038,,,0.47,0.87,10:13,,,0.7,128.56,,MFL-A/XT,,1160,65000,,1342,,,,,,,,
11590,,0.344,-21.99,17.99,41712.91,metal loss,External,37,0.127,,,1.81,1.53,7:57,,,0.7,128.56,,MFL-A/XT,,1160,65000,,1342,1416.37,1966.6,1477.2,2051.06,1486.4,2063.83,0.79,1.77
11590,,0.344,-22.17,17.81,41713.09,metal loss,External,11,0.038,,,0.63,1.02,9:45,,,0.7,128.57,,MFL-A/XT,,1160,65000,,1342,,,,,,,,
11590,,0.344,-22.46,17.52,41713.38,metal loss,External,31,0.107,,,0.79,2.28,10:15,,,0.7,128.59,,MFL-A/XT,,1160,65000,,1342,1465.1,2034.26,1535.87,2132.52,1537.31,2134.52,0.76,1.84
11590,,0.344,-22.73,17.25,41713.65,metal loss,External,15,0.052,,,0.94,2.05,10:07,,,0.7,128.61,,MFL-A/XT,,1160,65000,,1342,1469.68,2040.61,,,,,,
11590,,0.344,-22.75,17.23,41713.67,metal loss,External,10,0.034,,,0.47,0.91,10:47,,,0.7,128.61,,MFL-A/XT,,1160,65000,,1342,,,,,,,,
11590,,0.344,-22.77,17.21,41713.69,metal loss,External,33,0.114,,,0.71,1.02,9:35,,,0.7,128.61,,MFL-A/XT,,1160,65000,,1342,1466.51,2036.21,1537.42,2134.67,1538.76,2136.53,0.75,1.84
11590,,0.344,-23.64,16.34,41714.57,metal loss,External,10,0.034,,,0.71,0.94,9:41,,,0.7,128.67,,MFL-A/XT,,1160,65000,,1342,,,,,,,,
11590,,0.344,-23.79,16.19,41714.71,metal loss,External,18,0.062,,,0.83,1.22,7:43,,,0.7,128.68,,MFL-A/XT,,1160,65000,,1342,1469.86,2040.86,,,,,,
11590,,0.344,-23.82,16.16,41714.75,metal loss,External,13,0.045,,,1.14,1.02,8:08,,,0.7,128.68,,MFL-A/XT,,1160,65000,,1342,1468.18,2038.53,,,,,,
11590,,0.344,-23.83,16.15,41714.75,metal loss,External,10,0.034,,,1.61,0.63,10:05,,,0.7,128.69,,MFL-A/XT,,1160,65000,,1342,,,,,,,,
11590,,0.344,-24.35,15.63,41715.27,metal loss,External,10,0.034,,,1.06,1.5,9:53,,,0.7,128.73,,MFL-A/XT,,1160,65000,,1342,,,,,,,,
11590,,0.344,-24.53,15.45,41715.45,metal loss,External,11,0.038,,,1.14,1.46,7:58,,,0.7,128.74,,MFL-A/XT,,1160,65000,,1342,,,,,,,,
11590,,0.344,-24.92,15.06,41715.84,metal loss,External,14,0.048,,,0.63,1.42,9:39,,,0.7,128.77,,MFL-A/XT,,1160,65000,,1342,1473.42,2045.8,,,,,,
11590,,0.344,-24.92,15.06,41715.84,metal loss,External,11,0.038,,,0.51,1.18,8:52,,,0.7,128.77,,MFL-A/XT,,1160,65000,,1342,,,,,,,,
11590,,0.344,-25.06,14.92,41715.98,metal loss,External,12,0.041,,,0.71,1.34,9:43,,,0.7,128.79,,MFL-A/XT,,1160,65000,,1342,,,,,,,,
11590,,0.344,-25.25,14.73,41716.18,cluster,External,31,0.107,,,1.13,1.61,8:38,,,0.7,128.8,,,,1160,65000,,1342,1454.32,2019.29,1523.39,2115.19,1527.2,2120.48,0.76,1.82
11590,,0.344,-25.49,14.49,41716.41,metal loss,External,11,0.038,,,1.53,0.59,9:42,,,0.7,128.82,,MFL-A/XT,,1160,65000,,1342,,,,,,,,
11590,,0.344,-25.57,14.41,41716.49,metal loss,External,12,0.041,,,1.06,1.69,8:15,,,0.7,128.83,,MFL-A/XT,,1160,65000,,1342,,,,,,,,
11590,,0.344,-25.8,14.18,41716.72,metal loss,External,13,0.045,,,0.59,0.59,8:23,,,0.7,128.85,,MFL-A/XT,,1160,65000,,1342,1473.91,2046.49,,,,,,
11590,,0.344,-26.02,13.96,41716.94,metal loss,External,11,0.038,,,0.71,1.1,9:40,,,0.7,128.88,,MFL-A/XT,,1160,65000,,1342,,,,,,,,
11590,,0.344,-26.06,13.92,41716.98,metal loss,External,16,0.055,,,1.06,1.77,8:07,,,0.7,128.88,,MFL-A/XT,,1160,65000,,1342,1467.25,2037.24,,,,,,
11590,,0.344,-26.14,13.84,41717.06,metal loss,External,14,0.048,,,1.5,0.79,9:38,,,0.7,128.89,,MFL-A/XT,,1160,65000,,1342,1462.07,2030.04,,,,,,
11590,,0.344,-26.48,13.5,41717.4,metal loss,External,16,0.055,,,0.67,1.34,9:56,,,0.7,128.92,,MFL-A/XT,,1160,65000,,1342,1472.6,2044.67,,,,,,
11590,,0.344,-26.69,13.29,41717.61,metal loss,External,15,0.052,,,0.67,1.02,8:19,,,0.7,128.94,,MFL-A/XT,,1160,65000,,1342,1472.73,2044.85,,,,,,
11590,,0.344,-26.73,13.25,41717.65,metal loss,External,10,0.034,,,0.83,1.26,9:49,,,0.7,128.95,,MFL-A/XT,,1160,65000,,1342,,,,,,,,
11590,,0.344,-26.81,13.17,41717.73,metal loss,External,14,0.048,,,0.98,1.22,8:25,,,0.7,128.96,,MFL-A/XT,,1160,65000,,1342,1469.57,2040.46,,,,,,
11590,,0.344,-26.84,13.14,41717.76,metal loss,External,11,0.038,,,1.58,0.79,9:04,,,0.7,128.96,,MFL-A/XT,,1160,65000,,1342,,,,,,,,
11590,,0.344,-26.98,13,41717.9,metal loss,External,21,0.072,,,0.79,1.38,8:18,,,0.7,128.97,,MFL-A/XT,,1160,65000,,1342,1469.45,2040.29,1541.03,2139.69,1541.49,2140.32,0.75,1.84
11590,,0.344,-27.02,12.96,41717.95,metal loss,External,12,0.041,,,1.34,0.98,7:45,,,0.7,128.98,,MFL-A/XT,,1160,65000,,1342,,,,,,,,
11590,,0.344,-27.09,12.89,41718.01,metal loss,External,10,0.034,,,2.17,1.42,9:00,,,0.7,128.98,,MFL-A/XT,,1160,65000,,1342,,,,,,,,
11590,,0.344,-27.79,12.19,41718.71,cluster,External,31,0.107,,,1.5,3.81,9:33,,,0.7,129.06,,,,1160,65000,,1342,1441.11,2000.94,1507.81,2093.56,1511.35,2098.48,0.77,1.8
11590,,0.344,-28.34,11.64,41719.26,metal loss,External,19,0.065,,,1.1,1.26,8:04,,,0.7,129.12,,MFL-A/XT,,1160,65000,,1342,1464.67,2033.65,,,,,,
11590,,0.344,-28.54,11.44,41719.46,metal loss,External,10,0.034,,,0.94,1.18,2:01,,,0.7,129.15,,MFL-A/XT,,1160,65000,,1342,,,,,,,,
11590,,0.344,-28.97,11.01,41719.89,metal loss,External,15,0.052,,,0.32,1.06,10:10,,,0.7,129.2,,MFL-A/XT,,1160,65000,,1342,1475.43,2048.6,,,,,,
11590,,0.344,-29.05,10.93,41719.97,metal loss,External,13,0.045,,,1.58,1.81,9:40,,,0.7,129.21,,MFL-A/XT,,1160,65000,,1342,1461.9,2029.81,,,,,,
11590,,0.344,-29.13,10.85,41720.06,metal loss,External,10,0.034,,,0.75,0.63,10:16,,,0.7,129.22,,MFL-A/XT,,1160,65000,,1342,,,,,,,,
11590,,0.344,-29.43,10.55,41720.35,metal loss,External,12,0.041,,,1.3,0.59,8:39,,,0.7,129.25,,MFL-A/XT,,1160,65000,,1342,,,,,,,,
11590,,0.344,-29.6,10.38,41720.52,metal loss,External,10,0.034,,,2.05,1.69,9:55,,,0.7,129.28,,MFL-A/XT,,1160,65000,,1342,,,,,,,,
11590,,0.344,-29.71,10.27,41720.63,metal loss,External,23,0.079,,,0.71,1.26,2:34,,,0.7,129.29,,MFL-A/XT,,1160,65000,,1342,1469.96,2041,1541.58,2140.44,1542.1,2141.17,0.75,1.85
11590,,0.344,-29.8,10.18,41720.72,metal loss,External,12,0.041,,,0.59,0.63,8:49,,,0.7,129.3,,MFL-A/XT,,1160,65000,,1342,,,,,,,,
11590,,0.344,-30.26,9.72,41721.18,metal loss,External,10,0.034,,,0.51,0.98,9:47,,,0.7,129.37,,MFL-A/XT,,1160,65000,,1342,,,,,,,,
11590,,0.344,-30.43,9.55,41721.35,metal loss,External,11,0.038,,,0.87,1.53,4:02,,,0.7,129.39,,MFL-A/XT,,1160,65000,,1342,,,,,,,,
11590,,0.344,-30.62,9.36,41721.54,metal loss,External,11,0.038,,,1.5,1.85,7:42,,,0.7,129.41,,MFL-A/XT,,1160,65000,,1342,,,,,,,,
11590,,0.344,-30.72,9.26,41721.64,metal loss,External,24,0.083,,,0.59,1.18,8:57,,,0.7,129.43,,MFL-A/XT,,1160,65000,,1342,1471.62,2043.31,1543.42,2143,1543.84,2143.58,0.75,1.85
11590,,0.344,-30.76,9.22,41721.68,metal loss,External,12,0.041,,,0.71,0.67,3:52,,,0.7,129.43,,MFL-A/XT,,1160,65000,,1342,,,,,,,,
11590,,0.344,-30.78,9.2,41721.7,metal loss,External,19,0.065,,,0.63,1.02,4:06,,,0.7,129.44,,MFL-A/XT,,1160,65000,,1342,1472.28,2044.23,,,,,,
11590,,0.344,-30.99,8.99,41721.91,metal loss,External,12,0.041,,,0.83,1.1,4:12,,,0.7,129.46,,MFL-A/XT,,1160,65000,,1342,,,,,,,,
11590,,0.344,-31.03,8.95,41721.96,metal loss,External,10,0.034,,,0.43,0.59,8:55,,,0.7,129.47,,MFL-A/XT,,1160,65000,,1342,,,,,,,,
11590,,0.344,-31.08,8.9,41722,metal loss,External,11,0.038,,,1.73,1.18,8:34,,,0.7,129.48,,MFL-A/XT,,1160,65000,,1342,,,,,,,,
11590,,0.344,-31.14,8.84,41722.06,metal loss,External,10,0.034,,,0.43,0.71,3:53,,,0.7,129.48,,MFL-A/XT,,1160,65000,,1342,,,,,,,,
11590,,0.344,-31.18,8.8,41722.1,metal loss,External,10,0.034,,,0.71,1.65,8:53,,,0.7,129.49,,MFL-A/XT,,1160,65000,,1342,,,,,,,,
11590,,0.344,-31.25,8.73,41722.17,metal loss,External,10,0.034,,,1.3,1.97,3:59,,,0.7,129.5,,MFL-A/XT,,1160,65000,,1342,,,,,,,,
11590,,0.344,-31.25,8.73,41722.17,metal loss,External,10,0.034,,,1.89,1.1,4:32,,,0.7,129.5,,MFL-A/XT,,1160,65000,,1342,,,,,,,,
11590,,0.344,-31.28,8.7,41722.2,metal loss,External,10,0.034,,,0.59,0.59,9:01,,,0.7,129.5,,MFL-A/XT,,1160,65000,,1342,,,,,,,,
11590,,0.344,-31.45,8.53,41722.37,metal loss,External,18,0.062,,,0.55,0.83,3:01,,,0.7,129.53,,MFL-A/XT,,1160,65000,,1342,1473.3,2045.64,,,,,,
11590,,0.344,-31.51,8.47,41722.43,metal loss,External,15,0.052,,,0.98,0.87,3:56,,,0.7,129.54,,MFL-A/XT,,1160,65000,,1342,1469.04,2039.73,,,,,,
11590,,0.344,-31.69,8.29,41722.61,metal loss,External,10,0.034,,,0.67,1.81,4:02,,,0.7,129.56,,MFL-A/XT,,1160,65000,,1342,,,,,,,,
11590,,0.344,-31.84,8.14,41722.76,metal loss,External,12,0.041,,,1.53,1.18,9:16,,,0.7,129.59,,MFL-A/XT,,1160,65000,,1342,,,,,,,,
11590,,0.344,-31.9,8.08,41722.82,metal loss,External,30,0.103,,,0.87,1.53,3:31,,,0.7,129.6,,MFL-A/XT,,1160,65000,,1342,1463.64,2032.23,1534.23,2130.24,1535.8,2132.42,0.76,1.84
11590,,0.344,-31.93,8.05,41722.86,metal loss,External,17,0.058,,,0.83,1.06,4:12,,,0.7,129.6,,MFL-A/XT,,1160,65000,,1342,1470.42,2041.63,,,,,,
11590,,0.344,-32.33,7.65,41723.25,metal loss,External,15,0.052,,,0.83,1.02,2:48,,,0.7,129.66,,MFL-A/XT,,1160,65000,,1342,1471.03,2042.48,,,,,,
11590,,0.344,-32.36,7.62,41723.28,metal loss,External,26,0.089,,,0.79,1.14,3:49,,,0.7,129.67,,MFL-A/XT,,1160,65000,,1342,1467.26,2037.25,1538.47,2136.13,1539.4,2137.42,0.75,1.84
11590,,0.344,-32.62,7.36,41723.54,metal loss,External,10,0.034,,,0.63,1.26,4:15,,,0.7,129.71,,MFL-A/XT,,1160,65000,,1342,,,,,,,,
11590,,0.344,-32.7,7.28,41723.62,metal loss,External,12,0.041,,,0.43,0.79,2:34,,,0.7,129.72,,MFL-A/XT,,1160,65000,,1342,,,,,,,,
11590,,0.344,-32.97,7.01,41723.89,metal loss,External,12,0.041,,,0.63,1.18,4:06,,,0.7,129.76,,MFL-A/XT,,1160,65000,,1342,,,,,,,,
11590,,0.344,-32.99,6.99,41723.91,metal loss,External,26,0.089,,,0.75,1.46,2:36,,,0.7,129.76,,MFL-A/XT,,1160,65000,,1342,1468.26,2038.64,1539.61,2137.71,1540.44,2138.86,0.75,1.84
11590,,0.344,-33.16,6.82,41724.08,metal loss,External,11,0.038,,,0.59,0.94,4:07,,,0.7,129.79,,MFL-A/XT,,1160,65000,,1342,,,,,,,,
11590,,0.344,-33.2,6.78,41724.12,metal loss,External,37,0.127,,,0.67,1.58,2:33,,,0.7,129.79,,MFL-A/XT,,1160,65000,,1342,1466.03,2035.55,1536.72,2133.7,1538.3,2135.89,0.75,1.84
11590,,0.344,-33.56,6.42,41724.48,metal loss,External,14,0.048,,,0.63,0.75,4:16,,,0.7,129.85,,MFL-A/XT,,1160,65000,,1342,1473.31,2045.66,,,,,,
11590,,0.344,-33.67,6.31,41724.59,metal loss,External,23,0.079,,,0.59,0.87,4:15,,,0.7,129.87,,MFL-A/XT,,1160,65000,,1342,1471.84,2043.62,1543.68,2143.36,1544.05,2143.87,0.75,1.85
11590,,0.344,-33.83,6.15,41724.75,metal loss,External,25,0.086,,,0.55,1.46,4:07,,,0.7,129.9,,MFL-A/XT,,1160,65000,,1342,1471.95,2043.76,1543.77,2143.49,1544.19,2144.07,0.75,1.85
11590,,0.344,-34.11,5.87,41725.03,metal loss,External,10,0.034,,,1.1,1.81,4:10,,,0.7,129.94,,MFL-A/XT,,1160,65000,,1342,,,,,,,,
11590,,0.344,-34.45,5.53,41725.37,metal loss,External,18,0.062,,,0.51,0.87,4:16,,,0.7,130,,MFL-A/XT,,1160,65000,,1342,1473.66,2046.14,,,,,,
11590,,0.344,-34.53,5.45,41725.46,metal loss,External,13,0.045,,,0.71,1.65,3:48,,,0.7,130.01,,MFL-A/XT,,1160,65000,,1342,1472.92,2045.12,,,,,,
11590,,0.344,-35.06,4.92,41725.98,metal loss,External,14,0.048,,,0.98,1.34,3:58,,,0.7,130.09,,MFL-A/XT,,1160,65000,,1342,1469.57,2040.46,,,,,,
11590,,0.344,-35.28,4.7,41726.2,metal loss,External,17,0.058,,,0.83,1.1,3:33,,,0.7,130.13,,MFL-A/XT,,1160,65000,,1342,1470.25,2041.41,,,,,,
11600,13.21,0.344,,,41730.9,GirthWeld,,,,,,,,,,11,0.7,130.9,,,,1160,65000,,1342,,,,,,,,
11600,,0.344,-10.7,2.51,41741.6,cluster,External,33,0.114,,,0.89,3.37,8:15,,,0.7,132.91,,,,1160,65000,,1342,1460.75,2028.21,1530.76,2125.41,1534.23,2130.24,0.76,1.83
11600,,0.344,-10.87,2.34,41741.77,cluster,External,17,0.058,,,2.12,2.18,8:12,,,0.7,132.94,,,,1160,65000,,1342,1445.51,2007.06,,,,,,
11600,,0.344,-11.02,2.2,41741.92,metal loss,External,18,0.062,,,0.91,1.69,10:24,,,0.7,132.97,,MFL-A/XT,,1160,65000,,1342,1468.77,2039.36,,,,,,
11600,,0.344,-11.11,2.1,41742.01,metal loss,External,26,0.089,,,2.05,1.42,11:46,,,0.7,132.99,,MFL-A/XT,,1160,65000,,1342,1429.49,1984.82,1494.21,2074.67,1499.11,2081.48,0.78,1.79
11600,,0.344,-11.13,2.08,41742.03,metal loss,External,14,0.048,,,0.55,0.59,8:36,,,0.7,133,,MFL-A/XT,,1160,65000,,1342,1474.01,2046.62,,,,,,
11600,,0.344,-11.17,2.04,41742.07,metal loss,External,15,0.052,,,0.59,1.1,2:50,,,0.7,133.01,,MFL-A/XT,,1160,65000,,1342,1473.52,2045.95,,,,,,
11600,,0.344,-11.19,2.02,41742.09,metal loss,External,16,0.055,,,0.71,0.87,8:53,,,0.7,133.01,,MFL-A/XT,,1160,65000,,1342,1472.08,2043.95,,,,,,
11600,,0.344,-11.2,2.01,41742.1,metal loss,External,12,0.041,,,0.94,0.75,9:06,,,0.7,133.01,,MFL-A/XT,,1160,65000,,1342,,,,,,,,
11600,,0.344,-11.23,1.98,41742.13,metal loss,External,25,0.086,,,0.55,1.02,1:20,,,0.7,133.02,,MFL-A/XT,,1160,65000,,1342,1471.95,2043.76,1543.77,2143.49,1544.19,2144.07,0.75,1.85
11600,,0.344,-11.32,1.89,41742.22,metal loss,External,23,0.079,,,0.79,2.09,3:19,,,0.7,133.04,,MFL-A/XT,,1160,65000,,1342,1468.69,2039.24,1540.15,2138.47,1540.79,2139.34,0.75,1.84
11600,,0.344,-11.33,1.88,41742.23,metal loss,External,19,0.065,,,0.55,0.94,2:11,,,0.7,133.04,,MFL-A/XT,,1160,65000,,1342,1473.11,2045.38,,,,,,
11610,26.82,0.344,,,41744.11,GirthWeld,,,,,,,,,,15,0.7,133.43,,,,1160,65000,,1342,,,,,,,,
11610,,0.344,-0.14,26.68,41744.25,metal loss,External,10,0.034,,,0.63,1.1,3:34,near girth weld,,0.7,133.46,,MFL-A/XT,,1160,65000,,1342,,,,,,,,
11610,,0.344,-2.56,24.26,41746.67,metal loss,External,17,0.058,,,0.63,0.94,10:37,,,0.7,133.94,,MFL-A/XT,,1160,65000,,1342,1472.75,2044.87,,,,,,
11610,,0.344,-3.2,23.62,41747.31,metal loss,External,25,0.086,,,0.79,1.26,10:54,,,0.7,134.06,,MFL-A/XT,,1160,65000,,1342,1467.91,2038.16,1539.24,2137.19,1540.05,2138.32,0.75,1.84
11610,,0.344,-3.67,23.15,41747.78,metal loss,External,10,0.034,,,0.59,1.26,10:46,,,0.7,134.15,,MFL-A/XT,,1160,65000,,1342,,,,,,,,
11610,,,,,41767.23,Attachment,,,,,,,,6:00,Repair Marker 2012 Dig #27,,,136.23,,,,,,,,,,,,,,,
11610,,,,,41767.41,Area Start Composite Wrap,,,,,,,,,Repair Marker @12:00 2012 Dig #27,,,136.23,,,,,,,,,,,,,,,
11610,,0.344,-24.68,2.14,41768.79,metal loss,External,12,0.041,,,1.26,2.13,6:27,Repaired?,,0.7,136.29,,MFL-A/XT,,1160,65000,,1342,,,,,,,,
11610,,0.344,-24.68,2.14,41768.79,metal loss,External,11,0.038,,,1.69,0.59,5:16,Repaired?,,0.7,136.29,,MFL-A/XT,,1160,65000,,1342,,,,,,,,
11610,,0.344,-25.17,1.65,41769.29,metal loss,External,14,0.048,,,0.51,3.15,5:02,Repaired?,,0.7,136.31,,MFL-A/XT,,1160,65000,,1342,1474.28,2047,,,,,,
11610,,0.344,-25.21,1.61,41769.32,metal loss,External,13,0.045,,,0.71,2.28,6:54,Repaired?,,0.7,136.32,,MFL-A/XT,,1160,65000,,1342,1472.92,2045.12,,,,,,
11610,,0.344,-25.25,1.57,41769.36,cluster,External,23,0.079,,,0.77,2.31,5:00,Repaired?,,0.7,136.32,,,,1160,65000,,1342,1468.55,2039.05,1540,2138.25,1540.61,2139.1,0.75,1.84
11610,,0.344,-25.49,1.33,41769.6,metal loss,External,11,0.038,,,0.43,1.34,6:54,Repaired?,,0.7,136.33,,MFL-A/XT,,1160,65000,,1342,,,,,,,,
11610,,0.344,-25.61,1.21,41769.72,metal loss,External,36,0.124,,,0.71,1.54,6:45,Repaired?,,0.7,136.33,,MFL-A/XT,,1160,65000,,1342,1465.36,2034.61,1535.98,2132.66,1537.61,2134.93,0.76,1.84
11610,,0.344,-25.75,1.07,41769.86,metal loss,External,13,0.045,,,0.35,0.94,6:45,Repaired?,,0.7,136.34,,MFL-A/XT,,1160,65000,,1342,1475.33,2048.46,,,,,,
11610,,0.344,-25.79,1.03,41769.91,metal loss,External,12,0.041,,,0.51,1.26,8:22,Repaired?,,0.7,136.34,,MFL-A/XT,,1160,65000,,1342,,,,,,,,
11610,,0.344,-25.94,0.88,41770.06,metal loss,External,10,0.034,,,0.59,0.98,4:10,Repaired?,,0.7,136.35,,MFL-A/XT,,1160,65000,,1342,,,,,,,,
11610,,0.344,-26.05,0.77,41770.17,metal loss,External,24,0.083,,,0.94,1.46,5:17,Repaired?,,0.7,136.35,,MFL-A/XT,,1160,65000,,1342,1464.79,2033.83,1535.73,2132.33,1536.78,2133.77,0.76,1.84
11620,40.13,0.344,,,41770.93,GirthWeld,,,,,,,,,,6,0.7,136.38,,,,1160,65000,,1342,,,,,,,,
11620,,,,,41771.51,Area End Composite Wrap,,,,,,,,,Repair Marker @12:00 2012 Dig #27,,,136.4,,,,,,,,,,,,,,,
11620,,0.344,-0.68,39.45,41771.61,metal loss,External,10,0.034,,,1.38,4.41,8:53,Recoat,,0.7,136.4,,MFL-A/XT,,1160,65000,,1342,,,,,,,,
11620,,0.344,-0.92,39.21,41771.85,metal loss,External,42,0.144,,,0.83,1.68,2:54,Recoat,,0.7,136.41,,MFL-A/XT,,1160,65000,,1342,1458.25,2024.75,1527.26,2120.56,1530.38,2124.9,0.76,1.83
11620,,0.344,-0.93,39.2,41771.86,metal loss,External,16,0.055,,,1.42,1.53,3:39,Recoat,,0.7,136.41,,MFL-A/XT,,1160,65000,,1342,1461.38,2029.09,,,,,,
11620,,,,,41772.7,Attachment,,,,,,,,6:00,Repair Marker 2012 Dig #27,,,136.44,,,,,,,,,,,,,,,
11620,,0.344,-33.25,6.88,41804.18,metal loss,External,19,0.065,,,1.42,1.65,7:58,,,0.7,136.91,,MFL-A/XT,,1160,65000,,1342,1458.23,2024.72,,,,,,
11620,,0.344,-33.5,6.62,41804.44,metal loss,External,11,0.038,,,0.59,1.06,8:02,,,0.7,136.91,,MFL-A/XT,,1160,65000,,1342,,,,,,,,
11620,,0.344,-34.14,5.99,41805.07,metal loss,External,11,0.038,,,0.63,1.02,9:10,,,0.7,136.91,,MFL-A/XT,,1160,65000,,1342,,,,,,,,
11630,40.16,0.344,,,41811.06,GirthWeld,,,,,,,,,,5,0.7,136.91,,,,1160,65000,,1342,,,,,,,,
11630,,0.344,-1.01,39.14,41812.07,metal loss,External,10,0.034,,,0.79,1.14,9:53,,,0.7,136.91,,MFL-A/XT,,1160,65000,,1342,,,,,,,,
11630,,0.344,-1.87,38.29,41812.93,metal loss,External,18,0.062,,,0.71,1.5,9:29,,,0.7,136.91,,MFL-A/XT,,1160,65000,,1342,1471.5,2043.14,,,,,,
11630,,0.344,-2.14,38.01,41813.21,metal loss,External,11,0.038,,,2.05,1.73,9:51,,,0.7,136.91,,MFL-A/XT,,1160,65000,,1342,,,,,,,,
11630,,0.344,-28.76,11.4,41839.82,metal loss,External,16,0.055,,,0.91,1.26,10:44,,,0.7,136.91,,MFL-A/XT,,1160,65000,,1342,1469.69,2040.63,,,,,,
11630,,0.344,-28.79,11.37,41839.85,metal loss,External,14,0.048,,,0.94,0.67,10:25,,,0.7,136.91,,MFL-A/XT,,1160,65000,,1342,1470.01,2041.08,,,,,,
11640,39.83,0.344,,,41851.22,GirthWeld,,,,,,,,,,3,0.7,136.89,,,,1160,65000,,1342,,,,,,,,
11640,,0.344,-0.02,39.81,41851.24,metal loss,External,14,0.048,,,0.47,2.05,2:49,affecting girth weld,,0.7,136.89,,MFL-A/XT,,1160,65000,,1342,1474.61,2047.47,,,,,,
11640,,0.344,-0.85,38.98,41852.07,metal loss,External,14,0.048,,,0.91,2.17,5:08,,,0.7,136.89,,MFL-A/XT,,1160,65000,,1342,1470.45,2041.68,,,,,,
11640,,0.344,-1.11,38.72,41852.33,metal loss,External,10,0.034,,,0.51,1.22,4:29,,,0.7,136.89,,MFL-A/XT,,1160,65000,,1342,,,,,,,,
11650,40.03,0.344,,,41891.05,GirthWeld,,,,,,,,,,1,0.7,137.13,,,,1160,65000,,1342,,,,,,,,
11650,,0.344,-39.15,0.87,41930.2,metal loss,External,27,0.093,,,0.75,1.46,9:48,,,0.7,137.62,,MFL-A/XT,,1160,65000,,1342,1467.63,2037.77,1538.88,2136.69,1539.82,2138,0.75,1.84
11660,40.09,0.344,,,41931.07,GirthWeld,,,,,,,,,,4,0.7,137.63,,,,1160,65000,,1342,,,,,,,,
11660,,0.344,-0.78,39.31,41931.85,metal loss,External,26,0.089,,,0.83,3.66,9:07,,,0.7,137.63,,MFL-A/XT,,1160,65000,,1342,1466.47,2036.16,1537.58,2134.89,1538.59,2136.3,0.75,1.84
11660,,0.344,-0.79,39.29,41931.86,metal loss,External,23,0.079,,,0.55,1.73,8:22,,,0.7,137.64,,MFL-A/XT,,1160,65000,,1342,1472.35,2044.32,1544.24,2144.15,1544.57,2144.59,0.75,1.85
11660,,0.344,-0.81,39.27,41931.89,metal loss,External,10,0.034,,,0.59,2.72,6:35,,,0.7,137.64,,MFL-A/XT,,1160,65000,,1342,,,,,,,,
11660,,0.344,-0.81,39.27,41931.89,metal loss,External,11,0.038,,,0.47,1.18,3:27,,,0.7,137.64,,MFL-A/XT,,1160,65000,,1342,,,,,,,,
11670,40.06,0.344,,,41971.16,GirthWeld,,,,,,,,,,3,0.7,137.33,,,,1160,65000,,1342,,,,,,,,
11670,,0.344,-14.23,25.82,41985.39,metal loss,External,14,0.048,,,1.85,2.05,5:15,,,0.7,137.09,,MFL-A/XT,,1160,65000,,1342,1456.23,2021.94,,,,,,
11670,,0.344,-14.24,25.82,41985.4,metal loss,External,12,0.041,,,1.22,1.97,4:26,,,0.7,137.09,,MFL-A/XT,,1160,65000,,1342,,,,,,,,
11670,,0.344,-39.19,0.87,42010.35,metal loss,External,23,0.079,,,0.79,1.97,1:51,,,0.7,136.55,,MFL-A/XT,,1160,65000,,1342,1468.47,2038.93,1539.91,2138.12,1540.56,2139.02,0.75,1.84
11680,40.05,0.344,,,42011.22,GirthWeld,,,,,,,,,,,0.7,136.53,,,,1160,65000,,1342,,,,,,,,
11690,39.94,0.344,,,42051.27,GirthWeld,,,,,,,,,,,0.7,135.59,,,,1160,65000,,1342,,,,,,,,
11700,39.98,0.344,,,42091.21,GirthWeld,,,,,,,,,,,0.7,134.8,,,,1160,65000,,1342,,,,,,,,
11710,40.07,0.344,,,42131.19,GirthWeld,,,,,,,,,,,0.7,134.54,,,,1160,65000,,1342,,,,,,,,
11720,40.01,0.344,,,42171.26,GirthWeld,,,,,,,,,,,0.7,134.59,,,,1160,65000,,1342,,,,,,,,
11730,40.23,0.344,,,42211.27,GirthWeld,,,,,,,,,,,0.7,134.89,,,,1160,65000,,1342,,,,,,,,
11740,40.12,0.344,,,42251.5,GirthWeld,,,,,,,,,,,0.7,132.47,,,,1160,65000,,1342,,,,,,,,
11750,40.16,0.344,,,42291.63,GirthWeld,,,,,,,,,,,0.7,124.1,,,,1160,65000,,1342,,,,,,,,
11760,9.14,0.5,,,42331.79,GirthWeld,,,,,,,,,,,0.7,115.08,,,,1160,60000,,1800,,,,,,,,
11760,,,,,42336.77,Bend,,,,,,,,,5.7D -  25° - Sag,,,114.48,,,,,,,,,,,,,,,
11770,23.82,0.344,,,42340.93,GirthWeld,,,,,,,,,,,0.7,115.42,,,,1160,65000,,1342,,,,,,,,
11770,,,,,42347.46,AGM,,,,,,,,,AGM#17 AT PLM/ ON ROW,,,117.31,,,,,,,,,,,,,,,
11780,40.08,0.344,,,42364.76,GirthWeld,,,,,,,,,,,0.7,122.18,,,,1160,65000,,1342,,,,,,,,
11790,40.12,0.344,,,42404.84,GirthWeld,,,,,,,,,,,0.7,133.34,,,,1160,65000,,1342,,,,,,,,
11800,40.16,0.344,,,42444.96,GirthWeld,,,,,,,,,,,0.7,143.52,,,,1160,65000,,1342,,,,,,,,
11810,40.07,0.344,,,42485.12,GirthWeld,,,,,,,,,,,0.7,149.12,,,,1160,65000,,1342,,,,,,,,
11820,9.37,0.344,,,42525.19,GirthWeld,,,,,,,,,,,0.7,153.42,,,,1160,65000,,1342,,,,,,,,
11830,40.16,0.344,,,42534.56,GirthWeld,,,,,,,,,,,0.7,154.25,,,,1160,65000,,1342,,,,,,,,
11830,,,,,42569.01,Area Start Sleeve,,,,,,,,,2012 Dig #3,,,156.72,,,,,,,,,,,,,,,
11830,,,,,42572.43,Area End Sleeve,,,,,,,,,2012 Dig #3,,,156.82,,,,,,,,,,,,,,,
11840,40.25,0.344,,,42574.72,GirthWeld,,,,,,,,,,,0.7,156.88,,,,1160,65000,,1342,,,,,,,,
11850,40.03,0.344,,,42614.97,GirthWeld,,,,,,,,,,,0.7,156.57,,,,1160,65000,,1342,,,,,,,,
11860,39.97,0.344,,,42655,GirthWeld,,,,,,,,,,,0.7,154.63,,,,1160,65000,,1342,,,,,,,,
11870,40.06,0.344,,,42694.97,GirthWeld,,,,,,,,,,,0.7,151.78,,,,1160,65000,,1342,,,,,,,,
11880,40.09,0.344,,,42735.03,GirthWeld,,,,,,,,,,,1,147.89,,,,1160,65000,,1342,,,,,,,,
11890,40,0.344,,,42775.12,GirthWeld,,,,,,,,,,,0.7,142.43,,,,1160,65000,,1342,,,,,,,,
11900,40.07,0.344,,,42815.11,GirthWeld,,,,,,,,,,,0.7,136.35,,,,1160,65000,,1342,,,,,,,,
11910,39.94,0.344,,,42855.19,GirthWeld,,,,,,,,,,,0.7,126.2,,,,1160,65000,,1342,,,,,,,,
11920,40.03,0.344,,,42895.13,GirthWeld,,,,,,,,,,,0.7,114.71,,,,1160,65000,,1342,,,,,,,,
11930,40.04,0.344,,,42935.16,GirthWeld,,,,,,,,,,1,0.7,106.92,,,,1160,65000,,1342,,,,,,,,
11930,,0.344,-17.33,22.71,42952.49,metal loss,External,16,0.055,,,0.91,1.93,6:50,,,0.7,104.17,,MFL-A/XT,,1160,65000,,1342,1469.69,2040.63,,,,,,
11940,27.52,0.344,,,42975.2,GirthWeld,,,,,,,,,,,0.7,100.25,,,,1160,65000,,1342,,,,,,,,
11950,20.3,0.344,,,43002.72,GirthWeld,,,,,,,,,,,1,95.48,,,,1160,65000,,1342,,,,,,,,
11960,40.03,0.344,,,43023.01,GirthWeld,,,,,,,,,,,1,92.33,,,,1160,65000,,1342,,,,,,,,
11970,40.09,0.344,,,43063.05,GirthWeld,,,,,,,,,,,0.7,87.09,,,,1160,65000,,1342,,,,,,,,
11980,39.94,0.344,,,43103.13,GirthWeld,,,,,,,,,,,0.7,81.99,,,,1160,65000,,1342,,,,,,,,
11990,29.37,0.344,,,43143.07,GirthWeld,,,,,,,,,,1,0.7,77.22,,,,1160,65000,,1342,,,,,,,,
11990,,0.344,-28.54,0.84,43171.61,metal loss,External,25,0.086,,,0.79,1.38,8:23,,,0.7,72.83,,MFL-A/XT,,1160,65000,,1342,1467.67,2037.82,1538.96,2136.81,1539.8,2137.97,0.75,1.84
12000,6.67,0.344,,,43172.44,GirthWeld,,,,,,,,,,,0.7,72.67,,,,1160,65000,,1342,,,,,,,,
12010,40,0.344,,,43179.12,GirthWeld,,,,,,,,,,,1,71.35,,,,1160,65000,,1342,,,,,,,,
12020,19.78,0.344,,,43219.12,GirthWeld,,,,,,,,,,,0.7,62.13,,,,1160,65000,,1342,,,,,,,,
12030,9.95,0.5,,,43238.9,GirthWeld,,,,,,,,,,,1,57.07,,,,1160,60000,,1800,,,,,,,,
12030,,,,,43244.13,Bend,,,,,,,,,5.5D -  28° - Sag,,,56.31,,,,,,,,,,,,,,,
12040,35.94,0.344,,,43248.85,GirthWeld,,,,,,,,,,,0.7,57.56,,,,1160,65000,,1342,,,,,,,,
12050,40.14,0.344,,,43284.79,GirthWeld,,,,,,,,,,,0.7,70.21,,,,1160,65000,,1342,,,,,,,,
12060,40.03,0.344,,,43324.93,GirthWeld,,,,,,,,,,,0.7,85.61,,,,1160,65000,,1342,,,,,,,,
12070,40,0.344,,,43364.96,GirthWeld,,,,,,,,,,,0.7,98.48,,,,1160,65000,,1342,,,,,,,,
12080,40.11,0.344,,,43404.96,GirthWeld,,,,,,,,,,,0.7,109.31,,,,1160,65000,,1342,,,,,,,,
12090,40.11,0.344,,,43445.07,GirthWeld,,,,,,,,,,,0.7,118.87,,,,1160,65000,,1342,,,,,,,,
12100,40.04,0.344,,,43485.18,GirthWeld,,,,,,,,,,,0.7,128.2,,,,1160,65000,,1342,,,,,,,,
12110,40.06,0.344,,,43525.21,GirthWeld,,,,,,,,,,,0.7,136.02,,,,1160,65000,,1342,,,,,,,,
12120,20.61,0.344,,,43565.27,GirthWeld,,,,,,,,,,1,0.7,139.64,,,,1160,65000,,1342,,,,,,,,
12120,,0.344,-19.74,0.87,43585.01,metal loss,External,15,0.052,,,0.55,0.94,6:41,,,0.7,139.54,,MFL-A/XT,,1160,65000,,1342,1473.83,2046.38,,,,,,
12130,40.14,0.344,,,43585.88,GirthWeld,,,,,,,,,,2,0.7,139.51,,,,1160,65000,,1342,,,,,,,,
12130,,0.344,-22.31,17.83,43608.19,metal loss,External,11,0.038,,,1.22,1.38,4:00,,,0.7,138.82,,MFL-A/XT,,1160,65000,,1342,,,,,,,,
12130,,0.344,-22.55,17.59,43608.43,metal loss,External,17,0.058,,,0.63,1.1,4:04,,,0.7,138.81,,MFL-A/XT,,1160,65000,,1342,1472.62,2044.69,,,,,,
12140,40.11,0.344,,,43626.03,GirthWeld,,,,,,,,,,,0.7,138.19,,,,1160,65000,,1342,,,,,,,,
12150,39.55,0.344,,,43666.13,GirthWeld,,,,,,,,,,3,0.7,136.76,,,,1160,65000,,1342,,,,,,,,
12150,,0.344,-0.82,38.73,43666.96,metal loss,External,11,0.038,,,1.77,0.59,6:19,,,0.7,136.73,,MFL-A/XT,,1160,65000,,1342,,,,,,,,
12150,,0.344,-0.85,38.7,43666.98,metal loss,External,29,0.1,,,1.73,3.9,5:15,,,0.7,136.73,,MFL-A/XT,,1160,65000,,1342,1435.16,1992.68,1500.87,2083.91,1505.82,2090.79,0.77,1.8
12150,,0.344,-0.89,38.65,43667.03,metal loss,External,29,0.1,,,0.83,0.98,4:37,,,0.7,136.73,,MFL-A/XT,,1160,65000,,1342,1465.09,2034.24,1535.92,2132.59,1537.26,2134.44,0.76,1.84
12160,40.2,0.344,,,43705.68,GirthWeld,,,,,,,,,,10,0.7,135.19,,,,1160,65000,,1342,,,,,,,,
12160,,0.344,-11.26,28.94,43716.94,metal loss,External,39,0.134,,,0.91,1.77,8:00,,,0.7,134.71,,MFL-A/XT,,1160,65000,,1342,1456.74,2022.65,1525.69,2118.38,1528.85,2122.77,0.76,1.83
12160,,0.344,-28.79,11.41,43734.47,metal loss,External,10,0.034,,,0.32,0.67,9:07,,,0.7,134.38,,MFL-A/XT,,1160,65000,,1342,,,,,,,,
12160,,0.344,-30.14,10.07,43735.82,metal loss,External,11,0.038,,,0.79,1.14,8:13,,,0.7,134.44,,MFL-A/XT,,1160,65000,,1342,,,,,,,,
12160,,0.344,-30.88,9.32,43736.56,metal loss,External,29,0.1,,,0.91,1.5,8:30,,,0.7,134.47,,MFL-A/XT,,1160,65000,,1342,1463.2,2031.61,1533.76,2129.58,1535.32,2131.75,0.76,1.84
12160,,0.344,-30.93,9.28,43736.61,metal loss,External,11,0.038,,,0.94,1.81,4:23,,,0.7,134.47,,MFL-A/XT,,1160,65000,,1342,,,,,,,,
12160,,0.344,-31.08,9.12,43736.76,metal loss,External,12,0.041,,,0.67,1.02,8:29,,,0.7,134.48,,MFL-A/XT,,1160,65000,,1342,,,,,,,,
12160,,0.344,-31.22,8.99,43736.9,metal loss,External,17,0.058,,,0.94,1.22,4:30,,,0.7,134.49,,MFL-A/XT,,1160,65000,,1342,1468.71,2039.26,,,,,,
12160,,0.344,-39.33,0.88,43745.01,metal loss,External,21,0.072,,,0.67,2.05,4:09,,,0.7,135.05,,MFL-A/XT,,1160,65000,,1342,1471.3,2042.86,1543.1,2142.56,1543.43,2143.02,0.75,1.85
12160,,0.344,-39.36,0.85,43745.04,cluster,External,38,0.131,,,1.92,4,5:56,,,0.7,135.05,,,,1160,65000,,1342,1408.03,1955.01,1466.73,2036.52,1501.8,2085.22,0.79,1.76
12160,,0.344,-39.47,0.74,43745.15,metal loss,External,13,0.045,,,0.71,1.02,5:35,,,0.7,135.06,,MFL-A/XT,,1160,65000,,1342,1472.92,2045.12,,,,,,
12170,40.1,0.344,,,43745.88,GirthWeld,,,,,,,,,,11,0.7,135.11,,,,1160,65000,,1342,,,,,,,,
12170,,0.344,-0.77,39.33,43746.65,metal loss,External,12,0.041,,,0.75,0.63,4:55,,,0.7,135.17,,MFL-A/XT,,1160,65000,,1342,,,,,,,,
12170,,0.344,-0.84,39.26,43746.72,metal loss,External,14,0.048,,,1.77,1.1,6:16,,,0.7,135.17,,MFL-A/XT,,1160,65000,,1342,1457.68,2023.95,,,,,,
12170,,0.344,-0.85,39.24,43746.74,metal loss,External,34,0.117,,,1.14,2.36,5:14,,,0.7,135.17,,MFL-A/XT,,1160,65000,,1342,1451.7,2015.65,1520.11,2110.64,1523.6,2115.49,0.76,1.82
12170,,0.344,-2.14,37.96,43748.02,metal loss,External,25,0.086,,,0.83,1.14,6:26,,,0.7,135.27,,MFL-A/XT,,1160,65000,,1342,1466.92,2036.77,1538.11,2135.63,1539.02,2136.89,0.75,1.84
12170,,0.344,-3.96,36.14,43749.84,metal loss,External,13,0.045,,,1.1,1.42,8:03,,,0.7,135.4,,MFL-A/XT,,1160,65000,,1342,1468.63,2039.16,,,,,,
12170,,0.344,-4.43,35.67,43750.32,metal loss,External,10,0.034,,,1.1,1.34,7:30,,,0.7,135.44,,MFL-A/XT,,1160,65000,,1342,,,,,,,,
12170,,0.344,-4.81,35.29,43750.69,metal loss,External,16,0.055,,,1.06,1.46,8:02,,,0.7,135.47,,MFL-A/XT,,1160,65000,,1342,1467.44,2037.5,,,,,,
12170,,0.344,-5.33,34.77,43751.21,metal loss,External,17,0.058,,,1.14,1.3,7:22,,,0.7,135.51,,MFL-A/XT,,1160,65000,,1342,1465.41,2034.69,,,,,,
12170,,0.344,-6.18,33.92,43752.06,metal loss,External,11,0.038,,,1.18,1.53,8:00,,,0.7,135.57,,MFL-A/XT,,1160,65000,,1342,,,,,,,,
12170,,0.344,-6.59,33.51,43752.48,metal loss,External,14,0.048,,,1.38,1.89,7:25,,,0.7,135.6,,MFL-A/XT,,1160,65000,,1342,1463.96,2032.68,,,,,,
12170,,0.344,-10.95,29.15,43756.83,metal loss,External,12,0.041,,,1.61,1.81,5:04,,,0.7,135.94,,MFL-A/XT,,1160,65000,,1342,,,,,,,,
12180,28.02,0.344,,,43785.98,GirthWeld,,,,,,,,,,,0.7,138.45,,,,1160,65000,,1342,,,,,,,,
12190,40.1,0.344,,,43814,GirthWeld,,,,,,,,,,1,1,140.79,,,,1160,65000,,1342,,,,,,,,
12190,,0.344,-0.12,39.98,43814.13,metal loss,External,15,0.052,,,2.09,1.89,8:48,near girth weld,,1,140.8,,MFL-A/XT,,1160,65000,,1342,1450.17,2013.53,,,,,,
12200,40.09,0.344,,,43854.11,GirthWeld,,,,,,,,,,,0.7,144.15,,,,1160,65000,,1342,,,,,,,,
12210,39.99,0.344,,,43894.19,GirthWeld,,,,,,,,,,,0.7,147.06,,,,1160,65000,,1342,,,,,,,,
12220,40.04,0.344,,,43934.18,GirthWeld,,,,,,,,,,,0.7,146.64,,,,1160,65000,,1342,,,,,,,,
12230,39.89,0.344,,,43974.21,GirthWeld,,,,,,,,,,69,0.7,141.73,,,,1160,65000,,1342,,,,,,,,
12230,,,,,43990.18,Attachment,,,,,,,,6:00,Repair Marker 2012 Dig #28 Recoat,,,138.52,,,,,,,,,,,,,,,
12230,,0.344,-16.18,23.71,43990.4,metal loss,External,43,0.148,,,1.73,1.5,4:44,Recoat,,0.7,138.47,,MFL-A/XT,,1160,65000,,1342,1407.91,1954.85,1465.6,2034.96,1477.59,2051.59,0.79,1.75
12230,,0.344,-16.37,23.51,43990.59,metal loss,External,16,0.055,,,0.87,1.61,7:13,Recoat,,0.7,138.43,,MFL-A/XT,,1160,65000,,1342,1470.18,2041.3,,,,,,
12230,,0.344,-16.69,23.2,43990.9,metal loss,External,21,0.072,,,0.32,1.58,4:34,Recoat,,0.7,138.37,,MFL-A/XT,,1160,65000,,1342,1474.99,2047.98,1547.18,2148.22,1547.26,2148.34,0.75,1.85
12230,,0.344,-16.71,23.17,43990.93,metal loss,External,12,0.041,,,0.91,1.42,7:20,Recoat,,0.7,138.36,,MFL-A/XT,,1160,65000,,1342,,,,,,,,
12230,,0.344,-16.95,22.94,43991.17,metal loss,External,23,0.079,,,0.79,1.14,7:15,Recoat,,0.7,138.32,,MFL-A/XT,,1160,65000,,1342,1468.69,2039.24,1540.15,2138.47,1540.79,2139.34,0.75,1.84
12230,,0.344,-17.24,22.64,43991.46,metal loss,External,40,0.138,,,1.18,1.81,4:39,Recoat,,0.7,138.26,,MFL-A/XT,,1160,65000,,1342,1443.61,2004.42,1509.91,2096.47,1515.32,2103.98,0.77,1.81
12230,,0.344,-17.31,22.58,43991.53,metal loss,External,16,0.055,,,0.59,1.06,7:16,Recoat,,0.7,138.24,,MFL-A/XT,,1160,65000,,1342,1473.21,2045.51,,,,,,
12230,,0.344,-17.72,22.17,43991.93,metal loss,External,35,0.12,,,0.63,1.3,4:26,Recoat,,0.7,138.16,,MFL-A/XT,,1160,65000,,1342,1468,2038.28,1539.08,2136.98,1540.28,2138.65,0.75,1.84
12230,,0.344,-18.14,21.75,43992.35,metal loss,External,22,0.076,,,1.5,1.85,4:39,Recoat,,0.7,138.07,,MFL-A/XT,,1160,65000,,1342,1453.07,2017.55,1522.35,2113.74,1524.13,2116.21,0.76,1.82
12230,,0.344,-18.17,21.72,43992.39,metal loss,External,38,0.131,,,1.89,1.46,7:08,Recoat,,0.7,138.07,,MFL-A/XT,,1160,65000,,1342,1409.81,1957.48,1468.94,2039.58,1479.38,2054.08,0.79,1.76
12230,,0.344,-18.67,21.22,43992.88,metal loss,External,15,0.052,,,1.18,1.5,4:26,Recoat,,0.7,137.97,,MFL-A/XT,,1160,65000,,1342,1466.27,2035.88,,,,,,
12230,,0.344,-18.9,20.99,43993.12,cluster,External,19,0.065,,,1.43,2.39,7:06,Recoat,,0.7,137.92,,,,1160,65000,,1342,1458.2,2024.68,,,,,,
12230,,0.344,-19.29,20.6,43993.5,metal loss,External,16,0.055,,,1.1,1.53,4:18,Recoat,,0.7,137.84,,MFL-A/XT,,1160,65000,,1342,1466.88,2036.73,,,,,,
12230,,0.344,-19.49,20.4,43993.7,metal loss,External,16,0.055,,,0.83,1.14,6:39,Recoat,,0.7,137.8,,MFL-A/XT,,1160,65000,,1342,1470.64,2041.95,,,,,,
12230,,0.344,-19.58,20.31,43993.79,metal loss,External,24,0.083,,,1.38,1.58,7:21,Recoat,,0.7,137.78,,MFL-A/XT,,1160,65000,,1342,1453.72,2018.45,1523.03,2114.69,1525.1,2117.56,0.76,1.82
12230,,0.344,-21.09,18.79,43995.31,metal loss,External,12,0.041,,,1.06,1.73,7:49,Recoat,,0.7,137.49,,MFL-A/XT,,1160,65000,,1342,,,,,,,,
12230,,0.344,-21.74,18.14,43995.96,metal loss,External,32,0.11,,,1.02,1.34,7:48,Recoat,,0.7,137.37,,MFL-A/XT,,1160,65000,,1342,1457.66,2023.93,1527.22,2120.51,1529.71,2123.96,0.76,1.83
12230,,0.344,-22.31,17.58,43996.52,metal loss,External,16,0.055,,,1.46,1.73,9:18,Recoat,,0.7,137.27,,MFL-A/XT,,1160,65000,,1342,1460.5,2027.87,,,,,,
12230,,0.344,-22.32,17.56,43996.54,metal loss,External,44,0.151,,,0.75,1.02,7:50,Recoat,,0.7,137.27,,MFL-A/XT,,1160,65000,,1342,1460.57,2027.96,1529.88,2124.2,1532.73,2128.15,0.76,1.83
12230,,0.344,-22.69,17.2,43996.91,metal loss,External,27,0.093,,,1.89,1.3,9:19,Recoat,,0.7,137.2,,MFL-A/XT,,1160,65000,,1342,1432.55,1989.06,1497.86,2079.74,1502.68,2086.43,0.77,1.79
12230,,0.344,-23.24,16.65,43997.46,metal loss,External,14,0.048,,,1.3,1.65,9:18,Recoat,,0.7,137.11,,MFL-A/XT,,1160,65000,,1342,1465.25,2034.46,,,,,,
12230,,,,,43997.63,Attachment,,,,,,,,6:00,Repair Marker 2012 Dig #28 Recoat,,,137.08,,,,,,,,,,,,,,,
12230,,0.344,-23.73,16.15,43997.95,metal loss,External,13,0.045,,,2.36,1.42,9:15,Recoat,,0.7,137.03,,MFL-A/XT,,1160,65000,,1342,1449.63,2012.78,,,,,,
12230,,0.344,-24.67,15.22,43998.88,metal loss,External,18,0.062,,,1.81,2.05,9:00,Recoat,,0.7,136.88,,MFL-A/XT,,1160,65000,,1342,1450.68,2014.23,,,,,,
12230,,0.344,-25.14,14.75,43999.35,metal loss,External,26,0.089,,,2.21,1.53,9:18,Recoat,,0.7,136.81,,MFL-A/XT,,1160,65000,,1342,1423.69,1976.76,1487.15,2064.87,1492.67,2072.53,0.78,1.78
12230,,0.344,-25.82,14.07,44000.04,metal loss,External,16,0.055,,,2.01,1.34,9:21,Recoat,,0.7,136.71,,MFL-A/XT,,1160,65000,,1342,1449.96,2013.24,,,,,,
12230,,0.344,-25.94,13.95,44000.15,metal loss,External,10,0.034,,,0.63,1.02,9:47,Recoat,,0.7,136.69,,MFL-A/XT,,1160,65000,,1342,,,,,,,,
12230,,0.344,-26.23,13.66,44000.45,metal loss,External,23,0.079,,,1.85,1.65,9:19,Recoat,,0.7,136.65,,MFL-A/XT,,1160,65000,,1342,1441.07,2000.9,1508.21,2094.12,1511.2,2098.27,0.77,1.81
12230,,0.344,-26.23,13.66,44000.45,metal loss,External,17,0.058,,,0.87,1.38,2:15,Recoat,,0.7,136.65,,MFL-A/XT,,1160,65000,,1342,1469.75,2040.72,,,,,,
12230,,0.344,-26.51,13.38,44000.72,metal loss,External,16,0.055,,,0.87,1.26,3:31,Recoat,,0.7,136.61,,MFL-A/XT,,1160,65000,,1342,1470.18,2041.3,,,,,,
12230,,0.344,-26.63,13.26,44000.85,metal loss,External,16,0.055,,,0.79,1.42,2:15,Recoat,,0.7,136.59,,MFL-A/XT,,1160,65000,,1342,1471.24,2042.78,,,,,,
12230,,0.344,-27.29,12.6,44001.51,metal loss,External,11,0.038,,,0.94,1.46,9:20,Recoat,,0.7,136.51,,MFL-A/XT,,1160,65000,,1342,,,,,,,,
12230,,0.344,-27.68,12.21,44001.89,metal loss,External,14,0.048,,,1.42,1.77,3:17,Recoat,,0.7,136.46,,MFL-A/XT,,1160,65000,,1342,1463.21,2031.64,,,,,,
12230,,0.344,-28.57,11.31,44002.79,metal loss,External,13,0.045,,,1.81,2.05,2:18,Recoat,,0.7,136.34,,MFL-A/XT,,1160,65000,,1342,1458.35,2024.88,,,,,,
12230,,0.344,-28.57,11.31,44002.79,metal loss,External,14,0.048,,,1.73,0.59,2:50,Recoat,,0.7,136.34,,MFL-A/XT,,1160,65000,,1342,1458.08,2024.51,,,,,,
12230,,0.344,-28.6,11.29,44002.82,metal loss,External,14,0.048,,,0.71,1.18,9:44,Recoat,,0.7,136.34,,MFL-A/XT,,1160,65000,,1342,1472.65,2044.73,,,,,,
12230,,0.344,-28.61,11.28,44002.82,metal loss,External,12,0.041,,,0.94,1.61,3:06,Recoat,,0.7,136.34,,MFL-A/XT,,1160,65000,,1342,,,,,,,,
12230,,0.344,-28.81,11.08,44003.03,metal loss,External,15,0.052,,,0.87,1.34,9:27,Recoat,,0.7,136.32,,MFL-A/XT,,1160,65000,,1342,1470.59,2041.88,,,,,,
12230,,0.344,-28.94,10.95,44003.16,metal loss,External,14,0.048,,,0.83,1.42,3:13,Recoat,,0.7,136.3,,MFL-A/XT,,1160,65000,,1342,1471.41,2043.01,,,,,,
12230,,0.344,-28.97,10.92,44003.19,metal loss,External,11,0.038,,,0.79,1.34,2:28,Recoat,,0.7,136.3,,MFL-A/XT,,1160,65000,,1342,,,,,,,,
12230,,0.344,-29.1,10.79,44003.31,metal loss,External,11,0.038,,,0.63,1.06,2:17,Recoat,,0.7,136.28,,MFL-A/XT,,1160,65000,,1342,,,,,,,,
12230,,0.344,-29.27,10.62,44003.49,metal loss,External,11,0.038,,,1.42,1.73,9:28,Recoat,,0.7,136.26,,MFL-A/XT,,1160,65000,,1342,,,,,,,,
12230,,0.344,-29.44,10.45,44003.65,metal loss,External,23,0.079,,,1.58,2.05,2:19,Recoat,,0.7,136.25,,MFL-A/XT,,1160,65000,,1342,1449.48,2012.57,1518.14,2107.89,1520.4,2111.04,0.76,1.82
12230,,0.344,-29.64,10.25,44003.86,metal loss,External,23,0.079,,,0.83,1.18,3:29,Recoat,,0.7,136.22,,MFL-A/XT,,1160,65000,,1342,1467.79,2037.99,1539.14,2137.06,1539.85,2138.04,0.75,1.84
12230,,0.344,-30.04,9.85,44004.25,metal loss,External,26,0.089,,,0.32,1.14,3:33,Recoat,,0.7,136.18,,MFL-A/XT,,1160,65000,,1342,1474.64,2047.5,1546.78,2147.66,1546.94,2147.88,0.75,1.85
12230,,0.344,-30.14,9.75,44004.35,metal loss,External,10,0.034,,,1.42,1.53,9:19,Recoat,,0.7,136.17,,MFL-A/XT,,1160,65000,,1342,,,,,,,,
12230,,0.344,-30.34,9.55,44004.55,metal loss,External,15,0.052,,,1.58,1.81,2:30,Recoat,,0.7,136.14,,MFL-A/XT,,1160,65000,,1342,1459.69,2026.75,,,,,,
12230,,0.344,-30.54,9.35,44004.75,metal loss,External,37,0.127,,,0.63,1.06,3:33,Recoat,,0.7,136.13,,MFL-A/XT,,1160,65000,,1342,1467.38,2037.43,1538.3,2135.89,1539.67,2137.79,0.75,1.84
12230,,0.344,-30.99,8.9,44005.2,metal loss,External,29,0.1,,,0.55,1.06,3:40,Recoat,,0.7,136.08,,MFL-A/XT,,1160,65000,,1342,1471.11,2042.6,1542.77,2142.1,1543.38,2142.95,0.75,1.85
12230,,0.344,-31.18,8.71,44005.39,metal loss,External,22,0.076,,,0.67,1.18,2:34,Recoat,,0.7,136.06,,MFL-A/XT,,1160,65000,,1342,1470.84,2042.23,1542.58,2141.83,1542.99,2142.4,0.75,1.85
12230,,0.344,-31.18,8.71,44005.39,metal loss,External,11,0.038,,,1.81,0.59,3:05,Recoat,,0.7,136.06,,MFL-A/XT,,1160,65000,,1342,,,,,,,,
12230,,0.344,-31.23,8.66,44005.44,metal loss,External,25,0.086,,,0.94,1.18,3:30,Recoat,,0.7,136.06,,MFL-A/XT,,1160,65000,,1342,1464.51,2033.43,1535.38,2131.84,1536.53,2133.43,0.76,1.84
12230,,0.344,-31.58,8.3,44005.8,metal loss,External,22,0.076,,,1.06,1.42,2:31,Recoat,,0.7,136.03,,MFL-A/XT,,1160,65000,,1342,1463.62,2032.2,1534.46,2130.55,1535.42,2131.89,0.76,1.84
12230,,0.344,-31.99,7.9,44006.21,metal loss,External,13,0.045,,,0.83,1.3,5:47,Recoat,,0.7,135.99,,MFL-A/XT,,1160,65000,,1342,1471.78,2043.53,,,,,,
12230,,0.344,-32.01,7.88,44006.22,metal loss,External,30,0.103,,,1.22,1.42,2:34,Recoat,,0.7,135.99,,MFL-A/XT,,1160,65000,,1342,1452.41,2016.63,1521.21,2112.16,1524.19,2116.3,0.76,1.82
12230,,,,,44006.35,Attachment,,,,,,,,6:00,Repair Marker 2012 Dig #28 Recoat,,,135.97,,,,,,,,,,,,,,,
12230,,0.344,-32.29,7.6,44006.51,metal loss,External,25,0.086,,,1.06,1.46,2:41,Recoat,,0.7,135.96,,MFL-A/XT,,1160,65000,,1342,1461.28,2028.94,1531.7,2126.72,1533.16,2128.76,0.76,1.83
12230,,0.344,-33.41,6.48,44007.63,cluster,External,36,0.124,,,1.81,4.15,2:18,Recoat,,0.7,135.88,,,,1160,65000,,1342,1418.47,1969.5,1479.92,2054.83,1510.79,2097.69,0.78,1.77
12230,,0.344,-33.7,6.19,44007.92,metal loss,External,17,0.058,,,0.63,0.91,9:25,Recoat,,0.7,135.86,,MFL-A/XT,,1160,65000,,1342,1472.75,2044.87,,,,,,
12230,,0.344,-34,5.88,44008.22,metal loss,External,21,0.072,,,0.87,1.34,2:33,Recoat,,0.7,135.83,,MFL-A/XT,,1160,65000,,1342,1468,2038.28,1539.42,2137.44,1539.97,2138.21,0.75,1.84
12230,,0.344,-34.28,5.61,44008.49,metal loss,External,15,0.052,,,0.98,1.46,2:37,Recoat,,0.7,135.82,,MFL-A/XT,,1160,65000,,1342,1469.04,2039.73,,,,,,
12230,,0.344,-34.49,5.4,44008.7,metal loss,External,17,0.058,,,0.71,1.14,1:54,Recoat,,0.7,135.8,,MFL-A/XT,,1160,65000,,1342,1471.79,2043.55,,,,,,
12230,,0.344,-34.59,5.3,44008.81,metal loss,External,28,0.096,,,0.63,1.02,3:10,Recoat,,0.7,135.8,,MFL-A/XT,,1160,65000,,1342,1469.78,2040.75,1541.28,2140.03,1542.02,2141.06,0.75,1.84
12230,,0.344,-34.78,5.11,44008.99,metal loss,External,53,0.182,,,0.59,1.06,2:11,Recoat,,0.7,135.79,,MFL-A/XT,,1160,65000,,1342,1463.14,2031.53,1532.33,2127.6,1535.21,2131.6,0.76,1.83
12230,,0.344,-34.94,4.95,44009.15,metal loss,External,38,0.131,,,0.67,1.18,3:16,Recoat,,0.7,135.78,,MFL-A/XT,,1160,65000,,1342,1466.02,2035.54,1536.68,2133.63,1538.29,2135.88,0.75,1.84
12230,,0.344,-34.97,4.92,44009.18,metal loss,External,13,0.045,,,0.67,0.98,2:38,Recoat,,0.7,135.77,,MFL-A/XT,,1160,65000,,1342,1473.24,2045.55,,,,,,
12230,,0.344,-35.07,4.82,44009.28,cluster,External,22,0.076,,,2.32,1.59,2:32,Recoat,,0.7,135.77,,,,1160,65000,,1342,1429.6,1984.97,1494.4,2074.93,1506,2091.05,0.78,1.79
12230,,0.344,-35.51,4.38,44009.72,metal loss,External,24,0.083,,,0.75,1.1,3:25,Recoat,,0.7,135.74,,MFL-A/XT,,1160,65000,,1342,1468.76,2039.34,1540.21,2138.55,1540.89,2139.49,0.75,1.84
12230,,,,,44009.89,Attachment,,,,,,,,6:00,Repair Marker 2012 Dig #28 Recoat,,,135.73,,,,,,,,,,,,,,,
12230,,0.344,-37.71,2.18,44011.93,metal loss,External,15,0.052,,,1.06,1.61,9:10,,,0.7,135.61,,MFL-A/XT,,1160,65000,,1342,1468.04,2038.34,,,,,,
12230,,0.344,-38.17,1.72,44012.39,metal loss,External,17,0.058,,,1.38,1.53,3:29,,,0.7,135.59,,MFL-A/XT,,1160,65000,,1342,1461.04,2028.61,,,,,,
12230,,0.344,-39.29,0.6,44013.5,metal loss,External,12,0.041,,,1.1,1.89,3:22,,,0.7,135.52,,MFL-A/XT,,1160,65000,,1342,,,,,,,,
12240,40.28,0.344,,,44014.1,GirthWeld,,,,,,,,,,43,0.7,135.49,,,,1160,65000,,1342,,,,,,,,
12240,,0.344,-4.49,35.79,44018.59,cluster,External,43,0.148,,,2.18,2.98,2:15,,,0.7,135.27,,,,1160,65000,,1342,1381.39,1918.03,1432.18,1988.54,1489.58,2068.25,0.81,1.71
12240,,0.344,-5.54,34.74,44019.64,metal loss,External,29,0.1,,,0.79,1.26,2:29,,,0.7,135.23,,MFL-A/XT,,1160,65000,,1342,1465.99,2035.48,1536.95,2134.01,1538.17,2135.72,0.75,1.84
12240,,0.344,-5.73,34.55,44019.83,metal loss,External,11,0.038,,,1.22,1.34,9:27,,,0.7,135.23,,MFL-A/XT,,1160,65000,,1342,,,,,,,,
12240,,0.344,-6.02,34.26,44020.12,metal loss,External,23,0.079,,,0.79,1.53,2:31,,,0.7,135.22,,MFL-A/XT,,1160,65000,,1342,1468.47,2038.93,1539.91,2138.12,1540.56,2139.02,0.75,1.84
12240,,0.344,-6.81,33.47,44020.91,metal loss,External,13,0.045,,,0.71,1.18,2:36,,,0.7,135.2,,MFL-A/XT,,1160,65000,,1342,1472.92,2045.12,,,,,,
12240,,0.344,-6.93,33.35,44021.03,metal loss,External,13,0.045,,,0.94,1.61,9:34,,,0.7,135.2,,MFL-A/XT,,1160,65000,,1342,1470.49,2041.74,,,,,,
12240,,0.344,-7.24,33.04,44021.34,metal loss,External,24,0.083,,,0.43,0.98,2:34,,,0.7,135.2,,MFL-A/XT,,1160,65000,,1342,1473.7,2046.19,1545.74,2146.22,1545.96,2146.53,0.75,1.85
12240,,0.344,-7.7,32.58,44021.8,metal loss,External,16,0.055,,,0.98,1.81,2:18,,,0.7,135.19,,MFL-A/XT,,1160,65000,,1342,1468.51,2038.99,,,,,,
12240,,0.344,-9.5,30.78,44023.6,metal loss,External,12,0.041,,,0.32,0.71,8:03,,,0.7,135.18,,MFL-A/XT,,1160,65000,,1342,,,,,,,,
12240,,0.344,-9.5,30.78,44023.61,metal loss,External,11,0.038,,,0.32,0.59,7:51,,,0.7,135.18,,MFL-A/XT,,1160,65000,,1342,,,,,,,,
12240,,0.344,-9.56,30.72,44023.67,metal loss,External,11,0.038,,,1.3,1.34,9:29,,,0.7,135.18,,MFL-A/XT,,1160,65000,,1342,,,,,,,,
12240,,0.344,-9.92,30.36,44024.02,metal loss,External,15,0.052,,,0.71,1.02,9:28,,,0.7,135.18,,MFL-A/XT,,1160,65000,,1342,1472.37,2044.34,,,,,,
12240,,0.344,-10.52,29.76,44024.62,metal loss,External,15,0.052,,,1.14,1.5,9:15,,,0.7,135.18,,MFL-A/XT,,1160,65000,,1342,1466.82,2036.64,,,,,,
12240,,0.344,-10.53,29.75,44024.63,metal loss,External,11,0.038,,,2.01,0.75,9:42,,,0.7,135.18,,MFL-A/XT,,1160,65000,,1342,,,,,,,,
12240,,0.344,-12.61,27.67,44026.71,metal loss,External,14,0.048,,,1.65,1.69,2:19,,,0.7,135.23,,MFL-A/XT,,1160,65000,,1342,1459.5,2026.48,,,,,,
12240,,0.344,-12.67,27.61,44026.77,metal loss,External,17,0.058,,,0.67,1.02,1:45,,,0.7,135.23,,MFL-A/XT,,1160,65000,,1342,1472.21,2044.13,,,,,,
12240,,0.344,-13.18,27.1,44027.28,metal loss,External,19,0.065,,,1.53,1.46,2:22,,,0.7,135.25,,MFL-A/XT,,1160,65000,,1342,1455.55,2020.99,,,,,,
12240,,0.344,-14,26.28,44028.1,metal loss,External,10,0.034,,,1.02,1.14,2:25,,,0.7,135.28,,MFL-A/XT,,1160,65000,,1342,,,,,,,,
12240,,0.344,-15.79,24.49,44029.89,metal loss,External,10,0.034,,,2.13,1.06,9:25,,,0.7,135.37,,MFL-A/XT,,1160,65000,,1342,,,,,,,,
12240,,0.344,-17.51,22.77,44031.61,metal loss,External,10,0.034,,,1.02,1.46,2:17,,,0.7,135.48,,MFL-A/XT,,1160,65000,,1342,,,,,,,,
12240,,0.344,-18.42,21.86,44032.53,metal loss,External,15,0.052,,,1.46,1.38,2:21,,,0.7,135.54,,MFL-A/XT,,1160,65000,,1342,1461.58,2029.36,,,,,,
12240,,0.344,-19.07,21.21,44033.17,metal loss,External,15,0.052,,,1.77,1.73,9:21,,,0.7,135.6,,MFL-A/XT,,1160,65000,,1342,1456.22,2021.93,,,,,,
12240,,0.344,-19.29,20.99,44033.39,metal loss,External,10,0.034,,,0.98,1.3,2:17,,,0.7,135.62,,MFL-A/XT,,1160,65000,,1342,,,,,,,,
12240,,0.344,-19.71,20.57,44033.82,metal loss,External,11,0.038,,,0.51,0.67,2:21,,,0.7,135.65,,MFL-A/XT,,1160,65000,,1342,,,,,,,,
12240,,0.344,-19.87,20.41,44033.97,metal loss,External,12,0.041,,,0.47,0.67,2:20,,,0.7,135.67,,MFL-A/XT,,1160,65000,,1342,,,,,,,,
12240,,0.344,-21.59,18.69,44035.69,metal loss,External,14,0.048,,,1.02,1.34,2:11,,,0.7,135.83,,MFL-A/XT,,1160,65000,,1342,1469.11,2039.82,,,,,,
12240,,0.344,-23.05,17.23,44037.15,metal loss,External,11,0.038,,,0.63,0.91,3:33,,,0.7,135.98,,MFL-A/XT,,1160,65000,,1342,,,,,,,,
12240,,0.344,-24.09,16.19,44038.19,metal loss,External,13,0.045,,,1.02,1.69,3:50,,,0.7,136.09,,MFL-A/XT,,1160,65000,,1342,1469.66,2040.59,,,,,,
12240,,0.344,-26.96,13.32,44041.06,metal loss,External,17,0.058,,,0.43,1.58,10:07,,,0.7,136.39,,MFL-A/XT,,1160,65000,,1342,1474.52,2047.33,,,,,,
12240,,0.344,-32.58,7.7,44046.68,cluster,External,23,0.079,,,2.62,1.11,4:57,,,0.7,137.15,,,,1160,65000,,1342,1419.02,1970.27,1481.39,2056.88,1493.95,2074.32,0.78,1.77
12240,,0.344,-33.47,6.81,44047.57,metal loss,External,16,0.055,,,0.75,1.18,7:32,,,0.7,137.28,,MFL-A/XT,,1160,65000,,1342,1471.53,2043.18,,,,,,
12240,,0.344,-34,6.28,44048.1,metal loss,External,24,0.083,,,0.32,1.18,7:51,,,0.7,137.36,,MFL-A/XT,,1160,65000,,1342,1474.88,2047.84,1547.06,2148.05,1547.18,2148.22,0.75,1.85
12240,,0.344,-34.48,5.8,44048.58,metal loss,External,15,0.052,,,0.71,1.14,7:51,,,0.7,137.43,,MFL-A/XT,,1160,65000,,1342,1472.37,2044.34,,,,,,
12240,,0.344,-35.02,5.25,44049.13,metal loss,External,10,0.034,,,0.87,1.18,7:51,,,0.7,137.51,,MFL-A/XT,,1160,65000,,1342,,,,,,,,
12240,,0.344,-35.28,5,44049.38,metal loss,External,11,0.038,,,0.67,1.18,7:21,,,0.7,137.54,,MFL-A/XT,,1160,65000,,1342,,,,,,,,
12240,,0.344,-37.19,3.09,44051.3,metal loss,External,17,0.058,,,0.63,1.14,5:15,,,0.7,137.82,,MFL-A/XT,,1160,65000,,1342,1472.75,2044.87,,,,,,
12240,,0.344,-39.23,1.05,44053.34,metal loss,External,10,0.034,,,1.73,0.59,11:21,,,0.7,138.12,,MFL-A/XT,,1160,65000,,1342,,,,,,,,
12240,,0.344,-39.25,1.03,44053.35,cluster,External,28,0.096,,,1.46,4.09,10:17,,,0.7,138.12,,,,1160,65000,,1342,1446.57,2008.52,1514.48,2102.82,1518.66,2108.62,0.77,1.81
12240,,0.344,-39.26,1.02,44053.36,cluster,External,28,0.096,,,1.54,4.17,8:57,,,0.7,138.12,,,,1160,65000,,1342,1443.81,2004.69,1511.23,2098.3,1514.32,2102.59,0.77,1.81
12240,,0.344,-39.28,1,44053.38,metal loss,External,11,0.038,,,0.83,2.01,9:48,,,0.7,138.13,,MFL-A/XT,,1160,65000,,1342,,,,,,,,
12240,,0.344,-39.28,1,44053.38,metal loss,External,10,0.034,,,1.14,0.71,5:07,,,0.7,138.13,,MFL-A/XT,,1160,65000,,1342,,,,,,,,
12240,,0.344,-39.29,0.99,44053.4,metal loss,External,14,0.048,,,0.75,1.65,5:29,,,0.7,138.13,,MFL-A/XT,,1160,65000,,1342,1472.17,2044.07,,,,,,
12240,,0.344,-39.32,0.96,44053.43,metal loss,External,11,0.038,,,0.63,0.94,3:14,,,0.7,138.13,,MFL-A/XT,,1160,65000,,1342,,,,,,,,
12250,40.07,0.344,,,44054.38,GirthWeld,,,,,,,,,,5,0.7,138.27,,,,1160,65000,,1342,,,,,,,,
12250,,0.344,-0.78,39.3,44055.16,metal loss,External,13,0.045,,,1.46,0.59,7:38,,,0.7,138.38,,MFL-A/XT,,1160,65000,,1342,1463.69,2032.3,,,,,,
12250,,0.344,-0.78,39.29,44055.17,metal loss,External,19,0.065,,,0.79,2.21,10:37,,,0.7,138.38,,MFL-A/XT,,1160,65000,,1342,1470.18,2041.31,,,,,,
12250,,0.344,-0.79,39.28,44055.17,metal loss,External,26,0.089,,,1.53,1.22,11:38,,,0.7,138.38,,MFL-A/XT,,1160,65000,,1342,1446.53,2008.47,1514.55,2102.91,1517.65,2107.22,0.77,1.81
12250,,0.344,-0.8,39.28,44055.18,metal loss,External,11,0.038,,,1.06,2.05,8:07,,,0.7,138.39,,MFL-A/XT,,1160,65000,,1342,,,,,,,,
12250,,0.344,-0.81,39.26,44055.2,metal loss,External,14,0.048,,,0.63,1.69,7:10,,,0.7,138.39,,MFL-A/XT,,1160,65000,,1342,1473.31,2045.66,,,,,,
12260,31.17,0.344,,,44094.45,GirthWeld,,,,,,,,,,,0.7,142.94,,,,1160,65000,,1342,,,,,,,,
12270,40.01,0.344,,,44125.63,GirthWeld,,,,,,,,,,2,0.7,145.25,,,,1160,65000,,1342,,,,,,,,
12270,,0.344,-0.77,39.25,44126.39,metal loss,External,29,0.1,,,0.87,3.58,4:55,,,0.7,145.3,,MFL-A/XT,,1160,65000,,1342,1464.16,2032.95,1534.86,2131.11,1536.3,2133.12,0.76,1.84
12270,,0.344,-0.79,39.23,44126.41,metal loss,External,41,0.141,,,0.83,3.9,6:10,,,0.7,145.3,,MFL-A/XT,,1160,65000,,1342,1458.83,2025.55,1528.03,2121.63,1530.98,2125.73,0.76,1.83
12280,39.96,0.344,,,44165.64,GirthWeld,,,,,,,,,,7,0.7,147.3,,,,1160,65000,,1342,,,,,,,,
12280,,0.344,-4.84,35.12,44170.48,metal loss,External,11,0.038,,,0.91,1.3,5:39,,,0.7,147.5,,MFL-A/XT,,1160,65000,,1342,,,,,,,,
12280,,0.344,-5.43,34.53,44171.07,metal loss,External,11,0.038,,,1.61,4.33,6:52,,,0.7,147.52,,MFL-A/XT,,1160,65000,,1342,,,,,,,,
12280,,0.344,-5.55,34.41,44171.18,cluster,External,24,0.083,,,2.84,4.11,5:53,,,0.7,147.53,,,,1160,65000,,1342,1409.06,1956.44,1468.97,2039.63,1489.56,2068.21,0.79,1.76
12280,,0.344,-5.65,34.31,44171.29,metal loss,External,13,0.045,,,1.5,1.58,5:38,,,0.7,147.53,,MFL-A/XT,,1160,65000,,1342,1463.16,2031.56,,,,,,
12280,,0.344,-7.54,32.42,44173.18,metal loss,External,13,0.045,,,0.79,1.38,5:24,,,0.7,147.59,,MFL-A/XT,,1160,65000,,1342,1472.26,2044.19,,,,,,
12280,,0.344,-39.06,0.9,44204.7,metal loss,External,10,0.034,,,0.59,1.1,4:12,,,0.7,148.27,,MFL-A/XT,,1160,65000,,1342,,,,,,,,
12280,,0.344,-39.11,0.85,44204.75,metal loss,External,28,0.096,,,0.67,2.72,4:59,,,0.7,148.27,,MFL-A/XT,,1160,65000,,1342,1469.06,2039.75,1540.47,2138.9,1541.29,2140.04,0.75,1.84
12290,40.05,0.344,,,44205.6,GirthWeld,,,,,,,,,,,0.7,148.28,,,,1160,65000,,1342,,,,,,,,
12300,40.08,0.344,,,44245.65,GirthWeld,,,,,,,,,,,0.7,148.73,,,,1160,65000,,1342,,,,,,,,
12310,40.06,0.344,,,44285.73,GirthWeld,,,,,,,,,,1,0.7,149.04,,,,1160,65000,,1342,,,,,,,,
12310,,0.344,-0.98,39.07,44286.72,metal loss,External,11,0.038,,,0.91,1.1,4:57,,,0.7,149.04,,MFL-A/XT,,1160,65000,,1342,,,,,,,,
12320,40.07,0.344,,,44325.79,GirthWeld,,,,,,,,,,,0.7,148.89,,,,1160,65000,,1342,,,,,,,,
12330,40.07,0.344,,,44365.86,GirthWeld,,,,,,,,,,,0.7,148.85,,,,1160,65000,,1342,,,,,,,,
12340,40.05,0.344,,,44405.93,GirthWeld,,,,,,,,,,,0.7,148.61,,,,1160,65000,,1342,,,,,,,,
12350,40.07,0.344,,,44445.98,GirthWeld,,,,,,,,,,,0.7,148.22,,,,1160,65000,,1342,,,,,,,,
12360,40.09,0.344,,,44486.05,GirthWeld,,,,,,,,,,,0.7,147.69,,,,1160,65000,,1342,,,,,,,,
12370,40.08,0.344,,,44526.14,GirthWeld,,,,,,,,,,,0.7,146.84,,,,1160,65000,,1342,,,,,,,,
12380,40.07,0.344,,,44566.22,GirthWeld,,,,,,,,,,,0.7,146.11,,,,1160,65000,,1342,,,,,,,,
12390,23.26,0.344,,,44606.29,GirthWeld,,,,,,,,,,,0.7,145.04,,,,1160,65000,,1342,,,,,,,,
12400,40.11,0.344,,,44629.55,GirthWeld,,,,,,,,,,,0.7,144.35,,,,1160,65000,,1342,,,,,,,,
12410,40.08,0.344,,,44669.66,GirthWeld,,,,,,,,,,6,0.7,142.31,,,,1160,65000,,1342,,,,,,,,
12410,,0.344,-38.57,1.51,44708.24,metal loss,External,49,0.169,,,1.02,1.39,6:22,,,0.7,140.02,,MFL-A/XT,,1160,65000,,1342,1443.37,2004.08,1508.34,2094.29,1514.94,2103.46,0.77,1.81
12410,,0.344,-38.9,1.18,44708.56,metal loss,External,31,0.107,,,0.75,1.3,5:53,,,0.7,140.01,,MFL-A/XT,,1160,65000,,1342,1466.35,2035.99,1537.3,2134.51,1538.58,2136.28,0.75,1.84
12410,,0.344,-38.98,1.1,44708.64,metal loss,External,11,0.038,,,0.51,0.59,5:23,,,0.7,140,,MFL-A/XT,,1160,65000,,1342,,,,,,,,
12410,,0.344,-39.33,0.75,44708.99,metal loss,External,28,0.096,,,0.63,1.06,4:48,,,0.7,139.99,,MFL-A/XT,,1160,65000,,1342,1470.01,2041.07,1541.55,2140.4,1542.26,2141.39,0.75,1.85
12410,,0.344,-39.7,0.38,44709.36,metal loss,External,13,0.045,,,1.02,1.14,5:21,,,0.7,139.97,,MFL-A/XT,,1160,65000,,1342,1469.52,2040.39,,,,,,
12410,,0.344,-39.73,0.35,44709.39,metal loss,External,23,0.079,,,0.71,1.26,4:50,,,0.7,139.97,,MFL-A/XT,,1160,65000,,1342,1469.96,2041,1541.58,2140.44,1542.1,2141.17,0.75,1.85
12420,39.01,0.344,,,44709.74,GirthWeld,,,,,,,,,,43,0.7,139.95,,,,1160,65000,,1342,,,,,,,,
12420,,0.344,-0.02,38.99,44709.76,metal loss,External,10,0.034,,,0.32,0.67,4:49,affecting girth weld,,0.7,139.95,,MFL-A/XT,,1160,65000,,1342,,,,,,,,
12420,,0.344,-0.26,38.76,44710,metal loss,External,29,0.1,,,0.63,1.02,6:24,,,0.7,139.94,,MFL-A/XT,,1160,65000,,1342,1469.49,2040.36,1540.94,2139.56,1541.75,2140.68,0.75,1.84
12420,,0.344,-0.91,38.1,44710.66,metal loss,External,26,0.089,,,0.63,1.06,4:58,,,0.7,139.91,,MFL-A/XT,,1160,65000,,1342,1470.54,2041.81,1542.18,2141.28,1542.77,2142.1,0.75,1.85
12420,,0.344,-1.19,37.83,44710.93,metal loss,External,16,0.055,,,0.55,0.79,6:35,,,0.7,139.89,,MFL-A/XT,,1160,65000,,1342,1473.66,2046.14,,,,,,
12420,,0.344,-1.19,37.82,44710.94,metal loss,External,14,0.048,,,0.55,0.91,4:53,,,0.7,139.89,,MFL-A/XT,,1160,65000,,1342,1474.01,2046.62,,,,,,
12420,,0.344,-1.54,37.47,44711.28,metal loss,External,17,0.058,,,0.75,1.3,4:51,,,0.7,139.88,,MFL-A/XT,,1160,65000,,1342,1471.2,2042.72,,,,,,
12420,,0.344,-2.42,36.59,44712.17,metal loss,External,13,0.045,,,0.55,1.06,4:49,,,0.7,139.83,,MFL-A/XT,,1160,65000,,1342,1474.18,2046.86,,,,,,
12420,,0.344,-2.58,36.43,44712.32,metal loss,External,11,0.038,,,0.43,0.94,5:25,,,0.7,139.83,,MFL-A/XT,,1160,65000,,1342,,,,,,,,
12420,,0.344,-2.69,36.32,44712.44,metal loss,External,12,0.041,,,0.47,0.79,6:35,,,0.7,139.82,,MFL-A/XT,,1160,65000,,1342,,,,,,,,
12420,,0.344,-2.99,36.03,44712.73,metal loss,External,10,0.034,,,1.61,0.67,5:26,,,0.7,139.81,,MFL-A/XT,,1160,65000,,1342,,,,,,,,
12420,,0.344,-3.04,35.97,44712.78,metal loss,External,35,0.12,,,0.63,1.1,4:49,,,0.7,139.8,,MFL-A/XT,,1160,65000,,1342,1467.7,2037.86,1538.73,2136.48,1539.97,2138.22,0.75,1.84
12420,,0.344,-3.56,35.45,44713.31,metal loss,External,15,0.052,,,0.67,1.26,4:41,,,0.7,139.78,,MFL-A/XT,,1160,65000,,1342,1472.73,2044.85,,,,,,
12420,,0.344,-8.28,30.73,44718.03,metal loss,External,13,0.045,,,0.55,1.06,7:09,,,0.7,139.48,,MFL-A/XT,,1160,65000,,1342,1474.18,2046.86,,,,,,
12420,,0.344,-8.38,30.63,44718.12,metal loss,External,19,0.065,,,0.87,1.22,7:08,,,0.7,139.48,,MFL-A/XT,,1160,65000,,1342,1468.7,2039.25,,,,,,
12420,,0.344,-8.59,30.42,44718.33,metal loss,External,16,0.055,,,0.91,1.42,6:59,,,0.7,139.46,,MFL-A/XT,,1160,65000,,1342,1469.69,2040.63,,,,,,
12420,,0.344,-9.08,29.93,44718.82,metal loss,External,23,0.079,,,1.42,1.69,6:43,,,0.7,139.42,,MFL-A/XT,,1160,65000,,1342,1453.83,2018.61,1523.2,2114.93,1525.1,2117.56,0.76,1.82
12420,,0.344,-9.09,29.93,44718.83,metal loss,External,12,0.041,,,1.18,1.5,4:42,,,0.7,139.42,,MFL-A/XT,,1160,65000,,1342,,,,,,,,
12420,,0.344,-9.3,29.71,44719.04,metal loss,External,30,0.103,,,0.98,1.38,4:50,,,0.7,139.41,,MFL-A/XT,,1160,65000,,1342,1460.19,2027.44,1530.26,2124.72,1532.26,2127.5,0.76,1.83
12420,,0.344,-9.44,29.57,44719.18,metal loss,External,35,0.12,,,0.83,1.22,6:39,,,0.7,139.4,,MFL-A/XT,,1160,65000,,1342,1462.12,2030.11,1532.25,2127.49,1534.32,2130.36,0.76,1.83
12420,,0.344,-9.53,29.48,44719.27,metal loss,External,33,0.114,,,0.83,1.53,5:02,,,0.7,139.39,,MFL-A/XT,,1160,65000,,1342,1463.14,2031.53,1533.53,2129.27,1535.34,2131.78,0.76,1.84
12420,,0.344,-10.05,28.96,44719.8,metal loss,External,72,0.248,,,0.87,0.83,6:37,,,0.7,139.35,,MFL-A/XT,,1160,65000,,1342,1430.87,1986.73,1484.8,2061.61,1499.94,2082.63,0.78,1.78
12420,,0.344,-10.08,28.93,44719.83,metal loss,External,34,0.117,,,1.1,1.58,5:00,,,0.7,139.35,,MFL-A/XT,,1160,65000,,1342,1453.08,2017.56,1521.73,2112.89,1525.03,2117.47,0.76,1.82
12420,,0.344,-10.24,28.78,44719.98,metal loss,External,12,0.041,,,0.35,0.75,5:08,,,0.7,139.34,,MFL-A/XT,,1160,65000,,1342,,,,,,,,
12420,,0.344,-10.38,28.63,44720.12,metal loss,External,28,0.096,,,0.63,1.02,5:01,,,0.7,139.33,,MFL-A/XT,,1160,65000,,1342,1470.01,2041.07,1541.55,2140.4,1542.26,2141.39,0.75,1.85
12420,,0.344,-10.5,28.51,44720.24,metal loss,External,24,0.083,,,0.79,1.22,6:39,,,0.7,139.32,,MFL-A/XT,,1160,65000,,1342,1468.3,2038.7,1539.7,2137.83,1540.42,2138.84,0.75,1.84
12420,,0.344,-10.71,28.3,44720.45,metal loss,External,16,0.055,,,0.51,0.94,5:02,,,0.7,139.31,,MFL-A/XT,,1160,65000,,1342,1473.97,2046.57,,,,,,
12420,,0.344,-10.83,28.18,44720.57,metal loss,External,11,0.038,,,0.75,1.38,5:04,,,0.7,139.3,,MFL-A/XT,,1160,65000,,1342,,,,,,,,
12420,,0.344,-11.12,27.9,44720.86,metal loss,External,19,0.065,,,0.87,1.5,5:02,,,0.7,139.28,,MFL-A/XT,,1160,65000,,1342,1468.89,2039.52,,,,,,
12420,,0.344,-11.46,27.55,44721.2,metal loss,External,13,0.045,,,0.79,1.26,5:00,,,0.7,139.25,,MFL-A/XT,,1160,65000,,1342,1472.26,2044.19,,,,,,
12420,,0.344,-11.67,27.34,44721.42,metal loss,External,17,0.058,,,0.47,1.06,4:36,,,0.7,139.24,,MFL-A/XT,,1160,65000,,1342,1474.23,2046.93,,,,,,
12420,,0.344,-16,23.01,44725.74,metal loss,External,33,0.114,,,2.05,1.14,4:15,,,0.7,138.93,,MFL-A/XT,,1160,65000,,1342,1414.05,1963.37,1474.86,2047.8,1483.44,2059.72,0.79,1.77
12420,,0.344,-35.35,3.66,44745.1,metal loss,External,19,0.065,,,0.55,1.1,7:44,,,0.7,137.97,,MFL-A/XT,,1160,65000,,1342,1473.11,2045.38,,,,,,
12420,,0.344,-35.91,3.1,44745.65,metal loss,External,18,0.062,,,0.63,1.34,8:07,,,0.7,137.97,,MFL-A/XT,,1160,65000,,1342,1472.52,2044.55,,,,,,
12420,,0.344,-36.1,2.91,44745.84,metal loss,External,28,0.096,,,0.87,1.34,3:41,,,0.7,137.96,,MFL-A/XT,,1160,65000,,1342,1464.66,2033.65,1535.47,2131.96,1536.8,2133.8,0.76,1.84
12420,,0.344,-37.77,1.24,44747.51,metal loss,External,10,0.034,,,0.55,0.87,3:05,,,0.7,137.94,,MFL-A/XT,,1160,65000,,1342,,,,,,,,
12420,,0.344,-37.78,1.23,44747.53,metal loss,External,10,0.034,,,1.22,1.73,4:14,,,0.7,137.94,,MFL-A/XT,,1160,65000,,1342,,,,,,,,
12420,,0.344,-37.85,1.16,44747.59,metal loss,External,14,0.048,,,1.38,1.06,7:34,,,0.7,137.94,,MFL-A/XT,,1160,65000,,1342,1463.96,2032.68,,,,,,
12420,,0.344,-38,1.01,44747.74,metal loss,External,27,0.093,,,1.65,1.06,11:02,,,0.7,137.94,,MFL-A/XT,,1160,65000,,1342,1441.04,2000.85,1508.01,2093.83,1511.89,2099.22,0.77,1.81
12420,,0.344,-38.03,0.98,44747.78,metal loss,External,11,0.038,,,1.73,0.59,1:23,,,0.7,137.94,,MFL-A/XT,,1160,65000,,1342,,,,,,,,
12420,,0.344,-38.05,0.96,44747.8,cluster,External,32,0.11,,,1.33,8.15,11:37,,,0.7,137.94,,,,1160,65000,,1342,1446.03,2007.78,1513.58,2101.57,1516.69,2105.89,0.77,1.81
12420,,0.344,-38.05,0.96,44747.8,metal loss,External,29,0.1,,,1.18,1.26,3:50,,,0.7,137.94,,MFL-A/XT,,1160,65000,,1342,1454.56,2019.62,1523.78,2115.72,1526.38,2119.34,0.76,1.82
12420,,0.344,-38.08,0.93,44747.82,metal loss,External,31,0.107,,,0.91,5.28,2:32,,,0.7,137.94,,MFL-A/XT,,1160,65000,,1342,1462.08,2030.06,1532.39,2127.68,1534.22,2130.23,0.76,1.83
12420,,0.344,-38.81,0.2,44748.55,metal loss,External,10,0.034,,,0.59,0.87,9:39,near girth weld,,0.7,137.93,,MFL-A/XT,,1160,65000,,1342,,,,,,,,
12430,40.06,0.344,,,44748.75,GirthWeld,,,,,,,,,,32,0.7,137.93,,,,1160,65000,,1342,,,,,,,,
12430,,0.344,-0.02,40.04,44748.78,metal loss,External,11,0.038,,,0.47,1.34,9:43,affecting girth weld,,0.7,137.92,,MFL-A/XT,,1160,65000,,1342,,,,,,,,
12430,,0.344,-0.21,39.86,44748.96,metal loss,External,14,0.048,,,1.53,1.46,9:37,near girth weld,,0.7,137.92,,MFL-A/XT,,1160,65000,,1342,1461.48,2029.23,,,,,,
12430,,0.344,-0.28,39.78,44749.04,metal loss,External,14,0.048,,,1.22,1.97,10:07,,,0.7,137.92,,MFL-A/XT,,1160,65000,,1342,1466.31,2035.93,,,,,,
12430,,0.344,-0.87,39.19,44749.62,metal loss,External,12,0.041,,,0.71,1.02,8:37,,,0.7,137.92,,MFL-A/XT,,1160,65000,,1342,,,,,,,,
12430,,0.344,-0.97,39.09,44749.72,metal loss,External,10,0.034,,,0.35,0.59,8:45,,,0.7,137.91,,MFL-A/XT,,1160,65000,,1342,,,,,,,,
12430,,0.344,-1.42,38.64,44750.18,metal loss,External,18,0.062,,,0.83,2.09,8:28,,,0.7,137.91,,MFL-A/XT,,1160,65000,,1342,1469.86,2040.86,,,,,,
12430,,0.344,-1.56,38.51,44750.31,metal loss,External,14,0.048,,,0.63,0.94,9:13,,,0.7,137.91,,MFL-A/XT,,1160,65000,,1342,1473.42,2045.8,,,,,,
12430,,0.344,-1.69,38.37,44750.45,metal loss,External,10,0.034,,,0.55,1.1,8:35,,,0.7,137.91,,MFL-A/XT,,1160,65000,,1342,,,,,,,,
12430,,0.344,-1.88,38.19,44750.63,metal loss,External,10,0.034,,,0.47,0.79,8:53,,,0.7,137.9,,MFL-A/XT,,1160,65000,,1342,,,,,,,,
12430,,0.344,-4.56,35.5,44753.31,metal loss,External,16,0.055,,,0.94,1.42,7:46,,,0.7,137.88,,MFL-A/XT,,1160,65000,,1342,1469.03,2039.71,,,,,,
12430,,0.344,-5.02,35.05,44753.77,metal loss,External,11,0.038,,,1.58,1.53,7:37,,,0.7,137.87,,MFL-A/XT,,1160,65000,,1342,,,,,,,,
12430,,0.344,-16.93,23.14,44765.68,metal loss,External,14,0.048,,,0.79,1.22,7:52,,,0.7,138.01,,MFL-A/XT,,1160,65000,,1342,1471.8,2043.55,,,,,,
12430,,0.344,-17.48,22.58,44766.23,metal loss,External,15,0.052,,,0.75,1.34,7:58,,,0.7,138.04,,MFL-A/XT,,1160,65000,,1342,1471.85,2043.63,,,,,,
12430,,0.344,-17.94,22.12,44766.7,metal loss,External,12,0.041,,,0.59,0.98,7:58,,,0.7,138.07,,MFL-A/XT,,1160,65000,,1342,,,,,,,,
12430,,0.344,-18.06,22,44766.82,metal loss,External,15,0.052,,,0.79,1.26,7:57,,,0.7,138.08,,MFL-A/XT,,1160,65000,,1342,1471.58,2043.26,,,,,,
12430,,0.344,-18.27,21.79,44767.03,metal loss,External,10,0.034,,,1.22,1.58,7:08,,,0.7,138.09,,MFL-A/XT,,1160,65000,,1342,,,,,,,,
12430,,0.344,-18.59,21.48,44767.34,metal loss,External,14,0.048,,,0.67,1.34,7:14,,,0.7,138.11,,MFL-A/XT,,1160,65000,,1342,1472.99,2045.21,,,,,,
12430,,0.344,-19.29,20.77,44768.04,metal loss,External,35,0.12,,,1.14,1.53,7:41,,,0.7,138.16,,MFL-A/XT,,1160,65000,,1342,1450.78,2014.37,1518.94,2109.02,1522.67,2114.19,0.76,1.82
12430,,0.344,-19.71,20.35,44768.47,metal loss,External,27,0.093,,,1.14,1.53,7:41,,,0.7,138.19,,MFL-A/XT,,1160,65000,,1342,1457.77,2024.08,1527.6,2121.03,1529.62,2123.85,0.76,1.83
12430,,0.344,-20.04,20.03,44768.79,metal loss,External,18,0.062,,,0.79,1.22,4:16,,,0.7,138.22,,MFL-A/XT,,1160,65000,,1342,1470.54,2041.81,,,,,,
12430,,0.344,-20.66,19.4,44769.42,metal loss,External,11,0.038,,,0.67,1.18,4:33,,,0.7,138.27,,MFL-A/XT,,1160,65000,,1342,,,,,,,,
12430,,0.344,-21.16,18.9,44769.92,metal loss,External,47,0.162,,,1.77,1.42,7:50,,,0.7,138.32,,MFL-A/XT,,1160,65000,,1342,1396.64,1939.2,1450.39,2013.82,1465.47,2034.77,0.8,1.74
12430,,0.344,-22.2,17.87,44770.95,metal loss,External,15,0.052,,,0.79,1.3,4:43,,,0.7,138.42,,MFL-A/XT,,1160,65000,,1342,1471.45,2043.07,,,,,,
12430,,0.344,-22.23,17.83,44770.99,metal loss,External,35,0.12,,,1.22,1.42,7:48,,,0.7,138.42,,MFL-A/XT,,1160,65000,,1342,1447.33,2009.59,1514.87,2103.36,1519.1,2109.24,0.77,1.81
12430,,0.344,-22.87,17.2,44771.62,metal loss,External,15,0.052,,,0.83,1.26,7:51,,,0.7,138.49,,MFL-A/XT,,1160,65000,,1342,1471.03,2042.48,,,,,,
12430,,0.344,-25.74,14.32,44774.5,metal loss,External,14,0.048,,,0.35,0.71,3:53,,,0.7,138.81,,MFL-A/XT,,1160,65000,,1342,1475.26,2048.36,,,,,,
12430,,0.344,-35.27,4.79,44784.03,metal loss,External,14,0.048,,,0.59,1.18,1:09,,,0.7,139.92,,MFL-A/XT,,1160,65000,,1342,1473.72,2046.22,,,,,,
12430,,0.344,-35.62,4.44,44784.38,cluster,External,21,0.072,,,1.73,2.49,12:30,,,0.7,139.96,,,,1160,65000,,1342,1447.96,2010.45,1516.4,2105.49,1523.74,2115.68,0.76,1.82
12430,,0.344,-35.93,4.14,44784.68,metal loss,External,10,0.034,,,0.67,1.06,12:38,,,0.7,140,,MFL-A/XT,,1160,65000,,1342,,,,,,,,
12430,,0.344,-39.54,0.52,44788.3,metal loss,External,14,0.048,,,0.51,0.94,2:01,,,0.7,140.45,,MFL-A/XT,,1160,65000,,1342,1474.37,2047.12,,,,,,
12430,,0.344,-39.69,0.38,44788.44,metal loss,External,18,0.062,,,0.94,1.18,11:07,,,0.7,140.46,,MFL-A/XT,,1160,65000,,1342,1468.01,2038.3,,,,,,
12430,,0.344,-39.91,0.15,44788.67,metal loss,External,12,0.041,,,0.63,1.97,1:48,near girth weld,,0.7,140.49,,MFL-A/XT,,1160,65000,,1342,,,,,,,,
12440,40.07,0.344,,,44788.82,GirthWeld,,,,,,,,,,3,1,140.51,,,,1160,65000,,1342,,,,,,,,
12440,,,,,44827.57,Attachment,,,,,,,,5:00,Repair Marker 2012 Dig #29 Recoat,,,143.22,,,,,,,,,,,,,,,
12440,,0.344,-39.06,1.01,44827.88,metal loss,External,14,0.048,,,1.73,2.28,6:15,Recoat,,1,143.23,,MFL-A/XT,,1160,65000,,1342,1458.08,2024.51,,,,,,
12440,,0.344,-39.17,0.9,44827.99,metal loss,External,44,0.151,,,0.59,1.22,3:41,Recoat,,1,143.23,,MFL-A/XT,,1160,65000,,1342,1466.25,2035.86,1536.69,2133.65,1538.5,2136.17,0.75,1.84
12440,,0.344,-39.17,0.9,44827.99,metal loss,External,34,0.117,,,0.55,1.06,4:16,Recoat,,1,143.23,,MFL-A/XT,,1160,65000,,1342,1469.98,2041.03,1541.39,2140.17,1542.27,2141.41,0.75,1.84
12450,40.06,0.344,,,44828.89,GirthWeld,,,,,,,,,,,0.7,143.27,,,,1160,65000,,1342,,,,,,,,
12450,,,,,44830.26,Attachment,,,,,,,,5:30,Repair Marker 2012 Dig #29 Recoat,,,143.33,,,,,,,,,,,,,,,
12460,40.07,0.344,,,44868.95,GirthWeld,,,,,,,,,,11,0.7,144.88,,,,1160,65000,,1342,,,,,,,,
12460,,0.344,-0.82,39.25,44869.77,metal loss,External,19,0.065,,,1.42,1.73,6:48,,,0.7,144.91,,MFL-A/XT,,1160,65000,,1342,1458.23,2024.72,,,,,,
12460,,0.344,-5.11,34.97,44874.06,metal loss,External,20,0.069,,,0.83,1.26,5:18,,,0.7,145.06,,MFL-A/XT,,1160,65000,,1342,1469.05,2039.74,1540.61,2139.09,1541.02,2139.67,0.75,1.84
12460,,0.344,-5.48,34.59,44874.43,cluster,External,53,0.182,,,1.98,3.37,4:39,,,0.7,145.08,,,,1160,65000,,1342,1366.21,1896.94,1408.94,1956.28,1437.81,1996.36,0.82,1.69
12460,,0.344,-5.99,34.08,44874.94,metal loss,External,21,0.072,,,0.67,0.98,4:51,,,0.7,145.1,,MFL-A/XT,,1160,65000,,1342,1471.3,2042.86,1543.1,2142.56,1543.43,2143.02,0.75,1.85
12460,,0.344,-6.2,33.87,44875.15,metal loss,External,29,0.1,,,0.98,1.5,5:20,,,0.7,145.1,,MFL-A/XT,,1160,65000,,1342,1460.85,2028.35,1531.05,2125.83,1532.9,2128.39,0.76,1.83
12460,,0.344,-6.27,33.8,44875.22,metal loss,External,11,0.038,,,1.18,1.46,6:55,,,0.7,145.11,,MFL-A/XT,,1160,65000,,1342,,,,,,,,
12460,,0.344,-6.53,33.54,44875.48,metal loss,External,15,0.052,,,1.73,4.05,4:59,,,0.7,145.11,,MFL-A/XT,,1160,65000,,1342,1456.66,2022.54,,,,,,
12460,,0.344,-8.58,31.5,44877.52,metal loss,External,83,0.286,,,0.98,0.59,6:44,,,0.7,145.19,,MFL-A/XT,,1160,65000,,1342,,,,,,,,
12460,,0.344,-8.99,31.08,44877.94,cluster,External,32,0.11,,,1.97,4,6:28,,,0.7,145.2,,,,1160,65000,,1342,1419.48,1970.91,1481.62,2057.2,1487.39,2065.2,0.78,1.77
12460,,0.344,-9.23,30.84,44878.18,metal loss,External,11,0.038,,,0.75,1.58,6:43,,,0.7,145.21,,MFL-A/XT,,1160,65000,,1342,,,,,,,,
12460,,0.344,-39.19,0.89,44908.13,metal loss,External,11,0.038,,,0.91,1.65,7:55,,,0.7,146.68,,MFL-A/XT,,1160,65000,,1342,,,,,,,,
12470,39.87,0.344,,,44909.02,GirthWeld,,,,,,,,,,1,0.7,146.73,,,,1160,65000,,1342,,,,,,,,
12470,,0.344,-0.8,39.07,44909.82,metal loss,External,20,0.069,,,0.63,1.14,5:16,,,0.7,146.78,,MFL-A/XT,,1160,65000,,1342,1471.89,2043.68,1543.77,2143.48,1544.01,2143.83,0.75,1.85
12480,39.95,0.344,,,44948.89,GirthWeld,,,,,,,,,,1,0.7,149.12,,,,1160,65000,,1342,,,,,,,,
12480,,0.344,-39.08,0.87,44987.97,metal loss,External,13,0.045,,,0.51,3.27,2:11,,,0.7,151.42,,MFL-A/XT,,1160,65000,,1342,1474.43,2047.21,,,,,,
12490,40.09,0.344,,,44988.84,GirthWeld,,,,,,,,,,4,0.7,151.47,,,,1160,65000,,1342,,,,,,,,
12490,,0.344,-0.75,39.33,44989.6,metal loss,External,43,0.148,,,0.79,8.15,9:23,,,0.7,151.51,,MFL-A/XT,,1160,65000,,1342,1459.64,2026.67,1528.84,2122.76,1531.79,2126.85,0.76,1.83
12490,,0.344,-0.76,39.33,44989.6,metal loss,External,15,0.052,,,0.55,1.02,7:56,,,0.7,151.51,,MFL-A/XT,,1160,65000,,1342,1473.83,2046.38,,,,,,
12490,,0.344,-0.84,39.24,44989.68,metal loss,External,10,0.034,,,1.18,2.95,7:30,,,0.7,151.51,,MFL-A/XT,,1160,65000,,1342,,,,,,,,
12490,,0.344,-22.08,18.01,45010.92,metal loss,External,19,0.065,,,1.22,1.97,8:16,,,0.7,152.72,,MFL-A/XT,,1160,65000,,1342,1462.3,2030.37,,,,,,
12500,40.16,0.344,,,45028.93,GirthWeld,,,,,,,,,,6,0.7,153.78,,,,1160,65000,,1342,,,,,,,,
12500,,0.344,-5.28,34.88,45034.21,metal loss,External,16,0.055,,,0.75,1.18,9:00,,,0.7,154.13,,MFL-A/XT,,1160,65000,,1342,1471.53,2043.18,,,,,,
12500,,0.344,-10.85,29.31,45039.78,metal loss,External,12,0.041,,,1.89,1.81,7:41,,,0.7,154.5,,MFL-A/XT,,1160,65000,,1342,,,,,,,,
12500,,0.344,-15.56,24.6,45044.49,metal loss,External,10,0.034,,,0.43,0.75,6:40,,,0.7,154.83,,MFL-A/XT,,1160,65000,,1342,,,,,,,,
12500,,0.344,-15.61,24.55,45044.54,metal loss,External,13,0.045,,,0.43,0.71,6:47,,,0.7,154.83,,MFL-A/XT,,1160,65000,,1342,1474.95,2047.93,,,,,,
12500,,0.344,-39.08,1.09,45068,metal loss,External,12,0.041,,,0.39,0.79,6:36,,,0.7,156.78,,MFL-A/XT,,1160,65000,,1342,,,,,,,,
12500,,0.344,-39.18,0.98,45068.11,metal loss,External,11,0.038,,,1.65,1.81,5:58,,,0.7,156.79,,MFL-A/XT,,1160,65000,,1342,,,,,,,,
12510,40.14,0.344,,,45069.09,GirthWeld,,,,,,,,,,25,0.7,156.89,,,,1160,65000,,1342,,,,,,,,
12510,,0.344,-0.92,39.23,45070,metal loss,External,19,0.065,,,0.98,1.46,6:12,,,0.7,156.97,,MFL-A/XT,,1160,65000,,1342,1466.87,2036.71,,,,,,
12510,,0.344,-0.95,39.19,45070.04,metal loss,External,18,0.062,,,0.94,1.53,7:07,,,0.7,156.97,,MFL-A/XT,,1160,65000,,1342,1468.21,2038.57,,,,,,
12510,,0.344,-3.8,36.34,45072.89,metal loss,External,44,0.151,,,0.59,1.02,7:34,,,0.7,157.24,,MFL-A/XT,,1160,65000,,1342,1465.86,2035.31,1536.21,2132.99,1538.1,2135.61,0.76,1.84
12510,,0.344,-4.06,36.09,45073.14,metal loss,External,23,0.079,,,0.63,1.06,7:43,,,0.7,157.26,,MFL-A/XT,,1160,65000,,1342,1471.31,2042.88,1543.09,2142.54,1543.5,2143.11,0.75,1.85
12510,,0.344,-5.09,35.05,45074.18,metal loss,External,29,0.1,,,0.91,1.5,7:38,,,0.7,157.36,,MFL-A/XT,,1160,65000,,1342,1463.2,2031.61,1533.76,2129.58,1535.32,2131.75,0.76,1.84
12510,,0.344,-5.36,34.78,45074.45,metal loss,External,25,0.086,,,1.02,1.46,7:08,,,0.7,157.38,,MFL-A/XT,,1160,65000,,1342,1462.19,2030.21,1532.74,2128.17,1534.11,2130.08,0.76,1.83
12510,,0.344,-6.2,33.94,45075.29,metal loss,External,28,0.096,,,0.83,1.18,7:34,,,0.7,157.46,,MFL-A/XT,,1160,65000,,1342,1465.56,2034.89,1536.49,2133.37,1537.71,2135.07,0.75,1.84
12510,,0.344,-7.44,32.7,45076.53,metal loss,External,22,0.076,,,0.75,1.26,7:19,,,0.7,157.58,,MFL-A/XT,,1160,65000,,1342,1469.69,2040.62,1541.29,2140.04,1541.78,2140.73,0.75,1.84
12510,,0.344,-8.41,31.73,45077.5,metal loss,External,14,0.048,,,0.55,0.98,7:26,,,0.7,157.67,,MFL-A/XT,,1160,65000,,1342,1474.01,2046.62,,,,,,
12510,,0.344,-14.07,26.07,45083.16,metal loss,External,17,0.058,,,1.34,2.91,5:49,,,0.7,158.2,,MFL-A/XT,,1160,65000,,1342,1461.95,2029.88,,,,,,
12510,,0.344,-14.2,25.94,45083.29,metal loss,External,14,0.048,,,0.79,0.98,6:28,,,0.7,158.21,,MFL-A/XT,,1160,65000,,1342,1471.8,2043.55,,,,,,
12510,,0.344,-14.6,25.54,45083.69,metal loss,External,30,0.103,,,1.02,1.46,6:32,,,0.7,158.25,,MFL-A/XT,,1160,65000,,1342,1459.1,2025.92,1528.99,2122.96,1531.13,2125.93,0.76,1.83
12510,,0.344,-14.94,25.21,45084.03,metal loss,External,21,0.072,,,0.71,1.26,6:25,,,0.7,158.28,,MFL-A/XT,,1160,65000,,1342,1470.59,2041.88,1542.31,2141.46,1542.69,2141.99,0.75,1.85
12510,,0.344,-15.11,25.03,45084.2,metal loss,External,11,0.038,,,1.02,2.44,5:42,,,0.7,158.3,,MFL-A/XT,,1160,65000,,1342,,,,,,,,
12510,,0.344,-15.4,24.74,45084.49,metal loss,External,11,0.038,,,0.71,1.18,7:34,,,0.7,158.32,,MFL-A/XT,,1160,65000,,1342,,,,,,,,
12510,,0.344,-16.67,23.47,45085.76,metal loss,External,14,0.048,,,0.87,1.38,8:53,,,0.7,158.44,,MFL-A/XT,,1160,65000,,1342,1471,2042.45,,,,,,
12510,,0.344,-17.65,22.49,45086.74,metal loss,External,10,0.034,,,1.22,1.97,7:44,,,0.7,158.54,,MFL-A/XT,,1160,65000,,1342,,,,,,,,
12510,,0.344,-19.11,21.03,45088.2,metal loss,External,10,0.034,,,0.67,1.02,7:47,,,0.7,158.67,,MFL-A/XT,,1160,65000,,1342,,,,,,,,
12510,,0.344,-19.68,20.46,45088.77,metal loss,External,20,0.069,,,0.67,1.34,7:44,,,0.7,158.72,,MFL-A/XT,,1160,65000,,1342,1471.4,2043.01,1543.23,2142.73,1543.51,2143.12,0.75,1.85
12510,,0.344,-20.02,20.12,45089.11,metal loss,External,20,0.069,,,0.75,1.1,7:09,,,0.7,158.76,,MFL-A/XT,,1160,65000,,1342,1470.37,2041.57,1542.08,2141.13,1542.41,2141.6,0.75,1.85
12510,,0.344,-20.7,19.44,45089.79,metal loss,External,23,0.079,,,0.55,1.06,7:00,,,0.7,158.82,,MFL-A/XT,,1160,65000,,1342,1472.35,2044.32,1544.24,2144.15,1544.57,2144.59,0.75,1.85
12510,,0.344,-21.02,19.12,45090.11,metal loss,External,20,0.069,,,0.67,1.14,6:50,,,0.7,158.85,,MFL-A/XT,,1160,65000,,1342,1471.4,2043.01,1543.23,2142.73,1543.51,2143.12,0.75,1.85
12510,,0.344,-21.2,18.94,45090.29,metal loss,External,15,0.052,,,0.71,2.21,6:46,,,0.7,158.87,,MFL-A/XT,,1160,65000,,1342,1472.37,2044.34,,,,,,
12510,,0.344,-21.34,18.8,45090.43,metal loss,External,11,0.038,,,0.51,0.94,7:10,,,0.7,158.88,,MFL-A/XT,,1160,65000,,1342,,,,,,,,
12510,,0.344,-21.45,18.7,45090.54,metal loss,External,24,0.083,,,0.55,0.98,6:59,,,0.7,158.89,,MFL-A/XT,,1160,65000,,1342,1472.15,2044.04,1544.01,2143.82,1544.38,2144.33,0.75,1.85
12520,40.04,0.344,,,45109.23,GirthWeld,,,,,,,,,,,0.7,160.53,,,,1160,65000,,1342,,,,,,,,
12520,,,,,45141.18,AGM,,,,,,,,,AGM#18 AT PLM/ ON ROW,,,162.83,,,,,,,,,,,,,,,
12530,33.07,0.344,,,45149.27,GirthWeld,,,,,,,,,,7,0.7,163.34,,,,1160,65000,,1342,,,,,,,,
12530,,0.344,-0.8,32.27,45150.07,metal loss,External,10,0.034,,,0.55,1.73,1:51,,,0.7,163.4,,MFL-A/XT,,1160,65000,,1342,,,,,,,,
12530,,0.344,-28.97,4.1,45178.24,metal loss,External,19,0.065,,,1.38,1.97,2:06,,,0.7,165.14,,MFL-A/XT,,1160,65000,,1342,1459.02,2025.81,,,,,,
12530,,0.344,-29.2,3.87,45178.47,metal loss,External,11,0.038,,,0.51,0.79,2:47,,,0.7,165.16,,MFL-A/XT,,1160,65000,,1342,,,,,,,,
12530,,,,,45179.53,Attachment,,,,,,,,6:00,Repair Marker,,,165.22,,,,,,,,,,,,,,,
12530,,0.344,-30.79,2.29,45180.05,metal loss,External,16,0.055,,,0.55,1.06,2:45,Recoat,,0.7,165.25,,MFL-A/XT,,1160,65000,,1342,1473.66,2046.14,,,,,,
12530,,0.344,-31.14,1.93,45180.41,metal loss,External,20,0.069,,,1.06,1.58,2:54,Recoat,,0.7,165.28,,MFL-A/XT,,1160,65000,,1342,1464.93,2034.02,1535.98,2132.67,1536.64,2133.58,0.76,1.84
12530,,0.344,-31.16,1.91,45180.43,metal loss,External,10,0.034,,,0.51,1.26,5:44,Recoat,,0.7,165.28,,MFL-A/XT,,1160,65000,,1342,,,,,,,,
12530,,0.344,-31.23,1.85,45180.5,metal loss,External,13,0.045,,,0.63,1.65,3:48,Recoat,,0.7,165.28,,MFL-A/XT,,1160,65000,,1342,1473.54,2045.97,,,,,,
12540,22.21,0.344,,,45182.34,GirthWeld,,,,,,,,,,8,0.7,165.39,,,,1160,65000,,1342,,,,,,,,
12540,,,,,45182.53,Area Start Composite Wrap,,,,,,,,,Repair Marker @12:00 2012 Dig #30,,,165.4,,,,,,,,,,,,,,,
12540,,0.344,-0.76,21.45,45183.1,cluster,External,53,0.182,,,1.36,5.07,11:46,Repaired?,,0.7,165.44,,,,1160,65000,,1342,1416.65,1966.99,1473.87,2046.43,1505.34,2090.13,0.79,1.76
12540,,0.344,-0.8,21.41,45183.14,metal loss,External,14,0.048,,,1.26,2.21,1:43,Repaired?,,0.7,165.44,,MFL-A/XT,,1160,65000,,1342,1465.78,2035.2,,,,,,
12540,,,,,45184.03,Area End Composite Wrap,,,,,,,,,Repair Marker @12:00 2012 Dig #30,,,165.49,,,,,,,,,,,,,,,
12540,,,,,45184.17,Attachment,,,,,,,,5:00,Repair Marker,,,165.5,,,,,,,,,,,,,,,
12540,,0.344,-14.84,7.37,45197.18,metal loss,External,39,0.134,,,0.79,1.38,3:05,,,0.7,166.24,,MFL-A/XT,,1160,65000,,1342,1461.27,2028.94,1531.05,2125.82,1533.47,2129.19,0.76,1.83
12540,,0.344,-15.28,6.93,45197.62,metal loss,External,14,0.048,,,1.81,0.59,3:36,,,0.7,166.26,,MFL-A/XT,,1160,65000,,1342,1456.85,2022.8,,,,,,
12540,,0.344,-17.71,4.5,45200.05,metal loss,External,14,0.048,,,0.67,1.06,1:58,,,0.7,166.39,,MFL-A/XT,,1160,65000,,1342,1473.1,2045.36,,,,,,
12540,,0.344,-18.23,3.98,45200.57,metal loss,External,10,0.034,,,0.51,1.06,2:00,,,0.7,166.41,,MFL-A/XT,,1160,65000,,1342,,,,,,,,
12540,,0.344,-21.75,0.46,45204.09,metal loss,External,10,0.034,,,0.51,1.14,1:40,,,0.7,166.59,,MFL-A/XT,,1160,65000,,1342,,,,,,,,
12540,,0.344,-22.06,0.15,45204.4,metal loss,External,24,0.083,,,0.87,1.38,1:18,near girth weld,,0.7,166.61,,MFL-A/XT,,1160,65000,,1342,1466.36,2036.01,1537.51,2134.79,1538.41,2136.04,0.75,1.84
12550,40.18,0.344,,,45204.55,GirthWeld,,,,,,,,,,10,0.7,166.62,,,,1160,65000,,1342,,,,,,,,
12550,,0.344,-0.46,39.72,45205.01,metal loss,External,11,0.038,,,1.81,2.09,1:44,,,0.7,166.64,,MFL-A/XT,,1160,65000,,1342,,,,,,,,
12550,,0.344,-0.51,39.67,45205.06,metal loss,External,15,0.052,,,2.24,0.83,2:13,,,0.7,166.64,,MFL-A/XT,,1160,65000,,1342,1447.22,2009.43,,,,,,
12550,,0.344,-0.93,39.25,45205.47,metal loss,External,14,0.048,,,1.42,1.58,4:21,,,0.7,166.66,,MFL-A/XT,,1160,65000,,1342,1463.4,2031.9,,,,,,
12550,,0.344,-1.28,38.91,45205.82,metal loss,External,18,0.062,,,0.67,0.87,4:26,,,0.7,166.68,,MFL-A/XT,,1160,65000,,1342,1471.95,2043.76,,,,,,
12550,,0.344,-1.66,38.52,45206.21,metal loss,External,11,0.038,,,0.63,1.22,2:50,,,0.7,166.7,,MFL-A/XT,,1160,65000,,1342,,,,,,,,
12550,,0.344,-2.14,38.04,45206.69,metal loss,External,26,0.089,,,0.87,1.22,4:23,,,0.7,166.72,,MFL-A/XT,,1160,65000,,1342,1465.65,2035.02,1536.66,2133.61,1537.75,2135.13,0.75,1.84
12550,,,,,45208.33,Attachment,,,,,,,,6:00,Repair Marker,,,166.81,,,,,,,,,,,,,,,
12550,,0.344,-4.94,35.24,45209.49,metal loss,External,21,0.072,,,0.63,1.1,3:51,Recoat,,0.7,166.86,,MFL-A/XT,,1160,65000,,1342,1471.8,2043.56,1543.66,2143.33,1543.96,2143.75,0.75,1.85
12550,,0.344,-5.74,34.44,45210.29,metal loss,External,17,0.058,,,1.85,3.94,3:41,Recoat,,0.7,166.9,,MFL-A/XT,,1160,65000,,1342,1451.23,2015,,,,,,
12550,,,,,45211.59,Attachment,,,,,,,,6:00,Repair Marker,,,166.96,,,,,,,,,,,,,,,
12550,,0.344,-17.94,22.25,45222.48,metal loss,External,22,0.076,,,0.83,1.18,4:17,,,0.7,167.39,,MFL-A/XT,,1160,65000,,1342,1468.43,2038.88,1539.88,2138.09,1540.48,2138.91,0.75,1.84
12550,,0.344,-34.39,5.79,45238.94,metal loss,External,10,0.034,,,0.35,0.59,5:51,,,0.7,167.78,,MFL-A/XT,,1160,65000,,1342,,,,,,,,
12550,,,,,45243.3,Attachment,,,,,,,,5:00,Repair Marker @12:00 2012 Dig #31 Recoat,,,167.82,,,,,,,,,,,,,,,
12560,6.7,0.344,,,45244.73,GirthWeld,,,,,,,,,,2,0.7,167.83,,,,1160,65000,,1342,,,,,,,,
12560,,0.344,-1.54,5.16,45246.27,metal loss,External,22,0.076,,,0.63,1.61,5:29,Recoat,,0.7,167.84,,MFL-A/XT,,1160,65000,,1342,1471.38,2042.98,1543.18,2142.67,1543.55,2143.18,0.75,1.85
12560,,0.344,-1.77,4.93,45246.5,metal loss,External,34,0.117,,,0.75,2.17,4:52,Recoat,,0.7,167.84,,MFL-A/XT,,1160,65000,,1342,1465.13,2034.29,1535.79,2132.4,1537.37,2134.6,0.76,1.84
12560,,,,,45246.91,Attachment,,,,,,,,5:30,Repair Marker @12:00 2012 Dig #31 Recoat,,,167.84,,,,,,,,,,,,,,,
12570,40.28,0.344,,,45251.43,GirthWeld,,,,,,,,,,,0.7,167.84,,,,1160,65000,,1342,,,,,,,,
12580,40.1,0.344,,,45291.71,GirthWeld,,,,,,,,,,,0.7,162.77,,,,1160,65000,,1342,,,,,,,,
12590,40.08,0.344,,,45331.8,GirthWeld,,,,,,,,,,4,0.7,152.14,,,,1160,65000,,1342,,,,,,,,
12590,,0.344,-38.58,1.5,45370.38,metal loss,External,13,0.045,,,0.55,0.91,5:56,,,0.7,138.75,,MFL-A/XT,,1160,65000,,1342,1474.18,2046.86,,,,,,
12590,,0.344,-38.66,1.42,45370.46,metal loss,External,12,0.041,,,0.63,1.22,5:59,,,0.7,138.72,,MFL-A/XT,,1160,65000,,1342,,,,,,,,
12590,,0.344,-38.82,1.26,45370.62,metal loss,External,24,0.083,,,1.22,1.38,6:19,,,0.7,138.66,,MFL-A/XT,,1160,65000,,1342,1458,2024.4,1527.98,2121.56,1529.65,2123.88,0.76,1.83
12590,,0.344,-39.22,0.86,45371.02,metal loss,External,12,0.041,,,0.55,1.73,4:17,,,0.7,138.51,,MFL-A/XT,,1160,65000,,1342,,,,,,,,
12600,40.08,0.344,,,45371.88,GirthWeld,,,,,,,,,,,0.7,138.2,,,,1160,65000,,1342,,,,,,,,
12610,40.04,0.344,,,45411.96,GirthWeld,,,,,,,,,,,0.7,122.73,,,,1160,65000,,1342,,,,,,,,
12620,40.04,0.344,,,45452,GirthWeld,,,,,,,,,,,0.7,106.63,,,,1160,65000,,1342,,,,,,,,
12630,40.06,0.344,,,45492.04,GirthWeld,,,,,,,,,,,0.7,90.76,,,,1160,65000,,1342,,,,,,,,
12640,40,0.344,,,45532.1,GirthWeld,,,,,,,,,,,0.7,76.5,,,,1160,65000,,1342,,,,,,,,
12650,40.2,0.344,,,45572.1,GirthWeld,,,,,,,,,,,0.7,64.73,,,,1160,65000,,1342,,,,,,,,
12660,8.19,0.5,,,45612.3,GirthWeld,,,,,,,,,,,0.7,54.36,,,,1160,60000,,1800,,,,,,,,
12660,,,,,45616.55,Bend,,,,,,,,,5.8D -  19° - Sag,,,53.76,,,,,,,,,,,,,,,
12670,40.41,0.344,,,45620.49,GirthWeld,,,,,,,,,,,0.7,54.44,,,,1160,65000,,1342,,,,,,,,
12680,21.29,0.344,,,45660.91,GirthWeld,,,,,,,,,,,0.7,63.09,,,,1160,65000,,1342,,,,,,,,
12690,40.06,0.344,,,45682.2,GirthWeld,,,,,,,,,,,0.7,67.51,,,,1160,65000,,1342,,,,,,,,
12700,25.54,0.344,,,45722.26,GirthWeld,,,,,,,,,,,0.7,77.15,,,,1160,65000,,1342,,,,,,,,
12710,40.03,0.344,,,45747.8,GirthWeld,,,,,,,,,,5,0.7,84.34,,,,1160,65000,,1342,,,,,,,,
12710,,0.344,-0.54,39.49,45748.34,cluster,External,28,0.096,,,1.33,4.8,4:52,,,0.7,84.49,,,,1160,65000,,1342,1450.59,2014.11,1519.2,2109.37,1522.53,2113.99,0.76,1.82
12710,,0.344,-0.56,39.47,45748.36,metal loss,External,19,0.065,,,1.73,2.99,4:00,,,0.7,84.5,,MFL-A/XT,,1160,65000,,1342,1451.09,2014.8,,,,,,
12710,,0.344,-0.57,39.46,45748.38,metal loss,External,15,0.052,,,2.01,4.33,6:17,,,0.7,84.5,,MFL-A/XT,,1160,65000,,1342,1451.75,2015.72,,,,,,
12710,,0.344,-0.62,39.41,45748.42,metal loss,External,11,0.038,,,0.94,1.3,3:22,,,0.7,84.52,,MFL-A/XT,,1160,65000,,1342,,,,,,,,
12710,,0.344,-0.64,39.39,45748.44,metal loss,External,20,0.069,,,0.75,1.34,3:01,,,0.7,84.52,,MFL-A/XT,,1160,65000,,1342,1470.37,2041.57,1542.08,2141.13,1542.41,2141.6,0.75,1.85
12720,25.23,0.344,,,45787.83,GirthWeld,,,,,,,,,,1,0.7,96.22,,,,1160,65000,,1342,,,,,,,,
12720,,0.344,-25.03,0.19,45812.87,metal loss,External,10,0.034,,,0.59,1.02,4:55,near girth weld,,0.7,104.21,,MFL-A/XT,,1160,65000,,1342,,,,,,,,
12730,40.02,0.344,,,45813.06,GirthWeld,,,,,,,,,,1,1,104.27,,,,1160,65000,,1342,,,,,,,,
12730,,0.344,-1.15,38.87,45814.21,metal loss,External,13,0.045,,,1.5,0.59,3:16,,,1,104.65,,MFL-A/XT,,1160,65000,,1342,1463.16,2031.56,,,,,,
12740,40.03,0.344,,,45853.08,GirthWeld,,,,,,,,,,,1,117.58,,,,1160,65000,,1342,,,,,,,,
12750,18.47,0.344,,,45893.11,GirthWeld,,,,,,,,,,,1,130.59,,,,1160,65000,,1342,,,,,,,,
12760,40.1,0.344,,,45911.58,GirthWeld,,,,,,,,,,,1,135.84,,,,1160,65000,,1342,,,,,,,,
12770,31.8,0.344,,,45951.67,GirthWeld,,,,,,,,,,,0.7,146.59,,,,1160,65000,,1342,,,,,,,,
12780,40.11,0.344,,,45983.47,GirthWeld,,,,,,,,,,1,0.7,153.85,,,,1160,65000,,1342,,,,,,,,
12780,,0.344,-39.01,1.1,46022.48,metal loss,External,27,0.093,,,1.61,2.36,7:36,,,0.7,162.54,,MFL-A/XT,,1160,65000,,1342,1442.29,2002.58,1509.49,2095.89,1513.23,2101.08,0.77,1.81
12790,40.18,0.344,,,46023.58,GirthWeld,,,,,,,,,,2,0.7,162.75,,,,1160,65000,,1342,,,,,,,,
12790,,0.344,-0.71,39.46,46024.29,metal loss,External,14,0.048,,,0.32,1.14,7:36,,,0.7,162.89,,MFL-A/XT,,1160,65000,,1342,1475.43,2048.6,,,,,,
12790,,0.344,-20.6,19.58,46044.18,metal loss,External,17,0.058,,,1.22,1.46,5:23,,,0.7,165.91,,MFL-A/XT,,1160,65000,,1342,1464.15,2032.94,,,,,,
12800,40.24,0.344,,,46063.76,GirthWeld,,,,,,,,,,47,0.7,166.84,,,,1160,65000,,1342,,,,,,,,
12800,,0.344,-18.61,21.63,46082.37,metal loss,External,23,0.079,,,1.26,1.77,5:34,,,0.7,166.66,,MFL-A/XT,,1160,65000,,1342,1457.97,2024.35,1527.98,2121.56,1529.52,2123.7,0.76,1.83
12800,,0.344,-18.96,21.27,46082.72,metal loss,External,20,0.069,,,0.71,1.14,5:23,,,0.7,166.64,,MFL-A/XT,,1160,65000,,1342,1470.9,2042.3,1542.66,2141.95,1542.97,2142.38,0.75,1.85
12800,,0.344,-19.08,21.16,46082.84,metal loss,External,11,0.038,,,0.83,1.02,4:28,,,0.7,166.64,,MFL-A/XT,,1160,65000,,1342,,,,,,,,
12800,,0.344,-19.31,20.93,46083.07,metal loss,External,34,0.117,,,1.02,1.58,5:14,,,0.7,166.62,,MFL-A/XT,,1160,65000,,1342,1456.19,2021.88,1525.38,2117.95,1528.23,2121.91,0.76,1.83
12800,,0.344,-19.81,20.43,46083.56,metal loss,External,10,0.034,,,1.77,2.09,5:34,,,0.7,166.6,,MFL-A/XT,,1160,65000,,1342,,,,,,,,
12800,,0.344,-19.81,20.42,46083.57,metal loss,External,13,0.045,,,1.81,0.59,5:19,,,0.7,166.6,,MFL-A/XT,,1160,65000,,1342,1458.35,2024.88,,,,,,
12800,,0.344,-19.88,20.36,46083.64,metal loss,External,17,0.058,,,0.94,0.59,5:30,,,0.7,166.6,,MFL-A/XT,,1160,65000,,1342,1468.52,2039.01,,,,,,
12800,,0.344,-20.13,20.11,46083.89,metal loss,External,15,0.052,,,0.83,1.06,4:28,,,0.7,166.59,,MFL-A/XT,,1160,65000,,1342,1471.03,2042.48,,,,,,
12800,,0.344,-20.66,19.57,46084.42,metal loss,External,17,0.058,,,2.24,1.14,5:20,,,0.7,166.56,,MFL-A/XT,,1160,65000,,1342,1442.96,2003.52,,,,,,
12800,,0.344,-20.71,19.52,46084.47,metal loss,External,14,0.048,,,0.79,1.06,4:27,,,0.7,166.56,,MFL-A/XT,,1160,65000,,1342,1471.92,2043.73,,,,,,
12800,,0.344,-21.08,19.15,46084.84,metal loss,External,24,0.083,,,0.75,0.98,4:28,,,0.7,166.54,,MFL-A/XT,,1160,65000,,1342,1468.76,2039.34,1540.21,2138.55,1540.89,2139.49,0.75,1.84
12800,,0.344,-21.24,19,46085,metal loss,External,12,0.041,,,1.93,1.38,5:23,,,0.7,166.53,,MFL-A/XT,,1160,65000,,1342,,,,,,,,
12800,,0.344,-21.66,18.57,46085.42,metal loss,External,11,0.038,,,1.1,1.5,5:28,,,0.7,166.51,,MFL-A/XT,,1160,65000,,1342,,,,,,,,
12800,,0.344,-21.87,18.36,46085.63,metal loss,External,15,0.052,,,1.69,1.73,4:26,,,0.7,166.5,,MFL-A/XT,,1160,65000,,1342,1457.54,2023.76,,,,,,
12800,,0.344,-21.97,18.27,46085.72,metal loss,External,10,0.034,,,0.71,1.02,5:29,,,0.7,166.5,,MFL-A/XT,,1160,65000,,1342,,,,,,,,
12800,,0.344,-22.22,18.02,46085.98,metal loss,External,11,0.038,,,2.13,1.02,4:29,,,0.7,166.48,,MFL-A/XT,,1160,65000,,1342,,,,,,,,
12800,,0.344,-22.86,17.38,46086.62,cluster,External,28,0.096,,,1.57,3.42,5:29,,,0.7,166.45,,,,1160,65000,,1342,1442.41,2002.74,1509.57,2096,1518.52,2108.42,0.77,1.81
12800,,0.344,-22.88,17.36,46086.64,metal loss,External,10,0.034,,,1.58,1.65,5:05,,,0.7,166.45,,MFL-A/XT,,1160,65000,,1342,,,,,,,,
12800,,0.344,-23.52,16.72,46087.28,metal loss,External,31,0.107,,,0.94,1.26,4:26,,,0.7,166.41,,MFL-A/XT,,1160,65000,,1342,1460.64,2028.06,1530.73,2125.38,1532.75,2128.18,0.76,1.83
12800,,0.344,-23.56,16.67,46087.32,metal loss,External,20,0.069,,,0.87,1.14,5:25,,,0.7,166.41,,MFL-A/XT,,1160,65000,,1342,1468.45,2038.9,1539.94,2138.16,1540.38,2138.79,0.75,1.84
12800,,0.344,-23.86,16.38,46087.61,metal loss,External,19,0.065,,,0.71,1.18,5:24,,,0.7,166.39,,MFL-A/XT,,1160,65000,,1342,1471.2,2042.72,,,,,,
12800,,0.344,-23.97,16.26,46087.73,metal loss,External,10,0.034,,,0.94,1.18,4:26,,,0.7,166.38,,MFL-A/XT,,1160,65000,,1342,,,,,,,,
12800,,0.344,-24.21,16.02,46087.97,metal loss,External,13,0.045,,,0.83,1.06,4:29,,,0.7,166.37,,MFL-A/XT,,1160,65000,,1342,1471.78,2043.53,,,,,,
12800,,0.344,-24.57,15.67,46088.33,metal loss,External,14,0.048,,,0.79,1.14,5:18,,,0.7,166.35,,MFL-A/XT,,1160,65000,,1342,1471.92,2043.73,,,,,,
12800,,0.344,-24.76,15.47,46088.52,metal loss,External,16,0.055,,,0.71,1.22,5:18,,,0.7,166.34,,MFL-A/XT,,1160,65000,,1342,1472.08,2043.95,,,,,,
12800,,0.344,-24.79,15.45,46088.55,metal loss,External,10,0.034,,,0.75,1.02,4:30,,,0.7,166.33,,MFL-A/XT,,1160,65000,,1342,,,,,,,,
12800,,0.344,-25.16,15.08,46088.91,metal loss,External,13,0.045,,,1.38,1.5,5:23,,,0.7,166.31,,MFL-A/XT,,1160,65000,,1342,1464.91,2034,,,,,,
12800,,0.344,-25.41,14.82,46089.17,metal loss,External,11,0.038,,,0.51,1.14,5:20,,,0.7,166.29,,MFL-A/XT,,1160,65000,,1342,,,,,,,,
12800,,0.344,-25.69,14.54,46089.45,metal loss,External,17,0.058,,,0.98,1.18,4:30,,,0.7,166.28,,MFL-A/XT,,1160,65000,,1342,1467.97,2038.24,,,,,,
12800,,0.344,-25.75,14.48,46089.51,metal loss,External,12,0.041,,,0.91,1.46,5:18,,,0.7,166.27,,MFL-A/XT,,1160,65000,,1342,,,,,,,,
12800,,0.344,-26.07,14.17,46089.83,metal loss,External,13,0.045,,,0.79,1.3,5:24,,,0.7,166.25,,MFL-A/XT,,1160,65000,,1342,1472.26,2044.19,,,,,,
12800,,0.344,-26.28,13.96,46090.03,metal loss,External,16,0.055,,,0.83,1.18,4:28,,,0.7,166.24,,MFL-A/XT,,1160,65000,,1342,1470.64,2041.95,,,,,,
12800,,0.344,-26.44,13.8,46090.2,metal loss,External,19,0.065,,,0.71,1.34,5:19,,,0.7,166.23,,MFL-A/XT,,1160,65000,,1342,1471.2,2042.72,,,,,,
12800,,0.344,-27.62,12.61,46091.38,metal loss,External,14,0.048,,,0.94,1.1,4:39,,,0.7,166.14,,MFL-A/XT,,1160,65000,,1342,1470.01,2041.08,,,,,,
12800,,0.344,-28.17,12.06,46091.93,metal loss,External,14,0.048,,,1.18,1.53,4:30,,,0.7,166.1,,MFL-A/XT,,1160,65000,,1342,1466.83,2036.65,,,,,,
12800,,0.344,-28.88,11.35,46092.64,metal loss,External,10,0.034,,,0.32,1.5,4:30,,,0.7,166.05,,MFL-A/XT,,1160,65000,,1342,,,,,,,,
12800,,0.344,-29.01,11.23,46092.77,metal loss,External,11,0.038,,,2.13,1.58,5:24,,,0.7,166.04,,MFL-A/XT,,1160,65000,,1342,,,,,,,,
12800,,0.344,-29.35,10.88,46093.11,metal loss,External,13,0.045,,,0.87,1.14,5:27,,,0.7,166.01,,MFL-A/XT,,1160,65000,,1342,1471.41,2043.01,,,,,,
12800,,0.344,-29.8,10.43,46093.56,metal loss,External,11,0.038,,,1.97,0.59,4:26,,,0.7,165.98,,MFL-A/XT,,1160,65000,,1342,,,,,,,,
12800,,0.344,-29.87,10.36,46093.63,metal loss,External,17,0.058,,,1.42,4.41,4:57,,,0.7,165.97,,MFL-A/XT,,1160,65000,,1342,1460.34,2027.65,,,,,,
12800,,0.344,-30.12,10.11,46093.88,metal loss,External,19,0.065,,,1.34,1.65,5:16,,,0.7,165.95,,MFL-A/XT,,1160,65000,,1342,1459.8,2026.89,,,,,,
12800,,0.344,-30.28,9.95,46094.04,metal loss,External,16,0.055,,,1.22,1.34,4:29,,,0.7,165.94,,MFL-A/XT,,1160,65000,,1342,1464.94,2034.03,,,,,,
12800,,0.344,-30.7,9.53,46094.46,metal loss,External,15,0.052,,,0.67,1.26,5:12,,,0.7,165.91,,MFL-A/XT,,1160,65000,,1342,1472.85,2045.02,,,,,,
12800,,0.344,-30.88,9.36,46094.64,metal loss,External,11,0.038,,,0.83,1.26,5:15,,,0.7,165.89,,MFL-A/XT,,1160,65000,,1342,,,,,,,,
12800,,0.344,-39.21,1.03,46102.96,metal loss,External,22,0.076,,,0.71,1.06,6:23,,,0.7,165.16,,MFL-A/XT,,1160,65000,,1342,1470.28,2041.44,1541.95,2140.96,1542.4,2141.58,0.75,1.85
12800,,0.344,-39.26,0.98,46103.01,metal loss,External,14,0.048,,,0.83,1.38,7:13,,,0.7,165.16,,MFL-A/XT,,1160,65000,,1342,1471.54,2043.19,,,,,,
12800,,0.344,-39.31,0.93,46103.07,cluster,External,32,0.11,,,1.38,3.5,5:06,,,0.7,165.15,,,,1160,65000,,1342,1444.48,2005.62,1511.74,2099.01,1523.54,2115.4,0.77,1.81
12810,40.14,0.344,,,46103.99,GirthWeld,,,,,,,,,,,1,165.07,,,,1160,65000,,1342,,,,,,,,
12820,40.11,0.344,,,46144.13,GirthWeld,,,,,,,,,,6,1,160.73,,,,1160,65000,,1342,,,,,,,,
12820,,0.344,-39.12,0.99,46183.26,metal loss,External,25,0.086,,,0.55,1.22,7:40,,,1,156.19,,MFL-A/XT,,1160,65000,,1342,1471.95,2043.76,1543.77,2143.49,1544.19,2144.07,0.75,1.85
12820,,0.344,-39.2,0.91,46183.33,cluster,External,45,0.155,,,1.54,4.61,4:51,,,1,156.18,,,,1160,65000,,1342,1416.84,1967.24,1476.27,2049.77,1483.05,2059.18,0.79,1.77
12820,,0.344,-39.21,0.91,46183.34,metal loss,External,12,0.041,,,0.98,1.69,7:05,,,1,156.18,,MFL-A/XT,,1160,65000,,1342,,,,,,,,
12820,,0.344,-39.21,0.9,46183.35,metal loss,External,60,0.206,,,0.75,0.77,3:25,,,1,156.18,,MFL-A/XT,,1160,65000,,1342,1450.49,2013.96,1515.35,2104.02,1521.89,2113.1,0.77,1.81
12820,,0.344,-39.26,0.86,46183.39,metal loss,External,40,0.138,,,0.63,2.64,4:02,,,1,156.17,,MFL-A/XT,,1160,65000,,1342,1466.42,2036.08,1537.06,2134.16,1538.68,2136.42,0.75,1.84
12820,,0.344,-39.29,0.83,46183.42,metal loss,External,15,0.052,,,1.61,1.38,6:00,,,1,156.17,,MFL-A/XT,,1160,65000,,1342,1459.05,2025.86,,,,,,
12830,40.16,0.344,,,46184.25,GirthWeld,,,,,,,,,,8,0.7,156.08,,,,1160,65000,,1342,,,,,,,,
12830,,0.344,-20.6,19.55,46204.85,metal loss,External,16,0.055,,,1.1,1.81,5:42,,,0.7,154.04,,MFL-A/XT,,1160,65000,,1342,1466.69,2036.47,,,,,,
12830,,0.344,-20.7,19.45,46204.95,metal loss,External,15,0.052,,,0.79,1.06,6:47,,,0.7,154.03,,MFL-A/XT,,1160,65000,,1342,1471.45,2043.07,,,,,,
12830,,0.344,-21.18,18.98,46205.43,metal loss,External,10,0.034,,,0.63,1.14,6:47,,,0.7,153.99,,MFL-A/XT,,1160,65000,,1342,,,,,,,,
12830,,0.344,-23.18,16.97,46207.43,metal loss,External,25,0.086,,,0.67,1.26,6:19,,,0.7,153.82,,MFL-A/XT,,1160,65000,,1342,1469.97,2041.02,1541.56,2140.41,1542.17,2141.26,0.75,1.85
12830,,0.344,-23.19,16.97,46207.43,metal loss,External,15,0.052,,,0.79,0.75,6:52,,,0.7,153.82,,MFL-A/XT,,1160,65000,,1342,1471.45,2043.07,,,,,,
12830,,0.344,-23.85,16.31,46208.09,metal loss,External,23,0.079,,,0.79,1.65,6:13,,,0.7,153.77,,MFL-A/XT,,1160,65000,,1342,1468.47,2038.93,1539.91,2138.12,1540.56,2139.02,0.75,1.84
12830,,0.344,-24.25,15.91,46208.5,metal loss,External,20,0.069,,,0.83,1.34,6:30,,,0.7,153.74,,MFL-A/XT,,1160,65000,,1342,1469.24,2040.01,1540.82,2139.39,1541.23,2139.95,0.75,1.84
12830,,0.344,-24.35,15.81,46208.59,metal loss,External,10,0.034,,,0.83,1.3,5:17,,,0.7,153.73,,MFL-A/XT,,1160,65000,,1342,,,,,,,,
12840,40.16,0.344,,,46224.4,GirthWeld,,,,,,,,,,31,0.7,152.69,,,,1160,65000,,1342,,,,,,,,
12840,,0.344,-2.21,37.95,46226.61,metal loss,External,12,0.041,,,1.34,2.32,5:54,,,0.7,152.55,,MFL-A/XT,,1160,65000,,1342,,,,,,,,
12840,,0.344,-13.55,26.61,46237.96,metal loss,External,12,0.041,,,0.91,2.01,6:10,,,0.7,151.84,,MFL-A/XT,,1160,65000,,1342,,,,,,,,
12840,,0.344,-14.16,26,46238.56,metal loss,External,13,0.045,,,0.94,1.53,4:58,,,0.7,151.81,,MFL-A/XT,,1160,65000,,1342,1470.49,2041.74,,,,,,
12840,,0.344,-14.59,25.57,46239,cluster,External,19,0.065,,,2.17,1.93,5:26,,,0.7,151.79,,,,1160,65000,,1342,1440.52,2000.12,,,,,,
12840,,0.344,-14.83,25.33,46239.23,cluster,External,23,0.079,,,1.96,6.77,4:26,,,0.7,151.77,,,,1160,65000,,1342,1437.83,1996.39,1504.34,2088.74,1512.76,2100.43,0.77,1.8
12840,,0.344,-14.87,25.29,46239.28,metal loss,External,15,0.052,,,0.47,0.87,5:59,,,0.7,151.77,,MFL-A/XT,,1160,65000,,1342,1474.49,2047.29,,,,,,
12840,,0.344,-15.54,24.62,46239.95,metal loss,External,12,0.041,,,1.42,0.75,6:35,,,0.7,151.74,,MFL-A/XT,,1160,65000,,1342,,,,,,,,
12840,,0.344,-15.59,24.58,46239.99,metal loss,External,18,0.062,,,0.75,1.34,6:05,,,0.7,151.73,,MFL-A/XT,,1160,65000,,1342,1471.03,2042.48,,,,,,
12840,,0.344,-15.78,24.39,46240.18,metal loss,External,12,0.041,,,0.51,0.98,6:26,,,0.7,151.72,,MFL-A/XT,,1160,65000,,1342,,,,,,,,
12840,,0.344,-16.43,23.73,46240.84,metal loss,External,15,0.052,,,0.47,0.83,5:27,,,0.7,151.69,,MFL-A/XT,,1160,65000,,1342,1474.4,2047.17,,,,,,
12840,,0.344,-16.51,23.65,46240.92,metal loss,External,16,0.055,,,1.73,2.68,5:58,,,0.7,151.69,,MFL-A/XT,,1160,65000,,1342,1455.23,2020.55,,,,,,
12840,,0.344,-16.7,23.47,46241.1,metal loss,External,13,0.045,,,0.47,0.63,6:19,,,0.7,151.68,,MFL-A/XT,,1160,65000,,1342,1474.66,2047.53,,,,,,
12840,,0.344,-17,23.16,46241.41,metal loss,External,15,0.052,,,1.38,1.89,5:59,,,0.7,151.66,,MFL-A/XT,,1160,65000,,1342,1463,2031.34,,,,,,
12840,,0.344,-25.83,14.34,46250.23,metal loss,External,15,0.052,,,0.67,1.18,9:46,,,0.7,151.3,,MFL-A/XT,,1160,65000,,1342,1472.73,2044.85,,,,,,
12840,,0.344,-27.39,12.77,46251.8,metal loss,External,11,0.038,,,0.59,0.94,9:55,,,0.7,151.25,,MFL-A/XT,,1160,65000,,1342,,,,,,,,
12840,,0.344,-27.57,12.6,46251.97,metal loss,External,18,0.062,,,0.71,1.22,9:53,,,0.7,151.24,,MFL-A/XT,,1160,65000,,1342,1471.5,2043.14,,,,,,
12840,,0.344,-27.76,12.41,46252.16,metal loss,External,15,0.052,,,0.59,1.02,9:41,,,0.7,151.24,,MFL-A/XT,,1160,65000,,1342,1473.52,2045.95,,,,,,
12840,,0.344,-27.93,12.23,46252.34,metal loss,External,12,0.041,,,0.87,1.42,9:46,,,0.7,151.23,,MFL-A/XT,,1160,65000,,1342,,,,,,,,
12840,,0.344,-28.15,12.01,46252.56,metal loss,External,33,0.114,,,0.51,1.06,10:04,,,0.7,151.23,,MFL-A/XT,,1160,65000,,1342,1470.95,2042.38,1542.52,2141.75,1543.25,2142.76,0.75,1.85
12840,,0.344,-28.29,11.88,46252.69,metal loss,External,24,0.083,,,0.51,1.26,9:51,,,0.7,151.22,,MFL-A/XT,,1160,65000,,1342,1472.65,2044.74,1544.57,2144.6,1544.89,2145.05,0.75,1.85
12840,,0.344,-28.88,11.29,46253.28,metal loss,External,21,0.072,,,0.67,1.22,9:49,,,0.7,151.21,,MFL-A/XT,,1160,65000,,1342,1471.13,2042.62,1542.91,2142.29,1543.25,2142.76,0.75,1.85
12840,,0.344,-29.06,11.1,46253.47,metal loss,External,14,0.048,,,0.71,1.14,9:40,,,0.7,151.2,,MFL-A/XT,,1160,65000,,1342,1472.65,2044.73,,,,,,
12840,,0.344,-32.63,7.53,46257.04,metal loss,External,13,0.045,,,1.14,1.65,9:22,,,0.7,151.11,,MFL-A/XT,,1160,65000,,1342,1468.18,2038.53,,,,,,
12840,,0.344,-32.66,7.51,46257.06,metal loss,External,16,0.055,,,0.91,0.79,9:54,,,0.7,151.11,,MFL-A/XT,,1160,65000,,1342,1469.69,2040.63,,,,,,
12840,,,,,46263.24,Attachment,,,,,,,,5:00,Repair Marker @12:00 2012 Dig #32 Recoat,,,150.94,,,,,,,,,,,,,,,
12840,,0.344,-39.14,1.02,46263.54,metal loss,External,32,0.11,,,1.14,6.5,5:51,Recoat,,0.7,150.93,,MFL-A/XT,,1160,65000,,1342,1453.5,2018.15,1522.37,2113.77,1525.41,2118,0.76,1.82
12840,,0.344,-39.16,1.01,46263.56,metal loss,External,47,0.162,,,0.67,1.38,4:27,Recoat,,0.7,150.93,,MFL-A/XT,,1160,65000,,1342,1462.07,2030.04,1531.47,2126.41,1534.22,2130.22,0.76,1.83
12840,,0.344,-39.18,0.98,46263.59,metal loss,External,20,0.069,,,1.65,1.22,7:36,Recoat,,0.7,150.93,,MFL-A/XT,,1160,65000,,1342,1451.38,2015.21,1520.43,2111.08,1521.89,2113.1,0.76,1.82
12840,,0.344,-39.21,0.96,46263.61,metal loss,External,19,0.065,,,0.67,1.26,9:28,Recoat,,0.7,150.93,,MFL-A/XT,,1160,65000,,1342,1471.83,2043.6,,,,,,
12840,,0.344,-39.23,0.93,46263.64,metal loss,External,18,0.062,,,0.71,1.34,8:48,Recoat,,0.7,150.93,,MFL-A/XT,,1160,65000,,1342,1471.5,2043.14,,,,,,
12840,,0.344,-39.24,0.92,46263.64,metal loss,External,15,0.052,,,0.51,1.02,1:22,Recoat,,0.7,150.93,,MFL-A/XT,,1160,65000,,1342,1474.13,2046.79,,,,,,
12840,,0.344,-39.29,0.87,46263.7,metal loss,External,12,0.041,,,0.47,2.28,7:59,Recoat,,0.7,150.92,,MFL-A/XT,,1160,65000,,1342,,,,,,,,
12850,40.14,0.344,,,46264.57,GirthWeld,,,,,,,,,,28,0.7,150.9,,,,1160,65000,,1342,,,,,,,,
12850,,0.344,-0.79,39.35,46265.36,cluster,External,29,0.1,,,0.72,6.89,6:27,Recoat,,0.7,150.87,,,,1160,65000,,1342,1467.94,2038.2,1539.18,2137.11,1540.97,2139.59,0.75,1.84
12850,,0.344,-0.79,39.35,46265.36,cluster,External,32,0.11,,,0.67,4.17,8:59,Recoat,,0.7,150.87,,,,1160,65000,,1342,1467.83,2038.05,1538.97,2136.82,1540.34,2138.72,0.75,1.84
12850,,0.344,-0.8,39.34,46265.37,metal loss,External,13,0.045,,,0.83,1.97,2:32,Recoat,,0.7,150.87,,MFL-A/XT,,1160,65000,,1342,1471.78,2043.53,,,,,,
12850,,0.344,-0.8,39.34,46265.37,metal loss,External,37,0.127,,,0.51,1.3,8:01,Recoat,,0.7,150.87,,MFL-A/XT,,1160,65000,,1342,1470.38,2041.59,1541.79,2140.73,1542.69,2141.98,0.75,1.85
12850,,0.344,-0.81,39.33,46265.38,metal loss,External,26,0.089,,,0.55,1.93,3:42,Recoat,,0.7,150.87,,MFL-A/XT,,1160,65000,,1342,1471.74,2043.48,1543.53,2143.16,1544,2143.8,0.75,1.85
12850,,0.344,-0.82,39.33,46265.38,metal loss,External,10,0.034,,,0.83,1.42,3:08,Recoat,,0.7,150.87,,MFL-A/XT,,1160,65000,,1342,,,,,,,,
12850,,0.344,-0.82,39.32,46265.39,metal loss,External,18,0.062,,,1.14,3.03,4:29,Recoat,,0.7,150.87,,MFL-A/XT,,1160,65000,,1342,1464.7,2033.7,,,,,,
12850,,0.344,-0.85,39.29,46265.42,metal loss,External,17,0.058,,,0.51,0.91,10:01,Recoat,,0.7,150.86,,MFL-A/XT,,1160,65000,,1342,1473.82,2046.36,,,,,,
12850,,,,,46265.75,Attachment,,,,,,,,5:00,Repair Marker @12:00 2012 Dig #32 Recoat,,,150.85,,,,,,,,,,,,,,,
12850,,,,,46269.12,Area Start Sleeve,,,,,,,,,2012 Dig #32,,,150.72,,,,,,,,,,,,,,,
12850,,,,,46272.19,Area End Sleeve,,,,,,,,,2012 Dig #32,,,150.59,,,,,,,,,,,,,,,
12850,,0.344,-8.11,32.03,46272.68,metal loss,External,32,0.11,,,1.69,2.28,7:15,,,0.7,150.56,,MFL-A/XT,,1160,65000,,1342,1431.47,1987.56,1496.19,2077.43,1502.19,2085.76,0.78,1.79
12850,,0.344,-8.18,31.96,46272.75,metal loss,External,21,0.072,,,1.06,1.65,7:58,,,0.7,150.56,,MFL-A/XT,,1160,65000,,1342,1464.03,2032.77,1534.94,2131.23,1535.77,2132.38,0.76,1.84
12850,,0.344,-8.24,31.9,46272.81,metal loss,External,12,0.041,,,0.67,3.19,8:34,,,0.7,150.56,,MFL-A/XT,,1160,65000,,1342,,,,,,,,
12850,,0.344,-8.63,31.51,46273.2,metal loss,External,15,0.052,,,1.14,1.42,6:49,,,0.7,150.54,,MFL-A/XT,,1160,65000,,1342,1466.82,2036.64,,,,,,
12850,,0.344,-9.19,30.95,46273.76,metal loss,External,11,0.038,,,0.94,1.5,7:06,,,0.7,150.51,,MFL-A/XT,,1160,65000,,1342,,,,,,,,
12850,,0.344,-9.63,30.51,46274.2,metal loss,External,20,0.069,,,0.75,1.22,6:53,,,0.7,150.49,,MFL-A/XT,,1160,65000,,1342,1470.37,2041.57,1542.08,2141.13,1542.41,2141.6,0.75,1.85
12850,,0.344,-10.22,29.92,46274.79,metal loss,External,20,0.069,,,1.53,1.53,7:24,,,0.7,150.46,,MFL-A/XT,,1160,65000,,1342,1454.31,2019.28,1523.84,2115.82,1525.12,2117.59,0.76,1.82
12850,,0.344,-20.01,20.13,46284.58,metal loss,External,12,0.041,,,0.47,0.79,6:07,,,0.7,149.92,,MFL-A/XT,,1160,65000,,1342,,,,,,,,
12850,,0.344,-20.1,20.04,46284.67,metal loss,External,22,0.076,,,0.71,1.65,6:03,,,0.7,149.91,,MFL-A/XT,,1160,65000,,1342,1470.28,2041.44,1541.95,2140.96,1542.4,2141.58,0.75,1.85
12850,,0.344,-20.84,19.3,46285.4,cluster,External,25,0.086,,,0.79,4.21,7:19,,,0.7,149.87,,,,1160,65000,,1342,1467.76,2037.95,1539.07,2136.96,1540.16,2138.48,0.75,1.84
12850,,0.344,-21.13,19.01,46285.7,metal loss,External,18,0.062,,,0.55,1.02,6:52,,,0.7,149.86,,MFL-A/XT,,1160,65000,,1342,1473.3,2045.64,,,,,,
12850,,0.344,-21.55,18.59,46286.12,metal loss,External,13,0.045,,,1.73,2.17,5:33,,,0.7,149.84,,MFL-A/XT,,1160,65000,,1342,1459.67,2026.72,,,,,,
12850,,0.344,-21.64,18.5,46286.21,metal loss,External,15,0.052,,,0.67,1.18,9:03,,,0.7,149.83,,MFL-A/XT,,1160,65000,,1342,1472.85,2045.02,,,,,,
12850,,0.344,-22.19,17.95,46286.75,metal loss,External,13,0.045,,,0.43,0.67,9:16,,,0.7,149.8,,MFL-A/XT,,1160,65000,,1342,1474.95,2047.93,,,,,,
12850,,0.344,-22.27,17.87,46286.84,metal loss,External,21,0.072,,,0.51,1.22,9:07,,,0.7,149.8,,MFL-A/XT,,1160,65000,,1342,1473.16,2045.45,1545.17,2145.43,1545.37,2145.71,0.75,1.85
12850,,0.344,-22.61,17.53,46287.18,metal loss,External,10,0.034,,,0.75,1.46,6:23,,,0.7,149.78,,MFL-A/XT,,1160,65000,,1342,,,,,,,,
12850,,0.344,-23.92,16.22,46288.49,metal loss,External,32,0.11,,,1.14,1.53,5:53,,,0.7,149.72,,MFL-A/XT,,1160,65000,,1342,1453.07,2017.55,1521.86,2113.07,1524.96,2117.38,0.76,1.82
12850,,0.344,-29.32,10.82,46293.89,metal loss,External,11,0.038,,,0.83,1.53,6:13,,,0.7,149.49,,MFL-A/XT,,1160,65000,,1342,,,,,,,,
12850,,0.344,-29.78,10.36,46294.35,metal loss,External,14,0.048,,,1.18,1.77,6:12,,,0.7,149.48,,MFL-A/XT,,1160,65000,,1342,1467,2036.89,,,,,,
12850,,0.344,-31.3,8.84,46295.87,metal loss,External,10,0.034,,,1.18,1.69,5:46,,,0.7,149.42,,MFL-A/XT,,1160,65000,,1342,,,,,,,,
12860,40.09,0.344,,,46304.71,GirthWeld,,,,,,,,,,5,0.7,149.08,,,,1160,65000,,1342,,,,,,,,
12860,,0.344,-37.85,2.24,46342.56,metal loss,External,18,0.062,,,0.83,1.34,8:15,,,0.7,147.35,,MFL-A/XT,,1160,65000,,1342,1469.86,2040.86,,,,,,
12860,,0.344,-38,2.09,46342.71,metal loss,External,12,0.041,,,0.59,0.98,8:00,,,0.7,147.34,,MFL-A/XT,,1160,65000,,1342,,,,,,,,
12860,,0.344,-38.3,1.79,46343.01,metal loss,External,21,0.072,,,0.94,1.26,8:23,,,0.7,147.33,,MFL-A/XT,,1160,65000,,1342,1466.44,2036.11,1537.66,2135.01,1538.32,2135.93,0.75,1.84
12860,,0.344,-38.86,1.23,46343.57,metal loss,External,14,0.048,,,1.14,1.61,8:37,,,0.7,147.3,,MFL-A/XT,,1160,65000,,1342,1467.33,2037.36,,,,,,
12860,,0.344,-39.2,0.89,46343.91,metal loss,External,10,0.034,,,0.83,2.32,8:11,,,0.7,147.28,,MFL-A/XT,,1160,65000,,1342,,,,,,,,
12870,39.92,0.344,,,46344.8,GirthWeld,,,,,,,,,,4,0.7,147.24,,,,1160,65000,,1342,,,,,,,,
12870,,0.344,-0.78,39.14,46345.58,metal loss,External,11,0.038,,,0.79,1.53,3:41,,,0.7,147.2,,MFL-A/XT,,1160,65000,,1342,,,,,,,,
12870,,0.344,-0.79,39.13,46345.6,metal loss,External,16,0.055,,,0.55,2.44,3:02,,,0.7,147.2,,MFL-A/XT,,1160,65000,,1342,1473.66,2046.14,,,,,,
12870,,0.344,-0.8,39.13,46345.6,metal loss,External,43,0.148,,,0.55,0.91,9:20,,,0.7,147.2,,MFL-A/XT,,1160,65000,,1342,1467.68,2037.84,1538.43,2136.07,1539.95,2138.18,0.75,1.84
12870,,0.344,-0.8,39.12,46345.6,metal loss,External,31,0.107,,,0.63,2.52,7:09,,,0.7,147.2,,MFL-A/XT,,1160,65000,,1342,1469.18,2039.92,1540.54,2139,1541.45,2140.26,0.75,1.84
12880,40.15,0.344,,,46384.73,GirthWeld,,,,,,,,,,11,0.7,145.62,,,,1160,65000,,1342,,,,,,,,
12880,,0.344,-30.71,9.44,46415.43,metal loss,External,18,0.062,,,0.67,1.02,3:44,,,0.7,144.78,,MFL-A/XT,,1160,65000,,1342,1471.95,2043.76,,,,,,
12880,,0.344,-31.11,9.04,46415.83,metal loss,External,11,0.038,,,1.89,1.65,3:55,,,0.7,144.78,,MFL-A/XT,,1160,65000,,1342,,,,,,,,
12880,,0.344,-39.14,1.01,46423.86,cluster,External,16,0.055,,,1.58,4.06,5:06,,,0.7,144.68,,,,1160,65000,,1342,1458.42,2024.98,,,,,,
12880,,0.344,-39.19,0.96,46423.92,metal loss,External,18,0.062,,,1.53,1.38,2:41,,,0.7,144.68,,MFL-A/XT,,1160,65000,,1342,1456.77,2022.69,,,,,,
12880,,0.344,-39.19,0.96,46423.92,metal loss,External,13,0.045,,,0.94,0.98,4:45,,,0.7,144.68,,MFL-A/XT,,1160,65000,,1342,1470.63,2041.93,,,,,,
12880,,0.344,-39.25,0.9,46423.98,metal loss,External,38,0.131,,,0.75,2.76,12:22,,,0.7,144.67,,MFL-A/XT,,1160,65000,,1342,1463.4,2031.89,1533.6,2129.36,1535.63,2132.18,0.76,1.84
12880,,0.344,-39.25,0.9,46423.98,metal loss,External,20,0.069,,,0.75,3.23,8:09,,,0.7,144.67,,MFL-A/XT,,1160,65000,,1342,1470.37,2041.57,1542.08,2141.13,1542.41,2141.6,0.75,1.85
12880,,0.344,-39.3,0.85,46424.03,metal loss,External,11,0.038,,,0.55,3.74,6:54,,,0.7,144.67,,MFL-A/XT,,1160,65000,,1342,,,,,,,,
12880,,0.344,-39.33,0.82,46424.06,metal loss,External,12,0.041,,,0.43,1.26,5:03,,,0.7,144.67,,MFL-A/XT,,1160,65000,,1342,,,,,,,,
12880,,0.344,-39.33,0.82,46424.06,metal loss,External,52,0.179,,,0.71,1.42,3:37,,,0.7,144.67,,MFL-A/XT,,1160,65000,,1342,1457.48,2023.67,1525.4,2117.98,1529.43,2123.57,0.76,1.83
12880,,0.344,-39.55,0.6,46424.28,metal loss,External,11,0.038,,,0.79,4.53,3:51,,,0.7,144.67,,MFL-A/XT,,1160,65000,,1342,,,,,,,,
12890,40.15,0.344,,,46424.88,GirthWeld,,,,,,,,,,4,0.7,144.66,,,,1160,65000,,1342,,,,,,,,
12890,,0.344,-24.4,15.76,46449.27,metal loss,External,13,0.045,,,1.1,1.81,4:14,,,0.7,144.54,,MFL-A/XT,,1160,65000,,1342,1468.63,2039.16,,,,,,
12890,,0.344,-24.66,15.49,46449.54,metal loss,External,11,0.038,,,0.63,1.22,4:11,,,0.7,144.55,,MFL-A/XT,,1160,65000,,1342,,,,,,,,
12890,,0.344,-25,15.15,46449.88,metal loss,External,21,0.072,,,0.59,1.18,4:08,,,0.7,144.56,,MFL-A/XT,,1160,65000,,1342,1472.28,2044.23,1544.19,2144.07,1544.46,2144.44,0.75,1.85
12890,,0.344,-26.62,13.53,46451.5,metal loss,External,18,0.062,,,0.71,1.14,7:30,,,0.7,144.59,,MFL-A/XT,,1160,65000,,1342,1471.5,2043.14,,,,,,
12900,40.07,0.344,,,46465.03,GirthWeld,,,,,,,,,,1,0.7,144.9,,,,1160,65000,,1342,,,,,,,,
12900,,0.344,-39.2,0.87,46504.23,metal loss,External,29,0.1,,,0.71,4.61,7:14,,,0.7,146.05,,MFL-A/XT,,1160,65000,,1342,1467.95,2038.22,1539.19,2137.13,1540.18,2138.5,0.75,1.84
12910,21.56,0.344,,,46505.1,GirthWeld,,,,,,,,,,2,0.7,146.08,,,,1160,65000,,1342,,,,,,,,
12910,,0.344,-0.83,20.73,46505.92,metal loss,External,14,0.048,,,0.59,1.26,4:57,,,0.7,146.11,,MFL-A/XT,,1160,65000,,1342,1473.72,2046.22,,,,,,
12910,,0.344,-6.04,15.51,46511.14,metal loss,External,14,0.048,,,0.35,0.71,7:11,,,0.7,146.29,,MFL-A/XT,,1160,65000,,1342,1475.26,2048.36,,,,,,
12920,40.11,0.344,,,46526.65,GirthWeld,,,,,,,,,,,0.7,146.89,,,,1160,65000,,1342,,,,,,,,
12930,29.49,0.344,,,46566.77,GirthWeld,,,,,,,,,,,0.7,148.71,,,,1160,65000,,1342,,,,,,,,
12940,40.04,0.344,,,46596.26,GirthWeld,,,,,,,,,,,1,149.38,,,,1160,65000,,1342,,,,,,,,
12950,21.67,0.344,,,46636.3,GirthWeld,,,,,,,,,,,0.7,149.48,,,,1160,65000,,1342,,,,,,,,
12960,39.98,0.344,,,46657.97,GirthWeld,,,,,,,,,,,0.7,148.34,,,,1160,65000,,1342,,,,,,,,
12970,33.07,0.344,,,46697.95,GirthWeld,,,,,,,,,,1,0.7,142.23,,,,1160,65000,,1342,,,,,,,,
12970,,0.344,-23.39,9.68,46721.34,metal loss,External,16,0.055,,,1.61,2.99,5:25,,,0.7,137.27,,MFL-A/XT,,1160,65000,,1342,1457.79,2024.1,,,,,,
12980,40.15,0.344,,,46731.02,GirthWeld,,,,,,,,,,2,0.7,135.08,,,,1160,65000,,1342,,,,,,,,
12980,,0.344,-4.89,35.27,46735.91,metal loss,External,13,0.045,,,1.22,1.58,1:26,,,0.7,133.95,,MFL-A/XT,,1160,65000,,1342,1467.08,2037,,,,,,
12980,,0.344,-7.91,32.24,46738.94,metal loss,External,31,0.107,,,1.38,1.02,4:49,,,0.7,133.31,,MFL-A/XT,,1160,65000,,1342,1445.62,2007.21,1513.17,2101,1517.14,2106.51,0.77,1.81
12990,9.98,0.5,,,46771.17,GirthWeld,,,,,,,,,,,0.7,126.84,,,,1160,60000,,1800,,,,,,,,
12990,,,,,46776.27,Bend,,,,,,,,,5.7D -  29° - Sag,,,126.31,,,,,,,,,,,,,,,
13000,40.6,0.344,,,46781.15,GirthWeld,,,,,,,,,,10,0.7,127.72,,,,1160,65000,,1342,,,,,,,,
13000,,0.344,-15.23,25.37,46796.38,metal loss,External,11,0.038,,,1.89,0.75,12:46,,,0.7,133.62,,MFL-A/XT,,1160,65000,,1342,,,,,,,,
13000,,0.344,-15.28,25.32,46796.43,metal loss,External,12,0.041,,,1.89,0.59,12:34,,,0.7,133.64,,MFL-A/XT,,1160,65000,,1342,,,,,,,,
13000,,0.344,-17.54,23.06,46798.69,metal loss,External,13,0.045,,,1.06,1.97,1:08,,,0.7,134.51,,MFL-A/XT,,1160,65000,,1342,1469.08,2039.78,,,,,,
13000,,0.344,-19.11,21.49,46800.26,metal loss,External,12,0.041,,,2.05,1.89,11:16,,,0.7,135.13,,MFL-A/XT,,1160,65000,,1342,,,,,,,,
13000,,0.344,-25.32,15.28,46806.47,metal loss,External,10,0.034,,,0.55,1.58,8:18,,,0.7,137.49,,MFL-A/XT,,1160,65000,,1342,,,,,,,,
13000,,0.344,-25.59,15.01,46806.74,metal loss,External,18,0.062,,,0.55,1.26,12:14,,,0.7,137.59,,MFL-A/XT,,1160,65000,,1342,1473.3,2045.64,,,,,,
13000,,0.344,-25.61,14.99,46806.76,metal loss,External,30,0.103,,,0.71,1.18,11:30,,,0.7,137.59,,MFL-A/XT,,1160,65000,,1342,1467.6,2037.73,1538.76,2136.53,1539.84,2138.03,0.75,1.84
13000,,0.344,-26.23,14.38,46807.38,metal loss,External,17,0.058,,,0.71,1.26,10:44,,,0.7,137.81,,MFL-A/XT,,1160,65000,,1342,1471.79,2043.55,,,,,,
13000,,0.344,-26.44,14.16,46807.59,metal loss,External,12,0.041,,,0.39,0.98,8:27,,,0.7,137.89,,MFL-A/XT,,1160,65000,,1342,,,,,,,,
13000,,0.344,-26.56,14.05,46807.71,metal loss,External,17,0.058,,,0.47,1.26,8:25,,,0.7,137.93,,MFL-A/XT,,1160,65000,,1342,1474.23,2046.93,,,,,,
13010,16.25,0.344,,,46821.75,GirthWeld,,,,,,,,,,2,0.7,142.2,,,,1160,65000,,1342,,,,,,,,
13010,,0.344,-16.04,0.21,46837.79,metal loss,External,18,0.062,,,1.81,0.67,9:33,near girth weld,,0.7,146.67,,MFL-A/XT,,1160,65000,,1342,1450.68,2014.23,,,,,,
13010,,0.344,-16.06,0.19,46837.81,metal loss,External,16,0.055,,,2.01,3.66,8:25,near girth weld,,0.7,146.68,,MFL-A/XT,,1160,65000,,1342,1449.96,2013.24,,,,,,
13020,40,0.344,,,46838,GirthWeld,,,,,,,,,,2,0.7,146.73,,,,1160,65000,,1342,,,,,,,,
13020,,0.344,-0.68,39.32,46838.68,metal loss,External,15,0.052,,,2.21,1.02,4:10,,,0.7,146.92,,MFL-A/XT,,1160,65000,,1342,1447.9,2010.38,,,,,,
13020,,0.344,-0.97,39.03,46838.97,cluster,External,24,0.083,,,0.86,3.69,6:46,,,0.7,147,,,,1160,65000,,1342,1466.57,2036.29,1537.74,2135.12,1538.3,2135.89,0.75,1.84
13030,40.12,0.344,,,46878,GirthWeld,,,,,,,,,,,0.7,156.48,,,,1160,65000,,1342,,,,,,,,
13040,40.04,0.344,,,46918.12,GirthWeld,,,,,,,,,,1,0.7,162.12,,,,1160,65000,,1342,,,,,,,,
13040,,0.344,-26.26,13.78,46944.38,metal loss,External,16,0.055,,,1.93,2.21,11:39,,,0.7,164.04,,MFL-A/XT,,1160,65000,,1342,1451.41,2015.25,,,,,,
13050,39.92,0.344,,,46958.16,GirthWeld,,,,,,,,,,,0.7,165.02,,,,1160,65000,,1342,,,,,,,,
13060,40.04,0.344,,,46998.08,GirthWeld,,,,,,,,,,,0.7,166.99,,,,1160,65000,,1342,,,,,,,,
13070,39.37,0.344,,,47038.12,GirthWeld,,,,,,,,,,,0.7,167.62,,,,1160,65000,,1342,,,,,,,,
13080,40.08,0.344,,,47077.49,GirthWeld,,,,,,,,,,,0.7,167.03,,,,1160,65000,,1342,,,,,,,,
13090,40.1,0.344,,,47117.56,GirthWeld,,,,,,,,,,,0.7,164.46,,,,1160,65000,,1342,,,,,,,,
13100,40.1,0.344,,,47157.67,GirthWeld,,,,,,,,,,1,0.7,155.37,,,,1160,65000,,1342,,,,,,,,
13100,,,,,47190.68,Attachment,,,,,,,,6:00,Repair Marker,,,145.27,,,,,,,,,,,,,,,
13100,,,,,47191.06,Area Start Sleeve,,,,,,,,,2012 Dig #33,,,145.14,,,,,,,,,,,,,,,
13100,,0.344,-34.39,5.71,47192.06,Dent,N/A,,,1,0.24,2.66,15.36,5:59,Possible wrinkle; Sleeved,,0.7,144.8,,MFL-A/XT,,1160,65000,,1342,,,,,,,,
13100,,,,,47192.89,Area End Sleeve,,,,,,,,,2012 Dig #33,,,144.5,,,,,,,,,,,,,,,
13100,,,,,47193.58,Attachment,,,,,,,,6:00,Repair Marker,,,144.25,,,,,,,,,,,,,,,
13110,33.96,0.344,,,47197.76,GirthWeld,,,,,,,,,,5,0.7,142.68,,,,1160,65000,,1342,,,,,,,,
13110,,0.344,-5.77,28.19,47203.53,metal loss,External,12,0.041,,,0.91,1.97,7:10,,,0.7,140.51,,MFL-A/XT,,1160,65000,,1342,,,,,,,,
13110,,0.344,-8.7,25.25,47206.47,metal loss,External,13,0.045,,,1.06,1.46,2:10,,,0.7,139.46,,MFL-A/XT,,1160,65000,,1342,1469.23,2039.99,,,,,,
13110,,0.344,-8.81,25.15,47206.57,metal loss,External,12,0.041,,,1.26,1.73,9:38,,,0.7,139.42,,MFL-A/XT,,1160,65000,,1342,,,,,,,,
13110,,0.344,-9.15,24.8,47206.92,metal loss,External,12,0.041,,,0.83,1.22,9:24,,,0.7,139.3,,MFL-A/XT,,1160,65000,,1342,,,,,,,,
13110,,0.344,-9.43,24.53,47207.19,metal loss,External,14,0.048,,,0.63,1.1,2:15,,,0.7,139.21,,MFL-A/XT,,1160,65000,,1342,1473.31,2045.66,,,,,,
13110,,,,,47216.93,Attachment,,,,,,,,6:00,Repair Marker,,,136.32,,,,,,,,,,,,,,,
13110,,,,,47217.25,Area Start Sleeve,,,,,,,,,2012 Dig #33,,,136.24,,,,,,,,,,,,,,,
13110,,,,,47219.81,Area End Sleeve,,,,,,,,,2012 Dig #33,,,135.65,,,,,,,,,,,,,,,
13110,,,,,47220.3,Attachment,,,,,,,,6:00,Repair Marker,,,135.54,,,,,,,,,,,,,,,
13120,3.26,0.344,,,47231.72,GirthWeld,,,,,,,,,,,0.7,133.27,,,,1160,65000,,1342,,,,,,,,
13130,7.83,0.5,,,47234.98,GirthWeld,,,,,,,,,,,0.7,132.67,,,,1160,60000,,1800,,,,,,,,
13130,,,,,47239.23,Bend,,,,,,,,,6.1D -  16° - Sag,,,132.19,,,,,,,,,,,,,,,
13140,40.49,0.344,,,47242.81,GirthWeld,,,,,,,,,,1,1,132.79,,,,1160,65000,,1342,,,,,,,,
13140,,0.344,-29.75,10.74,47272.56,metal loss,External,18,0.062,,,1.46,1.61,7:34,,,1,140.79,,MFL-A/XT,,1160,65000,,1342,1458.55,2025.16,,,,,,
13150,28.25,0.344,,,47283.3,GirthWeld,,,,,,,,,,,0.7,144.31,,,,1160,65000,,1342,,,,,,,,
13160,7.17,0.344,,,47311.55,GirthWeld,,,,,,,,,,,0.7,153.44,,,,1160,65000,,1342,,,,,,,,
13170,11.73,0.344,,,47318.72,GirthWeld,,,,,,,,,,5,0.7,155.82,,,,1160,65000,,1342,,,,,,,,
13170,,0.344,-0.6,11.13,47319.31,metal loss,External,11,0.038,,,1.22,1.61,5:37,,,0.7,156.02,,MFL-A/XT,,1160,65000,,1342,,,,,,,,
13170,,0.344,-10.67,1.06,47329.39,metal loss,External,17,0.058,,,0.87,1.46,5:18,,,0.7,159.4,,MFL-A/XT,,1160,65000,,1342,1469.75,2040.72,,,,,,
13170,,0.344,-10.86,0.87,47329.58,metal loss,External,20,0.069,,,0.79,5.87,5:40,,,0.7,159.46,,MFL-A/XT,,1160,65000,,1342,1469.63,2040.54,1541.25,2139.99,1541.63,2140.52,0.75,1.84
13170,,0.344,-10.87,0.86,47329.58,metal loss,External,17,0.058,,,1.61,1.81,7:26,,,0.7,159.46,,MFL-A/XT,,1160,65000,,1342,1456.26,2021.98,,,,,,
13170,,0.344,-10.88,0.85,47329.59,metal loss,External,10,0.034,,,0.51,1.06,4:26,,,0.7,159.46,,MFL-A/XT,,1160,65000,,1342,,,,,,,,
13180,9.96,0.344,,,47330.44,GirthWeld,,,,,,,,,,1,0.7,159.75,,,,1160,65000,,1342,,,,,,,,
13180,,0.344,-0.4,9.56,47330.84,metal loss,External,10,0.034,,,0.51,0.98,7:28,,,0.7,159.88,,MFL-A/XT,,1160,65000,,1342,,,,,,,,
13180,,,,,47338.22,Attachment,,,,,,,,6:00,Repair Marker 2012 Dig #34 Recoat,,,162.32,,,,,,,,,,,,,,,
13190,21.05,0.344,,,47340.4,GirthWeld,,,,,,,,,,4,0.7,163.03,,,,1160,65000,,1342,,,,,,,,
13190,,0.344,-0.63,20.41,47341.04,metal loss,External,12,0.041,,,0.59,1.1,12:50,Recoat,,0.7,163.24,,MFL-A/XT,,1160,65000,,1342,,,,,,,,
13190,,0.344,-0.79,20.26,47341.19,metal loss,External,23,0.079,,,0.59,1.65,1:49,Recoat,,0.7,163.29,,MFL-A/XT,,1160,65000,,1342,1471.67,2043.38,1543.49,2143.09,1543.87,2143.62,0.75,1.85
13190,,0.344,-0.8,20.25,47341.2,metal loss,External,17,0.058,,,0.59,6.97,4:58,Recoat,,0.7,163.29,,MFL-A/XT,,1160,65000,,1342,1473,2045.22,,,,,,
13190,,0.344,-0.83,20.22,47341.23,metal loss,External,62,0.213,,,0.98,1.85,3:44,Recoat,,0.7,163.3,,MFL-A/XT,,1160,65000,,1342,1431.96,1988.24,1490.62,2069.68,1502.25,2085.84,0.78,1.78
13190,,,,,47341.69,Attachment,,,,,,,,6:00,Repair Marker 2012 Dig #34 Recoat,,,163.45,,,,,,,,,,,,,,,
13200,40.1,0.344,,,47361.45,GirthWeld,,,,,,,,,,17,0.7,169.48,,,,1160,65000,,1342,,,,,,,,
13200,,0.344,-12.02,28.09,47373.47,metal loss,External,14,0.048,,,0.43,1.02,12:11,,,0.7,172.9,,MFL-A/XT,,1160,65000,,1342,1474.85,2047.79,,,,,,
13200,,0.344,-12.1,28,47373.55,metal loss,External,34,0.117,,,1.46,1.26,12:20,,,0.7,172.92,,MFL-A/XT,,1160,65000,,1342,1438.77,1997.7,1504.76,2089.33,1510.1,2096.73,0.77,1.8
13200,,0.344,-12.52,27.59,47373.97,metal loss,External,43,0.148,,,0.94,1.85,12:04,,,0.7,173.04,,MFL-A/XT,,1160,65000,,1342,1452.89,2017.3,1520.74,2111.52,1524.89,2117.27,0.76,1.82
13200,,0.344,-12.74,27.36,47374.19,cluster,External,53,0.182,,,1.57,2.7,12:09,,,0.7,173.09,,,,1160,65000,,1342,1398.21,1941.38,1450.3,2013.7,1462.46,2030.59,0.8,1.74
13200,,0.344,-38.92,1.19,47400.36,cluster,External,41,0.141,,,3.26,4.21,5:09,,,0.7,178.84,,,,1160,65000,,1342,1326.98,1842.48,1362.09,1891.22,1442.57,2002.98,0.85,1.63
13200,,0.344,-38.99,1.12,47400.44,metal loss,External,15,0.052,,,0.83,2.56,4:21,,,0.7,178.85,,MFL-A/XT,,1160,65000,,1342,1471.17,2042.68,,,,,,
13200,,0.344,-39.02,1.09,47400.46,metal loss,External,12,0.041,,,0.32,0.59,5:21,,,0.7,178.85,,MFL-A/XT,,1160,65000,,1342,,,,,,,,
13200,,0.344,-39.04,1.06,47400.49,metal loss,External,21,0.072,,,1.46,1.61,6:10,,,0.7,178.86,,MFL-A/XT,,1160,65000,,1342,1455.17,2020.47,1524.82,2117.17,1526.25,2119.16,0.76,1.83
13200,,0.344,-39.07,1.04,47400.52,metal loss,External,17,0.058,,,1.89,2.01,2:49,,,0.7,178.86,,MFL-A/XT,,1160,65000,,1342,1450.47,2013.94,,,,,,
13200,,0.344,-39.14,0.96,47400.59,metal loss,External,18,0.062,,,0.47,1.26,4:34,,,0.7,178.87,,MFL-A/XT,,1160,65000,,1342,1474.1,2046.75,,,,,,
13200,,0.344,-39.21,0.9,47400.66,metal loss,External,28,0.096,,,0.75,1.22,1:56,,,0.7,178.89,,MFL-A/XT,,1160,65000,,1342,1467.25,2037.23,1538.41,2136.04,1539.44,2137.48,0.75,1.84
13200,,0.344,-39.22,0.88,47400.67,metal loss,External,12,0.041,,,0.67,2.6,9:34,,,0.7,178.89,,MFL-A/XT,,1160,65000,,1342,,,,,,,,
13200,,0.344,-39.25,0.86,47400.7,metal loss,External,12,0.041,,,0.94,1.14,7:12,,,0.7,178.89,,MFL-A/XT,,1160,65000,,1342,,,,,,,,
13200,,0.344,-39.25,0.85,47400.7,metal loss,External,16,0.055,,,0.51,2.84,6:14,,,0.7,178.89,,MFL-A/XT,,1160,65000,,1342,1474.07,2046.71,,,,,,
13200,,0.344,-39.26,0.85,47400.71,metal loss,External,10,0.034,,,0.51,1.85,3:47,,,0.7,178.89,,MFL-A/XT,,1160,65000,,1342,,,,,,,,
13200,,0.344,-39.26,0.84,47400.71,metal loss,External,11,0.038,,,0.39,1.53,5:36,,,0.7,178.9,,MFL-A/XT,,1160,65000,,1342,,,,,,,,
13200,,0.344,-39.27,0.84,47400.71,metal loss,External,14,0.048,,,0.32,0.59,5:54,,,0.7,178.9,,MFL-A/XT,,1160,65000,,1342,1475.43,2048.6,,,,,,
13210,40.04,0.344,,,47401.55,GirthWeld,,,,,,,,,,8,0.7,179.03,,,,1160,65000,,1342,,,,,,,,
13210,,0.344,-0.79,39.24,47402.35,metal loss,External,12,0.041,,,1.81,2.48,4:24,,,0.7,179.16,,MFL-A/XT,,1160,65000,,1342,,,,,,,,
13210,,0.344,-0.81,39.23,47402.36,metal loss,External,12,0.041,,,0.59,1.97,6:57,,,0.7,179.16,,MFL-A/XT,,1160,65000,,1342,,,,,,,,
13210,,0.344,-0.82,39.21,47402.38,metal loss,External,23,0.079,,,0.91,2.01,3:05,,,0.7,179.17,,MFL-A/XT,,1160,65000,,1342,1466.11,2035.65,1537.25,2134.43,1538.1,2135.61,0.75,1.84
13210,,0.344,-0.83,39.2,47402.39,metal loss,External,15,0.052,,,0.87,4.45,1:53,,,0.7,179.17,,MFL-A/XT,,1160,65000,,1342,1470.44,2041.68,,,,,,
13210,,0.344,-0.84,39.2,47402.39,metal loss,External,13,0.045,,,0.87,3.15,3:36,,,0.7,179.17,,MFL-A/XT,,1160,65000,,1342,1471.41,2043.01,,,,,,
13210,,0.344,-0.99,39.05,47402.54,metal loss,External,14,0.048,,,0.71,1.14,9:39,,,0.7,179.19,,MFL-A/XT,,1160,65000,,1342,1472.65,2044.73,,,,,,
13210,,0.344,-11.35,28.68,47412.91,metal loss,External,52,0.179,,,0.32,1.34,6:13,,,0.7,180.79,,MFL-A/XT,,1160,65000,,1342,1472.54,2044.59,1544.02,2143.83,1544.81,2144.93,0.75,1.85
13210,,0.344,-11.84,28.19,47413.4,metal loss,External,19,0.065,,,0.47,1.06,6:37,,,0.7,180.86,,MFL-A/XT,,1160,65000,,1342,1473.85,2046.41,,,,,,
13220,39.92,0.344,,,47441.59,GirthWeld,,,,,,,,,,2,1,183.02,,,,1160,65000,,1342,,,,,,,,
13220,,0.344,-6.98,32.94,47448.57,metal loss,External,11,0.038,,,0.32,0.59,4:34,,,1,183.28,,MFL-A/XT,,1160,65000,,1342,,,,,,,,
13220,,0.344,-39.02,0.91,47480.61,metal loss,External,15,0.052,,,0.67,3.03,4:44,,,1,183.15,,MFL-A/XT,,1160,65000,,1342,1472.73,2044.85,,,,,,
13230,40.07,0.344,,,47481.51,GirthWeld,,,,,,,,,,1,0.7,183.15,,,,1160,65000,,1342,,,,,,,,
13230,,0.344,-0.81,39.26,47482.33,metal loss,External,11,0.038,,,0.47,1.22,5:07,,,0.7,183.14,,MFL-A/XT,,1160,65000,,1342,,,,,,,,
13240,40.1,0.344,,,47521.58,GirthWeld,,,,,,,,,,,0.7,182.91,,,,1160,65000,,1342,,,,,,,,
13250,22.86,0.344,,,47561.68,GirthWeld,,,,,,,,,,,0.7,182.3,,,,1160,65000,,1342,,,,,,,,
13260,40.08,0.344,,,47584.55,GirthWeld,,,,,,,,,,5,0.7,182.17,,,,1160,65000,,1342,,,,,,,,
13260,,0.344,-39,1.08,47623.55,cluster,External,26,0.089,,,1.91,4.84,6:01,,,0.7,181.69,,,,1160,65000,,1342,1434.66,1992,1500.45,2083.33,1514.57,2102.94,0.77,1.8
13260,,0.344,-39.12,0.96,47623.67,metal loss,External,13,0.045,,,0.43,1.3,4:42,,,0.7,181.68,,MFL-A/XT,,1160,65000,,1342,1474.95,2047.93,,,,,,
13260,,0.344,-39.12,0.96,47623.67,metal loss,External,19,0.065,,,1.34,3.46,5:06,,,0.7,181.68,,MFL-A/XT,,1160,65000,,1342,1459.8,2026.89,,,,,,
13260,,0.344,-39.18,0.91,47623.72,metal loss,External,23,0.079,,,0.55,1.14,7:46,,,0.7,181.68,,MFL-A/XT,,1160,65000,,1342,1472.35,2044.32,1544.24,2144.15,1544.57,2144.59,0.75,1.85
13260,,0.344,-39.18,0.9,47623.73,metal loss,External,18,0.062,,,0.59,1.42,4:04,,,0.7,181.68,,MFL-A/XT,,1160,65000,,1342,1472.79,2044.93,,,,,,
13270,40.05,0.344,,,47624.63,GirthWeld,,,,,,,,,,,0.7,181.65,,,,1160,65000,,1342,,,,,,,,
13280,39.38,0.344,,,47664.68,GirthWeld,,,,,,,,,,,0.7,180.33,,,,1160,65000,,1342,,,,,,,,
13290,22.15,0.344,,,47704.06,GirthWeld,,,,,,,,,,,0.7,178.72,,,,1160,65000,,1342,,,,,,,,
13290,,,,,47724.31,Attachment,,,,,,,,6:00,Repair Marker,,,177.6,,,,,,,,,,,,,,,
13290,,,,,47725.08,Area Start Sleeve,,,,,,,,,2012 Dig #35,,,177.53,,,,,,,,,,,,,,,
13300,36.17,0.344,,,47726.21,GirthWeld,,,,,,,,,,1,0.7,177.41,,,,1160,65000,,1342,,,,,,,,
13300,,0.344,0,36.17,47726.21,Dent,N/A,,,1.2,0.288,2.89,11.17,6:05,near girth weld Sleeved,,0.7,177.41,,MFL-A/XT,,1160,65000,,1342,,,,,,,,
13300,,,,,47727.57,Area End Sleeve,,,,,,,,,2012 Dig #35,,,177.24,,,,,,,,,,,,,,,
13300,,,,,47728.43,Attachment,,,,,,,,6:00,Repair Marker,,,177.12,,,,,,,,,,,,,,,
13310,7.64,0.5,,,47762.38,GirthWeld,,,,,,,,,,,0.7,172.23,,,,1160,60000,,1800,,,,,,,,
13310,,,,,47766.4,Bend,,,,,,,,,5.6D -  18° - Sag,,,171.92,,,,,,,,,,,,,,,
13320,10.18,0.344,,,47770.02,GirthWeld,,,,,,,,,,1,0.7,172.64,,,,1160,65000,,1342,,,,,,,,
13320,,0.344,-10.06,0.12,47780.08,metal loss,External,10,0.034,,,0.75,1.81,1:06,affecting girth weld,,0.7,175.11,,MFL-A/XT,,1160,65000,,1342,,,,,,,,
13330,40.12,0.344,,,47780.2,GirthWeld,,,,,,,,,,,0.7,175.14,,,,1160,65000,,1342,,,,,,,,
13340,40.02,0.344,,,47820.32,GirthWeld,,,,,,,,,,,1,183.44,,,,1160,65000,,1342,,,,,,,,
13350,40.01,0.344,,,47860.35,GirthWeld,,,,,,,,,,,0.7,187.01,,,,1160,65000,,1342,,,,,,,,
13350,,,,,47872.31,AGM,,,,,,,,,AGM#19 AT A/M LF 9/ ON ROW,,,187.52,,,,,,,,,,,,,,,
13360,40.05,0.344,,,47900.35,GirthWeld,,,,,,,,,,,0.7,188.7,,,,1160,65000,,1342,,,,,,,,
13370,40.05,0.344,,,47940.4,GirthWeld,,,,,,,,,,,0.7,189.92,,,,1160,65000,,1342,,,,,,,,
13380,40.04,0.344,,,47980.45,GirthWeld,,,,,,,,,,,0.7,190.31,,,,1160,65000,,1342,,,,,,,,
13390,40.07,0.344,,,48020.49,GirthWeld,,,,,,,,,,,0.7,189.96,,,,1160,65000,,1342,,,,,,,,
13400,40.08,0.344,,,48060.57,GirthWeld,,,,,,,,,,,0.7,189.53,,,,1160,65000,,1342,,,,,,,,
13410,10.97,0.344,,,48100.65,GirthWeld,,,,,,,,,,,0.7,188.46,,,,1160,65000,,1342,,,,,,,,
13420,15.91,0.344,,,48111.62,GirthWeld,,,,,,,,,,,0.7,188.05,,,,1160,65000,,1342,,,,,,,,
13430,39.99,0.344,,,48127.52,GirthWeld,,,,,,,,,,,0.7,187.37,,,,1160,65000,,1342,,,,,,,,
13440,13.02,0.344,,,48167.51,GirthWeld,,,,,,,,,,,0.7,185.46,,,,1160,65000,,1342,,,,,,,,
13450,40.17,0.344,,,48180.54,GirthWeld,,,,,,,,,,,0.7,184.77,,,,1160,65000,,1342,,,,,,,,
13460,40.19,0.344,,,48220.7,GirthWeld,,,,,,,,,,,0.7,180.11,,,,1160,65000,,1342,,,,,,,,
13470,40.11,0.344,,,48260.89,GirthWeld,,,,,,,,,,,0.7,171.84,,,,1160,65000,,1342,,,,,,,,
13480,40.02,0.344,,,48301,GirthWeld,,,,,,,,,,,0.7,158.21,,,,1160,65000,,1342,,,,,,,,
13490,40.03,0.344,,,48341.03,GirthWeld,,,,,,,,,,,0.7,144.34,,,,1160,65000,,1342,,,,,,,,
13500,40.05,0.344,,,48381.05,GirthWeld,,,,,,,,,,,0.7,131.85,,,,1160,65000,,1342,,,,,,,,
13510,40.08,0.344,,,48421.1,GirthWeld,,,,,,,,,,,0.7,120.59,,,,1160,65000,,1342,,,,,,,,
13520,40.05,0.344,,,48461.19,GirthWeld,,,,,,,,,,,0.7,113.17,,,,1160,65000,,1342,,,,,,,,
13530,39.91,0.344,,,48501.24,GirthWeld,,,,,,,,,,,0.7,111.31,,,,1160,65000,,1342,,,,,,,,
13540,40.02,0.344,,,48541.15,GirthWeld,,,,,,,,,,,0.7,110.81,,,,1160,65000,,1342,,,,,,,,
13550,8.29,0.344,,,48581.16,GirthWeld,,,,,,,,,,,0.7,110.41,,,,1160,65000,,1342,,,,,,,,
13560,10.83,0.5,,,48589.45,GirthWeld,,,,,,,,,,,1,110.53,,,,1160,60000,,1800,,,,,,,,
13560,,,,,48594.98,Bend,,,,,,,,,5.8D -  32° - Over,,,109.88,,,,,,,,,,,,,,,
13570,7.87,0.344,,,48600.28,GirthWeld,,,,,,,,,,3,0.7,106.98,,,,1160,65000,,1342,,,,,,,,
13570,,0.344,-7.02,0.85,48607.3,metal loss,External,12,0.041,,,1.42,1.77,7:55,,,0.7,102.54,,MFL-A/XT,,1160,65000,,1342,,,,,,,,
13570,,0.344,-7.6,0.27,48607.89,metal loss,External,14,0.048,,,1.06,5.79,5:49,near girth weld,,0.7,102.18,,MFL-A/XT,,1160,65000,,1342,1468.64,2039.17,,,,,,
13570,,0.344,-7.64,0.23,48607.92,metal loss,External,18,0.062,,,0.94,4.61,4:05,near girth weld,,0.7,102.16,,MFL-A/XT,,1160,65000,,1342,1468.01,2038.3,,,,,,
13580,10.88,0.5,,,48608.15,GirthWeld,,,,,,,,,,,1,102.01,,,,1160,60000,,1800,,,,,,,,
13580,,,,,48613.4,Bend,,,,,,,,,5.3D -  40° - Sag,,,99.18,,,,,,,,,,,,,,,
13590,27.58,0.344,,,48619.03,GirthWeld,,,,,,,,,,,0.7,98.6,,,,1160,65000,,1342,,,,,,,,
13600,10.97,0.5,,,48646.6,GirthWeld,,,,,,,,,,,0.7,99.31,,,,1160,60000,,1800,,,,,,,,
13600,,,,,48652.3,Bend,,,,,,,,,5.9D -  31° - Sag,,,100.17,,,,,,,,,,,,,,,
13610,9.94,0.344,,,48657.57,GirthWeld,,,,,,,,,,,0.7,103.2,,,,1160,65000,,1342,,,,,,,,
13620,8.97,0.5,,,48667.51,GirthWeld,,,,,,,,,,,0.7,109.91,,,,1160,60000,,1800,,,,,,,,
13620,,,,,48671.93,Bend,,,,,,,,,5.1D -  31° - Over,,,112.62,,,,,,,,,,,,,,,
13630,14.98,0.344,,,48676.48,GirthWeld,,,,,,,,,,,1,113.9,,,,1160,65000,,1342,,,,,,,,
13640,40.14,0.344,,,48691.46,GirthWeld,,,,,,,,,,,0.7,117.07,,,,1160,65000,,1342,,,,,,,,
13650,40.1,0.344,,,48731.61,GirthWeld,,,,,,,,,,,0.7,127.8,,,,1160,65000,,1342,,,,,,,,
13660,40.04,0.344,,,48771.71,GirthWeld,,,,,,,,,,,1,145.99,,,,1160,65000,,1342,,,,,,,,
13670,39.93,0.344,,,48811.75,GirthWeld,,,,,,,,,,,1,165.67,,,,1160,65000,,1342,,,,,,,,
13680,20.02,0.344,,,48851.68,GirthWeld,,,,,,,,,,,0.7,188.4,,,,1160,65000,,1342,,,,,,,,
13690,9.67,0.5,,,48871.7,GirthWeld,,,,,,,,,,,0.7,200.1,,,,1160,60000,,1800,,,,,,,,
13690,,,,,48876.99,Bend,,,,,,,,,5.4D -  27° - Over,,,202.66,,,,,,,,,,,,,,,
13700,29.29,0.344,,,48881.37,GirthWeld,,,,,,,,,,4,1,203.11,,,,1160,65000,,1342,,,,,,,,
13700,,0.344,-0.79,28.5,48882.16,cluster,External,59,0.203,,,2.75,2.39,5:14,,,1,203.14,,,,1160,65000,,1342,1276.7,1772.66,1285.87,1785.4,1417.4,1968.03,0.9,1.54
13700,,0.344,-0.8,28.49,48882.17,metal loss,External,12,0.041,,,0.43,0.67,6:05,,,1,203.14,,MFL-A/XT,,1160,65000,,1342,,,,,,,,
13700,,0.344,-0.89,28.4,48882.26,cluster,External,43,0.148,,,1.92,1.34,6:20,,,1,203.14,,,,1160,65000,,1342,1396.14,1938.5,1450.84,2014.46,1498.42,2080.51,0.8,1.74
13700,,0.344,-0.99,28.3,48882.36,metal loss,External,13,0.045,,,0.79,1.22,5:53,,,1,203.15,,MFL-A/XT,,1160,65000,,1342,1472.26,2044.19,,,,,,
13710,39.83,0.344,,,48910.66,GirthWeld,,,,,,,,,,1,1,204.62,,,,1160,65000,,1342,,,,,,,,
13710,,0.344,-24.33,15.5,48934.99,Dent,N/A,,,1.8,0.432,11.37,5.59,5:10,,,1,206.45,,MFL-A/XT,,1160,65000,,1342,,,,,,,,
13720,40.07,0.344,,,48950.49,GirthWeld,,,,,,,,,,,0.7,207.43,,,,1160,65000,,1342,,,,,,,,
13730,40.02,0.344,,,48990.55,GirthWeld,,,,,,,,,,,0.7,209.28,,,,1160,65000,,1342,,,,,,,,
13740,40.02,0.344,,,49030.58,GirthWeld,,,,,,,,,,,0.7,209.5,,,,1160,65000,,1342,,,,,,,,
13750,40.03,0.344,,,49070.6,GirthWeld,,,,,,,,,,,0.7,209.37,,,,1160,65000,,1342,,,,,,,,
13760,40.01,0.344,,,49110.63,GirthWeld,,,,,,,,,,,1,209.53,,,,1160,65000,,1342,,,,,,,,
13770,40.08,0.344,,,49150.64,GirthWeld,,,,,,,,,,1,0.7,210.38,,,,1160,65000,,1342,,,,,,,,
13770,,0.344,-22.95,17.13,49173.59,Dent,N/A,,,1.7,0.408,19.46,6.98,5:52,,,0.7,211.2,,MFL-A/XT,,1160,65000,,1342,,,,,,,,
13780,17.61,0.344,,,49190.72,GirthWeld,,,,,,,,,,,0.7,211.61,,,,1160,65000,,1342,,,,,,,,
13790,40.12,0.344,,,49208.33,GirthWeld,,,,,,,,,,,0.7,211.93,,,,1160,65000,,1342,,,,,,,,
13800,40.1,0.344,,,49248.45,GirthWeld,,,,,,,,,,,0.7,212.93,,,,1160,65000,,1342,,,,,,,,
13810,40.09,0.344,,,49288.55,GirthWeld,,,,,,,,,,,0.7,213.44,,,,1160,65000,,1342,,,,,,,,
13820,40.1,0.344,,,49328.63,GirthWeld,,,,,,,,,,,0.7,212.61,,,,1160,65000,,1342,,,,,,,,
13830,39.84,0.344,,,49368.73,GirthWeld,,,,,,,,,,,0.7,210.99,,,,1160,65000,,1342,,,,,,,,
13840,40.14,0.344,,,49408.57,GirthWeld,,,,,,,,,,,0.7,209.2,,,,1160,65000,,1342,,,,,,,,
13850,40.11,0.344,,,49448.71,GirthWeld,,,,,,,,,,,0.7,207.37,,,,1160,65000,,1342,,,,,,,,
13860,39.84,0.344,,,49488.82,GirthWeld,,,,,,,,,,,0.7,205.53,,,,1160,65000,,1342,,,,,,,,
13870,40.15,0.344,,,49528.66,GirthWeld,,,,,,,,,,,0.7,203.44,,,,1160,65000,,1342,,,,,,,,
13880,40.14,0.344,,,49568.8,GirthWeld,,,,,,,,,,,0.7,201.83,,,,1160,65000,,1342,,,,,,,,
13890,38.96,0.344,,,49608.95,GirthWeld,,,,,,,,,,,0.7,201.13,,,,1160,65000,,1342,,,,,,,,
13900,40.1,0.344,,,49647.91,GirthWeld,,,,,,,,,,,0.7,201.67,,,,1160,65000,,1342,,,,,,,,
13910,40.13,0.344,,,49688.01,GirthWeld,,,,,,,,,,,0.7,202.61,,,,1160,65000,,1342,,,,,,,,
13920,40.1,0.344,,,49728.14,GirthWeld,,,,,,,,,,,0.7,203.62,,,,1160,65000,,1342,,,,,,,,
13930,40.04,0.344,,,49768.24,GirthWeld,,,,,,,,,,,0.7,204.96,,,,1160,65000,,1342,,,,,,,,
13940,40.03,0.344,,,49808.28,GirthWeld,,,,,,,,,,,0.7,205.34,,,,1160,65000,,1342,,,,,,,,
13950,40.02,0.344,,,49848.31,GirthWeld,,,,,,,,,,,0.7,205.15,,,,1160,65000,,1342,,,,,,,,
13960,40.01,0.344,,,49888.33,GirthWeld,,,,,,,,,,,0.7,203.64,,,,1160,65000,,1342,,,,,,,,
13970,40.08,0.344,,,49928.34,GirthWeld,,,,,,,,,,,1,199.71,,,,1160,65000,,1342,,,,,,,,
13980,40.07,0.344,,,49968.41,GirthWeld,,,,,,,,,,,0.7,194.52,,,,1160,65000,,1342,,,,,,,,
13990,40.13,0.344,,,50008.49,GirthWeld,,,,,,,,,,,0.7,188.41,,,,1160,65000,,1342,,,,,,,,
14000,40.11,0.344,,,50048.62,GirthWeld,,,,,,,,,,,0.7,183.24,,,,1160,65000,,1342,,,,,,,,
14010,40.08,0.344,,,50088.73,GirthWeld,,,,,,,,,,,1,178.04,,,,1160,65000,,1342,,,,,,,,
14020,40.04,0.344,,,50128.81,GirthWeld,,,,,,,,,,2,0.7,173.32,,,,1160,65000,,1342,,,,,,,,
14020,,0.344,-39.57,0.47,50168.38,metal loss,External,10,0.034,,,1.22,0.87,6:40,,,0.7,166.1,,MFL-A/XT,,1160,65000,,1342,,,,,,,,
14020,,0.344,-39.57,0.47,50168.38,metal loss,External,23,0.079,,,0.71,1.38,5:22,,,0.7,166.1,,MFL-A/XT,,1160,65000,,1342,1469.96,2041,1541.58,2140.44,1542.1,2141.17,0.75,1.85
14030,40.18,0.344,,,50168.85,GirthWeld,,,,,,,,,,,0.7,166.01,,,,1160,65000,,1342,,,,,,,,
14040,40.04,0.344,,,50209.02,GirthWeld,,,,,,,,,,4,0.7,159.13,,,,1160,65000,,1342,,,,,,,,
14040,,0.344,-37.63,2.41,50246.66,metal loss,External,11,0.038,,,1.14,1.89,9:40,,,0.7,148.68,,MFL-A/XT,,1160,65000,,1342,,,,,,,,
14040,,0.344,-37.83,2.21,50246.85,metal loss,External,18,0.062,,,0.79,2.52,7:09,,,0.7,148.62,,MFL-A/XT,,1160,65000,,1342,1470.54,2041.81,,,,,,
14040,,0.344,-37.86,2.18,50246.88,metal loss,External,22,0.076,,,0.71,1.5,8:00,,,0.7,148.61,,MFL-A/XT,,1160,65000,,1342,1470.28,2041.44,1541.95,2140.96,1542.4,2141.58,0.75,1.85
14040,,0.344,-37.94,2.1,50246.97,metal loss,External,24,0.083,,,0.63,1.14,11:19,,,0.7,148.58,,MFL-A/XT,,1160,65000,,1342,1471.06,2042.53,1542.79,2142.13,1543.26,2142.78,0.75,1.85
14050,9.66,0.5,,,50249.06,GirthWeld,,,,,,,,,,,0.7,147.95,,,,1160,60000,,1800,,,,,,,,
14050,,,,,50254.44,Bend,,,,,,,,,5.9D -  26° - Sag,,,146.87,,,,,,,,,,,,,,,
14060,40.54,0.344,,,50258.72,GirthWeld,,,,,,,,,,33,0.7,147.83,,,,1160,65000,,1342,,,,,,,,
14060,,0.344,-0.88,39.67,50259.59,metal loss,External,13,0.045,,,0.67,2.52,6:46,,,0.7,148.05,,MFL-A/XT,,1160,65000,,1342,1473.24,2045.55,,,,,,
14060,,0.344,-6.05,34.49,50264.77,metal loss,External,14,0.048,,,1.34,1.77,10:56,,,0.7,149.39,,MFL-A/XT,,1160,65000,,1342,1464.52,2033.45,,,,,,
14060,,0.344,-7.47,33.07,50266.19,metal loss,External,11,0.038,,,1.5,2.28,10:51,,,0.7,149.76,,MFL-A/XT,,1160,65000,,1342,,,,,,,,
14060,,0.344,-9.05,31.5,50267.77,metal loss,External,14,0.048,,,1.81,1.89,11:06,,,0.7,150.17,,MFL-A/XT,,1160,65000,,1342,1456.85,2022.8,,,,,,
14060,,0.344,-10.4,30.15,50269.11,metal loss,External,13,0.045,,,1.3,1.97,8:43,,,0.7,150.5,,MFL-A/XT,,1160,65000,,1342,1466.1,2035.64,,,,,,
14060,,0.344,-10.56,29.98,50269.28,metal loss,External,12,0.041,,,1.69,2.01,11:04,,,0.7,150.54,,MFL-A/XT,,1160,65000,,1342,,,,,,,,
14060,,0.344,-10.85,29.69,50269.57,metal loss,External,11,0.038,,,0.51,1.1,8:45,,,0.7,150.61,,MFL-A/XT,,1160,65000,,1342,,,,,,,,
14060,,0.344,-10.85,29.69,50269.57,metal loss,External,11,0.038,,,1.18,1.58,11:02,,,0.7,150.61,,MFL-A/XT,,1160,65000,,1342,,,,,,,,
14060,,0.344,-10.95,29.59,50269.67,metal loss,External,12,0.041,,,1.38,1.42,8:37,,,0.7,150.64,,MFL-A/XT,,1160,65000,,1342,,,,,,,,
14060,,0.344,-11.15,29.39,50269.87,metal loss,External,10,0.034,,,1.22,1.61,4:12,,,0.7,150.69,,MFL-A/XT,,1160,65000,,1342,,,,,,,,
14060,,0.344,-11.72,28.82,50270.44,metal loss,External,10,0.034,,,1.1,1.58,8:38,,,0.7,150.82,,MFL-A/XT,,1160,65000,,1342,,,,,,,,
14060,,0.344,-11.83,28.71,50270.55,metal loss,External,10,0.034,,,2.01,2.6,10:34,,,0.7,150.85,,MFL-A/XT,,1160,65000,,1342,,,,,,,,
14060,,0.344,-12.26,28.29,50270.98,metal loss,External,12,0.041,,,0.94,1.38,8:33,,,0.7,150.94,,MFL-A/XT,,1160,65000,,1342,,,,,,,,
14060,,0.344,-12.56,27.99,50271.28,metal loss,External,17,0.058,,,1.26,1.97,8:45,,,0.7,151.01,,MFL-A/XT,,1160,65000,,1342,1463.29,2031.74,,,,,,
14060,,0.344,-13.08,27.46,50271.8,metal loss,External,13,0.045,,,1.22,1.65,11:06,,,0.7,151.13,,MFL-A/XT,,1160,65000,,1342,1467.24,2037.22,,,,,,
14060,,0.344,-13.1,27.45,50271.82,metal loss,External,17,0.058,,,1.53,2.28,8:44,,,0.7,151.14,,MFL-A/XT,,1160,65000,,1342,1457.97,2024.36,,,,,,
14060,,0.344,-13.35,27.19,50272.07,metal loss,External,15,0.052,,,1.38,1.61,11:07,,,0.7,151.19,,MFL-A/XT,,1160,65000,,1342,1463.2,2031.62,,,,,,
14060,,0.344,-13.67,26.88,50272.39,metal loss,External,21,0.072,,,0.87,1.42,8:46,,,0.7,151.26,,MFL-A/XT,,1160,65000,,1342,1467.78,2037.98,1539.17,2137.1,1539.74,2137.9,0.75,1.84
14060,,0.344,-13.85,26.7,50272.56,cluster,External,18,0.062,,,2.42,6.58,10:58,,,0.7,151.3,,,,1160,65000,,1342,1436.29,1994.25,,,,,,
14060,,0.344,-13.88,26.66,50272.6,cluster,External,24,0.083,,,1.72,1.55,8:31,,,0.7,151.31,,,,1160,65000,,1342,1443.26,2003.93,1510.78,2097.68,1520.76,2111.54,0.77,1.81
14060,,0.344,-14.47,26.08,50273.19,metal loss,External,11,0.038,,,0.47,0.75,8:43,,,0.7,151.43,,MFL-A/XT,,1160,65000,,1342,,,,,,,,
14060,,0.344,-14.47,26.07,50273.19,metal loss,External,14,0.048,,,2.24,0.59,8:55,,,0.7,151.43,,MFL-A/XT,,1160,65000,,1342,1449.32,2012.34,,,,,,
14060,,0.344,-14.55,25.99,50273.27,metal loss,External,12,0.041,,,0.83,0.91,8:39,,,0.7,151.45,,MFL-A/XT,,1160,65000,,1342,,,,,,,,
14060,,0.344,-14.56,25.98,50273.28,metal loss,External,18,0.062,,,0.79,1.26,9:18,,,0.7,151.45,,MFL-A/XT,,1160,65000,,1342,1470.54,2041.81,,,,,,
14060,,,,,50273.51,Attachment,,,,,,,,6:00,Repair Marker 2012 Dig #36 Recoat,,,151.5,,,,,,,,,,,,,,,
14060,,0.344,-14.96,25.58,50273.68,metal loss,External,17,0.058,,,0.71,1.3,8:42,Recoat,,0.7,151.54,,MFL-A/XT,,1160,65000,,1342,1471.79,2043.55,,,,,,
14060,,0.344,-15.44,25.1,50274.16,metal loss,External,16,0.055,,,1.3,1.61,4:14,Recoat,,0.7,151.64,,MFL-A/XT,,1160,65000,,1342,1463.51,2032.05,,,,,,
14060,,0.344,-16.02,24.53,50274.74,metal loss,External,11,0.038,,,0.67,1.22,1:57,Recoat,,0.7,151.76,,MFL-A/XT,,1160,65000,,1342,,,,,,,,
14060,,0.344,-16.29,24.25,50275.01,metal loss,External,20,0.069,,,2.17,1.58,2:43,Recoat,,0.7,151.81,,MFL-A/XT,,1160,65000,,1342,1438.24,1996.95,1504.84,2089.43,1507.08,2092.54,0.77,1.8
14060,,0.344,-16.6,23.94,50275.32,metal loss,External,19,0.065,,,2.21,1.18,2:08,Recoat,,0.7,151.87,,MFL-A/XT,,1160,65000,,1342,1439.48,1998.68,,,,,,
14060,,0.344,-16.69,23.86,50275.41,metal loss,External,18,0.062,,,1.22,1.53,4:06,Recoat,,0.7,151.89,,MFL-A/XT,,1160,65000,,1342,1463.13,2031.51,,,,,,
14060,,0.344,-16.97,23.57,50275.69,metal loss,External,10,0.034,,,1.06,1.26,4:08,Recoat,,0.7,151.95,,MFL-A/XT,,1160,65000,,1342,,,,,,,,
14060,,0.344,-17.03,23.52,50275.75,metal loss,External,11,0.038,,,0.63,0.98,4:38,Recoat,,0.7,151.96,,MFL-A/XT,,1160,65000,,1342,,,,,,,,
14060,,,,,50276.01,Area Start Sleeve,,,,,,,,,2012 Dig #36,,,152.01,,,,,,,,,,,,,,,
14060,,,,,50280.84,Area End Sleeve,,,,,,,,,2012 Dig #36,,,152.86,,,,,,,,,,,,,,,
14060,,,,,50282.01,Area Start Composite Wrap,,,,,,,,,Repair Marker @12:00,,,153.05,,,,,,,,,,,,,,,
14060,,0.344,-24.17,16.37,50282.89,metal loss,External,59,0.203,,,0.67,1.14,4:58,Repaired?,,0.7,153.18,,MFL-A/XT,,1160,65000,,1342,1456.2,2021.89,1522.89,2114.49,1527.88,2121.42,0.76,1.82
14060,,,,,50283.46,Area End Composite Wrap,,,,,,,,,Repair Marker @12:00,,,153.26,,,,,,,,,,,,,,,
14060,,,,,50284.59,Attachment,,,,,,,,6:00,Repair Marker 2012 Dig #36 Recoat,,,153.42,,,,,,,,,,,,,,,
14070,16.91,0.344,,,50299.26,GirthWeld,,,,,,,,,,,0.7,154.96,,,,1160,65000,,1342,,,,,,,,
14080,39.99,0.344,,,50316.17,GirthWeld,,,,,,,,,,,0.7,156.6,,,,1160,65000,,1342,,,,,,,,
14090,40.06,0.344,,,50356.17,GirthWeld,,,,,,,,,,,0.7,158.98,,,,1160,65000,,1342,,,,,,,,
14100,40.07,0.344,,,50396.23,GirthWeld,,,,,,,,,,,0.7,159.62,,,,1160,65000,,1342,,,,,,,,
14100,,,,,50424.84,AGM,,,,,,,,,AGM#20 AT PLM/ ON ROW,,,159.06,,,,,,,,,,,,,,,
14110,40.08,0.344,,,50436.3,GirthWeld,,,,,,,,,,1,1,158.76,,,,1160,65000,,1342,,,,,,,,
14110,,0.344,-39.22,0.87,50475.51,metal loss,External,13,0.045,,,0.51,1.42,6:59,,,1,157.61,,MFL-A/XT,,1160,65000,,1342,1474.43,2047.21,,,,,,
14120,36.36,0.344,,,50476.38,GirthWeld,,,,,,,,,,,0.7,157.58,,,,1160,65000,,1342,,,,,,,,
14130,40.03,0.344,,,50512.74,GirthWeld,,,,,,,,,,,0.7,156.36,,,,1160,65000,,1342,,,,,,,,
14140,40.09,0.344,,,50552.77,GirthWeld,,,,,,,,,,,0.7,154.51,,,,1160,65000,,1342,,,,,,,,
14150,39.9,0.344,,,50592.86,GirthWeld,,,,,,,,,,,0.7,152.63,,,,1160,65000,,1342,,,,,,,,
14160,40.07,0.344,,,50632.76,GirthWeld,,,,,,,,,,,0.7,150.65,,,,1160,65000,,1342,,,,,,,,
14170,40.05,0.344,,,50672.84,GirthWeld,,,,,,,,,,,1,149.19,,,,1160,65000,,1342,,,,,,,,
14180,40.04,0.344,,,50712.88,GirthWeld,,,,,,,,,,,1,147.67,,,,1160,65000,,1342,,,,,,,,
14190,40.08,0.344,,,50752.92,GirthWeld,,,,,,,,,,,0.7,145.63,,,,1160,65000,,1342,,,,,,,,
14200,40.07,0.344,,,50793,GirthWeld,,,,,,,,,,2,0.7,143.5,,,,1160,65000,,1342,,,,,,,,
14200,,0.344,-27.9,12.17,50820.9,metal loss manufacturing,N/A,12,0.041,,,0.39,0.59,10:00,,,0.7,141.54,,MFL-A/XT,,1160,65000,,1342,,,,,,,,
14200,,0.344,-28.08,12,50821.08,metal loss manufacturing,N/A,19,0.065,,,0.35,0.71,6:31,,,0.7,141.53,,MFL-A/XT,,1160,65000,,1342,,,,,,,,
14210,40.1,0.344,,,50833.08,GirthWeld,,,,,,,,,,,0.7,140.45,,,,1160,65000,,1342,,,,,,,,
14220,40.04,0.344,,,50873.18,GirthWeld,,,,,,,,,,,0.7,136.65,,,,1160,65000,,1342,,,,,,,,
14230,40.06,0.344,,,50913.22,GirthWeld,,,,,,,,,,,0.7,133.25,,,,1160,65000,,1342,,,,,,,,
14230,,,,,50939.78,Attachment,,,,,,,,6:00,Repair Marker,,,131.08,,,,,,,,,,,,,,,
14230,,,,,50940.45,Area Start Sleeve,,,,,,,,,2012 Dig #37,,,131.02,,,,,,,,,,,,,,,
14230,,,,,50942.44,Area End Sleeve,,,,,,,,,2012 Dig #37,,,130.84,,,,,,,,,,,,,,,
14230,,,,,50943.39,Attachment,,,,,,,,6:00,Repair Marker,,,130.74,,,,,,,,,,,,,,,
14240,39.49,0.344,,,50953.27,GirthWeld,,,,,,,,,,,0.7,129.6,,,,1160,65000,,1342,,,,,,,,
14250,40,0.344,,,50992.77,GirthWeld,,,,,,,,,,,0.7,124.35,,,,1160,65000,,1342,,,,,,,,
14260,40.03,0.344,,,51032.76,GirthWeld,,,,,,,,,,,0.7,116.88,,,,1160,65000,,1342,,,,,,,,
14270,40.07,0.344,,,51072.79,GirthWeld,,,,,,,,,,,1,112.95,,,,1160,65000,,1342,,,,,,,,
14280,40.14,0.344,,,51112.86,GirthWeld,,,,,,,,,,,0.7,109.47,,,,1160,65000,,1342,,,,,,,,
14290,39.9,0.344,,,51153.01,GirthWeld,,,,,,,,,,,1,104.03,,,,1160,65000,,1342,,,,,,,,
14300,38.93,0.344,,,51192.91,GirthWeld,,,,,,,,,,1,0.7,97.43,,,,1160,65000,,1342,,,,,,,,
14300,,0.344,-11.05,27.88,51203.96,metal loss manufacturing,N/A,14,0.048,,,0.35,0.63,10:34,,,0.7,95.52,,MFL-A/XT,,1160,65000,,1342,,,,,,,,
14310,40.21,0.344,,,51231.84,GirthWeld,,,,,,,,,,8,0.7,90.5,,,,1160,65000,,1342,,,,,,,,
14310,,0.344,-39.37,0.84,51271.21,cluster,External,22,0.076,,,1.26,5.26,7:26,,,0.7,84.58,,,,1160,65000,,1342,1458.89,2025.63,1529.06,2123.07,1529.63,2123.85,0.76,1.83
14310,,0.344,-39.38,0.84,51271.22,metal loss,External,12,0.041,,,0.75,0.71,6:52,,,0.7,84.58,,MFL-A/XT,,1160,65000,,1342,,,,,,,,
14310,,0.344,-39.6,0.61,51271.44,metal loss,External,11,0.038,,,0.75,2.17,5:14,,,0.7,84.55,,MFL-A/XT,,1160,65000,,1342,,,,,,,,
14310,,0.344,-39.83,0.38,51271.67,metal loss,External,15,0.052,,,0.51,0.79,6:21,,,0.7,84.52,,MFL-A/XT,,1160,65000,,1342,1474.13,2046.79,,,,,,
14310,,0.344,-39.93,0.28,51271.78,metal loss,External,12,0.041,,,0.55,0.75,8:15,,,0.7,84.51,,MFL-A/XT,,1160,65000,,1342,,,,,,,,
14310,,0.344,-40,0.22,51271.84,metal loss,External,25,0.086,,,0.75,5.12,3:56,near girth weld,,0.7,84.5,,MFL-A/XT,,1160,65000,,1342,1468.63,2039.15,1540.04,2138.31,1540.78,2139.34,0.75,1.84
14310,,0.344,-40,0.21,51271.84,metal loss,External,14,0.048,,,0.91,6.81,5:36,near girth weld,,0.7,84.5,,MFL-A/XT,,1160,65000,,1342,1470.45,2041.68,,,,,,
14310,,0.344,-40.11,0.11,51271.95,metal loss,External,10,0.034,,,0.59,10.08,6:18,affecting girth weld,,0.7,84.49,,MFL-A/XT,,1160,65000,,1342,,,,,,,,
14320,7.25,0.5,,,51272.06,GirthWeld,,,,,,,,,,,0.7,84.48,,,,1160,60000,,1800,,,,,,,,
14320,,,,,51276.11,Bend,,,,,,,,,5.5D -  17° - Over,,,83.7,,,,,,,,,,,,,,,
14330,13.76,0.344,,,51279.3,GirthWeld,,,,,,,,,,,0.7,82.36,,,,1160,65000,,1342,,,,,,,,
14340,12.46,0.5,,,51293.06,GirthWeld,,,,,,,,,,,1,76.32,,,,1160,60000,,1800,,,,,,,,
14340,,,,,51299.86,Bend,,,,,,,,,5.9D -  39° - Sag,,,74.48,,,,,,,,,,,,,,,
14350,11,0.344,,,51305.52,GirthWeld,,,,,,,,,,,0.7,75.96,,,,1160,65000,,1342,,,,,,,,
14360,7.23,0.5,,,51316.52,GirthWeld,,,,,,,,,,,0.7,80.49,,,,1160,60000,,1800,,,,,,,,
14360,,,,,51319.96,Bend,,,,,,,,,4.8D -  23° - Over,,,81.73,,,,,,,,,,,,,,,
14370,40.41,0.344,,,51323.75,GirthWeld,,,,,,,,,,,0.7,82.14,,,,1160,65000,,1342,,,,,,,,
14380,39.32,0.344,,,51364.16,GirthWeld,,,,,,,,,,,0.7,86.52,,,,1160,65000,,1342,,,,,,,,
14390,10.84,0.344,,,51403.48,GirthWeld,,,,,,,,,,,0.7,91.92,,,,1160,65000,,1342,,,,,,,,
14400,31.83,0.344,,,51414.32,GirthWeld,,,,,,,,,,,0.7,93.47,,,,1160,65000,,1342,,,,,,,,
14410,29.58,0.344,,,51446.15,GirthWeld,,,,,,,,,,,0.7,98.13,,,,1160,65000,,1342,,,,,,,,
14420,10.49,0.344,,,51475.73,GirthWeld,,,,,,,,,,,0.7,100.33,,,,1160,65000,,1342,,,,,,,,
14430,40.08,0.344,,,51486.22,GirthWeld,,,,,,,,,,,0.7,100.84,,,,1160,65000,,1342,,,,,,,,
14440,40.25,0.344,,,51526.3,GirthWeld,,,,,,,,,,,1,101.6,,,,1160,65000,,1342,,,,,,,,
14450,40.26,0.344,,,51566.55,GirthWeld,,,,,,,,,,,0.7,96.45,,,,1160,65000,,1342,,,,,,,,
14460,11.57,0.5,,,51606.81,GirthWeld,,,,,,,,,,,1,82.3,,,,1160,60000,,1800,,,,,,,,
14460,,,,,51613,Bend,,,,,,,,,5.8D -  35° - Sag,,,80.82,,,,,,,,,,,,,,,
14470,40.41,0.344,,,51618.37,GirthWeld,,,,,,,,,,3,0.7,82.2,,,,1160,65000,,1342,,,,,,,,
14470,,0.344,-21.63,18.78,51640,cluster,External,71,0.244,,,0.88,4.48,11:35,,,0.7,90.01,,,,1160,65000,,1342,1431.83,1988.06,1486.67,2064.2,1508.11,2093.97,0.78,1.78
14470,,0.344,-21.9,18.51,51640.27,metal loss,External,57,0.196,,,0.83,1.34,12:09,,,0.7,90.11,,MFL-A/XT,,1160,65000,,1342,1448.11,2010.67,1512.87,2100.59,1519.56,2109.87,0.77,1.81
14470,,0.344,-24.25,16.15,51642.63,metal loss,External,10,0.034,,,0.83,1.26,5:27,,,0.7,90.95,,MFL-A/XT,,1160,65000,,1342,,,,,,,,
14480,18.52,0.344,,,51658.78,GirthWeld,,,,,,,,,,,1,96.69,,,,1160,65000,,1342,,,,,,,,
14490,13.08,0.344,,,51677.3,GirthWeld,,,,,,,,,,,0.7,102.34,,,,1160,65000,,1342,,,,,,,,
14500,26.56,0.344,,,51690.38,GirthWeld,,,,,,,,,,1,0.7,105.39,,,,1160,65000,,1342,,,,,,,,
14500,,0.344,-1.26,25.31,51691.64,metal loss,External,20,0.069,,,0.83,1.42,6:20,,,0.7,105.61,,MFL-A/XT,,1160,65000,,1342,1469.05,2039.74,1540.61,2139.09,1541.02,2139.67,0.75,1.84
14510,39.61,0.344,,,51716.94,GirthWeld,,,,,,,,,,,0.7,109.59,,,,1160,65000,,1342,,,,,,,,
14520,19.9,0.344,,,51756.55,GirthWeld,,,,,,,,,,,0.7,114.46,,,,1160,65000,,1342,,,,,,,,
14530,28.21,0.344,,,51776.45,GirthWeld,,,,,,,,,,,0.7,116.38,,,,1160,65000,,1342,,,,,,,,
14540,39.93,0.344,,,51804.66,GirthWeld,,,,,,,,,,,1,118.38,,,,1160,65000,,1342,,,,,,,,
14550,31.99,0.344,,,51844.58,GirthWeld,,,,,,,,,,,1,120.06,,,,1160,65000,,1342,,,,,,,,
14560,40.08,0.344,,,51876.58,GirthWeld,,,,,,,,,,,1,121.55,,,,1160,65000,,1342,,,,,,,,
14570,32.94,0.344,,,51916.65,GirthWeld,,,,,,,,,,,0.7,123.08,,,,1160,65000,,1342,,,,,,,,
14580,23.52,0.344,,,51949.59,GirthWeld,,,,,,,,,,,0.7,124.21,,,,1160,65000,,1342,,,,,,,,
14590,40.03,0.344,,,51973.11,GirthWeld,,,,,,,,,,1,0.7,125.12,,,,1160,65000,,1342,,,,,,,,
14590,,0.344,-1.35,38.68,51974.46,metal loss,External,10,0.034,,,0.51,0.94,7:00,,,0.7,125.16,,MFL-A/XT,,1160,65000,,1342,,,,,,,,
14600,40,0.344,,,52013.14,GirthWeld,,,,,,,,,,,0.7,126.17,,,,1160,65000,,1342,,,,,,,,
14610,40.01,0.344,,,52053.14,GirthWeld,,,,,,,,,,,0.7,127.46,,,,1160,65000,,1342,,,,,,,,
14620,40.06,0.344,,,52093.15,GirthWeld,,,,,,,,,,,0.7,128.15,,,,1160,65000,,1342,,,,,,,,
14630,40.01,0.344,,,52133.21,GirthWeld,,,,,,,,,,,0.7,127.9,,,,1160,65000,,1342,,,,,,,,
14640,39.87,0.344,,,52173.21,GirthWeld,,,,,,,,,,,0.7,127.59,,,,1160,65000,,1342,,,,,,,,
14650,40.03,0.344,,,52213.09,GirthWeld,,,,,,,,,,2,1,127.49,,,,1160,65000,,1342,,,,,,,,
14650,,0.344,-38.78,1.25,52251.87,metal loss,External,15,0.052,,,2.05,2.28,7:58,,,1,127.48,,MFL-A/XT,,1160,65000,,1342,1450.85,2014.47,,,,,,
14650,,0.344,-38.8,1.23,52251.88,metal loss,External,12,0.041,,,1.97,0.98,7:29,,,1,127.48,,MFL-A/XT,,1160,65000,,1342,,,,,,,,
14660,40.05,0.344,,,52253.12,GirthWeld,,,,,,,,,,,0.7,127.48,,,,1160,65000,,1342,,,,,,,,
14670,40.06,0.344,,,52293.16,GirthWeld,,,,,,,,,,,0.7,127.64,,,,1160,65000,,1342,,,,,,,,
14680,40.1,0.344,,,52333.22,GirthWeld,,,,,,,,,,,0.7,129.14,,,,1160,65000,,1342,,,,,,,,
14690,40.02,0.344,,,52373.33,GirthWeld,,,,,,,,,,,0.7,130.88,,,,1160,65000,,1342,,,,,,,,
14700,40.09,0.344,,,52413.34,GirthWeld,,,,,,,,,,,1,132.88,,,,1160,65000,,1342,,,,,,,,
14710,39.98,0.344,,,52453.44,GirthWeld,,,,,,,,,,,0.7,134.23,,,,1160,65000,,1342,,,,,,,,
14720,40.03,0.344,,,52493.41,GirthWeld,,,,,,,,,,,0.7,135.99,,,,1160,65000,,1342,,,,,,,,
14730,40.1,0.344,,,52533.44,GirthWeld,,,,,,,,,,,0.7,137.66,,,,1160,65000,,1342,,,,,,,,
14740,40.1,0.344,,,52573.54,GirthWeld,,,,,,,,,,,0.7,139.53,,,,1160,65000,,1342,,,,,,,,
14750,40.07,0.344,,,52613.65,GirthWeld,,,,,,,,,,,0.7,141.75,,,,1160,65000,,1342,,,,,,,,
14760,40.14,0.344,,,52653.72,GirthWeld,,,,,,,,,,,0.7,143.88,,,,1160,65000,,1342,,,,,,,,
14770,40.16,0.344,,,52693.86,GirthWeld,,,,,,,,,,,0.7,145.67,,,,1160,65000,,1342,,,,,,,,
14780,40.11,0.344,,,52734.02,GirthWeld,,,,,,,,,,,0.7,147.67,,,,1160,65000,,1342,,,,,,,,
14790,40.13,0.344,,,52774.13,GirthWeld,,,,,,,,,,,0.7,150.2,,,,1160,65000,,1342,,,,,,,,
14800,40.03,0.344,,,52814.26,GirthWeld,,,,,,,,,,,0.7,152.96,,,,1160,65000,,1342,,,,,,,,
14810,18.48,0.344,,,52854.29,GirthWeld,,,,,,,,,,,0.7,156.17,,,,1160,65000,,1342,,,,,,,,
14820,40.09,0.344,,,52872.77,GirthWeld,,,,,,,,,,,0.7,157.78,,,,1160,65000,,1342,,,,,,,,
14830,40.08,0.344,,,52912.86,GirthWeld,,,,,,,,,,,1,160.89,,,,1160,65000,,1342,,,,,,,,
14840,40.11,0.344,,,52952.94,GirthWeld,,,,,,,,,,,0.7,163.42,,,,1160,65000,,1342,,,,,,,,
14850,40.09,0.344,,,52993.05,GirthWeld,,,,,,,,,,,0.7,166.09,,,,1160,65000,,1342,,,,,,,,
14860,40.02,0.344,,,53033.14,GirthWeld,,,,,,,,,,,0.7,168.69,,,,1160,65000,,1342,,,,,,,,
14870,39.93,0.344,,,53073.16,GirthWeld,,,,,,,,,,,0.7,171.31,,,,1160,65000,,1342,,,,,,,,
14870,,,,,53075.12,AGM,,,,,,,,,AGM#21 AT A/M LF 10/ ON ROW,,,171.46,,,,,,,,,,,,,,,
14880,39.94,0.344,,,53113.1,GirthWeld,,,,,,,,,,,1,174.59,,,,1160,65000,,1342,,,,,,,,
14890,40,0.344,,,53153.04,GirthWeld,,,,,,,,,,1,0.7,179,,,,1160,65000,,1342,,,,,,,,
14890,,0.344,-39.09,0.92,53192.12,metal loss,External,22,0.076,,,0.87,4.05,6:36,,,0.7,184.78,,MFL-A/XT,,1160,65000,,1342,1467.32,2037.33,1538.63,2136.35,1539.31,2137.29,0.75,1.84
14900,40.11,0.344,,,53193.04,GirthWeld,,,,,,,,,,2,0.7,184.91,,,,1160,65000,,1342,,,,,,,,
14900,,0.344,-0.8,39.31,53193.84,metal loss,External,10,0.034,,,0.94,2.76,8:55,,,0.7,185.03,,MFL-A/XT,,1160,65000,,1342,,,,,,,,
14900,,0.344,-0.82,39.3,53193.86,metal loss,External,12,0.041,,,1.58,2.44,4:58,,,0.7,185.03,,MFL-A/XT,,1160,65000,,1342,,,,,,,,
14910,40.1,0.344,,,53233.15,GirthWeld,,,,,,,,,,2,0.7,191.14,,,,1160,65000,,1342,,,,,,,,
14910,,0.344,-1.13,38.97,53234.28,metal loss,External,13,0.045,,,0.51,0.71,7:09,,,0.7,191.32,,MFL-A/XT,,1160,65000,,1342,1474.43,2047.21,,,,,,
14910,,0.344,-31.1,8.99,53264.25,Dent,N/A,,,1.6,0.384,18.09,5.59,6:12,,,0.7,196.26,,MFL-A/XT,,1160,65000,,1342,,,,,,,,
14920,39.96,0.344,,,53273.25,GirthWeld,,,,,,,,,,3,0.7,197.74,,,,1160,65000,,1342,,,,,,,,
14920,,0.344,-1.69,38.27,53274.94,metal loss,External,13,0.045,,,0.91,1.42,4:51,,,0.7,198.02,,MFL-A/XT,,1160,65000,,1342,1471.02,2042.48,,,,,,
14920,,0.344,-1.99,37.97,53275.24,metal loss,External,10,0.034,,,0.63,1.1,5:10,,,0.7,198.06,,MFL-A/XT,,1160,65000,,1342,,,,,,,,
14920,,0.344,-39.84,0.12,53313.09,metal loss,External,10,0.034,,,0.51,0.63,6:22,affecting girth weld,,0.7,204.12,,MFL-A/XT,,1160,65000,,1342,,,,,,,,
14930,39.95,0.344,,,53313.21,GirthWeld,,,,,,,,,,,0.7,204.14,,,,1160,65000,,1342,,,,,,,,
14940,39.89,0.344,,,53353.16,GirthWeld,,,,,,,,,,,0.7,210.37,,,,1160,65000,,1342,,,,,,,,
14950,39.98,0.344,,,53393.05,GirthWeld,,,,,,,,,,,0.7,214.6,,,,1160,65000,,1342,,,,,,,,
14960,40.08,0.344,,,53433.03,GirthWeld,,,,,,,,,,,0.7,217.18,,,,1160,65000,,1342,,,,,,,,
14970,40.12,0.344,,,53473.11,GirthWeld,,,,,,,,,,,0.7,219.28,,,,1160,65000,,1342,,,,,,,,
14980,40.08,0.344,,,53513.23,GirthWeld,,,,,,,,,,,0.7,221.35,,,,1160,65000,,1342,,,,,,,,
14990,40.02,0.344,,,53553.31,GirthWeld,,,,,,,,,,,0.7,223.56,,,,1160,65000,,1342,,,,,,,,
15000,31.32,0.344,,,53593.33,GirthWeld,,,,,,,,,,,0.7,225.84,,,,1160,65000,,1342,,,,,,,,
15010,40.12,0.344,,,53624.64,GirthWeld,,,,,,,,,,,0.7,227.9,,,,1160,65000,,1342,,,,,,,,
15020,40.1,0.344,,,53664.76,GirthWeld,,,,,,,,,,,0.7,226.68,,,,1160,65000,,1342,,,,,,,,
15030,40.05,0.344,,,53704.87,GirthWeld,,,,,,,,,,,0.7,219.07,,,,1160,65000,,1342,,,,,,,,
15040,39.92,0.344,,,53744.92,GirthWeld,,,,,,,,,,,0.7,205.62,,,,1160,65000,,1342,,,,,,,,
15050,40.04,0.344,,,53784.83,GirthWeld,,,,,,,,,,1,0.7,187.71,,,,1160,65000,,1342,,,,,,,,
15050,,0.344,-39.15,0.88,53823.99,metal loss,External,15,0.052,,,0.63,1.26,7:01,,,0.7,168.45,,MFL-A/XT,,1160,65000,,1342,1473.08,2045.34,,,,,,
15060,32.43,0.344,,,53824.87,GirthWeld,,,,,,,,,,,0.7,168.05,,,,1160,65000,,1342,,,,,,,,
15070,40,0.344,,,53857.3,GirthWeld,,,,,,,,,,,0.7,153.93,,,,1160,65000,,1342,,,,,,,,
15080,39.92,0.344,,,53897.3,GirthWeld,,,,,,,,,,,0.7,138.66,,,,1160,65000,,1342,,,,,,,,
15090,39.97,0.344,,,53937.23,GirthWeld,,,,,,,,,,,0.7,128.37,,,,1160,65000,,1342,,,,,,,,
15100,40.04,0.344,,,53977.19,GirthWeld,,,,,,,,,,,0.7,122.92,,,,1160,65000,,1342,,,,,,,,
15110,40.01,0.344,,,54017.23,GirthWeld,,,,,,,,,,,0.7,121.05,,,,1160,65000,,1342,,,,,,,,
15120,40.07,0.344,,,54057.24,GirthWeld,,,,,,,,,,,0.7,119.58,,,,1160,65000,,1342,,,,,,,,
15130,31.37,0.344,,,54097.31,GirthWeld,,,,,,,,,,,0.7,117.16,,,,1160,65000,,1342,,,,,,,,
15140,40.32,0.344,,,54128.69,GirthWeld,,,,,,,,,,,0.7,111.22,,,,1160,65000,,1342,,,,,,,,
15150,13.65,0.5,,,54169.01,GirthWeld,,,,,,,,,,,0.7,97.21,,,,1160,60000,,1800,,,,,,,,
15150,,,,,54176.2,Bend,,,,,,,,,5.9D -  45° - Sag,,,95.38,,,,,,,,,,,,,,,
15160,40.56,0.344,,,54182.66,GirthWeld,,,,,,,,,,,0.7,97.5,,,,1160,65000,,1342,,,,,,,,
15170,40.27,0.344,,,54223.22,GirthWeld,,,,,,,,,,,0.7,114.54,,,,1160,65000,,1342,,,,,,,,
15170,,,,,54236.45,Attachment,,,,,,,,5:30,Repair Marker 2012 Dig #38 Recoat,,,117.7,,,,,,,,,,,,,,,
15170,,,,,54236.76,Area Start Sleeve,,,,,,,,,2012 Dig #38,,,117.75,,,,,,,,,,,,,,,
15170,,,,,54239.02,Area End Sleeve,,,,,,,,,2012 Dig #38,,,118.14,,,,,,,,,,,,,,,
15170,,,,,54247.38,Area Start Sleeve,,,,,,,,,2012 Dig #38,,,119.25,,,,,,,,,,,,,,,
15170,,,,,54254.32,Area End Sleeve,,,,,,,,,2012 Dig #38,,,119.75,,,,,,,,,,,,,,,
15170,,,,,54254.97,Attachment,,,,,,,,5:30,Repair Marker 2012 Dig #38 Recoat,,,119.78,,,,,,,,,,,,,,,
15180,8.25,0.344,,,54263.5,GirthWeld,,,,,,,,,,,0.7,119.99,,,,1160,65000,,1342,,,,,,,,
15190,40.03,0.344,,,54271.75,GirthWeld,,,,,,,,,,,0.7,120.19,,,,1160,65000,,1342,,,,,,,,
15200,39.95,0.344,,,54311.78,GirthWeld,,,,,,,,,,,0.7,123.34,,,,1160,65000,,1342,,,,,,,,
15210,40,0.344,,,54351.73,GirthWeld,,,,,,,,,,,0.7,129.12,,,,1160,65000,,1342,,,,,,,,
15210,,,,,54356.61,Attachment,,,,,,,,6:00,Repair Marker,,,130.15,,,,,,,,,,,,,,,
15210,,,,,54357.76,Area Start Sleeve,,,,,,,,,2012 Dig #39,,,130.41,,,,,,,,,,,,,,,
15210,,,,,54359.42,Area End Sleeve,,,,,,,,,2012 Dig #39,,,130.79,,,,,,,,,,,,,,,
15210,,,,,54359.76,Attachment,,,,,,,,6:00,Repair Marker,,,130.88,,,,,,,,,,,,,,,
15220,40.04,0.344,,,54391.73,GirthWeld,,,,,,,,,,,0.7,139.25,,,,1160,65000,,1342,,,,,,,,
15230,40.04,0.344,,,54431.77,GirthWeld,,,,,,,,,,,0.7,151.86,,,,1160,65000,,1342,,,,,,,,
15230,,,,,54470.3,Attachment,,,,,,,,6:00,Repair Marker 2012 Dig #40 Recoat,,,165.44,,,,,,,,,,,,,,,
15240,34.46,0.344,,,54471.81,GirthWeld,,,,,,,,,,3,0.7,166,,,,1160,65000,,1342,,,,,,,,
15240,,0.344,-0.78,33.68,54472.58,metal loss,External,12,0.041,,,1.65,0.63,5:05,Recoat,,0.7,166.28,,MFL-A/XT,,1160,65000,,1342,,,,,,,,
15240,,0.344,-0.79,33.67,54472.6,metal loss,External,28,0.096,,,0.83,1.46,5:30,Recoat,,0.7,166.29,,MFL-A/XT,,1160,65000,,1342,1465.56,2034.89,1536.49,2133.37,1537.71,2135.07,0.75,1.84
15240,,0.344,-0.79,33.66,54472.6,metal loss,External,23,0.079,,,0.83,5.79,6:12,Recoat,,0.7,166.29,,MFL-A/XT,,1160,65000,,1342,1467.79,2037.99,1539.14,2137.06,1539.85,2138.04,0.75,1.84
15240,,,,,54472.91,Attachment,,,,,,,,6:00,Repair Marker 2012 Dig #40 Recoat,,,166.4,,,,,,,,,,,,,,,
15250,39.96,0.344,,,54506.26,GirthWeld,,,,,,,,,,,0.7,178.7,,,,1160,65000,,1342,,,,,,,,
15260,40.13,0.344,,,54546.23,GirthWeld,,,,,,,,,,,0.7,194.58,,,,1160,65000,,1342,,,,,,,,
15270,40.26,0.344,,,54586.36,GirthWeld,,,,,,,,,,,0.7,210.36,,,,1160,65000,,1342,,,,,,,,
15270,,,,,54625.49,Attachment,,,,,,,,6:00,Repair Marker 2012 Dig #41 Recoat,,,218.69,,,,,,,,,,,,,,,
15280,31.5,0.344,,,54626.62,GirthWeld,,,,,,,,,,1,0.7,218.81,,,,1160,65000,,1342,,,,,,,,
15280,,0.344,-0.79,30.71,54627.4,metal loss,External,21,0.072,,,0.55,2.87,6:11,Recoat,,0.7,218.9,,MFL-A/XT,,1160,65000,,1342,1472.74,2044.86,1544.7,2144.77,1544.93,2145.1,0.75,1.85
15280,,,,,54627.81,Attachment,,,,,,,,6:00,Repair Marker 2012 Dig #41 Recoat,,,218.95,,,,,,,,,,,,,,,
15290,40.05,0.344,,,54658.12,GirthWeld,,,,,,,,,,,1,221.05,,,,1160,65000,,1342,,,,,,,,
15300,40.01,0.344,,,54698.17,GirthWeld,,,,,,,,,,,0.7,222.46,,,,1160,65000,,1342,,,,,,,,
15310,39.98,0.344,,,54738.18,GirthWeld,,,,,,,,,,,0.7,222.49,,,,1160,65000,,1342,,,,,,,,
15320,40.01,0.344,,,54778.15,GirthWeld,,,,,,,,,,,1,222.49,,,,1160,65000,,1342,,,,,,,,
15330,39.99,0.344,,,54818.17,GirthWeld,,,,,,,,,,,0.7,222.41,,,,1160,65000,,1342,,,,,,,,
15340,39.97,0.344,,,54858.16,GirthWeld,,,,,,,,,,,0.7,222.12,,,,1160,65000,,1342,,,,,,,,
15350,40.03,0.344,,,54898.13,GirthWeld,,,,,,,,,,,1,222.23,,,,1160,65000,,1342,,,,,,,,
15360,40.08,0.344,,,54938.17,GirthWeld,,,,,,,,,,,0.7,222.12,,,,1160,65000,,1342,,,,,,,,
15370,40.01,0.344,,,54978.24,GirthWeld,,,,,,,,,,,0.7,221.76,,,,1160,65000,,1342,,,,,,,,
15380,40.08,0.344,,,55018.26,GirthWeld,,,,,,,,,,,0.7,222.57,,,,1160,65000,,1342,,,,,,,,
15390,40.04,0.344,,,55058.33,GirthWeld,,,,,,,,,,,1,223.49,,,,1160,65000,,1342,,,,,,,,
15400,40.09,0.344,,,55098.37,GirthWeld,,,,,,,,,,,1,224.55,,,,1160,65000,,1342,,,,,,,,
15410,40.1,0.344,,,55138.46,GirthWeld,,,,,,,,,,,0.7,226.05,,,,1160,65000,,1342,,,,,,,,
15420,40.13,0.344,,,55178.55,GirthWeld,,,,,,,,,,,0.7,227.53,,,,1160,65000,,1342,,,,,,,,
15430,40.06,0.344,,,55218.69,GirthWeld,,,,,,,,,,,0.7,229.1,,,,1160,65000,,1342,,,,,,,,
15440,40.12,0.344,,,55258.75,GirthWeld,,,,,,,,,,,0.7,230.76,,,,1160,65000,,1342,,,,,,,,
15450,40.08,0.344,,,55298.87,GirthWeld,,,,,,,,,,,0.7,232.18,,,,1160,65000,,1342,,,,,,,,
15460,40.1,0.344,,,55338.95,GirthWeld,,,,,,,,,,,0.7,233.49,,,,1160,65000,,1342,,,,,,,,
15470,39.91,0.344,,,55379.05,GirthWeld,,,,,,,,,,,1,234.96,,,,1160,65000,,1342,,,,,,,,
15480,40.1,0.344,,,55418.96,GirthWeld,,,,,,,,,,,0.7,235.62,,,,1160,65000,,1342,,,,,,,,
15480,,,,,55432.17,AGM,,,,,,,,,AGM#22 AT PLM/ ON ROW,,,235.68,,,,,,,,,,,,,,,
15490,40.02,0.344,,,55459.07,GirthWeld,,,,,,,,,,,1,235.62,,,,1160,65000,,1342,,,,,,,,
15500,40.04,0.344,,,55499.09,GirthWeld,,,,,,,,,,,0.7,235.36,,,,1160,65000,,1342,,,,,,,,
15510,40.1,0.344,,,55539.13,GirthWeld,,,,,,,,,,,1,234.34,,,,1160,65000,,1342,,,,,,,,
15520,40.09,0.344,,,55579.22,GirthWeld,,,,,,,,,,,0.7,232.99,,,,1160,65000,,1342,,,,,,,,
15530,40.06,0.344,,,55619.31,GirthWeld,,,,,,,,,,1,1,231.22,,,,1160,65000,,1342,,,,,,,,
15530,,0.344,-34.24,5.82,55653.55,metal loss manufacturing,N/A,11,0.038,,,0.35,0.63,4:03,,,1,228.78,,MFL-A/XT,,1160,65000,,1342,,,,,,,,
15540,40.1,0.344,,,55659.37,GirthWeld,,,,,,,,,,1,0.7,228.28,,,,1160,65000,,1342,,,,,,,,
15540,,0.344,-36.98,3.12,55696.34,metal loss manufacturing,N/A,18,0.062,,,0.39,0.87,3:06,,,0.7,225.06,,MFL-A/XT,,1160,65000,,1342,,,,,,,,
15550,33.07,0.344,,,55699.46,GirthWeld,,,,,,,,,,,0.7,224.77,,,,1160,65000,,1342,,,,,,,,
15560,40.12,0.344,,,55732.54,GirthWeld,,,,,,,,,,,0.7,222.18,,,,1160,65000,,1342,,,,,,,,
15560,,,,,55754.38,Tap,,,,,,,,12:00,,,,220.62,,,,,,,,,,,,,,,
15570,40.04,0.344,,,55772.66,GirthWeld,,,,,,,,,,,0.7,219.31,,,,1160,65000,,1342,,,,,,,,
15580,40.07,0.344,,,55812.69,GirthWeld,,,,,,,,,,,0.7,216.53,,,,1160,65000,,1342,,,,,,,,
15590,40.02,0.344,,,55852.76,GirthWeld,,,,,,,,,,,0.7,213.85,,,,1160,65000,,1342,,,,,,,,
15600,36.14,0.344,,,55892.78,GirthWeld,,,,,,,,,,,0.7,208.89,,,,1160,65000,,1342,,,,,,,,
15610,40.19,0.344,,,55928.92,GirthWeld,,,,,,,,,,,0.7,204.2,,,,1160,65000,,1342,,,,,,,,
15620,40.17,0.344,,,55969.11,GirthWeld,,,,,,,,,,,0.7,201.54,,,,1160,65000,,1342,,,,,,,,
15630,28.23,0.344,,,56009.28,GirthWeld,,,,,,,,,,,0.7,204.06,,,,1160,65000,,1342,,,,,,,,
15640,40.08,0.344,,,56037.52,GirthWeld,,,,,,,,,,,0.7,205.56,,,,1160,65000,,1342,,,,,,,,
15650,30.51,0.344,,,56077.59,GirthWeld,,,,,,,,,,,1,206.37,,,,1160,65000,,1342,,,,,,,,
15660,40.04,0.344,,,56108.1,GirthWeld,,,,,,,,,,,0.7,206.09,,,,1160,65000,,1342,,,,,,,,
15670,26.32,0.344,,,56148.14,GirthWeld,,,,,,,,,,,0.7,204.29,,,,1160,65000,,1342,,,,,,,,
15680,40.09,0.344,,,56174.46,GirthWeld,,,,,,,,,,,0.7,202.23,,,,1160,65000,,1342,,,,,,,,
15690,21.55,0.344,,,56214.55,GirthWeld,,,,,,,,,,,0.7,199.06,,,,1160,65000,,1342,,,,,,,,
15700,39.9,0.344,,,56236.1,GirthWeld,,,,,,,,,,,0.7,197.29,,,,1160,65000,,1342,,,,,,,,
15710,23.49,0.344,,,56276,GirthWeld,,,,,,,,,,,0.7,195.26,,,,1160,65000,,1342,,,,,,,,
15720,40.04,0.344,,,56299.49,GirthWeld,,,,,,,,,,,0.7,194.42,,,,1160,65000,,1342,,,,,,,,
15730,20.25,0.344,,,56339.53,GirthWeld,,,,,,,,,,,0.7,193.92,,,,1160,65000,,1342,,,,,,,,
15740,38.94,0.344,,,56359.77,GirthWeld,,,,,,,,,,,0.7,194.24,,,,1160,65000,,1342,,,,,,,,
15750,21.1,0.344,,,56398.71,GirthWeld,,,,,,,,,,,0.7,195.02,,,,1160,65000,,1342,,,,,,,,
15760,40.07,0.344,,,56419.81,GirthWeld,,,,,,,,,,,0.7,195.36,,,,1160,65000,,1342,,,,,,,,
15770,19.45,0.344,,,56459.87,GirthWeld,,,,,,,,,,2,0.7,194.3,,,,1160,65000,,1342,,,,,,,,
15770,,0.344,-18.58,0.87,56478.45,metal loss,External,15,0.052,,,0.63,1.93,8:50,,,0.7,191.19,,MFL-A/XT,,1160,65000,,1342,1473.2,2045.5,,,,,,
15770,,0.344,-18.6,0.85,56478.47,metal loss,External,13,0.045,,,0.55,1.42,6:04,,,0.7,191.18,,MFL-A/XT,,1160,65000,,1342,1474.18,2046.86,,,,,,
15780,40.08,0.344,,,56479.32,GirthWeld,,,,,,,,,,2,0.7,191.01,,,,1160,65000,,1342,,,,,,,,
15780,,0.344,-0.79,39.29,56480.11,metal loss,External,11,0.038,,,0.91,6.54,7:07,,,0.7,190.84,,MFL-A/XT,,1160,65000,,1342,,,,,,,,
15780,,0.344,-0.8,39.28,56480.13,metal loss,External,11,0.038,,,1.58,2.95,5:42,,,0.7,190.84,,MFL-A/XT,,1160,65000,,1342,,,,,,,,
15790,19.98,0.344,,,56519.4,GirthWeld,,,,,,,,,,,0.7,179.83,,,,1160,65000,,1342,,,,,,,,
15800,40.05,0.344,,,56539.39,GirthWeld,,,,,,,,,,,0.7,172.34,,,,1160,65000,,1342,,,,,,,,
15810,25.44,0.344,,,56579.43,GirthWeld,,,,,,,,,,,0.7,156.85,,,,1160,65000,,1342,,,,,,,,
15820,30.33,0.344,,,56604.87,GirthWeld,,,,,,,,,,,0.7,147.38,,,,1160,65000,,1342,,,,,,,,
15830,29.32,0.344,,,56635.21,GirthWeld,,,,,,,,,,,0.7,136.98,,,,1160,65000,,1342,,,,,,,,
15840,40.03,0.344,,,56664.53,GirthWeld,,,,,,,,,,,0.7,127.68,,,,1160,65000,,1342,,,,,,,,
15850,31.75,0.344,,,56704.56,GirthWeld,,,,,,,,,,10,0.7,112.86,,,,1160,65000,,1342,,,,,,,,
15850,,0.344,-7.08,24.67,56711.64,metal loss,External,12,0.041,,,0.87,1.58,6:27,,,0.7,109.51,,MFL-A/XT,,1160,65000,,1342,,,,,,,,
15850,,0.344,-8.41,23.33,56712.97,metal loss,External,10,0.034,,,1.06,1.42,8:46,,,0.7,108.85,,MFL-A/XT,,1160,65000,,1342,,,,,,,,
15850,,0.344,-8.85,22.89,56713.41,metal loss,External,10,0.034,,,0.43,1.18,4:37,,,0.7,108.63,,MFL-A/XT,,1160,65000,,1342,,,,,,,,
15850,,0.344,-9.03,22.71,56713.59,metal loss,External,12,0.041,,,0.71,1.73,4:10,,,0.7,108.53,,MFL-A/XT,,1160,65000,,1342,,,,,,,,
15850,,0.344,-9.05,22.69,56713.61,metal loss,External,24,0.083,,,1.85,2.43,9:12,,,0.7,108.52,,MFL-A/XT,,1160,65000,,1342,1439.3,1998.43,1506.07,2091.14,1509.48,2095.87,0.77,1.8
15850,,0.344,-9.15,22.6,56713.71,metal loss,External,11,0.038,,,0.67,1.5,4:18,,,0.7,108.47,,MFL-A/XT,,1160,65000,,1342,,,,,,,,
15850,,0.344,-9.87,21.87,56714.43,metal loss,External,15,0.052,,,0.83,1.61,1:48,,,0.7,108.1,,MFL-A/XT,,1160,65000,,1342,1471.03,2042.48,,,,,,
15850,,0.344,-9.93,21.82,56714.49,cluster,External,19,0.065,,,2,4.48,9:55,,,0.7,108.08,,,,1160,65000,,1342,1444.36,2005.45,,,,,,
15850,,0.344,-11.81,19.94,56716.36,metal loss,External,13,0.045,,,1.93,1.73,9:54,,,0.7,107.1,,MFL-A/XT,,1160,65000,,1342,1456.43,2022.22,,,,,,
15850,,0.344,-12.89,18.85,56717.45,metal loss,External,10,0.034,,,2.05,2.09,9:48,,,0.7,106.52,,MFL-A/XT,,1160,65000,,1342,,,,,,,,
15860,15.21,0.5,,,56736.3,GirthWeld,,,,,,,,,,,0.7,96.25,,,,1160,60000,,1800,,,,,,,,
15860,,,,,56744.06,Bend,,,,,,,,,6.5D -  46° - Sag,,,93.5,,,,,,,,,,,,,,,
15870,40.6,0.344,,,56751.52,GirthWeld,,,,,,,,,,,0.7,95.79,,,,1160,65000,,1342,,,,,,,,
15880,17.43,0.344,,,56792.12,GirthWeld,,,,,,,,,,2,1,113.83,,,,1160,65000,,1342,,,,,,,,
15880,,0.344,-17.28,0.16,56809.4,metal loss,External,10,0.034,,,0.63,0.83,1:16,near girth weld,,1,118.47,,MFL-A/XT,,1160,65000,,1342,,,,,,,,
15880,,0.344,-17.29,0.14,56809.41,metal loss,External,10,0.034,,,0.94,1.65,1:32,affecting girth weld,,1,118.48,,MFL-A/XT,,1160,65000,,1342,,,,,,,,
15890,40.23,0.344,,,56809.56,GirthWeld,,,,,,,,,,,0.7,118.51,,,,1160,65000,,1342,,,,,,,,
15900,40.13,0.344,,,56849.78,GirthWeld,,,,,,,,,,7,1,125.82,,,,1160,65000,,1342,,,,,,,,
15900,,0.344,-0.67,39.46,56850.45,metal loss,External,10,0.034,,,0.79,1.5,8:04,,,1,125.88,,MFL-A/XT,,1160,65000,,1342,,,,,,,,
15900,,0.344,-1.16,38.98,56850.94,metal loss,External,14,0.048,,,0.91,0.71,9:46,,,1,125.93,,MFL-A/XT,,1160,65000,,1342,1470.59,2041.87,,,,,,
15900,,0.344,-1.4,38.74,56851.18,metal loss,External,11,0.038,,,1.5,1.81,9:12,,,1,125.95,,MFL-A/XT,,1160,65000,,1342,,,,,,,,
15900,,0.344,-8.89,31.24,56858.68,metal loss,External,11,0.038,,,1.89,2.36,7:06,,,1,126.65,,MFL-A/XT,,1160,65000,,1342,,,,,,,,
15900,,0.344,-18.22,21.91,56868,metal loss,External,12,0.041,,,2.13,2.32,5:04,,,1,127.46,,MFL-A/XT,,1160,65000,,1342,,,,,,,,
15900,,0.344,-28.71,11.42,56878.5,metal loss,External,10,0.034,,,1.22,1.81,12:36,,,1,128.28,,MFL-A/XT,,1160,65000,,1342,,,,,,,,
15900,,0.344,-32.87,7.26,56882.65,metal loss,External,14,0.048,,,0.79,1.3,10:44,,,1,128.57,,MFL-A/XT,,1160,65000,,1342,1471.8,2043.55,,,,,,
15910,40.06,0.344,,,56889.91,GirthWeld,,,,,,,,,,9,0.7,129.02,,,,1160,65000,,1342,,,,,,,,
15910,,0.344,-5.96,34.1,56895.87,metal loss,External,11,0.038,,,0.79,0.98,12:22,,,0.7,129.37,,MFL-A/XT,,1160,65000,,1342,,,,,,,,
15910,,0.344,-6.03,34.02,56895.95,metal loss,External,15,0.052,,,0.87,1.42,11:53,,,0.7,129.37,,MFL-A/XT,,1160,65000,,1342,1470.59,2041.88,,,,,,
15910,,0.344,-12.87,27.18,56902.79,metal loss,External,12,0.041,,,1.69,2.79,4:30,,,0.7,129.75,,MFL-A/XT,,1160,65000,,1342,,,,,,,,
15910,,0.344,-13.06,26.99,56902.98,metal loss,External,26,0.089,,,1.1,1.81,9:51,,,0.7,129.76,,MFL-A/XT,,1160,65000,,1342,1459.59,2026.6,1529.72,2123.98,1531.46,2126.39,0.76,1.83
15910,,0.344,-14,26.05,56903.92,metal loss,External,15,0.052,,,1.85,2.13,9:32,,,0.7,129.81,,MFL-A/XT,,1160,65000,,1342,1454.67,2019.78,,,,,,
15910,,0.344,-24.28,15.78,56914.19,metal loss,External,15,0.052,,,2.17,1.65,9:59,,,0.7,130.45,,MFL-A/XT,,1160,65000,,1342,1448.58,2011.32,,,,,,
15910,,0.344,-26.62,13.43,56916.54,metal loss,External,12,0.041,,,0.51,0.79,10:16,,,0.7,130.62,,MFL-A/XT,,1160,65000,,1342,,,,,,,,
15910,,0.344,-32.11,7.94,56922.03,metal loss,External,11,0.038,,,1.85,1.34,4:55,,,0.7,131.04,,MFL-A/XT,,1160,65000,,1342,,,,,,,,
15910,,0.344,-32.16,7.89,56922.08,metal loss,External,10,0.034,,,1.81,2.99,4:14,,,0.7,131.04,,MFL-A/XT,,1160,65000,,1342,,,,,,,,
15920,17.17,0.344,,,56929.97,GirthWeld,,,,,,,,,,,1,131.69,,,,1160,65000,,1342,,,,,,,,
15930,18.46,0.344,,,56947.14,GirthWeld,,,,,,,,,,,0.7,133.12,,,,1160,65000,,1342,,,,,,,,
15940,6.13,0.344,,,56965.61,GirthWeld,,,,,,,,,,,0.7,135.25,,,,1160,65000,,1342,,,,,,,,
15940,,,,,56968.7,Bend,,,,,,,,,10.0D -  30° - Sag,,,135.71,,,,,,,,,,,,,,,
15950,40.03,0.344,,,56971.73,GirthWeld,,,,,,,,,,2,0.7,136.35,,,,1160,65000,,1342,,,,,,,,
15950,,0.344,-0.78,39.25,56972.51,metal loss,External,10,0.034,,,1.06,2.28,12:27,,,0.7,136.52,,MFL-A/XT,,1160,65000,,1342,,,,,,,,
15950,,0.344,-2.5,37.53,56974.24,metal loss,External,18,0.062,,,1.85,2.09,5:09,,,0.7,136.91,,MFL-A/XT,,1160,65000,,1342,1449.87,2013.1,,,,,,
15960,16.16,0.344,,,57011.76,GirthWeld,,,,,,,,,,,0.7,145.06,,,,1160,65000,,1342,,,,,,,,
15970,7.52,0.344,,,57027.92,GirthWeld,,,,,,,,,,,0.7,148.3,,,,1160,65000,,1342,,,,,,,,
15970,,,,,57031.39,Bend,,,,,,,,,6.8D -  57° - Sag,,,149.05,,,,,,,,,,,,,,,
15980,40.16,0.344,,,57035.44,GirthWeld,,,,,,,,,,,0.7,150.29,,,,1160,65000,,1342,,,,,,,,
15990,35.29,0.344,,,57075.61,GirthWeld,,,,,,,,,,,0.7,164.01,,,,1160,65000,,1342,,,,,,,,
16000,10.23,0.344,,,57110.89,GirthWeld,,,,,,,,,,,0.7,176.7,,,,1160,65000,,1342,,,,,,,,
16000,,,,,57116.16,Bend,,,,,,,,,6.5D -  48° - Over,,,178.29,,,,,,,,,,,,,,,
16010,16.92,0.344,,,57121.12,GirthWeld,,,,,,,,,,,0.7,178.97,,,,1160,65000,,1342,,,,,,,,
16020,39.99,0.344,,,57138.04,GirthWeld,,,,,,,,,,,0.7,180.44,,,,1160,65000,,1342,,,,,,,,
16030,21.93,0.344,,,57178.03,GirthWeld,,,,,,,,,,,1,183.77,,,,1160,65000,,1342,,,,,,,,
16030,,,,,57185.63,Bend,,,,,,,,,15.0D -  90° - Right,,,184.27,,,,,,,,,,,,,,,
16040,16.74,0.344,,,57199.96,GirthWeld,,,,,,,,,,,0.7,184.53,,,,1160,65000,,1342,,,,,,,,
16040,,,,,57205.77,Area Start Casing,,,,,,,,,,,,184.58,,,,,,,,,,,,,,,
16050,14.45,0.344,,,57216.7,GirthWeld,,,,,,,,,,,0.7,184.66,,,,1160,65000,,1342,,,,,,,,
16050,,,,,57217.8,Area End Casing,,,,,,,,,,,,184.67,,,,,,,,,,,,,,,
16050,,,,,57223.37,Bend,,,,,,,,,20.0D -  60° - Sag,,,185.09,,,,,,,,,,,,,,,
16060,40.2,0.344,,,57231.15,GirthWeld,,,,,,,,,,,0.7,187.47,,,,1160,65000,,1342,,,,,,,,
16070,5.79,0.344,,,57271.34,GirthWeld,,,,,,,,,,,0.7,202.78,,,,1160,65000,,1342,,,,,,,,
16080,5.01,0.344,,,57277.14,GirthWeld,,,,,,,,,,,0.7,204.96,,,,1160,65000,,1342,,,,,,,,
16080,,,,,57280.83,AGM,,,,,,,,,"RECEIVER VALVE 22'7"" U/S OF DOOR",,,206.35,,,,,,,,,,,,,,,
16090,18.12,0.344,,,57282.14,GirthWeld,,,,,,,,,,,0.7,206.85,,,,1160,65000,,1342,,,,,,,,
16090,,,,,57288.13,Magnet,,,,,,,,12:00,ROSEN,,,209.12,,,,,,,,,,,,,,,
16100,4.62,0.5,,,57300.26,Area Start Receive Trap,,,,,,,,,,,0.7,212.15,,,,1160,60000,,1800,,,,,,,,
16100,,,,,57302.01,Tee,,,,,,,,9:00,,,,212.18,,,,,,,,,,,,,,,
16110,,0.5,,,57304.88,Flange,,,,,,,,,,,3.9,212.17,,,,1160,60000,,1800,,,,,,,,
16110,,,,,57310.67,Tap,,,,,,,,3:00,,,,212.2,,,,,,,,,,,,,,,
16110,,,,,57311.04,Tap,,,,,,,,9:00,,,,212.2,,,,,,,,,,,,,,,
16110,,,,,57312.38,Valve,,,,,,,,,,,,212.2,,,,,,,,,,,,,,,
16110,,,,,57313.67,Tap,,,,,,,,9:00,,,,212.21,,,,,,,,,,,,,,,
16110,,,,,57314.16,Tap,,,,,,,,3:00,,,,212.21,,,,,,,,,,,,,,,
16110,,,,,57315.86,Tap,,,,,,,,6:00,,,,212.21,,,,,,,,,,,,,,,
16110,,,,,57316.69,Tap,,,,,,,,12:00,,,,212.22,,,,,,,,,,,,,,,
16110,,,,,57340,Area End Receiver,,,,,,,,,,,,212.31,,,,,,,,,,,,,,,