joint_number,joint_length,wall_thickness,dist_upstream_weld,dist_downstream_weld,log_distance,event_type,orientation,depth_percent,depth_inches,Metal Loss Depth + Tolerance[%],Dimension Classification,Metal Loss Depth Tolerance [%] (includes seamless and HAZ and modified specs),Dent Depth[%],Dent Depth[in],Is any part of the dent affecting the top of the pipe? [Y/N],length,width,clock_position,comments,Anomalies per Joint,Was anomaly sizing reviewed by analyst? [Y/N],Was anomaly sizing/dimensions manually changed? [Y/N],Magnetization Level [kA/m] for MFL survey or Actual WT [in] for UT Survey,elevation,Seam Position[hh:mm],Distance To Seam Weld [in],Tool,pdesign,smys,Pipe Type,Pipe Diameter (O.D.)[in.],safe_pressure_psi,burst_pressure_psi,Effective Area Psafe [PSI],Effective Area Pburst [PSI],erf,rpr,Length Tolerance [in],Width Tolerance [in],inspection_year,feature_id,is_anomaly,distance_ft_original,distance_ft_aligned,event_type_normalized,is_reference,clock_decimal,original_index,corrected_distance
75,16.985,0.344,16.05,0.938,128.583,Metal Loss,External,21.0,0.072,36.0,GENE,20.0,,,,2.4,2.6,4:39,EXT ML,4,N,N,5.97,212.96,07:36,18.431,CMFL,1025,65000,E.R. WELD,24,1495.2,2076.7,1483.9,2061.0,0.686,1.114,1.0,1.2,2022,Metal Loss_128.6,True,128.583,127.82600000000002,METAL_LOSS,False,4.65,25,127.51457969628125
75,16.985,0.344,16.306,0.682,128.839,Metal Loss,External,30.0,0.103,45.0,GENE,20.0,,,,3.0,4.0,5:59,EXT ML,4,N,N,5.97,212.865,07:36,8.796,CMFL,1025,65000,E.R. WELD,24,1434.8,1992.7,1430.7,1987.1,0.714,1.069,1.0,1.2,2022,Metal Loss_128.8,True,128.839,128.08200000000002,METAL_LOSS,False,5.983333333333333,26,127.76987564271195
80,15.289,0.344,13.852,1.437,143.373,Metal Loss,External,32.0,0.11,47.0,GENE,20.0,,,,3.4,6.9,11:30,EXT ML,4,N,N,5.97,207.202,08:56,18.431,CMFL,1025,65000,E.R. WELD,24,1409.4,1957.5,1428.4,1983.8,0.727,1.049,1.0,1.2,2022,Metal Loss_143.4,True,143.373,142.616,METAL_LOSS,False,11.5,28,142.18512459938518
80,15.289,0.344,14.127,1.161,143.648,Metal Loss,External,25.0,0.086,40.0,CIGR,25.0,,,,0.7,2.2,01:00,EXT ML,4,N,N,5.97,207.094,08:56,25.552,CMFL,1025,65000,E.R. WELD,24,1540.5,2139.5,1538.7,2137.1,0.665,1.148,1.0,1.2,2022,Metal Loss_143.6,True,143.648,142.89100000000002,METAL_LOSS,False,1.0,29,142.4578043037478
80,15.289,0.344,14.134,1.155,143.655,Metal Loss,External,12.0,0.041,27.0,GENE,20.0,,,,3.1,3.1,8:33,EXT ML ( NEAR SW ),4,N,N,5.97,207.091,08:56,2.304,CMFL,1025,65000,E.R. WELD,24,1506.9,2092.9,1498.9,2081.8,0.68,1.123,1.0,1.2,2022,Metal Loss_143.7,True,143.655,142.89800000000002,METAL_LOSS,False,8.55,30,142.46474524167704
80,15.289,0.344,14.154,1.135,143.675,Metal Loss,External,21.0,0.072,36.0,GENE,20.0,,,,2.4,2.1,4:30,EXT ML,4,N,N,5.97,207.083,08:56,27.855,CMFL,1025,65000,E.R. WELD,24,1492.8,2073.3,1480.9,2056.8,0.687,1.114,1.0,1.2,2022,Metal Loss_143.7,True,143.675,142.91800000000003,METAL_LOSS,False,4.5,31,142.48457649290341
90,31.627,0.344,1.48,30.148,146.289,Metal Loss,External,23.0,0.079,38.0,GENE,20.0,,,,4.1,6.1,8:29,EXT ML,3,N,N,5.97,206.052,01:12,27.227,CMFL,1025,65000,E.R. WELD,24,1433.9,1991.5,1430.7,1987.1,0.715,1.067,1.0,1.2,2022,Metal Loss_146.3,True,146.289,145.532,METAL_LOSS,False,8.483333333333333,33,145.08633446106174
90,31.627,0.344,1.65,29.977,146.46,Metal Loss,External,20.0,0.069,35.0,GENE,20.0,,,,1.2,2.0,11:58,EXT ML,3,N,N,5.97,205.985,01:12,7.749,CMFL,1025,65000,E.R. WELD,24,1531.2,2126.7,1527.6,2121.6,0.669,1.142,1.0,1.2,2022,Metal Loss_146.5,True,146.46,145.70300000000003,METAL_LOSS,False,11.966666666666667,34,145.2570262750182
90,31.627,0.344,30.574,1.053,175.384,Metal Loss,External,15.0,0.052,30.0,GENE,20.0,,,,5.7,2.9,8:07,EXT ML,3,N,N,5.97,194.421,01:12,31.835,CMFL,1025,65000,E.R. WELD,24,1451.2,2015.6,1432.6,1989.7,0.706,1.081,1.0,1.2,2022,Metal Loss_175.4,True,175.384,174.627,METAL_LOSS,False,8.116666666666667,35,174.12889777721566
120,13.484,0.5,8.579,4.905,265.167,Metal Loss,External,23.0,0.115,38.0,GENE,20.0,,,,2.1,3.4,12:03,EXT ML,1,N,N,4.14,158.751,UNKN,,CMFL,1025,60000,E.R. WELD,24,2051.2,2848.8,2040.3,2833.7,0.5,1.14,1.0,1.2,2022,Metal Loss_265.2,True,265.167,264.40999999999997,METAL_LOSS,False,12.05,40,263.9518903886087
200,12.087,0.344,4.006,8.081,423.104,Metal Loss,External,13.0,0.044,28.0,GENE,20.0,,,,2.2,2.0,11:18,EXT ML,3,N,N,5.97,169.08,UNKN,,CMFL,1025,65000,E.R. WELD,24,1521.4,2113.0,1516.1,2105.6,0.674,1.134,1.0,1.2,2022,Metal Loss_423.1,True,423.104,422.347,METAL_LOSS,False,11.3,53,421.4605278835015
200,12.087,0.344,4.475,7.612,423.573,Metal Loss,External,12.0,0.041,27.0,AXGR,20.0,,,,2.4,1.0,11:02,EXT ML,3,N,N,5.97,169.321,UNKN,,CMFL,1025,65000,E.R. WELD,24,1517.7,2107.9,1511.7,2099.6,0.675,1.132,1.0,1.2,2022,Metal Loss_423.6,True,423.573,422.816,METAL_LOSS,False,11.033333333333333,54,421.93239947046163
200,12.087,0.344,10.115,1.972,429.213,Metal Loss,External,15.0,0.052,30.0,GENE,20.0,,,,2.3,2.9,2:49,EXT ML,3,N,N,5.97,172.204,UNKN,,CMFL,1025,65000,E.R. WELD,24,1514.2,2103.0,1507.4,2093.6,0.677,1.129,1.0,1.2,2022,Metal Loss_429.2,True,429.213,428.456,METAL_LOSS,False,2.8166666666666664,55,427.6069319874234
215,7.503,0.344,0.315,7.188,440.804,Metal Loss,External,15.0,0.052,30.0,GENE,20.0,,,,15.0,8.8,6:21,EXT ML,1,N,N,5.97,175.355,08:36,14.451,CMFL,1025,65000,E.R. WELD,24,1396.0,1938.9,1399.6,1943.9,0.734,1.04,1.0,1.2,2022,Metal Loss_440.8,True,440.804,440.047,METAL_LOSS,False,6.35,59,438.9879295573536
230,40.2,0.344,0.161,40.039,488.245,Metal Loss,External,14.0,0.048,29.0,GENE,20.0,,,,3.3,1.5,5:35,EXT ML,4,N,N,5.97,186.747,08:28,18.012,CMFL,1025,65000,E.R. WELD,24,1496.3,2078.2,1486.1,2064.1,0.685,1.114,1.0,1.2,2022,Metal Loss_488.2,True,488.245,487.488,METAL_LOSS,False,5.583333333333333,62,486.17075970149256
230,40.2,0.344,38.842,1.362,526.923,Metal Loss,External,17.0,0.058,32.0,GENE,20.0,,,,2.6,1.7,2:57,EXT ML,4,N,N,5.97,190.09,08:28,34.558,CMFL,1025,65000,E.R. WELD,24,1500.9,2084.6,1491.3,2071.2,0.683,1.119,1.0,1.2,2022,Metal Loss_526.9,True,526.923,526.166,METAL_LOSS,False,2.95,65,524.7910313432835
240,40.312,0.344,0.184,40.128,528.468,Metal Loss,External,23.0,0.079,38.0,GENE,20.0,,,,14.9,19.6,7:02,EXT ML,10,N,N,5.97,190.21,03:20,27.855,CMFL,1025,65000,E.R. WELD,24,1308.5,1817.3,1339.0,1859.7,0.783,0.977,1.0,1.2,2022,Metal Loss_528.5,True,528.468,527.711,METAL_LOSS,False,7.033333333333333,67,526.3337626513196
240,40.312,0.344,0.84,39.475,529.121,Metal Loss,External,11.0,0.038,26.0,GENE,20.0,,,,14.0,8.4,8:37,EXT ML,10,N,N,5.97,190.261,03:20,34.976,CMFL,1025,65000,E.R. WELD,24,1437.6,1996.6,1433.4,1990.9,0.713,1.073,1.0,1.2,2022,Metal Loss_529.1,True,529.121,528.364,METAL_LOSS,False,8.616666666666667,68,526.9859203214924
240,40.312,0.344,1.007,39.304,529.291,Metal Loss,External,18.0,0.062,33.0,GENE,20.0,,,,2.5,2.0,4:13,EXT ML,10,N,N,5.97,190.274,03:20,5.655,CMFL,1025,65000,E.R. WELD,24,1502.1,2086.2,1492.6,2073.0,0.682,1.119,1.0,1.2,2022,Metal Loss_529.3,True,529.291,528.5340000000001,METAL_LOSS,False,4.216666666666667,69,527.1557010319508
240,40.312,0.344,5.827,34.485,534.111,Metal Loss,External,27.0,0.093,42.0,GENE,20.0,,,,1.5,3.4,9:02,EXT ML,10,N,N,5.97,190.657,03:20,35.814,CMFL,1025,65000,E.R. WELD,24,1514.6,2103.6,1506.8,2092.8,0.677,1.128,1.0,1.2,2022,Metal Loss_534.1,True,534.111,533.354,METAL_LOSS,False,9.033333333333333,70,531.9694835284779
240,40.312,0.344,6.257,34.058,534.537,Metal Loss,External,12.0,0.041,27.0,GENE,20.0,,,,4.1,1.8,8:56,EXT ML,10,N,N,5.97,190.691,03:20,35.186,CMFL,1025,65000,E.R. WELD,24,1490.4,2070.0,1479.4,2054.7,0.688,1.112,1.0,1.2,2022,Metal Loss_534.5,True,534.537,533.7800000000001,METAL_LOSS,False,8.933333333333334,71,532.3949340146854
240,40.312,0.344,6.781,33.53,535.066,Metal Loss,External,15.0,0.052,30.0,GENE,20.0,,,,2.7,1.4,8:50,EXT ML,10,N,N,5.97,190.733,03:20,34.558,CMFL,1025,65000,E.R. WELD,24,1505.7,2091.2,1497.2,2079.4,0.681,1.121,1.0,1.2,2022,Metal Loss_535.1,True,535.066,534.3090000000001,METAL_LOSS,False,8.833333333333334,72,532.9232516372297
240,40.312,0.344,7.323,32.992,535.604,Metal Loss,External,16.0,0.055,31.0,GENE,20.0,,,,1.6,1.3,8:46,EXT ML,10,N,N,5.97,190.776,03:20,34.139,CMFL,1025,65000,E.R. WELD,24,1527.3,2121.2,1523.0,2115.2,0.671,1.138,1.0,1.2,2022,Metal Loss_535.6,True,535.604,534.8470000000001,METAL_LOSS,False,8.766666666666667,73,533.4605576503275
240,40.312,0.344,7.7,32.612,535.984,Metal Loss,External,15.0,0.052,30.0,GENE,20.0,,,,1.9,2.3,8:46,EXT ML,10,N,N,5.97,190.807,03:20,34.139,CMFL,1025,65000,E.R. WELD,24,1523.0,2115.3,1517.9,2108.2,0.673,1.134,1.0,1.2,2022,Metal Loss_536.0,True,535.984,535.2270000000001,METAL_LOSS,False,8.766666666666667,74,533.8400674737052
240,40.312,0.344,38.967,1.348,567.247,Metal Loss,External,13.0,0.044,28.0,GENE,20.0,,,,2.5,2.8,4:36,EXT ML,10,N,N,5.97,193.312,03:20,7.959,CMFL,1025,65000,E.R. WELD,24,1513.7,2102.3,1506.9,2092.9,0.677,1.129,1.0,1.2,2022,Metal Loss_567.2,True,567.247,566.49,METAL_LOSS,False,4.6,75,565.0627401270093
240,40.312,0.344,39.459,0.853,567.743,Metal Loss,External,16.0,0.055,31.0,GENE,20.0,,,,2.5,2.4,4:35,EXT ML,10,N,N,5.97,193.351,03:20,7.959,CMFL,1025,65000,E.R. WELD,24,1506.0,2091.6,1497.4,2079.7,0.681,1.123,1.0,1.2,2022,Metal Loss_567.7,True,567.743,566.9860000000001,METAL_LOSS,False,4.583333333333333,76,565.5581003175233
250,40.135,0.344,2.428,37.707,571.024,Metal Loss,External,13.0,0.044,28.0,GENE,20.0,,,,2.0,1.9,5:58,EXT ML,14,N,N,5.97,193.614,02:20,22.829,CMFL,1025,65000,E.R. WELD,24,1525.7,2119.0,1521.2,2112.8,0.672,1.137,1.0,1.2,2022,Metal Loss_571.0,True,571.024,570.267,METAL_LOSS,False,5.966666666666667,78,568.8323132506105
250,40.135,0.344,3.894,36.243,572.487,Metal Loss,External,11.0,0.038,26.0,GENE,20.0,,,,2.8,2.3,6:01,EXT ML,14,N,N,5.97,193.725,02:20,23.248,CMFL,1025,65000,E.R. WELD,24,1515.8,2105.3,1509.6,2096.6,0.676,1.13,1.0,1.2,2022,Metal Loss_572.5,True,572.487,571.73,METAL_LOSS,False,6.016666666666667,79,570.2918866796232
250,40.135,0.344,4.905,35.23,573.501,Metal Loss,External,16.0,0.055,31.0,CIGR,25.0,,,,1.1,2.7,5:58,EXT ML,14,N,N,5.97,193.802,02:20,22.829,CMFL,1025,65000,E.R. WELD,24,1538.2,2136.5,1536.2,2133.6,0.666,1.147,1.0,1.2,2022,Metal Loss_573.5,True,573.501,572.744,METAL_LOSS,False,5.966666666666667,80,571.3035117356854
250,40.135,0.344,7.917,32.218,576.512,Metal Loss,External,13.0,0.044,28.0,GENE,20.0,,,,4.6,5.2,6:21,EXT ML,14,N,N,5.97,194.029,02:20,23.667,CMFL,1025,65000,E.R. WELD,24,1481.1,2057.0,1472.1,2044.5,0.692,1.102,1.0,1.2,2022,Metal Loss_576.5,True,576.512,575.755,METAL_LOSS,False,6.35,81,574.3074595106393
250,40.135,0.344,10.335,29.803,578.927,Metal Loss,External,18.0,0.062,33.0,GENE,20.0,,,,1.2,3.5,6:08,EXT ML,14,N,N,5.97,194.211,02:20,23.876,CMFL,1025,65000,E.R. WELD,24,1533.2,2129.5,1530.1,2125.1,0.669,1.143,1.0,1.2,2022,Metal Loss_578.9,True,578.927,578.1700000000001,METAL_LOSS,False,6.133333333333334,82,576.7168032092491
250,40.135,0.344,10.84,29.295,579.436,Metal Loss,External,13.0,0.044,28.0,GENE,20.0,,,,4.5,1.9,6:08,EXT ML,14,N,N,5.97,194.25,02:20,24.295,CMFL,1025,65000,E.R. WELD,24,1478.5,2053.5,1491.0,2070.9,0.693,1.103,1.0,1.2,2022,Metal Loss_579.4,True,579.436,578.6790000000001,METAL_LOSS,False,6.133333333333334,83,577.2246110529726
250,40.135,0.344,14.222,25.912,582.818,Metal Loss,External,12.0,0.041,27.0,PITT,20.0,,,,1.6,1.0,6:12,EXT ML,14,N,N,5.97,194.505,02:20,24.295,CMFL,1025,65000,E.R. WELD,24,1533.2,2129.5,1530.3,2125.4,0.669,1.143,0.6,1.2,2022,Metal Loss_582.8,True,582.818,582.061,METAL_LOSS,False,6.2,84,580.5986898888723
250,40.135,0.344,15.778,24.357,584.373,Metal Loss,External,11.0,0.038,26.0,GENE,20.0,,,,2.6,3.6,5:51,EXT ML,14,N,N,5.97,194.622,02:20,22.201,CMFL,1025,65000,E.R. WELD,24,1517.4,2107.5,1511.5,2099.2,0.676,1.132,1.0,1.2,2022,Metal Loss_584.4,True,584.373,583.6160000000001,METAL_LOSS,False,5.85,85,582.1500478397369
250,40.135,0.344,20.535,19.603,589.127,Metal Loss,External,11.0,0.038,26.0,GENE,20.0,,,,9.3,4.8,6:08,EXT ML,14,N,N,5.97,194.982,02:20,22.41,CMFL,1025,65000,E.R. WELD,24,1454.0,2019.5,1437.7,1996.8,0.705,1.084,1.0,1.2,2022,Metal Loss_589.1,True,589.127,588.37,METAL_LOSS,False,6.133333333333334,86,586.8929132406438
250,40.135,0.344,24.042,16.096,592.635,Metal Loss,External,13.0,0.044,28.0,GENE,20.0,,,,4.1,3.8,6:04,EXT ML,14,N,N,5.97,195.246,02:20,24.295,CMFL,1025,65000,E.R. WELD,24,1484.3,2061.5,1482.2,2058.6,0.691,1.107,1.0,1.2,2022,Metal Loss_592.6,True,592.635,591.878,METAL_LOSS,False,6.066666666666666,87,590.3926969651667
250,40.135,0.344,25.846,14.288,594.442,Metal Loss,External,11.0,0.038,26.0,PITT,20.0,,,,1.6,1.0,6:02,EXT ML,14,N,N,5.97,195.383,02:20,23.248,CMFL,1025,65000,E.R. WELD,24,1533.8,2130.3,1531.0,2126.5,0.668,1.144,0.6,1.2,2022,Metal Loss_594.4,True,594.442,593.6850000000001,METAL_LOSS,False,6.033333333333333,88,592.1954646932776
250,40.135,0.344,26.837,13.297,595.433,Metal Loss,External,13.0,0.044,28.0,PITT,20.0,,,,1.5,1.0,5:56,EXT ML,14,N,N,5.97,195.457,02:20,22.619,CMFL,1025,65000,E.R. WELD,24,1534.7,2131.5,1532.0,2127.8,0.668,1.144,0.6,1.2,2022,Metal Loss_595.4,True,595.433,594.676,METAL_LOSS,False,5.933333333333334,89,593.1841436188768
250,40.135,0.344,39.839,0.295,608.435,Metal Loss,External,17.0,0.058,32.0,GENE,20.0,,,,2.5,4.0,9:11,EXT ML,14,N,N,5.97,196.439,02:20,32.254,CMFL,1025,65000,E.R. WELD,24,1501.7,2085.7,1492.1,2072.4,0.683,1.12,1.0,1.2,2022,Metal Loss_608.4,True,608.435,607.678,METAL_LOSS,False,9.183333333333334,91,606.1556909353665
260,31.342,0.344,0.328,31.014,609.058,Metal Loss,External,13.0,0.044,28.0,GENE,20.0,,,,3.8,1.3,10:18,EXT ML,7,N,N,5.97,196.486,02:00,23.248,CMFL,1025,65000,E.R. WELD,24,1490.6,2070.2,1479.4,2054.8,0.688,1.111,1.0,1.2,2022,Metal Loss_609.1,True,609.058,608.301,METAL_LOSS,False,10.3,93,606.7777697658095
260,31.342,0.344,0.44,30.902,609.17,Metal Loss,External,13.0,0.044,28.0,GENE,20.0,,,,10.4,4.0,4:22,EXT ML,7,N,N,5.97,196.495,02:00,14.451,CMFL,1025,65000,E.R. WELD,24,1432.6,1989.7,1462.2,2030.8,0.716,1.066,1.0,1.2,2022,Metal Loss_609.2,True,609.17,608.413,METAL_LOSS,False,4.366666666666666,94,606.8896911492566
260,31.342,0.344,0.633,30.709,609.364,Metal Loss,External,18.0,0.062,33.0,GENE,20.0,,,,4.1,4.6,8:19,EXT ML,7,N,N,5.97,196.509,02:00,36.652,CMFL,1025,65000,E.R. WELD,24,1460.0,2027.8,1460.4,2028.3,0.702,1.088,1.0,1.2,2022,Metal Loss_609.4,True,609.364,608.6070000000001,METAL_LOSS,False,8.316666666666666,95,607.0835549741562
260,31.342,0.344,1.329,30.013,610.059,Metal Loss,External,21.0,0.072,36.0,GENE,20.0,,,,4.5,3.8,3:03,EXT ML,7,N,N,5.97,196.562,02:00,5.864,CMFL,1025,65000,E.R. WELD,24,1429.9,1985.9,1418.1,1969.6,0.717,1.068,1.0,1.2,2022,Metal Loss_610.1,True,610.059,609.302,METAL_LOSS,False,3.05,96,607.7780671303682
260,31.342,0.344,30.364,0.978,639.094,Metal Loss,External,17.0,0.058,32.0,GENE,20.0,,,,2.6,3.6,3:01,EXT ML,7,N,N,5.97,198.535,02:00,6.493,CMFL,1025,65000,E.R. WELD,24,1498.9,2081.8,1488.8,2067.8,0.684,1.118,1.0,1.2,2022,Metal Loss_639.1,True,639.094,638.3370000000001,METAL_LOSS,False,3.0166666666666666,99,636.7926864909706
260,31.342,0.344,30.446,0.896,639.177,Metal Loss,External,25.0,0.086,40.0,GENE,20.0,,,,3.0,3.1,4:35,EXT ML,7,N,N,5.97,198.541,02:00,16.336,CMFL,1025,65000,E.R. WELD,24,1459.2,2026.7,1439.8,1999.8,0.703,1.087,1.0,1.2,2022,Metal Loss_639.2,True,639.177,638.4200000000001,METAL_LOSS,False,4.583333333333333,100,636.8756282304895
280,8.278,0.5,7.444,0.837,657.119,Metal Loss,External,39.0,0.195,54.0,GENE,20.0,,,,3.1,3.7,5:50,EXT ML,1,N,N,4.14,199.719,UNKN,,CMFL,1025,60000,E.R. WELD,24,1926.6,2675.9,1881.6,2613.4,0.532,1.071,1.0,1.2,2022,Metal Loss_657.1,True,657.119,656.3620000000001,METAL_LOSS,False,5.833333333333333,107,654.6003912570945
290,15.026,0.344,0.381,14.646,658.333,Metal Loss,External,23.0,0.079,38.0,GENE,20.0,,,,5.2,5.1,9:02,EXT ML,4,N,N,5.97,199.799,10:32,10.263,CMFL,1025,65000,E.R. WELD,24,1403.5,1949.4,1409.1,1957.0,0.73,1.046,1.0,1.2,2022,Metal Loss_658.3,True,658.333,657.576,METAL_LOSS,False,9.033333333333333,109,655.7884304067096
290,15.026,0.344,0.62,14.403,658.576,Metal Loss,External,17.0,0.058,32.0,GENE,20.0,,,,3.3,3.4,10:15,EXT ML ( NEAR SW ),4,N,N,5.97,199.815,10:32,1.676,CMFL,1025,65000,E.R. WELD,24,1485.1,2062.6,1472.4,2045.0,0.69,1.105,1.0,1.2,2022,Metal Loss_658.6,True,658.576,657.8190000000001,METAL_LOSS,False,10.25,110,656.0323523929974
370,37.838,0.344,0.469,37.369,789.035,Metal Loss,Internal,12.0,0.041,27.0,GENE,20.0,,,,18.5,4.1,4:51,INT ML ( ON SW ),8,N,N,5.97,210.078,04:56,1.257,CMFL,1025,65000,E.R. WELD,24,1424.5,1978.5,1408.8,1956.6,0.72,1.06,1.0,1.2,2022,Metal Loss_789.0,True,789.035,788.278,METAL_LOSS,False,4.85,126,785.7921122591898
370,37.838,0.344,3.839,34.003,792.402,Metal Loss,Internal,14.0,0.048,29.0,GENE,20.0,,,,22.9,4.2,4:41,INT ML ( ON SW ),8,N,N,5.97,210.381,04:56,0.209,CMFL,1025,65000,E.R. WELD,24,1390.8,1931.7,1426.6,1981.3,0.737,1.04,1.0,1.2,2022,Metal Loss_792.4,True,792.402,791.6450000000001,METAL_LOSS,False,4.683333333333334,127,789.1599130572661
370,37.838,0.344,7.077,30.764,795.64,Metal Loss,Internal,13.0,0.044,28.0,GENE,20.0,,,,13.5,4.1,4:58,INT ML ( ON SW ),8,N,N,5.97,210.696,04:56,0.0,CMFL,1025,65000,E.R. WELD,24,1416.7,1967.6,1460.9,2029.0,0.724,1.059,1.0,1.2,2022,Metal Loss_795.6,True,795.64,794.883,METAL_LOSS,False,4.966666666666667,128,792.3986831743348
370,37.838,0.344,8.491,29.35,797.054,Metal Loss,Internal,10.0,0.034,25.0,GENE,20.0,,,,10.4,5.0,4:54,INT ML ( ON SW ),8,N,N,5.97,210.834,04:56,0.0,CMFL,1025,65000,E.R. WELD,24,1454.8,2020.5,1483.5,2060.4,0.705,1.087,1.0,1.2,2022,Metal Loss_797.1,True,797.054,796.297,METAL_LOSS,False,4.9,129,793.8130194762296
370,37.838,0.344,13.858,23.983,802.421,Metal Loss,Internal,12.0,0.041,27.0,AXGR,20.0,,,,14.0,1.1,4:47,INT ML ( NEAR SW ),8,N,N,5.97,211.358,04:56,0.838,CMFL,1025,65000,E.R. WELD,24,1427.8,1983.1,1405.9,1952.6,0.718,1.065,1.0,1.2,2022,Metal Loss_802.4,True,802.421,801.6640000000001,METAL_LOSS,False,4.783333333333333,130,799.1812959488386
370,37.838,0.344,19.259,18.583,807.822,Metal Loss,Internal,16.0,0.055,31.0,GENE,20.0,,,,7.0,1.8,4:48,INT ML ( ON SW ),8,N,N,5.97,211.884,04:56,0.838,CMFL,1025,65000,E.R. WELD,24,1425.5,1979.8,1402.1,1947.3,0.719,1.065,1.0,1.2,2022,Metal Loss_807.8,True,807.822,807.065,METAL_LOSS,False,4.8,131,804.5835805079147
370,37.838,0.344,25.784,12.054,814.35,Metal Loss,Internal,12.0,0.041,27.0,GENE,20.0,,,,10.2,1.3,4:51,INT ML ( ON SW ),8,N,N,5.97,212.521,04:56,0.419,CMFL,1025,65000,E.R. WELD,24,1438.9,1998.4,1418.8,1970.5,0.712,1.074,1.0,1.2,2022,Metal Loss_814.4,True,814.35,813.5930000000001,METAL_LOSS,False,4.85,132,811.1131331095902
370,37.838,0.344,35.797,2.044,824.36,Metal Loss,Internal,10.0,0.034,25.0,GENE,20.0,,,,20.0,1.6,5:02,INT ML ( ON SW ),8,N,N,5.97,213.497,04:56,0.628,CMFL,1025,65000,E.R. WELD,24,1439.6,1999.5,1420.1,1972.3,0.712,1.075,1.0,1.2,2022,Metal Loss_824.4,True,824.36,823.6030000000001,METAL_LOSS,False,5.033333333333333,133,821.1255138606274
400,40.092,0.344,25.374,14.715,932.083,Metal Loss,External,11.0,0.038,26.0,GENE,15.0,,,,8.2,2.4,6:07,*EXT ML,1,Y,Y,5.97,243.503,02:56,20.106,CMFL,1025,65000,E.R. WELD,24,1462.2,2030.9,1446.4,2008.9,0.701,1.088,0.8,1.0,2022,Metal Loss_932.1,True,932.083,931.326,METAL_LOSS,False,6.116666666666666,137,928.5983035246576
480,40.256,0.344,28.694,11.562,1191.788,Metal Loss,Internal,13.0,0.044,28.0,GENE,20.0,,,,6.1,2.9,4:20,INT ML,12,N,N,5.97,314.412,02:48,10.053,CMFL,1025,65000,E.R. WELD,24,1459.3,2026.7,1525.4,2118.6,0.703,1.089,1.0,1.2,2022,Metal Loss_1191.8,True,1191.788,1191.031,METAL_LOSS,False,4.333333333333333,151,1187.7771656399048
480,40.256,0.344,30.256,10.0,1193.35,Metal Loss,Internal,14.0,0.048,29.0,AXGR,20.0,,,,3.3,0.9,4:27,INT ML,12,N,N,5.97,314.886,02:48,10.681,CMFL,1025,65000,E.R. WELD,24,1497.0,2079.2,1526.5,2120.2,0.685,1.115,0.6,1.2,2022,Metal Loss_1193.3,True,1193.35,1192.5929999999998,METAL_LOSS,False,4.45,152,1189.3311724960254
480,40.256,0.344,31.07,9.186,1194.163,Metal Loss,Internal,11.0,0.038,26.0,GENE,20.0,,,,2.3,1.9,4:31,INT ML,12,N,N,5.97,315.132,02:48,10.053,CMFL,1025,65000,E.R. WELD,24,1523.6,2116.1,1530.1,2125.1,0.673,1.135,1.0,1.2,2022,Metal Loss_1194.2,True,1194.163,1193.406,METAL_LOSS,False,4.516666666666667,153,1190.1400121720985
480,40.256,0.344,33.084,7.172,1196.178,Metal Loss,Internal,14.0,0.048,29.0,PITT,20.0,,,,0.6,0.7,4:24,INT ML,12,N,N,5.97,315.744,02:48,10.053,CMFL,1025,65000,E.R. WELD,24,1544.8,2145.6,1544.2,2144.7,0.664,1.152,0.6,1.2,2022,Metal Loss_1196.2,True,1196.178,1195.421,METAL_LOSS,False,4.4,155,1192.1447009141496
480,40.256,0.344,33.32,6.936,1196.414,Metal Loss,Internal,11.0,0.038,26.0,PITT,20.0,,,,0.7,1.0,4:28,INT ML,12,N,N,5.97,315.816,02:48,10.472,CMFL,1025,65000,E.R. WELD,24,1545.4,2146.4,1544.9,2145.7,0.663,1.152,0.6,1.2,2022,Metal Loss_1196.4,True,1196.414,1195.657,METAL_LOSS,False,4.466666666666667,156,1192.3794932432434
480,40.256,0.344,34.242,6.014,1197.336,Metal Loss,Internal,11.0,0.038,31.0,AXSL,20.0,,,,0.6,0.2,4:17,INT ML,12,N,N,5.97,316.096,02:48,9.425,CMFL,1025,65000,E.R. WELD,24,1545.6,2146.6,1545.1,2145.9,0.663,1.152,1.0,1.2,2022,Metal Loss_1197.3,True,1197.336,1196.579,METAL_LOSS,False,4.283333333333333,157,1193.2967751391097
480,40.256,0.344,34.793,5.463,1197.887,Metal Loss,Internal,12.0,0.041,27.0,GENE,20.0,,,,10.4,3.1,4:19,INT ML,12,N,N,5.97,316.263,02:48,10.263,CMFL,1025,65000,E.R. WELD,24,1439.1,1998.7,1504.7,2089.9,0.712,1.073,1.0,1.2,2022,Metal Loss_1197.9,True,1197.887,1197.13,METAL_LOSS,False,4.316666666666666,158,1193.8449555345787
480,40.256,0.344,37.375,2.881,1200.469,Metal Loss,Internal,11.0,0.038,26.0,GENE,20.0,,,,8.3,1.7,5:51,INT ML,12,N,N,5.97,317.047,02:48,19.478,CMFL,1025,65000,E.R. WELD,24,1456.5,2022.9,1485.3,2062.9,0.704,1.087,1.0,1.2,2022,Metal Loss_1200.5,True,1200.469,1199.712,METAL_LOSS,False,5.85,159,1196.413742796105
480,40.256,0.344,37.513,2.743,1200.607,Metal Loss,Internal,12.0,0.041,27.0,GENE,20.0,,,,2.6,1.6,4:18,INT ML,12,N,N,5.97,317.089,02:48,10.053,CMFL,1025,65000,E.R. WELD,24,1516.4,2106.1,1523.6,2116.1,0.676,1.13,1.0,1.2,2022,Metal Loss_1200.6,True,1200.607,1199.85,METAL_LOSS,False,4.3,160,1196.5510366156598
480,40.256,0.344,38.241,2.014,1201.335,Metal Loss,Internal,11.0,0.038,26.0,GENE,25.0,,,,1.2,2.6,5:54,INT ML,12,N,N,5.97,317.31,02:48,18.85,CMFL,1025,65000,E.R. WELD,24,1540.1,2139.1,1539.9,2138.7,0.666,1.148,1.0,1.2,2022,Metal Loss_1201.3,True,1201.335,1200.578,METAL_LOSS,False,5.9,161,1197.2753112579492
480,40.256,0.344,38.927,1.329,1202.021,Metal Loss,Internal,18.0,0.062,33.0,GENE,25.0,,,,4.3,2.2,5:55,INT ML,12,N,N,5.97,317.518,02:48,19.897,CMFL,1025,65000,E.R. WELD,24,1456.2,2022.5,1504.5,2089.6,0.704,1.085,1.0,1.2,2022,Metal Loss_1202.0,True,1202.021,1201.264,METAL_LOSS,False,5.916666666666667,162,1197.9578008247217
490,40.049,0.344,1.253,38.796,1204.603,Metal Loss,Internal,13.0,0.044,28.0,PITT,20.0,,,,0.5,0.7,5:43,INT ML,27,N,N,5.97,318.302,09:16,22.201,CMFL,1025,65000,E.R. WELD,24,1546.1,2147.3,1545.7,2146.8,0.663,1.152,0.6,1.2,2022,Metal Loss_1204.6,True,1204.603,1203.846,METAL_LOSS,False,5.716666666666667,164,1200.530528352768
490,40.049,0.344,4.377,35.673,1207.726,Metal Loss,Internal,18.0,0.062,33.0,GENE,20.0,,,,4.2,3.9,5:56,INT ML,27,N,N,5.97,319.253,09:16,19.687,CMFL,1025,65000,E.R. WELD,24,1459.8,2027.5,1494.7,2076.0,0.702,1.087,1.0,1.2,2022,Metal Loss_1207.7,True,1207.726,1206.969,METAL_LOSS,False,5.933333333333334,166,1203.6473679742317
490,40.049,0.344,4.898,35.151,1208.248,Metal Loss,Internal,14.0,0.048,29.0,CIGR,25.0,,,,1.0,3.1,5:59,INT ML,27,N,N,5.97,319.413,09:16,19.897,CMFL,1025,65000,E.R. WELD,24,1540.5,2139.6,1540.4,2139.5,0.665,1.148,1.0,1.2,2022,Metal Loss_1208.2,True,1208.248,1207.491,METAL_LOSS,False,5.983333333333333,167,1204.1683382856002
490,40.049,0.344,5.358,34.692,1208.707,Metal Loss,Internal,14.0,0.048,29.0,GENE,20.0,,,,9.0,3.3,6:01,INT ML,27,N,N,5.97,319.553,09:16,20.735,CMFL,1025,65000,E.R. WELD,24,1429.4,1985.3,1474.3,2047.6,0.717,1.065,1.0,1.2,2022,Metal Loss_1208.7,True,1208.707,1207.95,METAL_LOSS,False,6.016666666666667,168,1204.6264328697348
490,40.049,0.344,6.417,33.632,1209.767,Metal Loss,Internal,18.0,0.062,33.0,CIGR,25.0,,,,0.4,1.5,5:55,INT ML,27,N,N,5.97,319.877,09:16,20.944,CMFL,1025,65000,E.R. WELD,24,1546.0,2147.2,1545.6,2146.6,0.663,1.152,1.0,1.2,2022,Metal Loss_1209.8,True,1209.767,1209.01,METAL_LOSS,False,5.916666666666667,169,1205.6843419311344
490,40.049,0.344,6.896,33.153,1210.246,Metal Loss,Internal,12.0,0.041,27.0,PITT,20.0,,,,0.5,0.5,6:07,INT ML,27,N,N,5.97,320.023,09:16,19.687,CMFL,1025,65000,E.R. WELD,24,1546.6,2148.0,1546.3,2147.7,0.663,1.153,0.6,1.2,2022,Metal Loss_1210.2,True,1210.246,1209.489,METAL_LOSS,False,6.116666666666666,170,1206.1623970635972
490,40.049,0.344,7.602,32.448,1210.951,Metal Loss,Internal,13.0,0.044,28.0,AXGR,20.0,,,,5.8,0.9,6:07,INT ML,27,N,N,5.97,320.238,09:16,19.897,CMFL,1025,65000,E.R. WELD,24,1466.8,2037.3,1514.6,2103.6,0.699,1.091,1.0,1.2,2022,Metal Loss_1211.0,True,1210.951,1210.194,METAL_LOSS,False,6.116666666666666,171,1206.8660063921698
490,40.049,0.344,8.799,31.25,1212.149,Metal Loss,Internal,18.0,0.062,33.0,GENE,20.0,,,,5.1,2.0,5:53,INT ML,27,N,N,5.97,320.604,09:16,21.572,CMFL,1025,65000,E.R. WELD,24,1441.6,2002.2,1512.7,2101.0,0.711,1.073,1.0,1.2,2022,Metal Loss_1212.1,True,1212.149,1211.3919999999998,METAL_LOSS,False,5.883333333333333,172,1208.0616432370346
490,40.049,0.344,9.537,30.512,1212.887,Metal Loss,Internal,14.0,0.048,29.0,GENE,20.0,,,,5.6,2.9,5:52,INT ML,27,N,N,5.97,320.829,09:16,20.944,CMFL,1025,65000,E.R. WELD,24,1458.7,2025.9,1505.7,2091.2,0.703,1.088,0.6,1.2,2022,Metal Loss_1212.9,True,1212.887,1212.13,METAL_LOSS,False,5.866666666666667,173,1208.798187470349
490,40.049,0.344,10.22,29.829,1213.57,Metal Loss,Internal,13.0,0.044,28.0,GENE,20.0,,,,9.6,4.3,06:00,INT ML,27,N,N,5.97,321.038,09:16,21.782,CMFL,1025,65000,E.R. WELD,24,1433.5,1991.0,1464.6,2034.2,0.715,1.069,1.0,1.2,2022,Metal Loss_1213.6,True,1213.57,1212.813,METAL_LOSS,False,6.0,174,1209.4798401957603
490,40.049,0.344,11.276,28.773,1214.626,Metal Loss,Internal,10.0,0.034,25.0,GENE,20.0,,,,5.0,3.0,6:03,INT ML,27,N,N,5.97,321.36,09:16,19.268,CMFL,1025,65000,E.R. WELD,24,1490.4,2070.1,1507.8,2094.2,0.688,1.111,0.6,1.2,2022,Metal Loss_1214.6,True,1214.626,1213.869,METAL_LOSS,False,6.05,175,1210.5337571474943
490,40.049,0.344,14.249,25.801,1217.598,Metal Loss,Internal,11.0,0.038,26.0,GENE,20.0,,,,5.0,1.8,5:54,INT ML,27,N,N,5.97,322.268,09:16,20.944,CMFL,1025,65000,E.R. WELD,24,1484.1,2061.2,1505.8,2091.3,0.691,1.107,1.0,1.2,2022,Metal Loss_1217.6,True,1217.598,1216.841,METAL_LOSS,False,5.9,176,1213.4998946290793
490,40.049,0.344,14.902,25.148,1218.251,Metal Loss,Internal,15.0,0.052,30.0,GENE,20.0,,,,1.3,1.4,6:05,INT ML,27,N,N,5.97,322.467,09:16,19.897,CMFL,1025,65000,E.R. WELD,24,1535.0,2131.9,1532.3,2128.2,0.668,1.144,1.0,1.2,2022,Metal Loss_1218.3,True,1218.251,1217.494,METAL_LOSS,False,6.083333333333333,177,1214.1516065319984
490,40.049,0.344,15.423,24.626,1218.773,Metal Loss,Internal,16.0,0.055,31.0,GENE,20.0,,,,3.4,2.5,5:50,INT ML,27,N,N,5.97,322.627,09:16,20.944,CMFL,1025,65000,E.R. WELD,24,1485.3,2062.9,1513.2,2101.6,0.69,1.107,1.0,1.2,2022,Metal Loss_1218.8,True,1218.773,1218.0159999999998,METAL_LOSS,False,5.833333333333333,178,1214.6725768433669
490,40.049,0.344,16.273,23.776,1219.623,Metal Loss,Internal,15.0,0.052,30.0,GENE,20.0,,,,8.9,3.5,06:00,INT ML,27,N,N,5.97,322.886,09:16,19.478,CMFL,1025,65000,E.R. WELD,24,1419.8,1971.9,1476.3,2050.4,0.722,1.059,1.0,1.2,2022,Metal Loss_1219.6,True,1219.623,1218.866,METAL_LOSS,False,6.0,179,1215.5209001473197
490,40.049,0.344,17.201,22.848,1220.551,Metal Loss,Internal,12.0,0.041,32.0,AXSL,20.0,,,,0.7,0.2,5:46,INT ML,27,N,N,5.97,323.17,09:16,21.991,CMFL,1025,65000,E.R. WELD,24,1545.1,2146.0,1544.6,2145.2,0.663,1.152,1.0,1.2,2022,Metal Loss_1220.6,True,1220.551,1219.794,METAL_LOSS,False,5.766666666666667,180,1216.4470695897526
490,40.049,0.344,18.471,21.578,1221.821,Metal Loss,Internal,11.0,0.038,26.0,PITT,20.0,,,,0.7,0.5,5:53,INT ML,27,N,N,5.97,323.557,09:16,21.153,CMFL,1025,65000,E.R. WELD,24,1545.0,2145.9,1544.4,2145.1,0.664,1.152,0.6,1.2,2022,Metal Loss_1221.8,True,1221.821,1221.064,METAL_LOSS,False,5.883333333333333,181,1217.7145644085995
490,40.049,0.344,18.77,21.28,1222.119,Metal Loss,Internal,14.0,0.048,29.0,GENE,20.0,,,,4.3,1.5,5:58,INT ML,27,N,N,5.97,323.649,09:16,20.316,CMFL,1025,65000,E.R. WELD,24,1480.0,2055.5,1512.9,2101.2,0.693,1.102,1.0,1.2,2022,Metal Loss_1222.1,True,1222.119,1221.362,METAL_LOSS,False,5.966666666666667,182,1218.011976578691
490,40.049,0.344,19.79,20.259,1223.14,Metal Loss,Internal,13.0,0.044,28.0,GENE,20.0,,,,6.5,3.0,6:04,INT ML,27,N,N,5.97,323.96,09:16,19.059,CMFL,1025,65000,E.R. WELD,24,1458.0,2025.0,1500.5,2084.0,0.703,1.086,0.6,1.2,2022,Metal Loss_1223.1,True,1223.14,1222.383,METAL_LOSS,False,6.066666666666666,183,1219.030962570851
490,40.049,0.344,21.247,18.802,1224.596,Metal Loss,Internal,14.0,0.048,29.0,PITT,20.0,,,,0.4,0.5,6:16,INT ML,27,N,N,5.97,324.405,09:16,18.85,CMFL,1025,65000,E.R. WELD,24,1546.5,2147.9,1546.2,2147.5,0.663,1.153,0.6,1.2,2022,Metal Loss_1224.6,True,1224.596,1223.839,METAL_LOSS,False,6.266666666666667,184,1220.484090489151
490,40.049,0.344,21.896,18.153,1225.246,Metal Loss,Internal,11.0,0.038,26.0,GENE,20.0,,,,2.9,3.6,6:03,INT ML,27,N,N,5.97,324.604,09:16,18.85,CMFL,1025,65000,E.R. WELD,24,1514.8,2103.9,1512.5,2100.8,0.677,1.128,1.0,1.2,2022,Metal Loss_1225.2,True,1225.246,1224.489,METAL_LOSS,False,6.05,185,1221.1328083098206
490,40.049,0.344,22.575,17.474,1225.925,Metal Loss,Internal,19.0,0.065,34.0,CISL,,,,,0.4,2.8,6:07,INT ML,27,N,N,5.97,324.811,09:16,19.687,CMFL,1025,65000,E.R. WELD,24,1546.6,2148.1,1546.3,2147.7,0.663,1.153,1.0,1.2,2022,Metal Loss_1225.9,True,1225.925,1225.168,METAL_LOSS,False,6.116666666666666,186,1221.8104689255663
490,40.049,0.344,25.636,14.413,1228.986,Metal Loss,Internal,11.0,0.038,26.0,GENE,20.0,,,,3.5,3.5,5:57,INT ML,27,N,N,5.97,325.745,09:16,20.316,CMFL,1025,65000,E.R. WELD,24,1504.2,2089.2,1512.8,2101.1,0.682,1.121,1.0,1.2,2022,Metal Loss_1229.0,True,1228.986,1228.229,METAL_LOSS,False,5.95,188,1224.8654308472123
610,40.148,0.344,0.344,39.803,1680.213,Metal Loss,External,29.0,0.1,44.0,GENE,20.0,,,,10.3,5.3,7:46,EXT ML,5,N,N,5.97,486.228,UNKN,,CMFL,1025,65000,E.R. WELD,24,1274.6,1770.3,1376.7,1912.1,0.804,0.95,1.0,1.2,2022,Metal Loss_1680.2,True,1680.213,1679.456,METAL_LOSS,False,7.766666666666667,210,1674.8497768035072
610,40.148,0.344,0.837,39.308,1680.709,Metal Loss,External,22.0,0.076,37.0,GENE,20.0,,,,2.3,3.1,12:31,EXT ML,5,N,N,5.97,486.396,UNKN,,CMFL,1025,65000,E.R. WELD,24,1493.6,2074.5,1489.1,2068.2,0.686,1.114,1.0,1.2,2022,Metal Loss_1680.7,True,1680.709,1679.952,METAL_LOSS,False,12.516666666666667,211,1675.343997608609
610,40.148,0.344,0.909,39.239,1680.778,Metal Loss,External,30.0,0.103,45.0,GENE,20.0,,,,1.7,1.5,9:30,EXT ML,5,N,N,5.97,486.419,UNKN,,CMFL,1025,65000,E.R. WELD,24,1499.5,2082.7,1487.7,2066.3,0.684,1.118,1.0,1.2,2022,Metal Loss_1680.8,True,1680.778,1680.021,METAL_LOSS,False,9.5,212,1675.4127500996412
610,40.148,0.344,1.024,39.124,1680.892,Metal Loss,External,22.0,0.076,37.0,GENE,20.0,,,,3.4,2.6,6:39,EXT ML,5,N,N,5.97,486.459,UNKN,,CMFL,1025,65000,E.R. WELD,24,1457.5,2024.3,1438.4,1997.8,0.703,1.087,1.0,1.2,2022,Metal Loss_1680.9,True,1680.892,1680.135,METAL_LOSS,False,6.65,213,1675.5263411717815
610,40.148,0.344,1.312,38.832,1681.184,Metal Loss,External,22.0,0.076,37.0,GENE,20.0,,,,1.4,1.3,4:50,EXT ML,5,N,N,5.97,486.557,UNKN,,CMFL,1025,65000,E.R. WELD,24,1523.5,2116.0,1518.0,2108.4,0.673,1.136,1.0,1.2,2022,Metal Loss_1681.2,True,1681.184,1680.427,METAL_LOSS,False,4.833333333333333,214,1675.8172937425268
710,40.026,0.344,36.667,3.356,2103.645,Metal Loss,Internal,25.0,0.086,40.0,GENE,20.0,,,,1.2,2.1,11:39,INT ML,5,N,N,5.97,621.109,02:36,19.268,CMFL,1025,65000,E.R. WELD,24,1527.0,2120.8,1528.1,2122.3,0.671,1.138,0.6,1.2,2022,Metal Loss_2103.6,True,2103.645,2102.888,METAL_LOSS,False,11.65,227,2097.0667048946852
710,40.026,0.344,38.143,1.883,2105.118,Metal Loss,Internal,19.0,0.065,34.0,AXGR,20.0,,,,3.0,1.1,12:34,INT ML,5,N,N,5.97,621.543,02:36,12.776,CMFL,1025,65000,E.R. WELD,24,1483.3,2060.2,1500.4,2083.9,0.691,1.106,0.6,1.2,2022,Metal Loss_2105.1,True,2105.118,2104.361,METAL_LOSS,False,12.566666666666666,229,2098.542906828573
710,40.026,0.344,38.392,1.634,2105.367,Metal Loss,Internal,13.0,0.044,28.0,PITT,20.0,,,,1.0,1.3,11:44,INT ML,5,N,N,5.97,621.616,02:36,18.012,CMFL,1025,65000,E.R. WELD,24,1540.8,2140.0,1539.3,2137.9,0.665,1.148,0.6,1.2,2022,Metal Loss_2105.4,True,2105.367,2104.61,METAL_LOSS,False,11.733333333333333,230,2098.7924480923466
710,40.026,0.344,39.17,0.853,2106.148,Metal Loss,Internal,23.0,0.079,38.0,PITT,20.0,,,,1.0,1.1,11:41,INT ML,5,N,N,5.97,621.846,02:36,18.221,CMFL,1025,65000,E.R. WELD,24,1535.3,2132.4,1532.4,2128.4,0.668,1.144,0.6,1.2,2022,Metal Loss_2106.1,True,2106.148,2105.391,METAL_LOSS,False,11.683333333333334,231,2099.5751457911697
720,40.279,0.344,6.624,33.655,2113.625,Metal Loss,Internal,26.0,0.089,41.0,AXGR,20.0,,,,1.6,0.5,11:57,INT ML,16,N,N,5.97,624.053,04:00,25.342,CMFL,1025,65000,E.R. WELD,24,1512.7,2100.9,1504.5,2089.6,0.678,1.127,1.0,1.2,2022,Metal Loss_2113.6,True,2113.625,2112.868,METAL_LOSS,False,11.95,234,2107.0130512177557
720,40.279,0.344,11.926,28.353,2118.927,Metal Loss,Internal,19.0,0.065,34.0,GENE,20.0,,,,1.3,2.4,11:54,INT ML,16,N,N,5.97,625.622,04:00,25.761,CMFL,1025,65000,E.R. WELD,24,1529.7,2124.6,1525.7,2119.1,0.67,1.14,1.0,1.2,2022,Metal Loss_2118.9,True,2118.927,2118.17,METAL_LOSS,False,11.9,237,2112.282274882693
720,40.279,0.344,13.711,26.568,2120.712,Metal Loss,Internal,21.0,0.072,36.0,GENE,20.0,,,,1.3,1.8,11:57,INT ML,16,N,N,5.97,626.15,04:00,25.342,CMFL,1025,65000,E.R. WELD,24,1528.4,2122.7,1524.0,2116.7,0.671,1.139,1.0,1.2,2022,Metal Loss_2120.7,True,2120.712,2119.955,METAL_LOSS,False,11.95,238,2114.056240224434
720,40.279,0.344,37.605,2.674,2144.606,Metal Loss,Internal,25.0,0.086,40.0,GENE,20.0,,,,4.8,4.7,11:24,INT ML,16,N,N,5.97,633.22,04:00,27.018,CMFL,1025,65000,E.R. WELD,24,1401.4,1946.5,1443.1,2004.3,0.731,1.042,1.0,1.2,2022,Metal Loss_2144.6,True,2144.606,2143.849,METAL_LOSS,False,11.4,248,2137.8025303508034
730,40.036,0.344,8.694,31.339,2155.978,Metal Loss,Internal,14.0,0.048,29.0,PITT,20.0,,,,0.9,1.2,11:33,INT ML,13,N,N,5.97,636.619,10:12,8.587,CMFL,1025,65000,E.R. WELD,24,1542.1,2141.8,1540.9,2140.1,0.665,1.15,0.6,1.2,2022,Metal Loss_2156.0,True,2155.978,2155.221,METAL_LOSS,False,11.55,253,2149.1588690178837
730,40.036,0.344,8.973,31.063,2156.253,Metal Loss,Internal,14.0,0.048,29.0,GENE,20.0,,,,8.5,2.9,11:34,INT ML,13,N,N,5.97,636.703,10:12,9.425,CMFL,1025,65000,E.R. WELD,24,1428.4,1984.0,1470.6,2042.5,0.718,1.067,1.0,1.2,2022,Metal Loss_2156.3,True,2156.253,2155.496,METAL_LOSS,False,11.566666666666666,254,2149.433896493156
730,40.036,0.344,18.589,21.447,2165.869,Metal Loss,Internal,42.0,0.144,57.0,GENE,20.0,,,,7.7,4.6,11:49,INT ML,13,N,N,5.97,639.602,10:12,8.378,CMFL,1025,65000,E.R. WELD,24,1180.3,1639.3,1431.2,1987.8,0.869,0.878,1.0,1.2,2022,Metal Loss_2165.9,True,2165.869,2165.112,METAL_LOSS,False,11.816666666666666,258,2159.0508572284944
730,40.036,0.344,27.323,12.71,2174.606,Metal Loss,Internal,14.0,0.048,29.0,AXGR,20.0,,,,2.1,1.0,10:12,INT ML ( ON SW ),13,N,N,5.97,642.236,10:12,0.0,CMFL,1025,65000,E.R. WELD,24,1520.5,2111.8,1515.0,2104.2,0.674,1.134,1.0,1.2,2022,Metal Loss_2174.6,True,2174.606,2173.849,METAL_LOSS,False,10.2,259,2167.788730142872
730,40.036,0.344,36.306,3.73,2183.586,Metal Loss,Internal,20.0,0.069,35.0,GENE,20.0,,,,1.7,1.6,11:42,INT ML,13,N,N,5.97,644.945,10:12,9.425,CMFL,1025,65000,E.R. WELD,24,1518.2,2108.7,1511.8,2099.8,0.675,1.131,1.0,1.2,2022,Metal Loss_2183.6,True,2183.586,2182.8289999999997,METAL_LOSS,False,11.7,262,2176.769627335398
740,40.236,0.344,23.488,16.749,2210.804,Metal Loss,Internal,18.0,0.062,33.0,PITT,20.0,,,,1.0,1.1,5:49,INT ML,10,N,N,5.97,652.992,11:00,32.463,CMFL,1025,65000,E.R. WELD,24,1537.9,2135.9,1535.7,2132.9,0.667,1.146,0.6,1.2,2022,Metal Loss_2210.8,True,2210.804,2210.047,METAL_LOSS,False,5.816666666666666,267,2203.8910965304703
740,40.236,0.344,26.375,13.862,2213.691,Metal Loss,Internal,11.0,0.038,26.0,AXGR,20.0,,,,3.9,0.9,11:50,INT ML,10,N,N,5.97,653.841,11:00,5.236,CMFL,1025,65000,E.R. WELD,24,1497.4,2079.7,1487.7,2066.2,0.685,1.117,1.0,1.2,2022,Metal Loss_2213.7,True,2213.691,2212.9339999999997,METAL_LOSS,False,11.833333333333334,268,2206.766185754051
740,40.236,0.344,28.435,11.801,2215.751,Metal Loss,Internal,22.0,0.076,37.0,PITT,20.0,,,,0.9,1.1,5:49,INT ML,10,N,N,5.97,654.446,11:00,32.463,CMFL,1025,65000,E.R. WELD,24,1536.9,2134.6,1534.4,2131.1,0.667,1.145,0.6,1.2,2022,Metal Loss_2215.8,True,2215.751,2214.994,METAL_LOSS,False,5.816666666666666,269,2208.817686897306
750,39.872,0.344,0.768,39.104,2228.32,Metal Loss,External,14.0,0.048,29.0,GENE,20.0,,,,3.2,5.2,5:39,EXT ML,14,N,N,5.97,658.141,10:24,30.997,CMFL,1025,65000,E.R. WELD,24,1499.7,2083.0,1490.5,2070.2,0.684,1.116,1.0,1.2,2022,Metal Loss_2228.3,True,2228.32,2227.563,METAL_LOSS,False,5.65,275,2221.336786547288
750,39.872,0.344,0.85,39.022,2228.402,Metal Loss,External,18.0,0.062,33.0,GENE,20.0,,,,22.3,6.9,11:33,EXT ML,14,N,N,5.97,658.165,10:24,6.074,CMFL,1025,65000,E.R. WELD,24,1354.0,1880.6,1358.1,1886.3,0.757,1.007,1.0,1.2,2022,Metal Loss_2228.4,True,2228.402,2227.645,METAL_LOSS,False,11.55,276,2221.4186569859303
760,40.312,0.344,10.702,29.61,2278.127,Metal Loss,Internal,34.0,0.117,49.0,PITT,20.0,,,,1.3,0.9,6:08,INT ML,18,N,N,5.97,671.464,11:36,34.348,CMFL,1025,65000,E.R. WELD,24,1510.6,2098.0,1500.9,2084.6,0.679,1.126,0.6,1.2,2022,Metal Loss_2278.1,True,2278.127,2277.37,METAL_LOSS,False,6.133333333333334,296,2271.0180179107438
760,40.312,0.344,11.66,28.652,2279.085,Metal Loss,Internal,19.0,0.065,34.0,AXGR,20.0,,,,2.2,1.0,4:53,INT ML,18,N,N,5.97,671.714,11:36,33.301,CMFL,1025,65000,E.R. WELD,24,1506.9,2092.9,1498.2,2080.9,0.68,1.123,1.0,1.2,2022,Metal Loss_2279.1,True,2279.085,2278.328,METAL_LOSS,False,4.883333333333333,297,2271.9702904914293
760,40.312,0.344,13.77,26.542,2281.194,Metal Loss,Internal,20.0,0.069,35.0,GENE,20.0,,,,2.2,1.2,6:15,INT ML,18,N,N,5.97,672.263,11:36,33.51,CMFL,1025,65000,E.R. WELD,24,1504.4,2089.5,1495.2,2076.7,0.681,1.121,1.0,1.2,2022,Metal Loss_2281.2,True,2281.194,2280.437,METAL_LOSS,False,6.25,298,2274.0666817990127
760,40.312,0.344,17.152,23.159,2284.577,Metal Loss,Internal,16.0,0.055,31.0,PITT,20.0,,,,1.7,1.1,4:54,INT ML,18,N,N,5.97,673.143,11:36,33.301,CMFL,1025,65000,E.R. WELD,24,1526.8,2120.6,1522.5,2114.5,0.671,1.138,0.6,1.2,2022,Metal Loss_2284.6,True,2284.577,2283.82,METAL_LOSS,False,4.9,299,2277.4294564759
760,40.312,0.344,19.314,20.997,2286.739,Metal Loss,Internal,21.0,0.072,36.0,PITT,20.0,,,,1.7,1.1,4:57,INT ML,18,N,N,5.97,673.706,11:36,33.72,CMFL,1025,65000,E.R. WELD,24,1517.2,2107.2,1510.5,2097.9,0.676,1.131,0.6,1.2,2022,Metal Loss_2286.7,True,2286.739,2285.982,METAL_LOSS,False,4.95,300,2279.578530922081
760,40.312,0.344,30.551,9.76,2297.976,Metal Loss,Internal,29.0,0.1,44.0,AXGR,20.0,,,,1.9,0.6,5:03,INT ML,18,N,N,5.97,676.63,11:36,34.348,CMFL,1025,65000,E.R. WELD,24,1495.0,2076.3,1482.3,2058.8,0.686,1.114,1.0,1.2,2022,Metal Loss_2298.0,True,2297.976,2297.219,METAL_LOSS,False,5.05,303,2290.7483503262138
760,40.312,0.344,37.904,2.408,2305.328,Metal Loss,Internal,19.0,0.065,34.0,AXGR,20.0,,,,2.1,0.9,5:34,INT ML,18,N,N,5.97,678.543,11:36,37.49,CMFL,1025,65000,E.R. WELD,24,1507.6,2093.9,1506.3,2092.1,0.68,1.124,0.6,1.2,2022,Metal Loss_2305.3,True,2305.328,2304.571,METAL_LOSS,False,5.566666666666666,307,2298.0563962690085
770,10.312,0.344,9.314,0.997,2317.051,Metal Loss,Internal,28.0,0.096,43.0,GENE,20.0,,,,5.4,3.8,5:21,INT ML,3,N,N,5.97,681.617,06:36,6.493,CMFL,1025,65000,E.R. WELD,24,1361.4,1890.9,1491.9,2072.2,0.753,1.014,1.0,1.2,2022,Metal Loss_2317.1,True,2317.051,2316.294,METAL_LOSS,False,5.35,311,2309.8354586889063
800,23.753,0.344,8.087,15.666,2381.581,Metal Loss,Internal,11.0,0.038,26.0,AXGR,20.0,,,,2.9,0.9,6:48,INT ML,8,N,N,5.97,695.733,UNKN,,CMFL,1025,65000,E.R. WELD,24,1514.7,2103.8,1508.3,2094.9,0.677,1.128,1.0,1.2,2022,Metal Loss_2381.6,True,2381.581,2380.824,METAL_LOSS,False,6.8,318,2374.023001726098
800,23.753,0.344,8.717,15.036,2382.211,Metal Loss,Internal,13.0,0.044,28.0,GENE,20.0,,,,2.4,1.7,6:49,INT ML,8,N,N,5.97,695.859,UNKN,,CMFL,1025,65000,E.R. WELD,24,1516.1,2105.7,1509.8,2097.0,0.676,1.13,1.0,1.2,2022,Metal Loss_2382.2,True,2382.211,2381.4539999999997,METAL_LOSS,False,6.816666666666666,319,2374.654248305477
800,23.753,0.344,10.994,12.759,2384.488,Metal Loss,Internal,12.0,0.041,27.0,GENE,20.0,,,,13.9,2.5,7:03,INT ML,8,N,N,5.97,696.312,UNKN,,CMFL,1025,65000,E.R. WELD,24,1427.5,1982.6,1447.1,2009.9,0.718,1.065,1.0,1.2,2022,Metal Loss_2384.5,True,2384.488,2383.731,METAL_LOSS,False,7.05,320,2376.9357537995197
800,23.753,0.344,11.198,12.556,2384.692,Metal Loss,Internal,13.0,0.044,28.0,AXGR,20.0,,,,5.2,1.0,4:13,INT ML,8,N,N,5.97,696.352,UNKN,,CMFL,1025,65000,E.R. WELD,24,1470.0,2041.7,1455.1,2021.0,0.697,1.096,1.0,1.2,2022,Metal Loss_2384.7,True,2384.692,2383.935,METAL_LOSS,False,4.216666666666667,321,2377.1401574537954
800,23.753,0.344,12.953,10.801,2386.447,Metal Loss,Internal,10.0,0.034,25.0,AXGR,20.0,,,,3.5,0.4,7:07,INT ML,8,N,N,5.97,696.701,UNKN,,CMFL,1025,65000,E.R. WELD,24,1508.1,2094.6,1500.5,2084.1,0.68,1.125,1.0,1.2,2022,Metal Loss_2386.4,True,2386.447,2385.69,METAL_LOSS,False,7.116666666666666,322,2378.898630067781
800,23.753,0.344,16.49,7.264,2389.984,Metal Loss,Internal,11.0,0.038,26.0,AXGR,20.0,,,,14.4,1.1,3:53,INT ML,8,N,N,5.97,697.406,UNKN,,CMFL,1025,65000,E.R. WELD,24,1434.7,1992.7,1443.8,2005.3,0.715,1.072,1.0,1.2,2022,Metal Loss_2390.0,True,2389.984,2389.227,METAL_LOSS,False,3.8833333333333333,323,2382.4426287205824
800,23.753,0.344,19.393,4.36,2392.887,Metal Loss,Internal,11.0,0.038,26.0,AXGR,20.0,,,,1.1,0.5,3:44,INT ML,8,N,N,5.97,697.984,UNKN,,CMFL,1025,65000,E.R. WELD,24,1541.0,2140.3,1539.7,2138.4,0.665,1.149,1.0,1.2,2022,Metal Loss_2392.9,True,2392.887,2392.13,METAL_LOSS,False,3.7333333333333334,324,2385.3513728792154
800,23.753,0.344,21.637,2.116,2395.131,Metal Loss,Internal,11.0,0.038,26.0,AXGR,20.0,,,,1.1,0.5,3:39,INT ML,8,N,N,5.97,698.431,UNKN,,CMFL,1025,65000,E.R. WELD,24,1541.8,2141.4,1540.6,2139.7,0.665,1.149,1.0,1.2,2022,Metal Loss_2395.1,True,2395.131,2394.374,METAL_LOSS,False,3.65,325,2387.5998130762428
1010,40.233,0.344,5.554,34.678,3163.169,Metal Loss Manufacturing Anomaly,Internal,26.0,0.089,,PITT,,,,,0.4,0.6,6:09,*INT MFG,2,Y,Y,5.97,746.596,08:44,16.127,CMFL,1025,65000,E.R. WELD,24,1545.4,2146.4,1544.8,2145.6,0.663,1.152,,,2022,Metal Loss Manufacturing Anomaly_3163.2,True,3163.169,3162.412,METAL_LOSS_MFG,False,6.15,356,3153.355976685805
1010,40.233,0.344,5.846,34.386,3163.461,Metal Loss Manufacturing Anomaly,Internal,20.0,0.069,,PITT,,,,,0.7,1.1,5:58,*INT MFG,2,Y,Y,5.97,746.595,08:44,17.383,CMFL,1025,65000,E.R. WELD,24,1541.4,2140.9,1540.0,2138.8,0.665,1.149,,,2022,Metal Loss Manufacturing Anomaly_3163.5,True,3163.461,3162.7039999999997,METAL_LOSS_MFG,False,5.966666666666667,357,3153.646503367882
1070,40.236,0.344,18.071,22.162,3416.762,Metal Loss,External,26.0,0.089,41.0,GENE,20.0,,,,2.7,3.7,5:40,EXT ML,10,N,N,5.97,762.916,10:32,30.578,CMFL,1025,65000,E.R. WELD,24,1466.5,2036.8,1448.2,2011.4,0.699,1.093,1.0,1.2,2022,Metal Loss_3416.8,True,3416.762,3416.005,METAL_LOSS,False,5.666666666666667,370,3406.1208376208588
1070,40.236,0.344,20.417,19.816,3419.108,Metal Loss,External,20.0,0.069,35.0,GENE,20.0,,,,6.3,2.7,4:56,EXT ML,10,N,N,5.97,763.151,10:32,35.186,CMFL,1025,65000,E.R. WELD,24,1405.7,1952.4,1388.9,1929.0,0.729,1.047,1.0,1.2,2022,Metal Loss_3419.1,True,3419.108,3418.351,METAL_LOSS,False,4.933333333333334,371,3408.453834414536
1070,40.236,0.344,39.35,0.883,3438.041,Metal Loss,External,19.0,0.065,34.0,GENE,20.0,,,,3.8,5.2,7:24,EXT ML,10,N,N,5.97,765.043,10:32,17.802,CMFL,1025,65000,E.R. WELD,24,1463.9,2033.3,1462.8,2031.6,0.7,1.09,1.0,1.2,2022,Metal Loss_3438.0,True,3438.041,3437.284,METAL_LOSS,False,7.4,374,3427.2818942161907
1070,40.236,0.344,39.534,0.699,3438.225,Metal Loss,External,22.0,0.076,37.0,GENE,20.0,,,,1.5,1.9,3:01,EXT ML,10,N,N,5.97,765.061,10:32,28.274,CMFL,1025,65000,E.R. WELD,24,1523.2,2115.6,1517.7,2108.0,0.673,1.135,1.0,1.2,2022,Metal Loss_3438.2,True,3438.225,3437.468,METAL_LOSS,False,3.0166666666666666,375,3427.464874356871
1070,40.236,0.344,39.573,0.659,3438.264,Metal Loss,External,18.0,0.062,33.0,GENE,20.0,,,,3.4,1.5,4:36,EXT ML,10,N,N,5.97,765.065,10:32,37.28,CMFL,1025,65000,E.R. WELD,24,1475.4,2049.2,1460.7,2028.7,0.695,1.1,1.0,1.2,2022,Metal Loss_3438.3,True,3438.264,3437.507,METAL_LOSS,False,4.6,376,3427.503658191037
1070,40.236,0.344,39.656,0.581,3438.343,Metal Loss,External,19.0,0.065,34.0,GENE,25.0,,,,15.4,13.6,5:18,EXT ML ( ON GW ),10,N,N,5.97,765.073,10:32,36.233,CMFL,1025,65000,E.R. WELD,24,1355.9,1883.1,1358.1,1886.3,0.756,1.008,1.2,1.4,2022,Metal Loss_3438.3,True,3438.343,3437.586,METAL_LOSS,False,5.3,377,3427.5822203166554
1070,40.236,0.344,40.01,0.223,3438.701,Metal Loss,External,23.0,0.079,38.0,GENE,30.0,,,,6.3,4.5,3:02,EXT ML ( ON GW ),10,N,N,5.97,765.109,10:32,27.855,CMFL,1025,65000,E.R. WELD,24,1380.2,1916.9,1408.3,1956.0,0.743,1.03,1.2,1.4,2022,Metal Loss_3438.7,True,3438.701,3437.944,METAL_LOSS,False,3.033333333333333,378,3427.9382360251534
1070,40.236,0.344,40.059,0.177,3438.747,Metal Loss,External,17.0,0.058,32.0,GENE,25.0,,,,2.8,3.8,11:59,EXT ML ( ON GW ),10,N,N,5.97,765.114,10:32,9.215,CMFL,1025,65000,E.R. WELD,24,1495.3,2076.7,1484.5,2061.8,0.686,1.115,1.2,1.4,2022,Metal Loss_3438.7,True,3438.747,3437.99,METAL_LOSS,False,11.983333333333333,379,3427.9839810603235
1090,40.233,0.344,14.564,25.669,3493.471,Metal Loss,External,13.0,0.044,28.0,GENE,20.0,,,,8.9,1.8,12:42,EXT ML ( ON SW ),2,N,N,5.97,770.735,12:44,0.209,CMFL,1025,65000,E.R. WELD,24,1436.9,1995.7,1416.2,1967.0,0.713,1.072,1.0,1.2,2022,Metal Loss_3493.5,True,3493.471,3492.714,METAL_LOSS,False,12.7,382,3482.596036089777
1090,40.233,0.344,24.957,15.276,3503.865,Metal Loss,External,13.0,0.044,28.0,GENE,20.0,,,,4.8,1.2,12:13,EXT ML,2,N,N,5.97,771.755,12:44,3.142,CMFL,1025,65000,E.R. WELD,24,1476.5,2050.7,1462.9,2031.7,0.694,1.1,1.0,1.2,2022,Metal Loss_3503.9,True,3503.865,3503.1079999999997,METAL_LOSS,False,12.216666666666667,383,3492.927258220863
1200,40.026,0.344,12.244,27.782,3927.133,Metal Loss,External,12.0,0.041,27.0,GENE,20.0,,,,6.0,3.1,10:16,EXT ML,2,N,N,5.97,817.185,09:48,2.932,CMFL,1025,65000,E.R. WELD,24,1465.5,2035.5,1450.1,2014.1,0.7,1.095,1.0,1.2,2022,Metal Loss_3927.1,True,3927.133,3926.376,METAL_LOSS,False,10.266666666666667,397,3914.2075626452142
1200,40.026,0.344,19.856,20.171,3934.744,Metal Loss,External,13.0,0.044,28.0,GENE,20.0,,,,4.6,2.2,10:28,EXT ML,2,N,N,5.97,817.393,09:48,4.189,CMFL,1025,65000,E.R. WELD,24,1481.3,2057.3,1469.8,2041.4,0.692,1.102,1.0,1.2,2022,Metal Loss_3934.7,True,3934.744,3933.987,METAL_LOSS,False,10.466666666666667,398,3921.807724286107
1240,28.173,0.344,16.808,11.365,4092.566,Metal Loss,External,22.0,0.076,37.0,PITT,20.0,,,,0.7,1.0,12:01,EXT ML,2,N,N,5.97,791.48,02:48,17.383,CMFL,1025,65000,E.R. WELD,24,1542.3,2142.1,1541.0,2140.3,0.665,1.149,0.6,1.2,2022,Metal Loss_4092.6,True,4092.566,4091.809,METAL_LOSS,False,12.016666666666667,404,4078.535043305409
1240,28.173,0.344,17.257,10.915,4093.015,Metal Loss,External,25.0,0.086,40.0,PITT,20.0,,,,0.7,1.2,12:02,EXT ML,2,N,N,5.97,791.38,02:48,17.383,CMFL,1025,65000,E.R. WELD,24,1540.9,2140.2,1539.3,2137.9,0.665,1.149,0.6,1.2,2022,Metal Loss_4093.0,True,4093.015,4092.258,METAL_LOSS,False,12.033333333333333,405,4078.982895783047
1350,40.256,0.344,39.117,1.138,4544.777,Metal Loss,External,22.0,0.076,37.0,GENE,20.0,,,,5.4,8.7,6:29,EXT ML,4,N,N,5.97,688.184,02:48,24.295,CMFL,1025,65000,E.R. WELD,24,1407.8,1955.3,1431.0,1987.5,0.728,1.048,1.0,1.2,2022,Metal Loss_4544.8,True,4544.777,4544.02,METAL_LOSS,False,6.483333333333333,426,4528.958106120827
1350,40.256,0.344,39.275,0.981,4544.934,Metal Loss,External,22.0,0.076,37.0,GENE,20.0,,,,1.6,1.7,8:05,EXT ML,4,N,N,5.97,688.126,02:48,33.301,CMFL,1025,65000,E.R. WELD,24,1519.9,2111.0,1513.7,2102.4,0.674,1.132,1.0,1.2,2022,Metal Loss_4544.9,True,4544.934,4544.177000000001,METAL_LOSS,False,8.083333333333334,428,4529.114263712242
1350,40.256,0.344,39.311,0.945,4544.97,Metal Loss,External,22.0,0.076,37.0,GENE,20.0,,,,3.3,4.5,3:27,EXT ML,4,N,N,5.97,688.113,02:48,2.932,CMFL,1025,65000,E.R. WELD,24,1460.6,2028.6,1452.1,2016.8,0.702,1.089,1.0,1.2,2022,Metal Loss_4545.0,True,4544.97,4544.213000000001,METAL_LOSS,False,3.45,429,4529.1500705484905
1360,40.049,0.344,0.725,39.324,4546.637,Metal Loss,External,11.0,0.038,26.0,GENE,20.0,,,,4.3,2.3,7:35,EXT ML,3,N,N,5.97,687.511,08:28,5.445,CMFL,1025,65000,E.R. WELD,24,1496.6,2078.7,1486.9,2065.1,0.685,1.114,1.0,1.2,2022,Metal Loss_4546.6,True,4546.637,4545.88,METAL_LOSS,False,7.583333333333333,431,4530.812252409729
1360,40.049,0.344,0.817,39.232,4546.729,Metal Loss,External,30.0,0.103,45.0,GENE,20.0,,,,2.6,1.9,3:33,EXT ML,3,N,N,5.97,687.477,08:28,30.788,CMFL,1025,65000,E.R. WELD,24,1457.3,2024.0,1436.1,1994.6,0.703,1.086,1.0,1.2,2022,Metal Loss_4546.7,True,4546.729,4545.972000000001,METAL_LOSS,False,3.55,432,4530.904284572742
1360,40.049,0.344,22.457,17.589,4568.373,Metal Loss,External,16.0,0.055,31.0,GENE,20.0,,,,3.6,2.8,6:30,EXT ML,3,N,N,5.97,679.593,08:28,12.357,CMFL,1025,65000,E.R. WELD,24,1478.0,2052.7,1464.0,2033.3,0.694,1.103,1.0,1.2,2022,Metal Loss_4568.4,True,4568.373,4567.616,METAL_LOSS,False,6.5,433,4552.555851271038
1370,40.213,0.344,39.147,1.066,4625.108,Metal Loss,External,12.0,0.041,27.0,GENE,20.0,,,,3.9,5.2,5:26,EXT ML,3,N,N,5.97,658.974,07:56,17.383,CMFL,1025,65000,E.R. WELD,24,1494.2,2075.3,1485.8,2063.6,0.686,1.113,1.0,1.2,2022,Metal Loss_4625.1,True,4625.108,4624.351000000001,METAL_LOSS,False,5.433333333333334,437,4609.117882080867
1370,40.213,0.344,39.183,1.03,4625.144,Metal Loss,External,20.0,0.069,35.0,GENE,20.0,,,,2.8,2.4,6:28,EXT ML,3,N,N,5.97,658.96,07:56,9.215,CMFL,1025,65000,E.R. WELD,24,1486.7,2064.9,1474.0,2047.2,0.69,1.107,1.0,1.2,2022,Metal Loss_4625.1,True,4625.144,4624.387000000001,METAL_LOSS,False,6.466666666666667,438,4609.153717362113
1450,28.14,0.344,10.518,17.618,4917.359,Metal Loss,External,16.0,0.055,31.0,GENE,20.0,,,,9.1,2.0,7:54,EXT ML ( NEAR SW ),4,N,N,5.97,564.639,08:12,1.885,CMFL,1025,65000,E.R. WELD,24,1411.7,1960.7,1386.1,1925.1,0.726,1.051,1.0,1.2,2022,Metal Loss_4917.4,True,4917.359,4916.602000000001,METAL_LOSS,False,7.9,450,4900.515912579957
1450,28.14,0.344,13.156,14.984,4919.993,Metal Loss,External,14.0,0.048,29.0,GENE,20.0,,,,9.1,2.7,7:57,EXT ML ( NEAR SW ),4,N,N,5.97,563.906,08:12,1.466,CMFL,1025,65000,E.R. WELD,24,1429.6,1985.5,1407.5,1954.9,0.717,1.065,1.0,1.2,2022,Metal Loss_4920.0,True,4919.993,4919.236000000001,METAL_LOSS,False,7.95,451,4903.13587206823
1450,28.14,0.344,14.678,13.458,4921.519,Metal Loss,External,14.0,0.048,29.0,GENE,20.0,,,,11.1,3.0,7:46,EXT ML,4,N,N,5.97,563.483,08:12,2.723,CMFL,1025,65000,E.R. WELD,24,1414.6,1964.7,1389.9,1930.5,0.725,1.057,1.0,1.2,2022,Metal Loss_4921.5,True,4921.519,4920.762000000001,METAL_LOSS,False,7.766666666666667,452,4904.653737739873
1450,28.14,0.344,26.617,1.519,4933.458,Metal Loss,External,13.0,0.044,28.0,GENE,20.0,,,,13.7,3.1,8:14,EXT ML ( ON SW ),4,N,N,5.97,560.166,08:12,0.838,CMFL,1025,65000,E.R. WELD,24,1422.5,1975.6,1411.8,1960.9,0.721,1.058,1.0,1.2,2022,Metal Loss_4933.5,True,4933.458,4932.701,METAL_LOSS,False,8.233333333333333,453,4916.529097014925
1470,39.865,0.344,11.02,28.842,4985.935,Metal Loss,External,16.0,0.055,31.0,GENE,20.0,,,,6.3,1.4,10:41,EXT ML ( ON SW ),3,N,N,5.97,547.341,10:44,0.209,CMFL,1025,65000,E.R. WELD,24,1435.7,1994.0,1414.1,1964.0,0.714,1.07,1.0,1.2,2022,Metal Loss_4985.9,True,4985.935,4985.178000000001,METAL_LOSS,False,10.683333333333334,456,4968.91285986654
1470,39.865,0.344,14.77,25.092,4989.685,Metal Loss,External,14.0,0.048,29.0,GENE,20.0,,,,6.6,1.7,10:38,EXT ML ( ON SW ),3,N,N,5.97,546.581,10:44,0.628,CMFL,1025,65000,E.R. WELD,24,1451.3,2015.6,1433.0,1990.3,0.706,1.079,1.0,1.2,2022,Metal Loss_4989.7,True,4989.685,4988.928000000001,METAL_LOSS,False,10.633333333333333,457,4972.657027243992
1470,39.865,0.344,24.419,15.446,4999.331,Metal Loss,External,12.0,0.041,27.0,GENE,20.0,,,,6.5,1.3,10:52,EXT ML ( NEAR SW ),3,N,N,5.97,544.625,10:44,0.838,CMFL,1025,65000,E.R. WELD,24,1463.2,2032.2,1447.3,2010.1,0.701,1.091,1.0,1.2,2022,Metal Loss_4999.3,True,4999.331,4998.5740000000005,METAL_LOSS,False,10.866666666666667,458,4982.288024183433
1480,36.677,0.344,35.692,0.981,5050.472,Metal Loss,External,19.0,0.065,34.0,GENE,20.0,,,,1.3,1.8,4:58,EXT ML,2,N,N,5.97,534.499,09:12,26.599,CMFL,1025,65000,E.R. WELD,24,1532.1,2128.0,1528.8,2123.3,0.669,1.142,1.0,1.2,2022,Metal Loss_5050.5,True,5050.472,5049.715,METAL_LOSS,False,4.966666666666667,460,5033.243440124332
1480,36.677,0.344,36.339,0.335,5051.119,Metal Loss,External,12.0,0.041,27.0,GENE,20.0,,,,2.2,2.4,4:55,EXT ML,2,N,N,5.97,534.373,09:12,26.808,CMFL,1025,65000,E.R. WELD,24,1522.6,2114.7,1517.6,2107.7,0.673,1.135,1.0,1.2,2022,Metal Loss_5051.1,True,5051.119,5050.362,METAL_LOSS,False,4.916666666666667,461,5033.887511724288
1550,40.013,0.344,30.663,9.354,5312.018,Metal Loss,External,21.0,0.072,36.0,GENE,15.0,,,,4.4,1.4,5:39,*EXT ML,6,Y,Y,5.97,495.412,07:08,9.425,CMFL,1025,65000,E.R. WELD,24,1432.7,1989.9,1473.6,2046.7,0.716,1.069,0.8,1.0,2022,Metal Loss_5312.0,True,5312.018,5311.261,METAL_LOSS,False,5.65,472,5294.208088621198
1550,40.013,0.344,33.957,6.056,5315.315,Metal Loss,External,13.0,0.044,28.0,PITT,20.0,,,,1.5,0.9,5:31,EXT ML,6,N,N,5.97,495.216,07:08,10.053,CMFL,1025,65000,E.R. WELD,24,1533.3,2129.6,1530.4,2125.5,0.669,1.143,0.6,1.2,2022,Metal Loss_5315.3,True,5315.315,5314.558,METAL_LOSS,False,5.516666666666667,473,5297.494129657861
1550,40.013,0.344,34.508,5.505,5315.866,Metal Loss,External,16.0,0.055,31.0,GENE,20.0,,,,1.3,1.2,5:28,EXT ML,6,N,N,5.97,495.184,07:08,10.472,CMFL,1025,65000,E.R. WELD,24,1534.1,2130.7,1531.2,2126.6,0.668,1.143,1.0,1.2,2022,Metal Loss_5315.9,True,5315.866,5315.109,METAL_LOSS,False,5.466666666666667,474,5298.043298178091
1550,40.013,0.344,34.839,5.177,5316.194,Metal Loss,External,13.0,0.044,28.0,PITT,20.0,,,,2.1,1.1,5:25,EXT ML,6,N,N,5.97,495.164,07:08,10.681,CMFL,1025,65000,E.R. WELD,24,1523.9,2116.6,1519.2,2109.9,0.673,1.135,0.6,1.2,2022,Metal Loss_5316.2,True,5316.194,5315.437000000001,METAL_LOSS,False,5.416666666666667,475,5298.370207932422
1560,40.269,0.344,0.938,39.331,5322.31,Metal Loss,External,11.0,0.038,26.0,GENE,20.0,,,,8.3,3.0,5:25,EXT ML,30,N,N,5.97,494.802,08:52,21.572,CMFL,1025,65000,E.R. WELD,24,1455.5,2021.6,1440.7,2001.0,0.704,1.087,1.0,1.2,2022,Metal Loss_5322.3,True,5322.31,5321.553000000001,METAL_LOSS,False,5.416666666666667,477,5304.463426953736
1560,40.269,0.344,3.176,37.093,5324.547,Metal Loss,External,25.0,0.086,40.0,GENE,15.0,,,,3.2,1.5,5:34,*EXT ML,30,Y,Y,5.97,494.689,08:52,20.735,CMFL,1025,65000,E.R. WELD,24,1449.5,2013.2,1428.0,1983.4,0.707,1.082,0.8,1.0,2022,Metal Loss_5324.5,True,5324.547,5323.79,METAL_LOSS,False,5.566666666666666,478,5306.6871501651385
1560,40.269,0.344,3.78,36.49,5325.151,Metal Loss,External,17.0,0.058,32.0,CIGR,25.0,,,,1.0,3.1,5:28,EXT ML,30,N,N,5.97,494.671,08:52,21.363,CMFL,1025,65000,E.R. WELD,24,1538.5,2136.8,1536.5,2134.0,0.666,1.147,1.0,1.2,2022,Metal Loss_5325.2,True,5325.151,5324.394,METAL_LOSS,False,5.466666666666667,479,5307.287565372867
1560,40.269,0.344,4.098,36.171,5325.469,Metal Loss,External,37.0,0.127,52.0,GENE,20.0,,,,6.9,2.8,5:34,EXT ML,30,N,N,5.97,494.662,08:52,21.363,CMFL,1025,65000,E.R. WELD,24,1241.9,1724.9,1314.8,1826.1,0.825,0.929,1.0,1.2,2022,Metal Loss_5325.5,True,5325.469,5324.712,METAL_LOSS,False,5.566666666666666,480,5307.603678015346
1560,40.269,0.344,4.974,35.295,5326.345,Metal Loss,External,43.0,0.148,58.0,GENE,20.0,,,,2.3,2.3,5:28,EXT ML,30,N,N,5.97,494.635,08:52,21.363,CMFL,1025,65000,E.R. WELD,24,1424.1,1977.9,1389.8,1930.3,0.72,1.06,1.0,1.2,2022,Metal Loss_5326.3,True,5326.345,5325.588000000001,METAL_LOSS,False,5.466666666666667,481,5308.474478879535
1560,40.269,0.344,5.436,34.833,5326.808,Metal Loss,External,34.0,0.117,49.0,GENE,20.0,,,,14.4,3.9,5:27,EXT ML,30,N,N,5.97,494.621,08:52,22.41,CMFL,1025,65000,E.R. WELD,24,1190.7,1653.8,1242.5,1725.7,0.861,0.888,1.0,1.2,2022,Metal Loss_5326.8,True,5326.808,5326.051,METAL_LOSS,False,5.45,482,5308.934730934466
1560,40.269,0.344,5.82,34.449,5327.192,Metal Loss,External,23.0,0.079,38.0,GENE,20.0,,,,2.2,2.0,6:29,EXT ML,30,N,N,5.97,494.61,08:52,14.87,CMFL,1025,65000,E.R. WELD,24,1494.5,2075.6,1482.7,2059.3,0.686,1.115,1.0,1.2,2022,Metal Loss_5327.2,True,5327.192,5326.435,METAL_LOSS,False,6.483333333333333,483,5309.316451861233
1560,40.269,0.344,6.365,33.904,5327.736,Metal Loss,External,22.0,0.076,37.0,GENE,20.0,,,,5.6,2.0,6:26,EXT ML,30,N,N,5.97,494.594,08:52,15.499,CMFL,1025,65000,E.R. WELD,24,1402.4,1947.7,1421.2,1973.9,0.731,1.045,1.0,1.2,2022,Metal Loss_5327.7,True,5327.736,5326.979,METAL_LOSS,False,6.433333333333334,484,5309.857223174154
1560,40.269,0.344,7.129,33.136,5328.504,Metal Loss,External,10.0,0.034,25.0,GENE,20.0,,,,6.2,2.3,6:46,EXT ML,30,N,N,5.97,494.571,08:52,13.195,CMFL,1025,65000,E.R. WELD,24,1478.3,2053.2,1465.3,2035.2,0.693,1.104,1.0,1.2,2022,Metal Loss_5328.5,True,5328.504,5327.747,METAL_LOSS,False,6.766666666666667,485,5310.620665027688
1560,40.269,0.344,7.897,32.372,5329.268,Metal Loss,External,16.0,0.055,31.0,GENE,20.0,,,,6.8,3.5,5:10,EXT ML,30,N,N,5.97,494.548,08:52,22.829,CMFL,1025,65000,E.R. WELD,24,1433.3,1990.7,1449.3,2012.9,0.715,1.066,1.0,1.2,2022,Metal Loss_5329.3,True,5329.268,5328.511,METAL_LOSS,False,5.166666666666667,486,5311.38013062157
1560,40.269,0.344,9.209,31.06,5330.581,Metal Loss,External,27.0,0.093,42.0,GENE,20.0,,,,22.0,3.9,6:15,EXT ML,30,N,N,5.97,494.508,08:52,15.289,CMFL,1025,65000,E.R. WELD,24,1251.7,1738.5,1341.3,1863.0,0.819,0.93,1.0,1.2,2022,Metal Loss_5330.6,True,5330.581,5329.8240000000005,METAL_LOSS,False,6.25,487,5312.685337852939
1560,40.269,0.344,9.885,30.384,5331.257,Metal Loss,External,20.0,0.069,35.0,GENE,20.0,,,,2.5,1.8,5:29,EXT ML,30,N,N,5.97,494.488,08:52,21.153,CMFL,1025,65000,E.R. WELD,24,1492.1,2072.3,1480.2,2055.8,0.687,1.113,1.0,1.2,2022,Metal Loss_5331.3,True,5331.257,5330.5,METAL_LOSS,False,5.483333333333333,488,5313.357325734435
1560,40.269,0.344,10.285,29.984,5331.657,Metal Loss,External,27.0,0.093,42.0,GENE,20.0,,,,3.5,2.2,5:26,EXT ML,30,N,N,5.97,494.476,08:52,21.572,CMFL,1025,65000,E.R. WELD,24,1431.8,1988.6,1406.3,1953.2,0.716,1.066,1.0,1.2,2022,Metal Loss_5331.7,True,5331.657,5330.900000000001,METAL_LOSS,False,5.433333333333334,489,5313.754951699819
1560,40.269,0.344,11.302,28.967,5332.674,Metal Loss,External,17.0,0.058,32.0,GENE,20.0,,,,2.4,1.9,6:24,EXT ML,30,N,N,5.97,494.445,08:52,15.499,CMFL,1025,65000,E.R. WELD,24,1508.2,2094.7,1500.0,2083.4,0.68,1.123,1.0,1.2,2022,Metal Loss_5332.7,True,5332.674,5331.917,METAL_LOSS,False,6.4,490,5314.765915716805
1560,40.269,0.344,11.647,28.622,5333.018,Metal Loss,External,23.0,0.079,38.0,PITT,20.0,,,,0.9,1.1,5:24,EXT ML,30,N,N,5.97,494.435,08:52,21.782,CMFL,1025,65000,E.R. WELD,24,1535.7,2132.9,1532.9,2129.0,0.668,1.145,0.6,1.2,2022,Metal Loss_5333.0,True,5333.018,5332.261,METAL_LOSS,False,5.4,491,5315.107874047034
1560,40.269,0.344,11.978,28.291,5333.35,Metal Loss,External,35.0,0.12,50.0,GENE,20.0,,,,13.9,4.4,6:34,EXT ML,30,N,N,5.97,494.425,08:52,13.823,CMFL,1025,65000,E.R. WELD,24,1180.1,1639.0,1258.4,1747.7,0.869,0.881,1.0,1.2,2022,Metal Loss_5333.4,True,5333.35,5332.593000000001,METAL_LOSS,False,6.566666666666666,492,5315.437903598302
1560,40.269,0.344,12.382,27.884,5333.757,Metal Loss,External,19.0,0.065,34.0,AXGR,20.0,,,,2.2,1.0,5:18,EXT ML,30,N,N,5.97,494.413,08:52,22.41,CMFL,1025,65000,E.R. WELD,24,1506.5,2092.3,1497.7,2080.1,0.681,1.123,1.0,1.2,2022,Metal Loss_5333.8,True,5333.757,5333.0,METAL_LOSS,False,5.3,493,5315.842488018078
1560,40.269,0.344,12.762,27.507,5334.134,Metal Loss,External,35.0,0.12,50.0,GENE,20.0,,,,11.3,2.7,5:20,EXT ML,30,N,N,5.97,494.401,08:52,22.829,CMFL,1025,65000,E.R. WELD,24,1201.5,1668.7,1319.7,1832.9,0.853,0.895,1.0,1.2,2022,Metal Loss_5334.1,True,5334.134,5333.377,METAL_LOSS,False,5.333333333333333,494,5316.217250490451
1560,40.269,0.344,13.622,26.647,5334.993,Metal Loss,External,28.0,0.096,43.0,GENE,20.0,,,,1.9,1.6,6:45,EXT ML,30,N,N,5.97,494.376,08:52,13.195,CMFL,1025,65000,E.R. WELD,24,1497.7,2080.1,1485.9,2063.8,0.684,1.116,1.0,1.2,2022,Metal Loss_5335.0,True,5334.993,5334.236000000001,METAL_LOSS,False,6.75,495,5317.071152251111
1560,40.269,0.344,13.947,26.319,5335.322,Metal Loss,External,34.0,0.117,49.0,GENE,20.0,,,,2.9,2.1,6:43,EXT ML,30,N,N,5.97,494.366,08:52,13.404,CMFL,1025,65000,E.R. WELD,24,1422.9,1976.3,1393.0,1934.8,0.72,1.059,1.0,1.2,2022,Metal Loss_5335.3,True,5335.322,5334.5650000000005,METAL_LOSS,False,6.716666666666667,496,5317.398199607638
1560,40.269,0.344,15.735,24.534,5337.106,Metal Loss,External,18.0,0.062,33.0,GENE,20.0,,,,2.3,2.0,7:01,EXT ML,30,N,N,5.97,494.312,08:52,11.519,CMFL,1025,65000,E.R. WELD,24,1506.6,2092.5,1498.0,2080.5,0.68,1.123,1.0,1.2,2022,Metal Loss_5337.1,True,5337.106,5336.349,METAL_LOSS,False,7.016666666666667,497,5319.171611413246
1560,40.269,0.344,19.413,20.856,5340.784,Metal Loss,External,16.0,0.055,31.0,GENE,20.0,,,,2.2,1.6,5:04,EXT ML,30,N,N,5.97,494.202,08:52,23.876,CMFL,1025,65000,E.R. WELD,24,1514.3,2103.2,1507.4,2093.6,0.677,1.128,1.0,1.2,2022,Metal Loss_5340.8,True,5340.784,5340.027,METAL_LOSS,False,5.066666666666666,498,5322.82778216494
1560,40.269,0.344,19.862,20.407,5341.234,Metal Loss,External,24.0,0.082,39.0,GENE,20.0,,,,2.5,2.0,5:09,EXT ML,30,N,N,5.97,494.188,08:52,23.248,CMFL,1025,65000,E.R. WELD,24,1481.0,2056.9,1466.2,2036.3,0.692,1.105,1.0,1.2,2022,Metal Loss_5341.2,True,5341.234,5340.477000000001,METAL_LOSS,False,5.15,499,5323.275111375997
1560,40.269,0.344,20.361,19.905,5341.736,Metal Loss,External,26.0,0.089,41.0,GENE,20.0,,,,3.1,3.0,5:13,EXT ML,30,N,N,5.97,494.173,08:52,22.829,CMFL,1025,65000,E.R. WELD,24,1450.8,2015.1,1429.4,1985.3,0.707,1.081,1.0,1.2,2022,Metal Loss_5341.7,True,5341.736,5340.979,METAL_LOSS,False,5.216666666666667,500,5323.774131962552
1560,40.269,0.344,20.978,19.291,5342.349,Metal Loss,External,20.0,0.069,35.0,GENE,20.0,,,,4.3,2.4,5:37,EXT ML,30,N,N,5.97,494.155,08:52,20.316,CMFL,1025,65000,E.R. WELD,24,1441.9,2002.6,1420.4,1972.8,0.711,1.076,1.0,1.2,2022,Metal Loss_5342.3,True,5342.349,5341.592000000001,METAL_LOSS,False,5.616666666666667,501,5324.383493754501
1560,40.269,0.344,21.191,19.078,5342.562,Metal Loss,External,18.0,0.062,33.0,GENE,20.0,,,,1.8,1.9,6:42,EXT ML,30,N,N,5.97,494.148,08:52,13.614,CMFL,1025,65000,E.R. WELD,24,1519.5,2110.4,1513.5,2102.0,0.675,1.133,1.0,1.2,2022,Metal Loss_5342.6,True,5342.562,5341.805,METAL_LOSS,False,6.7,502,5324.5952295810675
1560,40.269,0.344,23.848,16.421,5345.22,Dent,,,,,,,,,N,,,5:15,DENT,30,N,N,5.97,494.068,08:52,22.619,CMFL,1025,65000,E.R. WELD,24,,,,,,,,,2022,Dent_5345.2,True,5345.22,5344.463000000001,DENT,False,5.25,503,5327.2374541210365
1560,40.269,0.344,38.196,2.073,5359.567,Metal Loss,External,25.0,0.086,40.0,PITT,20.0,,,,1.1,1.3,5:24,EXT ML,30,N,N,5.97,493.637,08:52,21.782,CMFL,1025,65000,E.R. WELD,24,1531.5,2127.0,1527.6,2121.7,0.669,1.141,0.6,1.2,2022,Metal Loss_5359.6,True,5359.567,5358.81,METAL_LOSS,False,5.4,504,5341.499303434403
1560,40.269,0.344,39.101,1.168,5360.472,Metal Loss,External,11.0,0.038,26.0,AXGR,20.0,,,,4.2,0.9,4:26,EXT ML,30,N,N,5.97,493.61,08:52,27.855,CMFL,1025,65000,E.R. WELD,24,1492.4,2072.7,1481.8,2058.0,0.687,1.114,1.0,1.2,2022,Metal Loss_5360.5,True,5360.472,5359.715,METAL_LOSS,False,4.433333333333334,506,5342.398932181082
1570,40.069,0.344,0.958,39.111,5362.598,Metal Loss,External,13.0,0.044,28.0,PITT,20.0,,,,1.3,1.0,4:09,EXT ML,16,N,N,5.97,493.546,02:52,8.168,CMFL,1025,65000,E.R. WELD,24,1537.1,2134.8,1534.9,2131.8,0.667,1.146,0.6,1.2,2022,Metal Loss_5362.6,True,5362.598,5361.841,METAL_LOSS,False,4.15,510,5344.518980259053
1570,40.069,0.344,1.076,38.993,5362.717,Metal Loss,External,21.0,0.072,36.0,GENE,20.0,,,,1.6,1.2,2:25,EXT ML,16,N,N,5.97,493.543,02:52,2.723,CMFL,1025,65000,E.R. WELD,24,1519.6,2110.6,1513.4,2102.0,0.675,1.133,1.0,1.2,2022,Metal Loss_5362.7,True,5362.717,5361.96,METAL_LOSS,False,2.4166666666666665,511,5344.638102024009
1570,40.069,0.344,2.927,37.142,5364.567,Metal Loss,External,25.0,0.086,40.0,GENE,20.0,,,,25.0,8.4,5:33,EXT ML,16,N,N,5.97,493.489,02:52,16.336,CMFL,1025,65000,E.R. WELD,24,1262.6,1753.6,1310.0,1819.4,0.812,0.944,1.0,1.2,2022,Metal Loss_5364.6,True,5364.567,5363.81,METAL_LOSS,False,5.55,512,5346.48999500861
1570,40.069,0.344,2.989,37.08,5364.629,Metal Loss,External,16.0,0.055,31.0,GENE,20.0,,,,2.6,4.0,07:00,EXT ML,16,N,N,5.97,493.488,02:52,25.97,CMFL,1025,65000,E.R. WELD,24,1502.5,2086.8,1493.3,2074.0,0.682,1.12,1.0,1.2,2022,Metal Loss_5364.6,True,5364.629,5363.872,METAL_LOSS,False,7.0,513,5346.552058449175
1570,40.069,0.344,6.325,33.743,5367.966,Metal Loss,External,18.0,0.062,33.0,GENE,20.0,,,,1.6,1.6,6:49,EXT ML,16,N,N,5.97,493.405,02:52,24.923,CMFL,1025,65000,E.R. WELD,24,1525.5,2118.8,1520.8,2112.2,0.672,1.137,1.0,1.2,2022,Metal Loss_5368.0,True,5367.966,5367.209000000001,METAL_LOSS,False,6.816666666666666,514,5349.892472984103
1580,40.233,0.344,39.049,1.184,5440.758,Metal Loss,External,41.0,0.141,56.0,GENE,20.0,,,,1.5,1.3,6:20,EXT ML,2,N,N,5.97,491.665,01:48,28.484,CMFL,1025,65000,E.R. WELD,24,1485.0,2062.5,1467.1,2037.6,0.69,1.107,1.0,1.2,2022,Metal Loss_5440.8,True,5440.758,5440.001,METAL_LOSS,False,6.333333333333333,529,5422.521974001441
1580,40.233,0.344,39.409,0.82,5441.122,Metal Loss,External,14.0,0.048,29.0,GENE,20.0,,,,1.3,2.6,6:03,EXT ML,2,N,N,5.97,491.657,01:48,26.808,CMFL,1025,65000,E.R. WELD,24,1536.3,2133.8,1534.0,2130.5,0.667,1.145,1.0,1.2,2022,Metal Loss_5441.1,True,5441.122,5440.365000000001,METAL_LOSS,False,6.05,530,5422.884137399647
1590,22.933,0.344,0.617,22.316,5442.562,Metal Loss,External,16.0,0.055,31.0,GENE,20.0,,,,2.1,2.5,4:19,EXT ML,2,N,N,5.97,491.623,09:12,30.578,CMFL,1025,65000,E.R. WELD,24,1516.3,2105.9,1509.8,2096.9,0.676,1.129,1.0,1.2,2022,Metal Loss_5442.6,True,5442.562,5441.805,METAL_LOSS,False,4.316666666666666,532,5424.318729563587
1590,22.933,0.344,0.781,22.156,5442.723,Metal Loss,External,21.0,0.072,36.0,GENE,20.0,,,,2.7,1.7,2:55,EXT ML,2,N,N,5.97,491.62,09:12,36.024,CMFL,1025,65000,E.R. WELD,24,1485.5,2063.2,1472.2,2044.8,0.69,1.107,1.0,1.2,2022,Metal Loss_5442.7,True,5442.723,5441.966,METAL_LOSS,False,2.9166666666666665,533,5424.479399659938
1600,40.069,0.344,10.636,29.436,5475.512,Metal Loss,External,13.0,0.044,28.0,GENE,20.0,,,,5.0,2.2,12:13,EXT ML ( ON SW ),5,N,N,5.97,490.889,12:12,0.209,CMFL,1025,65000,E.R. WELD,24,1475.5,2049.3,1461.7,2030.1,0.695,1.098,1.0,1.2,2022,Metal Loss_5475.5,True,5475.512,5474.755,METAL_LOSS,False,12.216666666666667,537,5457.223265367241
1650,40.013,0.344,0.86,39.157,5624.626,Metal Loss,External,20.0,0.069,35.0,GENE,20.0,,,,1.6,2.0,7:26,EXT ML,1,N,N,5.97,487.527,09:24,12.357,CMFL,1025,65000,E.R. WELD,24,1522.2,2114.1,1516.6,2106.4,0.673,1.135,1.0,1.2,2022,Metal Loss_5624.6,True,5624.626,5623.869000000001,METAL_LOSS,False,7.433333333333334,545,5605.896577612276
1680,26.585,0.344,4.505,22.08,5748.593,Metal Loss,External,13.0,0.044,28.0,GENE,20.0,,,,7.8,2.4,8:38,EXT ML ( ON SW ),2,N,N,5.97,484.404,08:44,0.628,CMFL,1025,65000,E.R. WELD,24,1448.9,2012.4,1442.6,2003.6,0.708,1.077,1.0,1.2,2022,Metal Loss_5748.6,True,5748.593,5747.836,METAL_LOSS,False,8.633333333333333,549,5729.597207071657
1680,26.585,0.344,7.579,19.006,5751.667,Metal Loss,External,12.0,0.041,27.0,GENE,20.0,,,,3.3,2.0,8:33,EXT ML ( NEAR SW ),2,N,N,5.97,484.304,08:44,1.047,CMFL,1025,65000,E.R. WELD,24,1503.1,2087.7,1494.4,2075.6,0.682,1.121,1.0,1.2,2022,Metal Loss_5751.7,True,5751.667,5750.910000000001,METAL_LOSS,False,8.55,550,5732.65906601467
1700,40.233,0.344,39.304,0.928,5849.993,Metal Loss,External,40.0,0.137,55.0,GENE,20.0,,,,2.2,2.0,4:39,EXT ML,2,N,N,5.97,480.436,09:24,29.74,CMFL,1025,65000,E.R. WELD,24,1436.3,1994.8,1406.3,1953.1,0.714,1.071,1.0,1.2,2022,Metal Loss_5850.0,True,5849.993,5849.236000000001,METAL_LOSS,False,4.65,555,5830.716149181022
1870,39.993,0.344,24.209,15.784,6493.963,Metal Loss,External,14.0,0.048,29.0,GENE,20.0,,,,2.8,2.2,11:26,EXT ML ( ON SW ),3,N,N,5.97,479.317,11:16,1.047,CMFL,1025,65000,E.R. WELD,24,1505.7,2091.2,1497.3,2079.5,0.681,1.122,1.0,1.2,2022,Metal Loss_6494.0,True,6493.963,6493.206,METAL_LOSS,False,11.433333333333334,586,6472.5871840072
1870,39.993,0.344,25.331,14.662,6495.085,Metal Loss,External,13.0,0.044,28.0,GENE,20.0,,,,2.4,3.4,11:35,EXT ML ( NEAR SW ),3,N,N,5.97,479.334,11:16,2.094,CMFL,1025,65000,E.R. WELD,24,1514.9,2104.0,1508.3,2094.8,0.677,1.13,1.0,1.2,2022,Metal Loss_6495.1,True,6495.085,6494.328,METAL_LOSS,False,11.583333333333334,587,6473.709099842472
1870,39.993,0.344,25.741,14.252,6495.495,Metal Loss,External,10.0,0.034,25.0,GENE,20.0,,,,5.4,3.4,11:38,EXT ML ( NEAR SW ),3,N,N,5.97,479.34,11:16,2.304,CMFL,1025,65000,E.R. WELD,24,1486.7,2064.8,1475.2,2048.9,0.69,1.109,1.0,1.2,2022,Metal Loss_6495.5,True,6495.495,6494.738,METAL_LOSS,False,11.633333333333333,588,6474.11906908709
1890,40.003,0.344,0.046,39.957,6549.984,Metal Loss,External,13.0,0.044,28.0,GENE,20.0,,,,5.9,2.3,6:25,EXT ML ( NEAR GW ),12,N,N,5.97,480.098,12:08,35.814,CMFL,1025,65000,E.R. WELD,24,1463.9,2033.2,1448.0,2011.1,0.7,1.09,1.0,1.2,2022,Metal Loss_6550.0,True,6549.984,6549.227000000001,METAL_LOSS,False,6.416666666666667,593,6528.405973551983
1890,40.003,0.344,0.725,39.278,6550.663,Metal Loss,External,13.0,0.044,28.0,GENE,20.0,,,,8.5,2.9,6:25,EXT ML,12,N,N,5.97,480.107,12:08,35.814,CMFL,1025,65000,E.R. WELD,24,1442.5,2003.4,1422.9,1976.2,0.711,1.074,1.0,1.2,2022,Metal Loss_6550.7,True,6550.663,6549.906,METAL_LOSS,False,6.416666666666667,594,6529.084583156263
1890,40.003,0.344,2.093,37.91,6552.031,Metal Loss,External,16.0,0.055,31.0,GENE,20.0,,,,2.9,1.5,6:14,EXT ML,12,N,N,5.97,480.125,12:08,37.071,CMFL,1025,65000,E.R. WELD,24,1496.6,2078.6,1486.2,2064.1,0.685,1.116,1.0,1.2,2022,Metal Loss_6552.0,True,6552.031,6551.274,METAL_LOSS,False,6.233333333333333,595,6530.451796615253
1890,40.003,0.344,17.884,22.116,6567.825,Metal Loss,External,26.0,0.089,41.0,GENE,20.0,,,,6.3,2.0,12:13,EXT ML ( ON SW ),12,N,N,5.97,480.284,12:08,0.628,CMFL,1025,65000,E.R. WELD,24,1353.8,1880.3,1314.3,1825.4,0.757,1.011,1.0,1.2,2022,Metal Loss_6567.8,True,6567.825,6567.068,METAL_LOSS,False,12.216666666666667,596,6546.236715746319
1890,40.003,0.344,17.897,22.103,6567.838,Metal Loss,External,24.0,0.082,39.0,GENE,15.0,,,,5.5,1.9,5:56,*EXT ML,12,Y,Y,5.97,480.284,12:08,36.442,CMFL,1025,65000,E.R. WELD,24,1387.0,1926.3,1354.1,1880.7,0.739,1.036,0.8,1.0,2022,Metal Loss_6567.8,True,6567.838,6567.081,METAL_LOSS,False,5.933333333333334,597,6546.249708271879
1890,40.003,0.344,18.924,21.079,6568.862,Metal Loss,External,17.0,0.058,32.0,GENE,15.0,,,,2.9,1.4,12:13,*EXT ML ( ON SW ),12,Y,Y,5.97,480.294,12:08,0.628,CMFL,1025,65000,E.R. WELD,24,1492.2,2072.5,1480.9,2056.8,0.687,1.113,0.8,1.0,2022,Metal Loss_6568.9,True,6568.862,6568.1050000000005,METAL_LOSS,False,12.216666666666667,598,6547.273119516036
1890,40.003,0.344,19.925,20.079,6569.862,Metal Loss,External,13.0,0.044,28.0,GENE,20.0,,,,4.4,1.5,12:13,EXT ML ( ON SW ),12,N,N,5.97,480.304,12:08,0.628,CMFL,1025,65000,E.R. WELD,24,1479.7,2055.2,1466.5,2036.9,0.693,1.105,1.0,1.2,2022,Metal Loss_6569.9,True,6569.862,6569.1050000000005,METAL_LOSS,False,12.216666666666667,599,6548.272544559158
1890,40.003,0.344,21.263,18.74,6571.201,Metal Loss,External,13.0,0.044,28.0,GENE,20.0,,,,4.5,2.6,12:18,EXT ML ( ON SW ),12,N,N,5.97,480.318,12:08,1.047,CMFL,1025,65000,E.R. WELD,24,1482.3,2058.7,1469.7,2041.3,0.692,1.103,1.0,1.2,2022,Metal Loss_6571.2,True,6571.201,6570.444,METAL_LOSS,False,12.3,600,6549.610774691898
1890,40.003,0.344,23.533,16.467,6573.474,Metal Loss,External,14.0,0.048,29.0,GENE,20.0,,,,5.9,1.5,12:12,EXT ML ( ON SW ),12,N,N,5.97,480.34,12:08,0.419,CMFL,1025,65000,E.R. WELD,24,1451.9,2016.5,1433.6,1991.0,0.706,1.085,1.0,1.2,2022,Metal Loss_6573.5,True,6573.474,6572.717000000001,METAL_LOSS,False,12.2,601,6551.882467814914
1890,40.003,0.344,26.161,13.842,6576.099,Metal Loss,External,12.0,0.041,27.0,GENE,20.0,,,,4.5,1.4,6:03,EXT ML,12,N,N,5.97,480.367,12:08,37.28,CMFL,1025,65000,E.R. WELD,24,1483.6,2060.5,1471.3,2043.4,0.691,1.107,1.0,1.2,2022,Metal Loss_6576.1,True,6576.099,6575.342000000001,METAL_LOSS,False,6.05,602,6554.505958553109
1890,40.003,0.344,27.904,12.1,6577.841,Metal Loss,External,16.0,0.055,31.0,GENE,20.0,,,,4.2,1.3,12:13,EXT ML ( ON SW ),12,N,N,5.97,480.384,12:08,0.628,CMFL,1025,65000,E.R. WELD,24,1469.0,2040.3,1453.4,2018.7,0.698,1.095,1.0,1.2,2022,Metal Loss_6577.8,True,6577.841,6577.084000000001,METAL_LOSS,False,12.216666666666667,603,6556.246956978227
1890,40.003,0.344,38.327,1.677,6588.264,Metal Loss,External,10.0,0.034,25.0,GENE,20.0,,,,5.5,1.5,5:55,EXT ML,12,N,N,5.97,480.488,12:08,36.442,CMFL,1025,65000,E.R. WELD,24,1486.0,2063.8,1474.4,2047.7,0.69,1.108,1.0,1.2,2022,Metal Loss_6588.3,True,6588.264,6587.5070000000005,METAL_LOSS,False,5.916666666666667,604,6566.663964202685
1920,40.233,0.344,19.843,20.394,6689.99,Metal Loss,External,10.0,0.034,25.0,GENE,20.0,,,,5.5,2.8,10:02,EXT ML ( ON SW ),3,N,N,5.97,481.211,10:12,1.047,CMFL,1025,65000,E.R. WELD,24,1484.4,2061.7,1472.5,2045.2,0.691,1.108,1.0,1.2,2022,Metal Loss_6690.0,True,6689.99,6689.233,METAL_LOSS,False,10.033333333333333,608,6667.995756039368
1920,40.233,0.344,22.356,17.881,6692.503,Metal Loss,External,12.0,0.041,27.0,GENE,20.0,,,,5.6,2.8,10:14,EXT ML ( ON SW ),3,N,N,5.97,481.233,10:12,0.209,CMFL,1025,65000,E.R. WELD,24,1475.2,2048.9,1461.5,2029.8,0.695,1.098,1.0,1.2,2022,Metal Loss_6692.5,True,6692.503,6691.746,METAL_LOSS,False,10.233333333333333,609,6670.492767173675
1920,40.233,0.344,29.997,10.24,6700.144,Metal Loss,External,20.0,0.069,35.0,GENE,20.0,,,,2.0,1.5,10:08,EXT ML ( ON SW ),3,N,N,5.97,481.299,10:12,0.419,CMFL,1025,65000,E.R. WELD,24,1510.8,2098.3,1502.8,2087.2,0.679,1.126,1.0,1.2,2022,Metal Loss_6700.1,True,6700.144,6699.387000000001,METAL_LOSS,False,10.133333333333333,610,6678.085151605527
1950,31.949,0.344,16.129,15.82,6806.657,Metal Loss,External,16.0,0.055,31.0,GENE,20.0,,,,1.3,1.7,3:06,EXT ML ( ON SW ),2,N,N,5.97,482.922,03:04,0.209,CMFL,1025,65000,E.R. WELD,24,1533.3,2129.6,1530.3,2125.4,0.669,1.143,1.0,1.2,2022,Metal Loss_6806.7,True,6806.657,6805.900000000001,METAL_LOSS,False,3.1,614,6784.209311402548
1950,31.949,0.344,16.969,14.98,6807.497,Metal Loss,External,12.0,0.041,27.0,GENE,20.0,,,,5.3,2.3,3:07,EXT ML ( ON SW ),2,N,N,5.97,482.939,03:04,0.419,CMFL,1025,65000,E.R. WELD,24,1472.8,2045.5,1458.5,2025.7,0.696,1.1,1.0,1.2,2022,Metal Loss_6807.5,True,6807.497,6806.740000000001,METAL_LOSS,False,3.1166666666666667,615,6785.048286018342
1980,40.246,0.344,18.045,22.201,6901.368,Metal Loss,External,10.0,0.034,25.0,GENE,20.0,,,,22.4,3.8,8:46,EXT ML ( ON SW ),4,N,N,5.97,484.961,08:36,0.209,CMFL,1025,65000,E.R. WELD,24,1436.3,1994.9,1421.3,1974.1,0.714,1.073,1.0,1.2,2022,Metal Loss_6901.4,True,6901.368,6900.611000000001,METAL_LOSS,False,8.766666666666667,620,6878.530805277412
1980,40.246,0.344,21.263,18.983,6904.587,Metal Loss,External,13.0,0.044,28.0,GENE,20.0,,,,2.4,3.1,8:52,EXT ML ( NEAR SW ),4,N,N,5.97,485.027,08:36,1.676,CMFL,1025,65000,E.R. WELD,24,1516.3,2105.9,1510.0,2097.2,0.676,1.13,1.0,1.2,2022,Metal Loss_6904.6,True,6904.587,6903.830000000001,METAL_LOSS,False,8.866666666666667,621,6881.727650508113
1980,40.246,0.344,23.196,17.051,6906.519,Metal Loss,External,12.0,0.041,27.0,GENE,20.0,,,,5.7,2.4,8:36,EXT ML ( ON SW ),4,N,N,5.97,485.067,08:36,0.0,CMFL,1025,65000,E.R. WELD,24,1471.6,2043.9,1457.2,2023.9,0.697,1.097,1.0,1.2,2022,Metal Loss_6906.5,True,6906.519,6905.762000000001,METAL_LOSS,False,8.6,622,6883.646353517032
1980,40.246,0.344,37.1,3.146,6920.423,Metal Loss,External,11.0,0.038,26.0,GENE,20.0,,,,7.9,1.7,8:46,EXT ML ( NEAR SW ),4,N,N,5.97,485.354,08:36,1.047,CMFL,1025,65000,E.R. WELD,24,1462.0,2030.6,1446.1,2008.5,0.701,1.089,1.0,1.2,2022,Metal Loss_6920.4,True,6920.423,6919.666,METAL_LOSS,False,8.766666666666667,623,6897.454659229259
2000,40.135,0.344,39.327,0.807,7002.976,Metal Loss,External,24.0,0.082,39.0,GENE,20.0,,,,3.3,1.8,5:14,EXT ML,3,N,N,5.97,485.598,01:36,22.829,CMFL,1025,65000,E.R. WELD,24,1452.2,2016.9,1431.7,1988.5,0.706,1.081,1.0,1.2,2022,Metal Loss_7003.0,True,7002.976,7002.219,METAL_LOSS,False,5.233333333333333,630,6979.677323034756
2010,32.887,0.344,0.892,31.998,7004.675,Metal Loss,External,21.0,0.072,36.0,GENE,20.0,,,,1.6,1.5,5:50,EXT ML,1,N,N,5.97,485.574,08:04,14.032,CMFL,1025,65000,E.R. WELD,24,1518.7,2109.3,1512.3,2100.4,0.675,1.133,1.0,1.2,2022,Metal Loss_7004.7,True,7004.675,7003.918000000001,METAL_LOSS,False,5.833333333333333,632,6981.370372757677
2150,40.003,0.344,15.719,24.285,7574.219,Metal Loss,External,12.0,0.041,27.0,GENE,20.0,,,,16.9,2.1,09:00,EXT ML,1,N,N,5.97,420.097,09:40,4.189,CMFL,1025,65000,E.R. WELD,24,1424.9,1979.1,1403.5,1949.3,0.719,1.061,1.0,1.2,2022,Metal Loss_7574.2,True,7574.219,7573.462,METAL_LOSS,False,9.0,658,7548.575033622478
2160,40.299,0.344,39.157,1.145,7637.661,Metal Loss,External,18.0,0.062,33.0,GENE,20.0,,,,1.6,1.4,7:09,EXT ML,5,N,N,5.97,397.596,10:36,21.572,CMFL,1025,65000,E.R. WELD,24,1525.7,2119.1,1521.1,2112.6,0.672,1.137,1.0,1.2,2022,Metal Loss_7637.7,True,7637.661,7636.904,METAL_LOSS,False,7.15,661,7611.577273336311
2160,40.299,0.344,39.416,0.886,7637.92,Metal Loss,External,16.0,0.055,31.0,AXGR,20.0,,,,3.5,1.1,4:13,EXT ML,5,N,N,5.97,397.505,10:36,35.395,CMFL,1025,65000,E.R. WELD,24,1482.7,2059.4,1469.7,2041.3,0.691,1.105,1.0,1.2,2022,Metal Loss_7637.9,True,7637.92,7637.163,METAL_LOSS,False,4.216666666666667,662,7611.833497096919
2160,40.299,0.344,39.521,0.781,7638.025,Metal Loss,External,19.0,0.065,34.0,GENE,20.0,,,,2.6,2.0,7:15,EXT ML,5,N,N,5.97,397.468,10:36,20.944,CMFL,1025,65000,E.R. WELD,24,1495.4,2076.9,1484.4,2061.7,0.686,1.115,1.0,1.2,2022,Metal Loss_7638.0,True,7638.025,7637.268,METAL_LOSS,False,7.25,663,7611.937371594462
2160,40.299,0.344,39.925,0.374,7638.432,Metal Loss,External,25.0,0.086,40.0,GENE,20.0,,,,12.9,6.0,04:00,EXT ML ( ON GW ),5,N,N,5.97,397.325,10:36,33.301,CMFL,1025,65000,E.R. WELD,24,1302.7,1809.3,1342.8,1864.9,0.787,0.967,1.0,1.2,2022,Metal Loss_7638.4,True,7638.432,7637.675,METAL_LOSS,False,4.0,664,7612.34000893256
2170,40.098,0.344,0.781,39.318,7639.587,Metal Loss,External,25.0,0.086,40.0,GENE,20.0,,,,11.6,4.8,6:19,EXT ML,30,N,N,5.97,396.917,UNKN,,CMFL,1025,65000,E.R. WELD,24,1300.9,1806.9,1327.5,1843.8,0.788,0.973,1.0,1.2,2022,Metal Loss_7639.6,True,7639.587,7638.830000000001,METAL_LOSS,False,6.316666666666666,666,7613.48655918001
2170,40.098,0.344,13.537,26.562,7652.343,Metal Loss,External,30.0,0.103,45.0,GENE,20.0,,,,5.9,1.9,8:25,EXT ML,30,N,N,5.97,392.406,UNKN,,CMFL,1025,65000,E.R. WELD,24,1332.9,1851.2,1390.2,1930.8,0.769,0.993,1.0,1.2,2022,Metal Loss_7652.3,True,7652.343,7651.586,METAL_LOSS,False,8.416666666666666,667,7626.170027682178
2170,40.098,0.344,14.849,25.249,7653.655,Metal Loss,External,23.0,0.079,38.0,GENE,20.0,,,,1.8,1.8,8:28,EXT ML,30,N,N,5.97,391.942,UNKN,,CMFL,1025,65000,E.R. WELD,24,1511.4,2099.2,1503.3,2087.9,0.678,1.126,1.0,1.2,2022,Metal Loss_7653.7,True,7653.655,7652.898,METAL_LOSS,False,8.466666666666667,668,7627.4745675594795
2170,40.098,0.344,19.961,20.141,7658.763,Metal Loss,External,21.0,0.072,36.0,GENE,20.0,,,,2.0,1.5,7:03,EXT ML,30,N,N,5.97,390.134,UNKN,,CMFL,1025,65000,E.R. WELD,24,1507.7,2094.0,1498.9,2081.8,0.68,1.124,1.0,1.2,2022,Metal Loss_7658.8,True,7658.763,7658.006,METAL_LOSS,False,7.05,669,7632.55352311836
2170,40.098,0.344,20.732,19.367,7659.537,Metal Loss,External,25.0,0.086,40.0,PITT,20.0,,,,1.3,1.0,7:16,EXT ML,30,N,N,5.97,389.861,UNKN,,CMFL,1025,65000,E.R. WELD,24,1525.5,2118.7,1520.3,2111.5,0.672,1.137,0.6,1.2,2022,Metal Loss_7659.5,True,7659.537,7658.780000000001,METAL_LOSS,False,7.266666666666667,670,7633.323122100853
2170,40.098,0.344,21.22,18.878,7660.026,Metal Loss,External,26.0,0.089,41.0,GENE,20.0,,,,3.0,2.0,7:03,EXT ML,30,N,N,5.97,389.689,UNKN,,CMFL,1025,65000,E.R. WELD,24,1456.6,2023.0,1436.4,1995.0,0.704,1.085,1.0,1.2,2022,Metal Loss_7660.0,True,7660.026,7659.269,METAL_LOSS,False,7.05,671,7633.809341613048
2170,40.098,0.344,23.533,16.565,7662.339,Metal Loss,External,24.0,0.082,39.0,GENE,20.0,,,,1.7,1.7,7:37,EXT ML,30,N,N,5.97,388.87,UNKN,,CMFL,1025,65000,E.R. WELD,24,1510.3,2097.7,1501.8,2085.9,0.679,1.126,1.0,1.2,2022,Metal Loss_7662.3,True,7662.339,7661.582,METAL_LOSS,False,7.616666666666667,674,7636.109189735149
2170,40.098,0.344,23.914,16.184,7662.72,Metal Loss,External,28.0,0.096,43.0,GENE,20.0,,,,2.6,1.7,8:05,EXT ML,30,N,N,5.97,388.735,UNKN,,CMFL,1025,65000,E.R. WELD,24,1460.6,2028.6,1441.1,2001.5,0.702,1.089,1.0,1.2,2022,Metal Loss_7662.7,True,7662.72,7661.963000000001,METAL_LOSS,False,8.083333333333334,676,7636.48802334281
2170,40.098,0.344,24.304,15.794,7663.11,Metal Loss,External,47.0,0.161,62.0,GENE,15.0,,,,5.2,2.6,8:12,*EXT ML,30,Y,Y,5.97,388.597,UNKN,,CMFL,1025,65000,E.R. WELD,24,1211.0,1682.0,1353.8,1880.3,0.846,0.9,1.0,1.2,2022,Metal Loss_7663.1,True,7663.11,7662.353,METAL_LOSS,False,8.2,677,7636.875805775849
2170,40.098,0.344,24.872,15.226,7663.678,Metal Loss,External,41.0,0.141,56.0,GENE,20.0,,,,6.5,1.7,9:28,EXT ML,30,N,N,5.97,388.397,UNKN,,CMFL,1025,65000,E.R. WELD,24,1220.2,1694.7,1272.9,1767.9,0.84,0.908,1.0,1.2,2022,Metal Loss_7663.7,True,7663.678,7662.921,METAL_LOSS,False,9.466666666666667,678,7637.440576088583
2170,40.098,0.344,25.328,14.774,7664.131,Metal Loss,External,50.0,0.172,65.0,PITT,15.0,,,,0.7,1.1,8:27,*EXT ML,30,Y,Y,5.97,388.236,UNKN,,CMFL,1025,65000,E.R. WELD,24,1529.0,2123.6,1522.3,2114.4,0.67,1.14,0.4,1.0,2022,Metal Loss_7664.1,True,7664.131,7663.374000000001,METAL_LOSS,False,8.45,679,7637.891000299267
2170,40.098,0.344,25.81,14.288,7664.616,Metal Loss,External,28.0,0.096,43.0,GENE,20.0,,,,6.3,1.8,9:09,EXT ML,30,N,N,5.97,388.065,UNKN,,CMFL,1025,65000,E.R. WELD,24,1342.4,1864.5,1345.4,1868.7,0.764,0.998,1.0,1.2,2022,Metal Loss_7664.6,True,7664.616,7663.859,METAL_LOSS,False,9.15,680,7638.373242555738
2170,40.098,0.344,25.958,14.14,7664.764,Metal Loss,External,55.0,0.189,70.0,PITT,15.0,,,,0.8,1.3,8:27,*EXT ML,30,Y,Y,5.97,388.013,UNKN,,CMFL,1025,65000,E.R. WELD,24,1517.8,2108.1,1506.3,2092.1,0.675,1.131,0.4,1.0,2022,Metal Loss_7664.8,True,7664.764,7664.007,METAL_LOSS,False,8.45,681,7638.520401017507
2170,40.098,0.344,26.201,13.898,7665.007,Metal Loss,External,47.0,0.161,62.0,PITT,15.0,,,,1.0,1.3,8:27,*EXT ML,30,Y,Y,5.97,387.927,UNKN,,CMFL,1025,65000,E.R. WELD,24,1512.5,2100.8,1501.0,2084.8,0.678,1.128,0.4,1.0,2022,Metal Loss_7665.0,True,7665.007,7664.25,METAL_LOSS,False,8.45,682,7638.762019302708
2170,40.098,0.344,26.325,13.773,7665.131,Metal Loss,External,37.0,0.127,52.0,GENE,20.0,,,,10.6,3.5,10:02,EXT ML,30,N,N,5.97,387.882,UNKN,,CMFL,1025,65000,E.R. WELD,24,1186.0,1647.2,1258.4,1747.8,0.864,0.884,1.0,1.2,2022,Metal Loss_7665.1,True,7665.131,7664.374000000001,METAL_LOSS,False,10.033333333333333,683,7638.885314230136
2170,40.098,0.344,26.732,13.366,7665.538,Metal Loss,External,42.0,0.144,57.0,GENE,15.0,,,,1.3,1.3,8:32,*EXT ML,30,Y,Y,5.97,387.739,UNKN,,CMFL,1025,65000,E.R. WELD,24,1497.0,2079.2,1482.2,2058.6,0.685,1.116,0.8,1.0,2022,Metal Loss_7665.5,True,7665.538,7664.781,METAL_LOSS,False,8.533333333333333,684,7639.289999999999
2170,40.098,0.344,26.88,13.219,7665.686,Metal Loss,External,27.0,0.093,42.0,GENE,20.0,,,,2.8,2.5,9:30,EXT ML,30,N,N,5.97,387.686,UNKN,,CMFL,1025,65000,E.R. WELD,24,1457.3,2024.1,1445.8,2008.0,0.703,1.086,1.0,1.2,2022,Metal Loss_7665.7,True,7665.686,7664.929,METAL_LOSS,False,9.5,685,7639.437158461768
2170,40.098,0.344,27.277,12.822,7666.083,Metal Loss,External,41.0,0.141,56.0,PITT,15.0,,,,1.1,1.9,8:35,*EXT ML,30,Y,Y,5.97,387.546,UNKN,,CMFL,1025,65000,E.R. WELD,24,1512.9,2101.3,1502.8,2087.2,0.678,1.128,0.4,1.0,2022,Metal Loss_7666.1,True,7666.083,7665.326,METAL_LOSS,False,8.583333333333334,686,7639.831901092323
2170,40.098,0.344,27.697,12.402,7666.503,Metal Loss,External,27.0,0.093,42.0,GENE,20.0,,,,2.3,1.9,10:09,EXT ML,30,N,N,5.97,387.397,UNKN,,CMFL,1025,65000,E.R. WELD,24,1478.2,2053.0,1462.2,2030.8,0.694,1.102,1.0,1.2,2022,Metal Loss_7666.5,True,7666.503,7665.746,METAL_LOSS,False,10.15,687,7640.249512943288
2170,40.098,0.344,27.815,12.287,7666.617,Metal Loss,External,39.0,0.134,54.0,PITT,15.0,,,,0.9,1.5,8:28,*EXT ML,30,Y,Y,5.97,387.356,UNKN,,CMFL,1025,65000,E.R. WELD,24,1527.2,2121.1,1521.3,2112.9,0.671,1.138,0.4,1.0,2022,Metal Loss_7666.6,True,7666.617,7665.860000000001,METAL_LOSS,False,8.466666666666667,688,7640.362864731408
2170,40.098,0.344,28.281,11.818,7667.087,Metal Loss,External,44.0,0.151,59.0,PITT,15.0,,,,1.1,1.4,8:32,*EXT ML,30,Y,Y,5.97,387.191,UNKN,,CMFL,1025,65000,E.R. WELD,24,1506.2,2091.9,1493.4,2074.2,0.681,1.123,0.4,1.0,2022,Metal Loss_7667.1,True,7667.087,7666.330000000001,METAL_LOSS,False,8.533333333333333,689,7640.830192278917
2170,40.098,0.344,29.121,10.978,7667.927,Metal Loss,External,57.0,0.196,72.0,GENE,15.0,,,,1.3,1.7,8:28,*EXT ML,30,Y,Y,5.97,386.894,UNKN,,CMFL,1025,65000,E.R. WELD,24,1470.8,2042.7,1441.0,2001.4,0.697,1.097,0.8,1.0,2022,Metal Loss_7667.9,True,7667.927,7667.17,METAL_LOSS,False,8.466666666666667,690,7641.665415980847
2170,40.098,0.344,29.747,10.354,7668.55,Metal Loss,External,37.0,0.127,52.0,GENE,20.0,,,,7.1,1.7,8:27,EXT ML,30,N,N,5.97,386.673,UNKN,,CMFL,1025,65000,E.R. WELD,24,1244.4,1728.3,1265.2,1757.2,0.824,0.925,1.0,1.2,2022,Metal Loss_7668.6,True,7668.55,7667.793000000001,METAL_LOSS,False,8.45,691,7642.284873559778
2170,40.098,0.344,30.512,9.59,7669.314,Metal Loss,External,36.0,0.124,51.0,GENE,20.0,,,,6.0,2.5,8:26,EXT ML,30,N,N,5.97,386.403,UNKN,,CMFL,1025,65000,E.R. WELD,24,1275.4,1771.3,1255.8,1744.2,0.804,0.953,1.0,1.2,2022,Metal Loss_7669.3,True,7669.314,7668.557000000001,METAL_LOSS,False,8.433333333333334,693,7643.044529402962
2170,40.098,0.344,31.168,8.934,7669.97,Metal Loss,External,24.0,0.082,39.0,GENE,20.0,,,,1.7,1.5,7:37,EXT ML,30,N,N,5.97,386.17,UNKN,,CMFL,1025,65000,E.R. WELD,24,1509.7,2096.8,1501.0,2084.7,0.679,1.126,1.0,1.2,2022,Metal Loss_7670.0,True,7669.97,7669.213000000001,METAL_LOSS,False,7.616666666666667,694,7643.696799341613
2170,40.098,0.344,38.894,1.204,7677.7,Metal Loss,External,20.0,0.069,35.0,GENE,20.0,,,,3.9,1.8,6:44,EXT ML,30,N,N,5.97,383.437,UNKN,,CMFL,1025,65000,E.R. WELD,24,1452.8,2017.8,1433.4,1990.9,0.706,1.083,1.0,1.2,2022,Metal Loss_7677.7,True,7677.7,7676.943,METAL_LOSS,False,6.733333333333333,696,7651.3828460272325
2210,10.873,0.344,9.029,1.844,7808.832,Metal Loss,External,12.0,0.041,27.0,GENE,20.0,,,,3.5,3.7,5:54,EXT ML,3,N,N,5.97,337.797,12:20,34.976,CMFL,1025,65000,E.R. WELD,24,1499.7,2083.0,1490.4,2070.0,0.684,1.119,1.0,1.2,2022,Metal Loss_7808.8,True,7808.832,7808.075000000001,METAL_LOSS,False,5.9,703,7781.333116895062
2210,10.873,0.344,9.183,1.69,7808.986,Metal Loss,External,19.0,0.065,34.0,GENE,20.0,,,,5.5,3.7,3:57,EXT ML,3,N,N,5.97,337.743,12:20,22.829,CMFL,1025,65000,E.R. WELD,24,1423.5,1977.1,1398.9,1942.9,0.72,1.062,1.0,1.2,2022,Metal Loss_7809.0,True,7808.986,7808.229,METAL_LOSS,False,3.95,704,7781.487357674974
2210,10.873,0.344,9.281,1.591,7809.085,Metal Loss,External,16.0,0.055,31.0,GENE,20.0,,,,3.2,1.6,6:52,EXT ML,3,N,N,5.97,337.709,12:20,34.348,CMFL,1025,65000,E.R. WELD,24,1490.0,2069.4,1478.4,2053.3,0.688,1.111,1.0,1.2,2022,Metal Loss_7809.1,True,7809.085,7808.328,METAL_LOSS,False,6.866666666666667,705,7781.586512462062
2230,40.233,0.344,3.077,37.152,7853.806,Metal Loss,External,15.0,0.052,30.0,GENE,15.0,,,,1.3,1.8,4:02,*EXT ML ( NEAR SW ),6,Y,Y,5.97,322.281,03:52,1.047,CMFL,1025,65000,E.R. WELD,24,1535.0,2131.9,1532.3,2128.2,0.668,1.144,0.8,1.0,2022,Metal Loss_7853.8,True,7853.806,7853.049,METAL_LOSS,False,4.033333333333333,708,7826.183157109835
2230,40.233,0.344,3.924,36.309,7854.649,Metal Loss,External,25.0,0.086,40.0,CIGR,20.0,,,,0.7,1.7,4:01,*EXT ML ( NEAR SW ),6,Y,Y,5.97,321.991,03:52,1.047,CMFL,1025,65000,E.R. WELD,24,1540.3,2139.3,1538.5,2136.8,0.666,1.148,0.8,1.0,2022,Metal Loss_7854.6,True,7854.649,7853.892000000001,METAL_LOSS,False,4.016666666666667,709,7827.021275072701
2230,40.233,0.344,22.379,17.851,7873.107,Metal Loss,External,18.0,0.062,33.0,GENE,20.0,,,,7.9,2.0,3:55,EXT ML ( ON SW ),6,N,N,5.97,315.666,03:52,0.419,CMFL,1025,65000,E.R. WELD,24,1406.5,1953.5,1379.5,1916.0,0.729,1.045,1.0,1.2,2022,Metal Loss_7873.1,True,7873.107,7872.35,METAL_LOSS,False,3.9166666666666665,710,7845.372379887157
2230,40.233,0.344,24.908,15.325,7875.633,Metal Loss,External,10.0,0.034,25.0,GENE,20.0,,,,7.3,2.0,3:47,EXT ML ( ON SW ),6,N,N,5.97,314.799,03:52,0.419,CMFL,1025,65000,E.R. WELD,24,1471.0,2043.0,1456.7,2023.2,0.697,1.098,1.0,1.2,2022,Metal Loss_7875.6,True,7875.633,7874.876,METAL_LOSS,False,3.783333333333333,711,7847.883751149554
2230,40.233,0.344,25.768,14.465,7876.493,Metal Loss,External,16.0,0.055,31.0,GENE,20.0,,,,25.6,2.3,3:52,EXT ML ( ON SW ),6,N,N,5.97,314.504,03:52,0.209,CMFL,1025,65000,E.R. WELD,24,1366.4,1897.8,1358.7,1887.1,0.75,1.021,1.0,1.2,2022,Metal Loss_7876.5,True,7876.493,7875.736000000001,METAL_LOSS,False,3.8666666666666667,712,7848.738770660901
2230,40.233,0.344,30.623,9.61,7881.348,Metal Loss,External,13.0,0.044,28.0,GENE,20.0,,,,8.5,2.6,3:51,EXT ML ( ON SW ),6,N,N,5.97,312.84,03:52,0.0,CMFL,1025,65000,E.R. WELD,24,1443.9,2005.4,1426.0,1980.6,0.71,1.074,1.0,1.2,2022,Metal Loss_7881.3,True,7881.348,7880.591,METAL_LOSS,False,3.85,713,7853.565654065071
2320,40.003,0.344,27.684,12.32,8240.089,Dent,,,,,,,,,N,,,5:30,DENT,0,N,N,5.97,208.797,12:28,31.625,CMFL,1025,65000,E.R. WELD,24,,,,,,,,,2022,Dent_8240.1,True,8240.089,8239.332,DENT,False,5.5,725,8210.063480488963
2430,40.266,0.344,39.311,0.955,8678.304,Metal Loss,External,16.0,0.055,31.0,GENE,20.0,,,,1.8,2.3,5:44,EXT ML,3,N,N,5.97,119.03,10:04,27.227,CMFL,1025,65000,E.R. WELD,24,1522.1,2114.0,1516.7,2106.5,0.674,1.135,1.0,1.2,2022,Metal Loss_8678.3,True,8678.304,8677.547,METAL_LOSS,False,5.733333333333333,740,8646.373680524512
2430,40.266,0.344,39.37,0.896,8678.363,Metal Loss,External,23.0,0.079,38.0,GENE,20.0,,,,1.7,2.1,7:01,EXT ML,3,N,N,5.97,119.023,10:04,19.059,CMFL,1025,65000,E.R. WELD,24,1514.1,2102.9,1506.5,2092.4,0.677,1.128,1.0,1.2,2022,Metal Loss_8678.4,True,8678.363,8677.606,METAL_LOSS,False,7.016666666666667,741,8646.432144240798
2430,40.266,0.344,39.377,0.889,8678.369,Metal Loss,External,16.0,0.055,31.0,GENE,20.0,,,,2.3,1.9,4:49,EXT ML,3,N,N,5.97,119.022,10:04,32.882,CMFL,1025,65000,E.R. WELD,24,1511.0,2098.6,1503.4,2088.1,0.678,1.126,1.0,1.2,2022,Metal Loss_8678.4,True,8678.369,8677.612000000001,METAL_LOSS,False,4.816666666666666,742,8646.438089703472
2440,38.737,0.344,0.722,38.015,8679.98,Metal Loss,External,17.0,0.058,32.0,GENE,20.0,,,,2.5,2.0,4:07,EXT ML,2,N,N,5.97,118.84,03:48,2.094,CMFL,1025,65000,E.R. WELD,24,1502.6,2087.0,1493.3,2074.0,0.682,1.121,1.0,1.2,2022,Metal Loss_8680.0,True,8679.98,8679.223,METAL_LOSS,False,4.116666666666666,744,8648.04088832094
2440,38.737,0.344,0.814,37.927,8680.069,Metal Loss,External,26.0,0.089,41.0,GENE,20.0,,,,4.5,6.7,6:34,EXT ML,2,N,N,5.97,118.83,03:48,19.897,CMFL,1025,65000,E.R. WELD,24,1403.5,1949.3,1439.5,1999.4,0.73,1.045,1.0,1.2,2022,Metal Loss_8680.1,True,8680.069,8679.312,METAL_LOSS,False,6.566666666666666,745,8648.129874535316
2450,40.233,0.344,39.278,0.955,8757.274,Metal Loss,External,22.0,0.076,37.0,GENE,20.0,,,,4.2,2.6,7:03,EXT ML,2,N,N,5.97,113.802,02:36,27.646,CMFL,1025,65000,E.R. WELD,24,1436.0,1994.5,1414.1,1964.0,0.714,1.07,1.0,1.2,2022,Metal Loss_8757.3,True,8757.274,8756.517,METAL_LOSS,False,7.05,748,8725.02342181791
2570,40.236,0.344,16.03,24.203,9213.507,Metal Loss,External,12.0,0.041,27.0,GENE,20.0,,,,5.2,1.7,7:56,EXT ML ( ON SW ),3,N,N,5.97,71.239,08:00,0.419,CMFL,1025,65000,E.R. WELD,24,1478.0,2052.8,1464.8,2034.4,0.694,1.101,1.0,1.2,2022,Metal Loss_9213.5,True,9213.507,9212.75,METAL_LOSS,False,7.933333333333334,774,9179.199275967489
2570,40.236,0.344,18.747,21.486,9216.224,Metal Loss,External,12.0,0.041,27.0,GENE,20.0,,,,5.1,2.0,7:42,EXT ML ( NEAR SW ),3,N,N,5.97,70.469,08:00,1.885,CMFL,1025,65000,E.R. WELD,24,1475.9,2049.9,1462.2,2030.9,0.695,1.102,1.0,1.2,2022,Metal Loss_9216.2,True,9216.224,9215.467,METAL_LOSS,False,7.7,775,9181.895813884124
2570,40.236,0.344,20.604,19.629,9218.081,Metal Loss,External,13.0,0.044,28.0,GENE,20.0,,,,7.2,1.7,7:45,EXT ML ( NEAR SW ),3,N,N,5.97,69.943,08:00,1.466,CMFL,1025,65000,E.R. WELD,24,1447.0,2009.8,1428.1,1983.4,0.708,1.081,1.0,1.2,2022,Metal Loss_9218.1,True,9218.081,9217.324,METAL_LOSS,False,7.75,776,9183.73882857356
2640,40.223,0.344,26.358,13.865,9476.296,Metal Loss,External,20.0,0.069,35.0,GENE,20.0,,,,9.4,4.5,1:27,EXT ML,21,N,N,5.97,13.193,07:40,36.233,CMFL,1025,65000,E.R. WELD,24,1366.7,1898.2,1363.7,1894.1,0.75,1.022,1.0,1.2,2022,Metal Loss_9476.3,True,9476.296,9475.539,METAL_LOSS,False,1.45,789,9440.961186634513
2640,40.223,0.344,26.657,13.566,9476.594,Metal Loss,External,16.0,0.055,31.0,AXGR,20.0,,,,5.2,1.1,2:20,EXT ML,21,N,N,5.97,13.284,07:40,33.51,CMFL,1025,65000,E.R. WELD,24,1447.6,2010.6,1480.0,2055.6,0.708,1.081,1.0,1.2,2022,Metal Loss_9476.6,True,9476.594,9475.837,METAL_LOSS,False,2.3333333333333335,790,9441.25797901698
2640,40.223,0.344,27.425,12.799,9477.362,Metal Loss,External,18.0,0.062,33.0,GENE,20.0,,,,1.5,1.3,2:22,EXT ML,21,N,N,5.97,13.516,07:40,33.301,CMFL,1025,65000,E.R. WELD,24,1527.0,2120.8,1522.5,2114.6,0.671,1.138,1.0,1.2,2022,Metal Loss_9477.4,True,9477.362,9476.605,METAL_LOSS,False,2.3666666666666667,791,9442.02286676777
2640,40.223,0.344,27.526,12.697,9477.464,Metal Loss,External,23.0,0.079,38.0,GENE,20.0,,,,6.6,2.4,1:16,EXT ML,21,N,N,5.97,13.546,07:40,35.395,CMFL,1025,65000,E.R. WELD,24,1377.3,1912.9,1346.0,1869.4,0.744,1.026,1.0,1.2,2022,Metal Loss_9477.5,True,9477.464,9476.707,METAL_LOSS,False,1.2666666666666666,792,9442.124453422171
2640,40.223,0.344,28.061,12.162,9477.999,Metal Loss,External,19.0,0.065,34.0,GENE,20.0,,,,3.6,3.3,9:03,EXT ML,21,N,N,5.97,13.708,07:40,8.796,CMFL,1025,65000,E.R. WELD,24,1466.9,2037.3,1450.3,2014.3,0.699,1.093,1.0,1.2,2022,Metal Loss_9478.0,True,9477.999,9477.242,METAL_LOSS,False,9.05,793,9442.657285383984
2640,40.223,0.344,28.117,12.106,9478.054,Metal Loss,External,14.0,0.048,29.0,AXGR,20.0,,,,4.1,1.1,2:20,EXT ML,21,N,N,5.97,13.725,07:40,33.51,CMFL,1025,65000,E.R. WELD,24,1482.4,2058.8,1469.6,2041.1,0.692,1.104,1.0,1.2,2022,Metal Loss_9478.1,True,9478.054,9477.297,METAL_LOSS,False,2.3333333333333335,794,9442.712062501554
2640,40.223,0.344,28.586,11.637,9478.524,Metal Loss,External,19.0,0.065,34.0,GENE,20.0,,,,4.9,2.1,1:13,EXT ML,21,N,N,5.97,13.866,07:40,34.976,CMFL,1025,65000,E.R. WELD,24,1440.3,2000.4,1425.4,1979.8,0.712,1.071,1.0,1.2,2022,Metal Loss_9478.5,True,9478.524,9477.767,METAL_LOSS,False,1.2166666666666668,795,9443.180157869874
2640,40.223,0.344,28.602,11.621,9478.54,Metal Loss,External,19.0,0.065,34.0,GENE,20.0,,,,6.1,3.1,7:38,EXT ML ( ON SW ),21,N,N,5.97,13.871,07:40,0.628,CMFL,1025,65000,E.R. WELD,24,1418.7,1970.4,1399.0,1943.0,0.723,1.055,1.0,1.2,2022,Metal Loss_9478.5,True,9478.54,9477.783,METAL_LOSS,False,7.633333333333333,796,9443.19609303135
2640,40.223,0.344,28.74,11.483,9478.678,Metal Loss,External,20.0,0.069,35.0,GENE,20.0,,,,4.1,2.2,2:20,EXT ML,21,N,N,5.97,13.913,07:40,33.51,CMFL,1025,65000,E.R. WELD,24,1447.0,2009.7,1426.4,1981.1,0.708,1.08,1.0,1.2,2022,Metal Loss_9478.7,True,9478.678,9477.921,METAL_LOSS,False,2.3333333333333335,797,9443.33353379907
2640,40.223,0.344,29.636,10.587,9479.573,Metal Loss,External,21.0,0.072,36.0,GENE,20.0,,,,5.7,3.0,7:46,EXT ML ( ON SW ),21,N,N,5.97,14.184,07:40,1.466,CMFL,1025,65000,E.R. WELD,24,1405.9,1952.6,1390.9,1931.8,0.729,1.05,1.0,1.2,2022,Metal Loss_9479.6,True,9479.573,9478.816,METAL_LOSS,False,7.766666666666667,798,9444.224906894065
2640,40.223,0.344,30.318,9.905,9480.256,Metal Loss,External,26.0,0.089,41.0,GENE,20.0,,,,4.9,4.1,7:38,EXT ML ( ON SW ),21,N,N,5.97,14.391,07:40,0.419,CMFL,1025,65000,E.R. WELD,24,1386.8,1926.1,1362.2,1891.9,0.739,1.035,1.0,1.2,2022,Metal Loss_9480.3,True,9480.256,9479.499,METAL_LOSS,False,7.633333333333333,799,9444.90513909952
2640,40.223,0.344,31.001,9.222,9480.938,Metal Loss,External,21.0,0.072,36.0,GENE,20.0,,,,1.3,1.4,7:34,EXT ML ( ON SW ),21,N,N,5.97,14.596,07:40,0.628,CMFL,1025,65000,E.R. WELD,24,1529.1,2123.7,1524.9,2117.9,0.67,1.139,1.0,1.2,2022,Metal Loss_9480.9,True,9480.938,9480.181,METAL_LOSS,False,7.566666666666666,800,9445.584375357383
2640,40.223,0.344,31.371,8.852,9481.309,Metal Loss,External,23.0,0.079,38.0,GENE,20.0,,,,2.3,1.4,7:45,EXT ML ( ON SW ),21,N,N,5.97,14.709,07:40,0.628,CMFL,1025,65000,E.R. WELD,24,1491.1,2070.9,1478.6,2053.6,0.688,1.111,1.0,1.2,2022,Metal Loss_9481.3,True,9481.309,9480.552,METAL_LOSS,False,7.75,801,9445.953871914078
2640,40.223,0.344,31.847,8.373,9481.788,Metal Loss,External,18.0,0.062,33.0,GENE,20.0,,,,1.7,1.3,7:30,EXT ML ( NEAR SW ),21,N,N,5.97,14.853,07:40,1.047,CMFL,1025,65000,E.R. WELD,24,1524.0,2116.6,1518.9,2109.6,0.673,1.135,1.0,1.2,2022,Metal Loss_9481.8,True,9481.788,9481.031,METAL_LOSS,False,7.5,803,9446.430930810731
2640,40.223,0.344,32.323,7.9,9482.26,Metal Loss,External,25.0,0.086,40.0,GENE,20.0,,,,4.8,1.8,7:44,EXT ML ( ON SW ),21,N,N,5.97,14.996,07:40,0.628,CMFL,1025,65000,E.R. WELD,24,1401.0,1945.9,1380.0,1916.6,0.732,1.044,1.0,1.2,2022,Metal Loss_9482.3,True,9482.26,9481.503,METAL_LOSS,False,7.733333333333333,804,9446.901018074237
2640,40.223,0.344,33.228,6.995,9483.166,Metal Loss,External,25.0,0.086,40.0,GENE,20.0,,,,4.5,2.2,7:55,EXT ML ( NEAR SW ),21,N,N,5.97,15.27,07:40,1.676,CMFL,1025,65000,E.R. WELD,24,1408.8,1956.7,1379.7,1916.2,0.728,1.049,1.0,1.2,2022,Metal Loss_9483.2,True,9483.166,9482.409,METAL_LOSS,False,7.916666666666667,805,9447.803346592746
2640,40.223,0.344,33.901,6.319,9483.842,Metal Loss,External,29.0,0.1,44.0,GENE,20.0,,,,2.8,2.0,7:47,EXT ML ( ON SW ),21,N,N,5.97,15.474,07:40,0.838,CMFL,1025,65000,E.R. WELD,24,1449.8,2013.7,1427.2,1982.2,0.707,1.082,1.0,1.2,2022,Metal Loss_9483.8,True,9483.842,9483.085,METAL_LOSS,False,7.783333333333333,806,9448.476607165056
2640,40.223,0.344,34.514,5.709,9484.452,Metal Loss,External,28.0,0.096,43.0,GENE,20.0,,,,1.4,1.6,7:45,EXT ML ( ON SW ),21,N,N,5.97,15.659,07:40,0.628,CMFL,1025,65000,E.R. WELD,24,1515.9,2105.4,1508.3,2094.8,0.676,1.13,1.0,1.2,2022,Metal Loss_9484.5,True,9484.452,9483.695,METAL_LOSS,False,7.75,807,9449.08413519628
2640,40.223,0.344,35.23,4.993,9485.167,Metal Loss,External,29.0,0.1,44.0,GENE,20.0,,,,2.2,1.9,7:35,EXT ML ( ON SW ),21,N,N,5.97,15.875,07:40,0.419,CMFL,1025,65000,E.R. WELD,24,1480.0,2055.5,1464.0,2033.4,0.693,1.103,1.0,1.2,2022,Metal Loss_9485.2,True,9485.167,9484.41,METAL_LOSS,False,7.583333333333333,808,9449.796237724684
2640,40.223,0.344,35.623,4.6,9485.561,Metal Loss,External,50.0,0.172,65.0,GENE,15.0,,,,1.4,1.6,4:48,*EXT ML,21,Y,Y,5.97,15.994,07:40,18.012,CMFL,1025,65000,E.R. WELD,24,1476.9,2051.3,1453.4,2018.6,0.694,1.101,0.8,1.0,2022,Metal Loss_9485.6,True,9485.561,9484.804,METAL_LOSS,False,4.8,809,9450.188641076002
2640,40.223,0.344,35.774,4.446,9485.715,Metal Loss,External,36.0,0.124,51.0,GENE,15.0,,,,2.2,3.1,5:32,*EXT ML,21,Y,Y,5.97,16.04,07:40,13.404,CMFL,1025,65000,E.R. WELD,24,1458.8,2026.1,1436.1,1994.6,0.703,1.086,0.8,1.0,2022,Metal Loss_9485.7,True,9485.715,9484.958,METAL_LOSS,False,5.533333333333333,810,9450.342017005196
2830,40.486,0.344,39.308,1.175,10147.329,Metal Loss,External,22.0,0.076,37.0,GENE,20.0,,,,3.5,5.0,6:13,EXT ML,2,N,N,5.97,180.59,11:32,35.186,CMFL,1025,65000,E.R. WELD,24,1453.0,2018.1,1448.6,2012.0,0.706,1.084,1.0,1.2,2022,Metal Loss_10147.3,True,10147.329,10146.572,METAL_LOSS,False,6.216666666666667,847,10109.312024109478
2830,40.486,0.344,39.436,1.047,10147.457,Metal Loss,External,24.0,0.082,39.0,GENE,20.0,,,,3.9,5.0,4:55,EXT ML,2,N,N,5.97,180.584,11:32,32.463,CMFL,1025,65000,E.R. WELD,24,1428.3,1983.7,1430.3,1986.6,0.718,1.066,1.0,1.2,2022,Metal Loss_10147.5,True,10147.457,10146.7,METAL_LOSS,False,4.916666666666667,848,10109.439258929893
2840,13.461,0.344,5.013,8.451,10153.517,Metal Loss,External,14.0,0.048,29.0,GENE,20.0,,,,4.3,1.7,11:57,EXT ML ( ON SW ),2,N,N,5.97,180.177,11:56,0.209,CMFL,1025,65000,E.R. WELD,24,1479.9,2055.4,1466.7,2037.1,0.693,1.102,1.0,1.2,2022,Metal Loss_10153.5,True,10153.517,10152.76,METAL_LOSS,False,11.95,850,10115.483692536205
2840,13.461,0.344,11.906,1.558,10160.41,Metal Loss,External,13.0,0.044,28.0,GENE,20.0,,,,14.6,3.0,11:42,EXT ML ( ON SW ),2,N,N,5.97,179.568,11:56,1.466,CMFL,1025,65000,E.R. WELD,24,1416.5,1967.4,1392.5,1934.0,0.724,1.056,1.0,1.2,2022,Metal Loss_10160.4,True,10160.41,10159.653,METAL_LOSS,False,11.7,851,10122.363894541404
2850,40.049,0.344,15.587,24.459,10177.556,Metal Loss,External,17.0,0.058,32.0,CIGR,25.0,,,,0.6,1.3,11:51,EXT ML,4,N,N,5.97,177.955,12:20,2.932,CMFL,1025,65000,E.R. WELD,24,1544.6,2145.3,1543.9,2144.3,0.664,1.151,1.0,1.2,2022,Metal Loss_10177.6,True,10177.556,10176.799,METAL_LOSS,False,11.85,853,10139.481699587965
2850,40.049,0.344,16.089,23.96,10178.054,Metal Loss,External,16.0,0.055,31.0,PITT,20.0,,,,0.6,1.0,11:20,EXT ML,4,N,N,5.97,177.907,12:20,6.283,CMFL,1025,65000,E.R. WELD,24,1544.4,2145.0,1543.6,2143.9,0.664,1.151,0.6,1.2,2022,Metal Loss_10178.1,True,10178.054,10177.297,METAL_LOSS,False,11.333333333333334,854,10139.978891247347
2850,40.049,0.344,19.147,20.899,10181.115,Metal Loss,External,13.0,0.044,28.0,GENE,20.0,,,,6.0,1.3,12:25,EXT ML ( ON SW ),4,N,N,5.97,177.613,12:20,0.628,CMFL,1025,65000,E.R. WELD,24,1463.5,2032.6,1447.5,2010.4,0.7,1.089,1.0,1.2,2022,Metal Loss_10181.1,True,10181.115,10180.358,METAL_LOSS,False,12.416666666666666,855,10143.03492271195
2850,40.049,0.344,20.554,19.495,10182.52,Metal Loss,External,17.0,0.058,32.0,AXGR,20.0,,,,3.7,0.9,12:24,EXT ML ( ON SW ),4,N,N,5.97,177.478,12:20,0.419,CMFL,1025,65000,E.R. WELD,24,1474.1,2047.3,1459.2,2026.7,0.695,1.098,1.0,1.2,2022,Metal Loss_10182.5,True,10182.52,10181.763,METAL_LOSS,False,12.4,856,10144.43764215258
2860,40.486,0.344,39.596,0.892,10241.611,Metal Loss,External,17.0,0.058,32.0,GENE,20.0,,,,3.4,2.1,5:25,EXT ML,4,N,N,5.97,173.006,11:00,34.976,CMFL,1025,65000,E.R. WELD,24,1479.1,2054.3,1465.1,2034.9,0.693,1.104,1.0,1.2,2022,Metal Loss_10241.6,True,10241.611,10240.854,METAL_LOSS,False,5.416666666666667,860,10203.057891773075
2860,40.486,0.344,40.069,0.42,10242.083,Metal Loss,External,18.0,0.062,33.0,GENE,20.0,,,,2.3,3.4,5:29,EXT ML,4,N,N,5.97,172.976,11:00,34.558,CMFL,1025,65000,E.R. WELD,24,1507.1,2093.2,1498.6,2081.4,0.68,1.123,1.0,1.2,2022,Metal Loss_10242.1,True,10242.083,10241.326,METAL_LOSS,False,5.483333333333333,861,10203.524657561313
2860,40.486,0.344,40.469,0.016,10242.487,Metal Loss,External,14.0,0.048,29.0,GENE,20.0,,,,5.2,1.7,5:18,EXT ML ( ON GW ),4,N,N,5.97,172.95,11:00,35.814,CMFL,1025,65000,E.R. WELD,24,1461.8,2030.2,1445.2,2007.2,0.701,1.091,1.0,1.2,2022,Metal Loss_10242.5,True,10242.487,10241.73,METAL_LOSS,False,5.3,862,10203.924177430907
2920,40.213,0.344,3.832,36.381,10427.72,Metal Loss,External,16.0,0.055,31.0,GENE,20.0,,,,2.9,1.2,7:52,EXT ML,8,N,N,5.97,170.091,08:08,1.676,CMFL,1025,65000,E.R. WELD,24,1497.2,2079.5,1487.0,2065.3,0.685,1.115,1.0,1.2,2022,Metal Loss_10427.7,True,10427.72,10426.963,METAL_LOSS,False,7.866666666666667,870,10388.362173426502
2920,40.213,0.344,4.99,35.22,10428.881,Metal Loss,External,11.0,0.038,26.0,GENE,20.0,,,,7.1,2.2,7:42,EXT ML,8,N,N,5.97,170.057,08:08,2.723,CMFL,1025,65000,E.R. WELD,24,1464.9,2034.5,1449.4,2013.0,0.7,1.093,1.0,1.2,2022,Metal Loss_10428.9,True,10428.881,10428.124,METAL_LOSS,False,7.7,871,10389.514136721953
2920,40.213,0.344,36.952,3.258,10460.843,Metal Loss,External,11.0,0.038,26.0,GENE,20.0,,,,10.1,3.5,7:56,EXT ML ( ON SW ),8,N,N,5.97,169.127,08:08,1.257,CMFL,1025,65000,E.R. WELD,24,1449.0,2012.6,1430.9,1987.3,0.707,1.081,1.0,1.2,2022,Metal Loss_10460.8,True,10460.843,10460.086,METAL_LOSS,False,7.933333333333334,873,10421.227358814313
2920,40.213,0.344,38.57,1.644,10462.457,Metal Loss,External,14.0,0.048,29.0,GENE,20.0,,,,3.3,1.3,8:17,EXT ML ( NEAR SW ),8,N,N,5.97,169.08,08:08,1.047,CMFL,1025,65000,E.R. WELD,24,1495.0,2076.4,1484.6,2061.9,0.686,1.114,1.0,1.2,2022,Metal Loss_10462.5,True,10462.457,10461.7,METAL_LOSS,False,8.283333333333333,874,10422.828796160444
2920,40.213,0.344,39.265,0.948,10463.153,Metal Loss,External,13.0,0.044,28.0,GENE,20.0,,,,3.7,2.9,6:53,EXT ML,8,N,N,5.97,169.06,08:08,7.54,CMFL,1025,65000,E.R. WELD,24,1493.0,2073.6,1483.1,2059.9,0.687,1.113,1.0,1.2,2022,Metal Loss_10463.2,True,10463.153,10462.396,METAL_LOSS,False,6.883333333333333,875,10423.519378807847
2920,40.213,0.344,39.514,0.699,10463.402,Metal Loss,External,12.0,0.041,27.0,GENE,20.0,,,,5.3,3.7,4:48,EXT ML,8,N,N,5.97,169.053,08:08,20.944,CMFL,1025,65000,E.R. WELD,24,1474.6,2048.0,1460.7,2028.7,0.695,1.1,1.0,1.2,2022,Metal Loss_10463.4,True,10463.402,10462.645,METAL_LOSS,False,4.8,876,10423.766440703253
2950,40.026,0.344,0.705,39.321,10545.079,Metal Loss,External,15.0,0.052,30.0,GENE,20.0,,,,2.6,1.6,6:14,EXT ML,5,N,N,5.97,162.591,09:48,22.41,CMFL,1025,65000,E.R. WELD,24,1506.1,2091.8,1497.6,2080.1,0.681,1.123,1.0,1.2,2022,Metal Loss_10545.1,True,10545.079,10544.322,METAL_LOSS,False,6.233333333333333,883,10505.115700152397
2960,40.397,0.344,39.567,0.833,10623.963,Metal Loss,External,27.0,0.093,42.0,GENE,20.0,,,,2.2,2.9,3:59,EXT ML,3,N,N,5.97,153.62,08:28,28.693,CMFL,1025,65000,E.R. WELD,24,1482.6,2059.2,1467.7,2038.5,0.691,1.105,1.0,1.2,2022,Metal Loss_10624.0,True,10623.963,10623.206,METAL_LOSS,False,3.9833333333333334,894,10583.59419610367
2980,40.266,0.344,4.094,36.171,10668.829,Metal Loss,External,11.0,0.038,26.0,GENE,20.0,,,,9.0,3.2,11:34,EXT ML ( NEAR SW ),1,N,N,5.97,153.194,11:16,1.885,CMFL,1025,65000,E.R. WELD,24,1456.2,2022.5,1439.6,1999.5,0.704,1.085,1.0,1.2,2022,Metal Loss_10668.8,True,10668.829,10668.072,METAL_LOSS,False,11.566666666666666,901,10628.46879526151
3010,19.708,0.344,0.833,18.871,10784.829,Metal Loss,External,15.0,0.052,30.0,GENE,20.0,,,,4.1,2.3,3:51,EXT ML,2,N,N,5.97,153.201,04:48,5.655,CMFL,1025,65000,E.R. WELD,24,1475.7,2049.6,1462.2,2030.8,0.695,1.1,1.0,1.2,2022,Metal Loss_10784.8,True,10784.829,10784.072,METAL_LOSS,False,3.85,906,10743.817357418306
3020,40.476,0.344,9.885,30.587,10813.586,Metal Loss,External,10.0,0.034,25.0,GENE,20.0,,,,13.0,3.6,4:08,EXT ML,2,N,N,5.97,153.514,02:56,7.54,CMFL,1025,65000,E.R. WELD,24,1448.3,2011.5,1436.9,1995.8,0.708,1.082,1.0,1.2,2022,Metal Loss_10813.6,True,10813.586,10812.829,METAL_LOSS,False,4.133333333333334,908,10772.52146891678
3020,40.476,0.344,14.843,25.633,10818.54,Metal Loss,External,10.0,0.034,25.0,GENE,20.0,,,,4.6,1.5,4:31,EXT ML,2,N,N,5.97,154.06,02:56,10.472,CMFL,1025,65000,E.R. WELD,24,1494.7,2075.9,1484.9,2062.3,0.686,1.115,1.0,1.2,2022,Metal Loss_10818.5,True,10818.54,10817.783,METAL_LOSS,False,4.516666666666667,909,10777.433606196877
3030,40.059,0.344,14.022,26.037,10858.196,Metal Loss,External,12.0,0.041,27.0,GENE,20.0,,,,3.3,1.5,8:41,EXT ML ( NEAR SW ),2,N,N,5.97,159.427,08:52,1.047,CMFL,1025,65000,E.R. WELD,24,1502.5,2086.9,1493.7,2074.6,0.682,1.121,1.0,1.2,2022,Metal Loss_10858.2,True,10858.196,10857.439,METAL_LOSS,False,8.683333333333334,911,10816.845345365586
3030,40.059,0.344,15.249,24.806,10859.426,Metal Loss,External,12.0,0.041,27.0,GENE,20.0,,,,5.3,1.2,8:49,EXT ML ( ON SW ),2,N,N,5.97,159.669,08:52,0.209,CMFL,1025,65000,E.R. WELD,24,1474.3,2047.7,1460.3,2028.3,0.695,1.1,1.0,1.2,2022,Metal Loss_10859.4,True,10859.426,10858.669,METAL_LOSS,False,8.816666666666666,912,10818.072919693452
3140,40.18,0.344,39.38,0.801,11324.531,Metal Loss,External,14.0,0.048,29.0,GENE,20.0,,,,5.6,3.8,5:51,EXT ML,1,N,N,5.97,193.373,02:36,19.687,CMFL,1025,65000,E.R. WELD,24,1457.2,2023.9,1457.8,2024.8,0.704,1.087,1.0,1.2,2022,Metal Loss_11324.5,True,11324.531,11323.774,METAL_LOSS,False,5.85,927,11281.42537580886
3150,40.013,0.344,11.752,28.261,11337.087,Metal Loss,External,11.0,0.038,26.0,GENE,20.0,,,,14.1,5.2,11:14,EXT ML ( ON SW ),1,N,N,5.97,194.965,10:56,2.932,CMFL,1025,65000,E.R. WELD,24,1443.5,2004.8,1434.3,1992.1,0.71,1.073,1.0,1.2,2022,Metal Loss_11337.1,True,11337.087,11336.33,METAL_LOSS,False,11.233333333333333,929,11293.968068071068
3190,40.069,0.344,0.571,39.501,11486.476,Metal Loss,External,13.0,0.044,28.0,GENE,20.0,,,,10.1,2.7,8:03,EXT ML ( ON SW ),5,N,N,5.97,208.874,07:56,0.838,CMFL,1025,65000,E.R. WELD,24,1429.9,1985.9,1408.0,1955.6,0.717,1.068,1.0,1.2,2022,Metal Loss_11486.5,True,11486.476,11485.719,METAL_LOSS,False,8.05,935,11442.674750056154
3190,40.069,0.344,14.485,25.587,11500.39,Metal Loss,External,18.0,0.062,33.0,GENE,20.0,,,,2.4,1.8,7:48,EXT ML ( ON SW ),5,N,N,5.97,209.262,07:56,0.838,CMFL,1025,65000,E.R. WELD,24,1503.3,2087.9,1494.0,2075.0,0.682,1.12,1.0,1.2,2022,Metal Loss_11500.4,True,11500.39,11499.633,METAL_LOSS,False,7.8,936,11456.53353714842
3190,40.069,0.344,19.741,20.328,11505.65,Metal Loss,External,11.0,0.038,26.0,GENE,20.0,,,,6.1,1.9,8:05,EXT ML ( ON SW ),5,N,N,5.97,209.395,07:56,1.047,CMFL,1025,65000,E.R. WELD,24,1476.3,2050.4,1462.9,2031.8,0.694,1.099,1.0,1.2,2022,Metal Loss_11505.6,True,11505.65,11504.893,METAL_LOSS,False,8.083333333333334,937,11461.772664653474
3190,40.069,0.344,26.991,13.077,11512.9,Metal Loss,External,13.0,0.044,28.0,AXGR,20.0,,,,2.5,0.7,8:40,EXT ML,5,N,N,5.97,209.577,07:56,4.608,CMFL,1025,65000,E.R. WELD,24,1515.9,2105.5,1509.6,2096.7,0.676,1.129,1.0,1.2,2022,Metal Loss_11512.9,True,11512.9,11512.143,METAL_LOSS,False,8.666666666666666,938,11468.993895530211
3190,40.069,0.344,28.727,11.345,11514.633,Metal Loss,External,13.0,0.044,28.0,GENE,20.0,,,,3.6,1.9,8:47,EXT ML,5,N,N,5.97,209.621,07:56,5.445,CMFL,1025,65000,E.R. WELD,24,1493.8,2074.7,1483.2,2060.1,0.686,1.114,1.0,1.2,2022,Metal Loss_11514.6,True,11514.633,11513.876,METAL_LOSS,False,8.783333333333333,939,11470.720018717713
3250,39.993,0.344,0.394,39.6,11726.316,Metal Loss,External,12.0,0.041,27.0,GENE,20.0,,,,12.5,2.4,3:40,EXT ML ( ON SW ),3,N,N,5.97,222.615,03:40,0.0,CMFL,1025,65000,E.R. WELD,24,1430.6,1986.9,1409.1,1957.0,0.717,1.068,1.0,1.2,2022,Metal Loss_11726.3,True,11726.316,11725.559,METAL_LOSS,False,3.6666666666666665,947,11681.356245624562
3250,39.993,0.344,2.182,37.812,11728.104,Metal Loss,External,11.0,0.038,26.0,GENE,20.0,,,,20.1,2.0,3:36,EXT ML ( ON SW ),3,N,N,5.97,222.602,03:40,0.209,CMFL,1025,65000,E.R. WELD,24,1427.3,1982.3,1421.7,1974.6,0.718,1.066,1.0,1.2,2022,Metal Loss_11728.1,True,11728.104,11727.347,METAL_LOSS,False,3.6,948,11683.140848084808
3250,39.993,0.344,17.884,22.11,11743.806,Metal Loss,External,13.0,0.044,28.0,GENE,20.0,,,,9.8,3.4,3:20,EXT ML ( NEAR SW ),3,N,N,5.97,221.896,03:40,2.094,CMFL,1025,65000,E.R. WELD,24,1432.5,1989.6,1411.1,1959.9,0.716,1.068,1.0,1.2,2022,Metal Loss_11743.8,True,11743.806,11743.049,METAL_LOSS,False,3.3333333333333335,950,11698.81301130113
3260,40.236,0.344,14.131,26.106,11780.043,Metal Loss,External,12.0,0.041,27.0,GENE,20.0,,,,4.1,4.4,6:06,EXT ML,1,N,N,5.97,220.012,02:00,25.761,CMFL,1025,65000,E.R. WELD,24,1492.5,2072.9,1481.9,2058.2,0.687,1.112,1.0,1.2,2022,Metal Loss_11780.0,True,11780.043,11779.286,METAL_LOSS,False,6.1,952,11734.905111724205
3300,40.223,0.344,19.281,20.945,11945.869,Metal Loss,External,13.0,0.044,28.0,GENE,20.0,,,,10.4,3.0,2:18,EXT ML ( ON SW ),1,N,N,5.97,234.594,02:24,0.0,CMFL,1025,65000,E.R. WELD,24,1426.6,1981.4,1425.4,1979.7,0.719,1.067,1.0,1.2,2022,Metal Loss_11945.9,True,11945.869,11945.112,METAL_LOSS,False,2.3,958,11899.89184706409
3350,39.97,0.344,14.114,25.86,12141.325,Metal Loss,External,11.0,0.038,26.0,GENE,20.0,,,,4.8,1.6,6:33,EXT ML ( NEAR SW ),4,N,N,5.97,247.181,06:48,1.466,CMFL,1025,65000,E.R. WELD,24,1485.1,2062.6,1473.2,2046.1,0.69,1.109,1.0,1.2,2022,Metal Loss_12141.3,True,12141.325,12140.568,METAL_LOSS,False,6.55,969,12094.65293970478
3350,39.97,0.344,15.102,24.872,12142.313,Metal Loss,External,11.0,0.038,26.0,GENE,20.0,,,,2.8,3.6,6:37,EXT ML ( ON SW ),4,N,N,5.97,247.228,06:48,1.047,CMFL,1025,65000,E.R. WELD,24,1515.0,2104.1,1508.6,2095.2,0.677,1.13,1.0,1.2,2022,Metal Loss_12142.3,True,12142.313,12141.556,METAL_LOSS,False,6.616666666666667,970,12095.640445334
3350,39.97,0.344,19.193,20.778,12146.407,Metal Loss,External,10.0,0.034,25.0,GENE,20.0,,,,5.1,1.6,6:48,EXT ML ( ON SW ),4,N,N,5.97,247.426,06:48,0.0,CMFL,1025,65000,E.R. WELD,24,1488.2,2067.0,1477.0,2051.4,0.689,1.111,1.0,1.2,2022,Metal Loss_12146.4,True,12146.407,12145.65,METAL_LOSS,False,6.8,971,12099.732396797597
3350,39.97,0.344,35.459,4.511,12162.674,Metal Loss,External,16.0,0.055,31.0,GENE,20.0,,,,5.5,3.4,6:53,EXT ML ( ON SW ),4,N,N,5.97,248.212,06:48,0.628,CMFL,1025,65000,E.R. WELD,24,1446.8,2009.4,1427.2,1982.2,0.709,1.078,1.0,1.2,2022,Metal Loss_12162.7,True,12162.674,12161.917,METAL_LOSS,False,6.883333333333333,972,12115.991257192896
3380,40.322,0.344,16.768,23.553,12264.18,Metal Loss,External,15.0,0.052,30.0,GENE,20.0,,,,2.2,1.7,6:42,EXT ML,2,N,N,5.97,255.977,11:20,29.112,CMFL,1025,65000,E.R. WELD,24,1517.1,2107.0,1510.8,2098.3,0.676,1.131,1.0,1.2,2022,Metal Loss_12264.2,True,12264.18,12263.423,METAL_LOSS,False,6.7,979,12217.00181737017
3380,40.322,0.344,39.455,0.866,12286.867,Metal Loss,External,12.0,0.041,27.0,GENE,20.0,,,,10.5,3.4,2:02,EXT ML ( ON GW ),2,N,N,5.97,257.086,11:20,17.174,CMFL,1025,65000,E.R. WELD,24,1440.8,2001.1,1423.3,1976.8,0.712,1.073,1.0,1.2,2022,Metal Loss_12286.9,True,12286.867,12286.11,METAL_LOSS,False,2.033333333333333,980,12239.462633797926
3420,33.694,0.344,4.154,29.541,12412.49,Metal Loss,External,12.0,0.041,27.0,GENE,20.0,,,,17.0,2.3,4:25,EXT ML ( NEAR SW ),8,N,N,5.97,275.077,04:08,1.885,CMFL,1025,65000,E.R. WELD,24,1421.0,1973.6,1397.9,1941.5,0.721,1.061,1.0,1.2,2022,Metal Loss_12412.5,True,12412.49,12411.733,METAL_LOSS,False,4.416666666666667,987,12364.349088264973
3420,33.694,0.344,8.058,25.636,12416.394,Metal Loss,External,12.0,0.041,27.0,GENE,20.0,,,,9.7,3.7,4:16,EXT ML ( ON SW ),8,N,N,5.97,275.896,04:08,1.676,CMFL,1025,65000,E.R. WELD,24,1445.6,2007.8,1427.8,1983.1,0.709,1.076,1.0,1.2,2022,Metal Loss_12416.4,True,12416.394,12415.637,METAL_LOSS,False,4.266666666666667,988,12368.230610197661
3420,33.694,0.344,9.308,24.386,12417.644,Metal Loss,External,13.0,0.044,28.0,GENE,20.0,,,,10.2,4.2,4:15,EXT ML ( ON SW ),8,N,N,5.97,276.159,04:08,1.885,CMFL,1025,65000,E.R. WELD,24,1429.5,1985.4,1409.1,1957.1,0.717,1.067,1.0,1.2,2022,Metal Loss_12417.6,True,12417.644,12416.887,METAL_LOSS,False,4.25,989,12369.473413070576
3420,33.694,0.344,12.923,20.771,12421.26,Metal Loss,External,13.0,0.044,28.0,GENE,20.0,,,,8.9,2.8,4:17,EXT ML ( ON SW ),8,N,N,5.97,276.917,04:08,1.047,CMFL,1025,65000,E.R. WELD,24,1441.4,2002.0,1421.7,1974.5,0.711,1.072,1.0,1.2,2022,Metal Loss_12421.3,True,12421.26,12420.503,METAL_LOSS,False,4.283333333333333,990,12373.068593221344
3420,33.694,0.344,20.738,12.956,12429.075,Metal Loss,External,16.0,0.055,31.0,GENE,20.0,,,,12.4,5.9,4:18,EXT ML ( ON SW ),8,N,N,5.97,278.557,04:08,2.932,CMFL,1025,65000,E.R. WELD,24,1392.8,1934.4,1398.0,1941.6,0.736,1.038,1.0,1.2,2022,Metal Loss_12429.1,True,12429.075,12428.318,METAL_LOSS,False,4.3,992,12380.838596782809
3420,33.694,0.344,23.35,10.344,12431.686,Metal Loss,External,12.0,0.041,27.0,GENE,20.0,,,,10.1,6.5,4:09,EXT ML ( ON SW ),8,N,N,5.97,279.105,04:08,1.885,CMFL,1025,65000,E.R. WELD,24,1439.4,1999.2,1435.6,1993.9,0.712,1.074,1.0,1.2,2022,Metal Loss_12431.7,True,12431.686,12430.929,METAL_LOSS,False,4.15,993,12383.434563423754
3420,33.694,0.344,26.063,7.631,12434.4,Metal Loss,External,13.0,0.044,28.0,GENE,20.0,,,,5.4,3.2,4:30,EXT ML ( NEAR SW ),8,N,N,5.97,279.674,04:08,2.304,CMFL,1025,65000,E.R. WELD,24,1470.8,2042.7,1456.1,2022.3,0.697,1.095,1.0,1.2,2022,Metal Loss_12434.4,True,12434.4,12433.643,METAL_LOSS,False,4.5,994,12386.132937021426
3430,40.046,0.344,5.833,34.213,12447.864,Metal Loss,External,12.0,0.041,27.0,GENE,20.0,,,,12.8,2.4,6:59,EXT ML ( ON SW ),11,N,N,5.97,282.579,07:00,0.209,CMFL,1025,65000,E.R. WELD,24,1432.8,1989.9,1437.5,1996.5,0.716,1.067,1.0,1.2,2022,Metal Loss_12447.9,True,12447.864,12447.107,METAL_LOSS,False,6.983333333333333,996,12399.53319058083
3430,40.046,0.344,7.999,32.047,12450.03,Metal Loss,External,12.0,0.041,27.0,GENE,20.0,,,,9.3,2.2,6:57,EXT ML ( ON SW ),11,N,N,5.97,283.086,07:00,0.628,CMFL,1025,65000,E.R. WELD,24,1446.4,2008.9,1438.4,1997.8,0.709,1.077,1.0,1.2,2022,Metal Loss_12450.0,True,12450.03,12449.273,METAL_LOSS,False,6.95,997,12401.691834640164
3430,40.046,0.344,9.19,30.856,12451.22,Metal Loss,External,10.0,0.034,25.0,GENE,20.0,,,,4.3,3.1,7:03,EXT ML ( ON SW ),11,N,N,5.97,283.364,07:00,0.419,CMFL,1025,65000,E.R. WELD,24,1497.5,2079.8,1487.9,2066.5,0.685,1.118,1.0,1.2,2022,Metal Loss_12451.2,True,12451.22,12450.463,METAL_LOSS,False,7.05,998,12402.877793287716
3430,40.046,0.344,13.274,26.768,12455.308,Metal Loss,External,17.0,0.058,32.0,GENE,20.0,,,,17.2,6.7,7:10,EXT ML ( ON SW ),11,N,N,5.97,284.319,07:00,0.419,CMFL,1025,65000,E.R. WELD,24,1367.2,1898.8,1393.6,1935.5,0.75,1.021,1.0,1.2,2022,Metal Loss_12455.3,True,12455.308,12454.551,METAL_LOSS,False,7.166666666666667,999,12406.951910053438
3430,40.046,0.344,14.852,25.194,12456.883,Metal Loss,External,13.0,0.044,38.0,AXSL,25.0,,,,1.4,0.3,6:53,EXT ML ( NEAR SW ),11,N,N,5.97,284.688,07:00,0.628,CMFL,1025,65000,E.R. WELD,24,1535.5,2132.6,1533.0,2129.2,0.668,1.144,1.0,1.2,2022,Metal Loss_12456.9,True,12456.883,12456.126,METAL_LOSS,False,6.883333333333333,1000,12408.521561204614
3430,40.046,0.344,15.558,24.488,12457.589,Metal Loss,External,15.0,0.052,30.0,GENE,20.0,,,,15.0,7.6,7:08,EXT ML ( ON SW ),11,N,N,5.97,284.853,07:00,0.838,CMFL,1025,65000,E.R. WELD,24,1393.3,1935.1,1397.6,1941.2,0.736,1.04,1.0,1.2,2022,Metal Loss_12457.6,True,12457.589,12456.832,METAL_LOSS,False,7.133333333333334,1001,12409.225163561903
3430,40.046,0.344,17.06,22.982,12459.094,Metal Loss,External,16.0,0.055,31.0,GENE,20.0,,,,3.0,3.5,6:54,EXT ML ( ON SW ),11,N,N,5.97,285.204,07:00,0.628,CMFL,1025,65000,E.R. WELD,24,1495.3,2076.9,1484.8,2062.2,0.686,1.114,1.0,1.2,2022,Metal Loss_12459.1,True,12459.094,12458.337,METAL_LOSS,False,6.9,1002,12410.725052439693
3430,40.046,0.344,17.884,22.162,12459.915,Metal Loss,External,17.0,0.058,32.0,GENE,20.0,,,,3.5,1.9,7:03,EXT ML ( ON SW ),11,N,N,5.97,285.396,07:00,0.419,CMFL,1025,65000,E.R. WELD,24,1480.7,2056.6,1467.2,2037.8,0.692,1.103,1.0,1.2,2022,Metal Loss_12459.9,True,12459.915,12459.158,METAL_LOSS,False,7.05,1003,12411.543264246116
3430,40.046,0.344,20.965,19.081,12462.995,Metal Loss,External,13.0,0.044,28.0,GENE,20.0,,,,9.6,3.4,7:23,EXT ML ( NEAR SW ),11,N,N,5.97,286.117,07:00,2.513,CMFL,1025,65000,E.R. WELD,24,1431.7,1988.4,1410.1,1958.4,0.716,1.069,1.0,1.2,2022,Metal Loss_12463.0,True,12462.995,12462.238,METAL_LOSS,False,7.383333333333334,1004,12414.612804275084
3430,40.046,0.344,26.604,13.442,12468.635,Metal Loss,External,13.0,0.044,28.0,GENE,20.0,,,,23.5,5.8,7:12,EXT ML ( ON SW ),11,N,N,5.97,287.435,07:00,0.209,CMFL,1025,65000,E.R. WELD,24,1409.1,1957.0,1407.6,1955.0,0.728,1.048,1.0,1.2,2022,Metal Loss_12468.6,True,12468.635,12467.878,METAL_LOSS,False,7.2,1005,12420.233650302152
3430,40.046,0.344,31.69,8.356,12473.72,Metal Loss,External,11.0,0.038,26.0,GENE,20.0,,,,11.6,3.5,7:09,EXT ML ( ON SW ),11,N,N,5.97,288.624,07:00,0.838,CMFL,1025,65000,E.R. WELD,24,1442.2,2003.0,1443.9,2005.4,0.711,1.077,1.0,1.2,2022,Metal Loss_12473.7,True,12473.72,12472.963,METAL_LOSS,False,7.15,1006,12425.301381161664
3440,40.095,0.344,29.259,10.837,12511.335,Metal Loss,External,13.0,0.044,28.0,GENE,20.0,,,,29.2,3.5,9:05,EXT ML ( ON SW ),3,N,N,5.97,298.663,08:52,1.885,CMFL,1025,65000,E.R. WELD,24,1400.6,1945.3,1386.2,1925.3,0.732,1.044,1.0,1.2,2022,Metal Loss_12511.3,True,12511.335,12510.578,METAL_LOSS,False,9.083333333333334,1008,12462.767596707818
3440,40.095,0.344,33.415,6.68,12515.492,Metal Loss,External,16.0,0.055,31.0,GENE,20.0,,,,4.8,2.5,9:03,EXT ML ( ON SW ),3,N,N,5.97,299.828,08:52,1.257,CMFL,1025,65000,E.R. WELD,24,1458.6,2025.8,1441.1,2001.6,0.703,1.087,1.0,1.2,2022,Metal Loss_12515.5,True,12515.492,12514.735,METAL_LOSS,False,9.05,1009,12466.907489711934
3440,40.095,0.344,36.348,3.743,12518.428,Metal Loss,External,12.0,0.041,27.0,GENE,20.0,,,,7.3,2.4,9:10,EXT ML ( NEAR SW ),3,N,N,5.97,300.65,08:52,1.885,CMFL,1025,65000,E.R. WELD,24,1456.2,2022.5,1439.1,1998.7,0.704,1.086,1.0,1.2,2022,Metal Loss_12518.4,True,12518.428,12517.671,METAL_LOSS,False,9.166666666666666,1010,12469.831407407406
3570,40.039,0.344,20.233,19.803,12973.179,Metal Loss,External,17.0,0.058,32.0,GENE,20.0,,,,20.1,3.1,4:43,EXT ML,4,N,N,5.97,305.763,10:52,36.861,CMFL,1025,65000,E.R. WELD,24,1367.7,1899.6,1358.6,1887.0,0.75,1.017,1.0,1.2,2022,Metal Loss_12973.2,True,12973.179,12972.422,METAL_LOSS,False,4.716666666666667,1041,12962.979001148966
3590,35.738,0.344,1.87,33.868,13035.0,Metal Loss,External,12.0,0.041,27.0,GENE,20.0,,,,2.7,1.8,8:12,EXT ML,3,N,N,5.97,293.434,11:32,20.944,CMFL,1025,65000,E.R. WELD,24,1514.8,2103.9,1508.3,2094.9,0.677,1.128,1.0,1.2,2022,Metal Loss_13035.0,True,13035.0,13034.243,METAL_LOSS,False,8.2,1047,13020.507254463037
3590,35.738,0.344,21.608,14.131,13054.738,Metal Loss,External,10.0,0.034,25.0,GENE,20.0,,,,11.5,2.0,8:09,EXT ML,3,N,N,5.97,288.969,11:32,20.944,CMFL,1025,65000,E.R. WELD,24,1451.4,2015.8,1441.6,2002.2,0.706,1.085,1.0,1.2,2022,Metal Loss_13054.7,True,13054.738,13053.981,METAL_LOSS,False,8.15,1048,13042.538392747216
3630,40.049,0.344,0.279,39.767,13189.665,Metal Loss,External,22.0,0.076,37.0,GENE,20.0,,,,12.8,19.6,6:24,EXT ML,2,N,N,5.97,258.791,03:20,27.646,CMFL,1025,65000,E.R. WELD,24,1331.1,1848.8,1367.2,1898.9,0.77,0.991,1.0,1.2,2022,Metal Loss_13189.7,True,13189.665,13188.908,METAL_LOSS,False,6.4,1054,13178.558261499276
3630,40.049,0.344,0.853,39.196,13190.236,Metal Loss,External,21.0,0.072,36.0,GENE,20.0,,,,5.3,3.0,3:33,EXT ML ( ON SW ),2,N,N,5.97,258.667,03:20,1.047,CMFL,1025,65000,E.R. WELD,24,1418.1,1969.5,1392.4,1933.9,0.723,1.055,1.0,1.2,2022,Metal Loss_13190.2,True,13190.236,13189.479,METAL_LOSS,False,3.55,1055,13179.1277500874
3750,37.917,0.344,35.41,2.507,13681.542,Metal Loss,External,18.0,0.062,33.0,GENE,20.0,,,,4.1,7.5,3:40,EXT ML,3,N,N,5.97,243.293,08:52,35.395,CMFL,1025,65000,E.R. WELD,24,1459.6,2027.2,1443.1,2004.3,0.702,1.089,1.0,1.2,2022,Metal Loss_13681.5,True,13681.542,13680.785,METAL_LOSS,False,3.6666666666666665,1076,13666.99932826964
3750,37.917,0.344,35.535,2.382,13681.667,Metal Loss,External,17.0,0.058,32.0,GENE,20.0,,,,1.4,2.7,6:53,EXT ML,3,N,N,5.97,243.311,08:52,11.519,CMFL,1025,65000,E.R. WELD,24,1530.6,2125.9,1528.8,2123.3,0.67,1.141,0.6,1.2,2022,Metal Loss_13681.7,True,13681.667,13680.91,METAL_LOSS,False,6.883333333333333,1077,13667.127502967005
3750,37.917,0.344,35.771,2.146,13681.903,Metal Loss,External,21.0,0.072,36.0,GENE,20.0,,,,1.7,1.6,4:49,EXT ML,3,N,N,5.97,243.345,08:52,25.342,CMFL,1025,65000,E.R. WELD,24,1516.5,2106.3,1509.7,2096.8,0.676,1.13,1.0,1.2,2022,Metal Loss_13681.9,True,13681.903,13681.146,METAL_LOSS,False,4.816666666666666,1078,13667.369496795633
3810,40.203,0.344,21.391,18.812,13889.177,Metal Loss,Internal,26.0,0.089,46.0,AXSL,20.0,,,,0.4,0.2,12:53,INT ML,8,N,N,5.97,215.363,07:04,36.652,CMFL,1025,65000,E.R. WELD,24,1545.4,2146.4,1544.8,2145.6,0.663,1.152,1.0,1.2,2022,Metal Loss_13889.2,True,13889.177,13888.42,METAL_LOSS,False,12.883333333333333,1088,13874.948775246245
3810,40.203,0.344,21.952,18.248,13889.741,Metal Loss,Internal,17.0,0.058,32.0,AXGR,20.0,,,,1.3,0.5,9:31,INT ML,8,N,N,5.97,215.243,07:04,15.499,CMFL,1025,65000,E.R. WELD,24,1532.9,2129.1,1534.8,2131.7,0.669,1.143,1.0,1.2,2022,Metal Loss_13889.7,True,13889.741,13888.984,METAL_LOSS,False,9.516666666666667,1089,13875.510053725997
3810,40.203,0.344,22.644,17.559,13890.43,Metal Loss,Internal,35.0,0.12,50.0,GENE,20.0,,,,1.3,1.4,12:50,INT ML,8,N,N,5.97,215.095,07:04,36.233,CMFL,1025,65000,E.R. WELD,24,1512.2,2100.3,1502.8,2087.2,0.678,1.127,1.0,1.2,2022,Metal Loss_13890.4,True,13890.43,13889.673,METAL_LOSS,False,12.833333333333334,1090,13876.195729031937
3810,40.203,0.344,22.736,17.467,13890.522,Metal Loss,Internal,13.0,0.044,28.0,PITT,20.0,,,,0.6,0.5,7:34,INT ML,8,N,N,5.97,215.076,07:04,3.142,CMFL,1025,65000,E.R. WELD,24,1545.3,2146.2,1544.7,2145.5,0.663,1.152,0.6,1.2,2022,Metal Loss_13890.5,True,13890.522,13889.765,METAL_LOSS,False,7.566666666666666,1091,13876.287285096012
3810,40.203,0.344,22.766,17.438,13890.551,Metal Loss,Internal,21.0,0.072,36.0,PITT,20.0,,,,0.7,1.3,9:53,INT ML,8,N,N,5.97,215.07,07:04,17.802,CMFL,1025,65000,E.R. WELD,24,1541.7,2141.2,1540.2,2139.2,0.665,1.149,0.6,1.2,2022,Metal Loss_13890.6,True,13890.551,13889.794,METAL_LOSS,False,9.883333333333333,1092,13876.316145159686
3850,40.243,0.344,39.249,0.997,14038.661,Metal Loss,External,16.0,0.055,31.0,GENE,20.0,,,,1.7,1.3,6:04,EXT ML,2,N,N,5.97,197.545,11:00,30.997,CMFL,1025,65000,E.R. WELD,24,1525.2,2118.3,1520.5,2111.8,0.672,1.136,1.0,1.2,2022,Metal Loss_14038.7,True,14038.661,14037.904,METAL_LOSS,False,6.066666666666666,1097,14011.148979774387
3850,40.243,0.344,39.829,0.417,14039.242,Metal Loss,External,16.0,0.055,31.0,GENE,20.0,,,,7.1,5.3,5:29,EXT ML ( ON GW ),2,N,N,5.97,197.503,11:00,36.024,CMFL,1025,65000,E.R. WELD,24,1425.5,1979.9,1436.8,1995.5,0.719,1.064,1.0,1.2,2022,Metal Loss_14039.2,True,14039.242,14038.485,METAL_LOSS,False,5.483333333333333,1098,14011.539623813547
3890,40.289,0.344,13.474,26.814,14107.572,Metal Loss,External,12.0,0.041,27.0,GENE,20.0,,,,3.3,2.2,8:43,EXT ML ( ON SW ),6,N,N,5.97,189.472,08:48,0.419,CMFL,1025,65000,E.R. WELD,24,1504.7,2089.8,1496.3,2078.2,0.681,1.121,1.0,1.2,2022,Metal Loss_14107.6,True,14107.572,14106.815,METAL_LOSS,False,8.716666666666667,1104,14092.757647438442
3890,40.289,0.344,15.528,24.76,14109.626,Metal Loss,External,13.0,0.044,28.0,GENE,20.0,,,,1.8,3.4,8:46,EXT ML ( ON SW ),6,N,N,5.97,189.221,08:48,0.209,CMFL,1025,65000,E.R. WELD,24,1529.1,2123.8,1525.4,2118.6,0.67,1.14,1.0,1.2,2022,Metal Loss_14109.6,True,14109.626,14108.869,METAL_LOSS,False,8.766666666666667,1105,14094.795434868944
3890,40.289,0.344,19.564,20.725,14113.661,Metal Loss,External,14.0,0.048,29.0,GENE,20.0,,,,3.9,2.0,8:53,EXT ML ( ON SW ),6,N,N,5.97,188.73,08:48,0.628,CMFL,1025,65000,E.R. WELD,24,1486.7,2064.8,1474.7,2048.2,0.69,1.107,1.0,1.2,2022,Metal Loss_14113.7,True,14113.661,14112.904,METAL_LOSS,False,8.883333333333333,1106,14098.798585931294
3890,40.289,0.344,20.092,20.197,14114.19,Metal Loss,External,27.0,0.093,42.0,PITT,20.0,,,,0.6,1.1,12:00,EXT ML,6,N,N,5.97,188.665,08:48,20.106,CMFL,1025,65000,E.R. WELD,24,1542.0,2141.6,1540.5,2139.6,0.665,1.149,0.6,1.2,2022,Metal Loss_14114.2,True,14114.19,14113.433,METAL_LOSS,False,12.0,1107,14099.323410444798
3890,40.289,0.344,20.463,19.826,14114.56,Metal Loss,External,26.0,0.089,41.0,CIGR,25.0,,,,0.7,1.3,12:00,EXT ML,6,N,N,5.97,188.62,08:48,20.106,CMFL,1025,65000,E.R. WELD,24,1540.8,2140.0,1539.1,2137.6,0.665,1.148,1.0,1.2,2022,Metal Loss_14114.6,True,14114.56,14113.803,METAL_LOSS,False,12.0,1108,14099.6904899722
3890,40.289,0.344,21.946,18.34,14116.047,Metal Loss,External,12.0,0.041,27.0,GENE,20.0,,,,5.8,3.0,8:39,EXT ML ( ON SW ),6,N,N,5.97,188.439,08:48,0.209,CMFL,1025,65000,E.R. WELD,24,1472.5,2045.1,1466.2,2036.3,0.696,1.096,1.0,1.2,2022,Metal Loss_14116.0,True,14116.047,14115.29,METAL_LOSS,False,8.65,1109,14101.165752829627
3950,40.407,0.344,4.721,35.686,14297.595,Metal Loss,External,11.0,0.038,26.0,GENE,20.0,,,,11.7,4.3,10:19,EXT ML ( NEAR SW ),9,N,N,5.97,180.905,10:40,1.885,CMFL,1025,65000,E.R. WELD,24,1446.4,2008.9,1428.7,1984.4,0.709,1.077,1.0,1.2,2022,Metal Loss_14297.6,True,14297.595,14296.838,METAL_LOSS,False,10.316666666666666,1118,14281.748774222287
3950,40.407,0.344,5.886,34.521,14298.76,Metal Loss,External,11.0,0.038,26.0,GENE,20.0,,,,22.8,2.6,10:31,EXT ML ( ON SW ),9,N,N,5.97,180.704,10:40,1.676,CMFL,1025,65000,E.R. WELD,24,1424.5,1978.4,1411.3,1960.1,0.72,1.065,1.0,1.2,2022,Metal Loss_14298.8,True,14298.76,14298.003,METAL_LOSS,False,10.516666666666667,1119,14282.900886480065
3950,40.407,0.344,9.839,30.568,14302.713,Metal Loss,External,12.0,0.041,27.0,GENE,20.0,,,,6.5,1.6,10:48,EXT ML ( NEAR SW ),9,N,N,5.97,180.02,10:40,0.838,CMFL,1025,65000,E.R. WELD,24,1465.6,2035.6,1450.2,2014.2,0.699,1.091,1.0,1.2,2022,Metal Loss_14302.7,True,14302.713,14301.956,METAL_LOSS,False,10.8,1120,14286.810156656025
3950,40.407,0.344,11.486,28.921,14304.36,Metal Loss,External,10.0,0.034,25.0,GENE,20.0,,,,3.5,2.3,11:19,EXT ML,9,N,N,5.97,179.735,10:40,4.189,CMFL,1025,65000,E.R. WELD,24,1507.9,2094.3,1500.3,2083.7,0.68,1.125,1.0,1.2,2022,Metal Loss_14304.4,True,14304.36,14303.603,METAL_LOSS,False,11.316666666666666,1121,14288.438936817878
3950,40.407,0.344,11.949,28.458,14304.823,Metal Loss,External,11.0,0.038,26.0,GENE,20.0,,,,21.8,3.5,10:24,EXT ML ( ON SW ),9,N,N,5.97,179.655,10:40,2.304,CMFL,1025,65000,E.R. WELD,24,1426.6,1981.4,1420.7,1973.2,0.719,1.065,1.0,1.2,2022,Metal Loss_14304.8,True,14304.823,14304.066,METAL_LOSS,False,10.4,1122,14288.896814908308
3950,40.407,0.344,15.65,24.757,14308.524,Metal Loss,External,15.0,0.052,30.0,PITT,20.0,,,,1.9,1.1,10:22,EXT ML,9,N,N,5.97,179.014,10:40,1.885,CMFL,1025,65000,E.R. WELD,24,1522.3,2114.3,1517.1,2107.1,0.673,1.134,0.6,1.2,2022,Metal Loss_14308.5,True,14308.524,14307.767,METAL_LOSS,False,10.366666666666667,1123,14292.556872819065
3950,40.407,0.344,19.035,21.371,14311.909,Metal Loss,External,15.0,0.052,30.0,GENE,20.0,,,,27.7,7.2,10:42,EXT ML ( ON SW ),9,N,N,5.97,178.429,10:40,2.094,CMFL,1025,65000,E.R. WELD,24,1378.3,1914.3,1380.4,1917.2,0.744,1.028,1.0,1.2,2022,Metal Loss_14311.9,True,14311.909,14311.152,METAL_LOSS,False,10.7,1124,14295.904426460762
3950,40.407,0.344,23.028,17.379,14315.902,Metal Loss,External,10.0,0.034,25.0,GENE,20.0,,,,6.5,1.9,11:16,EXT ML,9,N,N,5.97,177.738,10:40,3.77,CMFL,1025,65000,E.R. WELD,24,1478.3,2053.1,1465.3,2035.2,0.693,1.102,1.0,1.2,2022,Metal Loss_14315.9,True,14315.902,14315.145,METAL_LOSS,False,11.266666666666667,1125,14299.853254139134
3950,40.407,0.344,35.692,4.715,14328.566,Metal Loss,External,12.0,0.041,27.0,GENE,20.0,,,,53.8,5.0,10:34,EXT ML ( ON SW ),9,N,N,5.97,175.546,10:40,0.628,CMFL,1025,65000,E.R. WELD,24,1394.7,1937.1,1374.8,1909.5,0.735,1.043,1.0,1.2,2022,Metal Loss_14328.6,True,14328.566,14327.809,METAL_LOSS,False,10.566666666666666,1126,14312.377159403075
3960,40.049,0.344,16.306,23.743,14349.587,Metal Loss,External,16.0,0.055,31.0,GENE,20.0,,,,2.5,3.7,7:40,EXT ML,1,N,N,5.97,170.055,01:32,36.861,CMFL,1025,65000,E.R. WELD,24,1504.8,2090.0,1496.0,2077.7,0.681,1.122,1.0,1.2,2022,Metal Loss_14349.6,True,14349.587,14348.83,METAL_LOSS,False,7.666666666666667,1128,14333.305692027267
3970,40.246,0.344,8.56,31.686,14381.89,Metal Loss,External,11.0,0.038,26.0,GENE,20.0,,,,3.4,1.6,6:34,EXT ML,1,N,N,5.97,159.55,02:32,25.342,CMFL,1025,65000,E.R. WELD,24,1508.1,2094.6,1500.5,2084.0,0.68,1.123,1.0,1.2,2022,Metal Loss_14381.9,True,14381.89,14381.133,METAL_LOSS,False,6.566666666666666,1130,14365.499804701089
4020,40.115,0.344,23.527,16.585,14597.743,Metal Loss,External,12.0,0.041,27.0,AXGR,20.0,,,,3.5,0.9,7:45,EXT ML,2,N,N,5.97,95.804,09:52,13.195,CMFL,1025,65000,E.R. WELD,24,1502.5,2086.8,1493.7,2074.6,0.682,1.118,1.0,1.2,2022,Metal Loss_14597.7,True,14597.743,14596.986,METAL_LOSS,False,7.75,1137,14580.476027772931
4020,40.115,0.344,23.638,16.473,14597.854,Metal Loss,External,16.0,0.055,31.0,AXGR,20.0,,,,2.4,0.8,6:15,EXT ML,2,N,N,5.97,95.781,09:52,22.619,CMFL,1025,65000,E.R. WELD,24,1509.2,2096.1,1501.3,2085.1,0.679,1.125,1.0,1.2,2022,Metal Loss_14597.9,True,14597.854,14597.097,METAL_LOSS,False,6.25,1138,14580.586692927127
4040,40.036,0.344,15.722,24.314,14670.374,Dent,,,,,,,1.2,0.288,N,27.54,8.38,5:45,DENT-1.2%OD (0.288IN),2,N,N,5.97,74.404,11:52,37.071,CMFL,1025,65000,E.R. WELD,24,,,,,,,,,2022,Dent_14670.4,True,14670.374,14669.617,DENT,False,5.75,1141,14652.729643820561
4050,40.256,0.344,23.688,16.568,14718.376,Metal Loss,External,15.0,0.052,30.0,GENE,20.0,,,,5.4,3.8,12:26,EXT ML,2,N,N,5.97,56.804,01:00,3.56,CMFL,1025,65000,E.R. WELD,24,1454.9,2020.7,1436.9,1995.8,0.705,1.084,1.0,1.2,2022,Metal Loss_14718.4,True,14718.376,14717.619,METAL_LOSS,False,12.433333333333334,1146,14703.366538155804
4070,37.982,0.344,36.296,1.686,14778.14,Metal Loss,External,10.0,0.034,25.0,GENE,20.0,,,,8.7,3.5,10:22,EXT ML ( NEAR SW ),1,N,N,5.97,43.49,10:04,1.257,CMFL,1025,65000,E.R. WELD,24,1462.0,2030.6,1459.0,2026.4,0.701,1.092,1.0,1.2,2022,Metal Loss_14778.1,True,14778.14,14777.383,METAL_LOSS,False,10.366666666666667,1149,14757.241887736296
4080,29.869,0.344,3.077,26.791,14782.904,Metal Loss,External,10.0,0.034,25.0,AXGR,20.0,,,,2.4,0.7,4:08,EXT ML,24,N,N,5.97,42.768,09:16,32.254,CMFL,1025,65000,E.R. WELD,24,1523.5,2115.9,1518.7,2109.3,0.673,1.136,1.0,1.2,2022,Metal Loss_14782.9,True,14782.904,14782.147,METAL_LOSS,False,4.133333333333334,1151,14761.58562690415
4080,29.869,0.344,3.652,26.217,14783.478,Metal Loss,External,25.0,0.086,40.0,GENE,20.0,,,,2.3,2.8,4:02,EXT ML,24,N,N,5.97,42.726,09:16,32.882,CMFL,1025,65000,E.R. WELD,24,1487.1,2065.4,1473.5,2046.6,0.689,1.108,1.0,1.2,2022,Metal Loss_14783.5,True,14783.478,14782.721,METAL_LOSS,False,4.033333333333333,1152,14762.345669088352
4080,29.869,0.344,4.098,25.771,14783.924,Metal Loss,External,21.0,0.072,36.0,GENE,20.0,,,,10.4,5.7,6:44,EXT ML,24,N,N,5.97,42.694,09:16,15.08,CMFL,1025,65000,E.R. WELD,24,1356.8,1884.4,1392.0,1933.4,0.756,1.009,1.0,1.2,2022,Metal Loss_14783.9,True,14783.924,14783.167,METAL_LOSS,False,6.733333333333333,1153,14762.936224513713
4080,29.869,0.344,5.062,24.806,14784.888,Metal Loss,External,13.0,0.044,28.0,PITT,20.0,,,,1.5,1.0,4:01,EXT ML,24,N,N,5.97,42.624,09:16,32.882,CMFL,1025,65000,E.R. WELD,24,1534.2,2130.9,1531.5,2127.0,0.668,1.144,0.6,1.2,2022,Metal Loss_14784.9,True,14784.888,14784.131,METAL_LOSS,False,4.016666666666667,1154,14764.212671666279
4080,29.869,0.344,5.246,24.623,14785.072,Metal Loss,External,14.0,0.048,29.0,GENE,20.0,,,,7.9,5.2,7:05,EXT ML,24,N,N,5.97,42.611,09:16,12.566,CMFL,1025,65000,E.R. WELD,24,1433.8,1991.5,1441.9,2002.6,0.715,1.071,1.0,1.2,2022,Metal Loss_14785.1,True,14785.072,14784.315,METAL_LOSS,False,7.083333333333333,1155,14764.45630888212
4080,29.869,0.344,5.4,24.469,14785.226,Metal Loss,External,14.0,0.048,29.0,PITT,20.0,,,,1.0,1.0,4:07,EXT ML,24,N,N,5.97,42.6,09:16,32.254,CMFL,1025,65000,E.R. WELD,24,1540.3,2139.3,1538.8,2137.2,0.666,1.148,0.6,1.2,2022,Metal Loss_14785.2,True,14785.226,14784.469,METAL_LOSS,False,4.116666666666666,1156,14764.660222638859
4080,29.869,0.344,5.758,24.111,14785.584,Metal Loss,External,17.0,0.058,32.0,GENE,20.0,,,,2.2,2.0,4:04,EXT ML,24,N,N,5.97,42.574,09:16,32.673,CMFL,1025,65000,E.R. WELD,24,1511.9,2099.9,1504.5,2089.6,0.678,1.127,1.0,1.2,2022,Metal Loss_14785.6,True,14785.584,14784.827,METAL_LOSS,False,4.066666666666666,1157,14765.134255917508
4080,29.869,0.344,6.188,23.681,14786.014,Metal Loss,External,12.0,0.041,27.0,GENE,20.0,,,,3.6,4.2,7:17,EXT ML,24,N,N,5.97,42.543,09:16,11.938,CMFL,1025,65000,E.R. WELD,24,1500.3,2083.8,1492.2,2072.5,0.683,1.117,1.0,1.2,2022,Metal Loss_14786.0,True,14786.014,14785.257,METAL_LOSS,False,7.283333333333333,1158,14765.703625498008
4080,29.869,0.344,6.243,23.625,14786.07,Metal Loss,External,18.0,0.062,33.0,PITT,20.0,,,,0.7,0.7,4:04,EXT ML,24,N,N,5.97,42.539,09:16,32.673,CMFL,1025,65000,E.R. WELD,24,1542.8,2142.8,1541.7,2141.3,0.664,1.15,0.6,1.2,2022,Metal Loss_14786.1,True,14786.07,14785.313,METAL_LOSS,False,4.066666666666666,1159,14765.777775955004
4080,29.869,0.344,6.663,23.205,14786.49,Metal Loss,External,13.0,0.044,28.0,GENE,20.0,,,,5.6,3.9,7:15,EXT ML,24,N,N,5.97,42.508,09:16,12.566,CMFL,1025,65000,E.R. WELD,24,1464.4,2033.9,1453.8,2019.2,0.7,1.093,1.0,1.2,2022,Metal Loss_14786.5,True,14786.49,14785.733,METAL_LOSS,False,7.25,1160,14766.33390438247
4080,29.869,0.344,10.801,19.068,14790.627,Metal Loss,External,44.0,0.151,59.0,GENE,20.0,,,,5.0,1.5,9:26,EXT ML ( NEAR SW ),24,N,N,5.97,42.209,09:16,1.257,CMFL,1025,65000,E.R. WELD,24,1245.3,1729.6,1222.6,1698.0,0.823,0.928,1.0,1.2,2022,Metal Loss_14790.6,True,14790.627,14789.87,METAL_LOSS,False,9.433333333333334,1161,14771.811769393018
4080,29.869,0.344,11.647,18.222,14791.473,Metal Loss,External,23.0,0.079,38.0,GENE,20.0,,,,3.4,1.6,9:30,EXT ML ( NEAR SW ),24,N,N,5.97,42.148,09:16,1.466,CMFL,1025,65000,E.R. WELD,24,1453.4,2018.6,1435.3,1993.5,0.705,1.083,1.0,1.2,2022,Metal Loss_14791.5,True,14791.473,14790.716,METAL_LOSS,False,9.5,1162,14772.931970939771
4080,29.869,0.344,12.467,17.402,14792.293,Metal Loss,External,32.0,0.11,47.0,GENE,20.0,,,,18.8,8.5,2:03,EXT ML,24,N,N,5.97,42.089,09:16,31.416,CMFL,1025,65000,E.R. WELD,24,1194.2,1658.7,1222.9,1698.4,0.858,0.892,1.0,1.2,2022,Metal Loss_14792.3,True,14792.293,14791.536,METAL_LOSS,False,2.05,1163,14774.017745488634
4080,29.869,0.344,13.688,16.181,14793.514,Metal Loss,External,18.0,0.062,33.0,GENE,20.0,,,,73.1,8.8,9:42,EXT ML ( ON SW ),24,N,N,5.97,42.0,09:16,1.257,CMFL,1025,65000,E.R. WELD,24,1317.3,1829.5,1380.7,1917.6,0.778,0.984,1.0,1.2,2022,Metal Loss_14793.5,True,14793.514,14792.757,METAL_LOSS,False,9.7,1164,14775.634490274197
4080,29.869,0.344,14.272,15.597,14794.098,Metal Loss,External,14.0,0.048,29.0,GENE,20.0,,,,3.5,1.4,2:07,EXT ML,24,N,N,5.97,41.958,09:16,30.578,CMFL,1025,65000,E.R. WELD,24,1491.1,2071.0,1480.0,2055.5,0.687,1.111,1.0,1.2,2022,Metal Loss_14794.1,True,14794.098,14793.341,METAL_LOSS,False,2.1166666666666667,1165,14776.407773611438
4080,29.869,0.344,15.322,14.551,14795.144,Metal Loss,External,18.0,0.062,33.0,PITT,20.0,,,,1.8,1.1,2:11,EXT ML,24,N,N,5.97,41.882,09:16,30.997,CMFL,1025,65000,E.R. WELD,24,1519.9,2111.0,1514.0,2102.8,0.674,1.133,0.6,1.2,2022,Metal Loss_14795.1,True,14795.144,14794.387,METAL_LOSS,False,2.183333333333333,1166,14777.79279821889
4080,29.869,0.344,15.673,14.196,14795.499,Metal Loss,External,14.0,0.048,29.0,GENE,20.0,,,,2.5,1.9,2:11,EXT ML,24,N,N,5.97,41.857,09:16,30.997,CMFL,1025,65000,E.R. WELD,24,1511.5,2099.3,1504.3,2089.2,0.678,1.127,1.0,1.2,2022,Metal Loss_14795.5,True,14795.499,14794.742,METAL_LOSS,False,2.183333333333333,1167,14778.26285915163
4080,29.869,0.344,16.949,12.92,14796.775,Metal Loss,External,17.0,0.058,32.0,GENE,20.0,,,,19.4,3.3,8:10,EXT ML,24,N,N,5.97,41.765,09:16,6.912,CMFL,1025,65000,E.R. WELD,24,1363.7,1894.1,1353.8,1880.3,0.752,1.018,1.0,1.2,2022,Metal Loss_14796.8,True,14796.775,14796.018,METAL_LOSS,False,8.166666666666666,1168,14779.952430278885
4080,29.869,0.344,17.359,12.513,14797.182,Metal Loss,External,15.0,0.052,30.0,AXGR,20.0,,,,1.9,0.9,2:15,EXT ML,24,N,N,5.97,41.735,09:16,31.416,CMFL,1025,65000,E.R. WELD,24,1521.1,2112.6,1515.6,2105.0,0.674,1.134,1.0,1.2,2022,Metal Loss_14797.2,True,14797.182,14796.425,METAL_LOSS,False,2.25,1169,14780.491345207407
4080,29.869,0.344,22.057,7.812,14801.883,Metal Loss,External,12.0,0.041,27.0,GENE,20.0,,,,4.7,2.0,9:29,EXT ML ( NEAR SW ),24,N,N,5.97,41.395,09:16,1.466,CMFL,1025,65000,E.R. WELD,24,1484.1,2061.2,1471.9,2044.3,0.691,1.105,1.0,1.2,2022,Metal Loss_14801.9,True,14801.883,14801.126,METAL_LOSS,False,9.483333333333333,1170,14786.716011249122
4080,29.869,0.344,22.759,7.11,14802.585,Metal Loss,External,14.0,0.048,29.0,GENE,20.0,,,,2.2,1.7,9:30,EXT ML ( NEAR SW ),24,N,N,5.97,41.345,09:16,1.466,CMFL,1025,65000,E.R. WELD,24,1516.5,2106.2,1510.2,2097.4,0.676,1.131,1.0,1.2,2022,Metal Loss_14802.6,True,14802.585,14801.828,METAL_LOSS,False,9.5,1171,14787.645540192172
4080,29.869,0.344,23.376,6.493,14803.202,Metal Loss,External,13.0,0.044,28.0,PITT,20.0,,,,1.8,0.9,9:30,EXT ML,24,N,N,5.97,41.3,09:16,1.466,CMFL,1025,65000,E.R. WELD,24,1527.7,2121.8,1523.6,2116.1,0.671,1.139,0.6,1.2,2022,Metal Loss_14803.2,True,14803.202,14802.445,METAL_LOSS,False,9.5,1172,14788.462519334425
4080,29.869,0.344,23.839,6.03,14803.665,Metal Loss,External,12.0,0.041,27.0,GENE,20.0,,,,2.3,1.3,9:30,EXT ML ( NEAR SW ),24,N,N,5.97,41.266,09:16,1.466,CMFL,1025,65000,E.R. WELD,24,1521.3,2113.0,1516.1,2105.7,0.674,1.134,1.0,1.2,2022,Metal Loss_14803.7,True,14803.665,14802.908,METAL_LOSS,False,9.5,1173,14789.075584719945
4080,29.869,0.344,23.888,5.981,14803.714,Metal Loss,External,10.0,0.034,25.0,GENE,20.0,,,,5.3,1.6,2:10,EXT ML,24,N,N,5.97,41.263,09:16,30.788,CMFL,1025,65000,E.R. WELD,24,1486.1,2064.0,1474.5,2047.9,0.69,1.109,1.0,1.2,2022,Metal Loss_14803.7,True,14803.714,14802.957,METAL_LOSS,False,2.1666666666666665,1174,14789.140466369816
4090,6.056,0.344,0.774,5.285,14810.466,Metal Loss,External,12.0,0.041,27.0,GENE,20.0,,,,3.1,3.7,2:33,EXT ML,3,N,N,5.97,40.775,11:48,17.383,CMFL,1025,65000,E.R. WELD,24,1509.3,2096.2,1501.8,2085.8,0.679,1.124,1.0,1.2,2022,Metal Loss_14810.5,True,14810.466,14809.709,METAL_LOSS,False,2.55,1176,14797.736289113858
4090,6.056,0.344,0.823,5.233,14810.518,Metal Loss,External,12.0,0.041,27.0,GENE,20.0,,,,2.1,2.0,9:01,EXT ML,3,N,N,5.97,40.771,11:48,17.383,CMFL,1025,65000,E.R. WELD,24,1525.9,2119.3,1521.6,2113.3,0.672,1.137,1.0,1.2,2022,Metal Loss_14810.5,True,14810.518,14809.761,METAL_LOSS,False,9.016666666666667,1177,14797.781901349812
4090,6.056,0.344,0.873,5.184,14810.568,Metal Loss,External,13.0,0.044,28.0,PITT,20.0,,,,1.4,1.0,11:08,EXT ML,3,N,N,5.97,40.767,11:48,4.189,CMFL,1025,65000,E.R. WELD,24,1534.8,2131.7,1532.2,2128.0,0.668,1.144,0.6,1.2,2022,Metal Loss_14810.6,True,14810.568,14809.811,METAL_LOSS,False,11.133333333333333,1178,14797.825759268997
4130,6.056,0.344,2.402,3.655,14938.025,Metal Loss,External,31.0,0.106,46.0,PITT,20.0,,,,1.9,0.9,6:08,EXT ML,4,N,N,5.97,40.431,11:32,33.929,CMFL,1025,65000,E.R. WELD,24,1490.5,2070.1,1476.5,2050.7,0.688,1.111,0.6,1.2,2022,Metal Loss_14938.0,True,14938.025,14937.268,METAL_LOSS,False,6.133333333333334,1184,14918.111084695392
4140,19.196,0.344,6.335,12.861,14948.015,Metal Loss,External,14.0,0.048,34.0,AXSL,20.0,,,,0.9,0.3,2:13,EXT ML,16,N,N,5.97,40.432,04:12,12.357,CMFL,1025,65000,E.R. WELD,24,1542.2,2142.0,1541.0,2140.3,0.665,1.15,1.0,1.2,2022,Metal Loss_14948.0,True,14948.015,14947.258,METAL_LOSS,False,2.216666666666667,1192,14945.641775369868
4140,19.196,0.344,6.811,12.385,14948.491,Metal Loss,External,16.0,0.055,31.0,GENE,20.0,,,,5.7,1.5,1:39,EXT ML,16,N,N,5.97,40.444,04:12,15.917,CMFL,1025,65000,E.R. WELD,24,1444.5,2006.3,1431.0,1987.5,0.71,1.076,1.0,1.2,2022,Metal Loss_14948.5,True,14948.491,14947.734,METAL_LOSS,False,1.65,1193,14945.902638049594
4140,19.196,0.344,7.828,11.368,14949.508,Metal Loss,External,11.0,0.038,26.0,GENE,20.0,,,,7.1,2.8,7:35,EXT ML,16,N,N,5.97,40.468,04:12,21.153,CMFL,1025,65000,E.R. WELD,24,1467.9,2038.8,1457.9,2024.9,0.698,1.093,1.0,1.2,2022,Metal Loss_14949.5,True,14949.508,14948.751,METAL_LOSS,False,7.583333333333333,1194,14946.459985413629
4140,19.196,0.344,15.469,3.727,14957.149,Metal Loss,External,12.0,0.041,27.0,AXGR,20.0,,,,1.9,0.7,1:37,EXT ML,16,N,N,5.97,40.651,04:12,16.127,CMFL,1025,65000,E.R. WELD,24,1529.2,2123.9,1525.5,2118.8,0.67,1.14,1.0,1.2,2022,Metal Loss_14957.1,True,14957.149,14956.392,METAL_LOSS,False,1.6166666666666667,1199,14950.64748906022
4140,19.196,0.344,15.679,3.517,14957.359,Metal Loss,External,16.0,0.055,31.0,GENE,20.0,,,,1.3,1.9,8:38,EXT ML,16,N,N,5.97,40.656,04:12,27.855,CMFL,1025,65000,E.R. WELD,24,1533.6,2130.0,1530.6,2125.9,0.668,1.143,1.0,1.2,2022,Metal Loss_14957.4,True,14957.359,14956.602,METAL_LOSS,False,8.633333333333333,1200,14950.76257553657
4140,19.196,0.344,16.463,2.733,14958.143,Metal Loss,External,13.0,0.044,28.0,GENE,20.0,,,,2.8,2.6,8:42,EXT ML,16,N,N,5.97,40.675,04:12,28.903,CMFL,1025,65000,E.R. WELD,24,1509.8,2097.0,1508.7,2095.4,0.679,1.125,0.6,1.2,2022,Metal Loss_14958.1,True,14958.143,14957.386,METAL_LOSS,False,8.7,1201,14951.19223171494
4140,19.196,0.344,16.781,2.415,14958.461,Metal Loss,External,16.0,0.055,31.0,GENE,20.0,,,,4.8,1.4,09:00,EXT ML,16,N,N,5.97,40.682,04:12,30.159,CMFL,1025,65000,E.R. WELD,24,1459.5,2027.1,1487.2,2065.5,0.702,1.087,1.0,1.2,2022,Metal Loss_14958.5,True,14958.461,14957.704,METAL_LOSS,False,9.0,1202,14951.366505521984
4140,19.196,0.344,16.949,2.247,14958.629,Metal Loss,External,12.0,0.041,27.0,GENE,20.0,,,,4.4,3.0,8:26,EXT ML,16,N,N,5.97,40.686,04:12,26.599,CMFL,1025,65000,E.R. WELD,24,1486.8,2065.0,1475.1,2048.7,0.69,1.108,1.0,1.2,2022,Metal Loss_14958.6,True,14958.629,14957.872,METAL_LOSS,False,8.433333333333334,1203,14951.458574703063
4150,40.243,0.344,2.27,37.969,14963.146,Metal Loss,External,13.0,0.044,28.0,PITT,20.0,,,,0.7,1.0,9:53,EXT ML,11,N,N,5.97,40.795,02:32,29.112,CMFL,1025,65000,E.R. WELD,24,1544.3,2144.9,1543.6,2143.8,0.664,1.151,0.6,1.2,2022,Metal Loss_14963.1,True,14963.146,14962.389,METAL_LOSS,False,9.883333333333333,1205,14953.434086582669
4150,40.243,0.344,5.568,34.672,14966.444,Metal Loss,External,16.0,0.055,31.0,PITT,20.0,,,,0.9,0.9,10:21,EXT ML,11,N,N,5.97,40.931,02:32,26.18,CMFL,1025,65000,E.R. WELD,24,1541.3,2140.7,1539.9,2138.7,0.665,1.149,0.6,1.2,2022,Metal Loss_14966.4,True,14966.444,14965.687,METAL_LOSS,False,10.35,1206,14954.515142771937
4150,40.243,0.344,7.582,32.661,14968.455,Metal Loss,External,13.0,0.044,28.0,GENE,20.0,,,,3.0,3.4,11:20,EXT ML,11,N,N,5.97,41.017,02:32,20.106,CMFL,1025,65000,E.R. WELD,24,1506.5,2092.4,1498.4,2081.1,0.68,1.123,1.0,1.2,2022,Metal Loss_14968.5,True,14968.455,14967.698,METAL_LOSS,False,11.333333333333334,1207,14955.174331370064
4150,40.243,0.344,8.038,32.201,14968.914,Metal Loss,External,15.0,0.052,30.0,PITT,20.0,,,,0.6,1.0,11:35,EXT ML,11,N,N,5.97,41.037,02:32,18.431,CMFL,1025,65000,E.R. WELD,24,1544.8,2145.5,1544.1,2144.6,0.664,1.151,0.6,1.2,2022,Metal Loss_14968.9,True,14968.914,14968.157,METAL_LOSS,False,11.583333333333334,1208,14955.324787643829
4150,40.243,0.344,11.637,28.602,14972.513,Metal Loss,External,20.0,0.069,35.0,GENE,20.0,,,,6.0,5.4,12:44,EXT ML,11,N,N,5.97,41.191,02:32,10.263,CMFL,1025,65000,E.R. WELD,24,1410.0,1958.4,1394.5,1936.7,0.727,1.051,1.0,1.2,2022,Metal Loss_14972.5,True,14972.513,14971.756,METAL_LOSS,False,12.733333333333333,1209,14956.504509058377
4150,40.243,0.344,12.972,27.267,14973.848,Metal Loss,External,16.0,0.055,31.0,GENE,20.0,,,,4.3,3.0,9:49,EXT ML,11,N,N,5.97,41.248,02:32,28.693,CMFL,1025,65000,E.R. WELD,24,1466.2,2036.3,1460.7,2028.7,0.699,1.093,1.0,1.2,2022,Metal Loss_14973.8,True,14973.848,14973.091,METAL_LOSS,False,9.816666666666666,1210,14956.942110638933
4150,40.243,0.344,13.822,26.421,14974.695,Metal Loss,External,14.0,0.048,29.0,GENE,20.0,,,,29.0,8.0,12:24,EXT ML,11,N,N,5.97,41.284,02:32,12.566,CMFL,1025,65000,E.R. WELD,24,1388.6,1928.6,1397.8,1941.4,0.738,1.035,1.0,1.2,2022,Metal Loss_14974.7,True,14974.695,14973.938,METAL_LOSS,False,12.4,1211,14957.219749993787
4150,40.243,0.344,13.898,26.342,14974.774,Metal Loss,External,12.0,0.041,27.0,GENE,20.0,,,,3.1,1.7,9:52,EXT ML,11,N,N,5.97,41.287,02:32,29.322,CMFL,1025,65000,E.R. WELD,24,1508.5,2095.2,1500.9,2084.5,0.68,1.124,1.0,1.2,2022,Metal Loss_14974.8,True,14974.774,14974.017,METAL_LOSS,False,9.866666666666667,1212,14957.245645518029
4150,40.243,0.344,15.095,25.148,14975.968,Metal Loss,External,14.0,0.048,29.0,AXGR,20.0,,,,1.9,0.9,9:55,EXT ML,11,N,N,5.97,41.338,02:32,28.903,CMFL,1025,65000,E.R. WELD,24,1524.9,2117.9,1520.3,2111.5,0.672,1.136,1.0,1.2,2022,Metal Loss_14976.0,True,14975.968,14975.211,METAL_LOSS,False,9.916666666666666,1213,14957.637028504685
4150,40.243,0.344,15.636,24.603,14976.512,Metal Loss,External,15.0,0.052,30.0,GENE,20.0,,,,1.7,1.3,9:59,EXT ML,11,N,N,5.97,41.362,02:32,28.484,CMFL,1025,65000,E.R. WELD,24,1526.2,2119.7,1521.7,2113.5,0.672,1.138,1.0,1.2,2022,Metal Loss_14976.5,True,14976.512,14975.755,METAL_LOSS,False,9.983333333333333,1214,14957.815347051368
4150,40.243,0.344,25.82,14.419,14986.696,Metal Loss,External,26.0,0.089,41.0,GENE,20.0,,,,9.5,5.4,12:40,EXT ML,11,N,N,5.97,41.797,02:32,11.519,CMFL,1025,65000,E.R. WELD,24,1312.8,1823.3,1333.4,1851.9,0.781,0.978,1.0,1.2,2022,Metal Loss_14986.7,True,14986.696,14985.939,METAL_LOSS,False,12.666666666666666,1215,14961.153575138547
4160,2.982,0.5,1.381,1.601,15002.497,Metal Loss,External,16.0,0.08,31.0,GENE,20.0,,,,5.7,5.3,5:50,EXT ML,2,N,N,4.14,42.472,UNKN,,CMFL,1025,60000,E.R. WELD,24,1974.8,2742.8,1958.3,2719.9,0.519,1.099,1.0,1.2,2022,Metal Loss_15002.5,True,15002.497,15001.74,METAL_LOSS,False,5.833333333333333,1218,14984.379249078102
4160,2.982,0.5,2.628,0.354,15003.743,Metal Loss,External,25.0,0.125,40.0,GENE,20.0,,,,9.3,3.1,4:25,EXT ML ( ON GW ),2,N,N,4.14,42.521,UNKN,,CMFL,1025,60000,E.R. WELD,24,1815.6,2521.6,1774.2,2464.1,0.565,1.011,1.0,1.2,2022,Metal Loss_15003.7,True,15003.743,15002.986,METAL_LOSS,False,4.416666666666667,1219,15001.058022125382
4161,4.639,0.5,3.478,1.161,15007.575,Metal Loss,External,26.0,0.13,41.0,GENE,20.0,,,,9.8,6.3,5:51,EXT ML,3,N,N,4.14,42.546,UNKN,,CMFL,1025,60000,E.R. WELD,24,1794.6,2492.5,1785.8,2480.3,0.571,1.0,1.0,1.2,2022,Metal Loss_15007.6,True,15007.575,15006.818,METAL_LOSS,False,5.85,1223,15008.088784069838
4161,4.639,0.5,3.783,0.856,15007.881,Metal Loss,External,25.0,0.125,40.0,GENE,20.0,,,,3.7,3.9,4:01,EXT ML,3,N,N,4.14,42.548,UNKN,,CMFL,1025,60000,E.R. WELD,24,1972.8,2739.9,1945.0,2701.4,0.52,1.096,1.0,1.2,2022,Metal Loss_15007.9,True,15007.881,15007.124,METAL_LOSS,False,4.016666666666667,1225,15008.289332797294
4161,4.639,0.5,4.501,0.135,15008.602,Metal Loss,External,20.0,0.1,35.0,GENE,20.0,,,,22.9,5.1,3:48,EXT ML ( ON GW ),3,N,N,4.14,42.553,UNKN,,CMFL,1025,60000,E.R. WELD,24,1801.8,2502.5,1773.2,2462.8,0.569,1.005,1.0,1.2,2022,Metal Loss_15008.6,True,15008.602,15007.845,METAL_LOSS,False,3.8,1226,15008.761867544017
4162,2.881,0.344,2.864,0.016,15011.601,Metal Loss,External,22.0,0.076,37.0,GENE,20.0,,,,33.8,15.3,3:16,EXT ML ( ON GW ),1,N,N,5.97,42.57,UNKN,,CMFL,1025,65000,E.R. WELD,24,1290.8,1792.8,1318.7,1831.5,0.794,0.961,1.0,1.2,2022,Metal Loss_15011.6,True,15011.601,15010.844,METAL_LOSS,False,3.2666666666666666,1228,15010.727376150702
4190,13.143,0.344,0.863,12.28,15012.484,Metal Loss,External,12.0,0.041,27.0,GENE,20.0,,,,10.0,3.9,5:38,EXT ML,4,N,N,5.97,42.57,08:08,15.708,CMFL,1025,65000,E.R. WELD,24,1445.2,2007.2,1448.8,2012.2,0.709,1.075,1.0,1.2,2022,Metal Loss_15012.5,True,15012.484,15011.727,METAL_LOSS,False,5.633333333333333,1231,15011.306083753138
4190,13.143,0.344,1.959,11.188,15013.576,Metal Loss,External,14.0,0.048,29.0,GENE,20.0,,,,4.8,2.7,6:09,EXT ML,4,N,N,5.97,42.57,08:08,12.357,CMFL,1025,65000,E.R. WELD,24,1471.3,2043.5,1456.6,2023.0,0.697,1.095,1.0,1.2,2022,Metal Loss_15013.6,True,15013.576,15012.819,METAL_LOSS,False,6.15,1232,15012.021767447202
4190,13.143,0.344,9.117,4.026,15020.738,Metal Loss,External,12.0,0.041,27.0,GENE,20.0,,,,7.5,3.2,9:41,EXT ML,4,N,N,5.97,42.565,08:08,9.844,CMFL,1025,65000,E.R. WELD,24,1459.5,2027.0,1443.0,2004.2,0.702,1.085,1.0,1.2,2022,Metal Loss_15020.7,True,15020.738,15019.981,METAL_LOSS,False,9.683333333333334,1236,15016.71565629051
4190,13.143,0.344,10.013,3.133,15021.631,Metal Loss,External,12.0,0.041,27.0,GENE,20.0,,,,9.4,3.0,10:11,EXT ML,4,N,N,5.97,42.564,08:08,12.985,CMFL,1025,65000,E.R. WELD,24,1445.9,2008.2,1427.1,1982.1,0.709,1.077,1.0,1.2,2022,Metal Loss_15021.6,True,15021.631,15020.874,METAL_LOSS,False,10.183333333333334,1237,15017.300917772927
4200,40.276,0.344,5.203,35.075,15029.964,Metal Loss,External,12.0,0.041,27.0,GENE,20.0,,,,4.4,2.4,7:04,EXT ML,14,N,N,5.97,42.477,07:32,2.932,CMFL,1025,65000,E.R. WELD,24,1486.9,2065.1,1475.2,2048.9,0.689,1.108,1.0,1.2,2022,Metal Loss_15030.0,True,15029.964,15029.207,METAL_LOSS,False,7.066666666666666,1239,15022.76226596216
4200,40.276,0.344,8.917,31.358,15033.681,Metal Loss,External,14.0,0.048,29.0,GENE,20.0,,,,5.3,2.8,2:45,EXT ML,14,N,N,5.97,42.364,07:32,29.531,CMFL,1025,65000,E.R. WELD,24,1462.8,2031.7,1448.3,2011.5,0.701,1.09,1.0,1.2,2022,Metal Loss_15033.7,True,15033.681,15032.924,METAL_LOSS,False,2.75,1241,15025.198343151573
4200,40.276,0.344,9.672,30.604,15034.436,Metal Loss,External,18.0,0.062,33.0,GENE,20.0,,,,3.2,2.0,2:51,EXT ML,14,N,N,5.97,42.341,07:32,29.322,CMFL,1025,65000,E.R. WELD,24,1483.7,2060.7,1470.6,2042.5,0.691,1.104,1.0,1.2,2022,Metal Loss_15034.4,True,15034.436,15033.679,METAL_LOSS,False,2.85,1242,15025.693161090234
4200,40.276,0.344,28.182,12.093,15052.946,Metal Loss,External,27.0,0.093,42.0,GENE,20.0,,,,19.8,4.3,1:37,EXT ML,14,N,N,5.97,41.775,07:32,36.652,CMFL,1025,65000,E.R. WELD,24,1253.1,1740.4,1348.0,1872.2,0.818,0.934,1.0,1.2,2022,Metal Loss_15052.9,True,15052.946,15052.189,METAL_LOSS,False,1.6166666666666667,1244,15037.824392937431
4200,40.276,0.344,30.4,9.875,15055.164,Metal Loss,External,15.0,0.052,30.0,GENE,20.0,,,,6.8,5.0,1:08,EXT ML,14,N,N,5.97,41.708,07:32,33.72,CMFL,1025,65000,E.R. WELD,24,1435.8,1994.2,1427.6,1982.8,0.714,1.072,1.0,1.2,2022,Metal Loss_15055.2,True,15055.164,15054.407,METAL_LOSS,False,1.1333333333333333,1246,15039.278043517501
4200,40.276,0.344,39.259,1.02,15064.019,Metal Loss,External,15.0,0.052,30.0,GENE,20.0,,,,2.1,1.4,6:43,EXT ML,14,N,N,5.97,41.437,07:32,5.027,CMFL,1025,65000,E.R. WELD,24,1518.5,2109.0,1512.5,2100.7,0.675,1.132,1.0,1.2,2022,Metal Loss_15064.0,True,15064.019,15063.262,METAL_LOSS,False,6.716666666666667,1247,15045.081504241807
4200,40.276,0.344,39.409,0.869,15064.17,Metal Loss,External,17.0,0.058,32.0,CIGR,20.0,,,,0.8,3.6,3:25,EXT ML,14,N,N,5.97,41.433,07:32,27.437,CMFL,1025,65000,E.R. WELD,24,1541.6,2141.1,1540.3,2139.3,0.665,1.149,0.6,1.2,2022,Metal Loss_15064.2,True,15064.17,15063.413,METAL_LOSS,False,3.4166666666666665,1248,15045.18046782954
4200,40.276,0.344,39.432,0.843,15064.196,Metal Loss,External,17.0,0.058,32.0,GENE,20.0,,,,2.0,1.4,4:52,EXT ML,14,N,N,5.97,41.432,07:32,16.755,CMFL,1025,65000,E.R. WELD,24,1515.3,2104.6,1508.5,2095.2,0.677,1.129,1.0,1.2,2022,Metal Loss_15064.2,True,15064.196,15063.439,METAL_LOSS,False,4.866666666666667,1249,15045.197507917494
4200,40.276,0.344,39.442,0.833,15064.206,Metal Loss,External,15.0,0.052,30.0,AXGR,20.0,,,,2.3,1.0,7:33,EXT ML ( ON SW ),14,N,N,5.97,41.431,07:32,0.209,CMFL,1025,65000,E.R. WELD,24,1512.1,2100.2,1504.8,2090.0,0.678,1.128,1.0,1.2,2022,Metal Loss_15064.2,True,15064.206,15063.449,METAL_LOSS,False,7.55,1250,15045.204061797476
4200,40.276,0.344,39.455,0.82,15064.219,Metal Loss,External,13.0,0.044,28.0,GENE,20.0,,,,1.6,2.1,2:16,EXT ML,14,N,N,5.97,41.431,07:32,32.254,CMFL,1025,65000,E.R. WELD,24,1532.5,2128.4,1529.5,2124.3,0.669,1.142,1.0,1.2,2022,Metal Loss_15064.2,True,15064.219,15063.462,METAL_LOSS,False,2.2666666666666666,1251,15045.212581841452
4200,40.276,0.344,39.485,0.791,15064.249,Metal Loss,External,13.0,0.044,28.0,AXGR,20.0,,,,1.3,0.7,4:23,EXT ML,14,N,N,5.97,41.43,07:32,19.687,CMFL,1025,65000,E.R. WELD,24,1536.5,2134.1,1534.2,2130.9,0.667,1.145,1.0,1.2,2022,Metal Loss_15064.2,True,15064.249,15063.492,METAL_LOSS,False,4.383333333333334,1252,15045.2322434814
4200,40.276,0.344,40.161,0.115,15064.925,Metal Loss,External,12.0,0.041,27.0,GENE,25.0,,,,2.6,3.3,2:29,EXT ML ( ON GW ),14,N,N,5.97,41.41,07:32,31.625,CMFL,1025,65000,E.R. WELD,24,1513.8,2102.5,1507.1,2093.2,0.677,1.129,1.2,1.4,2022,Metal Loss_15064.9,True,15064.925,15064.168,METAL_LOSS,False,2.4833333333333334,1253,15045.6752857682
4210,40.016,0.344,0.604,39.413,15065.643,Metal Loss,External,16.0,0.055,31.0,GENE,20.0,,,,3.8,3.8,8:53,EXT ML,14,N,N,5.97,41.388,11:40,17.383,CMFL,1025,65000,E.R. WELD,24,1478.1,2052.9,1464.3,2033.7,0.694,1.101,1.0,1.2,2022,Metal Loss_15065.6,True,15065.643,15064.886,METAL_LOSS,False,8.883333333333333,1255,15046.35238498638
4210,40.016,0.344,0.732,39.285,15065.771,Metal Loss,External,22.0,0.076,37.0,GENE,20.0,,,,1.5,2.2,12:22,EXT ML,14,N,N,5.97,41.384,11:40,4.398,CMFL,1025,65000,E.R. WELD,24,1521.3,2113.0,1515.4,2104.7,0.674,1.134,1.0,1.2,2022,Metal Loss_15065.8,True,15065.771,15065.014,METAL_LOSS,False,12.366666666666667,1256,15046.480042731839
4210,40.016,0.344,23.369,16.644,15088.412,Metal Loss,External,27.0,0.093,42.0,GENE,20.0,,,,42.6,8.3,8:01,EXT ML,14,N,N,5.97,40.782,11:40,22.41,CMFL,1025,65000,E.R. WELD,24,1221.2,1696.1,1310.6,1820.2,0.839,0.909,1.0,1.2,2022,Metal Loss_15088.4,True,15088.412,15087.655,METAL_LOSS,False,8.016666666666667,1259,15069.060503785891
4210,40.016,0.344,27.126,12.89,15092.165,Metal Loss,External,41.0,0.141,56.0,GENE,15.0,,,,53.2,12.3,7:48,*EXT ML,14,Y,Y,5.97,40.684,11:40,21.572,CMFL,1025,65000,E.R. WELD,24,1031.2,1432.2,1208.7,1678.8,0.994,0.771,1.0,1.2,2022,Metal Loss_15092.2,True,15092.165,15091.408,METAL_LOSS,False,7.8,1260,15072.80346877577
4210,40.016,0.344,36.48,3.537,15101.519,Metal Loss,External,12.0,0.041,27.0,GENE,20.0,,,,2.3,1.3,1:46,EXT ML,14,N,N,5.97,40.438,11:40,13.195,CMFL,1025,65000,E.R. WELD,24,1521.2,2112.8,1516.0,2105.6,0.674,1.134,1.0,1.2,2022,Metal Loss_15101.5,True,15101.519,15100.762,METAL_LOSS,False,1.7666666666666666,1265,15082.13245745558
4210,40.016,0.344,37.293,2.723,15102.333,Metal Loss,External,15.0,0.052,30.0,GENE,20.0,,,,1.5,1.9,9:13,EXT ML,14,N,N,5.97,40.417,11:40,15.289,CMFL,1025,65000,E.R. WELD,24,1531.8,2127.5,1528.4,2122.8,0.669,1.142,1.0,1.2,2022,Metal Loss_15102.3,True,15102.333,15101.576,METAL_LOSS,False,9.216666666666667,1267,15082.944280930604
4210,40.016,0.344,38.212,1.804,15103.251,Metal Loss,External,15.0,0.052,30.0,GENE,20.0,,,,1.7,2.2,9:23,EXT ML,14,N,N,5.97,40.393,11:40,14.242,CMFL,1025,65000,E.R. WELD,24,1527.3,2121.2,1523.0,2115.3,0.671,1.138,1.0,1.2,2022,Metal Loss_15103.3,True,15103.251,15102.494,METAL_LOSS,False,9.383333333333333,1268,15083.859826323813
4210,40.016,0.344,38.894,1.122,15103.934,Metal Loss,External,16.0,0.055,31.0,GENE,20.0,,,,6.3,3.6,9:43,EXT ML,14,N,N,5.97,40.375,11:40,12.147,CMFL,1025,65000,E.R. WELD,24,1436.6,1995.2,1415.2,1965.5,0.714,1.07,1.0,1.2,2022,Metal Loss_15103.9,True,15103.934,15103.177,METAL_LOSS,False,9.716666666666667,1269,15084.541000074967
4220,40.223,0.344,2.648,37.575,15107.703,Metal Loss,External,14.0,0.048,29.0,GENE,20.0,,,,2.2,1.5,8:23,EXT ML,16,N,N,5.97,40.276,10:48,15.08,CMFL,1025,65000,E.R. WELD,24,1518.1,2108.4,1512.1,2100.1,0.675,1.132,1.0,1.2,2022,Metal Loss_15107.7,True,15107.703,15106.946,METAL_LOSS,False,8.383333333333333,1271,15088.285743977325
4220,40.223,0.344,3.212,37.008,15108.271,Metal Loss,External,12.0,0.041,27.0,GENE,20.0,,,,3.1,1.7,8:51,EXT ML,16,N,N,5.97,40.263,10:48,12.147,CMFL,1025,65000,E.R. WELD,24,1509.2,2096.1,1501.7,2085.6,0.679,1.124,1.0,1.2,2022,Metal Loss_15108.3,True,15108.271,15107.514,METAL_LOSS,False,8.85,1272,15088.849182805858
4220,40.223,0.344,6.86,33.36,15111.919,Metal Loss,External,13.0,0.044,28.0,GENE,20.0,,,,3.6,1.8,8:32,EXT ML,16,N,N,5.97,40.176,10:48,14.451,CMFL,1025,65000,E.R. WELD,24,1492.4,2072.8,1485.9,2063.7,0.687,1.114,1.0,1.2,2022,Metal Loss_15111.9,True,15111.919,15111.162,METAL_LOSS,False,8.533333333333333,1274,15092.467888521493
4220,40.223,0.344,8.33,31.893,15113.386,Metal Loss,External,29.0,0.1,44.0,GENE,20.0,,,,15.4,8.8,5:07,EXT ML,16,N,N,5.97,40.141,10:48,36.652,CMFL,1025,65000,E.R. WELD,24,1237.3,1718.5,1277.3,1774.1,0.829,0.926,1.0,1.2,2022,Metal Loss_15113.4,True,15113.386,15112.629,METAL_LOSS,False,5.116666666666666,1275,15093.92310817194
4220,40.223,0.344,8.638,31.585,15113.694,Metal Loss,External,12.0,0.041,27.0,GENE,20.0,,,,6.5,2.0,11:43,EXT ML,16,N,N,5.97,40.133,10:48,6.074,CMFL,1025,65000,E.R. WELD,24,1462.0,2030.6,1460.6,2028.6,0.701,1.091,1.0,1.2,2022,Metal Loss_15113.7,True,15113.694,15112.937,METAL_LOSS,False,11.716666666666667,1276,15094.22863486065
4220,40.223,0.344,10.095,30.125,15115.154,Metal Loss,External,16.0,0.055,31.0,GENE,20.0,,,,9.9,4.8,9:36,EXT ML,16,N,N,5.97,40.099,10:48,7.121,CMFL,1025,65000,E.R. WELD,24,1408.2,1955.9,1404.6,1950.8,0.728,1.047,1.0,1.2,2022,Metal Loss_15115.2,True,15115.154,15114.397,METAL_LOSS,False,9.6,1277,15095.676910722721
4220,40.223,0.344,10.423,29.8,15115.479,Metal Loss,External,34.0,0.117,49.0,GENE,20.0,,,,24.7,10.4,11:53,EXT ML,16,N,N,5.97,40.091,10:48,9.215,CMFL,1025,65000,E.R. WELD,24,1158.6,1609.2,1191.1,1654.2,0.885,0.865,1.0,1.2,2022,Metal Loss_15115.5,True,15115.479,15114.722,METAL_LOSS,False,11.883333333333333,1278,15095.999300897494
4220,40.223,0.344,20.735,19.488,15125.791,Metal Loss,External,21.0,0.072,36.0,GENE,20.0,,,,10.7,7.9,3:35,EXT ML,16,N,N,5.97,39.845,10:48,27.018,CMFL,1025,65000,E.R. WELD,24,1351.2,1876.7,1338.3,1858.7,0.759,1.008,1.0,1.2,2022,Metal Loss_15125.8,True,15125.791,15125.034,METAL_LOSS,False,3.5833333333333335,1279,15106.228493150684
4220,40.223,0.344,21.066,19.157,15126.122,Metal Loss,External,32.0,0.11,47.0,GENE,20.0,,,,1.9,1.4,1:51,EXT ML,16,N,N,5.97,39.837,10:48,19.268,CMFL,1025,65000,E.R. WELD,24,1485.4,2063.1,1470.0,2041.7,0.69,1.107,1.0,1.2,2022,Metal Loss_15126.1,True,15126.122,15125.365,METAL_LOSS,False,1.85,1280,15106.55683514407
4220,40.223,0.344,27.26,12.959,15132.32,Metal Loss,External,16.0,0.055,31.0,GENE,20.0,,,,2.6,2.2,6:21,EXT ML,16,N,N,5.97,39.689,10:48,27.855,CMFL,1025,65000,E.R. WELD,24,1504.5,2089.6,1495.7,2077.3,0.681,1.122,1.0,1.2,2022,Metal Loss_15132.3,True,15132.32,15131.563,METAL_LOSS,False,6.35,1281,15112.705063769485
4220,40.223,0.344,27.428,12.795,15132.484,Metal Loss,External,40.0,0.137,55.0,GENE,20.0,,,,10.3,4.3,7:45,EXT ML,16,N,N,5.97,39.685,10:48,18.012,CMFL,1025,65000,E.R. WELD,24,1161.3,1613.0,1277.3,1774.0,0.883,0.862,1.0,1.2,2022,Metal Loss_15132.5,True,15132.484,15131.727,METAL_LOSS,False,7.75,1282,15112.867746811526
4220,40.223,0.344,27.959,12.264,15133.015,Metal Loss,External,13.0,0.044,28.0,GENE,20.0,,,,2.6,3.1,6:13,EXT ML,16,N,N,5.97,39.672,10:48,28.693,CMFL,1025,65000,E.R. WELD,24,1513.3,2101.8,1506.5,2092.3,0.677,1.128,1.0,1.2,2022,Metal Loss_15133.0,True,15133.015,15132.258,METAL_LOSS,False,6.216666666666667,1283,15113.39448275862
4220,40.223,0.344,35.305,4.918,15140.361,Metal Loss,External,16.0,0.055,31.0,GENE,20.0,,,,5.5,5.0,6:19,EXT ML,16,N,N,5.97,39.497,10:48,29.531,CMFL,1025,65000,E.R. WELD,24,1449.3,2012.9,1438.0,1997.2,0.707,1.079,1.0,1.2,2022,Metal Loss_15140.4,True,15140.361,15139.604,METAL_LOSS,False,6.316666666666666,1286,15120.681492678319
4220,40.223,0.344,39.147,1.073,15144.206,Metal Loss,External,21.0,0.072,36.0,GENE,20.0,,,,6.0,7.6,3:32,EXT ML,16,N,N,5.97,39.405,10:48,31.835,CMFL,1025,65000,E.R. WELD,24,1400.6,1945.3,1387.2,1926.7,0.732,1.045,1.0,1.2,2022,Metal Loss_15144.2,True,15144.206,15143.449,METAL_LOSS,False,3.533333333333333,1287,15124.495616438355
4220,40.223,0.344,39.495,0.728,15144.551,Metal Loss,External,19.0,0.065,39.0,AXSL,20.0,,,,0.8,0.3,2:29,EXT ML,16,N,N,5.97,39.397,10:48,23.248,CMFL,1025,65000,E.R. WELD,24,1540.5,2139.6,1538.9,2137.4,0.665,1.148,1.0,1.2,2022,Metal Loss_15144.6,True,15144.551,15143.794,METAL_LOSS,False,2.4833333333333334,1288,15124.8378460085
4230,40.102,0.344,0.794,39.311,15146.073,Metal Loss,External,23.0,0.079,38.0,GENE,20.0,,,,2.6,4.5,10:56,EXT ML,3,N,N,5.97,39.361,11:44,3.351,CMFL,1025,65000,E.R. WELD,24,1482.5,2059.0,1481.9,2058.1,0.692,1.104,1.0,1.2,2022,Metal Loss_15146.1,True,15146.073,15145.316,METAL_LOSS,False,10.933333333333334,1290,15126.349743423512
4230,40.102,0.344,0.86,39.245,15146.138,Metal Loss,External,10.0,0.034,25.0,GENE,20.0,,,,4.7,3.6,3:40,EXT ML,3,N,N,5.97,39.359,11:44,24.714,CMFL,1025,65000,E.R. WELD,24,1493.0,2073.6,1482.6,2059.2,0.687,1.114,1.0,1.2,2022,Metal Loss_15146.1,True,15146.138,15145.381,METAL_LOSS,False,3.6666666666666665,1291,15126.414394963222
4230,40.102,0.344,16.214,23.891,15161.493,Metal Loss,External,14.0,0.048,29.0,GENE,20.0,,,,3.4,1.9,11:36,EXT ML ( ON SW ),3,N,N,5.97,39.026,11:44,0.838,CMFL,1025,65000,E.R. WELD,24,1494.2,2075.3,1483.6,2060.6,0.686,1.114,1.0,1.2,2022,Metal Loss_15161.5,True,15161.493,15160.736,METAL_LOSS,False,11.6,1292,15141.687077920458
4240,40.102,0.344,26.017,14.085,15211.401,Metal Loss,External,13.0,0.044,28.0,GENE,20.0,,,,3.3,2.4,8:33,EXT ML,3,N,N,5.97,38.19,UNKN,,CMFL,1025,65000,E.R. WELD,24,1501.8,2085.8,1492.8,2073.3,0.683,1.118,1.0,1.2,2022,Metal Loss_15211.4,True,15211.401,15210.644,METAL_LOSS,False,8.55,1294,15191.290534387312
4240,40.102,0.344,38.773,1.332,15224.154,Metal Loss,External,23.0,0.079,38.0,GENE,20.0,,,,7.4,6.1,4:14,EXT ML,3,N,N,5.97,38.044,UNKN,,CMFL,1025,65000,E.R. WELD,24,1364.3,1894.9,1387.0,1926.5,0.751,1.017,1.0,1.2,2022,Metal Loss_15224.2,True,15224.154,15223.397,METAL_LOSS,False,4.233333333333333,1295,15203.957034561867
4240,40.102,0.344,39.088,1.014,15224.472,Metal Loss,External,22.0,0.076,37.0,GENE,20.0,,,,25.2,18.5,1:58,EXT ML ( ON GW ON SW ),3,N,N,5.97,38.04,UNKN,,CMFL,1025,65000,E.R. WELD,24,1300.6,1806.4,1338.9,1859.6,0.788,0.97,1.0,1.2,2022,Metal Loss_15224.5,True,15224.472,15223.715,METAL_LOSS,False,1.9666666666666668,1296,15204.272877661962
4250,39.905,0.344,0.82,39.085,15226.306,Metal Loss,External,18.0,0.062,33.0,GENE,20.0,,,,3.1,3.5,2:39,EXT ML,4,N,N,5.97,38.019,12:40,13.195,CMFL,1025,65000,E.R. WELD,24,1485.5,2063.3,1477.8,2052.5,0.69,1.107,1.0,1.2,2022,Metal Loss_15226.3,True,15226.306,15225.549,METAL_LOSS,False,2.65,1298,15206.087382718524
4250,39.905,0.344,1.404,38.501,15226.89,Metal Loss,External,10.0,0.034,25.0,GENE,20.0,,,,5.0,1.3,12:49,EXT ML ( NEAR SW ),4,N,N,5.97,38.013,12:40,1.047,CMFL,1025,65000,E.R. WELD,24,1490.4,2070.1,1479.6,2055.1,0.688,1.111,1.0,1.2,2022,Metal Loss_15226.9,True,15226.89,15226.133,METAL_LOSS,False,12.816666666666666,1299,15206.662396752205
4250,39.905,0.344,2.32,37.585,15227.805,Metal Loss,External,14.0,0.048,29.0,GENE,15.0,,,,5.1,2.2,12:52,*EXT ML ( NEAR SW ),4,Y,Y,5.97,38.002,12:40,1.257,CMFL,1025,65000,E.R. WELD,24,1465.3,2035.2,1449.4,2013.1,0.7,1.092,0.8,1.0,2022,Metal Loss_15227.8,True,15227.805,15227.048,METAL_LOSS,False,12.866666666666667,1300,15207.563317712511
4250,39.905,0.344,16.745,23.159,15242.231,Metal Loss,External,17.0,0.058,32.0,GENE,20.0,,,,31.3,3.7,12:57,EXT ML ( ON SW ),4,N,N,5.97,37.921,12:40,0.838,CMFL,1025,65000,E.R. WELD,24,1346.8,1870.5,1334.7,1853.8,0.761,1.008,1.0,1.2,2022,Metal Loss_15242.2,True,15242.231,15241.474,METAL_LOSS,False,12.95,1301,15221.767345880113
4260,39.544,0.344,36.952,2.592,15302.343,Metal Loss,External,19.0,0.065,34.0,GENE,20.0,,,,2.3,2.9,5:01,EXT ML,4,N,N,5.97,37.71,11:00,37.49,CMFL,1025,65000,E.R. WELD,24,1503.7,2088.4,1494.3,2075.5,0.682,1.121,1.0,1.2,2022,Metal Loss_15302.3,True,15302.343,15301.586,METAL_LOSS,False,5.016666666666667,1303,15254.73712118147
4260,39.544,0.344,37.625,1.919,15303.015,Metal Loss,External,14.0,0.048,29.0,AXGR,20.0,,,,1.3,0.7,5:36,EXT ML,4,N,N,5.97,37.709,11:00,33.929,CMFL,1025,65000,E.R. WELD,24,1535.6,2132.8,1533.1,2129.3,0.668,1.144,1.0,1.2,2022,Metal Loss_15303.0,True,15303.015,15302.258,METAL_LOSS,False,5.6,1304,15254.922012947603
4260,39.544,0.344,37.677,1.867,15303.068,Metal Loss,External,14.0,0.048,34.0,AXSL,20.0,,,,1.1,0.3,6:22,EXT ML,4,N,N,5.97,37.709,11:00,29.112,CMFL,1025,65000,E.R. WELD,24,1538.8,2137.3,1537.0,2134.7,0.666,1.147,1.0,1.2,2022,Metal Loss_15303.1,True,15303.068,15302.311,METAL_LOSS,False,6.366666666666666,1305,15254.93659518511
4260,39.544,0.344,38.501,1.043,15303.891,Metal Loss,External,19.0,0.065,34.0,GENE,20.0,,,,5.4,7.0,7:39,EXT ML,4,N,N,5.97,37.707,11:00,18.64,CMFL,1025,65000,E.R. WELD,24,1427.9,1983.1,1411.2,1960.0,0.718,1.065,1.0,1.2,2022,Metal Loss_15303.9,True,15303.891,15303.134,METAL_LOSS,False,7.65,1306,15255.163032571314
4270,10.925,0.344,9.698,1.227,15314.633,Metal Loss,External,16.0,0.055,31.0,GENE,20.0,,,,10.7,4.8,7:54,EXT ML ( ON SW ),3,N,N,5.97,37.746,08:08,1.047,CMFL,1025,65000,E.R. WELD,24,1404.3,1950.4,1435.7,1994.1,0.73,1.044,1.0,1.2,2022,Metal Loss_15314.6,True,15314.633,15313.876,METAL_LOSS,False,7.9,1308,15272.715746842392
4270,10.925,0.344,10.387,0.538,15315.322,Metal Loss,External,14.0,0.048,29.0,GENE,20.0,,,,2.9,1.7,2:48,EXT ML,3,N,N,5.97,37.751,08:08,33.51,CMFL,1025,65000,E.R. WELD,24,1504.8,2090.0,1496.2,2078.1,0.681,1.121,1.0,1.2,2022,Metal Loss_15315.3,True,15315.322,15314.565,METAL_LOSS,False,2.8,1310,15273.942275306606
4340,13.002,0.344,12.215,0.787,15405.932,Metal Loss,External,16.0,0.055,31.0,GENE,20.0,,,,2.8,2.2,2:02,EXT ML,2,N,N,5.97,31.585,11:52,13.614,CMFL,1025,65000,E.R. WELD,24,1498.9,2081.8,1488.9,2067.9,0.684,1.118,1.0,1.2,2022,Metal Loss_15405.9,True,15405.932,15405.175,METAL_LOSS,False,2.033333333333333,1322,15366.166676665129
4340,13.002,0.344,12.346,0.656,15406.063,Metal Loss,External,14.0,0.048,29.0,GENE,20.0,,,,6.4,2.6,3:47,EXT ML,2,N,N,5.97,31.67,11:52,24.714,CMFL,1025,65000,E.R. WELD,24,1450.5,2014.7,1434.9,1993.0,0.707,1.081,1.0,1.2,2022,Metal Loss_15406.1,True,15406.063,15405.306,METAL_LOSS,False,3.783333333333333,1323,15366.287077372712
4360,11.929,0.344,2.136,9.793,15418.435,Metal Loss,External,13.0,0.044,28.0,GENE,20.0,,,,1.6,1.7,6:44,EXT ML,4,N,N,5.97,37.068,04:52,11.729,CMFL,1025,65000,E.R. WELD,24,1531.5,2127.1,1528.2,2122.5,0.669,1.142,1.0,1.2,2022,Metal Loss_15418.4,True,15418.435,15417.678,METAL_LOSS,False,6.733333333333333,1327,15408.532484541356
4360,11.929,0.344,2.31,9.619,15418.609,Metal Loss,External,15.0,0.052,30.0,GENE,20.0,,,,2.2,1.7,10:40,EXT ML,4,N,N,5.97,37.131,04:52,36.442,CMFL,1025,65000,E.R. WELD,24,1515.9,2105.5,1509.4,2096.4,0.676,1.131,1.0,1.2,2022,Metal Loss_15418.6,True,15418.609,15417.852,METAL_LOSS,False,10.666666666666666,1328,15409.150937282073
4360,11.929,0.344,2.549,9.38,15418.848,Metal Loss,External,25.0,0.086,40.0,GENE,20.0,,,,1.7,1.3,5:14,EXT ML,4,N,N,5.97,37.209,04:52,2.304,CMFL,1025,65000,E.R. WELD,24,1509.9,2097.0,1501.2,2085.0,0.679,1.125,1.0,1.2,2022,Metal Loss_15418.8,True,15418.848,15418.091,METAL_LOSS,False,5.233333333333333,1329,15410.000421219027
4360,11.929,0.344,2.592,9.341,15418.888,Metal Loss,External,12.0,0.041,27.0,PITT,20.0,,,,1.5,1.0,7:02,EXT ML,4,N,N,5.97,37.216,04:52,13.614,CMFL,1025,65000,E.R. WELD,24,1534.3,2131.0,1531.6,2127.3,0.668,1.144,0.6,1.2,2022,Metal Loss_15418.9,True,15418.888,15418.131,METAL_LOSS,False,7.033333333333333,1330,15410.142594262872
4410,40.138,0.344,0.423,39.715,15546.969,Metal Loss,External,14.0,0.048,29.0,GENE,20.0,,,,24.6,7.8,8:02,EXT ML,3,N,N,5.97,72.04,11:48,25.761,CMFL,1025,65000,E.R. WELD,24,1393.1,1934.9,1400.6,1945.3,0.736,1.038,1.0,1.2,2022,Metal Loss_15547.0,True,15546.969,15546.212,METAL_LOSS,False,8.033333333333333,1339,15563.992753500423
4410,40.138,0.344,0.469,39.669,15547.014,Metal Loss,External,16.0,0.055,31.0,GENE,20.0,,,,5.8,4.9,3:04,EXT ML,3,N,N,5.97,72.055,11:48,21.572,CMFL,1025,65000,E.R. WELD,24,1440.3,2000.4,1425.1,1979.3,0.712,1.075,1.0,1.2,2022,Metal Loss_15547.0,True,15547.014,15546.257,METAL_LOSS,False,3.066666666666667,1340,15564.037621206835
4410,40.138,0.344,1.985,38.15,15548.533,Metal Loss,External,12.0,0.041,27.0,GENE,20.0,,,,1.6,2.0,6:30,EXT ML,3,N,N,5.97,72.547,11:48,33.301,CMFL,1025,65000,E.R. WELD,24,1533.4,2129.8,1530.6,2125.8,0.669,1.143,1.0,1.2,2022,Metal Loss_15548.5,True,15548.533,15547.776,METAL_LOSS,False,6.5,1341,15565.552155563306
4430,40.036,0.344,0.807,39.232,15627.723,Metal Loss,External,22.0,0.076,37.0,GENE,20.0,,,,2.8,1.9,4:54,EXT ML,1,N,N,5.97,104.944,09:52,31.206,CMFL,1025,65000,E.R. WELD,24,1476.1,2050.2,1460.7,2028.8,0.694,1.101,1.0,1.2,2022,Metal Loss_15627.7,True,15627.723,15626.966,METAL_LOSS,False,4.9,1344,15644.433879508442
4500,40.256,0.344,3.632,36.624,15906.217,Metal Loss,External,10.0,0.034,25.0,GENE,20.0,,,,3.7,2.7,7:18,EXT ML,1,N,N,5.97,170.325,11:36,27.018,CMFL,1025,65000,E.R. WELD,24,1504.7,2089.8,1496.4,2078.4,0.681,1.122,1.0,1.2,2022,Metal Loss_15906.2,True,15906.217,15905.46,METAL_LOSS,False,7.3,1356,15921.896120826712
4510,40.157,0.344,18.622,21.535,15961.463,Metal Loss,External,11.0,0.038,26.0,AXGR,20.0,,,,3.6,1.0,3:14,EXT ML,4,N,N,5.97,177.619,09:16,37.49,CMFL,1025,65000,E.R. WELD,24,1502.3,2086.6,1493.6,2074.4,0.682,1.121,1.0,1.2,2022,Metal Loss_15961.5,True,15961.463,15960.706,METAL_LOSS,False,3.2333333333333334,1358,15976.922644055978
4510,40.157,0.344,21.847,18.31,15964.688,Metal Loss,External,13.0,0.044,28.0,AXGR,20.0,,,,3.4,1.1,3:11,EXT ML,4,N,N,5.97,178.076,09:16,37.28,CMFL,1025,65000,E.R. WELD,24,1499.8,2083.0,1490.4,2070.0,0.684,1.117,1.0,1.2,2022,Metal Loss_15964.7,True,15964.688,15963.931,METAL_LOSS,False,3.183333333333333,1359,15980.137364659595
4510,40.157,0.344,22.73,17.431,15965.568,Metal Loss,External,14.0,0.048,29.0,GENE,20.0,,,,3.7,1.4,3:13,EXT ML,4,N,N,5.97,178.201,09:16,37.49,CMFL,1025,65000,E.R. WELD,24,1486.9,2065.2,1475.0,2048.6,0.689,1.109,1.0,1.2,2022,Metal Loss_15965.6,True,15965.568,15964.811,METAL_LOSS,False,3.216666666666667,1360,15981.01455973903
4510,40.157,0.344,25.974,14.183,15968.816,Metal Loss,External,10.0,0.034,25.0,GENE,20.0,,,,8.2,3.4,3:06,EXT ML,4,N,N,5.97,178.662,09:16,36.652,CMFL,1025,65000,E.R. WELD,24,1466.0,2036.2,1450.9,2015.2,0.699,1.094,1.0,1.2,2022,Metal Loss_15968.8,True,15968.816,15968.059,METAL_LOSS,False,3.1,1361,15984.252207032223
4520,40.344,0.344,12.329,28.015,15995.328,Metal Loss,External,10.0,0.034,25.0,GENE,20.0,,,,7.9,3.2,8:02,EXT ML ( ON SW ),5,N,N,5.97,184.03,08:16,1.466,CMFL,1025,65000,E.R. WELD,24,1467.5,2038.3,1452.7,2017.6,0.699,1.095,1.0,1.2,2022,Metal Loss_15995.3,True,15995.328,15994.571,METAL_LOSS,False,8.033333333333333,1363,16010.577203053737
4520,40.344,0.344,15.466,24.879,15998.465,Metal Loss,External,12.0,0.041,27.0,GENE,20.0,,,,13.7,3.7,8:09,EXT ML ( ON SW ),5,N,N,5.97,184.987,08:16,0.628,CMFL,1025,65000,E.R. WELD,24,1432.0,1988.9,1426.7,1981.5,0.716,1.066,1.0,1.2,2022,Metal Loss_15998.5,True,15998.465,15997.708,METAL_LOSS,False,8.15,1365,16013.67812413246
4520,40.344,0.344,36.549,3.796,16019.547,Metal Loss,External,12.0,0.041,27.0,GENE,15.0,,,,8.3,2.2,8:14,*EXT ML ( ON SW ),5,Y,Y,5.97,191.419,08:16,0.209,CMFL,1025,65000,E.R. WELD,24,1450.9,2015.1,1432.8,1990.1,0.707,1.081,0.8,1.0,2022,Metal Loss_16019.5,True,16019.547,16018.79,METAL_LOSS,False,8.233333333333333,1366,16034.517658139996
4520,40.344,0.344,38.251,2.093,16021.25,Metal Loss,External,14.0,0.048,29.0,GENE,20.0,,,,7.8,1.8,8:12,EXT ML ( ON SW ),5,N,N,5.97,191.939,08:16,0.419,CMFL,1025,65000,E.R. WELD,24,1436.9,1995.6,1416.0,1966.6,0.713,1.071,1.0,1.2,2022,Metal Loss_16021.2,True,16021.25,16020.493,METAL_LOSS,False,8.2,1367,16036.201071782669
4530,40.056,0.344,0.6,39.455,16023.944,Metal Loss,External,16.0,0.055,31.0,GENE,20.0,,,,4.6,3.3,6:01,EXT ML,1,N,N,5.97,192.761,04:00,11.729,CMFL,1025,65000,E.R. WELD,24,1462.7,2031.6,1459.2,2026.7,0.701,1.088,1.0,1.2,2022,Metal Loss_16023.9,True,16023.944,16023.187,METAL_LOSS,False,6.016666666666667,1369,16038.855155781905
4540,40.19,0.344,2.461,37.733,16065.86,Metal Loss,Internal,24.0,0.082,39.0,GENE,20.0,,,,1.8,1.5,7:30,INT ML,2,N,N,5.97,207.49,01:20,37.071,CMFL,1025,65000,E.R. WELD,24,1509.5,2096.6,1521.5,2113.2,0.679,1.125,0.6,1.2,2022,Metal Loss_16065.9,True,16065.86,16065.103,METAL_LOSS,False,7.5,1372,16079.717897198589
4540,40.19,0.344,19.078,21.115,16082.477,Metal Loss,Internal,18.0,0.062,33.0,PITT,20.0,,,,0.6,0.9,7:26,INT ML,2,N,N,5.97,212.885,01:20,37.071,CMFL,1025,65000,E.R. WELD,24,1544.3,2144.9,1543.5,2143.8,0.664,1.151,0.6,1.2,2022,Metal Loss_16082.5,True,16082.477,16081.72,METAL_LOSS,False,7.433333333333334,1373,16096.246425337116
4650,39.961,0.344,0.335,39.626,16504.396,Metal Loss,External,12.0,0.041,27.0,GENE,20.0,,,,5.5,2.4,8:13,EXT ML,3,N,N,5.97,250.452,03:08,31.835,CMFL,1025,65000,E.R. WELD,24,1473.5,2046.5,1459.4,2027.0,0.696,1.098,1.0,1.2,2022,Metal Loss_16504.4,True,16504.396,16503.639,METAL_LOSS,False,8.216666666666667,1389,16517.07441791792
4650,39.961,0.344,0.571,39.39,16504.633,Metal Loss,External,25.0,0.086,40.0,GENE,20.0,,,,10.8,7.3,6:56,EXT ML,3,N,N,5.97,250.445,03:08,21.153,CMFL,1025,65000,E.R. WELD,24,1309.3,1818.5,1362.4,1892.2,0.783,0.977,1.0,1.2,2022,Metal Loss_16504.6,True,16504.633,16503.876,METAL_LOSS,False,6.933333333333334,1390,16517.311714464468
4650,39.961,0.344,0.705,39.255,16504.767,Metal Loss,External,15.0,0.052,30.0,GENE,20.0,,,,6.4,10.1,05:00,EXT ML,3,N,N,5.97,250.441,03:08,15.917,CMFL,1025,65000,E.R. WELD,24,1441.0,2001.3,1439.0,1998.6,0.711,1.075,1.0,1.2,2022,Metal Loss_16504.8,True,16504.767,16504.01,METAL_LOSS,False,5.0,1391,16517.44588213213
4660,40.213,0.344,31.913,8.301,16575.932,Metal Loss,External,20.0,0.069,35.0,GENE,20.0,,,,24.2,19.2,5:16,EXT ML,6,N,N,5.97,248.388,01:36,28.903,CMFL,1025,65000,E.R. WELD,24,1330.7,1848.1,1333.4,1851.9,0.77,0.988,1.0,1.2,2022,Metal Loss_16575.9,True,16575.932,16575.175,METAL_LOSS,False,5.266666666666667,1393,16588.485411589158
4660,40.213,0.344,39.252,0.961,16583.271,Metal Loss,External,24.0,0.082,39.0,GENE,20.0,,,,2.5,3.3,9:35,EXT ML,6,N,N,5.97,248.287,01:36,25.133,CMFL,1025,65000,E.R. WELD,24,1482.8,2059.4,1468.4,2039.5,0.691,1.105,1.0,1.2,2022,Metal Loss_16583.3,True,16583.271,16582.514,METAL_LOSS,False,9.583333333333334,1397,16595.784257896048
4660,40.213,0.344,39.272,0.938,16583.294,Metal Loss,External,17.0,0.058,32.0,GENE,20.0,,,,5.3,3.2,4:47,EXT ML,6,N,N,5.97,248.287,01:36,20.106,CMFL,1025,65000,E.R. WELD,24,1442.5,2003.5,1428.2,1983.6,0.711,1.076,1.0,1.2,2022,Metal Loss_16583.3,True,16583.294,16582.537,METAL_LOSS,False,4.783333333333333,1398,16595.807132056707
4680,40.243,0.344,39.249,0.997,16663.53,Metal Loss,External,21.0,0.072,36.0,GENE,20.0,,,,2.2,2.5,4:28,EXT ML,2,N,N,5.97,249.273,12:00,28.065,CMFL,1025,65000,E.R. WELD,24,1499.6,2082.7,1489.2,2068.3,0.684,1.118,1.0,1.2,2022,Metal Loss_16663.5,True,16663.53,16662.772999999997,METAL_LOSS,False,4.466666666666667,1403,16675.689860610728
4690,40.059,0.344,0.738,39.321,16665.262,Metal Loss,External,15.0,0.052,30.0,GENE,20.0,,,,2.4,2.1,6:55,EXT ML,1,N,N,5.97,249.286,10:32,22.619,CMFL,1025,65000,E.R. WELD,24,1510.7,2098.2,1503.2,2087.8,0.679,1.127,1.0,1.2,2022,Metal Loss_16665.3,True,16665.262,16664.504999999997,METAL_LOSS,False,6.916666666666667,1405,16677.41280888778
4700,40.203,0.344,39.38,0.82,16743.967,Metal Loss,External,23.0,0.079,38.0,GENE,20.0,,,,2.0,2.2,3:39,EXT ML,3,N,N,5.97,249.367,12:00,23.038,CMFL,1025,65000,E.R. WELD,24,1503.5,2088.2,1493.7,2074.6,0.682,1.12,1.0,1.2,2022,Metal Loss_16744.0,True,16743.967,16743.21,METAL_LOSS,False,3.65,1409,16755.844364739827
4700,40.203,0.344,39.452,0.751,16744.035,Metal Loss,External,15.0,0.052,30.0,GENE,20.0,,,,1.9,2.5,1:40,EXT ML,3,N,N,5.97,249.367,12:00,10.472,CMFL,1025,65000,E.R. WELD,24,1523.0,2115.2,1517.9,2108.2,0.673,1.134,1.0,1.2,2022,Metal Loss_16744.0,True,16744.035,16743.278,METAL_LOSS,False,1.6666666666666665,1410,16755.912002785793
4710,40.026,0.344,0.085,39.941,16744.872,Metal Loss,External,34.0,0.117,,CIGR,,,,,0.7,1.9,4:12,*EXT ML REPAIRED,3,Y,Y,5.97,249.368,10:52,33.51,CMFL,1025,65000,E.R. WELD,24,1535.2,2132.2,1531.8,2127.5,0.668,1.144,,,2022,Metal Loss_16744.9,True,16744.872,16744.114999999998,METAL_LOSS,False,4.2,1414,16756.744923549693
4710,40.026,0.344,0.604,39.423,16745.39,Metal Loss,External,29.0,0.1,,GENE,,,,,8.6,15.1,4:34,*EXT ML REPAIRED,3,Y,Y,5.97,249.368,10:52,35.395,CMFL,1025,65000,E.R. WELD,24,1296.5,1800.7,1345.2,1868.4,0.791,0.963,,,2022,Metal Loss_16745.4,True,16745.39,16744.632999999998,METAL_LOSS,False,4.566666666666666,1415,16757.262457652523
4710,40.026,0.344,0.774,39.252,16745.561,Metal Loss,External,22.0,0.076,,GENE,,,,,1.2,1.7,1:46,EXT ML REPAIRED,3,N,N,5.97,249.368,10:52,18.221,CMFL,1025,65000,E.R. WELD,24,1529.3,2124.0,1525.1,2118.2,0.67,1.14,,,2022,Metal Loss_16745.6,True,16745.561,16744.804,METAL_LOSS,False,1.7666666666666666,1416,16757.433303852496
4720,40.246,0.344,39.508,0.738,16824.321,Metal Loss,External,20.0,0.069,35.0,GENE,20.0,,,,18.5,6.8,3:23,EXT ML ( ON GW ),2,N,N,5.97,249.899,12:08,20.944,CMFL,1025,65000,E.R. WELD,24,1334.4,1853.3,1381.4,1918.6,0.768,0.994,1.0,1.2,2022,Metal Loss_16824.3,True,16824.321,16823.564,METAL_LOSS,False,3.3833333333333333,1421,16835.86742781891
4720,40.246,0.344,39.987,0.259,16824.8,Metal Loss,External,20.0,0.069,35.0,GENE,20.0,,,,2.6,3.5,6:05,EXT ML ( NEAR GW ),2,N,N,5.97,249.904,12:08,37.49,CMFL,1025,65000,E.R. WELD,24,1491.4,2071.4,1479.5,2054.9,0.687,1.11,1.0,1.2,2022,Metal Loss_16824.8,True,16824.8,16824.042999999998,METAL_LOSS,False,6.083333333333333,1422,16836.342904884954
4730,40.007,0.344,0.233,39.774,16825.289,Metal Loss,External,14.0,0.048,29.0,GENE,20.0,,,,10.9,5.9,5:04,EXT ML,1,N,N,5.97,249.909,11:12,37.28,CMFL,1025,65000,E.R. WELD,24,1415.4,1965.8,1419.7,1971.8,0.724,1.058,1.0,1.2,2022,Metal Loss_16825.3,True,16825.289,16824.532,METAL_LOSS,False,5.066666666666666,1424,16836.829982751293
4760,40.213,0.344,33.146,7.067,16978.402,Metal Loss,External,15.0,0.052,30.0,GENE,20.0,,,,3.9,1.7,11:32,EXT ML ( ON SW ),1,N,N,5.97,250.653,11:36,0.419,CMFL,1025,65000,E.R. WELD,24,1479.8,2055.3,1466.4,2036.7,0.693,1.103,1.0,1.2,2022,Metal Loss_16978.4,True,16978.402,16977.644999999997,METAL_LOSS,False,11.533333333333333,1428,16989.412734190435
4960,40.105,0.344,1.23,38.871,17668.209,Metal Loss,External,29.0,0.1,44.0,GENE,20.0,,,,43.5,6.3,10:17,EXT ML,1,N,N,5.97,388.738,UNKN,,CMFL,1025,65000,E.R. WELD,24,1190.7,1653.7,1414.7,1964.9,0.861,0.89,1.0,1.2,2022,Metal Loss_17668.2,True,17668.209,17667.451999999997,METAL_LOSS,False,10.283333333333333,1461,17675.58830769231
5100,40.19,0.344,39.035,1.155,18250.587,Metal Loss,External,23.0,0.079,38.0,GENE,20.0,,,,1.9,2.8,5:22,EXT ML,1,N,N,5.97,371.671,03:08,14.032,CMFL,1025,65000,E.R. WELD,24,1506.2,2092.0,1497.0,2079.1,0.681,1.123,1.0,1.2,2022,Metal Loss_18250.6,True,18250.587,18249.83,METAL_LOSS,False,5.366666666666666,1479,18224.04988554367
5120,40.118,0.344,0.738,39.38,18260.607,Metal Loss,External,25.0,0.086,40.0,GENE,20.0,,,,3.1,2.6,5:30,EXT ML,1,N,N,5.97,370.983,UNKN,,CMFL,1025,65000,E.R. WELD,24,1454.3,2019.9,1466.7,2037.1,0.705,1.083,1.0,1.2,2022,Metal Loss_18260.6,True,18260.607,18259.85,METAL_LOSS,False,5.5,1482,18265.904725559598
5180,40.062,0.344,0.837,39.226,18501.375,Metal Loss,External,42.0,0.144,57.0,GENE,20.0,,,,2.7,2.7,6:02,EXT ML,1,N,N,5.97,395.641,01:16,30.369,CMFL,1025,65000,E.R. WELD,24,1395.2,1937.8,1449.6,2013.3,0.735,1.041,0.6,1.2,2022,Metal Loss_18501.4,True,18501.375,18500.618,METAL_LOSS,False,6.033333333333333,1490,18500.586958214768
5490,39.961,0.344,7.549,32.415,19703.789,Metal Loss,External,17.0,0.058,32.0,GENE,20.0,,,,23.5,5.6,11:26,EXT ML ( ON SW ),2,N,N,5.97,479.797,11:16,0.0,CMFL,1025,65000,E.R. WELD,24,1361.4,1890.9,1401.8,1946.9,0.753,1.014,1.0,1.2,2022,Metal Loss_19703.8,True,19703.789,19703.032,METAL_LOSS,False,11.433333333333334,1537,19703.797689170253
5490,39.961,0.344,15.282,24.678,19711.526,Metal Loss,External,13.0,0.044,28.0,GENE,20.0,,,,6.6,2.6,11:25,EXT ML ( ON SW ),2,N,N,5.97,477.975,11:16,1.047,CMFL,1025,65000,E.R. WELD,24,1455.4,2021.4,1438.0,1997.2,0.704,1.085,1.0,1.2,2022,Metal Loss_19711.5,True,19711.526,19710.769,METAL_LOSS,False,11.416666666666666,1538,19711.543594735263
5600,40.236,0.344,39.377,0.86,20176.562,Metal Loss,External,12.0,0.041,27.0,GENE,20.0,,,,8.4,3.1,3:07,EXT ML,1,N,N,5.97,388.936,09:40,34.348,CMFL,1025,65000,E.R. WELD,24,1447.5,2010.4,1428.9,1984.5,0.708,1.081,1.0,1.2,2022,Metal Loss_20176.6,True,20176.562,20175.805,METAL_LOSS,False,3.1166666666666667,1550,20175.345611392786
5660,40.226,0.344,39.055,1.171,20417.106,Metal Loss,External,28.0,0.096,43.0,GENE,20.0,,,,3.3,1.9,5:58,EXT ML,3,N,N,5.97,316.866,11:52,37.28,CMFL,1025,65000,E.R. WELD,24,1432.6,1989.7,1418.5,1970.1,0.716,1.067,1.0,1.2,2022,Metal Loss_20417.1,True,20417.106,20416.349,METAL_LOSS,False,5.966666666666667,1559,20413.704528053302
5660,40.226,0.344,39.436,0.791,20417.487,Metal Loss,External,32.0,0.11,47.0,GENE,20.0,,,,1.8,1.5,6:47,EXT ML,3,N,N,5.97,316.747,11:52,31.835,CMFL,1025,65000,E.R. WELD,24,1491.2,2071.2,1477.2,2051.6,0.687,1.112,1.0,1.2,2022,Metal Loss_20417.5,True,20417.487,20416.73,METAL_LOSS,False,6.783333333333333,1560,20414.070402466008
5680,38.871,0.344,37.654,1.217,20496.119,Metal Loss,External,20.0,0.069,35.0,GENE,20.0,,,,4.9,2.9,5:15,EXT ML,1,N,N,5.97,291.371,12:20,30.997,CMFL,1025,65000,E.R. WELD,24,1427.2,1982.3,1419.4,1971.4,0.718,1.066,1.0,1.2,2022,Metal Loss_20496.1,True,20496.119,20495.361999999997,METAL_LOSS,False,5.25,1563,20493.55827866533
5700,40.194,0.344,39.131,1.063,20576.447,Metal Loss,External,18.0,0.062,33.0,GENE,20.0,,,,5.1,3.1,5:39,EXT ML,1,N,N,5.97,263.721,01:12,27.855,CMFL,1025,65000,E.R. WELD,24,1438.9,1998.5,1420.2,1972.5,0.712,1.073,1.0,1.2,2022,Metal Loss_20576.4,True,20576.447,20575.69,METAL_LOSS,False,5.65,1566,20573.831072796936
5740,40.2,0.344,19.121,21.076,20716.854,Metal Loss,External,16.0,0.055,31.0,GENE,20.0,,,,3.9,2.0,6:03,EXT ML,1,N,N,5.97,211.469,10:40,27.437,CMFL,1025,65000,E.R. WELD,24,1473.8,2046.9,1460.3,2028.2,0.696,1.099,1.0,1.2,2022,Metal Loss_20716.9,True,20716.854,20716.097,METAL_LOSS,False,6.05,1571,20714.052156218906
5840,40.4,0.344,39.6,0.801,21103.73,Metal Loss,External,25.0,0.086,40.0,GENE,20.0,,,,1.3,1.4,6:21,EXT ML,3,N,N,5.97,148.698,10:40,27.018,CMFL,1025,65000,E.R. WELD,24,1525.8,2119.1,1520.7,2112.0,0.672,1.137,1.0,1.2,2022,Metal Loss_21103.7,True,21103.73,21102.973,METAL_LOSS,False,6.35,1585,21081.10217227723
5920,34.921,0.344,26.001,8.921,21392.329,Metal Loss,External,41.0,0.141,,GENE,,,,,5.6,2.4,6:47,*EXT ML REPAIRED,5,Y,Y,5.97,140.187,08:52,12.985,CMFL,1025,65000,E.R. WELD,24,1248.9,1734.6,1180.7,1639.9,0.821,0.93,,,2022,Metal Loss_21392.3,True,21392.329,21391.572,METAL_LOSS,False,6.783333333333333,1603,21391.605519216453
5950,40.125,0.344,36.952,3.169,21523.579,Metal Loss,External,34.0,0.117,49.0,GENE,20.0,,,,13.9,18.4,7:03,EXT ML,1,N,N,5.97,139.35,12:44,36.861,CMFL,1025,65000,E.R. WELD,24,1191.5,1654.9,1252.5,1739.6,0.86,0.889,1.0,1.2,2022,Metal Loss_21523.6,True,21523.579,21522.822,METAL_LOSS,False,7.05,1614,21518.857128410164
5960,40.062,0.344,0.705,39.36,21527.454,Metal Loss,External,16.0,0.055,31.0,GENE,20.0,,,,2.8,4.8,5:22,EXT ML,1,N,N,5.97,139.357,12:20,32.673,CMFL,1025,65000,E.R. WELD,24,1501.7,2085.6,1492.7,2073.1,0.683,1.118,1.0,1.2,2022,Metal Loss_21527.5,True,21527.454,21526.697,METAL_LOSS,False,5.366666666666666,1617,21522.54297641333
6060,40.299,0.344,10.128,30.174,21900.453,Metal Loss,External,15.0,0.052,30.0,GENE,20.0,,,,2.5,1.6,4:32,EXT ML,5,N,N,5.97,107.82,07:48,20.525,CMFL,1025,65000,E.R. WELD,24,1510.2,2097.6,1502.7,2087.0,0.679,1.125,1.0,1.2,2022,Metal Loss_21900.5,True,21900.453,21899.696,METAL_LOSS,False,4.533333333333333,1629,21894.504515408666
6060,40.299,0.344,11.112,29.19,21901.437,Metal Loss,External,20.0,0.069,35.0,GENE,20.0,,,,5.9,2.1,6:29,EXT ML,5,N,N,5.97,107.825,07:48,8.796,CMFL,1025,65000,E.R. WELD,24,1409.1,1957.1,1387.2,1926.6,0.728,1.052,1.0,1.2,2022,Metal Loss_21901.4,True,21901.437,21900.68,METAL_LOSS,False,6.483333333333333,1630,21895.479432782493
6060,40.299,0.344,12.251,28.051,21902.575,Metal Loss,External,17.0,0.058,32.0,GENE,20.0,,,,4.1,1.5,6:55,EXT ML,5,N,N,5.97,107.831,07:48,5.655,CMFL,1025,65000,E.R. WELD,24,1466.3,2036.5,1473.9,2047.0,0.699,1.092,1.0,1.2,2022,Metal Loss_21902.6,True,21902.575,21901.818,METAL_LOSS,False,6.916666666666667,1631,21896.606928688405
6060,40.299,0.344,39.101,1.201,21929.426,Metal Loss,External,18.0,0.062,33.0,GENE,20.0,,,,6.9,2.4,5:03,EXT ML,5,N,N,5.97,107.971,07:48,16.546,CMFL,1025,65000,E.R. WELD,24,1413.8,1963.7,1431.3,1988.0,0.725,1.054,1.0,1.2,2022,Metal Loss_21929.4,True,21929.426,21928.669,METAL_LOSS,False,5.05,1632,21923.210085603692
6060,40.299,0.344,39.902,0.4,21930.226,Metal Loss,External,19.0,0.065,34.0,GENE,25.0,,,,16.1,6.7,4:19,EXT ML ( ON GW ),5,N,N,5.97,107.975,07:48,23.248,CMFL,1025,65000,E.R. WELD,24,1345.3,1868.5,1376.8,1912.3,0.762,1.006,1.2,1.4,2022,Metal Loss_21930.2,True,21930.226,21929.468999999997,METAL_LOSS,False,4.316666666666666,1633,21924.00270135477
6070,40.003,0.344,0.689,39.314,21931.312,Metal Loss,External,15.0,0.052,30.0,GENE,20.0,,,,2.5,3.1,7:26,EXT ML,1,N,N,5.97,107.981,04:56,15.708,CMFL,1025,65000,E.R. WELD,24,1507.3,2093.5,1499.1,2082.1,0.68,1.125,1.0,1.2,2022,Metal Loss_21931.3,True,21931.312,21930.555,METAL_LOSS,False,7.433333333333334,1635,21925.085513750004
6090,40.036,0.344,0.322,39.715,22011.339,Metal Loss,External,20.0,0.069,35.0,GENE,20.0,,,,5.7,5.7,4:53,EXT ML,1,N,N,5.97,116.592,09:40,32.044,CMFL,1025,65000,E.R. WELD,24,1414.2,1964.2,1451.9,2016.5,0.725,1.054,1.0,1.2,2022,Metal Loss_22011.3,True,22011.339,22010.582,METAL_LOSS,False,4.883333333333333,1639,22004.73195174343
6100,40.171,0.344,39.045,1.125,22090.098,Metal Loss,External,16.0,0.055,31.0,GENE,20.0,,,,3.0,2.6,10:21,EXT ML,5,N,N,5.97,116.114,10:44,2.304,CMFL,1025,65000,E.R. WELD,24,1493.7,2074.5,1482.7,2059.3,0.686,1.114,1.0,1.2,2022,Metal Loss_22090.1,True,22090.098,22089.341,METAL_LOSS,False,10.35,1643,22083.318793159247
6100,40.171,0.344,39.249,0.922,22090.302,Metal Loss,External,15.0,0.052,30.0,GENE,20.0,,,,3.9,2.2,7:07,EXT ML,5,N,N,5.97,116.112,10:44,22.619,CMFL,1025,65000,E.R. WELD,24,1480.4,2056.2,1467.2,2037.7,0.692,1.103,1.0,1.2,2022,Metal Loss_22090.3,True,22090.302,22089.545,METAL_LOSS,False,7.116666666666666,1644,22083.5219247716
6100,40.171,0.344,39.288,0.883,22090.341,Metal Loss,External,15.0,0.052,30.0,GENE,20.0,,,,5.0,5.7,8:34,EXT ML,5,N,N,5.97,116.112,10:44,11.729,CMFL,1025,65000,E.R. WELD,24,1457.9,2024.9,1441.7,2002.4,0.703,1.089,1.0,1.2,2022,Metal Loss_22090.3,True,22090.341,22089.584,METAL_LOSS,False,8.566666666666666,1645,22083.560758756317
6110,40.059,0.344,0.013,40.043,22091.237,Metal Loss,External,38.0,0.131,53.0,PITT,25.0,,,,0.8,0.7,5:22,EXT ML ( NEAR GW ),4,N,N,5.97,116.104,10:36,32.882,CMFL,1025,65000,E.R. WELD,24,1529.4,2124.2,1524.1,2116.9,0.67,1.14,0.8,1.4,2022,Metal Loss_22091.2,True,22091.237,22090.48,METAL_LOSS,False,5.366666666666666,1647,22084.452972089075
6110,40.059,0.344,0.722,39.334,22091.946,Metal Loss,External,46.0,0.158,61.0,GENE,15.0,,,,3.8,2.4,6:30,*EXT ML,4,Y,Y,5.97,116.097,10:36,25.761,CMFL,1025,65000,E.R. WELD,24,1293.2,1796.1,1227.5,1704.9,0.793,0.963,0.8,1.0,2022,Metal Loss_22091.9,True,22091.946,22091.189,METAL_LOSS,False,6.5,1648,22085.16044987018
6110,40.059,0.344,1.85,38.205,22093.074,Metal Loss,External,14.0,0.048,29.0,GENE,20.0,,,,1.9,2.8,11:32,EXT ML,4,N,N,5.97,116.086,10:36,5.864,CMFL,1025,65000,E.R. WELD,24,1523.4,2115.8,1518.4,2108.9,0.673,1.136,1.0,1.2,2022,Metal Loss_22093.1,True,22093.074,22092.317,METAL_LOSS,False,11.533333333333333,1649,22086.286028060716
6110,40.059,0.344,18.907,21.152,22110.128,Metal Loss,External,10.0,0.034,25.0,GENE,20.0,,,,4.9,1.5,6:06,EXT ML,4,N,N,5.97,116.1,10:36,28.274,CMFL,1025,65000,E.R. WELD,24,1492.0,2072.3,1481.5,2057.7,0.687,1.112,1.0,1.2,2022,Metal Loss_22110.1,True,22110.128,22109.371,METAL_LOSS,False,6.1,1650,22103.303413221493
6120,40.233,0.344,38.907,1.325,22170.187,Metal Loss,External,25.0,0.086,40.0,GENE,20.0,,,,9.7,7.1,4:21,EXT ML,2,N,N,5.97,116.139,11:28,29.112,CMFL,1025,65000,E.R. WELD,24,1317.2,1829.5,1362.5,1892.4,0.778,0.984,1.0,1.2,2022,Metal Loss_22170.2,True,22170.187,22169.43,METAL_LOSS,False,4.35,1653,22163.170005965407
6120,40.233,0.344,39.272,0.961,22170.551,Metal Loss,External,14.0,0.048,29.0,GENE,20.0,,,,3.6,2.6,7:59,EXT ML,2,N,N,5.97,116.139,11:28,21.782,CMFL,1025,65000,E.R. WELD,24,1491.7,2071.8,1480.7,2056.6,0.687,1.11,1.0,1.2,2022,Metal Loss_22170.6,True,22170.551,22169.794,METAL_LOSS,False,7.983333333333333,1654,22163.5326307417
6140,40.266,0.344,39.275,0.988,22250.784,Metal Loss,External,11.0,0.038,26.0,GENE,20.0,,,,3.2,2.0,5:18,EXT ML,1,N,N,5.97,116.286,11:20,37.49,CMFL,1025,65000,E.R. WELD,24,1509.3,2096.2,1501.8,2085.9,0.679,1.125,1.0,1.2,2022,Metal Loss_22250.8,True,22250.784,22250.027,METAL_LOSS,False,5.3,1658,22243.389189826885
6200,40.213,0.344,8.373,31.841,22460.453,Metal Loss,External,12.0,0.041,27.0,GENE,15.0,,,,6.3,3.3,3:58,*EXT ML ( ON SW ),7,Y,Y,5.97,112.044,03:44,1.466,CMFL,1025,65000,E.R. WELD,24,1469.0,2040.3,1454.3,2019.8,0.698,1.092,0.8,1.0,2022,Metal Loss_22460.5,True,22460.453,22459.696,METAL_LOSS,False,3.966666666666667,1667,22452.62073210156
6200,40.213,0.344,11.765,28.445,22463.848,Metal Loss,External,13.0,0.044,28.0,GENE,15.0,,,,4.1,2.4,3:56,*EXT ML ( NEAR SW ),7,Y,Y,5.97,111.919,03:44,1.257,CMFL,1025,65000,E.R. WELD,24,1484.8,2062.3,1472.6,2045.3,0.69,1.107,0.8,1.0,2022,Metal Loss_22463.8,True,22463.848,22463.091,METAL_LOSS,False,3.9333333333333336,1668,22455.998593738343
6200,40.213,0.344,21.46,18.75,22473.543,Metal Loss,External,12.0,0.041,27.0,GENE,20.0,,,,6.3,2.7,4:03,EXT ML ( NEAR SW ),7,N,N,5.97,111.562,03:44,2.094,CMFL,1025,65000,E.R. WELD,24,1462.4,2031.2,1446.3,2008.8,0.701,1.092,1.0,1.2,2022,Metal Loss_22473.5,True,22473.543,22472.786,METAL_LOSS,False,4.05,1669,22465.644652226893
6200,40.213,0.344,26.473,13.74,22478.553,Metal Loss,External,19.0,0.065,34.0,GENE,20.0,,,,5.5,2.4,3:59,EXT ML ( NEAR SW ),7,N,N,5.97,111.377,03:44,1.676,CMFL,1025,65000,E.R. WELD,24,1429.4,1985.3,1406.1,1952.9,0.717,1.063,1.0,1.2,2022,Metal Loss_22478.6,True,22478.553,22477.796,METAL_LOSS,False,3.9833333333333334,1670,22470.629361151863
6200,40.213,0.344,28.967,11.247,22481.047,Metal Loss,External,12.0,0.041,27.0,GENE,20.0,,,,5.0,2.3,3:56,EXT ML ( NEAR SW ),7,N,N,5.97,111.286,03:44,1.257,CMFL,1025,65000,E.R. WELD,24,1480.2,2055.9,1467.4,2038.0,0.693,1.103,1.0,1.2,2022,Metal Loss_22481.0,True,22481.047,22480.289999999997,METAL_LOSS,False,3.9333333333333336,1671,22473.110771143656
6200,40.213,0.344,35.315,4.898,22487.395,Metal Loss,External,14.0,0.048,29.0,GENE,15.0,,,,7.7,1.9,3:55,*EXT ML ( NEAR SW ),7,Y,Y,5.97,111.052,03:44,1.257,CMFL,1025,65000,E.R. WELD,24,1435.0,1993.1,1413.7,1963.5,0.714,1.072,0.8,1.0,2022,Metal Loss_22487.4,True,22487.395,22486.638,METAL_LOSS,False,3.9166666666666665,1672,22479.42672568572
6220,40.217,0.344,39.18,1.037,22571.496,Metal Loss,External,15.0,0.052,30.0,GENE,20.0,,,,5.2,5.4,5:05,EXT ML,1,N,N,5.97,106.989,10:16,30.369,CMFL,1025,65000,E.R. WELD,24,1458.9,2026.3,1460.6,2028.7,0.703,1.087,1.0,1.2,2022,Metal Loss_22571.5,True,22571.496,22570.739,METAL_LOSS,False,5.083333333333333,1677,22563.07936892359
6270,40.112,0.344,30.61,9.498,22740.482,Metal Loss Manufacturing Anomaly,Internal,31.0,0.106,,GENE,,,,,1.6,2.5,2:50,*INT MFG,2,Y,Y,5.97,99.84,12:00,18.431,CMFL,1025,65000,E.R. WELD,24,1503.2,2087.8,1533.6,2130.1,0.682,1.121,,,2022,Metal Loss Manufacturing Anomaly_22740.5,True,22740.482,22739.725,METAL_LOSS_MFG,False,2.8333333333333335,1683,22731.674152288822
6270,40.112,0.344,30.997,9.111,22740.869,Metal Loss Manufacturing Anomaly,Internal,22.0,0.076,,CIGR,,,,,0.4,1.3,6:09,*INT MFG,2,Y,Y,5.97,99.824,12:00,36.652,CMFL,1025,65000,E.R. WELD,24,1545.5,2146.5,1544.9,2145.7,0.663,1.152,,,2022,Metal Loss Manufacturing Anomaly_22740.9,True,22740.869,22740.111999999997,METAL_LOSS_MFG,False,6.15,1684,22732.059434776103
6280,40.217,0.344,38.789,1.427,22788.773,Metal Loss,External,14.0,0.048,29.0,GENE,20.0,,,,12.5,2.6,10:05,EXT ML ( NEAR SW ),1,N,N,5.97,98.059,10:20,1.466,CMFL,1025,65000,E.R. WELD,24,1415.0,1965.2,1396.7,1939.9,0.724,1.053,1.0,1.2,2022,Metal Loss_22788.8,True,22788.773,22788.016,METAL_LOSS,False,10.083333333333334,1686,22779.643289159623
6310,40.026,0.344,0.712,39.318,22871.066,Metal Loss,External,20.0,0.069,35.0,PITT,20.0,,,,0.9,1.1,4:02,EXT ML,3,N,N,5.97,95.161,02:40,8.587,CMFL,1025,65000,E.R. WELD,24,1537.8,2135.8,1535.6,2132.7,0.667,1.146,0.6,1.2,2022,Metal Loss_22871.1,True,22871.066,22870.308999999997,METAL_LOSS,False,4.033333333333333,1690,22861.7509328004
6310,40.026,0.344,0.827,39.199,22871.184,Metal Loss,External,11.0,0.038,26.0,GENE,20.0,,,,5.2,2.8,6:32,EXT ML,3,N,N,5.97,95.157,02:40,24.504,CMFL,1025,65000,E.R. WELD,24,1486.4,2064.5,1477.9,2052.6,0.69,1.106,1.0,1.2,2022,Metal Loss_22871.2,True,22871.184,22870.427,METAL_LOSS,False,6.533333333333333,1691,22861.868755933054
6310,40.026,0.344,0.833,39.196,22871.188,Metal Loss,External,16.0,0.055,31.0,GENE,20.0,,,,8.8,6.3,5:25,EXT ML,3,N,N,5.97,95.157,02:40,18.64,CMFL,1025,65000,E.R. WELD,24,1413.2,1962.8,1391.8,1933.0,0.725,1.053,1.0,1.2,2022,Metal Loss_22871.2,True,22871.188,22870.430999999997,METAL_LOSS,False,5.416666666666667,1692,22861.872749937545
6350,40.2,0.344,34.505,5.696,23065.256,Metal Loss,External,36.0,0.124,51.0,GENE,20.0,,,,23.4,7.1,6:34,EXT ML,5,N,N,5.97,78.949,04:08,14.87,CMFL,1025,65000,E.R. WELD,24,1144.3,1589.2,1239.6,1721.7,0.896,0.849,1.0,1.2,2022,Metal Loss_23065.3,True,23065.256,23064.499,METAL_LOSS,False,6.566666666666666,1698,23055.582
6350,40.2,0.344,34.505,5.696,23065.256,Metal Loss,External,17.0,0.058,32.0,GENE,20.0,,,,6.4,4.2,5:08,EXT ML,5,N,N,5.97,78.949,04:08,5.655,CMFL,1025,65000,E.R. WELD,24,1424.9,1979.0,1421.4,1974.1,0.719,1.064,1.0,1.2,2022,Metal Loss_23065.3,True,23065.256,23064.499,METAL_LOSS,False,5.133333333333334,1699,23055.582
6350,40.2,0.344,35.804,4.396,23066.555,Metal Loss,External,16.0,0.055,31.0,AXGR,20.0,,,,4.0,1.1,5:03,EXT ML,5,N,N,5.97,78.726,04:08,5.864,CMFL,1025,65000,E.R. WELD,24,1473.1,2046.0,1491.7,2071.9,0.696,1.097,0.6,1.2,2022,Metal Loss_23066.6,True,23066.555,23065.798,METAL_LOSS,False,5.05,1700,23056.877122388058
6350,40.2,0.344,36.26,3.94,23067.011,Metal Loss,External,25.0,0.086,40.0,GENE,20.0,,,,3.7,2.8,5:59,EXT ML,5,N,N,5.97,78.648,04:08,12.357,CMFL,1025,65000,E.R. WELD,24,1429.9,1986.0,1438.0,1997.2,0.717,1.067,1.0,1.2,2022,Metal Loss_23067.0,True,23067.011,23066.253999999997,METAL_LOSS,False,5.983333333333333,1701,23057.331761194026
6360,40.358,0.344,3.74,36.614,23074.695,Metal Loss,External,14.0,0.048,29.0,GENE,20.0,,,,4.2,1.7,7:40,EXT ML,20,N,N,5.97,77.616,02:28,32.673,CMFL,1025,65000,E.R. WELD,24,1481.2,2057.2,1468.9,2040.1,0.692,1.102,1.0,1.2,2022,Metal Loss_23074.7,True,23074.695,23073.938,METAL_LOSS,False,7.666666666666667,1703,23064.977282323205
6360,40.358,0.344,6.276,34.081,23077.228,Metal Loss,External,36.0,0.124,51.0,GENE,20.0,,,,13.1,2.3,4:29,EXT ML,20,N,N,5.97,77.769,02:28,12.566,CMFL,1025,65000,E.R. WELD,24,1171.1,1626.5,1223.4,1699.2,0.875,0.877,1.0,1.2,2022,Metal Loss_23077.2,True,23077.228,23076.471,METAL_LOSS,False,4.483333333333333,1704,23067.492206501807
6360,40.358,0.344,6.926,33.428,23077.881,Metal Loss,External,17.0,0.058,32.0,GENE,20.0,,,,2.5,2.1,7:10,EXT ML,20,N,N,5.97,77.808,02:28,29.531,CMFL,1025,65000,E.R. WELD,24,1503.3,2087.9,1494.1,2075.1,0.682,1.12,1.0,1.2,2022,Metal Loss_23077.9,True,23077.881,23077.124,METAL_LOSS,False,7.166666666666667,1705,23068.140546607858
6360,40.358,0.344,7.49,32.867,23078.442,Metal Loss,External,14.0,0.048,29.0,GENE,20.0,,,,6.0,2.4,4:04,EXT ML,20,N,N,5.97,77.842,02:28,10.681,CMFL,1025,65000,E.R. WELD,24,1453.1,2018.1,1439.5,1999.3,0.706,1.084,1.0,1.2,2022,Metal Loss_23078.4,True,23078.442,23077.685,METAL_LOSS,False,4.066666666666666,1706,23068.697543238017
6360,40.358,0.344,8.691,31.663,23079.646,Metal Loss,External,20.0,0.069,35.0,GENE,20.0,,,,9.6,2.3,4:27,EXT ML,20,N,N,5.97,77.915,02:28,13.195,CMFL,1025,65000,E.R. WELD,24,1366.8,1898.3,1385.5,1924.3,0.75,1.021,1.0,1.2,2022,Metal Loss_23079.6,True,23079.646,23078.889,METAL_LOSS,False,4.45,1707,23069.892951335547
6360,40.358,0.344,9.721,30.636,23080.673,Metal Loss,External,35.0,0.12,50.0,GENE,20.0,,,,3.0,2.4,3:55,EXT ML,20,N,N,5.97,77.977,02:28,9.215,CMFL,1025,65000,E.R. WELD,24,1413.8,1963.7,1388.7,1928.8,0.725,1.054,1.0,1.2,2022,Metal Loss_23080.7,True,23080.673,23079.915999999997,METAL_LOSS,False,3.9166666666666665,1708,23070.91262252837
6360,40.358,0.344,10.003,30.354,23080.955,Metal Loss,External,23.0,0.079,38.0,GENE,20.0,,,,17.5,8.0,4:41,EXT ML,20,N,N,5.97,77.994,02:28,10.681,CMFL,1025,65000,E.R. WELD,24,1303.4,1810.2,1336.8,1856.7,0.787,0.971,1.0,1.2,2022,Metal Loss_23081.0,True,23080.955,23080.198,METAL_LOSS,False,4.683333333333334,1710,23071.192610139253
6360,40.358,0.344,10.689,29.669,23081.64,Metal Loss,External,24.0,0.082,39.0,GENE,20.0,,,,14.7,2.9,7:42,EXT ML,20,N,N,5.97,78.036,02:28,33.72,CMFL,1025,65000,E.R. WELD,24,1298.3,1803.2,1344.9,1867.9,0.79,0.969,1.0,1.2,2022,Metal Loss_23081.6,True,23081.64,23080.883,METAL_LOSS,False,7.7,1711,23071.87272188909
6360,40.358,0.344,11.88,28.478,23082.831,Metal Loss,External,18.0,0.062,33.0,GENE,20.0,,,,17.3,5.2,4:05,EXT ML,20,N,N,5.97,78.108,02:28,11.31,CMFL,1025,65000,E.R. WELD,24,1353.4,1879.7,1386.8,1926.1,0.757,1.013,1.0,1.2,2022,Metal Loss_23082.8,True,23082.831,23082.073999999997,METAL_LOSS,False,4.083333333333333,1712,23073.055222756328
6360,40.358,0.344,12.178,28.176,23083.133,Metal Loss,External,38.0,0.131,53.0,GENE,20.0,,,,9.8,6.7,7:51,EXT ML,20,N,N,5.97,78.126,02:28,35.395,CMFL,1025,65000,E.R. WELD,24,1186.3,1647.7,1232.2,1711.4,0.864,0.883,1.0,1.2,2022,Metal Loss_23083.1,True,23083.133,23082.376,METAL_LOSS,False,7.85,1713,23073.35506764458
6360,40.358,0.344,14.633,25.725,23085.584,Metal Loss,External,18.0,0.062,33.0,GENE,20.0,,,,1.3,1.4,8:02,EXT ML,20,N,N,5.97,78.274,02:28,34.976,CMFL,1025,65000,E.R. WELD,24,1530.5,2125.7,1526.8,2120.5,0.67,1.141,1.0,1.2,2022,Metal Loss_23085.6,True,23085.584,23084.826999999997,METAL_LOSS,False,8.033333333333333,1715,23075.78857698597
6360,40.358,0.344,15.167,25.19,23086.119,Metal Loss,External,27.0,0.093,42.0,GENE,20.0,,,,22.4,6.7,4:17,EXT ML,20,N,N,5.97,78.306,02:28,11.519,CMFL,1025,65000,E.R. WELD,24,1245.2,1729.5,1316.0,1827.8,0.823,0.93,1.0,1.2,2022,Metal Loss_23086.1,True,23086.119,23085.361999999997,METAL_LOSS,False,4.283333333333333,1716,23076.319759155554
6360,40.358,0.344,17.575,22.779,23088.53,Metal Loss,External,17.0,0.058,32.0,GENE,20.0,,,,16.8,5.9,7:53,EXT ML,20,N,N,5.97,78.452,02:28,35.395,CMFL,1025,65000,E.R. WELD,24,1372.5,1906.2,1363.8,1894.2,0.747,1.021,1.0,1.2,2022,Metal Loss_23088.5,True,23088.53,23087.772999999997,METAL_LOSS,False,7.883333333333333,1717,23078.713553942216
6360,40.358,0.344,17.723,22.631,23088.678,Metal Loss,External,20.0,0.069,35.0,GENE,20.0,,,,15.5,4.0,4:13,EXT ML,20,N,N,5.97,78.461,02:28,10.263,CMFL,1025,65000,E.R. WELD,24,1342.1,1864.0,1366.1,1897.4,0.764,1.0,1.0,1.2,2022,Metal Loss_23088.7,True,23088.678,23087.921,METAL_LOSS,False,4.216666666666667,1718,23078.860497794736
6360,40.358,0.344,19.193,21.165,23090.144,Metal Loss,External,22.0,0.076,37.0,GENE,20.0,,,,16.7,5.6,4:27,EXT ML,20,N,N,5.97,78.55,02:28,14.242,CMFL,1025,65000,E.R. WELD,24,1315.8,1827.5,1345.8,1869.2,0.779,0.981,1.0,1.2,2022,Metal Loss_23090.1,True,23090.144,23089.387,METAL_LOSS,False,4.45,1719,23080.316036225777
6360,40.358,0.344,21.503,18.855,23092.454,Metal Loss,External,18.0,0.062,33.0,GENE,20.0,,,,3.4,1.7,7:54,EXT ML,20,N,N,5.97,78.689,02:28,34.139,CMFL,1025,65000,E.R. WELD,24,1478.4,2053.3,1464.3,2033.7,0.693,1.101,1.0,1.2,2022,Metal Loss_23092.5,True,23092.454,23091.697,METAL_LOSS,False,7.9,1720,23082.609551761732
6360,40.358,0.344,27.618,12.74,23098.57,Metal Loss,External,37.0,0.127,52.0,GENE,20.0,,,,15.2,5.9,5:08,EXT ML,20,N,N,5.97,79.059,02:28,16.127,CMFL,1025,65000,E.R. WELD,24,1148.8,1595.6,1239.0,1720.9,0.892,0.859,1.0,1.2,2022,Metal Loss_23098.6,True,23098.57,23097.813,METAL_LOSS,False,5.133333333333334,1721,23088.681907180733
6360,40.358,0.344,30.285,10.072,23101.237,Metal Loss,External,12.0,0.041,27.0,GENE,20.0,,,,7.7,3.7,7:20,EXT ML,20,N,N,5.97,79.22,02:28,32.044,CMFL,1025,65000,E.R. WELD,24,1452.0,2016.7,1446.4,2008.9,0.706,1.084,1.0,1.2,2022,Metal Loss_23101.2,True,23101.237,23100.48,METAL_LOSS,False,7.333333333333333,1722,23091.3298751177
6360,40.358,0.344,31.299,9.055,23102.254,Metal Loss,External,19.0,0.065,34.0,GENE,20.0,,,,2.6,1.8,5:15,EXT ML,20,N,N,5.97,79.282,02:28,17.593,CMFL,1025,65000,E.R. WELD,24,1494.7,2076.0,1483.6,2060.5,0.686,1.114,1.0,1.2,2022,Metal Loss_23102.3,True,23102.254,23101.497,METAL_LOSS,False,5.25,1723,23092.339617671838
6360,40.358,0.344,31.69,8.668,23102.641,Metal Loss,External,13.0,0.044,28.0,GENE,20.0,,,,5.9,2.5,5:56,EXT ML,20,N,N,5.97,79.305,02:28,21.782,CMFL,1025,65000,E.R. WELD,24,1460.2,2028.1,1443.5,2004.9,0.702,1.09,1.0,1.2,2022,Metal Loss_23102.6,True,23102.641,23101.884,METAL_LOSS,False,5.933333333333334,1724,23092.723855988897
6370,40.046,0.344,0.715,39.331,23112.024,Metal Loss,External,27.0,0.093,42.0,GENE,20.0,,,,2.2,2.4,5:40,EXT ML,1,N,N,5.97,79.873,01:28,26.389,CMFL,1025,65000,E.R. WELD,24,1486.0,2064.0,1471.8,2044.2,0.69,1.107,1.0,1.2,2022,Metal Loss_23112.0,True,23112.024,23111.267,METAL_LOSS,False,5.666666666666667,1726,23102.043285971136
6380,40.344,0.344,39.327,1.017,23190.682,Metal Loss,External,15.0,0.052,30.0,GENE,20.0,,,,3.1,1.7,6:27,EXT ML,2,N,N,5.97,88.421,02:48,23.038,CMFL,1025,65000,E.R. WELD,24,1495.9,2077.6,1485.5,2063.2,0.685,1.114,1.0,1.2,2022,Metal Loss_23190.7,True,23190.682,23189.925,METAL_LOSS,False,6.45,1730,23180.25217578822
6380,40.344,0.344,39.337,1.007,23190.692,Metal Loss,External,12.0,0.041,27.0,GENE,20.0,,,,2.1,2.6,5:52,EXT ML,2,N,N,5.97,88.421,02:48,19.268,CMFL,1025,65000,E.R. WELD,24,1524.5,2117.4,1519.9,2111.0,0.672,1.136,1.0,1.2,2022,Metal Loss_23190.7,True,23190.692,23189.935,METAL_LOSS,False,5.866666666666667,1731,23180.262085564147
6390,39.974,0.344,0.699,39.275,23192.398,Metal Loss,External,12.0,0.041,27.0,GENE,20.0,,,,3.7,3.6,5:47,EXT ML,1,N,N,5.97,88.508,03:32,14.242,CMFL,1025,65000,E.R. WELD,24,1496.7,2078.7,1486.8,2065.0,0.685,1.116,1.0,1.2,2022,Metal Loss_23192.4,True,23192.398,23191.641,METAL_LOSS,False,5.783333333333333,1733,23181.74052534147
6400,40.131,0.344,1.283,38.852,23232.956,Metal Loss,External,13.0,0.044,28.0,GENE,20.0,,,,6.7,2.0,1:34,EXT ML ( ON SW ),18,N,N,5.97,89.831,01:32,0.209,CMFL,1025,65000,E.R. WELD,24,1450.7,2014.9,1432.4,1989.4,0.707,1.084,1.0,1.2,2022,Metal Loss_23233.0,True,23232.956,23232.198999999997,METAL_LOSS,False,1.5666666666666667,1735,23210.015168057806
6400,40.131,0.344,6.296,33.839,23237.969,Metal Loss,External,17.0,0.058,32.0,GENE,20.0,,,,2.6,1.7,1:31,EXT ML ( ON SW ),18,N,N,5.97,90.068,01:32,0.0,CMFL,1025,65000,E.R. WELD,24,1500.9,2084.5,1491.3,2071.2,0.683,1.118,1.0,1.2,2022,Metal Loss_23238.0,True,23237.969,23237.212,METAL_LOSS,False,1.5166666666666666,1736,23214.99756671235
6400,40.131,0.344,6.946,33.189,23238.619,Metal Loss,External,15.0,0.052,30.0,AXGR,20.0,,,,2.5,1.1,1:41,EXT ML ( NEAR SW ),18,N,N,5.97,90.102,01:32,1.047,CMFL,1025,65000,E.R. WELD,24,1508.7,2095.4,1500.7,2084.4,0.68,1.125,1.0,1.2,2022,Metal Loss_23238.6,True,23238.619,23237.861999999997,METAL_LOSS,False,1.6833333333333333,1737,23215.64359885387
6400,40.131,0.344,7.575,32.556,23239.252,Metal Loss,External,14.0,0.048,29.0,GENE,20.0,,,,13.7,3.3,1:37,EXT ML ( ON SW ),18,N,N,5.97,90.134,01:32,0.838,CMFL,1025,65000,E.R. WELD,24,1411.7,1960.6,1397.1,1940.4,0.726,1.051,1.0,1.2,2022,Metal Loss_23239.3,True,23239.252,23238.495,METAL_LOSS,False,1.6166666666666667,1738,23216.272734770155
6400,40.131,0.344,9.14,30.994,23240.814,Metal Loss,External,14.0,0.048,29.0,GENE,20.0,,,,5.0,1.8,1:32,EXT ML ( ON SW ),18,N,N,5.97,90.216,01:32,0.0,CMFL,1025,65000,E.R. WELD,24,1466.8,2037.2,1451.1,2015.5,0.699,1.094,1.0,1.2,2022,Metal Loss_23240.8,True,23240.814,23240.056999999997,METAL_LOSS,False,1.5333333333333332,1739,23217.82519970101
6400,40.131,0.344,9.79,30.344,23241.463,Metal Loss,External,14.0,0.048,29.0,GENE,20.0,,,,7.2,2.0,1:40,EXT ML ( ON SW ),18,N,N,5.97,90.25,01:32,0.838,CMFL,1025,65000,E.R. WELD,24,1445.9,2008.2,1426.7,1981.6,0.709,1.075,1.0,1.2,2022,Metal Loss_23241.5,True,23241.463,23240.706,METAL_LOSS,False,1.6666666666666665,1740,23218.47023794693
6400,40.131,0.344,12.178,27.956,23243.852,Metal Loss,External,15.0,0.052,30.0,GENE,20.0,,,,7.6,2.5,1:43,EXT ML ( ON SW ),18,N,N,5.97,90.374,01:32,1.257,CMFL,1025,65000,E.R. WELD,24,1427.4,1982.4,1404.5,1950.7,0.718,1.066,1.0,1.2,2022,Metal Loss_23243.9,True,23243.852,23243.095,METAL_LOSS,False,1.7166666666666668,1741,23220.844654540924
6400,40.131,0.344,17.503,22.631,23249.177,Metal Loss,External,17.0,0.058,32.0,GENE,20.0,,,,2.4,2.1,1:29,EXT ML ( ON SW ),18,N,N,5.97,90.652,01:32,0.209,CMFL,1025,65000,E.R. WELD,24,1505.9,2091.5,1497.2,2079.5,0.681,1.123,1.0,1.2,2022,Metal Loss_23249.2,True,23249.177,23248.42,METAL_LOSS,False,1.4833333333333334,1742,23226.1371486234
6400,40.131,0.344,18.625,21.509,23250.299,Metal Loss,External,10.0,0.034,25.0,GENE,20.0,,,,6.7,1.7,1:35,EXT ML ( ON SW ),18,N,N,5.97,90.71,01:32,0.419,CMFL,1025,65000,E.R. WELD,24,1473.6,2046.6,1459.8,2027.4,0.696,1.101,1.0,1.2,2022,Metal Loss_23250.3,True,23250.299,23249.542,METAL_LOSS,False,1.5833333333333335,1743,23227.252299489224
6400,40.131,0.344,20.092,20.043,23251.765,Metal Loss,External,14.0,0.048,29.0,GENE,20.0,,,,4.3,2.5,1:39,EXT ML ( ON SW ),18,N,N,5.97,90.786,01:32,0.838,CMFL,1025,65000,E.R. WELD,24,1478.0,2052.8,1464.4,2033.9,0.694,1.101,1.0,1.2,2022,Metal Loss_23251.8,True,23251.765,23251.008,METAL_LOSS,False,1.65,1744,23228.70935044226
6400,40.131,0.344,20.892,19.242,23252.566,Metal Loss,External,10.0,0.034,25.0,GENE,20.0,,,,6.6,2.1,1:29,EXT ML ( ON SW ),18,N,N,5.97,90.828,01:32,0.209,CMFL,1025,65000,E.R. WELD,24,1474.4,2047.8,1460.7,2028.8,0.695,1.101,1.0,1.2,2022,Metal Loss_23252.6,True,23252.566,23251.808999999997,METAL_LOSS,False,1.4833333333333334,1745,23229.505460819735
6400,40.131,0.344,23.012,17.123,23254.685,Metal Loss,External,15.0,0.052,30.0,GENE,20.0,,,,12.8,2.6,1:33,EXT ML ( ON SW ),18,N,N,5.97,90.938,01:32,0.209,CMFL,1025,65000,E.R. WELD,24,1404.5,1950.7,1379.4,1915.9,0.73,1.045,1.0,1.2,2022,Metal Loss_23254.7,True,23254.685,23253.928,METAL_LOSS,False,1.55,1746,23231.6115256011
6400,40.131,0.344,27.526,12.605,23259.203,Metal Loss,External,16.0,0.055,31.0,GENE,20.0,,,,8.3,5.3,1:34,EXT ML ( ON SW ),18,N,N,5.97,91.174,01:32,1.466,CMFL,1025,65000,E.R. WELD,24,1414.1,1964.0,1419.0,1970.8,0.725,1.056,1.0,1.2,2022,Metal Loss_23259.2,True,23259.203,23258.446,METAL_LOSS,False,1.5666666666666667,1747,23236.10194593248
6400,40.131,0.344,28.556,11.578,23260.23,Metal Loss,External,11.0,0.038,26.0,GENE,20.0,,,,9.6,2.5,1:32,EXT ML ( ON SW ),18,N,N,5.97,91.227,01:32,0.0,CMFL,1025,65000,E.R. WELD,24,1452.4,2017.2,1434.8,1992.7,0.706,1.083,1.0,1.2,2022,Metal Loss_23260.2,True,23260.23,23259.473,METAL_LOSS,False,1.5333333333333332,1748,23237.122676716084
6400,40.131,0.344,30.23,9.905,23261.903,Metal Loss,External,15.0,0.052,30.0,GENE,20.0,,,,9.0,2.3,1:43,EXT ML ( ON SW ),18,N,N,5.97,91.314,01:32,1.257,CMFL,1025,65000,E.R. WELD,24,1415.4,1965.8,1390.5,1931.3,0.724,1.058,1.0,1.2,2022,Metal Loss_23261.9,True,23261.903,23261.145999999997,METAL_LOSS,False,1.7166666666666668,1749,23238.7854640588
6400,40.131,0.344,34.314,5.817,23265.991,Metal Loss,External,15.0,0.052,30.0,GENE,20.0,,,,18.9,4.0,1:36,EXT ML ( ON SW ),18,N,N,5.97,91.527,01:32,1.466,CMFL,1025,65000,E.R. WELD,24,1384.8,1923.3,1369.5,1902.1,0.74,1.035,1.0,1.2,2022,Metal Loss_23266.0,True,23265.991,23265.234,METAL_LOSS,False,1.6,1750,23242.84850928118
6400,40.131,0.344,37.592,2.539,23269.268,Metal Loss,External,19.0,0.065,34.0,GENE,20.0,,,,11.3,2.7,1:32,EXT ML ( ON SW ),18,N,N,5.97,91.698,01:32,0.0,CMFL,1025,65000,E.R. WELD,24,1367.1,1898.8,1333.2,1851.6,0.75,1.02,1.0,1.2,2022,Metal Loss_23269.3,True,23269.268,23268.511,METAL_LOSS,False,1.5333333333333332,1751,23246.10550517005
6400,40.131,0.344,39.117,1.017,23270.791,Metal Loss,External,15.0,0.052,30.0,GENE,20.0,,,,11.5,2.5,1:33,EXT ML ( NEAR GW ON SW ),18,N,N,5.97,91.777,01:32,0.209,CMFL,1025,65000,E.R. WELD,24,1405.6,1952.2,1379.2,1915.5,0.729,1.049,1.0,1.2,2022,Metal Loss_23270.8,True,23270.791,23270.034,METAL_LOSS,False,1.55,1752,23247.61920817242
6460,39.82,0.344,6.827,32.992,23466.617,Metal Loss,External,15.0,0.052,30.0,AXGR,20.0,,,,3.8,1.0,7:17,EXT ML,1,N,N,5.97,98.08,01:08,36.652,CMFL,1025,65000,E.R. WELD,24,1480.5,2056.3,1467.2,2037.8,0.692,1.104,1.0,1.2,2022,Metal Loss_23466.6,True,23466.617,23465.859999999997,METAL_LOSS,False,7.283333333333333,1759,23455.06357106981
6520,40.03,0.344,27.835,12.195,23727.572,Metal Loss,External,46.0,0.158,61.0,GENE,15.0,,,,29.7,12.9,12:55,*EXT ML,5,Y,Y,5.97,91.544,02:32,5.864,CMFL,1025,65000,E.R. WELD,24,997.1,1384.9,1059.2,1471.1,1.028,0.746,1.0,1.2,2022,Metal Loss_23727.6,True,23727.572,23726.815,METAL_LOSS,False,12.916666666666666,1774,23703.00516075845
6520,40.03,0.344,28.343,11.686,23728.081,Metal Loss,External,28.0,0.096,43.0,GENE,20.0,,,,16.5,6.5,10:37,EXT ML,5,N,N,5.97,91.532,02:32,26.599,CMFL,1025,65000,E.R. WELD,24,1245.8,1730.3,1299.3,1804.5,0.823,0.931,1.0,1.2,2022,Metal Loss_23728.1,True,23728.081,23727.323999999997,METAL_LOSS,False,10.616666666666667,1775,23703.512901896123
6520,40.03,0.344,29.895,10.131,23729.636,Metal Loss,External,23.0,0.079,38.0,AXGR,20.0,,,,3.1,1.0,10:12,EXT ML,5,N,N,5.97,91.497,02:32,27.227,CMFL,1025,65000,E.R. WELD,24,1460.9,2029.0,1442.3,2003.1,0.702,1.089,1.0,1.2,2022,Metal Loss_23729.6,True,23729.636,23728.878999999997,METAL_LOSS,False,10.2,1776,23705.064056059353
6520,40.03,0.344,30.141,9.888,23729.879,Metal Loss,External,23.0,0.079,38.0,GENE,20.0,,,,6.3,8.7,11:34,EXT ML,5,N,N,5.97,91.491,02:32,18.85,CMFL,1025,65000,E.R. WELD,24,1377.5,1913.2,1357.2,1885.0,0.744,1.03,1.0,1.2,2022,Metal Loss_23729.9,True,23729.879,23729.122,METAL_LOSS,False,11.566666666666666,1777,23705.306455070073
6530,27.854,0.344,26.936,0.919,23766.703,Metal Loss,External,20.0,0.069,,GENE,,,,,1.2,1.8,8:34,EXT ML REPAIRED,3,N,N,5.97,90.955,03:56,29.112,CMFL,1025,65000,E.R. WELD,24,1531.4,2126.9,1527.7,2121.9,0.669,1.142,,,2022,Metal Loss_23766.7,True,23766.703,23765.946,METAL_LOSS,False,8.566666666666666,1784,23753.793674876142
6540,39.957,0.344,0.715,39.242,23768.337,Metal Loss,External,26.0,0.089,41.0,GENE,20.0,,,,1.3,1.9,4:57,EXT ML,1,N,N,5.97,90.938,11:32,34.139,CMFL,1025,65000,E.R. WELD,24,1521.8,2113.6,1515.7,2105.1,0.674,1.134,1.0,1.2,2022,Metal Loss_23768.3,True,23768.337,23767.58,METAL_LOSS,False,4.95,1788,23755.82657340207
6580,39.944,0.344,0.81,39.131,23928.773,Metal Loss,External,21.0,0.072,36.0,GENE,20.0,,,,3.6,2.4,5:07,EXT ML,4,N,N,5.97,90.102,07:20,13.823,CMFL,1025,65000,E.R. WELD,24,1455.9,2022.1,1437.9,1997.1,0.704,1.085,1.0,1.2,2022,Metal Loss_23928.8,True,23928.773,23928.016,METAL_LOSS,False,5.116666666666666,1799,23915.753694329705
6580,39.944,0.344,0.853,39.091,23928.812,Metal Loss,External,18.0,0.062,33.0,GENE,20.0,,,,1.9,2.1,10:38,EXT ML,4,N,N,5.97,90.102,07:20,20.735,CMFL,1025,65000,E.R. WELD,24,1517.6,2107.8,1511.2,2098.9,0.676,1.131,1.0,1.2,2022,Metal Loss_23928.8,True,23928.812,23928.055,METAL_LOSS,False,10.633333333333333,1800,23915.792679684568
6580,39.944,0.344,17.579,22.365,23945.538,Metal Loss,External,15.0,0.052,30.0,GENE,20.0,,,,2.9,2.3,5:55,EXT ML,4,N,N,5.97,89.953,07:20,8.796,CMFL,1025,65000,E.R. WELD,24,1500.9,2084.6,1491.5,2071.5,0.683,1.119,1.0,1.2,2022,Metal Loss_23945.5,True,23945.538,23944.781,METAL_LOSS,False,5.916666666666667,1801,23932.51239879835
6580,39.944,0.344,24.029,15.912,23951.991,Metal Loss,External,18.0,0.062,33.0,GENE,20.0,,,,3.4,2.0,5:47,EXT ML,4,N,N,5.97,89.89,07:20,9.634,CMFL,1025,65000,E.R. WELD,24,1477.9,2052.6,1463.7,2032.9,0.694,1.1,1.0,1.2,2022,Metal Loss_23952.0,True,23951.991,23951.234,METAL_LOSS,False,5.783333333333333,1802,23938.96297559144
6590,40.233,0.344,8.609,31.627,23976.512,Metal Loss,External,11.0,0.038,26.0,GENE,20.0,,,,8.0,3.3,6:46,EXT ML,6,N,N,5.97,89.885,05:24,8.587,CMFL,1025,65000,E.R. WELD,24,1459.6,2027.3,1443.5,2004.8,0.702,1.089,1.0,1.2,2022,Metal Loss_23976.5,True,23976.512,23975.754999999997,METAL_LOSS,False,6.766666666666667,1804,23963.427510686946
6590,40.233,0.344,9.055,31.181,23976.959,Metal Loss,External,11.0,0.038,26.0,GENE,20.0,,,,3.9,2.5,4:43,EXT ML,6,N,N,5.97,89.898,05:24,4.189,CMFL,1025,65000,E.R. WELD,24,1497.6,2080.0,1487.9,2066.5,0.685,1.118,1.0,1.2,2022,Metal Loss_23977.0,True,23976.959,23976.201999999997,METAL_LOSS,False,4.716666666666667,1805,23963.87188885575
6590,40.233,0.344,9.685,30.551,23977.589,Metal Loss,External,13.0,0.044,28.0,GENE,20.0,,,,5.1,2.0,5:39,EXT ML ( NEAR SW ),6,N,N,5.97,89.916,05:24,1.676,CMFL,1025,65000,E.R. WELD,24,1473.2,2046.1,1459.8,2027.4,0.696,1.097,1.0,1.2,2022,Metal Loss_23977.6,True,23977.589,23976.832,METAL_LOSS,False,5.65,1806,23964.498193657422
6590,40.233,0.344,39.177,1.06,24007.08,Metal Loss,External,14.0,0.048,29.0,GENE,20.0,,,,3.5,5.5,3:03,EXT ML,6,N,N,5.97,90.758,05:24,12.776,CMFL,1025,65000,E.R. WELD,24,1489.4,2068.6,1487.3,2065.7,0.688,1.111,1.0,1.2,2022,Metal Loss_24007.1,True,24007.08,24006.323,METAL_LOSS,False,3.05,1807,23993.816217317824
6590,40.233,0.344,39.219,1.017,24007.123,Metal Loss,External,28.0,0.096,43.0,PITT,20.0,,,,0.9,1.4,4:32,EXT ML,6,N,N,5.97,90.76,05:24,5.445,CMFL,1025,65000,E.R. WELD,24,1532.4,2128.3,1528.6,2123.0,0.669,1.142,0.6,1.2,2022,Metal Loss_24007.1,True,24007.123,24006.366,METAL_LOSS,False,4.533333333333333,1808,23993.858965105876
6590,40.233,0.344,39.528,0.709,24007.431,Metal Loss,External,16.0,0.055,31.0,PITT,20.0,,,,1.4,1.1,4:20,EXT ML,6,N,N,5.97,90.768,05:24,6.702,CMFL,1025,65000,E.R. WELD,24,1531.0,2126.4,1527.5,2121.5,0.67,1.142,0.6,1.2,2022,Metal Loss_24007.4,True,24007.431,24006.674,METAL_LOSS,False,4.333333333333333,1809,23994.16515856447
6600,39.997,0.344,0.705,39.288,24008.845,Metal Loss,External,21.0,0.072,36.0,GENE,20.0,,,,4.3,2.0,4:04,EXT ML,1,N,N,5.97,90.809,UNKN,,CMFL,1025,65000,E.R. WELD,24,1437.3,1996.3,1429.7,1985.7,0.713,1.071,1.0,1.2,2022,Metal Loss_24008.8,True,24008.845,24008.088,METAL_LOSS,False,4.066666666666666,1811,23995.574770834897
6680,39.97,0.344,18.281,21.69,24343.599,Metal Loss,External,10.0,0.034,25.0,GENE,20.0,,,,10.3,3.6,12:55,EXT ML,3,N,N,5.97,96.852,UNKN,,CMFL,1025,65000,E.R. WELD,24,1456.0,2022.3,1439.4,1999.2,0.704,1.087,1.0,1.2,2022,Metal Loss_24343.6,True,24343.599,24342.841999999997,METAL_LOSS,False,12.916666666666666,1820,24329.069300545354
6680,39.97,0.344,19.642,20.331,24344.957,Metal Loss,External,14.0,0.048,29.0,GENE,20.0,,,,7.6,1.8,12:55,EXT ML,3,N,N,5.97,96.906,UNKN,,CMFL,1025,65000,E.R. WELD,24,1441.5,2002.1,1421.5,1974.3,0.711,1.073,1.0,1.2,2022,Metal Loss_24345.0,True,24344.957,24344.199999999997,METAL_LOSS,False,12.916666666666666,1821,24330.425466052933
6680,39.97,0.344,22.07,17.904,24347.385,Metal Loss,External,10.0,0.034,25.0,GENE,20.0,,,,21.5,2.9,1:24,EXT ML,3,N,N,5.97,97.004,UNKN,,CMFL,1025,65000,E.R. WELD,24,1435.5,1993.8,1424.8,1978.9,0.714,1.074,1.0,1.2,2022,Metal Loss_24347.4,True,24347.385,24346.627999999997,METAL_LOSS,False,1.4,1822,24332.850186120977
6930,40.174,0.344,16.864,23.307,25325.915,Metal Loss,External,19.0,0.065,34.0,GENE,20.0,,,,4.0,1.6,5:40,EXT ML,1,N,N,5.97,131.422,11:00,33.51,CMFL,1025,65000,E.R. WELD,24,1455.0,2020.9,1436.2,1994.7,0.705,1.085,1.0,1.2,2022,Metal Loss_25325.9,True,25325.915,25325.158,METAL_LOSS,False,5.666666666666667,1866,25307.317186916585
6990,40.262,0.344,1.319,38.944,25551.125,Metal Loss,External,28.0,0.096,43.0,GENE,20.0,,,,1.3,1.3,3:08,EXT ML,2,N,N,5.97,51.699,06:24,20.525,CMFL,1025,65000,E.R. WELD,24,1518.5,2109.0,1511.4,2099.2,0.675,1.132,1.0,1.2,2022,Metal Loss_25551.1,True,25551.125,25550.368,METAL_LOSS,False,3.1333333333333333,1874,25511.499729031617
7010,40.18,0.344,13.432,26.749,25623.497,Metal Loss,External,12.0,0.041,27.0,GENE,20.0,,,,4.5,2.1,4:13,EXT ML,14,N,N,5.97,28.934,08:52,29.112,CMFL,1025,65000,E.R. WELD,24,1482.9,2059.6,1470.4,2042.3,0.691,1.107,1.0,1.2,2022,Metal Loss_25623.5,True,25623.497,25622.74,METAL_LOSS,False,4.216666666666667,1879,25577.330578148332
7010,40.18,0.344,16.155,24.026,25626.22,Metal Loss,External,13.0,0.044,28.0,GENE,20.0,,,,4.5,2.6,4:14,EXT ML,14,N,N,5.97,28.309,08:52,29.112,CMFL,1025,65000,E.R. WELD,24,1478.5,2053.4,1465.1,2034.8,0.693,1.103,1.0,1.2,2022,Metal Loss_25626.2,True,25626.22,25625.463,METAL_LOSS,False,4.233333333333333,1880,25580.023081632655
7010,40.18,0.344,18.488,21.693,25628.553,Metal Loss,External,13.0,0.044,28.0,GENE,20.0,,,,12.4,3.1,9:05,EXT ML ( ON SW ),14,N,N,5.97,27.775,08:52,1.466,CMFL,1025,65000,E.R. WELD,24,1421.9,1974.9,1403.3,1949.1,0.721,1.061,1.0,1.2,2022,Metal Loss_25628.6,True,25628.553,25627.796,METAL_LOSS,False,9.083333333333334,1881,25582.32995296167
7010,40.18,0.344,21.122,19.058,25631.188,Metal Loss,External,10.0,0.034,25.0,GENE,20.0,,,,3.7,3.0,4:19,EXT ML,14,N,N,5.97,27.171,08:52,28.484,CMFL,1025,65000,E.R. WELD,24,1504.2,2089.2,1495.8,2077.6,0.682,1.123,1.0,1.2,2022,Metal Loss_25631.2,True,25631.188,25630.430999999997,METAL_LOSS,False,4.316666666666666,1882,25584.93544201095
7010,40.18,0.344,23.238,16.946,25633.301,Metal Loss,External,13.0,0.044,28.0,GENE,15.0,,,,6.5,3.8,4:17,*EXT ML,14,Y,Y,5.97,26.686,08:52,28.693,CMFL,1025,65000,E.R. WELD,24,1453.2,2018.4,1435.3,1993.5,0.705,1.085,0.8,1.0,2022,Metal Loss_25633.3,True,25633.301,25632.544,METAL_LOSS,False,4.283333333333333,1883,25587.024777252365
7010,40.18,0.344,23.983,16.198,25634.049,Metal Loss,External,23.0,0.079,38.0,GENE,15.0,,,,2.0,1.8,4:22,*EXT ML,14,Y,Y,5.97,26.515,08:52,28.274,CMFL,1025,65000,E.R. WELD,24,1503.0,2087.5,1493.0,2073.6,0.682,1.121,0.8,1.0,2022,Metal Loss_25634.0,True,25634.049,25633.292,METAL_LOSS,False,4.366666666666666,1884,25587.76439995022
7010,40.18,0.344,24.58,15.6,25634.646,Metal Loss,External,18.0,0.062,33.0,GENE,20.0,,,,5.7,2.0,2:53,EXT ML,14,N,N,5.97,26.378,08:52,37.49,CMFL,1025,65000,E.R. WELD,24,1432.6,1989.8,1410.1,1958.5,0.716,1.065,1.0,1.2,2022,Metal Loss_25634.6,True,25634.646,25633.889,METAL_LOSS,False,2.8833333333333333,1885,25588.354713787954
7010,40.18,0.344,26.027,14.154,25636.093,Metal Loss,External,23.0,0.079,38.0,PITT,20.0,,,,1.2,1.1,2:53,EXT ML,14,N,N,5.97,26.046,08:52,37.49,CMFL,1025,65000,E.R. WELD,24,1529.4,2124.2,1525.2,2118.4,0.67,1.14,0.6,1.2,2022,Metal Loss_25636.1,True,25636.093,25635.336,METAL_LOSS,False,2.8833333333333333,1886,25589.785507964163
7010,40.18,0.344,29.065,11.115,25639.131,Metal Loss,External,14.0,0.048,29.0,GENE,20.0,,,,2.8,2.9,8:43,EXT ML ( ON SW ),14,N,N,5.97,25.351,08:52,0.838,CMFL,1025,65000,E.R. WELD,24,1505.6,2091.1,1497.2,2079.4,0.681,1.122,1.0,1.2,2022,Metal Loss_25639.1,True,25639.131,25638.374,METAL_LOSS,False,8.716666666666667,1887,25592.789483573917
7010,40.18,0.344,29.642,10.538,25639.708,Metal Loss,External,17.0,0.058,32.0,GENE,20.0,,,,3.9,2.6,10:17,EXT ML,14,N,N,5.97,25.218,08:52,9.006,CMFL,1025,65000,E.R. WELD,24,1469.8,2041.4,1454.3,2019.8,0.697,1.095,1.0,1.2,2022,Metal Loss_25639.7,True,25639.708,25638.950999999997,METAL_LOSS,False,10.283333333333333,1888,25593.36002140368
7010,40.18,0.344,29.754,10.427,25639.82,Metal Loss,External,12.0,0.041,27.0,GENE,20.0,,,,5.2,1.9,8:48,EXT ML ( ON SW ),14,N,N,5.97,25.192,08:52,0.419,CMFL,1025,65000,E.R. WELD,24,1480.3,2056.0,1467.5,2038.2,0.693,1.101,1.0,1.2,2022,Metal Loss_25639.8,True,25639.82,25639.063,METAL_LOSS,False,8.8,1889,25593.470767048282
7010,40.18,0.344,30.925,9.255,25640.991,Metal Loss,External,13.0,0.044,28.0,GENE,20.0,,,,2.8,1.2,8:50,EXT ML ( ON SW ),14,N,N,5.97,24.924,08:52,0.209,CMFL,1025,65000,E.R. WELD,24,1508.5,2095.2,1500.8,2084.4,0.68,1.125,1.0,1.2,2022,Metal Loss_25641.0,True,25640.991,25640.234,METAL_LOSS,False,8.833333333333334,1890,25594.628652314586
7010,40.18,0.344,32.933,7.247,25642.999,Metal Loss,External,12.0,0.041,27.0,GENE,20.0,,,,6.9,3.2,8:23,EXT ML,14,N,N,5.97,24.463,08:52,2.932,CMFL,1025,65000,E.R. WELD,24,1464.3,2033.7,1454.9,2020.7,0.7,1.089,1.0,1.2,2022,Metal Loss_25643.0,True,25642.999,25642.242,METAL_LOSS,False,8.383333333333333,1891,25596.614163514187
7010,40.18,0.344,36.781,3.399,25646.847,Metal Loss,External,12.0,0.041,27.0,GENE,20.0,,,,8.7,2.1,8:49,EXT ML ( ON SW ),14,N,N,5.97,23.582,08:52,0.209,CMFL,1025,65000,E.R. WELD,24,1447.0,2009.8,1428.3,1983.8,0.708,1.079,1.0,1.2,2022,Metal Loss_25646.8,True,25646.847,25646.09,METAL_LOSS,False,8.816666666666666,1892,25600.41906744649
7030,40.112,0.344,15.604,24.511,25679.688,Metal Loss,External,21.0,0.072,36.0,GENE,15.0,,,,5.7,1.3,6:48,*EXT ML,1,Y,Y,5.97,19.048,12:08,33.51,CMFL,1025,65000,E.R. WELD,24,1408.9,1956.8,1381.3,1918.4,0.728,1.049,0.8,1.0,2022,Metal Loss_25679.7,True,25679.688,25678.930999999997,METAL_LOSS,False,6.8,1895,25646.981430174004
7110,9.465,0.5,9.15,0.315,25938.501,Metal Loss,External,30.0,0.15,45.0,GENE,20.0,,,,17.4,5.7,1:46,EXT ML ( ON GW ),1,N,N,4.14,21.706,UNKN,,CMFL,1025,60000,E.R. WELD,24,1678.6,2331.4,1794.7,2492.7,0.611,0.931,1.0,1.2,2022,Metal Loss_25938.5,True,25938.501,25937.744,METAL_LOSS,False,1.7666666666666666,1908,25955.87091696599
7120,39.967,0.344,0.768,39.199,25939.583,Metal Loss,External,16.0,0.055,31.0,GENE,20.0,,,,2.7,3.0,12:01,EXT ML,1,N,N,5.97,21.958,08:08,24.504,CMFL,1025,65000,E.R. WELD,24,1501.3,2085.1,1491.8,2072.0,0.683,1.119,1.0,1.2,2022,Metal Loss_25939.6,True,25939.583,25938.825999999997,METAL_LOSS,False,12.016666666666667,1910,25957.964178947634
7380,40.295,0.344,38.98,1.316,26972.835,Metal Loss,External,38.0,0.131,53.0,GENE,20.0,,,,6.7,4.8,7:52,EXT ML,3,N,N,5.97,156.038,09:12,9.634,CMFL,1025,65000,E.R. WELD,24,1237.7,1719.0,1334.6,1853.6,0.828,0.926,1.0,1.2,2022,Metal Loss_26972.8,True,26972.835,26972.078,METAL_LOSS,False,7.866666666666667,1951,26945.095403896263
7380,40.295,0.344,39.318,0.978,26973.173,Metal Loss,External,50.0,0.172,65.0,GENE,15.0,,,,7.7,10.9,5:39,*EXT ML,3,Y,Y,5.97,155.918,09:12,17.593,CMFL,1025,65000,E.R. WELD,24,1095.9,1522.1,1291.9,1794.3,0.935,0.814,1.0,1.2,2022,Metal Loss_26973.2,True,26973.173,26972.415999999997,METAL_LOSS,False,5.65,1953,26945.212250651442
7400,40.259,0.344,39.268,0.994,27036.135,Metal Loss,External,21.0,0.072,36.0,GENE,20.0,,,,7.9,7.4,3:29,EXT ML,1,N,N,5.97,125.997,08:52,30.997,CMFL,1025,65000,E.R. WELD,24,1373.7,1908.0,1355.8,1883.0,0.746,1.025,1.0,1.2,2022,Metal Loss_27036.1,True,27036.135,27035.377999999997,METAL_LOSS,False,3.4833333333333334,1958,27006.122071928865
7420,29.888,0.344,0.121,29.77,27051.293,Metal Loss,External,23.0,0.079,38.0,GENE,20.0,,,,1.5,1.3,2:25,EXT ML,5,N,N,5.97,123.627,10:20,25.761,CMFL,1025,65000,E.R. WELD,24,1520.6,2111.9,1514.5,2103.5,0.674,1.133,1.0,1.2,2022,Metal Loss_27051.3,True,27051.293,27050.536,METAL_LOSS,False,2.4166666666666665,1962,27046.867330701287
7420,29.888,0.344,0.463,29.426,27051.637,Metal Loss,External,20.0,0.069,35.0,GENE,20.0,,,,2.4,4.1,11:15,EXT ML,5,N,N,5.97,123.607,10:20,6.702,CMFL,1025,65000,E.R. WELD,24,1496.1,2078.0,1487.1,2065.5,0.685,1.116,1.0,1.2,2022,Metal Loss_27051.6,True,27051.637,27050.879999999997,METAL_LOSS,False,11.25,1963,27047.32598969486
7420,29.888,0.344,0.548,29.341,27051.722,Metal Loss,External,11.0,0.038,26.0,GENE,20.0,,,,12.8,4.6,9:21,EXT ML,5,N,N,5.97,123.602,10:20,4.608,CMFL,1025,65000,E.R. WELD,24,1443.8,2005.2,1439.5,1999.4,0.71,1.075,1.0,1.2,2022,Metal Loss_27051.7,True,27051.722,27050.965,METAL_LOSS,False,9.35,1964,27047.439321132228
7420,29.888,0.344,0.646,29.245,27051.818,Metal Loss,External,16.0,0.055,31.0,GENE,20.0,,,,2.3,1.7,12:20,EXT ML,5,N,N,5.97,123.597,10:20,12.566,CMFL,1025,65000,E.R. WELD,24,1510.3,2097.6,1502.5,2086.8,0.679,1.127,1.0,1.2,2022,Metal Loss_27051.8,True,27051.818,27051.061,METAL_LOSS,False,12.333333333333334,1965,27047.5673189909
7420,29.888,0.344,0.807,29.081,27051.982,Metal Loss,External,20.0,0.069,35.0,GENE,20.0,,,,10.4,5.2,3:49,EXT ML,5,N,N,5.97,123.588,10:20,36.442,CMFL,1025,65000,E.R. WELD,24,1368.1,1900.1,1364.7,1895.4,0.749,1.017,1.0,1.2,2022,Metal Loss_27052.0,True,27051.982,27051.225,METAL_LOSS,False,3.8166666666666664,1966,27047.785981999466
7480,40.003,0.344,29.961,10.046,27303.054,Metal Loss,External,15.0,0.052,30.0,GENE,20.0,,,,4.3,2.3,10:14,EXT ML,1,N,N,5.97,185.459,10:40,2.723,CMFL,1025,65000,E.R. WELD,24,1472.0,2044.4,1457.1,2023.8,0.696,1.097,1.0,1.2,2022,Metal Loss_27303.1,True,27303.054,27302.297,METAL_LOSS,False,10.233333333333333,1977,27305.70801779733
7490,40.272,0.344,38.524,1.752,27351.621,Metal Loss,External,27.0,0.093,42.0,GENE,20.0,,,,8.2,5.1,5:50,EXT ML,1,N,N,5.97,186.959,11:44,37.49,CMFL,1025,65000,E.R. WELD,24,1313.5,1824.3,1363.3,1893.5,0.78,0.982,1.0,1.2,2022,Metal Loss_27351.6,True,27351.621,27350.864,METAL_LOSS,False,5.833333333333333,1980,27353.99074640578
7520,39.934,0.344,0.863,39.072,27423.72,Metal Loss,External,28.0,0.096,43.0,GENE,20.0,,,,1.3,1.9,5:41,EXT ML,1,N,N,5.97,188.075,UNKN,,CMFL,1025,65000,E.R. WELD,24,1521.4,2113.0,1515.0,2104.1,0.674,1.134,1.0,1.2,2022,Metal Loss_27423.7,True,27423.72,27422.963,METAL_LOSS,False,5.683333333333334,1987,27436.583640506837
7550,40.164,0.344,39.472,0.692,27582.421,Metal Loss,External,20.0,0.069,35.0,GENE,20.0,,,,9.4,9.7,8:08,EXT ML ( ON GW ),1,N,N,5.97,188.141,12:32,27.646,CMFL,1025,65000,E.R. WELD,24,1374.3,1908.8,1361.3,1890.6,0.746,1.022,1.0,1.2,2022,Metal Loss_27582.4,True,27582.421,27581.663999999997,METAL_LOSS,False,8.133333333333333,1991,27595.03036449645
7580,39.921,0.344,1.719,38.199,27664.951,Metal Loss,External,15.0,0.052,30.0,GENE,20.0,,,,5.5,2.3,12:59,EXT ML ( ON SW ),2,N,N,5.97,190.26,01:00,0.0,CMFL,1025,65000,E.R. WELD,24,1456.0,2022.3,1438.4,1997.7,0.704,1.084,1.0,1.2,2022,Metal Loss_27665.0,True,27664.951,27664.194,METAL_LOSS,False,12.983333333333333,1997,27677.55554561852
7580,39.921,0.344,19.715,20.207,27682.943,Metal Loss,External,17.0,0.058,32.0,GENE,20.0,,,,10.9,3.3,12:49,EXT ML ( ON SW ),2,N,N,5.97,191.058,01:00,0.628,CMFL,1025,65000,E.R. WELD,24,1392.7,1934.3,1391.2,1932.2,0.736,1.036,1.0,1.2,2022,Metal Loss_27682.9,True,27682.943,27682.186,METAL_LOSS,False,12.816666666666666,1998,27695.61605566411
7670,40.092,0.344,28.967,11.122,28053.438,Metal Loss,External,14.0,0.048,29.0,GENE,20.0,,,,3.6,2.8,11:49,EXT ML,4,N,N,5.97,173.961,09:12,16.546,CMFL,1025,65000,E.R. WELD,24,1489.2,2068.4,1477.7,2052.3,0.688,1.111,1.0,1.2,2022,Metal Loss_28053.4,True,28053.438,28052.680999999997,METAL_LOSS,False,11.816666666666666,2026,28037.598793494795
7670,40.092,0.344,30.968,9.124,28055.436,Metal Loss,External,19.0,0.065,34.0,GENE,20.0,,,,4.1,1.7,7:35,EXT ML,4,N,N,5.97,173.176,09:12,10.053,CMFL,1025,65000,E.R. WELD,24,1455.9,2022.1,1437.4,1996.4,0.704,1.083,1.0,1.2,2022,Metal Loss_28055.4,True,28055.436,28054.679,METAL_LOSS,False,7.583333333333333,2027,28039.59126162979
7670,40.092,0.344,31.516,8.573,28055.988,Metal Loss,External,37.0,0.127,52.0,GENE,20.0,,,,5.2,4.6,7:17,EXT ML,4,N,N,5.97,172.96,09:12,10.472,CMFL,1025,65000,E.R. WELD,24,1300.2,1805.9,1358.5,1886.8,0.788,0.967,1.0,1.2,2022,Metal Loss_28056.0,True,28055.988,28055.231,METAL_LOSS,False,7.283333333333333,2028,28040.141733306726
7670,40.092,0.344,35.751,4.341,28060.22,Metal Loss,External,31.0,0.106,46.0,GENE,20.0,,,,18.5,5.6,1:35,EXT ML,4,N,N,5.97,171.296,09:12,26.808,CMFL,1025,65000,E.R. WELD,24,1213.0,1684.7,1280.0,1777.8,0.845,0.901,1.0,1.2,2022,Metal Loss_28060.2,True,28060.22,28059.463,METAL_LOSS,False,1.5833333333333335,2029,28044.362016163228
7690,40.266,0.344,0.171,40.095,28078.061,Metal Loss,External,17.0,0.058,32.0,GENE,20.0,,,,8.4,5.6,3:09,EXT ML,1,N,N,5.97,168.371,02:12,6.074,CMFL,1025,65000,E.R. WELD,24,1405.3,1951.8,1378.3,1914.3,0.729,1.048,1.0,1.2,2022,Metal Loss_28078.1,True,28078.061,28077.304,METAL_LOSS,False,3.15,2033,28069.389785426913
7860,40.174,0.344,17.881,22.29,28743.881,Metal Loss,External,37.0,0.127,52.0,GENE,20.0,,,,14.0,7.5,6:25,EXT ML,1,N,N,5.97,130.012,02:04,29.95,CMFL,1025,65000,E.R. WELD,24,1153.1,1601.5,1135.3,1576.8,0.889,0.864,1.0,1.2,2022,Metal Loss_28743.9,True,28743.881,28743.124,METAL_LOSS,False,6.416666666666667,2058,28751.906541544282
7910,40.0,0.344,0.715,39.285,28927.359,Metal Loss,External,27.0,0.093,42.0,GENE,20.0,,,,3.2,6.2,5:47,EXT ML,1,N,N,5.97,132.476,01:08,27.646,CMFL,1025,65000,E.R. WELD,24,1439.9,1999.8,1420.0,1972.3,0.712,1.075,1.0,1.2,2022,Metal Loss_28927.4,True,28927.359,28926.602,METAL_LOSS,False,5.783333333333333,2072,28934.90374875
7990,40.013,0.344,0.387,39.629,29241.407,Metal Loss,External,25.0,0.086,40.0,GENE,20.0,,,,7.6,4.4,4:05,EXT ML,3,N,N,5.97,127.117,10:36,35.605,CMFL,1025,65000,E.R. WELD,24,1341.2,1862.8,1361.0,1890.3,0.764,1.001,1.0,1.2,2022,Metal Loss_29241.4,True,29241.407,29240.65,METAL_LOSS,False,4.083333333333333,2086,29247.776642177072
7990,40.013,0.344,0.436,39.58,29241.457,Metal Loss,External,25.0,0.086,40.0,GENE,20.0,,,,8.1,12.3,5:52,EXT ML,3,N,N,5.97,127.115,10:36,27.227,CMFL,1025,65000,E.R. WELD,24,1341.6,1863.3,1351.8,1877.5,0.764,0.997,1.0,1.2,2022,Metal Loss_29241.5,True,29241.457,29240.699999999997,METAL_LOSS,False,5.866666666666667,2087,29247.82659594672
7990,40.013,0.344,19.026,20.991,29260.046,Metal Loss,External,13.0,0.044,28.0,GENE,20.0,,,,8.3,6.1,5:29,EXT ML,3,N,N,5.97,125.988,10:36,30.997,CMFL,1025,65000,E.R. WELD,24,1441.4,2002.0,1422.0,1975.0,0.711,1.075,1.0,1.2,2022,Metal Loss_29260.0,True,29260.046,29259.288999999997,METAL_LOSS,False,5.483333333333333,2089,29266.398408426416
8000,40.095,0.344,39.022,1.073,29320.059,Metal Loss,External,21.0,0.072,36.0,GENE,20.0,,,,10.9,11.1,5:16,EXT ML,4,N,N,5.97,122.139,11:56,37.071,CMFL,1025,65000,E.R. WELD,24,1347.1,1871.0,1343.1,1865.5,0.761,1.007,1.0,1.2,2022,Metal Loss_29320.1,True,29320.059,29319.302,METAL_LOSS,False,5.266666666666667,2092,29326.367669036037
8000,40.095,0.344,39.065,1.03,29320.102,Metal Loss,External,23.0,0.079,38.0,GENE,20.0,,,,9.2,3.7,7:08,EXT ML,4,N,N,5.97,122.136,11:56,30.578,CMFL,1025,65000,E.R. WELD,24,1341.8,1863.6,1342.7,1864.9,0.764,1.002,1.0,1.2,2022,Metal Loss_29320.1,True,29320.102,29319.345,METAL_LOSS,False,7.133333333333334,2093,29326.410642224713
8000,40.095,0.344,39.242,0.853,29320.279,Metal Loss,External,61.0,0.21,76.0,GENE,15.0,,,,1.7,1.9,3:38,*EXT ML,4,Y,Y,5.97,122.125,11:56,23.248,CMFL,1025,65000,E.R. WELD,24,1407.9,1955.4,1353.0,1879.2,0.728,1.048,0.8,1.0,2022,Metal Loss_29320.3,True,29320.279,29319.521999999997,METAL_LOSS,False,3.6333333333333333,2094,29326.587531861824
8000,40.095,0.344,39.298,0.801,29320.331,Metal Loss,External,26.0,0.089,41.0,GENE,20.0,,,,1.7,1.5,8:09,EXT ML,4,N,N,5.97,122.121,11:56,23.667,CMFL,1025,65000,E.R. WELD,24,1505.5,2091.0,1495.7,2077.3,0.681,1.123,1.0,1.2,2022,Metal Loss_29320.3,True,29320.331,29319.573999999997,METAL_LOSS,False,8.15,2095,29326.63949943883
8020,40.177,0.344,19.006,21.175,29380.174,Metal Loss,External,15.0,0.052,30.0,GENE,20.0,,,,17.0,3.3,2:09,EXT ML,2,N,N,5.97,118.959,01:40,3.142,CMFL,1025,65000,E.R. WELD,24,1391.7,1932.9,1363.1,1893.2,0.737,1.037,1.0,1.2,2022,Metal Loss_29380.2,True,29380.174,29379.417,METAL_LOSS,False,2.15,2099,29386.54658038181
8020,40.177,0.344,21.017,19.16,29382.188,Metal Loss,External,14.0,0.048,29.0,GENE,20.0,,,,3.9,2.2,2:11,EXT ML,2,N,N,5.97,118.898,01:40,3.142,CMFL,1025,65000,E.R. WELD,24,1484.8,2062.2,1472.4,2045.0,0.69,1.107,1.0,1.2,2022,Metal Loss_29382.2,True,29382.188,29381.430999999997,METAL_LOSS,False,2.183333333333333,2100,29388.556720511733
8060,40.351,0.344,2.379,37.972,29524.137,Metal Loss,External,41.0,0.141,56.0,GENE,15.0,,,,14.8,5.4,5:37,*EXT ML,24,Y,Y,5.97,110.861,UNKN,,CMFL,1025,65000,E.R. WELD,24,1109.6,1541.1,1180.8,1640.1,0.924,0.825,1.0,1.2,2022,Metal Loss_29524.1,True,29524.137,29523.379999999997,METAL_LOSS,False,5.616666666666667,2105,29530.117314564694
8060,40.351,0.344,3.76,36.591,29525.518,Metal Loss,External,17.0,0.058,32.0,GENE,20.0,,,,18.6,3.9,5:47,EXT ML,24,N,N,5.97,110.76,UNKN,,CMFL,1025,65000,E.R. WELD,24,1362.4,1892.2,1357.3,1885.2,0.752,1.019,1.0,1.2,2022,Metal Loss_29525.5,True,29525.518,29524.761,METAL_LOSS,False,5.783333333333333,2106,29531.48630170256
8060,40.351,0.344,7.333,33.018,29529.091,Metal Loss,External,15.0,0.052,30.0,GENE,20.0,,,,6.6,5.9,5:44,EXT ML,24,N,N,5.97,110.506,UNKN,,CMFL,1025,65000,E.R. WELD,24,1441.6,2002.2,1424.2,1978.1,0.711,1.073,1.0,1.2,2022,Metal Loss_29529.1,True,29529.091,29528.334,METAL_LOSS,False,5.733333333333333,2107,29535.02822135759
8060,40.351,0.344,8.593,31.755,29530.354,Metal Loss,External,18.0,0.062,33.0,GENE,20.0,,,,7.7,3.7,6:07,EXT ML,24,N,N,5.97,110.416,UNKN,,CMFL,1025,65000,E.R. WELD,24,1400.0,1944.4,1376.0,1911.0,0.732,1.047,1.0,1.2,2022,Metal Loss_29530.4,True,29530.354,29529.597,METAL_LOSS,False,6.116666666666666,2108,29536.280234938415
8060,40.351,0.344,9.226,31.125,29530.984,Metal Loss,External,19.0,0.065,34.0,GENE,20.0,,,,19.3,5.2,5:13,EXT ML,24,N,N,5.97,110.371,UNKN,,CMFL,1025,65000,E.R. WELD,24,1342.3,1864.3,1345.5,1868.8,0.764,1.002,1.0,1.2,2022,Metal Loss_29531.0,True,29530.984,29530.227,METAL_LOSS,False,5.216666666666667,2109,29536.904754776835
8060,40.351,0.344,10.089,30.262,29531.847,Metal Loss,External,19.0,0.065,34.0,GENE,20.0,,,,11.9,3.3,6:30,EXT ML,24,N,N,5.97,110.31,UNKN,,CMFL,1025,65000,E.R. WELD,24,1369.0,1901.3,1341.9,1863.7,0.749,1.018,1.0,1.2,2022,Metal Loss_29531.8,True,29531.847,29531.09,METAL_LOSS,False,6.5,2110,29537.760247825332
8060,40.351,0.344,11.227,29.121,29532.989,Metal Loss,External,21.0,0.072,36.0,GENE,20.0,,,,12.6,9.1,4:53,EXT ML,24,N,N,5.97,110.229,UNKN,,CMFL,1025,65000,E.R. WELD,24,1336.6,1856.4,1298.4,1803.3,0.767,1.0,1.0,1.2,2022,Metal Loss_29533.0,True,29532.989,29532.232,METAL_LOSS,False,4.883333333333333,2111,29538.892313945133
8060,40.351,0.344,12.497,27.851,29534.259,Metal Loss,External,25.0,0.086,40.0,GENE,20.0,,,,11.2,4.8,7:06,EXT ML,24,N,N,5.97,110.139,UNKN,,CMFL,1025,65000,E.R. WELD,24,1311.3,1821.3,1288.8,1790.0,0.782,0.975,1.0,1.2,2022,Metal Loss_29534.3,True,29534.259,29533.501999999997,METAL_LOSS,False,7.1,2112,29540.151266635272
8060,40.351,0.344,12.68,27.667,29534.442,Metal Loss,External,26.0,0.089,41.0,GENE,20.0,,,,17.8,8.3,4:38,EXT ML,24,N,N,5.97,110.126,UNKN,,CMFL,1025,65000,E.R. WELD,24,1264.1,1755.7,1251.4,1738.1,0.811,0.946,1.0,1.2,2022,Metal Loss_29534.4,True,29534.442,29533.685,METAL_LOSS,False,4.633333333333333,2113,29540.332674778816
8060,40.351,0.344,13.871,26.476,29535.633,Metal Loss,External,30.0,0.103,45.0,GENE,20.0,,,,12.3,5.6,7:01,EXT ML,24,N,N,5.97,110.041,UNKN,,CMFL,1025,65000,E.R. WELD,24,1250.5,1736.8,1255.5,1743.7,0.82,0.93,1.0,1.2,2022,Metal Loss_29535.6,True,29535.633,29534.876,METAL_LOSS,False,7.016666666666667,2114,29541.513314663825
8060,40.351,0.344,14.846,25.505,29536.604,Metal Loss,External,49.0,0.169,64.0,GENE,20.0,,,,4.4,3.5,4:08,EXT ML,24,N,N,5.97,109.972,UNKN,,CMFL,1025,65000,E.R. WELD,24,1228.2,1705.9,1145.6,1591.1,0.835,0.919,1.0,1.2,2022,Metal Loss_29536.6,True,29536.604,29535.847,METAL_LOSS,False,4.133333333333334,2115,29542.475868256053
8060,40.351,0.344,15.351,24.997,29537.113,Metal Loss,External,24.0,0.082,39.0,GENE,20.0,,,,8.6,4.7,6:50,EXT ML,24,N,N,5.97,109.936,UNKN,,CMFL,1025,65000,E.R. WELD,24,1343.0,1865.3,1371.2,1904.5,0.763,0.999,1.0,1.2,2022,Metal Loss_29537.1,True,29537.113,29536.356,METAL_LOSS,False,6.833333333333333,2116,29542.98044063344
8060,40.351,0.344,15.505,24.843,29537.267,Metal Loss,External,37.0,0.127,52.0,GENE,15.0,,,,4.6,5.0,4:13,*EXT ML,24,Y,Y,5.97,109.925,UNKN,,CMFL,1025,65000,E.R. WELD,24,1315.7,1827.3,1316.0,1827.8,0.779,0.982,0.8,1.0,2022,Metal Loss_29537.3,True,29537.267,29536.51,METAL_LOSS,False,4.216666666666667,2117,29543.133101038387
8060,40.351,0.344,16.791,23.56,29538.55,Metal Loss,External,19.0,0.065,34.0,GENE,20.0,,,,7.8,4.8,4:27,EXT ML,24,N,N,5.97,109.833,UNKN,,CMFL,1025,65000,E.R. WELD,24,1395.8,1938.6,1397.6,1941.0,0.734,1.04,1.0,1.2,2022,Metal Loss_29538.5,True,29538.55,29537.793,METAL_LOSS,False,4.45,2119,29544.404940645833
8060,40.351,0.344,16.808,23.543,29538.566,Metal Loss,External,28.0,0.096,43.0,GENE,20.0,,,,3.5,3.5,6:53,EXT ML,24,N,N,5.97,109.832,UNKN,,CMFL,1025,65000,E.R. WELD,24,1423.4,1976.9,1395.7,1938.4,0.72,1.062,1.0,1.2,2022,Metal Loss_29538.6,True,29538.566,29537.808999999997,METAL_LOSS,False,6.883333333333333,2120,29544.420801467124
8060,40.351,0.344,17.927,22.425,29539.685,Metal Loss,External,59.0,0.203,74.0,PITT,15.0,,,,1.1,2.0,7:22,*EXT ML,24,Y,Y,5.97,109.753,UNKN,,CMFL,1025,65000,E.R. WELD,24,1487.6,2066.2,1463.1,2032.1,0.689,1.109,0.4,1.0,2022,Metal Loss_29539.7,True,29539.685,29538.928,METAL_LOSS,False,7.366666666666666,2121,29545.530067656317
8060,40.351,0.344,18.323,22.024,29540.085,Metal Loss,External,22.0,0.076,37.0,GENE,20.0,,,,2.2,3.2,7:07,EXT ML,24,N,N,5.97,109.724,UNKN,,CMFL,1025,65000,E.R. WELD,24,1497.0,2079.2,1485.9,2063.8,0.685,1.116,1.0,1.2,2022,Metal Loss_29540.1,True,29540.085,29539.328,METAL_LOSS,False,7.116666666666666,2123,29545.926588188642
8060,40.351,0.344,18.406,21.946,29540.164,Metal Loss,External,21.0,0.072,36.0,GENE,20.0,,,,3.7,3.5,4:17,EXT ML,24,N,N,5.97,109.719,UNKN,,CMFL,1025,65000,E.R. WELD,24,1455.0,2020.8,1435.7,1994.1,0.705,1.084,1.0,1.2,2022,Metal Loss_29540.2,True,29540.164,29539.407,METAL_LOSS,False,4.283333333333333,2124,29546.00490099378
8060,40.351,0.344,19.062,21.289,29540.82,Metal Loss,External,21.0,0.072,36.0,GENE,20.0,,,,9.9,6.5,4:44,EXT ML,24,N,N,5.97,109.672,UNKN,,CMFL,1025,65000,E.R. WELD,24,1356.8,1884.4,1386.9,1926.3,0.756,1.012,1.0,1.2,2022,Metal Loss_29540.8,True,29540.82,29540.063,METAL_LOSS,False,4.733333333333333,2125,29546.655194666797
8060,40.351,0.344,19.649,20.699,29541.411,Metal Loss,External,20.0,0.069,35.0,GENE,20.0,,,,4.6,3.9,7:05,EXT ML,24,N,N,5.97,109.63,UNKN,,CMFL,1025,65000,E.R. WELD,24,1435.0,1993.1,1418.5,1970.2,0.714,1.071,1.0,1.2,2022,Metal Loss_29541.4,True,29541.411,29540.654,METAL_LOSS,False,7.083333333333333,2126,29547.241053753314
8060,40.351,0.344,34.065,6.286,29555.823,Metal Loss,External,37.0,0.127,52.0,GENE,20.0,,,,12.9,4.1,7:23,EXT ML,24,N,N,5.97,108.605,UNKN,,CMFL,1025,65000,E.R. WELD,24,1167.9,1622.1,1281.3,1779.6,0.878,0.869,1.0,1.2,2022,Metal Loss_29555.8,True,29555.823,29555.066,METAL_LOSS,False,7.383333333333334,2127,29561.52768853312
8060,40.351,0.344,36.906,3.445,29558.665,Metal Loss,External,14.0,0.048,29.0,GENE,20.0,,,,5.9,4.1,7:21,EXT ML,24,N,N,5.97,108.403,UNKN,,CMFL,1025,65000,E.R. WELD,24,1457.4,2024.2,1440.2,2000.3,0.703,1.085,1.0,1.2,2022,Metal Loss_29558.7,True,29558.665,29557.908,METAL_LOSS,False,7.35,2128,29564.344966915316
8060,40.351,0.344,39.357,0.994,29561.115,Metal Loss,External,38.0,0.131,53.0,GENE,20.0,,,,2.2,3.8,4:24,EXT ML,24,N,N,5.97,108.228,UNKN,,CMFL,1025,65000,E.R. WELD,24,1446.9,2009.5,1420.4,1972.7,0.709,1.079,1.0,1.2,2022,Metal Loss_29561.1,True,29561.115,29560.358,METAL_LOSS,False,4.4,2130,29566.77365517583
8060,40.351,0.344,39.564,0.784,29561.325,Metal Loss,External,27.0,0.093,42.0,GENE,20.0,,,,1.7,2.2,8:05,EXT ML,24,N,N,5.97,108.214,UNKN,,CMFL,1025,65000,E.R. WELD,24,1508.2,2094.7,1498.9,2081.8,0.68,1.124,1.0,1.2,2022,Metal Loss_29561.3,True,29561.325,29560.568,METAL_LOSS,False,8.083333333333334,2131,29566.981828455304
8140,40.249,0.344,0.453,39.797,29813.353,Metal Loss,External,12.0,0.041,27.0,GENE,20.0,,,,7.3,4.2,7:54,EXT ML,2,N,N,5.97,96.938,04:04,24.086,CMFL,1025,65000,E.R. WELD,24,1461.2,2029.4,1445.0,2007.0,0.702,1.086,1.0,1.2,2022,Metal Loss_29813.4,True,29813.353,29812.596,METAL_LOSS,False,7.9,2148,29792.630523975153
8140,40.249,0.344,0.463,39.787,29813.363,Metal Loss,External,33.0,0.113,48.0,GENE,20.0,,,,5.7,1.6,9:52,EXT ML,2,N,N,5.97,96.939,04:04,37.49,CMFL,1025,65000,E.R. WELD,24,1312.2,1822.5,1355.1,1882.0,0.781,0.979,1.0,1.2,2022,Metal Loss_29813.4,True,29813.363,29812.606,METAL_LOSS,False,9.866666666666667,2149,29792.64046931677
8280,40.033,0.344,30.531,9.501,30379.501,Metal Loss,External,42.0,0.144,57.0,GENE,15.0,,,,5.0,5.5,6:43,*EXT ML,6,Y,Y,5.97,118.457,UNKN,,CMFL,1025,65000,E.R. WELD,24,1259.5,1749.3,1253.6,1741.2,0.814,0.939,0.8,1.0,2022,Metal Loss_30379.5,True,30379.501,30378.744,METAL_LOSS,False,6.716666666666667,2175,30381.975326855343
8280,40.033,0.344,30.988,9.045,30379.957,Metal Loss,External,39.0,0.134,54.0,GENE,15.0,,,,23.7,8.2,5:06,*EXT ML,6,Y,Y,5.97,118.407,UNKN,,CMFL,1025,65000,E.R. WELD,24,1099.0,1526.4,1229.2,1707.2,0.933,0.821,1.0,1.2,2022,Metal Loss_30380.0,True,30379.957,30379.199999999997,METAL_LOSS,False,5.1,2176,30382.43049534134
8280,40.033,0.344,31.276,8.757,30380.246,Metal Loss,External,20.0,0.069,35.0,GENE,15.0,,,,5.6,4.6,7:44,*EXT ML,6,Y,Y,5.97,118.376,UNKN,,CMFL,1025,65000,E.R. WELD,24,1420.5,1972.9,1395.3,1937.9,0.722,1.056,0.8,1.0,2022,Metal Loss_30380.2,True,30380.246,30379.489,METAL_LOSS,False,7.733333333333333,2177,30382.71896835111
8280,40.033,0.344,32.825,7.208,30381.795,Metal Loss,External,22.0,0.076,37.0,GENE,20.0,,,,8.2,2.4,7:50,EXT ML,6,N,N,5.97,118.207,UNKN,,CMFL,1025,65000,E.R. WELD,24,1364.0,1894.5,1383.1,1920.9,0.752,1.016,1.0,1.2,2022,Metal Loss_30381.8,True,30381.795,30381.037999999997,METAL_LOSS,False,7.833333333333333,2178,30384.265143756398
8280,40.033,0.344,34.662,5.371,30383.632,Metal Loss,External,17.0,0.058,32.0,GENE,20.0,,,,4.4,2.0,7:02,EXT ML,6,N,N,5.97,118.007,UNKN,,CMFL,1025,65000,E.R. WELD,24,1458.6,2025.9,1440.9,2001.3,0.703,1.087,1.0,1.2,2022,Metal Loss_30383.6,True,30383.632,30382.875,METAL_LOSS,False,7.033333333333333,2180,30386.098793994955
8280,40.033,0.344,38.96,1.073,30387.93,Metal Loss,External,17.0,0.058,32.0,GENE,20.0,,,,7.7,4.4,6:51,EXT ML,6,N,N,5.97,117.539,UNKN,,CMFL,1025,65000,E.R. WELD,24,1413.7,1963.5,1401.5,1946.5,0.725,1.053,1.0,1.2,2022,Metal Loss_30387.9,True,30387.93,30387.173,METAL_LOSS,False,6.85,2181,30390.388956610794
8290,40.2,0.344,16.545,23.655,30405.548,Metal Loss,External,21.0,0.072,36.0,GENE,20.0,,,,5.0,4.7,4:20,EXT ML,3,N,N,5.97,116.64,08:36,28.065,CMFL,1025,65000,E.R. WELD,24,1419.7,1971.8,1419.5,1971.5,0.722,1.06,1.0,1.2,2022,Metal Loss_30405.5,True,30405.548,30404.790999999997,METAL_LOSS,False,4.333333333333333,2183,30407.930917910446
8340,39.99,0.344,4.406,35.584,30594.242,Metal Loss,External,22.0,0.076,37.0,GENE,20.0,,,,3.2,1.2,5:35,EXT ML,1,N,N,5.97,119.485,11:24,36.652,CMFL,1025,65000,E.R. WELD,24,1464.3,2033.8,1446.7,2009.3,0.7,1.091,1.0,1.2,2022,Metal Loss_30594.2,True,30594.242,30593.484999999997,METAL_LOSS,False,5.583333333333333,2193,30595.692694673668
8370,40.154,0.344,38.868,1.286,30748.999,Metal Loss,External,14.0,0.048,29.0,GENE,20.0,,,,8.8,3.2,4:08,EXT ML,1,N,N,5.97,120.625,10:20,36.442,CMFL,1025,65000,E.R. WELD,24,1427.1,1982.1,1404.5,1950.7,0.718,1.066,1.0,1.2,2022,Metal Loss_30749.0,True,30748.999,30748.242,METAL_LOSS,False,4.133333333333334,2197,30739.037310853215
8460,40.207,0.344,39.108,1.099,31043.396,Metal Loss,External,21.0,0.072,36.0,GENE,20.0,,,,7.4,3.8,5:39,EXT ML,1,N,N,5.97,124.505,01:40,25.133,CMFL,1025,65000,E.R. WELD,24,1383.7,1921.9,1398.8,1942.8,0.741,1.03,1.0,1.2,2022,Metal Loss_31043.4,True,31043.396,31042.639,METAL_LOSS,False,5.65,2208,31007.296931380108
8520,40.102,0.344,17.054,23.051,31226.601,Metal Loss,External,17.0,0.058,32.0,GENE,20.0,,,,5.1,3.4,5:55,EXT ML,9,N,N,5.97,123.428,01:48,25.97,CMFL,1025,65000,E.R. WELD,24,1446.5,2009.1,1426.7,1981.5,0.709,1.078,1.0,1.2,2022,Metal Loss_31226.6,True,31226.601,31225.843999999997,METAL_LOSS,False,5.916666666666667,2218,31225.023043066256
8520,40.102,0.344,17.615,22.487,31227.165,Metal Loss,External,16.0,0.055,31.0,GENE,20.0,,,,4.9,3.7,3:50,EXT ML,9,N,N,5.97,123.452,01:48,12.566,CMFL,1025,65000,E.R. WELD,24,1458.2,2025.3,1444.7,2006.5,0.703,1.085,1.0,1.2,2022,Metal Loss_31227.2,True,31227.165,31226.408,METAL_LOSS,False,3.8333333333333335,2219,31225.58449739408
8520,40.102,0.344,17.789,22.316,31227.336,Metal Loss,External,29.0,0.1,44.0,GENE,20.0,,,,22.2,5.1,6:42,EXT ML,9,N,N,5.97,123.46,01:48,31.206,CMFL,1025,65000,E.R. WELD,24,1221.5,1696.5,1305.2,1812.7,0.839,0.913,1.0,1.2,2022,Metal Loss_31227.3,True,31227.336,31226.579,METAL_LOSS,False,6.7,2220,31225.754725567942
8520,40.102,0.344,19.196,20.909,31228.743,Metal Loss,External,19.0,0.065,34.0,GENE,20.0,,,,6.4,3.7,3:22,EXT ML,9,N,N,5.97,123.52,01:48,9.844,CMFL,1025,65000,E.R. WELD,24,1410.8,1959.4,1384.0,1922.2,0.727,1.052,1.0,1.2,2022,Metal Loss_31228.7,True,31228.743,31227.985999999997,METAL_LOSS,False,3.3666666666666667,2221,31227.155374928305
8520,40.102,0.344,20.276,19.826,31229.826,Metal Loss,External,11.0,0.038,26.0,GENE,20.0,,,,5.7,3.4,6:25,EXT ML,9,N,N,5.97,123.567,01:48,29.112,CMFL,1025,65000,E.R. WELD,24,1480.5,2056.2,1467.8,2038.6,0.692,1.102,1.0,1.2,2022,Metal Loss_31229.8,True,31229.826,31229.069,METAL_LOSS,False,6.416666666666667,2222,31228.233486696095
8520,40.102,0.344,20.351,19.751,31229.902,Metal Loss,External,15.0,0.052,30.0,GENE,20.0,,,,4.0,2.9,3:34,EXT ML,9,N,N,5.97,123.57,01:48,11.729,CMFL,1025,65000,E.R. WELD,24,1479.6,2054.9,1467.4,2038.0,0.693,1.101,1.0,1.2,2022,Metal Loss_31229.9,True,31229.902,31229.144999999997,METAL_LOSS,False,3.5666666666666664,2223,31228.309143662253
8520,40.102,0.344,21.253,18.848,31230.804,Metal Loss,External,17.0,0.058,32.0,GENE,20.0,,,,6.1,3.9,4:19,EXT ML,9,N,N,5.97,123.609,01:48,16.546,CMFL,1025,65000,E.R. WELD,24,1429.7,1985.6,1415.3,1965.7,0.717,1.067,1.0,1.2,2022,Metal Loss_31230.8,True,31230.804,31230.047,METAL_LOSS,False,4.316666666666666,2224,31229.20707239221
8520,40.102,0.344,23.241,16.86,31232.792,Metal Loss,External,19.0,0.065,34.0,GENE,20.0,,,,2.2,2.1,6:03,EXT ML,9,N,N,5.97,123.695,01:48,26.808,CMFL,1025,65000,E.R. WELD,24,1505.4,2090.8,1496.4,2078.3,0.681,1.122,1.0,1.2,2022,Metal Loss_31232.8,True,31232.792,31232.035,METAL_LOSS,False,6.05,2225,31231.186099349146
8520,40.102,0.344,37.247,2.858,31246.795,Metal Loss,External,20.0,0.069,35.0,GENE,20.0,,,,5.3,1.9,3:18,EXT ML,9,N,N,5.97,124.299,01:48,9.634,CMFL,1025,65000,E.R. WELD,24,1423.2,1976.7,1399.7,1944.0,0.72,1.06,1.0,1.2,2022,Metal Loss_31246.8,True,31246.795,31246.037999999997,METAL_LOSS,False,3.3,2227,31245.125895364206
8640,6.188,0.344,4.127,2.064,31629.364,Metal Loss,External,26.0,0.089,41.0,GENE,15.0,,,,2.5,3.2,1:15,*EXT ML,3,Y,Y,5.97,140.852,UNKN,,CMFL,1025,65000,E.R. WELD,24,1473.2,2046.1,1456.3,2022.7,0.696,1.098,0.8,1.0,2022,Metal Loss_31629.4,True,31629.364,31628.607,METAL_LOSS,False,1.25,2247,31599.1422774996
8640,6.188,0.344,4.619,1.572,31629.856,Metal Loss,External,50.0,0.172,65.0,GENE,15.0,,,,1.5,1.6,11:51,*EXT ML,3,Y,Y,5.97,140.808,UNKN,,CMFL,1025,65000,E.R. WELD,24,1463.2,2032.2,1435.6,1993.8,0.701,1.09,0.8,1.0,2022,Metal Loss_31629.9,True,31629.856,31629.099,METAL_LOSS,False,11.85,2248,31600.823072201583
8650,40.177,0.344,0.574,39.606,31631.998,Metal Loss,External,18.0,0.062,33.0,GENE,20.0,,,,1.9,1.9,10:24,EXT ML,2,N,N,5.97,140.614,UNKN,,CMFL,1025,65000,E.R. WELD,24,1517.4,2107.6,1511.0,2098.6,0.676,1.132,1.0,1.2,2022,Metal Loss_31632.0,True,31631.998,31631.241,METAL_LOSS,False,10.4,2252,31606.757915971823
8650,40.177,0.344,39.921,0.256,31671.348,Metal Loss,External,25.0,0.086,40.0,GENE,20.0,,,,18.4,8.8,6:03,EXT ML ( ON GW ),2,N,N,5.97,137.096,UNKN,,CMFL,1025,65000,E.R. WELD,24,1279.7,1777.4,1322.7,1837.1,0.801,0.953,1.0,1.2,2022,Metal Loss_31671.3,True,31671.348,31670.591,METAL_LOSS,False,6.05,2254,31645.895382681636
8660,15.984,0.344,0.804,15.177,31672.408,Metal Loss,External,23.0,0.079,38.0,GENE,20.0,,,,3.1,3.1,4:25,EXT ML,5,N,N,5.97,137.001,UNKN,,CMFL,1025,65000,E.R. WELD,24,1460.6,2028.6,1441.9,2002.6,0.702,1.089,1.0,1.2,2022,Metal Loss_31672.4,True,31672.408,31671.651,METAL_LOSS,False,4.416666666666667,2256,31646.68378637132
8660,15.984,0.344,0.84,15.141,31672.444,Metal Loss,External,25.0,0.086,40.0,GENE,20.0,,,,4.2,2.8,3:30,EXT ML,5,N,N,5.97,136.998,UNKN,,CMFL,1025,65000,E.R. WELD,24,1417.2,1968.3,1442.4,2003.3,0.723,1.056,1.0,1.2,2022,Metal Loss_31672.4,True,31672.444,31671.687,METAL_LOSS,False,3.5,2257,31646.707687253616
8660,15.984,0.344,0.856,15.128,31672.457,Metal Loss,External,28.0,0.096,43.0,GENE,20.0,,,,2.7,2.1,7:25,EXT ML,5,N,N,5.97,136.997,UNKN,,CMFL,1025,65000,E.R. WELD,24,1459.3,2026.8,1439.2,1998.9,0.702,1.086,1.0,1.2,2022,Metal Loss_31672.5,True,31672.457,31671.699999999997,METAL_LOSS,False,7.416666666666667,2258,31646.71631812778
8660,15.984,0.344,2.664,13.317,31674.268,Metal Loss,External,29.0,0.1,44.0,GENE,20.0,,,,3.3,2.1,12:04,EXT ML,5,N,N,5.97,136.834,UNKN,,CMFL,1025,65000,E.R. WELD,24,1424.2,1978.1,1478.3,2053.2,0.72,1.062,1.0,1.2,2022,Metal Loss_31674.3,True,31674.268,31673.511,METAL_LOSS,False,12.066666666666666,2259,31647.91866529003
8660,15.984,0.344,5.689,10.295,31677.29,Metal Loss,External,11.0,0.038,26.0,AXGR,20.0,,,,3.3,1.0,4:37,EXT ML,5,N,N,5.97,136.539,UNKN,,CMFL,1025,65000,E.R. WELD,24,1507.6,2094.0,1499.9,2083.2,0.68,1.124,1.0,1.2,2022,Metal Loss_31677.3,True,31677.29,31676.533,METAL_LOSS,False,4.616666666666667,2261,31649.925011576248
8680,10.978,0.344,1.027,9.951,31698.34,Metal Loss,External,28.0,0.096,43.0,GENE,20.0,,,,5.0,5.8,6:11,EXT ML,5,N,N,5.97,135.197,UNKN,,CMFL,1025,65000,E.R. WELD,24,1375.2,1910.1,1371.7,1905.2,0.745,1.023,1.0,1.2,2022,Metal Loss_31698.3,True,31698.34,31697.583,METAL_LOSS,False,6.183333333333334,2266,31682.617895791587
8680,10.978,0.344,9.216,1.762,31706.529,Metal Loss,External,29.0,0.1,44.0,GENE,20.0,,,,1.3,1.3,5:02,EXT ML,5,N,N,5.97,135.749,UNKN,,CMFL,1025,65000,E.R. WELD,24,1520.0,2111.1,1513.2,2101.6,0.674,1.133,1.0,1.2,2022,Metal Loss_31706.5,True,31706.529,31705.771999999997,METAL_LOSS,False,5.033333333333333,2269,31690.495090180357
8680,10.978,0.344,9.498,1.48,31706.811,Metal Loss,External,35.0,0.12,50.0,GENE,20.0,,,,1.9,1.8,6:21,EXT ML,5,N,N,5.97,135.773,UNKN,,CMFL,1025,65000,E.R. WELD,24,1477.1,2051.6,1459.0,2026.4,0.694,1.101,1.0,1.2,2022,Metal Loss_31706.8,True,31706.811,31706.054,METAL_LOSS,False,6.35,2270,31690.76635270541
8680,10.978,0.344,9.885,1.093,31707.198,Metal Loss,External,12.0,0.041,27.0,GENE,20.0,,,,4.6,4.1,4:52,EXT ML,5,N,N,5.97,135.806,UNKN,,CMFL,1025,65000,E.R. WELD,24,1484.7,2062.1,1472.7,2045.4,0.69,1.106,1.0,1.2,2022,Metal Loss_31707.2,True,31707.198,31706.441,METAL_LOSS,False,4.866666666666667,2271,31691.13861723447
8680,10.978,0.344,10.223,0.755,31707.536,Metal Loss,External,20.0,0.069,35.0,GENE,20.0,,,,6.0,5.5,7:49,EXT ML,5,N,N,5.97,135.835,UNKN,,CMFL,1025,65000,E.R. WELD,24,1412.0,1961.2,1404.2,1950.2,0.726,1.051,1.0,1.2,2022,Metal Loss_31707.5,True,31707.536,31706.779,METAL_LOSS,False,7.816666666666666,2272,31691.46374749499
8690,21.224,0.344,1.539,19.682,31709.829,Metal Loss,External,31.0,0.106,46.0,GENE,20.0,,,,2.3,1.7,6:08,EXT ML,1,N,N,5.97,136.029,01:12,30.997,CMFL,1025,65000,E.R. WELD,24,1464.6,2034.1,1444.6,2006.3,0.7,1.092,1.0,1.2,2022,Metal Loss_31709.8,True,31709.829,31709.072,METAL_LOSS,False,6.133333333333334,2274,31695.086252591893
8720,25.052,0.344,0.617,24.436,31780.738,Metal Loss,External,19.0,0.065,34.0,GENE,20.0,,,,1.9,1.7,5:35,EXT ML,1,N,N,5.97,141.448,10:56,33.51,CMFL,1025,65000,E.R. WELD,24,1517.2,2107.2,1510.6,2098.1,0.676,1.13,1.0,1.2,2022,Metal Loss_31780.7,True,31780.738,31779.981,METAL_LOSS,False,5.583333333333333,2278,31781.45808485563
8730,10.584,0.344,4.318,6.263,31809.495,Metal Loss,External,10.0,0.034,25.0,GENE,20.0,,,,3.1,2.4,1:16,EXT ML,1,N,N,5.97,143.143,01:44,2.932,CMFL,1025,65000,E.R. WELD,24,1513.5,2102.1,1506.9,2093.0,0.677,1.128,1.0,1.2,2022,Metal Loss_31809.5,True,31809.495,31808.738,METAL_LOSS,False,1.2666666666666666,2280,31812.129958750735
8830,40.207,0.344,38.976,1.23,32105.095,Metal Loss,External,13.0,0.044,28.0,GENE,20.0,,,,9.9,5.9,5:46,EXT ML,2,N,N,5.97,129.407,08:44,19.687,CMFL,1025,65000,E.R. WELD,24,1430.7,1987.1,1451.1,2015.5,0.717,1.068,1.0,1.2,2022,Metal Loss_32105.1,True,32105.095,32104.338,METAL_LOSS,False,5.766666666666667,2293,32079.647898532705
8830,40.207,0.344,39.239,0.968,32105.358,Metal Loss,External,20.0,0.069,35.0,GENE,20.0,,,,2.9,2.6,4:11,EXT ML,2,N,N,5.97,129.37,08:44,28.484,CMFL,1025,65000,E.R. WELD,24,1480.2,2055.9,1466.0,2036.1,0.693,1.104,1.0,1.2,2022,Metal Loss_32105.4,True,32105.358,32104.601,METAL_LOSS,False,4.183333333333334,2294,32079.688973887092
8860,40.072,0.344,28.514,11.555,32187.29,Metal Loss,External,17.0,0.058,32.0,GENE,20.0,,,,4.8,2.0,8:14,EXT ML,1,N,N,5.97,100.132,08:36,2.304,CMFL,1025,65000,E.R. WELD,24,1449.0,2012.5,1429.5,1985.4,0.707,1.082,1.0,1.2,2022,Metal Loss_32187.3,True,32187.29,32186.533,METAL_LOSS,False,8.233333333333333,2299,32173.70742862847
8910,39.951,0.344,39.101,0.85,32343.937,Metal Loss,External,12.0,0.041,27.0,GENE,20.0,,,,5.9,4.1,5:23,EXT ML,1,N,N,5.97,55.358,02:08,20.525,CMFL,1025,65000,E.R. WELD,24,1469.7,2041.3,1455.0,2020.8,0.698,1.095,1.0,1.2,2022,Metal Loss_32343.9,True,32343.937,32343.18,METAL_LOSS,False,5.383333333333334,2307,32316.90277214588
8930,14.61,0.344,13.927,0.679,32398.819,Metal Loss,External,21.0,0.072,36.0,GENE,20.0,,,,6.4,4.2,5:15,EXT ML,1,N,N,5.97,35.034,01:36,22.619,CMFL,1025,65000,E.R. WELD,24,1392.7,1934.2,1391.5,1932.6,0.736,1.04,1.0,1.2,2022,Metal Loss_32398.8,True,32398.819,32398.062,METAL_LOSS,False,5.25,2310,32360.999223819304
8940,32.123,0.344,0.912,31.211,32400.41,Metal Loss,External,19.0,0.065,34.0,GENE,20.0,,,,11.4,10.1,7:10,EXT ML ( NEAR SW ),1,N,N,5.97,34.434,08:00,2.932,CMFL,1025,65000,E.R. WELD,24,1372.4,1906.1,1369.2,1901.7,0.747,1.019,1.0,1.2,2022,Metal Loss_32400.4,True,32400.41,32399.653,METAL_LOSS,False,7.166666666666667,2312,32362.919480434583
8970,10.787,0.5,10.013,0.774,32487.133,Metal Loss,External,30.0,0.15,45.0,GENE,20.0,,,,3.9,4.0,9:32,EXT ML,1,N,N,4.14,32.501,UNKN,,CMFL,1025,60000,E.R. WELD,24,1932.5,2684.1,1900.8,2640.0,0.53,1.074,1.0,1.2,2022,Metal Loss_32487.1,True,32487.133,32486.376,METAL_LOSS,False,9.533333333333333,2318,32482.22373192437
9030,29.547,0.344,28.885,0.666,32640.774,Metal Loss,External,27.0,0.093,42.0,GENE,20.0,,,,10.1,6.9,10:01,EXT ML ( ON GW ),1,N,N,5.97,95.708,08:40,10.053,CMFL,1025,65000,E.R. WELD,24,1297.1,1801.5,1341.4,1863.1,0.79,0.966,1.2,1.4,2022,Metal Loss_32640.8,True,32640.774,32640.017,METAL_LOSS,False,10.016666666666667,2327,32633.168927918785
9040,39.954,0.344,0.453,39.498,32641.893,Metal Loss,External,14.0,0.048,29.0,GENE,20.0,,,,2.4,2.0,12:01,EXT ML,2,N,N,5.97,96.347,08:28,22.41,CMFL,1025,65000,E.R. WELD,24,1513.7,2102.4,1506.9,2092.9,0.677,1.128,1.0,1.2,2022,Metal Loss_32641.9,True,32641.893,32641.136,METAL_LOSS,False,12.016666666666667,2329,32634.16048434332
9040,39.954,0.344,0.535,39.419,32641.972,Metal Loss,External,18.0,0.062,33.0,GENE,20.0,,,,3.0,3.6,1:01,EXT ML,2,N,N,5.97,96.394,08:28,28.274,CMFL,1025,65000,E.R. WELD,24,1489.7,2069.0,1482.1,2058.4,0.688,1.109,1.0,1.2,2022,Metal Loss_32642.0,True,32641.972,32641.215,METAL_LOSS,False,1.0166666666666666,2330,32634.176264173613
9060,39.961,0.344,0.837,39.124,32722.329,Metal Loss,External,20.0,0.069,35.0,GENE,20.0,,,,2.6,2.0,3:38,EXT ML,2,N,N,5.97,135.255,08:36,31.625,CMFL,1025,65000,E.R. WELD,24,1490.5,2070.2,1480.3,2055.9,0.688,1.111,1.0,1.2,2022,Metal Loss_32722.3,True,32722.329,32721.572,METAL_LOSS,False,3.6333333333333333,2334,32690.547673673675
9060,39.961,0.344,0.85,39.111,32722.343,Metal Loss,External,16.0,0.055,31.0,GENE,20.0,,,,2.6,2.6,6:16,EXT ML,2,N,N,5.97,135.261,08:36,14.661,CMFL,1025,65000,E.R. WELD,24,1502.4,2086.7,1493.1,2073.8,0.682,1.12,1.0,1.2,2022,Metal Loss_32722.3,True,32722.343,32721.586,METAL_LOSS,False,6.266666666666667,2335,32690.561701701703
9150,40.026,0.344,35.259,4.767,33036.056,Metal Loss,External,15.0,0.052,30.0,GENE,20.0,,,,7.5,3.6,8:01,EXT ML,5,N,N,5.97,143.117,11:24,21.363,CMFL,1025,65000,E.R. WELD,24,1434.6,1992.5,1414.9,1965.1,0.715,1.067,1.0,1.2,2022,Metal Loss_33036.1,True,33036.056,33035.299,METAL_LOSS,False,8.016666666666667,2363,33027.32371458552
9150,40.026,0.344,37.215,2.812,33038.012,Metal Loss,External,18.0,0.062,33.0,GENE,20.0,,,,17.9,7.2,6:51,EXT ML,5,N,N,5.97,143.061,11:24,31.206,CMFL,1025,65000,E.R. WELD,24,1354.4,1881.1,1386.3,1925.5,0.757,1.012,1.0,1.2,2022,Metal Loss_33038.0,True,33038.012,33037.255000000005,METAL_LOSS,False,6.85,2364,33029.27942137611
9150,40.026,0.344,39.14,0.886,33039.938,Metal Loss,External,21.0,0.072,36.0,GENE,20.0,,,,9.6,6.3,6:59,EXT ML ( NEAR GW ),5,N,N,5.97,143.006,11:24,25.552,CMFL,1025,65000,E.R. WELD,24,1355.2,1882.3,1361.5,1891.0,0.756,1.013,1.0,1.2,2022,Metal Loss_33039.9,True,33039.938,33039.181000000004,METAL_LOSS,False,6.983333333333333,2366,33031.205132663774
9160,40.151,0.344,9.987,30.161,33050.81,Metal Loss,External,14.0,0.048,29.0,GENE,20.0,,,,6.8,5.4,5:42,EXT ML,5,N,N,5.97,142.809,12:20,32.463,CMFL,1025,65000,E.R. WELD,24,1446.1,2008.4,1426.8,1981.7,0.709,1.078,1.0,1.2,2022,Metal Loss_33050.8,True,33050.81,33050.053,METAL_LOSS,False,5.7,2369,33042.04764695626
9160,40.151,0.344,12.615,27.533,33053.438,Metal Loss,External,45.0,0.155,60.0,GENE,15.0,,,,47.6,16.9,7:49,*EXT ML,5,Y,Y,5.97,142.774,12:20,21.153,CMFL,1025,65000,E.R. WELD,24,991.0,1376.4,1140.9,1584.7,1.034,0.736,1.0,1.2,2022,Metal Loss_33053.4,True,33053.438,33052.681000000004,METAL_LOSS,False,7.816666666666666,2370,33044.66792293514
9160,40.151,0.344,13.35,26.798,33054.173,Metal Loss,External,16.0,0.055,31.0,GENE,20.0,,,,1.9,1.3,6:18,EXT ML,5,N,N,5.97,142.764,12:20,37.49,CMFL,1025,65000,E.R. WELD,24,1520.3,2111.6,1514.6,2103.7,0.674,1.133,1.0,1.2,2022,Metal Loss_33054.2,True,33054.173,33053.416000000005,METAL_LOSS,False,6.3,2371,33045.400762678095
9160,40.151,0.344,14.186,25.961,33055.01,Metal Loss,External,28.0,0.096,43.0,GENE,20.0,,,,3.4,2.2,6:16,EXT ML,5,N,N,5.97,142.753,12:20,37.28,CMFL,1025,65000,E.R. WELD,24,1427.8,1983.0,1401.0,1945.9,0.718,1.065,1.0,1.2,2022,Metal Loss_33055.0,True,33055.01,33054.253000000004,METAL_LOSS,False,6.266666666666667,2372,33046.23530263027
9160,40.151,0.344,39.19,0.958,33080.013,Metal Loss,External,18.0,0.062,33.0,GENE,20.0,,,,2.0,2.3,4:57,EXT ML,5,N,N,5.97,142.416,12:20,29.112,CMFL,1025,65000,E.R. WELD,24,1515.6,2105.0,1508.9,2095.6,0.676,1.129,1.0,1.2,2022,Metal Loss_33080.0,True,33080.013,33079.256,METAL_LOSS,False,4.95,2373,33071.16481568198
9170,40.148,0.344,0.696,39.452,33081.667,Metal Loss,External,12.0,0.041,27.0,GENE,20.0,,,,3.2,2.9,4:54,EXT ML,3,N,N,5.97,142.394,01:24,21.991,CMFL,1025,65000,E.R. WELD,24,1503.9,2088.7,1495.3,2076.8,0.682,1.122,1.0,1.2,2022,Metal Loss_33081.7,True,33081.667,33080.91,METAL_LOSS,False,4.9,2375,33072.81343429312
9170,40.148,0.344,0.712,39.436,33081.683,Metal Loss,External,17.0,0.058,32.0,GENE,20.0,,,,3.0,2.9,5:51,EXT ML,3,N,N,5.97,142.394,01:24,28.903,CMFL,1025,65000,E.R. WELD,24,1492.0,2072.2,1500.5,2084.0,0.687,1.112,0.6,1.2,2022,Metal Loss_33081.7,True,33081.683,33080.926,METAL_LOSS,False,5.85,2376,33072.82937531135
9170,40.148,0.344,0.84,39.304,33081.814,Metal Loss,External,13.0,0.044,28.0,GENE,20.0,,,,2.0,1.6,6:36,EXT ML,3,N,N,5.97,142.392,01:24,32.673,CMFL,1025,65000,E.R. WELD,24,1523.2,2115.5,1518.2,2108.7,0.673,1.136,1.0,1.2,2022,Metal Loss_33081.8,True,33081.814,33081.057,METAL_LOSS,False,6.6,2377,33072.95989239813
9180,40.135,0.344,39.075,1.06,33160.194,Metal Loss,External,13.0,0.044,28.0,GENE,20.0,,,,5.7,4.4,6:11,EXT ML,1,N,N,5.97,141.577,12:52,33.51,CMFL,1025,65000,E.R. WELD,24,1462.0,2030.5,1445.6,2007.8,0.701,1.092,1.0,1.2,2022,Metal Loss_33160.2,True,33160.194,33159.437000000005,METAL_LOSS,False,6.183333333333334,2380,33151.06453580506
9200,40.246,0.344,39.219,1.03,33240.466,Metal Loss,External,23.0,0.079,38.0,GENE,20.0,,,,3.0,1.6,2:56,EXT ML,4,N,N,5.97,141.697,09:12,35.814,CMFL,1025,65000,E.R. WELD,24,1467.1,2037.7,1453.3,2018.4,0.699,1.094,1.0,1.2,2022,Metal Loss_33240.5,True,33240.466,33239.709,METAL_LOSS,False,2.9333333333333336,2386,33231.14586026982
9200,40.246,0.344,39.222,1.027,33240.469,Metal Loss,External,19.0,0.065,34.0,GENE,20.0,,,,3.4,5.9,6:29,EXT ML,4,N,N,5.97,141.697,09:12,15.08,CMFL,1025,65000,E.R. WELD,24,1473.2,2046.1,1462.5,2031.2,0.696,1.096,1.0,1.2,2022,Metal Loss_33240.5,True,33240.469,33239.712,METAL_LOSS,False,6.483333333333333,2387,33231.14884320107
9210,40.105,0.344,0.807,39.298,33242.303,Metal Loss,External,17.0,0.058,32.0,GENE,20.0,,,,2.3,3.5,4:19,EXT ML ( ON SW ),1,N,N,5.97,141.693,04:20,0.0,CMFL,1025,65000,E.R. WELD,24,1509.7,2096.9,1501.9,2085.9,0.679,1.125,1.0,1.2,2022,Metal Loss_33242.3,True,33242.303,33241.546,METAL_LOSS,False,4.316666666666666,2389,33232.97508839297
9220,40.174,0.344,38.671,1.503,33320.272,Metal Loss,External,24.0,0.082,39.0,GENE,20.0,,,,18.5,8.4,08:00,EXT ML ( ON GW ),4,N,N,5.97,139.763,03:00,31.625,CMFL,1025,65000,E.R. WELD,24,1292.8,1795.5,1268.7,1762.1,0.793,0.961,1.0,1.2,2022,Metal Loss_33320.3,True,33320.272,33319.515,METAL_LOSS,False,8.0,2393,33310.6931356101
9220,40.174,0.344,38.98,1.194,33320.581,Metal Loss,External,14.0,0.048,29.0,GENE,20.0,,,,8.5,5.0,4:52,EXT ML,4,N,N,5.97,139.755,03:00,10.681,CMFL,1025,65000,E.R. WELD,24,1429.4,1985.3,1407.4,1954.7,0.717,1.067,1.0,1.2,2022,Metal Loss_33320.6,True,33320.581,33319.824,METAL_LOSS,False,4.866666666666667,2394,33311.00087419724
9220,40.174,0.344,39.419,0.755,33321.02,Metal Loss,External,14.0,0.048,29.0,GENE,20.0,,,,6.5,1.3,2:28,EXT ML,4,N,N,5.97,139.744,03:00,3.351,CMFL,1025,65000,E.R. WELD,24,1448.5,2011.8,1429.6,1985.6,0.708,1.08,1.0,1.2,2022,Metal Loss_33321.0,True,33321.02,33320.263,METAL_LOSS,False,2.466666666666667,2395,33311.43808209289
9250,40.0,0.344,0.653,39.347,33402.677,Metal Loss,External,18.0,0.062,33.0,GENE,20.0,,,,3.1,3.0,8:20,EXT ML,8,N,N,5.97,139.456,03:04,33.091,CMFL,1025,65000,E.R. WELD,24,1481.0,2057.0,1467.3,2037.9,0.692,1.105,1.0,1.2,2022,Metal Loss_33402.7,True,33402.677,33401.920000000006,METAL_LOSS,False,8.333333333333334,2400,33392.23381625001
9250,40.0,0.344,1.716,38.284,33403.74,Metal Loss,External,17.0,0.058,32.0,GENE,20.0,,,,2.1,3.1,12:22,EXT ML,8,N,N,5.97,139.458,03:04,16.965,CMFL,1025,65000,E.R. WELD,24,1513.8,2102.5,1506.8,2092.7,0.677,1.128,1.0,1.2,2022,Metal Loss_33403.7,True,33403.74,33402.983,METAL_LOSS,False,12.366666666666667,2401,33393.298145
9250,40.0,0.344,32.185,7.815,33434.209,Metal Loss,External,33.0,0.113,48.0,GENE,20.0,,,,10.5,6.4,11:45,EXT ML,8,N,N,5.97,139.505,03:04,19.268,CMFL,1025,65000,E.R. WELD,24,1234.4,1714.4,1223.7,1699.6,0.83,0.917,1.0,1.2,2022,Metal Loss_33434.2,True,33434.209,33433.452000000005,METAL_LOSS,False,11.75,2402,33423.80523125
9250,40.0,0.344,33.068,6.932,33435.092,Metal Loss,External,19.0,0.065,34.0,GENE,20.0,,,,9.7,5.9,11:48,EXT ML,8,N,N,5.97,139.506,03:04,19.268,CMFL,1025,65000,E.R. WELD,24,1379.1,1915.4,1370.6,1903.7,0.743,1.027,1.0,1.2,2022,Metal Loss_33435.1,True,33435.092,33434.335,METAL_LOSS,False,11.8,2403,33424.689334999995
9250,40.0,0.344,34.39,5.61,33436.414,Metal Loss,External,21.0,0.072,36.0,GENE,20.0,,,,8.3,5.3,12:42,EXT ML,8,N,N,5.97,139.508,03:04,15.08,CMFL,1025,65000,E.R. WELD,24,1374.8,1909.5,1348.6,1873.1,0.746,1.023,1.0,1.2,2022,Metal Loss_33436.4,True,33436.414,33435.657,METAL_LOSS,False,12.7,2404,33426.0129875
9250,40.0,0.344,38.251,1.749,33440.276,Metal Loss,External,31.0,0.106,46.0,GENE,20.0,,,,9.9,5.2,1:02,EXT ML,8,N,N,5.97,139.514,03:04,12.985,CMFL,1025,65000,E.R. WELD,24,1253.1,1740.4,1219.1,1693.2,0.818,0.937,1.0,1.2,2022,Metal Loss_33440.3,True,33440.276,33439.519,METAL_LOSS,False,1.0333333333333334,2406,33429.879815
9260,39.593,0.344,8.763,30.83,33450.787,Metal Loss,External,14.0,0.048,29.0,GENE,20.0,,,,6.5,2.4,6:56,EXT ML,3,N,N,5.97,139.264,02:00,30.997,CMFL,1025,65000,E.R. WELD,24,1448.4,2011.7,1429.5,1985.5,0.708,1.08,1.0,1.2,2022,Metal Loss_33450.8,True,33450.787,33450.03,METAL_LOSS,False,6.933333333333334,2409,33440.48750662996
9260,39.593,0.344,9.524,30.072,33451.545,Metal Loss,External,31.0,0.106,46.0,GENE,20.0,,,,8.0,3.1,6:27,EXT ML,3,N,N,5.97,139.232,02:00,28.484,CMFL,1025,65000,E.R. WELD,24,1278.8,1776.1,1309.0,1818.1,0.802,0.955,1.0,1.2,2022,Metal Loss_33451.5,True,33451.545,33450.788,METAL_LOSS,False,6.45,2410,33441.253681458846
9260,39.593,0.344,38.31,1.283,33480.335,Metal Loss,External,17.0,0.058,32.0,GENE,20.0,,,,8.3,7.7,4:30,EXT ML,3,N,N,5.97,138.054,02:00,13.614,CMFL,1025,65000,E.R. WELD,24,1405.9,1952.6,1422.8,1976.1,0.729,1.049,1.0,1.2,2022,Metal Loss_33480.3,True,33480.335,33479.578,METAL_LOSS,False,4.5,2411,33470.35417397015
9270,40.039,0.344,1.017,39.022,33482.635,Metal Loss,External,33.0,0.113,48.0,GENE,20.0,,,,1.5,1.9,5:59,EXT ML,2,N,N,5.97,137.96,10:00,25.133,CMFL,1025,65000,E.R. WELD,24,1504.4,2089.4,1493.3,2074.1,0.681,1.121,1.0,1.2,2022,Metal Loss_33482.6,True,33482.635,33481.878000000004,METAL_LOSS,False,5.983333333333333,2413,33472.666983016985
9270,40.039,0.344,23.087,16.949,33504.708,Metal Loss,External,31.0,0.106,46.0,GENE,20.0,,,,10.5,5.7,4:47,EXT ML,2,N,N,5.97,137.18,10:00,34.558,CMFL,1025,65000,E.R. WELD,24,1253.0,1740.2,1382.3,1919.8,0.818,0.933,1.0,1.2,2022,Metal Loss_33504.7,True,33504.708,33503.951,METAL_LOSS,False,4.783333333333333,2414,33494.717932067935
9280,40.259,0.344,27.612,12.648,33549.268,Metal Loss,External,19.0,0.065,34.0,GENE,20.0,,,,3.6,2.4,4:56,EXT ML,16,N,N,5.97,136.45,08:28,22.201,CMFL,1025,65000,E.R. WELD,24,1467.1,2037.6,1450.6,2014.8,0.699,1.093,1.0,1.2,2022,Metal Loss_33549.3,True,33549.268,33548.511,METAL_LOSS,False,4.933333333333334,2423,33539.06965225167
9280,40.259,0.344,28.094,12.165,33549.751,Metal Loss,External,49.0,0.169,64.0,GENE,15.0,,,,84.8,15.7,4:20,*EXT ML,16,Y,Y,5.97,136.449,08:28,32.044,CMFL,1025,65000,E.R. WELD,24,914.1,1269.5,1243.7,1727.4,1.121,0.682,1.0,1.2,2022,Metal Loss_33549.8,True,33549.751,33548.994,METAL_LOSS,False,4.333333333333333,2424,33539.549305000124
9280,40.259,0.344,31.135,9.124,33552.792,Metal Loss,External,20.0,0.069,35.0,GENE,20.0,,,,7.4,1.9,7:32,EXT ML,16,N,N,5.97,136.443,08:28,6.074,CMFL,1025,65000,E.R. WELD,24,1388.7,1928.8,1455.4,2021.4,0.738,1.037,1.0,1.2,2022,Metal Loss_33552.8,True,33552.792,33552.035,METAL_LOSS,False,7.533333333333333,2425,33542.56923048263
9280,40.259,0.344,32.254,8.002,33553.914,Metal Loss,External,49.0,0.169,64.0,GENE,15.0,,,,20.8,7.2,7:05,*EXT ML,16,Y,Y,5.97,136.441,08:28,11.1,CMFL,1025,65000,E.R. WELD,24,982.4,1364.5,1188.3,1650.4,1.043,0.735,1.0,1.2,2022,Metal Loss_33553.9,True,33553.914,33553.157,METAL_LOSS,False,7.083333333333333,2426,33543.683454879654
9280,40.259,0.344,33.461,6.798,33555.118,Metal Loss,External,47.0,0.161,62.0,GENE,20.0,,,,1.6,3.0,3:35,*EXT ML,16,Y,Y,5.97,136.438,08:28,30.997,CMFL,1025,65000,E.R. WELD,24,1467.5,2038.2,1467.3,2037.9,0.699,1.094,0.8,1.2,2022,Metal Loss_33555.1,True,33555.118,33554.361000000004,METAL_LOSS,False,3.5833333333333335,2427,33544.87911100624
9280,40.259,0.344,34.117,6.142,33555.774,Metal Loss,External,19.0,0.065,34.0,GENE,20.0,,,,6.4,2.4,3:50,EXT ML,16,N,N,5.97,136.437,08:28,29.74,CMFL,1025,65000,E.R. WELD,24,1414.7,1964.9,1429.6,1985.6,0.725,1.052,1.0,1.2,2022,Metal Loss_33555.8,True,33555.774,33555.017,METAL_LOSS,False,3.8333333333333335,2428,33545.530564842644
9280,40.259,0.344,34.203,6.056,33555.86,Metal Loss,External,43.0,0.148,58.0,GENE,15.0,,,,26.8,9.4,6:55,*EXT ML,16,Y,Y,5.97,136.437,08:28,6.283,CMFL,1025,65000,E.R. WELD,24,1039.7,1444.1,1177.4,1635.3,0.986,0.779,1.0,1.2,2022,Metal Loss_33555.9,True,33555.86,33555.103,METAL_LOSS,False,6.916666666666667,2429,33545.615968851685
9280,40.259,0.344,34.554,5.705,33556.211,Metal Loss,External,20.0,0.069,35.0,GENE,20.0,,,,1.3,1.5,3:14,EXT ML,16,N,N,5.97,136.436,08:28,32.882,CMFL,1025,65000,E.R. WELD,24,1529.6,2124.4,1525.6,2118.9,0.67,1.14,1.0,1.2,2022,Metal Loss_33556.2,True,33556.211,33555.454000000005,METAL_LOSS,False,3.2333333333333334,2430,33545.96453637696
9280,40.259,0.344,34.898,5.361,33556.555,Metal Loss,External,63.0,0.217,78.0,GENE,20.0,,,,18.1,9.7,3:49,*EXT ML,16,Y,Y,5.97,136.436,08:28,30.369,CMFL,1025,65000,E.R. WELD,24,820.0,1138.8,1316.5,1828.5,1.25,0.608,1.0,1.2,2022,Metal Loss_33556.6,True,33556.555,33555.798,METAL_LOSS,False,3.8166666666666664,2431,33546.306152413126
9280,40.259,0.344,36.342,3.917,33557.999,Metal Loss,External,18.0,0.062,33.0,GENE,20.0,,,,10.2,6.6,05:00,EXT ML,16,N,N,5.97,136.433,08:28,21.782,CMFL,1025,65000,E.R. WELD,24,1386.8,1926.1,1394.2,1936.3,0.739,1.032,1.0,1.2,2022,Metal Loss_33558.0,True,33557.999,33557.242000000006,METAL_LOSS,False,5.0,2432,33547.74014530913
9280,40.259,0.344,36.604,3.655,33558.261,Metal Loss,External,28.0,0.096,43.0,PITT,20.0,,,,0.7,0.8,3:45,EXT ML,16,N,N,5.97,136.432,08:28,29.531,CMFL,1025,65000,E.R. WELD,24,1539.9,2138.7,1537.9,2135.9,0.666,1.148,0.6,1.2,2022,Metal Loss_33558.3,True,33558.261,33557.504,METAL_LOSS,False,3.75,2433,33548.00032961574
9280,40.259,0.344,36.736,3.524,33558.392,Metal Loss,External,29.0,0.1,44.0,GENE,25.0,,,,4.4,5.8,6:37,EXT ML,16,N,N,5.97,136.432,08:28,13.195,CMFL,1025,65000,E.R. WELD,24,1382.3,1919.8,1412.0,1961.1,0.742,1.033,1.0,1.2,2022,Metal Loss_33558.4,True,33558.392,33557.635,METAL_LOSS,False,6.616666666666667,2434,33548.13042176905
9280,40.259,0.344,36.965,3.294,33558.622,Metal Loss,External,11.0,0.038,26.0,GENE,20.0,,,,3.5,2.0,3:30,EXT ML,16,N,N,5.97,136.432,08:28,31.206,CMFL,1025,65000,E.R. WELD,24,1502.0,2086.2,1493.2,2073.9,0.683,1.121,1.0,1.2,2022,Metal Loss_33558.6,True,33558.622,33557.865000000005,METAL_LOSS,False,3.5,2435,33548.358827839744
9280,40.259,0.344,36.978,3.281,33558.635,Metal Loss,External,20.0,0.069,35.0,AXGR,20.0,,,,2.0,0.9,7:32,EXT ML,16,N,N,5.97,136.431,08:28,5.864,CMFL,1025,65000,E.R. WELD,24,1508.6,2095.2,1514.2,2103.1,0.68,1.124,0.6,1.2,2022,Metal Loss_33558.6,True,33558.635,33557.878000000004,METAL_LOSS,False,7.533333333333333,2436,33548.371737748086
9280,40.259,0.344,37.326,2.933,33558.983,Metal Loss,External,22.0,0.076,37.0,GENE,20.0,,,,3.2,3.9,6:48,EXT ML,16,N,N,5.97,136.431,08:28,10.472,CMFL,1025,65000,E.R. WELD,24,1463.8,2033.0,1446.0,2008.3,0.7,1.091,1.0,1.2,2022,Metal Loss_33559.0,True,33558.983,33558.226,METAL_LOSS,False,6.8,2437,33548.717326063736
9290,40.01,0.344,0.633,39.377,33562.549,Metal Loss,External,15.0,0.052,30.0,GENE,20.0,,,,8.2,4.8,11:09,EXT ML,1,N,N,5.97,136.424,01:20,13.614,CMFL,1025,65000,E.R. WELD,24,1421.1,1973.7,1397.2,1940.5,0.721,1.062,1.0,1.2,2022,Metal Loss_33562.5,True,33562.549,33561.792,METAL_LOSS,False,11.15,2441,33552.26157610597
9300,40.23,0.344,5.571,34.659,33607.5,Metal Loss,External,23.0,0.079,38.0,GENE,20.0,,,,7.2,7.5,11:34,EXT ML,3,N,N,5.97,139.204,02:40,16.336,CMFL,1025,65000,E.R. WELD,24,1364.8,1895.6,1382.7,1920.4,0.751,1.019,1.0,1.2,2022,Metal Loss_33607.5,True,33607.5,33606.743,METAL_LOSS,False,11.566666666666666,2443,33597.080636045044
9300,40.23,0.344,6.368,33.862,33608.297,Metal Loss,External,26.0,0.089,41.0,PITT,20.0,,,,1.4,1.1,12:01,EXT ML,3,N,N,5.97,139.251,02:40,16.546,CMFL,1025,65000,E.R. WELD,24,1519.4,2110.2,1512.7,2100.9,0.675,1.133,0.6,1.2,2022,Metal Loss_33608.3,True,33608.297,33607.54,METAL_LOSS,False,12.016666666666667,2444,33597.87143563741
9300,40.23,0.344,7.172,33.061,33609.098,Metal Loss,External,29.0,0.1,44.0,GENE,20.0,,,,33.7,13.1,11:58,EXT ML,3,N,N,5.97,139.299,02:40,22.829,CMFL,1025,65000,E.R. WELD,24,1199.1,1665.4,1238.9,1720.8,0.855,0.898,1.0,1.2,2022,Metal Loss_33609.1,True,33609.098,33608.341,METAL_LOSS,False,11.966666666666667,2445,33598.666204111054
9310,40.112,0.344,0.715,39.396,33642.874,Metal Loss,External,19.0,0.065,34.0,GENE,20.0,,,,2.8,2.0,7:27,EXT ML,3,N,N,5.97,141.314,02:44,29.74,CMFL,1025,65000,E.R. WELD,24,1490.7,2070.4,1478.8,2053.8,0.688,1.11,1.0,1.2,2022,Metal Loss_33642.9,True,33642.874,33642.117000000006,METAL_LOSS,False,7.45,2447,33632.181417067644
9310,40.112,0.344,0.797,39.314,33642.956,Metal Loss,External,21.0,0.072,36.0,GENE,20.0,,,,4.2,3.4,4:48,EXT ML,3,N,N,5.97,141.319,02:44,12.985,CMFL,1025,65000,E.R. WELD,24,1437.5,1996.6,1414.9,1965.1,0.713,1.073,1.0,1.2,2022,Metal Loss_33643.0,True,33642.956,33642.199,METAL_LOSS,False,4.8,2448,33632.26300615791
9310,40.112,0.344,0.814,39.298,33642.972,Metal Loss,External,17.0,0.058,32.0,GENE,20.0,,,,3.5,2.8,6:08,EXT ML,3,N,N,5.97,141.32,02:44,21.363,CMFL,1025,65000,E.R. WELD,24,1478.4,2053.3,1464.4,2033.9,0.693,1.101,1.0,1.2,2022,Metal Loss_33643.0,True,33642.972,33642.215000000004,METAL_LOSS,False,6.133333333333334,2449,33632.278925980405
9350,40.007,0.344,34.711,5.295,33837.241,Metal Loss,External,18.0,0.062,33.0,GENE,20.0,,,,2.7,2.5,4:35,EXT ML,2,N,N,5.97,133.927,05:44,7.959,CMFL,1025,65000,E.R. WELD,24,1494.7,2075.9,1492.1,2072.3,0.686,1.115,0.6,1.2,2022,Metal Loss_33837.2,True,33837.241,33836.484000000004,METAL_LOSS,False,4.583333333333333,2455,33811.029176373544
9350,40.007,0.344,35.164,4.846,33837.69,Metal Loss,External,12.0,0.041,27.0,GENE,20.0,,,,4.6,2.4,5:40,EXT ML ( ON SW ),2,N,N,5.97,133.873,05:44,0.419,CMFL,1025,65000,E.R. WELD,24,1483.7,2060.7,1471.4,2043.6,0.691,1.107,1.0,1.2,2022,Metal Loss_33837.7,True,33837.69,33836.933000000005,METAL_LOSS,False,5.666666666666667,2456,33811.478670199474
9360,40.354,0.344,1.962,38.392,33844.498,Metal Loss,External,30.0,0.103,45.0,GENE,20.0,,,,7.3,2.0,6:46,EXT ML,8,N,N,5.97,133.055,08:00,7.33,CMFL,1025,65000,E.R. WELD,24,1304.4,1811.6,1394.2,1936.4,0.786,0.972,1.0,1.2,2022,Metal Loss_33844.5,True,33844.498,33843.741,METAL_LOSS,False,6.766666666666667,2458,33818.27430242355
9360,40.354,0.344,2.943,37.415,33845.476,Metal Loss,External,46.0,0.158,61.0,GENE,15.0,,,,13.7,4.3,6:35,*EXT ML,8,Y,Y,5.97,132.973,08:00,7.54,CMFL,1025,65000,E.R. WELD,24,1053.4,1463.1,1205.2,1673.9,0.973,0.786,1.0,1.2,2022,Metal Loss_33845.5,True,33845.476,33844.719000000005,METAL_LOSS,False,6.583333333333333,2459,33819.24348069585
9360,40.354,0.344,4.642,35.712,33847.178,Metal Loss,External,43.0,0.148,58.0,GENE,15.0,,,,8.0,3.7,6:38,*EXT ML,8,Y,Y,5.97,132.907,08:00,7.749,CMFL,1025,65000,E.R. WELD,24,1158.8,1609.4,1282.2,1780.8,0.885,0.865,1.0,1.2,2022,Metal Loss_33847.2,True,33847.178,33846.421,METAL_LOSS,False,6.633333333333333,2460,33820.93012836398
9360,40.354,0.344,5.525,34.829,33848.061,Metal Loss,External,19.0,0.065,34.0,GENE,20.0,,,,2.0,1.5,6:47,EXT ML,8,N,N,5.97,132.872,08:00,7.54,CMFL,1025,65000,E.R. WELD,24,1513.0,2101.4,1505.6,2091.1,0.678,1.128,1.0,1.2,2022,Metal Loss_33848.1,True,33848.061,33847.304000000004,METAL_LOSS,False,6.783333333333333,2461,33821.80516355256
9360,40.354,0.344,10.453,29.902,33852.989,Metal Loss,External,14.0,0.048,29.0,GENE,20.0,,,,5.4,2.4,6:44,EXT ML,8,N,N,5.97,132.681,08:00,7.959,CMFL,1025,65000,E.R. WELD,24,1459.0,2026.3,1441.9,2002.6,0.703,1.089,1.0,1.2,2022,Metal Loss_33853.0,True,33852.989,33852.232,METAL_LOSS,False,6.733333333333333,2462,33826.688712147494
9360,40.354,0.344,26.253,14.101,33868.789,Metal Loss,External,17.0,0.058,32.0,GENE,20.0,,,,3.1,1.5,7:48,EXT ML ( NEAR SW ),8,N,N,5.97,132.066,08:00,1.257,CMFL,1025,65000,E.R. WELD,24,1490.6,2070.2,1481.2,2057.2,0.688,1.11,1.0,1.2,2022,Metal Loss_33868.8,True,33868.789,33868.032,METAL_LOSS,False,7.8,2463,33842.34619343807
9360,40.354,0.344,26.942,13.412,33869.478,Metal Loss,External,30.0,0.103,45.0,GENE,20.0,,,,22.0,4.1,7:09,EXT ML,8,N,N,5.97,132.039,08:00,5.027,CMFL,1025,65000,E.R. WELD,24,1209.0,1679.1,1308.3,1817.1,0.848,0.904,1.0,1.2,2022,Metal Loss_33869.5,True,33869.478,33868.721000000005,METAL_LOSS,False,7.15,2464,33843.02897853992
9360,40.354,0.344,29.14,11.217,33871.673,Metal Loss,External,16.0,0.055,31.0,GENE,20.0,,,,2.6,2.4,7:16,EXT ML,8,N,N,5.97,131.954,08:00,4.608,CMFL,1025,65000,E.R. WELD,24,1504.1,2089.0,1495.1,2076.6,0.682,1.121,1.0,1.2,2022,Metal Loss_33871.7,True,33871.673,33870.916000000005,METAL_LOSS,False,7.266666666666667,2465,33845.20417926352
9370,24.829,0.344,1.765,23.064,33884.656,Metal Loss,External,18.0,0.062,33.0,GENE,20.0,,,,1.6,2.7,10:23,EXT ML,3,N,N,5.97,131.449,12:28,12.985,CMFL,1025,65000,E.R. WELD,24,1525.0,2118.0,1520.1,2111.3,0.672,1.136,1.0,1.2,2022,Metal Loss_33884.7,True,33884.656,33883.899000000005,METAL_LOSS,False,10.383333333333333,2472,33859.16352315748
9370,24.829,0.344,1.877,22.956,33884.764,Metal Loss,External,15.0,0.052,30.0,GENE,20.0,,,,3.1,2.6,3:46,EXT ML,3,N,N,5.97,131.444,12:28,20.735,CMFL,1025,65000,E.R. WELD,24,1493.1,2073.8,1482.1,2058.5,0.687,1.114,1.0,1.2,2022,Metal Loss_33884.8,True,33884.764,33884.007000000005,METAL_LOSS,False,3.7666666666666666,2473,33859.337419250915
9390,40.075,0.344,36.234,3.839,33984.17,Metal Loss,External,31.0,0.106,46.0,GENE,20.0,,,,12.8,4.5,12:05,EXT ML,3,N,N,5.97,131.526,07:20,29.95,CMFL,1025,65000,E.R. WELD,24,1237.0,1718.1,1309.5,1818.7,0.829,0.92,1.0,1.2,2022,Metal Loss_33984.2,True,33984.17,33983.413,METAL_LOSS,False,12.083333333333334,2482,33972.51444854776
9400,40.19,0.344,39.272,0.919,34027.28,Metal Loss,External,25.0,0.086,40.0,PITT,20.0,,,,1.1,1.6,12:55,EXT ML,1,N,N,5.97,130.011,08:32,27.646,CMFL,1025,65000,E.R. WELD,24,1529.1,2123.8,1524.8,2117.7,0.67,1.14,0.6,1.2,2022,Metal Loss_34027.3,True,34027.28,34026.523,METAL_LOSS,False,12.916666666666666,2488,34015.4744299577
9410,40.069,0.344,27.192,12.877,34055.39,Metal Loss,External,12.0,0.041,27.0,GENE,20.0,,,,3.7,3.0,5:38,EXT ML,1,N,N,5.97,128.629,01:08,28.274,CMFL,1025,65000,E.R. WELD,24,1497.2,2079.4,1487.3,2065.7,0.685,1.116,1.0,1.2,2022,Metal Loss_34055.4,True,34055.39,34054.633,METAL_LOSS,False,5.633333333333333,2491,34043.57489256033
9420,40.289,0.344,39.245,1.043,34107.513,Metal Loss,External,28.0,0.096,43.0,GENE,20.0,,,,5.9,8.6,10:14,EXT ML,3,N,N,5.97,127.084,02:40,24.923,CMFL,1025,65000,E.R. WELD,24,1348.2,1872.4,1361.9,1891.6,0.76,1.006,1.0,1.2,2022,Metal Loss_34107.5,True,34107.513,34106.756,METAL_LOSS,False,10.233333333333333,2497,34095.375491461484
9420,40.289,0.344,39.245,1.043,34107.513,Metal Loss,External,15.0,0.052,30.0,GENE,20.0,,,,3.1,3.1,7:42,EXT ML,3,N,N,5.97,127.084,02:40,31.625,CMFL,1025,65000,E.R. WELD,24,1495.2,2076.7,1484.7,2062.1,0.686,1.115,1.0,1.2,2022,Metal Loss_34107.5,True,34107.513,34106.756,METAL_LOSS,False,7.7,2498,34095.375491461484
9420,40.289,0.344,39.36,0.932,34107.625,Metal Loss,External,21.0,0.072,36.0,GENE,20.0,,,,3.0,1.4,8:46,EXT ML,3,N,N,5.97,127.081,02:40,37.071,CMFL,1025,65000,E.R. WELD,24,1472.3,2044.8,1456.3,2022.6,0.696,1.099,1.0,1.2,2022,Metal Loss_34107.6,True,34107.625,34106.868,METAL_LOSS,False,8.766666666666667,2499,34095.4865796267
9430,40.082,0.344,31.929,8.153,34140.486,Metal Loss,External,32.0,0.11,47.0,GENE,20.0,,,,2.1,1.9,6:14,EXT ML,7,N,N,5.97,126.276,10:32,27.018,CMFL,1025,65000,E.R. WELD,24,1474.9,2048.5,1457.1,2023.8,0.695,1.099,1.0,1.2,2022,Metal Loss_34140.5,True,34140.486,34139.729,METAL_LOSS,False,6.233333333333333,2501,34128.26671124195
9430,40.082,0.344,32.385,7.697,34140.942,Metal Loss,External,18.0,0.062,33.0,AXGR,20.0,,,,3.2,1.1,6:06,EXT ML,7,N,N,5.97,126.264,10:32,27.855,CMFL,1025,65000,E.R. WELD,24,1482.1,2058.4,1468.6,2039.8,0.692,1.104,1.0,1.2,2022,Metal Loss_34140.9,True,34140.942,34140.185000000005,METAL_LOSS,False,6.1,2502,34128.7216645876
9430,40.082,0.344,33.786,6.296,34142.343,Metal Loss,External,14.0,0.048,29.0,PITT,20.0,,,,1.1,1.0,6:23,EXT ML,7,N,N,5.97,126.229,10:32,25.97,CMFL,1025,65000,E.R. WELD,24,1539.4,2138.1,1537.7,2135.7,0.666,1.148,0.6,1.2,2022,Metal Loss_34142.3,True,34142.343,34141.586,METAL_LOSS,False,6.383333333333334,2503,34130.1194488798
9430,40.082,0.344,36.516,3.566,34145.072,Metal Loss,External,23.0,0.079,38.0,GENE,20.0,,,,5.7,2.9,6:27,EXT ML,7,N,N,5.97,126.161,10:32,25.552,CMFL,1025,65000,E.R. WELD,24,1392.7,1934.4,1361.4,1890.9,0.736,1.039,1.0,1.2,2022,Metal Loss_34145.1,True,34145.072,34144.315,METAL_LOSS,False,6.45,2505,34132.84218502071
9430,40.082,0.344,37.215,2.867,34145.771,Metal Loss,External,23.0,0.079,38.0,PITT,20.0,,,,0.9,1.3,6:29,EXT ML,7,N,N,5.97,126.144,10:32,25.342,CMFL,1025,65000,E.R. WELD,24,1536.8,2134.5,1534.3,2131.0,0.667,1.146,0.6,1.2,2022,Metal Loss_34145.8,True,34145.771,34145.014,METAL_LOSS,False,6.483333333333333,2506,34133.53958060975
9430,40.082,0.344,37.68,2.402,34146.237,Metal Loss,External,17.0,0.058,32.0,GENE,20.0,,,,2.1,1.7,6:36,EXT ML,7,N,N,5.97,126.132,10:32,24.714,CMFL,1025,65000,E.R. WELD,24,1514.1,2103.0,1507.2,2093.3,0.677,1.128,1.0,1.2,2022,Metal Loss_34146.2,True,34146.237,34145.48,METAL_LOSS,False,6.6,2507,34134.00451100245
9440,40.22,0.344,7.762,32.457,34156.398,Metal Loss,External,21.0,0.072,36.0,GENE,15.0,,,,2.0,2.5,6:51,*EXT ML,4,Y,Y,5.97,126.0,08:32,10.472,CMFL,1025,65000,E.R. WELD,24,1505.5,2091.0,1496.3,2078.2,0.681,1.122,0.8,1.0,2022,Metal Loss_34156.4,True,34156.398,34155.641,METAL_LOSS,False,6.85,2510,34144.11619961708
9440,40.22,0.344,8.186,32.034,34156.821,Metal Loss,External,49.0,0.169,64.0,GENE,15.0,,,,11.9,8.5,6:20,*EXT ML,4,Y,Y,5.97,125.999,08:32,10.472,CMFL,1025,65000,E.R. WELD,24,1035.7,1438.5,1178.7,1637.1,0.99,0.771,1.0,1.2,2022,Metal Loss_34156.8,True,34156.821,34156.064000000006,METAL_LOSS,False,6.333333333333333,2511,34144.536812044666
9440,40.22,0.344,22.762,17.454,34171.401,Metal Loss,External,14.0,0.048,29.0,GENE,20.0,,,,4.6,3.1,5:02,EXT ML,4,N,N,5.97,125.97,08:32,21.991,CMFL,1025,65000,E.R. WELD,24,1473.1,2045.9,1462.2,2030.9,0.696,1.098,1.0,1.2,2022,Metal Loss_34171.4,True,34171.401,34170.644,METAL_LOSS,False,5.033333333333333,2513,34159.0345169953
9440,40.22,0.344,39.108,1.109,34187.746,Metal Loss,External,28.0,0.096,,GENE,,,,,4.7,5.6,11:17,EXT ML REPAIRED,4,N,N,5.97,125.937,08:32,18.431,CMFL,1025,65000,E.R. WELD,24,1385.3,1924.0,1358.4,1886.7,0.74,1.03,,,2022,Metal Loss_34187.7,True,34187.746,34186.989,METAL_LOSS,False,11.283333333333333,2517,34175.287259616576
9450,40.089,0.344,0.433,39.659,34189.288,Metal Loss,External,15.0,0.052,30.0,GENE,20.0,,,,7.2,4.8,7:12,EXT ML,8,N,N,5.97,125.934,01:12,37.699,CMFL,1025,65000,E.R. WELD,24,1430.0,1986.2,1423.1,1976.5,0.717,1.069,1.0,1.2,2022,Metal Loss_34189.3,True,34189.288,34188.531,METAL_LOSS,False,7.2,2521,34176.8222223885
9450,40.089,0.344,31.811,8.278,34220.669,Metal Loss,External,56.0,0.193,71.0,GENE,15.0,,,,19.8,6.3,5:37,*EXT ML,8,Y,Y,5.97,125.893,01:12,29.74,CMFL,1025,65000,E.R. WELD,24,904.4,1256.1,1304.3,1811.5,1.133,0.671,1.0,1.2,2022,Metal Loss_34220.7,True,34220.669,34219.912000000004,METAL_LOSS,False,5.616666666666667,2523,34208.146866207724
9450,40.089,0.344,32.851,7.238,34221.709,Metal Loss,External,18.0,0.062,33.0,PITT,20.0,,,,1.8,1.1,6:15,EXT ML,8,N,N,5.97,125.892,01:12,31.835,CMFL,1025,65000,E.R. WELD,24,1518.5,2109.1,1512.3,2100.4,0.675,1.132,0.6,1.2,2022,Metal Loss_34221.7,True,34221.709,34220.952000000005,METAL_LOSS,False,6.25,2524,34209.18499850345
9450,40.089,0.344,33.635,6.457,34222.49,Metal Loss,External,16.0,0.055,31.0,GENE,20.0,,,,1.9,1.5,4:55,EXT ML,8,N,N,5.97,125.891,01:12,23.457,CMFL,1025,65000,E.R. WELD,24,1521.8,2113.6,1516.4,2106.2,0.674,1.134,1.0,1.2,2022,Metal Loss_34222.5,True,34222.49,34221.733,METAL_LOSS,False,4.916666666666667,2525,34209.96459592936
9450,40.089,0.344,33.927,6.161,34222.785,Metal Loss,External,13.0,0.044,28.0,GENE,20.0,,,,5.5,4.4,6:04,EXT ML,8,N,N,5.97,125.891,01:12,31.206,CMFL,1025,65000,E.R. WELD,24,1465.9,2035.9,1451.1,2015.4,0.699,1.094,1.0,1.2,2022,Metal Loss_34222.8,True,34222.785,34222.028000000006,METAL_LOSS,False,6.066666666666666,2526,34210.25906614787
9450,40.089,0.344,35.502,4.59,34224.357,Metal Loss,External,17.0,0.058,32.0,GENE,20.0,,,,3.0,3.3,5:53,EXT ML,8,N,N,5.97,125.889,01:12,29.531,CMFL,1025,65000,E.R. WELD,24,1492.4,2072.8,1481.2,2057.2,0.687,1.111,1.0,1.2,2022,Metal Loss_34224.4,True,34224.357,34223.600000000006,METAL_LOSS,False,5.883333333333333,2527,34211.82824304101
9450,40.089,0.344,36.296,3.793,34225.154,Metal Loss,External,21.0,0.072,36.0,PITT,20.0,,,,1.3,1.1,5:24,EXT ML,8,N,N,5.97,125.888,01:12,26.389,CMFL,1025,65000,E.R. WELD,24,1529.5,2124.3,1525.4,2118.6,0.67,1.14,0.6,1.2,2022,Metal Loss_34225.2,True,34225.154,34224.397000000004,METAL_LOSS,False,5.4,2528,34212.62381173302
9450,40.089,0.344,36.601,3.488,34225.459,Metal Loss,External,10.0,0.034,25.0,GENE,20.0,,,,2.9,3.4,5:53,EXT ML,8,N,N,5.97,125.887,01:12,29.531,CMFL,1025,65000,E.R. WELD,24,1517.0,2106.9,1511.0,2098.7,0.676,1.131,1.0,1.2,2022,Metal Loss_34225.5,True,34225.459,34224.702000000005,METAL_LOSS,False,5.883333333333333,2529,34212.92826399282
9460,40.184,0.344,8.953,31.23,34237.9,Metal Loss,External,25.0,0.086,40.0,GENE,20.0,,,,9.5,5.3,4:39,EXT ML,2,N,N,5.97,125.944,02:08,15.08,CMFL,1025,65000,E.R. WELD,24,1321.9,1836.0,1288.8,1790.0,0.775,0.985,1.0,1.2,2022,Metal Loss_34237.9,True,34237.9,34237.143000000004,METAL_LOSS,False,4.65,2531,34225.333144783996
9460,40.184,0.344,9.731,30.453,34238.678,Metal Loss,External,19.0,0.065,34.0,GENE,20.0,,,,13.2,7.1,5:16,EXT ML,2,N,N,5.97,125.952,02:08,19.268,CMFL,1025,65000,E.R. WELD,24,1356.9,1884.5,1343.1,1865.4,0.756,1.013,1.0,1.2,2022,Metal Loss_34238.7,True,34238.678,34237.921,METAL_LOSS,False,5.266666666666667,2532,34226.10855041808
9470,39.993,0.344,0.591,39.4,34269.721,Metal Loss,External,19.0,0.065,34.0,GENE,20.0,,,,5.2,3.9,4:06,EXT ML,5,N,N,5.97,126.261,11:08,31.206,CMFL,1025,65000,E.R. WELD,24,1434.8,1992.8,1412.5,1961.8,0.714,1.067,1.0,1.2,2022,Metal Loss_34269.7,True,34269.721,34268.964,METAL_LOSS,False,4.1,2535,34257.04985246311
9470,39.993,0.344,0.65,39.341,34269.78,Metal Loss,External,23.0,0.079,38.0,GENE,20.0,,,,4.6,3.6,3:16,EXT ML,5,N,N,5.97,126.262,11:08,25.342,CMFL,1025,65000,E.R. WELD,24,1414.3,1964.3,1388.9,1929.1,0.725,1.056,1.0,1.2,2022,Metal Loss_34269.8,True,34269.78,34269.023,METAL_LOSS,False,3.2666666666666666,2536,34257.10883770943
9470,39.993,0.344,0.666,39.324,34269.797,Metal Loss,External,19.0,0.065,34.0,GENE,20.0,,,,4.7,3.8,5:32,EXT ML,5,N,N,5.97,126.262,11:08,35.186,CMFL,1025,65000,E.R. WELD,24,1438.8,1998.3,1416.9,1968.0,0.712,1.074,1.0,1.2,2022,Metal Loss_34269.8,True,34269.797,34269.04,METAL_LOSS,False,5.533333333333333,2537,34257.12583345836
9470,39.993,0.344,0.705,39.285,34269.836,Metal Loss,External,25.0,0.086,40.0,GENE,20.0,,,,2.7,3.0,6:51,EXT ML,5,N,N,5.97,126.262,11:08,26.808,CMFL,1025,65000,E.R. WELD,24,1470.7,2042.6,1453.6,2018.9,0.697,1.096,1.0,1.2,2022,Metal Loss_34269.8,True,34269.836,34269.079000000005,METAL_LOSS,False,6.85,2538,34257.16482370593
9470,39.993,0.344,0.728,39.262,34269.859,Metal Loss,External,14.0,0.048,29.0,GENE,20.0,,,,4.2,2.4,8:05,EXT ML,5,N,N,5.97,126.262,11:08,19.059,CMFL,1025,65000,E.R. WELD,24,1480.6,2056.4,1467.5,2038.2,0.692,1.103,1.0,1.2,2022,Metal Loss_34269.9,True,34269.859,34269.102,METAL_LOSS,False,8.083333333333334,2539,34257.18781795448
9510,32.32,0.344,14.177,18.146,34443.822,Metal Loss,External,16.0,0.055,31.0,GENE,20.0,,,,3.9,3.3,8:19,EXT ML,1,N,N,5.97,129.374,07:32,5.027,CMFL,1025,65000,E.R. WELD,24,1475.1,2048.7,1460.6,2028.6,0.695,1.1,1.0,1.2,2022,Metal Loss_34443.8,True,34443.822,34443.065,METAL_LOSS,False,8.316666666666666,2545,34426.26169755283
9530,40.098,0.344,0.896,39.206,34503.045,Metal Loss,External,22.0,0.076,37.0,PITT,20.0,,,,1.7,1.1,6:49,EXT ML,1,N,N,5.97,129.696,10:24,22.41,CMFL,1025,65000,E.R. WELD,24,1516.2,2105.8,1509.2,2096.1,0.676,1.13,0.6,1.2,2022,Metal Loss_34503.0,True,34503.045,34502.288,METAL_LOSS,False,6.816666666666666,2549,34479.48168607695
9590,40.236,0.344,19.236,21.004,34751.65,Metal Loss,External,27.0,0.093,42.0,GENE,20.0,,,,14.9,5.7,6:26,EXT ML,2,N,N,5.97,116.872,02:04,29.531,CMFL,1025,65000,E.R. WELD,24,1266.0,1758.3,1347.9,1872.1,0.81,0.944,1.0,1.2,2022,Metal Loss_34751.7,True,34751.65,34750.893000000004,METAL_LOSS,False,6.433333333333334,2557,34737.604416940056
9590,40.236,0.344,30.089,10.148,34762.507,Metal Loss,External,12.0,0.041,27.0,GENE,20.0,,,,2.7,3.5,5:10,EXT ML,2,N,N,5.97,116.802,02:04,19.478,CMFL,1025,65000,E.R. WELD,24,1515.7,2105.2,1509.5,2096.5,0.676,1.129,1.0,1.2,2022,Metal Loss_34762.5,True,34762.507,34761.75,METAL_LOSS,False,5.166666666666667,2559,34748.39503802565
9640,40.207,0.344,5.991,34.216,34939.259,Metal Loss,External,13.0,0.044,28.0,GENE,20.0,,,,8.4,2.8,7:20,EXT ML ( NEAR SW ),9,N,N,5.97,107.497,07:04,1.676,CMFL,1025,65000,E.R. WELD,24,1445.1,2007.1,1426.0,1980.6,0.709,1.074,1.0,1.2,2022,Metal Loss_34939.3,True,34939.259,34938.502,METAL_LOSS,False,7.333333333333333,2567,34924.41878139766
9640,40.207,0.344,16.877,23.333,34950.141,Metal Loss,External,15.0,0.052,30.0,GENE,20.0,,,,5.5,1.6,7:18,EXT ML ( NEAR SW ),9,N,N,5.97,106.12,07:04,1.466,CMFL,1025,65000,E.R. WELD,24,1457.0,2023.6,1439.5,1999.3,0.704,1.084,1.0,1.2,2022,Metal Loss_34950.1,True,34950.141,34949.384000000005,METAL_LOSS,False,7.3,2568,34935.21688634668
9640,40.207,0.344,20.367,19.839,34953.635,Metal Loss,External,18.0,0.062,33.0,GENE,20.0,,,,26.2,4.4,7:09,EXT ML ( ON SW ),9,N,N,5.97,105.678,07:04,1.466,CMFL,1025,65000,E.R. WELD,24,1345.4,1868.7,1378.1,1914.0,0.762,1.003,1.0,1.2,2022,Metal Loss_34953.6,True,34953.635,34952.878000000004,METAL_LOSS,False,7.15,2569,34938.68394926636
9640,40.207,0.344,26.283,13.927,34959.547,Metal Loss,External,15.0,0.052,30.0,GENE,20.0,,,,3.9,1.9,7:28,EXT ML,9,N,N,5.97,104.929,07:04,2.513,CMFL,1025,65000,E.R. WELD,24,1479.3,2054.6,1465.8,2035.8,0.693,1.102,1.0,1.2,2022,Metal Loss_34959.5,True,34959.547,34958.79,METAL_LOSS,False,7.466666666666667,2570,34944.550370554585
9640,40.207,0.344,30.371,9.839,34963.635,Metal Loss,External,14.0,0.048,29.0,GENE,20.0,,,,8.4,2.1,7:26,EXT ML,9,N,N,5.97,104.411,07:04,2.304,CMFL,1025,65000,E.R. WELD,24,1431.4,1988.1,1409.6,1957.8,0.716,1.068,1.0,1.2,2022,Metal Loss_34963.6,True,34963.635,34962.878000000004,METAL_LOSS,False,7.433333333333334,2571,34948.60685401641
9640,40.207,0.344,32.671,7.536,34965.938,Metal Loss,External,14.0,0.048,29.0,GENE,20.0,,,,6.7,2.4,7:27,EXT ML,9,N,N,5.97,104.12,07:04,2.513,CMFL,1025,65000,E.R. WELD,24,1449.1,2012.6,1430.4,1986.6,0.707,1.078,1.0,1.2,2022,Metal Loss_34965.9,True,34965.938,34965.181000000004,METAL_LOSS,False,7.45,2572,34950.89209898035
9640,40.207,0.344,35.574,4.636,34968.839,Metal Loss,External,27.0,0.093,42.0,GENE,15.0,,,,31.9,3.0,7:28,*EXT ML,9,Y,Y,5.97,103.753,07:04,2.513,CMFL,1025,65000,E.R. WELD,24,1235.6,1716.1,1178.3,1636.6,0.83,0.918,0.8,1.0,2022,Metal Loss_34968.8,True,34968.839,34968.082,METAL_LOSS,False,7.466666666666667,2573,34953.77073364834
9640,40.207,0.344,38.937,1.27,34972.205,Metal Loss,External,11.0,0.038,26.0,GENE,20.0,,,,7.4,3.5,7:18,EXT ML ( ON SW ),9,N,N,5.97,103.327,07:04,1.466,CMFL,1025,65000,E.R. WELD,24,1466.8,2037.3,1451.8,2016.4,0.699,1.091,1.0,1.2,2022,Metal Loss_34972.2,True,34972.205,34971.448000000004,METAL_LOSS,False,7.3,2574,34957.11078338722
9640,40.207,0.344,39.846,0.361,34973.114,Metal Loss,External,15.0,0.052,30.0,GENE,20.0,,,,4.1,3.3,7:18,EXT ML ( NEAR GW ON SW ),9,N,N,5.97,103.212,07:04,1.466,CMFL,1025,65000,E.R. WELD,24,1476.5,2050.7,1462.5,2031.2,0.694,1.101,1.0,1.2,2022,Metal Loss_34973.1,True,34973.114,34972.357,METAL_LOSS,False,7.3,2575,34958.012775429
9660,40.226,0.344,16.568,23.658,35030.151,Metal Loss,External,14.0,0.048,29.0,GENE,20.0,,,,6.6,3.3,7:06,EXT ML,3,N,N,5.97,93.428,01:56,32.463,CMFL,1025,65000,E.R. WELD,24,1444.6,2006.4,1425.0,1979.1,0.71,1.079,1.0,1.2,2022,Metal Loss_35030.2,True,35030.151,35029.394,METAL_LOSS,False,7.1,2579,35009.53808501118
9660,40.226,0.344,17.421,22.805,35031.004,Metal Loss,External,14.0,0.048,29.0,GENE,20.0,,,,13.6,8.1,6:16,EXT ML,3,N,N,5.97,93.275,01:56,28.903,CMFL,1025,65000,E.R. WELD,24,1411.0,1959.8,1393.2,1935.0,0.727,1.051,1.0,1.2,2022,Metal Loss_35031.0,True,35031.004,35030.247,METAL_LOSS,False,6.266666666666667,2580,35010.11756524981
9660,40.226,0.344,31.273,8.953,35044.856,Metal Loss,External,19.0,0.065,34.0,GENE,20.0,,,,6.9,3.4,2:27,EXT ML,3,N,N,5.97,90.792,01:56,3.351,CMFL,1025,65000,E.R. WELD,24,1405.1,1951.5,1380.1,1916.9,0.73,1.048,1.0,1.2,2022,Metal Loss_35044.9,True,35044.856,35044.099,METAL_LOSS,False,2.45,2581,35019.527835197616
9720,40.131,0.344,12.513,27.618,35254.675,Metal Loss,External,13.0,0.044,28.0,GENE,20.0,,,,4.9,2.5,9:47,EXT ML,1,N,N,5.97,107.419,09:08,3.979,CMFL,1025,65000,E.R. WELD,24,1477.0,2051.3,1467.5,2038.1,0.694,1.099,1.0,1.2,2022,Metal Loss_35254.7,True,35254.675,35253.918000000005,METAL_LOSS,False,9.783333333333333,2590,35238.11538312029
9850,40.167,0.344,14.288,25.879,35693.097,Metal Loss,External,12.0,0.041,27.0,GENE,20.0,,,,3.7,3.1,1:21,EXT ML,1,N,N,5.97,123.187,12:44,3.979,CMFL,1025,65000,E.R. WELD,24,1496.5,2078.5,1486.6,2064.7,0.685,1.116,1.0,1.2,2022,Metal Loss_35693.1,True,35693.097,35692.340000000004,METAL_LOSS,False,1.35,2607,35674.46570991112
9880,40.059,0.344,23.373,16.686,35822.566,Metal Loss,External,15.0,0.052,30.0,GENE,20.0,,,,3.8,2.4,11:10,EXT ML,1,N,N,5.97,129.975,11:36,2.723,CMFL,1025,65000,E.R. WELD,24,1484.2,2061.3,1471.6,2044.0,0.691,1.104,1.0,1.2,2022,Metal Loss_35822.6,True,35822.566,35821.809,METAL_LOSS,False,11.166666666666666,2611,35803.52857560099
9890,40.223,0.344,39.121,1.099,35878.376,Metal Loss,External,24.0,0.082,39.0,GENE,20.0,,,,7.4,5.2,6:11,EXT ML,1,N,N,5.97,131.635,11:16,32.673,CMFL,1025,65000,E.R. WELD,24,1355.3,1882.4,1394.9,1937.3,0.756,1.011,1.0,1.2,2022,Metal Loss_35878.4,True,35878.376,35877.619,METAL_LOSS,False,6.183333333333334,2613,35859.07763941029
9910,40.236,0.344,17.864,22.372,35937.365,Metal Loss,External,20.0,0.069,35.0,PITT,15.0,,,,1.7,1.1,8:52,EXT ML,1,N,N,5.97,133.357,11:04,14.242,CMFL,1025,65000,E.R. WELD,24,1520.4,2111.6,1524.9,2117.9,0.674,1.133,1.0,1.2,2022,Metal Loss_35937.4,True,35937.365,35936.608,METAL_LOSS,False,8.866666666666667,2616,35917.87989984343
9920,40.023,0.344,0.394,39.633,35960.128,Metal Loss,External,22.0,0.076,37.0,GENE,20.0,,,,9.4,15.5,5:09,EXT ML,4,N,N,5.97,133.9,11:36,33.51,CMFL,1025,65000,E.R. WELD,24,1354.3,1880.9,1375.0,1909.8,0.757,1.008,1.0,1.2,2022,Metal Loss_35960.1,True,35960.128,35959.371,METAL_LOSS,False,5.15,2618,35940.499395832296
9920,40.023,0.344,0.515,39.508,35960.253,Metal Loss,External,20.0,0.069,35.0,GENE,20.0,,,,6.2,3.8,1:08,EXT ML,4,N,N,5.97,133.903,11:36,9.006,CMFL,1025,65000,E.R. WELD,24,1406.4,1953.4,1414.0,1963.9,0.729,1.049,1.0,1.2,2022,Metal Loss_35960.3,True,35960.253,35959.496,METAL_LOSS,False,1.1333333333333333,2619,35940.624202188796
9920,40.023,0.344,0.732,39.291,35960.469,Metal Loss,External,24.0,0.082,39.0,GENE,20.0,,,,1.5,1.6,7:08,EXT ML,4,N,N,5.97,133.908,11:36,28.065,CMFL,1025,65000,E.R. WELD,24,1518.6,2109.2,1511.9,2099.9,0.675,1.132,1.0,1.2,2022,Metal Loss_35960.5,True,35960.469,35959.712,METAL_LOSS,False,7.133333333333334,2620,35940.83986757284
9920,40.023,0.344,0.735,39.288,35960.472,Metal Loss,External,25.0,0.086,40.0,GENE,20.0,,,,2.5,2.3,8:33,EXT ML,4,N,N,5.97,133.908,11:36,19.059,CMFL,1025,65000,E.R. WELD,24,1477.2,2051.7,1461.4,2029.7,0.694,1.102,1.0,1.2,2022,Metal Loss_35960.5,True,35960.472,35959.715000000004,METAL_LOSS,False,8.55,2621,35940.8428629254
9980,39.984,0.344,0.725,39.259,36201.23,Metal Loss,External,16.0,0.055,31.0,GENE,20.0,,,,3.4,3.1,5:09,EXT ML,2,N,N,5.97,140.61,01:24,24.504,CMFL,1025,65000,E.R. WELD,24,1487.5,2066.0,1475.9,2049.8,0.689,1.107,1.0,1.2,2022,Metal Loss_36201.2,True,36201.23,36200.473000000005,METAL_LOSS,False,5.15,2632,36180.405290116054
9980,39.984,0.344,0.735,39.249,36201.24,Metal Loss,External,18.0,0.062,33.0,PITT,20.0,,,,0.9,1.3,9:10,EXT ML,2,N,N,5.97,140.611,01:24,26.599,CMFL,1025,65000,E.R. WELD,24,1540.3,2139.3,1538.6,2137.0,0.666,1.148,0.6,1.2,2022,Metal Loss_36201.2,True,36201.24,36200.483,METAL_LOSS,False,9.166666666666666,2633,36180.41529411765
10070,40.433,0.344,20.876,19.557,36582.073,Metal Loss,External,19.0,0.065,34.0,GENE,20.0,,,,7.7,6.1,4:49,EXT ML,1,N,N,5.97,144.445,02:48,10.681,CMFL,1025,65000,E.R. WELD,24,1391.6,1932.8,1405.7,1952.4,0.737,1.04,1.0,1.2,2022,Metal Loss_36582.1,True,36582.073,36581.316,METAL_LOSS,False,4.816666666666666,2646,36560.050796626514
10140,40.059,0.344,9.557,30.502,36851.804,Metal Loss,External,11.0,0.038,26.0,GENE,20.0,,,,2.9,1.8,2:22,EXT ML,2,N,N,5.97,160.236,01:48,3.56,CMFL,1025,65000,E.R. WELD,24,1513.1,2101.6,1506.4,2092.2,0.678,1.129,1.0,1.2,2022,Metal Loss_36851.8,True,36851.804,36851.047,METAL_LOSS,False,2.3666666666666667,2655,36828.08292418682
10140,40.059,0.344,19.219,20.837,36861.47,Metal Loss,External,13.0,0.044,28.0,GENE,20.0,,,,3.2,2.9,2:39,EXT ML,2,N,N,5.97,160.463,01:48,5.445,CMFL,1025,65000,E.R. WELD,24,1502.1,2086.3,1493.2,2073.9,0.682,1.119,1.0,1.2,2022,Metal Loss_36861.5,True,36861.47,36860.713,METAL_LOSS,False,2.65,2656,36837.734687835444
10210,6.083,0.344,5.732,0.351,37080.157,Metal Loss,External,17.0,0.058,32.0,AXGR,20.0,,,,3.0,1.0,6:27,EXT ML,1,N,N,5.97,160.468,11:36,32.254,CMFL,1025,65000,E.R. WELD,24,1491.6,2071.6,1480.2,2055.8,0.687,1.111,1.0,1.2,2022,Metal Loss_37080.2,True,37080.157,37079.4,METAL_LOSS,False,6.45,2666,37109.850082115816
10240,40.003,0.344,10.755,29.249,37169.573,Metal Loss,External,30.0,0.103,45.0,PITT,20.0,,,,0.6,1.0,12:06,EXT ML,4,N,N,5.97,154.164,10:08,12.357,CMFL,1025,65000,E.R. WELD,24,1541.3,2140.6,1539.6,2138.3,0.665,1.149,0.6,1.2,2022,Metal Loss_37169.6,True,37169.573,37168.816,METAL_LOSS,False,12.1,2670,37129.54677299202
10240,40.003,0.344,11.129,28.875,37169.948,Metal Loss,External,28.0,0.096,43.0,CIGR,25.0,,,,0.6,1.2,12:04,EXT ML,4,N,N,5.97,154.14,10:08,12.147,CMFL,1025,65000,E.R. WELD,24,1542.6,2142.5,1541.3,2140.6,0.665,1.15,1.0,1.2,2022,Metal Loss_37169.9,True,37169.948,37169.191,METAL_LOSS,False,12.066666666666666,2671,37129.86503037272
10240,40.003,0.344,30.764,9.239,37189.583,Metal Loss,External,22.0,0.076,37.0,PITT,20.0,,,,0.6,1.1,12:04,EXT ML,4,N,N,5.97,152.888,10:08,12.147,CMFL,1025,65000,E.R. WELD,24,1542.8,2142.8,1541.7,2141.2,0.664,1.15,0.6,1.2,2022,Metal Loss_37189.6,True,37189.583,37188.826,METAL_LOSS,False,12.066666666666666,2672,37146.528986825986
10240,40.003,0.344,31.191,8.812,37190.01,Metal Loss,External,22.0,0.076,37.0,PITT,20.0,,,,0.6,1.1,12:06,EXT ML,4,N,N,5.97,152.861,10:08,12.357,CMFL,1025,65000,E.R. WELD,24,1542.7,2142.6,1541.5,2140.9,0.665,1.15,0.6,1.2,2022,Metal Loss_37190.0,True,37190.01,37189.253,METAL_LOSS,False,12.1,2673,37146.89137589681
10370,33.793,0.344,22.657,11.135,37580.203,Metal Loss,External,12.0,0.041,27.0,GENE,20.0,,,,13.2,3.4,7:30,EXT ML ( ON SW ),2,N,N,5.97,168.822,07:32,0.209,CMFL,1025,65000,E.R. WELD,24,1426.0,1980.6,1404.9,1951.2,0.719,1.067,1.0,1.2,2022,Metal Loss_37580.2,True,37580.203,37579.446,METAL_LOSS,False,7.5,2691,37558.089562927235
10370,33.793,0.344,24.232,9.56,37581.778,Metal Loss,External,15.0,0.052,30.0,GENE,20.0,,,,3.5,2.4,7:30,EXT ML ( ON SW ),2,N,N,5.97,168.941,07:32,0.209,CMFL,1025,65000,E.R. WELD,24,1488.5,2067.3,1476.7,2051.0,0.689,1.109,1.0,1.2,2022,Metal Loss_37581.8,True,37581.778,37581.021,METAL_LOSS,False,7.5,2692,37559.802380670546
10400,39.613,0.344,3.615,36.001,37644.482,Metal Loss,External,11.0,0.038,26.0,GENE,20.0,,,,5.9,1.9,7:50,EXT ML,3,N,N,5.97,176.44,09:40,11.519,CMFL,1025,65000,E.R. WELD,24,1479.7,2055.2,1467.0,2037.5,0.693,1.101,1.0,1.2,2022,Metal Loss_37644.5,True,37644.482,37643.725000000006,METAL_LOSS,False,7.833333333333333,2697,37633.92138767577
10400,39.613,0.344,10.636,28.98,37651.503,Metal Loss,External,26.0,0.089,41.0,PITT,20.0,,,,0.6,0.9,11:08,EXT ML,3,N,N,5.97,177.999,09:40,9.215,CMFL,1025,65000,E.R. WELD,24,1542.3,2142.1,1541.0,2140.3,0.665,1.15,0.6,1.2,2022,Metal Loss_37651.5,True,37651.503,37650.746,METAL_LOSS,False,11.133333333333333,2698,37640.68663065155
10400,39.613,0.344,11.04,28.576,37651.906,Metal Loss,External,27.0,0.093,42.0,CIGR,25.0,,,,0.6,1.5,11:14,EXT ML,3,N,N,5.97,178.089,09:40,9.844,CMFL,1025,65000,E.R. WELD,24,1541.3,2140.6,1539.6,2138.4,0.665,1.149,1.0,1.2,2022,Metal Loss_37651.9,True,37651.906,37651.149000000005,METAL_LOSS,False,11.233333333333333,2699,37641.07495039508
10430,8.717,0.344,0.961,7.756,37730.033,Metal Loss,External,25.0,0.086,40.0,GENE,20.0,,,,1.2,1.2,5:18,EXT ML,2,N,N,5.97,194.348,10:56,35.395,CMFL,1025,65000,E.R. WELD,24,1526.5,2120.2,1521.6,2113.3,0.672,1.138,1.0,1.2,2022,Metal Loss_37730.0,True,37730.033,37729.276000000005,METAL_LOSS,False,5.3,2704,37733.458207741314
10430,8.717,0.344,1.385,7.333,37730.456,Metal Loss,External,25.0,0.086,40.0,PITT,20.0,,,,1.6,1.1,5:23,EXT ML,2,N,N,5.97,194.404,10:56,34.767,CMFL,1025,65000,E.R. WELD,24,1513.7,2102.3,1505.8,2091.4,0.677,1.129,0.6,1.2,2022,Metal Loss_37730.5,True,37730.456,37729.699,METAL_LOSS,False,5.383333333333334,2705,37734.28783488486
10530,39.731,0.344,39.032,0.699,38134.344,Metal Loss,External,16.0,0.055,31.0,GENE,20.0,,,,12.8,6.1,4:50,EXT ML ( ON GW ),2,N,N,5.97,226.493,02:56,12.147,CMFL,1025,65000,E.R. WELD,24,1393.5,1935.4,1373.4,1907.5,0.736,1.038,1.0,1.2,2022,Metal Loss_38134.3,True,38134.344,38133.587,METAL_LOSS,False,4.833333333333333,2721,38145.675211799346
10530,39.731,0.344,39.393,0.338,38134.705,Metal Loss,External,29.0,0.1,44.0,GENE,20.0,,,,11.7,3.6,2:17,EXT ML ( ON GW ),2,N,N,5.97,226.519,02:56,3.56,CMFL,1025,65000,E.R. WELD,24,1259.8,1749.7,1246.9,1731.7,0.814,0.941,1.0,1.2,2022,Metal Loss_38134.7,True,38134.705,38133.948,METAL_LOSS,False,2.283333333333333,2722,38146.03920112758
10780,40.236,0.344,37.762,2.474,39098.504,Metal Loss,External,14.0,0.048,29.0,GENE,20.0,,,,3.9,3.2,4:23,EXT ML,4,N,N,5.97,81.778,02:36,11.31,CMFL,1025,65000,E.R. WELD,24,1487.5,2065.9,1475.7,2049.5,0.689,1.107,1.0,1.2,2022,Metal Loss_39098.5,True,39098.504,39097.747,METAL_LOSS,False,4.383333333333334,2762,39074.05011954171
10780,40.236,0.344,38.107,2.129,39098.848,Metal Loss,External,13.0,0.044,28.0,GENE,20.0,,,,3.7,2.7,6:26,EXT ML,4,N,N,5.97,81.564,02:36,24.086,CMFL,1025,65000,E.R. WELD,24,1494.8,2076.1,1484.5,2061.9,0.686,1.113,1.0,1.2,2022,Metal Loss_39098.8,True,39098.848,39098.091,METAL_LOSS,False,6.433333333333334,2763,39074.393546735584
10830,40.161,0.344,20.125,20.036,39249.019,Metal Loss,External,17.0,0.058,32.0,PITT,20.0,,,,1.1,1.3,8:40,EXT ML,6,N,N,5.97,28.194,02:00,33.51,CMFL,1025,65000,E.R. WELD,24,1536.4,2133.8,1533.9,2130.5,0.667,1.145,0.6,1.2,2022,Metal Loss_39249.0,True,39249.019,39248.262,METAL_LOSS,False,8.666666666666666,2770,39233.197861607034
10830,40.161,0.344,21.634,18.527,39250.528,Metal Loss,External,20.0,0.069,35.0,PITT,20.0,,,,1.7,0.9,8:33,EXT ML,6,N,N,5.97,28.096,02:00,34.139,CMFL,1025,65000,E.R. WELD,24,1517.0,2106.9,1510.3,2097.6,0.676,1.131,0.6,1.2,2022,Metal Loss_39250.5,True,39250.528,39249.771,METAL_LOSS,False,8.55,2771,39233.8035507084
10830,40.161,0.344,22.073,18.087,39250.968,Metal Loss,External,19.0,0.065,34.0,GENE,20.0,,,,6.2,2.5,8:04,EXT ML,6,N,N,5.97,28.068,02:00,37.49,CMFL,1025,65000,E.R. WELD,24,1415.6,1966.1,1422.6,1975.8,0.724,1.054,1.0,1.2,2022,Metal Loss_39251.0,True,39250.968,39250.211,METAL_LOSS,False,8.066666666666666,2772,39233.980159856575
10830,40.161,0.344,39.088,1.073,39267.982,Metal Loss,External,17.0,0.058,32.0,GENE,20.0,,,,2.0,2.4,4:25,EXT ML,6,N,N,5.97,26.962,02:00,15.289,CMFL,1025,65000,E.R. WELD,24,1515.8,2105.3,1509.1,2096.0,0.676,1.13,1.0,1.2,2022,Metal Loss_39268.0,True,39267.982,39267.225000000006,METAL_LOSS,False,4.416666666666667,2774,39240.8093145091
10830,40.161,0.344,39.245,0.915,39268.14,Metal Loss,External,26.0,0.089,41.0,GENE,20.0,,,,1.4,1.2,5:26,EXT ML,6,N,N,5.97,26.952,02:00,21.572,CMFL,1025,65000,E.R. WELD,24,1518.5,2109.1,1511.7,2099.5,0.675,1.132,1.0,1.2,2022,Metal Loss_39268.1,True,39268.14,39267.383,METAL_LOSS,False,5.433333333333334,2775,39240.872733248674
10830,40.161,0.344,39.324,0.837,39268.219,Metal Loss,External,15.0,0.052,30.0,GENE,20.0,,,,1.9,1.6,6:03,EXT ML,6,N,N,5.97,26.947,02:00,25.552,CMFL,1025,65000,E.R. WELD,24,1523.5,2116.0,1518.6,2109.1,0.673,1.135,1.0,1.2,2022,Metal Loss_39268.2,True,39268.219,39267.462,METAL_LOSS,False,6.05,2776,39240.904442618456
10840,28.707,0.344,0.84,27.867,39269.895,Metal Loss,External,11.0,0.038,26.0,GENE,20.0,,,,4.6,4.1,4:23,EXT ML,2,N,N,5.97,26.838,10:00,35.186,CMFL,1025,65000,E.R. WELD,24,1490.1,2069.6,1479.2,2054.4,0.688,1.11,1.0,1.2,2022,Metal Loss_39269.9,True,39269.895,39269.138,METAL_LOSS,False,4.383333333333334,2778,39242.41103145573
10840,28.707,0.344,28.219,0.489,39297.274,Metal Loss,External,24.0,0.082,39.0,GENE,20.0,,,,2.4,1.5,6:03,EXT ML,2,N,N,5.97,26.255,10:00,24.714,CMFL,1025,65000,E.R. WELD,24,1485.8,2063.7,1472.1,2044.5,0.69,1.108,1.0,1.2,2022,Metal Loss_39297.3,True,39297.274,39296.517,METAL_LOSS,False,6.05,2779,39280.57968648761
10860,40.085,0.344,16.037,24.045,39353.855,Metal Loss,External,15.0,0.052,30.0,GENE,20.0,,,,5.1,2.0,8:13,EXT ML,1,N,N,5.97,22.205,09:12,6.074,CMFL,1025,65000,E.R. WELD,24,1459.5,2027.1,1442.4,2003.3,0.702,1.088,1.0,1.2,2022,Metal Loss_39353.9,True,39353.855,39353.098000000005,METAL_LOSS,False,8.216666666666667,2783,39310.10846489696
10920,22.943,0.344,0.614,22.329,39466.64,Metal Loss,External,18.0,0.062,33.0,GENE,20.0,,,,9.7,4.5,6:03,EXT ML,4,N,N,5.97,24.659,10:20,27.227,CMFL,1025,65000,E.R. WELD,24,1383.2,1921.1,1381.2,1918.3,0.741,1.034,1.0,1.2,2022,Metal Loss_39466.6,True,39466.64,39465.883,METAL_LOSS,False,6.05,2793,39490.74181917692
10920,22.943,0.344,1.01,21.936,39467.034,Metal Loss,External,16.0,0.055,31.0,GENE,20.0,,,,3.7,2.0,4:46,EXT ML,4,N,N,5.97,24.779,10:20,34.976,CMFL,1025,65000,E.R. WELD,24,1476.2,2050.3,1461.9,2030.4,0.694,1.102,1.0,1.2,2022,Metal Loss_39467.0,True,39467.034,39466.277,METAL_LOSS,False,4.766666666666667,2794,39491.04507652718
10920,22.943,0.344,22.031,0.915,39488.054,Metal Loss,External,14.0,0.048,29.0,GENE,20.0,,,,4.2,3.5,6:26,EXT ML,4,N,N,5.97,24.608,10:20,24.504,CMFL,1025,65000,E.R. WELD,24,1479.0,2054.1,1465.5,2035.5,0.693,1.102,1.0,1.2,2022,Metal Loss_39488.1,True,39488.054,39487.297,METAL_LOSS,False,6.433333333333334,2795,39507.22393313233
10920,22.943,0.344,22.569,0.374,39488.596,Metal Loss,External,15.0,0.052,30.0,GENE,20.0,,,,7.3,3.2,1:39,EXT ML ( ON GW ),4,N,N,5.97,24.591,10:20,20.944,CMFL,1025,65000,E.R. WELD,24,1432.6,1989.7,1410.7,1959.4,0.716,1.068,1.0,1.2,2022,Metal Loss_39488.6,True,39488.596,39487.839,METAL_LOSS,False,1.65,2796,39507.64110441111
10950,40.207,0.344,0.82,39.386,39558.983,Metal Loss,External,27.0,0.093,42.0,GENE,20.0,,,,2.7,2.1,8:34,EXT ML,21,N,N,5.97,23.598,10:48,14.032,CMFL,1025,65000,E.R. WELD,24,1461.1,2029.3,1441.5,2002.1,0.702,1.089,1.0,1.2,2022,Metal Loss_39559.0,True,39558.983,39558.226,METAL_LOSS,False,8.566666666666666,2802,39553.50396309009
10950,40.207,0.344,0.909,39.301,39559.068,Metal Loss,External,20.0,0.069,35.0,GENE,20.0,,,,2.3,1.8,7:47,EXT ML,21,N,N,5.97,23.597,10:48,18.85,CMFL,1025,65000,E.R. WELD,24,1500.0,2083.3,1492.1,2072.4,0.683,1.118,1.0,1.2,2022,Metal Loss_39559.1,True,39559.068,39558.311,METAL_LOSS,False,7.783333333333333,2803,39553.58833731284
10950,40.207,0.344,0.935,39.272,39559.098,Metal Loss,External,21.0,0.072,36.0,GENE,20.0,,,,2.1,2.0,2:23,EXT ML,21,N,N,5.97,23.596,10:48,22.619,CMFL,1025,65000,E.R. WELD,24,1505.6,2091.1,1496.5,2078.5,0.681,1.121,1.0,1.2,2022,Metal Loss_39559.1,True,39559.098,39558.341,METAL_LOSS,False,2.3833333333333333,2804,39553.61811645028
10950,40.207,0.344,4.38,35.827,39562.543,Metal Loss,External,30.0,0.103,45.0,GENE,20.0,,,,2.0,1.7,2:48,EXT ML,21,N,N,5.97,23.574,10:48,25.133,CMFL,1025,65000,E.R. WELD,24,1481.8,2058.1,1465.9,2036.0,0.692,1.105,1.0,1.2,2022,Metal Loss_39562.5,True,39562.543,39561.786,METAL_LOSS,False,2.8,2805,39557.03775406656
10950,40.207,0.344,4.836,35.374,39562.995,Metal Loss,External,18.0,0.062,33.0,GENE,20.0,,,,3.6,2.4,3:09,EXT ML,21,N,N,5.97,23.573,10:48,26.808,CMFL,1025,65000,E.R. WELD,24,1472.0,2044.5,1463.4,2032.4,0.696,1.097,1.0,1.2,2022,Metal Loss_39563.0,True,39562.995,39562.238000000005,METAL_LOSS,False,3.15,2806,39557.48642640402
10950,40.207,0.344,8.524,31.686,39566.683,Metal Loss,External,15.0,0.052,30.0,GENE,20.0,,,,4.1,2.5,2:02,EXT ML,21,N,N,5.97,23.562,10:48,20.106,CMFL,1025,65000,E.R. WELD,24,1477.1,2051.6,1465.4,2035.3,0.694,1.099,1.0,1.2,2022,Metal Loss_39566.7,True,39566.683,39565.926,METAL_LOSS,False,2.033333333333333,2807,39561.147275033574
10950,40.207,0.344,10.768,29.439,39568.93,Metal Loss,External,12.0,0.041,27.0,GENE,20.0,,,,2.8,2.4,2:48,EXT ML,21,N,N,5.97,23.555,10:48,25.133,CMFL,1025,65000,E.R. WELD,24,1511.5,2099.2,1504.3,2089.3,0.678,1.127,1.0,1.2,2022,Metal Loss_39568.9,True,39568.93,39568.173,METAL_LOSS,False,2.8,2808,39563.377732427994
10950,40.207,0.344,15.41,24.8,39573.57,Metal Loss,External,21.0,0.072,36.0,GENE,20.0,,,,3.3,2.8,2:38,EXT ML,21,N,N,5.97,23.541,10:48,24.086,CMFL,1025,65000,E.R. WELD,24,1466.9,2037.4,1450.0,2013.9,0.699,1.092,1.0,1.2,2022,Metal Loss_39573.6,True,39573.57,39572.813,METAL_LOSS,False,2.6333333333333333,2809,39567.98357235239
10950,40.207,0.344,17.329,22.877,39575.492,Metal Loss,External,18.0,0.062,33.0,GENE,20.0,,,,10.0,3.3,2:36,EXT ML,21,N,N,5.97,23.536,10:48,24.295,CMFL,1025,65000,E.R. WELD,24,1386.3,1925.5,1363.9,1894.3,0.739,1.033,1.0,1.2,2022,Metal Loss_39575.5,True,39575.492,39574.735,METAL_LOSS,False,2.6,2810,39569.891422424516
10950,40.207,0.344,18.609,21.598,39576.772,Metal Loss,External,17.0,0.058,32.0,GENE,20.0,,,,2.8,2.1,6:10,EXT ML,21,N,N,5.97,23.532,10:48,29.112,CMFL,1025,65000,E.R. WELD,24,1493.3,2074.0,1482.1,2058.5,0.686,1.114,1.0,1.2,2022,Metal Loss_39576.8,True,39576.772,39576.015,METAL_LOSS,False,6.166666666666667,2811,39571.16199895538
10950,40.207,0.344,18.635,21.572,39576.798,Metal Loss,External,35.0,0.12,50.0,GENE,20.0,,,,2.6,1.4,2:20,EXT ML,21,N,N,5.97,23.532,10:48,22.201,CMFL,1025,65000,E.R. WELD,24,1433.8,1991.3,1430.3,1986.6,0.715,1.069,0.6,1.2,2022,Metal Loss_39576.8,True,39576.798,39576.041000000005,METAL_LOSS,False,2.3333333333333335,2812,39571.187807541166
10950,40.207,0.344,20.561,19.646,39578.724,Metal Loss,External,11.0,0.038,26.0,GENE,20.0,,,,5.1,1.7,6:01,EXT ML,21,N,N,5.97,23.526,10:48,29.95,CMFL,1025,65000,E.R. WELD,24,1485.7,2063.4,1473.9,2047.1,0.69,1.106,1.0,1.2,2022,Metal Loss_39578.7,True,39578.724,39577.967,METAL_LOSS,False,6.016666666666667,2813,39573.09962816496
10950,40.207,0.344,21.923,18.284,39580.085,Metal Loss,External,23.0,0.079,38.0,GENE,20.0,,,,2.4,1.3,6:01,EXT ML,21,N,N,5.97,23.522,10:48,29.95,CMFL,1025,65000,E.R. WELD,24,1489.9,2069.3,1477.2,2051.7,0.688,1.11,1.0,1.2,2022,Metal Loss_39580.1,True,39580.085,39579.328,METAL_LOSS,False,6.016666666666667,2814,39574.45060836691
10950,40.207,0.344,23.927,16.28,39582.09,Metal Loss,External,17.0,0.058,32.0,AXGR,20.0,,,,1.5,0.7,6:03,EXT ML,21,N,N,5.97,23.516,10:48,29.74,CMFL,1025,65000,E.R. WELD,24,1529.9,2124.9,1526.1,2119.6,0.67,1.14,1.0,1.2,2022,Metal Loss_39582.1,True,39582.09,39581.333,METAL_LOSS,False,6.05,2816,39576.44084738596
10950,40.207,0.344,25.079,15.128,39583.241,Metal Loss,External,14.0,0.048,29.0,AXGR,20.0,,,,2.7,0.6,5:55,EXT ML,21,N,N,5.97,23.513,10:48,30.578,CMFL,1025,65000,E.R. WELD,24,1507.4,2093.6,1499.3,2082.4,0.68,1.124,1.0,1.2,2022,Metal Loss_39583.2,True,39583.241,39582.484,METAL_LOSS,False,5.916666666666667,2817,39577.58337362583
10950,40.207,0.344,25.945,14.262,39584.108,Metal Loss,External,24.0,0.082,39.0,GENE,20.0,,,,5.3,2.6,6:03,EXT ML,21,N,N,5.97,23.51,10:48,30.369,CMFL,1025,65000,E.R. WELD,24,1392.3,1933.7,1437.5,1996.5,0.736,1.039,1.0,1.2,2022,Metal Loss_39584.1,True,39584.108,39583.351,METAL_LOSS,False,6.05,2818,39578.44399069791
10950,40.207,0.344,27.972,12.234,39586.135,Metal Loss,External,22.0,0.076,37.0,GENE,20.0,,,,2.0,1.6,6:01,EXT ML,21,N,N,5.97,23.504,10:48,29.95,CMFL,1025,65000,E.R. WELD,24,1505.8,2091.4,1496.6,2078.6,0.681,1.122,1.0,1.2,2022,Metal Loss_39586.1,True,39586.135,39585.378,METAL_LOSS,False,6.016666666666667,2819,39580.45606775108
10950,40.207,0.344,29.006,11.201,39587.169,Metal Loss,External,21.0,0.072,36.0,GENE,20.0,,,,2.1,2.2,5:59,EXT ML,21,N,N,5.97,23.501,10:48,30.159,CMFL,1025,65000,E.R. WELD,24,1504.3,2089.3,1494.9,2076.2,0.681,1.121,1.0,1.2,2022,Metal Loss_39587.2,True,39587.169,39586.412,METAL_LOSS,False,5.983333333333333,2820,39581.482455354926
10950,40.207,0.344,29.688,10.522,39587.848,Metal Loss,External,18.0,0.062,33.0,GENE,20.0,,,,2.6,1.8,6:02,EXT ML,21,N,N,5.97,23.499,10:48,29.95,CMFL,1025,65000,E.R. WELD,24,1495.7,2077.3,1484.8,2062.2,0.685,1.115,1.0,1.2,2022,Metal Loss_39587.8,True,39587.848,39587.091,METAL_LOSS,False,6.033333333333333,2821,39582.156456499026
10950,40.207,0.344,33.212,6.995,39591.375,Metal Loss,External,18.0,0.062,33.0,GENE,20.0,,,,2.6,1.9,6:03,EXT ML,21,N,N,5.97,23.488,10:48,29.95,CMFL,1025,65000,E.R. WELD,24,1498.4,2081.1,1488.1,2066.8,0.684,1.117,1.0,1.2,2022,Metal Loss_39591.4,True,39591.375,39590.618,METAL_LOSS,False,6.05,2822,39585.65749042432
10960,35.991,0.344,29.823,6.171,39628.189,Metal Loss,External,12.0,0.041,27.0,GENE,20.0,,,,6.5,1.9,7:10,EXT ML,6,N,N,5.97,23.354,08:00,5.236,CMFL,1025,65000,E.R. WELD,24,1461.1,2029.2,1444.7,2006.5,0.702,1.091,1.0,1.2,2022,Metal Loss_39628.2,True,39628.189,39627.432,METAL_LOSS,False,7.166666666666667,2825,39623.305709760774
10960,35.991,0.344,34.747,1.243,39633.117,Metal Loss,External,23.0,0.079,38.0,GENE,20.0,,,,3.3,2.2,9:31,EXT ML,6,N,N,5.97,23.335,08:00,9.844,CMFL,1025,65000,E.R. WELD,24,1454.6,2020.2,1440.3,2000.4,0.705,1.085,1.0,1.2,2022,Metal Loss_39633.1,True,39633.117,39632.36,METAL_LOSS,False,9.516666666666667,2826,39628.3800805757
10960,35.991,0.344,34.82,1.171,39633.189,Metal Loss,External,15.0,0.052,30.0,GENE,20.0,,,,2.7,2.4,2:23,EXT ML,6,N,N,5.97,23.334,08:00,35.186,CMFL,1025,65000,E.R. WELD,24,1504.4,2089.4,1495.6,2077.3,0.681,1.122,1.0,1.2,2022,Metal Loss_39633.2,True,39633.189,39632.432,METAL_LOSS,False,2.3833333333333333,2827,39628.45421911033
10960,35.991,0.344,35.118,0.873,39633.488,Metal Loss,External,22.0,0.076,37.0,GENE,20.0,,,,2.5,1.8,8:12,EXT ML ( NEAR SW ),6,N,N,5.97,23.333,08:00,1.466,CMFL,1025,65000,E.R. WELD,24,1488.2,2067.0,1481.0,2056.9,0.689,1.108,1.0,1.2,2022,Metal Loss_39633.5,True,39633.488,39632.731,METAL_LOSS,False,8.2,2828,39628.76209996943
10960,35.991,0.344,35.394,0.597,39633.763,Metal Loss,External,17.0,0.058,32.0,GENE,20.0,,,,3.9,2.4,10:21,EXT ML,6,N,N,5.97,23.332,08:00,14.661,CMFL,1025,65000,E.R. WELD,24,1469.6,2041.0,1453.9,2019.3,0.698,1.096,1.0,1.2,2022,Metal Loss_39633.8,True,39633.763,39633.006,METAL_LOSS,False,10.35,2829,39629.04526798367
10980,40.377,0.344,3.973,36.407,39648.123,Metal Loss,External,16.0,0.055,31.0,GENE,20.0,,,,3.0,2.0,7:32,EXT ML ( ON SW ),5,N,N,5.97,26.064,07:24,0.838,CMFL,1025,65000,E.R. WELD,24,1495.4,2076.9,1484.8,2062.2,0.686,1.114,1.0,1.2,2022,Metal Loss_39648.1,True,39648.123,39647.366,METAL_LOSS,False,7.533333333333333,2835,39642.81277435173
10980,40.377,0.344,39.646,0.732,39683.799,Metal Loss,External,14.0,0.048,29.0,GENE,20.0,,,,1.9,1.7,6:27,EXT ML,5,N,N,5.97,45.061,07:24,5.864,CMFL,1025,65000,E.R. WELD,24,1525.5,2118.7,1520.9,2112.4,0.672,1.137,1.0,1.2,2022,Metal Loss_39683.8,True,39683.799,39683.042,METAL_LOSS,False,6.45,2836,39670.97222453377
10980,40.377,0.344,40.079,0.299,39684.232,Metal Loss,External,22.0,0.076,37.0,GENE,20.0,,,,11.8,8.3,6:14,EXT ML ( ON GW ),5,N,N,5.97,45.292,07:24,7.33,CMFL,1025,65000,E.R. WELD,24,1336.7,1856.5,1326.8,1842.8,0.767,0.995,1.0,1.2,2022,Metal Loss_39684.2,True,39684.232,39683.475000000006,METAL_LOSS,False,6.233333333333333,2837,39671.31399608689
11000,40.223,0.344,0.144,40.079,39707.047,Metal Loss,External,27.0,0.093,42.0,GENE,20.0,,,,2.2,2.4,3:58,EXT ML,9,N,N,5.97,58.979,03:04,5.655,CMFL,1025,65000,E.R. WELD,24,1483.2,2060.0,1468.4,2039.4,0.691,1.105,1.0,1.2,2022,Metal Loss_39707.0,True,39707.047,39706.29,METAL_LOSS,False,3.966666666666667,2840,39705.59302264873
11000,40.223,0.344,0.157,40.066,39707.06,Metal Loss,External,19.0,0.065,34.0,GENE,20.0,,,,10.7,4.4,7:53,EXT ML,9,N,N,5.97,58.987,03:04,31.206,CMFL,1025,65000,E.R. WELD,24,1369.5,1902.0,1424.0,1977.8,0.749,1.022,1.0,1.2,2022,Metal Loss_39707.1,True,39707.06,39706.303,METAL_LOSS,False,7.883333333333333,2841,39705.60593441563
11000,40.223,0.344,0.86,39.364,39707.762,Metal Loss,External,28.0,0.096,43.0,GENE,20.0,,,,2.4,2.0,4:56,EXT ML,9,N,N,5.97,59.416,03:04,11.729,CMFL,1025,65000,E.R. WELD,24,1473.0,2045.8,1455.7,2021.9,0.696,1.097,1.0,1.2,2022,Metal Loss_39707.8,True,39707.762,39707.005000000005,METAL_LOSS,False,4.933333333333334,2842,39706.30316982821
11000,40.223,0.344,0.86,39.364,39707.762,Metal Loss,External,25.0,0.086,40.0,GENE,20.0,,,,3.2,2.6,6:55,EXT ML,9,N,N,5.97,59.416,03:04,24.295,CMFL,1025,65000,E.R. WELD,24,1451.4,2015.8,1430.4,1986.7,0.706,1.082,1.0,1.2,2022,Metal Loss_39707.8,True,39707.762,39707.005000000005,METAL_LOSS,False,6.916666666666667,2843,39706.30316982821
11000,40.223,0.344,0.912,39.311,39707.815,Metal Loss,External,21.0,0.072,36.0,GENE,20.0,,,,3.0,1.6,6:21,EXT ML,9,N,N,5.97,59.447,03:04,20.735,CMFL,1025,65000,E.R. WELD,24,1476.5,2050.7,1461.5,2029.9,0.694,1.099,1.0,1.2,2022,Metal Loss_39707.8,True,39707.815,39707.058000000005,METAL_LOSS,False,6.35,2844,39706.355810108646
11000,40.223,0.344,39.573,0.65,39746.476,Metal Loss,External,12.0,0.041,,GENE,,,,,4.2,3.2,9:48,EXT ML REPAIRED,9,N,N,5.97,77.762,03:04,33.091,CMFL,1025,65000,E.R. WELD,24,1490.9,2070.7,1479.9,2055.5,0.688,1.11,,,2022,Metal Loss_39746.5,True,39746.476,39745.719000000005,METAL_LOSS,False,9.8,2849,39744.75441165503
11000,40.223,0.344,39.902,0.322,39746.804,Metal Loss,External,15.0,0.052,,GENE,,,,,5.7,2.4,2:23,EXT ML ( ON GW ) REPAIRED,9,N,N,5.97,77.915,03:04,4.189,CMFL,1025,65000,E.R. WELD,24,1450.9,2015.1,1432.3,1989.3,0.707,1.081,,,2022,Metal Loss_39746.8,True,39746.804,39746.047,METAL_LOSS,False,2.3833333333333333,2851,39745.08018546603
11000,40.223,0.344,40.161,0.062,39747.064,Metal Loss,External,49.0,0.169,,CIGR,,,,,0.7,1.4,6:03,*EXT ML ( NEAR GW ) REPAIRED,9,Y,Y,5.97,78.036,03:04,18.85,CMFL,1025,65000,E.R. WELD,24,1530.0,2125.0,1523.9,2116.5,0.67,1.14,,,2022,Metal Loss_39747.1,True,39747.064,39746.307,METAL_LOSS,False,6.05,2852,39745.33842080402
11010,37.241,0.344,0.253,36.988,39747.382,Metal Loss,External,15.0,0.052,,GENE,,,,,6.1,2.2,8:36,EXT ML REPAIRED,4,N,N,5.97,78.184,UNKN,,CMFL,1025,65000,E.R. WELD,24,1443.7,2005.2,1423.8,1977.5,0.71,1.077,,,2022,Metal Loss_39747.4,True,39747.382,39746.625,METAL_LOSS,False,8.6,2854,39745.51939426485
11010,37.241,0.344,0.715,36.529,39747.841,Metal Loss,External,20.0,0.069,,GENE,,,,,4.8,5.7,3:30,EXT ML REPAIRED,4,N,N,5.97,78.4,UNKN,,CMFL,1025,65000,E.R. WELD,24,1432.3,1989.3,1420.9,1973.4,0.716,1.067,,,2022,Metal Loss_39747.8,True,39747.841,39747.084,METAL_LOSS,False,3.5,2855,39745.733464450655
11010,37.241,0.344,0.715,36.529,39747.841,Metal Loss,External,25.0,0.086,,GENE,,,,,3.4,3.0,7:48,*EXT ML REPAIRED,4,Y,Y,5.97,78.4,UNKN,,CMFL,1025,65000,E.R. WELD,24,1440.8,2001.1,1417.6,1968.9,0.712,1.075,,,2022,Metal Loss_39747.8,True,39747.841,39747.084,METAL_LOSS,False,7.8,2856,39745.733464450655
11010,37.241,0.344,0.883,36.362,39748.009,Metal Loss,External,11.0,0.038,,GENE,,,,,5.2,1.3,5:02,EXT ML REPAIRED,4,N,N,5.97,78.479,UNKN,,CMFL,1025,65000,E.R. WELD,24,1480.9,2056.8,1468.3,2039.3,0.692,1.105,,,2022,Metal Loss_39748.0,True,39748.009,39747.252,METAL_LOSS,False,5.033333333333333,2857,39745.811816936955
11030,31.886,0.344,0.427,31.46,39795.282,Metal Loss,External,10.0,0.034,25.0,GENE,20.0,,,,7.4,4.6,3:58,EXT ML,5,N,N,5.97,91.465,10:24,34.976,CMFL,1025,65000,E.R. WELD,24,1471.0,2043.1,1456.8,2023.4,0.697,1.097,1.0,1.2,2022,Metal Loss_39795.3,True,39795.282,39794.525,METAL_LOSS,False,3.966666666666667,2865,39771.570694975846
11030,31.886,0.344,1.056,30.83,39795.912,Metal Loss,External,21.0,0.072,36.0,GENE,20.0,,,,11.9,6.5,2:55,EXT ML,5,N,N,5.97,91.686,10:24,29.74,CMFL,1025,65000,E.R. WELD,24,1348.3,1872.6,1377.3,1913.0,0.76,1.002,1.0,1.2,2022,Metal Loss_39795.9,True,39795.912,39795.155,METAL_LOSS,False,2.9166666666666665,2866,39771.69003261619
11030,31.886,0.344,1.138,30.748,39795.994,Metal Loss,External,24.0,0.082,39.0,PITT,20.0,,,,1.1,1.0,1:22,EXT ML,5,N,N,5.97,91.714,10:24,18.64,CMFL,1025,65000,E.R. WELD,24,1530.8,2126.2,1526.9,2120.7,0.67,1.141,0.6,1.2,2022,Metal Loss_39796.0,True,39795.994,39795.237,METAL_LOSS,False,1.3666666666666667,2867,39771.70556545192
11030,31.886,0.344,1.588,30.302,39796.44,Metal Loss,External,54.0,0.185,69.0,GENE,20.0,,,,1.7,3.9,7:10,*EXT ML,5,Y,Y,5.97,91.871,10:24,19.268,CMFL,1025,65000,E.R. WELD,24,1435.4,1993.7,1398.0,1941.7,0.714,1.069,0.8,1.0,2022,Metal Loss_39796.4,True,39796.44,39795.683000000005,METAL_LOSS,False,7.166666666666667,2868,39771.79004892429
11030,31.886,0.344,2.044,29.846,39796.896,Metal Loss,External,50.0,0.172,65.0,GENE,15.0,,,,1.7,4.0,8:03,*EXT ML,5,Y,Y,5.97,92.031,10:24,13.195,CMFL,1025,65000,E.R. WELD,24,1448.4,2011.7,1429.6,1985.6,0.708,1.079,0.6,1.2,2022,Metal Loss_39796.9,True,39796.896,39796.139,METAL_LOSS,False,8.05,2869,39771.87642664492
11050,40.253,0.344,0.62,39.629,39861.355,Metal Loss,External,20.0,0.069,35.0,GENE,20.0,,,,7.1,2.8,7:33,EXT ML,8,N,N,5.97,130.884,01:28,37.49,CMFL,1025,65000,E.R. WELD,24,1395.7,1938.5,1445.0,2007.0,0.735,1.039,1.0,1.2,2022,Metal Loss_39861.4,True,39861.355,39860.598000000005,METAL_LOSS,False,7.55,2872,39832.720405942564
11050,40.253,0.344,0.804,39.449,39861.535,Metal Loss,External,24.0,0.082,39.0,GENE,20.0,,,,4.6,5.9,8:46,EXT ML,8,N,N,5.97,130.992,01:28,28.274,CMFL,1025,65000,E.R. WELD,24,1410.5,1959.1,1441.0,2001.3,0.727,1.052,1.0,1.2,2022,Metal Loss_39861.5,True,39861.535,39860.778000000006,METAL_LOSS,False,8.766666666666667,2873,39832.88809947332
11050,40.253,0.344,38.258,1.991,39898.993,Metal Loss,External,21.0,0.072,36.0,GENE,20.0,,,,14.2,6.6,5:25,EXT ML,8,N,N,5.97,150.473,01:28,26.599,CMFL,1025,65000,E.R. WELD,24,1334.1,1852.9,1397.9,1941.6,0.768,0.995,1.0,1.2,2022,Metal Loss_39899.0,True,39898.993,39898.236,METAL_LOSS,False,5.416666666666667,2875,39867.78512322369
11050,40.253,0.344,38.645,1.608,39899.377,Metal Loss,External,15.0,0.052,30.0,GENE,20.0,,,,7.4,7.8,6:56,EXT ML,8,N,N,5.97,150.672,01:28,37.699,CMFL,1025,65000,E.R. WELD,24,1428.5,1984.0,1444.3,2006.0,0.718,1.068,1.0,1.2,2022,Metal Loss_39899.4,True,39899.377,39898.62,METAL_LOSS,False,6.933333333333334,2876,39868.14286942264
11050,40.253,0.344,38.776,1.476,39899.508,Metal Loss,External,11.0,0.038,26.0,GENE,20.0,,,,5.5,3.7,11:38,EXT ML,8,N,N,5.97,150.741,01:28,11.519,CMFL,1025,65000,E.R. WELD,24,1479.5,2054.8,1466.6,2036.9,0.693,1.103,1.0,1.2,2022,Metal Loss_39899.5,True,39899.508,39898.751,METAL_LOSS,False,11.633333333333333,2877,39868.2649130478
11050,40.253,0.344,38.891,1.358,39899.626,Metal Loss,External,16.0,0.055,31.0,CIGR,25.0,,,,1.1,4.0,2:43,EXT ML,8,N,N,5.97,150.8,01:28,7.959,CMFL,1025,65000,E.R. WELD,24,1536.5,2134.0,1534.1,2130.7,0.667,1.146,1.0,1.2,2022,Metal Loss_39899.6,True,39899.626,39898.869,METAL_LOSS,False,2.716666666666667,2878,39868.37484547352
11050,40.253,0.344,39.062,1.191,39899.793,Metal Loss,External,15.0,0.052,30.0,GENE,20.0,,,,3.7,3.6,9:13,EXT ML,8,N,N,5.97,150.887,01:28,26.599,CMFL,1025,65000,E.R. WELD,24,1484.8,2062.2,1472.3,2044.9,0.69,1.106,1.0,1.2,2022,Metal Loss_39899.8,True,39899.793,39899.036,METAL_LOSS,False,9.216666666666667,2879,39868.53042780483
11050,40.253,0.344,39.534,0.715,39900.269,Metal Loss,External,20.0,0.069,35.0,GENE,20.0,,,,4.4,3.2,7:15,EXT ML,8,N,N,5.97,151.133,01:28,35.395,CMFL,1025,65000,E.R. WELD,24,1440.1,2000.2,1427.8,1983.0,0.712,1.074,1.0,1.2,2022,Metal Loss_39900.3,True,39900.269,39899.512,METAL_LOSS,False,7.25,2880,39868.97388403061
11060,17.408,0.344,1.68,15.728,39902.664,Metal Loss,External,16.0,0.055,31.0,GENE,20.0,,,,3.8,10.6,9:21,EXT ML ( ON SW ),5,N,N,5.97,152.37,09:04,2.094,CMFL,1025,65000,E.R. WELD,24,1477.9,2052.7,1468.9,2040.2,0.694,1.1,1.0,1.2,2022,Metal Loss_39902.7,True,39902.664,39901.907,METAL_LOSS,False,9.35,2883,39873.5022242647
11060,17.408,0.344,1.896,15.512,39902.881,Metal Loss,External,16.0,0.055,31.0,PITT,20.0,,,,1.7,1.1,3:44,EXT ML,5,N,N,5.97,152.483,09:04,33.51,CMFL,1025,65000,E.R. WELD,24,1526.2,2119.7,1521.7,2113.5,0.672,1.137,0.6,1.2,2022,Metal Loss_39902.9,True,39902.881,39902.124,METAL_LOSS,False,3.7333333333333334,2884,39874.00109489891
11060,17.408,0.344,1.962,15.446,39902.946,Metal Loss,External,21.0,0.072,36.0,GENE,20.0,,,,1.5,1.9,4:16,EXT ML,5,N,N,5.97,152.516,09:04,30.159,CMFL,1025,65000,E.R. WELD,24,1524.4,2117.2,1519.2,2110.1,0.672,1.136,1.0,1.2,2022,Metal Loss_39902.9,True,39902.946,39902.189000000006,METAL_LOSS,False,4.266666666666667,2885,39874.15052619487
11060,17.408,0.344,2.034,15.374,39903.018,Metal Loss,External,43.0,0.148,58.0,GENE,20.0,,,,4.4,4.5,4:51,EXT ML,5,N,N,5.97,152.553,09:04,28.065,CMFL,1025,65000,E.R. WELD,24,1279.1,1776.5,1401.9,1947.1,0.801,0.955,1.0,1.2,2022,Metal Loss_39903.0,True,39903.018,39902.261,METAL_LOSS,False,4.85,2886,39874.31605009191
11060,17.408,0.344,2.247,15.161,39903.232,Metal Loss,External,24.0,0.082,39.0,GENE,20.0,,,,2.2,1.2,10:01,EXT ML,5,N,N,5.97,152.663,09:04,6.074,CMFL,1025,65000,E.R. WELD,24,1493.6,2074.4,1481.5,2057.7,0.686,1.112,1.0,1.2,2022,Metal Loss_39903.2,True,39903.232,39902.475000000006,METAL_LOSS,False,10.016666666666667,2887,39874.80802389707
11150,40.157,0.344,19.245,20.915,40165.308,Metal Loss,External,12.0,0.041,27.0,GENE,20.0,,,,9.2,3.4,11:07,EXT ML ( ON SW ),1,N,N,5.97,163.336,11:00,1.466,CMFL,1025,65000,E.R. WELD,24,1442.4,2003.3,1431.6,1988.3,0.711,1.078,1.0,1.2,2022,Metal Loss_40165.3,True,40165.308,40164.551,METAL_LOSS,False,11.116666666666667,2903,40168.88222529319
11180,40.013,0.344,0.427,39.583,40266.955,Metal Loss,External,14.0,0.048,29.0,GENE,20.0,,,,2.2,2.5,4:37,EXT ML,1,N,N,5.97,160.259,08:12,22.619,CMFL,1025,65000,E.R. WELD,24,1518.0,2108.3,1512.0,2100.0,0.675,1.131,1.0,1.2,2022,Metal Loss_40267.0,True,40266.955,40266.198,METAL_LOSS,False,4.616666666666667,2908,40270.31610647338
11190,40.217,0.344,33.835,6.378,40340.377,Metal Loss,External,15.0,0.052,30.0,AXGR,20.0,,,,2.3,1.0,6:23,EXT ML,2,N,N,5.97,155.145,07:04,4.189,CMFL,1025,65000,E.R. WELD,24,1512.3,2100.4,1505.1,2090.4,0.678,1.128,1.0,1.2,2022,Metal Loss_40340.4,True,40340.377,40339.62,METAL_LOSS,False,6.383333333333334,2912,40343.583084344544
11220,40.026,0.344,14.59,25.436,40441.66,Metal Loss,External,17.0,0.058,32.0,AXGR,20.0,,,,2.8,1.0,4:03,EXT ML,1,N,N,5.97,153.102,11:00,31.835,CMFL,1025,65000,E.R. WELD,24,1495.7,2077.4,1485.0,2062.5,0.685,1.116,1.0,1.2,2022,Metal Loss_40441.7,True,40441.66,40440.903000000006,METAL_LOSS,False,4.05,2916,40444.21958726828
11240,39.633,0.344,5.587,34.045,40512.897,Metal Loss,External,11.0,0.038,26.0,GENE,20.0,,,,3.3,1.7,1:54,EXT ML ( ON SW ),3,N,N,5.97,155.888,01:56,0.209,CMFL,1025,65000,E.R. WELD,24,1509.0,2095.9,1501.5,2085.5,0.679,1.124,1.0,1.2,2022,Metal Loss_40512.9,True,40512.897,40512.14,METAL_LOSS,False,1.9,2919,40515.25657710162
11240,39.633,0.344,15.085,24.551,40522.392,Metal Loss,External,13.0,0.044,28.0,GENE,20.0,,,,3.5,1.3,2:09,EXT ML ( NEAR SW ),3,N,N,5.97,156.187,01:56,1.466,CMFL,1025,65000,E.R. WELD,24,1495.0,2076.4,1484.6,2062.0,0.686,1.115,1.0,1.2,2022,Metal Loss_40522.4,True,40522.392,40521.635,METAL_LOSS,False,2.15,2920,40524.84596175194
11240,39.633,0.344,28.848,10.787,40536.155,Metal Loss,External,11.0,0.038,26.0,GENE,20.0,,,,11.4,3.1,2:25,EXT ML,3,N,N,5.97,156.621,01:56,2.513,CMFL,1025,65000,E.R. WELD,24,1449.7,2013.5,1452.6,2017.5,0.707,1.078,1.0,1.2,2022,Metal Loss_40536.2,True,40536.155,40535.398,METAL_LOSS,False,2.4166666666666665,2921,40538.745772277725
11310,40.167,0.344,39.157,1.01,40827.152,Metal Loss,External,16.0,0.055,31.0,GENE,20.0,,,,3.9,4.1,12:35,EXT ML,4,N,N,5.97,116.805,11:16,8.378,CMFL,1025,65000,E.R. WELD,24,1472.7,2045.4,1457.7,2024.6,0.696,1.098,1.0,1.2,2022,Metal Loss_40827.2,True,40827.152,40826.395,METAL_LOSS,False,12.583333333333334,2932,40799.53126593308
11310,40.167,0.344,39.252,0.915,40827.247,Metal Loss,External,21.0,0.072,36.0,GENE,20.0,,,,3.0,2.8,3:20,EXT ML,4,N,N,5.97,116.763,11:16,25.552,CMFL,1025,65000,E.R. WELD,24,1475.4,2049.1,1460.1,2027.9,0.695,1.099,1.0,1.2,2022,Metal Loss_40827.2,True,40827.247,40826.490000000005,METAL_LOSS,False,3.3333333333333335,2933,40799.67773451504
11310,40.167,0.344,39.354,0.814,40827.349,Metal Loss,External,18.0,0.062,33.0,GENE,20.0,,,,3.2,2.3,2:20,EXT ML,4,N,N,5.97,116.716,11:16,19.268,CMFL,1025,65000,E.R. WELD,24,1482.7,2059.4,1469.5,2041.0,0.691,1.104,1.0,1.2,2022,Metal Loss_40827.3,True,40827.349,40826.592,METAL_LOSS,False,2.3333333333333335,2934,40799.83499551882
11310,40.167,0.344,39.36,0.807,40827.356,Metal Loss,External,60.0,0.206,75.0,PITT,15.0,,,,0.9,1.5,8:09,*EXT ML,4,Y,Y,5.97,116.713,11:16,19.478,CMFL,1025,65000,E.R. WELD,24,1501.8,2085.8,1482.3,2058.8,0.683,1.119,0.4,1.0,2022,Metal Loss_40827.4,True,40827.356,40826.599,METAL_LOSS,False,8.15,2935,40799.84578794064
11350,40.167,0.344,1.453,38.717,40858.848,Metal Loss,External,17.0,0.058,32.0,GENE,20.0,,,,1.5,1.9,10:12,EXT ML,7,N,N,5.97,113.489,02:48,28.903,CMFL,1025,65000,E.R. WELD,24,1527.6,2121.6,1523.3,2115.7,0.671,1.139,1.0,1.2,2022,Metal Loss_40858.8,True,40858.848,40858.091,METAL_LOSS,False,10.2,2942,40871.27297157996
11350,40.167,0.344,2.408,37.759,40859.806,Metal Loss,External,18.0,0.062,33.0,GENE,20.0,,,,1.4,1.9,10:06,EXT ML,7,N,N,5.97,113.665,02:48,29.531,CMFL,1025,65000,E.R. WELD,24,1530.2,2125.3,1526.5,2120.1,0.67,1.14,1.0,1.2,2022,Metal Loss_40859.8,True,40859.806,40859.049,METAL_LOSS,False,10.1,2943,40871.888103564546
11350,40.167,0.344,2.703,37.467,40860.098,Metal Loss,External,19.0,0.065,34.0,GENE,20.0,,,,2.4,4.8,10:20,EXT ML,7,N,N,5.97,113.768,02:48,26.808,CMFL,1025,65000,E.R. WELD,24,1500.4,2083.8,1490.4,2070.0,0.683,1.117,1.0,1.2,2022,Metal Loss_40860.1,True,40860.098,40859.341,METAL_LOSS,False,10.333333333333334,2944,40872.0755968208
11350,40.167,0.344,2.743,37.428,40860.138,Metal Loss,External,14.0,0.048,29.0,GENE,20.0,,,,3.4,2.1,9:33,EXT ML,7,N,N,5.97,113.785,02:48,32.463,CMFL,1025,65000,E.R. WELD,24,1493.9,2074.9,1489.1,2068.1,0.686,1.113,1.0,1.2,2022,Metal Loss_40860.1,True,40860.138,40859.381,METAL_LOSS,False,9.55,2945,40872.101280828516
11350,40.167,0.344,3.15,37.021,40860.545,Metal Loss,External,20.0,0.069,35.0,GENE,20.0,,,,8.6,6.8,10:30,EXT ML,7,N,N,5.97,113.954,02:48,29.531,CMFL,1025,65000,E.R. WELD,24,1380.7,1917.6,1413.4,1963.0,0.742,1.027,1.0,1.2,2022,Metal Loss_40860.5,True,40860.545,40859.788,METAL_LOSS,False,10.5,2946,40872.36261560694
11350,40.167,0.344,4.032,36.135,40861.43,Metal Loss,External,14.0,0.048,29.0,GENE,20.0,,,,4.8,2.6,1:22,EXT ML,7,N,N,5.97,114.321,02:48,9.215,CMFL,1025,65000,E.R. WELD,24,1469.9,2041.6,1471.9,2044.3,0.697,1.095,1.0,1.2,2022,Metal Loss_40861.4,True,40861.43,40860.673,METAL_LOSS,False,1.3666666666666667,2947,40872.93087427745
11350,40.167,0.344,4.688,35.482,40862.083,Metal Loss,External,14.0,0.048,29.0,GENE,20.0,,,,1.9,1.5,1:25,EXT ML,7,N,N,5.97,114.593,02:48,8.587,CMFL,1025,65000,E.R. WELD,24,1524.8,2117.7,1520.1,2111.2,0.672,1.137,1.0,1.2,2022,Metal Loss_40862.1,True,40862.083,40861.326,METAL_LOSS,False,1.4166666666666667,2948,40873.350165703276
11360,22.11,0.344,3.888,18.222,40901.453,Metal Loss,External,10.0,0.034,25.0,GENE,20.0,,,,5.2,3.3,4:29,EXT ML ( ON SW ),6,N,N,5.97,130.772,04:20,1.047,CMFL,1025,65000,E.R. WELD,24,1488.7,2067.6,1477.6,2052.2,0.689,1.11,1.0,1.2,2022,Metal Loss_40901.5,True,40901.453,40900.696,METAL_LOSS,False,4.483333333333333,2950,40898.62965028902
11360,22.11,0.344,7.536,14.573,40905.102,Metal Loss,External,12.0,0.041,27.0,GENE,20.0,,,,12.4,5.3,4:29,EXT ML ( ON SW ),6,N,N,5.97,131.853,04:20,2.304,CMFL,1025,65000,E.R. WELD,24,1429.2,1985.0,1419.3,1971.3,0.717,1.068,1.0,1.2,2022,Metal Loss_40905.1,True,40905.102,40904.345,METAL_LOSS,False,4.483333333333333,2951,40900.9726738921
11360,22.11,0.344,13.878,8.232,40911.444,Metal Loss,External,12.0,0.041,27.0,GENE,20.0,,,,3.8,1.3,4:30,EXT ML ( NEAR SW ),6,N,N,5.97,133.732,04:20,1.047,CMFL,1025,65000,E.R. WELD,24,1496.1,2077.9,1486.1,2064.0,0.685,1.115,1.0,1.2,2022,Metal Loss_40911.4,True,40911.444,40910.687000000005,METAL_LOSS,False,4.5,2952,40905.044873314066
11360,22.11,0.344,17.251,4.859,40914.816,Metal Loss,External,12.0,0.041,27.0,GENE,20.0,,,,4.2,3.2,4:27,EXT ML ( ON SW ),6,N,N,5.97,134.732,04:20,0.0,CMFL,1025,65000,E.R. WELD,24,1489.5,2068.8,1481.8,2058.0,0.688,1.111,1.0,1.2,2022,Metal Loss_40914.8,True,40914.816,40914.059,METAL_LOSS,False,4.45,2953,40907.21003516378
11360,22.11,0.344,18.898,3.212,40916.463,Metal Loss,External,11.0,0.038,26.0,GENE,20.0,,,,14.1,5.5,4:24,EXT ML ( ON SW ),6,N,N,5.97,135.219,04:20,1.047,CMFL,1025,65000,E.R. WELD,24,1434.5,1992.3,1444.1,2005.7,0.715,1.073,1.0,1.2,2022,Metal Loss_40916.5,True,40916.463,40915.706000000006,METAL_LOSS,False,4.4,2954,40908.26757418112
11360,22.11,0.344,21.23,0.879,40918.796,Metal Loss,External,11.0,0.038,26.0,GENE,20.0,,,,5.3,1.7,4:15,EXT ML ( ON SW ),6,N,N,5.97,135.911,04:20,0.419,CMFL,1025,65000,E.R. WELD,24,1483.1,2059.9,1470.9,2043.0,0.691,1.105,1.0,1.2,2022,Metal Loss_40918.8,True,40918.796,40918.039,METAL_LOSS,False,4.25,2955,40909.765593930635
11370,40.121,0.344,0.971,39.15,40920.646,Metal Loss,External,12.0,0.041,27.0,GENE,20.0,,,,5.0,3.5,8:25,EXT ML,2,N,N,5.97,136.46,10:56,14.87,CMFL,1025,65000,E.R. WELD,24,1480.9,2056.9,1475.4,2049.1,0.692,1.103,1.0,1.2,2022,Metal Loss_40920.6,True,40920.646,40919.889,METAL_LOSS,False,8.416666666666666,2957,40911.29611136035
11370,40.121,0.344,2.238,37.884,40921.913,Metal Loss,External,21.0,0.072,36.0,GENE,20.0,,,,1.4,2.3,7:11,EXT ML,2,N,N,5.97,136.834,10:56,23.457,CMFL,1025,65000,E.R. WELD,24,1526.7,2120.4,1522.0,2113.9,0.671,1.138,1.0,1.2,2022,Metal Loss_40921.9,True,40921.913,40921.156,METAL_LOSS,False,7.183333333333334,2958,40912.55673246598
11410,39.997,0.344,16.775,23.222,41086.273,Metal Loss,External,20.0,0.069,35.0,GENE,20.0,,,,14.8,10.3,5:58,EXT ML,15,N,N,5.97,138.245,09:12,15.708,CMFL,1025,65000,E.R. WELD,24,1345.5,1868.8,1339.1,1859.9,0.762,1.001,1.0,1.2,2022,Metal Loss_41086.3,True,41086.273,41085.516,METAL_LOSS,False,5.966666666666667,2964,41086.84045228392
11410,39.997,0.344,18.425,21.572,41087.923,Metal Loss,External,15.0,0.052,30.0,GENE,20.0,,,,8.6,2.6,7:02,EXT ML,15,N,N,5.97,138.248,09:12,12.985,CMFL,1025,65000,E.R. WELD,24,1422.8,1976.1,1443.3,2004.5,0.721,1.06,1.0,1.2,2022,Metal Loss_41087.9,True,41087.923,41087.166000000005,METAL_LOSS,False,7.033333333333333,2965,41088.49098857414
11410,39.997,0.344,19.055,20.938,41088.556,Metal Loss,External,42.0,0.144,57.0,GENE,15.0,,,,18.0,6.6,4:34,*EXT ML,15,Y,Y,5.97,138.249,09:12,29.322,CMFL,1025,65000,E.R. WELD,24,1078.3,1497.7,1064.0,1477.8,0.951,0.806,1.0,1.2,2022,Metal Loss_41088.6,True,41088.556,41087.799,METAL_LOSS,False,4.566666666666666,2966,41089.124194314565
11410,39.997,0.344,19.626,20.371,41089.124,Metal Loss,External,14.0,0.048,29.0,GENE,20.0,,,,16.3,4.1,7:03,EXT ML,15,N,N,5.97,138.25,09:12,12.985,CMFL,1025,65000,E.R. WELD,24,1401.5,1946.5,1408.8,1956.6,0.731,1.046,1.0,1.2,2022,Metal Loss_41089.1,True,41089.124,41088.367000000006,METAL_LOSS,False,7.05,2967,41089.69237892842
11410,39.997,0.344,25.046,14.948,41094.547,Metal Loss,External,26.0,0.089,41.0,GENE,25.0,,,,15.8,8.6,5:45,EXT ML,15,N,N,5.97,138.259,09:12,22.829,CMFL,1025,65000,E.R. WELD,24,1274.2,1769.8,1322.9,1837.3,0.805,0.95,1.0,1.2,2022,Metal Loss_41094.5,True,41094.547,41093.79,METAL_LOSS,False,5.75,2968,41095.117141535615
11410,39.997,0.344,25.846,14.15,41095.344,Metal Loss,External,15.0,0.052,30.0,GENE,20.0,,,,5.6,3.5,4:46,EXT ML,15,N,N,5.97,138.261,09:12,28.693,CMFL,1025,65000,E.R. WELD,24,1451.2,2015.5,1434.3,1992.1,0.706,1.083,1.0,1.2,2022,Metal Loss_41095.3,True,41095.344,41094.587,METAL_LOSS,False,4.766666666666667,2969,41095.91440058004
11410,39.997,0.344,26.594,13.402,41096.093,Metal Loss,External,15.0,0.052,30.0,GENE,20.0,,,,1.9,1.7,5:44,EXT ML,15,N,N,5.97,138.262,09:12,21.782,CMFL,1025,65000,E.R. WELD,24,1524.0,2116.7,1519.1,2109.9,0.673,1.136,1.0,1.2,2022,Metal Loss_41096.1,True,41096.093,41095.336,METAL_LOSS,False,5.733333333333333,2970,41096.6636440233
11410,39.997,0.344,31.837,8.159,41101.335,Metal Loss,External,19.0,0.065,34.0,GENE,20.0,,,,12.5,3.3,7:07,EXT ML,15,N,N,5.97,138.271,09:12,12.147,CMFL,1025,65000,E.R. WELD,24,1362.3,1892.1,1391.6,1932.8,0.753,1.016,1.0,1.2,2022,Metal Loss_41101.3,True,41101.335,41100.578,METAL_LOSS,False,7.116666666666666,2971,41101.90734780108
11410,39.997,0.344,31.952,8.045,41101.45,Metal Loss,External,13.0,0.044,28.0,GENE,20.0,,,,2.2,1.5,4:33,EXT ML,15,N,N,5.97,138.272,09:12,29.112,CMFL,1025,65000,E.R. WELD,24,1521.2,2112.8,1515.9,2105.4,0.674,1.134,1.0,1.2,2022,Metal Loss_41101.4,True,41101.45,41100.693,METAL_LOSS,False,4.55,2972,41102.02238517888
11410,39.997,0.344,32.395,7.602,41101.893,Metal Loss,External,12.0,0.041,27.0,GENE,20.0,,,,2.5,1.9,4:16,EXT ML,15,N,N,5.97,138.272,09:12,30.997,CMFL,1025,65000,E.R. WELD,24,1516.6,2106.4,1510.4,2097.8,0.676,1.131,1.0,1.2,2022,Metal Loss_41101.9,True,41101.893,41101.136,METAL_LOSS,False,4.266666666666667,2973,41102.46552916468
11410,39.997,0.344,33.054,6.942,41102.552,Metal Loss,External,15.0,0.052,30.0,GENE,20.0,,,,3.0,1.9,4:17,EXT ML,15,N,N,5.97,138.273,09:12,30.788,CMFL,1025,65000,E.R. WELD,24,1496.4,2078.4,1486.1,2064.1,0.685,1.116,1.0,1.2,2022,Metal Loss_41102.6,True,41102.552,41101.795000000006,METAL_LOSS,False,4.283333333333333,2974,41103.12474335575
11410,39.997,0.344,33.271,6.722,41102.772,Metal Loss,External,16.0,0.055,31.0,GENE,20.0,,,,1.7,1.9,7:18,EXT ML,15,N,N,5.97,138.274,09:12,11.938,CMFL,1025,65000,E.R. WELD,24,1525.3,2118.4,1520.6,2111.9,0.672,1.137,1.0,1.2,2022,Metal Loss_41102.8,True,41102.772,41102.015,METAL_LOSS,False,7.3,2975,41103.344814861106
11410,39.997,0.344,33.74,6.257,41103.238,Metal Loss,External,15.0,0.052,30.0,AXGR,20.0,,,,1.4,0.7,7:18,EXT ML,15,N,N,5.97,138.275,09:12,11.938,CMFL,1025,65000,E.R. WELD,24,1533.8,2130.2,1530.8,2126.2,0.668,1.143,1.0,1.2,2022,Metal Loss_41103.2,True,41103.238,41102.481,METAL_LOSS,False,7.3,2976,41103.81096632247
11410,39.997,0.344,34.278,5.715,41103.78,Metal Loss,External,14.0,0.048,29.0,AXGR,20.0,,,,2.9,1.1,7:10,EXT ML,15,N,N,5.97,138.276,09:12,12.776,CMFL,1025,65000,E.R. WELD,24,1502.3,2086.5,1519.9,2111.0,0.682,1.121,0.6,1.2,2022,Metal Loss_41103.8,True,41103.78,41103.023,METAL_LOSS,False,7.166666666666667,2977,41104.353142485685
11410,39.997,0.344,34.987,5.01,41104.485,Metal Loss,External,20.0,0.069,35.0,GENE,20.0,,,,20.0,3.4,7:09,EXT ML,15,N,N,5.97,138.277,09:12,12.357,CMFL,1025,65000,E.R. WELD,24,1331.3,1849.0,1360.2,1889.1,0.77,0.993,1.0,1.2,2022,Metal Loss_41104.5,True,41104.485,41103.728,METAL_LOSS,False,7.15,2978,41105.05837162787
11430,39.928,0.344,4.764,35.164,41154.482,Metal Loss,External,15.0,0.052,30.0,GENE,20.0,,,,23.1,4.9,9:30,EXT ML ( ON SW ),9,N,N,5.97,140.47,09:24,0.838,CMFL,1025,65000,E.R. WELD,24,1385.9,1924.9,1389.4,1929.8,0.74,1.031,1.0,1.2,2022,Metal Loss_41154.5,True,41154.482,41153.725000000006,METAL_LOSS,False,9.5,2981,41150.987818072535
11430,39.928,0.344,10.256,29.672,41159.974,Metal Loss,External,11.0,0.038,26.0,AXGR,20.0,,,,3.3,1.0,9:14,EXT ML ( NEAR SW ),9,N,N,5.97,140.86,09:24,1.047,CMFL,1025,65000,E.R. WELD,24,1508.1,2094.6,1500.5,2084.0,0.68,1.123,1.0,1.2,2022,Metal Loss_41160.0,True,41159.974,41159.217,METAL_LOSS,False,9.233333333333333,2982,41156.48421959527
11430,39.928,0.344,11.847,28.077,41161.568,Metal Loss,External,11.0,0.038,26.0,GENE,20.0,,,,22.0,4.2,9:46,EXT ML ( NEAR SW ),9,N,N,5.97,140.973,09:24,3.142,CMFL,1025,65000,E.R. WELD,24,1433.7,1991.2,1423.2,1976.6,0.715,1.065,1.0,1.2,2022,Metal Loss_41161.6,True,41161.568,41160.811,METAL_LOSS,False,9.766666666666667,2983,41158.07949709477
11430,39.928,0.344,21.394,18.53,41171.115,Metal Loss,External,11.0,0.038,26.0,GENE,20.0,,,,6.6,3.2,9:18,EXT ML ( ON SW ),9,N,N,5.97,141.649,09:24,0.628,CMFL,1025,65000,E.R. WELD,24,1471.0,2043.0,1456.6,2023.1,0.697,1.096,1.0,1.2,2022,Metal Loss_41171.1,True,41171.115,41170.358,METAL_LOSS,False,9.3,2986,41167.63414846724
11430,39.928,0.344,22.182,17.743,41171.903,Metal Loss,External,13.0,0.044,28.0,GENE,20.0,,,,14.4,3.6,9:24,EXT ML ( ON SW ),9,N,N,5.97,141.705,09:24,0.209,CMFL,1025,65000,E.R. WELD,24,1414.3,1964.3,1407.5,1954.9,0.725,1.057,1.0,1.2,2022,Metal Loss_41171.9,True,41171.903,41171.146,METAL_LOSS,False,9.4,2987,41168.422780004
11430,39.928,0.344,31.407,8.52,41181.125,Metal Loss,External,11.0,0.038,26.0,GENE,20.0,,,,3.6,1.7,9:24,EXT ML ( ON SW ),9,N,N,5.97,142.359,09:24,0.0,CMFL,1025,65000,E.R. WELD,24,1501.7,2085.7,1492.8,2073.4,0.683,1.12,1.0,1.2,2022,Metal Loss_41181.1,True,41181.125,41180.368,METAL_LOSS,False,9.4,2989,41177.65217090763
11460,36.335,0.344,0.328,36.01,41270.289,Metal Loss,External,14.0,0.048,29.0,GENE,20.0,,,,4.4,3.0,9:58,EXT ML ( ON SW ),8,N,N,5.97,147.043,09:48,1.047,CMFL,1025,65000,E.R. WELD,24,1476.8,2051.2,1463.1,2032.1,0.694,1.1,1.0,1.2,2022,Metal Loss_41270.3,True,41270.289,41269.532,METAL_LOSS,False,9.966666666666667,2994,41266.50715563506
11460,36.335,0.344,0.958,35.381,41270.919,Metal Loss,External,12.0,0.041,27.0,GENE,20.0,,,,11.6,3.7,10:01,EXT ML ( ON SW ),8,N,N,5.97,147.059,09:48,0.838,CMFL,1025,65000,E.R. WELD,24,1437.0,1995.8,1440.4,2000.6,0.713,1.07,1.0,1.2,2022,Metal Loss_41270.9,True,41270.919,41270.162,METAL_LOSS,False,10.016666666666667,2995,41267.19948809688
11460,36.335,0.344,11.759,24.577,41281.722,Metal Loss,External,13.0,0.044,28.0,GENE,20.0,,,,8.5,1.9,9:40,EXT ML ( ON SW ),8,N,N,5.97,147.062,09:48,0.838,CMFL,1025,65000,E.R. WELD,24,1443.3,2004.6,1423.9,1977.6,0.71,1.074,1.0,1.2,2022,Metal Loss_41281.7,True,41281.722,41280.965,METAL_LOSS,False,9.666666666666666,2996,41279.07134140636
11460,36.335,0.344,15.873,20.463,41285.837,Metal Loss,External,17.0,0.058,32.0,GENE,20.0,,,,22.5,2.0,9:40,EXT ML ( ON SW ),8,N,N,5.97,147.045,09:48,0.838,CMFL,1025,65000,E.R. WELD,24,1367.2,1899.0,1353.0,1879.2,0.75,1.015,1.0,1.2,2022,Metal Loss_41285.8,True,41285.837,41285.08,METAL_LOSS,False,9.666666666666666,2997,41283.593481216456
11460,36.335,0.344,20.679,15.659,41290.64,Metal Loss,External,14.0,0.048,29.0,AXGR,20.0,,,,2.8,1.0,10:15,EXT ML,8,N,N,5.97,147.025,09:48,2.932,CMFL,1025,65000,E.R. WELD,24,1506.2,2091.9,1497.9,2080.4,0.681,1.122,1.0,1.2,2022,Metal Loss_41290.6,True,41290.64,41289.883,METAL_LOSS,False,10.25,2998,41288.87169203248
11460,36.335,0.344,21.129,15.207,41291.093,Metal Loss,External,18.0,0.062,33.0,GENE,20.0,,,,3.0,1.6,10:06,EXT ML,8,N,N,5.97,147.023,09:48,1.885,CMFL,1025,65000,E.R. WELD,24,1483.9,2061.0,1470.8,2042.7,0.691,1.107,1.0,1.2,2022,Metal Loss_41291.1,True,41291.093,41290.336,METAL_LOSS,False,10.1,2999,41289.369512040736
11460,36.335,0.344,29.311,7.024,41299.275,Metal Loss,External,15.0,0.052,30.0,GENE,20.0,,,,7.5,2.0,10:00,EXT ML ( NEAR SW ),8,N,N,5.97,146.989,09:48,1.047,CMFL,1025,65000,E.R. WELD,24,1433.9,1991.6,1448.9,2012.4,0.715,1.067,1.0,1.2,2022,Metal Loss_41299.3,True,41299.275,41298.518,METAL_LOSS,False,10.0,3000,41298.36104252099
11460,36.335,0.344,30.801,5.535,41300.764,Metal Loss,External,17.0,0.058,32.0,GENE,20.0,,,,5.6,2.0,9:38,EXT ML ( NEAR SW ),8,N,N,5.97,146.983,09:48,1.047,CMFL,1025,65000,E.R. WELD,24,1440.1,2000.2,1419.1,1971.0,0.712,1.072,1.0,1.2,2022,Metal Loss_41300.8,True,41300.764,41300.007000000005,METAL_LOSS,False,9.633333333333333,3001,41299.99736479978
11470,40.016,0.344,12.595,27.421,41318.894,Metal Loss,External,13.0,0.044,28.0,GENE,20.0,,,,4.5,1.5,1:42,EXT ML ( NEAR SW ),14,N,N,5.97,146.74,01:52,1.047,CMFL,1025,65000,E.R. WELD,24,1477.6,2052.2,1464.0,2033.3,0.694,1.103,1.0,1.2,2022,Metal Loss_41318.9,True,41318.894,41318.137,METAL_LOSS,False,1.7,3003,41318.666501986656
11470,40.016,0.344,15.554,24.462,41321.854,Metal Loss,External,19.0,0.065,34.0,GENE,20.0,,,,3.6,1.8,1:46,EXT ML ( ON SW ),14,N,N,5.97,146.679,01:52,0.628,CMFL,1025,65000,E.R. WELD,24,1464.8,2034.4,1447.8,2010.8,0.7,1.093,1.0,1.2,2022,Metal Loss_41321.9,True,41321.854,41321.097,METAL_LOSS,False,1.7666666666666666,3004,41321.62450483545
11470,40.016,0.344,16.03,23.986,41322.329,Metal Loss,External,15.0,0.052,30.0,GENE,20.0,,,,5.5,2.4,1:51,EXT ML ( ON SW ),14,N,N,5.97,146.669,01:52,0.0,CMFL,1025,65000,E.R. WELD,24,1452.0,2016.6,1433.5,1990.9,0.706,1.084,1.0,1.2,2022,Metal Loss_41322.3,True,41322.329,41321.572,METAL_LOSS,False,1.85,3005,41322.099184346655
11470,40.016,0.344,17.904,22.113,41324.203,Metal Loss,External,20.0,0.069,35.0,GENE,20.0,,,,2.0,2.1,1:49,EXT ML ( ON SW ),14,N,N,5.97,146.63,01:52,0.209,CMFL,1025,65000,E.R. WELD,24,1507.9,2094.3,1499.4,2082.4,0.68,1.124,1.0,1.2,2022,Metal Loss_41324.2,True,41324.203,41323.446,METAL_LOSS,False,1.8166666666666667,3006,41323.97191993403
11470,40.016,0.344,19.341,20.676,41325.64,Metal Loss,External,13.0,0.044,28.0,GENE,20.0,,,,6.1,1.6,1:41,EXT ML ( NEAR SW ),14,N,N,5.97,146.601,01:52,1.047,CMFL,1025,65000,E.R. WELD,24,1459.1,2026.6,1442.3,2003.2,0.703,1.088,1.0,1.2,2022,Metal Loss_41325.6,True,41325.64,41324.883,METAL_LOSS,False,1.6833333333333333,3007,41325.4079503711
11470,40.016,0.344,22.664,17.352,41328.963,Metal Loss,External,15.0,0.052,30.0,GENE,20.0,,,,3.0,1.9,2:01,EXT ML ( ON SW ),14,N,N,5.97,146.532,01:52,1.047,CMFL,1025,65000,E.R. WELD,24,1499.8,2083.1,1490.2,2069.8,0.684,1.117,1.0,1.2,2022,Metal Loss_41329.0,True,41328.963,41328.206000000006,METAL_LOSS,False,2.0166666666666666,3008,41328.72870829898
11470,40.016,0.344,24.094,15.922,41330.394,Metal Loss,External,12.0,0.041,27.0,GENE,20.0,,,,6.1,2.0,1:32,EXT ML,14,N,N,5.97,146.502,01:52,2.094,CMFL,1025,65000,E.R. WELD,24,1470.4,2042.3,1456.3,2022.7,0.697,1.093,1.0,1.2,2022,Metal Loss_41330.4,True,41330.394,41329.637,METAL_LOSS,False,1.5333333333333332,3009,41330.15874278432
11470,40.016,0.344,26.037,13.98,41332.336,Metal Loss,External,12.0,0.041,27.0,GENE,20.0,,,,4.0,2.4,1:53,EXT ML ( ON SW ),14,N,N,5.97,146.462,01:52,0.209,CMFL,1025,65000,E.R. WELD,24,1494.3,2075.4,1484.0,2061.1,0.686,1.113,1.0,1.2,2022,Metal Loss_41332.3,True,41332.336,41331.579000000005,METAL_LOSS,False,1.8833333333333333,3010,41332.099432491195
11470,40.016,0.344,28.205,11.811,41334.505,Metal Loss,External,10.0,0.034,25.0,GENE,20.0,,,,6.3,1.6,1:53,EXT ML ( ON SW ),14,N,N,5.97,146.417,01:52,0.209,CMFL,1025,65000,E.R. WELD,24,1476.6,2050.9,1463.3,2032.4,0.694,1.103,1.0,1.2,2022,Metal Loss_41334.5,True,41334.505,41333.748,METAL_LOSS,False,1.8833333333333333,3011,41334.26696903816
11470,40.016,0.344,31.804,8.212,41338.104,Metal Loss,External,14.0,0.048,29.0,GENE,20.0,,,,7.0,3.5,1:57,EXT ML ( ON SW ),14,N,N,5.97,146.342,01:52,0.0,CMFL,1025,65000,E.R. WELD,24,1442.6,2003.6,1430.5,1986.8,0.711,1.076,1.0,1.2,2022,Metal Loss_41338.1,True,41338.104,41337.347,METAL_LOSS,False,1.95,3012,41337.86354074519
11470,40.016,0.344,33.533,6.483,41339.833,Metal Loss,External,14.0,0.048,29.0,GENE,20.0,,,,4.8,1.5,2:05,EXT ML ( NEAR SW ),14,N,N,5.97,146.306,01:52,1.466,CMFL,1025,65000,E.R. WELD,24,1470.3,2042.1,1455.4,2021.3,0.697,1.095,1.0,1.2,2022,Metal Loss_41339.8,True,41339.833,41339.076,METAL_LOSS,False,2.0833333333333335,3013,41339.59137416598
11470,40.016,0.344,34.436,5.581,41340.735,Metal Loss,External,14.0,0.048,29.0,GENE,20.0,,,,4.5,1.9,2:04,EXT ML ( NEAR SW ),14,N,N,5.97,146.287,01:52,1.257,CMFL,1025,65000,E.R. WELD,24,1475.4,2049.1,1461.3,2029.6,0.695,1.099,1.0,1.2,2022,Metal Loss_41340.7,True,41340.735,41339.978,METAL_LOSS,False,2.066666666666667,3014,41340.492765574636
11470,40.016,0.344,37.303,2.713,41343.602,Metal Loss,External,11.0,0.038,26.0,GENE,20.0,,,,9.7,3.3,1:58,EXT ML ( ON SW ),14,N,N,5.97,146.228,01:52,0.628,CMFL,1025,65000,E.R. WELD,24,1453.9,2019.3,1436.7,1995.3,0.705,1.082,1.0,1.2,2022,Metal Loss_41343.6,True,41343.602,41342.845,METAL_LOSS,False,1.9666666666666668,3015,41343.35783117175
11470,40.016,0.344,38.819,1.198,41345.118,Metal Loss,External,10.0,0.034,25.0,GENE,20.0,,,,8.0,1.7,1:40,EXT ML ( NEAR SW ),14,N,N,5.97,146.197,01:52,1.257,CMFL,1025,65000,E.R. WELD,24,1465.5,2035.4,1450.3,2014.2,0.7,1.095,1.0,1.2,2022,Metal Loss_41345.1,True,41345.118,41344.361,METAL_LOSS,False,1.6666666666666665,3016,41344.87280830647
11540,40.236,0.344,4.659,35.577,41591.109,Metal Loss,External,20.0,0.069,35.0,GENE,20.0,,,,4.9,3.1,4:42,EXT ML,16,N,N,5.97,135.914,08:44,25.97,CMFL,1025,65000,E.R. WELD,24,1426.8,1981.6,1438.9,1998.5,0.719,1.066,1.0,1.2,2022,Metal Loss_41591.1,True,41591.109,41590.352,METAL_LOSS,False,4.7,3026,41589.92209439308
11540,40.236,0.344,5.417,34.82,41591.867,Metal Loss,External,15.0,0.052,30.0,GENE,20.0,,,,5.0,2.0,4:42,EXT ML,16,N,N,5.97,135.814,08:44,25.133,CMFL,1025,65000,E.R. WELD,24,1463.3,2032.4,1487.9,2066.5,0.701,1.089,1.0,1.2,2022,Metal Loss_41591.9,True,41591.867,41591.11,METAL_LOSS,False,4.7,3027,41590.67734392087
11540,40.236,0.344,33.435,6.801,41619.885,Metal Loss,External,12.0,0.041,27.0,GENE,20.0,,,,3.9,2.2,1:12,EXT ML,16,N,N,5.97,132.116,08:44,28.065,CMFL,1025,65000,E.R. WELD,24,1496.1,2077.9,1486.1,2064.1,0.685,1.114,1.0,1.2,2022,Metal Loss_41619.9,True,41619.885,41619.128,METAL_LOSS,False,1.2,3035,41618.59367804951
11540,40.236,0.344,38.245,1.991,41624.695,Metal Loss,External,21.0,0.072,36.0,PITT,20.0,,,,1.5,1.1,7:25,EXT ML,16,N,N,5.97,131.481,08:44,8.168,CMFL,1025,65000,E.R. WELD,24,1522.4,2114.4,1516.8,2106.7,0.673,1.134,0.6,1.2,2022,Metal Loss_41624.7,True,41624.695,41623.938,METAL_LOSS,False,7.416666666666667,3036,41623.386224525304
11540,40.236,0.344,38.802,1.434,41625.253,Metal Loss,External,14.0,0.048,29.0,GENE,20.0,,,,6.8,4.3,3:56,EXT ML,16,N,N,5.97,131.408,08:44,30.578,CMFL,1025,65000,E.R. WELD,24,1442.0,2002.7,1423.7,1977.4,0.711,1.078,1.0,1.2,2022,Metal Loss_41625.3,True,41625.253,41624.496,METAL_LOSS,False,3.9333333333333336,3037,41623.94219977135
11540,40.236,0.344,39.121,1.115,41625.571,Metal Loss,External,16.0,0.055,31.0,GENE,20.0,,,,2.0,1.9,2:52,EXT ML,16,N,N,5.97,131.366,08:44,36.861,CMFL,1025,65000,E.R. WELD,24,1517.1,2107.1,1510.8,2098.3,0.676,1.131,1.0,1.2,2022,Metal Loss_41625.6,True,41625.571,41624.814000000006,METAL_LOSS,False,2.8666666666666667,3038,41624.25904587932
11540,40.236,0.344,39.242,0.994,41625.692,Metal Loss,External,21.0,0.072,36.0,GENE,20.0,,,,4.1,4.8,8:27,EXT ML ( ON SW ),16,N,N,5.97,131.35,08:44,0.209,CMFL,1025,65000,E.R. WELD,24,1441.5,2002.1,1449.5,2013.2,0.711,1.076,1.0,1.2,2022,Metal Loss_41625.7,True,41625.692,41624.935000000005,METAL_LOSS,False,8.45,3039,41624.37960681977
11540,40.236,0.344,39.272,0.965,41625.722,Metal Loss,External,20.0,0.069,35.0,GENE,20.0,,,,1.8,1.8,11:47,EXT ML,16,N,N,5.97,131.346,08:44,19.268,CMFL,1025,65000,E.R. WELD,24,1517.4,2107.5,1510.8,2098.3,0.676,1.13,1.0,1.2,2022,Metal Loss_41625.7,True,41625.722,41624.965,METAL_LOSS,False,11.783333333333333,3040,41624.40949796203
11540,40.236,0.344,39.314,0.922,41625.764,Metal Loss,External,12.0,0.041,27.0,PITT,20.0,,,,1.9,0.9,1:17,EXT ML,16,N,N,5.97,131.34,08:44,28.693,CMFL,1025,65000,E.R. WELD,24,1528.5,2122.9,1524.6,2117.5,0.671,1.14,0.6,1.2,2022,Metal Loss_41625.8,True,41625.764,41625.007000000005,METAL_LOSS,False,1.2833333333333332,3041,41624.451345561196
11550,40.135,0.344,0.722,39.413,41627.408,Metal Loss,External,25.0,0.086,40.0,GENE,20.0,,,,5.4,9.9,5:38,EXT ML,53,N,N,5.97,131.124,02:32,21.363,CMFL,1025,65000,E.R. WELD,24,1385.5,1924.4,1392.3,1933.7,0.74,1.031,1.0,1.2,2022,Metal Loss_41627.4,True,41627.408,41626.651000000005,METAL_LOSS,False,5.633333333333333,3043,41626.0899312321
11550,40.135,0.344,0.751,39.383,41627.438,Metal Loss,External,27.0,0.093,42.0,GENE,20.0,,,,2.9,2.0,10:38,EXT ML,53,N,N,5.97,131.12,02:32,24.504,CMFL,1025,65000,E.R. WELD,24,1452.1,2016.8,1430.6,1987.0,0.706,1.083,1.0,1.2,2022,Metal Loss_41627.4,True,41627.438,41626.681,METAL_LOSS,False,10.633333333333333,3044,41626.11984527221
11550,40.135,0.344,0.774,39.36,41627.461,Metal Loss,External,15.0,0.052,30.0,GENE,20.0,,,,2.8,1.9,1:26,EXT ML,53,N,N,5.97,131.116,02:32,6.912,CMFL,1025,65000,E.R. WELD,24,1502.8,2087.2,1493.7,2074.6,0.682,1.119,1.0,1.2,2022,Metal Loss_41627.5,True,41627.461,41626.704000000005,METAL_LOSS,False,1.4333333333333333,3045,41626.142779369635
11550,40.135,0.344,6.578,33.556,41633.264,Metal Loss,External,14.0,0.048,29.0,AXGR,20.0,,,,1.4,0.7,7:06,EXT ML,53,N,N,5.97,130.551,02:32,28.693,CMFL,1025,65000,E.R. WELD,24,1534.6,2131.5,1531.9,2127.7,0.668,1.144,1.0,1.2,2022,Metal Loss_41633.3,True,41633.264,41632.507000000005,METAL_LOSS,False,7.1,3046,41631.92915186247
11550,40.135,0.344,6.726,33.409,41633.412,Metal Loss,External,17.0,0.058,32.0,GENE,20.0,,,,3.2,2.8,5:21,EXT ML,53,N,N,5.97,130.539,02:32,17.174,CMFL,1025,65000,E.R. WELD,24,1484.3,2061.5,1474.1,2047.4,0.691,1.107,1.0,1.2,2022,Metal Loss_41633.4,True,41633.412,41632.655,METAL_LOSS,False,5.35,3047,41632.07672779369
11550,40.135,0.344,7.425,32.71,41634.111,Metal Loss,External,16.0,0.055,31.0,GENE,20.0,,,,4.7,2.9,4:48,EXT ML,53,N,N,5.97,130.481,02:32,13.614,CMFL,1025,65000,E.R. WELD,24,1461.4,2029.7,1467.9,2038.8,0.701,1.087,1.0,1.2,2022,Metal Loss_41634.1,True,41634.111,41633.354,METAL_LOSS,False,4.8,3048,41632.77372492837
11550,40.135,0.344,8.091,32.047,41634.774,Metal Loss,External,17.0,0.058,32.0,GENE,20.0,,,,2.4,1.5,7:04,EXT ML,53,N,N,5.97,130.426,02:32,28.484,CMFL,1025,65000,E.R. WELD,24,1505.9,2091.5,1497.2,2079.5,0.681,1.123,1.0,1.2,2022,Metal Loss_41634.8,True,41634.774,41634.017,METAL_LOSS,False,7.066666666666666,3049,41633.4348252149
11550,40.135,0.344,8.629,31.506,41635.315,Metal Loss,External,21.0,0.072,36.0,GENE,20.0,,,,14.3,4.3,7:13,EXT ML,53,N,N,5.97,130.381,02:32,28.693,CMFL,1025,65000,E.R. WELD,24,1338.1,1858.4,1338.8,1859.5,0.766,0.995,1.0,1.2,2022,Metal Loss_41635.3,True,41635.315,41634.558000000005,METAL_LOSS,False,7.216666666666667,3050,41633.97427507163
11550,40.135,0.344,11.9,28.235,41638.586,Metal Loss,External,13.0,0.044,28.0,GENE,20.0,,,,1.8,2.5,6:13,EXT ML,53,N,N,5.97,130.109,02:32,23.248,CMFL,1025,65000,E.R. WELD,24,1528.5,2123.0,1524.7,2117.6,0.671,1.14,1.0,1.2,2022,Metal Loss_41638.6,True,41638.586,41637.829000000005,METAL_LOSS,False,6.216666666666667,3053,41637.235902578796
11550,40.135,0.344,17.585,22.549,41644.272,Metal Loss,External,15.0,0.052,30.0,GENE,20.0,,,,15.9,8.0,1:37,EXT ML,53,N,N,5.97,129.638,02:32,7.33,CMFL,1025,65000,E.R. WELD,24,1397.8,1941.4,1432.0,1988.8,0.733,1.039,1.0,1.2,2022,Metal Loss_41644.3,True,41644.272,41643.515,METAL_LOSS,False,1.6166666666666667,3054,41642.90561031518
11550,40.135,0.344,18.78,21.355,41645.466,Metal Loss,External,15.0,0.052,30.0,AXGR,20.0,,,,2.0,1.0,7:32,EXT ML,53,N,N,5.97,129.538,02:32,31.416,CMFL,1025,65000,E.R. WELD,24,1521.5,2113.2,1516.1,2105.7,0.674,1.134,1.0,1.2,2022,Metal Loss_41645.5,True,41645.466,41644.709,METAL_LOSS,False,7.533333333333333,3056,41644.09618911175
11550,40.135,0.344,19.754,20.381,41646.44,Metal Loss,External,14.0,0.048,29.0,GENE,20.0,,,,2.7,1.7,7:41,EXT ML,53,N,N,5.97,129.458,02:32,32.463,CMFL,1025,65000,E.R. WELD,24,1508.3,2094.9,1500.5,2084.0,0.68,1.124,1.0,1.2,2022,Metal Loss_41646.4,True,41646.44,41645.683000000005,METAL_LOSS,False,7.683333333333334,3059,41645.0673982808
11550,40.135,0.344,20.023,20.112,41646.709,Metal Loss,External,13.0,0.044,28.0,GENE,20.0,,,,2.1,1.2,2:05,EXT ML,53,N,N,5.97,129.435,02:32,2.723,CMFL,1025,65000,E.R. WELD,24,1522.7,2114.8,1517.6,2107.8,0.673,1.135,1.0,1.2,2022,Metal Loss_41646.7,True,41646.709,41645.952000000005,METAL_LOSS,False,2.0833333333333335,3060,41645.335627507164
11550,40.135,0.344,21.056,19.078,41647.743,Metal Loss,External,32.0,0.11,47.0,GENE,20.0,,,,9.0,7.5,11:33,EXT ML,53,N,N,5.97,129.35,02:32,16.127,CMFL,1025,65000,E.R. WELD,24,1258.6,1748.1,1349.6,1874.4,0.814,0.937,1.0,1.2,2022,Metal Loss_41647.7,True,41647.743,41646.986,METAL_LOSS,False,11.55,3064,41646.366664756446
11550,40.135,0.344,21.204,18.93,41647.89,Metal Loss,External,16.0,0.055,31.0,PITT,20.0,,,,1.5,1.1,3:51,EXT ML,53,N,N,5.97,129.337,02:32,8.378,CMFL,1025,65000,E.R. WELD,24,1530.1,2125.1,1526.4,2120.0,0.67,1.14,0.6,1.2,2022,Metal Loss_41647.9,True,41647.89,41647.133,METAL_LOSS,False,3.85,3065,41646.513243553
11550,40.135,0.344,21.516,18.619,41648.202,Metal Loss,External,15.0,0.052,30.0,GENE,20.0,,,,16.1,12.5,1:29,EXT ML ( NEAR SW ),53,N,N,5.97,129.312,02:32,8.378,CMFL,1025,65000,E.R. WELD,24,1389.0,1929.1,1390.2,1930.9,0.738,1.039,1.0,1.2,2022,Metal Loss_41648.2,True,41648.202,41647.445,METAL_LOSS,False,1.4833333333333334,3066,41646.8243495702
11550,40.135,0.344,21.69,18.445,41648.376,Metal Loss,External,13.0,0.044,28.0,GENE,15.0,,,,1.2,1.3,4:10,*EXT ML,53,Y,Y,5.97,129.297,02:32,10.263,CMFL,1025,65000,E.R. WELD,24,1538.6,2137.0,1536.7,2134.3,0.666,1.147,0.8,1.0,2022,Metal Loss_41648.4,True,41648.376,41647.619,METAL_LOSS,False,4.166666666666667,3068,41646.99785100286
11550,40.135,0.344,22.165,17.969,41648.852,Metal Loss,External,15.0,0.052,30.0,GENE,20.0,,,,2.8,3.6,12:07,EXT ML,53,N,N,5.97,129.258,02:32,15.08,CMFL,1025,65000,E.R. WELD,24,1502.8,2087.3,1493.8,2074.7,0.682,1.119,1.0,1.2,2022,Metal Loss_41648.9,True,41648.852,41648.095,METAL_LOSS,False,12.116666666666667,3069,41647.47248710602
11550,40.135,0.344,22.707,17.428,41649.393,Metal Loss,External,11.0,0.038,26.0,GENE,20.0,,,,6.1,3.9,4:14,EXT ML,53,N,N,5.97,129.213,02:32,11.519,CMFL,1025,65000,E.R. WELD,24,1473.7,2046.8,1484.2,2061.3,0.696,1.099,1.0,1.2,2022,Metal Loss_41649.4,True,41649.393,41648.636,METAL_LOSS,False,4.233333333333333,3071,41648.01193696274
11550,40.135,0.344,24.318,15.817,41651.004,Metal Loss,External,16.0,0.055,31.0,GENE,20.0,,,,3.8,1.7,3:58,EXT ML,53,N,N,5.97,129.079,02:32,9.006,CMFL,1025,65000,E.R. WELD,24,1474.9,2048.4,1471.4,2043.6,0.695,1.1,1.0,1.2,2022,Metal Loss_41651.0,True,41651.004,41650.247,METAL_LOSS,False,3.966666666666667,3073,41649.6183209169
11550,40.135,0.344,29.032,11.102,41655.719,Metal Loss,External,30.0,0.103,45.0,GENE,20.0,,,,57.3,9.8,1:53,EXT ML ( ON SW ),53,N,N,5.97,128.688,02:32,2.094,CMFL,1025,65000,E.R. WELD,24,1166.7,1620.4,1299.0,1804.2,0.879,0.874,1.0,1.2,2022,Metal Loss_41655.7,True,41655.719,41654.962,METAL_LOSS,False,1.8833333333333333,3078,41654.31981088825
11550,40.135,0.344,33.054,7.08,41659.741,Metal Loss,External,32.0,0.11,47.0,GENE,20.0,,,,41.2,15.5,6:58,EXT ML,53,N,N,5.97,128.354,02:32,32.882,CMFL,1025,65000,E.R. WELD,24,1158.6,1609.2,1229.7,1707.9,0.885,0.864,1.0,1.2,2022,Metal Loss_41659.7,True,41659.741,41658.984,METAL_LOSS,False,6.966666666666667,3080,41658.33028653295
11550,40.135,0.344,35.016,5.118,41661.703,Metal Loss,External,33.0,0.113,48.0,GENE,20.0,,,,6.3,2.6,8:41,EXT ML,53,N,N,5.97,128.191,02:32,37.28,CMFL,1025,65000,E.R. WELD,24,1300.4,1806.1,1359.6,1888.4,0.788,0.968,1.0,1.2,2022,Metal Loss_41661.7,True,41661.703,41660.946,METAL_LOSS,False,8.683333333333334,3083,41660.286664756444
11550,40.135,0.344,36.204,3.93,41662.89,Metal Loss,External,18.0,0.062,33.0,GENE,20.0,,,,2.1,1.3,9:31,EXT ML,53,N,N,5.97,128.093,02:32,31.416,CMFL,1025,65000,E.R. WELD,24,1509.5,2096.5,1501.4,2085.3,0.679,1.126,1.0,1.2,2022,Metal Loss_41662.9,True,41662.89,41662.133,METAL_LOSS,False,9.516666666666667,3084,41661.47026361031
11550,40.135,0.344,36.686,3.448,41663.373,Metal Loss,External,15.0,0.052,30.0,GENE,20.0,,,,27.2,9.0,7:44,EXT ML,53,N,N,5.97,128.053,02:32,30.159,CMFL,1025,65000,E.R. WELD,24,1384.9,1923.4,1390.5,1931.3,0.74,1.028,1.0,1.2,2022,Metal Loss_41663.4,True,41663.373,41662.616,METAL_LOSS,False,7.733333333333333,3085,41661.95187965615
11550,40.135,0.344,36.762,3.373,41663.448,Metal Loss,External,22.0,0.076,37.0,PITT,20.0,,,,1.9,1.1,9:25,EXT ML,53,N,N,5.97,128.047,02:32,32.044,CMFL,1025,65000,E.R. WELD,24,1509.2,2096.1,1500.7,2084.3,0.679,1.125,0.6,1.2,2022,Metal Loss_41663.4,True,41663.448,41662.691,METAL_LOSS,False,9.416666666666666,3086,41662.02666475644
11550,40.135,0.344,37.149,2.986,41663.835,Metal Loss,External,21.0,0.072,36.0,GENE,20.0,,,,3.6,1.3,9:25,EXT ML,53,N,N,5.97,128.014,02:32,32.044,CMFL,1025,65000,E.R. WELD,24,1458.4,2025.5,1477.7,2052.3,0.703,1.086,1.0,1.2,2022,Metal Loss_41663.8,True,41663.835,41663.078,METAL_LOSS,False,9.416666666666666,3087,41662.41255587392
11550,40.135,0.344,37.982,2.152,41664.669,Metal Loss,External,30.0,0.103,45.0,GENE,20.0,,,,19.3,8.1,9:42,EXT ML,53,N,N,5.97,127.945,02:32,32.254,CMFL,1025,65000,E.R. WELD,24,1221.8,1696.9,1340.4,1861.6,0.839,0.909,1.0,1.2,2022,Metal Loss_41664.7,True,41664.669,41663.912,METAL_LOSS,False,9.7,3088,41663.244166189106
11550,40.135,0.344,38.35,1.785,41665.036,Metal Loss,External,15.0,0.052,30.0,GENE,20.0,,,,5.0,2.3,2:04,EXT ML,53,N,N,5.97,127.915,02:32,2.932,CMFL,1025,65000,E.R. WELD,24,1460.9,2029.0,1447.6,2010.6,0.702,1.089,1.0,1.2,2022,Metal Loss_41665.0,True,41665.036,41664.279,METAL_LOSS,False,2.066666666666667,3089,41663.61011461318
11550,40.135,0.344,38.986,1.148,41665.673,Metal Loss,External,17.0,0.058,32.0,GENE,20.0,,,,7.6,1.9,2:05,EXT ML,53,N,N,5.97,127.862,02:32,2.723,CMFL,1025,65000,E.R. WELD,24,1409.9,1958.2,1427.7,1982.9,0.727,1.054,1.0,1.2,2022,Metal Loss_41665.7,True,41665.673,41664.916000000005,METAL_LOSS,False,2.0833333333333335,3090,41664.24528939828
11550,40.135,0.344,39.114,1.02,41665.801,Metal Loss,External,17.0,0.058,32.0,GENE,20.0,,,,6.3,3.7,11:57,EXT ML,53,N,N,5.97,127.851,02:32,15.08,CMFL,1025,65000,E.R. WELD,24,1426.4,1981.1,1415.4,1965.9,0.719,1.065,1.0,1.2,2022,Metal Loss_41665.8,True,41665.801,41665.044,METAL_LOSS,False,11.95,3091,41664.372922636096
11550,40.135,0.344,39.209,0.925,41665.896,Metal Loss,External,14.0,0.048,29.0,GENE,20.0,,,,2.8,1.5,8:03,EXT ML,53,N,N,5.97,127.843,02:32,34.767,CMFL,1025,65000,E.R. WELD,24,1505.1,2090.4,1496.5,2078.5,0.681,1.123,1.0,1.2,2022,Metal Loss_41665.9,True,41665.896,41665.139,METAL_LOSS,False,8.05,3092,41664.4676504298
11550,40.135,0.344,39.459,0.676,41666.145,Metal Loss,External,11.0,0.038,26.0,GENE,20.0,,,,3.5,2.4,7:27,EXT ML,53,N,N,5.97,127.823,02:32,30.997,CMFL,1025,65000,E.R. WELD,24,1502.9,2087.4,1494.3,2075.3,0.682,1.121,1.0,1.2,2022,Metal Loss_41666.1,True,41666.145,41665.388,METAL_LOSS,False,7.45,3093,41664.71593696274
11550,40.135,0.344,39.8,0.335,41666.486,Metal Loss,External,17.0,0.058,32.0,GENE,20.0,,,,1.7,1.8,9:33,EXT ML,53,N,N,5.97,127.794,02:32,31.206,CMFL,1025,65000,E.R. WELD,24,1524.3,2117.1,1519.4,2110.2,0.673,1.136,1.0,1.2,2022,Metal Loss_41666.5,True,41666.486,41665.729,METAL_LOSS,False,9.55,3094,41665.05595988538
11550,40.135,0.344,39.826,0.308,41666.512,Metal Loss,External,13.0,0.044,28.0,GENE,25.0,,,,6.7,3.1,1:49,EXT ML ( ON GW ),53,N,N,5.97,127.792,02:32,4.398,CMFL,1025,65000,E.R. WELD,24,1454.2,2019.7,1436.5,1995.2,0.705,1.084,1.2,1.4,2022,Metal Loss_41666.5,True,41666.512,41665.755000000005,METAL_LOSS,False,1.8166666666666667,3095,41665.08188538682
11560,40.259,0.344,0.079,40.184,41666.896,Metal Loss,External,26.0,0.089,41.0,GENE,20.0,,,,4.8,2.2,7:45,EXT ML ( NEAR GW ),8,N,N,5.97,127.76,03:36,26.18,CMFL,1025,65000,E.R. WELD,24,1393.6,1935.5,1361.3,1890.7,0.736,1.038,1.0,1.2,2022,Metal Loss_41666.9,True,41666.896,41666.139,METAL_LOSS,False,7.75,3097,41665.41453488661
11560,40.259,0.344,0.719,39.541,41667.539,Metal Loss,External,30.0,0.103,45.0,GENE,20.0,,,,20.8,7.9,8:05,EXT ML,8,N,N,5.97,127.707,03:36,27.855,CMFL,1025,65000,E.R. WELD,24,1214.5,1686.9,1330.1,1847.4,0.844,0.906,1.0,1.2,2022,Metal Loss_41667.5,True,41667.539,41666.782,METAL_LOSS,False,8.083333333333334,3098,41665.6248806478
11560,40.259,0.344,3.189,37.07,41670.01,Metal Loss,External,15.0,0.052,30.0,GENE,20.0,,,,1.9,3.4,11:33,EXT ML,8,N,N,5.97,127.582,03:36,25.342,CMFL,1025,65000,E.R. WELD,24,1522.9,2115.2,1517.8,2108.1,0.673,1.135,1.0,1.2,2022,Metal Loss_41670.0,True,41670.01,41669.253,METAL_LOSS,False,11.55,3099,41666.43322337862
11560,40.259,0.344,3.238,37.021,41670.059,Metal Loss,External,11.0,0.038,26.0,GENE,20.0,,,,3.3,1.9,7:56,EXT ML,8,N,N,5.97,127.584,03:36,27.227,CMFL,1025,65000,E.R. WELD,24,1507.0,2093.1,1499.1,2082.1,0.68,1.123,1.0,1.2,2022,Metal Loss_41670.1,True,41670.059,41669.302,METAL_LOSS,False,7.933333333333334,3100,41666.449252837876
11560,40.259,0.344,39.416,0.843,41706.237,Metal Loss,External,20.0,0.069,,GENE,,,,,1.2,1.3,8:45,EXT ML REPAIRED,8,N,N,5.97,128.734,03:36,32.463,CMFL,1025,65000,E.R. WELD,24,1532.0,2127.7,1528.5,2122.9,0.669,1.142,,,2022,Metal Loss_41706.2,True,41706.237,41705.48,METAL_LOSS,False,8.75,3106,41678.28422787451
11560,40.259,0.344,40.194,0.069,41707.011,Metal Loss,External,36.0,0.124,,PITT,,,,,0.7,1.4,6:26,*EXT ML ( NEAR GW ) REPAIRED,8,Y,Y,5.97,128.758,03:36,17.802,CMFL,1025,65000,E.R. WELD,24,1535.3,2132.3,1531.8,2127.5,0.668,1.144,,,2022,Metal Loss_41707.0,True,41707.011,41706.254,METAL_LOSS,False,6.433333333333334,3108,41678.53742790432
11570,39.964,0.344,0.561,39.4,41707.641,Metal Loss,External,13.0,0.044,28.0,GENE,20.0,,,,5.9,7.4,9:55,EXT ML,26,N,N,5.97,128.778,08:48,8.378,CMFL,1025,65000,E.R. WELD,24,1462.1,2030.8,1448.9,2012.4,0.701,1.09,1.0,1.2,2022,Metal Loss_41707.6,True,41707.641,41706.884000000005,METAL_LOSS,False,9.916666666666666,3111,41678.93735992593
11570,39.964,0.344,0.597,39.364,41707.677,Metal Loss,External,19.0,0.065,34.0,GENE,20.0,,,,3.9,4.5,7:38,EXT ML,26,N,N,5.97,128.78,08:48,9.006,CMFL,1025,65000,E.R. WELD,24,1456.6,2023.1,1476.3,2050.5,0.704,1.087,1.0,1.2,2022,Metal Loss_41707.7,True,41707.677,41706.920000000006,METAL_LOSS,False,7.633333333333333,3112,41678.961575536145
11570,39.964,0.344,0.827,39.134,41707.907,Metal Loss,External,18.0,0.062,33.0,PITT,20.0,,,,1.0,1.6,11:42,EXT ML,26,N,N,5.97,128.787,08:48,18.221,CMFL,1025,65000,E.R. WELD,24,1537.7,2135.7,1535.5,2132.7,0.667,1.146,0.6,1.2,2022,Metal Loss_41707.9,True,41707.907,41707.15,METAL_LOSS,False,11.7,3113,41679.11628637921
11570,39.964,0.344,20.856,19.104,41727.936,Metal Loss,External,15.0,0.052,30.0,PITT,20.0,,,,1.1,1.8,1:32,EXT ML,26,N,N,5.97,129.75,08:48,29.74,CMFL,1025,65000,E.R. WELD,24,1537.8,2135.8,1535.7,2132.9,0.667,1.146,0.6,1.2,2022,Metal Loss_41727.9,True,41727.936,41727.179,METAL_LOSS,False,1.5333333333333332,3115,41692.588910187435
11570,39.964,0.344,21.394,18.566,41728.474,Metal Loss,External,17.0,0.058,32.0,GENE,20.0,,,,26.9,6.3,10:37,EXT ML,26,N,N,5.97,129.776,08:48,11.31,CMFL,1025,65000,E.R. WELD,24,1360.9,1890.1,1388.4,1928.4,0.753,1.011,1.0,1.2,2022,Metal Loss_41728.5,True,41728.474,41727.717,METAL_LOSS,False,10.616666666666667,3116,41692.95079902906
11570,39.964,0.344,21.483,18.481,41728.56,Metal Loss,External,12.0,0.041,27.0,GENE,20.0,,,,2.2,1.3,1:27,EXT ML,26,N,N,5.97,129.781,08:48,29.322,CMFL,1025,65000,E.R. WELD,24,1524.5,2117.4,1519.9,2111.0,0.672,1.136,1.0,1.2,2022,Metal Loss_41728.6,True,41728.56,41727.803,METAL_LOSS,False,1.45,3117,41693.00864743124
11570,39.964,0.344,23.038,16.926,41730.115,Metal Loss,External,13.0,0.044,28.0,GENE,20.0,,,,3.4,3.1,12:52,EXT ML,26,N,N,5.97,129.858,08:48,24.714,CMFL,1025,65000,E.R. WELD,24,1497.3,2079.6,1488.9,2067.9,0.685,1.116,1.0,1.2,2022,Metal Loss_41730.1,True,41730.115,41729.358,METAL_LOSS,False,12.866666666666667,3118,41694.05462726158
11570,39.964,0.344,23.901,16.06,41730.981,Metal Loss,External,12.0,0.041,27.0,GENE,20.0,,,,2.6,1.3,11:06,EXT ML,26,N,N,5.97,129.9,08:48,14.451,CMFL,1025,65000,E.R. WELD,24,1516.4,2106.1,1510.2,2097.5,0.676,1.129,1.0,1.2,2022,Metal Loss_41731.0,True,41730.981,41730.224,METAL_LOSS,False,11.1,3119,41694.63714721854
11570,39.964,0.344,24.229,15.732,41731.309,Metal Loss,External,12.0,0.041,27.0,GENE,20.0,,,,3.5,2.4,12:57,EXT ML,26,N,N,5.97,129.917,08:48,27.227,CMFL,1025,65000,E.R. WELD,24,1502.8,2087.3,1494.6,2075.9,0.682,1.119,1.0,1.2,2022,Metal Loss_41731.3,True,41731.309,41730.552,METAL_LOSS,False,12.95,3120,41694.85777833388
11570,39.964,0.344,24.403,15.558,41731.483,Metal Loss,External,12.0,0.041,27.0,GENE,20.0,,,,2.9,2.6,11:57,EXT ML,26,N,N,5.97,129.925,08:48,19.897,CMFL,1025,65000,E.R. WELD,24,1509.3,2096.2,1501.7,2085.7,0.679,1.126,1.0,1.2,2022,Metal Loss_41731.5,True,41731.483,41730.726,METAL_LOSS,False,11.95,3121,41694.97482044994
11570,39.964,0.344,24.734,15.23,41731.811,Metal Loss,External,11.0,0.038,26.0,AXGR,20.0,,,,1.6,0.7,11:05,EXT ML,26,N,N,5.97,129.942,08:48,14.451,CMFL,1025,65000,E.R. WELD,24,1534.4,2131.1,1531.7,2127.3,0.668,1.144,1.0,1.2,2022,Metal Loss_41731.8,True,41731.811,41731.054,METAL_LOSS,False,11.083333333333334,3122,41695.195451565276
11570,39.964,0.344,30.938,9.022,41738.018,Metal Loss,External,27.0,0.093,42.0,GENE,20.0,,,,6.5,4.2,7:47,EXT ML,26,N,N,5.97,130.249,08:48,7.54,CMFL,1025,65000,E.R. WELD,24,1347.1,1871.0,1337.8,1858.0,0.761,1.002,1.0,1.2,2022,Metal Loss_41738.0,True,41738.018,41737.261,METAL_LOSS,False,7.783333333333333,3124,41699.3706263607
11570,39.964,0.344,34.816,5.148,41741.893,Metal Loss,External,38.0,0.131,53.0,GENE,20.0,,,,2.7,2.4,10:44,EXT ML,26,N,N,5.97,130.441,08:48,12.147,CMFL,1025,65000,E.R. WELD,24,1414.2,1964.2,1380.0,1916.7,0.725,1.056,1.0,1.2,2022,Metal Loss_41741.9,True,41741.893,41741.136,METAL_LOSS,False,10.733333333333333,3127,41701.97716773854
11570,39.964,0.344,35.869,4.091,41742.949,Metal Loss,External,15.0,0.052,30.0,GENE,20.0,,,,8.1,4.6,10:32,EXT ML,26,N,N,5.97,130.493,08:48,12.147,CMFL,1025,65000,E.R. WELD,24,1425.4,1979.8,1430.5,1986.7,0.719,1.063,1.0,1.2,2022,Metal Loss_41742.9,True,41742.949,41742.192,METAL_LOSS,False,10.533333333333333,3129,41702.687492305
11570,39.964,0.344,36.791,3.169,41743.871,Metal Loss,External,18.0,0.062,33.0,PITT,20.0,,,,0.9,1.3,10:41,EXT ML,26,N,N,5.97,130.539,08:48,11.938,CMFL,1025,65000,E.R. WELD,24,1540.4,2139.4,1538.8,2137.2,0.666,1.148,0.6,1.2,2022,Metal Loss_41743.9,True,41743.871,41743.114,METAL_LOSS,False,10.683333333333334,3131,41703.30768098897
11570,39.964,0.344,38.711,1.25,41745.791,Metal Loss,External,15.0,0.052,30.0,GENE,20.0,,,,1.3,1.2,1:41,EXT ML,26,N,N,5.97,130.634,08:48,30.788,CMFL,1025,65000,E.R. WELD,24,1536.0,2133.4,1533.6,2130.0,0.667,1.145,1.0,1.2,2022,Metal Loss_41745.8,True,41745.791,41745.034,METAL_LOSS,False,1.6833333333333333,3134,41704.5991802007
11570,39.964,0.344,38.993,0.971,41746.07,Metal Loss,External,10.0,0.034,25.0,GENE,20.0,,,,9.5,3.8,9:46,EXT ML,26,N,N,5.97,130.648,08:48,7.121,CMFL,1025,65000,E.R. WELD,24,1457.9,2024.9,1448.5,2011.8,0.703,1.09,1.0,1.2,2022,Metal Loss_41746.1,True,41746.07,41745.313,METAL_LOSS,False,9.766666666666667,3135,41704.7868511799
11570,39.964,0.344,39.285,0.679,41746.362,Metal Loss,External,19.0,0.065,34.0,GENE,20.0,,,,1.4,1.9,1:54,EXT ML,26,N,N,5.97,130.663,08:48,32.044,CMFL,1025,65000,E.R. WELD,24,1528.1,2122.3,1523.8,2116.4,0.671,1.139,1.0,1.2,2022,Metal Loss_41746.4,True,41746.362,41745.605,METAL_LOSS,False,1.9,3136,41704.98326668502
11570,39.964,0.344,39.58,0.381,41746.66,Metal Loss,External,15.0,0.052,30.0,GENE,20.0,,,,1.7,1.3,1:51,EXT ML,26,N,N,5.97,130.677,08:48,31.835,CMFL,1025,65000,E.R. WELD,24,1528.3,2122.7,1524.3,2117.1,0.671,1.139,1.0,1.2,2022,Metal Loss_41746.7,True,41746.66,41745.903000000006,METAL_LOSS,False,1.85,3137,41705.183718125176
11580,40.308,0.344,0.095,40.21,41747.139,Metal Loss,External,19.0,0.065,34.0,GENE,20.0,,,,1.3,1.5,1:44,EXT ML,75,N,N,5.97,130.701,09:24,27.227,CMFL,1025,65000,E.R. WELD,24,1529.8,2124.8,1525.9,2119.3,0.67,1.14,1.0,1.2,2022,Metal Loss_41747.1,True,41747.139,41746.382000000005,METAL_LOSS,False,1.7333333333333334,3140,41705.53722685324
11580,40.308,0.344,0.495,39.813,41747.536,Metal Loss,External,14.0,0.048,29.0,PITT,20.0,,,,1.1,1.8,1:47,EXT ML,75,N,N,5.97,130.721,09:24,27.646,CMFL,1025,65000,E.R. WELD,24,1539.6,2138.4,1537.9,2136.0,0.666,1.148,0.6,1.2,2022,Metal Loss_41747.5,True,41747.536,41746.779,METAL_LOSS,False,1.7833333333333332,3141,41705.93109481989
11580,40.308,0.344,0.778,39.531,41747.818,Metal Loss,External,16.0,0.055,31.0,GENE,20.0,,,,1.9,1.6,1:37,EXT ML,75,N,N,5.97,130.735,09:24,26.599,CMFL,1025,65000,E.R. WELD,24,1519.9,2110.9,1514.1,2102.9,0.674,1.133,1.0,1.2,2022,Metal Loss_41747.8,True,41747.818,41747.061,METAL_LOSS,False,1.6166666666666667,3142,41706.210870050614
11580,40.308,0.344,1.02,39.288,41748.061,Metal Loss,External,13.0,0.044,28.0,GENE,20.0,,,,2.1,2.0,10:29,EXT ML,75,N,N,5.97,130.747,09:24,6.912,CMFL,1025,65000,E.R. WELD,24,1521.6,2113.3,1516.3,2106.0,0.674,1.135,1.0,1.2,2022,Metal Loss_41748.1,True,41748.061,41747.304,METAL_LOSS,False,10.483333333333333,3143,41706.4519529622
11580,40.308,0.344,2.07,38.235,41749.114,Metal Loss,External,13.0,0.044,28.0,PITT,20.0,,,,1.8,1.0,10:58,EXT ML,75,N,N,5.97,130.799,09:24,9.844,CMFL,1025,65000,E.R. WELD,24,1528.7,2123.2,1524.8,2117.8,0.671,1.14,0.6,1.2,2022,Metal Loss_41749.1,True,41749.114,41748.357,METAL_LOSS,False,10.966666666666667,3144,41707.49664557905
11580,40.308,0.344,2.093,38.215,41749.134,Metal Loss,External,14.0,0.048,29.0,GENE,20.0,,,,4.0,2.3,1:17,EXT ML,75,N,N,5.97,130.8,09:24,24.923,CMFL,1025,65000,E.R. WELD,24,1483.3,2060.1,1471.1,2043.2,0.691,1.105,1.0,1.2,2022,Metal Loss_41749.1,True,41749.134,41748.377,METAL_LOSS,False,1.2833333333333332,3145,41707.51648779399
11580,40.308,0.344,2.664,37.641,41749.708,Metal Loss,External,16.0,0.055,31.0,PITT,20.0,,,,1.7,1.1,10:28,EXT ML,75,N,N,5.97,130.814,09:24,6.702,CMFL,1025,65000,E.R. WELD,24,1524.3,2117.1,1519.4,2110.3,0.673,1.136,0.6,1.2,2022,Metal Loss_41749.7,True,41749.708,41748.951,METAL_LOSS,False,10.466666666666667,3146,41708.08595936291
11580,40.308,0.344,2.822,37.487,41749.862,Metal Loss,External,22.0,0.076,37.0,GENE,20.0,,,,7.5,2.6,1:42,EXT ML,75,N,N,5.97,130.808,09:24,27.018,CMFL,1025,65000,E.R. WELD,24,1369.8,1902.5,1380.7,1917.6,0.748,1.022,1.0,1.2,2022,Metal Loss_41749.9,True,41749.862,41749.105,METAL_LOSS,False,1.7,3147,41708.238744417984
11580,40.308,0.344,3.091,37.218,41750.131,Metal Loss,External,11.0,0.038,26.0,GENE,20.0,,,,5.0,2.6,8:30,EXT ML,75,N,N,5.97,130.797,09:24,5.655,CMFL,1025,65000,E.R. WELD,24,1488.6,2067.4,1477.4,2051.9,0.689,1.107,1.0,1.2,2022,Metal Loss_41750.1,True,41750.131,41749.374,METAL_LOSS,False,8.5,3148,41708.505622209
11580,40.308,0.344,3.11,37.195,41750.154,Metal Loss,External,15.0,0.052,30.0,GENE,20.0,,,,11.4,5.4,4:53,EXT ML,75,N,N,5.97,130.797,09:24,28.274,CMFL,1025,65000,E.R. WELD,24,1412.2,1961.4,1422.3,1975.5,0.726,1.049,1.0,1.2,2022,Metal Loss_41750.2,True,41750.154,41749.397,METAL_LOSS,False,4.883333333333333,3149,41708.528440756185
11580,40.308,0.344,3.196,37.113,41750.236,Metal Loss,External,30.0,0.103,45.0,GENE,20.0,,,,3.8,4.4,7:41,EXT ML,75,N,N,5.97,130.793,09:24,9.425,CMFL,1025,65000,E.R. WELD,24,1400.7,1945.4,1424.0,1977.8,0.732,1.044,1.0,1.2,2022,Metal Loss_41750.2,True,41750.236,41749.479,METAL_LOSS,False,7.683333333333334,3150,41708.60979383745
11580,40.308,0.344,3.573,36.736,41750.614,Metal Loss,External,21.0,0.072,36.0,GENE,20.0,,,,8.5,5.3,10:13,EXT ML,75,N,N,5.97,130.779,09:24,5.655,CMFL,1025,65000,E.R. WELD,24,1366.5,1897.9,1341.5,1863.2,0.75,1.021,1.0,1.2,2022,Metal Loss_41750.6,True,41750.614,41749.857,METAL_LOSS,False,10.216666666666667,3151,41708.98481169991
11580,40.308,0.344,3.737,36.572,41750.778,Metal Loss,External,23.0,0.079,38.0,PITT,20.0,,,,1.5,1.0,8:47,EXT ML,75,N,N,5.97,130.773,09:24,3.77,CMFL,1025,65000,E.R. WELD,24,1521.0,2112.5,1514.9,2104.0,0.674,1.134,0.6,1.2,2022,Metal Loss_41750.8,True,41750.778,41750.021,METAL_LOSS,False,8.783333333333333,3152,41709.14751786246
11580,40.308,0.344,4.117,36.191,41751.158,Metal Loss,External,21.0,0.072,36.0,GENE,20.0,,,,3.1,1.5,8:47,EXT ML,75,N,N,5.97,130.758,09:24,3.77,CMFL,1025,65000,E.R. WELD,24,1468.6,2039.8,1451.9,2016.6,0.698,1.096,1.0,1.2,2022,Metal Loss_41751.2,True,41751.158,41750.401000000005,METAL_LOSS,False,8.783333333333333,3153,41709.52451994642
11580,40.308,0.344,4.911,35.394,41751.955,Metal Loss,External,17.0,0.058,32.0,GENE,20.0,,,,2.4,1.8,9:38,EXT ML ( NEAR SW ),75,N,N,5.97,130.728,09:24,1.466,CMFL,1025,65000,E.R. WELD,24,1505.9,2091.6,1497.3,2079.5,0.681,1.122,1.0,1.2,2022,Metal Loss_41752.0,True,41751.955,41751.198,METAL_LOSS,False,9.633333333333333,3154,41710.31523221197
11580,40.308,0.344,5.577,34.731,41752.618,Metal Loss,External,12.0,0.041,32.0,AXSL,20.0,,,,1.4,0.3,8:52,EXT ML,75,N,N,5.97,130.702,09:24,3.351,CMFL,1025,65000,E.R. WELD,24,1535.6,2132.8,1533.2,2129.4,0.668,1.145,1.0,1.2,2022,Metal Loss_41752.6,True,41752.618,41751.861,METAL_LOSS,False,8.866666666666667,3156,41710.9730016374
11580,40.308,0.344,5.604,34.701,41752.648,Metal Loss,External,17.0,0.058,37.0,AXSL,20.0,,,,0.7,0.3,10:27,EXT ML,75,N,N,5.97,130.701,09:24,6.702,CMFL,1025,65000,E.R. WELD,24,1542.8,2142.7,1541.6,2141.2,0.664,1.15,1.0,1.2,2022,Metal Loss_41752.6,True,41752.648,41751.891,METAL_LOSS,False,10.45,3157,41711.00276495981
11580,40.308,0.344,5.892,34.413,41752.936,Metal Loss,External,14.0,0.048,29.0,GENE,20.0,,,,4.1,1.7,8:59,EXT ML,75,N,N,5.97,130.69,09:24,2.513,CMFL,1025,65000,E.R. WELD,24,1479.5,2054.8,1466.1,2036.2,0.693,1.104,1.0,1.2,2022,Metal Loss_41752.9,True,41752.936,41752.179,METAL_LOSS,False,8.983333333333333,3158,41711.28849285502
11580,40.308,0.344,6.49,33.819,41753.53,Metal Loss,External,23.0,0.079,38.0,GENE,20.0,,,,4.3,3.6,10:25,EXT ML,75,N,N,5.97,130.667,09:24,6.912,CMFL,1025,65000,E.R. WELD,24,1425.5,1979.9,1407.4,1954.7,0.719,1.062,1.0,1.2,2022,Metal Loss_41753.5,True,41753.53,41752.773,METAL_LOSS,False,10.416666666666666,3159,41711.877806638884
11580,40.308,0.344,6.749,33.56,41753.789,Metal Loss,External,17.0,0.058,32.0,GENE,20.0,,,,30.1,6.3,4:23,EXT ML,75,N,N,5.97,130.658,09:24,30.788,CMFL,1025,65000,E.R. WELD,24,1353.6,1880.0,1381.3,1918.4,0.757,1.008,1.0,1.2,2022,Metal Loss_41753.8,True,41753.789,41753.032,METAL_LOSS,False,4.383333333333334,3160,41712.13476332242
11580,40.308,0.344,7.228,33.081,41754.268,Metal Loss,External,13.0,0.044,33.0,AXSL,20.0,,,,0.9,0.3,8:47,EXT ML,75,N,N,5.97,130.639,09:24,3.77,CMFL,1025,65000,E.R. WELD,24,1541.7,2141.2,1540.4,2139.4,0.665,1.149,1.0,1.2,2022,Metal Loss_41754.3,True,41754.268,41753.511,METAL_LOSS,False,8.783333333333333,3161,41712.60998437035
11580,40.308,0.344,7.388,32.917,41754.432,Metal Loss,External,16.0,0.055,31.0,GENE,20.0,,,,3.0,1.3,9:57,EXT ML,75,N,N,5.97,130.633,09:24,3.56,CMFL,1025,65000,E.R. WELD,24,1495.5,2077.1,1491.0,2070.9,0.685,1.115,0.6,1.2,2022,Metal Loss_41754.4,True,41754.432,41753.675,METAL_LOSS,False,9.95,3162,41712.772690532904
11580,40.308,0.344,7.605,32.703,41754.646,Metal Loss,External,19.0,0.065,34.0,AXGR,20.0,,,,1.6,0.6,8:39,EXT ML,75,N,N,5.97,130.625,09:24,4.608,CMFL,1025,65000,E.R. WELD,24,1523.4,2115.9,1518.2,2108.6,0.673,1.136,1.0,1.2,2022,Metal Loss_41754.6,True,41754.646,41753.889,METAL_LOSS,False,8.65,3163,41712.98500223281
11580,40.308,0.344,7.913,32.395,41754.954,Metal Loss,External,16.0,0.055,31.0,GENE,20.0,,,,9.9,5.0,7:42,EXT ML,75,N,N,5.97,130.613,09:24,9.425,CMFL,1025,65000,E.R. WELD,24,1403.8,1949.8,1406.8,1953.9,0.73,1.047,1.0,1.2,2022,Metal Loss_41755.0,True,41754.954,41754.197,METAL_LOSS,False,7.7,3164,41713.29057234296
11580,40.308,0.344,7.933,32.375,41754.974,Metal Loss,External,23.0,0.079,38.0,GENE,20.0,,,,5.4,1.3,8:39,EXT ML,75,N,N,5.97,130.612,09:24,4.608,CMFL,1025,65000,E.R. WELD,24,1399.4,1943.7,1471.2,2043.4,0.733,1.043,1.0,1.2,2022,Metal Loss_41755.0,True,41754.974,41754.217,METAL_LOSS,False,8.65,3165,41713.31041455791
11580,40.308,0.344,8.317,31.988,41755.361,Metal Loss,External,14.0,0.048,29.0,GENE,20.0,,,,2.9,1.5,9:56,EXT ML,75,N,N,5.97,130.598,09:24,3.77,CMFL,1025,65000,E.R. WELD,24,1504.3,2089.4,1502.9,2087.3,0.681,1.121,1.0,1.2,2022,Metal Loss_41755.4,True,41755.361,41754.604,METAL_LOSS,False,9.933333333333334,3166,41713.69436141709
11580,40.308,0.344,8.865,31.444,41755.906,Metal Loss,External,15.0,0.052,30.0,PITT,20.0,,,,1.0,0.7,10:15,EXT ML,75,N,N,5.97,130.577,09:24,5.445,CMFL,1025,65000,E.R. WELD,24,1539.6,2138.3,1537.9,2135.9,0.666,1.148,0.6,1.2,2022,Metal Loss_41755.9,True,41755.906,41755.149000000005,METAL_LOSS,False,10.25,3167,41714.23506177434
11580,40.308,0.344,8.953,31.355,41755.994,Metal Loss,External,15.0,0.052,30.0,GENE,20.0,,,,8.8,10.4,6:37,EXT ML,75,N,N,5.97,130.573,09:24,13.195,CMFL,1025,65000,E.R. WELD,24,1422.9,1976.2,1421.5,1974.3,0.72,1.059,1.0,1.2,2022,Metal Loss_41756.0,True,41755.994,41755.237,METAL_LOSS,False,6.616666666666667,3168,41714.3223675201
11580,40.308,0.344,9.531,30.774,41756.575,Metal Loss,External,17.0,0.058,32.0,GENE,20.0,,,,1.8,1.4,10:19,EXT ML,75,N,N,5.97,130.551,09:24,5.864,CMFL,1025,65000,E.R. WELD,24,1520.2,2111.4,1514.4,2103.3,0.674,1.134,1.0,1.2,2022,Metal Loss_41756.6,True,41756.575,41755.818,METAL_LOSS,False,10.316666666666666,3169,41714.89878386424
11580,40.308,0.344,9.859,30.446,41756.903,Metal Loss,External,15.0,0.052,30.0,GENE,20.0,,,,2.0,1.8,10:18,EXT ML,75,N,N,5.97,130.539,09:24,5.655,CMFL,1025,65000,E.R. WELD,24,1520.3,2111.5,1514.7,2103.7,0.674,1.133,1.0,1.2,2022,Metal Loss_41756.9,True,41756.903,41756.146,METAL_LOSS,False,10.3,3170,41715.224196189345
11580,40.308,0.344,10.217,30.092,41757.257,Metal Loss,External,51.0,0.175,66.0,GENE,15.0,,,,2.2,2.0,1:48,*EXT ML,75,Y,Y,5.97,130.525,09:24,27.646,CMFL,1025,65000,E.R. WELD,24,1398.2,1941.9,1351.3,1876.8,0.733,1.041,0.8,1.0,2022,Metal Loss_41757.3,True,41757.257,41756.5,METAL_LOSS,False,1.8,3171,41715.575403393865
11580,40.308,0.344,10.223,30.085,41757.264,Metal Loss,External,16.0,0.055,31.0,GENE,20.0,,,,2.2,1.8,10:18,EXT ML,75,N,N,5.97,130.525,09:24,5.655,CMFL,1025,65000,E.R. WELD,24,1511.6,2099.4,1504.1,2089.0,0.678,1.127,1.0,1.2,2022,Metal Loss_41757.3,True,41757.264,41756.507000000005,METAL_LOSS,False,10.3,3172,41715.582348169104
11580,40.308,0.344,10.82,29.485,41757.864,Metal Loss,External,12.0,0.041,,GENE,,,,,3.3,1.3,9:48,EXT ML REPAIRED,75,N,N,5.97,130.502,09:24,2.513,CMFL,1025,65000,E.R. WELD,24,1504.1,2089.0,1495.6,2077.3,0.682,1.12,,,2022,Metal Loss_41757.9,True,41757.864,41757.107,METAL_LOSS,False,9.8,3174,41716.17761461745
11580,40.308,0.344,11.355,28.953,41758.396,Metal Loss,External,50.0,0.172,,GENE,,,,,1.4,2.9,2:03,*EXT ML REPAIRED,75,Y,Y,5.97,130.482,09:24,29.322,CMFL,1025,65000,E.R. WELD,24,1476.2,2050.3,1452.3,2017.1,0.694,1.101,,,2022,Metal Loss_41758.4,True,41758.396,41757.639,METAL_LOSS,False,2.05,3176,41716.705417534984
11580,40.308,0.344,11.542,28.766,41758.583,Metal Loss,External,17.0,0.058,,GENE,,,,,10.1,2.9,10:11,EXT ML REPAIRED,75,N,N,5.97,130.474,09:24,5.655,CMFL,1025,65000,E.R. WELD,24,1399.3,1943.5,1420.1,1972.4,0.733,1.04,,,2022,Metal Loss_41758.6,True,41758.583,41757.826,METAL_LOSS,False,10.183333333333334,3177,41716.89094224472
11580,40.308,0.344,11.969,28.337,41759.012,Metal Loss,External,14.0,0.048,,GENE,,,,,5.6,3.2,1:50,EXT ML REPAIRED,75,N,N,5.97,130.458,09:24,28.693,CMFL,1025,65000,E.R. WELD,24,1462.0,2030.6,1469.9,2041.5,0.701,1.088,,,2022,Metal Loss_41759.0,True,41759.012,41758.255000000005,METAL_LOSS,False,1.8333333333333335,3178,41717.316557755286
11580,40.308,0.344,12.136,28.173,41759.177,Metal Loss,External,41.0,0.141,,GENE,,,,,5.7,4.0,8:06,*EXT ML REPAIRED,75,Y,Y,5.97,130.452,09:24,6.912,CMFL,1025,65000,E.R. WELD,24,1245.7,1730.2,1343.1,1865.4,0.823,0.927,,,2022,Metal Loss_41759.2,True,41759.177,41758.420000000006,METAL_LOSS,False,8.1,3179,41717.48025602858
11580,40.308,0.344,12.408,27.9,41759.449,Metal Loss,External,18.0,0.062,33.0,GENE,20.0,,,,4.2,1.7,4:10,EXT ML,75,N,N,5.97,130.441,09:24,32.673,CMFL,1025,65000,E.R. WELD,24,1460.0,2027.7,1454.1,2019.6,0.702,1.087,1.0,1.2,2022,Metal Loss_41759.4,True,41759.449,41758.692,METAL_LOSS,False,4.166666666666667,3182,41717.750110151836
11580,40.308,0.344,12.651,27.654,41759.695,Metal Loss,External,17.0,0.058,32.0,GENE,20.0,,,,5.9,4.2,9:54,EXT ML,75,N,N,5.97,130.432,09:24,3.56,CMFL,1025,65000,E.R. WELD,24,1429.8,1985.8,1426.6,1981.4,0.717,1.068,1.0,1.2,2022,Metal Loss_41759.7,True,41759.695,41758.938,METAL_LOSS,False,9.9,3183,41717.99416939566
11580,40.308,0.344,14.245,26.06,41761.289,Metal Loss,External,21.0,0.072,36.0,GENE,20.0,,,,3.4,1.2,8:48,EXT ML,75,N,N,5.97,130.371,09:24,3.77,CMFL,1025,65000,E.R. WELD,24,1463.7,2032.9,1448.9,2012.4,0.7,1.09,1.0,1.2,2022,Metal Loss_41761.3,True,41761.289,41760.532,METAL_LOSS,False,8.8,3184,41719.57559392676
11580,40.308,0.344,18.212,22.096,41765.253,Metal Loss,External,20.0,0.069,,GENE,,,,,6.6,1.5,3:29,EXT ML REPAIRED,75,N,N,5.97,130.219,09:24,36.861,CMFL,1025,65000,E.R. WELD,24,1398.0,1941.7,1398.7,1942.7,0.733,1.044,,,2022,Metal Loss_41765.3,True,41765.253,41764.496,METAL_LOSS,False,3.4833333333333334,3187,41723.50832092885
11580,40.308,0.344,18.396,21.909,41765.44,Metal Loss,External,17.0,0.058,,PITT,,,,,0.8,1.3,12:37,EXT ML REPAIRED,75,N,N,5.97,130.212,09:24,20.316,CMFL,1025,65000,E.R. WELD,24,1541.4,2140.8,1540.0,2138.9,0.665,1.149,,,2022,Metal Loss_41765.4,True,41765.44,41764.683000000005,METAL_LOSS,False,12.616666666666667,3188,41723.69384563859
11580,40.308,0.344,18.399,21.906,41765.443,Metal Loss,External,39.0,0.134,,GENE,,,,,3.1,4.2,11:00,*EXT ML REPAIRED,75,Y,Y,5.97,130.212,09:24,9.006,CMFL,1025,65000,E.R. WELD,24,1382.2,1919.7,1348.3,1872.6,0.742,1.029,,,2022,Metal Loss_41765.4,True,41765.443,41764.686,METAL_LOSS,False,11.0,3189,41723.69682197083
11580,40.308,0.344,18.875,21.434,41765.915,Metal Loss,External,23.0,0.079,,GENE,,,,,8.4,2.6,8:58,EXT ML REPAIRED,75,N,N,5.97,130.194,09:24,2.723,CMFL,1025,65000,E.R. WELD,24,1350.7,1875.9,1349.4,1874.1,0.759,1.008,,,2022,Metal Loss_41765.9,True,41765.915,41765.158,METAL_LOSS,False,8.966666666666667,3190,41724.165098243524
11580,40.308,0.344,18.911,21.394,41765.955,Metal Loss,External,34.0,0.117,,PITT,,,,,1.1,1.4,11:00,*EXT ML REPAIRED,75,Y,Y,5.97,130.193,09:24,10.053,CMFL,1025,65000,E.R. WELD,24,1521.5,2113.2,1514.6,2103.7,0.674,1.134,,,2022,Metal Loss_41766.0,True,41765.955,41765.198,METAL_LOSS,False,11.0,3191,41724.20478267342
11580,40.308,0.344,18.953,21.355,41765.994,Metal Loss,External,51.0,0.175,,GENE,,,,,23.3,3.1,10:19,*EXT ML REPAIRED,75,Y,Y,5.97,130.191,09:24,6.493,CMFL,1025,65000,E.R. WELD,24,959.7,1333.0,1083.2,1504.4,1.068,0.711,,,2022,Metal Loss_41766.0,True,41765.994,41765.237,METAL_LOSS,False,10.316666666666666,3192,41724.24347499256
11580,40.308,0.344,19.268,21.04,41766.309,Metal Loss,External,11.0,0.038,,GENE,,,,,3.1,1.7,3:31,EXT ML REPAIRED,75,N,N,5.97,130.179,09:24,36.861,CMFL,1025,65000,E.R. WELD,24,1511.1,2098.7,1504.0,2088.9,0.678,1.126,,,2022,Metal Loss_41766.3,True,41766.309,41765.552,METAL_LOSS,False,3.5166666666666666,3193,41724.55598987794
11580,40.308,0.344,19.6,20.705,41766.644,Metal Loss,External,19.0,0.065,,GENE,,,,,5.6,2.8,2:02,EXT ML REPAIRED,75,N,N,5.97,130.166,09:24,29.112,CMFL,1025,65000,E.R. WELD,24,1425.3,1979.5,1401.1,1945.9,0.719,1.062,,,2022,Metal Loss_41766.6,True,41766.644,41765.887,METAL_LOSS,False,2.033333333333333,3194,41724.88834697827
11580,40.308,0.344,20.082,20.226,41767.123,Metal Loss,External,24.0,0.082,,GENE,,,,,6.9,2.2,3:19,EXT ML REPAIRED,75,N,N,5.97,130.148,09:24,37.49,CMFL,1025,65000,E.R. WELD,24,1364.9,1895.7,1336.6,1856.4,0.751,1.016,,,2022,Metal Loss_41767.1,True,41767.123,41766.366,METAL_LOSS,False,3.3166666666666664,3195,41725.3635680262
11580,40.308,0.344,20.561,19.747,41767.602,Metal Loss,External,14.0,0.048,,GENE,,,,,8.4,1.8,8:46,EXT ML REPAIRED,75,N,N,5.97,130.13,09:24,3.56,CMFL,1025,65000,E.R. WELD,24,1432.7,1989.8,1415.1,1965.4,0.716,1.068,,,2022,Metal Loss_41767.6,True,41767.602,41766.845,METAL_LOSS,False,8.766666666666667,3196,41725.83878907413
11580,40.308,0.344,20.663,19.642,41767.707,Metal Loss,External,47.0,0.161,,GENE,,,,,65.0,12.0,2:18,*EXT ML REPAIRED,75,Y,Y,5.97,130.126,09:24,32.882,CMFL,1025,65000,E.R. WELD,24,943.8,1310.8,1240.8,1723.3,1.086,0.707,,,2022,Metal Loss_41767.7,True,41767.707,41766.95,METAL_LOSS,False,2.3,3197,41725.942960702596
11580,40.308,0.344,20.899,19.409,41767.94,Metal Loss,External,25.0,0.086,,GENE,,,,,6.5,1.4,3:21,EXT ML REPAIRED,75,N,N,5.97,130.117,09:24,37.49,CMFL,1025,65000,E.R. WELD,24,1363.0,1893.0,1392.6,1934.2,0.752,1.015,,,2022,Metal Loss_41767.9,True,41767.94,41767.183000000005,METAL_LOSS,False,3.35,3198,41726.1741225067
11580,40.308,0.344,21.713,18.596,41768.753,Metal Loss,External,20.0,0.069,,GENE,,,,,24.4,4.1,10:44,EXT ML REPAIRED,75,N,N,5.97,130.086,09:24,7.121,CMFL,1025,65000,E.R. WELD,24,1327.2,1843.3,1388.4,1928.4,0.772,0.988,,,2022,Metal Loss_41768.8,True,41768.753,41767.996,METAL_LOSS,False,10.733333333333333,3199,41726.98070854421
11580,40.308,0.344,21.959,18.35,41768.999,Metal Loss,External,24.0,0.082,,GENE,,,,,2.3,1.7,3:19,EXT ML REPAIRED,75,N,N,5.97,130.076,09:24,37.28,CMFL,1025,65000,E.R. WELD,24,1490.2,2069.7,1477.4,2052.0,0.688,1.11,,,2022,Metal Loss_41769.0,True,41768.999,41768.242000000006,METAL_LOSS,False,3.3166666666666664,3200,41727.22476778804
11580,40.308,0.344,22.411,17.897,41769.452,Metal Loss,External,47.0,0.161,,GENE,,,,,42.9,11.6,4:25,*EXT ML REPAIRED,75,Y,Y,5.97,130.059,09:24,34.558,CMFL,1025,65000,E.R. WELD,24,965.9,1341.6,1099.1,1526.5,1.061,0.72,,,2022,Metal Loss_41769.5,True,41769.452,41768.695,METAL_LOSS,False,4.416666666666667,3201,41727.67419395653
11580,40.308,0.344,23.35,16.955,41770.394,Metal Loss,External,19.0,0.065,,GENE,,,,,3.0,1.4,8:54,EXT ML REPAIRED,75,N,N,5.97,130.023,09:24,3.142,CMFL,1025,65000,E.R. WELD,24,1481.6,2057.8,1469.6,2041.1,0.692,1.105,,,2022,Metal Loss_41770.4,True,41770.394,41769.637,METAL_LOSS,False,8.9,3202,41728.60876228044
11580,40.308,0.344,23.832,16.476,41770.873,Metal Loss,External,26.0,0.089,,GENE,,,,,9.7,2.8,8:56,EXT ML REPAIRED,75,N,N,5.97,130.005,09:24,2.723,CMFL,1025,65000,E.R. WELD,24,1311.1,1821.0,1356.7,1884.3,0.782,0.976,,,2022,Metal Loss_41770.9,True,41770.873,41770.116,METAL_LOSS,False,8.933333333333334,3203,41729.083983328375
11580,40.308,0.344,24.186,16.122,41771.227,Metal Loss,External,23.0,0.079,,GENE,,,,,10.9,2.5,10:30,EXT ML REPAIRED,75,N,N,5.97,129.991,09:24,7.121,CMFL,1025,65000,E.R. WELD,24,1334.5,1853.4,1371.1,1904.3,0.768,0.992,,,2022,Metal Loss_41771.2,True,41771.227,41770.47,METAL_LOSS,False,10.5,3204,41729.435190532895
11580,40.308,0.344,24.692,15.617,41771.732,Metal Loss,External,15.0,0.052,,GENE,,,,,9.7,3.8,7:03,EXT ML REPAIRED,75,N,N,5.97,129.972,09:24,14.87,CMFL,1025,65000,E.R. WELD,24,1411.3,1960.2,1390.0,1930.5,0.726,1.055,,,2022,Metal Loss_41771.7,True,41771.732,41770.975000000006,METAL_LOSS,False,7.05,3205,41729.93620646026
11580,40.308,0.344,25.322,14.987,41772.362,Metal Loss,External,42.0,0.144,,GENE,,,,,6.0,3.4,10:00,*EXT ML REPAIRED,75,Y,Y,5.97,129.948,09:24,5.027,CMFL,1025,65000,E.R. WELD,24,1222.5,1697.9,1327.6,1843.9,0.839,0.911,,,2022,Metal Loss_41772.4,True,41772.362,41771.605,METAL_LOSS,False,10.0,3206,41730.56123623102
11580,40.308,0.344,25.65,14.659,41772.69,Metal Loss,External,11.0,0.038,,GENE,,,,,4.1,2.4,1:41,EXT ML REPAIRED,75,N,N,5.97,129.935,09:24,27.437,CMFL,1025,65000,E.R. WELD,24,1495.0,2076.4,1485.1,2062.6,0.686,1.115,,,2022,Metal Loss_41772.7,True,41772.69,41771.933000000005,METAL_LOSS,False,1.6833333333333333,3207,41730.88664855612
11580,40.308,0.344,25.892,14.416,41772.933,Metal Loss,External,15.0,0.052,,GENE,,,,,6.5,3.9,6:33,EXT ML REPAIRED,75,N,N,5.97,129.926,09:24,17.802,CMFL,1025,65000,E.R. WELD,24,1437.4,1996.4,1416.3,1967.0,0.713,1.074,,,2022,Metal Loss_41772.9,True,41772.933,41772.176,METAL_LOSS,False,6.55,3208,41731.1277314677
11580,40.308,0.344,26.122,14.183,41773.166,Metal Loss,External,21.0,0.072,,GENE,,,,,3.6,3.6,10:00,EXT ML REPAIRED,75,N,N,5.97,129.917,09:24,3.142,CMFL,1025,65000,E.R. WELD,24,1454.9,2020.7,1435.5,1993.8,0.705,1.086,,,2022,Metal Loss_41773.2,True,41773.166,41772.409,METAL_LOSS,False,10.0,3209,41731.358893271805
11580,40.308,0.344,26.24,14.065,41773.284,Metal Loss,External,46.0,0.158,,GENE,,,,,1.3,2.6,8:37,*EXT ML REPAIRED,75,Y,Y,5.97,129.913,09:24,4.817,CMFL,1025,65000,E.R. WELD,24,1494.2,2075.2,1477.3,2051.7,0.686,1.114,,,2022,Metal Loss_41773.3,True,41773.284,41772.527,METAL_LOSS,False,8.616666666666667,3210,41731.47596233998
11580,40.308,0.344,26.44,13.868,41773.481,Metal Loss,External,17.0,0.058,,GENE,,,,,12.6,6.0,2:25,EXT ML REPAIRED,75,N,N,5.97,129.905,09:24,31.835,CMFL,1025,65000,E.R. WELD,24,1384.6,1923.1,1395.9,1938.7,0.74,1.03,,,2022,Metal Loss_41773.5,True,41773.481,41772.724,METAL_LOSS,False,2.4166666666666665,3211,41731.67140815719
11580,40.308,0.344,26.621,13.688,41773.661,Metal Loss,External,32.0,0.11,,GENE,,,,,8.7,3.8,8:40,*EXT ML REPAIRED,75,Y,Y,5.97,129.898,09:24,3.979,CMFL,1025,65000,E.R. WELD,24,1262.2,1753.1,1286.4,1786.6,0.812,0.94,,,2022,Metal Loss_41773.7,True,41773.661,41772.904,METAL_LOSS,False,8.666666666666666,3212,41731.84998809169
11580,40.308,0.344,26.942,13.366,41773.983,Metal Loss,External,42.0,0.144,,GENE,,,,,23.2,4.4,10:19,*EXT ML REPAIRED,75,Y,Y,5.97,129.886,09:24,7.121,CMFL,1025,65000,E.R. WELD,24,1064.5,1478.4,1232.7,1712.0,0.963,0.795,,,2022,Metal Loss_41774.0,True,41773.983,41773.226,METAL_LOSS,False,10.316666666666666,3213,41732.169447752305
11580,40.308,0.344,28.32,11.988,41775.361,Metal Loss,External,14.0,0.048,29.0,PITT,20.0,,,,1.2,1.0,2:27,EXT ML,75,N,N,5.97,129.833,09:24,31.835,CMFL,1025,65000,E.R. WELD,24,1537.1,2134.9,1534.9,2131.8,0.667,1.146,0.6,1.2,2022,Metal Loss_41775.4,True,41775.361,41774.604,METAL_LOSS,False,2.45,3217,41733.53657636201
11580,40.308,0.344,29.183,11.122,41776.227,Metal Loss,External,22.0,0.076,37.0,GENE,20.0,,,,6.1,2.4,10:34,EXT ML,75,N,N,5.97,129.8,09:24,7.121,CMFL,1025,65000,E.R. WELD,24,1391.7,1932.9,1372.7,1906.6,0.737,1.038,1.0,1.2,2022,Metal Loss_41776.2,True,41776.227,41775.47,METAL_LOSS,False,10.566666666666666,3218,41734.395744269124
11580,40.308,0.344,29.37,10.938,41776.411,Metal Loss,External,16.0,0.055,31.0,PITT,20.0,,,,1.3,0.9,2:21,EXT ML,75,N,N,5.97,129.793,09:24,31.206,CMFL,1025,65000,E.R. WELD,24,1534.2,2130.9,1531.4,2126.9,0.668,1.143,0.6,1.2,2022,Metal Loss_41776.4,True,41776.411,41775.654,METAL_LOSS,False,2.35,3219,41734.57829264662
11580,40.308,0.344,30.167,10.141,41777.208,Metal Loss,External,13.0,0.044,28.0,GENE,20.0,,,,6.9,3.3,1:44,EXT ML,75,N,N,5.97,129.763,09:24,27.646,CMFL,1025,65000,E.R. WELD,24,1451.9,2016.5,1434.3,1992.1,0.706,1.083,1.0,1.2,2022,Metal Loss_41777.2,True,41777.208,41776.451,METAL_LOSS,False,1.7333333333333334,3220,41735.36900491217
11580,40.308,0.344,38.704,1.604,41785.745,Metal Loss,External,15.0,0.052,30.0,GENE,20.0,,,,2.4,2.1,2:30,EXT ML,75,N,N,5.97,129.436,09:24,32.044,CMFL,1025,65000,E.R. WELD,24,1512.6,2100.8,1505.4,2090.9,0.678,1.127,1.0,1.2,2022,Metal Loss_41785.7,True,41785.745,41784.988000000005,METAL_LOSS,False,2.5,3221,41743.83865436142
11580,40.308,0.344,38.802,1.506,41785.843,Metal Loss,External,21.0,0.072,36.0,GENE,20.0,,,,9.6,5.1,4:29,EXT ML,75,N,N,5.97,129.433,09:24,32.463,CMFL,1025,65000,E.R. WELD,24,1364.6,1895.2,1374.6,1909.1,0.751,1.014,1.0,1.2,2022,Metal Loss_41785.8,True,41785.843,41785.086,METAL_LOSS,False,4.483333333333333,3222,41743.935881214646
11580,40.308,0.344,39.049,1.257,41786.093,Metal Loss,External,21.0,0.072,36.0,GENE,20.0,,,,7.8,3.7,3:33,EXT ML,75,N,N,5.97,129.423,09:24,37.49,CMFL,1025,65000,E.R. WELD,24,1373.8,1908.0,1404.9,1951.3,0.746,1.026,1.0,1.2,2022,Metal Loss_41786.1,True,41786.093,41785.336,METAL_LOSS,False,3.55,3223,41744.18390890146
11590,40.187,0.344,0.226,39.957,41787.579,Metal Loss,External,24.0,0.082,39.0,GENE,20.0,,,,3.1,3.0,4:14,EXT ML,65,N,N,5.97,129.366,08:36,27.855,CMFL,1025,65000,E.R. WELD,24,1461.1,2029.3,1453.3,2018.5,0.702,1.088,1.0,1.2,2022,Metal Loss_41787.6,True,41787.579,41786.822,METAL_LOSS,False,4.233333333333333,3226,41745.65852912633
11590,40.187,0.344,0.453,39.731,41787.805,Metal Loss,External,20.0,0.069,35.0,GENE,20.0,,,,10.6,5.7,3:46,EXT ML,65,N,N,5.97,129.358,08:36,31.416,CMFL,1025,65000,E.R. WELD,24,1363.3,1893.5,1388.4,1928.4,0.752,1.015,1.0,1.2,2022,Metal Loss_41787.8,True,41787.805,41787.048,METAL_LOSS,False,3.7666666666666666,3227,41745.883083833076
11590,40.187,0.344,0.591,39.596,41787.94,Metal Loss,External,18.0,0.062,33.0,GENE,20.0,,,,5.6,5.3,2:36,EXT ML,65,N,N,5.97,129.353,08:36,36.024,CMFL,1025,65000,E.R. WELD,24,1434.5,1992.4,1421.7,1974.5,0.715,1.067,1.0,1.2,2022,Metal Loss_41787.9,True,41787.94,41787.183000000005,METAL_LOSS,False,2.6,3228,41746.01722049419
11590,40.187,0.344,9.364,30.82,41796.716,Metal Loss,External,53.0,0.182,68.0,GENE,15.0,,,,22.8,10.7,10:41,*EXT ML,65,Y,Y,5.97,129.557,08:36,11.1,CMFL,1025,65000,E.R. WELD,24,923.7,1282.9,1156.3,1605.9,1.11,0.693,1.0,1.2,2022,Metal Loss_41796.7,True,41796.716,41795.959,METAL_LOSS,False,10.683333333333334,3229,41754.73709707119
11590,40.187,0.344,9.649,30.535,41797.001,Metal Loss,External,45.0,0.155,60.0,GENE,15.0,,,,18.1,12.0,2:05,*EXT ML,65,Y,Y,5.97,129.569,08:36,35.605,CMFL,1025,65000,E.R. WELD,24,1039.1,1443.2,1271.6,1766.1,0.987,0.778,1.0,1.2,2022,Metal Loss_41797.0,True,41797.001,41796.244,METAL_LOSS,False,2.0833333333333335,3230,41755.020274466864
11590,40.187,0.344,10.614,29.573,41797.963,Metal Loss,External,64.0,0.22,79.0,GENE,15.0,,,,36.9,20.5,9:24,*EXT ML ( ON SW ),65,Y,Y,5.97,129.607,08:36,2.932,CMFL,1025,65000,E.R. WELD,24,748.9,1040.2,1014.2,1408.6,1.369,0.562,1.0,1.2,2022,Metal Loss_41798.0,True,41797.963,41797.206000000006,METAL_LOSS,False,9.4,3231,41755.976122377884
11590,40.187,0.344,10.719,29.469,41798.068,Metal Loss,External,52.0,0.179,67.0,GENE,15.0,,,,3.0,1.2,2:56,*EXT ML,65,Y,Y,5.97,129.612,08:36,35.605,CMFL,1025,65000,E.R. WELD,24,1311.4,1821.3,1242.3,1725.3,0.782,0.975,0.8,1.0,2022,Metal Loss_41798.1,True,41798.068,41797.311,METAL_LOSS,False,2.9333333333333336,3232,41756.08045089208
11590,40.187,0.344,11.578,28.609,41798.927,Metal Loss,External,34.0,0.117,49.0,GENE,15.0,,,,1.3,1.8,2:50,*EXT ML,65,Y,Y,5.97,129.646,08:36,36.233,CMFL,1025,65000,E.R. WELD,24,1511.7,2099.6,1502.3,2086.5,0.678,1.127,0.8,1.0,2022,Metal Loss_41798.9,True,41798.927,41798.170000000006,METAL_LOSS,False,2.8333333333333335,3233,41756.933957498695
11590,40.187,0.344,12.172,28.015,41799.521,Metal Loss,External,29.0,0.1,44.0,GENE,20.0,,,,14.3,5.4,2:45,EXT ML,65,N,N,5.97,129.67,08:36,35.814,CMFL,1025,65000,E.R. WELD,24,1242.2,1725.3,1357.3,1885.2,0.825,0.93,1.0,1.2,2022,Metal Loss_41799.5,True,41799.521,41798.764,METAL_LOSS,False,2.75,3234,41757.52415880757
11590,40.187,0.344,13.53,26.657,41800.879,Metal Loss,External,28.0,0.096,43.0,GENE,20.0,,,,26.2,6.6,2:41,EXT ML,65,N,N,5.97,129.725,08:36,36.442,CMFL,1025,65000,E.R. WELD,24,1223.7,1699.5,1337.0,1857.0,0.838,0.916,1.0,1.2,2022,Metal Loss_41800.9,True,41800.879,41800.122,METAL_LOSS,False,2.6833333333333336,3235,41758.873474257845
11590,40.187,0.344,14.104,26.083,41801.453,Metal Loss,External,27.0,0.093,42.0,PITT,20.0,,,,1.5,1.0,9:53,EXT ML,65,N,N,5.97,129.748,08:36,8.168,CMFL,1025,65000,E.R. WELD,24,1512.5,2100.7,1504.2,2089.2,0.678,1.127,0.6,1.2,2022,Metal Loss_41801.5,True,41801.453,41800.696,METAL_LOSS,False,9.883333333333333,3236,41759.443803468785
11590,40.187,0.344,14.514,25.669,41801.867,Metal Loss,External,22.0,0.076,37.0,GENE,20.0,,,,2.2,1.3,10:02,EXT ML,65,N,N,5.97,129.765,08:36,9.006,CMFL,1025,65000,E.R. WELD,24,1496.9,2079.1,1485.8,2063.6,0.685,1.117,1.0,1.2,2022,Metal Loss_41801.9,True,41801.867,41801.11,METAL_LOSS,False,10.033333333333333,3237,41759.855155896184
11590,40.187,0.344,14.583,25.6,41801.936,Metal Loss,External,12.0,0.041,27.0,GENE,20.0,,,,5.3,2.1,7:39,EXT ML,65,N,N,5.97,129.768,08:36,6.074,CMFL,1025,65000,E.R. WELD,24,1474.0,2047.2,1462.3,2031.0,0.695,1.1,1.0,1.2,2022,Metal Loss_41801.9,True,41801.936,41801.179,METAL_LOSS,False,7.65,3238,41759.92371463409
11590,40.187,0.344,14.797,25.387,41802.149,Metal Loss,External,16.0,0.055,31.0,GENE,20.0,,,,12.4,4.4,8:52,EXT ML ( ON SW ),65,N,N,5.97,129.776,08:36,1.466,CMFL,1025,65000,E.R. WELD,24,1396.0,1938.9,1428.1,1983.4,0.734,1.038,1.0,1.2,2022,Metal Loss_41802.1,True,41802.149,41801.392,METAL_LOSS,False,8.866666666666667,3239,41760.13535247717
11590,40.187,0.344,14.875,25.312,41802.224,Metal Loss,External,19.0,0.065,34.0,GENE,20.0,,,,7.6,2.3,9:45,EXT ML,65,N,N,5.97,129.779,08:36,7.33,CMFL,1025,65000,E.R. WELD,24,1396.1,1939.0,1406.8,1953.9,0.734,1.041,1.0,1.2,2022,Metal Loss_41802.2,True,41802.224,41801.467,METAL_LOSS,False,9.75,3240,41760.209872844454
11590,40.187,0.344,15.561,24.626,41802.91,Metal Loss,External,17.0,0.058,32.0,PITT,20.0,,,,1.0,1.2,2:48,EXT ML,65,N,N,5.97,129.807,08:36,36.442,CMFL,1025,65000,E.R. WELD,24,1538.8,2137.3,1536.9,2134.6,0.666,1.147,0.6,1.2,2022,Metal Loss_41802.9,True,41802.91,41802.153000000006,METAL_LOSS,False,2.8,3241,41760.89148580387
11590,40.187,0.344,15.902,24.281,41803.255,Metal Loss,External,16.0,0.055,31.0,GENE,20.0,,,,5.5,2.7,2:46,EXT ML,65,N,N,5.97,129.821,08:36,35.605,CMFL,1025,65000,E.R. WELD,24,1447.7,2010.6,1467.5,2038.2,0.708,1.078,1.0,1.2,2022,Metal Loss_41803.3,True,41803.255,41802.498,METAL_LOSS,False,2.7666666666666666,3242,41761.234279493365
11590,40.187,0.344,16.152,24.035,41803.501,Metal Loss,External,16.0,0.055,31.0,GENE,20.0,,,,7.7,3.0,9:56,EXT ML,65,N,N,5.97,129.831,08:36,8.796,CMFL,1025,65000,E.R. WELD,24,1423.9,1977.6,1430.1,1986.2,0.72,1.059,1.0,1.2,2022,Metal Loss_41803.5,True,41803.501,41802.744,METAL_LOSS,False,9.933333333333334,3243,41761.478706298054
11590,40.187,0.344,16.539,23.648,41803.888,Metal Loss,External,16.0,0.055,31.0,GENE,20.0,,,,1.4,1.7,2:48,EXT ML,65,N,N,5.97,129.846,08:36,36.442,CMFL,1025,65000,E.R. WELD,24,1532.8,2128.8,1529.6,2124.5,0.669,1.142,1.0,1.2,2022,Metal Loss_41803.9,True,41803.888,41803.131,METAL_LOSS,False,2.8,3244,41761.86323139323
11590,40.187,0.344,17.119,23.064,41804.472,Metal Loss,External,16.0,0.055,31.0,GENE,20.0,,,,1.9,2.4,2:51,EXT ML,65,N,N,5.97,129.87,08:36,36.024,CMFL,1025,65000,E.R. WELD,24,1522.7,2114.9,1517.5,2107.7,0.673,1.134,1.0,1.2,2022,Metal Loss_41804.5,True,41804.472,41803.715,METAL_LOSS,False,2.85,3245,41762.44349665315
11590,40.187,0.344,17.126,23.061,41804.475,Metal Loss,External,17.0,0.058,32.0,PITT,20.0,,,,1.7,1.0,9:43,EXT ML,65,N,N,5.97,129.87,08:36,7.121,CMFL,1025,65000,E.R. WELD,24,1522.4,2114.5,1517.1,2107.1,0.673,1.135,0.6,1.2,2022,Metal Loss_41804.5,True,41804.475,41803.718,METAL_LOSS,False,9.716666666666667,3246,41762.446477467834
11590,40.187,0.344,17.543,22.641,41804.895,Metal Loss,External,18.0,0.062,33.0,GENE,20.0,,,,4.1,2.0,9:45,EXT ML,65,N,N,5.97,129.887,08:36,7.33,CMFL,1025,65000,E.R. WELD,24,1458.8,2026.1,1442.4,2003.3,0.703,1.087,1.0,1.2,2022,Metal Loss_41804.9,True,41804.895,41804.138,METAL_LOSS,False,9.75,3247,41762.86379152462
11590,40.187,0.344,17.677,22.51,41805.026,Metal Loss,External,14.0,0.048,29.0,PITT,20.0,,,,1.3,1.0,2:51,EXT ML,65,N,N,5.97,129.892,08:36,36.024,CMFL,1025,65000,E.R. WELD,24,1535.6,2132.8,1533.1,2129.3,0.668,1.144,0.6,1.2,2022,Metal Loss_41805.0,True,41805.026,41804.269,METAL_LOSS,False,2.85,3248,41762.99395376614
11590,40.187,0.344,18.068,22.119,41805.417,Metal Loss,External,14.0,0.048,29.0,GENE,20.0,,,,11.5,5.1,2:41,EXT ML,65,N,N,5.97,129.908,08:36,36.442,CMFL,1025,65000,E.R. WELD,24,1417.5,1968.7,1441.3,2001.9,0.723,1.056,1.0,1.2,2022,Metal Loss_41805.4,True,41805.417,41804.66,METAL_LOSS,False,2.6833333333333336,3249,41763.382453280916
11590,40.187,0.344,18.084,22.103,41805.433,Metal Loss,External,31.0,0.106,46.0,GENE,20.0,,,,22.8,10.4,10:36,EXT ML,65,N,N,5.97,129.909,08:36,10.472,CMFL,1025,65000,E.R. WELD,24,1194.2,1658.6,1266.3,1758.7,0.858,0.894,1.0,1.2,2022,Metal Loss_41805.4,True,41805.433,41804.676,METAL_LOSS,False,10.6,3250,41763.398350959265
11590,40.187,0.344,19.36,20.827,41806.709,Metal Loss,External,18.0,0.062,33.0,GENE,20.0,,,,1.9,1.3,8:40,EXT ML ( ON SW ),65,N,N,5.97,129.96,08:36,0.419,CMFL,1025,65000,E.R. WELD,24,1516.6,2106.4,1510.0,2097.3,0.676,1.13,1.0,1.2,2022,Metal Loss_41806.7,True,41806.709,41805.952000000005,METAL_LOSS,False,8.666666666666666,3251,41764.66619080798
11590,40.187,0.344,19.669,20.515,41807.021,Metal Loss,External,15.0,0.052,30.0,GENE,20.0,,,,2.6,1.9,2:51,EXT ML,65,N,N,5.97,129.973,08:36,36.024,CMFL,1025,65000,E.R. WELD,24,1507.2,2093.4,1499.1,2082.0,0.68,1.123,1.0,1.2,2022,Metal Loss_41807.0,True,41807.021,41806.264,METAL_LOSS,False,2.85,3252,41764.97619553587
11590,40.187,0.344,20.108,20.079,41807.457,Metal Loss,External,17.0,0.058,32.0,GENE,20.0,,,,1.6,1.7,2:49,EXT ML,65,N,N,5.97,129.99,08:36,36.233,CMFL,1025,65000,E.R. WELD,24,1526.2,2119.8,1521.7,2113.4,0.672,1.138,1.0,1.2,2022,Metal Loss_41807.5,True,41807.457,41806.7,METAL_LOSS,False,2.8166666666666664,3253,41765.40940727101
11590,40.187,0.344,20.207,19.977,41807.559,Metal Loss,External,24.0,0.082,39.0,GENE,20.0,,,,1.8,1.7,9:59,EXT ML,65,N,N,5.97,129.994,08:36,8.796,CMFL,1025,65000,E.R. WELD,24,1506.7,2092.6,1497.4,2079.7,0.68,1.124,1.0,1.2,2022,Metal Loss_41807.6,True,41807.559,41806.802,METAL_LOSS,False,9.983333333333333,3254,41765.51075497051
11590,40.187,0.344,20.656,19.531,41808.005,Metal Loss,External,17.0,0.058,32.0,GENE,20.0,,,,4.3,2.0,2:55,EXT ML,65,N,N,5.97,130.012,08:36,35.605,CMFL,1025,65000,E.R. WELD,24,1460.2,2028.0,1478.0,2052.7,0.702,1.089,1.0,1.2,2022,Metal Loss_41808.0,True,41808.005,41807.248,METAL_LOSS,False,2.9166666666666665,3255,41765.95390275462
11590,40.187,0.344,20.837,19.347,41808.189,Metal Loss,External,27.0,0.093,42.0,GENE,20.0,,,,65.0,18.9,9:43,EXT ML ( ON SW ),65,N,N,5.97,130.02,08:36,12.357,CMFL,1025,65000,E.R. WELD,24,1201.5,1668.7,1254.0,1741.7,0.853,0.9,1.0,1.2,2022,Metal Loss_41808.2,True,41808.189,41807.432,METAL_LOSS,False,9.716666666666667,3256,41766.13672605569
11590,40.187,0.344,21.322,18.862,41808.675,Metal Loss,External,19.0,0.065,34.0,PITT,20.0,,,,1.0,1.0,2:59,EXT ML,65,N,N,5.97,130.039,08:36,35.186,CMFL,1025,65000,E.R. WELD,24,1536.9,2134.6,1534.5,2131.2,0.667,1.146,0.6,1.2,2022,Metal Loss_41808.7,True,41808.675,41807.918000000005,METAL_LOSS,False,2.9833333333333334,3257,41766.619618035686
11590,40.187,0.344,21.634,18.55,41808.986,Metal Loss,External,13.0,0.044,28.0,GENE,20.0,,,,5.1,3.0,03:00,EXT ML,65,N,N,5.97,130.052,08:36,35.186,CMFL,1025,65000,E.R. WELD,24,1472.4,2045.0,1457.9,2024.9,0.696,1.097,1.0,1.2,2022,Metal Loss_41809.0,True,41808.986,41808.229,METAL_LOSS,False,3.0,3258,41766.92862915868
11590,40.187,0.344,22.356,17.831,41809.705,Metal Loss,External,12.0,0.041,27.0,AXGR,20.0,,,,1.4,0.7,11:28,EXT ML,65,N,N,5.97,130.081,08:36,18.012,CMFL,1025,65000,E.R. WELD,24,1536.5,2134.0,1534.2,2130.9,0.667,1.145,1.0,1.2,2022,Metal Loss_41809.7,True,41809.705,41808.948,METAL_LOSS,False,11.466666666666667,3259,41767.6430310797
11590,40.187,0.344,22.592,17.595,41809.941,Metal Loss,External,15.0,0.052,30.0,GENE,20.0,,,,4.2,2.4,2:53,EXT ML,65,N,N,5.97,130.09,08:36,35.814,CMFL,1025,65000,E.R. WELD,24,1473.1,2046.0,1458.4,2025.6,0.696,1.099,1.0,1.2,2022,Metal Loss_41809.9,True,41809.941,41809.184,METAL_LOSS,False,2.8833333333333333,3260,41767.87752183542
11590,40.187,0.344,23.136,17.051,41810.486,Metal Loss,External,18.0,0.062,33.0,GENE,20.0,,,,25.2,5.9,7:50,EXT ML,65,N,N,5.97,130.112,08:36,4.817,CMFL,1025,65000,E.R. WELD,24,1341.7,1863.5,1342.8,1865.0,0.764,1.004,1.0,1.2,2022,Metal Loss_41810.5,True,41810.486,41809.729,METAL_LOSS,False,7.833333333333333,3261,41768.41903650434
11590,40.187,0.344,23.442,16.745,41810.791,Metal Loss,External,13.0,0.044,28.0,GENE,20.0,,,,5.6,2.0,2:49,EXT ML,65,N,N,5.97,130.125,08:36,36.233,CMFL,1025,65000,E.R. WELD,24,1463.7,2032.9,1447.7,2010.6,0.7,1.093,1.0,1.2,2022,Metal Loss_41810.8,True,41810.791,41810.034,METAL_LOSS,False,2.8166666666666664,3262,41768.72208599796
11590,40.187,0.344,24.111,16.076,41811.46,Metal Loss,External,14.0,0.048,29.0,GENE,20.0,,,,3.1,1.8,2:54,EXT ML,65,N,N,5.97,130.152,08:36,35.814,CMFL,1025,65000,E.R. WELD,24,1500.3,2083.8,1490.9,2070.7,0.683,1.118,1.0,1.2,2022,Metal Loss_41811.5,True,41811.46,41810.703,METAL_LOSS,False,2.9,3263,41769.38680767412
11590,40.187,0.344,24.554,15.633,41811.903,Metal Loss,External,17.0,0.058,32.0,PITT,20.0,,,,1.4,1.0,2:48,EXT ML,65,N,N,5.97,130.169,08:36,36.442,CMFL,1025,65000,E.R. WELD,24,1530.3,2125.4,1526.6,2120.2,0.67,1.141,0.6,1.2,2022,Metal Loss_41811.9,True,41811.903,41811.146,METAL_LOSS,False,2.8,3264,41769.82697464354
11590,40.187,0.344,24.856,15.331,41812.205,Metal Loss,External,15.0,0.052,30.0,GENE,20.0,,,,7.2,3.3,2:48,EXT ML,65,N,N,5.97,130.182,08:36,36.442,CMFL,1025,65000,E.R. WELD,24,1435.3,1993.4,1461.5,2029.9,0.714,1.069,1.0,1.2,2022,Metal Loss_41812.2,True,41812.205,41811.448,METAL_LOSS,False,2.8,3265,41770.12704332247
11590,40.187,0.344,25.659,14.528,41813.009,Metal Loss,External,39.0,0.134,54.0,GENE,15.0,,,,97.1,18.5,9:06,*EXT ML ( ON SW ),65,Y,Y,5.97,130.214,08:36,0.838,CMFL,1025,65000,E.R. WELD,24,1047.4,1454.8,1198.9,1665.2,0.979,0.778,1.0,1.2,2022,Metal Loss_41813.0,True,41813.009,41812.252,METAL_LOSS,False,9.1,3266,41770.925901659735
11590,40.187,0.344,25.791,14.396,41813.14,Metal Loss,External,16.0,0.055,31.0,GENE,20.0,,,,1.4,1.3,2:52,EXT ML,65,N,N,5.97,130.219,08:36,36.024,CMFL,1025,65000,E.R. WELD,24,1532.4,2128.4,1529.2,2123.9,0.669,1.142,1.0,1.2,2022,Metal Loss_41813.1,True,41813.14,41812.383,METAL_LOSS,False,2.8666666666666667,3267,41771.05606390126
11590,40.187,0.344,25.84,14.347,41813.189,Metal Loss,External,18.0,0.062,33.0,GENE,20.0,,,,4.6,2.6,1:53,EXT ML,65,N,N,5.97,130.221,08:36,32.882,CMFL,1025,65000,E.R. WELD,24,1451.1,2015.4,1451.5,2015.9,0.706,1.079,1.0,1.2,2022,Metal Loss_41813.2,True,41813.189,41812.432,METAL_LOSS,False,1.8833333333333333,3268,41771.10475054122
11590,40.187,0.344,26.286,13.901,41813.635,Metal Loss,External,22.0,0.076,37.0,GENE,20.0,,,,25.5,7.4,2:56,EXT ML,65,N,N,5.97,130.239,08:36,33.929,CMFL,1025,65000,E.R. WELD,24,1296.6,1800.9,1377.6,1913.3,0.791,0.969,1.0,1.2,2022,Metal Loss_41813.6,True,41813.635,41812.878,METAL_LOSS,False,2.9333333333333336,3269,41771.547898325334
11590,40.187,0.344,27.293,12.89,41814.646,Metal Loss,External,23.0,0.079,38.0,GENE,20.0,,,,8.5,3.5,10:04,EXT ML,65,N,N,5.97,130.28,08:36,8.587,CMFL,1025,65000,E.R. WELD,24,1354.7,1881.5,1359.5,1888.2,0.757,1.007,1.0,1.2,2022,Metal Loss_41814.6,True,41814.646,41813.889,METAL_LOSS,False,10.066666666666666,3270,41772.552432876306
11590,40.187,0.344,27.448,12.736,41814.8,Metal Loss,External,22.0,0.076,37.0,GENE,20.0,,,,2.2,1.6,7:25,EXT ML,65,N,N,5.97,130.286,08:36,7.33,CMFL,1025,65000,E.R. WELD,24,1497.0,2079.1,1485.9,2063.8,0.685,1.116,1.0,1.2,2022,Metal Loss_41814.8,True,41814.8,41814.043000000005,METAL_LOSS,False,7.416666666666667,3271,41772.70544803046
11590,40.187,0.344,28.258,11.929,41815.607,Metal Loss,External,19.0,0.065,34.0,GENE,20.0,,,,3.4,3.1,10:12,EXT ML,65,N,N,5.97,130.319,08:36,11.1,CMFL,1025,65000,E.R. WELD,24,1470.7,2042.7,1455.2,2021.1,0.697,1.097,1.0,1.2,2022,Metal Loss_41815.6,True,41815.607,41814.850000000006,METAL_LOSS,False,10.2,3272,41773.50728718242
11590,40.187,0.344,28.773,11.411,41816.125,Metal Loss,External,22.0,0.076,37.0,GENE,20.0,,,,15.2,5.6,2:20,EXT ML,65,N,N,5.97,130.339,08:36,33.72,CMFL,1025,65000,E.R. WELD,24,1324.9,1840.1,1385.2,1923.9,0.774,0.984,1.0,1.2,2022,Metal Loss_41816.1,True,41816.125,41815.368,METAL_LOSS,False,2.3333333333333335,3273,41774.02197451912
11590,40.187,0.344,30.246,9.938,41817.598,Metal Loss,External,17.0,0.058,32.0,GENE,20.0,,,,2.3,2.2,2:48,EXT ML,65,N,N,5.97,130.399,08:36,36.442,CMFL,1025,65000,E.R. WELD,24,1508.7,2095.5,1500.6,2084.2,0.679,1.125,1.0,1.2,2022,Metal Loss_41817.6,True,41817.598,41816.841,METAL_LOSS,False,2.8,3274,41775.485554532555
11590,40.187,0.344,30.61,9.573,41817.963,Metal Loss,External,26.0,0.089,41.0,GENE,20.0,,,,4.0,7.2,2:58,EXT ML,65,N,N,5.97,130.414,08:36,36.652,CMFL,1025,65000,E.R. WELD,24,1415.5,1966.0,1394.4,1936.6,0.724,1.056,1.0,1.2,2022,Metal Loss_41818.0,True,41817.963,41817.206000000006,METAL_LOSS,False,2.966666666666667,3275,41775.848220320004
11590,40.187,0.344,31.043,9.144,41818.392,Metal Loss,External,50.0,0.172,65.0,GENE,15.0,,,,24.4,4.4,4:25,*EXT ML,65,Y,Y,5.97,130.431,08:36,26.599,CMFL,1025,65000,E.R. WELD,24,963.2,1337.7,1117.7,1552.4,1.064,0.718,1.0,1.2,2022,Metal Loss_41818.4,True,41818.392,41817.635,METAL_LOSS,False,4.416666666666667,3276,41776.274476820865
11590,40.187,0.344,31.266,8.921,41818.615,Metal Loss,External,28.0,0.096,43.0,GENE,20.0,,,,2.0,1.7,2:54,EXT ML,65,N,N,5.97,130.44,08:36,35.814,CMFL,1025,65000,E.R. WELD,24,1490.9,2070.7,1477.5,2052.1,0.688,1.112,1.0,1.2,2022,Metal Loss_41818.6,True,41818.615,41817.858,METAL_LOSS,False,2.9,3277,41776.496050712914
11590,40.187,0.344,31.299,8.885,41818.652,Metal Loss,External,21.0,0.072,36.0,GENE,20.0,,,,1.9,1.2,10:09,EXT ML,65,N,N,5.97,130.441,08:36,9.844,CMFL,1025,65000,E.R. WELD,24,1509.8,2096.9,1501.5,2085.5,0.679,1.125,1.0,1.2,2022,Metal Loss_41818.7,True,41818.652,41817.895,METAL_LOSS,False,10.15,3278,41776.53281409411
11590,40.187,0.344,31.742,8.445,41819.091,Metal Loss,External,24.0,0.082,39.0,PITT,20.0,,,,0.9,1.0,2:57,EXT ML,65,N,N,5.97,130.459,08:36,35.395,CMFL,1025,65000,E.R. WELD,24,1537.3,2135.1,1534.8,2131.7,0.667,1.146,0.6,1.2,2022,Metal Loss_41819.1,True,41819.091,41818.334,METAL_LOSS,False,2.95,3279,41776.96900664394
11590,40.187,0.344,32.106,8.081,41819.455,Metal Loss,External,21.0,0.072,36.0,GENE,20.0,,,,2.6,2.0,3:06,EXT ML,65,N,N,5.97,130.474,08:36,34.558,CMFL,1025,65000,E.R. WELD,24,1488.6,2067.4,1475.9,2049.8,0.689,1.11,1.0,1.2,2022,Metal Loss_41819.5,True,41819.455,41818.698,METAL_LOSS,False,3.1,3280,41777.33067882649
11590,40.187,0.344,32.608,7.579,41819.957,Metal Loss,External,29.0,0.1,44.0,PITT,20.0,,,,1.1,1.7,3:06,EXT ML,65,N,N,5.97,130.494,08:36,34.558,CMFL,1025,65000,E.R. WELD,24,1527.6,2121.7,1522.6,2114.8,0.671,1.139,0.6,1.2,2022,Metal Loss_41820.0,True,41819.957,41819.2,METAL_LOSS,False,3.1,3281,41777.82946848484
11590,40.187,0.344,32.635,7.552,41819.984,Metal Loss,External,13.0,0.044,28.0,AXGR,20.0,,,,4.1,1.0,9:12,EXT ML,65,N,N,5.97,130.495,08:36,3.77,CMFL,1025,65000,E.R. WELD,24,1486.3,2064.3,1474.4,2047.7,0.69,1.108,1.0,1.2,2022,Metal Loss_41820.0,True,41819.984,41819.227,METAL_LOSS,False,9.2,3282,41777.85629581705
11590,40.187,0.344,33.294,6.89,41820.646,Metal Loss,External,50.0,0.172,65.0,GENE,15.0,,,,35.8,6.7,4:13,*EXT ML,65,Y,Y,5.97,130.522,08:36,26.808,CMFL,1025,65000,E.R. WELD,24,938.3,1303.2,1133.7,1574.6,1.093,0.699,1.0,1.2,2022,Metal Loss_41820.6,True,41820.646,41819.889,METAL_LOSS,False,4.216666666666667,3283,41778.51406225894
11590,40.187,0.344,33.501,6.686,41820.85,Metal Loss,External,16.0,0.055,31.0,GENE,20.0,,,,3.5,1.9,1:47,EXT ML,65,N,N,5.97,130.53,08:36,32.673,CMFL,1025,65000,E.R. WELD,24,1483.3,2060.1,1470.4,2042.2,0.691,1.105,1.0,1.2,2022,Metal Loss_41820.8,True,41820.85,41820.093,METAL_LOSS,False,1.7833333333333332,3285,41778.716757657945
11590,40.187,0.344,33.878,6.309,41821.227,Metal Loss,External,29.0,0.1,44.0,GENE,20.0,,,,11.2,4.2,2:51,EXT ML,65,N,N,5.97,130.545,08:36,36.233,CMFL,1025,65000,E.R. WELD,24,1270.4,1764.5,1285.6,1785.5,0.807,0.944,1.0,1.2,2022,Metal Loss_41821.2,True,41821.227,41820.47,METAL_LOSS,False,2.85,3286,41779.091346704154
11590,40.187,0.344,33.999,6.188,41821.348,Metal Loss,External,23.0,0.079,38.0,GENE,20.0,,,,1.7,1.3,9:14,EXT ML,65,N,N,5.97,130.55,08:36,3.979,CMFL,1025,65000,E.R. WELD,24,1511.4,2099.1,1503.2,2087.7,0.678,1.127,1.0,1.2,2022,Metal Loss_41821.3,True,41821.348,41820.591,METAL_LOSS,False,9.233333333333333,3287,41779.211572896704
11590,40.187,0.344,34.439,5.745,41821.791,Metal Loss,External,30.0,0.103,45.0,GENE,20.0,,,,3.2,4.8,9:27,EXT ML,65,N,N,5.97,130.568,08:36,3.979,CMFL,1025,65000,E.R. WELD,24,1423.8,1977.5,1395.4,1938.1,0.72,1.062,1.0,1.2,2022,Metal Loss_41821.8,True,41821.791,41821.034,METAL_LOSS,False,9.45,3288,41779.65173986612
11590,40.187,0.344,35.22,4.967,41822.569,Metal Loss,External,16.0,0.055,31.0,GENE,20.0,,,,5.9,2.2,8:27,EXT ML ( ON SW ),65,N,N,5.97,130.599,08:36,0.838,CMFL,1025,65000,E.R. WELD,24,1442.9,2004.0,1436.9,1995.6,0.71,1.074,1.0,1.2,2022,Metal Loss_41822.6,True,41822.569,41821.812000000005,METAL_LOSS,False,8.45,3289,41780.424764476076
11600,13.409,0.344,4.308,9.101,41831.844,Metal Loss,External,15.0,0.052,30.0,GENE,20.0,,,,3.7,2.8,7:30,EXT ML,14,N,N,5.97,131.242,09:00,9.425,CMFL,1025,65000,E.R. WELD,24,1484.4,2061.7,1471.9,2044.4,0.691,1.106,1.0,1.2,2022,Metal Loss_41831.8,True,41831.844,41831.087,METAL_LOSS,False,7.5,3292,41798.121112685505
11600,13.409,0.344,6.086,7.32,41833.625,Metal Loss,External,17.0,0.058,32.0,GENE,20.0,,,,3.0,3.3,7:33,EXT ML,14,N,N,5.97,131.578,09:00,9.006,CMFL,1025,65000,E.R. WELD,24,1489.5,2068.7,1477.6,2052.2,0.688,1.111,1.0,1.2,2022,Metal Loss_41833.6,True,41833.625,41832.868,METAL_LOSS,False,7.55,3293,41803.3967723171
11600,13.409,0.344,6.526,6.883,41834.062,Metal Loss,External,16.0,0.055,31.0,GENE,20.0,,,,1.9,1.9,4:28,EXT ML,14,N,N,5.97,131.661,09:00,28.484,CMFL,1025,65000,E.R. WELD,24,1520.5,2111.8,1514.8,2103.9,0.674,1.134,1.0,1.2,2022,Metal Loss_41834.1,True,41834.062,41833.305,METAL_LOSS,False,4.466666666666667,3294,41804.691249161006
11600,13.409,0.344,6.578,6.831,41834.114,Metal Loss,External,23.0,0.079,38.0,GENE,20.0,,,,2.6,1.8,7:37,EXT ML,14,N,N,5.97,131.671,09:00,9.006,CMFL,1025,65000,E.R. WELD,24,1481.1,2057.1,1468.4,2039.5,0.692,1.103,1.0,1.2,2022,Metal Loss_41834.1,True,41834.114,41833.357,METAL_LOSS,False,7.616666666666667,3295,41804.845283018876
11600,13.409,0.344,7.5,5.909,41835.036,Metal Loss,External,15.0,0.052,30.0,GENE,20.0,,,,1.9,1.9,4:27,EXT ML,14,N,N,5.97,131.845,09:00,28.484,CMFL,1025,65000,E.R. WELD,24,1523.4,2115.8,1518.4,2108.9,0.673,1.136,1.0,1.2,2022,Metal Loss_41835.0,True,41835.036,41834.279,METAL_LOSS,False,4.45,3296,41807.576421806254
11600,13.409,0.344,7.602,5.804,41835.141,Metal Loss,External,19.0,0.065,34.0,GENE,20.0,,,,2.0,2.0,7:48,EXT ML,14,N,N,5.97,131.864,09:00,7.54,CMFL,1025,65000,E.R. WELD,24,1511.7,2099.6,1504.1,2089.0,0.678,1.127,1.0,1.2,2022,Metal Loss_41835.1,True,41835.141,41834.384000000005,METAL_LOSS,False,7.8,3297,41807.88745171155
11600,13.409,0.344,8.133,5.272,41835.673,Metal Loss,External,15.0,0.052,30.0,GENE,20.0,,,,1.3,1.8,4:28,EXT ML,14,N,N,5.97,131.965,09:00,28.484,CMFL,1025,65000,E.R. WELD,24,1534.0,2130.5,1531.1,2126.5,0.668,1.144,1.0,1.2,2022,Metal Loss_41835.7,True,41835.673,41834.916000000005,METAL_LOSS,False,4.466666666666667,3298,41809.463336565
11600,13.409,0.344,8.96,4.446,41836.499,Metal Loss,External,15.0,0.052,30.0,PITT,20.0,,,,1.5,1.0,4:29,EXT ML,14,N,N,5.97,132.121,09:00,28.274,CMFL,1025,65000,E.R. WELD,24,1531.7,2127.4,1528.4,2122.8,0.669,1.142,0.6,1.2,2022,Metal Loss_41836.5,True,41836.499,41835.742000000006,METAL_LOSS,False,4.483333333333333,3299,41811.91010515327
11600,13.409,0.344,10.377,3.031,41837.913,Metal Loss,External,11.0,0.038,26.0,GENE,20.0,,,,7.1,1.8,4:10,EXT ML,14,N,N,5.97,132.388,09:00,30.369,CMFL,1025,65000,E.R. WELD,24,1467.7,2038.4,1452.8,2017.7,0.698,1.093,1.0,1.2,2022,Metal Loss_41837.9,True,41837.913,41837.156,METAL_LOSS,False,4.166666666666667,3300,41816.09864121113
11600,13.409,0.344,10.709,2.7,41838.245,Metal Loss,External,22.0,0.076,37.0,GENE,20.0,,,,23.5,6.8,7:50,EXT ML,14,N,N,5.97,132.45,09:00,6.074,CMFL,1025,65000,E.R. WELD,24,1301.6,1807.8,1318.9,1831.7,0.788,0.971,1.0,1.2,2022,Metal Loss_41838.2,True,41838.245,41837.488000000005,METAL_LOSS,False,7.833333333333333,3301,41817.08208814976
11600,13.409,0.344,11.322,2.087,41838.858,Metal Loss,External,28.0,0.096,43.0,GENE,20.0,,,,1.7,2.3,12:01,EXT ML,14,N,N,5.97,132.566,09:00,19.059,CMFL,1025,65000,E.R. WELD,24,1502.9,2087.3,1492.3,2072.6,0.682,1.12,1.0,1.2,2022,Metal Loss_41838.9,True,41838.858,41838.101,METAL_LOSS,False,12.016666666666667,3302,41818.89791035872
11600,13.409,0.344,11.345,2.064,41838.881,Metal Loss,External,32.0,0.11,47.0,GENE,20.0,,,,4.4,7.3,3:20,EXT ML,14,N,N,5.97,132.571,09:00,34.976,CMFL,1025,65000,E.R. WELD,24,1362.8,1892.8,1376.5,1911.8,0.752,1.017,1.0,1.2,2022,Metal Loss_41838.9,True,41838.881,41838.124,METAL_LOSS,False,3.3333333333333335,3303,41818.96604071893
11600,13.409,0.344,11.503,1.903,41839.042,Metal Loss,External,22.0,0.076,37.0,GENE,20.0,,,,1.6,2.0,1:27,EXT ML,14,N,N,5.97,132.6,09:00,28.065,CMFL,1025,65000,E.R. WELD,24,1518.6,2109.1,1512.0,2100.0,0.675,1.132,1.0,1.2,2022,Metal Loss_41839.0,True,41839.042,41838.285,METAL_LOSS,False,1.45,3304,41819.44295324037
11600,13.409,0.344,12.415,0.994,41839.951,Metal Loss,External,19.0,0.065,34.0,GENE,20.0,,,,6.7,4.3,4:37,EXT ML,14,N,N,5.97,132.773,09:00,25.97,CMFL,1025,65000,E.R. WELD,24,1403.4,1949.2,1444.9,2006.8,0.73,1.049,1.0,1.2,2022,Metal Loss_41840.0,True,41839.951,41839.194,METAL_LOSS,False,4.616666666666667,3305,41822.135583563286
11610,26.936,0.344,1.578,25.358,41842.523,Metal Loss,External,30.0,0.103,45.0,GENE,20.0,,,,2.8,2.7,3:09,EXT ML ( ON SW ),11,N,N,5.97,133.258,03:00,1.047,CMFL,1025,65000,E.R. WELD,24,1446.0,2008.3,1422.2,1975.3,0.709,1.079,1.0,1.2,2022,Metal Loss_41842.5,True,41842.523,41841.766,METAL_LOSS,False,3.15,3307,41827.42157484408
11610,26.936,0.344,2.507,24.429,41843.451,Metal Loss,External,19.0,0.065,34.0,GENE,20.0,,,,4.6,4.6,10:56,EXT ML,11,N,N,5.97,133.432,03:00,27.018,CMFL,1025,65000,E.R. WELD,24,1446.3,2008.7,1454.2,2019.7,0.709,1.076,1.0,1.2,2022,Metal Loss_41843.5,True,41843.451,41842.694,METAL_LOSS,False,10.933333333333334,3308,41828.798622661125
11610,26.936,0.344,3.136,23.799,41844.081,Metal Loss,External,27.0,0.093,42.0,GENE,20.0,,,,7.6,3.5,10:58,EXT ML,11,N,N,5.97,133.5,03:00,25.133,CMFL,1025,65000,E.R. WELD,24,1326.4,1842.2,1403.5,1949.3,0.773,0.988,1.0,1.2,2022,Metal Loss_41844.1,True,41844.081,41843.324,METAL_LOSS,False,10.966666666666667,3309,41829.73347193347
11610,26.936,0.344,10.299,16.64,41851.24,Metal Loss,External,14.0,0.048,29.0,GENE,20.0,,,,3.4,5.1,7:07,EXT ML,11,N,N,5.97,134.285,03:00,27.646,CMFL,1025,65000,E.R. WELD,24,1492.0,2072.2,1481.9,2058.2,0.687,1.113,1.0,1.2,2022,Metal Loss_41851.2,True,41851.24,41850.483,METAL_LOSS,False,7.116666666666666,3310,41840.356624220374
11610,26.936,0.344,23.665,3.271,41864.61,Metal Loss,External,35.0,0.12,,GENE,,,,,23.9,12.3,6:31,*EXT ML REPAIRED,11,Y,Y,5.97,135.749,03:00,24.504,CMFL,1025,65000,E.R. WELD,24,1144.6,1589.7,1161.2,1612.8,0.896,0.857,,,2022,Metal Loss_41864.6,True,41864.61,41863.853,METAL_LOSS,False,6.516666666666667,3314,41860.196203222455
11610,26.936,0.344,25.184,1.752,41866.129,Metal Loss,External,36.0,0.124,,GENE,,,,,10.0,3.5,5:16,*EXT ML REPAIRED,11,Y,Y,5.97,135.915,03:00,14.451,CMFL,1025,65000,E.R. WELD,24,1204.9,1673.5,1174.6,1631.4,0.851,0.897,,,2022,Metal Loss_41866.1,True,41866.129,41865.372,METAL_LOSS,False,5.266666666666667,3315,41862.45022869023
11610,26.936,0.344,25.837,1.099,41866.781,Metal Loss,External,14.0,0.048,,GENE,,,,,6.4,5.2,7:04,EXT ML REPAIRED,11,N,N,5.97,135.986,03:00,23.248,CMFL,1025,65000,E.R. WELD,24,1448.0,2011.1,1430.2,1986.4,0.708,1.08,,,2022,Metal Loss_41866.8,True,41866.781,41866.024000000005,METAL_LOSS,False,7.066666666666666,3317,41863.41772349273
11610,26.936,0.344,26.171,0.764,41867.116,Metal Loss,External,15.0,0.052,,AXGR,,,,,2.8,1.1,7:50,EXT ML REPAIRED,11,N,N,5.97,136.023,03:00,30.369,CMFL,1025,65000,E.R. WELD,24,1500.7,2084.3,1491.2,2071.1,0.683,1.119,,,2022,Metal Loss_41867.1,True,41867.116,41866.359,METAL_LOSS,False,7.833333333333333,3318,41863.91482588358
11610,26.936,0.344,26.821,0.115,41867.766,Metal Loss,External,18.0,0.062,,GENE,,,,,3.1,2.6,7:47,EXT ML ( ON GW ) REPAIRED,11,N,N,5.97,136.094,03:00,30.159,CMFL,1025,65000,E.R. WELD,24,1484.6,2061.9,1471.6,2043.9,0.691,1.106,,,2022,Metal Loss_41867.8,True,41867.766,41867.009000000005,METAL_LOSS,False,7.783333333333333,3319,41864.87935291061
11610,26.936,0.344,26.893,0.043,41867.838,Metal Loss,External,56.0,0.193,,GENE,,,,,1.9,3.6,5:34,*EXT ML ( ON GW ) REPAIRED,11,Y,Y,5.97,136.102,03:00,17.383,CMFL,1025,65000,E.R. WELD,24,1400.1,1944.6,1483.5,2060.5,0.732,1.043,,,2022,Metal Loss_41867.8,True,41867.838,41867.081000000006,METAL_LOSS,False,5.566666666666666,3320,41864.98619282745
11620,40.092,0.344,0.482,39.613,41868.36,Metal Loss,External,12.0,0.041,27.0,GENE,20.0,,,,4.9,1.5,8:43,EXT ML,9,N,N,5.97,136.16,01:12,25.761,CMFL,1025,65000,E.R. WELD,24,1479.4,2054.8,1466.6,2036.9,0.693,1.103,1.0,1.2,2022,Metal Loss_41868.4,True,41868.36,41867.603,METAL_LOSS,False,8.716666666666667,3324,41865.52779327031
11620,40.092,0.344,0.495,39.596,41868.376,Metal Loss,External,19.0,0.065,34.0,GENE,20.0,,,,1.8,1.8,11:41,EXT ML,9,N,N,5.97,136.161,01:12,9.425,CMFL,1025,65000,E.R. WELD,24,1517.5,2107.6,1510.9,2098.5,0.676,1.132,1.0,1.2,2022,Metal Loss_41868.4,True,41868.376,41867.619,METAL_LOSS,False,11.683333333333334,3325,41865.54375296201
11620,40.092,0.344,0.748,39.344,41868.629,Metal Loss,External,30.0,0.103,45.0,GENE,20.0,,,,2.8,1.6,2:46,EXT ML,9,N,N,5.97,136.189,01:12,9.634,CMFL,1025,65000,E.R. WELD,24,1443.4,2004.7,1444.1,2005.7,0.71,1.076,1.0,1.2,2022,Metal Loss_41868.6,True,41868.629,41867.872,METAL_LOSS,False,2.7666666666666666,3326,41865.79611558704
11620,40.092,0.344,0.889,39.203,41868.77,Metal Loss,External,22.0,0.076,37.0,PITT,20.0,,,,0.7,0.7,8:13,EXT ML,9,N,N,5.97,136.204,01:12,31.206,CMFL,1025,65000,E.R. WELD,24,1541.3,2140.8,1539.8,2138.7,0.665,1.149,0.6,1.2,2022,Metal Loss_41868.8,True,41868.77,41868.013,METAL_LOSS,False,8.216666666666667,3327,41865.936760370154
11620,40.092,0.344,1.414,38.681,41869.291,Metal Loss,External,23.0,0.079,38.0,GENE,20.0,,,,3.8,5.6,5:46,EXT ML,9,N,N,5.97,136.262,01:12,26.808,CMFL,1025,65000,E.R. WELD,24,1442.4,2003.3,1451.7,2016.2,0.711,1.074,1.0,1.2,2022,Metal Loss_41869.3,True,41869.291,41868.534,METAL_LOSS,False,5.766666666666667,3328,41866.45644783118
11620,40.092,0.344,2.467,37.628,41870.344,Metal Loss,External,19.0,0.065,34.0,GENE,20.0,,,,1.9,1.9,6:33,EXT ML,9,N,N,5.97,136.377,01:12,33.72,CMFL,1025,65000,E.R. WELD,24,1513.3,2101.7,1505.9,2091.5,0.677,1.128,1.0,1.2,2022,Metal Loss_41870.3,True,41870.344,41869.587,METAL_LOSS,False,6.55,3330,41867.50679504128
11620,40.092,0.344,29.311,10.781,41897.192,Metal Loss,External,30.0,0.103,45.0,GENE,20.0,,,,2.0,1.3,5:34,EXT ML,9,N,N,5.97,136.735,01:12,27.437,CMFL,1025,65000,E.R. WELD,24,1483.6,2060.6,1468.3,2039.3,0.691,1.105,1.0,1.2,2022,Metal Loss_41897.2,True,41897.192,41896.435000000005,METAL_LOSS,False,5.566666666666666,3331,41894.2871577162
11620,40.092,0.344,33.917,6.175,41901.798,Metal Loss,External,21.0,0.072,36.0,GENE,20.0,,,,8.0,3.9,8:03,EXT ML,9,N,N,5.97,136.795,01:12,31.206,CMFL,1025,65000,E.R. WELD,24,1372.8,1906.7,1350.8,1876.1,0.747,1.025,1.0,1.2,2022,Metal Loss_41901.8,True,41901.798,41901.041000000005,METAL_LOSS,False,8.05,3333,41898.88155396473
11620,40.092,0.344,34.318,5.778,41902.195,Metal Loss,External,21.0,0.072,36.0,GENE,20.0,,,,6.1,1.9,9:05,EXT ML,9,N,N,5.97,136.801,01:12,25.761,CMFL,1025,65000,E.R. WELD,24,1398.2,1941.9,1384.5,1922.9,0.733,1.044,1.0,1.2,2022,Metal Loss_41902.2,True,41902.195,41901.438,METAL_LOSS,False,9.083333333333334,3334,41899.27755381507
11630,40.4,0.344,0.863,39.537,41908.835,Metal Loss,External,23.0,0.079,38.0,GENE,20.0,,,,3.9,2.9,10:05,EXT ML,31,N,N,5.97,136.888,12:24,14.451,CMFL,1025,65000,E.R. WELD,24,1434.9,1992.9,1411.2,1960.0,0.714,1.07,1.0,1.2,2022,Metal Loss_41908.8,True,41908.835,41908.078,METAL_LOSS,False,10.083333333333334,3336,41905.89251181902
11630,40.4,0.344,1.634,38.766,41909.606,Metal Loss,External,26.0,0.089,41.0,GENE,20.0,,,,8.7,5.0,9:59,EXT ML,31,N,N,5.97,136.899,12:24,14.451,CMFL,1025,65000,E.R. WELD,24,1318.9,1831.9,1327.9,1844.4,0.777,0.984,1.0,1.2,2022,Metal Loss_41909.6,True,41909.606,41908.849,METAL_LOSS,False,9.983333333333333,3337,41906.65414172917
11630,40.4,0.344,3.018,37.385,41910.988,Metal Loss,External,18.0,0.062,33.0,GENE,20.0,,,,3.4,3.3,9:56,EXT ML,31,N,N,5.97,136.91,12:24,15.499,CMFL,1025,65000,E.R. WELD,24,1477.1,2051.6,1462.8,2031.7,0.694,1.1,1.0,1.2,2022,Metal Loss_41911.0,True,41910.988,41910.231,METAL_LOSS,False,9.933333333333334,3338,41908.019346055786
11630,40.4,0.344,4.065,36.335,41912.037,Metal Loss,External,12.0,0.041,27.0,GENE,20.0,,,,1.9,1.3,9:53,EXT ML,31,N,N,5.97,136.909,12:24,15.708,CMFL,1025,65000,E.R. WELD,24,1528.2,2122.4,1524.2,2117.0,0.671,1.139,1.0,1.2,2022,Metal Loss_41912.0,True,41912.037,41911.28,METAL_LOSS,False,9.883333333333333,3339,41909.0555973862
11630,40.4,0.344,4.511,35.889,41912.484,Metal Loss,External,16.0,0.055,36.0,AXSL,20.0,,,,0.6,0.3,7:11,EXT ML,31,N,N,5.97,136.909,12:24,32.673,CMFL,1025,65000,E.R. WELD,24,1544.3,2144.9,1543.6,2143.9,0.664,1.151,1.0,1.2,2022,Metal Loss_41912.5,True,41912.484,41911.727,METAL_LOSS,False,7.183333333333334,3340,41909.49716492165
11630,40.4,0.344,5.768,34.636,41913.737,Metal Loss,External,13.0,0.044,28.0,GENE,20.0,,,,3.1,3.2,6:47,EXT ML,31,N,N,5.97,136.908,12:24,36.442,CMFL,1025,65000,E.R. WELD,24,1501.7,2085.8,1500.1,2083.4,0.683,1.12,1.0,1.2,2022,Metal Loss_41913.7,True,41913.737,41912.98,METAL_LOSS,False,6.783333333333333,3341,41910.73493700651
11630,40.4,0.344,6.253,34.147,41914.226,Metal Loss,External,13.0,0.044,28.0,GENE,20.0,,,,10.4,3.2,6:34,EXT ML,31,N,N,5.97,136.908,12:24,35.814,CMFL,1025,65000,E.R. WELD,24,1430.1,1986.2,1436.1,1994.6,0.717,1.067,1.0,1.2,2022,Metal Loss_41914.2,True,41914.226,41913.469000000005,METAL_LOSS,False,6.566666666666666,3342,41911.21799410906
11630,40.4,0.344,6.325,34.075,41914.298,Metal Loss,External,13.0,0.044,28.0,PITT,20.0,,,,1.7,1.0,10:11,EXT ML,31,N,N,5.97,136.908,12:24,13.823,CMFL,1025,65000,E.R. WELD,24,1528.9,2123.4,1525.0,2118.1,0.671,1.14,0.6,1.2,2022,Metal Loss_41914.3,True,41914.298,41913.541000000005,METAL_LOSS,False,10.183333333333334,3343,41911.289119081215
11630,40.4,0.344,7.336,33.064,41915.308,Metal Loss,External,17.0,0.058,32.0,GENE,20.0,,,,4.4,2.0,6:36,EXT ML,31,N,N,5.97,136.908,12:24,36.233,CMFL,1025,65000,E.R. WELD,24,1459.9,2027.6,1456.9,2023.5,0.702,1.087,1.0,1.2,2022,Metal Loss_41915.3,True,41915.308,41914.551,METAL_LOSS,False,6.6,3344,41912.28684438504
11630,40.4,0.344,8.579,31.821,41916.552,Metal Loss,External,16.0,0.055,31.0,GENE,20.0,,,,1.4,1.6,6:54,EXT ML,31,N,N,5.97,136.907,12:24,34.558,CMFL,1025,65000,E.R. WELD,24,1531.5,2127.1,1528.1,2122.4,0.669,1.142,1.0,1.2,2022,Metal Loss_41916.6,True,41916.552,41915.795000000006,METAL_LOSS,False,6.9,3345,41913.515725848374
11630,40.4,0.344,15.308,25.095,41923.278,Metal Loss,External,17.0,0.058,32.0,PITT,20.0,,,,1.1,1.5,10:05,EXT ML,31,N,N,5.97,136.904,12:24,14.451,CMFL,1025,65000,E.R. WELD,24,1535.8,2133.1,1533.3,2129.5,0.667,1.145,0.6,1.2,2022,Metal Loss_41923.3,True,41923.278,41922.521,METAL_LOSS,False,10.083333333333334,3346,41920.15998366377
11630,40.4,0.344,15.659,24.741,41923.632,Metal Loss,External,12.0,0.041,27.0,GENE,20.0,,,,1.5,1.3,10:14,EXT ML,31,N,N,5.97,136.903,12:24,13.614,CMFL,1025,65000,E.R. WELD,24,1533.8,2130.3,1531.0,2126.4,0.668,1.144,1.0,1.2,2022,Metal Loss_41923.6,True,41923.632,41922.875,METAL_LOSS,False,10.233333333333333,3347,41920.509681443524
11630,40.4,0.344,16.138,24.262,41924.111,Metal Loss,External,15.0,0.052,30.0,GENE,20.0,,,,6.9,2.2,5:07,EXT ML,31,N,N,5.97,136.903,12:24,29.95,CMFL,1025,65000,E.R. WELD,24,1434.1,1991.8,1455.2,2021.1,0.715,1.071,1.0,1.2,2022,Metal Loss_41924.1,True,41924.111,41923.354,METAL_LOSS,False,5.116666666666666,3348,41920.98286007772
11630,40.4,0.344,16.188,24.213,41924.16,Metal Loss,External,20.0,0.069,35.0,GENE,20.0,,,,2.3,1.9,8:27,EXT ML,31,N,N,5.97,136.903,12:24,24.714,CMFL,1025,65000,E.R. WELD,24,1502.2,2086.4,1492.5,2072.9,0.682,1.119,1.0,1.2,2022,Metal Loss_41924.2,True,41924.16,41923.403000000006,METAL_LOSS,False,8.45,3349,41921.03126457266
11630,40.4,0.344,16.309,24.091,41924.281,Metal Loss,External,17.0,0.058,32.0,GENE,20.0,,,,3.5,1.7,9:20,EXT ML,31,N,N,5.97,136.903,12:24,19.478,CMFL,1025,65000,E.R. WELD,24,1481.4,2057.5,1470.9,2042.9,0.692,1.103,1.0,1.2,2022,Metal Loss_41924.3,True,41924.281,41923.524000000005,METAL_LOSS,False,9.333333333333334,3350,41921.15079403975
11630,40.4,0.344,17.91,22.49,41925.883,Metal Loss,External,15.0,0.052,30.0,PITT,20.0,,,,1.1,1.0,8:47,EXT ML,31,N,N,5.97,136.902,12:24,22.619,CMFL,1025,65000,E.R. WELD,24,1538.3,2136.5,1536.3,2133.7,0.666,1.147,0.6,1.2,2022,Metal Loss_41925.9,True,41925.883,41925.126,METAL_LOSS,False,8.783333333333333,3351,41922.73332467018
11630,40.4,0.344,17.933,22.467,41925.906,Metal Loss,External,12.0,0.041,27.0,GENE,20.0,,,,1.6,1.3,8:18,EXT ML,31,N,N,5.97,136.902,12:24,25.761,CMFL,1025,65000,E.R. WELD,24,1533.5,2129.9,1530.6,2125.9,0.668,1.143,1.0,1.2,2022,Metal Loss_41925.9,True,41925.906,41925.149000000005,METAL_LOSS,False,8.3,3352,41922.7560451474
11630,40.4,0.344,17.986,22.418,41925.955,Metal Loss,External,15.0,0.052,30.0,GENE,20.0,,,,12.1,6.6,10:32,EXT ML,31,N,N,5.97,136.902,12:24,10.263,CMFL,1025,65000,E.R. WELD,24,1402.7,1948.1,1379.6,1916.1,0.731,1.047,1.0,1.2,2022,Metal Loss_41926.0,True,41925.955,41925.198,METAL_LOSS,False,10.533333333333333,3353,41922.80444964234
11630,40.4,0.344,21.499,18.901,41929.472,Metal Loss,External,17.0,0.058,32.0,GENE,20.0,,,,4.4,3.0,10:07,EXT ML,31,N,N,5.97,136.901,12:24,14.242,CMFL,1025,65000,E.R. WELD,24,1460.8,2028.9,1443.6,2005.0,0.702,1.087,1.0,1.2,2022,Metal Loss_41929.5,True,41929.472,41928.715,METAL_LOSS,False,10.116666666666667,3354,41926.2787069627
11630,40.4,0.344,22.211,18.189,41930.184,Metal Loss,External,15.0,0.052,30.0,GENE,20.0,,,,11.2,2.7,10:20,EXT ML,31,N,N,5.97,136.9,12:24,12.985,CMFL,1025,65000,E.R. WELD,24,1403.9,1949.9,1440.9,2001.2,0.73,1.05,1.0,1.2,2022,Metal Loss_41930.2,True,41930.184,41929.427,METAL_LOSS,False,10.333333333333334,3355,41926.98205390955
11630,40.4,0.344,26.886,13.514,41934.859,Metal Loss,External,16.0,0.055,31.0,GENE,20.0,,,,4.5,4.4,10:33,EXT ML,31,N,N,5.97,136.898,12:24,10.681,CMFL,1025,65000,E.R. WELD,24,1460.8,2028.9,1468.2,2039.2,0.702,1.091,1.0,1.2,2022,Metal Loss_41934.9,True,41934.859,41934.102,METAL_LOSS,False,10.55,3356,41931.600237865394
11630,40.4,0.344,27.723,12.677,41935.696,Metal Loss,External,17.0,0.058,32.0,GENE,20.0,,,,5.0,3.6,10:28,EXT ML,31,N,N,5.97,136.898,12:24,12.147,CMFL,1025,65000,E.R. WELD,24,1448.1,2011.2,1443.2,2004.5,0.708,1.08,1.0,1.2,2022,Metal Loss_41935.7,True,41935.696,41934.939000000006,METAL_LOSS,False,10.466666666666667,3357,41932.42706566669
11630,40.4,0.344,28.822,11.578,41936.795,Metal Loss,External,23.0,0.079,38.0,GENE,20.0,,,,6.9,4.5,10:44,EXT ML,31,N,N,5.97,136.897,12:24,10.053,CMFL,1025,65000,E.R. WELD,24,1368.7,1901.0,1376.1,1911.3,0.749,1.023,1.0,1.2,2022,Metal Loss_41936.8,True,41936.795,41936.038,METAL_LOSS,False,10.733333333333333,3358,41933.51270933887
11630,40.4,0.344,32.904,7.497,41940.876,Metal Loss,External,13.0,0.044,28.0,PITT,20.0,,,,1.1,1.0,10:18,EXT ML,31,N,N,5.97,136.895,12:24,13.195,CMFL,1025,65000,E.R. WELD,24,1539.1,2137.6,1537.3,2135.1,0.666,1.147,0.6,1.2,2022,Metal Loss_41940.9,True,41940.876,41940.119,METAL_LOSS,False,10.3,3359,41937.544112274445
11630,40.4,0.344,33.819,6.581,41941.791,Metal Loss,External,12.0,0.041,27.0,AXGR,20.0,,,,3.3,1.1,9:25,EXT ML,31,N,N,5.97,136.894,12:24,18.85,CMFL,1025,65000,E.R. WELD,24,1501.5,2085.4,1497.5,2079.9,0.683,1.12,1.0,1.2,2022,Metal Loss_41941.8,True,41941.791,41941.034,METAL_LOSS,False,9.416666666666666,3360,41938.4479921289
11630,40.4,0.344,39.255,1.148,41947.224,Metal Loss,External,14.0,0.048,29.0,GENE,20.0,,,,6.8,5.6,4:23,EXT ML,31,N,N,5.97,136.892,12:24,27.227,CMFL,1025,65000,E.R. WELD,24,1447.0,2009.7,1434.5,1992.3,0.708,1.078,1.0,1.2,2022,Metal Loss_41947.2,True,41947.224,41946.467,METAL_LOSS,False,4.383333333333334,3361,41943.81496398604
11630,40.4,0.344,39.498,0.902,41947.47,Metal Loss,External,12.0,0.041,27.0,GENE,20.0,,,,4.3,3.0,5:36,EXT ML,31,N,N,5.97,136.892,12:24,32.254,CMFL,1025,65000,E.R. WELD,24,1488.6,2067.5,1483.3,2060.2,0.689,1.11,1.0,1.2,2022,Metal Loss_41947.5,True,41947.47,41946.713,METAL_LOSS,False,5.6,3362,41944.057974307565
11630,40.4,0.344,39.514,0.886,41947.487,Metal Loss,External,11.0,0.038,26.0,GENE,20.0,,,,2.2,1.3,3:16,EXT ML,31,N,N,5.97,136.892,12:24,18.012,CMFL,1025,65000,E.R. WELD,24,1524.5,2117.4,1520.0,2111.1,0.672,1.136,1.0,1.2,2022,Metal Loss_41947.5,True,41947.487,41946.73,METAL_LOSS,False,3.2666666666666666,3363,41944.074767703765
11630,40.4,0.344,39.557,0.843,41947.53,Metal Loss,External,15.0,0.052,30.0,CIGR,25.0,,,,1.0,2.0,2:36,EXT ML,31,N,N,5.97,136.892,12:24,13.823,CMFL,1025,65000,E.R. WELD,24,1540.4,2139.4,1538.8,2137.2,0.666,1.148,1.0,1.2,2022,Metal Loss_41947.5,True,41947.53,41946.773,METAL_LOSS,False,2.6,3364,41944.11724511769
11630,40.4,0.344,40.233,0.167,41948.205,Metal Loss,External,20.0,0.069,35.0,GENE,20.0,,,,21.4,5.4,2:50,EXT ML ( ON GW ),31,N,N,5.97,136.891,12:24,14.451,CMFL,1025,65000,E.R. WELD,24,1328.5,1845.1,1349.7,1874.6,0.772,0.991,1.0,1.2,2022,Metal Loss_41948.2,True,41948.205,41947.448,METAL_LOSS,False,2.8333333333333335,3365,41944.78404173164
11630,40.4,0.344,40.269,0.135,41948.238,Metal Loss,External,14.0,0.048,29.0,GENE,25.0,,,,2.6,1.7,3:28,EXT ML ( ON GW ),31,N,N,5.97,136.891,12:24,19.268,CMFL,1025,65000,E.R. WELD,24,1509.6,2096.6,1501.9,2085.9,0.679,1.126,1.2,1.4,2022,Metal Loss_41948.2,True,41948.238,41947.481,METAL_LOSS,False,3.466666666666667,3366,41944.81664067721
11640,39.79,0.344,0.374,39.416,41948.747,Metal Loss,External,20.0,0.069,35.0,GENE,20.0,,,,10.0,8.6,4:44,EXT ML,2,N,N,5.97,136.891,02:24,11.729,CMFL,1025,65000,E.R. WELD,24,1366.2,1897.4,1372.1,1905.7,0.75,1.018,1.0,1.2,2022,Metal Loss_41948.7,True,41948.747,41947.990000000005,METAL_LOSS,False,4.733333333333333,3368,41945.32559788892
11640,39.79,0.344,18.041,21.749,41966.414,Metal Loss,External,11.0,0.038,26.0,GENE,20.0,,,,6.9,1.7,2:10,EXT ML ( NEAR SW ),2,N,N,5.97,136.984,02:24,1.466,CMFL,1025,65000,E.R. WELD,24,1464.9,2034.5,1449.4,2013.0,0.7,1.094,1.0,1.2,2022,Metal Loss_41966.4,True,41966.414,41965.657,METAL_LOSS,False,2.1666666666666665,3369,41963.0680789143
11650,40.24,0.344,39.268,0.974,42027.428,Metal Loss,External,14.0,0.048,29.0,GENE,20.0,,,,3.9,1.9,8:36,EXT ML,2,N,N,5.97,137.587,01:20,29.74,CMFL,1025,65000,E.R. WELD,24,1486.6,2064.7,1474.7,2048.2,0.69,1.106,1.0,1.2,2022,Metal Loss_42027.4,True,42027.428,42026.671,METAL_LOSS,False,8.6,3371,42023.86372151395
11650,40.24,0.344,39.383,0.856,42027.546,Metal Loss,External,18.0,0.062,33.0,GENE,20.0,,,,2.2,3.1,9:55,EXT ML,2,N,N,5.97,137.588,01:20,21.363,CMFL,1025,65000,E.R. WELD,24,1509.5,2096.6,1501.5,2085.4,0.679,1.125,1.0,1.2,2022,Metal Loss_42027.5,True,42027.546,42026.789,METAL_LOSS,False,9.916666666666666,3372,42023.98078605333
11660,40.003,0.344,0.364,39.639,42028.766,Metal Loss,External,17.0,0.058,32.0,GENE,20.0,,,,8.5,8.0,9:45,EXT ML,4,N,N,5.97,137.604,11:32,11.729,CMFL,1025,65000,E.R. WELD,24,1402.5,1947.9,1410.3,1958.8,0.731,1.047,1.0,1.2,2022,Metal Loss_42028.8,True,42028.766,42028.009000000005,METAL_LOSS,False,9.75,3374,42025.19332666734
11660,40.003,0.344,35.367,4.636,42063.77,Metal Loss,External,15.0,0.052,30.0,GENE,20.0,,,,1.3,1.2,9:56,EXT ML,4,N,N,5.97,137.383,11:32,10.053,CMFL,1025,65000,E.R. WELD,24,1536.0,2133.4,1533.6,2130.0,0.667,1.145,1.0,1.2,2022,Metal Loss_42063.8,True,42063.77,42063.013,METAL_LOSS,False,9.933333333333334,3375,42060.13257574242
11660,40.003,0.344,36.873,3.13,42065.276,Metal Loss,External,15.0,0.052,30.0,GENE,20.0,,,,1.3,1.3,10:03,EXT ML,4,N,N,5.97,137.372,11:32,9.215,CMFL,1025,65000,E.R. WELD,24,1534.4,2131.2,1531.6,2127.3,0.668,1.144,1.0,1.2,2022,Metal Loss_42065.3,True,42065.276,42064.519,METAL_LOSS,False,10.05,3376,42061.635789921005
11660,40.003,0.344,37.395,2.608,42065.797,Metal Loss,External,12.0,0.041,27.0,GENE,20.0,,,,2.7,3.7,10:01,EXT ML,4,N,N,5.97,137.368,11:32,9.634,CMFL,1025,65000,E.R. WELD,24,1513.6,2102.2,1506.9,2092.8,0.677,1.128,1.0,1.2,2022,Metal Loss_42065.8,True,42065.797,42065.04,METAL_LOSS,False,10.016666666666667,3377,42062.15582616738
11670,40.246,0.344,14.209,26.04,42082.615,Metal Loss,External,31.0,0.106,46.0,GENE,20.0,,,,4.4,3.6,5:27,EXT ML,4,N,N,5.97,137.097,12:00,33.091,CMFL,1025,65000,E.R. WELD,24,1373.2,1907.2,1379.2,1915.6,0.747,1.021,1.0,1.2,2022,Metal Loss_42082.6,True,42082.615,42081.858,METAL_LOSS,False,5.45,3379,42078.89874754652
11670,40.246,0.344,14.429,25.817,42082.838,Metal Loss,External,27.0,0.093,42.0,GENE,20.0,,,,3.0,1.7,4:06,EXT ML,4,N,N,5.97,137.093,12:00,25.761,CMFL,1025,65000,E.R. WELD,24,1453.4,2018.6,1432.4,1989.4,0.705,1.082,1.0,1.2,2022,Metal Loss_42082.8,True,42082.838,42082.081000000006,METAL_LOSS,False,4.1,3380,42079.12064498497
11670,40.246,0.344,14.813,25.436,42083.219,Metal Loss,External,12.0,0.041,27.0,AXGR,20.0,,,,1.7,0.7,5:34,EXT ML,4,N,N,5.97,137.085,12:00,34.976,CMFL,1025,65000,E.R. WELD,24,1531.1,2126.5,1527.7,2121.8,0.67,1.142,1.0,1.2,2022,Metal Loss_42083.2,True,42083.219,42082.462,METAL_LOSS,False,5.566666666666666,3381,42079.4997612363
11670,40.246,0.344,39.222,1.024,42107.631,Metal Loss,External,20.0,0.069,35.0,GENE,20.0,,,,4.3,3.9,1:38,EXT ML,4,N,N,5.97,136.6,12:00,9.425,CMFL,1025,65000,E.R. WELD,24,1441.0,2001.4,1447.8,2010.8,0.711,1.076,1.0,1.2,2022,Metal Loss_42107.6,True,42107.631,42106.874,METAL_LOSS,False,1.6333333333333333,3382,42103.79106288355
11680,39.984,0.344,31.965,8.018,42140.62,Metal Loss,External,20.0,0.069,35.0,GENE,20.0,,,,1.5,1.4,4:17,EXT ML,6,N,N,5.97,135.837,03:36,4.398,CMFL,1025,65000,E.R. WELD,24,1523.8,2116.4,1518.6,2109.1,0.673,1.135,1.0,1.2,2022,Metal Loss_42140.6,True,42140.62,42139.863000000005,METAL_LOSS,False,4.283333333333333,3384,42136.79658554886
11680,39.984,0.344,33.99,5.997,42142.641,Metal Loss,External,13.0,0.044,28.0,PITT,20.0,,,,1.0,0.7,5:51,EXT ML,6,N,N,5.97,135.79,03:36,14.242,CMFL,1025,65000,E.R. WELD,24,1540.9,2140.1,1539.5,2138.1,0.665,1.148,0.6,1.2,2022,Metal Loss_42142.6,True,42142.641,42141.884000000005,METAL_LOSS,False,5.85,3385,42138.81895030388
11680,39.984,0.344,34.35,5.636,42143.002,Metal Loss,External,13.0,0.044,28.0,GENE,20.0,,,,1.8,1.3,6:03,EXT ML,6,N,N,5.97,135.781,03:36,15.499,CMFL,1025,65000,E.R. WELD,24,1528.7,2123.2,1524.9,2117.9,0.671,1.139,1.0,1.2,2022,Metal Loss_42143.0,True,42143.002,42142.245,METAL_LOSS,False,6.05,3386,42139.18019408249
11680,39.984,0.344,35.358,4.629,42144.009,Metal Loss,External,13.0,0.044,28.0,GENE,20.0,,,,1.7,1.3,6:03,EXT ML,6,N,N,5.97,135.757,03:36,15.499,CMFL,1025,65000,E.R. WELD,24,1529.8,2124.8,1526.2,2119.7,0.67,1.14,1.0,1.2,2022,Metal Loss_42144.0,True,42144.009,42143.252,METAL_LOSS,False,6.05,3387,42140.18787409649
11680,39.984,0.344,35.83,4.154,42144.485,Metal Loss,External,15.0,0.052,30.0,GENE,20.0,,,,4.5,3.6,4:17,EXT ML,6,N,N,5.97,135.746,03:36,4.398,CMFL,1025,65000,E.R. WELD,24,1466.9,2037.4,1451.1,2015.4,0.699,1.095,1.0,1.2,2022,Metal Loss_42144.5,True,42144.485,42143.728,METAL_LOSS,False,4.283333333333333,3388,42140.6641955331
11680,39.984,0.344,36.339,3.645,42144.993,Metal Loss,External,15.0,0.052,30.0,GENE,20.0,,,,2.3,2.5,5:59,EXT ML,6,N,N,5.97,135.734,03:36,15.08,CMFL,1025,65000,E.R. WELD,24,1514.6,2103.6,1507.8,2094.2,0.677,1.129,1.0,1.2,2022,Metal Loss_42145.0,True,42144.993,42144.236,METAL_LOSS,False,5.983333333333333,3389,42141.172538578896
11860,40.151,0.344,16.591,23.563,42770.305,Metal Loss,External,12.0,0.041,27.0,GENE,20.0,,,,6.6,1.3,11:02,EXT ML ( ON SW ),3,N,N,5.97,153.63,11:00,0.209,CMFL,1025,65000,E.R. WELD,24,1464.1,2033.4,1448.3,2011.6,0.7,1.09,1.0,1.2,2022,Metal Loss_42770.3,True,42770.305,42769.548,METAL_LOSS,False,11.033333333333333,3413,42764.119747204306
11860,40.151,0.344,21.217,18.934,42774.934,Metal Loss,External,12.0,0.041,27.0,GENE,20.0,,,,7.8,1.9,10:59,EXT ML ( ON SW ),3,N,N,5.97,153.301,11:00,0.0,CMFL,1025,65000,E.R. WELD,24,1453.6,2018.9,1436.0,1994.5,0.705,1.083,1.0,1.2,2022,Metal Loss_42774.9,True,42774.934,42774.177,METAL_LOSS,False,10.983333333333333,3414,42768.732491345174
11860,40.151,0.344,22.976,17.175,42776.693,Metal Loss,External,12.0,0.041,27.0,GENE,20.0,,,,4.4,1.7,11:02,EXT ML ( ON SW ),3,N,N,5.97,153.176,11:00,0.209,CMFL,1025,65000,E.R. WELD,24,1488.7,2067.7,1477.5,2052.0,0.689,1.108,1.0,1.2,2022,Metal Loss_42776.7,True,42776.693,42775.936,METAL_LOSS,False,11.033333333333333,3415,42770.48531418893
11870,39.928,0.344,9.675,30.253,42803.543,Metal Loss,External,15.0,0.052,30.0,PITT,20.0,,,,2.0,1.1,8:59,EXT ML ( ON SW ),4,N,N,5.97,151.081,09:04,0.419,CMFL,1025,65000,E.R. WELD,24,1520.0,2111.1,1514.3,2103.2,0.674,1.133,0.6,1.2,2022,Metal Loss_42803.5,True,42803.543,42802.786,METAL_LOSS,False,8.983333333333333,3417,42797.287600180316
11870,39.928,0.344,20.591,19.337,42814.459,Metal Loss,External,14.0,0.048,29.0,GENE,15.0,,,,3.6,2.1,9:14,*EXT ML ( ON SW ),4,Y,Y,5.97,150.017,09:04,1.047,CMFL,1025,65000,E.R. WELD,24,1488.3,2067.1,1476.6,2050.8,0.689,1.111,0.8,1.0,2022,Metal Loss_42814.5,True,42814.459,42813.702000000005,METAL_LOSS,False,9.233333333333333,3419,42808.21781656983
11870,39.928,0.344,29.327,10.6,42823.196,Metal Loss,External,13.0,0.044,28.0,GENE,20.0,,,,15.4,2.5,9:20,EXT ML ( NEAR SW ),4,N,N,5.97,149.166,09:04,1.257,CMFL,1025,65000,E.R. WELD,24,1416.6,1967.6,1401.0,1945.8,0.724,1.055,1.0,1.2,2022,Metal Loss_42823.2,True,42823.196,42822.439000000006,METAL_LOSS,False,9.333333333333334,3420,42816.966195151275
11870,39.928,0.344,36.424,3.504,42830.292,Metal Loss,External,13.0,0.044,28.0,GENE,20.0,,,,38.8,3.7,9:12,EXT ML ( ON SW ),4,N,N,5.97,148.474,09:04,1.885,CMFL,1025,65000,E.R. WELD,24,1396.5,1939.5,1380.7,1917.6,0.734,1.039,1.0,1.2,2022,Metal Loss_42830.3,True,42830.292,42829.535,METAL_LOSS,False,9.2,3421,42824.07143658586
11930,40.069,0.344,17.257,22.812,43052.06,Metal Loss,External,16.0,0.055,31.0,GENE,20.0,,,,3.0,3.5,7:10,EXT ML,1,N,N,5.97,104.463,10:24,20.316,CMFL,1025,65000,E.R. WELD,24,1492.9,2073.5,1481.8,2058.1,0.687,1.113,1.0,1.2,2022,Metal Loss_43052.1,True,43052.06,43051.303,METAL_LOSS,False,7.166666666666667,3428,43012.55158975766
11990,29.508,0.344,28.72,0.787,43271.601,Metal Loss,External,36.0,0.124,51.0,GENE,20.0,,,,2.0,1.5,7:48,EXT ML,1,N,N,5.97,73.177,09:12,8.796,CMFL,1025,65000,E.R. WELD,24,1466.2,2036.4,1445.3,2007.4,0.699,1.092,1.0,1.2,2022,Metal Loss_43271.6,True,43271.601,43270.844000000005,METAL_LOSS,False,7.8,3437,43255.732334361346
12010,40.092,0.344,1.106,38.986,43280.112,Metal Loss,External,14.0,0.048,29.0,GENE,20.0,,,,13.2,4.1,3:25,EXT ML ( ON SW ),5,N,N,5.97,71.628,03:24,0.209,CMFL,1025,65000,E.R. WELD,24,1414.0,1963.9,1407.0,1954.2,0.725,1.052,1.0,1.2,2022,Metal Loss_43280.1,True,43280.112,43279.355,METAL_LOSS,False,3.4166666666666665,3440,43297.49798636409
12010,40.092,0.344,25.486,14.606,43304.491,Metal Loss,External,17.0,0.058,32.0,GENE,20.0,,,,2.4,1.7,3:39,EXT ML ( NEAR SW ),5,N,N,5.97,66.063,03:24,1.676,CMFL,1025,65000,E.R. WELD,24,1505.0,2090.3,1496.2,2078.1,0.681,1.122,1.0,1.2,2022,Metal Loss_43304.5,True,43304.491,43303.734,METAL_LOSS,False,3.65,3441,43313.76504745831
12010,40.092,0.344,28.802,11.293,43307.805,Metal Loss,External,13.0,0.044,28.0,GENE,20.0,,,,4.2,1.5,3:40,EXT ML ( NEAR SW ),5,N,N,5.97,65.3,03:24,1.676,CMFL,1025,65000,E.R. WELD,24,1481.9,2058.2,1469.2,2040.5,0.692,1.106,1.0,1.2,2022,Metal Loss_43307.8,True,43307.805,43307.048,METAL_LOSS,False,3.6666666666666665,3442,43315.976337522145
12010,40.092,0.344,30.115,9.98,43309.117,Metal Loss,External,12.0,0.041,27.0,GENE,20.0,,,,7.1,1.5,3:14,EXT ML ( NEAR SW ),5,N,N,5.97,64.998,03:24,1.047,CMFL,1025,65000,E.R. WELD,24,1458.6,2025.9,1444.7,2006.5,0.703,1.087,1.0,1.2,2022,Metal Loss_43309.1,True,43309.117,43308.36,METAL_LOSS,False,3.2333333333333334,3443,43316.85177885098
12010,40.092,0.344,34.052,6.04,43313.058,Metal Loss,External,12.0,0.041,27.0,GENE,20.0,,,,10.0,2.4,3:40,EXT ML ( NEAR SW ),5,N,N,5.97,64.092,03:24,1.676,CMFL,1025,65000,E.R. WELD,24,1445.6,2007.8,1426.8,1981.6,0.709,1.075,1.0,1.2,2022,Metal Loss_43313.1,True,43313.058,43312.301,METAL_LOSS,False,3.6666666666666665,3444,43319.481439123025
12050,40.082,0.344,7.103,32.979,43392.329,Metal Loss,External,12.0,0.041,27.0,GENE,20.0,,,,1.9,1.3,3:34,EXT ML,5,N,N,5.97,71.982,12:56,16.546,CMFL,1025,65000,E.R. WELD,24,1528.6,2123.1,1524.8,2117.8,0.671,1.139,1.0,1.2,2022,Metal Loss_43392.3,True,43392.329,43391.572,METAL_LOSS,False,3.5666666666666664,3450,43383.80846863929
12050,40.082,0.344,7.205,32.877,43392.431,Metal Loss,External,10.0,0.034,25.0,GENE,20.0,,,,2.4,1.3,8:43,EXT ML,5,N,N,5.97,72.021,12:56,26.389,CMFL,1025,65000,E.R. WELD,24,1524.3,2117.1,1519.8,2110.8,0.673,1.137,1.0,1.2,2022,Metal Loss_43392.4,True,43392.431,43391.674,METAL_LOSS,False,8.716666666666667,3451,43383.910259967066
12050,40.082,0.344,8.041,32.041,43393.268,Metal Loss,External,12.0,0.041,27.0,GENE,20.0,,,,3.5,2.7,8:27,EXT ML,5,N,N,5.97,72.343,12:56,28.065,CMFL,1025,65000,E.R. WELD,24,1500.9,2084.5,1491.8,2071.9,0.683,1.118,1.0,1.2,2022,Metal Loss_43393.3,True,43393.268,43392.511,METAL_LOSS,False,8.45,3452,43384.74554762736
12050,40.082,0.344,8.967,31.115,43394.193,Metal Loss,External,12.0,0.041,27.0,GENE,20.0,,,,2.4,2.0,3:33,EXT ML,5,N,N,5.97,72.697,12:56,16.546,CMFL,1025,65000,E.R. WELD,24,1519.2,2109.9,1513.5,2102.1,0.675,1.133,1.0,1.2,2022,Metal Loss_43394.2,True,43394.193,43393.436,METAL_LOSS,False,3.55,3453,43385.668655256726
12050,40.082,0.344,9.56,30.522,43394.787,Metal Loss,External,12.0,0.041,27.0,GENE,20.0,,,,2.0,1.3,3:55,EXT ML,5,N,N,5.97,72.926,12:56,18.85,CMFL,1025,65000,E.R. WELD,24,1525.9,2119.2,1521.5,2113.2,0.672,1.137,1.0,1.2,2022,Metal Loss_43394.8,True,43394.787,43394.03,METAL_LOSS,False,3.9166666666666665,3454,43386.2614400479
12130,40.036,0.344,8.343,31.696,43695.354,Metal Loss,External,11.0,0.038,26.0,GENE,20.0,,,,9.2,2.7,12:24,EXT ML ( ON SW ),6,N,N,5.97,139.317,12:20,0.838,CMFL,1025,65000,E.R. WELD,24,1451.3,2015.7,1442.7,2003.8,0.706,1.084,1.0,1.2,2022,Metal Loss_43695.4,True,43695.354,43694.597,METAL_LOSS,False,12.4,3470,43685.01854184879
12130,40.036,0.344,21.572,18.465,43708.586,Metal Loss,External,19.0,0.065,34.0,GENE,20.0,,,,18.2,7.3,4:31,EXT ML,6,N,N,5.97,138.881,12:20,23.248,CMFL,1025,65000,E.R. WELD,24,1342.6,1864.8,1365.5,1896.6,0.764,1.003,1.0,1.2,2022,Metal Loss_43708.6,True,43708.586,43707.829000000005,METAL_LOSS,False,4.516666666666667,3471,43698.248228388744
12130,40.036,0.344,24.721,15.318,43711.732,Metal Loss,External,12.0,0.041,27.0,GENE,20.0,,,,4.7,2.6,4:18,EXT ML,6,N,N,5.97,138.777,12:20,24.923,CMFL,1025,65000,E.R. WELD,24,1484.4,2061.7,1472.3,2044.9,0.691,1.105,1.0,1.2,2022,Metal Loss_43711.7,True,43711.732,43710.975000000006,METAL_LOSS,False,4.3,3472,43701.39367834753
12130,40.036,0.344,25.466,14.573,43712.477,Metal Loss,External,11.0,0.038,26.0,GENE,20.0,,,,8.6,1.9,12:31,EXT ML ( NEAR SW ),6,N,N,5.97,138.753,12:20,1.257,CMFL,1025,65000,E.R. WELD,24,1454.1,2019.6,1436.8,1995.5,0.705,1.086,1.0,1.2,2022,Metal Loss_43712.5,True,43712.477,43711.72,METAL_LOSS,False,12.516666666666667,3473,43702.13854809301
12130,40.036,0.344,32.07,7.966,43719.085,Metal Loss,External,15.0,0.052,30.0,GENE,20.0,,,,2.0,1.8,3:37,EXT ML,6,N,N,5.97,138.535,12:20,20.735,CMFL,1025,65000,E.R. WELD,24,1520.0,2111.1,1514.3,2103.2,0.674,1.133,1.0,1.2,2022,Metal Loss_43719.1,True,43719.085,43718.328,METAL_LOSS,False,3.6166666666666667,3474,43708.745392761695
12130,40.036,0.344,34.341,5.696,43721.355,Metal Loss,External,13.0,0.044,28.0,GENE,20.0,,,,1.4,1.3,3:48,EXT ML,6,N,N,5.97,138.46,12:20,21.782,CMFL,1025,65000,E.R. WELD,24,1535.8,2133.1,1533.4,2129.7,0.667,1.145,1.0,1.2,2022,Metal Loss_43721.4,True,43721.355,43720.598000000005,METAL_LOSS,False,3.8,3475,43711.01499587882
12140,40.246,0.344,39.321,0.922,43766.371,Metal Loss,External,13.0,0.044,28.0,GENE,20.0,,,,2.6,1.9,4:26,EXT ML,2,N,N,5.97,136.882,01:16,19.897,CMFL,1025,65000,E.R. WELD,24,1511.1,2098.7,1503.8,2088.6,0.678,1.127,1.0,1.2,2022,Metal Loss_43766.4,True,43766.371,43765.614,METAL_LOSS,False,4.433333333333334,3477,43744.00008498583
12140,40.246,0.344,39.334,0.909,43766.385,Metal Loss,External,19.0,0.065,34.0,GENE,20.0,,,,1.8,2.0,10:04,EXT ML,2,N,N,5.97,136.881,01:16,20.106,CMFL,1025,65000,E.R. WELD,24,1518.4,2108.9,1512.1,2100.1,0.675,1.132,1.0,1.2,2022,Metal Loss_43766.4,True,43766.385,43765.628,METAL_LOSS,False,10.066666666666666,3478,43744.00980169972
12150,39.413,0.344,0.794,38.622,43768.087,Metal Loss,External,26.0,0.089,41.0,GENE,20.0,,,,3.9,4.7,5:17,EXT ML,1,N,N,5.97,136.821,07:16,11.729,CMFL,1025,65000,E.R. WELD,24,1419.8,1972.0,1392.4,1933.9,0.722,1.058,1.0,1.2,2022,Metal Loss_43768.1,True,43768.087,43767.33,METAL_LOSS,False,5.283333333333333,3480,43745.4463684798
12160,40.374,0.344,3.533,36.841,43810.243,Metal Loss,External,17.0,0.058,32.0,PITT,20.0,,,,1.1,1.2,7:27,EXT ML,28,N,N,5.97,135.188,08:48,8.378,CMFL,1025,65000,E.R. WELD,24,1536.8,2134.5,1534.5,2131.2,0.667,1.145,0.6,1.2,2022,Metal Loss_43810.2,True,43810.243,43809.486,METAL_LOSS,False,7.45,3482,43788.172138504975
12160,40.374,0.344,3.953,36.424,43810.659,Metal Loss,External,13.0,0.044,28.0,PITT,20.0,,,,1.9,1.0,7:28,EXT ML,28,N,N,5.97,135.187,08:48,8.378,CMFL,1025,65000,E.R. WELD,24,1526.8,2120.6,1522.6,2114.7,0.671,1.138,0.6,1.2,2022,Metal Loss_43810.7,True,43810.659,43809.902,METAL_LOSS,False,7.466666666666667,3483,43788.584387972456
12160,40.374,0.344,4.849,35.525,43811.558,Metal Loss,External,16.0,0.055,31.0,PITT,20.0,,,,1.1,1.4,7:30,EXT ML,28,N,N,5.97,135.185,08:48,8.168,CMFL,1025,65000,E.R. WELD,24,1538.4,2136.7,1536.4,2133.9,0.666,1.147,0.6,1.2,2022,Metal Loss_43811.6,True,43811.558,43810.801,METAL_LOSS,False,7.5,3484,43789.475282855296
12160,40.374,0.344,5.476,34.902,43812.182,Metal Loss,External,16.0,0.055,31.0,PITT,20.0,,,,0.8,0.7,7:28,EXT ML,28,N,N,5.97,135.184,08:48,8.378,CMFL,1025,65000,E.R. WELD,24,1542.6,2142.4,1541.4,2140.9,0.665,1.15,0.6,1.2,2022,Metal Loss_43812.2,True,43812.182,43811.425,METAL_LOSS,False,7.466666666666667,3485,43790.09365705652
12160,40.374,0.344,6.093,34.281,43812.802,Metal Loss,External,16.0,0.055,31.0,PITT,20.0,,,,1.1,1.3,7:33,EXT ML,28,N,N,5.97,135.183,08:48,7.749,CMFL,1025,65000,E.R. WELD,24,1537.4,2135.3,1535.2,2132.2,0.667,1.146,0.6,1.2,2022,Metal Loss_43812.8,True,43812.802,43812.045000000006,METAL_LOSS,False,7.55,3486,43790.70806732055
12160,40.374,0.344,6.719,33.655,43813.428,Metal Loss,External,13.0,0.044,28.0,PITT,20.0,,,,1.6,1.0,7:25,EXT ML,28,N,N,5.97,135.182,08:48,8.587,CMFL,1025,65000,E.R. WELD,24,1532.3,2128.2,1529.2,2123.9,0.669,1.142,0.6,1.2,2022,Metal Loss_43813.4,True,43813.428,43812.671,METAL_LOSS,False,7.416666666666667,3487,43791.32842349036
12160,40.374,0.344,7.142,33.232,43813.852,Metal Loss,External,13.0,0.044,28.0,PITT,20.0,,,,1.7,1.1,7:30,EXT ML,28,N,N,5.97,135.181,08:48,8.168,CMFL,1025,65000,E.R. WELD,24,1530.1,2125.1,1526.5,2120.1,0.67,1.141,0.6,1.2,2022,Metal Loss_43813.9,True,43813.852,43813.095,METAL_LOSS,False,7.5,3488,43791.748600832216
12160,40.374,0.344,7.953,32.421,43814.662,Metal Loss,External,12.0,0.041,27.0,GENE,20.0,,,,1.9,1.3,7:24,EXT ML,28,N,N,5.97,135.179,08:48,8.796,CMFL,1025,65000,E.R. WELD,24,1527.7,2121.8,1523.7,2116.2,0.671,1.139,1.0,1.2,2022,Metal Loss_43814.7,True,43814.662,43813.905,METAL_LOSS,False,7.4,3489,43792.55129811264
12160,40.374,0.344,8.763,31.614,43815.469,Metal Loss,External,18.0,0.062,33.0,GENE,20.0,,,,1.7,1.8,7:27,EXT ML,28,N,N,5.97,135.178,08:48,8.378,CMFL,1025,65000,E.R. WELD,24,1522.3,2114.3,1516.9,2106.8,0.673,1.135,1.0,1.2,2022,Metal Loss_43815.5,True,43815.469,43814.712,METAL_LOSS,False,7.45,3490,43793.351022440176
12160,40.374,0.344,9.603,30.771,43816.312,Metal Loss,External,17.0,0.058,32.0,GENE,20.0,,,,1.7,1.7,7:23,EXT ML,28,N,N,5.97,135.176,08:48,8.796,CMFL,1025,65000,E.R. WELD,24,1524.4,2117.3,1519.5,2110.4,0.672,1.136,1.0,1.2,2022,Metal Loss_43816.3,True,43816.312,43815.555,METAL_LOSS,False,7.383333333333334,3491,43794.1864222024
12160,40.374,0.344,10.354,30.023,43817.06,Metal Loss,External,19.0,0.065,34.0,PITT,20.0,,,,1.0,1.5,7:36,EXT ML,28,N,N,5.97,135.174,08:48,7.54,CMFL,1025,65000,E.R. WELD,24,1537.1,2134.8,1534.7,2131.5,0.667,1.146,0.6,1.2,2022,Metal Loss_43817.1,True,43817.06,43816.303,METAL_LOSS,False,7.6,3492,43794.92767845643
12160,40.374,0.344,10.768,29.606,43817.477,Metal Loss,External,16.0,0.055,31.0,GENE,20.0,,,,1.3,1.6,7:34,EXT ML,28,N,N,5.97,135.174,08:48,7.749,CMFL,1025,65000,E.R. WELD,24,1534.3,2130.9,1531.4,2127.0,0.668,1.143,1.0,1.2,2022,Metal Loss_43817.5,True,43817.477,43816.72,METAL_LOSS,False,7.566666666666666,3493,43795.3409189082
12160,40.374,0.344,11.49,28.885,43818.199,Metal Loss,External,22.0,0.076,37.0,PITT,20.0,,,,1.0,1.0,7:59,EXT ML,28,N,N,5.97,135.172,08:48,5.027,CMFL,1025,65000,E.R. WELD,24,1534.6,2131.4,1531.6,2127.2,0.668,1.144,0.6,1.2,2022,Metal Loss_43818.2,True,43818.199,43817.442,METAL_LOSS,False,7.983333333333333,3494,43796.05640957051
12160,40.374,0.344,11.814,28.56,43818.524,Metal Loss,External,25.0,0.086,40.0,GENE,20.0,,,,4.4,4.1,08:00,EXT ML,28,N,N,5.97,135.172,08:48,5.027,CMFL,1025,65000,E.R. WELD,24,1412.1,1961.2,1383.9,1922.1,0.726,1.052,1.0,1.2,2022,Metal Loss_43818.5,True,43818.524,43817.767,METAL_LOSS,False,8.0,3495,43796.37847946698
12160,40.374,0.344,19.698,20.676,43826.407,Metal Loss,External,14.0,0.048,29.0,GENE,20.0,,,,4.5,2.4,8:28,EXT ML ( NEAR SW ),28,N,N,5.97,135.156,08:48,2.094,CMFL,1025,65000,E.R. WELD,24,1471.2,2043.3,1456.3,2022.6,0.697,1.099,1.0,1.2,2022,Metal Loss_43826.4,True,43826.407,43825.65,METAL_LOSS,False,8.466666666666667,3496,43804.19040867885
12160,40.374,0.344,27.47,12.904,43834.18,Metal Loss,External,19.0,0.065,34.0,GENE,20.0,,,,1.4,2.0,4:50,EXT ML,28,N,N,5.97,135.141,08:48,24.923,CMFL,1025,65000,E.R. WELD,24,1527.4,2121.4,1523.0,2115.3,0.671,1.139,1.0,1.2,2022,Metal Loss_43834.2,True,43834.18,43833.423,METAL_LOSS,False,4.833333333333333,3497,43811.89332961807
12160,40.374,0.344,28.307,12.067,43835.016,Metal Loss,External,14.0,0.048,29.0,GENE,20.0,,,,3.7,1.5,3:29,EXT ML,28,N,N,5.97,135.139,08:48,33.301,CMFL,1025,65000,E.R. WELD,24,1488.6,2067.5,1477.0,2051.3,0.689,1.109,1.0,1.2,2022,Metal Loss_43835.0,True,43835.016,43834.259000000005,METAL_LOSS,False,3.4833333333333334,3498,43812.72179249022
12160,40.374,0.344,28.806,11.568,43835.515,Metal Loss,External,22.0,0.076,37.0,AXGR,20.0,,,,1.9,0.9,09:00,EXT ML ( NEAR SW ),28,N,N,5.97,135.138,08:48,1.257,CMFL,1025,65000,E.R. WELD,24,1508.2,2094.8,1499.6,2082.7,0.68,1.124,1.0,1.2,2022,Metal Loss_43835.5,True,43835.515,43834.758,METAL_LOSS,False,9.0,3499,43813.21629365433
12160,40.374,0.344,29.406,10.971,43836.112,Metal Loss,External,15.0,0.052,30.0,GENE,20.0,,,,2.6,1.7,3:26,EXT ML,28,N,N,5.97,135.137,08:48,33.72,CMFL,1025,65000,E.R. WELD,24,1507.7,2094.0,1499.5,2082.7,0.68,1.124,1.0,1.2,2022,Metal Loss_43836.1,True,43836.112,43835.355,METAL_LOSS,False,3.4333333333333336,3501,43813.80791127954
12160,40.374,0.344,30.072,10.302,43836.781,Metal Loss,External,19.0,0.065,34.0,GENE,15.0,,,,1.5,1.7,8:17,*EXT ML,28,Y,Y,5.97,135.135,08:48,3.142,CMFL,1025,65000,E.R. WELD,24,1525.6,2118.8,1520.7,2112.1,0.672,1.137,0.8,1.0,2022,Metal Loss_43836.8,True,43836.781,43836.024000000005,METAL_LOSS,False,8.283333333333333,3502,43814.47087977411
12160,40.374,0.344,30.213,10.161,43836.923,Metal Loss,External,12.0,0.041,27.0,GENE,20.0,,,,4.4,1.9,3:22,EXT ML,28,N,N,5.97,135.135,08:48,34.139,CMFL,1025,65000,E.R. WELD,24,1488.3,2067.1,1476.9,2051.3,0.689,1.108,1.0,1.2,2022,Metal Loss_43836.9,True,43836.923,43836.166000000005,METAL_LOSS,False,3.3666666666666667,3503,43814.61159954427
12160,40.374,0.344,30.722,9.652,43837.431,Metal Loss,External,29.0,0.1,44.0,GENE,20.0,,,,1.9,2.6,4:36,EXT ML,28,N,N,5.97,135.134,08:48,26.389,CMFL,1025,65000,E.R. WELD,24,1492.4,2072.8,1479.2,2054.4,0.687,1.113,1.0,1.2,2022,Metal Loss_43837.4,True,43837.431,43836.674,METAL_LOSS,False,4.6,3504,43815.11501956704
12160,40.374,0.344,30.758,9.616,43837.467,Metal Loss,External,54.0,0.185,69.0,GENE,15.0,,,,4.5,1.4,8:44,*EXT ML ( ON SW ),28,Y,Y,5.97,135.134,08:48,0.419,CMFL,1025,65000,E.R. WELD,24,1175.5,1632.6,1093.7,1519.0,0.872,0.877,0.8,1.0,2022,Metal Loss_43837.5,True,43837.467,43836.71,METAL_LOSS,False,8.733333333333333,3505,43815.15069500173
12160,40.374,0.344,31.066,9.308,43837.776,Metal Loss,External,33.0,0.113,48.0,GENE,20.0,,,,1.6,2.2,4:38,EXT ML,28,N,N,5.97,135.133,08:48,26.18,CMFL,1025,65000,E.R. WELD,24,1500.3,2083.8,1488.3,2067.1,0.683,1.118,1.0,1.2,2022,Metal Loss_43837.8,True,43837.776,43837.019,METAL_LOSS,False,4.633333333333333,3506,43815.45690914945
12160,40.374,0.344,31.23,9.144,43837.94,Metal Loss,External,17.0,0.058,32.0,GENE,20.0,,,,2.5,2.2,3:31,EXT ML,28,N,N,5.97,135.133,08:48,33.091,CMFL,1025,65000,E.R. WELD,24,1502.0,2086.1,1492.6,2073.0,0.683,1.12,1.0,1.2,2022,Metal Loss_43837.9,True,43837.94,43837.183000000005,METAL_LOSS,False,3.5166666666666666,3507,43815.61943057414
12160,40.374,0.344,32.067,8.31,43838.773,Metal Loss,External,17.0,0.058,32.0,GENE,20.0,,,,1.4,1.7,4:48,EXT ML,28,N,N,5.97,135.131,08:48,25.133,CMFL,1025,65000,E.R. WELD,24,1530.6,2125.9,1527.0,2120.8,0.67,1.141,1.0,1.2,2022,Metal Loss_43838.8,True,43838.773,43838.016,METAL_LOSS,False,4.8,3508,43816.44492049339
12160,40.374,0.344,39.4,0.974,43846.109,Metal Loss,External,21.0,0.072,36.0,GENE,20.0,,,,4.1,2.3,4:19,EXT ML,28,N,N,5.97,135.117,08:48,27.646,CMFL,1025,65000,E.R. WELD,24,1442.8,2003.9,1433.5,1991.0,0.711,1.075,1.0,1.2,2022,Metal Loss_43846.1,True,43846.109,43845.352,METAL_LOSS,False,4.316666666666666,3509,43823.71478129489
12160,40.374,0.344,39.711,0.663,43846.421,Metal Loss,External,65.0,0.224,80.0,GENE,20.0,,,,2.3,3.9,6:29,*EXT ML,28,Y,Y,5.97,135.116,08:48,14.242,CMFL,1025,65000,E.R. WELD,24,1302.4,1808.9,1328.5,1845.2,0.787,0.97,0.8,1.0,2022,Metal Loss_43846.4,True,43846.421,43845.664,METAL_LOSS,False,6.483333333333333,3510,43824.02396839551
12170,40.174,0.344,0.463,39.711,43847.546,Metal Loss,External,24.0,0.082,39.0,GENE,20.0,,,,5.9,4.8,5:14,EXT ML,17,N,N,5.97,135.114,10:44,36.233,CMFL,1025,65000,E.R. WELD,24,1382.8,1920.6,1393.3,1935.1,0.741,1.029,1.0,1.2,2022,Metal Loss_43847.5,True,43847.546,43846.789,METAL_LOSS,False,5.233333333333333,3512,43825.1401879325
12170,40.174,0.344,0.564,39.61,43847.648,Metal Loss,External,13.0,0.044,28.0,GENE,20.0,,,,6.8,3.0,6:18,EXT ML,17,N,N,5.97,135.114,10:44,28.484,CMFL,1025,65000,E.R. WELD,24,1456.6,2023.1,1445.8,2008.1,0.704,1.083,1.0,1.2,2022,Metal Loss_43847.6,True,43847.648,43846.891,METAL_LOSS,False,6.3,3513,43825.241568427344
12170,40.174,0.344,1.329,38.845,43848.412,Metal Loss,External,16.0,0.055,31.0,GENE,20.0,,,,1.6,1.4,6:28,EXT ML,17,N,N,5.97,135.112,10:44,26.808,CMFL,1025,65000,E.R. WELD,24,1527.9,2122.1,1523.8,2116.4,0.671,1.138,1.0,1.2,2022,Metal Loss_43848.4,True,43848.412,43847.655,METAL_LOSS,False,6.466666666666667,3514,43826.00092821228
12170,40.174,0.344,2.014,38.156,43849.101,Metal Loss,External,49.0,0.169,64.0,GENE,15.0,,,,4.2,4.4,6:40,*EXT ML,17,Y,Y,5.97,135.111,10:44,26.808,CMFL,1025,65000,E.R. WELD,24,1243.6,1727.2,1377.8,1913.6,0.824,0.926,0.8,1.0,2022,Metal Loss_43849.1,True,43849.101,43848.344000000005,METAL_LOSS,False,6.666666666666667,3515,43826.68574351571
12170,40.174,0.344,2.904,37.27,43849.987,Metal Loss,External,25.0,0.086,40.0,GENE,20.0,,,,7.2,4.1,7:43,EXT ML,17,N,N,5.97,135.144,10:44,18.431,CMFL,1025,65000,E.R. WELD,24,1346.6,1870.3,1315.3,1826.7,0.761,1.006,1.0,1.2,2022,Metal Loss_43850.0,True,43849.987,43849.23,METAL_LOSS,False,7.716666666666667,3516,43827.566362323894
12170,40.174,0.344,3.061,37.113,43850.144,Metal Loss,External,23.0,0.079,38.0,GENE,20.0,,,,2.3,1.4,9:06,EXT ML,17,N,N,5.97,135.157,10:44,10.263,CMFL,1025,65000,E.R. WELD,24,1491.8,2071.9,1479.4,2054.8,0.687,1.112,1.0,1.2,2022,Metal Loss_43850.1,True,43850.144,43849.387,METAL_LOSS,False,9.1,3517,43827.72240877184
12170,40.174,0.344,3.688,36.486,43850.771,Metal Loss,External,29.0,0.1,44.0,GENE,20.0,,,,7.0,7.5,7:48,EXT ML,17,N,N,5.97,135.209,10:44,15.917,CMFL,1025,65000,E.R. WELD,24,1320.4,1833.9,1329.4,1846.4,0.776,0.982,1.0,1.2,2022,Metal Loss_43850.8,True,43850.771,43850.014,METAL_LOSS,False,7.8,3518,43828.34560063723
12170,40.174,0.344,4.072,36.102,43851.155,Metal Loss,External,30.0,0.103,45.0,GENE,20.0,,,,2.6,1.2,9:08,EXT ML,17,N,N,5.97,135.241,10:44,10.053,CMFL,1025,65000,E.R. WELD,24,1454.2,2019.7,1432.4,1989.5,0.705,1.083,1.0,1.2,2022,Metal Loss_43851.2,True,43851.155,43850.398,METAL_LOSS,False,9.133333333333333,3519,43828.727268382536
12170,40.174,0.344,4.518,35.656,43851.601,Metal Loss,External,24.0,0.082,39.0,GENE,20.0,,,,2.0,2.9,8:13,EXT ML,17,N,N,5.97,135.278,10:44,15.708,CMFL,1025,65000,E.R. WELD,24,1499.6,2082.8,1488.8,2067.7,0.684,1.118,1.0,1.2,2022,Metal Loss_43851.6,True,43851.601,43850.844000000005,METAL_LOSS,False,8.216666666666667,3520,43829.17055956589
12170,40.174,0.344,4.931,35.243,43852.014,Metal Loss,External,22.0,0.076,37.0,GENE,20.0,,,,2.5,2.1,7:34,EXT ML,17,N,N,5.97,135.312,10:44,19.897,CMFL,1025,65000,E.R. WELD,24,1489.0,2068.0,1476.3,2050.4,0.688,1.109,1.0,1.2,2022,Metal Loss_43852.0,True,43852.014,43851.257000000005,METAL_LOSS,False,7.566666666666666,3521,43829.58105117738
12170,40.174,0.344,5.325,34.846,43852.411,Metal Loss,External,13.0,0.044,28.0,PITT,20.0,,,,0.9,1.3,8:12,EXT ML,17,N,N,5.97,135.345,10:44,15.917,CMFL,1025,65000,E.R. WELD,24,1541.6,2141.1,1540.3,2139.2,0.665,1.149,0.6,1.2,2022,Metal Loss_43852.4,True,43852.411,43851.654,METAL_LOSS,False,8.2,3522,43829.97563996615
12170,40.174,0.344,5.728,34.446,43852.812,Metal Loss,External,26.0,0.089,41.0,GENE,20.0,,,,1.8,2.0,8:14,EXT ML,17,N,N,5.97,135.378,10:44,15.708,CMFL,1025,65000,E.R. WELD,24,1505.7,2091.3,1496.0,2077.8,0.681,1.122,1.0,1.2,2022,Metal Loss_43852.8,True,43852.812,43852.055,METAL_LOSS,False,8.233333333333333,3523,43830.3742044606
12170,40.174,0.344,6.05,34.124,43853.133,Metal Loss,External,22.0,0.076,37.0,GENE,20.0,,,,10.6,6.7,7:59,EXT ML,17,N,N,5.97,135.405,10:44,14.87,CMFL,1025,65000,E.R. WELD,24,1339.5,1860.4,1331.2,1848.9,0.765,1.001,1.0,1.2,2022,Metal Loss_43853.1,True,43853.133,43852.376,METAL_LOSS,False,7.983333333333333,3524,43830.69325484144
12170,40.174,0.344,8.973,31.201,43856.056,Metal Loss,External,19.0,0.065,34.0,GENE,20.0,,,,5.0,2.4,5:22,EXT ML,17,N,N,5.97,135.648,10:44,33.72,CMFL,1025,65000,E.R. WELD,24,1437.0,1995.8,1414.9,1965.2,0.713,1.069,1.0,1.2,2022,Metal Loss_43856.1,True,43856.056,43855.299,METAL_LOSS,False,5.366666666666666,3525,43833.59850176731
12170,40.174,0.344,9.728,30.446,43856.811,Metal Loss,External,31.0,0.106,46.0,GENE,20.0,,,,2.6,1.7,5:13,EXT ML,17,N,N,5.97,135.711,10:44,34.558,CMFL,1025,65000,E.R. WELD,24,1451.1,2015.4,1428.3,1983.8,0.706,1.08,1.0,1.2,2022,Metal Loss_43856.8,True,43856.811,43856.054,METAL_LOSS,False,5.216666666666667,3526,43834.34891621447
12170,40.174,0.344,10.354,29.82,43857.438,Metal Loss,External,18.0,0.062,33.0,GENE,20.0,,,,1.5,1.9,5:27,EXT ML,17,N,N,5.97,135.763,10:44,33.301,CMFL,1025,65000,E.R. WELD,24,1526.9,2120.7,1522.5,2114.6,0.671,1.138,1.0,1.2,2022,Metal Loss_43857.4,True,43857.438,43856.681,METAL_LOSS,False,5.45,3527,43834.972108079855
12170,40.174,0.344,11.214,28.96,43858.297,Metal Loss,External,32.0,0.11,47.0,GENE,20.0,,,,2.4,2.4,5:14,EXT ML,17,N,N,5.97,135.835,10:44,34.558,CMFL,1025,65000,E.R. WELD,24,1456.8,2023.3,1435.0,1993.0,0.704,1.085,1.0,1.2,2022,Metal Loss_43858.3,True,43858.297,43857.54,METAL_LOSS,False,5.233333333333333,3528,43835.825890874694
12190,40.0,0.344,0.141,39.859,43915.63,Metal Loss,External,28.0,0.096,43.0,GENE,20.0,,,,1.8,2.8,9:11,EXT ML,1,N,N,5.97,140.595,07:48,8.796,CMFL,1025,65000,E.R. WELD,24,1499.7,2082.9,1488.2,2066.9,0.684,1.118,1.0,1.2,2022,Metal Loss_43915.6,True,43915.63,43914.873,METAL_LOSS,False,9.183333333333334,3531,43904.67348523861
12230,39.813,0.344,0.725,39.091,44076.909,Metal Loss,External,25.0,0.086,40.0,GENE,20.0,,,,1.6,2.1,7:42,EXT ML,72,N,N,5.97,141.946,06:36,6.912,CMFL,1025,65000,E.R. WELD,24,1514.6,2103.6,1506.9,2093.0,0.677,1.129,1.0,1.2,2022,Metal Loss_44076.9,True,44076.909,44076.152,METAL_LOSS,False,7.7,3542,44056.41384321704
12230,39.813,0.344,1.87,37.943,44078.058,Metal Loss,External,11.0,0.038,26.0,GENE,15.0,,,,4.0,1.5,6:46,*EXT ML ( NEAR SW ),72,Y,Y,5.97,141.806,06:36,1.047,CMFL,1025,65000,E.R. WELD,24,1495.9,2077.7,1486.0,2063.8,0.685,1.117,0.8,1.0,2022,Metal Loss_44078.1,True,44078.058,44077.301,METAL_LOSS,False,6.766666666666667,3543,44057.5673742245
12230,39.813,0.344,2.612,37.201,44078.799,Metal Loss,External,10.0,0.034,25.0,GENE,15.0,,,,5.2,1.7,6:48,*EXT ML ( NEAR SW ),72,Y,Y,5.97,141.712,06:36,1.257,CMFL,1025,65000,E.R. WELD,24,1486.7,2064.9,1475.2,2048.9,0.69,1.11,0.8,1.0,2022,Metal Loss_44078.8,True,44078.799,44078.042,METAL_LOSS,False,6.8,3544,44058.31129631025
12230,39.813,0.344,8.35,31.463,44084.537,Metal Loss,External,10.0,0.034,25.0,GENE,20.0,,,,8.9,2.6,6:44,EXT ML ( ON SW ),72,N,N,5.97,140.813,06:36,0.838,CMFL,1025,65000,E.R. WELD,24,1463.1,2032.1,1447.5,2010.4,0.701,1.092,1.0,1.2,2022,Metal Loss_44084.5,True,44084.537,44083.78,METAL_LOSS,False,6.733333333333333,3545,44064.0719237435
12230,39.813,0.344,13.379,26.437,44089.564,Metal Loss,External,15.0,0.052,30.0,GENE,20.0,,,,4.2,3.5,4:52,EXT ML,72,N,N,5.97,140.024,06:36,10.891,CMFL,1025,65000,E.R. WELD,24,1475.9,2049.9,1461.8,2030.3,0.695,1.098,1.0,1.2,2022,Metal Loss_44089.6,True,44089.564,44088.807,METAL_LOSS,False,4.866666666666667,3546,44069.118747394066
12230,39.813,0.344,14.386,25.427,44090.574,Metal Loss,External,16.0,0.055,31.0,PITT,20.0,,,,1.0,1.0,4:44,EXT ML,72,N,N,5.97,139.866,06:36,11.729,CMFL,1025,65000,E.R. WELD,24,1539.4,2138.0,1537.6,2135.5,0.666,1.148,0.6,1.2,2022,Metal Loss_44090.6,True,44090.574,44089.817,METAL_LOSS,False,4.733333333333333,3547,44070.132730263984
12230,39.813,0.344,15.456,24.357,44091.644,Metal Loss,External,37.0,0.127,52.0,GENE,20.0,,,,2.6,2.9,4:48,EXT ML,72,N,N,5.97,139.699,06:36,11.31,CMFL,1025,65000,E.R. WELD,24,1425.6,1980.1,1394.7,1937.1,0.719,1.063,1.0,1.2,2022,Metal Loss_44091.6,True,44091.644,44090.887,METAL_LOSS,False,4.8,3549,44071.20694974004
12230,39.813,0.344,15.63,24.183,44091.818,Metal Loss,External,37.0,0.127,52.0,GENE,20.0,,,,15.7,2.6,7:32,EXT ML,72,N,N,5.97,139.671,06:36,6.283,CMFL,1025,65000,E.R. WELD,24,1146.0,1591.7,1290.4,1792.3,0.895,0.857,1.0,1.2,2022,Metal Loss_44091.8,True,44091.818,44091.061,METAL_LOSS,False,7.533333333333333,3550,44071.38163589782
12230,39.813,0.344,16.03,23.786,44092.215,Metal Loss,External,40.0,0.137,55.0,GENE,20.0,,,,2.5,1.8,4:43,EXT ML,72,N,N,5.97,139.609,06:36,11.729,CMFL,1025,65000,E.R. WELD,24,1419.7,1971.9,1386.2,1925.3,0.722,1.057,1.0,1.2,2022,Metal Loss_44092.2,True,44092.215,44091.458,METAL_LOSS,False,4.716666666666667,3551,44071.78020144174
12230,39.813,0.344,16.617,23.196,44092.805,Metal Loss,External,34.0,0.117,49.0,GENE,20.0,,,,3.6,3.5,4:56,EXT ML,72,N,N,5.97,139.516,06:36,10.472,CMFL,1025,65000,E.R. WELD,24,1386.6,1925.9,1349.2,1873.9,0.739,1.032,1.0,1.2,2022,Metal Loss_44092.8,True,44092.805,44092.048,METAL_LOSS,False,4.933333333333334,3552,44072.37252806872
12230,39.813,0.344,17.11,22.707,44093.294,Metal Loss,External,29.0,0.1,44.0,GENE,20.0,,,,2.1,1.9,4:36,EXT ML,72,N,N,5.97,139.44,06:36,12.566,CMFL,1025,65000,E.R. WELD,24,1483.4,2060.2,1468.1,2039.1,0.691,1.106,1.0,1.2,2022,Metal Loss_44093.3,True,44093.294,44092.537,METAL_LOSS,False,4.6,3553,44072.86345640872
12230,39.813,0.344,17.589,22.224,44093.776,Metal Loss,External,37.0,0.127,52.0,GENE,20.0,,,,2.3,2.3,4:47,EXT ML,72,N,N,5.97,139.364,06:36,11.31,CMFL,1025,65000,E.R. WELD,24,1444.8,2006.7,1418.4,1970.1,0.71,1.076,1.0,1.2,2022,Metal Loss_44093.8,True,44093.776,44093.019,METAL_LOSS,False,4.783333333333333,3554,44073.34735714465
12230,39.813,0.344,17.608,22.205,44093.796,Metal Loss,External,41.0,0.141,56.0,GENE,20.0,,,,3.3,1.7,7:06,EXT ML,72,N,N,5.97,139.361,06:36,3.142,CMFL,1025,65000,E.R. WELD,24,1361.4,1890.8,1317.6,1830.0,0.753,1.013,1.0,1.2,2022,Metal Loss_44093.8,True,44093.796,44093.039,METAL_LOSS,False,7.1,3555,44073.36743601337
12230,39.813,0.344,18.084,21.732,44094.268,Metal Loss,External,25.0,0.086,40.0,AXGR,20.0,,,,2.4,0.9,4:34,EXT ML,72,N,N,5.97,139.287,06:36,12.776,CMFL,1025,65000,E.R. WELD,24,1484.1,2061.2,1469.9,2041.5,0.691,1.106,1.0,1.2,2022,Metal Loss_44094.3,True,44094.268,44093.511,METAL_LOSS,False,4.566666666666666,3556,44073.841297314946
12230,39.813,0.344,18.379,21.437,44094.564,Metal Loss,External,42.0,0.144,57.0,GENE,20.0,,,,6.0,2.2,7:33,EXT ML,72,N,N,5.97,139.241,06:36,6.074,CMFL,1025,65000,E.R. WELD,24,1223.9,1699.8,1316.3,1828.2,0.838,0.912,1.0,1.2,2022,Metal Loss_44094.6,True,44094.564,44093.807,METAL_LOSS,False,7.55,3557,44074.13846457188
12230,39.813,0.344,18.517,21.296,44094.705,Metal Loss,External,35.0,0.12,50.0,GENE,20.0,,,,2.2,2.0,4:43,EXT ML,72,N,N,5.97,139.219,06:36,11.729,CMFL,1025,65000,E.R. WELD,24,1459.9,2027.7,1437.6,1996.7,0.702,1.089,1.0,1.2,2022,Metal Loss_44094.7,True,44094.705,44093.948,METAL_LOSS,False,4.716666666666667,3558,44074.28002059629
12230,39.813,0.344,19.012,20.801,44095.2,Metal Loss,External,23.0,0.079,38.0,GENE,20.0,,,,2.3,1.7,4:33,EXT ML,72,N,N,5.97,139.141,06:36,12.776,CMFL,1025,65000,E.R. WELD,24,1492.9,2073.5,1480.9,2056.8,0.687,1.112,1.0,1.2,2022,Metal Loss_44095.2,True,44095.2,44094.443,METAL_LOSS,False,4.55,3559,44074.77697259689
12230,39.813,0.344,19.301,20.512,44095.489,Metal Loss,External,34.0,0.117,49.0,GENE,20.0,,,,2.0,2.2,7:40,EXT ML,72,N,N,5.97,139.096,06:36,6.702,CMFL,1025,65000,E.R. WELD,24,1475.6,2049.5,1457.4,2024.2,0.695,1.1,1.0,1.2,2022,Metal Loss_44095.5,True,44095.489,44094.732,METAL_LOSS,False,7.666666666666667,3560,44075.06711224977
12230,39.813,0.344,19.314,20.502,44095.499,Metal Loss,External,32.0,0.11,47.0,GENE,20.0,,,,1.9,1.4,6:44,EXT ML ( NEAR SW ),72,N,N,5.97,139.094,06:36,0.838,CMFL,1025,65000,E.R. WELD,24,1484.3,2061.6,1468.7,2039.9,0.691,1.106,1.0,1.2,2022,Metal Loss_44095.5,True,44095.499,44094.742000000006,METAL_LOSS,False,6.733333333333333,3561,44075.07715168413
12230,39.813,0.344,19.885,19.928,44096.073,Metal Loss,External,25.0,0.086,40.0,GENE,20.0,,,,1.3,2.0,7:56,EXT ML,72,N,N,5.97,139.004,06:36,8.378,CMFL,1025,65000,E.R. WELD,24,1522.2,2114.2,1516.3,2106.0,0.673,1.135,1.0,1.2,2022,Metal Loss_44096.1,True,44096.073,44095.316,METAL_LOSS,False,7.933333333333334,3562,44075.65341521613
12230,39.813,0.344,20.791,19.026,44096.975,Metal Loss,External,39.0,0.134,54.0,GENE,15.0,,,,1.4,2.1,8:02,*EXT ML,72,Y,Y,5.97,138.863,06:36,9.006,CMFL,1025,65000,E.R. WELD,24,1496.8,2078.9,1482.6,2059.1,0.685,1.116,0.8,1.0,2022,Metal Loss_44097.0,True,44096.975,44096.218,METAL_LOSS,False,8.033333333333333,3563,44076.55897219502
12230,39.813,0.344,21.414,18.399,44097.602,Metal Loss,External,49.0,0.169,64.0,GENE,15.0,,,,1.4,2.5,8:01,*EXT ML,72,Y,Y,5.97,138.765,06:36,9.006,CMFL,1025,65000,E.R. WELD,24,1475.6,2049.5,1452.1,2016.8,0.695,1.1,0.8,1.0,2022,Metal Loss_44097.6,True,44097.602,44096.845,METAL_LOSS,False,8.016666666666667,3564,44077.18844472911
12230,39.813,0.344,21.821,17.995,44098.005,Metal Loss,External,22.0,0.076,37.0,PITT,20.0,,,,0.8,0.6,9:25,EXT ML,72,N,N,5.97,138.701,06:36,17.802,CMFL,1025,65000,E.R. WELD,24,1539.1,2137.6,1537.1,2134.9,0.666,1.147,0.6,1.2,2022,Metal Loss_44098.0,True,44098.005,44097.248,METAL_LOSS,False,9.416666666666666,3565,44077.59303393364
12230,39.813,0.344,21.988,17.828,44098.173,Metal Loss,External,55.0,0.189,70.0,CIGR,20.0,,,,1.0,2.6,08:00,*EXT ML,72,Y,Y,5.97,138.675,06:36,8.796,CMFL,1025,65000,E.R. WELD,24,1502.6,2087.0,1485.7,2063.5,0.682,1.12,0.8,1.0,2022,Metal Loss_44098.2,True,44098.173,44097.416000000005,METAL_LOSS,False,8.0,3566,44077.76169643082
12230,39.813,0.344,22.06,17.753,44098.248,Metal Loss,External,40.0,0.137,55.0,GENE,20.0,,,,6.3,2.8,9:32,*EXT ML,72,Y,Y,5.97,138.663,06:36,17.802,CMFL,1025,65000,E.R. WELD,24,1234.8,1715.0,1278.0,1775.0,0.83,0.919,1.0,1.2,2022,Metal Loss_44098.2,True,44098.248,44097.491,METAL_LOSS,False,9.533333333333333,3567,44077.83699218849
12230,39.813,0.344,22.93,16.883,44099.117,Metal Loss,External,29.0,0.1,44.0,GENE,20.0,,,,2.0,1.5,9:33,EXT ML,72,N,N,5.97,138.527,06:36,18.64,CMFL,1025,65000,E.R. WELD,24,1487.0,2065.3,1472.5,2045.2,0.689,1.109,1.0,1.2,2022,Metal Loss_44099.1,True,44099.117,44098.36,METAL_LOSS,False,9.55,3568,44078.709419033985
12230,39.813,0.344,23.333,16.48,44099.521,Metal Loss,External,20.0,0.069,35.0,GENE,20.0,,,,3.3,1.9,9:27,EXT ML,72,N,N,5.97,138.464,06:36,18.012,CMFL,1025,65000,E.R. WELD,24,1468.3,2039.4,1451.9,2016.5,0.698,1.095,1.0,1.2,2022,Metal Loss_44099.5,True,44099.521,44098.764,METAL_LOSS,False,9.45,3570,44079.11501218195
12230,39.813,0.344,23.99,15.823,44100.177,Metal Loss,External,21.0,0.072,36.0,GENE,20.0,,,,4.6,3.8,9:37,EXT ML,72,N,N,5.97,138.361,06:36,18.221,CMFL,1025,65000,E.R. WELD,24,1428.7,1984.3,1425.9,1980.5,0.718,1.065,1.0,1.2,2022,Metal Loss_44100.2,True,44100.177,44099.420000000006,METAL_LOSS,False,9.616666666666667,3571,44079.773599075685
12230,39.813,0.344,24.551,15.262,44100.738,Metal Loss,External,24.0,0.082,39.0,GENE,20.0,,,,3.0,3.4,9:18,EXT ML,72,N,N,5.97,138.273,06:36,17.174,CMFL,1025,65000,E.R. WELD,24,1464.8,2034.4,1447.0,2009.7,0.7,1.09,1.0,1.2,2022,Metal Loss_44100.7,True,44100.738,44099.981,METAL_LOSS,False,9.3,3572,44080.33681134303
12230,39.813,0.344,25.01,14.803,44101.198,Metal Loss,External,37.0,0.127,52.0,GENE,20.0,,,,21.6,3.9,9:38,EXT ML,72,N,N,5.97,138.201,06:36,18.221,CMFL,1025,65000,E.R. WELD,24,1133.4,1574.1,1303.1,1809.9,0.904,0.843,1.0,1.2,2022,Metal Loss_44101.2,True,44101.198,44100.441,METAL_LOSS,False,9.633333333333333,3573,44080.79862532339
12230,39.813,0.344,25.984,13.829,44102.172,Metal Loss,External,31.0,0.106,46.0,GENE,20.0,,,,1.9,1.5,2:23,EXT ML,72,N,N,5.97,138.048,06:36,26.389,CMFL,1025,65000,E.R. WELD,24,1485.5,2063.3,1470.3,2042.1,0.69,1.108,1.0,1.2,2022,Metal Loss_44102.2,True,44102.172,44101.415,METAL_LOSS,False,2.3833333333333333,3574,44081.776466229625
12230,39.813,0.344,26.004,13.809,44102.192,Metal Loss,External,14.0,0.048,29.0,GENE,20.0,,,,9.7,3.4,6:35,EXT ML ( ON SW ),72,N,N,5.97,138.045,06:36,0.838,CMFL,1025,65000,E.R. WELD,24,1420.2,1972.5,1407.3,1954.6,0.722,1.062,1.0,1.2,2022,Metal Loss_44102.2,True,44102.192,44101.435000000005,METAL_LOSS,False,6.583333333333333,3575,44081.79654509834
12230,39.813,0.344,26.388,13.425,44102.575,Metal Loss,External,29.0,0.1,44.0,GENE,20.0,,,,2.0,2.2,3:37,EXT ML,72,N,N,5.97,137.985,06:36,18.64,CMFL,1025,65000,E.R. WELD,24,1488.6,2067.5,1474.5,2047.9,0.689,1.11,1.0,1.2,2022,Metal Loss_44102.6,True,44102.575,44101.818,METAL_LOSS,False,3.6166666666666667,3576,44082.18105543416
12230,39.813,0.344,26.398,13.415,44102.585,Metal Loss,External,38.0,0.131,53.0,GENE,20.0,,,,1.2,1.3,2:24,EXT ML,72,N,N,5.97,137.983,06:36,26.389,CMFL,1025,65000,E.R. WELD,24,1510.4,2097.7,1500.0,2083.3,0.679,1.126,1.0,1.2,2022,Metal Loss_44102.6,True,44102.585,44101.828,METAL_LOSS,False,2.4,3577,44082.19109486851
12230,39.813,0.344,26.791,13.025,44102.976,Metal Loss,External,21.0,0.072,36.0,GENE,20.0,,,,2.0,1.7,2:26,EXT ML,72,N,N,5.97,137.922,06:36,26.18,CMFL,1025,65000,E.R. WELD,24,1507.5,2093.8,1498.8,2081.6,0.68,1.124,1.0,1.2,2022,Metal Loss_44103.0,True,44102.976,44102.219000000005,METAL_LOSS,False,2.4333333333333336,3578,44082.58363675182
12230,39.813,0.344,27.156,12.657,44103.343,Metal Loss,External,26.0,0.089,41.0,GENE,20.0,,,,1.6,1.9,9:33,EXT ML,72,N,N,5.97,137.864,06:36,18.64,CMFL,1025,65000,E.R. WELD,24,1511.2,2098.9,1502.7,2087.0,0.678,1.126,1.0,1.2,2022,Metal Loss_44103.3,True,44103.343,44102.586,METAL_LOSS,False,9.55,3579,44082.95208399267
12230,39.813,0.344,27.48,12.336,44103.665,Metal Loss,External,14.0,0.048,29.0,GENE,20.0,,,,11.9,4.9,7:07,EXT ML ( NEAR SW ),72,N,N,5.97,137.814,06:36,1.466,CMFL,1025,65000,E.R. WELD,24,1417.1,1968.2,1393.7,1935.7,0.723,1.055,1.0,1.2,2022,Metal Loss_44103.7,True,44103.665,44102.908,METAL_LOSS,False,7.116666666666666,3580,44083.275353778925
12230,39.813,0.344,27.513,12.303,44103.698,Metal Loss,External,23.0,0.079,38.0,GENE,20.0,,,,3.7,2.0,9:27,EXT ML,72,N,N,5.97,137.809,06:36,17.593,CMFL,1025,65000,E.R. WELD,24,1441.0,2001.4,1445.8,2008.0,0.711,1.075,1.0,1.2,2022,Metal Loss_44103.7,True,44103.698,44102.941,METAL_LOSS,False,9.45,3581,44083.30848391229
12230,39.813,0.344,27.53,12.287,44103.714,Metal Loss,External,28.0,0.096,43.0,GENE,20.0,,,,5.3,2.0,2:24,EXT ML,72,N,N,5.97,137.806,06:36,26.389,CMFL,1025,65000,E.R. WELD,24,1362.8,1892.8,1374.8,1909.5,0.752,1.017,1.0,1.2,2022,Metal Loss_44103.7,True,44103.714,44102.957,METAL_LOSS,False,2.4,3582,44083.324547007265
12230,39.813,0.344,27.536,12.277,44103.724,Metal Loss,External,24.0,0.082,39.0,GENE,20.0,,,,2.5,2.9,3:24,EXT ML,72,N,N,5.97,137.805,06:36,20.106,CMFL,1025,65000,E.R. WELD,24,1481.7,2057.9,1467.0,2037.6,0.692,1.105,1.0,1.2,2022,Metal Loss_44103.7,True,44103.724,44102.967,METAL_LOSS,False,3.4,3583,44083.33458644162
12230,39.813,0.344,28.274,11.539,44104.462,Metal Loss,External,27.0,0.093,42.0,GENE,20.0,,,,2.6,2.4,2:23,EXT ML,72,N,N,5.97,137.689,06:36,26.389,CMFL,1025,65000,E.R. WELD,24,1468.1,2039.0,1449.9,2013.8,0.698,1.094,1.0,1.2,2022,Metal Loss_44104.5,True,44104.462,44103.705,METAL_LOSS,False,2.3833333333333333,3584,44084.07549669706
12230,39.813,0.344,28.353,11.46,44104.541,Metal Loss,External,34.0,0.117,49.0,GENE,20.0,,,,5.1,3.4,9:39,EXT ML,72,N,N,5.97,137.677,06:36,18.64,CMFL,1025,65000,E.R. WELD,24,1322.0,1836.1,1386.9,1926.3,0.775,0.987,1.0,1.2,2022,Metal Loss_44104.5,True,44104.541,44103.784,METAL_LOSS,False,9.65,3585,44084.15480822847
12230,39.813,0.344,28.458,11.355,44104.646,Metal Loss,External,22.0,0.076,37.0,GENE,20.0,,,,5.5,2.9,3:18,EXT ML,72,N,N,5.97,137.66,06:36,20.316,CMFL,1025,65000,E.R. WELD,24,1401.4,1946.3,1436.6,1995.3,0.732,1.046,1.0,1.2,2022,Metal Loss_44104.6,True,44104.646,44103.889,METAL_LOSS,False,3.3,3586,44084.26022228921
12230,39.813,0.344,28.691,11.122,44104.879,Metal Loss,External,21.0,0.072,36.0,GENE,20.0,,,,2.4,2.9,2:26,EXT ML,72,N,N,5.97,137.624,06:36,26.808,CMFL,1025,65000,E.R. WELD,24,1495.3,2076.8,1492.6,2073.0,0.686,1.115,1.0,1.2,2022,Metal Loss_44104.9,True,44104.879,44104.122,METAL_LOSS,False,2.4333333333333336,3587,44084.494141109695
12230,39.813,0.344,29.075,10.738,44105.262,Metal Loss,External,28.0,0.096,43.0,GENE,20.0,,,,3.3,2.6,2:29,EXT ML,72,N,N,5.97,137.564,06:36,25.761,CMFL,1025,65000,E.R. WELD,24,1431.3,1987.9,1405.4,1952.0,0.716,1.066,1.0,1.2,2022,Metal Loss_44105.3,True,44105.262,44104.505000000005,METAL_LOSS,False,2.4833333333333334,3588,44084.87865144551
12230,39.813,0.344,29.104,10.709,44105.292,Metal Loss,External,11.0,0.038,26.0,GENE,20.0,,,,5.5,2.4,6:20,EXT ML ( NEAR SW ),72,N,N,5.97,137.559,06:36,1.676,CMFL,1025,65000,E.R. WELD,24,1479.9,2055.4,1467.1,2037.7,0.693,1.103,1.0,1.2,2022,Metal Loss_44105.3,True,44105.292,44104.535,METAL_LOSS,False,6.333333333333333,3589,44084.90876974858
12230,39.813,0.344,29.134,10.679,44105.322,Metal Loss,External,30.0,0.103,45.0,GENE,20.0,,,,1.9,1.5,9:39,EXT ML,72,N,N,5.97,137.554,06:36,19.268,CMFL,1025,65000,E.R. WELD,24,1489.8,2069.2,1475.8,2049.7,0.688,1.111,1.0,1.2,2022,Metal Loss_44105.3,True,44105.322,44104.565,METAL_LOSS,False,9.65,3590,44084.93888805165
12230,39.813,0.344,29.446,10.371,44105.63,Metal Loss,External,31.0,0.106,46.0,GENE,20.0,,,,1.9,2.0,3:35,EXT ML,72,N,N,5.97,137.506,06:36,18.85,CMFL,1025,65000,E.R. WELD,24,1489.6,2068.9,1475.4,2049.1,0.688,1.111,1.0,1.2,2022,Metal Loss_44105.6,True,44105.63,44104.873,METAL_LOSS,False,3.5833333333333335,3591,44085.2481026298
12230,39.813,0.344,29.79,10.023,44105.978,Metal Loss,External,32.0,0.11,47.0,GENE,20.0,,,,5.0,2.6,9:36,EXT ML,72,N,N,5.97,137.452,06:36,18.221,CMFL,1025,65000,E.R. WELD,24,1346.3,1869.9,1400.7,1945.4,0.761,1.002,1.0,1.2,2022,Metal Loss_44106.0,True,44105.978,44105.221000000005,METAL_LOSS,False,9.6,3592,44085.597474945374
12230,39.813,0.344,29.862,9.954,44106.047,Metal Loss,External,32.0,0.11,47.0,PITT,20.0,,,,1.0,1.5,3:37,EXT ML,72,N,N,5.97,137.441,06:36,18.64,CMFL,1025,65000,E.R. WELD,24,1526.4,2120.0,1520.9,2112.3,0.672,1.138,0.6,1.2,2022,Metal Loss_44106.0,True,44106.047,44105.29,METAL_LOSS,False,3.6166666666666667,3593,44085.66674704243
12230,39.813,0.344,30.144,9.669,44106.332,Metal Loss,External,31.0,0.106,46.0,GENE,20.0,,,,8.5,3.9,2:26,EXT ML,72,N,N,5.97,137.396,06:36,24.923,CMFL,1025,65000,E.R. WELD,24,1270.4,1764.4,1391.2,1932.2,0.807,0.95,1.0,1.2,2022,Metal Loss_44106.3,True,44106.332,44105.575,METAL_LOSS,False,2.4333333333333336,3594,44085.95287092157
12230,39.813,0.344,30.456,9.357,44106.644,Metal Loss,External,36.0,0.124,51.0,GENE,20.0,,,,1.5,1.9,3:34,EXT ML,72,N,N,5.97,137.347,06:36,19.059,CMFL,1025,65000,E.R. WELD,24,1501.1,2084.8,1488.7,2067.6,0.683,1.118,1.0,1.2,2022,Metal Loss_44106.6,True,44106.644,44105.887,METAL_LOSS,False,3.5666666666666664,3595,44086.26610127346
12230,39.813,0.344,30.86,8.957,44107.044,Metal Loss,External,25.0,0.086,40.0,GENE,20.0,,,,2.0,2.4,3:40,EXT ML,72,N,N,5.97,137.284,06:36,18.431,CMFL,1025,65000,E.R. WELD,24,1496.8,2078.9,1485.2,2062.7,0.685,1.116,1.0,1.2,2022,Metal Loss_44107.0,True,44107.044,44106.287,METAL_LOSS,False,3.6666666666666665,3596,44086.66767864768
12230,39.813,0.344,31.188,8.629,44107.372,Metal Loss,External,31.0,0.106,46.0,PITT,20.0,,,,1.3,1.0,2:37,EXT ML,72,N,N,5.97,137.233,06:36,24.923,CMFL,1025,65000,E.R. WELD,24,1518.6,2109.1,1511.3,2099.0,0.675,1.131,0.6,1.2,2022,Metal Loss_44107.4,True,44107.372,44106.615000000005,METAL_LOSS,False,2.6166666666666667,3597,44086.99697209455
12230,39.813,0.344,31.371,8.442,44107.559,Metal Loss,External,41.0,0.141,56.0,GENE,20.0,,,,1.5,2.1,3:34,EXT ML,72,N,N,5.97,137.204,06:36,19.059,CMFL,1025,65000,E.R. WELD,24,1485.2,2062.7,1467.3,2037.9,0.69,1.107,1.0,1.2,2022,Metal Loss_44107.6,True,44107.559,44106.802,METAL_LOSS,False,3.5666666666666664,3598,44087.184709517
12230,39.813,0.344,31.572,8.241,44107.759,Metal Loss,External,35.0,0.12,50.0,GENE,20.0,,,,10.1,2.7,2:34,EXT ML,72,N,N,5.97,137.172,06:36,25.133,CMFL,1025,65000,E.R. WELD,24,1212.8,1684.5,1328.8,1845.5,0.845,0.904,1.0,1.2,2022,Metal Loss_44107.8,True,44107.759,44107.002,METAL_LOSS,False,2.5666666666666664,3599,44087.38549820411
12230,39.813,0.344,32.654,7.159,44108.842,Metal Loss,External,38.0,0.131,53.0,GENE,20.0,,,,12.0,3.7,2:40,EXT ML,72,N,N,5.97,137.003,06:36,25.761,CMFL,1025,65000,E.R. WELD,24,1164.3,1617.1,1299.6,1805.0,0.88,0.865,1.0,1.2,2022,Metal Loss_44108.8,True,44108.842,44108.085,METAL_LOSS,False,2.6666666666666665,3601,44088.47276894482
12230,39.813,0.344,32.907,6.906,44109.094,Metal Loss,External,17.0,0.058,32.0,GENE,20.0,,,,6.3,3.2,7:48,EXT ML,72,N,N,5.97,136.963,06:36,7.54,CMFL,1025,65000,E.R. WELD,24,1430.4,1986.7,1410.4,1958.9,0.717,1.065,1.0,1.2,2022,Metal Loss_44109.1,True,44109.094,44108.337,METAL_LOSS,False,7.8,3602,44088.725762690585
12230,39.813,0.344,33.776,6.037,44109.964,Metal Loss,External,25.0,0.086,40.0,GENE,20.0,,,,1.3,1.2,9:34,EXT ML,72,N,N,5.97,136.827,06:36,18.64,CMFL,1025,65000,E.R. WELD,24,1522.0,2113.9,1516.0,2105.5,0.674,1.135,1.0,1.2,2022,Metal Loss_44110.0,True,44109.964,44109.207,METAL_LOSS,False,9.566666666666666,3603,44089.599193479524
12230,39.813,0.344,34.081,5.732,44110.269,Metal Loss,External,11.0,0.038,26.0,GENE,20.0,,,,6.8,2.4,9:34,EXT ML,72,N,N,5.97,136.779,06:36,18.64,CMFL,1025,65000,E.R. WELD,24,1468.0,2038.8,1453.1,2018.1,0.698,1.095,1.0,1.2,2022,Metal Loss_44110.3,True,44110.269,44109.512,METAL_LOSS,False,9.566666666666666,3604,44089.90539622737
12230,39.813,0.344,34.216,5.597,44110.404,Metal Loss,External,37.0,0.127,52.0,GENE,20.0,,,,12.5,6.2,2:20,EXT ML,72,N,N,5.97,136.758,06:36,25.97,CMFL,1025,65000,E.R. WELD,24,1167.9,1622.1,1242.6,1725.8,0.878,0.871,1.0,1.2,2022,Metal Loss_44110.4,True,44110.404,44109.647,METAL_LOSS,False,2.3333333333333335,3605,44090.040928591174
12230,39.813,0.344,34.626,5.187,44110.814,Metal Loss,External,28.0,0.096,43.0,GENE,20.0,,,,1.9,1.6,3:18,EXT ML,72,N,N,5.97,136.694,06:36,20.735,CMFL,1025,65000,E.R. WELD,24,1494.4,2075.5,1481.9,2058.1,0.686,1.113,1.0,1.2,2022,Metal Loss_44110.8,True,44110.814,44110.057,METAL_LOSS,False,3.3,3606,44090.45254539975
12230,39.813,0.344,34.961,4.856,44111.145,Metal Loss,External,26.0,0.089,41.0,GENE,20.0,,,,1.7,1.6,3:24,EXT ML,72,N,N,5.97,136.641,06:36,20.106,CMFL,1025,65000,E.R. WELD,24,1507.1,2093.1,1497.7,2080.1,0.68,1.123,1.0,1.2,2022,Metal Loss_44111.1,True,44111.145,44110.388,METAL_LOSS,False,3.4,3607,44090.784850676915
12230,39.813,0.344,35.066,4.751,44111.25,Metal Loss,External,30.0,0.103,45.0,GENE,20.0,,,,2.9,1.9,9:49,EXT ML,72,N,N,5.97,136.625,06:36,20.316,CMFL,1025,65000,E.R. WELD,24,1442.5,2003.5,1418.2,1969.7,0.711,1.075,1.0,1.2,2022,Metal Loss_44111.2,True,44111.25,44110.493,METAL_LOSS,False,9.816666666666666,3608,44090.89026473765
12230,39.813,0.344,35.515,4.298,44111.703,Metal Loss,External,28.0,0.096,43.0,GENE,20.0,,,,1.5,1.9,3:35,EXT ML,72,N,N,5.97,136.554,06:36,18.85,CMFL,1025,65000,E.R. WELD,24,1510.8,2098.3,1501.9,2086.0,0.679,1.126,1.0,1.2,2022,Metal Loss_44111.7,True,44111.703,44110.946,METAL_LOSS,False,3.5833333333333335,3609,44091.34505111397
12230,39.813,0.344,36.936,2.881,44113.12,Metal Loss,External,15.0,0.052,30.0,GENE,15.0,,,,11.8,2.1,6:56,*EXT ML,72,Y,Y,5.97,136.332,06:36,2.094,CMFL,1025,65000,E.R. WELD,24,1405.4,1951.9,1379.0,1915.3,0.729,1.048,0.8,1.0,2022,Metal Loss_44113.1,True,44113.12,44112.363000000005,METAL_LOSS,False,6.933333333333334,3611,44092.767638962156
12230,39.813,0.344,37.014,2.799,44113.202,Metal Loss,External,16.0,0.055,31.0,GENE,20.0,,,,5.5,4.6,8:26,EXT ML,72,N,N,5.97,136.319,06:36,11.519,CMFL,1025,65000,E.R. WELD,24,1447.5,2010.4,1428.0,1983.4,0.708,1.079,1.0,1.2,2022,Metal Loss_44113.2,True,44113.202,44112.445,METAL_LOSS,False,8.433333333333334,3612,44092.84996232387
12230,39.813,0.344,37.569,2.244,44113.757,Metal Loss,External,23.0,0.079,38.0,GENE,20.0,,,,4.3,6.3,9:17,EXT ML,72,N,N,5.97,136.232,06:36,14.661,CMFL,1025,65000,E.R. WELD,24,1426.3,1981.0,1432.8,1990.0,0.719,1.064,1.0,1.2,2022,Metal Loss_44113.8,True,44113.757,44113.0,METAL_LOSS,False,9.283333333333333,3613,44093.4071509306
12230,39.813,0.344,38.274,1.539,44114.462,Metal Loss,External,33.0,0.113,48.0,GENE,20.0,,,,1.9,2.0,3:38,EXT ML,72,N,N,5.97,136.122,06:36,18.64,CMFL,1025,65000,E.R. WELD,24,1481.3,2057.4,1464.8,2034.4,0.692,1.104,1.0,1.2,2022,Metal Loss_44114.5,True,44114.462,44113.705,METAL_LOSS,False,3.6333333333333333,3614,44094.114931052674
12230,39.813,0.344,38.32,1.493,44114.508,Metal Loss,External,13.0,0.044,28.0,GENE,20.0,,,,2.2,1.7,8:32,EXT ML,72,N,N,5.97,136.115,06:36,12.147,CMFL,1025,65000,E.R. WELD,24,1520.8,2112.2,1515.3,2104.6,0.674,1.134,1.0,1.2,2022,Metal Loss_44114.5,True,44114.508,44113.751,METAL_LOSS,False,8.533333333333333,3615,44094.16111245072
12230,39.813,0.344,38.711,1.102,44114.898,Metal Loss,External,15.0,0.052,30.0,GENE,20.0,,,,2.0,1.7,3:27,EXT ML,72,N,N,5.97,136.053,06:36,19.687,CMFL,1025,65000,E.R. WELD,24,1521.0,2112.5,1515.5,2104.9,0.674,1.134,1.0,1.2,2022,Metal Loss_44114.9,True,44114.898,44114.141,METAL_LOSS,False,3.45,3616,44094.552650390586
12230,39.813,0.344,39.357,0.459,44115.541,Metal Loss,External,17.0,0.058,32.0,GENE,20.0,,,,2.8,3.2,3:37,EXT ML,72,N,N,5.97,135.952,06:36,18.64,CMFL,1025,65000,E.R. WELD,24,1493.5,2074.3,1482.4,2058.9,0.686,1.114,1.0,1.2,2022,Metal Loss_44115.5,True,44115.541,44114.784,METAL_LOSS,False,3.6166666666666667,3617,44095.19818601965
12240,40.374,0.344,1.535,38.839,44117.536,Metal Loss,External,13.0,0.044,28.0,GENE,20.0,,,,2.8,2.6,8:08,EXT ML,94,N,N,5.97,135.64,08:36,2.932,CMFL,1025,65000,E.R. WELD,24,1511.4,2099.2,1504.2,2089.2,0.678,1.125,1.0,1.2,2022,Metal Loss_44117.5,True,44117.536,44116.779,METAL_LOSS,False,8.133333333333333,3619,44097.17659855353
12240,40.374,0.344,2.156,38.219,44118.156,Metal Loss,External,11.0,0.038,26.0,GENE,20.0,,,,4.2,3.7,3:47,EXT ML,94,N,N,5.97,135.543,08:36,30.159,CMFL,1025,65000,E.R. WELD,24,1497.1,2079.3,1487.5,2065.9,0.685,1.115,1.0,1.2,2022,Metal Loss_44118.2,True,44118.156,44117.399000000005,METAL_LOSS,False,3.783333333333333,3620,44097.78916604746
12240,40.374,0.344,2.986,37.388,44118.986,Metal Loss,External,33.0,0.113,48.0,GENE,20.0,,,,5.2,3.0,9:49,EXT ML,94,N,N,5.97,135.524,08:36,8.796,CMFL,1025,65000,E.R. WELD,24,1333.4,1851.9,1411.1,1959.8,0.769,0.991,1.0,1.2,2022,Metal Loss_44119.0,True,44118.986,44118.229,METAL_LOSS,False,9.816666666666666,3622,44098.60921607966
12240,40.374,0.344,3.31,37.064,44119.311,Metal Loss,External,10.0,0.034,25.0,GENE,20.0,,,,5.9,2.0,3:16,EXT ML,94,N,N,5.97,135.546,08:36,33.51,CMFL,1025,65000,E.R. WELD,24,1481.2,2057.2,1471.4,2043.6,0.692,1.105,1.0,1.2,2022,Metal Loss_44119.3,True,44119.311,44118.554,METAL_LOSS,False,3.2666666666666666,3623,44098.93032000794
12240,40.374,0.344,3.698,36.677,44119.698,Metal Loss,External,25.0,0.086,40.0,GENE,20.0,,,,34.0,4.6,9:52,EXT ML,94,N,N,5.97,135.573,08:36,6.912,CMFL,1025,65000,E.R. WELD,24,1251.9,1738.8,1307.6,1816.1,0.819,0.934,1.0,1.2,2022,Metal Loss_44119.7,True,44119.698,44118.941,METAL_LOSS,False,9.866666666666667,3624,44099.312680685594
12240,40.374,0.344,3.789,36.585,44119.79,Metal Loss,External,19.0,0.065,34.0,PITT,20.0,,,,0.9,1.1,2:34,EXT ML,94,N,N,5.97,135.579,08:36,37.49,CMFL,1025,65000,E.R. WELD,24,1539.4,2138.1,1537.6,2135.5,0.666,1.147,0.6,1.2,2022,Metal Loss_44119.8,True,44119.79,44119.033,METAL_LOSS,False,2.5666666666666664,3625,44099.4035777976
12240,40.374,0.344,4.455,35.919,44120.456,Metal Loss,External,17.0,0.058,32.0,GENE,20.0,,,,7.8,4.1,4:19,EXT ML,94,N,N,5.97,135.625,08:36,28.065,CMFL,1025,65000,E.R. WELD,24,1409.9,1958.1,1412.2,1961.4,0.727,1.052,1.0,1.2,2022,Metal Loss_44120.5,True,44120.456,44119.699,METAL_LOSS,False,4.316666666666666,3626,44100.06159384753
12240,40.374,0.344,4.567,35.807,44120.568,Metal Loss,External,40.0,0.137,55.0,GENE,20.0,,,,3.0,3.1,2:30,EXT ML,94,N,N,5.97,135.633,08:36,36.442,CMFL,1025,65000,E.R. WELD,24,1390.3,1930.9,1359.2,1887.7,0.737,1.035,1.0,1.2,2022,Metal Loss_44120.6,True,44120.568,44119.811,METAL_LOSS,False,2.5,3627,44100.17225120127
12240,40.374,0.344,4.78,35.594,44120.781,Metal Loss,External,13.0,0.044,28.0,GENE,20.0,,,,2.8,2.8,8:19,EXT ML ( NEAR SW ),94,N,N,5.97,135.648,08:36,1.676,CMFL,1025,65000,E.R. WELD,24,1508.7,2095.4,1501.0,2084.7,0.679,1.124,1.0,1.2,2022,Metal Loss_44120.8,True,44120.781,44120.024000000005,METAL_LOSS,False,8.316666666666666,3628,44100.38269777581
12240,40.374,0.344,5.558,34.816,44121.558,Metal Loss,External,43.0,0.148,58.0,GENE,20.0,,,,1.2,1.3,2:34,EXT ML,94,N,N,5.97,135.701,08:36,37.49,CMFL,1025,65000,E.R. WELD,24,1506.0,2091.7,1493.5,2074.4,0.681,1.122,1.0,1.2,2022,Metal Loss_44121.6,True,44121.558,44120.801,METAL_LOSS,False,2.5666666666666664,3629,44101.15038316739
12240,40.374,0.344,5.774,34.6,44121.775,Metal Loss,External,15.0,0.052,30.0,GENE,20.0,,,,4.1,2.8,4:20,EXT ML,94,N,N,5.97,135.716,08:36,26.18,CMFL,1025,65000,E.R. WELD,24,1476.7,2050.9,1464.0,2033.4,0.694,1.101,1.0,1.2,2022,Metal Loss_44121.8,True,44121.775,44121.018,METAL_LOSS,False,4.333333333333333,3630,44101.36478179027
12240,40.374,0.344,5.833,34.541,44121.834,Metal Loss,External,32.0,0.11,47.0,GENE,20.0,,,,4.4,4.1,2:35,EXT ML,94,N,N,5.97,135.72,08:36,36.861,CMFL,1025,65000,E.R. WELD,24,1363.0,1893.0,1367.2,1898.9,0.752,1.015,1.0,1.2,2022,Metal Loss_44121.8,True,44121.834,44121.077000000005,METAL_LOSS,False,2.5833333333333335,3631,44101.4230745034
12240,40.374,0.344,6.624,33.75,44122.625,Metal Loss,External,24.0,0.082,39.0,GENE,20.0,,,,17.7,5.2,2:28,EXT ML,94,N,N,5.97,135.775,08:36,36.861,CMFL,1025,65000,E.R. WELD,24,1286.2,1786.4,1292.6,1795.3,0.797,0.962,1.0,1.2,2022,Metal Loss_44122.6,True,44122.625,44121.868,METAL_LOSS,False,2.466666666666667,3632,44102.204592064205
12240,40.374,0.344,6.946,33.428,44122.946,Metal Loss,External,37.0,0.127,52.0,GENE,20.0,,,,1.7,1.5,9:52,EXT ML,94,N,N,5.97,135.797,08:36,7.959,CMFL,1025,65000,E.R. WELD,24,1482.9,2059.6,1465.7,2035.7,0.691,1.104,1.0,1.2,2022,Metal Loss_44122.9,True,44122.946,44122.189000000006,METAL_LOSS,False,9.866666666666667,3633,44102.52174394413
12240,40.374,0.344,7.467,32.907,44123.468,Metal Loss,External,23.0,0.079,38.0,PITT,20.0,,,,1.6,1.0,9:44,EXT ML,94,N,N,5.97,135.833,08:36,7.121,CMFL,1025,65000,E.R. WELD,24,1518.2,2108.6,1511.6,2099.4,0.675,1.131,0.6,1.2,2022,Metal Loss_44123.5,True,44123.468,44122.711,METAL_LOSS,False,9.733333333333333,3634,44103.03748625354
12240,40.374,0.344,7.913,32.461,44123.914,Metal Loss,External,13.0,0.044,28.0,PITT,20.0,,,,0.9,1.3,9:53,EXT ML,94,N,N,5.97,135.863,08:36,8.168,CMFL,1025,65000,E.R. WELD,24,1542.3,2142.1,1541.1,2140.5,0.665,1.15,0.6,1.2,2022,Metal Loss_44123.9,True,44123.914,44123.157,METAL_LOSS,False,9.883333333333333,3635,44103.47813964433
12240,40.374,0.344,8.753,31.621,44124.754,Metal Loss,External,20.0,0.069,35.0,GENE,20.0,,,,3.1,1.5,2:37,EXT ML,94,N,N,5.97,135.921,08:36,37.28,CMFL,1025,65000,E.R. WELD,24,1474.8,2048.3,1508.2,2094.7,0.695,1.099,0.6,1.2,2022,Metal Loss_44124.8,True,44124.754,44123.997,METAL_LOSS,False,2.6166666666666667,3636,44104.3080697974
12240,40.374,0.344,9.272,31.102,44125.272,Metal Loss,External,23.0,0.079,38.0,GENE,20.0,,,,3.9,3.7,8:25,EXT ML ( ON SW ),94,N,N,5.97,135.957,08:36,1.676,CMFL,1025,65000,E.R. WELD,24,1439.7,1999.5,1432.3,1989.3,0.712,1.071,1.0,1.2,2022,Metal Loss_44125.3,True,44125.272,44124.515,METAL_LOSS,False,8.416666666666666,3637,44104.81986005846
12240,40.374,0.344,9.327,31.047,44125.328,Metal Loss,External,25.0,0.086,40.0,PITT,20.0,,,,0.8,0.5,2:40,EXT ML,94,N,N,5.97,135.961,08:36,37.28,CMFL,1025,65000,E.R. WELD,24,1538.7,2137.1,1536.6,2134.1,0.666,1.147,0.6,1.2,2022,Metal Loss_44125.3,True,44125.328,44124.571,METAL_LOSS,False,2.6666666666666665,3638,44104.875188735336
12240,40.374,0.344,9.649,30.725,44125.65,Metal Loss,External,23.0,0.079,38.0,GENE,20.0,,,,3.0,2.6,2:35,EXT ML,94,N,N,5.97,135.983,08:36,37.699,CMFL,1025,65000,E.R. WELD,24,1465.5,2035.4,1447.8,2010.8,0.7,1.093,1.0,1.2,2022,Metal Loss_44125.7,True,44125.65,44124.893,METAL_LOSS,False,2.5833333333333335,3639,44105.19332862734
12240,40.374,0.344,9.82,30.558,44125.817,Metal Loss,External,24.0,0.082,39.0,GENE,20.0,,,,8.3,3.5,9:53,EXT ML,94,N,N,5.97,135.994,08:36,7.749,CMFL,1025,65000,E.R. WELD,24,1340.4,1861.7,1342.9,1865.1,0.765,1.002,1.0,1.2,2022,Metal Loss_44125.8,True,44125.817,44125.060000000005,METAL_LOSS,False,9.883333333333333,3640,44105.358326645866
12240,40.374,0.344,10.105,30.269,44126.106,Metal Loss,External,15.0,0.052,30.0,PITT,20.0,,,,0.9,1.0,2:39,EXT ML,94,N,N,5.97,136.014,08:36,37.28,CMFL,1025,65000,E.R. WELD,24,1540.6,2139.8,1539.1,2137.6,0.665,1.148,0.6,1.2,2022,Metal Loss_44126.1,True,44126.106,44125.349,METAL_LOSS,False,2.65,3641,44105.643862139004
12240,40.374,0.344,10.417,29.957,44126.417,Metal Loss,External,16.0,0.055,31.0,GENE,20.0,,,,4.8,3.0,8:19,EXT ML ( NEAR SW ),94,N,N,5.97,136.036,08:36,1.676,CMFL,1025,65000,E.R. WELD,24,1458.1,2025.2,1440.6,2000.8,0.703,1.086,1.0,1.2,2022,Metal Loss_44126.4,True,44126.417,44125.66,METAL_LOSS,False,8.316666666666666,3642,44105.95113389806
12240,40.374,0.344,10.499,29.875,44126.499,Metal Loss,External,15.0,0.052,30.0,GENE,20.0,,,,1.3,1.9,2:39,EXT ML,94,N,N,5.97,136.041,08:36,37.28,CMFL,1025,65000,E.R. WELD,24,1534.6,2131.3,1531.8,2127.5,0.668,1.144,1.0,1.2,2022,Metal Loss_44126.5,True,44126.499,44125.742000000006,METAL_LOSS,False,2.65,3643,44106.032150889194
12240,40.374,0.344,10.791,29.583,44126.791,Metal Loss,External,21.0,0.072,36.0,GENE,20.0,,,,3.7,4.0,9:48,EXT ML,94,N,N,5.97,136.061,08:36,6.702,CMFL,1025,65000,E.R. WELD,24,1451.0,2015.2,1443.6,2004.9,0.707,1.083,1.0,1.2,2022,Metal Loss_44126.8,True,44126.791,44126.034,METAL_LOSS,False,9.8,3644,44106.32065041859
12240,40.374,0.344,10.82,29.554,44126.821,Metal Loss,External,15.0,0.052,30.0,GENE,20.0,,,,1.9,1.7,3:57,EXT ML,94,N,N,5.97,136.063,08:36,29.112,CMFL,1025,65000,E.R. WELD,24,1522.4,2114.4,1517.2,2107.2,0.673,1.134,1.0,1.2,2022,Metal Loss_44126.8,True,44126.821,44126.064000000006,METAL_LOSS,False,3.95,3645,44106.35029078121
12240,40.374,0.344,10.899,29.475,44126.9,Metal Loss,External,16.0,0.055,31.0,GENE,20.0,,,,3.2,1.5,2:35,EXT ML,94,N,N,5.97,136.069,08:36,37.699,CMFL,1025,65000,E.R. WELD,24,1490.4,2070.0,1478.9,2054.0,0.688,1.11,1.0,1.2,2022,Metal Loss_44126.9,True,44126.9,44126.143,METAL_LOSS,False,2.5833333333333335,3646,44106.42834373607
12240,40.374,0.344,11.132,29.242,44127.133,Metal Loss,External,11.0,0.038,26.0,GENE,20.0,,,,5.7,3.6,8:45,EXT ML ( ON SW ),94,N,N,5.97,136.085,08:36,1.047,CMFL,1025,65000,E.R. WELD,24,1474.6,2048.0,1460.8,2028.9,0.695,1.101,1.0,1.2,2022,Metal Loss_44127.1,True,44127.133,44126.376,METAL_LOSS,False,8.75,3647,44106.65855055234
12240,40.374,0.344,11.171,29.203,44127.172,Metal Loss,External,15.0,0.052,30.0,GENE,20.0,,,,2.0,1.3,3:57,EXT ML,94,N,N,5.97,136.088,08:36,29.112,CMFL,1025,65000,E.R. WELD,24,1521.2,2112.7,1515.7,2105.2,0.674,1.134,1.0,1.2,2022,Metal Loss_44127.2,True,44127.172,44126.415,METAL_LOSS,False,3.95,3648,44106.69708302373
12240,40.374,0.344,11.46,28.914,44127.461,Metal Loss,External,18.0,0.062,33.0,GENE,20.0,,,,3.9,2.7,2:36,EXT ML,94,N,N,5.97,136.108,08:36,37.699,CMFL,1025,65000,E.R. WELD,24,1463.5,2032.7,1446.5,2009.1,0.7,1.091,1.0,1.2,2022,Metal Loss_44127.5,True,44127.461,44126.704000000005,METAL_LOSS,False,2.6,3649,44106.98261851688
12240,40.374,0.344,12.044,28.333,44128.041,Metal Loss,External,23.0,0.079,38.0,GENE,20.0,,,,1.2,1.2,2:35,EXT ML,94,N,N,5.97,136.148,08:36,37.699,CMFL,1025,65000,E.R. WELD,24,1528.8,2123.3,1524.5,2117.3,0.671,1.139,1.0,1.2,2022,Metal Loss_44128.0,True,44128.041,44127.284,METAL_LOSS,False,2.5833333333333335,3650,44107.555665527325
12240,40.374,0.344,12.182,28.192,44128.182,Metal Loss,External,14.0,0.048,29.0,GENE,20.0,,,,1.3,1.8,3:59,EXT ML,94,N,N,5.97,136.157,08:36,28.903,CMFL,1025,65000,E.R. WELD,24,1536.2,2133.6,1533.8,2130.2,0.667,1.145,1.0,1.2,2022,Metal Loss_44128.2,True,44128.182,44127.425,METAL_LOSS,False,3.9833333333333334,3651,44107.69497523159
12240,40.374,0.344,12.32,28.054,44128.32,Metal Loss,External,14.0,0.048,29.0,GENE,20.0,,,,3.5,1.6,9:29,EXT ML,94,N,N,5.97,136.167,08:36,5.655,CMFL,1025,65000,E.R. WELD,24,1491.5,2071.6,1480.8,2056.6,0.687,1.112,1.0,1.2,2022,Metal Loss_44128.3,True,44128.32,44127.563,METAL_LOSS,False,9.483333333333333,3652,44107.8313208996
12240,40.374,0.344,12.47,27.904,44128.471,Metal Loss,External,25.0,0.086,40.0,GENE,20.0,,,,4.0,2.2,2:34,EXT ML,94,N,N,5.97,136.177,08:36,37.49,CMFL,1025,65000,E.R. WELD,24,1423.8,1977.5,1445.1,2007.1,0.72,1.06,1.0,1.2,2022,Metal Loss_44128.5,True,44128.471,44127.714,METAL_LOSS,False,2.5666666666666664,3653,44107.98051072473
12240,40.374,0.344,12.671,27.703,44128.671,Metal Loss,External,17.0,0.058,32.0,GENE,20.0,,,,1.9,1.9,2:01,EXT ML,94,N,N,5.97,136.191,08:36,34.139,CMFL,1025,65000,E.R. WELD,24,1518.8,2109.4,1512.7,2101.0,0.675,1.132,1.0,1.2,2022,Metal Loss_44128.7,True,44128.671,44127.914,METAL_LOSS,False,2.0166666666666666,3654,44108.17811314213
12240,40.374,0.344,13.123,27.251,44129.124,Metal Loss,External,14.0,0.048,29.0,GENE,20.0,,,,2.0,2.5,3:50,EXT ML,94,N,N,5.97,136.222,08:36,29.95,CMFL,1025,65000,E.R. WELD,24,1522.9,2115.2,1517.9,2108.2,0.673,1.135,1.0,1.2,2022,Metal Loss_44129.1,True,44129.124,44128.367000000006,METAL_LOSS,False,3.8333333333333335,3655,44108.62568261754
12240,40.374,0.344,13.179,27.195,44129.18,Metal Loss,External,25.0,0.086,40.0,GENE,20.0,,,,2.0,1.8,2:36,EXT ML,94,N,N,5.97,136.226,08:36,37.699,CMFL,1025,65000,E.R. WELD,24,1497.1,2079.3,1485.6,2063.4,0.685,1.115,1.0,1.2,2022,Metal Loss_44129.2,True,44129.18,44128.423,METAL_LOSS,False,2.6,3656,44108.6810112944
12240,40.374,0.344,13.215,27.159,44129.216,Metal Loss,External,13.0,0.044,28.0,GENE,20.0,,,,4.5,2.2,8:42,EXT ML ( ON SW ),94,N,N,5.97,136.228,08:36,0.209,CMFL,1025,65000,E.R. WELD,24,1481.3,2057.3,1476.0,2050.1,0.692,1.103,1.0,1.2,2022,Metal Loss_44129.2,True,44129.216,44128.459,METAL_LOSS,False,8.7,3657,44108.71657972954
12240,40.374,0.344,13.819,26.555,44129.82,Metal Loss,External,12.0,0.041,27.0,GENE,20.0,,,,20.0,4.2,3:58,EXT ML,94,N,N,5.97,136.27,08:36,28.903,CMFL,1025,65000,E.R. WELD,24,1425.3,1979.5,1420.3,1972.6,0.719,1.058,1.0,1.2,2022,Metal Loss_44129.8,True,44129.82,44129.063,METAL_LOSS,False,3.966666666666667,3658,44109.31333903007
12240,40.374,0.344,13.94,26.434,44129.941,Metal Loss,External,25.0,0.086,40.0,GENE,20.0,,,,7.0,3.0,2:32,EXT ML,94,N,N,5.97,136.278,08:36,37.699,CMFL,1025,65000,E.R. WELD,24,1350.5,1875.6,1410.6,1959.2,0.759,1.008,1.0,1.2,2022,Metal Loss_44129.9,True,44129.941,44129.184,METAL_LOSS,False,2.533333333333333,3659,44109.4328884926
12240,40.374,0.344,14.882,25.495,44130.879,Metal Loss,External,21.0,0.072,36.0,PITT,20.0,,,,1.6,1.0,2:30,EXT ML,94,N,N,5.97,136.343,08:36,37.071,CMFL,1025,65000,E.R. WELD,24,1520.9,2112.3,1514.9,2104.1,0.674,1.134,0.6,1.2,2022,Metal Loss_44130.9,True,44130.879,44130.122,METAL_LOSS,False,2.5,3660,44110.3596438302
12240,40.374,0.344,15.079,25.295,44131.079,Metal Loss,External,12.0,0.041,27.0,GENE,20.0,,,,3.9,1.8,9:26,EXT ML,94,N,N,5.97,136.357,08:36,5.236,CMFL,1025,65000,E.R. WELD,24,1492.8,2073.3,1483.4,2060.3,0.687,1.114,1.0,1.2,2022,Metal Loss_44131.1,True,44131.079,44130.322,METAL_LOSS,False,9.433333333333334,3661,44110.55724624759
12240,40.374,0.344,15.518,24.856,44131.519,Metal Loss,External,30.0,0.103,45.0,GENE,20.0,,,,2.3,1.9,2:33,EXT ML,94,N,N,5.97,136.387,08:36,37.49,CMFL,1025,65000,E.R. WELD,24,1470.4,2042.3,1452.2,2017.0,0.697,1.095,1.0,1.2,2022,Metal Loss_44131.5,True,44131.519,44130.762,METAL_LOSS,False,2.55,3662,44110.99197156586
12240,40.374,0.344,15.679,24.695,44131.68,Metal Loss,External,20.0,0.069,35.0,GENE,20.0,,,,3.9,1.3,9:43,EXT ML,94,N,N,5.97,136.398,08:36,7.121,CMFL,1025,65000,E.R. WELD,24,1454.0,2019.5,1434.9,1992.9,0.705,1.083,1.0,1.2,2022,Metal Loss_44131.7,True,44131.68,44130.923,METAL_LOSS,False,9.716666666666667,3663,44111.15104151187
12240,40.374,0.344,15.965,24.409,44131.965,Metal Loss,External,12.0,0.041,27.0,GENE,20.0,,,,16.0,2.9,4:08,EXT ML,94,N,N,5.97,136.418,08:36,27.227,CMFL,1025,65000,E.R. WELD,24,1430.3,1986.6,1420.9,1973.5,0.717,1.062,1.0,1.2,2022,Metal Loss_44132.0,True,44131.965,44131.208,METAL_LOSS,False,4.133333333333334,3664,44111.43262495666
12240,40.374,0.344,16.083,24.291,44132.083,Metal Loss,External,26.0,0.089,41.0,GENE,20.0,,,,2.2,2.2,2:30,EXT ML,94,N,N,5.97,136.426,08:36,37.071,CMFL,1025,65000,E.R. WELD,24,1487.8,2066.5,1474.1,2047.4,0.689,1.109,1.0,1.2,2022,Metal Loss_44132.1,True,44132.083,44131.326,METAL_LOSS,False,2.5,3665,44111.549210382924
12240,40.374,0.344,16.201,24.173,44132.201,Metal Loss,External,21.0,0.072,36.0,GENE,20.0,,,,13.2,5.4,9:49,EXT ML,94,N,N,5.97,136.434,08:36,6.912,CMFL,1025,65000,E.R. WELD,24,1341.9,1863.7,1358.1,1886.2,0.764,0.998,1.0,1.2,2022,Metal Loss_44132.2,True,44132.201,44131.444,METAL_LOSS,False,9.816666666666666,3666,44111.66579580919
12240,40.374,0.344,16.588,23.786,44132.589,Metal Loss,External,24.0,0.082,39.0,GENE,20.0,,,,5.4,1.2,2:31,EXT ML,94,N,N,5.97,136.461,08:36,37.071,CMFL,1025,65000,E.R. WELD,24,1391.5,1932.7,1463.2,2032.2,0.737,1.037,1.0,1.2,2022,Metal Loss_44132.6,True,44132.589,44131.832,METAL_LOSS,False,2.5166666666666666,3667,44112.04914449894
12240,40.374,0.344,17.372,23.002,44133.373,Metal Loss,External,24.0,0.082,39.0,GENE,20.0,,,,1.3,1.8,2:28,EXT ML,94,N,N,5.97,136.515,08:36,36.861,CMFL,1025,65000,E.R. WELD,24,1524.1,2116.8,1518.7,2109.3,0.673,1.136,1.0,1.2,2022,Metal Loss_44133.4,True,44133.373,44132.616,METAL_LOSS,False,2.466666666666667,3668,44112.82374597514
12240,40.374,0.344,17.49,22.884,44133.491,Metal Loss,External,21.0,0.072,36.0,GENE,20.0,,,,9.2,4.9,9:41,EXT ML,94,N,N,5.97,136.523,08:36,6.702,CMFL,1025,65000,E.R. WELD,24,1361.6,1891.1,1414.2,1964.1,0.753,1.016,1.0,1.2,2022,Metal Loss_44133.5,True,44133.491,44132.734,METAL_LOSS,False,9.683333333333334,3669,44112.940331401405
12240,40.374,0.344,17.7,22.674,44133.701,Metal Loss,External,26.0,0.089,41.0,GENE,25.0,,,,16.9,4.8,2:19,EXT ML,94,N,N,5.97,136.537,08:36,37.071,CMFL,1025,65000,E.R. WELD,24,1273.8,1769.2,1361.4,1890.8,0.805,0.947,1.0,1.2,2022,Metal Loss_44133.7,True,44133.701,44132.944,METAL_LOSS,False,2.3166666666666664,3670,44113.14781393967
12240,40.374,0.344,18.812,21.562,44134.813,Metal Loss,External,13.0,0.044,28.0,GENE,20.0,,,,2.5,1.4,9:42,EXT ML,94,N,N,5.97,136.614,08:36,6.912,CMFL,1025,65000,E.R. WELD,24,1513.3,2101.8,1506.4,2092.3,0.677,1.129,1.0,1.2,2022,Metal Loss_44134.8,True,44134.813,44134.056,METAL_LOSS,False,9.7,3671,44114.2464833804
12240,40.374,0.344,19.203,21.171,44135.203,Metal Loss,External,12.0,0.041,27.0,GENE,20.0,,,,7.4,2.9,4:27,EXT ML,94,N,N,5.97,136.641,08:36,25.97,CMFL,1025,65000,E.R. WELD,24,1460.5,2028.4,1444.2,2005.8,0.702,1.086,1.0,1.2,2022,Metal Loss_44135.2,True,44135.203,44134.446,METAL_LOSS,False,4.45,3672,44114.631808094324
12240,40.374,0.344,19.364,21.01,44135.364,Metal Loss,External,20.0,0.069,35.0,GENE,20.0,,,,9.3,3.6,9:42,EXT ML,94,N,N,5.97,136.652,08:36,6.493,CMFL,1025,65000,E.R. WELD,24,1367.3,1899.0,1426.2,1980.8,0.75,1.023,1.0,1.2,2022,Metal Loss_44135.4,True,44135.364,44134.607,METAL_LOSS,False,9.7,3673,44114.79087804033
12240,40.374,0.344,19.403,20.971,44135.404,Metal Loss,External,36.0,0.124,51.0,GENE,20.0,,,,15.6,6.6,2:28,EXT ML,94,N,N,5.97,136.654,08:36,37.071,CMFL,1025,65000,E.R. WELD,24,1155.8,1605.3,1338.8,1859.5,0.887,0.866,1.0,1.2,2022,Metal Loss_44135.4,True,44135.404,44134.647,METAL_LOSS,False,2.466666666666667,3674,44114.83039852381
12240,40.374,0.344,19.872,20.502,44135.873,Metal Loss,External,11.0,0.038,26.0,GENE,20.0,,,,2.8,2.9,7:26,EXT ML,94,N,N,5.97,136.687,08:36,7.33,CMFL,1025,65000,E.R. WELD,24,1516.4,2106.1,1510.3,2097.6,0.676,1.13,1.0,1.2,2022,Metal Loss_44135.9,True,44135.873,44135.116,METAL_LOSS,False,7.433333333333334,3675,44115.2937761926
12240,40.374,0.344,20.43,19.944,44136.43,Metal Loss,External,16.0,0.055,31.0,PITT,20.0,,,,1.2,0.7,9:39,EXT ML,94,N,N,5.97,136.725,08:36,6.702,CMFL,1025,65000,E.R. WELD,24,1535.2,2132.2,1532.5,2128.5,0.668,1.144,0.6,1.2,2022,Metal Loss_44136.4,True,44136.43,44135.673,METAL_LOSS,False,9.65,3676,44115.84409892506
12240,40.374,0.344,20.951,19.423,44136.952,Metal Loss,External,27.0,0.093,42.0,GENE,20.0,,,,8.9,4.8,2:35,EXT ML,94,N,N,5.97,136.761,08:36,36.442,CMFL,1025,65000,E.R. WELD,24,1305.6,1813.3,1400.6,1945.3,0.785,0.976,1.0,1.2,2022,Metal Loss_44137.0,True,44136.952,44136.195,METAL_LOSS,False,2.5833333333333335,3677,44116.35984123446
12240,40.374,0.344,21.332,19.042,44137.333,Metal Loss,External,19.0,0.065,34.0,GENE,20.0,,,,5.0,1.5,9:38,EXT ML,94,N,N,5.97,136.787,08:36,6.493,CMFL,1025,65000,E.R. WELD,24,1436.6,1995.2,1414.5,1964.5,0.714,1.069,1.0,1.2,2022,Metal Loss_44137.3,True,44137.333,44136.576,METAL_LOSS,False,9.633333333333333,3678,44116.736273839604
12240,40.374,0.344,23.061,17.313,44139.062,Metal Loss,External,19.0,0.065,34.0,GENE,20.0,,,,7.0,2.5,3:33,EXT ML,94,N,N,5.97,136.906,08:36,30.997,CMFL,1025,65000,E.R. WELD,24,1402.6,1948.1,1435.1,1993.2,0.731,1.046,1.0,1.2,2022,Metal Loss_44139.1,True,44139.062,44138.305,METAL_LOSS,False,3.55,3679,44118.444546738
12240,40.374,0.344,23.428,16.946,44139.429,Metal Loss,External,20.0,0.069,35.0,PITT,20.0,,,,0.9,1.3,8:29,EXT ML ( NEAR SW ),94,N,N,5.97,136.932,08:36,0.628,CMFL,1025,65000,E.R. WELD,24,1538.1,2136.3,1536.0,2133.3,0.666,1.146,0.6,1.2,2022,Metal Loss_44139.4,True,44139.429,44138.672,METAL_LOSS,False,8.483333333333333,3680,44118.807147173924
12240,40.374,0.344,23.77,16.604,44139.77,Metal Loss,External,18.0,0.062,33.0,GENE,20.0,,,,1.6,1.9,8:22,EXT ML ( NEAR SW ),94,N,N,5.97,136.955,08:36,1.466,CMFL,1025,65000,E.R. WELD,24,1523.7,2116.3,1518.6,2109.1,0.673,1.136,1.0,1.2,2022,Metal Loss_44139.8,True,44139.77,44139.013,METAL_LOSS,False,8.366666666666667,3681,44119.144059295584
12240,40.374,0.344,23.96,16.414,44139.961,Metal Loss,External,21.0,0.072,36.0,GENE,20.0,,,,2.8,3.7,3:52,EXT ML,94,N,N,5.97,136.968,08:36,30.788,CMFL,1025,65000,E.R. WELD,24,1481.8,2058.1,1468.4,2039.5,0.692,1.104,1.0,1.2,2022,Metal Loss_44140.0,True,44139.961,44139.204000000005,METAL_LOSS,False,3.8666666666666667,3682,44119.33276960421
12240,40.374,0.344,24.331,16.043,44140.331,Metal Loss,External,22.0,0.076,37.0,GENE,20.0,,,,1.6,1.9,8:26,EXT ML ( NEAR SW ),94,N,N,5.97,136.994,08:36,1.047,CMFL,1025,65000,E.R. WELD,24,1517.7,2107.9,1511.0,2098.6,0.675,1.131,1.0,1.2,2022,Metal Loss_44140.3,True,44140.331,44139.574,METAL_LOSS,False,8.433333333333334,3683,44119.69833407639
12240,40.374,0.344,24.436,15.938,44140.436,Metal Loss,External,12.0,0.041,27.0,GENE,20.0,,,,2.2,1.7,3:39,EXT ML,94,N,N,5.97,137.001,08:36,30.997,CMFL,1025,65000,E.R. WELD,24,1521.8,2113.7,1516.7,2106.5,0.674,1.135,1.0,1.2,2022,Metal Loss_44140.4,True,44140.436,44139.679,METAL_LOSS,False,3.65,3684,44119.80207534553
12240,40.374,0.344,24.639,15.735,44140.64,Metal Loss,External,22.0,0.076,37.0,GENE,20.0,,,,1.5,1.7,8:26,EXT ML ( NEAR SW ),94,N,N,5.97,137.015,08:36,1.047,CMFL,1025,65000,E.R. WELD,24,1522.0,2114.0,1516.3,2106.0,0.674,1.134,1.0,1.2,2022,Metal Loss_44140.6,True,44140.64,44139.883,METAL_LOSS,False,8.433333333333334,3685,44120.00362981127
12240,40.374,0.344,24.852,15.522,44140.853,Metal Loss,External,14.0,0.048,29.0,GENE,20.0,,,,1.9,1.9,3:47,EXT ML,94,N,N,5.97,137.03,08:36,30.159,CMFL,1025,65000,E.R. WELD,24,1525.0,2118.1,1520.4,2111.6,0.672,1.137,1.0,1.2,2022,Metal Loss_44140.9,True,44140.853,44140.096000000005,METAL_LOSS,False,3.783333333333333,3686,44120.2140763858
12240,40.374,0.344,24.993,15.381,44140.994,Metal Loss,External,15.0,0.052,30.0,GENE,20.0,,,,5.0,2.4,7:52,EXT ML,94,N,N,5.97,137.039,08:36,4.398,CMFL,1025,65000,E.R. WELD,24,1461.6,2030.0,1445.2,2007.2,0.701,1.089,1.0,1.2,2022,Metal Loss_44141.0,True,44140.994,44140.237,METAL_LOSS,False,7.866666666666667,3687,44120.353386090064
12240,40.374,0.344,25.466,14.908,44141.467,Metal Loss,External,14.0,0.048,29.0,GENE,20.0,,,,2.4,1.9,3:46,EXT ML,94,N,N,5.97,137.072,08:36,30.369,CMFL,1025,65000,E.R. WELD,24,1514.4,2103.4,1507.7,2094.1,0.677,1.129,1.0,1.2,2022,Metal Loss_44141.5,True,44141.467,44140.71,METAL_LOSS,False,3.7666666666666666,3688,44120.820715807204
12240,40.374,0.344,26.23,14.144,44142.231,Metal Loss,External,13.0,0.044,28.0,GENE,20.0,,,,3.0,2.0,8:06,EXT ML,94,N,N,5.97,137.125,08:36,3.142,CMFL,1025,65000,E.R. WELD,24,1507.2,2093.4,1499.2,2082.3,0.68,1.123,1.0,1.2,2022,Metal Loss_44142.2,True,44142.231,44141.474,METAL_LOSS,False,8.1,3689,44121.575557041666
12240,40.374,0.344,26.726,13.648,44142.726,Metal Loss,External,35.0,0.12,50.0,GENE,20.0,,,,1.8,2.0,10:09,EXT ML,94,N,N,5.97,137.159,08:36,9.844,CMFL,1025,65000,E.R. WELD,24,1482.1,2058.5,1465.2,2035.0,0.692,1.105,1.0,1.2,2022,Metal Loss_44142.7,True,44142.726,44141.969000000005,METAL_LOSS,False,10.15,3690,44122.06462302472
12240,40.374,0.344,26.932,13.442,44142.933,Metal Loss,External,14.0,0.048,29.0,GENE,20.0,,,,2.7,2.4,4:21,EXT ML,94,N,N,5.97,137.173,08:36,26.599,CMFL,1025,65000,E.R. WELD,24,1509.8,2096.9,1502.2,2086.4,0.679,1.124,1.0,1.2,2022,Metal Loss_44142.9,True,44142.933,44142.176,METAL_LOSS,False,4.35,3691,44122.269141526725
12240,40.374,0.344,27.497,12.877,44143.497,Metal Loss,External,14.0,0.048,29.0,GENE,20.0,,,,5.6,2.8,4:33,EXT ML,94,N,N,5.97,137.212,08:36,26.389,CMFL,1025,65000,E.R. WELD,24,1459.7,2027.4,1442.9,2004.0,0.702,1.087,1.0,1.2,2022,Metal Loss_44143.5,True,44143.497,44142.740000000005,METAL_LOSS,False,4.55,3692,44122.826380343795
12240,40.374,0.344,32.011,8.363,44148.012,Metal Loss,External,34.0,0.117,49.0,GENE,20.0,,,,26.4,6.8,4:14,EXT ML,94,N,N,5.97,137.523,08:36,24.504,CMFL,1025,65000,E.R. WELD,24,1157.4,1607.6,1336.4,1856.2,0.886,0.862,1.0,1.2,2022,Metal Loss_44148.0,True,44148.012,44147.255000000005,METAL_LOSS,False,4.233333333333333,3694,44127.28725491653
12240,40.374,0.344,32.723,7.651,44148.724,Metal Loss,External,18.0,0.062,33.0,AXGR,20.0,,,,2.8,0.6,4:56,EXT ML,94,N,N,5.97,137.572,08:36,23.038,CMFL,1025,65000,E.R. WELD,24,1494.6,2075.9,1483.7,2060.6,0.686,1.113,1.0,1.2,2022,Metal Loss_44148.7,True,44148.724,44147.967,METAL_LOSS,False,4.933333333333334,3695,44127.99071952247
12240,40.374,0.344,32.999,7.375,44148.999,Metal Loss,External,14.0,0.048,29.0,GENE,20.0,,,,2.4,1.3,7:39,EXT ML,94,N,N,5.97,137.591,08:36,5.655,CMFL,1025,65000,E.R. WELD,24,1515.5,2104.8,1513.9,2102.7,0.676,1.129,0.6,1.2,2022,Metal Loss_44149.0,True,44148.999,44148.242000000006,METAL_LOSS,False,7.65,3696,44128.26242284639
12240,40.374,0.344,33.451,6.923,44149.452,Metal Loss,External,28.0,0.096,43.0,GENE,20.0,,,,1.3,1.4,7:26,EXT ML,94,N,N,5.97,137.622,08:36,7.33,CMFL,1025,65000,E.R. WELD,24,1518.5,2109.0,1511.4,2099.1,0.675,1.132,1.0,1.2,2022,Metal Loss_44149.5,True,44149.452,44148.695,METAL_LOSS,False,7.433333333333334,3697,44128.70999232179
12240,40.374,0.344,34.062,6.312,44150.062,Metal Loss,External,28.0,0.096,43.0,GENE,20.0,,,,2.9,1.6,8:03,EXT ML,94,N,N,5.97,137.664,08:36,3.56,CMFL,1025,65000,E.R. WELD,24,1450.7,2014.8,1429.8,1985.8,0.707,1.08,1.0,1.2,2022,Metal Loss_44150.1,True,44150.062,44149.305,METAL_LOSS,False,8.05,3698,44129.312679694856
12240,40.374,0.344,34.688,5.686,44150.689,Metal Loss,External,24.0,0.082,39.0,GENE,20.0,,,,2.7,1.4,8:01,EXT ML,94,N,N,5.97,137.707,08:36,3.77,CMFL,1025,65000,E.R. WELD,24,1474.5,2047.9,1464.0,2033.4,0.695,1.098,1.0,1.2,2022,Metal Loss_44150.7,True,44150.689,44149.932,METAL_LOSS,False,8.016666666666667,3700,44129.9321632734
12240,40.374,0.344,35.203,5.171,44151.204,Metal Loss,External,24.0,0.082,39.0,GENE,20.0,,,,2.8,1.6,8:01,EXT ML,94,N,N,5.97,137.742,08:36,3.77,CMFL,1025,65000,E.R. WELD,24,1469.0,2040.2,1460.0,2027.8,0.698,1.096,1.0,1.2,2022,Metal Loss_44151.2,True,44151.204,44150.447,METAL_LOSS,False,8.016666666666667,3701,44130.440989498195
12240,40.374,0.344,35.702,4.672,44151.703,Metal Loss,External,23.0,0.079,38.0,PITT,20.0,,,,1.1,1.1,7:14,EXT ML,94,N,N,5.97,137.777,08:36,8.587,CMFL,1025,65000,E.R. WELD,24,1530.9,2126.2,1527.0,2120.8,0.67,1.141,0.6,1.2,2022,Metal Loss_44151.7,True,44151.703,44150.946,METAL_LOSS,False,7.233333333333333,3702,44130.934007529606
12240,40.374,0.344,37.126,3.248,44153.127,Metal Loss,External,11.0,0.038,26.0,GENE,20.0,,,,3.1,2.0,9:14,EXT ML,94,N,N,5.97,137.875,08:36,3.979,CMFL,1025,65000,E.R. WELD,24,1509.9,2097.0,1502.5,2086.8,0.679,1.126,1.0,1.2,2022,Metal Loss_44153.1,True,44153.127,44152.37,METAL_LOSS,False,9.233333333333333,3703,44132.34093674147
12240,40.374,0.344,37.316,3.058,44153.317,Metal Loss,External,18.0,0.062,33.0,GENE,20.0,,,,3.2,2.5,4:52,EXT ML,94,N,N,5.97,137.888,08:36,23.038,CMFL,1025,65000,E.R. WELD,24,1480.4,2056.2,1467.0,2037.5,0.692,1.104,1.0,1.2,2022,Metal Loss_44153.3,True,44153.317,44152.560000000005,METAL_LOSS,False,4.866666666666667,3704,44132.528659038
12240,40.374,0.344,39.341,1.033,44155.341,Metal Loss,External,21.0,0.072,36.0,GENE,20.0,,,,1.7,2.4,11:36,EXT ML,94,N,N,5.97,138.027,08:36,18.85,CMFL,1025,65000,E.R. WELD,24,1516.6,2106.4,1509.8,2096.9,0.676,1.13,1.0,1.2,2022,Metal Loss_44155.3,True,44155.341,44154.584,METAL_LOSS,False,11.6,3705,44134.52839550206
12240,40.374,0.344,39.347,1.027,44155.348,Metal Loss,External,14.0,0.048,29.0,GENE,20.0,,,,3.4,3.0,5:24,EXT ML,94,N,N,5.97,138.028,08:36,20.106,CMFL,1025,65000,E.R. WELD,24,1492.0,2072.2,1480.9,2056.8,0.687,1.114,1.0,1.2,2022,Metal Loss_44155.3,True,44155.348,44154.591,METAL_LOSS,False,5.4,3706,44134.53531158667
12240,40.374,0.344,39.383,0.991,44155.384,Metal Loss,External,21.0,0.072,36.0,GENE,20.0,,,,8.4,7.9,8:28,EXT ML ( ON SW ),94,N,N,5.97,138.03,08:36,2.094,CMFL,1025,65000,E.R. WELD,24,1370.6,1903.6,1405.4,1951.9,0.748,1.022,1.0,1.2,2022,Metal Loss_44155.4,True,44155.384,44154.627,METAL_LOSS,False,8.466666666666667,3707,44134.5708800218
12240,40.374,0.344,39.409,0.965,44155.41,Metal Loss,External,18.0,0.062,33.0,GENE,20.0,,,,1.9,1.7,3:01,EXT ML,94,N,N,5.97,138.032,08:36,34.976,CMFL,1025,65000,E.R. WELD,24,1517.6,2107.8,1511.2,2098.9,0.676,1.132,1.0,1.2,2022,Metal Loss_44155.4,True,44155.41,44154.653000000006,METAL_LOSS,False,3.0166666666666666,3708,44134.59656833606
12240,40.374,0.344,39.429,0.945,44155.43,Metal Loss,External,17.0,0.058,32.0,GENE,20.0,,,,3.2,2.8,10:27,EXT ML,94,N,N,5.97,138.033,08:36,11.729,CMFL,1025,65000,E.R. WELD,24,1483.9,2060.9,1470.9,2042.9,0.691,1.107,1.0,1.2,2022,Metal Loss_44155.4,True,44155.43,44154.673,METAL_LOSS,False,10.45,3709,44134.6163285778
12240,40.374,0.344,40.171,0.203,44156.171,Metal Loss,External,17.0,0.058,32.0,GENE,25.0,,,,3.7,2.8,2:42,EXT ML ( ON GW ),94,N,N,5.97,138.084,08:36,37.071,CMFL,1025,65000,E.R. WELD,24,1475.1,2048.7,1460.5,2028.5,0.695,1.098,1.2,1.4,2022,Metal Loss_44156.2,True,44156.171,44155.414,METAL_LOSS,False,2.7,3710,44135.34844553426
12240,40.374,0.344,40.2,0.174,44156.201,Metal Loss,External,13.0,0.044,28.0,GENE,20.0,,,,2.5,1.7,11:21,EXT ML ( ON GW ),94,N,N,5.97,138.086,08:36,17.174,CMFL,1025,65000,E.R. WELD,24,1515.5,2104.9,1509.1,2096.0,0.676,1.129,1.0,1.2,2022,Metal Loss_44156.2,True,44156.201,44155.444,METAL_LOSS,False,11.35,3711,44135.37808589687
12240,40.374,0.344,40.203,0.171,44156.204,Metal Loss,External,14.0,0.048,29.0,GENE,25.0,,,,3.7,1.7,5:47,EXT ML ( ON GW ),94,N,N,5.97,138.087,08:36,17.593,CMFL,1025,65000,E.R. WELD,24,1487.3,2065.8,1475.5,2049.3,0.689,1.109,1.2,1.4,2022,Metal Loss_44156.2,True,44156.204,44155.447,METAL_LOSS,False,5.783333333333333,3712,44135.38104993312
12240,40.374,0.344,40.348,0.026,44156.348,Metal Loss,External,23.0,0.079,38.0,CIGR,30.0,,,,0.8,2.5,7:57,EXT ML ( ON GW ),94,N,N,5.97,138.097,08:36,3.979,CMFL,1025,65000,E.R. WELD,24,1539.7,2138.5,1537.8,2135.9,0.666,1.148,1.2,1.4,2022,Metal Loss_44156.3,True,44156.348,44155.591,METAL_LOSS,False,7.95,3713,44135.52332367365
12250,40.095,0.344,0.476,39.619,44156.854,Metal Loss,External,17.0,0.058,32.0,GENE,20.0,,,,6.1,3.9,11:24,EXT ML,7,N,N,5.97,138.131,12:04,4.189,CMFL,1025,65000,E.R. WELD,24,1431.7,1988.4,1409.2,1957.2,0.716,1.067,1.0,1.2,2022,Metal Loss_44156.9,True,44156.854,44156.097,METAL_LOSS,False,11.4,3715,44136.027590403515
12250,40.095,0.344,0.702,39.396,44157.077,Metal Loss,External,17.0,0.058,32.0,GENE,20.0,,,,2.5,3.0,8:17,EXT ML,7,N,N,5.97,138.147,12:04,23.667,CMFL,1025,65000,E.R. WELD,24,1503.4,2088.1,1494.3,2075.4,0.682,1.12,1.0,1.2,2022,Metal Loss_44157.1,True,44157.077,44156.32,METAL_LOSS,False,8.283333333333333,3716,44136.24993416131
12250,40.095,0.344,0.827,39.268,44157.205,Metal Loss,External,18.0,0.062,33.0,GENE,20.0,,,,1.3,1.6,10:21,EXT ML,7,N,N,5.97,138.155,12:04,10.891,CMFL,1025,65000,E.R. WELD,24,1531.4,2126.9,1527.9,2122.1,0.669,1.141,1.0,1.2,2022,Metal Loss_44157.2,True,44157.205,44156.448,METAL_LOSS,False,10.35,3717,44136.37755748417
12250,40.095,0.344,25.646,14.452,44182.021,Metal Loss,External,11.0,0.038,26.0,GENE,20.0,,,,3.3,1.7,11:49,EXT ML ( NEAR SW ),7,N,N,5.97,140.967,12:04,1.466,CMFL,1025,65000,E.R. WELD,24,1506.8,2092.8,1498.9,2081.9,0.68,1.123,1.0,1.2,2022,Metal Loss_44182.0,True,44182.021,44181.264,METAL_LOSS,False,11.816666666666666,3718,44161.12052920345
12250,40.095,0.344,26.161,13.934,44182.539,Metal Loss,External,12.0,0.041,27.0,GENE,20.0,,,,4.1,3.0,11:43,EXT ML ( NEAR SW ),7,N,N,5.97,141.027,12:04,2.094,CMFL,1025,65000,E.R. WELD,24,1491.3,2071.2,1484.7,2062.1,0.687,1.112,1.0,1.2,2022,Metal Loss_44182.5,True,44182.539,44181.782,METAL_LOSS,False,11.716666666666667,3719,44161.63700483814
12250,40.095,0.344,35.413,4.685,44191.788,Metal Loss,External,12.0,0.041,27.0,GENE,20.0,,,,3.1,2.0,11:51,EXT ML ( NEAR SW ),7,N,N,5.97,142.104,12:04,1.466,CMFL,1025,65000,E.R. WELD,24,1508.5,2095.1,1500.8,2084.5,0.68,1.124,1.0,1.2,2022,Metal Loss_44191.8,True,44191.788,44191.031,METAL_LOSS,False,11.85,3720,44170.85878697192
12250,40.095,0.344,35.889,4.209,44192.264,Metal Loss,External,16.0,0.055,31.0,AXGR,20.0,,,,4.3,1.1,11:46,EXT ML,7,N,N,5.97,142.159,12:04,1.885,CMFL,1025,65000,E.R. WELD,24,1469.5,2040.9,1454.1,2019.5,0.698,1.094,1.0,1.2,2022,Metal Loss_44192.3,True,44192.264,44191.507000000005,METAL_LOSS,False,11.766666666666667,3721,44171.333386203805
12260,31.309,0.344,0.801,30.509,44197.27,Metal Loss,External,19.0,0.065,34.0,PITT,20.0,,,,1.1,1.5,11:55,EXT ML,2,N,N,5.97,142.742,01:28,9.634,CMFL,1025,65000,E.R. WELD,24,1534.5,2131.3,1531.6,2127.2,0.668,1.144,0.6,1.2,2022,Metal Loss_44197.3,True,44197.27,44196.513,METAL_LOSS,False,11.916666666666666,3723,44176.54858972721
12270,39.974,0.344,0.495,39.478,44228.274,Metal Loss,External,31.0,0.106,46.0,GENE,20.0,,,,7.2,12.8,5:17,EXT ML,1,N,N,5.97,145.103,10:12,26.18,CMFL,1025,65000,E.R. WELD,24,1295.6,1799.4,1292.4,1794.9,0.791,0.966,1.0,1.2,2022,Metal Loss_44228.3,True,44228.274,44227.517,METAL_LOSS,False,5.283333333333333,3726,44216.03544578976
12280,40.171,0.344,5.102,35.069,44272.854,Metal Loss,External,31.0,0.106,46.0,GENE,20.0,,,,1.4,1.8,5:07,EXT ML,6,N,N,5.97,147.363,08:28,20.944,CMFL,1025,65000,E.R. WELD,24,1512.5,2100.7,1503.6,2088.4,0.678,1.128,1.0,1.2,2022,Metal Loss_44272.9,True,44272.854,44272.097,METAL_LOSS,False,5.116666666666666,3728,44260.63195220314
12280,40.171,0.344,5.315,34.856,44273.068,Metal Loss,External,11.0,0.038,26.0,GENE,20.0,,,,7.2,4.5,4:03,EXT ML,6,N,N,5.97,147.369,08:28,27.646,CMFL,1025,65000,E.R. WELD,24,1464.4,2034.0,1448.9,2012.4,0.7,1.092,1.0,1.2,2022,Metal Loss_44273.1,True,44273.068,44272.311,METAL_LOSS,False,4.05,3729,44260.84515309933
12280,40.171,0.344,5.42,34.751,44273.173,Metal Loss,External,34.0,0.117,49.0,GENE,20.0,,,,23.0,14.4,6:01,EXT ML,6,N,N,5.97,147.371,08:28,21.572,CMFL,1025,65000,E.R. WELD,24,1159.3,1610.2,1276.5,1772.9,0.884,0.867,1.0,1.2,2022,Metal Loss_44273.2,True,44273.173,44272.416000000005,METAL_LOSS,False,6.016666666666667,3730,44260.94976101569
12280,40.171,0.344,6.365,33.806,44274.117,Metal Loss,External,19.0,0.065,34.0,GENE,20.0,,,,8.9,5.5,5:19,EXT ML,6,N,N,5.97,147.394,08:28,20.735,CMFL,1025,65000,E.R. WELD,24,1382.9,1920.8,1392.1,1933.4,0.741,1.032,1.0,1.2,2022,Metal Loss_44274.1,True,44274.117,44273.36,METAL_LOSS,False,5.316666666666666,3731,44261.890235997016
12280,40.171,0.344,7.68,32.49,44275.433,Metal Loss,External,27.0,0.093,42.0,GENE,20.0,,,,1.6,1.8,4:46,EXT ML,6,N,N,5.97,147.426,08:28,23.248,CMFL,1025,65000,E.R. WELD,24,1509.0,2095.8,1499.8,2083.1,0.679,1.125,1.0,1.2,2022,Metal Loss_44275.4,True,44275.433,44274.676,METAL_LOSS,False,4.766666666666667,3732,44263.20132188201
12280,40.171,0.344,39.052,1.119,44306.804,Metal Loss,External,25.0,0.086,40.0,GENE,20.0,,,,5.9,9.4,4:23,EXT ML,6,N,N,5.97,148.192,08:28,29.322,CMFL,1025,65000,E.R. WELD,24,1372.8,1906.6,1397.8,1941.5,0.747,1.023,1.0,1.2,2022,Metal Loss_44306.8,True,44306.804,44306.047,METAL_LOSS,False,4.383333333333334,3733,44294.45517849141
12300,40.194,0.344,39.206,0.988,44387.119,Metal Loss,External,14.0,0.048,29.0,GENE,20.0,,,,3.1,7.8,4:34,EXT ML,1,N,N,5.97,149.013,12:48,21.363,CMFL,1025,65000,E.R. WELD,24,1500.8,2084.5,1493.5,2074.3,0.683,1.118,1.0,1.2,2022,Metal Loss_44387.1,True,44387.119,44386.362,METAL_LOSS,False,4.566666666666666,3736,44374.5572602876
12310,40.003,0.344,0.965,39.039,44389.072,Metal Loss,External,25.0,0.086,40.0,GENE,20.0,,,,2.6,2.0,4:15,EXT ML,5,N,N,5.97,149.028,11:20,31.416,CMFL,1025,65000,E.R. WELD,24,1473.5,2046.5,1461.5,2029.9,0.696,1.097,0.6,1.2,2022,Metal Loss_44389.1,True,44389.072,44388.315,METAL_LOSS,False,4.25,3738,44376.50589255805
12310,40.003,0.344,5.023,34.984,44393.127,Metal Loss,External,13.0,0.044,28.0,GENE,20.0,,,,3.5,2.5,11:13,EXT ML ( ON SW ),5,N,N,5.97,149.031,11:20,0.628,CMFL,1025,65000,E.R. WELD,24,1498.0,2080.5,1488.2,2067.0,0.684,1.116,1.0,1.2,2022,Metal Loss_44393.1,True,44393.127,44392.37,METAL_LOSS,False,11.216666666666667,3739,44380.56464315176
12310,40.003,0.344,6.46,33.543,44394.567,Metal Loss,External,12.0,0.041,27.0,GENE,20.0,,,,1.8,2.7,11:10,EXT ML ( ON SW ),5,N,N,5.97,149.025,11:20,1.047,CMFL,1025,65000,E.R. WELD,24,1529.7,2124.6,1526.1,2119.6,0.67,1.14,1.0,1.2,2022,Metal Loss_44394.6,True,44394.567,44393.810000000005,METAL_LOSS,False,11.166666666666666,3740,44382.00597505187
12310,40.003,0.344,26.857,13.146,44414.964,Metal Loss,External,12.0,0.041,27.0,GENE,20.0,,,,5.7,2.2,11:28,EXT ML ( ON SW ),5,N,N,5.97,148.949,11:20,0.838,CMFL,1025,65000,E.R. WELD,24,1473.8,2046.9,1459.8,2027.5,0.696,1.097,1.0,1.2,2022,Metal Loss_44415.0,True,44414.964,44414.207,METAL_LOSS,False,11.466666666666667,3741,44402.421840861934
12310,40.003,0.344,28.901,11.106,44417.005,Metal Loss,External,11.0,0.038,26.0,GENE,20.0,,,,11.3,2.6,11:37,EXT ML ( NEAR SW ),5,N,N,5.97,148.941,11:20,1.885,CMFL,1025,65000,E.R. WELD,24,1442.7,2003.8,1423.4,1977.0,0.711,1.078,1.0,1.2,2022,Metal Loss_44417.0,True,44417.005,44416.248,METAL_LOSS,False,11.616666666666667,3742,44404.46472864535
12320,40.194,0.344,16.85,23.34,44444.961,Metal Loss,External,12.0,0.041,27.0,GENE,20.0,,,,7.0,1.4,12:13,EXT ML ( NEAR SW ),4,N,N,5.97,148.876,12:04,1.047,CMFL,1025,65000,E.R. WELD,24,1455.7,2021.8,1438.4,1997.8,0.704,1.088,1.0,1.2,2022,Metal Loss_44445.0,True,44444.961,44444.204000000005,METAL_LOSS,False,12.216666666666667,3744,44432.35091886244
12320,40.194,0.344,22.5,17.69,44450.61,Metal Loss,External,12.0,0.041,27.0,GENE,20.0,,,,5.0,1.4,12:04,EXT ML ( ON SW ),4,N,N,5.97,148.87,12:04,0.0,CMFL,1025,65000,E.R. WELD,24,1479.9,2055.4,1467.0,2037.5,0.693,1.103,1.0,1.2,2022,Metal Loss_44450.6,True,44450.61,44449.853,METAL_LOSS,False,12.066666666666666,3745,44437.973073076064
12320,40.194,0.344,23.369,16.824,44451.476,Metal Loss,External,11.0,0.038,26.0,GENE,20.0,,,,10.2,2.4,12:07,EXT ML ( ON SW ),4,N,N,5.97,148.869,12:04,0.419,CMFL,1025,65000,E.R. WELD,24,1450.3,2014.3,1432.4,1989.4,0.707,1.081,1.0,1.2,2022,Metal Loss_44451.5,True,44451.476,44450.719000000005,METAL_LOSS,False,12.116666666666667,3746,44438.83495757757
12320,40.194,0.344,26.873,13.32,44454.98,Metal Loss,External,16.0,0.055,31.0,GENE,20.0,,,,3.8,2.0,12:10,EXT ML ( ON SW ),4,N,N,5.97,148.866,12:04,0.628,CMFL,1025,65000,E.R. WELD,24,1476.6,2050.8,1462.4,2031.1,0.694,1.101,1.0,1.2,2022,Metal Loss_44455.0,True,44454.98,44454.223000000005,METAL_LOSS,False,12.166666666666666,3747,44442.32230549128
12390,23.133,0.344,6.155,16.982,44715.115,Metal Loss,External,17.0,0.058,32.0,GENE,20.0,,,,4.1,1.9,6:22,EXT ML ( NEAR SW ),4,N,N,5.97,144.931,06:12,1.047,CMFL,1025,65000,E.R. WELD,24,1464.9,2034.6,1448.4,2011.7,0.7,1.091,1.0,1.2,2022,Metal Loss_44715.1,True,44715.115,44714.358,METAL_LOSS,False,6.366666666666666,3763,44688.65346474732
12390,23.133,0.344,7.001,16.135,44715.961,Metal Loss,External,14.0,0.048,29.0,GENE,20.0,,,,6.1,1.7,6:26,EXT ML ( NEAR SW ),4,N,N,5.97,144.906,06:12,1.466,CMFL,1025,65000,E.R. WELD,24,1452.9,2018.0,1434.9,1992.9,0.706,1.083,1.0,1.2,2022,Metal Loss_44716.0,True,44715.961,44715.204000000005,METAL_LOSS,False,6.433333333333334,3764,44690.12398997104
12390,23.133,0.344,9.324,13.812,44718.284,Metal Loss,External,13.0,0.044,28.0,GENE,20.0,,,,8.1,2.3,6:13,EXT ML ( ON SW ),4,N,N,5.97,144.836,06:12,0.209,CMFL,1025,65000,E.R. WELD,24,1439.8,1999.7,1419.6,1971.6,0.712,1.076,1.0,1.2,2022,Metal Loss_44718.3,True,44718.284,44717.527,METAL_LOSS,False,6.216666666666667,3765,44694.16185060303
12390,23.133,0.344,20.774,2.359,44729.738,Metal Loss,External,15.0,0.052,30.0,GENE,20.0,,,,15.7,2.7,5:55,EXT ML ( NEAR SW ),4,N,N,5.97,144.495,06:12,1.466,CMFL,1025,65000,E.R. WELD,24,1393.1,1934.9,1434.2,1992.0,0.736,1.039,1.0,1.2,2022,Metal Loss_44729.7,True,44729.738,44728.981,METAL_LOSS,False,5.916666666666667,3766,44714.07130203605
12410,40.016,0.344,36.404,3.612,44808.78,Metal Loss,External,13.0,0.044,28.0,PITT,20.0,,,,1.1,0.7,5:53,EXT ML,7,N,N,5.97,140.31,03:36,14.451,CMFL,1025,65000,E.R. WELD,24,1539.7,2138.5,1538.1,2136.2,0.666,1.148,0.6,1.2,2022,Metal Loss_44808.8,True,44808.78,44808.023,METAL_LOSS,False,5.883333333333333,3770,44794.517729215084
12410,40.016,0.344,36.709,3.304,44809.088,Metal Loss,External,15.0,0.052,30.0,GENE,20.0,,,,2.1,2.4,5:48,EXT ML,7,N,N,5.97,140.292,03:36,13.823,CMFL,1025,65000,E.R. WELD,24,1518.9,2109.6,1513.0,2101.4,0.675,1.132,1.0,1.2,2022,Metal Loss_44809.1,True,44809.088,44808.331000000006,METAL_LOSS,False,5.8,3771,44794.825752305274
12410,40.016,0.344,37.372,2.644,44809.747,Metal Loss,External,18.0,0.062,33.0,GENE,20.0,,,,1.5,1.5,6:40,EXT ML,7,N,N,5.97,140.253,03:36,19.268,CMFL,1025,65000,E.R. WELD,24,1528.1,2122.4,1523.9,2116.5,0.671,1.139,1.0,1.2,2022,Metal Loss_44809.7,True,44809.747,44808.990000000005,METAL_LOSS,False,6.666666666666667,3772,44795.48480170927
12410,40.016,0.344,37.382,2.631,44809.76,Metal Loss,External,16.0,0.055,31.0,GENE,20.0,,,,1.7,1.3,4:54,EXT ML,7,N,N,5.97,140.252,03:36,8.168,CMFL,1025,65000,E.R. WELD,24,1524.1,2116.8,1519.1,2109.9,0.673,1.136,1.0,1.2,2022,Metal Loss_44809.8,True,44809.76,44809.003,METAL_LOSS,False,4.9,3773,44795.49780268386
12410,40.016,0.344,37.766,2.247,44810.144,Metal Loss,External,15.0,0.052,30.0,GENE,20.0,,,,2.2,1.6,4:56,EXT ML,7,N,N,5.97,140.23,03:36,8.378,CMFL,1025,65000,E.R. WELD,24,1517.1,2107.1,1510.8,2098.4,0.676,1.131,1.0,1.2,2022,Metal Loss_44810.1,True,44810.144,44809.387,METAL_LOSS,False,4.933333333333334,3774,44795.88183147162
12410,40.016,0.344,37.789,2.224,44810.167,Metal Loss,External,12.0,0.041,27.0,GENE,20.0,,,,1.6,1.3,6:45,EXT ML,7,N,N,5.97,140.228,03:36,19.897,CMFL,1025,65000,E.R. WELD,24,1532.4,2128.4,1529.3,2124.1,0.669,1.143,1.0,1.2,2022,Metal Loss_44810.2,True,44810.167,44809.41,METAL_LOSS,False,6.75,3775,44795.90483319589
12410,40.016,0.344,38.215,1.801,44810.591,Metal Loss,External,38.0,0.131,53.0,GENE,15.0,,,,21.1,13.8,5:58,*EXT ML ( NEAR GW ),7,Y,Y,5.97,140.203,03:36,19.059,CMFL,1025,65000,E.R. WELD,24,1126.1,1564.0,1232.5,1711.8,0.91,0.835,1.0,1.2,2022,Metal Loss_44810.6,True,44810.591,44809.834,METAL_LOSS,False,5.966666666666667,3776,44796.32886498238
12420,39.232,0.344,0.325,38.907,44812.717,Metal Loss,External,30.0,0.103,45.0,GENE,20.0,,,,2.4,3.2,6:16,EXT ML,35,N,N,5.97,140.078,01:08,32.044,CMFL,1025,65000,E.R. WELD,24,1463.2,2032.2,1448.0,2011.2,0.701,1.092,1.0,1.2,2022,Metal Loss_44812.7,True,44812.717,44811.96,METAL_LOSS,False,6.266666666666667,3778,44798.46210771818
12420,39.232,0.344,0.764,38.468,44813.156,Metal Loss,External,13.0,0.044,28.0,GENE,20.0,,,,2.4,2.4,5:49,EXT ML,35,N,N,5.97,140.052,01:08,29.531,CMFL,1025,65000,E.R. WELD,24,1518.4,2108.9,1512.6,2100.8,0.675,1.131,1.0,1.2,2022,Metal Loss_44813.2,True,44813.156,44812.399000000005,METAL_LOSS,False,5.816666666666666,3779,44798.91070860522
12420,39.232,0.344,1.096,38.133,44813.491,Metal Loss,External,27.0,0.093,42.0,GENE,15.0,,,,4.3,1.7,4:57,*EXT ML,35,Y,Y,5.97,140.032,01:08,24.295,CMFL,1025,65000,E.R. WELD,24,1397.2,1940.6,1456.5,2023.0,0.734,1.043,1.0,1.2,2022,Metal Loss_44813.5,True,44813.491,44812.734,METAL_LOSS,False,4.95,3780,44799.25303502243
12420,39.232,0.344,1.266,37.966,44813.658,Metal Loss,External,26.0,0.089,41.0,GENE,20.0,,,,1.3,1.7,6:43,EXT ML,35,N,N,5.97,140.022,01:08,35.186,CMFL,1025,65000,E.R. WELD,24,1523.2,2115.6,1517.5,2107.6,0.673,1.135,1.0,1.2,2022,Metal Loss_44813.7,True,44813.658,44812.901000000005,METAL_LOSS,False,6.716666666666667,3781,44799.42368729608
12420,39.232,0.344,1.739,37.493,44814.131,Metal Loss,External,36.0,0.124,51.0,PITT,15.0,,,,0.9,1.5,05:00,*EXT ML,35,Y,Y,5.97,139.994,01:08,24.295,CMFL,1025,65000,E.R. WELD,24,1526.7,2120.4,1520.9,2112.4,0.672,1.138,0.4,1.0,2022,Metal Loss_44814.1,True,44814.131,44813.374,METAL_LOSS,False,5.0,3782,44799.90703175979
12420,39.232,0.344,2.208,37.024,44814.6,Metal Loss,External,16.0,0.055,31.0,PITT,15.0,,,,0.8,1.2,05:00,*EXT ML,35,Y,Y,5.97,139.967,01:08,24.295,CMFL,1025,65000,E.R. WELD,24,1542.5,2142.4,1541.4,2140.8,0.665,1.15,0.4,1.0,2022,Metal Loss_44814.6,True,44814.6,44813.843,METAL_LOSS,False,5.0,3783,44800.38628874388
12420,39.232,0.344,2.503,36.729,44814.895,Metal Loss,External,26.0,0.089,41.0,GENE,20.0,,,,2.4,1.3,4:52,EXT ML,35,N,N,5.97,139.949,01:08,23.457,CMFL,1025,65000,E.R. WELD,24,1477.7,2052.3,1473.2,2046.1,0.694,1.102,1.0,1.2,2022,Metal Loss_44814.9,True,44814.895,44814.138,METAL_LOSS,False,4.866666666666667,3784,44800.687740365
12420,39.232,0.344,2.585,36.647,44814.977,Metal Loss,External,21.0,0.072,36.0,GENE,20.0,,,,3.3,1.3,6:46,EXT ML,35,N,N,5.97,139.945,01:08,35.395,CMFL,1025,65000,E.R. WELD,24,1464.5,2034.0,1513.6,2102.2,0.7,1.092,1.0,1.2,2022,Metal Loss_44815.0,True,44814.977,44814.22,METAL_LOSS,False,6.766666666666667,3785,44800.77153369698
12420,39.232,0.344,3.123,36.109,44815.515,Metal Loss,External,38.0,0.131,53.0,GENE,20.0,,,,11.0,5.3,4:34,EXT ML,35,N,N,5.97,139.917,01:08,23.457,CMFL,1025,65000,E.R. WELD,24,1171.5,1627.1,1344.2,1866.9,0.875,0.873,1.0,1.2,2022,Metal Loss_44815.5,True,44815.515,44814.758,METAL_LOSS,False,4.566666666666666,3786,44801.32129970432
12420,39.232,0.344,3.301,35.928,44815.696,Metal Loss,External,19.0,0.065,34.0,PITT,20.0,,,,1.0,1.0,6:47,EXT ML,35,N,N,5.97,139.908,01:08,35.605,CMFL,1025,65000,E.R. WELD,24,1538.0,2136.1,1535.8,2133.1,0.667,1.146,0.6,1.2,2022,Metal Loss_44815.7,True,44815.696,44814.939000000006,METAL_LOSS,False,6.783333333333333,3787,44801.50625815661
12420,39.232,0.344,3.701,35.531,44816.093,Metal Loss,External,24.0,0.082,39.0,GENE,20.0,,,,4.6,1.9,6:48,EXT ML,35,N,N,5.97,139.888,01:08,35.605,CMFL,1025,65000,E.R. WELD,24,1410.5,1959.1,1471.3,2043.5,0.727,1.051,1.0,1.2,2022,Metal Loss_44816.1,True,44816.093,44815.336,METAL_LOSS,False,6.8,3788,44801.91194050774
12420,39.232,0.344,8.304,30.928,44820.696,Metal Loss,External,17.0,0.058,32.0,GENE,20.0,,,,8.7,3.3,4:12,EXT ML,35,N,N,5.97,139.651,01:08,18.85,CMFL,1025,65000,E.R. WELD,24,1403.4,1949.2,1382.7,1920.3,0.73,1.046,1.0,1.2,2022,Metal Loss_44820.7,True,44820.696,44819.939000000006,METAL_LOSS,False,4.2,3791,44806.61560766721
12420,39.232,0.344,8.415,30.817,44820.807,Metal Loss,External,48.0,0.165,63.0,GENE,15.0,,,,4.9,4.1,7:13,*EXT ML,35,Y,Y,5.97,139.645,01:08,37.49,CMFL,1025,65000,E.R. WELD,24,1216.8,1689.9,1282.3,1781.0,0.842,0.904,0.8,1.0,2022,Metal Loss_44820.8,True,44820.807,44820.05,METAL_LOSS,False,7.216666666666667,3792,44806.729035226344
12420,39.232,0.344,9.199,30.033,44821.591,Metal Loss,External,45.0,0.155,60.0,GENE,15.0,,,,2.0,2.3,6:55,*EXT ML,35,Y,Y,5.97,139.605,01:08,36.442,CMFL,1025,65000,E.R. WELD,24,1439.8,1999.7,1408.2,1955.8,0.712,1.073,0.8,1.0,2022,Metal Loss_44821.6,True,44821.591,44820.834,METAL_LOSS,False,6.916666666666667,3793,44807.53018122961
12420,39.232,0.344,9.216,30.016,44821.608,Metal Loss,External,30.0,0.103,45.0,GENE,20.0,,,,8.1,4.1,4:54,EXT ML,35,N,N,5.97,139.604,01:08,24.923,CMFL,1025,65000,E.R. WELD,24,1293.1,1796.0,1278.6,1775.9,0.793,0.961,1.0,1.2,2022,Metal Loss_44821.6,True,44821.608,44820.851,METAL_LOSS,False,4.9,3794,44807.54755301794
12420,39.232,0.344,9.551,29.682,44821.942,Metal Loss,External,44.0,0.151,59.0,GENE,15.0,,,,1.2,2.3,6:50,*EXT ML,35,Y,Y,5.97,139.587,01:08,35.814,CMFL,1025,65000,E.R. WELD,24,1503.9,2088.7,1490.5,2070.2,0.682,1.121,0.8,1.0,2022,Metal Loss_44821.9,True,44821.942,44821.185000000005,METAL_LOSS,False,6.833333333333333,3795,44807.88885756525
12420,39.232,0.344,10.171,29.062,44822.562,Metal Loss,External,49.0,0.169,64.0,GENE,15.0,,,,1.5,1.8,6:47,*EXT ML,35,Y,Y,5.97,139.555,01:08,35.605,CMFL,1025,65000,E.R. WELD,24,1468.9,2040.1,1443.4,2004.7,0.698,1.095,0.8,1.0,2022,Metal Loss_44822.6,True,44822.562,44821.805,METAL_LOSS,False,6.783333333333333,3796,44808.52241690456
12420,39.232,0.344,10.203,29.029,44822.595,Metal Loss,External,35.0,0.12,50.0,GENE,20.0,,,,20.3,5.5,4:45,EXT ML,35,N,N,5.97,139.553,01:08,23.876,CMFL,1025,65000,E.R. WELD,24,1159.7,1610.6,1248.6,1734.2,0.884,0.863,1.0,1.2,2022,Metal Loss_44822.6,True,44822.595,44821.838,METAL_LOSS,False,4.75,3797,44808.55613861133
12420,39.232,0.344,10.636,28.596,44823.028,Metal Loss,External,37.0,0.127,52.0,CIGR,20.0,,,,1.1,2.3,6:49,*EXT ML,35,Y,Y,5.97,139.531,01:08,35.814,CMFL,1025,65000,E.R. WELD,24,1515.6,2104.9,1506.7,2092.6,0.676,1.13,0.8,1.0,2022,Metal Loss_44823.0,True,44823.028,44822.271,METAL_LOSS,False,6.816666666666666,3798,44808.998608278955
12420,39.232,0.344,11.998,27.234,44824.39,Metal Loss,External,12.0,0.041,27.0,GENE,20.0,,,,3.1,2.1,6:53,EXT ML,35,N,N,5.97,139.461,01:08,36.233,CMFL,1025,65000,E.R. WELD,24,1507.9,2094.3,1500.1,2083.5,0.68,1.124,1.0,1.2,2022,Metal Loss_44824.4,True,44824.39,44823.633,METAL_LOSS,False,6.883333333333333,3799,44810.39039508564
12420,39.232,0.344,12.215,27.018,44824.606,Metal Loss,External,19.0,0.065,34.0,GENE,20.0,,,,5.9,3.6,4:53,EXT ML,35,N,N,5.97,139.449,01:08,24.714,CMFL,1025,65000,E.R. WELD,24,1416.5,1967.4,1421.0,1973.7,0.724,1.057,1.0,1.2,2022,Metal Loss_44824.6,True,44824.606,44823.849,METAL_LOSS,False,4.883333333333333,3800,44810.6111189845
12420,39.232,0.344,12.516,26.716,44824.908,Metal Loss,External,17.0,0.058,32.0,GENE,20.0,,,,3.7,2.0,6:54,EXT ML,35,N,N,5.97,139.434,01:08,36.233,CMFL,1025,65000,E.R. WELD,24,1474.6,2048.1,1459.9,2027.7,0.695,1.098,1.0,1.2,2022,Metal Loss_44824.9,True,44824.908,44824.151000000005,METAL_LOSS,False,6.9,3801,44810.91972369494
12420,39.232,0.344,13.491,25.741,44825.883,Metal Loss,External,15.0,0.052,30.0,GENE,20.0,,,,1.4,1.3,4:33,EXT ML,35,N,N,5.97,139.384,01:08,21.572,CMFL,1025,65000,E.R. WELD,24,1532.4,2128.3,1529.1,2123.8,0.669,1.142,1.0,1.2,2022,Metal Loss_44825.9,True,44825.883,44825.126,METAL_LOSS,False,4.55,3802,44811.91604684951
12420,39.232,0.344,15.23,24.003,44827.621,Metal Loss,External,36.0,0.124,51.0,GENE,20.0,,,,14.8,6.5,4:35,EXT ML,35,N,N,5.97,139.294,01:08,20.316,CMFL,1025,65000,E.R. WELD,24,1167.4,1621.4,1317.5,1829.8,0.878,0.869,1.0,1.2,2022,Metal Loss_44827.6,True,44827.621,44826.864,METAL_LOSS,False,4.583333333333333,3803,44813.69205673939
12420,39.232,0.344,35.482,3.75,44847.874,Metal Loss,External,19.0,0.065,34.0,GENE,20.0,,,,2.2,2.0,7:51,EXT ML,35,N,N,5.97,138.252,01:08,33.091,CMFL,1025,65000,E.R. WELD,24,1506.1,2091.8,1497.2,2079.5,0.681,1.123,1.0,1.2,2022,Metal Loss_44847.9,True,44847.874,44847.117000000006,METAL_LOSS,False,7.85,3804,44834.38798786705
12420,39.232,0.344,36.102,3.13,44848.494,Metal Loss,External,22.0,0.076,37.0,GENE,20.0,,,,5.1,4.7,7:48,EXT ML,35,N,N,5.97,138.22,01:08,34.139,CMFL,1025,65000,E.R. WELD,24,1412.2,1961.4,1398.2,1941.9,0.726,1.053,1.0,1.2,2022,Metal Loss_44848.5,True,44848.494,44847.737,METAL_LOSS,False,7.8,3805,44835.02154720636
12420,39.232,0.344,36.188,3.045,44848.579,Metal Loss,External,27.0,0.093,42.0,GENE,20.0,,,,5.7,4.0,3:31,EXT ML,35,N,N,5.97,138.215,01:08,15.289,CMFL,1025,65000,E.R. WELD,24,1360.7,1889.8,1342.6,1864.7,0.753,1.014,1.0,1.2,2022,Metal Loss_44848.6,True,44848.579,44847.822,METAL_LOSS,False,3.5166666666666666,3806,44835.108406148036
12420,39.232,0.344,37.552,1.68,44849.944,Metal Loss,External,14.0,0.048,29.0,AXGR,20.0,,,,2.9,0.9,8:26,EXT ML,35,N,N,5.97,138.145,01:08,29.322,CMFL,1025,65000,E.R. WELD,24,1503.9,2088.7,1506.7,2092.7,0.682,1.121,0.6,1.2,2022,Metal Loss_44849.9,True,44849.944,44849.187000000005,METAL_LOSS,False,8.433333333333334,3807,44836.50325856444
12420,39.232,0.344,37.602,1.631,44849.993,Metal Loss,External,27.0,0.093,42.0,GENE,20.0,,,,10.1,5.7,7:45,EXT ML,35,N,N,5.97,138.142,01:08,34.139,CMFL,1025,65000,E.R. WELD,24,1295.6,1799.5,1399.3,1943.5,0.791,0.966,1.0,1.2,2022,Metal Loss_44850.0,True,44849.993,44849.236,METAL_LOSS,False,7.75,3808,44836.55333018964
12420,39.232,0.344,37.7,1.532,44850.092,Metal Loss,External,31.0,0.106,46.0,GENE,20.0,,,,10.7,15.0,3:25,EXT ML,35,N,N,5.97,138.137,01:08,7.749,CMFL,1025,65000,E.R. WELD,24,1254.6,1742.5,1297.0,1801.3,0.817,0.931,1.0,1.2,2022,Metal Loss_44850.1,True,44850.092,44849.335,METAL_LOSS,False,3.4166666666666665,3809,44836.654495309944
12420,39.232,0.344,38.114,1.119,44850.505,Metal Loss,External,24.0,0.082,39.0,GENE,20.0,,,,5.4,2.9,12:37,EXT ML,35,N,N,5.97,138.116,01:08,3.77,CMFL,1025,65000,E.R. WELD,24,1389.8,1930.3,1418.0,1969.4,0.738,1.037,1.0,1.2,2022,Metal Loss_44850.5,True,44850.505,44849.748,METAL_LOSS,False,12.616666666666667,3810,44837.07652757952
12420,39.232,0.344,38.173,1.06,44850.564,Metal Loss,External,16.0,0.055,31.0,GENE,20.0,,,,1.2,1.9,10:34,EXT ML,35,N,N,5.97,138.113,01:08,16.127,CMFL,1025,65000,E.R. WELD,24,1536.1,2133.4,1533.6,2130.0,0.667,1.145,1.0,1.2,2022,Metal Loss_44850.6,True,44850.564,44849.807,METAL_LOSS,False,10.566666666666666,3811,44837.136817903745
12420,39.232,0.344,38.192,1.037,44850.587,Metal Loss,External,16.0,0.055,31.0,GENE,20.0,,,,3.7,5.4,11:32,EXT ML,35,N,N,5.97,138.112,01:08,8.796,CMFL,1025,65000,E.R. WELD,24,1476.3,2050.4,1468.4,2039.4,0.694,1.101,1.0,1.2,2022,Metal Loss_44850.6,True,44850.587,44849.83,METAL_LOSS,False,11.533333333333333,3812,44837.1603209115
12420,39.232,0.344,38.383,0.85,44850.774,Metal Loss,External,11.0,0.038,26.0,AXGR,20.0,,,,2.2,1.0,8:39,EXT ML,35,N,N,5.97,138.102,01:08,28.065,CMFL,1025,65000,E.R. WELD,24,1525.9,2119.3,1521.6,2113.4,0.672,1.137,1.0,1.2,2022,Metal Loss_44850.8,True,44850.774,44850.017,METAL_LOSS,False,8.65,3813,44837.35141058319
12420,39.232,0.344,38.701,0.531,44851.093,Metal Loss,External,31.0,0.106,46.0,GENE,20.0,,,,12.6,6.0,9:57,EXT ML ( ON GW ),35,N,N,5.97,138.086,01:08,18.012,CMFL,1025,65000,E.R. WELD,24,1237.8,1719.1,1288.7,1789.9,0.828,0.92,1.0,1.2,2022,Metal Loss_44851.1,True,44851.093,44850.336,METAL_LOSS,False,9.95,3814,44837.677387081974
12430,40.269,0.344,0.427,39.839,44852.051,Metal Loss,External,19.0,0.065,34.0,GENE,20.0,,,,7.4,3.8,2:56,EXT ML,42,N,N,5.97,138.037,10:28,28.065,CMFL,1025,65000,E.R. WELD,24,1402.5,1947.9,1430.8,1987.3,0.731,1.042,1.0,1.2,2022,Metal Loss_44852.1,True,44852.051,44851.294,METAL_LOSS,False,2.9333333333333336,3816,44838.642800625836
12430,40.269,0.344,0.748,39.518,44852.372,Metal Loss,External,29.0,0.1,44.0,GENE,20.0,,,,17.2,4.4,8:47,EXT ML,42,N,N,5.97,138.02,10:28,11.519,CMFL,1025,65000,E.R. WELD,24,1233.1,1712.6,1234.8,1715.1,0.831,0.921,1.0,1.2,2022,Metal Loss_44852.4,True,44852.372,44851.615000000005,METAL_LOSS,False,8.783333333333333,3817,44838.96064371927
12430,40.269,0.344,2.612,37.654,44854.236,Metal Loss,External,14.0,0.048,29.0,PITT,20.0,,,,1.2,0.7,4:29,EXT ML,42,N,N,5.97,137.937,10:28,37.49,CMFL,1025,65000,E.R. WELD,24,1537.5,2135.4,1535.4,2132.5,0.667,1.146,0.6,1.2,2022,Metal Loss_44854.2,True,44854.236,44853.479,METAL_LOSS,False,4.483333333333333,3818,44840.80631202503
12430,40.269,0.344,3.983,36.286,44855.604,Metal Loss,External,21.0,0.072,36.0,GENE,20.0,,,,1.7,2.2,4:39,EXT ML,42,N,N,5.97,138.025,10:28,36.442,CMFL,1025,65000,E.R. WELD,24,1516.3,2105.9,1509.3,2096.2,0.676,1.131,1.0,1.2,2022,Metal Loss_44855.6,True,44855.604,44854.847,METAL_LOSS,False,4.65,3819,44842.16085829235
12430,40.269,0.344,4.012,36.253,44855.636,Metal Loss,External,11.0,0.038,26.0,AXGR,20.0,,,,2.0,0.9,08:00,EXT ML,42,N,N,5.97,138.027,10:28,15.499,CMFL,1025,65000,E.R. WELD,24,1529.0,2123.7,1525.3,2118.5,0.67,1.14,1.0,1.2,2022,Metal Loss_44855.6,True,44855.636,44854.879,METAL_LOSS,False,8.0,3820,44842.19254358515
12430,40.269,0.344,4.541,35.728,44856.161,Metal Loss,External,36.0,0.124,51.0,GENE,20.0,,,,2.2,2.4,7:57,EXT ML,42,N,N,5.97,138.061,10:28,15.708,CMFL,1025,65000,E.R. WELD,24,1457.2,2023.8,1433.9,1991.6,0.704,1.086,1.0,1.2,2022,Metal Loss_44856.2,True,44856.161,44855.404,METAL_LOSS,False,7.95,3821,44842.712380420206
12430,40.269,0.344,4.905,35.364,44856.526,Metal Loss,External,18.0,0.062,33.0,GENE,20.0,,,,5.0,3.7,7:46,EXT ML,42,N,N,5.97,138.084,10:28,16.965,CMFL,1025,65000,E.R. WELD,24,1443.8,2005.3,1423.3,1976.8,0.71,1.074,1.0,1.2,2022,Metal Loss_44856.5,True,44856.526,44855.769,METAL_LOSS,False,7.766666666666667,3822,44843.07379079123
12430,40.269,0.344,5.65,34.616,44857.274,Metal Loss,External,13.0,0.044,28.0,PITT,20.0,,,,1.0,0.7,7:53,EXT ML,42,N,N,5.97,138.132,10:28,16.127,CMFL,1025,65000,E.R. WELD,24,1540.7,2139.9,1539.3,2137.9,0.665,1.148,0.6,1.2,2022,Metal Loss_44857.3,True,44857.274,44856.517,METAL_LOSS,False,7.883333333333333,3823,44843.8144345105
12430,40.269,0.344,6.007,34.259,44857.631,Metal Loss,External,18.0,0.062,33.0,GENE,20.0,,,,3.5,1.9,8:01,EXT ML,42,N,N,5.97,138.155,10:28,15.289,CMFL,1025,65000,E.R. WELD,24,1476.3,2050.5,1469.2,2040.6,0.694,1.099,1.0,1.2,2022,Metal Loss_44857.6,True,44857.631,44856.874,METAL_LOSS,False,8.016666666666667,3824,44844.167923558336
12430,40.269,0.344,6.693,33.573,44858.317,Metal Loss,External,11.0,0.038,26.0,GENE,20.0,,,,1.9,1.3,7:56,EXT ML,42,N,N,5.97,138.199,10:28,15.917,CMFL,1025,65000,E.R. WELD,24,1529.5,2124.3,1525.9,2119.3,0.67,1.14,1.0,1.2,2022,Metal Loss_44858.3,True,44858.317,44857.560000000005,METAL_LOSS,False,7.933333333333334,3825,44844.8471770228
12430,40.269,0.344,9.199,31.066,44860.823,Metal Loss,External,12.0,0.041,27.0,GENE,20.0,,,,3.7,3.4,8:02,EXT ML,42,N,N,5.97,138.359,10:28,15.289,CMFL,1025,65000,E.R. WELD,24,1497.6,2079.9,1487.8,2066.5,0.685,1.116,1.0,1.2,2022,Metal Loss_44860.8,True,44860.823,44860.066,METAL_LOSS,False,8.033333333333333,3826,44847.32853151541
12430,40.269,0.344,9.783,30.482,44861.407,Metal Loss,External,16.0,0.055,31.0,GENE,20.0,,,,13.5,8.9,8:02,EXT ML,42,N,N,5.97,138.397,10:28,16.127,CMFL,1025,65000,E.R. WELD,24,1386.3,1925.4,1418.9,1970.7,0.739,1.036,1.0,1.2,2022,Metal Loss_44861.4,True,44861.407,44860.65,METAL_LOSS,False,8.033333333333333,3827,44847.906788109074
12430,40.269,0.344,12.274,27.992,44863.898,Metal Loss,External,10.0,0.034,25.0,AXGR,20.0,,,,2.1,1.0,7:25,EXT ML,42,N,N,5.97,138.556,10:28,19.059,CMFL,1025,65000,E.R. WELD,24,1528.3,2122.6,1524.4,2117.3,0.671,1.139,1.0,1.2,2022,Metal Loss_44863.9,True,44863.898,44863.141,METAL_LOSS,False,7.416666666666667,3828,44850.3732901207
12430,40.269,0.344,13.071,27.195,44864.695,Metal Loss,External,12.0,0.041,27.0,GENE,20.0,,,,2.2,1.8,5:26,EXT ML,42,N,N,5.97,138.607,10:28,31.625,CMFL,1025,65000,E.R. WELD,24,1523.1,2115.4,1518.2,2108.5,0.673,1.135,1.0,1.2,2022,Metal Loss_44864.7,True,44864.695,44863.938,METAL_LOSS,False,5.433333333333334,3829,44851.16245194457
12430,40.269,0.344,13.645,26.621,44865.269,Metal Loss,External,13.0,0.044,28.0,PITT,20.0,,,,1.3,0.7,6:03,EXT ML,42,N,N,5.97,138.644,10:28,27.646,CMFL,1025,65000,E.R. WELD,24,1537.1,2134.8,1534.9,2131.8,0.667,1.146,0.6,1.2,2022,Metal Loss_44865.3,True,44865.269,44864.512,METAL_LOSS,False,6.05,3830,44851.73080688422
12430,40.269,0.344,15.413,24.852,44867.037,Metal Loss,External,18.0,0.062,33.0,GENE,20.0,,,,6.3,12.6,6:24,EXT ML,42,N,N,5.97,138.758,10:28,24.504,CMFL,1025,65000,E.R. WELD,24,1422.5,1975.7,1423.1,1976.6,0.721,1.059,1.0,1.2,2022,Metal Loss_44867.0,True,44867.037,44866.28,METAL_LOSS,False,6.4,3831,44853.481419311574
12430,40.269,0.344,16.155,24.111,44867.779,Metal Loss,External,20.0,0.069,35.0,GENE,20.0,,,,15.3,5.2,4:48,EXT ML,42,N,N,5.97,138.805,10:28,35.605,CMFL,1025,65000,E.R. WELD,24,1346.2,1869.7,1422.9,1976.2,0.761,1.0,1.0,1.2,2022,Metal Loss_44867.8,True,44867.779,44867.022,METAL_LOSS,False,4.8,3832,44854.216122038444
12430,40.269,0.344,16.66,23.606,44868.284,Metal Loss,External,26.0,0.089,41.0,GENE,20.0,,,,5.4,3.1,7:58,EXT ML,42,N,N,5.97,138.837,10:28,15.917,CMFL,1025,65000,E.R. WELD,24,1375.3,1910.1,1395.4,1938.0,0.745,1.026,1.0,1.2,2022,Metal Loss_44868.3,True,44868.284,44867.527,METAL_LOSS,False,7.966666666666667,3833,44854.71615556549
12430,40.269,0.344,17.536,22.733,44869.157,Metal Loss,External,33.0,0.113,48.0,GENE,20.0,,,,1.3,1.7,8:01,EXT ML,42,N,N,5.97,138.893,10:28,15.289,CMFL,1025,65000,E.R. WELD,24,1513.9,2102.6,1505.2,2090.6,0.677,1.128,1.0,1.2,2022,Metal Loss_44869.2,True,44869.157,44868.4,METAL_LOSS,False,8.016666666666667,3834,44855.58056995976
12430,40.269,0.344,18.071,22.195,44869.695,Metal Loss,External,37.0,0.127,52.0,GENE,15.0,,,,2.4,1.9,8:07,*EXT ML,42,Y,Y,5.97,138.928,10:28,14.661,CMFL,1025,65000,E.R. WELD,24,1442.4,2003.3,1415.4,1965.9,0.711,1.074,0.8,1.0,2022,Metal Loss_44869.7,True,44869.695,44868.938,METAL_LOSS,False,8.116666666666667,3835,44856.11327894501
12430,40.269,0.344,18.294,21.972,44869.918,Metal Loss,External,19.0,0.065,34.0,GENE,20.0,,,,3.0,2.8,4:44,EXT ML,42,N,N,5.97,138.942,10:28,36.024,CMFL,1025,65000,E.R. WELD,24,1481.4,2057.5,1467.6,2038.4,0.692,1.105,1.0,1.2,2022,Metal Loss_44869.9,True,44869.918,44869.161,METAL_LOSS,False,4.733333333333333,3836,44856.33408582923
12430,40.269,0.344,18.323,21.942,44869.948,Metal Loss,External,24.0,0.082,39.0,GENE,20.0,,,,12.2,3.0,7:03,EXT ML,42,N,N,5.97,138.944,10:28,20.316,CMFL,1025,65000,E.R. WELD,24,1307.8,1816.4,1356.1,1883.5,0.784,0.978,1.0,1.2,2022,Metal Loss_44869.9,True,44869.948,44869.191,METAL_LOSS,False,7.05,3837,44856.363790791234
12430,40.269,0.344,19.354,20.912,44870.978,Metal Loss,External,60.0,0.206,75.0,GENE,15.0,,,,1.7,2.8,7:54,*EXT ML,42,Y,Y,5.97,139.01,10:28,16.127,CMFL,1025,65000,E.R. WELD,24,1407.2,1954.5,1353.5,1879.8,0.728,1.048,0.8,1.0,2022,Metal Loss_44871.0,True,44870.978,44870.221000000005,METAL_LOSS,False,7.9,3839,44857.38366115333
12430,40.269,0.344,19.715,20.551,44871.339,Metal Loss,External,50.0,0.172,65.0,GENE,15.0,,,,11.4,6.0,7:38,*EXT ML,42,Y,Y,5.97,139.033,10:28,15.917,CMFL,1025,65000,E.R. WELD,24,1026.6,1425.8,1291.2,1793.3,0.999,0.766,1.0,1.2,2022,Metal Loss_44871.3,True,44871.339,44870.582,METAL_LOSS,False,7.633333333333333,3840,44857.74111086276
12430,40.269,0.344,20.02,20.246,44871.644,Metal Loss,External,24.0,0.082,39.0,GENE,20.0,,,,4.9,5.8,4:24,EXT ML,42,N,N,5.97,139.053,10:28,35.186,CMFL,1025,65000,E.R. WELD,24,1403.4,1949.2,1396.4,1939.4,0.73,1.046,1.0,1.2,2022,Metal Loss_44871.6,True,44871.644,44870.887,METAL_LOSS,False,4.4,3841,44858.04311130979
12430,40.269,0.344,20.719,19.547,44872.343,Metal Loss,External,21.0,0.072,36.0,GENE,20.0,,,,1.5,1.6,4:43,EXT ML,42,N,N,5.97,139.097,10:28,36.024,CMFL,1025,65000,E.R. WELD,24,1522.5,2114.5,1516.9,2106.8,0.673,1.134,1.0,1.2,2022,Metal Loss_44872.3,True,44872.343,44871.586,METAL_LOSS,False,4.716666666666667,3842,44858.73523692445
12430,40.269,0.344,21.142,19.124,44872.766,Metal Loss,External,17.0,0.058,32.0,GENE,20.0,,,,10.3,5.6,05:00,EXT ML,42,N,N,5.97,139.125,10:28,34.767,CMFL,1025,65000,E.R. WELD,24,1389.9,1930.4,1411.6,1960.6,0.738,1.039,1.0,1.2,2022,Metal Loss_44872.8,True,44872.766,44872.009000000005,METAL_LOSS,False,5.0,3843,44859.15407688869
12430,40.269,0.344,21.27,18.999,44872.89,Metal Loss,External,79.0,0.272,94.0,GENE,15.0,,,,1.8,1.6,8:05,*EXT ML,42,Y,Y,5.97,139.133,10:28,14.87,CMFL,1025,65000,E.R. WELD,24,1279.0,1776.4,1113.3,1546.2,0.802,0.956,0.8,1.0,2022,Metal Loss_44872.9,True,44872.89,44872.133,METAL_LOSS,False,8.083333333333334,3844,44859.2768573983
12430,40.269,0.344,22.231,18.035,44873.855,Metal Loss,External,25.0,0.086,40.0,GENE,20.0,,,,2.2,2.9,4:50,EXT ML,42,N,N,5.97,139.194,10:28,34.767,CMFL,1025,65000,E.R. WELD,24,1488.5,2067.3,1475.1,2048.8,0.689,1.109,1.0,1.2,2022,Metal Loss_44873.9,True,44873.855,44873.098000000005,METAL_LOSS,False,4.833333333333333,3845,44860.23236700939
12430,40.269,0.344,22.333,17.936,44873.953,Metal Loss,External,69.0,0.237,84.0,GENE,15.0,,,,1.2,2.0,08:00,*EXT ML,42,Y,Y,5.97,139.201,10:28,15.499,CMFL,1025,65000,E.R. WELD,24,1448.2,2011.4,1397.4,1940.9,0.708,1.079,0.8,1.0,2022,Metal Loss_44874.0,True,44873.953,44873.196,METAL_LOSS,False,8.0,3846,44860.329403218595
12430,40.269,0.344,22.949,17.316,44874.573,Metal Loss,External,48.0,0.165,63.0,PITT,15.0,,,,1.1,2.0,8:04,*EXT ML,42,Y,Y,5.97,139.24,10:28,15.08,CMFL,1025,65000,E.R. WELD,24,1506.6,2092.4,1493.1,2073.7,0.68,1.123,0.4,1.0,2022,Metal Loss_44874.6,True,44874.573,44873.816,METAL_LOSS,False,8.066666666666666,3847,44860.94330576665
12430,40.269,0.344,23.196,17.07,44874.82,Metal Loss,External,17.0,0.058,32.0,GENE,20.0,,,,1.9,2.2,4:46,EXT ML,42,N,N,5.97,139.256,10:28,35.814,CMFL,1025,65000,E.R. WELD,24,1518.3,2108.8,1512.1,2100.2,0.675,1.132,1.0,1.2,2022,Metal Loss_44874.8,True,44874.82,44874.063,METAL_LOSS,False,4.766666666666667,3848,44861.18787662047
12430,40.269,0.344,23.642,16.624,44875.266,Metal Loss,External,14.0,0.048,29.0,GENE,20.0,,,,6.5,2.6,11:45,EXT ML,42,N,N,5.97,139.285,10:28,8.168,CMFL,1025,65000,E.R. WELD,24,1446.4,2008.9,1437.0,1995.9,0.709,1.08,1.0,1.2,2022,Metal Loss_44875.3,True,44875.266,44874.509000000005,METAL_LOSS,False,11.75,3849,44861.629490388914
12430,40.269,0.344,23.799,16.47,44875.42,Metal Loss,External,17.0,0.058,32.0,AXGR,20.0,,,,2.2,1.0,12:36,EXT ML,42,N,N,5.97,139.295,10:28,13.404,CMFL,1025,65000,E.R. WELD,24,1511.6,2099.4,1504.1,2089.0,0.678,1.126,1.0,1.2,2022,Metal Loss_44875.4,True,44875.42,44874.663,METAL_LOSS,False,12.6,3850,44861.781975860526
12430,40.269,0.344,35.056,5.21,44886.68,Metal Loss,External,16.0,0.055,31.0,PITT,20.0,,,,1.0,1.3,1:11,EXT ML,42,N,N,5.97,140.016,10:28,17.174,CMFL,1025,65000,E.R. WELD,24,1539.2,2137.7,1537.3,2135.2,0.666,1.147,0.6,1.2,2022,Metal Loss_44886.7,True,44886.68,44885.923,METAL_LOSS,False,1.1833333333333333,3852,44872.93123826553
12430,40.269,0.344,35.525,4.744,44887.146,Metal Loss,External,23.0,0.079,38.0,GENE,20.0,,,,1.3,1.2,1:12,EXT ML,42,N,N,5.97,140.046,10:28,17.174,CMFL,1025,65000,E.R. WELD,24,1524.5,2117.3,1519.2,2110.0,0.672,1.137,1.0,1.2,2022,Metal Loss_44887.1,True,44887.146,44886.389,METAL_LOSS,False,1.2,3853,44873.39265534197
12430,40.269,0.344,35.863,4.403,44887.487,Metal Loss,External,23.0,0.079,38.0,GENE,20.0,,,,6.4,4.6,12:58,EXT ML,42,N,N,5.97,140.068,10:28,14.032,CMFL,1025,65000,E.R. WELD,24,1381.6,1918.9,1396.4,1939.4,0.742,1.028,1.0,1.2,2022,Metal Loss_44887.5,True,44887.487,44886.73,METAL_LOSS,False,12.966666666666667,3854,44873.7303017434
12430,40.269,0.344,37.582,2.684,44889.206,Metal Loss,External,12.0,0.041,27.0,GENE,20.0,,,,8.8,4.4,1:09,EXT ML,42,N,N,5.97,140.178,10:28,16.336,CMFL,1025,65000,E.R. WELD,24,1451.9,2016.5,1458.0,2025.0,0.706,1.079,1.0,1.2,2022,Metal Loss_44889.2,True,44889.206,44888.449,METAL_LOSS,False,1.15,3855,44875.43239606616
12430,40.269,0.344,39.058,1.207,44890.682,Metal Loss,External,12.0,0.041,27.0,GENE,20.0,,,,2.1,1.8,11:37,EXT ML,42,N,N,5.97,140.273,10:28,7.33,CMFL,1025,65000,E.R. WELD,24,1525.3,2118.5,1520.9,2112.3,0.672,1.137,1.0,1.2,2022,Metal Loss_44890.7,True,44890.682,44889.925,METAL_LOSS,False,11.616666666666667,3856,44876.89388019669
12430,40.269,0.344,39.364,0.902,44890.988,Metal Loss,External,21.0,0.072,36.0,GENE,20.0,,,,4.6,2.9,2:11,EXT ML,42,N,N,5.97,140.292,10:28,23.667,CMFL,1025,65000,E.R. WELD,24,1430.5,1986.9,1424.0,1977.8,0.717,1.067,1.0,1.2,2022,Metal Loss_44891.0,True,44890.988,44890.231,METAL_LOSS,False,2.183333333333333,3857,44877.196870809115
12430,40.269,0.344,39.833,0.436,44891.453,Metal Loss,External,41.0,0.141,56.0,GENE,20.0,,,,1.4,1.4,11:22,EXT ML,42,N,N,5.97,140.322,10:28,5.655,CMFL,1025,65000,E.R. WELD,24,1493.8,2074.7,1478.4,2053.3,0.686,1.113,1.0,1.2,2022,Metal Loss_44891.5,True,44891.453,44890.696,METAL_LOSS,False,11.366666666666667,3858,44877.65729772016
12430,40.269,0.344,39.961,0.305,44891.585,Metal Loss,External,13.0,0.044,28.0,GENE,20.0,,,,3.5,3.6,2:01,EXT ML ( NEAR GW ),42,N,N,5.97,140.33,10:28,23.038,CMFL,1025,65000,E.R. WELD,24,1495.6,2077.2,1485.4,2063.1,0.685,1.115,1.0,1.2,2022,Metal Loss_44891.6,True,44891.585,44890.828,METAL_LOSS,False,2.0166666666666666,3859,44877.787999552966
12440,40.2,0.344,0.079,40.125,44891.969,Metal Loss,External,14.0,0.048,29.0,GENE,20.0,,,,3.1,3.4,11:48,EXT ML ( NEAR GW ),6,N,N,5.97,140.355,09:20,15.499,CMFL,1025,65000,E.R. WELD,24,1500.5,2084.0,1491.1,2071.0,0.683,1.117,1.0,1.2,2022,Metal Loss_44892.0,True,44891.969,44891.212,METAL_LOSS,False,11.8,3861,44878.16848319777
12440,40.2,0.344,1.007,39.196,44892.897,Metal Loss,External,13.0,0.044,28.0,GENE,20.0,,,,9.5,4.1,12:10,EXT ML,6,N,N,5.97,140.415,09:20,18.85,CMFL,1025,65000,E.R. WELD,24,1431.0,1987.5,1442.2,2003.1,0.716,1.07,1.0,1.2,2022,Metal Loss_44892.9,True,44892.897,44892.14,METAL_LOSS,False,12.166666666666666,3862,44879.09041240703
12440,40.2,0.344,3.93,36.27,44895.823,Metal Loss,External,10.0,0.034,25.0,GENE,20.0,,,,2.9,1.9,12:39,EXT ML,6,N,N,5.97,140.608,09:20,20.944,CMFL,1025,65000,E.R. WELD,24,1516.5,2106.3,1510.5,2097.9,0.676,1.131,1.0,1.2,2022,Metal Loss_44895.8,True,44895.823,44895.066,METAL_LOSS,False,12.65,3863,44881.997271099164
12440,40.2,0.344,4.357,35.846,44896.247,Metal Loss,External,12.0,0.041,27.0,GENE,20.0,,,,1.3,1.3,12:29,EXT ML,6,N,N,5.97,140.638,09:20,19.897,CMFL,1025,65000,E.R. WELD,24,1537.7,2135.7,1535.6,2132.8,0.667,1.146,1.0,1.2,2022,Metal Loss_44896.2,True,44896.247,44895.490000000005,METAL_LOSS,False,12.483333333333333,3864,44882.41849737582
12440,40.2,0.344,39.094,1.106,44930.988,Metal Loss,External,18.0,0.062,33.0,GENE,20.0,,,,2.8,2.6,6:08,EXT ML,6,N,N,5.97,143.023,09:20,20.106,CMFL,1025,65000,E.R. WELD,24,1492.8,2073.4,1481.5,2057.6,0.687,1.112,1.0,1.2,2022,Metal Loss_44931.0,True,44930.988,44930.231,METAL_LOSS,False,6.133333333333334,3866,44916.932228689395
12450,39.984,0.344,1.02,38.963,44933.11,Metal Loss,External,12.0,0.041,27.0,GENE,20.0,,,,9.8,3.2,4:08,EXT ML ( ON SW ),7,N,N,5.97,143.168,04:04,0.419,CMFL,1025,65000,E.R. WELD,24,1442.0,2002.8,1422.4,1975.6,0.711,1.075,1.0,1.2,2022,Metal Loss_44933.1,True,44933.11,44932.353,METAL_LOSS,False,4.133333333333334,3869,44919.04878064032
12450,39.984,0.344,2.018,37.966,44934.108,Metal Loss,External,11.0,0.038,26.0,GENE,20.0,,,,4.5,3.8,4:02,EXT ML ( ON SW ),7,N,N,5.97,143.237,04:04,0.209,CMFL,1025,65000,E.R. WELD,24,1490.3,2069.8,1479.3,2054.6,0.688,1.112,1.0,1.2,2022,Metal Loss_44934.1,True,44934.108,44933.351,METAL_LOSS,False,4.033333333333333,3871,44920.048528014006
12450,39.984,0.344,4.203,35.781,44936.293,Metal Loss,External,12.0,0.041,27.0,GENE,20.0,,,,6.9,1.8,4:07,EXT ML ( ON SW ),7,N,N,5.97,143.339,04:04,0.419,CMFL,1025,65000,E.R. WELD,24,1458.5,2025.6,1441.7,2002.3,0.703,1.089,1.0,1.2,2022,Metal Loss_44936.3,True,44936.293,44935.536,METAL_LOSS,False,4.116666666666666,3872,44922.237353676835
12450,39.984,0.344,11.447,28.537,44943.537,Metal Loss,External,16.0,0.055,31.0,GENE,20.0,,,,9.2,2.4,4:02,EXT ML ( ON SW ),7,N,N,5.97,143.63,04:04,0.209,CMFL,1025,65000,E.R. WELD,24,1405.3,1951.8,1378.5,1914.6,0.729,1.051,1.0,1.2,2022,Metal Loss_44943.5,True,44943.537,44942.78,METAL_LOSS,False,4.033333333333333,3873,44929.49403701851
12450,39.984,0.344,14.226,25.755,44946.319,Metal Loss,External,13.0,0.044,28.0,GENE,20.0,,,,8.8,2.4,4:04,EXT ML ( ON SW ),7,N,N,5.97,143.742,04:04,0.0,CMFL,1025,65000,E.R. WELD,24,1440.4,2000.6,1420.5,1972.9,0.712,1.072,1.0,1.2,2022,Metal Loss_44946.3,True,44946.319,44945.562000000005,METAL_LOSS,False,4.066666666666666,3874,44932.28090795398
12450,39.984,0.344,17.283,22.7,44949.373,Metal Loss,External,11.0,0.038,26.0,GENE,20.0,,,,9.7,2.8,4:07,EXT ML ( ON SW ),7,N,N,5.97,143.865,04:04,0.0,CMFL,1025,65000,E.R. WELD,24,1449.7,2013.5,1431.6,1988.3,0.707,1.082,1.0,1.2,2022,Metal Loss_44949.4,True,44949.373,44948.616,METAL_LOSS,False,4.116666666666666,3875,44935.340255127565
12450,39.984,0.344,27.014,12.969,44959.104,Metal Loss,External,12.0,0.041,27.0,GENE,20.0,,,,3.0,1.3,4:13,EXT ML ( NEAR SW ),7,N,N,5.97,144.257,04:04,1.047,CMFL,1025,65000,E.R. WELD,24,1507.9,2094.4,1500.1,2083.5,0.68,1.125,1.0,1.2,2022,Metal Loss_44959.1,True,44959.104,44958.347,METAL_LOSS,False,4.216666666666667,3876,44945.08829289645
12460,40.272,0.344,0.876,39.396,44972.949,Metal Loss,External,22.0,0.076,37.0,GENE,20.0,,,,3.9,2.4,6:33,EXT ML,2,N,N,5.97,144.815,01:36,30.788,CMFL,1025,65000,E.R. WELD,24,1440.5,2000.7,1422.0,1975.0,0.712,1.075,1.0,1.2,2022,Metal Loss_44972.9,True,44972.949,44972.192,METAL_LOSS,False,6.55,3878,44958.95288952897
12470,39.823,0.344,0.833,38.99,45013.179,Metal Loss,External,28.0,0.096,43.0,GENE,20.0,,,,1.8,1.9,4:31,EXT ML,5,N,N,5.97,146.654,12:44,23.876,CMFL,1025,65000,E.R. WELD,24,1498.3,2081.0,1486.6,2064.7,0.684,1.117,1.0,1.2,2022,Metal Loss_45013.2,True,45013.179,45012.422,METAL_LOSS,False,4.516666666666667,3883,44999.04963086658
12470,39.823,0.344,31.732,8.091,45044.078,Metal Loss,External,10.0,0.034,25.0,GENE,20.0,,,,4.3,1.9,12:43,EXT ML ( ON SW ),5,N,N,5.97,148.485,12:44,0.0,CMFL,1025,65000,E.R. WELD,24,1497.1,2079.4,1487.5,2066.0,0.685,1.117,1.0,1.2,2022,Metal Loss_45044.1,True,45044.078,45043.321,METAL_LOSS,False,12.716666666666667,3884,45030.194593827684
12470,39.823,0.344,35.679,4.144,45048.025,Metal Loss,External,12.0,0.041,27.0,GENE,20.0,,,,6.9,2.3,12:43,EXT ML ( ON SW ),5,N,N,5.97,148.721,12:44,0.0,CMFL,1025,65000,E.R. WELD,24,1463.5,2032.6,1447.7,2010.7,0.7,1.088,1.0,1.2,2022,Metal Loss_45048.0,True,45048.025,45047.268,METAL_LOSS,False,12.716666666666667,3885,45034.17301283178
12470,39.823,0.344,36.673,3.15,45049.019,Metal Loss,External,12.0,0.041,27.0,GENE,20.0,,,,13.8,2.8,12:34,EXT ML ( ON SW ),5,N,N,5.97,148.781,12:44,1.047,CMFL,1025,65000,E.R. WELD,24,1428.4,1983.8,1433.7,1991.2,0.718,1.066,1.0,1.2,2022,Metal Loss_45049.0,True,45049.019,45048.262,METAL_LOSS,False,12.566666666666666,3886,45035.17492529443
12470,39.823,0.344,38.612,1.214,45050.955,Metal Loss,External,15.0,0.052,30.0,GENE,20.0,,,,4.6,1.8,12:35,EXT ML ( NEAR SW ),5,N,N,5.97,148.897,12:44,0.838,CMFL,1025,65000,E.R. WELD,24,1466.4,2036.7,1450.5,2014.6,0.699,1.093,1.0,1.2,2022,Metal Loss_45051.0,True,45050.955,45050.198,METAL_LOSS,False,12.583333333333334,3887,45037.12633628807
12490,40.016,0.344,0.709,39.308,45092.989,Metal Loss,External,24.0,0.082,39.0,GENE,20.0,,,,3.1,4.9,8:38,EXT ML,5,N,N,5.97,151.366,10:04,10.681,CMFL,1025,65000,E.R. WELD,24,1456.7,2023.2,1451.6,2016.1,0.704,1.087,1.0,1.2,2022,Metal Loss_45093.0,True,45092.989,45092.232,METAL_LOSS,False,8.633333333333333,3890,45078.91556238599
12490,40.016,0.344,0.84,39.177,45093.12,Metal Loss,External,16.0,0.055,31.0,PITT,20.0,,,,0.7,1.3,3:57,EXT ML,5,N,N,5.97,151.373,10:04,37.071,CMFL,1025,65000,E.R. WELD,24,1542.8,2142.8,1541.7,2141.3,0.664,1.15,0.6,1.2,2022,Metal Loss_45093.1,True,45093.12,45092.363000000005,METAL_LOSS,False,3.95,3891,45079.02375515406
12490,40.016,0.344,8.002,32.014,45100.282,Metal Loss,External,14.0,0.048,29.0,GENE,20.0,,,,5.0,4.2,4:17,EXT ML,5,N,N,5.97,151.788,10:04,36.233,CMFL,1025,65000,E.R. WELD,24,1467.7,2038.5,1452.3,2017.0,0.698,1.094,1.0,1.2,2022,Metal Loss_45100.3,True,45100.282,45099.525,METAL_LOSS,False,4.283333333333333,3892,45084.93884374141
12490,40.016,0.344,22.077,17.94,45114.357,Metal Loss,External,23.0,0.079,38.0,GENE,20.0,,,,2.6,3.1,7:57,EXT ML,5,N,N,5.97,152.601,10:04,12.566,CMFL,1025,65000,E.R. WELD,24,1478.9,2054.0,1467.7,2038.5,0.693,1.103,1.0,1.2,2022,Metal Loss_45114.4,True,45114.357,45113.600000000006,METAL_LOSS,False,7.95,3893,45096.56337206688
12490,40.016,0.344,38.622,1.394,45130.902,Metal Loss,External,13.0,0.044,28.0,GENE,20.0,,,,13.3,6.7,6:38,EXT ML,5,N,N,5.97,153.556,10:04,23.876,CMFL,1025,65000,E.R. WELD,24,1420.7,1973.3,1431.4,1988.1,0.722,1.059,1.0,1.2,2022,Metal Loss_45130.9,True,45130.902,45130.145,METAL_LOSS,False,6.633333333333333,3894,45110.22787090486
12500,40.433,0.344,0.125,40.305,45132.421,Metal Loss,External,14.0,0.048,29.0,GENE,20.0,,,,6.1,2.7,7:17,EXT ML,10,N,N,5.97,153.643,11:36,27.018,CMFL,1025,65000,E.R. WELD,24,1453.8,2019.2,1450.8,2015.0,0.705,1.083,1.0,1.2,2022,Metal Loss_45132.4,True,45132.421,45131.664,METAL_LOSS,False,7.283333333333333,3896,45111.44805906651
12500,40.433,0.344,4.206,36.224,45136.503,Metal Loss,External,21.0,0.072,36.0,GENE,20.0,,,,7.6,2.9,8:34,EXT ML,10,N,N,5.97,153.912,11:36,19.059,CMFL,1025,65000,E.R. WELD,24,1375.4,1910.2,1435.2,1993.3,0.745,1.028,1.0,1.2,2022,Metal Loss_45136.5,True,45136.503,45135.746,METAL_LOSS,False,8.566666666666666,3898,45113.688519626994
12500,40.433,0.344,8.202,32.228,45140.499,Metal Loss,External,22.0,0.076,37.0,GENE,20.0,,,,9.8,7.9,7:36,EXT ML,10,N,N,5.97,154.219,11:36,25.97,CMFL,1025,65000,E.R. WELD,24,1348.5,1872.9,1425.3,1979.5,0.76,1.005,1.0,1.2,2022,Metal Loss_45140.5,True,45140.499,45139.742000000006,METAL_LOSS,False,7.6,3900,45115.88177793168
12500,40.433,0.344,8.891,31.539,45141.188,Metal Loss,External,10.0,0.034,25.0,GENE,20.0,,,,4.9,3.4,8:37,EXT ML,10,N,N,5.97,154.272,11:36,18.64,CMFL,1025,65000,E.R. WELD,24,1490.4,2070.0,1479.6,2055.0,0.688,1.112,1.0,1.2,2022,Metal Loss_45141.2,True,45141.188,45140.431,METAL_LOSS,False,8.616666666666667,3901,45116.25994484157
12500,40.433,0.344,9.892,30.541,45142.185,Metal Loss,External,18.0,0.062,33.0,GENE,20.0,,,,5.7,4.4,7:30,EXT ML,10,N,N,5.97,154.349,11:36,24.714,CMFL,1025,65000,E.R. WELD,24,1426.5,1981.3,1453.5,2018.7,0.719,1.066,1.0,1.2,2022,Metal Loss_45142.2,True,45142.185,45141.428,METAL_LOSS,False,7.5,3902,45116.807161690864
12500,40.433,0.344,10.771,29.659,45143.068,Metal Loss,External,21.0,0.072,36.0,GENE,20.0,,,,6.6,3.6,7:21,EXT ML,10,N,N,5.97,154.417,11:36,27.227,CMFL,1025,65000,E.R. WELD,24,1396.4,1939.5,1384.8,1923.3,0.734,1.038,1.0,1.2,2022,Metal Loss_45143.1,True,45143.068,45142.311,METAL_LOSS,False,7.35,3903,45117.29180810804
12500,40.433,0.344,39.301,1.129,45171.598,Metal Loss,External,22.0,0.076,37.0,GENE,25.0,,,,5.1,5.3,5:45,EXT ML,10,N,N,5.97,156.611,11:36,35.395,CMFL,1025,65000,E.R. WELD,24,1415.3,1965.7,1422.7,1975.9,0.724,1.053,1.0,1.2,2022,Metal Loss_45171.6,True,45171.598,45170.841,METAL_LOSS,False,5.75,3905,45132.95088204012
12500,40.433,0.344,39.416,1.014,45171.713,Metal Loss,External,15.0,0.052,30.0,GENE,20.0,,,,1.5,2.4,1:49,EXT ML,10,N,N,5.97,156.62,11:36,14.032,CMFL,1025,65000,E.R. WELD,24,1531.7,2127.4,1528.4,2122.8,0.669,1.142,1.0,1.2,2022,Metal Loss_45171.7,True,45171.713,45170.956000000006,METAL_LOSS,False,1.8166666666666667,3906,45133.01400133567
12510,40.217,0.344,0.725,39.491,45173.451,Metal Loss,External,10.0,0.034,25.0,GENE,20.0,,,,11.7,3.5,10:51,EXT ML ( ON SW ),36,N,N,5.97,156.754,11:04,0.419,CMFL,1025,65000,E.R. WELD,24,1454.3,2019.8,1437.2,1996.1,0.705,1.084,1.0,1.2,2022,Metal Loss_45173.5,True,45173.451,45172.694,METAL_LOSS,False,10.85,3909,45134.29180918517
12510,40.217,0.344,0.951,39.262,45173.681,Metal Loss,External,20.0,0.069,35.0,GENE,20.0,,,,3.0,2.5,6:29,EXT ML,36,N,N,5.97,156.772,11:04,28.484,CMFL,1025,65000,E.R. WELD,24,1476.8,2051.1,1468.1,2039.0,0.694,1.102,1.0,1.2,2022,Metal Loss_45173.7,True,45173.681,45172.924,METAL_LOSS,False,6.483333333333333,3910,45134.52079692667
12510,40.217,0.344,1.001,39.213,45173.73,Metal Loss,External,29.0,0.1,44.0,GENE,20.0,,,,1.9,1.7,5:46,EXT ML,36,N,N,5.97,156.775,11:04,33.301,CMFL,1025,65000,E.R. WELD,24,1492.2,2072.5,1478.9,2054.0,0.687,1.113,1.0,1.2,2022,Metal Loss_45173.7,True,45173.73,45172.973000000005,METAL_LOSS,False,5.766666666666667,3911,45134.5695812716
12510,40.217,0.344,3.747,36.47,45176.473,Metal Loss,External,26.0,0.089,41.0,GENE,20.0,,,,5.1,2.6,7:19,EXT ML,36,N,N,5.97,157.003,11:04,23.038,CMFL,1025,65000,E.R. WELD,24,1385.2,1923.9,1389.6,1930.0,0.74,1.031,1.0,1.2,2022,Metal Loss_45176.5,True,45176.473,45175.716,METAL_LOSS,False,7.316666666666666,3912,45137.30050898873
12510,40.217,0.344,4.104,36.112,45176.831,Metal Loss,External,12.0,0.041,27.0,GENE,20.0,,,,5.3,1.7,10:38,EXT ML,36,N,N,5.97,157.036,11:04,2.094,CMFL,1025,65000,E.R. WELD,24,1475.2,2048.8,1462.6,2031.4,0.695,1.1,1.0,1.2,2022,Metal Loss_45176.8,True,45176.831,45176.074,METAL_LOSS,False,10.633333333333333,3913,45137.65693338637
12510,40.217,0.344,5.033,35.184,45177.759,Metal Loss,External,35.0,0.12,50.0,GENE,20.0,,,,6.9,5.5,6:53,EXT ML,36,N,N,5.97,157.12,11:04,28.065,CMFL,1025,65000,E.R. WELD,24,1268.9,1762.4,1311.9,1822.1,0.808,0.944,1.0,1.2,2022,Metal Loss_45177.8,True,45177.759,45177.002,METAL_LOSS,False,6.883333333333333,3915,45138.58084914339
12510,40.217,0.344,6.184,34.032,45178.911,Metal Loss,External,32.0,0.11,47.0,GENE,20.0,,,,3.0,1.5,6:58,EXT ML,36,N,N,5.97,157.224,11:04,25.761,CMFL,1025,65000,E.R. WELD,24,1425.1,1979.3,1402.5,1947.9,0.719,1.063,1.0,1.2,2022,Metal Loss_45178.9,True,45178.911,45178.154,METAL_LOSS,False,6.966666666666667,3916,45139.72777904866
12510,40.217,0.344,6.762,33.451,45179.491,Metal Loss,External,13.0,0.044,28.0,AXGR,20.0,,,,2.5,1.0,6:57,EXT ML,36,N,N,5.97,157.277,11:04,25.97,CMFL,1025,65000,E.R. WELD,24,1514.6,2103.6,1510.5,2097.9,0.677,1.129,1.0,1.2,2022,Metal Loss_45179.5,True,45179.491,45178.734,METAL_LOSS,False,6.95,3917,45140.3052263968
12510,40.217,0.344,7.434,32.782,45180.161,Metal Loss,External,28.0,0.096,43.0,AXGR,20.0,,,,2.6,1.1,7:03,EXT ML,36,N,N,5.97,157.337,11:04,24.923,CMFL,1025,65000,E.R. WELD,24,1462.6,2031.4,1444.2,2005.9,0.701,1.089,1.0,1.2,2022,Metal Loss_45180.2,True,45180.161,45179.404,METAL_LOSS,False,7.05,3918,45140.97227764378
12510,40.217,0.344,8.399,31.818,45181.125,Metal Loss,External,20.0,0.069,35.0,GENE,20.0,,,,2.6,1.3,7:09,EXT ML,36,N,N,5.97,157.425,11:04,24.504,CMFL,1025,65000,E.R. WELD,24,1493.0,2073.6,1487.2,2065.5,0.687,1.112,1.0,1.2,2022,Metal Loss_45181.1,True,45181.125,45180.368,METAL_LOSS,False,7.15,3919,45141.93203496034
12510,40.217,0.344,8.953,31.26,45181.683,Metal Loss,External,17.0,0.058,32.0,GENE,20.0,,,,2.4,1.3,7:07,EXT ML,36,N,N,5.97,157.475,11:04,24.923,CMFL,1025,65000,E.R. WELD,24,1505.9,2091.5,1501.3,2085.1,0.681,1.123,1.0,1.2,2022,Metal Loss_45181.7,True,45181.683,45180.926,METAL_LOSS,False,7.116666666666666,3920,45142.487579133194
12510,40.217,0.344,12.936,27.277,45185.666,Metal Loss,External,13.0,0.044,28.0,GENE,20.0,,,,4.9,1.9,11:07,EXT ML ( ON SW ),36,N,N,5.97,157.835,11:04,0.419,CMFL,1025,65000,E.R. WELD,24,1476.8,2051.2,1463.3,2032.3,0.694,1.099,1.0,1.2,2022,Metal Loss_45185.7,True,45185.666,45184.909,METAL_LOSS,False,11.116666666666667,3921,45146.45304945669
12510,40.217,0.344,13.825,26.388,45186.555,Metal Loss,External,15.0,0.052,30.0,GENE,20.0,,,,1.9,1.4,6:53,EXT ML,36,N,N,5.97,157.916,11:04,26.18,CMFL,1025,65000,E.R. WELD,24,1522.4,2114.4,1517.2,2107.2,0.673,1.134,1.0,1.2,2022,Metal Loss_45186.6,True,45186.555,45185.798,METAL_LOSS,False,6.883333333333333,3922,45147.33813685755
12510,40.217,0.344,13.986,26.23,45186.713,Metal Loss,External,42.0,0.144,57.0,GENE,15.0,,,,16.5,16.5,5:48,*EXT ML,36,Y,Y,5.97,157.93,11:04,30.997,CMFL,1025,65000,E.R. WELD,24,1084.5,1506.3,1211.3,1682.4,0.945,0.81,1.0,1.2,2022,Metal Loss_45186.7,True,45186.713,45185.956000000006,METAL_LOSS,False,5.8,3923,45147.49544147997
12510,40.217,0.344,15.223,24.993,45187.949,Metal Loss,External,10.0,0.034,25.0,GENE,20.0,,,,6.2,2.8,11:17,EXT ML ( ON SW ),36,N,N,5.97,158.042,11:04,1.466,CMFL,1025,65000,E.R. WELD,24,1478.4,2053.4,1465.5,2035.4,0.693,1.103,1.0,1.2,2022,Metal Loss_45187.9,True,45187.949,45187.192,METAL_LOSS,False,11.283333333333333,3924,45148.726001690826
12510,40.217,0.344,15.292,24.925,45188.018,Metal Loss,External,25.0,0.086,40.0,GENE,20.0,,,,6.9,6.2,7:48,EXT ML,36,N,N,5.97,158.048,11:04,23.038,CMFL,1025,65000,E.R. WELD,24,1356.9,1884.6,1401.0,1945.9,0.755,1.01,1.0,1.2,2022,Metal Loss_45188.0,True,45188.018,45187.261,METAL_LOSS,False,7.8,3925,45148.79469801328
12510,40.217,0.344,15.764,24.449,45188.494,Metal Loss,External,17.0,0.058,32.0,GENE,20.0,,,,9.9,5.7,6:54,EXT ML,36,N,N,5.97,158.091,11:04,24.714,CMFL,1025,65000,E.R. WELD,24,1395.3,1938.0,1404.9,1951.3,0.735,1.04,1.0,1.2,2022,Metal Loss_45188.5,True,45188.494,45187.737,METAL_LOSS,False,6.9,3927,45149.2686030783
12510,40.217,0.344,16.581,23.635,45189.308,Metal Loss,External,26.0,0.089,41.0,GENE,20.0,,,,2.4,4.3,8:16,EXT ML,36,N,N,5.97,158.165,11:04,16.127,CMFL,1025,65000,E.R. WELD,24,1479.5,2054.9,1464.6,2034.1,0.693,1.102,1.0,1.2,2022,Metal Loss_45189.3,True,45189.308,45188.551,METAL_LOSS,False,8.266666666666667,3928,45150.07902056344
12510,40.217,0.344,17.175,23.038,45189.905,Metal Loss,External,20.0,0.069,35.0,GENE,20.0,,,,13.3,8.7,6:57,EXT ML,36,N,N,5.97,158.219,11:04,27.437,CMFL,1025,65000,E.R. WELD,24,1352.9,1879.1,1394.6,1936.9,0.758,1.005,1.0,1.2,2022,Metal Loss_45189.9,True,45189.905,45189.148,METAL_LOSS,False,6.95,3929,45150.673393092475
12510,40.217,0.344,17.841,22.372,45190.571,Metal Loss,External,11.0,0.038,26.0,GENE,20.0,,,,14.9,6.0,4:42,EXT ML,36,N,N,5.97,158.279,11:04,36.442,CMFL,1025,65000,E.R. WELD,24,1435.9,1994.3,1446.8,2009.4,0.714,1.071,1.0,1.2,2022,Metal Loss_45190.6,True,45190.571,45189.814000000006,METAL_LOSS,False,4.7,3930,45151.33646194396
12510,40.217,0.344,18.14,22.077,45190.866,Metal Loss,External,23.0,0.079,38.0,GENE,20.0,,,,6.5,2.2,7:34,EXT ML,36,N,N,5.97,158.306,11:04,21.572,CMFL,1025,65000,E.R. WELD,24,1375.3,1910.2,1417.7,1969.0,0.745,1.027,1.0,1.2,2022,Metal Loss_45190.9,True,45190.866,45190.109,METAL_LOSS,False,7.566666666666666,3931,45151.630163612404
12510,40.217,0.344,19.108,21.109,45191.834,Metal Loss,External,19.0,0.065,34.0,GENE,20.0,,,,2.3,1.3,7:30,EXT ML,36,N,N,5.97,158.394,11:04,22.201,CMFL,1025,65000,E.R. WELD,24,1503.5,2088.3,1494.9,2076.3,0.682,1.12,0.6,1.2,2022,Metal Loss_45191.8,True,45191.834,45191.077000000005,METAL_LOSS,False,7.5,3932,45152.593903324465
12510,40.217,0.344,19.656,20.558,45192.385,Metal Loss,External,27.0,0.093,42.0,GENE,20.0,,,,2.7,1.5,7:09,EXT ML,36,N,N,5.97,158.443,11:04,24.714,CMFL,1025,65000,E.R. WELD,24,1461.3,2029.5,1446.6,2009.2,0.702,1.091,1.0,1.2,2022,Metal Loss_45192.4,True,45192.385,45191.628,METAL_LOSS,False,7.15,3933,45153.1424783052
12510,40.217,0.344,20.112,20.105,45192.838,Metal Loss,External,32.0,0.11,47.0,GENE,20.0,,,,1.8,2.1,6:38,EXT ML,36,N,N,5.97,158.485,11:04,27.855,CMFL,1025,65000,E.R. WELD,24,1490.7,2070.4,1476.4,2050.6,0.688,1.112,1.0,1.2,2022,Metal Loss_45192.8,True,45192.838,45192.081000000006,METAL_LOSS,False,6.633333333333333,3934,45153.593484596066
12510,40.217,0.344,20.295,19.921,45193.022,Metal Loss,External,16.0,0.055,31.0,GENE,20.0,,,,1.8,2.0,4:47,EXT ML,36,N,N,5.97,158.501,11:04,36.024,CMFL,1025,65000,E.R. WELD,24,1522.4,2114.5,1517.1,2107.1,0.673,1.135,1.0,1.2,2022,Metal Loss_45193.0,True,45193.022,45192.265,METAL_LOSS,False,4.783333333333333,3935,45153.77667478927
12510,40.217,0.344,20.771,19.446,45193.497,Metal Loss,External,38.0,0.131,53.0,GENE,20.0,,,,12.0,8.2,6:10,EXT ML,36,N,N,5.97,158.544,11:04,29.531,CMFL,1025,65000,E.R. WELD,24,1164.2,1616.9,1276.1,1772.4,0.881,0.866,1.0,1.2,2022,Metal Loss_45193.5,True,45193.497,45192.740000000005,METAL_LOSS,False,6.166666666666667,3936,45154.24958425542
12510,40.217,0.344,21.991,18.225,45194.718,Metal Loss,External,14.0,0.048,29.0,GENE,20.0,,,,2.6,1.9,6:32,EXT ML,36,N,N,5.97,158.655,11:04,28.484,CMFL,1025,65000,E.R. WELD,24,1510.8,2098.4,1503.4,2088.1,0.679,1.126,1.0,1.2,2022,Metal Loss_45194.7,True,45194.718,45193.961,METAL_LOSS,False,6.533333333333333,3937,45155.465210483126
12510,40.217,0.344,22.69,17.526,45195.417,Metal Loss,External,14.0,0.048,29.0,GENE,20.0,,,,5.0,3.3,10:57,EXT ML ( ON SW ),36,N,N,5.97,158.718,11:04,0.628,CMFL,1025,65000,E.R. WELD,24,1465.1,2034.9,1449.1,2012.6,0.7,1.094,1.0,1.2,2022,Metal Loss_45195.4,True,45195.417,45194.66,METAL_LOSS,False,10.95,3938,45156.16113409752
12510,40.217,0.344,24.16,16.053,45196.89,Metal Loss,External,13.0,0.044,28.0,GENE,20.0,,,,3.8,2.2,10:56,EXT ML ( ON SW ),36,N,N,5.97,158.851,11:04,0.838,CMFL,1025,65000,E.R. WELD,24,1492.9,2073.4,1482.2,2058.6,0.687,1.112,1.0,1.2,2022,Metal Loss_45196.9,True,45196.89,45196.133,METAL_LOSS,False,10.933333333333334,3939,45157.62765124201
12510,40.217,0.344,25.991,14.222,45198.72,Metal Loss,External,16.0,0.055,31.0,GENE,20.0,,,,7.8,3.0,6:28,EXT ML,36,N,N,5.97,159.017,11:04,29.112,CMFL,1025,65000,E.R. WELD,24,1416.7,1967.7,1461.9,2030.5,0.724,1.058,1.0,1.2,2022,Metal Loss_45198.7,True,45198.72,45197.963,METAL_LOSS,False,6.466666666666667,3940,45159.449597185274
12510,40.217,0.344,26.962,13.255,45199.688,Metal Loss,External,13.0,0.044,28.0,GENE,20.0,,,,1.9,1.8,6:39,EXT ML,36,N,N,5.97,159.105,11:04,27.646,CMFL,1025,65000,E.R. WELD,24,1525.9,2119.4,1521.6,2113.3,0.672,1.137,1.0,1.2,2022,Metal Loss_45199.7,True,45199.688,45198.931,METAL_LOSS,False,6.65,3941,45160.413336897334
12510,40.217,0.344,33.274,6.942,45206.001,Metal Loss,External,10.0,0.034,25.0,GENE,20.0,,,,12.4,2.4,11:08,EXT ML ( ON SW ),36,N,N,5.97,159.676,11:04,0.419,CMFL,1025,65000,E.R. WELD,24,1449.1,2012.6,1431.1,1987.6,0.707,1.083,1.0,1.2,2022,Metal Loss_45206.0,True,45206.001,45205.244,METAL_LOSS,False,11.133333333333333,3944,45166.69855260213
12530,33.117,0.344,0.846,32.274,45253.973,Metal Loss,External,21.0,0.072,36.0,GENE,20.0,,,,2.2,1.6,1:14,EXT ML,6,N,N,5.97,163.225,02:28,7.749,CMFL,1025,65000,E.R. WELD,24,1499.7,2082.9,1489.4,2068.6,0.684,1.118,1.0,1.2,2022,Metal Loss_45254.0,True,45253.973,45253.216,METAL_LOSS,False,1.2333333333333334,3947,45221.20515354652
12530,33.117,0.344,0.873,32.244,45254.003,Metal Loss,External,17.0,0.058,32.0,GENE,20.0,,,,2.1,1.3,3:47,EXT ML,6,N,N,5.97,163.227,02:28,8.378,CMFL,1025,65000,E.R. WELD,24,1515.0,2104.2,1508.2,2094.8,0.677,1.129,1.0,1.2,2022,Metal Loss_45254.0,True,45254.003,45253.246,METAL_LOSS,False,3.783333333333333,3948,45221.24128000725
12530,33.117,0.344,29.019,4.098,45282.149,Metal Loss,External,35.0,0.12,50.0,GENE,20.0,,,,3.0,5.3,1:36,EXT ML,6,N,N,5.97,164.982,02:28,6.702,CMFL,1025,65000,E.R. WELD,24,1410.9,1959.6,1390.7,1931.5,0.727,1.052,1.0,1.2,2022,Metal Loss_45282.1,True,45282.149,45281.392,METAL_LOSS,False,1.6,3949,45255.13512546426
12530,33.117,0.344,30.758,2.359,45283.888,Metal Loss,External,24.0,0.082,39.0,GENE,20.0,,,,7.4,2.6,2:17,EXT ML ( ON SW ),6,N,N,5.97,165.089,02:28,0.628,CMFL,1025,65000,E.R. WELD,24,1351.2,1876.6,1349.6,1874.5,0.759,1.01,1.0,1.2,2022,Metal Loss_45283.9,True,45283.888,45283.131,METAL_LOSS,False,2.283333333333333,3951,45257.22925597125
12530,33.117,0.344,31.194,1.923,45284.324,Metal Loss,External,15.0,0.052,30.0,GENE,20.0,,,,2.4,4.2,5:07,EXT ML,6,N,N,5.97,165.116,02:28,17.593,CMFL,1025,65000,E.R. WELD,24,1510.8,2098.4,1505.6,2091.1,0.679,1.126,0.6,1.2,2022,Metal Loss_45284.3,True,45284.324,45283.567,METAL_LOSS,False,5.116666666666666,3952,45257.7542938672
12530,33.117,0.344,31.227,1.893,45284.354,Metal Loss,External,13.0,0.044,28.0,GENE,20.0,,,,1.7,2.4,3:07,EXT ML,6,N,N,5.97,165.118,02:28,4.189,CMFL,1025,65000,E.R. WELD,24,1530.3,2125.4,1526.8,2120.5,0.67,1.141,1.0,1.2,2022,Metal Loss_45284.4,True,45284.354,45283.597,METAL_LOSS,False,3.1166666666666667,3953,45257.790420327925
12540,22.221,0.344,0.669,21.552,45286.916,Metal Loss,External,53.0,0.182,,GENE,,,,,5.1,8.2,12:01,*EXT ML ( ON SW ) REPAIRED,16,Y,Y,5.97,165.277,12:08,2.094,CMFL,1025,65000,E.R. WELD,24,1154.6,1603.6,1365.0,1895.8,0.888,0.859,,,2022,Metal Loss_45286.9,True,45286.916,45286.159,METAL_LOSS,False,12.016666666666667,3957,45261.273965168075
12540,22.221,0.344,0.814,21.407,45287.06,Metal Loss,External,17.0,0.058,,GENE,,,,,3.7,2.7,1:13,*EXT ML REPAIRED,16,Y,Y,5.97,165.286,12:08,6.912,CMFL,1025,65000,E.R. WELD,24,1476.1,2050.2,1461.8,2030.3,0.694,1.098,,,2022,Metal Loss_45287.1,True,45287.06,45286.303,METAL_LOSS,False,1.2166666666666668,3958,45261.53311462129
12540,22.221,0.344,0.837,21.385,45287.083,Metal Loss,External,14.0,0.048,,GENE,,,,,2.6,3.2,7:28,EXT ML REPAIRED,16,N,N,5.97,165.287,12:08,29.322,CMFL,1025,65000,E.R. WELD,24,1509.8,2097.0,1502.3,2086.5,0.679,1.125,,,2022,Metal Loss_45287.1,True,45287.083,45286.326,METAL_LOSS,False,7.466666666666667,3959,45261.574506547855
12540,22.221,0.344,0.853,21.368,45287.1,Metal Loss,External,12.0,0.041,,GENE,,,,,3.0,2.0,4:24,EXT ML REPAIRED,16,N,N,5.97,165.288,12:08,26.808,CMFL,1025,65000,E.R. WELD,24,1509.5,2096.5,1502.0,2086.1,0.679,1.124,,,2022,Metal Loss_45287.1,True,45287.1,45286.343,METAL_LOSS,False,4.4,3960,45261.60510058052
12540,22.221,0.344,5.659,16.562,45291.906,Metal Loss,External,15.0,0.052,30.0,GENE,20.0,,,,4.3,4.8,2:38,EXT ML,16,N,N,5.97,165.565,12:08,17.174,CMFL,1025,65000,E.R. WELD,24,1472.9,2045.7,1462.5,2031.2,0.696,1.097,1.0,1.2,2022,Metal Loss_45291.9,True,45291.906,45291.149000000005,METAL_LOSS,False,2.6333333333333333,3964,45270.25421358175
12540,22.221,0.344,9.895,12.329,45296.138,Metal Loss,External,17.0,0.058,32.0,GENE,20.0,,,,3.6,2.4,5:32,EXT ML,16,N,N,5.97,165.799,12:08,33.72,CMFL,1025,65000,E.R. WELD,24,1477.4,2052.0,1467.3,2038.0,0.694,1.1,1.0,1.2,2022,Metal Loss_45296.1,True,45296.138,45295.381,METAL_LOSS,False,5.533333333333333,3965,45277.870328068035
12540,22.221,0.344,14.747,7.477,45300.991,Metal Loss,External,30.0,0.103,45.0,GENE,20.0,,,,10.7,8.5,2:35,EXT ML,16,N,N,5.97,166.068,12:08,12.985,CMFL,1025,65000,E.R. WELD,24,1257.5,1746.5,1357.1,1884.9,0.815,0.939,1.0,1.2,2022,Metal Loss_45301.0,True,45300.991,45300.234,METAL_LOSS,False,2.5833333333333335,3967,45286.60402457135
12540,22.221,0.344,16.847,5.377,45303.091,Metal Loss,External,15.0,0.052,30.0,GENE,20.0,,,,3.6,1.6,3:56,EXT ML,16,N,N,5.97,166.184,12:08,23.876,CMFL,1025,65000,E.R. WELD,24,1484.7,2062.0,1477.1,2051.5,0.69,1.107,1.0,1.2,2022,Metal Loss_45303.1,True,45303.091,45302.334,METAL_LOSS,False,3.9333333333333336,3968,45290.38328743081
12540,22.221,0.344,17.149,5.072,45303.396,Metal Loss,External,16.0,0.055,31.0,GENE,20.0,,,,3.4,1.7,1:33,EXT ML,16,N,N,5.97,166.201,12:08,8.168,CMFL,1025,65000,E.R. WELD,24,1484.8,2062.2,1483.9,2061.0,0.69,1.107,1.0,1.2,2022,Metal Loss_45303.4,True,45303.396,45302.639,METAL_LOSS,False,1.55,3969,45290.93218036992
12540,22.221,0.344,17.638,4.583,45303.885,Metal Loss,External,21.0,0.072,36.0,GENE,20.0,,,,13.0,5.7,1:28,EXT ML,16,N,N,5.97,166.228,12:08,7.959,CMFL,1025,65000,E.R. WELD,24,1338.9,1859.6,1349.0,1873.6,0.766,0.998,1.0,1.2,2022,Metal Loss_45303.9,True,45303.885,45303.128,METAL_LOSS,False,1.4666666666666668,3970,45291.81220872148
12540,22.221,0.344,17.969,4.255,45304.213,Metal Loss,External,16.0,0.055,31.0,GENE,20.0,,,,7.4,2.4,4:02,EXT ML,16,N,N,5.97,166.247,12:08,24.714,CMFL,1025,65000,E.R. WELD,24,1420.8,1973.3,1424.6,1978.7,0.722,1.061,1.0,1.2,2022,Metal Loss_45304.2,True,45304.213,45303.456000000006,METAL_LOSS,False,4.033333333333333,3971,45292.40249358715
12540,22.221,0.344,19.19,3.031,45305.436,Metal Loss,External,13.0,0.044,28.0,GENE,20.0,,,,3.5,1.8,3:46,EXT ML,16,N,N,5.97,166.314,12:08,22.829,CMFL,1025,65000,E.R. WELD,24,1494.7,2075.9,1487.7,2066.2,0.686,1.115,1.0,1.2,2022,Metal Loss_45305.4,True,45305.436,45304.679,METAL_LOSS,False,3.7666666666666666,3972,45294.603464290536
12540,22.221,0.344,20.01,2.211,45306.257,Metal Loss,External,10.0,0.034,25.0,GENE,20.0,,,,6.3,3.4,12:30,EXT ML ( NEAR SW ),16,N,N,5.97,166.36,12:08,2.304,CMFL,1025,65000,E.R. WELD,24,1476.7,2051.0,1463.5,2032.6,0.694,1.103,1.0,1.2,2022,Metal Loss_45306.3,True,45306.257,45305.5,METAL_LOSS,False,12.5,3973,45296.08097610368
12540,22.221,0.344,20.653,1.572,45306.896,Metal Loss,External,11.0,0.038,26.0,GENE,20.0,,,,3.5,3.3,3:42,EXT ML,16,N,N,5.97,166.395,12:08,22.41,CMFL,1025,65000,E.R. WELD,24,1506.3,2092.1,1498.3,2081.0,0.681,1.122,1.0,1.2,2022,Metal Loss_45306.9,True,45306.896,45306.139,METAL_LOSS,False,3.7,3974,45297.23095180235
12540,22.221,0.344,21.175,1.05,45307.418,Metal Loss,External,20.0,0.069,35.0,GENE,20.0,,,,12.4,2.8,4:05,EXT ML ( NEAR GW ),16,N,N,5.97,166.424,12:08,24.295,CMFL,1025,65000,E.R. WELD,24,1349.8,1874.7,1370.4,1903.4,0.759,1.008,1.0,1.2,2022,Metal Loss_45307.4,True,45307.418,45306.661,METAL_LOSS,False,4.083333333333333,3975,45298.17036857027
12540,22.221,0.344,21.309,0.912,45307.556,Metal Loss,External,18.0,0.062,33.0,GENE,20.0,,,,9.7,4.3,1:46,EXT ML,16,N,N,5.97,166.432,12:08,8.587,CMFL,1025,65000,E.R. WELD,24,1392.4,1933.9,1393.9,1936.0,0.736,1.034,1.0,1.2,2022,Metal Loss_45307.6,True,45307.556,45306.799,METAL_LOSS,False,1.7666666666666666,3976,45298.4187201296
12550,40.476,0.344,0.167,40.312,45308.632,Metal Loss,External,18.0,0.062,33.0,GENE,20.0,,,,2.7,2.0,3:40,EXT ML,12,N,N,5.97,166.491,10:48,30.578,CMFL,1025,65000,E.R. WELD,24,1493.2,2073.9,1481.9,2058.2,0.687,1.114,1.0,1.2,2022,Metal Loss_45308.6,True,45308.632,45307.875,METAL_LOSS,False,3.6666666666666665,3978,45300.22203083308
12550,40.476,0.344,0.341,40.135,45308.809,Metal Loss,External,20.0,0.069,35.0,GENE,20.0,,,,8.4,4.4,1:16,EXT ML,12,N,N,5.97,166.501,10:48,15.917,CMFL,1025,65000,E.R. WELD,24,1378.4,1914.4,1381.8,1919.1,0.744,1.028,1.0,1.2,2022,Metal Loss_45308.8,True,45308.809,45308.052,METAL_LOSS,False,1.2666666666666666,3979,45300.396905573674
12550,40.476,0.344,0.886,39.593,45309.35,Metal Loss,External,21.0,0.072,36.0,GENE,20.0,,,,8.4,3.3,3:37,EXT ML,12,N,N,5.97,166.531,10:48,30.788,CMFL,1025,65000,E.R. WELD,24,1375.0,1909.7,1442.1,2003.0,0.746,1.022,1.0,1.2,2022,Metal Loss_45309.3,True,45309.35,45308.593,METAL_LOSS,False,3.6166666666666667,3980,45300.931409724275
12550,40.476,0.344,1.722,38.753,45310.19,Metal Loss,External,24.0,0.082,39.0,GENE,20.0,,,,7.0,11.3,2:57,EXT ML,12,N,N,5.97,166.578,10:48,30.788,CMFL,1025,65000,E.R. WELD,24,1360.7,1889.8,1405.1,1951.5,0.753,1.015,1.0,1.2,2022,Metal Loss_45310.2,True,45310.19,45309.433000000005,METAL_LOSS,False,2.95,3981,45301.76132374741
12550,40.476,0.344,4.928,35.551,45313.392,Metal Loss,External,26.0,0.089,41.0,GENE,20.0,,,,18.1,4.6,3:18,EXT ML,12,N,N,5.97,166.693,10:48,28.903,CMFL,1025,65000,E.R. WELD,24,1271.1,1765.5,1295.9,1799.9,0.806,0.945,1.0,1.2,2022,Metal Loss_45313.4,True,45313.392,45312.635,METAL_LOSS,False,3.3,3983,45304.92487696413
12550,40.476,0.344,13.881,26.598,45322.346,Metal Loss,External,17.0,0.058,32.0,GENE,20.0,,,,1.7,1.8,3:13,EXT ML,12,N,N,5.97,166.96,10:48,27.855,CMFL,1025,65000,E.R. WELD,24,1524.6,2117.5,1519.7,2110.8,0.672,1.136,1.0,1.2,2022,Metal Loss_45322.3,True,45322.346,45321.589,METAL_LOSS,False,3.216666666666667,3985,45313.77136525348
12550,40.476,0.344,17.979,22.497,45326.447,Metal Loss,External,33.0,0.113,48.0,GENE,20.0,,,,2.0,2.4,3:37,EXT ML,12,N,N,5.97,167.083,10:48,30.369,CMFL,1025,65000,E.R. WELD,24,1475.2,2048.9,1457.1,2023.7,0.695,1.1,1.0,1.2,2022,Metal Loss_45326.4,True,45326.447,45325.69,METAL_LOSS,False,3.6166666666666667,3986,45317.823124073526
12550,40.476,0.344,26.959,13.52,45335.423,Metal Loss,External,12.0,0.041,27.0,AXGR,20.0,,,,2.3,1.0,5:17,EXT ML,12,N,N,5.97,167.351,10:48,34.558,CMFL,1025,65000,E.R. WELD,24,1521.4,2113.1,1516.2,2105.8,0.674,1.134,1.0,1.2,2022,Metal Loss_45335.4,True,45335.423,45334.666000000005,METAL_LOSS,False,5.283333333333333,3987,45326.69134820635
12550,40.476,0.344,27.923,12.552,45336.391,Metal Loss,External,14.0,0.048,29.0,PITT,20.0,,,,1.7,1.0,5:26,EXT ML,12,N,N,5.97,167.38,10:48,33.72,CMFL,1025,65000,E.R. WELD,24,1528.3,2122.7,1524.3,2117.1,0.671,1.139,0.6,1.2,2022,Metal Loss_45336.4,True,45336.391,45335.634000000005,METAL_LOSS,False,5.433333333333334,3988,45327.64772531871
12550,40.476,0.344,31.486,8.99,45339.954,Metal Loss,External,11.0,0.038,26.0,GENE,20.0,,,,2.8,2.7,1:36,EXT ML,12,N,N,5.97,167.487,10:48,17.593,CMFL,1025,65000,E.R. WELD,24,1516.8,2106.7,1510.8,2098.4,0.676,1.13,1.0,1.2,2022,Metal Loss_45340.0,True,45339.954,45339.197,METAL_LOSS,False,1.6,3989,45331.16794396679
12550,40.476,0.344,36.447,4.032,45344.911,Metal Loss,External,11.0,0.038,26.0,GENE,20.0,,,,2.9,2.9,1:49,EXT ML,12,N,N,5.97,167.635,10:48,19.059,CMFL,1025,65000,E.R. WELD,24,1513.1,2101.5,1506.3,2092.1,0.678,1.129,1.0,1.2,2022,Metal Loss_45344.9,True,45344.911,45344.154,METAL_LOSS,False,1.8166666666666667,3990,45336.06542469611
12550,40.476,0.344,39.587,0.892,45348.051,Metal Loss,External,15.0,0.052,30.0,GENE,20.0,,,,2.6,2.6,3:43,EXT ML,12,N,N,5.97,167.729,10:48,30.997,CMFL,1025,65000,E.R. WELD,24,1507.5,2093.7,1499.3,2082.4,0.68,1.123,1.0,1.2,2022,Metal Loss_45348.1,True,45348.051,45347.294,METAL_LOSS,False,3.716666666666667,3992,45339.16772235399
12560,6.627,0.344,1.404,5.223,45350.348,Metal Loss,External,15.0,0.052,30.0,GENE,20.0,,,,1.6,1.3,3:28,EXT ML,2,N,N,5.97,167.797,12:12,20.525,CMFL,1025,65000,E.R. WELD,24,1529.6,2124.5,1525.9,2119.3,0.67,1.14,1.0,1.2,2022,Metal Loss_45350.3,True,45350.348,45349.591,METAL_LOSS,False,3.466666666666667,3994,45341.245421250875
12560,6.627,0.344,1.562,5.066,45350.505,Metal Loss,External,20.0,0.069,35.0,GENE,20.0,,,,5.2,6.8,4:30,EXT ML,2,N,N,5.97,167.802,12:12,25.552,CMFL,1025,65000,E.R. WELD,24,1421.6,1974.5,1398.1,1941.9,0.721,1.062,1.0,1.2,2022,Metal Loss_45350.5,True,45350.505,45349.748,METAL_LOSS,False,4.5,3995,45341.379097273944
12570,40.364,0.344,39.852,0.515,45395.42,Metal Loss,External,10.0,0.034,25.0,GENE,20.0,,,,7.2,2.7,10:15,EXT ML ( ON GW ),1,N,N,5.97,163.147,02:20,25.552,CMFL,1025,65000,E.R. WELD,24,1470.0,2041.7,1455.6,2021.6,0.697,1.098,1.0,1.2,2022,Metal Loss_45395.4,True,45395.42,45394.663,METAL_LOSS,False,10.25,4000,45379.62150858675
12590,40.22,0.344,38.809,1.411,45474.813,Metal Loss,External,54.0,0.185,69.0,GENE,15.0,,,,3.5,4.9,6:10,*EXT ML,3,Y,Y,5.97,139.554,02:12,26.18,CMFL,1025,65000,E.R. WELD,24,1253.0,1740.3,1360.7,1889.9,0.818,0.935,0.8,1.0,2022,Metal Loss_45474.8,True,45474.813,45474.056,METAL_LOSS,False,6.166666666666667,4004,45458.72485913917
12590,40.22,0.344,39.272,0.945,45475.279,Metal Loss,External,15.0,0.052,30.0,GENE,20.0,,,,5.4,3.5,4:34,EXT ML,3,N,N,5.97,139.392,02:12,14.87,CMFL,1025,65000,E.R. WELD,24,1456.3,2022.6,1438.6,1998.1,0.704,1.084,1.0,1.2,2022,Metal Loss_45475.3,True,45475.279,45474.522,METAL_LOSS,False,4.566666666666666,4005,45459.188924086826
12590,40.22,0.344,39.364,0.853,45475.371,Metal Loss,External,19.0,0.065,34.0,GENE,20.0,,,,3.5,6.8,6:28,EXT ML,3,N,N,5.97,139.361,02:12,29.112,CMFL,1025,65000,E.R. WELD,24,1470.1,2041.8,1458.6,2025.8,0.697,1.094,1.0,1.2,2022,Metal Loss_45475.4,True,45475.371,45474.614,METAL_LOSS,False,6.466666666666667,4006,45459.28054205932
12600,40.016,0.344,0.02,39.997,45476.243,Metal Loss,External,12.0,0.041,27.0,GENE,20.0,,,,10.1,5.4,8:02,EXT ML ( NEAR GW ON SW ),1,N,N,5.97,139.057,07:56,2.094,CMFL,1025,65000,E.R. WELD,24,1442.5,2003.5,1432.8,1989.9,0.711,1.074,1.0,1.2,2022,Metal Loss_45476.2,True,45476.243,45475.486,METAL_LOSS,False,8.033333333333333,4008,45460.14899715114
12630,40.266,0.344,39.019,1.247,45635.489,Metal Loss,External,13.0,0.044,28.0,GENE,20.0,,,,2.8,2.5,6:09,EXT ML,1,N,N,5.97,77.824,09:28,20.735,CMFL,1025,65000,E.R. WELD,24,1506.9,2093.0,1498.8,2081.7,0.68,1.124,1.0,1.2,2022,Metal Loss_45635.5,True,45635.489,45634.732,METAL_LOSS,False,6.15,4013,45587.461547459396
12670,40.056,0.344,3.944,36.112,45729.747,Metal Loss,External,11.0,0.038,26.0,GENE,20.0,,,,3.1,2.9,1:34,EXT ML,1,N,N,5.97,54.752,02:20,4.817,CMFL,1025,65000,E.R. WELD,24,1508.4,2095.1,1500.8,2084.5,0.68,1.126,1.0,1.2,2022,Metal Loss_45729.7,True,45729.747,45728.990000000005,METAL_LOSS,False,1.5666666666666667,4019,45718.12553899541
12690,40.072,0.344,3.461,36.611,45790.745,Metal Loss,External,13.0,0.044,28.0,GENE,20.0,,,,6.1,3.1,12:44,EXT ML,1,N,N,5.97,67.744,01:32,4.608,CMFL,1025,65000,E.R. WELD,24,1462.0,2030.5,1449.2,2012.8,0.701,1.089,1.0,1.2,2022,Metal Loss_45790.7,True,45790.745,45789.988000000005,METAL_LOSS,False,12.733333333333333,4022,45784.34050981958
12700,25.712,0.344,3.232,22.48,45830.584,Metal Loss,External,17.0,0.058,32.0,GENE,20.0,,,,16.3,2.1,3:22,EXT ML ( ON SW ),5,N,N,5.97,77.354,03:24,0.209,CMFL,1025,65000,E.R. WELD,24,1371.3,1904.6,1392.8,1934.4,0.748,1.022,1.0,1.2,2022,Metal Loss_45830.6,True,45830.584,45829.827000000005,METAL_LOSS,False,3.3666666666666667,4024,45823.146656293764
12700,25.712,0.344,10.144,15.568,45837.497,Metal Loss,External,17.0,0.058,32.0,GENE,20.0,,,,37.0,4.4,3:27,EXT ML ( ON SW ),5,N,N,5.97,79.288,03:24,1.257,CMFL,1025,65000,E.R. WELD,24,1344.5,1867.4,1320.6,1834.2,0.762,1.004,1.0,1.2,2022,Metal Loss_45837.5,True,45837.497,45836.740000000005,METAL_LOSS,False,3.45,4025,45828.1079465536
12700,25.712,0.344,15.643,10.066,45842.999,Metal Loss,External,12.0,0.041,27.0,GENE,20.0,,,,5.0,1.9,3:15,EXT ML ( NEAR SW ),5,N,N,5.97,80.827,03:24,0.838,CMFL,1025,65000,E.R. WELD,24,1479.6,2055.0,1466.7,2037.0,0.693,1.102,1.0,1.2,2022,Metal Loss_45843.0,True,45842.999,45842.242000000006,METAL_LOSS,False,3.25,4026,45832.05659677921
12700,25.712,0.344,18.675,7.034,45846.03,Metal Loss,External,13.0,0.044,28.0,GENE,20.0,,,,3.9,2.5,3:35,EXT ML ( ON SW ),5,N,N,5.97,81.675,03:24,1.257,CMFL,1025,65000,E.R. WELD,24,1488.2,2066.9,1476.6,2050.8,0.689,1.11,1.0,1.2,2022,Metal Loss_45846.0,True,45846.03,45845.273,METAL_LOSS,False,3.5833333333333335,4027,45834.23187101291
12700,25.712,0.344,21.575,4.137,45848.927,Metal Loss,External,10.0,0.034,25.0,GENE,20.0,,,,12.1,2.1,3:21,EXT ML ( ON SW ),5,N,N,5.97,82.486,03:24,0.209,CMFL,1025,65000,E.R. WELD,24,1450.1,2014.0,1432.3,1989.3,0.707,1.083,1.0,1.2,2022,Metal Loss_45848.9,True,45848.927,45848.170000000006,METAL_LOSS,False,3.35,4028,45836.31097673876
12710,40.007,0.344,0.696,39.311,45853.76,Metal Loss,External,25.0,0.086,40.0,GENE,20.0,,,,5.5,5.8,5:19,EXT ML,5,N,N,5.97,83.838,06:04,6.283,CMFL,1025,65000,E.R. WELD,24,1384.3,1922.7,1412.5,1961.8,0.741,1.03,1.0,1.2,2022,Metal Loss_45853.8,True,45853.76,45853.003,METAL_LOSS,False,5.316666666666666,4030,45839.97518234309
12710,40.007,0.344,0.801,39.206,45853.865,Metal Loss,External,12.0,0.041,27.0,GENE,20.0,,,,2.9,3.4,8:47,EXT ML,5,N,N,5.97,83.867,06:04,16.336,CMFL,1025,65000,E.R. WELD,24,1510.4,2097.8,1504.6,2089.7,0.679,1.126,1.0,1.2,2022,Metal Loss_45853.9,True,45853.865,45853.108,METAL_LOSS,False,8.783333333333333,4031,45840.080058989675
12710,40.007,0.344,0.843,39.163,45853.907,Metal Loss,External,21.0,0.072,36.0,GENE,20.0,,,,3.5,1.6,3:02,EXT ML,5,N,N,5.97,83.879,06:04,19.059,CMFL,1025,65000,E.R. WELD,24,1458.4,2025.6,1447.5,2010.5,0.703,1.088,1.0,1.2,2022,Metal Loss_45853.9,True,45853.907,45853.15,METAL_LOSS,False,3.033333333333333,4032,45840.12200964831
12710,40.007,0.344,0.846,39.16,45853.911,Metal Loss,External,20.0,0.069,35.0,GENE,20.0,,,,4.2,2.8,3:54,EXT ML,5,N,N,5.97,83.88,06:04,13.614,CMFL,1025,65000,E.R. WELD,24,1443.0,2004.1,1448.4,2011.6,0.71,1.078,1.0,1.2,2022,Metal Loss_45853.9,True,45853.911,45853.154,METAL_LOSS,False,3.9,4033,45840.12600494913
12710,40.007,0.344,0.889,39.117,45853.953,Metal Loss,External,17.0,0.058,32.0,GENE,20.0,,,,7.6,3.7,6:44,EXT ML,5,N,N,5.97,83.892,06:04,3.142,CMFL,1025,65000,E.R. WELD,24,1411.0,1959.7,1429.8,1985.8,0.727,1.054,1.0,1.2,2022,Metal Loss_45854.0,True,45853.953,45853.196,METAL_LOSS,False,6.733333333333333,4034,45840.16795560777
12720,25.4,0.344,1.273,24.127,45894.344,Metal Loss,External,12.0,0.041,27.0,GENE,20.0,,,,1.9,2.0,8:27,EXT ML ( ON SW ),11,N,N,5.97,95.859,08:28,0.0,CMFL,1025,65000,E.R. WELD,24,1528.9,2123.5,1525.1,2118.2,0.671,1.14,1.0,1.2,2022,Metal Loss_45894.3,True,45894.344,45893.587,METAL_LOSS,False,8.45,4036,45880.83676299212
12720,25.4,0.344,2.526,22.877,45895.594,Metal Loss,External,11.0,0.038,26.0,GENE,20.0,,,,3.3,2.8,8:22,EXT ML ( ON SW ),11,N,N,5.97,96.231,08:28,0.628,CMFL,1025,65000,E.R. WELD,24,1506.2,2092.0,1498.2,2080.8,0.681,1.124,1.0,1.2,2022,Metal Loss_45895.6,True,45895.594,45894.837,METAL_LOSS,False,8.366666666666667,4037,45882.40467637794
12720,25.4,0.344,6.696,18.704,45899.767,Metal Loss,External,10.0,0.034,25.0,GENE,20.0,,,,5.3,2.4,8:43,EXT ML ( NEAR SW ),11,N,N,5.97,97.553,08:28,1.676,CMFL,1025,65000,E.R. WELD,24,1487.2,2065.5,1475.8,2049.7,0.689,1.109,1.0,1.2,2022,Metal Loss_45899.8,True,45899.767,45899.01,METAL_LOSS,False,8.716666666666667,4038,45887.638998425195
12720,25.4,0.344,8.757,16.644,45901.827,Metal Loss,External,11.0,0.038,26.0,GENE,20.0,,,,6.5,2.5,8:34,EXT ML ( ON SW ),11,N,N,5.97,98.206,08:28,0.628,CMFL,1025,65000,E.R. WELD,24,1471.0,2043.1,1456.7,2023.1,0.697,1.096,1.0,1.2,2022,Metal Loss_45901.8,True,45901.827,45901.07,METAL_LOSS,False,8.566666666666666,4039,45890.22291968503
12720,25.4,0.344,11.007,14.396,45904.075,Metal Loss,External,14.0,0.048,29.0,GENE,20.0,,,,20.0,4.3,8:33,EXT ML ( ON SW ),11,N,N,5.97,98.919,08:28,0.628,CMFL,1025,65000,E.R. WELD,24,1399.7,1944.0,1396.8,1940.0,0.732,1.042,1.0,1.2,2022,Metal Loss_45904.1,True,45904.075,45903.318,METAL_LOSS,False,8.55,4040,45893.0426551181
12720,25.4,0.344,13.182,12.218,45906.253,Metal Loss,External,12.0,0.041,27.0,GENE,20.0,,,,4.0,2.2,8:38,EXT ML ( ON SW ),11,N,N,5.97,99.609,08:28,1.047,CMFL,1025,65000,E.R. WELD,24,1493.3,2074.0,1482.8,2059.4,0.687,1.113,1.0,1.2,2022,Metal Loss_45906.3,True,45906.253,45905.496,METAL_LOSS,False,8.633333333333333,4041,45895.77458740157
12720,25.4,0.344,19.183,6.217,45912.254,Metal Loss,External,13.0,0.044,28.0,GENE,20.0,,,,4.3,2.3,8:34,EXT ML ( ON SW ),11,N,N,5.97,101.51,08:28,0.628,CMFL,1025,65000,E.R. WELD,24,1485.8,2063.6,1473.8,2047.0,0.69,1.106,1.0,1.2,2022,Metal Loss_45912.3,True,45912.254,45911.497,METAL_LOSS,False,8.566666666666666,4042,45903.30182598425
12720,25.4,0.344,19.843,5.561,45912.91,Metal Loss,External,13.0,0.044,28.0,AXGR,20.0,,,,3.0,1.0,8:37,EXT ML ( NEAR SW ),11,N,N,5.97,101.718,08:28,1.047,CMFL,1025,65000,E.R. WELD,24,1507.8,2094.2,1500.0,2083.3,0.68,1.123,1.0,1.2,2022,Metal Loss_45912.9,True,45912.91,45912.153000000006,METAL_LOSS,False,8.616666666666667,4043,45904.124666929136
12720,25.4,0.344,21.345,4.055,45914.416,Metal Loss,External,15.0,0.052,30.0,GENE,20.0,,,,3.3,4.1,8:29,EXT ML ( ON SW ),11,N,N,5.97,102.195,08:28,0.209,CMFL,1025,65000,E.R. WELD,24,1490.8,2070.6,1479.5,2054.8,0.688,1.111,1.0,1.2,2022,Metal Loss_45914.4,True,45914.416,45913.659,METAL_LOSS,False,8.483333333333333,4044,45906.013688976374
12720,25.4,0.344,24.455,0.945,45917.526,Metal Loss,External,19.0,0.065,34.0,GENE,20.0,,,,1.3,1.7,5:29,EXT ML,11,N,N,5.97,103.181,08:28,18.64,CMFL,1025,65000,E.R. WELD,24,1529.8,2124.7,1525.8,2119.2,0.67,1.14,1.0,1.2,2022,Metal Loss_45917.5,True,45917.526,45916.769,METAL_LOSS,False,5.483333333333333,4045,45909.914657480316
12720,25.4,0.344,24.619,0.781,45917.69,Metal Loss,External,16.0,0.055,31.0,GENE,20.0,,,,2.2,1.5,6:51,EXT ML,11,N,N,5.97,103.232,08:28,10.053,CMFL,1025,65000,E.R. WELD,24,1512.6,2100.9,1505.4,2090.8,0.678,1.128,1.0,1.2,2022,Metal Loss_45917.7,True,45917.69,45916.933000000005,METAL_LOSS,False,6.85,4046,45910.12036771654
12730,39.97,0.344,0.138,39.833,45918.609,Metal Loss,External,23.0,0.079,38.0,GENE,20.0,,,,5.9,4.4,5:42,EXT ML,2,N,N,5.97,103.524,03:04,15.917,CMFL,1025,65000,E.R. WELD,24,1392.3,1933.8,1428.8,1984.5,0.736,1.036,1.0,1.2,2022,Metal Loss_45918.6,True,45918.609,45917.852,METAL_LOSS,False,5.7,4048,45911.2379965475
12790,40.148,0.344,0.531,39.616,46130.03,Metal Loss,External,31.0,0.106,46.0,GENE,20.0,,,,8.4,7.4,7:14,EXT ML,2,N,N,5.97,162.316,10:24,19.687,CMFL,1025,65000,E.R. WELD,24,1275.0,1770.8,1336.3,1855.9,0.804,0.951,1.0,1.2,2022,Metal Loss_46130.0,True,46130.03,46129.273,METAL_LOSS,False,7.233333333333333,4059,46111.272424031085
12790,40.148,0.344,20.361,19.787,46149.859,Metal Loss,External,30.0,0.103,45.0,GENE,20.0,,,,2.1,1.5,4:52,EXT ML,2,N,N,5.97,164.57,10:24,34.767,CMFL,1025,65000,E.R. WELD,24,1481.1,2057.1,1465.2,2035.0,0.692,1.104,1.0,1.2,2022,Metal Loss_46149.9,True,46149.859,46149.102,METAL_LOSS,False,4.866666666666667,4061,46131.1172287536
12800,40.279,0.344,18.146,22.133,46187.792,Metal Loss,External,43.0,0.148,58.0,GENE,20.0,,,,13.4,3.6,5:02,EXT ML,46,N,N,5.97,166.152,11:52,31.835,CMFL,1025,65000,E.R. WELD,24,1092.7,1517.7,1133.0,1573.6,0.938,0.815,1.0,1.2,2022,Metal Loss_46187.8,True,46187.792,46187.035,METAL_LOSS,False,5.033333333333333,4063,46169.03040989101
12800,40.279,0.344,19.045,21.234,46188.691,Metal Loss,External,19.0,0.065,34.0,GENE,20.0,,,,1.6,1.3,3:55,EXT ML,46,N,N,5.97,166.113,11:52,25.552,CMFL,1025,65000,E.R. WELD,24,1523.1,2115.4,1517.7,2108.0,0.673,1.136,1.0,1.2,2022,Metal Loss_46188.7,True,46188.691,46187.934,METAL_LOSS,False,3.9166666666666665,4064,46169.92764666451
12800,40.279,0.344,19.57,20.709,46189.216,Metal Loss,External,33.0,0.113,48.0,GENE,20.0,,,,11.3,8.4,4:45,EXT ML,46,N,N,5.97,166.09,11:52,32.882,CMFL,1025,65000,E.R. WELD,24,1223.0,1698.7,1217.6,1691.1,0.838,0.912,1.0,1.2,2022,Metal Loss_46189.2,True,46189.216,46188.459,METAL_LOSS,False,4.75,4065,46170.45161697162
12800,40.279,0.344,20.308,19.97,46189.954,Metal Loss,External,18.0,0.062,33.0,GENE,20.0,,,,1.5,1.6,3:53,EXT ML,46,N,N,5.97,166.057,11:52,25.342,CMFL,1025,65000,E.R. WELD,24,1528.1,2122.3,1523.9,2116.5,0.671,1.139,1.0,1.2,2022,Metal Loss_46190.0,True,46189.954,46189.197,METAL_LOSS,False,3.8833333333333333,4066,46171.18816951761
12800,40.279,0.344,20.699,19.58,46190.344,Metal Loss,External,30.0,0.103,45.0,GENE,20.0,,,,9.0,4.3,5:06,EXT ML,46,N,N,5.97,166.04,11:52,31.835,CMFL,1025,65000,E.R. WELD,24,1280.1,1778.0,1328.3,1844.9,0.801,0.952,1.0,1.2,2022,Metal Loss_46190.3,True,46190.344,46189.587,METAL_LOSS,False,5.1,4067,46171.57740460289
12800,40.279,0.344,20.804,19.478,46190.446,Metal Loss,External,20.0,0.069,35.0,GENE,20.0,,,,6.3,2.2,3:51,EXT ML,46,N,N,5.97,166.036,11:52,25.342,CMFL,1025,65000,E.R. WELD,24,1405.0,1951.3,1440.4,2000.6,0.73,1.048,1.0,1.2,2022,Metal Loss_46190.4,True,46190.446,46189.689000000006,METAL_LOSS,False,3.85,4068,46171.67920454828
12800,40.279,0.344,21.647,18.632,46191.293,Metal Loss,External,49.0,0.169,64.0,GENE,15.0,,,,4.2,1.5,5:12,*EXT ML,46,Y,Y,5.97,165.999,11:52,33.51,CMFL,1025,65000,E.R. WELD,24,1237.8,1719.2,1242.3,1725.4,0.828,0.926,0.8,1.0,2022,Metal Loss_46191.3,True,46191.293,46190.536,METAL_LOSS,False,5.2,4069,46172.52454331041
12800,40.279,0.344,21.946,18.337,46191.588,Metal Loss,External,27.0,0.093,42.0,GENE,20.0,,,,2.1,1.7,3:51,EXT ML,46,N,N,5.97,165.986,11:52,25.133,CMFL,1025,65000,E.R. WELD,24,1487.0,2065.2,1472.9,2045.7,0.689,1.109,1.0,1.2,2022,Metal Loss_46191.6,True,46191.588,46190.831000000006,METAL_LOSS,False,3.85,4070,46172.818964721075
12800,40.279,0.344,22.316,17.963,46191.962,Metal Loss,External,15.0,0.052,30.0,GENE,20.0,,,,1.8,1.5,3:51,EXT ML,46,N,N,5.97,165.969,11:52,25.133,CMFL,1025,65000,E.R. WELD,24,1523.8,2116.4,1518.9,2109.5,0.673,1.136,1.0,1.2,2022,Metal Loss_46192.0,True,46191.962,46191.205,METAL_LOSS,False,3.85,4071,46173.192231187466
12800,40.279,0.344,22.743,17.536,46192.388,Metal Loss,External,59.0,0.203,74.0,GENE,15.0,,,,2.6,4.7,5:08,*EXT ML,46,Y,Y,5.97,165.95,11:52,31.835,CMFL,1025,65000,E.R. WELD,24,1311.5,1821.6,1330.9,1848.4,0.782,0.975,1.0,1.2,2022,Metal Loss_46192.4,True,46192.388,46191.631,METAL_LOSS,False,5.133333333333334,4072,46173.617395665235
12800,40.279,0.344,23.209,17.07,46192.854,Metal Loss,External,48.0,0.165,63.0,GENE,20.0,,,,10.4,3.3,4:49,*EXT ML,46,Y,Y,5.97,165.93,11:52,31.835,CMFL,1025,65000,E.R. WELD,24,1062.6,1475.9,1332.9,1851.3,0.965,0.794,1.0,1.2,2022,Metal Loss_46192.9,True,46192.854,46192.097,METAL_LOSS,False,4.816666666666666,4073,46174.08248169021
12800,40.279,0.344,23.507,16.772,46193.153,Metal Loss,External,23.0,0.079,38.0,GENE,20.0,,,,1.9,2.0,3:48,EXT ML,46,N,N,5.97,165.917,11:52,24.714,CMFL,1025,65000,E.R. WELD,24,1507.4,2093.6,1498.4,2081.1,0.68,1.124,1.0,1.2,2022,Metal Loss_46193.2,True,46193.153,46192.396,METAL_LOSS,False,3.8,4074,46174.38089525559
12800,40.279,0.344,23.914,16.368,46193.556,Metal Loss,External,19.0,0.065,34.0,GENE,20.0,,,,4.6,1.8,3:50,EXT ML,46,N,N,5.97,165.899,11:52,25.133,CMFL,1025,65000,E.R. WELD,24,1439.8,1999.8,1453.8,2019.1,0.712,1.075,1.0,1.2,2022,Metal Loss_46193.6,True,46193.556,46192.799,METAL_LOSS,False,3.8333333333333335,4075,46174.78310484371
12800,40.279,0.344,24.314,15.965,46193.96,Metal Loss,External,38.0,0.131,53.0,GENE,25.0,,,,3.8,1.7,4:53,EXT ML,46,N,N,5.97,165.881,11:52,31.625,CMFL,1025,65000,E.R. WELD,24,1349.0,1873.5,1352.7,1878.8,0.76,1.007,1.0,1.2,2022,Metal Loss_46194.0,True,46193.96,46193.203,METAL_LOSS,False,4.883333333333333,4076,46175.18631247052
12800,40.279,0.344,24.944,15.338,46194.587,Metal Loss,External,46.0,0.158,61.0,GENE,15.0,,,,1.2,1.7,4:55,*EXT ML,46,Y,Y,5.97,165.854,11:52,31.835,CMFL,1025,65000,E.R. WELD,24,1497.8,2080.3,1482.1,2058.5,0.684,1.116,0.8,1.0,2022,Metal Loss_46194.6,True,46194.587,46193.83,METAL_LOSS,False,4.916666666666667,4077,46175.81208272301
12800,40.279,0.344,25.295,14.984,46194.941,Metal Loss,External,35.0,0.12,50.0,GENE,20.0,,,,3.5,2.6,4:49,EXT ML,46,N,N,5.97,165.838,11:52,31.625,CMFL,1025,65000,E.R. WELD,24,1385.5,1924.3,1450.5,2014.6,0.74,1.032,1.0,1.2,2022,Metal Loss_46194.9,True,46194.941,46194.184,METAL_LOSS,False,4.816666666666666,4078,46176.1653884158
12800,40.279,0.344,25.568,14.711,46195.213,Metal Loss,External,21.0,0.072,36.0,GENE,20.0,,,,1.7,1.5,3:51,EXT ML,46,N,N,5.97,165.826,11:52,25.133,CMFL,1025,65000,E.R. WELD,24,1517.1,2107.2,1510.4,2097.8,0.676,1.131,1.0,1.2,2022,Metal Loss_46195.2,True,46195.213,46194.456000000006,METAL_LOSS,False,3.85,4079,46176.436854936816
12800,40.279,0.344,25.823,14.455,46195.469,Metal Loss,External,36.0,0.124,51.0,PITT,20.0,,,,0.9,1.5,4:53,EXT ML,46,N,N,5.97,165.815,11:52,31.625,CMFL,1025,65000,E.R. WELD,24,1529.2,2123.9,1524.1,2116.8,0.67,1.14,0.6,1.2,2022,Metal Loss_46195.5,True,46195.469,46194.712,METAL_LOSS,False,4.883333333333333,4080,46176.692352838945
12800,40.279,0.344,26.132,14.15,46195.774,Metal Loss,External,15.0,0.052,30.0,GENE,20.0,,,,1.9,2.2,3:50,EXT ML,46,N,N,5.97,165.802,11:52,24.923,CMFL,1025,65000,E.R. WELD,24,1522.0,2113.8,1516.7,2106.5,0.674,1.134,1.0,1.2,2022,Metal Loss_46195.8,True,46195.774,46195.017,METAL_LOSS,False,3.8333333333333335,4081,46176.996754636406
12800,40.279,0.344,26.132,14.147,46195.778,Metal Loss,External,31.0,0.106,46.0,GENE,20.0,,,,2.1,2.8,4:56,EXT ML,46,N,N,5.97,165.801,11:52,31.625,CMFL,1025,65000,E.R. WELD,24,1476.5,2050.8,1476.2,2050.3,0.694,1.1,1.0,1.2,2022,Metal Loss_46195.8,True,46195.778,46195.021,METAL_LOSS,False,4.933333333333334,4082,46177.00074679113
12800,40.279,0.344,26.526,13.757,46196.168,Metal Loss,External,15.0,0.052,30.0,GENE,20.0,,,,1.9,1.5,3:51,EXT ML,46,N,N,5.97,165.784,11:52,25.133,CMFL,1025,65000,E.R. WELD,24,1524.3,2117.1,1519.5,2110.4,0.673,1.136,1.0,1.2,2022,Metal Loss_46196.2,True,46196.168,46195.411,METAL_LOSS,False,3.85,4083,46177.38998187641
12800,40.279,0.344,26.608,13.675,46196.25,Metal Loss,External,22.0,0.076,37.0,GENE,20.0,,,,1.5,1.6,5:03,EXT ML,46,N,N,5.97,165.781,11:52,32.673,CMFL,1025,65000,E.R. WELD,24,1522.7,2114.9,1517.1,2107.1,0.673,1.135,1.0,1.2,2022,Metal Loss_46196.2,True,46196.25,46195.493,METAL_LOSS,False,5.05,4084,46177.47182104819
12800,40.279,0.344,26.939,13.34,46196.585,Metal Loss,External,13.0,0.044,28.0,GENE,20.0,,,,2.7,2.1,4:47,EXT ML,46,N,N,5.97,165.766,11:52,30.997,CMFL,1025,65000,E.R. WELD,24,1512.2,2100.2,1505.1,2090.5,0.678,1.127,1.0,1.2,2022,Metal Loss_46196.6,True,46196.585,46195.828,METAL_LOSS,False,4.783333333333333,4085,46177.806164006055
12800,40.279,0.344,27.408,12.871,46197.054,Metal Loss,External,31.0,0.106,46.0,PITT,20.0,,,,1.1,1.4,4:52,EXT ML,46,N,N,5.97,165.745,11:52,31.416,CMFL,1025,65000,E.R. WELD,24,1522.5,2114.6,1516.1,2105.6,0.673,1.135,0.6,1.2,2022,Metal Loss_46197.1,True,46197.054,46196.297,METAL_LOSS,False,4.866666666666667,4086,46178.27424414707
12800,40.279,0.344,27.589,12.69,46197.234,Metal Loss,External,20.0,0.069,35.0,GENE,20.0,,,,3.7,2.8,3:48,EXT ML,46,N,N,5.97,165.737,11:52,25.552,CMFL,1025,65000,E.R. WELD,24,1460.6,2028.7,1447.5,2010.4,0.702,1.087,1.0,1.2,2022,Metal Loss_46197.2,True,46197.234,46196.477,METAL_LOSS,False,3.8,4087,46178.45389110951
12800,40.279,0.344,28.12,12.159,46197.766,Metal Loss,External,16.0,0.055,31.0,GENE,20.0,,,,2.6,2.6,3:51,EXT ML,46,N,N,5.97,165.714,11:52,25.133,CMFL,1025,65000,E.R. WELD,24,1502.6,2086.9,1493.3,2074.1,0.682,1.12,1.0,1.2,2022,Metal Loss_46197.8,True,46197.766,46197.009000000005,METAL_LOSS,False,3.85,4088,46178.98484768738
12800,40.279,0.344,28.796,11.483,46198.442,Metal Loss,External,17.0,0.058,32.0,GENE,20.0,,,,1.9,2.2,3:54,EXT ML,46,N,N,5.97,165.684,11:52,25.342,CMFL,1025,65000,E.R. WELD,24,1519.0,2109.7,1513.0,2101.4,0.675,1.132,1.0,1.2,2022,Metal Loss_46198.4,True,46198.442,46197.685000000005,METAL_LOSS,False,3.9,4089,46179.6595218352
12800,40.279,0.344,29.003,11.28,46198.645,Metal Loss,External,38.0,0.131,53.0,GENE,20.0,,,,14.2,7.1,4:47,EXT ML,46,N,N,5.97,165.675,11:52,32.044,CMFL,1025,65000,E.R. WELD,24,1143.1,1587.6,1266.0,1758.3,0.897,0.854,1.0,1.2,2022,Metal Loss_46198.6,True,46198.645,46197.888,METAL_LOSS,False,4.783333333333333,4090,46179.86212368728
12800,40.279,0.344,30.315,9.964,46199.961,Metal Loss,External,21.0,0.072,36.0,GENE,20.0,,,,2.0,2.0,3:54,EXT ML,46,N,N,5.97,165.618,11:52,25.342,CMFL,1025,65000,E.R. WELD,24,1506.7,2092.6,1497.7,2080.1,0.68,1.123,1.0,1.2,2022,Metal Loss_46200.0,True,46199.961,46199.204000000005,METAL_LOSS,False,3.9,4091,46181.175542590434
12800,40.279,0.344,30.538,9.741,46200.184,Metal Loss,External,21.0,0.072,36.0,GENE,20.0,,,,3.7,2.4,4:49,EXT ML,46,N,N,5.97,165.608,11:52,30.997,CMFL,1025,65000,E.R. WELD,24,1453.7,2019.0,1460.1,2027.9,0.705,1.083,1.0,1.2,2022,Metal Loss_46200.2,True,46200.184,46199.427,METAL_LOSS,False,4.816666666666666,4092,46181.39810521612
12800,40.279,0.344,31.138,9.14,46200.784,Metal Loss,External,21.0,0.072,36.0,GENE,20.0,,,,7.6,4.0,5:05,EXT ML,46,N,N,5.97,165.581,11:52,31.835,CMFL,1025,65000,E.R. WELD,24,1380.2,1917.0,1416.4,1967.2,0.743,1.029,1.0,1.2,2022,Metal Loss_46200.8,True,46200.784,46200.027,METAL_LOSS,False,5.083333333333333,4093,46181.99692842424
12800,40.279,0.344,31.995,8.284,46201.64,Metal Loss,External,21.0,0.072,36.0,GENE,20.0,,,,1.3,1.8,4:55,EXT ML,46,N,N,5.97,165.544,11:52,31.835,CMFL,1025,65000,E.R. WELD,24,1528.9,2123.5,1524.7,2117.7,0.671,1.139,1.0,1.2,2022,Metal Loss_46201.6,True,46201.64,46200.883,METAL_LOSS,False,4.916666666666667,4094,46182.8512495345
12800,40.279,0.344,32.497,7.782,46202.142,Metal Loss,External,22.0,0.076,37.0,GENE,20.0,,,,9.5,2.9,5:13,EXT ML,46,N,N,5.97,165.522,11:52,33.301,CMFL,1025,65000,E.R. WELD,24,1347.4,1871.4,1407.7,1955.1,0.761,1.007,1.0,1.2,2022,Metal Loss_46202.1,True,46202.142,46201.385,METAL_LOSS,False,5.216666666666667,4095,46183.35226495196
12800,40.279,0.344,33.32,6.959,46202.966,Metal Loss,External,20.0,0.069,35.0,GENE,20.0,,,,6.0,3.6,7:51,EXT ML,46,N,N,5.97,165.486,11:52,24.086,CMFL,1025,65000,E.R. WELD,24,1412.4,1961.7,1440.0,2000.0,0.726,1.051,1.0,1.2,2022,Metal Loss_46203.0,True,46202.966,46202.209,METAL_LOSS,False,7.85,4096,46184.174648824446
12800,40.279,0.344,34.268,6.01,46203.914,Metal Loss,External,26.0,0.089,41.0,GENE,20.0,,,,2.5,2.3,5:13,EXT ML,46,N,N,5.97,165.444,11:52,33.72,CMFL,1025,65000,E.R. WELD,24,1474.1,2047.4,1457.5,2024.3,0.695,1.1,1.0,1.2,2022,Metal Loss_46203.9,True,46203.914,46203.157,METAL_LOSS,False,5.216666666666667,4099,46185.12078949328
12800,40.279,0.344,34.629,5.65,46204.275,Metal Loss,External,20.0,0.069,35.0,GENE,20.0,,,,1.3,1.3,6:41,EXT ML,46,N,N,5.97,165.428,11:52,32.463,CMFL,1025,65000,E.R. WELD,24,1529.5,2124.4,1525.5,2118.8,0.67,1.14,1.0,1.2,2022,Metal Loss_46204.3,True,46204.275,46203.518,METAL_LOSS,False,6.683333333333334,4100,46185.48108145684
12800,40.279,0.344,37.651,2.631,46207.293,Metal Loss,External,19.0,0.065,34.0,GENE,20.0,,,,2.9,2.9,5:16,EXT ML,46,N,N,5.97,165.295,11:52,33.929,CMFL,1025,65000,E.R. WELD,24,1486.6,2064.7,1473.8,2047.0,0.69,1.108,1.0,1.2,2022,Metal Loss_46207.3,True,46207.293,46206.536,METAL_LOSS,False,5.266666666666667,4103,46188.4931621937
12800,40.279,0.344,38.097,2.185,46207.74,Metal Loss,External,24.0,0.082,39.0,GENE,20.0,,,,4.9,5.4,4:49,EXT ML,46,N,N,5.97,165.276,11:52,32.044,CMFL,1025,65000,E.R. WELD,24,1406.0,1952.8,1415.2,1965.5,0.729,1.046,1.0,1.2,2022,Metal Loss_46207.7,True,46207.74,46206.983,METAL_LOSS,False,4.816666666666666,4104,46188.93928548375
12800,40.279,0.344,38.993,1.286,46208.638,Metal Loss,External,22.0,0.076,37.0,GENE,25.0,,,,8.1,7.0,4:50,EXT ML,46,N,N,5.97,165.236,11:52,30.997,CMFL,1025,65000,E.R. WELD,24,1368.5,1900.7,1409.7,1957.9,0.749,1.017,1.0,1.2,2022,Metal Loss_46208.6,True,46208.638,46207.881,METAL_LOSS,False,4.833333333333333,4105,46189.83552421857
12800,40.279,0.344,39.482,0.801,46209.124,Metal Loss,External,29.0,0.1,44.0,GENE,20.0,,,,1.7,2.0,6:41,EXT ML,46,N,N,5.97,165.215,11:52,32.463,CMFL,1025,65000,E.R. WELD,24,1502.7,2087.1,1491.9,2072.1,0.682,1.12,1.0,1.2,2022,Metal Loss_46209.1,True,46209.124,46208.367000000006,METAL_LOSS,False,6.683333333333334,4107,46190.32057101716
12800,40.279,0.344,40.164,0.115,46209.81,Metal Loss,External,49.0,0.169,64.0,GENE,20.0,,,,3.6,5.2,5:37,EXT ML ( ON GW ),46,N,N,5.97,165.185,11:52,37.071,CMFL,1025,65000,E.R. WELD,24,1288.1,1789.0,1411.0,1959.7,0.796,0.958,1.2,1.4,2022,Metal Loss_46209.8,True,46209.81,46209.053,METAL_LOSS,False,5.616666666666667,4108,46191.00522555177
12810,40.121,0.344,0.715,39.406,46210.64,Metal Loss,External,27.0,0.093,42.0,GENE,20.0,,,,1.3,1.7,5:21,EXT ML,1,N,N,5.97,165.148,01:48,22.41,CMFL,1025,65000,E.R. WELD,24,1522.9,2115.2,1517.0,2106.9,0.673,1.135,1.0,1.2,2022,Metal Loss_46210.6,True,46210.64,46209.883,METAL_LOSS,False,5.35,4110,46191.83605144438
12820,40.203,0.344,39.183,1.02,46289.229,Metal Loss,External,11.0,0.038,26.0,GENE,20.0,,,,3.7,1.7,4:49,EXT ML,4,N,N,5.97,156.487,11:48,31.625,CMFL,1025,65000,E.R. WELD,24,1501.1,2084.8,1492.1,2072.3,0.683,1.12,1.0,1.2,2022,Metal Loss_46289.2,True,46289.229,46288.472,METAL_LOSS,False,4.816666666666666,4113,46270.294896649495
12820,40.203,0.344,39.183,1.02,46289.229,Metal Loss,External,26.0,0.089,41.0,GENE,20.0,,,,5.2,4.2,6:34,EXT ML,4,N,N,5.97,156.487,11:48,32.882,CMFL,1025,65000,E.R. WELD,24,1384.7,1923.2,1350.9,1876.3,0.74,1.03,1.0,1.2,2022,Metal Loss_46289.2,True,46289.229,46288.472,METAL_LOSS,False,6.566666666666666,4114,46270.294896649495
12820,40.203,0.344,39.203,1.004,46289.245,Metal Loss,External,23.0,0.079,38.0,GENE,20.0,,,,3.5,5.6,2:36,EXT ML,4,N,N,5.97,156.485,11:48,15.917,CMFL,1025,65000,E.R. WELD,24,1446.1,2008.4,1425.9,1980.4,0.709,1.08,1.0,1.2,2022,Metal Loss_46289.2,True,46289.245,46288.488000000005,METAL_LOSS,False,2.6,4115,46270.31081983931
12830,40.167,0.344,15.512,24.656,46305.761,Metal Loss,External,13.0,0.044,28.0,GENE,20.0,,,,4.0,2.0,7:49,EXT ML ( ON SW ),14,N,N,5.97,154.982,07:56,0.628,CMFL,1025,65000,E.R. WELD,24,1485.8,2063.6,1473.7,2046.8,0.69,1.109,1.0,1.2,2022,Metal Loss_46305.8,True,46305.761,46305.004,METAL_LOSS,False,7.816666666666666,4119,46286.71850428201
12830,40.167,0.344,16.772,23.396,46307.021,Metal Loss,External,12.0,0.041,27.0,GENE,20.0,,,,4.7,2.8,6:38,EXT ML,14,N,N,5.97,154.875,07:56,7.54,CMFL,1025,65000,E.R. WELD,24,1483.3,2060.1,1474.9,2048.4,0.691,1.105,1.0,1.2,2022,Metal Loss_46307.0,True,46307.021,46306.264,METAL_LOSS,False,6.633333333333333,4120,46287.97009759012
12830,40.167,0.344,17.848,22.316,46308.1,Metal Loss,External,17.0,0.058,32.0,GENE,20.0,,,,3.2,3.3,6:39,EXT ML,14,N,N,5.97,154.784,07:56,7.33,CMFL,1025,65000,E.R. WELD,24,1484.3,2061.5,1479.0,2054.2,0.691,1.107,1.0,1.2,2022,Metal Loss_46308.1,True,46308.1,46307.343,METAL_LOSS,False,6.65,4121,46289.041898526186
12830,40.167,0.344,19.226,20.942,46309.475,Metal Loss,External,17.0,0.058,32.0,GENE,20.0,,,,3.1,2.2,6:25,EXT ML,14,N,N,5.97,154.668,07:56,9.215,CMFL,1025,65000,E.R. WELD,24,1486.5,2064.6,1494.0,2075.0,0.69,1.109,1.0,1.2,2022,Metal Loss_46309.5,True,46309.475,46308.718,METAL_LOSS,False,6.416666666666667,4122,46290.407724556855
12830,40.167,0.344,19.603,20.561,46309.856,Metal Loss,External,25.0,0.086,40.0,GENE,20.0,,,,5.9,4.1,6:16,EXT ML,14,N,N,5.97,154.636,07:56,12.147,CMFL,1025,65000,E.R. WELD,24,1368.9,1901.2,1473.3,2046.2,0.749,1.023,1.0,1.2,2022,Metal Loss_46309.9,True,46309.856,46309.099,METAL_LOSS,False,6.266666666666667,4123,46290.78618253335
12830,40.167,0.344,20.407,19.76,46310.656,Metal Loss,External,27.0,0.093,42.0,GENE,20.0,,,,6.5,3.7,6:23,EXT ML,14,N,N,5.97,154.569,07:56,9.006,CMFL,1025,65000,E.R. WELD,24,1343.2,1865.5,1395.1,1937.6,0.763,1.002,1.0,1.2,2022,Metal Loss_46310.7,True,46310.656,46309.899000000005,METAL_LOSS,False,6.383333333333334,4124,46291.580844951204
12830,40.167,0.344,20.62,19.547,46310.869,Metal Loss,External,16.0,0.055,31.0,GENE,20.0,,,,4.7,2.7,5:02,EXT ML,14,N,N,5.97,154.551,07:56,18.221,CMFL,1025,65000,E.R. WELD,24,1457.0,2023.6,1439.1,1998.8,0.704,1.088,1.0,1.2,2022,Metal Loss_46310.9,True,46310.869,46310.112,METAL_LOSS,False,5.033333333333333,4125,46291.79242381995
12830,40.167,0.344,21.178,18.986,46311.43,Metal Loss,External,22.0,0.076,37.0,GENE,20.0,,,,8.1,4.7,6:23,EXT ML,14,N,N,5.97,154.503,07:56,11.729,CMFL,1025,65000,E.R. WELD,24,1362.4,1892.2,1436.5,1995.1,0.752,1.017,1.0,1.2,2022,Metal Loss_46311.4,True,46311.43,46310.673,METAL_LOSS,False,6.383333333333334,4126,46292.34968084047
12830,40.167,0.344,21.85,18.317,46312.1,Metal Loss,External,14.0,0.048,29.0,AXGR,20.0,,,,2.0,0.7,4:59,EXT ML,14,N,N,5.97,154.447,07:56,18.431,CMFL,1025,65000,E.R. WELD,24,1523.3,2115.7,1518.3,2108.8,0.673,1.135,1.0,1.2,2022,Metal Loss_46312.1,True,46312.1,46311.343,METAL_LOSS,False,4.983333333333333,4127,46293.01521061541
12830,40.167,0.344,22.1,18.068,46312.349,Metal Loss,External,26.0,0.089,41.0,GENE,20.0,,,,18.8,11.7,6:26,EXT ML,14,N,N,5.97,154.426,07:56,14.451,CMFL,1025,65000,E.R. WELD,24,1269.4,1763.0,1339.7,1860.6,0.808,0.944,1.0,1.2,2022,Metal Loss_46312.3,True,46312.349,46311.592,METAL_LOSS,False,6.433333333333334,4128,46293.262549292966
12830,40.167,0.344,23.566,16.598,46313.819,Metal Loss,External,13.0,0.044,28.0,GENE,20.0,,,,1.5,1.5,4:45,EXT ML,14,N,N,5.97,154.302,07:56,19.897,CMFL,1025,65000,E.R. WELD,24,1534.6,2131.4,1532.0,2127.7,0.668,1.144,1.0,1.2,2022,Metal Loss_46313.8,True,46313.819,46313.062000000005,METAL_LOSS,False,4.75,4129,46294.72274148576
12830,40.167,0.344,23.914,16.25,46314.167,Metal Loss,External,27.0,0.093,42.0,GENE,20.0,,,,9.2,4.0,5:43,EXT ML,14,N,N,5.97,154.273,07:56,14.661,CMFL,1025,65000,E.R. WELD,24,1302.1,1808.5,1355.5,1882.6,0.787,0.973,1.0,1.2,2022,Metal Loss_46314.2,True,46314.167,46313.41,METAL_LOSS,False,5.716666666666667,4130,46295.06841963752
12830,40.167,0.344,24.35,15.817,46314.6,Metal Loss,External,20.0,0.069,35.0,GENE,20.0,,,,3.0,1.5,4:45,EXT ML,14,N,N,5.97,154.236,07:56,19.897,CMFL,1025,65000,E.R. WELD,24,1479.2,2054.4,1467.6,2038.3,0.693,1.102,1.0,1.2,2022,Metal Loss_46314.6,True,46314.6,46313.843,METAL_LOSS,False,4.75,4131,46295.498530671175
12830,40.167,0.344,24.859,15.308,46315.108,Metal Loss,External,15.0,0.052,30.0,GENE,20.0,,,,6.5,3.7,5:38,EXT ML,14,N,N,5.97,154.193,07:56,14.451,CMFL,1025,65000,E.R. WELD,24,1442.9,2004.0,1432.7,1989.9,0.71,1.074,1.0,1.2,2022,Metal Loss_46315.1,True,46315.108,46314.351,METAL_LOSS,False,5.633333333333333,4132,46296.00314130651
12840,40.364,0.344,2.1,38.264,46332.516,Metal Loss,External,30.0,0.103,45.0,GENE,20.0,,,,4.6,1.9,5:20,EXT ML,36,N,N,5.97,152.724,10:08,30.159,CMFL,1025,65000,E.R. WELD,24,1367.0,1898.6,1327.7,1844.0,0.75,1.02,1.0,1.2,2022,Metal Loss_46332.5,True,46332.516,46331.759000000005,METAL_LOSS,False,5.333333333333333,4134,46313.2926714399
12840,40.364,0.344,9.928,30.436,46340.344,Metal Loss,External,13.0,0.044,28.0,AXGR,20.0,,,,2.9,0.7,8:50,EXT ML,36,N,N,5.97,152.361,10:08,8.168,CMFL,1025,65000,E.R. WELD,24,1509.1,2096.0,1501.5,2085.5,0.679,1.124,1.0,1.2,2022,Metal Loss_46340.3,True,46340.344,46339.587,METAL_LOSS,False,8.833333333333334,4135,46321.0597757903
12840,40.364,0.344,13.428,26.936,46343.845,Metal Loss,External,13.0,0.044,28.0,PITT,20.0,,,,0.9,0.7,4:34,EXT ML,36,N,N,5.97,152.205,10:08,34.976,CMFL,1025,65000,E.R. WELD,24,1541.7,2141.2,1540.4,2139.4,0.665,1.149,0.6,1.2,2022,Metal Loss_46343.8,True,46343.845,46343.088,METAL_LOSS,False,4.566666666666666,4136,46324.53354077891
12840,40.364,0.344,13.661,26.703,46344.078,Metal Loss,External,35.0,0.12,50.0,GENE,20.0,,,,29.6,13.9,4:57,EXT ML,36,N,N,5.97,152.195,10:08,36.024,CMFL,1025,65000,E.R. WELD,24,1135.5,1577.1,1217.9,1691.6,0.903,0.848,1.0,1.2,2022,Metal Loss_46344.1,True,46344.078,46343.321,METAL_LOSS,False,4.95,4137,46324.76472822317
12840,40.364,0.344,16.007,24.357,46346.424,Metal Loss,External,14.0,0.048,29.0,AXGR,20.0,,,,2.1,1.0,4:20,EXT ML,36,N,N,5.97,152.091,10:08,36.442,CMFL,1025,65000,E.R. WELD,24,1519.8,2110.8,1514.1,2103.0,0.675,1.133,1.0,1.2,2022,Metal Loss_46346.4,True,46346.424,46345.667,METAL_LOSS,False,4.333333333333333,4138,46327.09247819839
12840,40.364,0.344,16.463,23.901,46346.88,Metal Loss,External,20.0,0.069,35.0,PITT,20.0,,,,1.1,1.2,4:55,EXT ML,36,N,N,5.97,152.071,10:08,32.673,CMFL,1025,65000,E.R. WELD,24,1534.6,2131.3,1531.6,2127.3,0.668,1.144,0.6,1.2,2022,Metal Loss_46346.9,True,46346.88,46346.123,METAL_LOSS,False,4.916666666666667,4139,46327.544930879
12840,40.364,0.344,16.696,23.668,46347.113,Metal Loss,External,30.0,0.103,45.0,GENE,20.0,,,,10.4,3.7,5:43,EXT ML,36,N,N,5.97,152.06,10:08,27.646,CMFL,1025,65000,E.R. WELD,24,1258.0,1747.2,1299.8,1805.3,0.815,0.941,1.0,1.2,2022,Metal Loss_46347.1,True,46347.113,46346.356,METAL_LOSS,False,5.716666666666667,4140,46327.77611832326
12840,40.364,0.344,18.625,21.739,46349.042,Metal Loss,External,15.0,0.052,30.0,GENE,20.0,,,,10.7,3.2,5:23,EXT ML,36,N,N,5.97,151.975,10:08,30.788,CMFL,1025,65000,E.R. WELD,24,1408.5,1956.3,1425.7,1980.1,0.728,1.051,1.0,1.2,2022,Metal Loss_46349.0,True,46349.042,46348.285,METAL_LOSS,False,5.383333333333334,4141,46329.690112228716
12840,40.364,0.344,22.08,18.284,46352.497,Metal Loss,External,16.0,0.055,31.0,GENE,20.0,,,,16.5,5.1,8:56,EXT ML,36,N,N,5.97,151.821,10:08,8.378,CMFL,1025,65000,E.R. WELD,24,1377.3,1913.0,1388.7,1928.7,0.744,1.03,1.0,1.2,2022,Metal Loss_46352.5,True,46352.497,46351.740000000005,METAL_LOSS,False,8.933333333333334,4143,46333.118235060945
12840,40.364,0.344,23.376,16.985,46353.796,Metal Loss,External,17.0,0.058,32.0,GENE,20.0,,,,10.1,2.8,5:21,EXT ML,36,N,N,5.97,151.764,10:08,30.159,CMFL,1025,65000,E.R. WELD,24,1397.6,1941.1,1371.3,1904.6,0.734,1.04,1.0,1.2,2022,Metal Loss_46353.8,True,46353.796,46353.039,METAL_LOSS,False,5.35,4144,46334.4071298682
12840,40.364,0.344,23.865,16.499,46354.281,Metal Loss,External,16.0,0.055,31.0,PITT,20.0,,,,1.7,1.1,4:22,EXT ML,36,N,N,5.97,151.742,10:08,36.233,CMFL,1025,65000,E.R. WELD,24,1526.5,2120.2,1522.1,2114.1,0.672,1.138,0.6,1.2,2022,Metal Loss_46354.3,True,46354.281,46353.524000000005,METAL_LOSS,False,4.366666666666666,4145,46334.88835695174
12840,40.364,0.344,24.36,16.004,46354.777,Metal Loss,External,23.0,0.079,38.0,GENE,20.0,,,,12.0,2.4,4:17,EXT ML,36,N,N,5.97,151.72,10:08,36.652,CMFL,1025,65000,E.R. WELD,24,1326.6,1842.5,1361.4,1890.8,0.773,0.986,1.0,1.2,2022,Metal Loss_46354.8,True,46354.777,46354.02,METAL_LOSS,False,4.283333333333333,4147,46335.38049846398
12840,40.364,0.344,24.629,15.735,46355.046,Metal Loss,External,20.0,0.069,35.0,GENE,25.0,,,,6.3,3.4,9:11,EXT ML,36,N,N,5.97,151.708,10:08,5.864,CMFL,1025,65000,E.R. WELD,24,1402.6,1948.1,1421.9,1974.8,0.731,1.048,1.0,1.2,2022,Metal Loss_46355.0,True,46355.046,46354.289,METAL_LOSS,False,9.183333333333334,4148,46335.647405856704
12840,40.364,0.344,24.774,15.591,46355.19,Metal Loss,External,14.0,0.048,29.0,PITT,20.0,,,,1.4,1.0,5:17,EXT ML,36,N,N,5.97,151.702,10:08,30.369,CMFL,1025,65000,E.R. WELD,24,1533.4,2129.8,1530.5,2125.7,0.669,1.143,0.6,1.2,2022,Metal Loss_46355.2,True,46355.19,46354.433000000005,METAL_LOSS,False,5.283333333333333,4149,46335.79028565058
12840,40.364,0.344,25.335,15.03,46355.751,Metal Loss,External,30.0,0.103,45.0,GENE,20.0,,,,24.1,6.5,9:07,EXT ML,36,N,N,5.97,151.677,10:08,5.445,CMFL,1025,65000,E.R. WELD,24,1212.2,1683.7,1348.5,1872.9,0.846,0.901,1.0,1.2,2022,Metal Loss_46355.8,True,46355.751,46354.994,METAL_LOSS,False,9.116666666666667,4150,46336.34692151422
12840,40.364,0.344,25.817,14.547,46356.234,Metal Loss,External,17.0,0.058,32.0,GENE,20.0,,,,14.5,4.3,5:30,EXT ML,36,N,N,5.97,151.656,10:08,27.646,CMFL,1025,65000,E.R. WELD,24,1380.9,1917.9,1399.3,1943.5,0.742,1.026,1.0,1.2,2022,Metal Loss_46356.2,True,46356.234,46355.477,METAL_LOSS,False,5.5,4151,46336.82616415618
12840,40.364,0.344,25.85,14.514,46356.266,Metal Loss,External,24.0,0.082,39.0,GENE,20.0,,,,3.9,1.5,4:18,EXT ML,36,N,N,5.97,151.654,10:08,36.652,CMFL,1025,65000,E.R. WELD,24,1428.5,1984.1,1403.3,1949.0,0.718,1.066,1.0,1.2,2022,Metal Loss_46356.3,True,46356.266,46355.509000000005,METAL_LOSS,False,4.3,4152,46336.85791522149
12840,40.364,0.344,27.188,13.176,46357.605,Metal Loss,External,11.0,0.038,26.0,GENE,20.0,,,,3.5,1.8,4:17,EXT ML,36,N,N,5.97,151.595,10:08,36.652,CMFL,1025,65000,E.R. WELD,24,1505.9,2091.6,1497.9,2080.4,0.681,1.121,1.0,1.2,2022,Metal Loss_46357.6,True,46357.605,46356.848000000005,METAL_LOSS,False,4.283333333333333,4153,46338.18649886037
12840,40.364,0.344,27.726,12.638,46358.143,Metal Loss,External,36.0,0.124,51.0,GENE,20.0,,,,20.4,4.2,9:15,EXT ML,36,N,N,5.97,151.571,10:08,4.817,CMFL,1025,65000,E.R. WELD,24,1144.7,1589.9,1283.6,1782.7,0.896,0.854,1.0,1.2,2022,Metal Loss_46358.1,True,46358.143,46357.386,METAL_LOSS,False,9.25,4154,46338.72031364582
12840,40.364,0.344,27.93,12.434,46358.346,Metal Loss,External,11.0,0.038,26.0,GENE,20.0,,,,2.0,2.4,4:21,EXT ML,36,N,N,5.97,151.562,10:08,36.233,CMFL,1025,65000,E.R. WELD,24,1528.3,2122.7,1524.5,2117.3,0.671,1.139,1.0,1.2,2022,Metal Loss_46358.3,True,46358.346,46357.589,METAL_LOSS,False,4.35,4155,46338.921734466356
12840,40.364,0.344,28.648,11.716,46359.065,Metal Loss,External,11.0,0.038,26.0,AXGR,20.0,,,,2.9,0.9,4:32,EXT ML,36,N,N,5.97,151.53,10:08,35.186,CMFL,1025,65000,E.R. WELD,24,1514.7,2103.8,1508.3,2094.9,0.677,1.129,1.0,1.2,2022,Metal Loss_46359.1,True,46359.065,46358.308000000005,METAL_LOSS,False,4.533333333333333,4156,46339.635141214945
12840,40.364,0.344,29.514,10.85,46359.931,Metal Loss,External,16.0,0.055,31.0,PITT,20.0,,,,1.5,1.1,4:29,EXT ML,36,N,N,5.97,151.492,10:08,35.395,CMFL,1025,65000,E.R. WELD,24,1528.5,2123.0,1524.5,2117.4,0.671,1.14,0.6,1.2,2022,Metal Loss_46359.9,True,46359.931,46359.174,METAL_LOSS,False,4.483333333333333,4157,46340.49440441978
12840,40.364,0.344,29.626,10.738,46360.043,Metal Loss,External,15.0,0.052,30.0,PITT,20.0,,,,0.9,0.7,9:23,EXT ML,36,N,N,5.97,151.487,10:08,4.608,CMFL,1025,65000,E.R. WELD,24,1541.1,2140.4,1539.7,2138.5,0.665,1.149,0.6,1.2,2022,Metal Loss_46360.0,True,46360.043,46359.286,METAL_LOSS,False,9.383333333333333,4158,46340.605533148344
12840,40.364,0.344,29.987,10.377,46360.404,Metal Loss,External,16.0,0.055,31.0,GENE,20.0,,,,2.2,2.2,9:13,EXT ML,36,N,N,5.97,151.471,10:08,5.864,CMFL,1025,65000,E.R. WELD,24,1512.5,2100.7,1505.2,2090.5,0.678,1.128,1.0,1.2,2022,Metal Loss_46360.4,True,46360.404,46359.647,METAL_LOSS,False,9.216666666666667,4159,46340.963724853835
12840,40.364,0.344,30.033,10.331,46360.449,Metal Loss,External,14.0,0.048,29.0,GENE,20.0,,,,1.7,1.6,4:28,EXT ML,36,N,N,5.97,151.469,10:08,35.605,CMFL,1025,65000,E.R. WELD,24,1528.8,2123.4,1524.9,2118.0,0.671,1.14,1.0,1.2,2022,Metal Loss_46360.4,True,46360.449,46359.692,METAL_LOSS,False,4.466666666666667,4160,46341.00837478942
12840,40.364,0.344,31.115,9.249,46361.532,Metal Loss,External,18.0,0.062,33.0,GENE,20.0,,,,7.0,1.6,9:18,EXT ML,36,N,N,5.97,151.421,10:08,5.655,CMFL,1025,65000,E.R. WELD,24,1416.1,1966.8,1471.2,2043.3,0.724,1.053,1.0,1.2,2022,Metal Loss_46361.5,True,46361.532,46360.775,METAL_LOSS,False,9.3,4161,46342.08294990585
12840,40.364,0.344,32.106,8.258,46362.523,Metal Loss,External,13.0,0.044,28.0,AXGR,20.0,,,,2.5,0.9,9:05,EXT ML,36,N,N,5.97,151.377,10:08,6.493,CMFL,1025,65000,E.R. WELD,24,1514.6,2103.6,1508.0,2094.4,0.677,1.129,1.0,1.2,2022,Metal Loss_46362.5,True,46362.523,46361.766,METAL_LOSS,False,9.083333333333334,4162,46343.066240709544
12840,40.364,0.344,32.628,7.736,46363.045,Metal Loss,External,34.0,0.117,49.0,GENE,20.0,,,,10.5,4.4,9:04,EXT ML,36,N,N,5.97,151.354,10:08,5.236,CMFL,1025,65000,E.R. WELD,24,1216.5,1689.5,1209.3,1679.6,0.843,0.909,1.0,1.2,2022,Metal Loss_46363.0,True,46363.045,46362.288,METAL_LOSS,False,9.066666666666666,4163,46343.58417996234
12840,40.364,0.344,34.925,5.44,46365.341,Metal Loss,External,15.0,0.052,30.0,GENE,20.0,,,,7.8,4.3,9:06,EXT ML,36,N,N,5.97,151.252,10:08,7.33,CMFL,1025,65000,E.R. WELD,24,1425.2,1979.5,1413.0,1962.4,0.719,1.065,1.0,1.2,2022,Metal Loss_46365.3,True,46365.341,46364.584,METAL_LOSS,False,9.1,4164,46345.86231889803
12840,40.364,0.344,39.203,1.161,46369.619,Metal Loss,External,21.0,0.072,36.0,GENE,20.0,,,,9.3,3.4,3:42,EXT ML,36,N,N,5.97,151.062,10:08,36.024,CMFL,1025,65000,E.R. WELD,24,1365.8,1897.0,1379.9,1916.5,0.751,1.015,1.0,1.2,2022,Metal Loss_46369.6,True,46369.619,46368.862,METAL_LOSS,False,3.7,4166,46350.107039441085
12840,40.364,0.344,39.216,1.148,46369.633,Metal Loss,External,20.0,0.069,35.0,GENE,20.0,,,,6.4,11.3,6:47,EXT ML,36,N,N,5.97,151.061,10:08,16.336,CMFL,1025,65000,E.R. WELD,24,1400.9,1945.7,1428.1,1983.4,0.732,1.046,1.0,1.2,2022,Metal Loss_46369.6,True,46369.633,46368.876,METAL_LOSS,False,6.783333333333333,4167,46350.12093053216
12840,40.364,0.344,39.321,1.043,46369.738,Metal Loss,External,20.0,0.069,35.0,AXGR,20.0,,,,2.9,0.8,1:02,EXT ML,36,N,N,5.97,151.057,10:08,18.221,CMFL,1025,65000,E.R. WELD,24,1482.8,2059.4,1501.1,2084.8,0.691,1.104,1.0,1.2,2022,Metal Loss_46369.7,True,46369.738,46368.981,METAL_LOSS,False,1.0333333333333334,4168,46350.22511371519
12840,40.364,0.344,39.396,0.968,46369.813,Metal Loss,External,23.0,0.079,38.0,GENE,20.0,,,,1.6,1.2,8:21,EXT ML,36,N,N,5.97,151.053,10:08,11.1,CMFL,1025,65000,E.R. WELD,24,1517.2,2107.2,1515.3,2104.6,0.676,1.131,0.6,1.2,2022,Metal Loss_46369.8,True,46369.813,46369.056,METAL_LOSS,False,8.35,4169,46350.299530274504
12840,40.364,0.344,39.449,0.915,46369.865,Metal Loss,External,26.0,0.089,41.0,GENE,20.0,,,,1.4,1.9,9:02,EXT ML,36,N,N,5.97,151.051,10:08,6.912,CMFL,1025,65000,E.R. WELD,24,1520.4,2111.6,1514.0,2102.7,0.674,1.133,1.0,1.2,2022,Metal Loss_46369.9,True,46369.865,46369.108,METAL_LOSS,False,9.033333333333333,4170,46350.351125755624
12850,40.18,0.344,0.696,39.485,46371.476,Metal Loss,External,12.0,0.041,27.0,GENE,20.0,,,,2.7,1.9,2:02,EXT ML,42,N,N,5.97,150.98,11:44,14.451,CMFL,1025,65000,E.R. WELD,24,1514.7,2103.8,1508.2,2094.7,0.677,1.129,1.0,1.2,2022,Metal Loss_46371.5,True,46371.476,46370.719000000005,METAL_LOSS,False,2.033333333333333,4172,46351.95292434047
12850,40.18,0.344,0.755,39.426,46371.535,Metal Loss,External,22.0,0.076,37.0,GENE,20.0,,,,1.5,2.5,7:38,EXT ML,42,N,N,5.97,150.977,11:44,25.761,CMFL,1025,65000,E.R. WELD,24,1520.1,2111.3,1514.0,2102.7,0.674,1.133,1.0,1.2,2022,Metal Loss_46371.5,True,46371.535,46370.778000000006,METAL_LOSS,False,7.633333333333333,4173,46352.0117481334
12850,40.18,0.344,0.823,39.357,46371.604,Metal Loss,External,18.0,0.062,33.0,GENE,20.0,,,,2.0,2.1,3:12,EXT ML,42,N,N,5.97,150.974,11:44,21.782,CMFL,1025,65000,E.R. WELD,24,1514.2,2103.1,1507.1,2093.2,0.677,1.129,1.0,1.2,2022,Metal Loss_46371.6,True,46371.604,46370.847,METAL_LOSS,False,3.2,4174,46352.08054206073
12850,40.18,0.344,0.873,39.308,46371.654,Metal Loss,External,18.0,0.062,33.0,GENE,20.0,,,,1.3,1.6,09:00,EXT ML,42,N,N,5.97,150.972,11:44,17.174,CMFL,1025,65000,E.R. WELD,24,1532.9,2129.1,1529.7,2124.6,0.669,1.142,1.0,1.2,2022,Metal Loss_46371.7,True,46371.654,46370.897,METAL_LOSS,False,9.0,4176,46352.1303927327
12850,40.18,0.344,0.876,39.304,46371.657,Metal Loss,External,21.0,0.072,36.0,GENE,20.0,,,,2.0,1.3,3:45,EXT ML,42,N,N,5.97,150.972,11:44,25.342,CMFL,1025,65000,E.R. WELD,24,1507.3,2093.5,1498.5,2081.3,0.68,1.124,1.0,1.2,2022,Metal Loss_46371.7,True,46371.657,46370.9,METAL_LOSS,False,3.75,4177,46352.13338377302
12850,40.18,0.344,1.099,39.081,46371.88,Metal Loss,External,14.0,0.048,29.0,GENE,20.0,,,,4.0,4.6,5:12,EXT ML,42,N,N,5.97,150.962,11:44,33.301,CMFL,1025,65000,E.R. WELD,24,1484.2,2061.4,1471.8,2044.1,0.691,1.105,1.0,1.2,2022,Metal Loss_46371.9,True,46371.88,46371.123,METAL_LOSS,False,5.2,4178,46352.355717770035
12850,40.18,0.344,8.691,31.49,46379.472,Metal Loss,External,25.0,0.086,40.0,GENE,20.0,,,,1.6,1.4,6:22,EXT ML,42,N,N,5.97,150.619,11:44,33.72,CMFL,1025,65000,E.R. WELD,24,1514.6,2103.7,1507.0,2093.1,0.677,1.129,1.0,1.2,2022,Metal Loss_46379.5,True,46379.472,46378.715,METAL_LOSS,False,6.366666666666666,4181,46359.92504380289
12850,40.18,0.344,9.193,30.988,46379.974,Metal Loss,External,24.0,0.082,39.0,GENE,20.0,,,,2.3,1.7,6:35,EXT ML,42,N,N,5.97,150.596,11:44,32.254,CMFL,1025,65000,E.R. WELD,24,1487.7,2066.2,1474.3,2047.6,0.689,1.109,1.0,1.2,2022,Metal Loss_46380.0,True,46379.974,46379.217,METAL_LOSS,False,6.583333333333333,4182,46360.42554454953
12850,40.18,0.344,9.639,30.541,46380.42,Metal Loss,External,27.0,0.093,42.0,GENE,20.0,,,,2.2,1.5,6:23,EXT ML,42,N,N,5.97,150.576,11:44,33.51,CMFL,1025,65000,E.R. WELD,24,1484.4,2061.7,1469.7,2041.3,0.691,1.107,1.0,1.2,2022,Metal Loss_46380.4,True,46380.42,46379.663,METAL_LOSS,False,6.383333333333334,4183,46360.87021254355
12850,40.18,0.344,10.21,29.97,46380.991,Metal Loss,External,28.0,0.096,43.0,GENE,20.0,,,,2.4,1.3,6:52,EXT ML,42,N,N,5.97,150.55,11:44,30.578,CMFL,1025,65000,E.R. WELD,24,1470.9,2042.9,1453.1,2018.2,0.697,1.097,1.0,1.2,2022,Metal Loss_46381.0,True,46380.991,46380.234,METAL_LOSS,False,6.866666666666667,4184,46361.439507217525
12850,40.18,0.344,11.276,28.904,46382.057,Metal Loss,External,27.0,0.093,42.0,GENE,20.0,,,,2.0,1.6,6:33,EXT ML,42,N,N,5.97,150.502,11:44,32.463,CMFL,1025,65000,E.R. WELD,24,1490.6,2070.3,1477.4,2051.9,0.688,1.111,1.0,1.2,2022,Metal Loss_46382.1,True,46382.057,46381.3,METAL_LOSS,False,6.55,4185,46362.50232354405
12850,40.18,0.344,11.749,28.432,46382.53,Metal Loss,External,18.0,0.062,33.0,PITT,20.0,,,,1.5,1.0,6:24,EXT ML,42,N,N,5.97,150.481,11:44,33.51,CMFL,1025,65000,E.R. WELD,24,1528.4,2122.7,1524.2,2117.0,0.671,1.139,0.6,1.2,2022,Metal Loss_46382.5,True,46382.53,46381.773,METAL_LOSS,False,6.4,4186,46362.973910900946
12850,40.18,0.344,12.247,27.933,46383.028,Metal Loss,External,20.0,0.069,35.0,GENE,20.0,,,,1.5,1.6,6:30,EXT ML,42,N,N,5.97,150.458,11:44,32.882,CMFL,1025,65000,E.R. WELD,24,1523.9,2116.5,1518.7,2109.2,0.673,1.136,1.0,1.2,2022,Metal Loss_46383.0,True,46383.028,46382.271,METAL_LOSS,False,6.5,4187,46363.470423593826
12850,40.18,0.344,14.308,25.873,46385.089,Metal Loss,External,12.0,0.041,27.0,GENE,20.0,,,,3.5,2.1,5:19,EXT ML,42,N,N,5.97,150.365,11:44,35.186,CMFL,1025,65000,E.R. WELD,24,1502.0,2086.1,1493.1,2073.8,0.683,1.118,1.0,1.2,2022,Metal Loss_46385.1,True,46385.089,46384.332,METAL_LOSS,False,5.316666666666666,4188,46365.52526829268
12850,40.18,0.344,14.688,25.492,46385.469,Metal Loss,External,13.0,0.044,28.0,GENE,20.0,,,,21.5,6.1,6:52,EXT ML,42,N,N,5.97,150.348,11:44,31.206,CMFL,1025,65000,E.R. WELD,24,1410.5,1959.1,1424.1,1978.0,0.727,1.049,1.0,1.2,2022,Metal Loss_46385.5,True,46385.469,46384.712,METAL_LOSS,False,6.866666666666667,4189,46365.904133399694
12850,40.18,0.344,14.931,25.249,46385.712,Metal Loss,External,12.0,0.041,27.0,GENE,20.0,,,,3.3,1.6,4:56,EXT ML,42,N,N,5.97,150.337,11:44,32.673,CMFL,1025,65000,E.R. WELD,24,1503.6,2088.4,1495.0,2076.4,0.682,1.121,1.0,1.2,2022,Metal Loss_46385.7,True,46385.712,46384.955,METAL_LOSS,False,4.933333333333334,4190,46366.1464076655
12850,40.18,0.344,16.106,24.075,46386.886,Metal Loss,External,15.0,0.052,30.0,GENE,20.0,,,,2.9,4.0,5:14,EXT ML,42,N,N,5.97,150.283,11:44,33.091,CMFL,1025,65000,E.R. WELD,24,1501.1,2084.8,1502.3,2086.6,0.683,1.119,1.0,1.2,2022,Metal Loss_46386.9,True,46386.886,46386.129,METAL_LOSS,False,5.233333333333333,4191,46367.316901443504
12850,40.18,0.344,16.703,23.478,46387.484,Metal Loss,External,13.0,0.044,28.0,GENE,20.0,,,,2.0,1.9,05:00,EXT ML,42,N,N,5.97,150.256,11:44,33.091,CMFL,1025,65000,E.R. WELD,24,1524.8,2117.7,1520.1,2111.3,0.672,1.136,1.0,1.2,2022,Metal Loss_46387.5,True,46387.484,46386.727,METAL_LOSS,False,5.0,4192,46367.91311548033
12850,40.18,0.344,17.208,22.972,46387.989,Metal Loss,External,14.0,0.048,29.0,AXGR,20.0,,,,1.6,0.7,3:46,EXT ML,42,N,N,5.97,150.233,11:44,25.342,CMFL,1025,65000,E.R. WELD,24,1530.5,2125.7,1527.0,2120.8,0.67,1.141,1.0,1.2,2022,Metal Loss_46388.0,True,46387.989,46387.232,METAL_LOSS,False,3.7666666666666666,4193,46368.416607267296
12850,40.18,0.344,17.257,22.927,46388.035,Metal Loss,External,17.0,0.058,32.0,GENE,20.0,,,,1.3,1.4,4:55,EXT ML,42,N,N,5.97,150.231,11:44,32.673,CMFL,1025,65000,E.R. WELD,24,1533.8,2130.3,1530.8,2126.1,0.668,1.143,1.0,1.2,2022,Metal Loss_46388.0,True,46388.035,46387.278000000006,METAL_LOSS,False,4.916666666666667,4194,46368.46246988552
12850,40.18,0.344,17.772,22.408,46388.553,Metal Loss,External,15.0,0.052,30.0,PITT,20.0,,,,1.2,0.9,5:02,EXT ML,42,N,N,5.97,150.208,11:44,33.301,CMFL,1025,65000,E.R. WELD,24,1535.9,2133.2,1533.4,2129.8,0.667,1.145,0.6,1.2,2022,Metal Loss_46388.6,True,46388.553,46387.796,METAL_LOSS,False,5.033333333333333,4195,46368.978922847185
12850,40.18,0.344,19.091,21.089,46389.872,Metal Loss,External,26.0,0.089,41.0,GENE,20.0,,,,13.7,7.3,5:48,EXT ML,42,N,N,5.97,150.148,11:44,35.186,CMFL,1025,65000,E.R. WELD,24,1282.8,1781.6,1283.8,1783.1,0.799,0.956,1.0,1.2,2022,Metal Loss_46389.9,True,46389.872,46389.115000000005,METAL_LOSS,False,5.8,4196,46370.293983573916
12850,40.18,0.344,20.489,19.692,46391.27,Metal Loss,External,28.0,0.096,43.0,GENE,20.0,,,,14.7,5.2,5:40,EXT ML,42,N,N,5.97,150.085,11:44,37.28,CMFL,1025,65000,E.R. WELD,24,1261.9,1752.6,1377.5,1913.2,0.812,0.937,1.0,1.2,2022,Metal Loss_46391.3,True,46391.27,46390.513,METAL_LOSS,False,5.666666666666667,4197,46371.68780836237
12850,40.18,0.344,20.545,19.636,46391.325,Metal Loss,External,33.0,0.113,48.0,GENE,20.0,,,,30.0,20.7,7:46,EXT ML,42,N,N,5.97,150.082,11:44,25.342,CMFL,1025,65000,E.R. WELD,24,1157.0,1606.9,1297.8,1802.5,0.886,0.866,1.0,1.2,2022,Metal Loss_46391.3,True,46391.325,46390.568,METAL_LOSS,False,7.766666666666667,4198,46371.74264410154
12850,40.18,0.344,21.299,18.881,46392.08,Metal Loss,External,11.0,0.038,26.0,GENE,20.0,,,,3.1,2.4,11:48,EXT ML ( ON SW ),42,N,N,5.97,150.048,11:44,0.419,CMFL,1025,65000,E.R. WELD,24,1509.6,2096.7,1502.2,2086.5,0.679,1.126,1.0,1.2,2022,Metal Loss_46392.1,True,46392.08,46391.323,METAL_LOSS,False,11.8,4199,46372.49538924838
12850,40.18,0.344,21.522,18.658,46392.303,Metal Loss,External,24.0,0.082,39.0,GENE,20.0,,,,1.5,1.3,9:13,EXT ML,42,N,N,5.97,150.038,11:44,15.708,CMFL,1025,65000,E.R. WELD,24,1518.0,2108.3,1511.2,2098.8,0.675,1.132,1.0,1.2,2022,Metal Loss_46392.3,True,46392.303,46391.546,METAL_LOSS,False,9.216666666666667,4200,46372.71772324539
12850,40.18,0.344,22.26,17.92,46393.041,Metal Loss,External,12.0,0.041,27.0,GENE,20.0,,,,2.9,2.5,11:51,EXT ML ( ON SW ),42,N,N,5.97,150.005,11:44,0.838,CMFL,1025,65000,E.R. WELD,24,1510.5,2097.9,1503.2,2087.7,0.679,1.126,1.0,1.2,2022,Metal Loss_46393.0,True,46393.041,46392.284,METAL_LOSS,False,11.85,4201,46373.453519163755
12850,40.18,0.344,23.012,17.169,46393.793,Metal Loss,External,30.0,0.103,45.0,GENE,20.0,,,,15.1,14.5,6:33,EXT ML,42,N,N,5.97,149.971,11:44,36.442,CMFL,1025,65000,E.R. WELD,24,1235.7,1716.3,1309.4,1818.6,0.83,0.919,1.0,1.2,2022,Metal Loss_46393.8,True,46393.793,46393.036,METAL_LOSS,False,6.55,4203,46374.20327327028
12850,40.18,0.344,24.406,15.774,46395.187,Metal Loss,External,18.0,0.062,33.0,GENE,20.0,,,,2.6,2.0,6:19,EXT ML,42,N,N,5.97,149.907,11:44,33.929,CMFL,1025,65000,E.R. WELD,24,1497.0,2079.2,1486.5,2064.5,0.685,1.116,1.0,1.2,2022,Metal Loss_46395.2,True,46395.187,46394.43,METAL_LOSS,False,6.316666666666666,4204,46375.59311000497
12850,40.18,0.344,25.013,15.167,46395.794,Metal Loss,External,13.0,0.044,28.0,GENE,20.0,,,,1.7,1.7,6:15,EXT ML,42,N,N,5.97,149.88,11:44,34.348,CMFL,1025,65000,E.R. WELD,24,1529.5,2124.3,1525.7,2119.1,0.67,1.141,1.0,1.2,2022,Metal Loss_46395.8,True,46395.794,46395.037,METAL_LOSS,False,6.25,4205,46376.198297162766
12850,40.18,0.344,25.928,14.252,46396.709,Metal Loss,External,13.0,0.044,28.0,GENE,20.0,,,,2.1,1.9,6:11,EXT ML,42,N,N,5.97,149.839,11:44,34.767,CMFL,1025,65000,E.R. WELD,24,1523.1,2115.4,1518.1,2108.5,0.673,1.135,1.0,1.2,2022,Metal Loss_46396.7,True,46396.709,46395.952000000005,METAL_LOSS,False,6.183333333333334,4206,46377.11056445993
12850,40.18,0.344,25.971,14.209,46396.752,Metal Loss,External,19.0,0.065,34.0,GENE,20.0,,,,1.6,1.9,5:40,EXT ML,42,N,N,5.97,149.837,11:44,37.28,CMFL,1025,65000,E.R. WELD,24,1523.9,2116.5,1518.7,2109.4,0.673,1.136,1.0,1.2,2022,Metal Loss_46396.8,True,46396.752,46395.995,METAL_LOSS,False,5.666666666666667,4207,46377.15343603783
12850,40.18,0.344,26.411,13.77,46397.192,Metal Loss,External,16.0,0.055,31.0,GENE,20.0,,,,2.3,1.5,6:24,EXT ML,42,N,N,5.97,149.817,11:44,33.51,CMFL,1025,65000,E.R. WELD,24,1512.0,2100.0,1504.6,2089.8,0.678,1.127,1.0,1.2,2022,Metal Loss_46397.2,True,46397.192,46396.435000000005,METAL_LOSS,False,6.4,4208,46377.59212195122
12850,40.18,0.344,27.041,13.14,46397.822,Metal Loss,External,17.0,0.058,32.0,GENE,20.0,,,,1.9,2.2,6:15,EXT ML,42,N,N,5.97,149.788,11:44,34.348,CMFL,1025,65000,E.R. WELD,24,1519.6,2110.5,1513.7,2102.3,0.675,1.132,1.0,1.2,2022,Metal Loss_46397.8,True,46397.822,46397.065,METAL_LOSS,False,6.25,4209,46378.220240418115
12850,40.18,0.344,27.946,12.234,46398.727,Metal Loss,External,15.0,0.052,30.0,GENE,20.0,,,,2.4,2.1,6:18,EXT ML,42,N,N,5.97,149.747,11:44,34.139,CMFL,1025,65000,E.R. WELD,24,1512.6,2100.9,1505.5,2091.0,0.678,1.127,1.0,1.2,2022,Metal Loss_46398.7,True,46398.727,46397.97,METAL_LOSS,False,6.3,4210,46379.12253758088
12850,40.18,0.344,28.802,11.378,46399.583,Metal Loss,External,20.0,0.069,35.0,GENE,20.0,,,,2.4,1.6,6:24,EXT ML,42,N,N,5.97,149.708,11:44,33.51,CMFL,1025,65000,E.R. WELD,24,1497.6,2080.0,1486.9,2065.1,0.685,1.117,1.0,1.2,2022,Metal Loss_46399.6,True,46399.583,46398.826,METAL_LOSS,False,6.4,4211,46379.97598108511
12850,40.18,0.344,29.324,10.856,46400.105,Metal Loss,External,23.0,0.079,38.0,GENE,20.0,,,,1.4,1.8,6:17,EXT ML,42,N,N,5.97,149.685,11:44,34.139,CMFL,1025,65000,E.R. WELD,24,1524.0,2116.6,1518.5,2109.1,0.673,1.136,1.0,1.2,2022,Metal Loss_46400.1,True,46400.105,46399.348000000005,METAL_LOSS,False,6.283333333333333,4212,46380.49642210055
12850,40.18,0.344,29.78,10.4,46400.561,Metal Loss,External,23.0,0.079,38.0,GENE,20.0,,,,2.0,2.2,6:17,EXT ML,42,N,N,5.97,149.664,11:44,34.139,CMFL,1025,65000,E.R. WELD,24,1500.7,2084.3,1490.3,2069.8,0.683,1.119,1.0,1.2,2022,Metal Loss_46400.6,True,46400.561,46399.804,METAL_LOSS,False,6.283333333333333,4213,46380.95106022897
12850,40.18,0.344,31.306,8.875,46402.087,Metal Loss,External,25.0,0.086,40.0,GENE,20.0,,,,2.1,2.4,5:53,EXT ML,42,N,N,5.97,149.595,11:44,36.652,CMFL,1025,65000,E.R. WELD,24,1491.6,2071.6,1478.8,2053.9,0.687,1.113,1.0,1.2,2022,Metal Loss_46402.1,True,46402.087,46401.33,METAL_LOSS,False,5.883333333333333,4214,46382.47250273768
12850,40.18,0.344,31.772,8.409,46402.552,Metal Loss,External,18.0,0.062,33.0,GENE,20.0,,,,1.7,1.5,6:25,EXT ML,42,N,N,5.97,149.574,11:44,33.301,CMFL,1025,65000,E.R. WELD,24,1522.2,2114.2,1516.8,2106.6,0.673,1.135,1.0,1.2,2022,Metal Loss_46402.6,True,46402.552,46401.795000000006,METAL_LOSS,False,6.416666666666667,4215,46382.93611398706
12850,40.18,0.344,38.238,1.942,46409.019,Metal Loss,External,12.0,0.041,27.0,GENE,15.0,,,,9.0,2.4,11:39,*EXT ML ( ON SW ),42,Y,Y,5.97,149.281,11:44,0.419,CMFL,1025,65000,E.R. WELD,24,1445.9,2008.3,1427.1,1982.0,0.709,1.078,0.8,1.0,2022,Metal Loss_46409.0,True,46409.019,46408.262,METAL_LOSS,False,11.65,4216,46389.383799900446
12870,39.918,0.344,0.715,39.203,46451.857,Metal Loss,External,20.0,0.069,35.0,GENE,20.0,,,,3.0,2.6,3:38,EXT ML,8,N,N,5.97,147.322,10:12,33.72,CMFL,1025,65000,E.R. WELD,24,1481.3,2057.3,1469.2,2040.6,0.692,1.103,1.0,1.2,2022,Metal Loss_46451.9,True,46451.857,46451.100000000006,METAL_LOSS,False,3.6333333333333333,4223,46431.7154601934
12870,39.918,0.344,0.781,39.137,46451.923,Metal Loss,External,21.0,0.072,36.0,GENE,20.0,,,,3.3,2.0,7:23,EXT ML,8,N,N,5.97,147.319,10:12,17.383,CMFL,1025,65000,E.R. WELD,24,1467.4,2038.1,1451.5,2016.0,0.699,1.093,1.0,1.2,2022,Metal Loss_46451.9,True,46451.923,46451.166000000005,METAL_LOSS,False,7.383333333333334,4224,46431.75104113433
12870,39.918,0.344,0.801,39.117,46451.942,Metal Loss,External,54.0,0.185,69.0,CIGR,20.0,,,,0.9,2.2,9:26,*EXT ML,8,Y,Y,5.97,147.318,10:12,4.817,CMFL,1025,65000,E.R. WELD,24,1512.7,2101.0,1499.5,2082.7,0.678,1.128,0.8,1.0,2022,Metal Loss_46451.9,True,46451.942,46451.185000000005,METAL_LOSS,False,9.433333333333334,4225,46431.76128413247
12870,39.918,0.344,34.741,5.177,46485.883,Metal Loss,External,14.0,0.048,29.0,PITT,20.0,,,,1.3,1.1,4:41,EXT ML,8,N,N,5.97,145.932,10:12,34.558,CMFL,1025,65000,E.R. WELD,24,1535.4,2132.6,1532.9,2129.0,0.668,1.145,0.6,1.2,2022,Metal Loss_46485.9,True,46485.883,46485.126,METAL_LOSS,False,4.683333333333334,4226,46450.05905255774
12870,39.918,0.344,34.764,5.154,46485.906,Metal Loss,External,14.0,0.048,29.0,GENE,20.0,,,,9.3,5.4,6:16,EXT ML,8,N,N,5.97,145.931,10:12,24.714,CMFL,1025,65000,E.R. WELD,24,1428.8,1984.5,1452.6,2017.5,0.717,1.064,1.0,1.2,2022,Metal Loss_46485.9,True,46485.906,46485.149000000005,METAL_LOSS,False,6.266666666666667,4227,46450.07145197655
12870,39.918,0.344,35.135,4.787,46486.273,Metal Loss,External,14.0,0.048,29.0,GENE,20.0,,,,1.3,1.2,4:36,EXT ML,8,N,N,5.97,145.916,10:12,35.186,CMFL,1025,65000,E.R. WELD,24,1535.9,2133.2,1533.4,2129.8,0.667,1.145,1.0,1.2,2022,Metal Loss_46486.3,True,46486.273,46485.516,METAL_LOSS,False,4.6,4228,46450.26930357232
12870,39.918,0.344,36.165,3.753,46487.306,Metal Loss,External,14.0,0.048,29.0,GENE,20.0,,,,1.5,1.3,6:02,EXT ML,8,N,N,5.97,145.874,10:12,26.18,CMFL,1025,65000,E.R. WELD,24,1532.6,2128.7,1529.5,2124.4,0.669,1.142,1.0,1.2,2022,Metal Loss_46487.3,True,46487.306,46486.549,METAL_LOSS,False,6.033333333333333,4229,46450.82619920838
12880,40.243,0.344,1.864,38.379,46492.923,Metal Loss,External,13.0,0.044,28.0,GENE,20.0,,,,17.7,2.2,8:48,EXT ML ( ON SW ),16,N,N,5.97,145.646,08:48,0.0,CMFL,1025,65000,E.R. WELD,24,1414.9,1965.1,1401.7,1946.8,0.725,1.052,1.0,1.2,2022,Metal Loss_46492.9,True,46492.923,46492.166000000005,METAL_LOSS,False,8.8,4231,46454.70225957955
12880,40.243,0.344,1.877,38.366,46492.936,Metal Loss,External,14.0,0.048,29.0,GENE,20.0,,,,1.5,1.8,4:24,EXT ML,16,N,N,5.97,145.645,08:48,27.646,CMFL,1025,65000,E.R. WELD,24,1531.3,2126.9,1528.0,2122.2,0.669,1.142,1.0,1.2,2022,Metal Loss_46492.9,True,46492.936,46492.179,METAL_LOSS,False,4.4,4232,46454.71518463297
12880,40.243,0.344,9.593,30.65,46500.653,Metal Loss,External,13.0,0.044,28.0,GENE,20.0,,,,9.7,2.2,8:52,EXT ML ( ON SW ),16,N,N,5.97,145.451,08:48,0.419,CMFL,1025,65000,E.R. WELD,24,1437.2,1996.1,1416.7,1967.6,0.713,1.069,1.0,1.2,2022,Metal Loss_46500.7,True,46500.653,46499.896,METAL_LOSS,False,8.866666666666667,4233,46462.38769519408
12880,40.243,0.344,28.609,11.634,46519.669,Metal Loss,External,20.0,0.069,35.0,GENE,20.0,,,,20.4,4.2,7:50,EXT ML,16,N,N,5.97,144.997,08:48,5.236,CMFL,1025,65000,E.R. WELD,24,1332.8,1851.1,1398.3,1942.1,0.769,0.992,1.0,1.2,2022,Metal Loss_46519.7,True,46519.669,46518.912,METAL_LOSS,False,7.833333333333333,4234,46481.2940656528
12880,40.243,0.344,28.629,11.614,46519.688,Metal Loss,External,19.0,0.065,34.0,GENE,20.0,,,,7.6,2.6,3:44,EXT ML,16,N,N,5.97,144.996,08:48,32.463,CMFL,1025,65000,E.R. WELD,24,1400.8,1945.6,1407.7,1955.2,0.732,1.041,1.0,1.2,2022,Metal Loss_46519.7,True,46519.688,46518.931,METAL_LOSS,False,3.7333333333333334,4235,46481.3129561155
12880,40.243,0.344,30.358,9.885,46521.417,Metal Loss,External,27.0,0.093,42.0,GENE,20.0,,,,19.0,5.2,3:43,EXT ML,16,N,N,5.97,144.955,08:48,32.673,CMFL,1025,65000,E.R. WELD,24,1251.2,1737.8,1253.8,1741.3,0.819,0.935,1.0,1.2,2022,Metal Loss_46521.4,True,46521.417,46520.66,METAL_LOSS,False,3.716666666666667,4236,46483.031988221264
12880,40.243,0.344,31.25,8.993,46522.31,Metal Loss,External,15.0,0.052,30.0,GENE,20.0,,,,1.9,1.3,7:33,EXT ML,16,N,N,5.97,144.934,08:48,7.749,CMFL,1025,65000,E.R. WELD,24,1523.4,2115.8,1518.4,2108.9,0.673,1.136,1.0,1.2,2022,Metal Loss_46522.3,True,46522.31,46521.553,METAL_LOSS,False,7.55,4237,46483.91983996819
12880,40.243,0.344,31.713,8.53,46522.772,Metal Loss,External,15.0,0.052,30.0,PITT,20.0,,,,1.7,1.0,7:36,EXT ML,16,N,N,5.97,144.923,08:48,7.54,CMFL,1025,65000,E.R. WELD,24,1527.6,2121.6,1523.4,2115.8,0.671,1.138,0.6,1.2,2022,Metal Loss_46522.8,True,46522.772,46522.015,METAL_LOSS,False,7.6,4238,46484.379176482274
12880,40.243,0.344,31.988,8.255,46523.048,Metal Loss,External,15.0,0.052,30.0,GENE,20.0,,,,2.4,2.2,4:57,EXT ML,16,N,N,5.97,144.916,08:48,24.086,CMFL,1025,65000,E.R. WELD,24,1510.3,2097.6,1502.6,2087.0,0.679,1.126,1.0,1.2,2022,Metal Loss_46523.0,True,46523.048,46522.291000000005,METAL_LOSS,False,4.95,4239,46484.65358530888
12880,40.243,0.344,39.199,1.043,46530.259,Metal Loss,External,21.0,0.072,36.0,GENE,20.0,,,,4.3,2.6,2:46,EXT ML,16,N,N,5.97,144.744,08:48,37.49,CMFL,1025,65000,E.R. WELD,24,1441.5,2002.1,1419.8,1972.0,0.711,1.073,1.0,1.2,2022,Metal Loss_46530.3,True,46530.259,46529.502,METAL_LOSS,False,2.7666666666666666,4241,46491.82301302122
12880,40.243,0.344,39.275,0.968,46530.335,Metal Loss,External,37.0,0.127,52.0,GENE,20.0,,,,15.9,9.5,4:43,EXT ML ( ON GW ),16,N,N,5.97,144.743,08:48,22.201,CMFL,1025,65000,E.R. WELD,24,1147.6,1593.9,1313.8,1824.8,0.893,0.856,1.0,1.2,2022,Metal Loss_46530.3,True,46530.335,46529.578,METAL_LOSS,False,4.716666666666667,4242,46491.89857487202
12880,40.243,0.344,39.334,0.909,46530.394,Metal Loss,External,29.0,0.1,44.0,GENE,20.0,,,,1.5,1.9,8:15,EXT ML,16,N,N,5.97,144.741,08:48,3.351,CMFL,1025,65000,E.R. WELD,24,1508.6,2095.3,1499.1,2082.1,0.68,1.125,1.0,1.2,2022,Metal Loss_46530.4,True,46530.394,46529.637,METAL_LOSS,False,8.25,4243,46491.95723472988
12880,40.243,0.344,39.337,0.906,46530.397,Metal Loss,External,22.0,0.076,37.0,GENE,20.0,,,,2.8,3.5,12:36,EXT ML,16,N,N,5.97,144.741,08:48,23.876,CMFL,1025,65000,E.R. WELD,24,1478.6,2053.6,1463.8,2033.0,0.693,1.101,1.0,1.2,2022,Metal Loss_46530.4,True,46530.397,46529.64,METAL_LOSS,False,12.6,4244,46491.96021743451
12880,40.243,0.344,39.344,0.899,46530.404,Metal Loss,External,12.0,0.041,27.0,GENE,20.0,,,,5.2,1.7,7:17,EXT ML,16,N,N,5.97,144.741,08:48,9.425,CMFL,1025,65000,E.R. WELD,24,1480.2,2055.9,1467.4,2038.1,0.693,1.101,1.0,1.2,2022,Metal Loss_46530.4,True,46530.404,46529.647,METAL_LOSS,False,7.283333333333333,4245,46491.96717707867
12880,40.243,0.344,39.38,0.863,46530.44,Metal Loss,External,14.0,0.048,29.0,GENE,20.0,,,,2.5,2.7,6:20,EXT ML,16,N,N,5.97,144.74,08:48,15.499,CMFL,1025,65000,E.R. WELD,24,1512.1,2100.1,1505.0,2090.3,0.678,1.127,1.0,1.2,2022,Metal Loss_46530.4,True,46530.44,46529.683000000005,METAL_LOSS,False,6.333333333333333,4246,46492.00296953432
12880,40.243,0.344,39.409,0.833,46530.469,Metal Loss,External,39.0,0.134,54.0,GENE,20.0,,,,2.6,1.7,3:43,EXT ML,16,N,N,5.97,144.739,08:48,31.835,CMFL,1025,65000,E.R. WELD,24,1418.5,1970.2,1385.2,1923.9,0.723,1.056,1.0,1.2,2022,Metal Loss_46530.5,True,46530.469,46529.712,METAL_LOSS,False,3.716666666666667,4247,46492.0318023458
12890,40.135,0.344,0.61,39.524,46531.913,Metal Loss,External,20.0,0.069,35.0,GENE,20.0,,,,4.4,7.1,5:04,EXT ML,12,N,N,5.97,144.705,02:28,19.268,CMFL,1025,65000,E.R. WELD,24,1444.9,2006.8,1462.1,2030.7,0.709,1.075,1.0,1.2,2022,Metal Loss_46531.9,True,46531.913,46531.156,METAL_LOSS,False,5.066666666666666,4250,46493.30803114489
12890,40.135,0.344,0.732,39.403,46532.034,Metal Loss,External,17.0,0.058,32.0,GENE,20.0,,,,3.5,5.2,10:59,EXT ML,12,N,N,5.97,144.702,02:28,20.944,CMFL,1025,65000,E.R. WELD,24,1478.0,2052.7,1471.7,2044.1,0.694,1.103,1.0,1.2,2022,Metal Loss_46532.0,True,46532.034,46531.277,METAL_LOSS,False,10.983333333333333,4251,46493.396757443625
12890,40.135,0.344,0.866,39.268,46532.169,Metal Loss,External,10.0,0.034,25.0,GENE,20.0,,,,3.2,2.0,6:36,EXT ML,12,N,N,5.97,144.699,02:28,25.97,CMFL,1025,65000,E.R. WELD,24,1511.5,2099.3,1504.5,2089.6,0.678,1.127,1.0,1.2,2022,Metal Loss_46532.2,True,46532.169,46531.412,METAL_LOSS,False,6.6,4252,46493.49574959512
12890,40.135,0.344,0.906,39.229,46532.208,Metal Loss,External,18.0,0.062,33.0,PITT,20.0,,,,1.3,0.7,3:43,EXT ML,12,N,N,5.97,144.698,02:28,7.959,CMFL,1025,65000,E.R. WELD,24,1532.7,2128.7,1529.4,2124.2,0.669,1.142,0.6,1.2,2022,Metal Loss_46532.2,True,46532.208,46531.451,METAL_LOSS,False,3.716666666666667,4253,46493.524347327766
12890,40.135,0.344,2.064,38.071,46533.366,Metal Loss,External,14.0,0.048,29.0,GENE,20.0,,,,1.5,3.3,12:04,EXT ML,12,N,N,5.97,144.67,02:28,15.08,CMFL,1025,65000,E.R. WELD,24,1532.2,2128.0,1529.0,2123.6,0.669,1.142,1.0,1.2,2022,Metal Loss_46533.4,True,46533.366,46532.609,METAL_LOSS,False,12.066666666666666,4254,46494.373480004986
12890,40.135,0.344,7.851,32.283,46539.154,Metal Loss,External,16.0,0.055,31.0,PITT,20.0,,,,1.5,1.1,5:57,EXT ML,12,N,N,5.97,144.692,02:28,21.991,CMFL,1025,65000,E.R. WELD,24,1530.8,2126.1,1527.2,2121.1,0.67,1.141,0.6,1.2,2022,Metal Loss_46539.2,True,46539.154,46538.397,METAL_LOSS,False,5.95,4255,46498.617676840666
12890,40.135,0.344,7.913,32.221,46539.216,Metal Loss,External,22.0,0.076,37.0,GENE,20.0,,,,1.3,1.9,5:17,EXT ML,12,N,N,5.97,144.692,02:28,17.802,CMFL,1025,65000,E.R. WELD,24,1528.4,2122.8,1524.0,2116.7,0.671,1.139,1.0,1.2,2022,Metal Loss_46539.2,True,46539.216,46538.459,METAL_LOSS,False,5.283333333333333,4256,46498.66313990283
12890,40.135,0.344,8.878,31.257,46540.18,Metal Loss,External,20.0,0.069,35.0,GENE,20.0,,,,4.8,4.6,5:47,EXT ML,12,N,N,5.97,144.698,02:28,19.687,CMFL,1025,65000,E.R. WELD,24,1433.3,1990.6,1452.7,2017.7,0.715,1.068,1.0,1.2,2022,Metal Loss_46540.2,True,46540.18,46539.423,METAL_LOSS,False,5.783333333333333,4257,46499.37001719198
12890,40.135,0.344,20.351,19.783,46551.654,Metal Loss,External,10.0,0.034,25.0,GENE,20.0,,,,4.2,2.8,1:09,EXT ML,12,N,N,5.97,144.767,02:28,8.168,CMFL,1025,65000,E.R. WELD,24,1499.7,2083.0,1490.6,2070.3,0.684,1.118,1.0,1.2,2022,Metal Loss_46551.7,True,46551.654,46550.897,METAL_LOSS,False,1.15,4258,46507.78361679333
12890,40.135,0.344,24.052,16.083,46555.354,Metal Loss,External,19.0,0.065,34.0,GENE,20.0,,,,1.9,2.8,5:56,EXT ML,12,N,N,5.97,144.789,02:28,21.782,CMFL,1025,65000,E.R. WELD,24,1513.9,2102.6,1506.6,2092.6,0.677,1.128,1.0,1.2,2022,Metal Loss_46555.4,True,46555.354,46554.597,METAL_LOSS,False,5.933333333333334,4259,46510.49673501931
12890,40.135,0.344,24.383,15.751,46555.686,Metal Loss,External,22.0,0.076,37.0,GENE,20.0,,,,11.3,2.6,4:24,EXT ML,12,N,N,5.97,144.791,02:28,12.357,CMFL,1025,65000,E.R. WELD,24,1337.2,1857.2,1344.0,1866.7,0.767,0.997,1.0,1.2,2022,Metal Loss_46555.7,True,46555.686,46554.929,METAL_LOSS,False,4.4,4260,46510.740182384456
12890,40.135,0.344,25.948,14.183,46557.254,Metal Loss,External,20.0,0.069,35.0,GENE,20.0,,,,17.8,6.9,7:37,EXT ML,12,N,N,5.97,144.8,02:28,32.254,CMFL,1025,65000,E.R. WELD,24,1339.2,1860.0,1338.9,1859.6,0.765,0.995,1.0,1.2,2022,Metal Loss_46557.3,True,46557.254,46556.497,METAL_LOSS,False,7.616666666666667,4261,46511.88995789212
12900,40.18,0.344,39.219,0.961,46610.656,Metal Loss,External,27.0,0.093,42.0,GENE,20.0,,,,6.1,5.9,8:04,EXT ML,1,N,N,5.97,145.979,04:20,21.153,CMFL,1025,65000,E.R. WELD,24,1355.3,1882.4,1369.3,1901.8,0.756,1.008,1.0,1.2,2022,Metal Loss_46610.7,True,46610.656,46609.899000000005,METAL_LOSS,False,8.066666666666666,4263,46561.30402264809
12910,21.473,0.344,0.856,20.614,46612.477,Metal Loss,External,16.0,0.055,31.0,GENE,20.0,,,,1.3,1.6,7:56,EXT ML,1,N,N,5.97,146.032,09:40,10.891,CMFL,1025,65000,E.R. WELD,24,1533.5,2129.8,1530.5,2125.7,0.669,1.143,1.0,1.2,2022,Metal Loss_46612.5,True,46612.477,46611.72,METAL_LOSS,False,7.933333333333334,4265,46563.127449008105
12940,40.21,0.344,20.226,19.98,46722.923,Metal Loss,External,15.0,0.052,30.0,GENE,20.0,,,,8.0,2.5,1:58,EXT ML ( ON SW ),3,N,N,5.97,149.424,01:56,0.419,CMFL,1025,65000,E.R. WELD,24,1424.4,1978.3,1429.5,1985.4,0.72,1.064,1.0,1.2,2022,Metal Loss_46722.9,True,46722.923,46722.166000000005,METAL_LOSS,False,1.9666666666666668,4269,46676.951686522254
12940,40.21,0.344,22.53,17.68,46725.223,Metal Loss,External,11.0,0.038,26.0,GENE,20.0,,,,4.0,2.1,1:59,EXT ML ( ON SW ),3,N,N,5.97,149.43,01:56,0.419,CMFL,1025,65000,E.R. WELD,24,1496.4,2078.4,1486.6,2064.7,0.685,1.116,1.0,1.2,2022,Metal Loss_46725.2,True,46725.223,46724.466,METAL_LOSS,False,1.9833333333333334,4270,46679.2364130624
12940,40.21,0.344,25.584,14.626,46728.278,Metal Loss,External,12.0,0.041,27.0,GENE,20.0,,,,14.5,3.8,2:07,EXT ML ( ON SW ),3,N,N,5.97,149.437,01:56,1.047,CMFL,1025,65000,E.R. WELD,24,1427.5,1982.6,1425.5,1979.8,0.718,1.064,1.0,1.2,2022,Metal Loss_46728.3,True,46728.278,46727.521,METAL_LOSS,False,2.1166666666666667,4271,46682.27112592335
12970,33.005,0.344,23.068,9.941,46827.923,Metal Loss,External,22.0,0.076,37.0,GENE,20.0,,,,12.2,5.8,5:17,EXT ML,1,N,N,5.97,137.773,01:32,22.829,CMFL,1025,65000,E.R. WELD,24,1337.7,1857.9,1329.9,1847.1,0.766,0.994,1.0,1.2,2022,Metal Loss_46827.9,True,46827.923,46827.166000000005,METAL_LOSS,False,5.283333333333333,4277,46791.44815240116
12980,40.194,0.344,4.833,35.358,46842.697,Metal Loss,External,15.0,0.052,30.0,GENE,20.0,,,,1.5,2.2,11:54,EXT ML,7,N,N,5.97,134.6,02:20,15.289,CMFL,1025,65000,E.R. WELD,24,1531.0,2126.4,1527.6,2121.6,0.67,1.141,1.0,1.2,2022,Metal Loss_46842.7,True,46842.697,46841.94,METAL_LOSS,False,11.9,4279,46808.31337969644
12980,40.194,0.344,4.99,35.2,46842.854,Metal Loss,External,20.0,0.069,35.0,GENE,20.0,,,,5.9,3.7,1:05,EXT ML,7,N,N,5.97,134.568,02:20,7.749,CMFL,1025,65000,E.R. WELD,24,1412.8,1962.2,1399.1,1943.2,0.726,1.052,1.0,1.2,2022,Metal Loss_46842.9,True,46842.854,46842.097,METAL_LOSS,False,1.0833333333333333,4280,46808.47006718089
12980,40.194,0.344,7.051,33.14,46844.915,Metal Loss,External,15.0,0.052,30.0,GENE,20.0,,,,3.9,2.7,2:36,EXT ML ( NEAR SW ),7,N,N,5.97,134.145,02:20,1.676,CMFL,1025,65000,E.R. WELD,24,1480.4,2056.1,1467.1,2037.6,0.692,1.103,1.0,1.2,2022,Metal Loss_46844.9,True,46844.915,46844.158,METAL_LOSS,False,2.6,4282,46810.52696466783
12980,40.194,0.344,7.812,32.379,46845.676,Metal Loss,External,44.0,0.151,59.0,GENE,20.0,,,,8.2,2.8,4:14,EXT ML,7,N,N,5.97,133.989,02:20,11.729,CMFL,1025,65000,E.R. WELD,24,1150.7,1598.2,1351.8,1877.5,0.891,0.854,1.0,1.2,2022,Metal Loss_46845.7,True,46845.676,46844.919,METAL_LOSS,False,4.233333333333333,4283,46811.286449863146
12980,40.194,0.344,8.501,31.69,46846.365,Metal Loss,External,20.0,0.069,35.0,GENE,20.0,,,,3.0,2.1,1:33,EXT ML,7,N,N,5.97,133.848,02:20,4.817,CMFL,1025,65000,E.R. WELD,24,1481.1,2057.1,1467.2,2037.8,0.692,1.103,1.0,1.2,2022,Metal Loss_46846.4,True,46846.365,46845.608,METAL_LOSS,False,1.55,4284,46811.9740783777
12980,40.194,0.344,8.707,31.483,46846.572,Metal Loss,External,22.0,0.076,37.0,GENE,20.0,,,,1.7,1.7,8:49,EXT ML,7,N,N,5.97,133.806,02:20,34.558,CMFL,1025,65000,E.R. WELD,24,1515.1,2104.2,1507.8,2094.1,0.677,1.13,1.0,1.2,2022,Metal Loss_46846.6,True,46846.572,46845.815,METAL_LOSS,False,8.816666666666666,4285,46812.180666334905
12980,40.194,0.344,9.816,30.377,46847.677,Metal Loss,External,15.0,0.052,30.0,GENE,20.0,,,,1.3,1.9,8:52,EXT ML,7,N,N,5.97,133.579,02:20,34.348,CMFL,1025,65000,E.R. WELD,24,1534.2,2130.9,1531.4,2126.9,0.668,1.144,1.0,1.2,2022,Metal Loss_46847.7,True,46847.677,46846.920000000006,METAL_LOSS,False,8.866666666666667,4286,46813.283466782785
13000,40.174,0.344,10.118,30.059,46898.55,Metal Loss,External,13.0,0.044,28.0,GENE,20.0,,,,2.2,2.2,12:36,EXT ML,22,N,N,5.97,130.466,08:28,25.97,CMFL,1025,65000,E.R. WELD,24,1521.7,2113.4,1516.4,2106.2,0.674,1.133,1.0,1.2,2022,Metal Loss_46898.6,True,46898.55,46897.793000000005,METAL_LOSS,False,12.6,4290,46893.72097675114
13000,40.174,0.344,10.545,29.633,46898.976,Metal Loss,External,14.0,0.048,29.0,GENE,20.0,,,,1.9,2.7,11:03,EXT ML,22,N,N,5.97,130.62,08:28,16.336,CMFL,1025,65000,E.R. WELD,24,1524.1,2116.9,1519.3,2110.2,0.673,1.136,1.0,1.2,2022,Metal Loss_46899.0,True,46898.976,46898.219000000005,METAL_LOSS,False,11.05,4291,46894.14385921243
13000,40.174,0.344,12.405,27.772,46900.837,Metal Loss,External,11.0,0.038,26.0,GENE,20.0,,,,2.2,1.3,1:29,EXT ML,22,N,N,5.97,131.291,08:28,31.625,CMFL,1025,65000,E.R. WELD,24,1525.5,2118.7,1521.1,2112.6,0.672,1.137,1.0,1.2,2022,Metal Loss_46900.8,True,46900.837,46900.08,METAL_LOSS,False,1.4833333333333334,4292,46895.99124010554
13000,40.174,0.344,13.133,27.044,46901.565,Metal Loss,External,13.0,0.044,28.0,GENE,20.0,,,,4.2,3.3,9:55,EXT ML,22,N,N,5.97,131.553,08:28,8.378,CMFL,1025,65000,E.R. WELD,24,1487.4,2065.9,1479.2,2054.5,0.689,1.107,1.0,1.2,2022,Metal Loss_46901.6,True,46901.565,46900.808000000005,METAL_LOSS,False,9.916666666666666,4293,46896.713912480714
13000,40.174,0.344,13.245,26.929,46901.68,Metal Loss,External,13.0,0.044,28.0,GENE,20.0,,,,4.4,2.1,1:12,EXT ML,22,N,N,5.97,131.594,08:28,29.74,CMFL,1025,65000,E.R. WELD,24,1482.3,2058.8,1474.6,2048.1,0.692,1.104,1.0,1.2,2022,Metal Loss_46901.7,True,46901.68,46900.923,METAL_LOSS,False,1.2,4294,46896.82807089162
13000,40.174,0.344,13.724,26.45,46902.159,Metal Loss,External,14.0,0.048,29.0,PITT,20.0,,,,1.5,1.0,12:42,EXT ML,22,N,N,5.97,131.766,08:28,26.599,CMFL,1025,65000,E.R. WELD,24,1532.3,2128.2,1529.1,2123.8,0.669,1.142,0.6,1.2,2022,Metal Loss_46902.2,True,46902.159,46901.402,METAL_LOSS,False,12.7,4295,46897.30356549012
13000,40.174,0.344,14.56,25.614,46902.995,Metal Loss,External,16.0,0.055,31.0,GENE,20.0,,,,1.6,1.6,9:54,EXT ML,22,N,N,5.97,132.068,08:28,9.006,CMFL,1025,65000,E.R. WELD,24,1527.9,2122.0,1523.7,2116.3,0.671,1.138,1.0,1.2,2022,Metal Loss_46903.0,True,46902.995,46902.238000000005,METAL_LOSS,False,9.9,4296,46898.133447503365
13000,40.174,0.344,14.823,25.354,46903.255,Metal Loss,External,23.0,0.079,38.0,GENE,20.0,,,,5.0,8.4,12:06,EXT ML,22,N,N,5.97,132.162,08:28,26.18,CMFL,1025,65000,E.R. WELD,24,1410.3,1958.8,1412.6,1962.0,0.727,1.049,1.0,1.2,2022,Metal Loss_46903.3,True,46903.255,46902.498,METAL_LOSS,False,12.1,4297,46898.39154478021
13000,40.174,0.344,15.066,25.108,46903.501,Metal Loss,External,23.0,0.079,38.0,GENE,20.0,,,,10.5,2.0,10:22,EXT ML,22,N,N,5.97,132.251,08:28,12.147,CMFL,1025,65000,E.R. WELD,24,1334.4,1853.3,1388.3,1928.2,0.768,0.994,1.0,1.2,2022,Metal Loss_46903.5,True,46903.501,46902.744,METAL_LOSS,False,10.366666666666667,4298,46898.635744511375
13000,40.174,0.344,15.44,24.734,46903.875,Metal Loss,External,17.0,0.058,32.0,GENE,20.0,,,,14.3,5.7,11:07,EXT ML,22,N,N,5.97,132.385,08:28,16.336,CMFL,1025,65000,E.R. WELD,24,1376.5,1911.9,1378.1,1914.1,0.745,1.026,1.0,1.2,2022,Metal Loss_46903.9,True,46903.875,46903.118,METAL_LOSS,False,11.116666666666667,4299,46899.0070075173
13000,40.174,0.344,15.965,24.213,46904.396,Metal Loss,External,21.0,0.072,36.0,GENE,20.0,,,,3.4,3.7,12:21,EXT ML,22,N,N,5.97,132.574,08:28,25.133,CMFL,1025,65000,E.R. WELD,24,1462.3,2030.9,1454.5,2020.2,0.701,1.09,1.0,1.2,2022,Metal Loss_46904.4,True,46904.396,46903.639,METAL_LOSS,False,12.35,4300,46899.52419475283
13000,40.174,0.344,16.44,23.734,46904.875,Metal Loss,External,29.0,0.1,44.0,GENE,20.0,,,,1.9,2.1,12:38,EXT ML,22,N,N,5.97,132.746,08:28,26.18,CMFL,1025,65000,E.R. WELD,24,1494.8,2076.1,1482.2,2058.6,0.686,1.114,1.0,1.2,2022,Metal Loss_46904.9,True,46904.875,46904.118,METAL_LOSS,False,12.633333333333333,4301,46899.99968935132
13000,40.174,0.344,16.936,23.238,46905.371,Metal Loss,External,21.0,0.072,36.0,GENE,20.0,,,,6.1,4.6,12:34,EXT ML,22,N,N,5.97,132.924,08:28,24.086,CMFL,1025,65000,E.R. WELD,24,1396.8,1940.0,1395.8,1938.5,0.734,1.044,1.0,1.2,2022,Metal Loss_46905.4,True,46905.371,46904.614,METAL_LOSS,False,12.566666666666666,4302,46900.492059541
13000,40.174,0.344,18.698,21.476,46907.133,Metal Loss,External,14.0,0.048,29.0,GENE,20.0,,,,3.6,2.4,10:56,EXT ML,22,N,N,5.97,133.56,08:28,15.499,CMFL,1025,65000,E.R. WELD,24,1490.6,2070.2,1479.3,2054.6,0.688,1.111,1.0,1.2,2022,Metal Loss_46907.1,True,46907.133,46906.376,METAL_LOSS,False,10.933333333333334,4303,46902.241164932544
13000,40.174,0.344,20.866,19.308,46909.301,Metal Loss,External,14.0,0.048,29.0,GENE,20.0,,,,2.3,2.2,1:56,EXT ML,22,N,N,5.97,134.341,08:28,34.348,CMFL,1025,65000,E.R. WELD,24,1516.9,2106.7,1510.6,2098.1,0.676,1.13,1.0,1.2,2022,Metal Loss_46909.3,True,46909.301,46908.544,METAL_LOSS,False,1.9333333333333333,4304,46904.3932991487
13000,40.174,0.344,23.891,16.283,46912.326,Metal Loss,External,23.0,0.079,38.0,GENE,20.0,,,,4.4,2.1,7:58,EXT ML,22,N,N,5.97,135.432,08:28,3.142,CMFL,1025,65000,E.R. WELD,24,1420.9,1973.4,1394.6,1936.9,0.721,1.06,1.0,1.2,2022,Metal Loss_46912.3,True,46912.326,46911.569,METAL_LOSS,False,7.966666666666667,4305,46907.39616169662
13000,40.174,0.344,24.544,15.63,46912.979,Metal Loss,External,14.0,0.048,29.0,GENE,20.0,,,,6.8,2.1,7:57,EXT ML,22,N,N,5.97,135.667,08:28,3.351,CMFL,1025,65000,E.R. WELD,24,1444.1,2005.8,1456.5,2022.9,0.71,1.078,1.0,1.2,2022,Metal Loss_46913.0,True,46912.979,46912.222,METAL_LOSS,False,7.95,4306,46908.04438293424
13000,40.174,0.344,25.075,15.102,46913.507,Metal Loss,External,24.0,0.082,39.0,GENE,20.0,,,,2.6,1.4,11:39,EXT ML,22,N,N,5.97,135.858,08:28,20.316,CMFL,1025,65000,E.R. WELD,24,1479.1,2054.3,1482.5,2059.0,0.693,1.101,1.0,1.2,2022,Metal Loss_46913.5,True,46913.507,46912.75,METAL_LOSS,False,11.65,4307,46908.5685189426
13000,40.174,0.344,25.226,14.951,46913.658,Metal Loss,External,36.0,0.124,51.0,GENE,20.0,,,,1.3,1.7,11:08,EXT ML,22,N,N,5.97,135.913,08:28,16.755,CMFL,1025,65000,E.R. WELD,24,1509.7,2096.8,1499.6,2082.7,0.679,1.125,1.0,1.2,2022,Metal Loss_46913.7,True,46913.658,46912.901000000005,METAL_LOSS,False,11.133333333333333,4308,46908.71841389954
13000,40.174,0.344,25.285,14.888,46913.72,Metal Loss,External,15.0,0.052,30.0,AXGR,20.0,,,,3.2,1.1,7:50,EXT ML,22,N,N,5.97,135.934,08:28,3.979,CMFL,1025,65000,E.R. WELD,24,1492.3,2072.7,1481.2,2057.3,0.687,1.113,1.0,1.2,2022,Metal Loss_46913.7,True,46913.72,46912.963,METAL_LOSS,False,7.833333333333333,4309,46908.77996017325
13000,40.174,0.344,25.479,14.695,46913.914,Metal Loss,External,29.0,0.1,44.0,GENE,20.0,,,,4.3,1.7,10:18,EXT ML,22,N,N,5.97,136.004,08:28,11.729,CMFL,1025,65000,E.R. WELD,24,1388.7,1928.7,1441.4,2001.9,0.738,1.036,1.0,1.2,2022,Metal Loss_46913.9,True,46913.914,46913.157,METAL_LOSS,False,10.3,4310,46908.972540449045
13000,40.174,0.344,25.886,14.288,46914.321,Metal Loss,External,23.0,0.079,38.0,GENE,20.0,,,,5.1,1.9,08:00,EXT ML,22,N,N,5.97,136.151,08:28,2.723,CMFL,1025,65000,E.R. WELD,24,1404.1,1950.2,1374.7,1909.4,0.73,1.048,1.0,1.2,2022,Metal Loss_46914.3,True,46914.321,46913.564000000006,METAL_LOSS,False,8.0,4311,46909.3765619555
13020,40.131,0.344,0.531,39.596,46945.505,Metal Loss,External,36.0,0.124,51.0,GENE,20.0,,,,10.4,11.2,5:55,EXT ML,2,N,N,5.97,146.188,12:00,33.301,CMFL,1025,65000,E.R. WELD,24,1195.4,1660.3,1334.7,1853.7,0.858,0.894,1.0,1.2,2022,Metal Loss_46945.5,True,46945.505,46944.748,METAL_LOSS,False,5.916666666666667,4315,46964.084441841915
13020,40.131,0.344,34.78,5.351,46979.751,Metal Loss,External,11.0,0.038,26.0,GENE,20.0,,,,3.0,1.3,11:50,EXT ML ( NEAR SW ),2,N,N,5.97,154.574,12:00,1.047,CMFL,1025,65000,E.R. WELD,24,1511.0,2098.6,1503.9,2088.7,0.678,1.127,1.0,1.2,2022,Metal Loss_46979.8,True,46979.751,46978.994,METAL_LOSS,False,11.833333333333334,4317,46997.654601315655
13100,40.085,0.344,34.501,5.584,47300.164,Dent,,,,,,,1.0,0.24,N,2.66,15.36,5:30,DENT-1.0%OD (0.24IN) (REPAIRED),0,N,N,5.97,145.238,03:52,10.263,CMFL,1025,65000,E.R. WELD,24,,,,,,,,,2022,Dent_47300.2,True,47300.164,47299.407,DENT,False,5.5,4333,47261.46361756268
13110,34.163,0.344,1.614,32.549,47307.362,Metal Loss,External,11.0,0.038,26.0,GENE,20.0,,,,7.4,3.8,7:26,EXT ML,18,N,N,5.97,142.959,02:32,29.74,CMFL,1025,65000,E.R. WELD,24,1464.8,2034.4,1467.0,2037.5,0.7,1.092,1.0,1.2,2022,Metal Loss_47307.4,True,47307.362,47306.605,METAL_LOSS,False,7.433333333333334,4338,47268.35661417323
13110,34.163,0.344,2.467,31.696,47308.215,Metal Loss,External,11.0,0.038,26.0,GENE,20.0,,,,2.3,1.3,6:51,EXT ML,18,N,N,5.97,142.689,02:32,27.227,CMFL,1025,65000,E.R. WELD,24,1525.1,2118.2,1520.7,2112.0,0.672,1.136,1.0,1.2,2022,Metal Loss_47308.2,True,47308.215,47307.458,METAL_LOSS,False,6.85,4340,47269.88219155226
13110,34.163,0.344,2.799,31.368,47308.543,Metal Loss,External,14.0,0.048,29.0,GENE,20.0,,,,1.2,2.3,4:52,EXT ML,18,N,N,5.97,142.597,02:32,14.661,CMFL,1025,65000,E.R. WELD,24,1538.0,2136.1,1535.9,2133.2,0.667,1.146,1.0,1.2,2022,Metal Loss_47308.5,True,47308.543,47307.786,METAL_LOSS,False,4.866666666666667,4341,47270.46881450692
13110,34.163,0.344,2.936,31.227,47308.684,Metal Loss,External,12.0,0.041,27.0,GENE,20.0,,,,5.7,1.5,7:26,EXT ML,18,N,N,5.97,142.559,02:32,30.788,CMFL,1025,65000,E.R. WELD,24,1471.5,2043.7,1487.1,2065.4,0.697,1.097,1.0,1.2,2022,Metal Loss_47308.7,True,47308.684,47307.927,METAL_LOSS,False,7.433333333333334,4342,47270.72099083805
13110,34.163,0.344,4.465,29.698,47310.213,Metal Loss,External,15.0,0.052,30.0,GENE,20.0,,,,41.7,7.2,7:26,EXT ML,18,N,N,5.97,142.138,02:32,29.95,CMFL,1025,65000,E.R. WELD,24,1364.6,1895.3,1395.5,1938.1,0.751,1.02,1.0,1.2,2022,Metal Loss_47310.2,True,47310.213,47309.456000000006,METAL_LOSS,False,7.433333333333334,4343,47273.45558381876
13110,34.163,0.344,6.808,27.359,47312.552,Metal Loss,External,13.0,0.044,28.0,GENE,20.0,,,,2.4,2.1,1:46,EXT ML,18,N,N,5.97,141.493,02:32,4.817,CMFL,1025,65000,E.R. WELD,24,1518.4,2108.8,1512.5,2100.7,0.675,1.131,1.0,1.2,2022,Metal Loss_47312.6,True,47312.552,47311.795000000006,METAL_LOSS,False,1.7666666666666666,4344,47277.638849339935
13110,34.163,0.344,7.526,26.64,47313.271,Metal Loss,External,17.0,0.058,32.0,GENE,20.0,,,,2.9,2.1,9:19,EXT ML,18,N,N,5.97,141.295,02:32,32.673,CMFL,1025,65000,E.R. WELD,24,1492.2,2072.5,1480.9,2056.8,0.687,1.113,1.0,1.2,2022,Metal Loss_47313.3,True,47313.271,47312.514,METAL_LOSS,False,9.316666666666666,4345,47278.92476978018
13110,34.163,0.344,8.248,25.915,47313.996,Metal Loss,External,31.0,0.106,46.0,GENE,20.0,,,,26.7,6.1,9:27,EXT ML,18,N,N,5.97,141.096,02:32,32.044,CMFL,1025,65000,E.R. WELD,24,1189.3,1651.9,1348.1,1872.3,0.862,0.888,1.0,1.2,2022,Metal Loss_47314.0,True,47313.996,47313.239,METAL_LOSS,False,9.45,4346,47280.221421128124
13110,34.163,0.344,8.284,25.879,47314.032,Metal Loss,External,14.0,0.048,29.0,GENE,20.0,,,,3.3,1.4,1:57,EXT ML,18,N,N,5.97,141.086,02:32,3.56,CMFL,1025,65000,E.R. WELD,24,1496.5,2078.5,1486.4,2064.5,0.685,1.114,1.0,1.2,2022,Metal Loss_47314.0,True,47314.032,47313.275,METAL_LOSS,False,1.95,4347,47280.285806574364
13110,34.163,0.344,8.894,25.272,47314.639,Metal Loss,External,29.0,0.1,44.0,GENE,20.0,,,,14.5,3.8,1:45,EXT ML,18,N,N,5.97,140.918,02:32,3.56,CMFL,1025,65000,E.R. WELD,24,1241.3,1724.1,1365.1,1896.0,0.826,0.929,1.0,1.2,2022,Metal Loss_47314.6,True,47314.639,47313.882000000005,METAL_LOSS,False,1.75,4348,47281.37141673741
13110,34.163,0.344,10.312,23.852,47316.06,Metal Loss,External,19.0,0.065,34.0,GENE,20.0,,,,2.8,1.8,1:56,EXT ML,18,N,N,5.97,140.527,02:32,3.77,CMFL,1025,65000,E.R. WELD,24,1491.1,2071.0,1479.4,2054.7,0.687,1.11,1.0,1.2,2022,Metal Loss_47316.1,True,47316.06,47315.303,METAL_LOSS,False,1.9333333333333333,4349,47283.912853379385
13110,34.163,0.344,10.673,23.494,47316.417,Metal Loss,External,18.0,0.062,33.0,GENE,20.0,,,,6.8,4.4,9:29,EXT ML,18,N,N,5.97,140.429,02:32,32.463,CMFL,1025,65000,E.R. WELD,24,1410.1,1958.5,1418.3,1969.9,0.727,1.054,1.0,1.2,2022,Metal Loss_47316.4,True,47316.417,47315.66,METAL_LOSS,False,9.483333333333333,4350,47284.55134238797
13110,34.163,0.344,10.778,23.386,47316.526,Metal Loss,External,20.0,0.069,35.0,PITT,20.0,,,,1.3,1.0,1:55,EXT ML,18,N,N,5.97,140.399,02:32,3.77,CMFL,1025,65000,E.R. WELD,24,1529.4,2124.1,1525.3,2118.5,0.67,1.14,0.6,1.2,2022,Metal Loss_47316.5,True,47316.526,47315.769,METAL_LOSS,False,1.9166666666666665,4351,47284.74628721131
13110,34.163,0.344,11.512,22.654,47317.257,Metal Loss,External,16.0,0.055,31.0,GENE,20.0,,,,5.3,3.0,9:42,EXT ML,18,N,N,5.97,140.197,02:32,31.206,CMFL,1025,65000,E.R. WELD,24,1450.7,2014.9,1433.0,1990.3,0.707,1.081,1.0,1.2,2022,Metal Loss_47317.3,True,47317.257,47316.5,METAL_LOSS,False,9.7,4352,47286.053669466964
13110,34.163,0.344,13.068,21.096,47318.816,Metal Loss,External,11.0,0.038,26.0,GENE,20.0,,,,2.8,1.7,9:25,EXT ML,18,N,N,5.97,139.769,02:32,32.044,CMFL,1025,65000,E.R. WELD,24,1516.3,2105.9,1510.1,2097.4,0.676,1.13,1.0,1.2,2022,Metal Loss_47318.8,True,47318.816,47318.059,METAL_LOSS,False,9.416666666666666,4353,47288.84191698621
13110,34.163,0.344,13.619,20.548,47319.364,Metal Loss,External,14.0,0.048,29.0,GENE,20.0,,,,1.7,1.7,9:23,EXT ML,18,N,N,5.97,139.617,02:32,32.254,CMFL,1025,65000,E.R. WELD,24,1529.7,2124.6,1526.0,2119.4,0.67,1.14,1.0,1.2,2022,Metal Loss_47319.4,True,47319.364,47318.607,METAL_LOSS,False,9.383333333333333,4354,47289.8220065568
13140,40.203,0.344,23.717,16.483,47375.243,Metal Loss,External,13.0,0.044,28.0,PITT,20.0,,,,1.3,1.0,10:20,EXT ML,14,N,N,5.97,138.871,02:28,25.97,CMFL,1025,65000,E.R. WELD,24,1537.1,2134.9,1534.9,2131.9,0.667,1.146,0.6,1.2,2022,Metal Loss_47375.2,True,47375.243,47374.486,METAL_LOSS,False,10.333333333333334,4364,47380.45319711118
13140,40.203,0.344,24.255,15.945,47375.781,Metal Loss,External,18.0,0.062,33.0,GENE,20.0,,,,8.5,5.7,10:46,EXT ML,14,N,N,5.97,139.025,02:28,25.133,CMFL,1025,65000,E.R. WELD,24,1399.0,1943.1,1432.4,1989.5,0.733,1.041,1.0,1.2,2022,Metal Loss_47375.8,True,47375.781,47375.024000000005,METAL_LOSS,False,10.766666666666667,4365,47380.766310913335
13140,40.203,0.344,24.482,15.719,47376.007,Metal Loss,External,10.0,0.034,25.0,GENE,20.0,,,,9.8,5.6,1:52,EXT ML ( NEAR SW ),14,N,N,5.97,139.09,02:28,5.027,CMFL,1025,65000,E.R. WELD,24,1458.1,2025.2,1454.1,2019.5,0.703,1.089,1.0,1.2,2022,Metal Loss_47376.0,True,47376.007,47375.25,METAL_LOSS,False,1.8666666666666667,4366,47380.89784199008
13140,40.203,0.344,25.482,14.718,47377.008,Metal Loss,External,17.0,0.058,32.0,GENE,20.0,,,,1.4,1.5,1:48,EXT ML,14,N,N,5.97,139.376,02:28,4.189,CMFL,1025,65000,E.R. WELD,24,1531.0,2126.4,1527.4,2121.4,0.67,1.141,1.0,1.2,2022,Metal Loss_47377.0,True,47377.008,47376.251,METAL_LOSS,False,1.8,4367,47381.48041990079
13140,40.203,0.344,26.115,14.085,47377.641,Metal Loss,External,15.0,0.052,30.0,GENE,20.0,,,,2.0,1.3,02:00,EXT ML,14,N,N,5.97,139.557,02:28,2.932,CMFL,1025,65000,E.R. WELD,24,1521.1,2112.6,1515.6,2105.0,0.674,1.134,1.0,1.2,2022,Metal Loss_47377.6,True,47377.641,47376.884000000005,METAL_LOSS,False,2.0,4368,47381.84882331486
13140,40.203,0.344,26.407,13.793,47377.933,Metal Loss,External,14.0,0.048,29.0,GENE,20.0,,,,19.2,2.8,3:34,EXT ML,14,N,N,5.97,139.641,02:28,7.749,CMFL,1025,65000,E.R. WELD,24,1402.9,1948.4,1413.0,1962.5,0.731,1.043,1.0,1.2,2022,Metal Loss_47377.9,True,47377.933,47377.176,METAL_LOSS,False,3.5666666666666664,4369,47382.018766121975
13140,40.203,0.344,26.549,13.652,47378.074,Metal Loss,External,11.0,0.038,26.0,AXGR,20.0,,,,2.3,0.6,8:11,EXT ML,14,N,N,5.97,139.682,02:28,36.024,CMFL,1025,65000,E.R. WELD,24,1523.0,2115.2,1518.1,2108.5,0.673,1.135,1.0,1.2,2022,Metal Loss_47378.1,True,47378.074,47377.317,METAL_LOSS,False,8.183333333333334,4370,47382.10082754596
13140,40.203,0.344,26.69,13.51,47378.215,Metal Loss,External,12.0,0.041,27.0,GENE,20.0,,,,2.9,2.0,12:16,EXT ML,14,N,N,5.97,139.722,02:28,13.823,CMFL,1025,65000,E.R. WELD,24,1510.3,2097.6,1502.9,2087.4,0.679,1.126,1.0,1.2,2022,Metal Loss_47378.2,True,47378.215,47377.458,METAL_LOSS,False,12.266666666666667,4371,47382.182888969946
13140,40.203,0.344,27.365,12.835,47378.891,Metal Loss,External,15.0,0.052,30.0,GENE,20.0,,,,7.8,2.5,8:09,EXT ML,14,N,N,5.97,139.916,02:28,35.395,CMFL,1025,65000,E.R. WELD,24,1426.9,1981.8,1450.8,2015.0,0.718,1.065,1.0,1.2,2022,Metal Loss_47378.9,True,47378.891,47378.134000000005,METAL_LOSS,False,8.15,4372,47382.57631820835
13140,40.203,0.344,28.517,11.686,47380.039,Metal Loss,External,11.0,0.038,26.0,AXGR,20.0,,,,2.1,0.7,8:04,EXT ML,14,N,N,5.97,140.245,02:28,35.186,CMFL,1025,65000,E.R. WELD,24,1527.4,2121.3,1523.3,2115.8,0.671,1.138,1.0,1.2,2022,Metal Loss_47380.0,True,47380.039,47379.282,METAL_LOSS,False,8.066666666666666,4373,47383.24444951853
13140,40.203,0.344,28.704,11.499,47380.226,Metal Loss,External,12.0,0.041,27.0,GENE,20.0,,,,3.5,1.9,4:13,EXT ML,14,N,N,5.97,140.299,02:28,11.519,CMFL,1025,65000,E.R. WELD,24,1500.4,2083.9,1493.0,2073.6,0.683,1.118,1.0,1.2,2022,Metal Loss_47380.2,True,47380.226,47379.469000000005,METAL_LOSS,False,4.216666666666667,4374,47383.3532827546
13140,40.203,0.344,29.049,11.152,47380.574,Metal Loss,External,25.0,0.086,40.0,GENE,20.0,,,,11.4,5.1,7:41,EXT ML,14,N,N,5.97,140.399,02:28,33.51,CMFL,1025,65000,E.R. WELD,24,1310.0,1819.5,1384.6,1923.1,0.783,0.974,1.0,1.2,2022,Metal Loss_47380.6,True,47380.574,47379.817,METAL_LOSS,False,7.683333333333334,4375,47383.55581733295
13140,40.203,0.344,29.255,10.945,47380.781,Metal Loss,External,14.0,0.048,29.0,GENE,20.0,,,,3.0,2.2,4:33,EXT ML,14,N,N,5.97,140.457,02:28,13.195,CMFL,1025,65000,E.R. WELD,24,1502.1,2086.3,1493.0,2073.6,0.682,1.12,1.0,1.2,2022,Metal Loss_47380.8,True,47380.781,47380.024000000005,METAL_LOSS,False,4.55,4376,47383.67629048731
13140,40.203,0.344,29.741,10.459,47381.266,Metal Loss,External,13.0,0.044,28.0,PITT,20.0,,,,1.3,1.0,4:38,EXT ML,14,N,N,5.97,140.596,02:28,13.614,CMFL,1025,65000,E.R. WELD,24,1536.5,2134.0,1534.2,2130.8,0.667,1.146,0.6,1.2,2022,Metal Loss_47381.3,True,47381.266,47380.509000000005,METAL_LOSS,False,4.633333333333333,4377,47383.95855850598
13150,28.34,0.344,26.325,2.014,47418.051,Metal Loss,External,11.0,0.038,26.0,GENE,20.0,,,,3.2,2.7,2:19,EXT ML,7,N,N,5.97,151.988,01:16,6.702,CMFL,1025,65000,E.R. WELD,24,1511.2,2099.0,1504.2,2089.2,0.678,1.125,1.0,1.2,2022,Metal Loss_47418.1,True,47418.051,47417.294,METAL_LOSS,False,2.3166666666666664,4379,47405.36727823169
13150,28.34,0.344,26.585,1.755,47418.31,Metal Loss,External,13.0,0.044,28.0,GENE,20.0,,,,9.2,5.4,5:31,EXT ML,7,N,N,5.97,152.071,01:16,25.133,CMFL,1025,65000,E.R. WELD,24,1433.7,1991.2,1460.3,2028.2,0.715,1.071,1.0,1.2,2022,Metal Loss_47418.3,True,47418.31,47417.553,METAL_LOSS,False,5.516666666666667,4380,47405.51801517362
13150,28.34,0.344,27.356,0.984,47419.081,Metal Loss,External,15.0,0.052,30.0,GENE,20.0,,,,8.7,8.5,8:37,EXT ML,7,N,N,5.97,152.32,01:16,29.531,CMFL,1025,65000,E.R. WELD,24,1424.2,1978.1,1410.1,1958.4,0.72,1.06,1.0,1.2,2022,Metal Loss_47419.1,True,47419.081,47418.324,METAL_LOSS,False,8.616666666666667,4381,47405.966734023925
13150,28.34,0.344,27.566,0.774,47419.291,Metal Loss,External,22.0,0.076,37.0,GENE,20.0,,,,4.9,5.4,11:02,EXT ML,7,N,N,5.97,152.387,01:16,12.357,CMFL,1025,65000,E.R. WELD,24,1419.0,1970.8,1444.8,2006.6,0.722,1.056,1.0,1.2,2022,Metal Loss_47419.3,True,47419.291,47418.534,METAL_LOSS,False,11.033333333333333,4382,47406.088953166036
13150,28.34,0.344,28.133,0.203,47419.862,Metal Loss,External,16.0,0.055,31.0,GENE,25.0,,,,9.6,14.9,6:12,EXT ML ( ON GW ),7,N,N,5.97,152.57,01:16,25.552,CMFL,1025,65000,E.R. WELD,24,1406.3,1953.2,1397.0,1940.3,0.729,1.049,1.2,1.4,2022,Metal Loss_47419.9,True,47419.862,47419.105,METAL_LOSS,False,6.2,4383,47406.42127283338
13150,28.34,0.344,28.205,0.131,47419.934,Metal Loss,External,14.0,0.048,29.0,GENE,25.0,,,,4.1,3.2,8:06,EXT ML ( ON GW ),7,N,N,5.97,152.594,01:16,32.463,CMFL,1025,65000,E.R. WELD,24,1480.1,2055.7,1466.9,2037.4,0.693,1.103,1.2,1.4,2022,Metal Loss_47419.9,True,47419.934,47419.177,METAL_LOSS,False,8.1,4384,47406.46317653925
13150,28.34,0.344,28.248,0.092,47419.974,Metal Loss,External,19.0,0.065,34.0,GENE,25.0,,,,3.1,2.3,3:54,EXT ML ( ON GW ),7,N,N,5.97,152.607,01:16,16.546,CMFL,1025,65000,E.R. WELD,24,1478.4,2053.3,1464.0,2033.4,0.693,1.102,1.2,1.4,2022,Metal Loss_47420.0,True,47419.974,47419.217,METAL_LOSS,False,3.9,4385,47406.48645637584
13160,7.178,0.344,0.876,6.302,47420.942,Metal Loss,External,13.0,0.044,28.0,GENE,20.0,,,,4.8,2.8,6:28,EXT ML,1,N,N,5.97,152.919,10:56,28.065,CMFL,1025,65000,E.R. WELD,24,1473.1,2045.9,1458.7,2025.9,0.696,1.1,1.0,1.2,2022,Metal Loss_47420.9,True,47420.942,47420.185000000005,METAL_LOSS,False,6.466666666666667,4387,47407.75247039269
13170,11.768,0.344,0.545,11.224,47427.789,Metal Loss,External,17.0,0.058,32.0,GENE,20.0,,,,5.4,5.1,5:55,EXT ML,6,N,N,5.97,155.175,01:40,28.065,CMFL,1025,65000,E.R. WELD,24,1442.5,2003.4,1436.7,1995.4,0.711,1.074,1.0,1.2,2022,Metal Loss_47427.8,True,47427.789,47427.032,METAL_LOSS,False,5.916666666666667,4389,47417.22939365607
13170,11.768,0.344,0.974,10.794,47428.219,Metal Loss,External,23.0,0.079,38.0,GENE,20.0,,,,8.5,4.2,7:12,EXT ML,6,N,N,5.97,155.317,01:40,33.72,CMFL,1025,65000,E.R. WELD,24,1349.3,1874.0,1439.0,1998.6,0.76,1.007,1.0,1.2,2022,Metal Loss_47428.2,True,47428.219,47427.462,METAL_LOSS,False,7.2,4390,47417.82455606344
13170,11.768,0.344,10.604,1.165,47437.848,Metal Loss,External,33.0,0.113,48.0,GENE,20.0,,,,7.6,17.2,6:57,EXT ML,6,N,N,5.97,158.527,01:40,25.761,CMFL,1025,65000,E.R. WELD,24,1273.8,1769.2,1306.8,1814.9,0.805,0.946,1.0,1.2,2022,Metal Loss_47437.8,True,47437.848,47437.091,METAL_LOSS,False,6.95,4391,47431.152041692636
13170,11.768,0.344,10.843,0.925,47438.087,Metal Loss,External,12.0,0.041,27.0,GENE,20.0,,,,9.8,6.3,4:21,EXT ML,6,N,N,5.97,158.608,01:40,18.431,CMFL,1025,65000,E.R. WELD,24,1441.2,2001.6,1441.3,2001.8,0.711,1.075,1.0,1.2,2022,Metal Loss_47438.1,True,47438.087,47437.33,METAL_LOSS,False,4.35,4392,47431.48284126324
13170,11.768,0.344,11.516,0.249,47438.763,Metal Loss,External,18.0,0.062,33.0,GENE,20.0,,,,15.9,12.2,3:45,EXT ML ( ON GW ),6,N,N,5.97,158.833,01:40,8.796,CMFL,1025,65000,E.R. WELD,24,1360.6,1889.8,1380.0,1916.6,0.753,1.015,1.2,1.4,2022,Metal Loss_47438.8,True,47438.763,47438.006,METAL_LOSS,False,3.75,4393,47432.418491931574
13170,11.768,0.344,11.729,0.039,47438.973,Metal Loss,External,18.0,0.062,33.0,GENE,25.0,,,,17.4,5.0,7:13,EXT ML ( ON GW ),6,N,N,5.97,158.903,01:40,34.767,CMFL,1025,65000,E.R. WELD,24,1360.7,1889.8,1394.3,1936.5,0.753,1.012,1.2,1.4,2022,Metal Loss_47439.0,True,47438.973,47438.216,METAL_LOSS,False,7.216666666666667,4394,47432.70915264215
13180,9.928,0.344,0.112,9.82,47439.124,Metal Loss,External,19.0,0.065,34.0,GENE,20.0,,,,12.4,6.1,8:58,EXT ML,3,N,N,5.97,158.954,10:12,6.912,CMFL,1025,65000,E.R. WELD,24,1366.3,1897.7,1391.9,1933.2,0.75,1.016,1.0,1.2,2022,Metal Loss_47439.1,True,47439.124,47438.367000000006,METAL_LOSS,False,8.966666666666667,4396,47432.918151534046
13180,9.928,0.344,6.834,3.094,47445.85,Metal Loss,External,20.0,0.069,35.0,PITT,20.0,,,,0.9,1.4,5:46,EXT ML,3,N,N,5.97,161.183,10:12,27.855,CMFL,1025,65000,E.R. WELD,24,1538.6,2136.9,1536.5,2134.0,0.666,1.147,0.6,1.2,2022,Metal Loss_47445.8,True,47445.85,47445.093,METAL_LOSS,False,5.766666666666667,4397,47442.227598864185
13180,9.928,0.344,9.918,0.013,47448.93,Metal Loss,External,18.0,0.062,33.0,GENE,20.0,,,,2.8,1.3,4:20,EXT ML ( ON GW ),3,N,N,5.97,162.201,10:12,36.861,CMFL,1025,65000,E.R. WELD,24,1489.3,2068.5,1477.2,2051.7,0.688,1.111,1.0,1.2,2022,Metal Loss_47448.9,True,47448.93,47448.173,METAL_LOSS,False,4.333333333333333,4399,47446.49062261929
13190,21.014,0.344,0.633,20.381,47449.577,Metal Loss,External,24.0,0.082,39.0,GENE,20.0,,,,4.4,5.8,5:16,EXT ML,5,N,N,5.97,162.414,12:56,25.552,CMFL,1025,65000,E.R. WELD,24,1415.6,1966.1,1427.0,1981.9,0.724,1.057,1.0,1.2,2022,Metal Loss_47449.6,True,47449.577,47448.82,METAL_LOSS,False,5.266666666666667,4401,47447.71496835291
13190,21.014,0.344,0.663,20.351,47449.606,Metal Loss,External,20.0,0.069,35.0,GENE,20.0,,,,3.7,2.6,2:02,EXT ML,5,N,N,5.97,162.424,12:56,6.912,CMFL,1025,65000,E.R. WELD,24,1458.8,2026.1,1454.9,2020.7,0.703,1.087,1.0,1.2,2022,Metal Loss_47449.6,True,47449.606,47448.849,METAL_LOSS,False,2.033333333333333,4402,47447.7701722743
13190,21.014,0.344,0.804,20.21,47449.747,Metal Loss,External,27.0,0.093,42.0,GENE,20.0,,,,3.9,2.2,4:06,EXT ML,5,N,N,5.97,162.471,12:56,19.897,CMFL,1025,65000,E.R. WELD,24,1411.5,1960.5,1382.0,1919.4,0.726,1.053,1.0,1.2,2022,Metal Loss_47449.7,True,47449.747,47448.990000000005,METAL_LOSS,False,4.1,4403,47448.03857754723
13190,21.014,0.344,0.856,20.157,47449.8,Metal Loss,External,10.0,0.034,25.0,GENE,20.0,,,,4.3,1.7,12:46,EXT ML ( NEAR SW ),5,N,N,5.97,162.487,12:56,1.047,CMFL,1025,65000,E.R. WELD,24,1498.4,2081.1,1489.0,2068.1,0.684,1.117,1.0,1.2,2022,Metal Loss_47449.8,True,47449.8,47449.043000000005,METAL_LOSS,False,12.766666666666667,4404,47448.139467472516
13190,21.014,0.344,6.65,14.364,47455.594,Metal Loss,External,10.0,0.034,25.0,GENE,20.0,,,,6.2,2.0,12:48,EXT ML ( ON SW ),5,N,N,5.97,164.305,12:56,0.628,CMFL,1025,65000,E.R. WELD,24,1477.9,2052.6,1467.5,2038.2,0.694,1.104,1.0,1.2,2022,Metal Loss_47455.6,True,47455.594,47454.837,METAL_LOSS,False,12.8,4406,47459.16883024793
13200,40.318,0.344,5.463,34.856,47475.423,Metal Loss,External,17.0,0.058,32.0,PITT,20.0,,,,1.1,1.6,12:09,EXT ML,10,N,N,5.97,170.184,02:36,15.289,CMFL,1025,65000,E.R. WELD,24,1536.0,2133.4,1533.5,2129.9,0.667,1.145,0.6,1.2,2022,Metal Loss_47475.4,True,47475.423,47474.666000000005,METAL_LOSS,False,12.15,4408,47489.60480630921
13200,40.318,0.344,7.418,32.904,47477.375,Metal Loss,External,18.0,0.062,33.0,PITT,20.0,,,,0.9,1.6,11:48,EXT ML,10,N,N,5.97,170.646,02:36,17.593,CMFL,1025,65000,E.R. WELD,24,1539.3,2137.9,1537.5,2135.4,0.666,1.147,0.6,1.2,2022,Metal Loss_47477.4,True,47477.375,47476.618,METAL_LOSS,False,11.8,4409,47490.71001339219
13200,40.318,0.344,8.323,31.998,47478.281,Metal Loss,External,23.0,0.079,38.0,GENE,25.0,,,,7.7,8.6,12:27,EXT ML,10,N,N,5.97,170.861,02:36,15.917,CMFL,1025,65000,E.R. WELD,24,1362.3,1892.1,1396.9,1940.2,0.753,1.014,1.0,1.2,2022,Metal Loss_47478.3,True,47478.281,47477.524000000005,METAL_LOSS,False,12.45,4410,47491.22298348296
13200,40.318,0.344,10.459,29.862,47480.417,Metal Loss,External,15.0,0.052,30.0,GENE,20.0,,,,7.7,2.7,12:17,EXT ML,10,N,N,5.97,171.367,02:36,13.823,CMFL,1025,65000,E.R. WELD,24,1428.7,1984.3,1456.2,2022.5,0.718,1.066,1.0,1.2,2022,Metal Loss_47480.4,True,47480.417,47479.66,METAL_LOSS,False,12.283333333333333,4412,47492.43236992213
13200,40.318,0.344,11.827,28.494,47481.785,Metal Loss,External,33.0,0.113,48.0,GENE,20.0,,,,14.3,5.8,12:10,EXT ML,10,N,N,5.97,171.691,02:36,13.823,CMFL,1025,65000,E.R. WELD,24,1206.8,1676.1,1193.1,1657.1,0.849,0.896,1.0,1.2,2022,Metal Loss_47481.8,True,47481.785,47481.028000000006,METAL_LOSS,False,12.166666666666666,4413,47493.20692078766
13200,40.318,0.344,38.898,1.424,47508.855,Metal Loss,External,21.0,0.072,36.0,GENE,20.0,,,,8.3,8.1,9:26,EXT ML,10,N,N,5.97,178.103,02:36,34.139,CMFL,1025,65000,E.R. WELD,24,1367.5,1899.3,1376.6,1911.9,0.75,1.022,1.0,1.2,2022,Metal Loss_47508.9,True,47508.855,47508.098000000005,METAL_LOSS,False,9.433333333333334,4417,47508.53374237389
13200,40.318,0.344,38.914,1.404,47508.875,Metal Loss,External,30.0,0.103,45.0,GENE,20.0,,,,14.1,23.1,4:35,EXT ML ( NEAR SW ),10,N,N,5.97,178.107,02:36,22.41,CMFL,1025,65000,E.R. WELD,24,1236.1,1716.7,1248.0,1733.3,0.829,0.922,1.0,1.2,2022,Metal Loss_47508.9,True,47508.875,47508.118,METAL_LOSS,False,4.583333333333333,4418,47508.545066216946
13200,40.318,0.344,39.108,1.214,47509.065,Metal Loss,External,15.0,0.052,30.0,GENE,20.0,,,,7.3,6.5,7:25,EXT ML,10,N,N,5.97,178.153,02:36,27.646,CMFL,1025,65000,E.R. WELD,24,1435.6,1993.8,1415.0,1965.3,0.714,1.068,1.0,1.2,2022,Metal Loss_47509.1,True,47509.065,47508.308000000005,METAL_LOSS,False,7.416666666666667,4419,47508.652642726054
13200,40.318,0.344,39.485,0.837,47509.442,Metal Loss,External,24.0,0.082,39.0,GENE,20.0,,,,2.2,2.3,1:54,EXT ML,10,N,N,5.97,178.242,02:36,4.398,CMFL,1025,65000,E.R. WELD,24,1490.2,2069.8,1477.4,2051.9,0.688,1.111,1.0,1.2,2022,Metal Loss_47509.4,True,47509.442,47508.685000000005,METAL_LOSS,False,1.9,4420,47508.8660971678
13200,40.318,0.344,40.22,0.102,47510.177,Metal Loss,External,19.0,0.065,34.0,GENE,25.0,,,,2.8,3.3,6:20,EXT ML ( ON GW ),10,N,N,5.97,178.416,02:36,23.457,CMFL,1025,65000,E.R. WELD,24,1489.2,2068.4,1477.0,2051.4,0.688,1.11,1.2,1.4,2022,Metal Loss_47510.2,True,47510.177,47509.420000000006,METAL_LOSS,False,6.333333333333333,4421,47509.28224840038
13210,40.141,0.344,0.741,39.4,47511.017,Metal Loss,External,25.0,0.086,40.0,GENE,20.0,,,,3.7,2.8,2:21,EXT ML,8,N,N,5.97,178.615,09:20,32.044,CMFL,1025,65000,E.R. WELD,24,1432.2,1989.2,1429.7,1985.8,0.716,1.067,1.0,1.2,2022,Metal Loss_47511.0,True,47511.017,47510.26,METAL_LOSS,False,2.35,4424,47510.07527878817
13210,40.141,0.344,0.794,39.347,47511.07,Metal Loss,External,23.0,0.079,38.0,GENE,20.0,,,,3.0,5.6,3:35,EXT ML,8,N,N,5.97,178.627,09:20,37.49,CMFL,1025,65000,E.R. WELD,24,1464.8,2034.5,1478.8,2053.9,0.7,1.092,1.0,1.2,2022,Metal Loss_47511.1,True,47511.07,47510.313,METAL_LOSS,False,3.5833333333333335,4425,47510.1280833624
13210,40.141,0.344,0.856,39.285,47511.132,Metal Loss,External,21.0,0.072,36.0,GENE,20.0,,,,2.6,2.1,9:45,EXT ML,8,N,N,5.97,178.642,09:20,2.723,CMFL,1025,65000,E.R. WELD,24,1486.2,2064.2,1473.0,2045.9,0.69,1.108,1.0,1.2,2022,Metal Loss_47511.1,True,47511.132,47510.375,METAL_LOSS,False,9.75,4426,47510.1898547511
13210,40.141,0.344,0.889,39.252,47511.165,Metal Loss,External,16.0,0.055,31.0,GENE,20.0,,,,1.3,1.8,7:16,EXT ML,8,N,N,5.97,178.65,09:20,12.985,CMFL,1025,65000,E.R. WELD,24,1533.7,2130.1,1530.7,2125.9,0.668,1.143,1.0,1.2,2022,Metal Loss_47511.2,True,47511.165,47510.408,METAL_LOSS,False,7.266666666666667,4427,47510.2227330709
13210,40.141,0.344,0.965,39.173,47511.243,Metal Loss,External,18.0,0.062,33.0,PITT,20.0,,,,1.5,1.1,4:26,EXT ML,8,N,N,5.97,178.668,09:20,30.788,CMFL,1025,65000,E.R. WELD,24,1526.9,2120.7,1522.5,2114.6,0.671,1.138,0.6,1.2,2022,Metal Loss_47511.2,True,47511.243,47510.486,METAL_LOSS,False,4.433333333333334,4428,47510.30044546315
13210,40.141,0.344,11.132,29.006,47521.411,Metal Loss,External,54.0,0.185,69.0,GENE,15.0,,,,1.3,2.3,6:19,*EXT ML,8,Y,Y,5.97,179.889,09:20,18.85,CMFL,1025,65000,E.R. WELD,24,1469.9,2041.5,1441.7,2002.3,0.697,1.096,0.8,1.0,2022,Metal Loss_47521.4,True,47521.411,47520.654,METAL_LOSS,False,6.316666666666666,4430,47520.43095321141
13210,40.141,0.344,11.627,28.51,47521.906,Metal Loss,External,22.0,0.076,37.0,GENE,20.0,,,,1.2,1.3,6:40,EXT ML,8,N,N,5.97,179.938,09:20,16.755,CMFL,1025,65000,E.R. WELD,24,1530.1,2125.1,1526.1,2119.5,0.67,1.14,1.0,1.2,2022,Metal Loss_47521.9,True,47521.906,47521.149000000005,METAL_LOSS,False,6.666666666666667,4431,47520.92412800837
13210,40.141,0.344,16.49,23.648,47526.768,Metal Loss,External,19.0,0.065,34.0,GENE,20.0,,,,2.1,2.1,5:56,EXT ML,8,N,N,5.97,180.421,09:20,21.363,CMFL,1025,65000,E.R. WELD,24,1509.0,2095.8,1500.8,2084.4,0.679,1.124,1.0,1.2,2022,Metal Loss_47526.8,True,47526.768,47526.011,METAL_LOSS,False,5.933333333333334,4433,47525.76820045841
13220,40.115,0.344,39.209,0.909,47589.626,Metal Loss,External,19.0,0.065,34.0,GENE,20.0,,,,2.3,3.1,5:06,EXT ML,2,N,N,5.97,183.139,10:28,34.767,CMFL,1025,65000,E.R. WELD,24,1502.4,2086.7,1496.8,2078.9,0.682,1.121,0.6,1.2,2022,Metal Loss_47589.6,True,47589.626,47588.869,METAL_LOSS,False,5.1,4437,47588.355259733784
13220,40.115,0.344,40.049,0.066,47590.469,Metal Loss,External,15.0,0.052,30.0,GENE,20.0,,,,4.4,4.2,5:51,EXT ML ( ON GW ),2,N,N,5.97,183.142,10:28,28.903,CMFL,1025,65000,E.R. WELD,24,1470.5,2042.3,1455.3,2021.3,0.697,1.096,1.0,1.2,2022,Metal Loss_47590.5,True,47590.469,47589.712,METAL_LOSS,False,5.85,4438,47589.194309287595
13230,40.026,0.344,0.774,39.252,47591.309,Metal Loss,External,18.0,0.062,33.0,GENE,20.0,,,,1.5,3.1,7:12,EXT ML,2,N,N,5.97,183.144,01:36,36.024,CMFL,1025,65000,E.R. WELD,24,1528.8,2123.3,1525.8,2119.1,0.671,1.139,1.0,1.2,2022,Metal Loss_47591.3,True,47591.309,47590.552,METAL_LOSS,False,7.2,4440,47590.02034777395
13230,40.026,0.344,0.843,39.183,47591.378,Metal Loss,External,15.0,0.052,30.0,GENE,20.0,,,,2.7,3.5,5:21,EXT ML,2,N,N,5.97,183.145,01:36,22.41,CMFL,1025,65000,E.R. WELD,24,1503.9,2088.7,1503.7,2088.5,0.682,1.121,1.0,1.2,2022,Metal Loss_47591.4,True,47591.378,47590.621,METAL_LOSS,False,5.35,4441,47590.088130715034
13260,40.246,0.344,38.72,1.526,47732.336,Metal Loss,External,13.0,0.044,28.0,PITT,20.0,,,,1.1,1.0,4:24,EXT ML,2,N,N,5.97,181.702,08:16,24.295,CMFL,1025,65000,E.R. WELD,24,1540.1,2139.0,1538.5,2136.8,0.666,1.148,0.6,1.2,2022,Metal Loss_47732.3,True,47732.336,47731.579000000005,METAL_LOSS,False,4.4,4445,47694.49250229831
13260,40.246,0.344,38.809,1.437,47732.425,Metal Loss,External,29.0,0.1,44.0,GENE,20.0,,,,28.3,27.3,5:41,EXT ML ( ON GW ),2,N,N,5.97,181.701,08:16,26.599,CMFL,1025,65000,E.R. WELD,24,1212.7,1684.4,1324.5,1839.6,0.845,0.904,1.2,1.4,2022,Metal Loss_47732.4,True,47732.425,47731.668000000005,METAL_LOSS,False,5.683333333333334,4446,47694.51043630581
13280,39.544,0.344,2.07,37.474,47775.925,Metal Loss,External,12.0,0.041,27.0,GENE,20.0,,,,8.1,3.5,2:55,EXT ML ( NEAR SW ),4,N,N,5.97,180.344,02:36,1.885,CMFL,1025,65000,E.R. WELD,24,1450.2,2014.2,1469.4,2040.8,0.707,1.082,1.0,1.2,2022,Metal Loss_47775.9,True,47775.925,47775.168000000005,METAL_LOSS,False,2.9166666666666665,4449,47746.95177624924
13280,39.544,0.344,4.252,35.292,47778.107,Metal Loss,External,13.0,0.044,28.0,GENE,20.0,,,,8.5,3.0,2:37,EXT ML ( ON SW ),4,N,N,5.97,180.258,02:36,0.628,CMFL,1025,65000,E.R. WELD,24,1443.4,2004.7,1437.4,1996.4,0.71,1.074,1.0,1.2,2022,Metal Loss_47778.1,True,47778.107,47777.350000000006,METAL_LOSS,False,2.6166666666666667,4450,47749.15673073033
13280,39.544,0.344,19.101,20.443,47792.956,Metal Loss,External,12.0,0.041,27.0,GENE,20.0,,,,5.7,2.2,2:52,EXT ML ( NEAR SW ),4,N,N,5.97,179.654,02:36,1.676,CMFL,1025,65000,E.R. WELD,24,1468.3,2039.4,1453.3,2018.4,0.698,1.097,1.0,1.2,2022,Metal Loss_47793.0,True,47792.956,47792.199,METAL_LOSS,False,2.8666666666666667,4451,47764.16194112887
13280,39.544,0.344,20.138,19.403,47793.996,Metal Loss,External,13.0,0.044,28.0,GENE,20.0,,,,11.0,2.2,2:52,EXT ML ( NEAR SW ),4,N,N,5.97,179.611,02:36,1.676,CMFL,1025,65000,E.R. WELD,24,1429.8,1985.8,1408.0,1955.5,0.717,1.064,1.0,1.2,2022,Metal Loss_47794.0,True,47793.996,47793.239,METAL_LOSS,False,2.8666666666666667,4452,47765.21288185313
13300,36.22,0.344,0.0,36.22,47835.558,Dent,,,,,,,1.2,0.288,N,2.89,11.17,5:45,DENT-1.2%OD (0.288IN) (REPAIRED),0,N,N,5.97,177.558,07:48,12.776,CMFL,1025,65000,E.R. WELD,24,,,,,,,,,2022,Dent_47835.6,True,47835.558,47834.801,DENT,False,5.75,4457,47824.77
13320,10.039,0.344,0.246,9.793,47880.128,Metal Loss,External,17.0,0.058,32.0,GENE,20.0,,,,19.3,8.7,9:46,EXT ML,6,N,N,5.97,172.526,11:56,13.823,CMFL,1025,65000,E.R. WELD,24,1368.5,1900.7,1363.8,1894.1,0.749,1.018,1.0,1.2,2022,Metal Loss_47880.1,True,47880.128,47879.371,METAL_LOSS,False,9.766666666666667,4463,47883.15470153777
13320,10.039,0.344,1.696,8.343,47881.578,Metal Loss,External,18.0,0.062,33.0,GENE,20.0,,,,5.1,5.7,04:00,EXT ML,6,N,N,5.97,172.599,11:56,26.808,CMFL,1025,65000,E.R. WELD,24,1441.0,2001.4,1451.4,2015.9,0.711,1.073,1.0,1.2,2022,Metal Loss_47881.6,True,47881.578,47880.821,METAL_LOSS,False,4.0,4464,47886.35072755333
13320,10.039,0.344,9.098,0.942,47888.98,Metal Loss,External,14.0,0.048,29.0,GENE,20.0,,,,4.1,3.5,2:46,EXT ML,6,N,N,5.97,174.283,11:56,18.431,CMFL,1025,65000,E.R. WELD,24,1481.1,2057.1,1471.5,2043.7,0.692,1.104,1.0,1.2,2022,Metal Loss_47889.0,True,47888.98,47888.223000000005,METAL_LOSS,False,2.7666666666666666,4465,47902.6658893237
13320,10.039,0.344,9.35,0.689,47889.232,Metal Loss,External,20.0,0.069,35.0,GENE,20.0,,,,12.1,8.1,12:52,EXT ML ( ON GW ),6,N,N,5.97,174.347,11:56,3.351,CMFL,1025,65000,E.R. WELD,24,1349.4,1874.2,1361.9,1891.6,0.76,1.009,1.0,1.2,2022,Metal Loss_47889.2,True,47889.232,47888.475000000006,METAL_LOSS,False,12.866666666666667,4466,47903.22133660365
13320,10.039,0.344,9.547,0.492,47889.429,Metal Loss,External,16.0,0.055,31.0,GENE,20.0,,,,10.3,6.5,5:52,EXT ML ( ON GW ),6,N,N,5.97,174.395,11:56,35.605,CMFL,1025,65000,E.R. WELD,24,1403.1,1948.7,1394.7,1937.1,0.731,1.046,1.0,1.2,2022,Metal Loss_47889.4,True,47889.429,47888.672,METAL_LOSS,False,5.866666666666667,4467,47903.65555531057
13320,10.039,0.344,9.649,0.39,47889.531,Metal Loss,External,15.0,0.052,30.0,GENE,20.0,,,,7.3,4.0,2:42,EXT ML ( ON GW ),6,N,N,5.97,174.42,11:56,16.127,CMFL,1025,65000,E.R. WELD,24,1436.7,1995.4,1440.5,2000.7,0.714,1.068,1.0,1.2,2022,Metal Loss_47889.5,True,47889.531,47888.774000000005,METAL_LOSS,False,2.7,4468,47903.880379209615
13330,40.157,0.344,0.801,39.357,47890.722,Metal Loss,External,20.0,0.069,35.0,GENE,20.0,,,,4.7,1.8,5:10,EXT ML,1,N,N,5.97,174.718,08:12,18.85,CMFL,1025,65000,E.R. WELD,24,1435.9,1994.3,1424.3,1978.2,0.714,1.069,1.0,1.2,2022,Metal Loss_47890.7,True,47890.722,47889.965,METAL_LOSS,False,5.166666666666667,4470,47905.53725011206
13360,40.203,0.344,31.404,8.799,48041.686,Metal Loss,External,12.0,0.041,27.0,GENE,20.0,,,,2.6,2.3,8:51,EXT ML ( ON SW ),2,N,N,5.97,189.577,09:00,0.838,CMFL,1025,65000,E.R. WELD,24,1514.9,2104.1,1508.5,2095.1,0.677,1.129,1.0,1.2,2022,Metal Loss_48041.7,True,48041.686,48040.929,METAL_LOSS,False,8.85,4477,48033.35340239262
13360,40.203,0.344,32.251,7.956,48042.53,Metal Loss,External,13.0,0.044,28.0,GENE,20.0,,,,1.3,1.3,8:50,EXT ML ( NEAR SW ),2,N,N,5.97,189.603,09:00,1.047,CMFL,1025,65000,E.R. WELD,24,1537.4,2135.3,1535.3,2132.3,0.667,1.146,1.0,1.2,2022,Metal Loss_48042.5,True,48042.53,48041.773,METAL_LOSS,False,8.833333333333334,4478,48033.583257890416
13370,40.007,0.344,18.474,21.532,48068.96,Metal Loss,External,10.0,0.034,25.0,GENE,20.0,,,,6.4,3.4,5:54,EXT ML,1,N,N,5.97,190.076,08:00,13.195,CMFL,1025,65000,E.R. WELD,24,1476.3,2050.4,1462.9,2031.8,0.694,1.103,1.0,1.2,2022,Metal Loss_48069.0,True,48068.96,48068.203,METAL_LOSS,False,5.9,4481,48043.10154926761
13450,40.207,0.344,4.82,35.387,48295.791,Metal Loss,External,11.0,0.038,26.0,GENE,20.0,,,,3.1,2.6,12:11,EXT ML ( ON SW ),4,N,N,5.97,184.501,12:00,1.257,CMFL,1025,65000,E.R. WELD,24,1511.4,2099.2,1504.4,2089.5,0.678,1.126,1.0,1.2,2022,Metal Loss_48295.8,True,48295.791,48295.034,METAL_LOSS,False,12.183333333333334,4491,48309.659980102966
13450,40.207,0.344,14.193,26.014,48305.164,Metal Loss,External,11.0,0.038,26.0,GENE,20.0,,,,7.0,4.9,12:13,EXT ML ( ON SW ),4,N,N,5.97,183.414,12:00,0.209,CMFL,1025,65000,E.R. WELD,24,1465.6,2035.6,1455.5,2021.6,0.699,1.094,1.0,1.2,2022,Metal Loss_48305.2,True,48305.164,48304.407,METAL_LOSS,False,12.216666666666667,4492,48318.994049294895
13450,40.207,0.344,20.853,19.354,48311.824,Metal Loss,External,11.0,0.038,26.0,GENE,20.0,,,,5.4,2.2,12:17,EXT ML ( NEAR SW ),4,N,N,5.97,182.642,12:00,1.885,CMFL,1025,65000,E.R. WELD,24,1483.7,2060.7,1471.6,2043.9,0.691,1.104,1.0,1.2,2022,Metal Loss_48311.8,True,48311.824,48311.067,METAL_LOSS,False,12.283333333333333,4494,48325.62638694755
13450,40.207,0.344,29.836,10.371,48320.807,Metal Loss,External,11.0,0.038,26.0,GENE,20.0,,,,7.2,1.7,12:27,EXT ML,4,N,N,5.97,181.601,12:00,2.932,CMFL,1025,65000,E.R. WELD,24,1466.4,2036.7,1451.2,2015.6,0.699,1.093,1.0,1.2,2022,Metal Loss_48320.8,True,48320.807,48320.05,METAL_LOSS,False,12.45,4495,48334.57207600667
13530,39.974,0.344,0.223,39.754,48612.789,Metal Loss,External,11.0,0.038,26.0,GENE,20.0,,,,7.0,3.5,7:48,EXT ML ( ON SW ),3,N,N,5.97,111.415,07:36,1.257,CMFL,1025,65000,E.R. WELD,24,1466.9,2037.3,1451.8,2016.4,0.699,1.094,1.0,1.2,2022,Metal Loss_48612.8,True,48612.789,48612.032,METAL_LOSS,False,7.8,4509,48570.11623004953
13530,39.974,0.344,11.526,28.451,48624.091,Metal Loss,External,15.0,0.052,30.0,GENE,20.0,,,,20.7,2.5,7:26,EXT ML ( ON SW ),3,N,N,5.97,111.197,07:36,0.628,CMFL,1025,65000,E.R. WELD,24,1389.8,1930.3,1373.8,1908.0,0.738,1.033,1.0,1.2,2022,Metal Loss_48624.1,True,48624.091,48623.334,METAL_LOSS,False,7.433333333333334,4510,48582.7657392305
13530,39.974,0.344,26.01,13.967,48638.576,Metal Loss,External,15.0,0.052,30.0,AXGR,20.0,,,,3.8,1.0,7:25,EXT ML ( NEAR SW ),3,N,N,5.97,111.016,07:36,1.047,CMFL,1025,65000,E.R. WELD,24,1483.5,2060.4,1470.8,2042.8,0.691,1.104,1.0,1.2,2022,Metal Loss_48638.6,True,48638.576,48637.819,METAL_LOSS,False,7.416666666666667,4511,48598.9777495372
13570,7.388,0.344,0.778,6.614,48713.346,Metal Loss,External,12.0,0.041,27.0,GENE,20.0,,,,8.3,2.5,1:08,EXT ML ( ON SW ),6,N,N,5.97,107.501,01:04,0.419,CMFL,1025,65000,E.R. WELD,24,1450.8,2015.0,1432.8,1990.0,0.707,1.081,1.0,1.2,2022,Metal Loss_48713.3,True,48713.346,48712.589,METAL_LOSS,False,1.1333333333333333,4517,48710.891124380716
13570,7.388,0.344,3.576,3.816,48716.145,Metal Loss,External,12.0,0.041,27.0,GENE,20.0,,,,11.7,2.0,1:04,EXT ML ( ON SW ),6,N,N,5.97,106.256,01:04,0.0,CMFL,1025,65000,E.R. WELD,24,1432.5,1989.6,1411.4,1960.2,0.716,1.07,1.0,1.2,2022,Metal Loss_48716.1,True,48716.145,48715.388,METAL_LOSS,False,1.0666666666666667,4518,48714.55988155779
13570,7.388,0.344,6.302,1.089,48718.871,Metal Loss,External,24.0,0.082,39.0,GENE,20.0,,,,3.7,3.4,7:09,EXT ML,6,N,N,5.97,104.422,01:04,37.071,CMFL,1025,65000,E.R. WELD,24,1436.7,1995.4,1413.1,1962.6,0.714,1.071,1.0,1.2,2022,Metal Loss_48718.9,True,48718.871,48718.114,METAL_LOSS,False,7.15,4519,48718.132954821354
13570,7.388,0.344,6.48,0.909,48719.052,Metal Loss,External,19.0,0.065,34.0,GENE,20.0,,,,1.8,2.4,3:50,EXT ML,6,N,N,5.97,104.302,01:04,17.383,CMFL,1025,65000,E.R. WELD,24,1517.8,2108.1,1511.4,2099.2,0.675,1.131,1.0,1.2,2022,Metal Loss_48719.1,True,48719.052,48718.295000000006,METAL_LOSS,False,3.8333333333333335,4520,48718.37019849733
13570,7.388,0.344,6.667,0.725,48719.236,Metal Loss,External,13.0,0.044,28.0,GENE,20.0,,,,3.4,2.2,4:46,EXT ML,6,N,N,5.97,104.178,01:04,23.248,CMFL,1025,65000,E.R. WELD,24,1496.6,2078.6,1486.5,2064.6,0.685,1.117,1.0,1.2,2022,Metal Loss_48719.2,True,48719.236,48718.479,METAL_LOSS,False,4.766666666666667,4521,48718.61137438892
13570,7.388,0.344,6.778,0.614,48719.347,Metal Loss,External,21.0,0.072,36.0,GENE,20.0,,,,3.1,5.3,5:50,EXT ML,6,N,N,5.97,104.102,01:04,28.484,CMFL,1025,65000,E.R. WELD,24,1471.7,2044.0,1485.8,2063.6,0.697,1.097,1.0,1.2,2022,Metal Loss_48719.3,True,48719.347,48718.59,METAL_LOSS,False,5.833333333333333,4522,48718.75686636701
13610,9.262,0.344,4.38,4.882,48774.255,Metal Loss,External,13.0,0.044,28.0,GENE,20.0,,,,3.5,2.2,1:06,EXT ML ( NEAR SW ),2,N,N,5.97,104.563,12:52,1.466,CMFL,1025,65000,E.R. WELD,24,1496.3,2078.2,1486.3,2064.3,0.685,1.116,1.0,1.2,2022,Metal Loss_48774.3,True,48774.255,48773.498,METAL_LOSS,False,1.1,4529,48778.816511873345
13610,9.262,0.344,7.513,1.749,48777.388,Metal Loss,External,13.0,0.044,28.0,GENE,15.0,,,,13.7,2.4,12:55,*EXT ML ( ON SW ),2,Y,Y,5.97,106.834,12:52,0.419,CMFL,1025,65000,E.R. WELD,24,1415.9,1966.6,1391.8,1933.0,0.724,1.058,0.8,1.0,2022,Metal Loss_48777.4,True,48777.388,48776.631,METAL_LOSS,False,12.916666666666666,4530,48782.11153509235
13630,14.741,0.344,14.541,0.203,48803.366,Metal Loss,External,12.0,0.041,27.0,GENE,20.0,,,,25.8,5.3,2:02,EXT ML ( ON GW ON SW ),1,N,N,5.97,116.49,UNKN,,CMFL,1025,65000,E.R. WELD,24,1413.4,1963.1,1431.4,1988.1,0.725,1.054,1.0,1.2,2022,Metal Loss_48803.4,True,48803.366,48802.609,METAL_LOSS,False,2.033333333333333,4534,48804.17915768057
13640,40.213,0.344,3.323,36.89,48806.893,Metal Loss,External,12.0,0.041,27.0,GENE,20.0,,,,6.8,1.4,1:55,EXT ML ( ON SW ),1,N,N,5.97,117.29,01:48,0.838,CMFL,1025,65000,E.R. WELD,24,1459.5,2027.1,1442.9,2004.0,0.702,1.089,1.0,1.2,2022,Metal Loss_48806.9,True,48806.893,48806.136,METAL_LOSS,False,1.9166666666666665,4536,48806.71641409494
13650,40.292,0.344,25.991,14.301,48869.774,Metal Loss,External,12.0,0.041,27.0,GENE,20.0,,,,7.4,8.4,2:35,EXT ML ( ON SW ),1,N,N,5.97,138.407,02:52,4.189,CMFL,1025,65000,E.R. WELD,24,1459.5,2027.0,1454.9,2020.7,0.702,1.086,1.0,1.2,2022,Metal Loss_48869.8,True,48869.774,48869.017,METAL_LOSS,False,2.5833333333333335,4539,48858.993627519114
13670,40.105,0.344,14.587,25.518,48938.724,Metal Loss,External,12.0,0.041,27.0,GENE,20.0,,,,5.2,3.5,9:04,EXT ML ( ON SW ),3,N,N,5.97,172.524,08:52,1.257,CMFL,1025,65000,E.R. WELD,24,1474.7,2048.2,1460.8,2028.9,0.695,1.1,1.0,1.2,2022,Metal Loss_48938.7,True,48938.724,48937.967,METAL_LOSS,False,9.066666666666666,4542,48927.661534970706
13670,40.105,0.344,15.6,24.505,48939.738,Metal Loss,External,12.0,0.041,27.0,GENE,20.0,,,,3.5,3.1,9:08,EXT ML ( NEAR SW ),3,N,N,5.97,173.098,08:52,1.676,CMFL,1025,65000,E.R. WELD,24,1501.8,2085.9,1492.9,2073.5,0.683,1.118,1.0,1.2,2022,Metal Loss_48939.7,True,48939.738,48938.981,METAL_LOSS,False,9.133333333333333,4543,48928.67237451689
13670,40.105,0.344,38.005,2.1,48962.142,Metal Loss,External,15.0,0.052,30.0,GENE,20.0,,,,4.3,1.9,9:10,EXT ML ( NEAR SW ),3,N,N,5.97,185.795,08:52,1.885,CMFL,1025,65000,E.R. WELD,24,1471.8,2044.1,1456.9,2023.4,0.697,1.097,1.0,1.2,2022,Metal Loss_48962.1,True,48962.142,48961.385,METAL_LOSS,False,9.166666666666666,4544,48951.00654531854
13710,39.993,0.344,24.747,15.246,49048.251,Dent,,,,,,,1.8,0.432,N,11.37,5.59,4:30,DENT-1.8%OD (0.432IN),0,N,N,5.97,206.183,10:08,35.395,CMFL,1025,65000,E.R. WELD,24,,,,,,,,,2022,Dent_49048.3,True,49048.251,49047.494,DENT,False,4.5,4551,49057.45995049133
13780,17.749,0.344,1.352,16.398,49305.456,Metal Loss,External,15.0,0.052,30.0,GENE,20.0,,,,1.8,2.0,7:46,EXT ML ( NEAR SW ),6,N,N,5.97,211.575,07:32,1.466,CMFL,1025,65000,E.R. WELD,24,1525.2,2118.3,1520.5,2111.9,0.672,1.136,1.0,1.2,2022,Metal Loss_49305.5,True,49305.456,49304.699,METAL_LOSS,False,7.766666666666667,4560,49293.176194929576
13780,17.749,0.344,3.143,14.606,49307.247,Metal Loss,External,13.0,0.044,28.0,GENE,20.0,,,,2.2,3.4,7:40,EXT ML ( ON SW ),6,N,N,5.97,211.622,07:32,0.838,CMFL,1025,65000,E.R. WELD,24,1520.5,2111.8,1515.0,2104.2,0.674,1.134,1.0,1.2,2022,Metal Loss_49307.2,True,49307.247,49306.490000000005,METAL_LOSS,False,7.666666666666667,4561,49297.18500788733
13780,17.749,0.344,7.753,9.997,49311.857,Metal Loss,External,12.0,0.041,27.0,GENE,20.0,,,,9.0,2.1,7:43,EXT ML ( NEAR SW ),6,N,N,5.97,211.705,07:32,1.885,CMFL,1025,65000,E.R. WELD,24,1443.4,2004.7,1476.0,2049.9,0.71,1.078,1.0,1.2,2022,Metal Loss_49311.9,True,49311.857,49311.100000000006,METAL_LOSS,False,7.716666666666667,4562,49307.503616338035
13780,17.749,0.344,9.259,8.491,49313.363,Metal Loss,External,12.0,0.041,27.0,GENE,20.0,,,,1.9,2.0,7:52,EXT ML,6,N,N,5.97,211.732,07:32,2.094,CMFL,1025,65000,E.R. WELD,24,1529.7,2124.6,1526.1,2119.6,0.67,1.14,1.0,1.2,2022,Metal Loss_49313.4,True,49313.363,49312.606,METAL_LOSS,False,7.866666666666667,4563,49310.87451098591
13780,17.749,0.344,10.02,7.73,49314.124,Metal Loss,External,13.0,0.044,28.0,GENE,20.0,,,,11.0,2.6,7:44,EXT ML ( ON SW ),6,N,N,5.97,211.746,07:32,1.676,CMFL,1025,65000,E.R. WELD,24,1424.3,1978.2,1452.4,2017.2,0.72,1.065,1.0,1.2,2022,Metal Loss_49314.1,True,49314.124,49313.367000000006,METAL_LOSS,False,7.733333333333333,4564,49312.57786478874
13780,17.749,0.344,12.116,5.636,49316.217,Metal Loss,External,13.0,0.044,28.0,GENE,20.0,,,,1.5,2.3,7:58,EXT ML,6,N,N,5.97,211.783,07:32,2.723,CMFL,1025,65000,E.R. WELD,24,1533.1,2129.2,1530.1,2125.1,0.669,1.143,1.0,1.2,2022,Metal Loss_49316.2,True,49316.217,49315.46,METAL_LOSS,False,7.966666666666667,4565,49317.262647323936
13790,40.138,0.344,8.602,31.535,49330.459,Metal Loss,External,10.0,0.034,25.0,GENE,20.0,,,,6.9,3.0,12:07,EXT ML ( ON SW ),3,N,N,5.97,212.082,12:04,0.0,CMFL,1025,65000,E.R. WELD,24,1473.4,2046.4,1463.5,2032.7,0.696,1.1,1.0,1.2,2022,Metal Loss_49330.5,True,49330.459,49329.702000000005,METAL_LOSS,False,12.116666666666667,4567,49338.45906130889
13790,40.138,0.344,13.599,26.542,49335.453,Metal Loss,External,11.0,0.038,26.0,GENE,20.0,,,,15.7,3.7,12:02,EXT ML ( ON SW ),3,N,N,5.97,212.207,12:04,1.047,CMFL,1025,65000,E.R. WELD,24,1437.3,1996.2,1444.0,2005.5,0.713,1.07,1.0,1.2,2022,Metal Loss_49335.5,True,49335.453,49334.696,METAL_LOSS,False,12.033333333333333,4568,49343.43800752348
13790,40.138,0.344,15.499,24.642,49337.352,Metal Loss,External,12.0,0.041,27.0,GENE,20.0,,,,3.8,2.3,12:24,EXT ML ( NEAR SW ),3,N,N,5.97,212.254,12:04,2.094,CMFL,1025,65000,E.R. WELD,24,1498.3,2081.0,1488.8,2067.7,0.684,1.115,1.0,1.2,2022,Metal Loss_49337.4,True,49337.352,49336.595,METAL_LOSS,False,12.4,4569,49345.331283226624
13950,40.079,0.344,0.728,39.35,49962.982,Metal Loss,External,21.0,0.072,36.0,GENE,20.0,,,,2.3,2.2,5:31,EXT ML,2,N,N,5.97,205.158,10:36,31.835,CMFL,1025,65000,E.R. WELD,24,1497.8,2080.3,1487.1,2065.4,0.684,1.116,1.0,1.2,2022,Metal Loss_49963.0,True,49962.982,49962.225000000006,METAL_LOSS,False,5.516666666666667,4599,49968.79692831658
13960,40.213,0.344,39.337,0.876,50041.67,Metal Loss,External,15.0,0.052,30.0,GENE,20.0,,,,3.8,2.2,4:36,EXT ML,1,N,N,5.97,200.04,09:44,32.254,CMFL,1025,65000,E.R. WELD,24,1479.0,2054.2,1465.4,2035.3,0.693,1.104,1.0,1.2,2022,Metal Loss_50041.7,True,50041.67,50040.913,METAL_LOSS,False,4.6,4604,50047.20885783204
13980,40.138,0.344,30.016,10.121,50112.687,Metal Loss,External,11.0,0.038,26.0,GENE,20.0,,,,4.1,2.6,1:13,EXT ML ( ON SW ),3,N,N,5.97,190.33,01:04,1.047,CMFL,1025,65000,E.R. WELD,24,1494.9,2076.2,1484.8,2062.2,0.686,1.115,1.0,1.2,2022,Metal Loss_50112.7,True,50112.687,50111.93,METAL_LOSS,False,1.2166666666666668,4607,50117.98354610459
13980,40.138,0.344,32.044,8.097,50114.711,Metal Loss,External,14.0,0.048,29.0,GENE,20.0,,,,2.3,1.7,1:15,EXT ML ( NEAR SW ),3,N,N,5.97,190.022,01:04,1.257,CMFL,1025,65000,E.R. WELD,24,1516.7,2106.5,1510.4,2097.7,0.676,1.13,1.0,1.2,2022,Metal Loss_50114.7,True,50114.711,50113.954000000005,METAL_LOSS,False,1.25,4608,50120.00063756634
13980,40.138,0.344,37.949,2.188,50120.62,Metal Loss,External,14.0,0.048,29.0,GENE,20.0,,,,3.0,1.8,1:17,EXT ML ( NEAR SW ),3,N,N,5.97,189.123,01:04,1.466,CMFL,1025,65000,E.R. WELD,24,1502.6,2087.0,1493.7,2074.6,0.682,1.119,1.0,1.2,2022,Metal Loss_50120.6,True,50120.62,50119.863000000005,METAL_LOSS,False,1.2833333333333332,4609,50125.889468321
14020,40.249,0.344,39.337,0.909,50282.516,Metal Loss,External,22.0,0.076,37.0,GENE,20.0,,,,1.7,2.2,5:23,EXT ML,1,N,N,5.97,166.629,02:12,20.106,CMFL,1025,65000,E.R. WELD,24,1515.0,2104.2,1507.8,2094.1,0.677,1.129,1.0,1.2,2022,Metal Loss_50282.5,True,50282.516,50281.759000000005,METAL_LOSS,False,5.383333333333334,4616,50234.749452657205
14040,40.157,0.344,13.015,27.142,50336.594,Metal Loss,External,19.0,0.065,34.0,GENE,20.0,,,,7.3,2.9,7:41,EXT ML,9,N,N,5.97,156.199,09:20,10.891,CMFL,1025,65000,E.R. WELD,24,1400.2,1944.7,1435.8,1994.2,0.732,1.043,1.0,1.2,2022,Metal Loss_50336.6,True,50336.594,50335.837,METAL_LOSS,False,7.683333333333334,4620,50288.03055206932
14040,40.157,0.344,38.228,1.926,50361.811,Metal Loss,External,16.0,0.055,31.0,GENE,20.0,,,,3.4,3.5,5:38,EXT ML,9,N,N,5.97,149.18,09:20,23.248,CMFL,1025,65000,E.R. WELD,24,1485.8,2063.7,1473.4,2046.4,0.69,1.107,1.0,1.2,2022,Metal Loss_50361.8,True,50361.811,50361.054,METAL_LOSS,False,5.633333333333333,4621,50313.14205737337
14040,40.157,0.344,38.337,1.821,50361.916,Metal Loss,External,16.0,0.055,31.0,GENE,20.0,,,,13.3,5.8,10:19,EXT ML,9,N,N,5.97,149.15,09:20,5.864,CMFL,1025,65000,E.R. WELD,24,1390.3,1930.9,1419.7,1971.8,0.737,1.036,1.0,1.2,2022,Metal Loss_50361.9,True,50361.916,50361.159,METAL_LOSS,False,10.316666666666666,4622,50313.24661810847
14040,40.157,0.344,38.369,1.785,50361.952,Metal Loss,External,16.0,0.055,31.0,GENE,20.0,,,,2.4,2.3,2:34,EXT ML,9,N,N,5.97,149.14,09:20,32.882,CMFL,1025,65000,E.R. WELD,24,1510.1,2097.3,1502.4,2086.6,0.679,1.125,1.0,1.2,2022,Metal Loss_50362.0,True,50361.952,50361.195,METAL_LOSS,False,2.5666666666666664,4623,50313.282467503355
14040,40.157,0.344,38.419,1.736,50362.001,Metal Loss,External,19.0,0.065,34.0,GENE,20.0,,,,10.2,9.1,8:31,EXT ML ( NEAR SW ),9,N,N,5.97,149.127,09:20,5.445,CMFL,1025,65000,E.R. WELD,24,1372.8,1906.7,1398.3,1942.1,0.747,1.025,1.0,1.2,2022,Metal Loss_50362.0,True,50362.001,50361.244,METAL_LOSS,False,8.516666666666667,4624,50313.331262513064
14040,40.157,0.344,38.425,1.732,50362.005,Metal Loss,External,24.0,0.082,39.0,GENE,20.0,,,,2.1,2.8,11:46,EXT ML,9,N,N,5.97,149.125,09:20,15.289,CMFL,1025,65000,E.R. WELD,24,1494.4,2075.5,1482.4,2058.9,0.686,1.115,1.0,1.2,2022,Metal Loss_50362.0,True,50362.005,50361.248,METAL_LOSS,False,11.766666666666667,4625,50313.33524577917
14040,40.157,0.344,38.986,1.168,50362.569,Metal Loss,External,14.0,0.048,29.0,GENE,20.0,,,,2.3,2.4,11:31,EXT ML,9,N,N,5.97,148.969,09:20,13.823,CMFL,1025,65000,E.R. WELD,24,1517.7,2107.9,1511.7,2099.5,0.675,1.13,1.0,1.2,2022,Metal Loss_50362.6,True,50362.569,50361.812000000005,METAL_LOSS,False,11.516666666666667,4626,50313.89688629912
14040,40.157,0.344,39.544,0.614,50363.123,Metal Loss,External,17.0,0.058,32.0,GENE,20.0,,,,2.9,2.1,11:47,EXT ML,9,N,N,5.97,148.814,09:20,15.499,CMFL,1025,65000,E.R. WELD,24,1494.4,2075.5,1483.5,2060.4,0.686,1.113,1.0,1.2,2022,Metal Loss_50363.1,True,50363.123,50362.366,METAL_LOSS,False,11.783333333333333,4627,50314.44856865382
14040,40.157,0.344,39.734,0.423,50363.314,Metal Loss,External,19.0,0.065,34.0,GENE,20.0,,,,1.7,2.0,10:11,EXT ML,9,N,N,5.97,148.761,09:20,5.445,CMFL,1025,65000,E.R. WELD,24,1520.2,2111.4,1514.4,2103.3,0.674,1.133,1.0,1.2,2022,Metal Loss_50363.3,True,50363.314,50362.557,METAL_LOSS,False,10.183333333333334,4628,50314.638769610036
14060,40.164,0.344,0.666,39.498,50374.652,Metal Loss,External,22.0,0.076,37.0,GENE,20.0,,,,5.7,3.9,7:18,EXT ML,41,N,N,5.97,147.851,12:56,35.395,CMFL,1025,65000,E.R. WELD,24,1401.0,1945.8,1371.5,1904.9,0.732,1.044,1.0,1.2,2022,Metal Loss_50374.7,True,50374.652,50373.895,METAL_LOSS,False,7.3,4632,50355.688538346614
14060,40.164,0.344,0.702,39.459,50374.692,Metal Loss,External,14.0,0.048,29.0,GENE,20.0,,,,14.5,4.1,10:34,EXT ML,41,N,N,5.97,147.851,12:56,15.499,CMFL,1025,65000,E.R. WELD,24,1408.0,1955.5,1398.4,1942.3,0.728,1.049,1.0,1.2,2022,Metal Loss_50374.7,True,50374.692,50373.935000000005,METAL_LOSS,False,10.566666666666666,4633,50355.72832918327
14060,40.164,0.344,2.635,37.53,50376.621,Metal Loss,External,13.0,0.044,28.0,GENE,20.0,,,,2.2,2.2,11:21,EXT ML,41,N,N,5.97,147.854,12:56,9.844,CMFL,1025,65000,E.R. WELD,24,1520.3,2111.5,1514.8,2103.9,0.674,1.133,1.0,1.2,2022,Metal Loss_50376.6,True,50376.621,50375.864,METAL_LOSS,False,11.35,4634,50357.64724228088
14060,40.164,0.344,3.104,37.057,50377.093,Metal Loss,External,12.0,0.041,27.0,GENE,20.0,,,,6.4,2.1,11:06,EXT ML,41,N,N,5.97,147.938,12:56,11.729,CMFL,1025,65000,E.R. WELD,24,1462.9,2031.8,1459.1,2026.5,0.701,1.092,1.0,1.2,2022,Metal Loss_50377.1,True,50377.093,50376.336,METAL_LOSS,False,11.1,4635,50358.116774153386
14060,40.164,0.344,3.825,36.335,50377.815,Metal Loss,External,11.0,0.038,26.0,GENE,20.0,,,,3.3,1.3,11:06,EXT ML,41,N,N,5.97,148.066,12:56,11.519,CMFL,1025,65000,E.R. WELD,24,1508.9,2095.6,1501.3,2085.2,0.679,1.124,1.0,1.2,2022,Metal Loss_50377.8,True,50377.815,50377.058000000005,METAL_LOSS,False,11.1,4636,50358.83499875498
14060,40.164,0.344,4.521,35.64,50378.51,Metal Loss,External,17.0,0.058,32.0,GENE,20.0,,,,6.4,2.7,2:47,EXT ML,41,N,N,5.97,148.189,12:56,11.729,CMFL,1025,65000,E.R. WELD,24,1424.6,1978.5,1439.5,1999.3,0.72,1.064,1.0,1.2,2022,Metal Loss_50378.5,True,50378.51,50377.753,METAL_LOSS,False,2.783333333333333,4637,50359.52636454184
14060,40.164,0.344,4.59,35.571,50378.579,Metal Loss,External,14.0,0.048,29.0,GENE,20.0,,,,1.7,1.9,11:23,EXT ML,41,N,N,5.97,148.202,12:56,9.634,CMFL,1025,65000,E.R. WELD,24,1528.7,2123.1,1524.8,2117.7,0.671,1.139,1.0,1.2,2022,Metal Loss_50378.6,True,50378.579,50377.822,METAL_LOSS,False,11.383333333333333,4638,50359.595003735056
14060,40.164,0.344,4.948,35.213,50378.937,Metal Loss,External,14.0,0.048,29.0,GENE,20.0,,,,3.0,2.9,11:29,EXT ML,41,N,N,5.97,148.265,12:56,9.006,CMFL,1025,65000,E.R. WELD,24,1503.8,2088.6,1496.7,2078.8,0.682,1.12,1.0,1.2,2022,Metal Loss_50378.9,True,50378.937,50378.18,METAL_LOSS,False,11.483333333333333,4639,50359.95113172311
14060,40.164,0.344,5.571,34.59,50379.56,Metal Loss,External,10.0,0.034,25.0,GENE,20.0,,,,2.1,1.3,2:36,EXT ML,41,N,N,5.97,148.376,12:56,10.472,CMFL,1025,65000,E.R. WELD,24,1529.1,2123.7,1525.4,2118.6,0.67,1.14,1.0,1.2,2022,Metal Loss_50379.6,True,50379.56,50378.803,METAL_LOSS,False,2.6,4640,50360.570874003984
14060,40.164,0.344,6.289,33.871,50380.279,Metal Loss,External,13.0,0.044,28.0,GENE,20.0,,,,8.2,2.8,11:19,EXT ML,41,N,N,5.97,148.504,12:56,10.053,CMFL,1025,65000,E.R. WELD,24,1441.2,2001.7,1442.8,2003.9,0.711,1.075,1.0,1.2,2022,Metal Loss_50380.3,True,50380.279,50379.522,METAL_LOSS,False,11.316666666666666,4641,50361.28611429283
14060,40.164,0.344,6.611,33.553,50380.597,Metal Loss,External,21.0,0.072,36.0,GENE,20.0,,,,9.6,3.2,2:30,EXT ML,41,N,N,5.97,148.56,12:56,9.425,CMFL,1025,65000,E.R. WELD,24,1359.8,1888.6,1385.4,1924.2,0.754,1.014,1.0,1.2,2022,Metal Loss_50380.6,True,50380.597,50379.84,METAL_LOSS,False,2.5,4642,50361.602451444225
14060,40.164,0.344,7.956,32.205,50381.946,Metal Loss,External,17.0,0.058,32.0,GENE,20.0,,,,4.6,3.0,11:04,EXT ML,41,N,N,5.97,148.799,12:56,11.1,CMFL,1025,65000,E.R. WELD,24,1453.8,2019.2,1471.1,2043.2,0.705,1.084,1.0,1.2,2022,Metal Loss_50381.9,True,50381.946,50381.189000000006,METAL_LOSS,False,11.066666666666666,4643,50362.94439741036
14060,40.164,0.344,9.029,31.132,50383.018,Metal Loss,External,19.0,0.065,34.0,GENE,20.0,,,,8.3,3.6,11:29,EXT ML,41,N,N,5.97,148.99,12:56,8.796,CMFL,1025,65000,E.R. WELD,24,1386.8,1926.1,1386.2,1925.3,0.739,1.035,1.0,1.2,2022,Metal Loss_50383.0,True,50383.018,50382.261,METAL_LOSS,False,11.483333333333333,4644,50364.01079183267
14060,40.164,0.344,9.331,30.83,50383.32,Metal Loss,External,14.0,0.048,29.0,GENE,20.0,,,,7.8,6.2,5:42,EXT ML,41,N,N,5.97,149.043,12:56,30.788,CMFL,1025,65000,E.R. WELD,24,1441.4,2002.0,1440.6,2000.8,0.711,1.071,1.0,1.2,2022,Metal Loss_50383.3,True,50383.32,50382.563,METAL_LOSS,False,5.7,4645,50364.3112126494
14060,40.164,0.344,9.928,30.233,50383.917,Metal Loss,External,17.0,0.058,32.0,GENE,20.0,,,,3.7,3.9,2:40,EXT ML,41,N,N,5.97,149.149,12:56,11.729,CMFL,1025,65000,E.R. WELD,24,1471.9,2044.4,1463.1,2032.1,0.696,1.098,1.0,1.2,2022,Metal Loss_50383.9,True,50383.917,50383.16,METAL_LOSS,False,2.6666666666666665,4646,50364.90509088646
14060,40.164,0.344,10.059,30.102,50384.049,Metal Loss,External,31.0,0.106,46.0,GENE,20.0,,,,3.3,3.5,8:55,EXT ML,41,N,N,5.97,149.172,12:56,25.133,CMFL,1025,65000,E.R. WELD,24,1417.7,1969.0,1387.9,1927.7,0.723,1.056,1.0,1.2,2022,Metal Loss_50384.0,True,50384.049,50383.292,METAL_LOSS,False,8.916666666666666,4647,50365.03640064741
14060,40.164,0.344,10.292,29.869,50384.281,Metal Loss,External,11.0,0.038,26.0,GENE,20.0,,,,13.5,5.4,6:26,EXT ML,41,N,N,5.97,149.214,12:56,32.463,CMFL,1025,65000,E.R. WELD,24,1440.6,2000.8,1433.9,1991.5,0.712,1.074,1.0,1.2,2022,Metal Loss_50384.3,True,50384.281,50383.524000000005,METAL_LOSS,False,6.433333333333334,4648,50365.2671875
14060,40.164,0.344,10.423,29.738,50384.413,Metal Loss,External,16.0,0.055,31.0,GENE,20.0,,,,14.3,5.8,2:44,EXT ML,41,N,N,5.97,149.237,12:56,10.681,CMFL,1025,65000,E.R. WELD,24,1392.4,1933.9,1393.5,1935.4,0.736,1.034,1.0,1.2,2022,Metal Loss_50384.4,True,50384.413,50383.656,METAL_LOSS,False,2.7333333333333334,4649,50365.398497260954
14060,40.164,0.344,10.837,29.324,50384.826,Metal Loss,External,21.0,0.072,36.0,GENE,20.0,,,,2.7,2.3,9:46,EXT ML,41,N,N,5.97,149.311,12:56,19.897,CMFL,1025,65000,E.R. WELD,24,1483.2,2060.0,1469.4,2040.8,0.691,1.106,1.0,1.2,2022,Metal Loss_50384.8,True,50384.826,50384.069,METAL_LOSS,False,9.766666666666667,4650,50365.80933764941
14060,40.164,0.344,10.915,29.245,50384.905,Metal Loss,External,17.0,0.058,32.0,GENE,20.0,,,,20.6,5.0,11:36,EXT ML,41,N,N,5.97,149.325,12:56,9.215,CMFL,1025,65000,E.R. WELD,24,1363.1,1893.2,1350.3,1875.4,0.752,1.017,1.0,1.2,2022,Metal Loss_50384.9,True,50384.905,50384.148,METAL_LOSS,False,11.6,4651,50365.88792455179
14060,40.164,0.344,11.283,28.878,50385.272,Metal Loss,External,19.0,0.065,34.0,GENE,20.0,,,,2.3,1.6,4:56,EXT ML,41,N,N,5.97,149.39,12:56,25.133,CMFL,1025,65000,E.R. WELD,24,1502.3,2086.6,1492.7,2073.2,0.682,1.12,1.0,1.2,2022,Metal Loss_50385.3,True,50385.272,50384.515,METAL_LOSS,False,4.933333333333334,4652,50366.25300547809
14060,40.164,0.344,11.365,28.796,50385.354,Metal Loss,External,22.0,0.076,37.0,GENE,20.0,,,,10.5,2.6,9:38,EXT ML,41,N,N,5.97,149.405,12:56,20.735,CMFL,1025,65000,E.R. WELD,24,1342.5,1864.6,1408.0,1955.6,0.764,1.001,1.0,1.2,2022,Metal Loss_50385.4,True,50385.354,50384.597,METAL_LOSS,False,9.633333333333333,4653,50366.334576693225
14060,40.164,0.344,11.657,28.504,50385.646,Metal Loss,External,27.0,0.093,42.0,GENE,20.0,,,,1.9,1.5,5:01,EXT ML,41,N,N,5.97,149.457,12:56,25.761,CMFL,1025,65000,E.R. WELD,24,1494.8,2076.2,1482.5,2059.0,0.686,1.115,1.0,1.2,2022,Metal Loss_50385.6,True,50385.646,50384.889,METAL_LOSS,False,5.016666666666667,4654,50366.6250498008
14060,40.164,0.344,12.425,27.736,50386.414,Metal Loss,External,27.0,0.093,42.0,GENE,20.0,,,,13.3,3.7,9:39,EXT ML,41,N,N,5.97,149.593,12:56,20.316,CMFL,1025,65000,E.R. WELD,24,1276.4,1772.8,1298.0,1802.7,0.803,0.95,1.0,1.2,2022,Metal Loss_50386.4,True,50386.414,50385.657,METAL_LOSS,False,9.65,4655,50367.38903386454
14060,40.164,0.344,12.772,27.388,50386.762,Metal Loss,External,23.0,0.079,38.0,GENE,20.0,,,,2.2,1.7,4:52,EXT ML,41,N,N,5.97,149.654,12:56,24.714,CMFL,1025,65000,E.R. WELD,24,1493.3,2074.1,1481.3,2057.4,0.686,1.113,1.0,1.2,2022,Metal Loss_50386.8,True,50386.762,50386.005000000005,METAL_LOSS,False,4.866666666666667,4656,50367.73521414343
14060,40.164,0.344,13.15,27.011,50387.139,Metal Loss,External,20.0,0.069,35.0,GENE,20.0,,,,2.1,1.3,4:53,EXT ML,41,N,N,5.97,149.721,12:56,24.923,CMFL,1025,65000,E.R. WELD,24,1506.5,2092.3,1497.6,2080.0,0.68,1.123,1.0,1.2,2022,Metal Loss_50387.1,True,50387.139,50386.382000000005,METAL_LOSS,False,4.883333333333333,4657,50368.11024277889
14060,40.164,0.344,13.245,26.916,50387.234,Metal Loss,External,18.0,0.062,33.0,GENE,20.0,,,,3.5,1.9,3:07,EXT ML,41,N,N,5.97,149.738,12:56,13.823,CMFL,1025,65000,E.R. WELD,24,1474.3,2047.6,1459.3,2026.9,0.695,1.098,1.0,1.2,2022,Metal Loss_50387.2,True,50387.234,50386.477,METAL_LOSS,False,3.1166666666666667,4658,50368.20474601594
14060,40.164,0.344,13.353,26.808,50387.343,Metal Loss,External,19.0,0.065,34.0,GENE,20.0,,,,5.3,1.3,12:06,EXT ML,41,N,N,5.97,149.757,12:56,5.236,CMFL,1025,65000,E.R. WELD,24,1430.0,1986.1,1406.7,1953.7,0.717,1.065,1.0,1.2,2022,Metal Loss_50387.3,True,50387.343,50386.586,METAL_LOSS,False,12.1,4659,50368.31317604582
14060,40.164,0.344,13.671,26.49,50387.661,Metal Loss,External,21.0,0.072,36.0,GENE,20.0,,,,2.1,1.6,4:56,EXT ML,41,N,N,5.97,149.814,12:56,25.133,CMFL,1025,65000,E.R. WELD,24,1504.2,2089.2,1494.8,2076.1,0.682,1.121,1.0,1.2,2022,Metal Loss_50387.7,True,50387.661,50386.904,METAL_LOSS,False,4.933333333333334,4660,50368.629513197215
14060,40.164,0.344,13.75,26.411,50387.74,Metal Loss,External,60.0,0.206,75.0,GENE,15.0,,,,28.8,7.2,9:11,*EXT ML,41,Y,Y,5.97,149.828,12:56,22.41,CMFL,1025,65000,E.R. WELD,24,829.1,1151.5,1093.4,1518.6,1.236,0.613,1.0,1.2,2022,Metal Loss_50387.7,True,50387.74,50386.983,METAL_LOSS,False,9.183333333333334,4661,50368.708100099604
14060,40.164,0.344,14.009,26.152,50387.999,Metal Loss,External,48.0,0.165,63.0,GENE,20.0,,,,7.7,3.5,12:06,EXT ML,41,N,N,5.97,149.874,12:56,5.655,CMFL,1025,65000,E.R. WELD,24,1110.1,1541.9,1169.5,1624.3,0.923,0.829,1.0,1.2,2022,Metal Loss_50388.0,True,50387.999,50387.242000000006,METAL_LOSS,False,12.1,4662,50368.96574576694
14060,40.164,0.344,14.091,26.073,50388.077,Metal Loss,External,22.0,0.076,37.0,GENE,20.0,,,,4.2,2.4,4:52,EXT ML,41,N,N,5.97,149.888,12:56,25.133,CMFL,1025,65000,E.R. WELD,24,1435.0,1993.1,1444.4,2006.2,0.714,1.069,1.0,1.2,2022,Metal Loss_50388.1,True,50388.077,50387.32,METAL_LOSS,False,4.866666666666667,4663,50369.0433378984
14060,40.164,0.344,14.928,25.233,50388.917,Metal Loss,External,24.0,0.082,39.0,GENE,20.0,,,,1.7,1.3,9:57,EXT ML,41,N,N,5.97,150.037,12:56,18.64,CMFL,1025,65000,E.R. WELD,24,1513.9,2102.6,1506.2,2092.0,0.677,1.128,1.0,1.2,2022,Metal Loss_50388.9,True,50388.917,50388.16,METAL_LOSS,False,9.95,4664,50369.87894546813
14060,40.164,0.344,14.931,25.23,50388.921,Metal Loss,External,23.0,0.079,38.0,GENE,20.0,,,,1.6,1.2,4:54,EXT ML,41,N,N,5.97,150.038,12:56,24.923,CMFL,1025,65000,E.R. WELD,24,1517.2,2107.3,1510.3,2097.7,0.676,1.131,1.0,1.2,2022,Metal Loss_50388.9,True,50388.921,50388.164,METAL_LOSS,False,4.9,4665,50369.8829245518
14060,40.164,0.344,15.302,24.859,50389.291,Metal Loss,External,24.0,0.082,39.0,GENE,20.0,,,,5.3,1.8,11:35,EXT ML,41,N,N,5.97,150.103,12:56,8.378,CMFL,1025,65000,E.R. WELD,24,1392.4,1933.9,1372.5,1906.2,0.736,1.039,1.0,1.2,2022,Metal Loss_50389.3,True,50389.291,50388.534,METAL_LOSS,False,11.583333333333334,4667,50370.25098979084
14060,40.164,0.344,15.531,24.629,50389.521,Metal Loss,External,16.0,0.055,31.0,CIGR,25.0,,,,0.8,1.9,4:50,EXT ML,41,N,N,5.97,150.144,12:56,24.504,CMFL,1025,65000,E.R. WELD,24,1542.0,2141.6,1540.7,2139.9,0.665,1.149,1.0,1.2,2022,Metal Loss_50389.5,True,50389.521,50388.764,METAL_LOSS,False,4.833333333333333,4668,50370.4797871016
14060,40.164,0.344,15.873,24.288,50389.862,Metal Loss,External,41.0,0.141,56.0,PITT,15.0,,,,0.7,1.4,9:32,*EXT ML,41,Y,Y,5.97,150.205,12:56,21.363,CMFL,1025,65000,E.R. WELD,24,1531.0,2126.4,1526.0,2119.4,0.67,1.141,0.4,1.0,2022,Metal Loss_50389.9,True,50389.862,50389.105,METAL_LOSS,False,9.533333333333333,4669,50370.81900398406
14060,40.164,0.344,15.988,24.173,50389.977,Metal Loss,External,19.0,0.065,34.0,GENE,20.0,,,,6.1,2.6,4:46,EXT ML,41,N,N,5.97,150.225,12:56,24.714,CMFL,1025,65000,E.R. WELD,24,1413.3,1962.9,1445.5,2007.6,0.725,1.055,1.0,1.2,2022,Metal Loss_50390.0,True,50389.977,50389.22,METAL_LOSS,False,4.766666666666667,4670,50370.93340263944
14060,40.164,0.344,16.939,23.222,50390.928,Metal Loss,External,13.0,0.044,28.0,GENE,20.0,,,,6.7,3.4,9:22,EXT ML,41,N,N,5.97,150.394,12:56,22.41,CMFL,1025,65000,E.R. WELD,24,1456.2,2022.5,1438.9,1998.5,0.704,1.084,1.0,1.2,2022,Metal Loss_50390.9,True,50390.928,50390.171,METAL_LOSS,False,9.366666666666667,4671,50371.87942978088
14060,40.164,0.344,16.942,23.219,50390.932,Metal Loss,External,26.0,0.089,41.0,GENE,20.0,,,,8.5,9.1,2:58,EXT ML,41,N,N,5.97,150.395,12:56,14.032,CMFL,1025,65000,E.R. WELD,24,1319.9,1833.2,1357.0,1884.7,0.777,0.986,1.0,1.2,2022,Metal Loss_50390.9,True,50390.932,50390.175,METAL_LOSS,False,2.966666666666667,4672,50371.883408864545
14060,40.164,0.344,25.151,15.013,50399.137,Metal Loss,External,23.0,0.079,,GENE,,,,,4.6,2.8,5:19,EXT ML REPAIRED,41,N,N,5.97,151.852,12:56,27.646,CMFL,1025,65000,E.R. WELD,24,1416.3,1967.1,1395.8,1938.7,0.724,1.057,,,2022,Metal Loss_50399.1,True,50399.137,50398.380000000005,METAL_LOSS,False,5.316666666666666,4677,50380.04550423307
14140,39.99,0.344,3.301,36.693,50671.499,Metal Loss,External,14.0,0.048,29.0,PITT,20.0,,,,0.8,1.3,8:32,EXT ML ( NEAR SW ),6,N,N,5.97,154.472,08:40,0.838,CMFL,1025,65000,E.R. WELD,24,1543.1,2143.2,1542.1,2141.8,0.664,1.15,0.6,1.2,2022,Metal Loss_50671.5,True,50671.499,50670.742000000006,METAL_LOSS,False,8.533333333333333,4698,50673.99727702348
14190,40.21,0.344,1.155,39.055,50869.531,Metal Loss,External,12.0,0.041,27.0,GENE,20.0,,,,7.3,4.9,3:25,EXT ML,4,N,N,5.97,145.698,09:24,36.024,CMFL,1025,65000,E.R. WELD,24,1458.6,2025.8,1450.4,2014.5,0.703,1.086,1.0,1.2,2022,Metal Loss_50869.5,True,50869.531,50868.774000000005,METAL_LOSS,False,3.4166666666666665,4715,50871.71173339966
14310,40.341,0.344,38.556,1.785,51386.549,Metal Loss,External,27.0,0.093,42.0,GENE,20.0,,,,18.9,8.7,7:34,EXT ML,3,N,N,5.97,85.118,11:28,22.619,CMFL,1025,65000,E.R. WELD,24,1252.1,1739.0,1300.8,1806.6,0.819,0.935,1.0,1.2,2022,Metal Loss_51386.5,True,51386.549,51385.792,METAL_LOSS,False,7.566666666666666,4742,51360.600964775294
14310,40.341,0.344,39.17,1.171,51387.162,Metal Loss,External,14.0,0.048,29.0,GENE,20.0,,,,3.6,3.6,3:27,EXT ML,3,N,N,5.97,85.027,11:28,25.133,CMFL,1025,65000,E.R. WELD,24,1487.3,2065.7,1475.3,2049.1,0.689,1.11,1.0,1.2,2022,Metal Loss_51387.2,True,51387.162,51386.405,METAL_LOSS,False,3.45,4743,51361.24661981607
14310,40.341,0.344,39.403,0.938,51387.395,Metal Loss,External,20.0,0.069,35.0,GENE,20.0,,,,3.6,3.9,5:06,EXT ML,3,N,N,5.97,84.992,11:28,35.395,CMFL,1025,65000,E.R. WELD,24,1461.2,2029.4,1443.3,2004.6,0.702,1.09,1.0,1.2,2022,Metal Loss_51387.4,True,51387.395,51386.638,METAL_LOSS,False,5.1,4744,51361.49203192782
14370,40.19,0.344,11.148,29.042,51451.923,Metal Loss,External,12.0,0.041,27.0,AXGR,20.0,,,,2.4,1.1,5:29,EXT ML,10,N,N,5.97,83.082,11:08,35.395,CMFL,1025,65000,E.R. WELD,24,1519.2,2109.9,1513.5,2102.1,0.675,1.133,1.0,1.2,2022,Metal Loss_51451.9,True,51451.923,51451.166000000005,METAL_LOSS,False,5.483333333333333,4754,51453.23382448808
14370,40.19,0.344,11.499,28.691,51452.274,Metal Loss,External,16.0,0.055,31.0,GENE,20.0,,,,2.1,1.5,7:06,EXT ML,10,N,N,5.97,83.121,11:08,25.342,CMFL,1025,65000,E.R. WELD,24,1516.5,2106.3,1510.1,2097.3,0.676,1.13,1.0,1.2,2022,Metal Loss_51452.3,True,51452.274,51451.517,METAL_LOSS,False,7.1,4755,51453.582457764176
14370,40.19,0.344,11.503,28.688,51452.277,Metal Loss,External,11.0,0.038,26.0,PITT,20.0,,,,1.7,1.0,2:07,EXT ML,10,N,N,5.97,83.121,11:08,18.85,CMFL,1025,65000,E.R. WELD,24,1532.6,2128.6,1529.6,2124.4,0.669,1.142,0.6,1.2,2022,Metal Loss_51452.3,True,51452.277,51451.52,METAL_LOSS,False,2.1166666666666667,4756,51453.585437535774
14370,40.19,0.344,15.249,24.941,51456.024,Metal Loss,External,16.0,0.055,31.0,GENE,20.0,,,,1.9,1.4,7:02,EXT ML,10,N,N,5.97,83.529,11:08,25.761,CMFL,1025,65000,E.R. WELD,24,1521.2,2112.8,1515.7,2105.2,0.674,1.134,1.0,1.2,2022,Metal Loss_51456.0,True,51456.024,51455.267,METAL_LOSS,False,7.033333333333333,4757,51457.3071722525
14370,40.19,0.344,16.106,24.088,51456.877,Metal Loss,External,13.0,0.044,28.0,GENE,20.0,,,,2.4,2.0,7:04,EXT ML,10,N,N,5.97,83.623,11:08,25.552,CMFL,1025,65000,E.R. WELD,24,1517.5,2107.6,1511.4,2099.2,0.676,1.131,1.0,1.2,2022,Metal Loss_51456.9,True,51456.877,51456.12,METAL_LOSS,False,7.066666666666666,4758,51458.15442064144
14370,40.19,0.344,16.995,23.199,51457.766,Metal Loss,External,15.0,0.052,30.0,GENE,20.0,,,,2.0,1.3,7:05,EXT ML,10,N,N,5.97,83.72,11:08,25.342,CMFL,1025,65000,E.R. WELD,24,1521.3,2112.9,1515.9,2105.4,0.674,1.133,1.0,1.2,2022,Metal Loss_51457.8,True,51457.766,51457.009000000005,METAL_LOSS,False,7.083333333333333,4759,51459.03742628948
14370,40.19,0.344,17.116,23.074,51457.89,Metal Loss,External,12.0,0.041,27.0,GENE,20.0,,,,4.1,3.0,5:34,EXT ML,10,N,N,5.97,83.733,11:08,34.976,CMFL,1025,65000,E.R. WELD,24,1491.6,2071.7,1480.8,2056.7,0.687,1.112,1.0,1.2,2022,Metal Loss_51457.9,True,51457.89,51457.133,METAL_LOSS,False,5.566666666666666,4760,51459.160590181884
14370,40.19,0.344,17.621,22.572,51458.392,Metal Loss,External,13.0,0.044,28.0,GENE,20.0,,,,2.7,1.3,7:14,EXT ML,10,N,N,5.97,83.788,11:08,24.504,CMFL,1025,65000,E.R. WELD,24,1510.3,2097.6,1502.9,2087.3,0.679,1.126,1.0,1.2,2022,Metal Loss_51458.4,True,51458.392,51457.635,METAL_LOSS,False,7.233333333333333,4761,51459.65920529472
14370,40.19,0.344,17.894,22.3,51458.665,Metal Loss,External,12.0,0.041,27.0,GENE,20.0,,,,3.0,2.5,5:44,EXT ML,10,N,N,5.97,83.818,11:08,33.929,CMFL,1025,65000,E.R. WELD,24,1509.8,2096.9,1502.3,2086.6,0.679,1.125,1.0,1.2,2022,Metal Loss_51458.7,True,51458.665,51457.908,METAL_LOSS,False,5.733333333333333,4762,51459.93036450948
14370,40.19,0.344,18.675,21.516,51459.449,Metal Loss,External,18.0,0.062,33.0,PITT,20.0,,,,1.3,1.0,7:09,EXT ML,10,N,N,5.97,83.903,11:08,24.923,CMFL,1025,65000,E.R. WELD,24,1532.0,2127.8,1528.6,2123.0,0.669,1.142,0.6,1.2,2022,Metal Loss_51459.4,True,51459.449,51458.692,METAL_LOSS,False,7.15,4763,51460.709078151835
14420,10.509,0.344,5.712,4.797,51598.465,Metal Loss,External,13.0,0.044,28.0,GENE,20.0,,,,8.0,2.1,10:36,EXT ML,2,N,N,5.97,100.486,11:08,3.77,CMFL,1025,65000,E.R. WELD,24,1444.7,2006.6,1439.4,1999.2,0.71,1.076,1.0,1.2,2022,Metal Loss_51598.5,True,51598.465,51597.708,METAL_LOSS,False,10.6,4771,51599.571180053295
14420,10.509,0.344,8.734,1.772,51601.49,Metal Loss,External,12.0,0.041,27.0,GENE,20.0,,,,4.6,2.7,10:27,EXT ML,2,N,N,5.97,100.633,11:08,4.189,CMFL,1025,65000,E.R. WELD,24,1481.1,2057.1,1468.3,2039.3,0.692,1.106,1.0,1.2,2022,Metal Loss_51601.5,True,51601.49,51600.733,METAL_LOSS,False,10.45,4772,51603.310688047204
14440,40.331,0.344,7.382,32.949,51650.659,Metal Loss,External,28.0,0.096,43.0,PITT,20.0,,,,0.6,1.0,5:32,EXT ML,1,N,N,5.97,100.976,03:04,15.499,CMFL,1025,65000,E.R. WELD,24,1540.8,2140.0,1539.0,2137.5,0.665,1.149,0.6,1.2,2022,Metal Loss_51650.7,True,51650.659,51649.902,METAL_LOSS,False,5.533333333333333,4776,51639.125389154746
14470,40.089,0.344,21.375,18.714,51757.697,Metal Loss,External,44.0,0.151,59.0,GENE,20.0,,,,5.1,4.8,11:23,EXT ML,3,N,N,5.97,89.025,07:24,26.18,CMFL,1025,65000,E.R. WELD,24,1234.9,1715.1,1325.0,1840.3,0.83,0.923,1.0,1.2,2022,Metal Loss_51757.7,True,51757.697,51756.94,METAL_LOSS,False,11.383333333333333,4782,51740.75422734416
14470,40.089,0.344,24.078,16.01,51760.4,Metal Loss,External,21.0,0.072,36.0,GENE,20.0,,,,2.3,2.1,4:55,EXT ML,3,N,N,5.97,90.003,07:24,15.499,CMFL,1025,65000,E.R. WELD,24,1497.0,2079.2,1486.1,2064.0,0.685,1.116,1.0,1.2,2022,Metal Loss_51760.4,True,51760.4,51759.643,METAL_LOSS,False,4.916666666666667,4783,51743.44448402305
14470,40.089,0.344,24.485,15.604,51760.807,Metal Loss,External,15.0,0.052,30.0,GENE,20.0,,,,5.1,1.9,4:52,EXT ML,3,N,N,5.97,90.149,07:24,15.917,CMFL,1025,65000,E.R. WELD,24,1460.7,2028.7,1469.4,2040.9,0.702,1.087,1.0,1.2,2022,Metal Loss_51760.8,True,51760.807,51760.05,METAL_LOSS,False,4.866666666666667,4784,51743.849565217395
14490,13.114,0.344,1.411,11.703,51796.414,Metal Loss,External,18.0,0.062,33.0,GENE,20.0,,,,2.3,2.2,5:38,EXT ML,2,N,N,5.97,102.012,08:00,14.87,CMFL,1025,65000,E.R. WELD,24,1505.7,2091.3,1496.9,2079.0,0.681,1.123,1.0,1.2,2022,Metal Loss_51796.4,True,51796.414,51795.657,METAL_LOSS,False,5.633333333333333,4787,51792.84384053039
14490,13.114,0.344,1.427,11.686,51796.43,Metal Loss,External,15.0,0.052,30.0,GENE,20.0,,,,3.2,2.3,7:30,EXT ML,2,N,N,5.97,102.017,08:00,3.142,CMFL,1025,65000,E.R. WELD,24,1494.2,2075.2,1483.5,2060.4,0.686,1.114,1.0,1.2,2022,Metal Loss_51796.4,True,51796.43,51795.673,METAL_LOSS,False,7.5,4788,51792.85998613527
14500,26.555,0.344,1.132,25.423,51809.249,Metal Loss,External,32.0,0.11,47.0,GENE,20.0,,,,1.7,1.8,5:40,EXT ML,8,N,N,5.97,105.074,12:08,34.767,CMFL,1025,65000,E.R. WELD,24,1498.0,2080.5,1485.5,2063.2,0.684,1.116,1.0,1.2,2022,Metal Loss_51809.2,True,51809.249,51808.492000000006,METAL_LOSS,False,5.666666666666667,4793,51805.79564294538
14550,32.218,0.344,18.494,13.72,51981.23,Metal Loss,External,12.0,0.041,27.0,GENE,20.0,,,,9.2,2.7,1:19,EXT ML ( NEAR SW ),2,N,N,5.97,120.8,01:00,2.094,CMFL,1025,65000,E.R. WELD,24,1449.5,2013.2,1461.8,2030.2,0.707,1.077,1.0,1.2,2022,Metal Loss_51981.2,True,51981.23,51980.473000000005,METAL_LOSS,False,1.3166666666666667,4806,51990.96321589322
14550,32.218,0.344,31.201,1.014,51993.937,Metal Loss,External,11.0,0.038,26.0,AXGR,20.0,,,,4.3,1.1,1:18,EXT ML,2,N,N,5.97,121.387,01:00,1.885,CMFL,1025,65000,E.R. WELD,24,1494.7,2076.0,1484.6,2061.9,0.686,1.113,1.0,1.2,2022,Metal Loss_51993.9,True,51993.937,51993.18,METAL_LOSS,False,1.3,4807,52006.740959180504
14570,33.015,0.344,12.526,20.489,52047.592,Metal Loss,External,14.0,0.048,29.0,GENE,20.0,,,,26.9,2.1,12:04,EXT ML ( NEAR SW ),2,N,N,5.97,123.423,11:52,1.676,CMFL,1025,65000,E.R. WELD,24,1392.3,1933.7,1370.9,1904.1,0.736,1.037,1.0,1.2,2022,Metal Loss_52047.6,True,52047.592,52046.835,METAL_LOSS,False,12.066666666666666,4810,52056.89290650154
14570,33.015,0.344,17.119,15.896,52052.185,Metal Loss,External,17.0,0.058,32.0,GENE,20.0,,,,3.4,1.7,12:06,EXT ML ( NEAR SW ),2,N,N,5.97,123.58,11:52,1.466,CMFL,1025,65000,E.R. WELD,24,1481.2,2057.2,1467.8,2038.6,0.692,1.103,1.0,1.2,2022,Metal Loss_52052.2,True,52052.185,52051.428,METAL_LOSS,False,12.1,4811,52060.1464
14590,40.203,0.344,2.736,37.467,52094.327,Metal Loss Manufacturing Anomaly,Internal,16.0,0.055,,PITT,,,,,0.7,1.3,3:33,*INT MFG,8,Y,Y,5.97,125.126,12:56,16.546,CMFL,1025,65000,E.R. WELD,24,1544.0,2144.4,1543.2,2143.3,0.664,1.151,,,2022,Metal Loss Manufacturing Anomaly_52094.3,True,52094.327,52093.57,METAL_LOSS_MFG,False,3.55,4814,52090.773270321355
14590,40.203,0.344,2.966,37.234,52094.56,Metal Loss Manufacturing Anomaly,Internal,25.0,0.086,,CIGR,,,,,0.4,1.0,7:03,*INT MFG,8,Y,Y,5.97,125.132,12:56,36.861,CMFL,1025,65000,E.R. WELD,24,1545.6,2146.6,1545.0,2145.9,0.663,1.152,,,2022,Metal Loss Manufacturing Anomaly_52094.6,True,52094.56,52093.803,METAL_LOSS_MFG,False,7.05,4815,52091.004334643316
14590,40.203,0.344,3.333,36.87,52094.925,Metal Loss Manufacturing Anomaly,Internal,23.0,0.079,,CISL,,,,,0.2,0.7,3:43,*INT MFG,8,Y,Y,5.97,125.142,12:56,17.593,CMFL,1025,65000,E.R. WELD,24,1547.2,2148.9,1547.0,2148.7,0.663,1.153,,,2022,Metal Loss Manufacturing Anomaly_52094.9,True,52094.925,52094.168000000005,METAL_LOSS_MFG,False,3.716666666666667,4816,52091.36630235797
14590,40.203,0.344,3.543,36.66,52095.135,Metal Loss Manufacturing Anomaly,Internal,32.0,0.11,,CISL,,,,,0.2,0.7,3:22,*INT MFG,8,Y,Y,5.97,125.147,12:56,15.289,CMFL,1025,65000,E.R. WELD,24,1547.1,2148.8,1546.9,2148.5,0.663,1.153,,,2022,Metal Loss Manufacturing Anomaly_52095.1,True,52095.135,52094.378,METAL_LOSS_MFG,False,3.3666666666666667,4817,52091.57455775545
14590,40.203,0.344,12.011,28.192,52103.602,Metal Loss,External,12.0,0.041,27.0,GENE,20.0,,,,7.8,2.9,12:54,EXT ML ( ON SW ),8,N,N,5.97,125.369,12:56,0.209,CMFL,1025,65000,E.R. WELD,24,1456.2,2022.6,1463.7,2032.9,0.704,1.083,1.0,1.2,2022,Metal Loss_52103.6,True,52103.602,52102.845,METAL_LOSS,False,12.9,4818,52099.97121704308
14590,40.203,0.344,17.684,22.52,52109.275,Metal Loss,External,11.0,0.038,26.0,GENE,20.0,,,,4.7,2.3,1:15,EXT ML ( NEAR SW ),8,N,N,5.97,125.517,12:56,2.094,CMFL,1025,65000,E.R. WELD,24,1487.7,2066.3,1476.3,2050.4,0.689,1.11,1.0,1.2,2022,Metal Loss_52109.3,True,52109.275,52108.518,METAL_LOSS,False,1.25,4819,52105.59708785196
14590,40.203,0.344,18.474,21.729,52110.066,Metal Loss,External,11.0,0.038,26.0,GENE,20.0,,,,3.0,2.2,1:16,EXT ML,8,N,N,5.97,125.537,12:56,2.094,CMFL,1025,65000,E.R. WELD,24,1511.4,2099.2,1504.3,2089.3,0.678,1.128,1.0,1.2,2022,Metal Loss_52110.1,True,52110.066,52109.309,METAL_LOSS,False,1.2666666666666666,4820,52106.381516515765
14590,40.203,0.344,27.871,12.329,52119.465,Metal Loss,External,12.0,0.041,27.0,GENE,20.0,,,,5.8,3.5,1:04,EXT ML ( ON SW ),8,N,N,5.97,125.783,12:56,0.838,CMFL,1025,65000,E.R. WELD,24,1467.4,2038.0,1452.1,2016.8,0.699,1.096,1.0,1.2,2022,Metal Loss_52119.5,True,52119.465,52118.708,METAL_LOSS,False,1.0666666666666667,4821,52115.70243309123
14620,40.026,0.344,13.182,26.844,52225.256,Metal Loss,External,17.0,0.058,32.0,GENE,20.0,,,,3.3,1.7,3:06,EXT ML ( ON SW ),4,N,N,5.97,128.083,03:08,0.209,CMFL,1025,65000,E.R. WELD,24,1484.6,2061.9,1471.8,2044.2,0.691,1.105,1.0,1.2,2022,Metal Loss_52225.3,True,52225.256,52224.499,METAL_LOSS,False,3.1,4826,52221.16728158494
14620,40.026,0.344,15.981,24.045,52228.054,Metal Loss,External,13.0,0.044,28.0,GENE,15.0,,,,6.4,1.6,3:02,*EXT ML ( ON SW ),4,Y,Y,5.97,128.066,03:08,0.628,CMFL,1025,65000,E.R. WELD,24,1457.8,2024.7,1440.8,2001.1,0.703,1.086,0.8,1.0,2022,Metal Loss_52228.1,True,52228.054,52227.297,METAL_LOSS,False,3.033333333333333,4827,52223.96619032153
14620,40.026,0.344,17.569,22.454,52229.646,Metal Loss,External,18.0,0.062,33.0,GENE,20.0,,,,8.4,2.8,3:16,EXT ML ( ON SW ),4,N,N,5.97,128.056,03:08,0.838,CMFL,1025,65000,E.R. WELD,24,1399.8,1944.2,1371.6,1905.1,0.732,1.042,1.0,1.2,2022,Metal Loss_52229.6,True,52229.646,52228.889,METAL_LOSS,False,3.2666666666666666,4828,52225.558707372526
14620,40.026,0.344,19.383,20.643,52231.457,Metal Loss,External,14.0,0.048,29.0,GENE,20.0,,,,10.2,4.2,3:12,EXT ML ( ON SW ),4,N,N,5.97,128.044,03:08,0.628,CMFL,1025,65000,E.R. WELD,24,1424.6,1978.7,1403.2,1948.9,0.72,1.06,1.0,1.2,2022,Metal Loss_52231.5,True,52231.457,52230.7,METAL_LOSS,False,3.2,4829,52227.37029555051
14630,40.272,0.344,39.347,0.928,52291.444,Metal Loss,External,19.0,0.065,34.0,PITT,20.0,,,,1.1,1.5,3:39,EXT ML,1,N,N,5.97,127.616,01:28,13.823,CMFL,1025,65000,E.R. WELD,24,1534.8,2131.7,1532.0,2127.8,0.668,1.144,0.6,1.2,2022,Metal Loss_52291.4,True,52291.444,52290.687000000005,METAL_LOSS,False,3.65,4831,52287.14711561383
14650,40.171,0.344,39.058,1.109,52371.378,Metal Loss,External,12.0,0.041,27.0,GENE,20.0,,,,3.7,4.2,8:05,EXT ML,2,N,N,5.97,127.481,10:48,17.593,CMFL,1025,65000,E.R. WELD,24,1495.6,2077.3,1486.0,2063.9,0.685,1.116,1.0,1.2,2022,Metal Loss_52371.4,True,52371.378,52370.621,METAL_LOSS,False,8.083333333333334,4834,52367.03450643563
14650,40.171,0.344,40.026,0.144,52372.343,Metal Loss,External,12.0,0.041,27.0,GENE,25.0,,,,2.6,1.8,8:02,EXT ML ( ON GW ),2,N,N,5.97,127.481,10:48,17.383,CMFL,1025,65000,E.R. WELD,24,1515.7,2105.2,1509.4,2096.4,0.676,1.13,1.2,1.4,2022,Metal Loss_52372.3,True,52372.343,52371.586,METAL_LOSS,False,8.033333333333333,4835,52367.99645529912
14660,40.118,0.344,0.423,39.698,52372.91,Metal Loss,External,21.0,0.072,36.0,GENE,25.0,,,,7.6,4.7,5:02,EXT ML,5,N,N,5.97,127.481,06:00,5.655,CMFL,1025,65000,E.R. WELD,24,1382.3,1919.9,1442.0,2002.7,0.742,1.028,1.0,1.2,2022,Metal Loss_52372.9,True,52372.91,52372.153000000006,METAL_LOSS,False,5.033333333333333,4837,52368.560880835474
14660,40.118,0.344,0.614,39.505,52373.104,Metal Loss,External,20.0,0.069,35.0,PITT,20.0,,,,1.1,1.6,7:34,EXT ML,5,N,N,5.97,127.48,06:00,9.844,CMFL,1025,65000,E.R. WELD,24,1533.9,2130.4,1530.8,2126.2,0.668,1.143,0.6,1.2,2022,Metal Loss_52373.1,True,52373.104,52372.347,METAL_LOSS,False,7.566666666666666,4838,52368.7539089255
14660,40.118,0.344,0.682,39.436,52373.173,Metal Loss,External,13.0,0.044,28.0,GENE,20.0,,,,3.7,1.9,8:15,EXT ML,5,N,N,5.97,127.48,06:00,14.242,CMFL,1025,65000,E.R. WELD,24,1491.4,2071.4,1480.4,2056.1,0.687,1.113,1.0,1.2,2022,Metal Loss_52373.2,True,52373.173,52372.416000000005,METAL_LOSS,False,8.25,4839,52368.82256324618
14660,40.118,0.344,37.881,2.241,52410.367,Metal Loss,External,13.0,0.044,28.0,GENE,20.0,,,,8.7,3.2,5:09,EXT ML,5,N,N,5.97,127.621,06:00,5.236,CMFL,1025,65000,E.R. WELD,24,1439.0,1998.6,1428.3,1983.7,0.712,1.073,1.0,1.2,2022,Metal Loss_52410.4,True,52410.367,52409.61,METAL_LOSS,False,5.15,4840,52405.83022706313
14660,40.118,0.344,38.009,2.11,52410.499,Metal Loss,External,15.0,0.052,30.0,GENE,20.0,,,,13.3,6.2,7:18,EXT ML,5,N,N,5.97,127.622,06:00,5.864,CMFL,1025,65000,E.R. WELD,24,1400.3,1944.9,1410.9,1959.5,0.732,1.044,1.0,1.2,2022,Metal Loss_52410.5,True,52410.499,52409.742000000006,METAL_LOSS,False,7.3,4841,52405.961565763566
14670,40.174,0.344,35.896,4.275,52448.504,Metal Loss,External,11.0,0.038,26.0,GENE,20.0,,,,4.9,1.3,7:13,EXT ML ( NEAR SW ),1,N,N,5.97,128.887,07:24,1.047,CMFL,1025,65000,E.R. WELD,24,1488.8,2067.7,1477.6,2052.2,0.689,1.108,1.0,1.2,2022,Metal Loss_52448.5,True,52448.504,52447.747,METAL_LOSS,False,7.216666666666667,4844,52443.81213362874
14680,40.049,0.344,0.912,39.137,52453.691,Metal Loss,External,17.0,0.058,32.0,PITT,20.0,,,,1.1,1.0,7:17,EXT ML,2,N,N,5.97,129.081,11:32,26.599,CMFL,1025,65000,E.R. WELD,24,1536.3,2133.7,1533.8,2130.3,0.667,1.145,0.6,1.2,2022,Metal Loss_52453.7,True,52453.691,52452.934,METAL_LOSS,False,7.283333333333333,4846,52448.98179505106
14680,40.049,0.344,0.997,39.052,52453.776,Metal Loss,External,20.0,0.069,35.0,GENE,20.0,,,,2.5,2.9,4:17,EXT ML,2,N,N,5.97,129.084,11:32,29.95,CMFL,1025,65000,E.R. WELD,24,1493.8,2074.7,1482.3,2058.8,0.686,1.113,1.0,1.2,2022,Metal Loss_52453.8,True,52453.776,52453.019,METAL_LOSS,False,4.283333333333333,4847,52449.06677594946
14700,40.052,0.344,4.79,35.262,52537.808,Metal Loss,External,11.0,0.038,26.0,GENE,20.0,,,,3.3,2.3,10:43,EXT ML ( ON SW ),2,N,N,5.97,132.958,10:32,1.257,CMFL,1025,65000,E.R. WELD,24,1507.1,2093.2,1499.2,2082.2,0.68,1.124,1.0,1.2,2022,Metal Loss_52537.8,True,52537.808,52537.051,METAL_LOSS,False,10.716666666666667,4850,52532.93605347914
14700,40.052,0.344,10.148,29.905,52543.166,Metal Loss,External,12.0,0.041,27.0,GENE,20.0,,,,2.8,2.4,10:18,EXT ML ( NEAR SW ),2,N,N,5.97,133.138,10:32,1.466,CMFL,1025,65000,E.R. WELD,24,1513.5,2102.1,1506.8,2092.8,0.677,1.127,1.0,1.2,2022,Metal Loss_52543.2,True,52543.166,52542.409,METAL_LOSS,False,10.3,4851,52538.28963897836
14800,40.075,0.344,1.877,38.196,52936.365,Metal Loss,External,12.0,0.041,27.0,GENE,20.0,,,,11.2,2.8,10:22,EXT ML ( ON SW ),5,N,N,5.97,152.918,10:28,0.628,CMFL,1025,65000,E.R. WELD,24,1440.4,2000.6,1420.7,1973.2,0.712,1.071,1.0,1.2,2022,Metal Loss_52936.4,True,52936.365,52935.608,METAL_LOSS,False,10.366666666666667,4871,52908.564095877424
14800,40.075,0.344,4.232,35.84,52938.72,Metal Loss,External,10.0,0.034,25.0,GENE,20.0,,,,6.7,1.9,10:28,EXT ML ( ON SW ),5,N,N,5.97,153.099,10:28,0.0,CMFL,1025,65000,E.R. WELD,24,1476.7,2050.9,1463.4,2032.6,0.694,1.101,1.0,1.2,2022,Metal Loss_52938.7,True,52938.72,52937.963,METAL_LOSS,False,10.466666666666667,4872,52910.91545218607
14800,40.075,0.344,5.016,35.059,52939.501,Metal Loss,External,13.0,0.044,28.0,GENE,20.0,,,,4.1,1.8,10:31,EXT ML ( ON SW ),5,N,N,5.97,153.162,10:28,0.419,CMFL,1025,65000,E.R. WELD,24,1488.0,2066.7,1476.5,2050.7,0.689,1.107,1.0,1.2,2022,Metal Loss_52939.5,True,52939.501,52938.744,METAL_LOSS,False,10.516666666666667,4873,52911.69524381114
14800,40.075,0.344,7.982,32.09,52942.47,Metal Loss,External,10.0,0.034,25.0,GENE,20.0,,,,4.1,2.0,10:23,EXT ML ( ON SW ),5,N,N,5.97,153.4,10:28,0.419,CMFL,1025,65000,E.R. WELD,24,1500.7,2084.2,1491.7,2071.8,0.683,1.119,1.0,1.2,2022,Metal Loss_52942.5,True,52942.47,52941.713,METAL_LOSS,False,10.383333333333333,4874,52914.65965012977
14800,40.075,0.344,24.505,15.571,52958.99,Metal Loss,External,12.0,0.041,27.0,GENE,20.0,,,,4.4,2.7,10:40,EXT ML ( ON SW ),5,N,N,5.97,154.723,10:28,1.257,CMFL,1025,65000,E.R. WELD,24,1487.4,2065.8,1475.8,2049.7,0.689,1.108,1.0,1.2,2022,Metal Loss_52959.0,True,52958.99,52958.233,METAL_LOSS,False,10.666666666666666,4875,52931.15409013775
14870,39.865,0.344,13.258,26.604,53206.919,Metal Loss,External,11.0,0.038,26.0,GENE,20.0,,,,4.7,1.4,9:57,EXT ML,4,N,N,5.97,172.196,03:52,37.071,CMFL,1025,65000,E.R. WELD,24,1487.3,2065.7,1476.2,2050.2,0.689,1.109,1.0,1.2,2022,Metal Loss_53206.9,True,53206.919,53206.162,METAL_LOSS,False,9.95,4888,53199.80890006522
14870,39.865,0.344,16.827,23.035,53210.489,Metal Loss,External,12.0,0.041,27.0,GENE,20.0,,,,2.9,1.9,10:19,EXT ML,4,N,N,5.97,172.49,03:52,34.767,CMFL,1025,65000,E.R. WELD,24,1509.4,2096.4,1501.9,2085.9,0.679,1.126,1.0,1.2,2022,Metal Loss_53210.5,True,53210.489,53209.732,METAL_LOSS,False,10.316666666666666,4889,53203.391795264135
14900,40.135,0.344,0.709,39.426,53314.383,Metal Loss,External,18.0,0.062,33.0,GENE,20.0,,,,9.4,5.0,09:00,EXT ML,2,N,N,5.97,184.646,02:40,37.28,CMFL,1025,65000,E.R. WELD,24,1392.0,1933.3,1410.3,1958.7,0.736,1.036,1.0,1.2,2022,Metal Loss_53314.4,True,53314.383,53313.626,METAL_LOSS,False,9.0,4902,53307.207223800266
14900,40.135,0.344,0.997,39.14,53314.669,Metal Loss,External,16.0,0.055,31.0,GENE,20.0,,,,2.5,2.6,4:41,EXT ML,2,N,N,5.97,184.689,02:40,12.776,CMFL,1025,65000,E.R. WELD,24,1506.5,2092.3,1498.0,2080.6,0.68,1.123,1.0,1.2,2022,Metal Loss_53314.7,True,53314.669,53313.912,METAL_LOSS,False,4.683333333333334,4903,53307.49291025066
14910,40.157,0.344,1.099,39.058,53354.908,Metal Loss,External,20.0,0.069,35.0,GENE,20.0,,,,1.9,2.2,7:11,EXT ML,3,N,N,5.97,190.924,01:00,37.28,CMFL,1025,65000,E.R. WELD,24,1512.0,2100.0,1519.7,2110.6,0.678,1.128,0.6,1.2,2022,Metal Loss_53354.9,True,53354.908,53354.151000000005,METAL_LOSS,False,7.183333333333334,4905,53347.686591712736
14910,40.157,0.344,1.9,38.261,53355.705,Metal Loss,External,18.0,0.062,33.0,PITT,20.0,,,,0.8,1.1,10:51,EXT ML,3,N,N,5.97,191.048,01:00,13.404,CMFL,1025,65000,E.R. WELD,24,1541.6,2141.2,1540.3,2139.3,0.665,1.149,0.6,1.2,2022,Metal Loss_53355.7,True,53355.705,53354.948,METAL_LOSS,False,10.85,4906,53348.48184521141
14910,40.157,0.344,2.976,37.185,53356.781,Metal Loss,External,17.0,0.058,32.0,CIGR,25.0,,,,0.7,2.7,11:01,EXT ML,3,N,N,5.97,191.219,01:00,12.357,CMFL,1025,65000,E.R. WELD,24,1543.7,2144.0,1542.8,2142.8,0.664,1.151,1.0,1.2,2022,Metal Loss_53356.8,True,53356.781,53356.024000000005,METAL_LOSS,False,11.016666666666667,4907,53349.555487325066
14910,40.157,0.344,31.755,8.402,53385.564,Dent,,,,,,,1.6,0.384,N,18.09,5.59,06:00,DENT-1.6%OD (0.384IN),3,N,N,5.97,195.949,01:00,31.416,CMFL,1025,65000,E.R. WELD,24,,,,,,,,,2022,Dent_53385.6,True,53385.564,53384.807,DENT,False,6.0,4908,53378.27541386524
14920,40.144,0.344,0.682,39.462,53394.649,Metal Loss,External,13.0,0.044,28.0,GENE,20.0,,,,5.7,5.5,8:27,EXT ML,4,N,N,5.97,197.441,12:16,22.829,CMFL,1025,65000,E.R. WELD,24,1464.3,2033.7,1458.0,2025.0,0.7,1.091,1.0,1.2,2022,Metal Loss_53394.6,True,53394.649,53393.892,METAL_LOSS,False,8.45,4910,53387.34040304903
14920,40.144,0.344,0.778,39.367,53394.744,Metal Loss,External,23.0,0.079,38.0,GENE,20.0,,,,15.1,7.3,6:13,EXT ML,4,N,N,5.97,197.457,12:16,34.558,CMFL,1025,65000,E.R. WELD,24,1311.7,1821.8,1361.0,1890.3,0.782,0.976,1.0,1.2,2022,Metal Loss_53394.7,True,53394.744,53393.987,METAL_LOSS,False,6.216666666666667,4911,53387.435180599845
14920,40.144,0.344,0.902,39.242,53394.869,Metal Loss,External,15.0,0.052,30.0,GENE,20.0,,,,8.0,4.4,2:31,EXT ML,4,N,N,5.97,197.478,12:16,12.985,CMFL,1025,65000,E.R. WELD,24,1429.7,1985.6,1441.0,2001.4,0.717,1.064,1.0,1.2,2022,Metal Loss_53394.9,True,53394.869,53394.112,METAL_LOSS,False,2.5166666666666666,4912,53387.55988790355
14920,40.144,0.344,1.631,38.514,53395.597,Metal Loss,External,24.0,0.082,39.0,GENE,20.0,,,,5.7,4.1,4:56,EXT ML,4,N,N,5.97,197.597,12:16,28.065,CMFL,1025,65000,E.R. WELD,24,1383.3,1921.3,1368.7,1901.0,0.741,1.033,1.0,1.2,2022,Metal Loss_53395.6,True,53395.597,53394.84,METAL_LOSS,False,4.933333333333334,4913,53388.28618324034
14940,40.131,0.344,0.994,39.137,53475.387,Metal Loss,External,25.0,0.086,40.0,GENE,20.0,,,,2.7,3.4,4:29,EXT ML,1,N,N,5.97,210.137,11:08,32.463,CMFL,1025,65000,E.R. WELD,24,1469.2,2040.6,1486.5,2064.6,0.698,1.095,1.0,1.2,2022,Metal Loss_53475.4,True,53475.387,53474.630000000005,METAL_LOSS,False,4.483333333333333,4917,53467.759516832375
15190,40.289,0.344,35.548,4.744,54431.447,Metal Loss,External,17.0,0.058,32.0,GENE,20.0,,,,1.9,3.0,10:22,EXT ML,4,N,N,5.97,122.774,02:04,23.248,CMFL,1025,65000,E.R. WELD,24,1517.6,2107.7,1511.2,2098.9,0.676,1.132,1.0,1.2,2022,Metal Loss_54431.4,True,54431.447,54430.69,METAL_LOSS,False,10.366666666666667,4968,54415.18121289019
15190,40.289,0.344,36.04,4.249,54431.942,Metal Loss,External,11.0,0.038,26.0,AXGR,20.0,,,,3.1,1.0,10:28,EXT ML,4,N,N,5.97,122.813,02:04,22.619,CMFL,1025,65000,E.R. WELD,24,1510.1,2097.3,1502.8,2087.2,0.679,1.126,1.0,1.2,2022,Metal Loss_54431.9,True,54431.942,54431.185000000005,METAL_LOSS,False,10.466666666666667,4969,54415.5327199769
15190,40.289,0.344,37.628,2.661,54433.53,Metal Loss,External,10.0,0.034,25.0,GENE,20.0,,,,7.0,1.7,10:37,EXT ML,4,N,N,5.97,122.937,02:04,21.572,CMFL,1025,65000,E.R. WELD,24,1473.5,2046.6,1459.7,2027.4,0.696,1.099,1.0,1.2,2022,Metal Loss_54433.5,True,54433.53,54432.773,METAL_LOSS,False,10.616666666666667,4970,54416.66038311568
15190,40.289,0.344,38.655,1.634,54434.557,Metal Loss,External,21.0,0.072,36.0,GENE,20.0,,,,3.9,1.3,10:36,EXT ML,4,N,N,5.97,123.017,02:04,21.782,CMFL,1025,65000,E.R. WELD,24,1449.8,2013.6,1429.6,1985.6,0.707,1.079,1.0,1.2,2022,Metal Loss_54434.6,True,54434.557,54433.8,METAL_LOSS,False,10.6,4971,54417.38967155619
15200,40.148,0.344,18.835,21.312,54455.026,Metal Loss,External,14.0,0.048,29.0,GENE,20.0,,,,9.0,4.8,4:54,EXT ML,1,N,N,5.97,125.693,09:40,30.578,CMFL,1025,65000,E.R. WELD,24,1430.4,1986.7,1417.2,1968.3,0.717,1.065,1.0,1.2,2022,Metal Loss_54455.0,True,54455.026,54454.269,METAL_LOSS,False,4.9,4973,54437.32964157617
15230,40.246,0.344,8.855,31.394,54565.538,Metal Loss,External,22.0,0.076,37.0,GENE,20.0,,,,2.4,1.9,5:51,EXT ML,2,N,N,5.97,154.095,01:44,25.97,CMFL,1025,65000,E.R. WELD,24,1490.7,2070.4,1478.2,2053.1,0.688,1.111,1.0,1.2,2022,Metal Loss_54565.5,True,54565.538,54564.781,METAL_LOSS,False,5.85,4982,54545.497343338466
15230,40.246,0.344,8.914,31.335,54565.597,Metal Loss,External,22.0,0.076,37.0,GENE,20.0,,,,1.5,1.3,4:56,EXT ML,2,N,N,5.97,154.116,01:44,20.106,CMFL,1025,65000,E.R. WELD,24,1521.7,2113.4,1515.9,2105.4,0.674,1.134,1.0,1.2,2022,Metal Loss_54565.6,True,54565.597,54564.84,METAL_LOSS,False,4.933333333333334,4983,54545.54344854147
15240,34.393,0.344,0.722,33.671,54597.654,Metal Loss,External,22.0,0.076,37.0,GENE,20.0,,,,4.3,4.5,6:02,EXT ML,2,N,N,5.97,165.377,10:36,27.437,CMFL,1025,65000,E.R. WELD,24,1430.1,1986.2,1441.5,2002.1,0.717,1.067,1.0,1.2,2022,Metal Loss_54597.7,True,54597.654,54596.897,METAL_LOSS,False,6.033333333333333,4987,54570.869915680516
15240,34.393,0.344,0.758,33.635,54597.69,Metal Loss,External,25.0,0.086,40.0,GENE,20.0,,,,1.6,2.2,4:51,EXT ML,2,N,N,5.97,165.389,10:36,36.024,CMFL,1025,65000,E.R. WELD,24,1512.7,2100.9,1504.6,2089.7,0.678,1.128,1.0,1.2,2022,Metal Loss_54597.7,True,54597.69,54596.933000000005,METAL_LOSS,False,4.85,4988,54570.91179513273
15320,40.075,0.344,11.224,28.848,54915.102,Metal Loss,External,11.0,0.038,26.0,GENE,20.0,,,,4.8,1.6,10:58,EXT ML,3,N,N,5.97,222.473,11:28,3.142,CMFL,1025,65000,E.R. WELD,24,1489.0,2068.0,1477.8,2052.5,0.688,1.109,1.0,1.2,2022,Metal Loss_54915.1,True,54915.102,54914.345,METAL_LOSS,False,10.966666666666667,5007,54901.255430225596
15490,40.184,0.344,1.165,39.019,55586.936,Metal Loss,External,21.0,0.072,36.0,GENE,20.0,,,,5.4,4.0,1:29,EXT ML ( NEAR SW ),2,N,N,5.97,235.62,01:08,1.257,CMFL,1025,65000,E.R. WELD,24,1413.3,1962.9,1447.3,2010.1,0.725,1.054,1.0,1.2,2022,Metal Loss_55586.9,True,55586.936,55586.179,METAL_LOSS,False,1.4833333333333334,5035,55570.89734401832
15600,36.076,0.344,17.103,18.973,56037.195,Metal Loss,External,16.0,0.055,31.0,GENE,20.0,,,,7.0,1.7,2:48,EXT ML ( NEAR SW ),1,N,N,5.97,206.991,02:36,1.257,CMFL,1025,65000,E.R. WELD,24,1430.6,1987.0,1408.3,1955.9,0.717,1.064,1.0,1.2,2022,Metal Loss_56037.2,True,56037.195,56036.438,METAL_LOSS,False,2.8,5056,56001.390552722034
15620,40.062,0.344,6.699,33.363,56103.238,Metal Loss,External,13.0,0.044,28.0,GENE,20.0,,,,9.9,3.5,6:09,EXT ML ( ON SW ),7,N,N,5.97,201.804,06:04,0.628,CMFL,1025,65000,E.R. WELD,24,1428.9,1984.5,1406.8,1953.9,0.717,1.068,1.0,1.2,2022,Metal Loss_56103.2,True,56103.238,56102.481,METAL_LOSS,False,6.15,5059,56068.56808072488
15620,40.062,0.344,8.494,31.568,56105.033,Metal Loss,External,16.0,0.055,31.0,GENE,20.0,,,,7.1,2.2,6:05,EXT ML ( ON SW ),7,N,N,5.97,201.917,06:04,0.209,CMFL,1025,65000,E.R. WELD,24,1424.5,1978.4,1408.7,1956.5,0.72,1.063,1.0,1.2,2022,Metal Loss_56105.0,True,56105.033,56104.276000000005,METAL_LOSS,False,6.083333333333333,5060,56071.53913683791
15620,40.062,0.344,9.547,30.515,56106.086,Metal Loss,External,12.0,0.041,27.0,GENE,20.0,,,,11.5,2.4,6:06,EXT ML ( ON SW ),7,N,N,5.97,201.983,06:04,0.419,CMFL,1025,65000,E.R. WELD,24,1439.4,1999.2,1432.7,1989.9,0.712,1.07,1.0,1.2,2022,Metal Loss_56106.1,True,56106.086,56105.329000000005,METAL_LOSS,False,6.1,5061,56073.28204607859
15620,40.062,0.344,10.807,29.259,56107.343,Metal Loss,External,20.0,0.069,35.0,GENE,20.0,,,,4.1,1.9,6:03,EXT ML ( ON SW ),7,N,N,5.97,202.063,06:04,0.0,CMFL,1025,65000,E.R. WELD,24,1446.6,2009.2,1425.9,1980.5,0.709,1.08,1.0,1.2,2022,Metal Loss_56107.3,True,56107.343,56106.586,METAL_LOSS,False,6.05,5062,56075.36261294993
15620,40.062,0.344,11.847,28.215,56108.386,Metal Loss,External,13.0,0.044,28.0,AXGR,20.0,,,,3.4,1.0,6:04,EXT ML ( ON SW ),7,N,N,5.97,202.128,06:04,0.0,CMFL,1025,65000,E.R. WELD,24,1496.8,2078.8,1486.8,2064.9,0.685,1.116,1.0,1.2,2022,Metal Loss_56108.4,True,56108.386,56107.629,METAL_LOSS,False,6.066666666666666,5063,56077.08897034597
15620,40.062,0.344,13.573,26.493,56110.108,Metal Loss,External,26.0,0.089,41.0,GENE,15.0,,,,3.3,2.7,6:05,*EXT ML ( ON SW ),7,Y,Y,5.97,202.237,06:04,0.209,CMFL,1025,65000,E.R. WELD,24,1443.8,2005.3,1421.0,1973.7,0.71,1.076,0.8,1.0,2022,Metal Loss_56110.1,True,56110.108,56109.351,METAL_LOSS,False,6.083333333333333,5064,56079.93919799312
15620,40.062,0.344,20.226,19.839,56116.762,Metal Loss,External,11.0,0.038,26.0,GENE,20.0,,,,5.2,1.7,5:52,EXT ML ( NEAR SW ),7,N,N,5.97,202.655,06:04,1.257,CMFL,1025,65000,E.R. WELD,24,1484.9,2062.3,1473.0,2045.9,0.69,1.105,1.0,1.2,2022,Metal Loss_56116.8,True,56116.762,56116.005000000005,METAL_LOSS,False,5.866666666666667,5065,56090.95279541711
15670,26.437,0.344,0.981,25.456,56276.837,Metal Loss,External,16.0,0.055,31.0,GENE,20.0,,,,5.0,4.2,2:41,EXT ML ( ON SW ),10,N,N,5.97,204.358,02:44,0.419,CMFL,1025,65000,E.R. WELD,24,1452.0,2016.7,1437.0,1995.8,0.706,1.083,1.0,1.2,2022,Metal Loss_56276.8,True,56276.837,56276.08,METAL_LOSS,False,2.6833333333333336,5072,56249.45844989976
15670,26.437,0.344,2.979,23.458,56278.835,Metal Loss,External,16.0,0.055,31.0,GENE,20.0,,,,6.1,3.2,2:41,EXT ML ( ON SW ),10,N,N,5.97,204.252,02:44,0.419,CMFL,1025,65000,E.R. WELD,24,1436.2,1994.7,1414.6,1964.8,0.714,1.072,1.0,1.2,2022,Metal Loss_56278.8,True,56278.835,56278.078,METAL_LOSS,False,2.6833333333333336,5073,56250.98281575065
15670,26.437,0.344,3.855,22.582,56279.711,Metal Loss,External,16.0,0.055,31.0,GENE,20.0,,,,8.2,3.0,2:39,EXT ML ( ON SW ),10,N,N,5.97,204.184,02:44,0.419,CMFL,1025,65000,E.R. WELD,24,1416.1,1966.7,1391.1,1932.1,0.724,1.056,1.0,1.2,2022,Metal Loss_56279.7,True,56279.711,56278.954000000005,METAL_LOSS,False,2.65,5074,56251.65115633393
15670,26.437,0.344,6.063,20.374,56281.919,Metal Loss,External,14.0,0.048,29.0,GENE,20.0,,,,14.1,3.9,2:41,EXT ML ( ON SW ),10,N,N,5.97,204.012,02:44,0.209,CMFL,1025,65000,E.R. WELD,24,1404.3,1950.5,1395.6,1938.3,0.73,1.05,1.0,1.2,2022,Metal Loss_56281.9,True,56281.919,56281.162,METAL_LOSS,False,2.6833333333333336,5075,56253.33574081779
15670,26.437,0.344,7.569,18.868,56283.425,Metal Loss,External,17.0,0.058,32.0,GENE,20.0,,,,11.2,3.0,2:35,EXT ML ( ON SW ),10,N,N,5.97,203.894,02:44,0.838,CMFL,1025,65000,E.R. WELD,24,1389.8,1930.3,1370.6,1903.7,0.738,1.035,1.0,1.2,2022,Metal Loss_56283.4,True,56283.425,56282.668000000005,METAL_LOSS,False,2.5833333333333335,5076,56254.4847373
15670,26.437,0.344,10.22,16.217,56286.076,Metal Loss,External,15.0,0.052,30.0,GENE,20.0,,,,10.3,2.8,2:46,EXT ML ( ON SW ),10,N,N,5.97,203.688,02:44,0.209,CMFL,1025,65000,E.R. WELD,24,1408.0,1955.5,1381.9,1919.2,0.728,1.053,1.0,1.2,2022,Metal Loss_56286.1,True,56286.076,56285.319,METAL_LOSS,False,2.7666666666666666,5077,56256.50730680486
15670,26.437,0.344,11.781,14.656,56287.638,Metal Loss,External,13.0,0.044,28.0,GENE,15.0,,,,5.6,2.9,2:39,*EXT ML ( ON SW ),10,Y,Y,5.97,203.566,02:44,0.419,CMFL,1025,65000,E.R. WELD,24,1462.0,2030.5,1445.6,2007.7,0.701,1.092,0.8,1.0,2022,Metal Loss_56287.6,True,56287.638,56286.881,METAL_LOSS,False,2.65,5078,56257.699028255855
15670,26.437,0.344,14.836,11.601,56290.692,Metal Loss,External,12.0,0.041,27.0,GENE,20.0,,,,8.6,3.6,2:34,EXT ML ( ON SW ),10,N,N,5.97,203.328,02:44,1.676,CMFL,1025,65000,E.R. WELD,24,1445.7,2007.9,1427.6,1982.8,0.709,1.08,1.0,1.2,2022,Metal Loss_56290.7,True,56290.692,56289.935000000005,METAL_LOSS,False,2.5666666666666664,5079,56260.02906494686
15670,26.437,0.344,16.742,9.695,56292.598,Metal Loss,External,16.0,0.055,31.0,GENE,20.0,,,,7.9,1.7,2:26,EXT ML,10,N,N,5.97,203.18,02:44,1.885,CMFL,1025,65000,E.R. WELD,24,1422.0,1975.0,1398.2,1941.9,0.721,1.058,1.0,1.2,2022,Metal Loss_56292.6,True,56292.598,56291.841,METAL_LOSS,False,2.4333333333333336,5080,56261.48323977758
15670,26.437,0.344,18.392,8.045,56294.249,Metal Loss,External,10.0,0.034,25.0,GENE,20.0,,,,7.9,1.9,2:16,EXT ML,10,N,N,5.97,203.051,02:44,2.932,CMFL,1025,65000,E.R. WELD,24,1468.9,2040.1,1454.3,2019.8,0.698,1.095,1.0,1.2,2022,Metal Loss_56294.2,True,56294.249,56293.492000000006,METAL_LOSS,False,2.2666666666666666,5081,56262.74286341113
